label	root_state_w	joint_pos	joint_vel	body_state_w	joint_pos_target	policy_obs_history
reset	7fe4bf05d5af7b1479c235e5e1854f47fc3f9571fb259023798aeb5460718aa8	41f229ea7ea34b90e0dcef1252a2adfc015c994d89a687beb9f106729975bdfc	d025c9062614c57c97b46f1068f44df37cc5f3f8d6758dd82840ef1c96e80089	415d6135f4ad033c6a675f22a4318319457a3a97ed8e713a7388a2146e0fb3ba	990e1cf158a11a10fd272d70e525dce72105a9e2aca20f1b5799c168a72eb032	e15e1a51aa17f019805b8ccca5c1d0be5a0c93ee937a4df4e8ad8e7ebc94157e
w0	5297cdc0be857d25dd21970fd57426a22cfde93eba014c1a1ac5a40f3946d7c4	2d8442e1de351e4199293d9ce07fca6f92829ef6310a9a9443e10ef7bc560b7a	a0ea88753b24998e3714648a96da9792c590fd8c5f55293410affc040b86c613	ef7895936d5f8230837c1207c8d43c271ca64d13928a10b52dddce4147b14347	2692bd52a8b809f9b2b754bf6d4eb6269ea7a412d7a27babec06fd834b17f84d	f7b1d4e15472634f42a7349ae96c4630bb0d23eb6e4a5d941999a75b9d07ed03
w1	63d13ea3e04a5d02ed38190a4275960481e7d14fec1f9bb555845c2cbd079c41	86ac958ff916395f7c59b87848a2c3d4baf6c73eee7b2adfded91096f4c1757c	7bd5691a17964d6c5a80a1122f8266fa2d56dcf6110cf3bb851e099312fee3a6	08ef9fbffefa8e4bd1e54aafc9fa3d26f95bd8429723f704eefe4925f41ebfa3	580b233fa4051d8931bc431a9b74bf29fdd24c7c2dad890067ef6ae0d968d0cf	5ec663cd2f33e9a8001e066fe1116ca77cf52b2f592f576acbef9092bf64e862
w2	5ab354136c4d8266536aae6f3a3e7a2af6c714687b23f49ae2ec803d6b3e3e90	f4461af683619b70d270d9ddb0468b9b401fad55ac9bdb981ce541dadc6481af	97c96cb40af0948adb7c95a715144e1237fb67c646731c15a1f9dd4775399d05	dfde846e137a6eabf96423a553d694815679102fd31fff86e017058110c2d006	a2a415de990ced945e7f62c3364d74b71a2f0840a19303d4973dc5f599f5d2af	e1df9be4ef7b8f04c230c045733476154c83988210494ba6fb3c5f126e979cd6
w3	8979f3fbd03cf00aee1daed2bf8ece811670c6b059ba180471ae97f703e27e77	e608807148e3c3973b3ca7f2ebadaa9fff1f350795eb38b3edb34d126275dd7b	d39fa40014c3aca43d390f7fbae51bf5badf63c86c0d733b5bc104c316471ddb	b56b5310fb86fa0c883f968dbb691cea7011e8eb54719212f0ffae1664721ad7	05398c03f898e6608df8d680b4baa155e681c6e38f39009c2c4563abff302d58	06406dec9ba0a072e528c21abfa62e00051a3a1e005c63c65adb47a97193b91a
w4	3314c1248156227922539cced819ff42121535163962cf73e02039cbb772f978	632ed502f6d7231d27cfb2d1d614247093d7e821cca1a2068b975fce06462fc3	30a55acc39e8c7d1761fc4f9b7c422a16b2b072b5608a5a3dfe89f575307caf0	9e00db26b2f721906825f8a44a0e5947f4e49d219b19f173407bcb7874cc43aa	b80d8d2442465b19f1524186825015fd1dc9ec9a7728f7102391d70715a6ef79	b7685fa630da68b6e45ab7b44891f4649ab2819639079284d3015ea4af73ca7b
w5	3f25d64d65a265020a9de7894323f306c443f15710bb169477a7ed091ff2d3e7	4ba9158cedbeebb69790663d415f584cdd121e06f6c91b5711e5676c1fa5868a	c711e9373e9e1868c5f9d539714c572cd29b2781728aefc1d7d2c2b79af23086	bd814eb7e50cad17fa355f9aeff6efe44f479d2f8d6573313ce1b3ca7bec98c9	250ee7ebd772d843fde7bb3b44c9b87c50198e265968df5ace5ff448e0fa0e92	2ea323339bb6bacb45ac949d7f7d59d52f9cdcd0e1e452362912d3d0879ce9b5
w6	21b95f6f470d844590b4b50cf75c56c01047547dce5bdde6207abd4abb6ff69b	319d2ab4a13d5e7c09f8ee602600cdfc40627ffd6af38a56db942e216db5eb7f	f903fc94d35feeab36ec80e6a7f7d8bf30508d8021f150fbe4d3b8c75fe542e0	431c16e9f96098ff9ce06a1b4d3596cba30803fa9c2d9ee54dbb0c8a05404a87	2778daf944156e6936f1963a3b0f8057aa9afe39582f7b862d38b2f6849d38ab	09a884ff4ca05665e7e03c67854971f5b16df50bdd2d421d542cb0fd1904ea03
w7	4781ce36565281a40c342371daa4a94607f48a8669e03a794bccd85a40a834a0	0f06562f0212d2495119d2abec620f7b6e881231dcdd5ee158bc24e1d175a666	f1e9216c8b6c132ed015db8c5952600ee3e8ba79a27c8ada2c82360841e9a2b8	85f5a332649c4bb9cab22011d9cc00e8cc016b60811150a95af20e3e0d3ea85d	dfe1b816239a2c5d91e4cb4cb5b0e3a967b49eeae8cf9b15b673ff88be2f8798	729620eb0b0ada7236b07b571541758b2f3012a93debdb158b159af855b35546
w8	d78b2f5fbeb63e8009cfa1cc95d7278727526a87d5998bd3db66988dac123beb	69e4a75747929b3163c6c999b0f6583eb038b3e77ca7ae5c71aa8ae0f6c43d5b	e3209051bc251fd936cc87b0df633ff60c3a08021ecbae6b580b76d94e1bb80e	2312e552c8fd0e1a54b55d69c8efc5bb84935c97c108c7bf09b6bc6a5792e855	ccb06118e2fde57a33e898353ff62e9031e96a7d15b9e61b3137de70ba95e245	d475181d005d47b0631314d80bd683e6f91ab408fa8676ee739e8a164b341d42
w9	3fc8f925bc8e9b5db17b9c36aae8ee8aa20ba2966358bcc6e94f922dd6d7dbcc	13e902e435b228a696b40e49ae94dacb98a400abf05391b307384f562afe3570	350fee590b780f8e12bdcd360031bee85e5556e4cdfeeaee65aeecfe2368a4ec	7919fd6b58d2ba991b844174071dd10fbf8c6601a46980ba1c6e82442b1c8b77	451c7a6387fff4c57222ef36a30c619ea09d005f96728c26c59d6219ccb36858	e0794bb2b559e4d89aa329d39a84304326b1407039af0681f60cbc065a1ddcc1
w10	0487dd9170808bf858b6527f85cbea27bc9058a3ae16d54b88a93a0955f977ab	1de3dfa881f013581b36f1d9b5973419f12ddc159325e306a6fbd0e2cee7f371	dd1715c628f5292d50b18ba2e19ba014188f304458a670986cc898ea9400ddc6	7300e92fc6f255c49298a6bb91690333947e927d4a25c68ffc2dcc87324f7687	074d36bc87afa08cd9aff9de6301cb8cfadd0493c3e90b2a827f656e9ad513ee	149d0972a3064543824515ce2e8b8a5d8cd7cfc66b3023e50e615abbb31026d4
w11	5bb9f22e46e8baa7b3aea9ce95a6bf229e1ec6e397238bd8624f8a47d71dd9a9	18a5a2e1e1f62a51f003cca8a872a9f710826be5487d16d0511f9ed7fd86f988	48d691427e8dda43975d20225cc4947fde23a89ea98cdb7acff9630ac1094660	c27bdf956de523f6a88368523486f16d17d006dc6a1b21614b276d72a33ff727	4fa9127f1e14a04ff3fa539da218b5312656086b18d93446d1e8ecce9cc96a9e	9af7689c5da8647fcd48dda3a42571a058fa85abe19bd19026230c909d543b9d
w12	16ba7c1d515b8b48ede232290ad316aa7109ba44f1babc1fe59aeadeaa673684	1e18855d9e4de678202531b81afbe5c85b127ca327c7eee27594c7a124d13620	f348d8c477423ae9ab488746cdfc7e4d00a262391b6c435faed85781ed2e0c46	34e0b5c8c7c447040b60f31728ed906d7aaa9a6d289226a5f47b5acb90717582	03b2fe6601f76c1780288c37f7786dbb88f8d5f96a2c3b2808872dc153ca5f27	eb1beefc1b4efaaca491ae500eb41e0d1e1bdc18c499c6b4dc6b4ec31d36fe28
w13	3da745d6d66d968e950b15a6cd289e32b66f5a787a7742f1cf82de8bb81e67c4	0b627dda9d2460606208314301d70a7cda5b589cecdc22f1780043089889ef79	1844f759a5387278674e71a4d3270155d0768ad59bf97ab651ec4b8452b4eb3a	6c8fbb45883e10603965d70ac22181899bc4d031d5330ddb896ec25a3a6c55e0	79a7c1404e64fee4d902e9320b28969e838c253875e88b397a20e43ac90ac1a1	6b74a688c81e58d5027946aee8395fea38a5f06af89375f961bb7cc6371521b0
w14	22654eb8832a227c856f15e032519fedfec1315b3978aba0d1a4d94ecd66b62c	0850fb28dac69861daa7d164498e95b39006d304eeafad044c8e188856abcc74	16f4b886bbfb4b0218771b3055f6fa9d4c374e3b1b982a33be5ff65a01ffcca2	768035432e5acb1ce68bda8f5c02bd23f30eacec9bcebedc5101ab4591bce2da	1f58db72124fea085c5693203590c26df792f66d9fbf21c7731782f7359a8faf	bdf8d02157af4986333d50f377eea11a8b7e723c32877c5d56e32f5dae8b4555
w15	ec1b44ef8ace6c76d74964f141ee61a4a5765125adf6f89340dcce98a317cea7	8dc62e2eab054ea12ce7d0811dea9b18e1c3ff60b2bfbf53425c0236b5d34b7c	a001b889504afd31b96721e9e194eb52ba731fb346df8328dd21cad02ee9b865	eb66575dda96571341d8cd8cb637969613a4e7a6b5c91bbbc20e380dfc4246c7	a7aeb0300bab9740d8e98cee39bf9c7633957d4d7cea2f74d9ff06a1549e763c	349dd01eb7083f9a37a1e459a1069794b12ee4641803108df81ff73669cd7d25
w16	b2249d944a5547b7a1e92306908e959a068cb79e61d578a0abb8827d5c147b33	cb9493f04a2d76b0010d7a5980e26bb99791743f878c9317ab6adfa2f75a478e	5d38b454719b12330e3d74b00226c12ed99b1accfed1afa13c8aec61c051afb5	1624f72677915a2433ffe3141eda120bc9f61151683268fa6653fece06dc80cb	c4c324cc0ee0a5744ac74f558b1903cfec7ccc39ae4daf69afd9e1b5e783d957	65e1a3b6298cdf77bc09208fa2cd3baaa895b34d540c4dc30e95ae6c5d27c071
w17	3f33e6db4d0360b373f1f0e527472ada3b23df327b005fa3f54822bb06414b4f	0db834ab6635b2ad5d02404a603803a0b56995d0e6ee1c6249c5d731fecdec39	c09624df026f1723f2ce859b4792bf3d770e3c59791a2e2fb2d399bc372a3183	beb8c32ec500b2a4d68795715e95af5ecd35efd3bc6328a8857565e2a8ef953d	9f23ee1f60158bb7d401ff544ac5bada9480d9e6341ed52a27fec4cb0795177a	87b440c84f39530d306527ae965b01e6aedc2a294811fe905b8121ed042efde9
w18	e5d462171c20306dae97f2dc7c732f922c7812052424f01514ed29d169ad1a06	54088087c29a8c37d3dc84f28a5e9bcfbe8637aad0a341bd0892b2efd6d29cd9	33ac184264abb923f10e9476c51dd6bd1d74242679db8dd41cdcf8833147ba7e	61ca7cc5f0bce47d39d484a205061094dcaef198fdff015c49eb58273dc58ecc	cbe9e7c3febaf20c7374a0ec869b62ec1fe536e41dfbca4de22b91da980c3f93	c927d140be847803c555a0b0c0428dcb8e3a1ae9e881b95f08073514c22790d3
w19	107f71373701357f48024bccfdbda911b80e9ac5c8c67cb40576ed8658bae90d	013d9951e873083ec9dce0f2fe0dea97119d5695ab936363e7900a7b9cfff814	880918aaa001ddb3a561bcf36666799eeac17d25ef3d93be269cf5a2c3dc162a	5cb305e7a2a87c427f6fd1a2ff826aedc5a31eade29d19bc399dc57e427b6a0f	c2aeff810d64b2d43996de215ead09735d2060ff6445d0f141f25cb05d0c3df3	fbbbfe1e698f9e43f8e290b8edbbc78123946da74873453706c8738404d96ea1
w20	2a2f7a93fbd235e101acad9297455ba58dd79740d395a0f001d35899c89c1727	51f648d0635146fa2e8b654e1a3458d39a8b8fdcd4385fbbf197723087b2015e	723357e43321efdccb0a1616534cdcb576620927d449044ab48d1c7fff3e84ab	7df71150c7e9349e6a5141834ffa5b4aecdb2ed03e38861be74782a9a849c262	cac1e77f2bf422ce38a37d10a2e9f207cab0a6c6391f0c9475b9e7a553f642a0	480b6bac4223d8f3b4edcbd70f5934969ef25d4021836479ccc03656096a00b9
w21	e059003ee6c4d96e4e2d993572f4b89a17a0a5d8fd23237a1ba5403360dcd6a9	3600309ceaaf9f34ee47a7aa72949b6e0245e9f07e128ba7d2233e2101989530	ba04c2ae5b1623486b3a7db6e517a9b8e5dfb3c5800480ea62dbeecae7ff3cc4	b651db8c5d8889c852e32438f88545237a0b6e31417312c4ec69c32e9b4ada02	e42ea274a93dab6a9fab8479eb738d5685a500aac741c45dec86bc7804e40c4d	e379b84c1d533974b6639afd202f39588ed8c83bd5511a9433417d05aeaef211
w22	ce0fd46b51ba06912a37accbb8d41cf73a33f0125ddda39eef6ed37fac10b7d2	72e582565ebe21ef1f6a48dbb9b1505e8db9d3f01b1b159d8876d09f1a21f64c	146969d9dd0ea92967ffbf357abe941de979450e6ef5882a90600a236d2b0ab8	50a51805f3851b13490fe95715a727c8fa0131ba88abf96293ba6446ec9c031c	eb21e8bbc31c66f9bc2ee334d8d3594d56a07c9125002484aebdb1918d74d75f	9773fa1786d10534c760da5ac5aa741b0293b90516c9b5aa6c8285ffd6f92dba
w23	28102fc96ba355fd8bd9e6e0c1d70432653ddfd62f9ac5b8d345dc577aec4036	adfae4d38dccd3be85a2aedc3c196cd5cef3e944ef1185dc5879f0b9d4a3b9ff	3d76d5952a3ccb09f0b2d1de0080ef7a6967ae2b853b86ec0e3daa9c6dd04dde	5c8dfa3faa60a1b8a018ca157ab3851107804bc8465ee6cb8232ec0faeaa0d0e	7b6fb39e735756960615eda1f3726cf8f60a83f224b3b30f5955ae2cb1fcb66d	784a6d5ebaac3e2a7c3af597e24ad80e006863b3c92cdb37785feb7986c24bc9
w24	0d239f3e434f6c23aa2115c60f5ee65e5d58a9a260ea4ac5a8c6b91f89ef367d	f0b16b326f10488806e17f2269f43688e0b99f113d8918589c1f81a607a37476	74ccd4ff49215400dc224ed40e1750b5501ad7a5ef952e1dd603b78c9363d436	5325e90d704a6a04818bc2dfb8247645d300cbdc09f086c9fbbc402f79dfd4ac	686d65a2c8e4ddbcf7622b560c0992f4d780e41c661eed8fefc590d61f009c5b	bc4e084123ee0752cf9f731a7a36b2a5812bc2ed933316aa09830d49dc54f9c9
w25	8fcd984aac002f8c211310e1109f98b5552cc48f0d8aea32ee79abf8424ac2ff	927237057002a37c28c4c2fefdb33029550df570b400d99cd3914f96038ede06	d9e77b59d95fea3dc949d87aca30db128754c66d6e1ce14208066a4208a4036d	78e058d80dc4d12f880fe3922583e604ff7abae81e599480a23ee90eb6b29075	2a71720e3bdb8568d1191488ee03474e1805c0eb59baebd5be607928d42aa9cb	204d2553f850d5ab799b9b2c5db1016e53aeab2360736ae46763f752bd6d72cc
w26	8cbb0f6f28d89bc22c40190d5122e513906949171fc4b9e00f2047de01d8e421	594d64dfcac122b934362f2339e229c3df3aba54c6b09bfbbc71c51c83dc643f	2e4e59d3e8ea820d9303b475ce334add104cda415bc83ccc0bc5a8855216f14c	2eddd49b49e70aaebd62aa0f219d5e5f4b363ace2cd63fce335669986aa33b8a	d81c78a4b2787a33a68cc5998d446f93b4e39c4f10d2ed74c7cf86f516493978	f1558e2884472f48ef571e544275ceaa07786693c3cb97f6b20aa1cc74a61424
w27	5ee28209964774573f69fcea49533a884a9b59e2df06d827aca58fa91a4d1b23	074aabe209c4ac628a99e689be9c6b30933ba4c10ea782f4a2a10be653e2594e	77ba1ada4168dd3c2e727fa9aa6e7e9e16a447255d99812d65ae6106c9ddd895	264f35d2fe6f3956696c4e3f7a230d413a43cced3f1686e67b080eed5664b383	4ed055dd494477e7a6e620b05058238dc00e2f65a1772fa681192a618a96cd45	fcc623e36b4b00292472cba0676858ee05d02ad773ec43486485bca4734dbe54
w28	2c34a2331cd089d6e4bdf70b1c082dd15da89fa4224b6bdb031d915939d69d7a	92b292136874fc33bc47f1027528bf7259067358fc60e342d2d8e4d78977ce63	348e1118c4ff189f8cca20c32b2ab4bc982adf3fbafb4c3192e6bd5899106478	e4ca67cf221456ae4b58af673964880e8721511f41700ec83f0f66778fa672f3	29324f95d2b969849bc115d294b1768611f84dfb6ac62eb4133a3fa5281cfc81	06ebaf4f1a430085e281fcec7265f6ed79b62e8783f6dd428efd565fb090f37a
w29	8d59ecb48ddc30c4851a4e2242110ec511358baa7f26931ef99e9db299377774	95ed46ff05cc23bcb2944d3316deffc1475b7d71d742e405ce66d774f0147611	1a53585996a841eb63d0f243663b4f9837c55041e4131243f1c05ca786919581	030c6686d6fc6a896339f0aee36cf66b867536ea80a89a4b48c8faf20c22db5b	ef0b4ce5ef0735636c454d582b6450d85ba51939772b59b9a8183cc68f0173f7	c3c68a22b66568182beff2a7924066397b618f1bdebe7e40715037bcf9186a50
w30	aa838c0b4e49e782b0c081d01572c7bcbfd0abe810a1f5ec0aaba66e50572966	126f57137f7b4c41b453b71f66715f7559145fada1dadb4f8114327bc12e65c2	b8f50ef806d19fe34a6128385daa649c7fdab292000f37f8ed63e4d802de1367	215d49c60d400c99a56e82d0d8f3a75d40b079429cb6c4f61df498aed459010c	d526fa4f96e9aadb15fcbcad9bc41d2bdbde2794c9a019057c08b57ec0543f13	0070d687c18dcd5b351030104d859b5254d7e8d62c3d58d3c48bedcccfa665ba
w31	6fdabe56d1dd82840bb708e60c0149dc123d9171ce8359e156ea6af2041d9255	dc0c8a91b1559a8dbe7f0cc6fbb92dc6f750ec00025423452bc7d6ac9653c769	c9a8c9e334ceebfe1eea9ff485d9973a019c246c5e4abcdc810a46cdf64cc363	3bd01bbd701355c170c94b199b4a97926875a2bd5515ec9e159d1647abb09be4	96c50051e991dbcf535db24ceaa3f811bddd78b937744b9e0e76b781c650bf8c	53b56773ea8383ac2e5838ef049bb5d78df744b42b619d45d1e0a7c7b6a39882
w32	6c7229b5c504cac584fd2d2275f8e7dddf33129ae38880bebfc3905fdc3543cd	1942a0c1320b1c3dd3f7360b9e46d4d048bcfd4dac0570681bb751d5cbb245bf	0c7d184add1ee8d911dd4d7d2a4ccf40224cd6c674d22d05942bc4aef0035906	6d37d81f30fe501cc92887227f12db27c569dfdf556f0298ace7274fec5acb51	4829b3d3846d000b77b03689b0247586865c0ddcee2abb345ba5bc3212cf3126	2006782ea5bcab596a7144c33effe96f35a01476f36db119781b499c8dab644c
w33	34c051b99558da16523e17fe9d2b655317d545afd51de319dc8426daceed3796	4b5b0a8fa37c9a1760ca4c284e0a5ba4fbf5ba9376befd33aa35373f2d0e2b10	6e713219be0b829e6cad580b75f2f01afbbe0ff4027ed750eecc92b73e086073	8eda86e76b449ef42f8e67e2b4f50bbbc86cea67f91ef50b726f6c2a1d01b51a	8f45410270512de9dfb0f000d197b722eeec92dfa190d439cb1a064f4b3492c5	4a59df0aa6e3e9722393d7c0997efcee207e41227b9345a6b014a48de6de1d45
w34	278e79ef6165d4d8ab63a46ab34560d978cbbd9d101410cda418a951445ab836	a5a81fadfd39ae3f72a6b40b18f3fff8b7886a2c1848b0fb50ba0b5e94061ac4	c2f6c017f6c4f305e6cd220f311161d3a110a02bc69057c43118284e1754c02a	129c11fbb55c558376fa116ffafbd331ac560807efd0e12d6c8baefd83c686e0	3f874770e1167b258715a6b33a9500273326ec7b6825d557d030acab2ab54be2	db0d63d7d71084623a82eb65ae1112d211ad08fc98a28e5ac5a3b823872bcecf
w35	93ef1a390d147283c37d6dfe1b909b84d2fdcd6d6af6cf536b8a598f8d2b1c5a	76540fd617802cd5172c908cdde113b8680635924aa047de993179d936445d23	87b131ec9267b1530eed1318d4388600f2d671e59277e3268f5b13cb0aa3820f	cb10f4251355877ca792ee4d8aeea5cc0a2a0f9ff1fe0c2ece44f89ae0cd9539	8728a227a608e923dbec91eef7b602cf6431d9e320655315022a1e73fe6158c7	f57e13402578184bc81cb90d91d6fbf0ea0307b9b11dc5d1931f422781fd50ef
w36	d3bf5bbb7e14b21cbf885712972cf936b364ff8352e1d31fe708ac477b011b29	daaca2ddd25f76b8819cf290b6f3b704c540c41516880e7fa491872c720b43e9	5a9584998c152b6ca987b4a7c55e962c0dc51e73090986564099d442a82503fa	8680dd3d068e386db7801b6c9dcf695b84359704fb86f779eebb602b9f78b6e7	33e214e2c959a647ec2b7758765d659bfbd2563cae71b48fa83a357abcd2df74	edcbc19452500cc443ecbaef96e022cd932f101f296774c9fa65ae05f51e96cd
w37	a25ac7271d6adcb8e5eece2bdbf3637c9d46d2666567ab264b8ca72acb31148f	9c059319c18c1e521ce2136092323361bf667e96be56eb80f32bfe089464c123	4f27f3bbaa507c2ea299354a6e6b13e3ebe4ddecbbba2683368801e7b971cbe4	25336a77cfc0b16b8340d9078c174a4af8a27574ec3ea395fd204c7eed80aed8	d19c3c7cfc51ccfe8c5da51c1ea520277ba49c8cf65afe1a0526a36c6d848b0e	360050ca229550d8d8a6d229c9430e701939741329650a113857cea962fd12bd
w38	45adeba50c9232c52508af1f88e4bf0bc4e5a38f3a698416f8c1c434a87c0c83	7c974491904f83822bca089acf74418529e2a0eddd58711f9783018c3b7339f9	98fd549ac9b11efd3418a5b154a8c8f76b9c6e445fcd2df6977da27fe0063524	b81109d7321c214c04d6738d189cb6f46b0e24c5b74ebf424a7bdc24566d93a2	a5dcddfd18d5078b9d321fef399d0ebdc2fd67124bb3483f8865c2900ba7331c	cceb389c0b97396a8c61d7df8d3713eb6c80f19f12821f3aa78ce661b2266364
w39	7e599fe775d64e3fe269b1eeedcac043ed1ebfbfb0aeaaec272b13e8613e6380	83a365d435ccfa369f04fd1ab2584872e2e80f30f65eef2bd1a110b365a9d7a2	2c285992aad1d61812a784df5565d800e39f8842d1b30ee767147622d03ab20c	8017822c5cdc3073687fa28d3ee2dbee758b96f4042f587ddc8e40493fa79094	9aa2a0a6a94efe732e89e3b89fd5f8bd6e78eefdbca0d83f0454bb7b512a372d	c732ddffe26832ebda4633a4380eba1c50973ee9f89c1853c3a75da4efaf2a35
w40	b353756ceda5ca96efbbf7684337676692554dee012241f708f7ea528db4cafe	245994fd8d877b756c6b2be9ec1e7b27400cd1c6388e9c8a5e83e274c94c9fcc	1b565ccc6073007d227dea833d7626f2143fbd4ba24607b9d1beef10cfcac490	302d34e129e5066f0936b832858717981376e7e6fb30d4bfce1fd2a6f7b0518a	c6ab0f42750c6ba65d93658d3d258b3c3650c48ce67bf1473b924e866ded3bd4	1d31355bb7f2b5522abf1f7a9a747e02e2a9a3c1a5658ae903d8c8123450df1f
w41	923df76df03c8adc5caee28ace56e91fedec70c6f3dcfa89e87c3ecdfbc31c8d	28611fa6ba582a5af24e2f7eaf4baf7527d7adb3737ecac15505448c7d60c133	c0d7d3ce5e4136382d5530d8951c1eb37bd0dab327a632ac64575b9408f1ec15	7b6787ae6f12c88f826062654d31902f36773d1a24b167296c9fed156f709fdc	6095860f147b48de4155cbcf8ee9d81cc571717a104c7c306bec19ca96c82af3	2b2da7bd8a9c707985f32117e8f7fe5e658569096e39c51f106799830a77fb69
w42	648c2794a97d153f69ed2bc0d02794024639687f9ac9133eac193bd9d8513797	d532c689b92b702c042075e603d15a6a5e96068bfbd68a1ee258ffbebfa1717a	d6546030a52f5550e4250b34792d06ca23bef51bd16eac3dc63cd0c62808b318	de7b78d557cfec51b93a5387fddd8076ac509533307fa9ea1e39d45e8ba011cc	2b54bca83382038055b62d021a72b291bc5d41346e676d6b706da2bdccc79286	de56529b944f8c867df85d0a6e256693cf6cf591177f899c8191c08aa79ddd51
w43	7c4fb4cda474984cbc2f6d461f527a3e80d5f7769f18d845536096e89da097f2	c0eb293a043bcb4972bf6015f96e43fdee20367bdb15a03cd9bd3533e6b830d4	86c215fc0e50b7114471023a56048eec2e696ba3fe2ede7f421a2f194d14cdb0	870fcc1c241ac72c26b82ef49af66e4c6ede4d900f1a0839bc5adb59aa15bc5b	f2d4a55bef674dc436c7c4cf843282808246d5d27cb20350546b06df74dda7f9	8c9ed439f7fc43694af8b156c852f3fed0aed575d9c90a37b845b5ab4b6d39a6
w44	0b1c0f063d538f44d16d3374bd2a3125b0b6059b46e66c82c0b15de010765078	7f8b493f80349e7cbb77a932ad8ab0d198fd10b7450c896a6f28d36817f07c14	b36247ecdb26c40b57bc09a964c9bb3861fc8253b600a50827ac444be17b453f	71329b82072507f53de4f52c168c5ab5853a28d939d232ae36531447fd105685	8c1a29731fe72c0a2bdb05d53a2a2243ada8511b61d44e7ef20c97b9a15098e5	f054f16a4ea7ca06aa987272c9b734e479605e689b02d43de9d051fdd468b89b
w45	ac70984dd4f7e67face704810a7dfea1dcf3a0c816c8333e0f924578a7647701	2a9a9d5f9d1f3e47899ed24a9563eadc86aa1b4ff9fd400149d5e1343c33210c	5ef4fe10001e8c0814c98e71158a4b32f10923c7ab92b47ce10cf256440ec6d1	8a58cafde93daac1784b4e940ce4c290f7968ee69a76c116aa3d371fdf2208e1	857ddec37d1150a9d384acabe1ded70afe88c97d11cfc05c730f462c53985b82	ae1de3a76eb3528b1247a0a91f1361c002b42605a253ae924e4249308d001f2d
w46	935a22ef188773f266e334f72abf4f5b166465574afc125bd2feaec526ded948	54aa66edb5a6a81fe119df7b3ac2e6d143ea744181b84554fe95c2ca3cecf63a	86cd25ddc90b4379f6b3ff4850e1f23d1ed049ad371688d7a6f9875a2bc63ceb	fd4048d6ae079778dc735dc45e4933429e930bce76c4562538c5af890eb75cfb	cc1f4864d14876916b971b3a76c7174a1d82afa20fda84838462a16905a1d797	086080f3e4d2e4a611c93877b5fe99115c1d022baa63fbfb0f7bdcff461282a6
w47	801e779a78dded1cb644d6ea4adb5f088a18e3215ab85fff2976ee6e0da06cfb	e833b7cbe439b611062ad51f194af9f80d3f6f7595ed8abb375d0111d9415b56	7898617ea2d8ef214ecaa28653976825488f2a5601e8cb890762ccd0bf54ef63	b848302874e8efd4bac5bc3084c275ddf0be12a07587d0edd661bfdceadc2bdf	ef51a3f6edf6e2ed8d07a62bb96b2aa1e481f53df582d0521553b9cc7b87af5f	390210062f657d7cfbc2fba18d030cb76197e9aa7c47f5c55d3b5d15a56b3590
w48	70a3dbb08aad60b21b0d502def05ffb68e822f8ea449137a0e28ff8ba15770c4	0b1c206ba86f4da891e8c9242b19c05b655cacea9222e04645e1f8fdbc6c20aa	7142acddeb06b18f7761ebc9dff70a9a627e676c157e7418c164073c82cd9e5d	65a77f14a83fc2885d69662e8714d00d51815287fbe90de527984b6513f58b56	9038c0f1cbda5a6bed2a4386532b368655f80f4813b70001cc18f3506d16f1d8	59a4728899b7b02f903897e4f5d2db90d3209eba7d0ba044454787e6476aae64
w49	8a0c157be6f62e3cd84699b0317a731dfb5414c2beb7263f64869f82420f6e66	b49791b9bd20899d3667c67a3e7af9161e3f016a8df7d613e86c253992d9ffc3	1cc6d88a8cf34ab664a1079a777f921208069ca395f809666a15167d37bfd9cc	3f20f354047aab67a087163d88373b1c8b2ed2afc610e31f42492702ea85d9c8	3183f265614fe780ad4e05f17c86ad08687735008892d682c4ebf478e7ad7cce	982b046bf6b47d8a2f37a69744d69d0f35764a8805fab74760e677d43ea9fc0b
w50	89daa07272f683a4bb5a1002aa80a1196c197239e326b23dca1f8d6bd4400946	a391d7d87117c4562314b572726efa7a1e6d28493760a82189e7ca738853e9fd	306ad5694adaaacd23e186a63cac8608150c749b43aeb3592a08b44daf8c5bab	eb42c04f36d85b9fc0829d8f42b69c3b188e881500c4f2d7e55f8a98368af33a	8a03ffe9d5852621d4020713c99587dbe0de6f4e447e2a4b65ef1d4e6ab796a5	61887bdc127e889427bd0df11f3c9eb5bc8a2f5f8eec77e44577606be0591a3d
w51	c47963391fec48a651125e0b37609eae46a0b3f38762d9a442dafe75d303de93	c7759634a409e205c3efad43e1e829d48bd0ffdaf019e248ba9765a7a7ea047d	21962689f60a6493396eac58982d66a4a190983956bb1f3bea3b469ec376ea59	dd674ba37c4ad152d2fa215352cc11c155241c9c6b8b8a01806bb3a237e08564	75a131490c3a9d764de3b89c70c267307c7ae262225f9de0a26cc60105ea0ac6	c21ae1e17218106e4bc5d72272b2763ae2a5bd8ddb7c818775d22f7ada4e6a3d
w52	50035fda3f8d3a1e6f9a2e27a3a21960f765390f2ac4dcc6fa78d41f5267ef3a	9b636a26f881515a27e0fb20404564db8358244eaf11012a1c790496d0fc82f5	bf407bb6945ff1b6bfe7c49db79fcd66e892ecd43fdfb2b28f94a84f7965898d	bf0543c147c7fa5bf6750edff5415a3137481a55865d0512e9d89db2aa8ebdad	d83d46006cc89287c43b71286c4e57de3cc831e8f77cfeef5dcf96763a357cd4	42cbe31682fcbc3bd9012f404be315bc431fcac4d105684cb1535c97dc28dcc2
w53	266b3a54168f4609a12fb1549bed94f8cabf43378b34f29970266861d41bbe8e	f6fe726c116168c89527d62dce54d1ce9ccbefdda263c9df4b0764d4567953d2	854274b27ce46ffc0cbdb085367b70675d5088a372300189bfa0704d19e7fcb5	c12352b71a985ad46024957d1a2521c0ea6fb7f56185bd630b0b5b3bee212f13	53a9202e245917d2328374de62c2439ec1774cff18b02254917756cb51bcabdc	164aa97c8a6de4c6d958feacb5e7659ef9af7825ba6561483ed9f4fa9fbc3b33
w54	02e7be991a394b5866b27b36381b2067e0adcb249a1ec48b05d91be0de5f0846	1ce597e2c4d6e43c37a5dd5f4eda43cc35da3c572aac54d91684546049e033d0	302fed3405f5f99f9660e2f622b68b9524bdd0655cc9cce5c5ebdb310f28ad75	9a1f2e3a94743222497b699bc633f991ec9652a8ee88134adc57a23de46cb66e	66864692768aa3fd183e2d6fbf09578a80bf9a3723cb1796491e594d0be2fa3d	a5336fc486ed79dceea53f2d1b2dc84e7abc21435fb447817774d9e815c33e77
w55	9b0e0a3146fc3bb2c992659d6bf2ca91759e5ee004404356fa971bda3ca966b2	da072f42b2426c68c989b2d5237387741e1769260247d780252cfbe4b6db08b0	2ce4dd758b88e432a11eddf7871b0f71b7691eb995e0081ec69b6ada3f33dc95	b65fa7a273a2436981820213198386d65b69b00731baaad99cc6301439afd5cd	e0477e81d0e52600c0c4d38ccac60cdd56c00fdff1eee9e64ae72143c603376d	b832ba2442136b893cc383b8c2787c8a0fdb3225f7408235e7269292cc0fc35d
w56	e071caa9b35cb31345216f48e36e011d9b87c9f781d6638de6c7047e0e6472c9	b4b2c8f61c0339ad052514caeaf02bf28d75c245b00e4798783e741775934a76	7913b881a65d9fea8b34313c41de171cbb0280f2532cddc1263422e30c29d1ea	4c5ac6c18195da072c8eea94f336276746120246f3840b4849b8b01b82f2753c	5d5623099b9c3a5c730ed32e367aaf4c89c645fe98cc8520a3ac3b48e51af711	4d017aca858062d7c60dc881806ad186782504ab45b92284d19004115e126ea7
w57	e38b638518ca3ed3079297b1e0c1a08a369298f6001a40f719d2ed803eee3eb7	ca073bdf0e6ba10ba9afe83b08ebb0780818e6437669f3f646a27bb5bff908f0	8bba3a06778ccd17d0355695b11e401158e22cb34c80f082abbc701acc934f9b	94f227d5051584e7bdbc36786feb60b7c1e02f28ddead7c7160b352d9b856829	67991137c873bff2f86677305fea30ec56459e3bdd51c84b8e68c534fd3ad565	1c6858dc7bbf24b21ca2e6cbff7806bc3dac7567aec5fbe9c362ae003f88876d
w58	5ce84709254a3165255321d402bec29b64aa4c2462339a733a06504ac608284f	47c91eb8949b5d922429ac9bea2f3c80a46b6a80c6542d29feae35e44fd032cf	acd921dc3bf3472105934a594f8cee8e084b694684c96cb53c920339515b320f	c5b3c801dda6702144c32c49cd495564af815443e63af7e3e38cfa0fe8101cbe	4dc0aa90d0974b6e7e795cf1a12d60cbed45774508e3fc3a45ceedd1fd44223f	c580228d51d890dffe2b6879eda80ce6f3bd7cb094de8286d24c6dda3396c11f
w59	aac24a21d7acb5fb4a95d44e30eccf24ad5bc624e3d3044578f5f2a62dda83a7	ec497c452eef2540b24088993344de8cf96b7c6f78d6b33fffd506c970563421	9ef0103e8b8fceb43fc7cc73ebe9ca8f02462c193bea00636d58354161023d4d	21d6ccc666a0aff4cfdf2946a63041317763ad6659186e1e93aa49ac7ed781ae	d69b173838b5512f48bf0a5a9d86647026139fcf569a6844bdea78c08f1b69c1	66d2b2f443a3487f6a9b45f870fdd8dc24b60351889d986e8fadb9278f7deebd
w60	e88b5d75477e31f66a1da8cefb9897919980a75266dadb2bc4e56f42a2380c60	1b5299a124d1b5b5e0337ff7bb72664345b57e853dcf30283273299a5df0f0a1	969977b43f4965b17175a7ef37cbcad401c989ff91d3a6d2bc10414b807d702f	482ff962fbed1ffffc9ee807007d9440be241fec1d033a0f1186cb905a9ee59b	788e83ddff9616e238f646e797997bbbacc7018bbe8b09d0bfd4096cbf449a1f	05039197f61e6f2ae2a25758297d123c95ef88854ae90c78d8f8399212615238
w61	07fb63cff23b947b4448af6488b6273de41fd5bad7c8ef6374aecd84110bfac4	e1ec49671ac07ea6e43ddfd452fe219c28e86c6127053ea2dfa6560b8e4e2dbe	526dc5c18ebd348b47bfda6ff951ac3d69488ca18323c370ec7a67e6cf750aa0	a1bee1cb37efff0c601aca0f013fdc57d77d0fcedc73e88c4cbb0e5694e23add	4dd6bd83f24d0f47cfff88f44e158aaead9d0357d32522373bb5817ec29d130e	4b3858cbbde5108862edbfd3a2631c1dfe9db58d4e20120ca59b8d2911dc42a0
w62	a29df3d09f09c84d540eb382eece734910c126a8c1d8b9b0e7a432f3205dd0a4	920a7b6b4860af3da9446a79a5c6c68f48d543aca93e1a4f34d4263ac0c32891	290afe1ebec12b2f5b0784565a34eddf7d8de7c41f686ba93ef517d1a28aa2ac	d5f1a6a30085115cee5998f6d739e7a45f6d881b8f4294449cf922600c233f3a	9e74256a2b7346ba05c5f3965a7c42349321926bb47841161dbb56d772b82637	c59ebb285a74515e796b7c5995b5fbe43c5fae3d237358803fc7fe6b9ea0c835
w63	101257925e5d0741b7822444ac66083be1f8616a2ff3e846ae88ace64391bb2b	5a5368a244b88b203c32c127569683234b1bee8fb2e5f62aaf781f286613fe47	60e2dbed589eed0f9fd72badc8d9cb562ac288ffad74832bb5ef93077ce05aea	224bc4ca66b04f6242f4fcdfe3c99b0168985fef588bc9c73fe6936e5f3a9385	2a6847aaec532f2358849ca07bdd84533dfdbaf77daed6ab4238eab56997a30d	ebfddaa99f5b3d20e89351eeeafd1e132a2a8a5514c9f559729ca1c5720c3de8
w64	594c489355e3a8dc463cc5c2b47a6f0d7e7ca6910e190c581f07fc9096b1321c	e78fdd7887480d96afad40714fdc2a43c5a078b16494f60111600190b63bf6ee	02359611cf085a14080810e4639480d4cab0a22b8c8d430008a66cc96f795f4d	d029f46b08328340c8a57e284256d78a7e6e0f93baffd1495aaffc6ef376c47b	d1d9f9c68facea7047771a27a1e57740262bb7a18c9550d94762cff3c448c4c6	e201898655943c2c31e43d85635e78ca03ccb7d97f2962c1e1a6a2562dabfb81
w65	49935f78a26cb590e7eff945a4428ac3fc4294face3cfa29b034f3af9eae412b	17cf1d195efdd679e76a4aaebeea5a8d342e5f5fccc54388fd5edbb5da70a8df	2caa86415f37bf184fe0c7e87a8af39107046954b868266cc15c0849577ef58f	be3d195bc1c70c0a1e49a2c44de524e95ce2752092832ae54178d5b08a3ac4e2	72adad66282231e2ea55ec19cbabfa982a7b27355d69f9efe2b9910251c01c7f	515ef8c32ea516e8f0701a902f5d458b48d275d5f745b8490aba5cc2069033ae
w66	3390412f2c33276dadf85321099e31a2ca533bd2ded34a750819244a836a2bb0	21ae4f325bb755618fe7f4abfab527713295605aeb7116fd5114bf9fbb01bf1e	3f65546f1364412dbddef1ab6642bc0ec61746a6d4cd46f3d0abd03162132ad6	5e92e2287287951241e27926562fa354122500f98df62c87f80e8c8a7ba7c1fc	1280dce1c83dba42cdfc77c4e11b3469b6ba05583f1f9f2ceb6bfbd858e903c3	16fe18ee791f532a80be97ffe3c9840bc2df715afbaf348660e3fc35dd21bc64
w67	da783b822038a48580149181b3e6029448ed7cd5e6bb892c70fd0621de4ba21a	02a030f20fe93e7045fea0e094f1ddae9af2f590a88f35ca76f06675d069d424	eaadf2de8e02aa4404edd733d528cfb2a8e482c5831547a31d4ce876ed71868b	a74b1d1d461c070463c78adff976e3b7d84c84f6863651e7cf54250f0f763eb5	57270592331ddf357870310529220da1807e8ea6353944c7e948e5c668c84c31	793a43aeedab76e42a3badb2e1188796f9ab0b10681f9e08da41b286e7c35ba9
w68	13c2802a2e298b6f3ec6f20f070d5dff9e65b16ab7e76b04a890cf16ad359947	c8b0b52b2d489aa0707725c6b1b9e241db9288b3a6827e2f9cf6160c8f5284da	df914cac31b055d1740612c84f3e5912193f1b903c44619b10daa5363e7db85d	4d886cecb33ac6e9089ac1b67d4b2eaca3072f770b3cb67e88d771bf3e687adb	98424e9cfec0bb049fd5a12ef625c8ab683dfa5773375a6dccc06e38d976184e	74f7fdb3f00ef597d1db64ccfb6314bb39b828caa28031fb5deb42c79377ae11
w69	d7cdafab2a3fa0c767225bbc1b1219c49b90f3a2f6e19e698620b56ae13ca1c7	5b2e8e12ad2b0bd1278ebf3773ec5669476cda3dd5a646cddc55c6ea7d005b53	69e6e055eb50058f1086acc3eea3b4a839c5d3f01302988c6014b4467055336c	634255899124c709862c547f1a1661ac07fe38a06f0b482037e0912f83429987	6bd86c0c488e311cc04ae82bd82c1ce66f951dd2732f907596174950246bb802	ba6ad9da4b19331048ba74ad88999adf6b83ab52a1fe8c8b7d06c0e29efe8fb6
w70	caea208d7b531092ecb59170e83a2a265fce64433dad75d2bbac4b6dfcc3de25	fca13a0e41b15d60219b6304edd6a1059152f1f760122ec2b2eee003e3b6a5ae	0005dec3455fcb4e2887df6300c12b3b94ac09bf5acef4e1fd6378d250f23b97	89c041eaed2771d1aee29e5e3c46b69f60c88d2872c7783b7febcf25ec49eeab	4ca94c41d100dbcc2535c80473b3e1a2612d97def7fdc59718d290cd97437521	9b1d97a9ef9068497ec571414865e7ed541ba43eb089ab34c3480f601fed5d74
w71	d7d3aaafb19658c6108e21b1f15f310e494aeb3a5dc3d6139bcc28a2de72dc15	b8a503678eaf41c5f840683efd229c9b1fd267c2215238969ee48ef56e9d4b75	e68a93488317cc72f97341ef7fff6c6e816fc993bc1dec022b8f93e9e04adc92	62072151b1e2bab2d82ef2018568542d633e21eae43d992e256de1670db3131d	b581fe6bb084e6aa6cf36788635032216446fbede36e445437b2923f09efbe67	8dbf84cde9d25363b2ce97d6c1394dc932e14d919867b63e0309ab7820dcbe63
w72	a469eeb4e323406f45a03529b76917e2874cb642bd84eb55d7fc56930277d33d	a54bc4847e3dab73176521fcdee50bd00a2313d032f449a996f45d3cd7a92a33	b9e311436f0d36a59755733cecc47e42143e745081ba5e4eae19e32103470cba	67154dab1d4b28d80c1ad778ee8f133d2cbd8e73ccc8dd64ad9f66aa5e67fffe	adec7f3e45a11db4de4a653cf731cdbdbc1fb199d191c5c372a21523ce2c5f60	a24e1e1857175f2ea12996a9793931ac1f71f57d4ed5a07674ca74b3618888ed
w73	be92b5925f34b82ebd4b34c5fae4a0a6056a984d6e1ee0636b12a32aa8b3249d	00027bd4911b9a95734f847bf9a6520e68911c9891c29b322141de5938312590	4455dd869178b6ccd8011d22aad91083dd8f4e618b63a0cc19f75c04a6c2c792	c062c343f14acd6a2ebd2d895f1fb5226df90208596d49892f51aaba458f483d	ad84238d1689edbb5980abdd1a8c57333ec319266cb15cf629f66f9626c52538	d06372270b7785201b6302fd15ca6c61059a8c1b71e9eada1eb90389255e0d30
w74	abf3fc12f34e30908b785edd17e68e3d4136c72016e32a4244216fe4e7052af1	028a81c505342ccef7ab5282ab149c3f574ed79cbca6247df592dc13cc5ec878	d6bdff024aaf8036186c0280136b23fa07d2734ea3c47fc06342d6fb05cfbaa1	eeb8f1a3d1a830dbe49d8fd0056d6bf13af763401f5a6187542c313a6cd5dde2	f151f977225dee3812b679c046c9c62945f0a4f6fc0e94cb5def284b7167f226	aec40bf4ac02e5dfa8582ca95332ee5205f4428a391c68b35b5308cefe9fcca5
w75	efcc4e1ad15741199fe49aab554b9e0edac2b2aea386ac1abc027643195cfb53	55bfa2ca4da4962bd5dcb11172bd5500c4daae2e4689876a5cc12dd9fc367a70	9a77f64cd6d79b1402d415ebcfa1262cc2c5ece623991189d05ab45c788e2f14	efaef607178c23df8e32f2a1b07fc1944c57c257459c18ac3f219c7ba4eabc4e	8d7791e96fc92024804f38864c680b630f1f6e849fb35087132fb7f0432ccdeb	c09f295af18b4a5b2ac7e337509828d4deb138400973564b091ec5e8e6383c98
w76	43f8d8d37c46dc6ff60402189613e0ac033c82b0605a6bb0bbc6324762c27ba9	aa75898d7f560cc64a8fa33846ec52c6586e90b1b31da7b8db679171c7dc346d	5373dcdfc7282d7cbf160fbceaff8e6386afa550d8f778d9833607f03baac8c7	a24e3cf4d0e1a0c797207304b5820961a6e3f520b6f8740d69c27d7edd4eefaf	0fe4352c681f6b7729c301e29fa395dc41d5867af2a7d46637d110c58341f3b8	c3f34b7d12f14d3ed4a00220af10dd0ee246b995fa9b30418aa7efdbe9595d60
w77	947e53354cfd548691315a2bbbbf7dff124c1ecb5f23b3caf02843db008deca8	2f9d4ca57d12c26bed063634074de08202f629684a60516b0b73153c9dd3fc01	c6f5979ecdc18f258920c5e52000ed86a29ffd42f62b101df920e7902b181195	d28d559a6c5e12f5c43ba00870990a945cea971bc3a4b39a3f5ced1c306e64e9	971b923dac4878c61554b1c398acd7da99f807ec29af60850ca6eba36ab6fda2	e6a3c9c7b639c48a5f561fff1fb1a7b414f5fce20512f7e8e71428dc507d85c4
w78	1c085e44ac3e9a3109f3c7044be8460d0293353f33c4d9a2b58dcb2435856cf7	93aa23a3333a4a050a63fe909771328fdc564e7c9a6a36c43e78824a9959a87a	c42d40b31e9814a8c917fe1c19a9f84337c6f7f72c552ab17c8df5c13325546f	12092c3b0c91eff5dea6e8c44fc65696268aabc9688db8ffb784c7dc6d1ee2a7	980fa6050fdb9168f80a50a81628700eaabeb1b3ee73cbde004a2333e08931ba	39d26c19a8c6b6a6c3f362ae84cd80fec9915f137d44b4671b2a97d6e1ab30ec
w79	77dd45cd5551f9db094ace365997906542c76e221fb61924871ee3c493abf367	9e6bcf8268a6980f7a943263254e0e4fe8917cfdf7e23cda7e19bafe1d78ec00	eb62a6c866cd5c2386006357dcf590f19ae1aea90704f0efe2742b3952618e66	00e290034c34406355646157cb18c3ffa21335b3573b573620196d3910a936bc	c82b6307668631cc6f3cf27b2a1f6d5aa7cac0ce4366d1d721b64c67edb65c95	868022a4c1a51be20b28a85f13db895128f4e2d30c95273cef24c8c778725650
w80	fbefdeda62af360f4015b7740285ecd78ba7bda3649e4d478625e32c63b678c3	42c6f0a2bfc5ef3f7856d81dbb47deca8e5554f5b040eea415a81230a0f974e6	d7d9766450a1814019abd79b0cc11bb4844691872e7f088177d29e9aaa0c1e02	a476599570afbc48c744ed722f3064e9da03be0672d6cf4e0518fc7588ada31c	0e2b9dc8ca144736214168ddbb702b2dd2e46e33d5d92b038479a90c04d51081	44ee20c19e810fcd9adfb5958b7e580a9923c8cb04f240a2be91f41afee639c8
w81	f825c4620274fbc248926fcd5953882250efb97fa0e0f988f5b0811a72544fb9	6de7ed883e6cd222959e12c118f4c9aeda14fbd4c75def7fbd69453374673bc7	f0b8331b6a62386d15bc06c6c12d29b63e074af26c6021de38efb268b3313c53	5bd70beaf9df16f9b644092805144e6497aa45dd1d68b4ff7bc5a0c91cca41bb	80780fca7bfafa225e0e1ef69df3d8b1b5ebe9ab6d10bec144577e1ee7f24607	e5624c0806dbba3e087968a4241ba4eed20ca7451ea6c1a50242c238e665fe76
w82	76ed107ef4f97a9cdfb0ec5846349c28751f6c824d727e86128341bab6c1be7b	686bc80f00ee21918d3257bd20f05f4077b6c5fcd5a85a61cc13b6789c4ffecb	7b808d0e13f3d0701c9eab72a8facca4f120d370dd6c2d735618edcf84bcf840	74ef74ef39d9526dfcd9cc31536e8ad114110e2995aa4d024ee3f7be85b3c660	f3be27dc9aaa2f8075957b839941c041ee3f0d59609a6e48b0ca837310f486ac	fa457b9ff9dcc87e6345538cbc482a0117cb71e389e4b1eb9a4fc2e4314975c6
w83	4326d03c085b868859be9973a61f3a9203f73b432f4258cbe60f08ae77d9cd34	d23f2ebf6862838482b9539381488080356052edaa2e0f3d864b038f58f0f9f8	de72a450d4a1d968614fd91ae835bb35ff2203b181ab8b014e3345250f3b8fa3	5e090bf6eb57d40a1ede77625f6999cf4bdc8e55674b22253eaea3616950074c	9d1f1e89da419ecec95f2776be2a33736c2f21cb2c0e2a30070323f037991ec1	a4e884ef513a8f6cb44623750d2c737d4b04271b0f6e1c98da1fb5e80a5aed63
w84	9774e928cb21e1c888c720f5e58d0c94523ef4a69120810ff1dfc12848b7e992	dc7ad2fc8804610a5205b9a2506462c724de283183802aae5d74f4ca4a8fafeb	5296a97103ef6eeb1e29d826cd51aebf91a2675193905de9f5823d0c701c8511	64b160dbae254c0b37afbc11aa608e4b7f890437a03ecca06079cbab9bbd25f0	55f46fb1456b742fb9ce7b0f9d5d36261d7d0b684df80a7cd14a299ff3075746	530cae28b41e2e7df73716cf9e9b582aeac423104f03028408dbce16c1e3d61a
w85	af0936fbe61d85ba1e65c638c988024defc680ea2adec824133574bb7a387d91	70dbaa7b9d2ff36d84a424da4134b36b46818003e568ee73c357602ea0db247d	d95cc165c2acbf66cae5b58ed913c0c77bbb358ec85416fc3e6086ec72f70af2	617051f095142bc24852ea696e14aefd44d4b6d0abb2d1f2b7f64bb0bd8ee7f1	62690487e31e32e80a2023806db584da5de5308c22394d05ac42a3a0a3efe35b	648089f09a277cb4e51f910243665e74f54b025451c09d4b943bcf91ddf155ac
w86	1d00337dda9ab3de728697a6f474f073313b9b5ec81a0eb11871234f2ae2a922	e63bbffaa1fb0372b4356a93a50a0a1e0bde314fe2255b63af9c62fec3188846	4acd701d960af01c32400084094be74fff62decd55d55ab06fb641afe082a6af	9284df8413f2f3b86142b65c7a97b30931c2c3bfbd73aca7e5f2cf15edc2b9e2	b533b294278d4b6a2a2583bedd05c7ea2a250903f4bab075e1fcea098c5a749a	1e0e612b5ef8af5b9f243e191cfb2d3cf9c4b96959472711914442fcbee17ab1
w87	f3ff3611613087066b1c0901864a4be1ab21d8c13f0adbad938d94c83d068083	54a4f931ddc833893cac9c84c1b8d5c5dc39fc06c670b4088a6587eafd0fdb1e	a36b4809485a559424a9b55baf3d737061762cb807bd6e852e2103b1c9c504cc	192de6c623d7e6a7b787bd91f71420c7de1683a1dd55bc1c1a68dc016b512b02	95fb6f9fa6012568a2b464cf6eceaa65e287fdbb01c6d6e098b0314fb21a4489	9fe570b38d92f952f7cac54d74e6919f33ad5df5233d5f108ef7d11dbc281355
w88	99abaa99a0276dbfc6da78a9b3027c9e1a41805c7f6104bb8cd7047d9293718f	c9d9fcc90666200b2ce4500b49bd6b275726fa9e2182271b7260603e896864b3	c893e2a1fd78011066f9967a61821d982c013ab0a82305b7f9dc15630ec9eb94	2384fe1c915024f03d89d687961843c93bd41482a84c4462229b01f660811eb4	e983aca3576b1056fd314675173b3ddddb5b40ca17cd42918fdcc0c4d8bf01cd	0b7dc6e773edbfc3f149ff51fc84614a416924b2ae709f24a71126d005cb533e
w89	fe90ac4a1c9980ec04f6897672d48cbf2f2d2110946b98f62556eae64dc9ae94	c1874bac6455c38f195a7457f4355a3b3937c860b4148da0e3994d7e5a2034d7	74b9d25518c64e1ae50c3bddef4035e388e5ec0405bf153254df06234602e446	83bf2291cf2b6299c9fc437dde6d596c36d21eca4f5ad4d553cadc1d7af0c572	c026b4bf371c77d8cee9b888676f17876aa4e25c701deaba9323cf50ea965d9c	90d86de7a1254ca2611c151763cf82e94f2dd6d3537c34e64db62fab642e450b
w90	06782b163e5300cb5d14fefb2d6e8c020b3936166577c5ed7881575b8a88aeaa	28c5cb5ae60e23ba6dcf7128ab6ff5ab1f248bd0532167eac8108fb13ab6bc2d	b9621df4213488b471e8f0d54a6e226dc0b122225a634f9b85489b19b7600798	65234e9e775d44a8f4f5814c2b851bc4ac4502d0af5cc8546ab3bfd0bdf1bba7	75d8c40746206ed67a60df52a9431232c2eb851f73b68cec5df2e4bb7cfe49d6	9fdd155890993999bf6df9f0047de1530a6127307b3cd1d87952d851ae03aae0
w91	c8f78ee215eb1c8839a45bbcf7fa24c955a5ed6a14e9aa17c6949657e4f978f6	ff144f73f561c33a0929013d5a492d96faf03967e46695114e0afc27dc0ceed0	1db3a16d6f9ce3adb8ff30d01ff1209c0a66237d46adf7058f1cd22410f5fd94	4c7c9af9f08b95a75e8825d8869c5693ab21bfa4bb47be863c000df357a354a0	f21eba67b34f7a7a71794fb6c4664d92434820f089cd952273fb197e06c2d964	5b679046f3ca21520d3fc3ccf2204c1f32cc98428853fa37db74104c94b99370
w92	a603ec54647045f62c6d91cfd5ea457816a2fe7563abc602f177af4038408cb4	f75af55ea31ecacb487cf75dca9a4c814dbb31e55a46a250abc625680f7c5eeb	10d2a6daef48d4baa2fa6c15f06376a8f8ee530c8658d450c02b09a710585053	1b12a2f54ea900349ad58f7743e21814955f73103103addd821072489cb4e9fe	4504330b3a12f633e34b1fc7a55c10c79fb2ed2d9ffd13f733313016cb62d125	90b4d0806c2c3892d0381b5b4b5ce67b3f91955e9f70bfbc7f782bc18ca8bdfe
w93	99d58ceea6cb7c4828e1631673961743e7fa12b45515e51e7a727dc27c9ae9b9	66097d02c5581d6b2e396a0d08188826c572816adec0f3b2e38272354fcca9be	d99f161796f76fbe97009919f25258ddec5345f1d66cf5dd3b6cd7f62acc12fd	243035bb8e6d02aefba93b3ffe370d8ff846dbbc908e1bc2c61b2b863a6fa11e	e5b6726ffa36a9f9082ca1473463d2579ef9b3faed84a153b795e9d04c727779	c0859368fdd1d677e6034514e8bf61bbe9c0e67064c9e043fe7dfbfe6d02fc65
w94	43f48abd4c4ded6be274d118f4161e1e7f60dfc0a25199d711e07c318c2007bc	6a1c53303265088ea4b64965c4086b81d7d00ee5d195639e30eacfabb4287715	1ef9a96cef59769b161f7b995af14fdaea5f17dec3d2640dd114b788710e9cfc	e85be753d3c7b8cbb7ab8e32d31e29c6d50eb0a44c483b70cb52b59aa8d3c43b	eb0a6ff74602a3596273073cb16b37d81f839f7c0e7de90dd1dae9b54ff364de	3d0fce1cd2879f334cd8d80cf7151b3c6507993363c783cbc8a6160ef971c976
w95	b8aee852a4c59d2b83923ced2bfc213dd16dee417889fb8e6c0980c62f96653c	5bcfa41ac0af481ba2fba04d462f2b83d24145eb972f0a359a23e7ceebe1fc2d	18cba433f62728dd47a4b855f2edf87860cbae1f922d78761b936e61dc722825	edc12bee1a874688ae724088fdf835a8fad4a1303080119a6c91aa768c255d39	5ac9e5b4543a272ef3b69961ac7f72e26350d53d550be774eb968a4244ad8c70	baf2782f5f27ffc74066abb3f2c392bbda2885737b347c4cc6975efd86121e06
w96	c90f388bfd20d4482a9d9fc10fd2edb2cf28343e6c9f1120cdbd270f6675b868	93f040c28064ee080d6d2f3e68ce29ff120d8babbbbd86387bd7afdd4cbae2a7	ca10b1ddce7fb82cf19ec20499a853e8e2ea0185529240b2dd1b6daed5555bd6	707f43fb56c209c861981fa77481f769c779a12eac1389e2008751b2d072f310	bb8e05835c3bb7ba41ed79da7a095122e28ce982a59deda2285d1ed9cf901dc1	6aea2064a616834f18b7468c4e83c1bff1d557e0c7282feff2a5ce7b7e02e37e
w97	7e737964690b60c109788ceb7b1d6b55acc08b33756126713861f7c3b98b9052	ea536cf802822edea6a27aaa8ef1c88dddf8c98cbd3af58f2dbbda1b7bbcb9af	e36f6a4890f1515189610948942125ced4f900c02f9b613fa6a206bd4f3100e5	e041899289d8d52b69c02a8d9be4516fda77255d74c30ace0dc47df835d4dba0	7e93746e032b37d3a6dca999f0dac0dd0155a878979fa2608780e00f2d4a39b0	0dc24cff02400105e6e14a1634f89fdc642566137c9aa3a341861718543ecc80
w98	fc41b1a85cd0aa52da0bfec853aeadbb5197934beef19619dbef3826f0c371d4	95f0ee8d8c4f5b730b348bd6a9a5085c0f4b925259ea0a37bd8426654b3f765d	87cfd04524c8232e552000761aeb6cf7b520b612bcc373987838a2cf4d9d0929	627f39aaae2fd3a5be9fd5c1c82b3646481c45acc07c4ab6eb0ac0b61df5a005	d855d3c2c46d11aa899dae1034ce03adab6feed0ef958fe8628b4c4e92dc00b3	8d207283ebba1aeb4bcdbc2df6e7bc51a36fa73487218cc22556210c10f74486
w99	2f79db45079ed14161c26695b819f889f5ac702739f7a696c0fb45c566b2e365	8c70466823ca7fa8d34019f0e6f1b07d1a5a4d9edc2612a41f83c4f6d8262458	c394cddf70ca97982b4a5932fbf0b75119bd6d08ec7a3a0802481b81e1f125b7	aaa773707d62782145b6cdd7091d4d67ffcabe5314f7d08ca368c9dde5b715f5	84714b49dc6ffebde15ddb9255ab354b842be1c533920b28726ad9b9d7c28521	08cfe7234b68299ca356150ce634a143b78d711a14ea8f0ec913c0586f8d0e79
w100	eec395390931926d133479c4dcc5df8ceadfd62a34745e5ec201fcec00ccf9e4	9af730be250d245957f51d6ed904260a5758cc91fd9fb94d5e26a88a900fc8b6	4a302e6cc516cc24500a59494ea7f5690b9e62e24492da3d9879eff84423c9dc	71a57d1af0ef71d280eee1168a142f1bf197cbbb7692d589cc0668fdf2d79b79	d821135c74579eaae703a7e638a38ecb459285a577fafbf8c7020abfcf91f44e	3dc2ac1e1de4813cf027d60e80a8c52a28f47d6f82af3e7269de08ecf5ade212
w101	ae49a6e0e1e52d63da67ef623526c276142ee3b19bda299e5583b9ae5d6b7f78	4b191bc2ccd110397c1b3f14540984140a9e4c5265adffec3969fe93852d7fdf	07e5d2bcca9b2ef89117b079f6624bd48b942528080e3b53d14fa745a29414e1	23049f80c94056d7a1dc7fa4f8168a549e1c19efbea2a91f2e27e5691be9e713	7c4ac8ce49b34cd133935a5b473dca770d117e483999ebf03232526af550f4bc	deac3892519a0c4b1d39d0d56cc1ee79b99d6db7273111d86e4b1828b8d330e8
w102	a535cbdfbbec74066e19f95361a55f7104b8dfa6427d95ce819083c039feb11f	f05e8eb66bc8a2586eb6d39f036506169e32fbb8fb4c93f0bcd9c15c35daf43d	54d7d5d012bcfe6bf08eaf683c78cc97d01ed635ba1709fda570e5a2ced0ea2a	5d3b187972a9444e0143c8b6d68452abcccc392affc41ff6f2b54c3033194423	844c6a7dfb8a6ffc887803718e128c99f928474ac8c068045b9157851ac0b4a2	c4ec41e424b94fdc85b2373b7b6ae6d74e37b31f5aa97ec491716addf01ba13d
w103	0d3d7da083ade547c12a40e490c4f8074bae10f8689377286bbcc83a5e19b7d4	a2792b320d602c5f883aab5c573f3f94ab3783beecf7f4dc2b1eb80f543defaa	8bd3a109266da5f81d161ef71437101ed9fc496a43a05b1d72f2688d5ca493ce	474e53444a394b25dda46c08efb9a2bb7b04c967d2b7899f9049aa16151f01ef	21b9576c784de124c926e4606aafc8a64b27098c638b8a7cb4a4a0a1d7d6a6f6	fd2185e5cabf03098aa5f9377fcfde80d13e8e4b4fad2a3a9222d5d64e8b1c0e
w104	daf86bc1ad6a48ccf6f4ccda6bc4264b1ccb28c2d648c94df3290e5a97783b06	bb13656791c0fc80683ba525a84443f20b807f02073bb280c79ec0eba720a1f3	aeeee3b59c44d42d72c145a90c67b172559af36782e7afda981b65ace943e556	901c97d33252477f3422d14c21602c0e8a0f3675b6fd65d795919ea802fdddb4	7cb203a092ae474095fc828c8876f04d92584caf2180e7c8ea1bb2f01d24f8c2	30c035ca1f9afb10a692a9369eb4f60be07a841642db597de4f665fc61c15769
w105	4e984fea7d44fdc682f2be8eb2f2a703bda1fe3c6e8682700952105ad94a73a2	f64c4d4e10cf185477f140181d2333a18dade8a5e2dbb0f169d8b6e65f1767ef	2ed7489a1a88e769f897dbc3b3ee7bd8f4749813e5e0549eb3b595a72588a95c	4da0820aa59ca37eac06701c43acdd4b513bd8017659b5e7d574de86bac70999	060cb7723466bac8121c9aa7cf0dd2b45e9d41ccfd081cc9228dc88cebd4506b	8b783e053300eb31f7b676e3254677cb31a0b459bfc73a1f272cdc77dd55f341
w106	a894c69fdf6d5fd74d8bdd698e82e291964ae0663a3955a00c6e311c3e58c6c7	f4dde06f4eaa8aa86f1bac38fe1f816329d184d900fdb6274f9b6a510ce75a37	4d3208c82068f9c5c4a3aa06f7b0d7429775f46608b4fd55129a9e66abf7e5f1	65ed9f6fd8de5f1948490ef78eadeffd05ccb9757ffae0280652bfc8fc55edd9	9b5302aae919996759bb5cab0dc302dae7e4efc1e671ba4bc7bdd88bb469c996	8d4bcdf46ce37cf684cc657b558e3dce4d218f2be6ef4b6cd78d275e2335569a
w107	aa8c2c13f5ca7da9846064605295eccb8747cad68fede13e19da1d9fb0d8cece	4b07fbe0e422bcb3eede5555fb7c969af3ed3e4983f14bba38ee5c457bc50577	8ee229c06b290292a4459467f6940074e997896245f62ee359d64a73918e4d36	61ed6bc00913f93fee6b6467b1c8dd408a386986ac40b443357015cd6b527ed8	0afaf984a9a890e6c9d4f08dc397d6da39524824113f48aae6cabfe2d2deee8d	48be9d6842aef509bae28cbf31f1215d99d8a4711713e850b7aa543a05c3ea6b
w108	35046e7165dadfdd9e1cb60bb5eda85ee6e6e8c0dca2da08133949c6a25d3a3c	7e6891303ad087068e47dc98a6ad2e9f63b8e5afa4ed2f7854345a1bfaa25dac	a548f4ea9d48fde722137db7a2abeaa5a699b7ccf1ef57ef1960cef4a83e4bbf	e5685e2ee19dccbb8c5fa1c6c68fc6ce9ba08a6eec2c91602d1b121833445b43	f38902b71c36a8328a3e36e0051e65829f65c83fde66c0a98c06d9037c2e996f	43c26e038bcbd6e5d93e0fe8f40c38caa5fa22ae90316ae70dac5a6444d7ee2f
w109	56aa6a800462ead9587d37e3010e15efdbb1e248985ee62a40884df3aabd71fe	a2413498939fc1a3054963d2c42913f4b907328e16cd846ed67026a1f3320d9f	1b03ef28ee922e3f965c9e593d2cfa6ecb37fea2c59cc4c08f9469b545943359	6704ce2393190d05d5af768a7cea399e975da17f4ed29a35cec003a6a263d9b9	51a33c316ed64c21e698eee2300463ab73e51a62d1eccee82426984237f8b120	dc051ed90a7d0b11c853670e2df05b4409ae2778103b606a872b6a95c968a3ef
w110	7ddb51e104b245242f0af83454ea21faa1b5532a6b118f66d4cefc553e12fd3d	3b6a5c4ab37e1434031a7ed1429e4cabf1bdc05912e19a6a6a3c555a618936aa	aaa7d7e1d7572a57337192c2ddd965e9496650c3c6b2ca1246e4caf978b9cb5f	cd1ba7b86dc607776004aae7526c36f97a8f718c6ce22f1dc691a9ddc4866ccc	afa9a8af197bd3170ec67236adbad32a849541ae3f81518754df5d294a913f5f	39ba85c66401fc39660130dfe47adcc002da988b814330097156dc215955bfa9
w111	c68bf1e370e44cc3eb57b656d24fd92403b3cdc1801423c763529cd9bd08178e	a363cc4528ac2aca47536be44e9e3a77b2a7bcde0ed573b29decd9e96a235c9f	8adf336091302e488c36c63715b9ffd11f02155e2d7eb8c4f969dfa672fcb297	5ba1da906d3705ad4aaa4baf614d511244700ad4aa3ed21811731321fab391e5	4f6a3bbb5d4e2408e8caf55d4edb1e83d9117fa0fbed29ae784e9b0cb19fdb4f	c47b191bedd43dcfefa8e424f00f05f533372ffe173fddb945b5248ebd9ff012
w112	56c50dc4a0a7c4839800c47392caa274bc0271f6de6669186d3d62caede8b673	03110b4c16d0d829d8e1097526b7082ebddf7fa34152ada59adabd197a4b9e44	0d5dc2d917970702c83e09a16e72927d2400302e6ff30d71aa923a594193a96d	3b115c7e084a95969329f7e7e2785165916a317408f049e6db9760dd693d9dc0	9df2996a4fabb1718a966e7c34275645ec7ae35556b25ca78bfd0e5838a3af53	6911d8d528c658f7af175af8c34cd1d9a276248ac481c6889dea37fd99873563
w113	82f1be5ef78b0cc451b4d20b015ed9c8b044fc7f760e205c82c0a4ce69657bcb	cfbfef3f8b47d2126c8d63f2dc595a6368486b40c3f33a1693c5ebbc78972771	ea4cc0dab735c904a89c7da69ad2eb9824b56aa81877a24a3b35f82ef31f1bd1	44ebd16a78c8c6eaa99f8f254fe1f3ab4f92a143da7a697d4893e2484a16764d	14f219c2c3b839807b1e467cdf3702b0806a6e2f9b8e8dccf73940dbbc744df4	cf3320730477856b24b529e10c7f6d1bc2f8227ad715f5e845fde85386829821
w114	8c8e7dd95d646621dbbc996d8c81e95507cd4200c0a195bbae1390bb195bbe02	c8b85a407157ef3282315f397792cbb120e228f469c9d8104b9d6cc9f1351d8d	795c9f1f49dbafcfca5e05aa1cd1ad088121fbe4cd5c244f72211740a7387246	a3c258e8dcfb524391da52c4b579ed49d2f8b5bf668553d9650eb48f142f5c19	1d55c09105aa1c931df531658463b0b8cecaf655dfbb5b62a527435b0d3ded6c	75b2f51c85ee926e819879ce3d3f2c5ad1ff4ba813baf589d1c5a903796a6994
w115	bd7066c1c2e42bcff88ec9f4ebe8c59ea36957a9ebdcb0de77e55d0023cbfc2c	3fb07b59a088b7704b571fda0c656ecbabc016cdab50ea1411493e16608cf165	c69509bd22f02cd03d29ece62ddbda25f81836f410bcc8f6d9e235f6a77a9042	2b97e2393d1710b24ed7ab7e76ed0928261cf0d48c7ed99a74df7c1b44d5ac24	da049ec197128e59f64177fd574cf415adb837a672e3ecc7630969d6993b1aee	c3a3afee15cd54b6bc2e5b4e30bc645e0773412e046d9d2212132aaa571e724f
w116	0ac803ec38407b55a0f4ffa907d6474a5cd486c335a2cabe0e0f338cc59579c8	425b88945efb60d9b4cad333ef93d8479e87f52c387f7d7e121e8e21bfe5276d	e7f946ce981489dfe4550b7ac5952b0a0a1979f5d053d9afb008204a30bdf112	b4f7288c47320d3f184827b2b1a7c71efce6942d6a8b1f0f4ba0dbae2ce41f3e	02f4f9b88e13b994e88f7035d4d19d8063f36d9c44210b31fb3a5c9cebd7578f	39b127f0eae6e5a5fc9a260ea621f88c32b1d81503099acb042f966feeee1d4b
w117	c94236ab62288de0c956c7390361341486bd603d5389db0bc2038c4e7bbb8de2	d9f2a3cec86c830b61c65df4a29135efc19e887441685665fb956c8f45b1948b	6d0febb68ae5e49841248ff39e12e3c88d64202346d7378b3b6a36f3c04b6045	d4bd6a3117584d6b1704997c1dbf24b6afbc2f0f33478a6a69b14b5655cdba4b	0694ee6ab5249f3f1ca57070b60302692c555989bfa3b0d22d4a5173a08f2966	131a4cbe1cfac560742f2380e4472cf4ad1a265f5156d30fc3480438fe2cfd3c
w118	c6778fec663758524ea81fb725c15e657df993c419d72b8adb496af384513f90	877e2b49184b92fed02a9231e2aedf4a5793c8104e609dff4ebcb9c0a315ba20	5a67cdd048d777c8525b0e035171478373f09470a1c5b276b2139c2fd6e4b3a3	cf664a1022b5b2df686ae9598e6a4adb2d6c4da21dcd9baa3e7eb77ea6861df3	db83721f147c6c997907961da81cfdc6686776ad69ba8db056b324972adfd2a0	71c139c979e242a6d54679c46fc8146fbdbad8274a17c589c05ba8ff76024327
w119	e5b52d5995b728864309d630ee641ec741102ef7cc0e7576733f58487d4da2b8	81e8db1f6fd0ded80eb9396ca6e07554c1daa8e24b0dfa6f869b0d2d43f07d0c	0a2d3e77353513226ad260dbcdd640ac3c51a3647d4bf35d6a81bc7fda6166c6	920f610da1d460b5e629f530bfd3108e61a7472055cc2db5ae5d3fcfccb367f9	15a874af6a21c243884b876d4dc6fdb55a7ac612d3f733c197a8754ba379c18b	819c51defd092bf6f2c1200ef6f01bd2d5be6261adf8382b0067ea437a5f6400
w120	d39f1e12ef9aef283fef45c90a21c4f7eb199b682281b52b2629d023b04bfc8b	97eae81242ad8188116340be28ef41e429fc08f4794e0421d1d02efb506e9f84	3afe1b49df2b06400b453372a7265c9dbe40368029ca8f15ad49a326118422a1	72f51778311f6eaaae933901166bdf9902e166ea63d70098d8186f30c7775499	fb33952107cb814266e8dc2e587052052809af15c3031791f690059bf663bf26	4882c4cc762807b8e1185d50158d1cf38b8365dd1b33355f5acd52a59aff36b9
w121	66e66220cdea2010e9afd4b4f9b6958eeaa2623e239a7988e1faf192c35878c2	9d38deebe5c020453ecf780b1cceb1e8142844181ef8cc43cf0c530cfa04bc5d	f13e9a10edc181743855950f1dae6b1ea1cd3fa5348c6b92fcde2a11ea527e8c	3e81edc0c462d493913e09ffe960ddc95dfbef8ba38b4d2fb9cfa6fd7f0e8658	067f9534a9c33729bbfb5cde9b9cbf64fd7054d5fcc3387600e1107ad7a9fcb4	14e294379501522e4e0d01f8b5a7c7f42e47a94b315fe4f31bcb4d43ce0fc138
w122	6d25e6383435c3e71f98cc70056565d0eccda5925037de4aafb42ccc715d922f	26335474b0bd698dc13827aa3e5ca03a11f0f2a91bf2b38f9a1c51ccc2d7dd8f	ab1d881f191a2139d44f467aaa26763138f5840e62a86e036d308eaab9492c60	9444c2aa99c1896d7988468f1d1247f6a2a48cdea1ba45b2cefea121bf8b72c0	2571d0e2645bb2c3bad760e8d85c998c377e46ffea9e07b6b026f03e2ecb58c2	9abd5a605de11727f1bfd5a7293eb0d2c3bcde5b6bbda90ec1482185ef941ca3
w123	eed079e96b92ef21efe788816d03fb3147c0806aee8d6f18c53688f66bf7fb5c	78ccfe66283350bf9d306ff68380fb8c00f1db7ff5828a0e51c40b9f51351213	b2b5e941bebf08b5cbf3e126c8d43be710b1543224a43c68211588ad29ece1a9	b43d287d5aeeac9d6fec199031d5b81714d001d504eaa297b6d5f3f142adc133	511e6180be6e255c30e327b8ea58fc911e371e881859f5378bd8ff3f879e2769	83f395738576f6e07c0e611d60f58a71138844f25f991e3b141d645b243e30e2
w124	bbcec41c9051117b9583a21181410a381b23b2fac884455e0976ef44996d3b56	241a719b3583ac0fb2ab1ce497d1fd5fe9425a093771020da74282d5b6ab8a35	1e65196c14ff2a17328bce3464bfa382e6601ab1ca1a35834030666476350b3c	e62af19073cdb102266b4290723f9589b8b18cd86f1cac983e6c9436227d9e5d	e069a8ff4f3e46a4827c21dfced8c4409cc4ccc3baf9d65f44ea1f54a60e2cda	58349497a12e863e052c7a35d3b5723017597db532392420179551915607ef5f
w125	7bfb13b65d865123e66ec1c2318a5755770460d41b665d0481156416310eef11	7cb4a03e1f92771411f30c3270feb5060044ddce2f05b11f4aab8c8e1871f4ff	25513448f7c0fe928464fc901ed18c77d429ab22a9c91b61880e2580ac71d51c	30bada4708391ba025d766d17795fb4287a56a3a72046914b23fa7e2ffe98cdf	918549a5038e20d352827c23e7194b2b53a57ac3ba815cd321c0f4b87fda0b4a	f3a91c48bb3fbb79e92cce4a38e3fa6e975cff4b5582fb1d374eb1c4475f229e
w126	9002925b93aae7a377579f570cbc7e670284ddc081b931a8d3ba644396a1576d	25cc8c3f8466d0555f653399d8323bc75c7cb255542fe23998cdde73506766ba	bb84a06274c4384028002cdd7d96751732abefaa25648a7ce11965ebc55e46a6	593ebc95e57430f0183957b6177084fe05638cf6f18184e9237652368faf8512	a7220523457ecad50600ba8a8dd130bc8296ef41d13ed22057f75d928d3b7dbc	52df74727bc70b1764db73b5fae0aa40598ccfba91a341e2426682993d479119
w127	71579d7f707c0a5b1e8630edecd81799e1049c63307bf1d0b92de1acb883a7e0	3410662a352f3651a7bb3ad29fa03f748e04644e6ef90c3d10f9c2a4d9d6eb40	2093f6b5f077afb7385771abb92448ea09d1d344ea7575b90ab4d927b109f782	f5b4cc3953af930118651d7e10278293193f07b50c9067b4c5617c55ca0f51a5	665fd86308ce8de3eeed0eab40bf4c025d4e7e139f63f00705b9dc71e71afd80	08493b5943fcb75a7449cef01344074aa8d97a71015e0dab3439a62a36119b10
w128	a78c29cb12c4438a98c3293a5e58424d3fde48aa297fe04f79a08142dae22328	9e8a50766fd0d629f183f1d3fca61349ce702075cf756db4506faa460d30515a	564e4f7282f4cb59df68141617eab71873acf16d1a02ce55437e9d09bb57f042	e9b5f631671ac70676ad2a2fbf430c2f675dbdc75379df32490e2a3d348bcd52	a68817104466d1365663340ab569e90fb4e77c1843051033e2b2f8e67a7fdab6	563f12646631d296cbcca5b39f5ec732e97baaf89efe8bafaf9f5068ed605706
w129	5e47356772d07b86ca917fcc91b9a08c054ea8ab6e71d6745729b62d0832e23f	a8da52330d4a736fb1da83e836724e14be4e5bcb6a377089d131b2e2b93c9631	de1e6091e71312a7000735c27b3ad4bb718376abf688266fb0b8c3c8cde48317	bab77c80af399594d160cc0a867c7723c4befcc8a8068e9f2c5515426f8cf2e9	78fb6b9dbbdd3b3b5b0b2f5c1d0474dd6f7e14de9653f2f12ffc234a90c6d12c	27d2f1fdff50d53423108f21bbcafc559027683803c97c0424929e9fca7608a7
w130	1d2e0f84be106abd18156706df999f5ff611050d8d33c9382f9caa5801afed7c	5d713dd1587d9834ddaa733db2f56b5e787500fa40b6958d17bc0134ada95cb7	e7624b2c7d79846a9078a7ef4337b440472c13af3cf1541cb24002cbdfee752b	f739725be23740271425f35f91137b664a731bb56689115fd237229eea268bf3	c6eec08cc0b0991051ec0d4735e99681ac55af6a8ad5627500576844d2ab8616	2f48997ea023addda606eb950af0d7fd3dc580c7f0862e6d51395cd24b38884e
w131	1b1382409008f6798f463266282c4db6b015cbb85a59c6b37c006ef2dd265b68	9660b8d3571f5c5015c3e2306946519130af430c1780872f0afe9416816f5f3a	49509ebb902e5f455afd917978050c6b2cbf4f9ff05f53aa2a7689304d0d7e6d	ca116b4bfcb375a6a913f0c31c690166d79b6d72e51a36759e05679855bf57e7	a791a168e587a0bcfe4c8eb643204460995def7a6953edb5905e38313c2f04ef	8d72c7c8245667d49a7e08a8938a5c6abc07d445c8945f7389b744f99830c542
w132	0ff88144af42b1392c4014f46a8025224cb265cd4702ffd490521ffc3521df08	fd40a614f9dcc6a3ba10809c184bd1ae4e43abe0149b7e6f0c60e4a84ab41702	9c3bfd77fb0e43a5f9a93892246534c187f8325ef5cb7be230b75316c2db1ff6	aad10bf9c4504b62100a08abacfcb9464b4bc83f73bc55763828d5a9c606e4d9	4ab72e4bf24ccb459ecea9c90f863fddc4a857e0ac8d16b5e7c3e0ac8dab7339	e2a3059f0a51e6c8ea6fa4b21c8bc2a3863e9b81f83f3fcef7ea0220d8c6fd51
w133	29ff8a5b7c900e93e06b419f211c76a10b739c55b64fc9326b1b3b78feb4d0aa	000b2ccc3276ac30c403465b4999f3c8f9eea0b1853f70f477c536c3d656da39	f41c80a6b86f14a6ecdec42829ac4b70075a9e272acb9f5fde6d26bc9f1bac10	c3e65d0d53b61f9f60300978bb4d17e29fbb108ec547101c56582756fcabe91f	addd476df0250b9241bbe2c3f02464f570f011c9ff1b434da700097e1c7e5b35	75fa50b0f28514e7c122092e76e07acb7bf69e3d3dbd04ec88141ebf32c03300
w134	29b68c74e90858d18e238408e7d1394f76fb04543721e857999d975bc9b5a1cc	68ff0333a6cd06de268ab704f12f6ad0596e9109539219e42866cec8f530d644	e577df36c5818fec3123ea313ed041b207fc2aae864b5795f19c88edadb942d2	6b7c3d17405d654d5724fe68933f8cc58b61ee888c795b2ad714353735e75b23	4680a96dcfc8939a4bf2714508ea316fd5221bfe105b195f744e37769b5b4e3a	d2b1655df4e4279480edde4609bf40e613299511116bd7f9a17c2ad73d17ccf1
w135	d986fde834f4257f1dc11627cdd075fa5a86f91a83762e44853067a19657f75b	e4b568f33108d4626007a9c807d1ff7bc545441e59407154a72612c56ba3a0a3	f7abb63064af09ee87eb731fed037eca7140e77e77652b0582cbf70fd3940f41	aa216119bcc1f23d518c36e6653b53eaec057a402383ecb0e1ccf49a9f868ea1	bf084b0fe4a7561cc783fb9dd8ab1030542818b5416078eca44b7241a73b26a1	ca338778642b519c1fb3333fbb7360d04bc4ecfbff19af6d0e25fe7240230f3e
w136	c8f90b6d7d56a5f8024a243b11009a3c1d5e0a946612d8e1754df3492038557a	a22fe5f560e94b8a46abe6cf001a541bfe2d8d459ed2f687cd0a6997e8b65979	fd1508c554c28ef0e08415f4832ab66b39d10595fd370cc3b58cb02c43f5d241	6a25fbebeaa38a9f3ae65b836a73f75387522ebf5ffd9cdd48184cd0abc466b9	9d35304b063c708f1b2f8517db3001bd71e08b4c7588d300142d67075670f056	dad7674e090f78a5e809469b6ae5779d64a39447e321c203eb0c03b526289e3e
w137	10a5ca94ad607ed4c1f7b70d69e299d225128ccd53a5e1d52bc8e369022e87b4	13e505fb0e5c438f0154a8e95f22e8c0d62c8d22de496652054964776e6b2643	d502a5648a5a9627a6deef872cbdddf340ba37520a10ddb979c3a45dafa396ba	7e6ebadf2996b52f5c0476fe6d3c9d5c17d893d9dcb96e551d046cb945f04913	76e6555153a42dedc294fc5c9a22651c390c343ab9008e830a20d90ad3c8a89a	c9e50c01fda4981193a1ad1218d267958dbedf8ea4bbccfecb729755c3afe13b
w138	036323e5057d7226826ee3755da8ea1a46a85e151843f6943e74d569a86b7fa9	b8d4422207457935581f3397d9ef6c0e22dbd72780608105fb92bb9ee5a0d5f2	8ad85fae681c08746a96b324e914ff652e55aaf04a4c427fcc27fa61c9ea0bf7	a40f423e9d93423793444afdb21dfe113891ffbd95f0d36ac03166fed16b7cce	782779ed985994acc4d7de4430278c45711cd2452a5ba6336e5b9379e62d869b	edb4d6b54c1f9091cda3eeea9e7253af2636e1361bf5c4cc6dfe873f4c35a3e4
w139	bd088e81816feb838d7869ac67105a87f72c05bca0eab7866da70929d70c75cc	9fd952610612b0046afe95f7663c9fde8446adf9a26fa361466f76bd1342817d	7d612ad0d11d9c087aac05c42b592ae65953b64b701ce91a3bea748480c87f36	592e9698cd1386c6487840417354e7f22b8f1f508833e75d50bd0f425d470b4b	b6c62751485c8668fc0a87cb19457f0bec1fb713ea941702715f84d420143cd9	b6ea105019582f0602d3e219909559c40ac29644024c395d4a9c7d2ddc9ba529
w140	7a04c44c3c17a83318517f9da85fef5ceae00021019456aab5fc2c328e6c4df4	721edbdbfa285d3c9cd4890145ac43285d207084284c839b72b6d8c425e366f7	37c116694ffd166c01ceb3afcdfb2b4dc766c3c85782a4e9364847b0d86d2742	3d30e80424dcd60607902b472f7549387a223fff6037de153540045285a35f12	a5db023465893ffe00599ca3616f61e3a4e8e2d0ebc362b2fc926a32386fe255	ded7324de3f00ddd1136c97a1fb5859e58ce4a21a6bd63904ac6cb542e7b6123
w141	0bd18a16f73d4d54d43a1a661d6690818d41c3922833c1814520f61bc5a331ed	effdb8e90d4ec7511d689eb128a13d38b3f1f08f4be62df3776f9d78788867e0	6a4cb5cd3386a6fc249f0e39af40c6360d708458f742a70fe95ca893e2655811	847cecfe83acf513a6cff0ca7573e8ee4f70c4392f6706b2f823701013a085bb	31a996d448e2852d93a98ba44b414d82a7932bb2a23b592cce56ff38d4cfd5cc	fccfb9bb51261b4b2c6ad4a0939fa6b3a84b6b7ea66e8e1b5c68a0c5f0c931a0
w142	3889a7db8c204a385d5c11499b8c4a05f5e12ec12eeb2833d48545b024e4a6b5	413a4c9cd9a68d9ecd108b32e98454e82ea0d7b2c579952aea74ebee91b4ab7a	8e9a7897b076d0331fd94deec042b6eec6ff83e3eeb81dbc3b8c050a4b8fadef	d3591423a89142d8b3b727cf4755640bf69b18bac432d7a8480993e2517309b4	e576abd6a00d5c982f5835533cd6808d5c9d6a2d83620a57a7b4c9650f9c4fe4	860b03851f3761dc1429a7531c069726edf9352d01f0692cddaec9e1ba5cd70f
w143	8de01f26bae882b0af8b89fb11d54d3db327dfa791284edddc8142673bf26827	61bc3e66e0f12b751b2a048a5f8626cf90228df4c68a8b4fe0f120b36b263b12	3d20f08fb8a8e348fcfee87ab5bb2303813369f0f5cc486ad7c960e927346217	152e249a13648c30afea590985cb5d699d42e84e1b402d4504f9f808fa550efd	3f05bc5280c3ed3aed31081096f2b108108df1e5bcff1ca9ee5011a38611af74	b1a1664d9fd9127f9cc2026380d880b062353968a21e128448da38754c737242
w144	82a383ad8770ec4f06fa24266d90590b7ee8f82e0c10d538deebd1023c86d5c2	a0c9886c98c42a6acc02398dd8f78aebfbf172bc1926a19861c396e571625dba	693c6c9bee7e62324e8a75a622b028e0ca02217f5effab703f3b51bf88493000	3d36d1d2965d627c3fc98b90c40c6191685af2a5fa70e3494848cca06163f02f	31ebb4eff071ae57d28bba416b39b74074280a6ad6f0fc8b8c8b2c61b7e5687d	3d73709b768ff79ba8d275d33a40905454d459272f309031aed0de3b9de865f8
w145	691a788956804fa224ac9498793487b6d23925c16dae349bae3a9351f54872d3	ddc5a2d84a12334e1b628916122a0f714c6a7acdfd8d3f316c85290ae1b1289d	7244252c4057bb9c28d5e97d44e180c7ef4729e2dd78f2002624a912de221c7e	0c22064990f1b5bc275bbdd1836d9cc00ca97b1902a9f2c2958691e76cf8f8a8	a241125f3b4fd861665e9c3e9379cc218b6de3d693d010f25a87af019c14f4ca	576dc9d83aae3d37231b9dc32de251849895fbce923c90df7b1d34a329ae5052
w146	e8a440c0fb4a9b7d3b0c328313a390ba09655ca5a6cb797287b0bef1ec12a897	a77e5436f6e6f07abfa980ba7c4cce833e3cffbe47c8f4d3446ac59d99380e53	a14f4976c8eb7fca62cce9f0b9495d54b3fbf9b6807f1d12fe7f90f479156d9d	0295e0b4188963a27685a4ab6a1212d2b668b5f914e30c5f2a1fc0f3e071e256	5becd65b215f1545824c6d1891d6e5e156c1d15bdd46045a1e5d410981f9e4f8	4f202cc4b2e87710448c51dd2e7fbef06686f79d4c88d922f0368c22f42454e2
w147	d613cd53a5be71213507b6871e23dd0ec2420decb80302ed60e4ebef4bd0f8c0	e42fde164a879c200daf53f7b7f8dc6e409b04882fbf034c57b809474a838e21	e1a7f9803d8529462cc537e7e1a5bd53a291b227ff7c8b5d9f481d68e5ed9916	5d0200a9f412db326c7a216d78fda7d9c80be2789f108fc4fe964c336b1ed966	478f63cd1ef71387f3f4dfdd806be44951db68a368572ac9806a05447a110396	fef5e365010d46022f181db530fd53e4ffb5575b080b7bac8c6b221a866326ed
w148	76109aadad26cec85768fc0dd50def56b620f96b21e5b21ad10aa2c49966c570	008ae2eebd358ac7cfa7afbac2d72fbdaf63641b0340e874d3f701ba74cf9cbb	9c2e273745eaea1bed61cf244a0b0e89db790211c8f4057698920d72d9b5f7d2	9a7ac3519e30b27e7a5863432836a4091543a19c374ac5d6ddcadf795a45744e	1ba5abbe810b0d10ddcc2e4079be512e24432dc8762721dafa44f4281ec116f1	d97cfd42a32ac4d85f3b40544818ac633d0cf615bcf44b23e0fa7f4eddb4de8b
w149	0d820fd6d9e6b0d3da5dcd4d22c2d0da762f65303822a3f98065e82a8570bd03	25a4b90d714fb95e6fe0eb1351362ec91622b837e1524699e5a0c5e76d6e272b	a5ca86e8eb9b7f3c986a93714ca27ffdf59f2512673fb10c70ac3699a355bdc7	5a0759448683001221563da36c37479c0cc1a026d13ec67c1ff196dfd5f4159d	2a3d61b1c6fba3a2edbdd67855712c1d3762a93b7bd2970544f167608d129ce0	a007b806cffeecf30d973964710546496ddb2dc5c6945dd3339feebef219f893
w150	3babc90d6e2ee76e92de1126f4814d96c670e838b3d310549b494a32e94524cc	29ea32499699f99cbfd02ac128ba47bc4e601aade3d66a0c45c5f6a537939a53	0f9c339fede0025ed538e0de48a19a61538d3dd011a6ef01afa2bc701ecd18fd	8ec1f72bd7e3e828d1e30c9be385070b3d21e5dbd2aa02d97909678e391d0a70	58ec71cb534ba6c700f05b4824d8d49f9540e481ba951a685c8eb678f1b7cb1c	4f1c4175d295a95c5b62aa82bf25270fb8ca5e0555fc4261cfc446066b97e35a
w151	0dfad71abd2fa260183c8dc087935eb70c6e2113e8dbb285a29b0cc6b907588d	7a17103f495ee508325138beab072aac447bb2ea0e88caad8e5a80fe2405ce2d	8c8e5b374c33d67e21d6d1b7e6533e248640b918e513aff9a2ca58beddf1dbb9	52ea0eaee6afbd6ebe3a53cc52e6f2f224f7dcf570ab498bb00c3b1a1e78715d	2105c1f5f32afe20eecbf80709f8fad263395e73eb1141b3abf2a7ee7e57b7d8	d3c24ae1bbb484faea2b0ea55ac84957b9aea407377cba1b4b1ed98697439af7
w152	466a4231d5222fd88d075b48f2f3d3275b3865c602c132ab7958533cc168ece2	02b4f73efcb71f1e6e6de3a4a8bacaaabeea5ce6d08297df7ae2fb893277156c	b315dee174e25bdef65d78c8a721866922efc057a3c28580437fbd0f5cf8ff76	9cb7784b6000e745ea79f7524447d14ade890bf3ab973752dc66ef3ebf3079f7	b7d03aa2171ffbcfc8fa9dfd510626094f7c1873fc000c2728f3dd210e87bed5	7c5903f2d65a88a97438d3c5f7a961c7321b1c7e30958896c4f47f9bd3555dfa
w153	295bf9f8a06d479b61c6a69c65b9bad3eb1d9be276513c28b2e80adebac2e552	f57ab58c1fe40fdfd36230009240cb8e8f25658965b6293aab8f5e786e4a9ec4	54582668d30780aa0d9fa117e2eea9caf192daefce570bb79f104b7865eec01f	2e91057dc30b6c1517f0569fa537a121676b26e1c15383c10d0063c384209002	32cdc34441e62334ec105d28aa3a61ffb2fd636a884abdc6c8d74e5883588fb9	7ccb955dbe59bb2229c8d36bfc8d8d1dd9c49fa8508a1c836d412cc6a7fee6b0
w154	61586f032cc5099c9c97eceb2af32c11bcd98dff0ceb9b40ccaf4db2d682bcb3	b64b5d337de29f754f79550469a6a2f535521913a0cc39fcb185b22dd68ff697	a5eef44020827dc8a56a9d2669d4de1adbf026011b8c2217d87206701330dfe8	23d5d13b1c75cb0c055918c6ecc9557fbf297256f0f9ec1730198b7ba02964f8	57542bbd2cab14143ca8c5e6a12bb20dbd9142327ae928005797f1a5c16898ad	b729c4e7c3850bc9be7de99fa926e85460e86296bd8fe05aef0a0fdbdec36b7c
w155	56cc8c0680f43becd7553e114916f5f8ae3c2e325991d6b35e31b8e12c8b079d	67394dda46ff65049857012d134b5f534f8476a642f184fd9c9add6c19ca94c3	5b67afef37c75fa7680908ca27a834519d7fc7f944d510bca02002a0bdb5283d	fb8a384cf4dff055718b4a6dde354fdcb83e7817b41ab8e293385e688650efe0	404cdd7dcf5be2fd1bade25d8848a6c61afa959b0f18e7b945e0f004bf06446a	5fbe297b94090402212a1787d8a09881ab5793fcf9e01efa42b6267df6f37934
w156	0809663f0f5c5d3cb169427dffb6cf4974cc0b2fea9f92f2f48d7728c72a213f	bace22b1907ecf7b25c233cfdb94e37f0fa33fae626503a76008b9d095144c5f	46fcecf44f506ee5cbdf22cd8f0aa43e87d9f21f484a9b36163ed6c5c3b58e87	d329bba6128cbaeedbbddc66fba204473e9aab97da902bb3186c05f47d0d4099	eac3e954085297d59746ffc2903db130643d1f41c7e83ef62f39fd125e1a67d1	592648a459893301a2a5ec9b8dc401e08b635546fc7127d2deed8a79b0abfbc0
w157	5ac042e51fea644ceab199df1ac38907b555cf2124f853d76d0e39aca32e8111	3421319be1cc4cb0190bfc56ae48cf805de39094f70d380903e06df0bc07959e	17e13e17068436784316207e62a9d7149065f4eb5a5d6501ab645c95eb29e371	96059ab0c99aca19649a25b057348887680a0c3fca2708b7e4187f24198125f2	1e34797a2b71156114511c21cd1a9f1980b6a5ccef8c981817968632d3ebe7d7	df3df1accfe79108820b4727c7b0f691ec4f9129025178cb098eecb5c7cbe819
w158	465c0d861f4be5332fa67f94c42fc838b87ad553d82d37db6f3bf39f99827412	628f56d1882ad5f00979abc68f7483ca99e6278c7f4be67990378ec775b26809	6923fac30dfc0f197832328829719e3cc84b97b9f68edc01341d6dd9f6ee9ddc	52463a5b24fe633e141f03b2a4448023175a759eb22dc8a46f4ee23e7c3b7a15	373a7a3fc769265ea42ea32731d1a5f4566c17b71b20380477ee59d31504356e	a13e82d11bf8cfab49f0c69bb173d27ca43ecf6da22181c2ee5682aef8f9cf47
w159	30cd07603000ddc4fee64c78b8ba6adeda932ece620957509fd38659e77b7fa7	f32b74a48c66d2365e5995ec91e39cbf28559abc4557fc9d0f0c5060b3d9a9f8	2d9d5375529687a823510f5991a99de4ac00531896e02bf2376a8b8afecff02e	b9c714d77181673cf14681f9dec0a028d4f3c29c62668bf4d04077a3663b356a	28c07e298ad211483ccc410915cdff23caedcd79ebf3459644c6ff8e0c3765db	b35db8697c921e41c3fcbf4f737c5133c8b80326d2e5bdbdf8aa5ce42e54c488
w160	c0cf11843368bcb13e5f645306978746fba4f5a615aa2a277b3183b48cc107ce	7ae32509f30ecf2b4df3587218bb6f8eb9d636facc6aa189acdff51a73efdf9e	f3e906ee5655ac73f952a50d394abbe39e5adb03bb22c2c55aec05a72fdaa95a	24b35d22cd6cbfc2556d01d4834f1117f5376bb85a10eb036f386804ff6fe594	57d28204d940276b93e42592c39c8debbff1664d95894378b8e034cf7eb200dd	1b1c240421379e946d352e952ed918a44ba6f982c5ed9ff57f0ec18a27fd954d
w161	41e4e7fdbff37df4a344402e93da12fd6493c58739135687b4b99f376e8c269b	87ba3ce3f3ae4c17e48007f39b33db03e1387080266b770224ceb057105b321a	b4de4fdaffb5b0d7407815c78a07fe28405c70792993f0c8a058d6fd83dab662	a3d51dd68f0480e03db4b692379b84053f7b93b78b911085ca2eca1a4ef8e84a	431c619b371ec9d47cabfbdd87b0a629e5481115c7b1236fee5ce41c6426c557	d512556e32eaffa1331443754e08dea5d6ef702c4fe279cb92966f1196bf2b6b
w162	160e1406e6c2965ddc8df517f5202cf68e6b206f3ad1f98b0855c6b6b3e4f743	8997b3ac24e618ecdb0f1669993b19e5ada59171e95f0f643840499d2beee103	0528d8693004aea524fe0aebb577b2b22001c1b5659b794fe4bad91d06de159f	f9e072d85566434f0de1b75aab11dc3bcdde692aaa817b7864a8f85d7969f492	b4f2e3da9429b8a984a63771bd5824231d8272b83765c83797c29058ddd4266c	fb0210bf72e5c7c97265c94d9ad6d4c4f704a5b8ff5f1ea5f0e6e27df8a26229
w163	8bd224cd83812db87e3dea39abdce431fb9361c787a329cf97666df6425d1d74	4ce0bdc3102fa7173c66ce7433f4096e21fe6a93c70c6883fea00e3bc31fb56d	7206c998785cce76290d657195c0c2f3109ef21af2bf94fae9dac8badab8d775	78ff7cb6599e104ba4cbf46732ecdec72d68cd6b53db231056929a061a2f0c10	f03b9af9215b7cfa9ff0f70f9889ad8954abdeb9787393351686eb22c286131a	375408aa1dbcebb7abfbbf956960b55b3efb2e4f6056eeba1df63acdc1ce9eca
w164	7010e1651bc18b837482caa5a806f010a523f8f83c41f24f715bb7da513d5295	122ec24ed8274cd3ca9e18c6ce04100b51555eeedddecadfd77632a48ab29455	8f415832de6ff4effcc5d86fad1ac0839c8b7556e364425ca8df94cd7141e602	20ffa7f85e34b733bdbab8fdb67c6cb3fa3a11bc2ad78c1618f5199b2492ae70	7afc458f2c5af025c6f0faabe589d67322dafaddf7cfde9b25076b48e9116eae	5696dcf52c06d3848429f8ed1ed36cb3739de473f4f2ec191e5a55cc28c4b468
w165	3434768d1176c3f19d5b26787ad2e46c3d8aba4c4e5e228c77e5f38b6a8c3954	78ac750257f0088059a5973213b3e0b6b068332d54fc88f20d94818f0f21f810	1a9dc8188ade71a2af4e763094b9faa61a3960b8c2618a12d000420877aecdef	85358b13c9dfa0818d367b12c993badb1d1bd3ce214a3b0cc8e8b56f45ca6324	3660570c5dceadad17acfe7c263e349e22693ad6999ace7c321b9298cb45f483	8e411c0bcfe9f622ae61dc4a625b7385effa97400eff12e5c1d5644c9d9f149c
w166	b6e03832e6ab2d35eed62619ee6370fe6baeba5cd7188b145fbb4deef1856588	509ea2d037bfc5b11d5811cf7a87aa940aab84c48b4c7b48962f8beabc14ebcd	5a0213dd566f8d6eb23387178f2630f777c87f469d9953beea7d6905ac916336	ac665becdff38836fbb50050fdd8d3c2e7958666592e247cdf8b229113ebfeef	caf888429643caea5ce014faf520cf5dcbdc94500b3b955c208839d2a3cc3052	393b5521aec977f6aba027ff172ebb483383029f3253dd1dd046d8dda90dc801
w167	a605f4db48c70db9bb1f7b7585e6e08ce2196812521b8c03410cf0e618605e62	20742f0551ea29ee0c602cb70a153caa1efa327134280b96e18ba54f399329fc	018b7cc1569161f5ecd92c6890600f2e61639fbf5a5e40220a74cb609739a4d6	b6687dd64245ed82ed6583fa6a1f50e0455f4bf735b3feaf3029da4ae0540121	84576b8d6232cd949cce2c2979502cd4f7244cf58d40571cb452f67ae7f6a521	9cfdb43ee6394016dc05ab507314dc72391750370b5b3ce156a516e8b301e574
w168	c29ab53a087db70e77ebcf6ebb8cbbc5173de4aef407a4124e43767754aae78f	039f3dcfca0a91b1e6cbc8b7899f8d47ba6903123ed2135318761323917d6db3	ab298ba8d96b272a1cbcfa70d1543fadc1d3fbd1f19fbdf8cf2bda7eb2ab8d3b	de3f8fcf2c2d0edffac7ea1963b5acae4141b5b2385148a35b9613b958f7fea2	e4bc92ef6b2dd33ce370a181c83fa05f8fd0ea68a1e7dfc0c4b195e78b66c4d2	16bc413e70a153c3b9f7fe9683f8fa6156c012c39a067a6a691cd495f660b1ca
w169	cfa1786f873c9e5a5af57ad7cc27ca4f85147b952c484c33bb7192416f9bb91a	d080c1b51420e0bda9f79ba53f359eb87486b5e8d28604686583a28ac3f68345	cf61cbf6f2fb390d83fa9c15c759f111c13c7632a47c5c65dc360eb624b60e33	bb2fa6d997a4e8329f226f88cf1e8caa89f745e337239b69153a8bc91a7556e2	a52ec83aff051e734f321b746701b6436e972d60fdb87cee8372a71cf3c94c31	6a8be1ace51549fa77c9c6cce03a76f5e3f666c1c7dc52e7c9472e09b2ca2178
w170	f2f6dee973727547b7ede8652065d1bf4962d82c68f78b874a495424fa2cf2d4	63bb9354209a27dae62c5fd9ae20b4728fbdb23331db138f8a3c142f0c527ef1	c80852ec326109367359e0f46e580bcf5a4c50aec4c54d662f87172c80ed6f15	c1d901381db2036eecd3f893c179e7984b35e4f877ed0b6a9ef533df545750b6	d8a28643e1fa4ee582ae5fede5765699c2f46ed52dea8551e22ec7f0b0da0064	212847d67f7cd4fd5b8d692ec701e49d3b0e003b584b0dd707671faf7d9b7b38
w171	5ef391c3269f9585d32e91bc0503d17531feead9808c3192d735b446facc619d	bc050db0d4230c4673da1251e720151aef1b56b1da5903b28d994bc9832fcf1b	b95c6d99b876780f2871ad3e4317ea0997abf11489baa0be7d0ad88aaedd69ea	4c8a705d52695793ec6cc8fed9de6029ed1e13f282cc1afa013f9b28f10c00e9	4fa16f64b5502dbbc416b09235e58af89a5a65ecea22b459e71bbf75d8428170	bdd350eb7a9749a2b07e3774d74bf28cea0e8a4fa0b8711e3ede2a19ab5e37ca
w172	a4c0922382c83b994fc143038e890e807175faf700036249eb4437f53ca9c919	0314d8c6689a11bea0c4b353701b9e721cf264b05d25d2eae616ac3a4809b144	550c9e2c03e9436ba2581dfb628943f7c7dceca329af3316adbd9762ddd2165e	3d01ad41bb2af6837735bf0aa4b4e67359820c2826a3808ff46eb78455d5e973	f553468da9f4fa9c40ed51a1f360b06f72a9b84eb611eb66998be66824dcd5dd	0b66ff4a3632991448f8a7c0a1d869740bb4f7e8ce11ef318a2335149cb259e6
w173	4ead21776db783e4d7033762c6ce917b9ee09d157e7d42d72ac9f52d1e3ec298	d6db5f4948fd0acaa1189b506513326db7e9d1f6605551a55ac2a9320ffe15e8	daeca646613fcaedae885f968b8aea94e842cf88ec51d12a8e65e4939a4a74e1	aeb8e3cee1e189d0158b9984470933fd16f03d85f81a87e18b2c6704e93c4f32	1293fe4396a09d2ffbf0b662ef08157b2e7951b496295b4d16f3b08e8f530029	28d3dc90948052ffdc3e1b94391fc708d26c1ce6a93adab4b2958f59f86def47
w174	152192c973156dd8fd7f36766ed9a6755765d0b58ae412e340f157241c1e04a9	d19de922bcde435426714671ff60201bd6c0dccb6f0b9eb8e9fe625277e74172	0255d7ed18be008676d45d1afbaf3dcd8a55b1c910d664fd8f35661c09e31730	07f6f0d4e94880ca67902eb55c1f8efa25fdae46a36edc2ec845dfe8aa43e8dc	762a3921b9c33e7f4c1dc300cf355991a43ef67679a13db630b1debfaf4574d2	fdd0da45f132c3901ab309fa87792cc21b7da148511d27bb52e2ea442ff74871
w175	e6ef4fa90e0d0d6577727f6c37597de784d49f57af029b6dabbde6154dddd1ef	7d9513adc37afb267f0a57067210fa4c594880809b56ae6a886f3edcb65dc09a	c3c42b98e32f7140e657069514d65339fc95e7df85368013f9f85c199eafe27c	d30f9134caa3e6ae1f134ee7b9790f43bb5c7664548b197d4e09c3da2ff005ab	f433024e25b4845a8de88c477a510e32787907bbc27b451262b86e67f50181a0	52f38dacdb82f6aa3a921517f2a8df2150ba3aa00b08d6c4547abb1bb31f457a
w176	332ac1b3cbcdc6efa39cc71cb90140e20009547f23cc816efed89e599945af10	327e3e5aab156d2ddf1d17944ce7b8fc2049efbbcd42572e0abe65136adeb648	ae797af1687ad3619ed3279498aaef3073023ec1c00e9f424a093260a1dda3d6	cafc96aa80fa897622fed0837a7433e9e25a0932a2e5044afa95152a273de4f1	c1bd07f3fca4092f4fdb5ade198f7722637f039329885377eb67c0161fc42136	813f5d44a972b8f4994d43e2e06dbb83b469bf35500963db9e5c95bccfd9e801
w177	c85f8ad50227b4414bfbd1383bdd7056658783a6d804da52572786ccf9a769bb	f7b6ee28f9cb698212f0f2375edd754c2e81ca2d31742b68d9aca4eaf98d7d2a	5bb21d97af1f6b8b6219ed64678ea13db4c4e21aa5ab70c8897738e97b9a91bf	dc48bbdef9c62629700286b25530147cd402ff606c93629fb191863ab2aafd1f	54b6692226fc17d96fa062563b3d27c4ce8756d280dc7a3bcfa844b1a2fc2018	77e17859369a530d9b9b16f25541c3df5f64cc12b531e07ad1e7f42367ca1fa4
w178	0e656dca9b07e824f8cefca647c6ffc7cb3fc3a52187d5458b9ee42b5f4ac799	01027027fc3f5c849f0c16182efefa373547e57a1933b128a7789fa9e1b228a7	1857f121b97032e7a23f751d59c5a381bf9fc6d653ad8656097d8b9882bd590e	11bf806323d07422dc8dfaae9d023360ff9c54b6894feaed428885179dc371b8	31a63b59d34ef447a383abf802877fd0110d69b4ef788a557bad38d4ec8b20d7	a78215f29ae874c1401b43d877d7621113b4c21df8ba99169f0ee7b3cbcfb346
w179	55ac5b7097efcd941307306984241d1fe3f02050fc29ef4fe98f111161ab2bdc	288bd4af283ca8d55957953f3daf3586b6e657fd408b865925fe4e701f671b90	dc69ca1a31b1f8eecb2b26a03930a599ddcbd5f136761a46fbef5fed2354104b	d53d1a8ab0190997bdcdcc980a1b7315f6678edb19f6153c4db3f6164a96eaff	461608381b013c604b752b3f4dbbe82d7498c55bec85c4c2b38fa89f05602477	9ed62ac49f9990b6f07957e73cf153e600871b5a7052b74f9f5a8ca5313a934b
w180	9f7da68735af4b6e81f16613abf125aa0582730479198cf0471a17da4e87a14e	b9d6feea7c884938c53523ec932485745987bfcf537bf5ff06cda6a06e24745f	97aff209c4f878bf02bcd3118eb643e5bec7091388c92881722fb6776fc27802	03a529d835720d9d76e4162f3046568ec57306a4656d09d9feb3f7d8b1556116	5d89eddc3b00dc1d3e0a36851d6324f6ea68f1abbc76ca5f054d39eed2aac99d	94f8c1d60230f2e3e28aac48dfdf94c8e5f8098dc69c203cda696af319258e76
w181	28517e2fa1cae6a976452ddab118e4354c069247aaee9aba20fe67718000486d	f0aadde2ea627531766492f2dd4dca577f539a9b450c208783e2214959928e7f	eea808c1642e9c3ad077312649a5a627b52790796bb904e4b07ef88ea6471feb	8adbeed69895b8122f79c1e3515418e8aa863a25c820fb10b3cf963305fbfda0	62400a81c4a4e3877af5d3d3249e6159fa3847be891cdddb4f92e2635f7950f0	c43f1c7322156468469e6d9d74c43ebca830f27ddcbb6012f7469d2781a1fc73
w182	6e3bb81e2fd01c96d5df72aad749b157216ccd9ac0a293b380ea9ddec998a78c	dabe1b6d4da12ad8a876110d8e1b1d004bef4aa2acbb1e9b9d81e99bfdc9ec72	84833117dee137a3e8a0efa32772208acd01435a4975fcbccaf109b8044fff74	3e9618239f0ddbd2192a3f5dc047e168cae84a12ab61a7e0f22370838f54a250	f1ce68a723da3bb6ecf1239be3cbc2653b191ee3f07ce21844dccb99baed853e	11d14bf96cf0aed2ab629d910ff53391452ec71f7f7db34aaa05f4e2990872cc
w183	d3a92ffb9203c8a9cd311b4c2eba1cba5fa4087e7f9c3cdc3cf549ed5ff657e7	415f9f8d581baccbbca5daf7e85d1ad43dd16d2ee5dc8a6c2ac7283e2c7492a2	7feeebd027524186de2af44ad3dba9ca197059d66ad1f75898e0a3be3bdd08eb	c9ce59d48fe8cf9ea3023559bb84f2217f8e05f498353014cfc3a268a0ea53e4	05f3bf4feefb418466c49fb5b20390560d2532ffef06d4ca8879a0e55779dd8f	b3c10c477892f678e3d1885670763a06396f13208f76bf9e40a6dbde9b890e44
w184	fba99006ec9b393321160d6be62bc98f457992134bd95f7f5c6806d46daad3cf	bd629ea47b727f63d256bfc44e477f071c1a9691bfbc3816147cd7b4eee66c2b	d7405a2b71708cc60eecbdbaa6ff4d67789034e5d7c852f714cac7e94a5fc0fc	297e3a42799e7bd7de81e443d8d5dfafbd3289554f5abc7e08132b8d94a24f2b	ce5adcada8b7c8bb31b0ee5cf2c018caba47ee42c5af53393a1c4310502bcbc3	948545e6d76c941936161d2ec721b030780089780f24beea41d2382c7c21aa4e
w185	d4edb90434e0d410dee498892a9a117ebe6180a3e1e39d37e0de6e4f725181e9	3c102625fc8ab448366dd6a4bbdd832834157d85f52c686ea43865e351e538e2	dd888d9ba4f3f22a6d701ec4d6e3403d0659648512f6c67213657dfbc7fbc488	95f9751c3d12849f14cea4921b3d33fb713a09d1f7254aa33511fbb5d05dfd81	08adcf4b6d8d88199210be1c0e02ae6073f750e170712743b353c1a628560e6c	63369f8aadefe389822a25888f36b8b95aab51486f6a9dc1de79b508f8cc52eb
w186	f5a1f38b888213d332d1f3ef02ac1be39aff411b7a68d60844680c61970e08c4	4f0dcc2cc1fcafbf04b78bf1669dc1458b81e939105eebb0cfd3a17f6837aefc	273f15e06b506f70c0218113fbb238ccffc820472d7dc067b5613cc54fef7765	4a5b18b279aaf8dcf81051676d9edc9c7d411ca53622101108a1d747ebe354b9	1de2307635423751c7a63e6f0f6aa9db36d43bd97ee46108195842b0fd1a186f	2082ffd9702ee299afe18bfaa1ad23f9f705c76b1b05150379d855ada333f073
w187	5dc25904627069e167da2e776291b25972535e89c960ea1783b111547734a202	f5c312147e884f15e0d60b933a885816d98cf9e605db8a7280878570fa092266	794427870b0123c84f53c183c512b32c437436fc33ef80fbb124f0043d0b5775	a68261325faf91c8ca908004677c3f8e5f100e094e6079b1b4743acecbbc7a67	ff73d413a9d8969f43a1a3ee45484879cf3079541a9647f38b3bdd1d0f99d72b	f8f8812013706f5e3cb5171ab3f1670b1824c6ee46a53f954600c6c6b22412cf
w188	48c6a75fcf6ce963bdb845a968deae221512a1a5f3f90613b5b64dee525e45ca	d0389e29370f80ea47f0b1e3594e2e6fee814e94e1820abbebc32cdd3a2bd44d	3bcfde76aaba049102aa8dc095001144ff104b968b430b11519f9c7f1953cadb	7a184a9122022bf6ef6f2d4a2015824b2e249424d011eee7df05920928cf99f4	ec395f9c57cf6c20fb2e19a47375250b6510d990b7fb4bcaa4f56e9bd4a86e2e	e3dfb5a37ff152c39771f8b4ab9ff938611240e7f918a20db31e386e07e15942
w189	14772e5dde4d9c12c39b857f338c0fe21c60a2a48d0c85a05bf5b7364bd59e4f	d3dca95d1a1d788926653df243cc1f71c804a78c863102ddeccb462757460376	66a3c5960751b5a6c6693f1f77ec670b4d0f69004a8e8ec9bbdf4fc877ee5e45	8d1e13135ec1d5489da55675b2ee0d67a1d0f0120cfb1f6bb34ac60361e429dd	b65520039ff11e7359e1ced462a6f646cd0edccc124ebe539a22c72f2e857998	abc7146ee4550175b97824280e04f9a4585feaa21d1f9f569ba68e8707314223
w190	412483ef0a3a9ea99424608449833bcacf84ae84a203f883d2ae61637cf5d40b	e42a89363d1e8453f58b3120ac6f11ca9000b996f8f3c1cf6e334d5725127d0e	22f0a9cd0870ed3957b7b482f439fe07fe4d855bd10ddd1ef78c8f521ce94e42	a68b1e33e8255caf905286a95c9ab76ccf6c8fba6a5810c18fc0eaae823fa38c	ca823c5bd15f0e1b24ddcad7aad539a5940cfe04b594b55bd108df9ffa1d27da	bc7af68cd3f4855ce5f9858e7faa837cd5c099501b95f03931e0fab5d9a2f07d
w191	1f5c5aeef807d11190d25b1a19dd8bbe6e0438a4c8393b6efd3cb5b98d92cd00	cb620d57dbbe1582a629f32eed6c49b160d50bf71b3fb13c98f1a700ab46668f	543a67b846cda596751be052afe01fc9d0206d4fea76e40da14f0fe35f4f94ee	c6a327e9dead61201efeb8f5ca4348b21317094caee8eddc3a60f5ce8e5d8101	e406a21b2c923a726686fa7c79238f0251fcbba08479af1d0ac5b1f9676fc334	a9ce312d5366a2625f4f9c3ebb56e392a02a68794a212106833480d70f24dc5f
w192	5f25efaca68e35dbba77f8cf734910d5964f473a5752b523b57229ec82a2be80	1d81b680de8ada60b4b062fda420581ab474a5a36be8351a7bf4ed5e68de6fa4	3186f08e5d4ca800d6996a5659449fa69f2701396950900f5265b78152b91d12	848ad83557a1b1302fa420bef5106aace98a53bc8788fb3f74dcd95d81f53261	5db4356353c1cd7c6a3b92506926ed6b0bfaacb6577031ba9a0f82219ad74ef2	d7d8b2a6423d63d24a17e6142caefeca348559a908c4ac777aaa7c56320579ef
w193	643aea8cf9daf14d11444193f964d4d2414672814ef360a15fc2cf0cc66c074b	1346ef142e95848eef2ece1a29381ff33e048c938d1e5a1dec52a02d3c2cb328	6b6aa59abe9293866cf3894984a4c25a8760b519b00badc53b18c1730f63c088	7a5e7b8449e84b9477cb6348ab404dea5b08e37612168cb3b9a7cc47091c33db	d7d3e158f2b29c44daf6a893056fe602a90f4b4ed19b7ff502bb8f0cb1ea9554	c79457bab4ff50dcf6c0a33956c5a84df7a97a069ed14bea25687d2401f04ef5
w194	6570104ef98abf512b0c8f8f58e2c5b92019252b5c7e5cecb4d5ba361682791f	0b65371ea8e0fe48811c9d0975c64e8033715c2c126c620021dbd896bdb4679b	b7b173a212945fa14a66badceaedda75060b70b704f5698594fd85ae9a4754a6	da3d529890cb1ee742fbbaaf4363abcd5d7ffdb2f473cbfe3af0ffa21e3d01dc	96deafe29e76d346d4ef51bc5e74f359700ec8e79b67353bdbd0fcdcc4c42dfa	cc99493e215b68d49c5c68cb8481ff714ac5fb4f98fcca1e7209ccf5c62b9277
w195	5cb64e8f8464050b98e13de2af9c204420894d011017f6d6cf6ea661e5cdd7b2	df2eccefa83351b475a22d331a644335d0a45d65c8087c1ead320c45d0aacc5d	3ccd1fe520f521878b0fc6094ad394f155ca5590fd3b85ce233b4b87c6844052	475bb931c0b4fb3c877d0b18b28403e87345c25f07ea86287117588dfec78321	c9917deaf16f948000a8707ca91f6eb9737094caa0a0cc0ddfcb20b752049377	07ad819826028368fe14b42cfdf6acc68b317c794909f2d931a4bd5da1684c7e
w196	ddf41530d82a3336440416bab9642ddb418cd3e4298b7bc13e89742eec67740c	ad23fe6aa4f1a65eb8ce47c5cabf9bad3cc05ba545a63d0bec88d3d5b0774f4f	ee5a8bf893b0e61cbd579e38a483cdee46998427a3746e8de1dee45bce1f36dc	47219a7a4423a4a8294a1bcc561b633a20b3b8f2ca99561fc5e7a331bd0c7417	b279414656641f08244946d5229bd327ed87961c17cec63b18bc95e0f391c1f1	5f0798dee83c16d4d3b82ed67d7fa9c82d6bf73a5712326b91bf2a72a28069b8
w197	ac182fc3413c472ab817ea9519e72ce86bd504f51026d41e033324231e95e8f9	d6f9baf75d5829e41433de74f750a174e691d3ee799cbb6021deb6259cb911a7	818e94f26c6bf096bb7f0ca823e6f148e2e7feb89204da770b612c5678b9e37c	2392ad2a782924ff2889c04a60fe26889b7a174c27ced81e32ed01537786a3da	f889f3f466eb0cc0f8170a8f84ea984f8ecf22f172a968cdf380c4f22e607575	a0fae790b024975d8968df8212712006b4e9cb9e680ae662dc9142b5fbe74389
w198	dfea1851c2af211bfaf3bed4fd67ddc0cea822234d7a28cd1f2aeafb4e5f9a2a	953edbf3b2e3209e5229afef0385a7c57a0ccde02817c90be22db967b0ec6b8e	d6a6223725042ec9447a2ebd6ecd1aaf2a132d547548d69c4b989c943c41e98e	ee65ff1e9e14fb15dabb385533fabdb40ea49120e8ccce766793244b0205b9c6	6e550447ce25f84c50dfd091e5b1922541767316dcd60620c08d9da1f09dffb1	fcbd7a3fb8bbeb071c4c3e05b2345c79b910119310574defb91891479dd76190
w199	8b3bfc5717601dbbd4c92608957127e0fe34d3bae217600b04ea4dae8f05f9a8	bf2940c0013ff687b1f9178c636b155d00927f2b56d89183c020b1769d0e1c56	9c67f400e87fe973c7b195ee3374e5daf0896f1038d96186d7b1f91962ec2fd9	197d8a05ab365bd9300e55050869085eb38f22dcc4fe3d95abceb5e655c80a3b	96a9f9bb1001795706cc505fd67a9ed155b9ac0260b3376268579cb380428ac1	deb1c4a284b44a857fa9bef783f14cb7186894378ec399a5ec5afc5915f691e8
0	d1851c34cbdc2ff9604c85504e10582826578c97068c18cedc3e5cc3e0cdfdc0	657301262fbb47af3fe29b23cec6aec5d4b0b185d3db3ef93b89c722826e0ab0	8f7307ff4a0e4459071fc481e158671f8be8fa2dbb42e7a4ca52beb318e82252	ca5339480fdc68c03f029d2ffa3a542405df11d1fd5d9f0cc1457b784cbee03d	a953dfa7a1259536428c146a2dbde3bfd4f4b9fd23a78c12aaf0716e744a86a7	59e425ad8b3fb1c37113de063b0e5abcf20903110db4ebe89c460a9dece0332f
1	5649d40b21f71dacd8895872a06e13044f7b786cb245f1dcd42928f59432fdf2	c9d1e3d24e14843ab0d06c7dde53e610446078a5b12627e57dfcdd9ba7f4bee6	aed342c401e9a2e2db906f91f5fc254b547e5b641081c3ce28b267e8821d8607	474a0cc19ea9e2801e56afae90bc569220aa3ca21a7676550a9ff39b9f73aca7	452e3827e1c9c542b20f6a7a2178f29285c3681e4ae7a513a1a2e9ec51d28428	3a33b2cf3ab99588650b81a7beb2ebebbae4a7b429af24db274c57e53f65261e
2	d805c93961aa50cbdcf30d26b14b4a1ab317c51fcb5d0bab49c0c2833b2c12b5	9183c0b472f6904884d6696686e0d3e7541c77c6648bdbad700eb5b127ea1fe2	9580a97b376091d5465cce0bf40b67f4135f9b69e537cf70f11983c32d4640ef	9b210c4473a6bd917c49068515a5097af846e6cf96f6e04ab12e4664b353700a	40323a29b03d629440f40ec9e8bdecead5929c9f877f1877b06711a1c2309852	7811985f994d388c813785e3d7347022068be043d0d75444537d78a21039574c
3	18275d563cd1c52d62e24048e16d4bcdf19d599d6dd2bc88a21dae306768b6d6	eee5724445e0facd9e607b9fb4d4a5d560803c62eb469de7eb8cbde35a9d7188	259b90c16ee65a0157aad68d306fd6bbf4fb97835b875dafd3f81ccd4436817b	7ae3b7d49f777cc87d20a43df1b3224bae067abcd37dc1310bbfa60c243fe712	a8ffd929b3c3955603b75b18a3257cc272d273a6801406ab76c87e62b97ba867	cfe50b77907754651aa8de33dd8cdd096ee215c5a8f721e264f2179beae73db4
4	8261fb62ede009f67f784f5e0d193409715d6554b996af295430a35e81405674	1930b00dccf175da7cb5c42365e49ca44b8b592f37e5db1e799e7747275c8994	49be733151b13c2b3894560928e08b3eeeb0e50d78e84ad7d8d1ac6d22806b35	df404f8b01045bb88adea1357d0311e316f41bac5e2a165e8fdd5751a91ff260	18bb09c0e02d1e94f8e11ac2465eb43e2e7477e8fadf8089965b522427eaff49	79d4b5df3c1e3a1ec6c682e06a82b171c47ab695dc030e7c946b245c813d2fb3
5	56188c225be1a25dddd42a208eb897cc6c2b261405ca3fe90146ff6ae0fb0743	2630ea0a2dbe663f15972789e60a15c804a71b52aca719edaee687839769489a	eded7f4cf1b3ccba20eb9082cca4d542cc7e3e8d1f12dc917b06f8fb01fea96e	227f610875b3bfff46b778004819113c4de4e8e41d19b31ec32c93d19b051fc2	68ba543d19cd4b2a942dd0a3abdbe7533e847ac6d70f3aeb7903140da370bad6	c76cea334a3d0010c709d26e17c78c22aa8c4d742f4f5ba45cf94642dadf6539
6	80fb59100e478e76f033de4419d5ec654a79a67200a296ba1eed2fe0dfa334d1	9800c6d2d826363e9faabeb71cf736b752e3afc90dd7d1616f800183c70afc77	02d1a75c19a3e82326ab06ef88630a42e6c08670ff086e4da10c6b071378059e	8436b42e8940e3176515b1fdb5940a01c77cde364654a3105f41e170e3d65643	4085dde3121e699431d19dc828c53288455ed0bd9ccfaacefc65e481dc85a1b3	3cb7dd70b09ce4cca7e4f9d598b8475db55100220ee4d0704210be4c59f0b25d
7	1e4c2fbfc6933c1b962d95be27624ed141b55e6fea7903f0b07b862aa12da14b	d523cd98c8da8a911360f6b1fb80f4fc0ac471c538a67ca0caaef74e75b50993	deae9d79f3a318ad544774a2ccbfc5f5dfc73101d8353bfbdcef85033df0b2f1	f80b5cdc50a301d1792101ca21abb64f848d6b5b5636d0d8218305712dd8793e	c2eb5f69ff833fd02639ba3878c907f178ca11206f3b5982a6b343dca5edbf0e	6bc21d8858209e6436e0317a61fe58946f7bcd88637ff8c431dc71c5cda963fd
8	0febe7de967642f19893ae22d1bf2e3857aeb9b970edbef6818afc6ace7b2c4d	3ee2d757a0f1bcb1ddce13fd27432c0b7a1662b39d1ae363a286ab4879f7a391	b08ca32a69676ef3b2441cb75cf8ca4adc3c4fe90bdc35fcb82de82a86a7bece	c556f5d2c3eb859d666a116f482626ca5ca896c055ebc465dee0d4ff32147d0f	81a7f82bc11dc73bc3926ab8e28020f50db432e5ba05aca7c5336eb4d1f88ac4	984cc95ed1454b4a6dda6cf85111cdf11330f47982a9b58a170ac585d7186c82
9	3238a2ddbfa2f8a789b8a46f2e6897d0cf431a859e8845fc6279562c2a676df1	313884ac321b65304200f044ee16084812747811468b6e14ea94be746464c304	cf2a05bc02bbdf4e3b4605c98e167221c9d471cf06816c198a8f85789249a782	7bae10c2c5f6859855592c7d4736aee7d331c8a692a34e202271c29ed7f75c38	ec0c5e9858a7143d5e314d96b1fbc53d795a14a0dea11a636bb9a59872b6dc2e	ce86cf5882c02563970860058410c13dae678fea5a09858194a3a39ca0a0e987
10	6ec6d311692fae5fc1f834b8c448b11741d9ed75bedd4e97441933ca843566b1	be8064b2bb8d7a9de85eff98fd2de08c0adf08c684a05f1f0cf49efd986e4361	561ff99998b4371f4587f2a8420d4011770e576a6a9fdf303aa60dcd42dce281	9728c58c8fc7a2ab0f8d2908c979d1b84adb06263d6ff2caa49b21ca18bb289c	0a8d29e13df09b95ef8d369ea695dd1620abd8a5965accf8e97243c003c7bd57	f9ed72f6bd5cd42d21ea322868dab510fac328bd413c629aeade229d67cf2c88
11	c9dbb269796e2eead22417fa896a4f802bee565bccfff7755331a3cf65eda6b1	b3f5b9aa4b53a4930f0cf7a4b9c73a0eb1f6a11fe802a511eebf0e39d57ff73b	e15290ce2a636941c80524d84d1ca974ce224c674b7f871695088df894482bc9	e08f6c193bf1fa4265dc27e12ec2b4db5e16009de59c50cf1c5c73a81da12a40	a254bbff4adac2d243d263304214aeaa1bc15af3128fbf8fdbf5b6e621b93dd1	e268ff02d11219f438eb7d59a6124eed004609125514db7db66d8134c57a5554
12	684c672ebb90c0a396bef275d52b5491036c778677ae0f3606d8301803bb405b	c051e128fb29cfa4fb32950e2cbd6d014da5eea4de3f7aa812c2b2899bfdf1a6	2b33198a0c635ee659c1b96b47c61d163167eb31e42f6380a81b5733c7918fcd	094d1ab6b5019db2c420d748d450f977f47ab8c748ddf75d15f8d8d42b15e514	5c41e1e2e8a248e5682c90ded64c16f2ba97e93ffa30d0ffd1e7120713de3902	2d032a2a45633badaad2e0cf9c9bfc3718116dc8b43f9977627ba547943b4d01
13	4b2b02fbfc9bced4c0f83e0eac3bbd89fc10c9e435479ec83896a41895e0a790	28cc1ee84a071666528a9900febb943d4ec2e887c397e17145cfd4ac5c1a94c8	bef35bb5786277938d38fde3281528fd7af697a9427600162367fdc701f0d052	40b84fe549d9bbe8f9cbff66df49e4451ac6e597f10cdfa808b59d6d949fa3da	aad37ede719442606aa3741f7a5401e9d78d1edb8d8012e8d76db76ee0731150	b163956598f8ceb6965f2dae83057b7fe79280b4ea5fbd7355908c1a2219d5c2
14	e287145bf529e206667024c1ca7a7dd1bbfb00db08919006484548e92a2081c7	70a1ad0a6225a0a142b0aa95f8ea1a68441925bcd57caca7ede0026f50486939	3391abbdc59c3d2ba1bc1e420b1044eea7e3ae84d51fa00b63a073df3476662e	e72c57d448dc7cf749d56eafafd86afbdf6640299ecc0880f385192e38981ef5	3ec899b3168137d8ea08c56dee9790ceb0988b1770dde1e8a0eb62e8dc89d72f	deee51a58f6dd29b133999d4e2511f6dcb7044d3c588410cae27824b5e5444c6
15	e226779635efbb963072aef802cc4fcad4fbdefa2bc113e0785333511eab35f4	2fc38f8899966e60108facfca7ee081a4b58f3ee0a1992ec175f3d5585908ef7	b55d471c9da64db7f0b4ec15c6feb1b8da74a00164c2cf2a251d0686ea0b2b79	11da6f837f410cff024e623b572a398547a9c5b2efd1429f1234b621d9790ea0	0607ff25e8161e0f40902a45619970552c20cdbc525e8138cd49a5eb33845cff	541c0a5eb8024289fbbf123a32160f96d49eabad1578933299724604e93f898a
16	0545cebe2d79dcc3b002daa4aed8339f1e85829cb60adf679ceaaf2f08478cc7	7beeaf260e5f358f106b17c34f5554e614f1430a41a55b8eb340a149bde503de	4f4078731f4271fce496a818f7f705a6cc43cb49de02db1f00b5663aff76d8a2	21de72387a604bbac925ebfd5cb49e02e46834b839675de9499ba72d32155ae3	3804cac1eaf773ce89e6eecc95cb5e99a5c8a8e8ff9d7b57eb3f20fd737ca879	ef3767299c7eda34d94dbc5ffeee18fc0521f4116590f9db41b584b09d92c106
17	4043c8256ed03f53171c05fc38d8d563a02b5c0a33b6f8559315d5362a802a16	d37d3a539f87a397f20474f073e153ed23d2c2574435bfc7876faa8b947ce9b7	ce816b96692714deeaf972dd830fb08a17e5ebcf1ddcd49a988735ecd0e80234	57a1a77eaf55e78e9c322002e1d97b31d758e549fc66f8133135677a3579a0dd	212321fd31a69d706e5443e970c79e15e3712db119c3992bf8296beb8b28b56e	aa55dd11f355c1453aa5b1060e98ac04bb7f61b49d4a4a8dbc97943fab03249e
18	6bc71c374379fa0b828f171127fbcd8e4c49e9336a99c95b3ea6247cd9afa18d	8ab091dc16a5c06d734ac96427d9db262a00d77e76df6b50fb15ffc22b015a07	ab6c15b8a6f5d6909234332940d763aa2007b4317214ba89e974890ace247e10	d3bdff291cf94c207d74cdef154b3c429c9de4a0273eed20b87e52090e7b820d	21c9742e4f999ef47ffbafe8284ae2549a0709391e13a0b41a7bd6c442d5d48f	7f10d6cece769a1e8fdefc49cbe4fe02ba8582b0cd6a0fae4edea6eba0e36b56
19	6d96a5c32d54ea0f99a0d0650439879008892ed71d88fc84b1b2cc0013b783ce	03942cd01ade009447b810356e0255fd1bd190526be4347525fb595c243f0eaa	6eac8af9aed699e83c69e8b438281a8725cd827ca0f1a70036d08facf380e8d4	305e928a53f2f1940d618413949898db258b793e73975ed8aef9440dc2b91d1e	7418cf0849588c38564fee45a3dcd141f19f9b1462f8155115f2b81f1c37ff47	61f0c51237c4f6eee158cd004d9501b249a01b9fb629c33edb04ae8456c56419
20	0271c5dd3b94f5052fdca5e8e94d64c20992bf431372696c91bf889c5d3affd4	69f8f10b8fe41e8c36874a60620d9bcaeadedfa14652e87988b80d53702f9f33	03577aa4c84ac6030cad0cbb9a09cdce48f2b68108c1948f7b9fc4c19bb715a3	e732ee491959912594367a19feab627411ec09089c3577cf5571c1c801e100aa	765a21cba4e89d4979cf040a58e9eb7cd83803e6f3744d2c3e60aa01eec70bd4	cc7946f6ed8731e45e72f4a0d49801882d6a850fda3f7eb3f2e0283585b41bc0
21	68c31cbd3c84271b8197755ef5fd83e387733a0edae6611d4eff775552ccef16	93008748d71515badf3dc45371c019e9c8bda93f30e782921ffdcdfeeaabc31e	555f1bb63a7050eae26a55e5d14cd2f7fff1f9bb93a38886bc204a4b15642818	77d80aa3e8317bbca6ce4fd573fc07e1ab122fa40e199347e81b8a6be6cbc379	f791491ed3db6e84c3bc19e62739e2a6ec23d406e29ed441d512c41ba456137d	2eeff97b8af5f62710b70a711fd7d343a6f8ffe95971eec6b2c98462fa7df2dd
22	d1fcb0d6be5577680673dbd176c2c84d6b7c0fb847dac806984eafd1366c39e4	1adaf71d9a7ca9fd90a72fb0390f7d1a2f76a6d4ae37fb31deac7af98d5a1f79	4c05d87b0035a4ec3cccbc4173cb1410f7e9a93f8c2e2ad7c2380bdc38f58c05	16f29a65d5d3ed9a5651412d7f176e7f3b5141ba03d1820569f49fc598851fec	3293bd16b8837f9966cb865e818d33da4b44ee488dfee1b1e540da8dd49e9482	a0727c204298dbb9eb09215bd425674586ede6abb36cb99cbe41f23992837749
23	f6d333a22870b4d6037570bd2e87aa92f33e28555aa440f39334371c83b1ce93	78d27b1927f6e432d0c92ff07eb85a45a07c4c36be8a18ccf0105383c19c0469	3b5eb92407f72e1f17b9e8fe216598f579df34b3b3c5e69878855e85bba047d4	c9afebbe10baee807cad68ac1f9b66391f6c8930d2e4d71b9e0db8e8e1ea445d	daf02588ef979de13298b0d51c47e87b63e54ef96dbbc3f525f41aee9d64fbde	1002e53f9a120a9b312e107585984981d3b0fa77efe8112fd30cf0a68013afd1
24	ed0001cbef9ab1e27464a94d83ec84a33432263db28750dc7f8f740844b71f15	4e2d5bcec324ab0f0b6313583569af5e0a87645c7135323d66ccbe09d4274cf3	a88f852d6c51e5f976325a6b02d488fe3314d61815eb431cd4aaeeca00e67601	48e74cfa7735744eafcf2d5863027e2ef786ae2d2b761647d46c1cef0b0edd32	ccb9ce1c9e16519c1f5e8a1d48b2c34734fea580e4944ae10fdb3bf2618cc972	713a8fd83da0151646a27002f74b9f8e30eb3267a7656c5edd7210517445da88
25	380577cffc9dc32f826ff7d8b2d359fc4c15a2bc9b82b18a69b36a89ac0d1be4	ab3437f4dcb121aef13cbbad207662b72e5220019a549d95b807dc73d1d2b225	e49d953409e5f7b92f90a62928e8cd567583fd3db6ae96b7753af395b6d2b3f2	d810dd118e1dd9e98dec6d1ad9ef4bffc4d9d87db1615e77b1d433d73273a6e9	ea430d9b23f31fff3ed59015886fe4a5648c9e84d0d35a83f4926b2de89240a9	694f240decc7a9b07b38f185a9cab2e877f03bcc1def736e8d06f53d3149a941
26	45b2d8b4a024ab5f86d3c08439177f6cc62a566332723157248b0a531621f1fe	803130c3887b87b1bb09d68f1139dc4432b8c742a86e5f424da0228d010f438a	b23eb3fde7a1514d94c2e1744226b941e2ca5a3b90d9dd895970bb0fb7276367	5c6b4c01aeb7582e958ce86a46a46d55369deb817faf74998bc3ad3f1fe72d67	c619bafa4f1424eead90669d692f3e8c5f82113d47b321a535f78004e9042df8	0134fbcbe091cf14b9d02e1994187bf42f76b50689c1d2408c1b1a4bcf6b7b37
27	a19b7428abad470121fada1a47a54bba038b36a1ab985e6bc4f9aca80ed0cce9	d7c3e5ec68b8ca6bee699db2f29b3c67fe43f825ee5d31d08719653b2ab6a35e	f843351b2ffe919f086a069f4313681b4b54d4dd67b86fc6574db69e8d842acf	e3a16856c47a06cd58936c3cb4463d73b1d7e6aeef4cbdf47817b8208bca1664	b7c00b71cd2b7945a7602af859f3f9568d31605442eeedd24c5f24407211945a	cbf1ee8c71070cef735718d1ea275344f8dc11651b3cfb60507cb5ec6b3ff514
28	49d82db563f37b0b5141d0ea3ba13544829756e5ca546b060ef303b8c499482f	fc028ced5c62071f5bf7b867afdfaf19c10e6a6671b88c8c4af4ab06c8a9a8dd	ac83a1ead3c2189a1c11189dc4b7bbb5b190e3c1d47532faf1e190d376498678	9f7ae53e204947353ddb6bf52fbbcb2d61db169dd8930211426d5982a61033de	19274e5e3d1bbc0a394c430f6823155230b7a59df07ccbfa7e7c36ef4813fff5	dd91df6c56cf4f6ee310fc26cba43a34ce13464551f3a220ab7400e8722d8ea9
29	9ffbe0c1537ed11172648d8b4354b48704ce63fa58c2fb8fe8c11b383339a7ec	53bef9f3645b9f8c78511cc2f4a6de966cbffd0251651b0394822a9d85dae27f	2d41bd91a6f3906b35862cd123c085663bda8bbc4607652592590de96288c70f	255d63571e7834e88ccbc2792ae4a4e2abb7a390d4d3ecb2d4950260a4daf54f	8970f69ec9216e04df4c162033ebefa57cad65190c3d007c8fb0312cbe9d6aa3	81310d5997fe4f866d3e655c81e22ca4181da107c4077cb589fe6d3143280256
30	174e28ddafd004f61aa0e4aca9f2bd89b90fa9a1421d1cb3a9d3746f3d1e8ffa	35cd0f258e49e975e3acaa5fb4e64eb030d65a5c6967c59cd975d96d992e1e46	591a56d95bef3f4dd083b32f30fb8b82876e61c61efac4b1a40df15c3e6f924e	bfa7f806cfd45a7e330193b007b26a80f60c051d28ee43502e76029449bd0749	d11497af10f070167d3c0d33f0a68bb6361b33cdb09d2f2d72b9e701d50ac559	36f2fffb69be88b61ef2711cd0f4cc6d9d26fd40d168c6f5506c09113fca091c
31	5cedfed02b72fd7c8425be08aac1ec89b83f18b6a8a7b5d68f7a61754ee2cfbe	7e382e47ba1029af739c216b23ca3c338365f19673ce895e259eb9753cb4a4c0	36b7a1a1d1593dbaf7d05604fa4a1388feb56331971160d4424e3522e4704aa5	ed73184cce8c9f3627a31cdff20f9ae107f8fa3c5ec7c85361906757f952d725	ea45bbecbed137a4e521516d106d83721bab10386bb6eacb597b860aeffa9503	77fc78d6325512b4e280dcb5ca188fba146adb151b1e451d3ae49f1e88e8e1c9
32	d499e990424d55c3883d2318d6418e99ff8f747071a646bc927e6b1702f82f1f	5760835a551621b9de2d991018df9722904f9916cdf42c96ecff977ce29c0bb1	384c570c7b995acfbdc9e7d9a1b608dac1fbcc5676172f9b90f9466876881c59	7cbde443e53092baa21a023a1295e3d66880e6e2cda32a3f0308ae360db2ed48	3b393ef958b63ba2b8ecd6173160b4d76d36fc0592cc7c154de76f255cdebae7	54c2b30e2a085ee1444861027b6f9d988f4bed44ce04cbc9b60b6afef1675a33
33	53478ff4f270cc89cca38c11372f749159377691de7390f37ce43b785a88647d	4a19b7b44ffcc872c6103279330836edac435be5c001e1d11f12c87823726cd4	06bbc97f3cde781f780cbb117bb9b6359ae7bc8d5f4a17a875835f45cbfeb463	343ac32695a84b9b0500e0d34d04cf6810ef40f35ea5460dc2c05a0b55a03f19	f07a4857baa2af7c03f6518e2f99de52f1cce53e2a97de9f7864b42d0a547236	d109497492ae80b76281ea8bb2e84a9a25fb32e032f4bf7f53840a4215f73060
34	af218e07efa887dfb6bc591c020b848338a57e7991d4e6586cbb84132b3d7859	e4a3da961753601f03a36f7b870ffaf37875a71ee9351ba90e0ff9e5d2407b98	0721466da7e75e0c84e044be0816eeb881332bba73ef14976ab697620650e992	07bd08355a3ad7f2b868c50214760dfe56da290b3cb60da118f35cdcff818b22	66d94074d85db3e5ec8da5ec871e5b72211ea31839337a6912b78c1d25997c0b	6740751689e57d77e1920ccba82c9e97b3eab0ed12a24caec48d6bb4f41af000
35	5d299f677b43973da82702c18f3c6cbb37325e31d120533fa68c7a35480c8b0e	7ef9d9ea9e7dd6ab83d7c593cced7a9a7f2d337101141172e57469daa3bd9e1d	d9911b56959d41b74deb5e7bb933a99a68e3ed9244c8bc961a03391cbff64645	0201fe9e12ad5505adbe0020be29ad90eab9ec9693b985679369c9c3826864f9	81f3f2505c4e4a2b9ff20b517f5b089adc02873516c243eb7692cf002d458d64	8b4272a170cb1e43b20c13fa5d043cfe7eb70249f4fe0fcddca5293e8ec1c398
36	e3698fc80142f550a85c8bbc0ed6e3398199b18e2d06f63f4d1c6514db8a3b70	576383b6eab713f9c596de22cd49b4a674af67748c08e4e378920ccd01b0fa0d	fd71f40a7d2da353657cb39caa72989c061bf4a6b205385d9292827c30ff28d4	37ddd554d7be1e852c04dc05230b3380c3ccc666559fe2f4394789a3c8467132	539e4d2abe820c3cb7e71e32da835502a41f4afc422eced758ccc1c9f5e9873e	85e6bc17a7e6d7dbabc492b9e3d9c7163a513ef45cabb21a62c51085250f4488
37	8d13b4a352e013a1b294f6c137f9c5a67dda9228357cd0af1b098553432c0cee	5368749d9f13c825de2945c5ba24ddf482687114413e2b342615731340322329	6050e016c208782ea344bc82e2566601dcd468be6bd044b49692b7e92cc648ed	52e48f905689976f1ff4631f12e57a4fa0697c25f0ede9b8c1313fb76e01cb48	06146a8e1673129a95070ac63a4b467f0ee6efabcc4bd7cfe8a862ab7645a284	8d67c21dc7cb58fd38fb7a4ce3b0833817a4e9c2768c8bb4cceff51456342a50
38	dd614c00cc6c95bf0fa455822888cffd0a1728189398703ec96b27f22eea5963	855d7b0e7ca321e5f17de065dcb5ee63d1feb699691bd30c9680f19c6392a272	6aaa47fff9b8367ee5e5eb240ddaf94a34fc44133316abacd4e2e6aa42ec83aa	a5987e018d966a09ffc99ccd4264575f0173ea1850c17a62085df56928e65426	4dde0910253793bbfaac791dc4bfe60aa9af9fdb23f66383f94f321845ef872d	98b27514b52e3e5176d4201800da880566a4319a948c0ff4b3d99e841470f93f
39	cf52eed45a294f45027828728dd3785974241287ae968fbd2cbaa9369ef63a8d	fc89a5d0ef46f93a7d8c133b6a24b5e104f54d2bc9107e819cd0141047bf4feb	79b8d2b2a87f56e21fd1aefbfe3561decdbf7c8dc437b154f01ee11f91b67bc8	7b2035dfe84a0827a3f93128b4e2bf715c292155c32a505614974e5c15315613	1fd060b8e11c0589272d1c5427e3c267942b232d27aea2763fd4631bf149dc1e	4d061f6ae002206f2e35c9e6fb911de773d9b713cdffdb21401891256db36d20
40	6bff985162ad28c068dfdd459490448a3a5b0fb625922f9af87ca503699dbdac	cf8988d5407e138434a1369b77bcfe42523b969a0fab65a4a1ce86876ca1d194	15089df0203c18d7ebc63e8ff6574a06291992c6fd2d9130e2034d10d0c7674d	00a1855ec84cfd65a1e56e5d348aa904f3a34ce585fcde10a66d6e29fddb578a	aa6527009a1968bb1df24221929b3c7dc6e0146a699a0cae62d32bce52e6429b	d43c9d41127e5ca1512cbbefb78b843ebf33c1cb76ce25b6d07f28f04baa168a
41	90be599337636a5486fefae660f45b377f07aa95dc42f801b32db4aedda72d41	845905ef62e3c916cb27e3756c81665082c3e092c62d38bbe577ddfebeb0f1c6	531bd6b476dfff3b83909b4f347536dde1ee207b43260565c277a5a3b36d4867	3d1a18998f265f1367b2056003ecf55d6fba226c21b13c5970ce20fb8826f605	cf8b6a632aa3dfb6bb9c6838398fa0ba72ba77778e88d7fddc2d8a6ffb4706a3	923b781754274f466e697940ea3eb26db4af87f4f1653e3f3b14da0666617700
42	4c2b5aad1aba0a6b8568ec18884231d420a265a5bcd9f98d9b03bc8908f3e9f0	4464d93386834abdc4c312992241daee91f22d224458f38343208228b1f1d93c	6cca50b89b36d9a56e61dc93f68356f5959e406ec0b0201db86376e8392c1e9d	9841c26da95ebb62e9384e5b96a30ee4d4e01787e273377a7cecf7a79f876855	8d2746a722acf12e9907e53639d286a549277ddd8614266997946ceb0a069cf5	9456c4287d945d7aef36ef78298b64016e39557cde9cb88ea73ec3294cfa7c0a
43	ecbcfcbc8331adc70f048450a0c03ef6607f9796f89dda4022487eaca5d7cf7a	4e9c340abb1e85a0ca392bb3853e3f1852ad8d121bade8955b1701fdcddef904	78b8ed185027e06a9fa5b41e8243f529cd6abc7fc6e9e454f35d46306970a8f9	0207919dfd9642be23321188fcabb835a5293df7a1b9ccbf1f81d586338b56e4	3738f36c18917f809da6d4885607c4147cbae1ba7cfd21b88396ebfa6ac631f8	4d857d1cca9f8972d31153c3b210583b4f0c6926e75852be63a885dbdea09984
44	125184c2003f847823aacaa27423f5e19ec42f6354d5ff7fcebc7d9bd637ab28	677172fe7f11362eb62027946aad079297cfa9fb7575250e01854614ee615d39	9fa22b4b4e17c9786cc3d75ccb7d48c173a7137c135c3ad5253fb8272def0617	92d18491825ea026b1345c5467868fe2f05c6c8a5a0abc0405bfea44aa0f4f21	2c72a1503ba18061ec7ab0880be4085e53904f929ad389cb8a426582ceac64cf	4a834efbfee46b52eb6c9e90c687973abe4459b59d981dcbd1f4538c5e82e984
45	24980022819ee9aacfb804a05188e4737cd438637f0db91a2060cba7c9857040	addd87973e75c7dc62d4040bd11b9606394f81e01236e4f76090ca764e91b926	45960fa6fc25ce707f1c24359e358598ba770c64820d949fb59bd2cd75ca5a18	c75b5c41e5c560401a2efa3d46ef56bac96acd7cd8fcddf902d4973e0bac417c	78a03262c06decff49bd54322131e697fabfd6d6d9550880b2accef96561fff8	234d1a3e863263feefed49c47ccfafc88c2a856d1f9659392e0c87e0094182db
46	43ef8d6a439691814c99a8b3eb8f4a130060c50d4598b3f0c523591453202d29	589cee38358df81366a5a365dd0c926fccf9492d381542645417960e9f2f8c44	7f62984d7bc9c22dc5a52931edf78479fef00b8256785f0abfb4eb87ddfa10b0	cfb099479ca1aa86baf3fa48e5922f75c056c2f9ec5781fbcf3317f2629025dc	9c00c33de9ae26ceced3f305be1e35081f339dadb2720a01f34548e945dbb01c	6350dc8bbb2e56ad711ab50ce61f9f4c1f3c2452f072a5e4f74a39aad72de08e
47	31c1d76b7871b3bcabfdaeec7620f0e81dd0ec5651e28ef728d7c833a1669560	ecd9a0183ce95e19566243e3ac65c98034a51c65feff7ce95e5dfc8511567410	9653c0092257a9c78ffb175e7140df1bfcea98f6c16edc32c3202b2f39602980	2d685ddcb5a51c49a4a469d1603140bcee0aa1ad04674d9574c18d8b4eb3c88c	8dec5156f339e81dc28adcf766fbb7c43373efe95de8e27ae77459dee2c573b6	3b804a64f3031a2fe12ac085d52349f55912e29d6f2fd58ecdc30a264de91806
48	6a5377563c5b04718e06df995f944413523e405ddcc63a83dc7303965e6deaeb	7bdeb341397a7ce264bccab70f25129ae5e5234905e8e972f1203ceabaaa2196	ffc90ab7a2d1b4090e6b6422eadc5a0870275ed3fced7f731f0cbd4957e18560	0bf23029523b13b272c32dcec8559552b12f69631635ac319c67aba9996c9275	7b05859bf2a978043a67149a434d38cb9d8ffab8d0630941805d99b4837e0740	afcd0f31c69c8e931e4e42bbb891d39f5718f08e610cf51353375acd3da677b8
49	10329dbe1b53f4ccb965b6a2c03a185447bd072d602667e6a8a8f5b6bcaf0aa4	3fa77971cd342a93d17c41963b38f961865290bdadc606c4d40d0e7375ddfbd5	da2217b1352e2ca20956087d295346a67b2340b4287d31b664f4e234a57ddd85	35a81b59baf1629915056d24c436cac778526de185e04d8a85f2f072e15e871a	a757a7eb7a577a58539094f7d1f90e734621911559e14e878618744605ade7b4	8af2c48182f3153960719332ec3438b2de38946b0eb4f0b5eb2cad451332a5dd
50	19821a0a6dae22aaa2d47a989c82b52a8ed121722a4f9d7f5fc0d01b36dbd5b5	1774c2a0a019f9d4a9bea1bc9514f2deef8d45439dbac567dcb8ba8f97d6e98e	08d06e73b1b48294498c4e2707f8ebfd7f1e7ac519ddb3f3c6d94cfb2ef2f2b0	02618ca602c4e3a46c26dc1c5de4f10810021ee76a0de09185d9e3643d276cd7	9ce2030b0156728ca374a31a094d34243055eb60e1ca959f18213595eb6cac1a	ca858ac306b0832c74f9c5d8226c2e13f4f98ee95adf91347540c04a53bf8506
51	5b051f143e96f01636338f211bd99f6fb0d456ec41e941bb9618dc2ee544b037	57fc051abc0f9dcb92c346577493e25078d45b480950d2a3abd6b4d5d960ff3c	36592cc6cab209e4d6293c531de9ebf5703c5816d965a6aebafb50499b714f40	2d71533c27393a47a10822a4def18476f95718d865f23ec41cb6e8d399981e04	a9dfa128b08cd13b51752de5c3c809d10452c43c45961f897ff64eaf568e4294	0fbedf7725f746df17a0c91219ef6de0fa821a3b798ea8938bcc15e3b482438c
52	0b3e2deb006bdf268352ec9d8c68c46c840cf1bcea5936a37096114ac36cfea8	19c92c9c084b9547f2518601e6257eacc7644e891ff2caca26c23fbfb16040d3	232e48452ad2b3ead78d66f5daa1fe99ac597518b6b5c0616b868a61802fcccf	52f168ac62436bab9c552f11074be118122e7d67d32e5c0f38d1440961d72f69	67d357123c96fcca733c4f37cde0f5343fc1a3d95fd529536788c415d61f2f65	55fcb67099a28e3439fa60defa02b3323b2e039da82579031d73cf1c2386ee1a
53	c563e5db34e50927db0f6e6f414550f494e43bcc5c13803ae44d5b8dd33f1490	874313392ac2bfa92fe30be9aadb2e397e734a8a6c2f9f3a87a9e4c04828e14c	bef8e8f0bdb63cfced625e1eac092d6cfc46b4bb288d8ff817320829d7eec8d0	547e0ec320bf8c27f45fc6f6c2bf37156975e17df39317ab63f856254b9560de	ffba4c8d02db5c903c7fe66ebb033e29af1c81d83a6e4a168dacf75ca0ad678e	333060a2683f45c9e52ea3c962f3f4d0cb231abdd3cc7a8a408d6cd601b2d40b
54	5df61933c90a9d6b2871ec3b4f8087f89c1488ce2aa2454089c49e40dedb96f7	378fbbccfaebccb6c556da813aa63d19448ff48273b27ab3d5b4040044b8c529	ef7ef2128b33b1c523a88117e0184fe622912e4fff6095bdca57fbc3dfd63698	baed6fcab1bac15ff5872aad2f363aaad81b9202b4a56253b3bf35e20a8b38b8	81db09f5d2f7b919b9b71f1dfe896c377550dca38264022067a0a109e827f54e	8b5624ea92c1a945c9d434c21cf97d1f59b5b675c6e5010034be4135cc7feb17
55	33493fc5060222a3141c1d39925dbc7373e03076b59cdbe82969af853034daa5	795829f434590e504246d6714f79c6aa98e2e37f572b5071a7b0be211c48b726	84509b2bae9752d2235659d545440fc06c5460c6783394342869bb1a09e39ddb	d3459c5a86943044867b5be128a7d506bbd61814b654d89e886b2c4211596d93	290e2a7667e681b38cbe01fcfb6f6311855edcaec53ebe69bde041ca0ac0f0f8	0f9a17094f8496d638ef9b143c7c2123b52d0e899b69d7e4baa71a3ea64f7909
56	7cecba645f6671ff8bb3ef3b3bfce5bb752149533fde03132804547ebecf5736	5c0e9042505b3dbe32e0e45f548c0128044046f1fde467b66f2f42d1a661071d	b3b47e4237fe758e3ba68f5e1c096fe827c3ebe39a40d97ba19d173344b628c5	42cb616a4dab7eb2cc9c3ec2cdf8fdc759baeab9c93da062bfcb2d972019be4c	c5b9c473512c9e1d4f469fd9a72b162f9455498111e99b79d92d83c0701c09ad	db70d714236629b8996edecb53b4236f571026947a6e8e15f38221acc7a44573
57	7190b8ca8fc65b169f987752416b44c60f74ddd0e9c3620b96cb197a700dc1cb	dc918fcabe1b7df2a8ab2d078207a6367bf3650ad8eeb0703d903676b1b10b46	75f635c9ae636699385182021df2299c85c8dd18da093fa8d4eecadd5f20566f	558abdccf1398f624b91182e5dc3dc6e70a75733186218425dc2d3818259229b	dd62b859057fa10092d5274ad43756dd2e6d68f4f628e7492b4a122cbe1a3d47	d4efe7c7cc00f791411e79ea34c900290b1e7f4fe580b5b3e708e5fd552cf517
58	edf670934e63ff3008fded75c1baad50e38b6cf7f19e8771072ad0bc1dd892b0	bd36aa5fee4ab4625d9b6e57950f76aa6157222d7271c97122b1015251ea07a2	98db3b167eb54c5a2ce649ff23a29d2e52042ddd00e30f8555de77c45c767910	ad7f0496b51ff438523bd510f4e7f85cf43e14577b6f7edf198b54b0a5e5f4e7	1a1b8b13f2989f2c694d814a32ab0cbdaa316ac224d032b9b1df94fae6c1e7da	257bfa890be57f7d98e8211aad8171be61a78883815b7335b10123f856d08e32
59	93bce49d3930bea8cf88c4d2cf616d9ff5d1edd25c0bd7a918c56d9ae0018fc3	25968c48517f801792cfddf58b625acc1e0fea25d257dfd508a90e3de2cf03bd	e68cad8713fa65b06abb621f1f083ed0e4b45c30e926d313e006843dde19067d	8a4040cf96224177a98709755a71e849e442d551f18d4b0cf67fb663b4f2b733	62d6f95c89cf591a6c730bbb2a9e03ff1265a2cd49e1d3c0131592df022fc492	d36d7dbeecb6f8678a70dc12f4b005c91a1831977c2dd13aff5ea56dc4dff209
60	44ac25889b342b8af400579b185352602118b49cdcd5441a36d5ea11af5635ea	dc35b88c33650ec6f210767d5fdb09e7ca2a59d570826d6c274e4dbda2103201	e9ce33d9e383a4088e213c4a374fbe11b09f420b8a9eab252a0e72c8ad906986	2bd2b353224465273b8d1ce53014c1fe4dd2766cceedad1e348d14ad9e2615b4	9928b7cfe76581702ebc5da8f59a35c28e800f41952855be9a8ceb304e611109	33266f195038986960e3308ccfab4b69a0166b965b260c33be9c8a1a4f1dea9b
61	4ac3b6e20d932329c20588b39375116f356d58256fa974c9d5a3610c9944d799	c67ff737434d2798757b29c85a578f241801c2d37f365cf624b63fcf36abd147	e808735d9ed62c4a1078455e3483b9082ec3b230ff891c2ecd358fbd23e9a22f	8be63d155cbe592c3c36802b1bdea6e4a4c220e9d4435063091149a4b3d4ef0d	8c54481f6593822035d47a27d7cb23a6df72c33ae0844a0f3eb4032a8edc6c43	29439521f5f99021240ecbbdf86af832dec5d11670bcdcf278ee518a6019502f
62	3f61d021a1a0900ac76d693d8c7b272d3815a8333a5fe421f7bf448e5e5ac9ac	4534e5dbcbdeb83ac566f104e60b95b85a6c67c83f0cc3de8c761250ab7f67e9	ddf29329994f27e74d71ef125fce001c3a76727b899a0142b4da131a9f29e214	5108dd6237a29f7b2889c91d9045c1b13153c1db863363217e846abbc6367522	95f62b83e8830a95f793cadaedaf013aee35084d2c41bfcc88ca11a7ab531580	0c08b87507608beb3716fb5fb5735d922682484b1ab244ed50909bd62d9c0cc0
63	419df0e09c697bf40e80c9b5154531ab5e4f215eeef27471697c110556cdae0e	781abe96a87699b94c8ed10a1a69c2144caf8e88d44117879820d934dead8aa6	00b6f99355850c96560b2815975babf1c2c1add533301721b728d6e0056cbaab	80e370a5e875c7b3cec2e0bec6df6eac26aa80ba2b0e76ed90380fd955fd8b26	b56db7e13b0990e54bbb9c645a07583957e35a7856c17ea369425fe9f0583b78	eaeef2afb626dbbe1866847feff630e5b188eea3c4ee8d05322dad072a4bc1d5
64	42cab9094dae572cf2fc7ea2b70a23aff77ff175e6469202d44ef8c500c96e38	86aaf5dd5024002a90492b0e7ab3ee2027e304592a6f80cbc837156cb7f22743	b9bf7655da7fba72fae408e270151da609cf6306527345bfb3b4b31394568b75	bcfb99bc6c0c5cbdeae52c27a49bc11b502634d27c3fe9b7d49b892007c4dc8e	943483c1ab4dd4dd90346031dbe31e9095827ffeed6a3c5e066e5b5eb37f521f	a1512e75b74e80747a571f383a0f2eef460ed7b9501f0934ac954f523d4d387f
65	15fb4ee6abfc46f3b92050dca1f2cbdde453172e61de7076f8ee752fd6d6cb3b	98f05d93106cf99f143e9be7bf3bfc30d0de7ff8cb851da8e35e42c65b187eb4	ecf9644ec04e95cb697b9582b707677cb1b3ab0bd4fe6cb7f5835bdd297e8d05	2c2c18dee5888f97e3c795d74dc51deb92d3b631cd539d24077d0ceb9f13752c	f4de07ec238303ee8af99323105e2b7aebab23e8752b30fd66030935f72eaa12	526c4e3c1fa6357a5ab7f3e46745fe044e451b54a8822b7bd8a17a1ed3e1c254
66	e5a5f2f8375dc3533c8e5e8fa688066106d3bb82853f2212f47e4fe2248efcb8	a050f4296fd46de68886e16a093640af2ac50949ac7e9c9b74e25a7126c290ac	c8249c4d44a044f59e18739bd33a09b02574333ab7ad02ea975bfc24fbc73de2	08a89a3b4b8300a5fa54e80d108933bb7c8b44d9459fe31955e39dd52db7ca98	91bc8de67e0aeca72f4f509fc30eaf44d3999b818b284a540bedf695cbdc33c3	53813844f1e60d634b9a7b250245f69320eeca444f182bcf1184f9e593ae6c8b
67	6a0594aeac044b6fc9dee0d88c9f37d55fae82ea29dd77c50e70b6857d47bb36	c0d37b53a86dc13714b36541781339e49675661335c7be47e5b31ccdf7d71e5d	fb206cc21462515a489d8bfd1080cb1a473c73cc00482fda16aadfc418e7925d	6202a86201233de2093f79f0b2dcdd487b04b4fab28c12e692ed5ebf6f0573b2	cb843bb106816d657d25fbabab0ebc93c22418a1fc452bcc9cc580b2cf2ff154	8c8eb956445a4101f73562df17f6663ea25b1ad6ced4e393ca99d94d9ab4a917
68	9cb1835ea60f58290ca49efcbdb1bb7b18efebbca6e15bb690711c324678c15a	224216a2a1a4de0cad5e7b00ceacf626c2c1e45b2602e1075bf8c775f44e5aa4	d54d765f31de2c1dfc15642ea337e274851bb762503d3016412dc327f65c591a	14dbbbdcbdcf97e2ed0594bfa7e8518e0e99ab03b65f0b85da2861928f6d6832	57ae0d1f9272e73d1f8de108c9a862c6720b9c3b89509537bad96452826ad853	56907bb92b4299a6d26f9d070035b3f2c4dbd004e1e0fcb208d04fac858f0f04
69	b287aa0ac77fd8016b4966beec37634617135f2f287f425e5bf6342841c2d52c	d9017e3aacf4ee9ec8e1c41dcd58ba470cc3fe7ccd2b8e4a0cde894c981cfe15	94ecac11edafacd0e2060d9cd966e05a7dac89d11b6168667d99c54fdaf507c1	e87f7d0c10109eab8e704cf48e20e0d1690a9813c23f23377aa5a6f2dd73ff48	2a3b0f34c3f91b637a63476718ab460d9e125a1897f2ac3949e0f92fd7a64a94	9af4f4c4797a0076452689aff95401eba0c6f3514001a1210e1617c6dc4fc2a9
70	c3d0a470830c21dc1f1581b9ed14c6a97ae53d631b6567694e812be7f2ba84a3	91a43bb153fb9af64360721e05735f5dff5348cf25a80520b2c2a2b056607572	ce18b68526d1064571b7e4e1bdb4ef950844d6aa4c3649406054ac887c29aa64	efe3b1894245c0da361ad5388796505b1c98fbd95bf7a183a4bc3261a8445de7	7906684766ed0350cb033d3ab364d57eb2f5043ab8d761e91f760055d8087c5e	105e1eae31a23141a325f44f43176a886e9938fc5089f946e3475c67420977fe
71	9c9b6a5ef2816ab5ac06302cf7f9f1ada4723f2f78bb60b570cf4862d261e8d9	f8dc64121d11ef9ed03faae3cf134c65a34982674d7e0290e34a598d575fac6e	a723d61b2ba7bdc7278ff2fe5c39f7c3523273dc6dfe3b9bc7234fbcb50bf12a	5206c61b9fa3c998779b63d345a31170871695bd71f9a65ec7cb202681e45b8f	fbd04621e6dc6abbfb7aa932d65be94d96b5926e7b1e92f1df44bfb699ffec9a	be87fd8017d270343ea7b98efe2078c43552a3a9505975c5262d762b82683ae8
72	b506d501f7da393ded9ba3a16f5c6a9dd1ca0a2a39306d029addd9c43d8c5448	7816b1b2ffa59650bba3dbdc630bcd8bca4cdd4b0afba93969313ef95addd41a	8338a38c29b30567e3873f1abc10de1b4da68b750978c6c62f05d7834d90c614	033478a43fae78937b3b41900f3e231e4e5855a631d28c5f4e9a141563187776	7bd28da60c7462e64c6a5cfec1cd91a13942ef26622e6375c0bb4842deb60603	8383546dd481e17079527d725b5909bc6b357cbf3e9642fadca5da68b1ffccfa
73	8cf032c7a2b73fe46774811f200c76332aa1ef05f51de8f15e4f8dbd33f1215e	7e4fc52d46bd083a8893cc0a3dabca6418768305396e0fcffee8252da3914f2b	26e81d5126c4a686b4d857bae9202be71611476890dab8be8889030ad6e793e0	d2bd40d623eeabe4b6b040e132fcad4b318bc9cbecb99ec1cb122c02acb7f15f	a41fed5f50a7f5617ee4f35145dbbe9b02102b2ea7bfa428b76a3d961b12114c	17f4cf9cc13675269dcc2dd4967701fd6e3ae51c052aa635e13948958b04b403
74	29dbff24dbf5f050934dbb0e588bf1d8e32bb64bbbfc71a616cc51ae91f3955d	517a407e3c3d7cd78360235c5c2b590b3f69691a2c4a39774da72c36dd3b0438	a0b0847ce0055325ce0159cee4553bd4275ad6fcba3a1f2549d1185b5b41fbad	bddc13c9682cd8d26bc09c37fabfa6c24ebb014256d8193b6079092e76f7e9e0	25536d8bc36e6a4834b5f8ca2275f11da0f8883259136066e8dc33328216d995	9e7ea027dae605a6cbbe3dd3cc489ebc9b8ca5848ad5e8a7e20c507d6ccb43ba
75	882d81b37240e75cb4de3850199a8e5aee463b56dfb6fb60073e9daef042b68c	a2ca9e250ac00c11ad45e2ead1a94c07261cceebd7cdaf59fff3fc97cf1f4d5d	1180fa8d4c80ae18e6e94f0e73b48cbfb2e96599138f638d82c4ec8d5c92a5f2	9e8acfdfc6f30815e9c7c379c4a8237fe49da0b2a2ba35a33a300ccde644a625	0715f61b1f7ba9feb3ef2bd157cf89ac2d9597d5b17c08252f629f95e93c48c2	cbffb4be25b7763dd18d79a979cf01b4a5cf13fdf150fd31c405f0ed6131a82b
76	66a076291a9d5fa2f1e4e3456285df57d27aea8aeadd90d19ddc78f7fb51e136	d91e572be7979bff805289494928ab2829284e419a26498b27a6da66718abb65	0d354b0fe265dae09d1e37278d83b74e7577c70568776562160502de33d90f72	b3af4f1e750bf65945f43e8bb95e7e1820f4cdee1a231ac3713ec369feec191e	1706a24a0b63032fd7470038ff135d66f9afd3b7db5932e1d1c0b9ba2f022b06	3ba0b0761d16a39276fa8ef3a8a0f01829e0981726d08b000860627ec6765778
77	72b4294d670feaa0e5033b5720699e7f68b891f61b8d5f6f8ecbc7d7ca428711	ab4f27b189577b1c308a99152cf157f05cae71777ec05da8d9878af06b95a2a2	c2fafe5a03ad714fee37bbd958f1c9d9db3e319a28e55c50491efd462ee9c8b3	d1b4a94d10b668992623e0100ade8cd3905f217a361cd91b9bd03af30afd0611	4b6d982a6f9a2436054e1bdf069abaea0a9f202d8587af2db13b7e86e81538b1	71fe7b40d55295c9f40095c2ed29f29d216add89e8b20b7bc9859f857b9390c6
78	218ebe8106f026cb51653a2d69a2a8673b78e6f53407244fd37129d8f95eaec0	f17fc65c478a6203cb3e60725f72ecef74bd2b6ee087b1edc8b85b2be97b7405	592f0b16da90f93557af16c54fb6d082e0f6d7b54c432cc1917b641bf19af369	239fa232666c360b141a130ecd360f285d33cf070502d4d47ba664f0ab14abec	61c1f4765797a2b8fcce3a89c8a39f2a4022e3673a44e37af181512495b19fbb	8596c2d69237ad6baf2e8e69c89961cfd09e089e27986d6502a317ae2b546939
79	0f85f77cc9a2aaa907d379d2b44f4cccce3f38c3f4e645a77ee3e6caf2964a76	f87ac1ae93c2a1e21e0bc415c9812f06342e2cc9f8940837a7037a311bab52c2	f5e7fdd6c4cac1ace6b1adc4747a11a2613ec6c837e011c6a175eae4dcf2ed7f	b095f28cf61f197c9a3f309f13297c3c479f0ac1d8a39b2cc032979370d5828a	357516b013743ca3853babca011c5f23f2117392f89102fd0ce0b571751de2f3	57d7b5c707ad7aec47afbbe8815e9ea183a64b6048f286b2ff43552098ba27a2
80	d1b74a65cece83628c234d33a00d060a9b5f8fad1c79b6c0bdf7550f5c119a4f	84ba68248702b6bc00a3e0fcf9ec7580169915d88fb165f7d6295f0facc92f20	e2d8f252935bc3d168ad292c92ad654d5532ca8bb810edb0631485b189a9b915	f13310bbbc460bb9dae9446bf71c1a0440348b6a2c776c46dd6b7a95ed40278a	d0b9af5611e1643b12f8a687ef7fefb1e322aa75a685112936f0dad5b40e867e	c2220a2db7a359902ed317196bd6c56a77dbbb60cfee44a427f6dcb08517bb76
81	2909543929525118881e2edea115c91b8921b25aaec592683328fcb3167a7358	720a389e800e39fbdde4ffcccf745475456fc8344192462298939e84664e8f15	5119544c3a4bb201a570ffc4c13e2bb3626fde8cd2002675d7c670662e4a5e3b	14cab4c76506bdec1465034c8e8cb69aee30c5de4ee6fa33954333c3174876ab	294c6361a42b41eaec212e5ee2478353bdc045ec65437afceb2fb644f7a79c8b	74de64f942cd0951600e296aad24df45769b9e844a40ba7b5ff90289ff484d55
82	7f2045c3309c829164e07cf31989243aee47ddffe93d617e25537d132c822355	9e778ca8b21953b0d6ba24ee95fd966e9cbbd646ec46d253fc6f056e95558df1	94992c8ecc7ccb3193245b3e5c3d84f7e731ed532fb9ee751b836afb9cb73f41	bb38adbfc1a72d5c84b82075dc38b748d60577c076c229c333aa0ab3041b42c6	890ada09eefedd87160eb2198c60daa3b57e98804ef49aad0d235d806ff3405d	1aa6ce3810159f84748c1ac721e73c2b41cadb8c5a9395f9b6d037820cf608ed
83	ac47dd5cba055f1919b8c6709a5cb1a4179b6fb8737633a915e4f73c4e04a60c	32c1adfda5753a1351aaf1949be4030957f4d703e5edebf46528027477036c30	3a743149a5148c557176706824540f9de4b1c236b2cefd715ed8296037443876	6abb02bf00360e6d158a6a96dc4a8141644f35474cdc417cc45fa330105d068a	1cd73088af8aa93034d476f045fe35255534325834efbf1907229254e083dd37	a6dd6608c6cdcf173036afdd8bd32b59e93cf37cdea25028e3cf823fcaed303b
84	c439931d2fb1395e6b87e23e31ee37c0470f280cc5f996e4b25a32f5beb077c8	4ece31783595c84c38d8ef2649d8188a8522ecf0355b5c7a5e9b88ab6020042b	b5f9f866f94550298e456c7dcb0755a77cad95b241339cd0b2b50a995647f073	9f516072e5e9b3c804e2b7eb4cb29bf1824c7592620a7f1e8b530ea51095de96	aa67b1ac02cae0e82017066b3a82cd91ec4a0f148438ce44a1f7c132f14765fc	59b2b797cb4c280191d62f2c25d8a87b509763ff0b3b29da6ae84e1116f3e98e
85	914fb863690a27e154f53185322c875b4c122ad5cacda1528c3ccc4153f3bf01	4968a334a726d86ddb56d1ba83bc96c2ee72ef1d2fdbbc2160a040e70466718e	dcb64d4cf0dc2dd0b3be6895185947348de4d3534059b855486cee499239fabc	924099a57ad08fb82ceac72354042369959ffad8c6ccb22327175b77884ec040	2857dc5b1828365bd07510cd13fb711504bd147032201ea94a2847fdabf4458f	9d74180709d625356e063f432b56d56cf4312be693a0b144ab31b78bc7c56c64
86	eefaf9ffd872c9e6878a16b21c79af3b0fbce8cbac34051c3cea1283d0a59816	0f3e17561fecc15f241f629e4f0f5931ba2517a268c79a07bca1961e225315de	a0aa752282f97a90ea80530b7efc5364c7b3e980562182fbdd033afedebb45ba	a1e634fc2c8c53a78c2e3117ef95379e1c8823bcc299ec5f428817ae1af83e42	4e468bef6b55d39971ec7e6eb5b26e00b0282343449b2960149c9bdcc99f51a3	752e4aaaec6c980e27aa8937cc7c57c9348440d84e5da5ea67adf8f6bbb04204
87	60fbbf83fd44ad864744a3f56b2d23b3d3bb56405309a8c618551df4382aa488	0961390bd3a620519fd09674c8d96613744c520bcae19d699484939f84ddffe5	64d75d6fe159b1bc884ab12c006f0f3dd8782ed8800c9e91c72d9abf77872e88	4ea946eb3a2036a010975894da81892a2cfeca47212ecb295c3ea9d552e1a3a4	949f0d7db7088d3b39cbb0d6e186876acb16e161006c047549b59471bd47ba76	bd637ef34456944e8917d8b0f1da798c4ac3ebc9f2020b4f7c4f5d09c8a256db
88	6eda7011f70d83d465a8ef5a87ad5279b006035c6e30775c0c3850c79e8c4016	e549511cf75046a339a192a49aedd0fa1371a02407220276469bb84c6ccb6ce6	6112509c62433b409704fad139bd824c649e182ad9cefcbab47572010d8df6d9	6efcd311f8660159b5600d9bf777dc85cac63e256bd1d6ceaa232985a3500d36	9500d715760b8fa5935045398aa4474b261ba015ab9d40b0465f83aa62e8ae43	67894300bb6d2f634358b4f67b65f85d4842345c50795798f057c47f4e40fb9c
89	530ae96be31cbbb878d9c8b124d2e24d07e317de4e8ab0f2c74567df7de1f062	c30168b2ac579f8c445c6135a99336400126ad2149cb1707691d5bfbc7d0bae0	6d566337a048a1aaf0fc3adc24888dc30b311aeaf117a70bd8b1de6fc1af4e87	938dde7a3f49b1cbad9296f1853b67f99847f072f2b7e2883ac937be95e1063d	117c65ecd67641ab4c92d171ca1d2f8cf3083bf165bbbd1b258a154c6d6ccf41	7db5b5448a01f46182870588bdfae41182df3ba5ea22b60bceae004be14546f5
90	f1342357d034e58aaca045c318f5e5a3cc1e376fa6c97386e0ec6a13b878d8e0	0d1d4b39a4e18cbd3894376915bba667e6111cebec8c5616fc1332d5641a1f25	f234c96e369ba94136febe2fce3146b8eda99bc1058559ee635bf28de4afbce4	b4734864b3c52977dc8be049822049bf6bbdfc50ed1259e268011eab32e43b84	ca677e47c7dbe40042d41e33e0c50e6e71878cc31d659a0094fdef7af60764b1	9aef4b5cd9f2330b81151c5d0e7ae284747cd543ea8783dede7908b4dadf2fcf
91	8b4b48db77562bcfbd6a8883cabe4c0a56168f2badae107aae06bf4e2b25fd3e	80ce56accdcfc61b2f4734aabbf01f7952359be12eb736b33cef08da91d1f079	8dc2b72e6f1fc08a3daed8fa0037b33d4b6c32e992055e2122148e2fffa32408	8c897876e511d31ff560e5f7872b0ede1b37203b4c876e181829fc215c442898	225785f615c48876e09e782e6e8da51222fc24e1b89c2ef63748f99501c71fdc	4ef68b526e96286399903d98c0d4408a4935d543e65251651945fe8bac7b3ef8
92	0e6d93f7c5f68bd180e95392f68101ce79087ebe043bcc72e22ecc6f047fea77	145b0fc3eb4ab645177ada14d3e66f2b40c842752bb429e6c8c7cfd6828f41ca	ea0e730d112e753ec25c8299e949b48a08074b22eb8bd3f56a2628a7ace23bc0	64a4cdf7c699fe57491dc2f96aaa1122301c790aa3ea30fbc3583c89e9d5c00b	d077e99fb1d0fd8ce57285430182ee631aa9f02d592703695caf075d332770f3	9542cc91ef71f98a2141aa545328cb5e0d25f30cae2dd49eb9245ce147134c67
93	065cc8c2e6f06a2b31eb1ebc08112f1b7704ff976662d931a097f88f96a5503f	1fb7f54e4a1b71b72a39ff0502cda11408dbbd62e4b287091d509fb8fe33b36c	caac273a13d71e334d23ff755519721c58be864c1a9d72a0c081ac7b661d2623	603f113ea38cad670d6b6caa92a6598479065fc2fbf011a4833f0ae71cd52af7	21b5021a7a35379b0c546dde3d7fab06942892af20dbe8008a15c47fec81e49c	8d5e92a80bc15a92859e7f52e498e5cad855af80f6afb00cf1beb852b3ce005d
94	095cc241bb85bdb9f276c5df7c953d07b6b747a0f5035006fa941df9d22860bd	7496534502a5f876e7c1f12cc40da1dc4de7339009ff7fe15d80648adb61b6cf	dfd233afb9abc613ede41f4369831b39ab686b8be6bd53377bf036a7bd0d9f68	f9521752b412a2612d685dc8d87e8c5c4defab43ae86efb7ce3470c43b2fcea3	a6e446771025b0e93e7d1212a41c5e5c1f2c1637f32e0a50f00e9b4603d80131	a69393d4e79ceeb485c5b191ce40afd329dfb5ae3aedc79c7d6c4cc74c507581
95	88eabad3f7312c5df13672418851967de6e8d82ecf67f9723f0fffcb07c26cbd	bd8c8bb5504301afff812b05f2bb0fdf8d42bf7359987057b64745323139f96d	eea479d58431f7d28de1f62c56524d3e704078b9e9a2bada14a1a85f80ea4581	12f0c2b4ecdcde0c58b013b8c38ea1367e3a2e48694b9775c557b0c95f48a2b1	d94021b054840312a5738377041958d4e4ba930fd8909909826d3668ec6a85c8	f831098fa74138f2354d53b7813528ef055c59f7892717eb227ff11a80014f46
96	2308545bb29fcc0e8292deb9ed3b7d9ae53e5314060f45366479caaafef88a6f	cc2429fcb3675860e07b4925ca2edcd9b71377a020ea5f73c77e379e15ee5b7b	16d5ae67fbcb3756134b9eeea5f90aebcd55528a105a4823b4d6c2a51be27f80	a3859bb72e7d3428d1f6538ca3691ed7b4a6a87589e9e85f28b491aa46257f3c	fed9653d335662a3f208476f349a53a2cc2c13e7fece63d70d988d98baa3c1b8	4561767d93b76b41a8a21f8ced69f4b123ec6aff9e0fb6b8849ac9e572a8bb51
97	8cd2008bd770332a0e4fd2c9754247f5677b5d174748cdd868fe363863d1f5a2	ebea59475e75fde353c5d52199dcf5be18e234994419c69b06121c7428302620	1f25f6f854e15b1036a9d37b42bf8c918bcb2e4003345fd462d744beda4858c4	c0bbe2d1db1cd938ddfce9fe654d9065133aafc6eb55d64d7ea0a242afc3057a	507d6a185a8ecaaaddb1bb3ecd85c3ef66fd568ca390a7e3d9155ec760a64857	71ca74587f6ec6ce54be4570a2015344d44ad53681415cfa5151ab5a140a0f4e
98	1b708ca5ea2c7a75d17771ed2c4bfb7431c44c8a4d51c3938fcd59f04d5b0fdf	0a65ec49027dd8e06131a31a82ad693c133eb39529152c4e8466feb31bc4e84b	968d2272345fa79e18d6e539279a6b6d21f1acb58fc2a71e246c92bd135a8213	8c4d708bc774f786141b85854930ad142a41637868a7bafc0a0d649e7ef6558c	24832a90bb1dcc8d24663b1ef1348d502c6cecbc9bd03566355ae92900a412ea	dbe261473b3f59847a41a475e9a507e89432d8470dee78dad76d7f2f5086fad6
99	f92a3c07ff1f2b7e4c4503bef5d7cb3b8984652e4b066487e478d0063a0003d2	3bc84b00d5ed0b52a5d3ba971941b18622c43238084db01311c646ddfbe8f8ab	1dc858a7d4b55669167748d9450d16d7e9603509c96d986036474543746bcab2	ecf646bf736a6bd4bc536a5cb90025be79994d173c5e65f0732d7f0e13424354	09e94f940b696033742b9af33ece53705546691751b0e20e3c4e72ab1f1d7469	1bc07ac6e5cb34d69654d5af3134f9905568dba1ed9d85fec6d8937fa3085dbb
100	efc8602a3fbfec0db880e94bc875c7c63a258b709714bb040eb5d6e4b191774d	9d6c0368b020d21a1142d5edc236162c6ec2dff4e7a8691537d80e21828c04e5	99169b9e1fff315125c2c8c66dbd6d1a3ca7e105ddac8117c3f9a7ac33cd7c1a	50db9a3a064cfc4c276683a9f2d9a3526486ff3a35f7fc3338347413bdd94b23	da1309ce7b0cb86bf0dda10a8538110526a4dec2d815de77ba9c25eaddd8c33d	80e71db4599e24ebde8836c3dd98beb6e5f2e0bee8d1b1d9230db2b2dde32614
101	bbf854019d5be1a340e4fc08e91b2ebd1f83acc6c9c6bd03abb77e47f3796043	69479b0ef45ba6bf415892bcdc09fd5523c6ec28376534136d36cd49cd2366df	288010d67602457f80a559cd148d0b9796f64ac10de64f22a14abd84cd6cc699	5b0a3e4f747259e8200fdba182a1258dd4edd0045c1a69fa2f5c9614c13407b8	6f54e7a806f7ce5d8757c8432c473a5ae086dd271687dbffe381f33e3e25281c	037e5c24869a2270c95a788ea3f55134fa223a74524e7709910ec612c0868a51
102	d1fb36d1f55c8e9515f2f0a84b6cb42cbf8dccd8f4663a4245c7299242f66596	d067ace7f144b0e545d8cccc55a3f65ea2289317d787048eb6a14f01ed085f25	d33dbdd3c0f569c819f6eed35defefbfe310bcc38991eb855abbbbd989741dfb	87724b6bb4873b797d6b090c1f65101709748c134784615127d86172501aa66f	58869a2b5fd99094000362d984afb903f8e390ed3f66d9960da456d76058d522	c75deae5038c598a847531b735393383b211511a4c5a6efb2e51a8dec8738dd2
103	210de6a2c955b616393dbea47192dae1e04d72f0b81aaa8cf9ccb838013ee3b3	6ef1afbfefe9bef327251994c8922fc834581b83e4a5f5d82368bf1562399e9c	ff8d0f41c30828e58fa73080d2015d2a860c77d369bf039edb4fb50e25ccbfcb	aa9f5a7152637692fdc8f5bc5cd3aeb5b5c02fc73a4b6cc9fffe1a4a5cfc6724	39757a607bebfbfe9aa017911274f00b7cf4ab2fdef2142b6713d857b2f62abc	f84b91c0af958d42718825f3270eec684c741586d30c886cd739942244a61577
104	8944a79c90d67f6819c5f69438d263ae5d5592eb9038b538ee8d0994d8493fe6	67b5ebbfdf71dcaf3340ee51d6776c0eabc171b1c59548d19d7a2070bb78932b	acb2bb15fb02ecb7c26a3cec721662806e0880f0a6e7b90edaf4fb808854f662	98b8e5910df0e7fbcd7be6e2f665f1be83f884ceef5a288b238e19c04eb0cc8f	96b9056c7776c3cea6c50ab9367d3b5c59729393d94c110850952d8c1ac8f2d5	44b8d1e829ba0a301de8b6848f546c450858f0c0c54c3a1da04a1e4ec3c6ad7a
105	50b8f8f3b3661f810dd0bc6a149752078d48a294737c9f8fdb7d648496a6502c	a456bc8d67d84de4e000acab15daac1803000f5dbdc5bc836f3d24fe5124c9ba	464d5dacebb20460f40b1b3cbd47db095b99e9b8f219b423b27e7a876c45556b	e85812eb19dbf70e0169982ea0363fbfb97595c6a2763af9bdb523ca692e3ae3	fa59ad3f7521fae5af4279bf7ae99a4bff82ed9694f9dc1fa4ded8fbb0dd89dd	d661860492a02da1cf2e14dff0c02ebe2156920cba602cb112c095f6e09ecf46
106	e41e9552252742fb6e80715f13d7fc3a822b05c41bf56640317e07bd5def981e	2285c1181b0d6844a3cb323f71805c501a542f38238c84d8feba03c96e65ef5e	a03bdf83c5d3e652755fb329b6b2de04d3c3d282d38d53a4fb4670f73efdf8ab	a08d9ae6ab4e98f93aaf72c8b57940b314b0e18f3ade9dcbf04b4cb4108b2496	1b5cc5426670d6e5ba7b2158f8fe320879aa8fe5614916fcdc4a9389dba9ebc4	40d0b3d4bb2c73a421d615a7f46f33c00b4ba58151fb95952462b1d020af8446
107	c2cb4e26c5a51e883d0c86227e9460c533fee7f07851477b1345b1ed0f16e5be	11611d39041a126f4e8a2005c689f9f7465a6871d6496422766cb57225b5608e	5eeec087459f948fb4c30e04c113d4bb55624271b9021877c76f6164bc57cb33	441853964506a250b6415336c3b4de8dea751283ab468896d65f4a0cbc2aab47	78219fa77a486e6a33d06fc3078599fc41e0dfc161ca53dc61dfa030c3b813a3	a1e552a1df08ca551082a20ed1e2dc80ae089b60065a90924c794af479b2f086
108	753f6ddd087e40f91f0403795b4290a3d066c59e7ea651b1148945df8b65b609	84a6bd6491f5ee476eeb2bc5a10b17f9a84bd8b1119eae2d861bbcbbb0f8c890	d6ad47849dadd473c71ff539f5ab8517568c9b51a02524bdd4806227ee6a5335	9f5c84f6c682f7c63b4c9843b230480882ef38e7dba359e91018d746892e0402	d529d4faaa0a96ccbca38f4020ee9ebab26ae05cdceae3eb52c478f6056e44c1	828f358e264e3fe51b1514033e18ec8f68816b0239c1caee1e16c566ba3c2414
109	c62ce6b8a43ec3b6a88a0de036fdd9d21ace774be5efaf53c23af5e83ab3e162	f6826287743927263d6c55f3fdc10cf32ead7c06d02eac470161ccc43b338d48	91d6e03c67ffd07925f338973d36d16f10a7a343f8f0b55f06aec4f643f40056	3ddca16dd019037e02d17b5be0ccfce0c07f14ad6baef781d2c4d1cdf03c85a4	012f671e55af21b02db33fcf081e39a75dfa5e607992ee479142c91ad99d925b	a3a76336b1f6e341ace998c7623baa5b60167efbf455f7f88254feb437e54b2b
110	93f91223facb52ad8d18de19f3c71c6365bb84759e79741326503ad537ab1ba0	b883df7a93ec87e3b49402e148b0c76b3ea5857ac875ff404b8b8a451fc3de8a	abebc9c9aa1f76dfb37794ed82ac8f2b5487476f45d9da3fad88e36e97b7f4b7	78e29fc740dfbbc4a1275c3fc63253e4634b4ff20b67791f7a18ce66299d8c49	38da39c177e59de7713719dc2b57ff0ff8d57a1d0ae24a3767d149bb1f388108	832eb074a91779033126f92bb2536b4265e6c85b7d0b49347774134503eb2973
111	9541b755b7456a0031cf77130bc05fbe2ce83d97a68c9dd8e5364c49213f371f	a9701ffcfc81e8efd0f9c60dde7fbe4fae0895539af458943d990f23c0e9475a	c24ef1e726e0d6052ea72a6c5dc2a4b55a8656326b817106ed24ac758aba3828	fd82103ec01c91e4738686949263aad91a060d3347f1d3168d65f0c545df955e	9aeb15ef2c2fd0a98b2445d9aa20db50f8c54d458a78c1ba69725fe7a6c7f452	5cf487fa0ba9be4f4038c3553aceafa684af78cf1043ab16db20493361c4e420
112	7449a745ca07e97ef1ea119ddc905eaf8a5d4bd1f372977d72dee287dba9aaba	d8df816b206cacbfd19e75bff65843dc0631c68dd43ac0a0ea3762a29e025605	7d04149f971f547c08d2d475e7cb63d188de570719b116406a8d352d493a32b4	591357d2032d72e726d8ed4ce0641ff7ed7093a1d36661de3ba8a98633a19b1f	f11717c311259f8b7368e51172c6af3f8ce9996d9ec68e783fedf96f0bf6cb1d	4555e9f814bbc4576d92f876a5d7e0ce245a0047672ade74cad71e02069cea20
113	cb561917a6b2a889d8e3569196b34510870c7e22e615555f7bebcca18dc230fb	3705aa8a9c3d48cc2909e28b6198ec8f5f1936d1913c33607f3b9c9a9d8f8f8d	073e24b55e28f893e99664c0d2dd3c712210a0c033b00ef8f80cd38ec7bd5b55	7094caf9c070f425e08b9b860dbf2ad275cb81e254c311d415854b25c03ab4cb	2d26399bd66fbb12d72cfb6a155f6480c21b4a97bc5abc1f20b4512e038f2ff0	dbafc8df86bc6c837bf6ba60c76214deb9a4017f8a158b5daa82cf0577a64020
114	a90ade30b80bba352f6062e9d72acf58f53756f4035a9d5f02b9e3dc96d9a68e	38ece14790bf4ffecee6e7ab4c1c388f5187d50966ae5a88ed4b14c1f2eb1641	40260375d64a5b9e47e9098da1a3e6640e1112222cd956bc9cdf6625126f531c	2ab5fd6f990fd6b93ae8ccf5256bc2a737eb089d85d8408ebc778e970221af52	ef3aa167286c919041c4c6895f8df2d3bbe4e59ed6ca3b90863fd45c2f665dff	d5dc403aaca6b2141abb56b3edfabeadc8418617104d9a8bccc36b61847eebe0
115	2a27686a304f4a71d9bd5005a196e437f2039399aca0c2d95156990f18142875	617ff7dc39b21d8629451805e6ab78d963cf337dd63b828ed02732f2c67cd37a	b2fe62a14aa05e9b75be5bbf3e0a848e15502d41d6d431b7dd1cfb04d22ca49d	8849692e7337e4e544681a9f72c33e6c90fd831f7270b35135a3d39db867f047	c40fdf545d0f5f3a628c5601b3592701796472161c206625f4d433dc405564df	f64461c192ee591bd319ef27f3ca6bf077a2b801c7e0e29a35621f5a26e740ca
116	6c2867045dd7bc7c7d36f5fa4accdc5ca14ca21b344c777fd3ba143390d5149d	5a03dd31598e3982feeda205ce581b6195ab19ca6182ecd33dd6408357b5b536	834b54c437db1c3014596e2dc17f8a35b463c3486ab7e8efdcb947ad87305cf6	961d36fb5ea5b239121e5abf1147930a2e6c0582d3ec6ab093d6776aa7f0fc69	6f34280ca68a892a3278fcff2a16eda7a274f5019bfb8686cb4063e44b183aaa	ac8ddca363bae7e2de6c1dc895b379d078c08087bc1818e03ab50e1c075adfac
117	3797492db24bd46e42ee5887fe97355cb6a4028e47b2061830e857590f707b37	5e41ae9cde699938923ba75ba5782d28087116cf765fe8d612841c47e9d12554	fd104cde993c4bdbb7e0ff037efb97a973e2290056ef211cd5fbcabf5496b04f	88e86064c868b57f6c9256f7479683652512af5cd579ad0da9656fa985d50a32	0a41a2670f2b9a1e75110d41499ca8e6429a9508250f33ad09dd59feb2395f07	0e8d538d434fea14be753afb79417323884044e28a96440a312c03b14cf61e28
118	e0ee045d597b06ca4390084cf626a95dafb272a79ae7261b5c5b57878903c606	393eada71d07f242533ea731b422e3d54a0b8815371e65f7104e2d52a960b184	9eb04b7c9a4b000bbdc3cd0c261e170d1ad427bf873f8a70e557a79116a44326	62efe5fbe9fc602079f1ad8d496c9081d6840af973a52c00a42760d744f552c8	2275e8c77031074d45de2780ab080793a695d6711f7c7f7af658e704ecce267e	9ec26ef597bbd9201bae3d515a94390bffb4040b0edcc3e7ce289889bd7c0cb9
119	75663861b8592412643ea1038cec0f35f24881d2ff8b37fb6636f409c1c92075	57bbb9817e9c0037d38797595244c78012ab8e1a27d469b86e816ea2cd51e731	370e15e32d976c11f04412407f3fc4cac979e9324dcb4a61b0744742fcd9671e	5fb0de353a33adb42631f285d211ef597473eda04c042eb79a572b343c1b7fa7	3591ca014e8af0137d4ebca8e6f4088812a75f938f1150ddc47fdbc56889b6f8	b68cb103902533e43fb122957b8c08c7949218cb2046d6b3b38b22ac041b7030
120	5bc84c5299f0e373c28ebdbb9ce808a77016a8f70cfc83bdd311e59ef60b559b	bcbb72de7417e8448cf4929b51c6b04f412b6f03d122502ef28b32f6cc97ccf6	d6c00a2c20f93fa0ddc08b19bb788d8fb07dd6402ad339d99a84802558aaa3f5	a0524db940ab8eae32889e9dbe110d773339b10b5b9d2dd3c882eec434a5231b	90c239177fd5df6cec7d82c67e4d43902577520a38dc7f0b6734462182767045	b47b09dfe9b2c534335e92af20f494fcae835c25f5caedfbd5b13eebec7910bd
121	e4f9635428193b070e1efec43709c280123a032b6d53a0b187a01ef68b36bdd8	60d80f80dd68e92e34d3e1785c68cc0ab05e5264c20229506e7c8fa077ddc491	5bbe8c7a45efbda7b39bdea9131d4c165aec58b99a0bf3fcdfa4342b665a4842	dd0b679eba74b2f19c069b1c234788bbcfac549e75eb900d656d0ecb6fc40723	910f854927a166486c210a42721ed910277a2d3f58d93fa6581adcf1980b92d7	2fee4fe4796b980896b80635e1e6e0c1f361913f467727cc879d63bc53ebe78c
122	b98283e220088ef0bf56023641e84f1751da8e8cbea9dad5a8ce0067aac715fb	32be59db2f09eead3dc384081f17a9b4581f11ea1c10e020d6cbc9a5405c540f	0f4d7c4a9edd35dccc2091d2233fb5c42df0777233dc1620d12604757d0c17f4	82fb99a575a527be45c330140261e60ce51d3265e511c9e08885b2d4b5d03a43	cce13605ddc925b6d5259f0c4608888d92b57e77fddd33819878ca5e3e088f6c	a9367177339a1dbd8cfbb35c5681d9856288a5530f306945fa996de8a8a1f6ab
123	c154e35af51d1638b158469f65797c29038db7121e1ddcdad8033b239cb41b41	ae214279fd158056db2201264c0098f79cc41a5632378b7913b49ccd825a206a	e363fedc7c4bd1c2c8c810d9ff0c9af75d324414be36a6e3367de07a03e589cb	ba51de3e76df78e8f977c514ca88ef4dec2337a9a223d06bd166cada1c4fc4aa	daa98dd463cfd1b40b1ae5f96481febe2308e0bb30ad307b0b0760270d7ccfc6	262d4997f647c817d0259f4e18872cd971861c78b3e362661803811dc9f60c8d
124	4f27e6bd75f7894ca24de40621e444dcb5e5edad83d56c58711fff324d92b357	a0da242f41af8dbe0db76c9a584e833e6a0be9cc6f050a1532b85275f8088fa1	01c07f6a3558c407b94c14b3d2ed21521dac3f7b80af8cf5ae82d89c4f3ef5fe	b675bbf6d63cc2c7998c7c62e130091fbe89dcd4819ed114e0e0f77349164ad4	7cf33a6ee093d0be771d24c84f8f24ace98e4e7e0a5c2940e26c2efbb198bbe6	7d20bb6f5ff79a25f36ecfee7f5aa00dc5439ab0a93e789211772063354be31e
125	bf39675809319169b9660874ed0eae238df7643611cfc7e126cbd9ba279af502	802fafb56c81f96f3354d879b5a92174da2f07cd480f7fa24402f936466abde9	5a30dccc3a6bea4720d8325489a3bdca884de5c10137b67c6472abc86bf381ec	5457ac46dbe4a15e0b698a84159353ca643ebe79f79414e8c7dc0f6e6451b371	e56d801c94a773d5cab9794dbe51b0fc5747e31b73eae3ca54283229fe7d9fd3	09f31b83003cefba4d7c66b7552be31dddef27a21c9978df109ee93166cd6ca5
126	54ff2b40052818d3f2d55a312af7598ea3db5cd23b13656af1780b0621190584	5858fda2e567c228f4bf57fc125ecf434d68e0a62b3f315840aa25d83677fc55	48e2c8ee915027fc8a8c53f1b86155d4a5314692dc6c9eb1c0ed62c113a17099	d4f918cc77792c9282c75321a90c13ae486ffb1442dc45b389cb90120acac43a	9166f7c112736560f6bf43db366c1975775ab28ecdb04e7203d2c45c606e676f	48fec5f214dfd121fc04a459b3f78d3d82e566bec9c7b5542e741ee6a45713f8
127	016eac4dc2594f941484e65834b330f94baedf13a7aa4b4fc5b241de7012c340	a6792fec099e778937e5a1ee8c7704b3b9baa7adbba371ba28bc490f1dba0dc5	0ded466eb8c1fdf1d60ecd0edf8cbf682b27de430e7756d84b13ce80b27ce530	e3edb5843b8442b0ca24e8b71ad2734fa7e155c3524bd7394eb29c5fb3977e8e	c32283823c5ce0143f05389400b28d76eb21007512d51380b5ea7aec5365c772	6cd0fa74a3de02e0692fb3ca98c73ddc87c3cd0ca31ec339cdd1176e46e240f6
128	97ee39a7249668500f520a2c4f7c36fb0b0d53d6f6331e99dc3f60325c015421	6c341162a4d7d496bb752ca9a7a34a260b40d3c90042a28d22a49207aa46da43	32087fd022cb64577f12ee85c41a40aa08ffb1eb559dde319f0d7ee4fb542a52	ebb3558af0a2d32360d3f2bfddc44fbee16ea704e83e14d1f314330ceed37e42	6efbfc6c816cb154ce04824298d14d2c1d304d467a143d0b9ca38a9468ff5270	e82b53d2e8b2bbbe9704b50445280b3c49306b1b916298444760a5c9e60dc0d3
129	cf659c64708db31eb5c4a9eebcedd30f7ade47ad785e02b10aee768bb808506f	7130eca6f529af0fa6ba5422e01daa8c6bb1988fd077bf470e74fc31d7c310f0	34dd02698ea12f8471a22c22bf88c24cc76050dc228c6ef33a73cca85bdd2a27	5e924a267b8efe48f2d3703bf0eee5f3d664cdb6c824960495ecc1d8302faddf	f6aa1cf76535a6008bd8b03ed48d0adc645c2aed6bf67e7721ed0eb06e1ef402	eb0d639102f7dc86d5a0e345bc1a82d4026159ac013c34bd425b9266435ee85c
130	1990a60b251db9d33817dc6027b2579022e06f7b3e6023bd77ac68dbe4c4bade	0d9964dbe3386cdfdfaa3d983e2867ae5965942fbb9593bb9d0c4411eb8a87cc	16aa37f61d319ce667181b97d9b679448cf412167f9549412c8056819466705a	52e1d03dae2e76a4350ca7e1b54d3e51e4f3eafc10ca55d0f0317c6d972f6156	6105e7e667af01a8056d8185890139edfe416f56bc6cd24bfb9a9b101d44734d	7ec8c6426e94346837ff03296e461373eb69742bb3f22cb89f6d05f09717efb2
131	fc91a917e7caacb7e4623c4032db99b1e9e43679a33b59f8414c0711b00f514d	edc601637ccec56cd45072d36ab43a9294baa749aace6a2cff6b2e88bfe61a08	9a39cfa9b13cc4bde0e56f29d299aa80349eb5f662d972801ce334f34f444662	b51bfe67826847eeafc5dc36a8a96bf059d214a09800f110ed24dc6d9974c078	caf3aa61e4e3a967b0658840b2c53ef5f1529912dab065f1c14fa00a71dc97b9	8644676d2726ad49c72deeb53a44c6a4046049c21b30cc766b90a81cd97431a8
132	7274de28118199edb5e9ad0225d6df98b33edd92583189c390b5b3de1632939f	cbdb08a6fc695a747ac81c2b94c774e1781d8d357cafb38011bffa3352c1eaef	4ae3e8ee360f41faa589707c828d5f4a6d133599cfa421e349977e4f9ad73b62	aef0e079ca0e41e620f77f86c073dc158360a3cfa91111629d788568da9b4566	ffa62eff9575113a112548193bb3ad31a06c3cc3c62e9647d252da33a36fceb4	b7fb51ce85e6d75150f3f48b6596243cee8230d87bcec6d9fc93ca7640fd10c7
133	5cfee79b79397443d8c542dac7d95e8cdb936fbcd2ac4736bf69e06f2255b4f2	e8ac58a8e8c002a487d01f7d1a7cd1470270e66f14a4ead1ecff4448542042dd	b5ca288ebae52c4aed89b16c6dc0ed3acd48bf3d1019e3c78bd06bbe6bc30be7	5b6fdfc876f3d4b02364ab7576f3234480745f56d8337b2c8907afbea5bd4275	be2b316c97f90f1e68ea15040de3c50cddfe8a139f921b4aecd14be0c37ffe06	455e7797ea0d65a30f973a95f5a5a665cd74befba2e46ac7db4f9545fe907d0f
134	43a5730e5ea52655c0a2595e05e8df2e76e46798bb3baa4e2e3d0e28ebef708b	b9e0509726b7fa1304d497797c994b315c28681606fb227b418595d86cce76e7	56655b5ee90a936d35dac54b47dc33fe713f558f5a08f1f01d23fb3ee00d406a	ec3aaa7d44852bfe30fdbb499e0f607c38de9fd484fe9f608d8ddae365f46518	a19fb9bc394ce3cbace8ab4477a960da624581476d477062d8e2948facb3c8c2	fd267997cb88ce0418ded3752cab4e08ef50ec78cb4af3f508e7b17acc265baa
135	828324654a06fcb81aab66e4c62ddfc8d975304a81ca722bbd4656b508176107	2d7b56a95254b279c7c7285c2492aea76a5bff54ea0dbca31c89679708e4f939	82282e5de1e7b303b63a2c56d48d74fbcf5186bc653c4a33c5f65756353db84e	2b175fd519ce17d8ce2679e885c0d4aa669c05ca03e04c578b779aed68662ffd	7d29d709df5af3219668b8c98dd762606ad8058622b1e3452b81c2ffa58ae2a6	8ab40e363313f7c472ec4a7a225c520703a630add118b04478dfa5b50f5f103b
136	2191290a9e271f14add6fcc1effa00a25345f55611b6a004e02cdf43fddba725	a7e3e0e329d80c39e104bbeca6827c4cd1a3cbc0c7de1b4bb1f5f6bf6bbcf033	ed478e67cb5a6f4113751c7720f10e3aa58d4351eed1d9781935559157782790	32beb023ee29099579a4cab64f32801d23a87a3a0c763c8979b40501d19c2e60	fef588243a36332e16ee425eacbbd178b33b2303f4dc0b4993feaead4668992e	653d528c1ec54f799d35f50d4c4039fe6f20ff68a0b5deea674fe84103f4b07f
137	3c32022e0cbbbf30525df41b6c11b751d6976aba6c91e70aef0d173a715c2d81	20c111d29ca83be8241422fa9b27f8d6e3485c7653aa9e2637ee7ed176d0d18e	e481b81bc8583212144d29b4973cb8a3080f6be0bd8f99f8620b600d7f2e8fb5	39aabdb2e207d3aef9d0b2e6daf25253a235f02dfda2e60c55a9c7b17d54aa42	8c370203563b56109da0dba259e9ece3291ca4941644aa56056bf1edcf90931f	9137e3571398a79c71b1a2b0439c96808b4c8ac6eb09ab236682f6ab4604c13d
138	49d5f749a4ef78dc8b36d97e70186490c4c71b888c8f914e5548d4dadb0b949d	19ab197bab40ed54076c076c2e8610f55fea86a9cc7b124b1350de1e3c59e993	e7ad6825bec92b168a453f1636d0922df913b20cc158c8cf0b5e4532dba59b98	fac02670bc60e4cc6dd36ac040dab9156fbb6595bf6f29c6f93e80b4205c9a4c	fbc14effb4de0f3e94350767143a383ca5e34905a7e206811fa0c774921684c0	3cb1abf9bd4595eef91ee8be09cbad5d3f39bc78f0cbc3d3e68d677ba0242b4a
139	133777d1f35af9a98d6fd7504e720cb2f9f7eced844b02f7132f4a510d0a92c7	65e93dce1381416b7c2757ed9b34bc512d21b479a9cd78b10798b854aad97b4a	afed98c43ce414e36a76ee1757a0ae7d73553267b51e4e8e09c3322f685e6f49	118463cc4fc1eb22cd8da3a84c01a669a2907cca55c7512b03488b677d13d189	135f9c111e1ea2240b83200e73a131a05de4e3dec9a423dc392bd43a0de6c2d8	1874a62b7ae444f749ee624f58780a2edb1b4ceee6ae0bf1cfe30a450b023385
140	94756669513ac88ba98dbf187f69e67a37c89a0399c98a9c890338acd83ebe83	866572c274d85ad59dc6a2853dbea6ee3a40d48baf812830ce0bedeab3aa1362	54d02b3ee8164eea14103314ac69fcc623125d13eaf08a6fe99c48c6bb652f0e	46888a7a01f6a8475e6b3ec18d613fcaa67826f744b96f06da0d42b2ff696fc9	8e7d2d76b2ce6441ed5810fe880cfe7e78a2ceadcdcbd7418bf7de9d621a767b	1220d77bc214b414feb3cbc6907b75ba15895696fc8ab44e8173a654a726251c
141	aa82cf7c824c846ed662c0593e610fd9a8e478286df0eb032137eef7113e855e	dd96bc1d938a39f4fe3868442d3a8be6866ca2faeacac24d6cbbeb478217473e	9ed5b6b10ba9507ded9aeebc301d60af9f1f47497c2a9453c605eb1df99748e6	c4da16c45baa826618b05bd04b095440990cb28c7004d29f161f8b1527ff98e8	e281adba53982f4f6f40ca882c3ef729011309031cd7b2059032d46c39c8e18d	290aaad9923326e25a975f9164fe799b382d4581c304c7c8ff0ef388e24fdca7
142	1973efcd1523758791904e543cf8016199e6548727f620b68a3b3f33f18d232e	57aa1734d5f2b352f5add6bc645e2816da8a5ac4df0f86134e5919e6f9793ada	62173d6736c917c2d95fa65705f541a10827ca1b23cd1846376b9569ba3bed21	722c695288ad1fa13acf8f7b1b1cdeeb927c44c7f56bc136cdc2d78649272385	f6beac2dfb0b37298627092a6f4f66c254b20f8719744613b2fef98b4246c0f0	2711fbec7745fbc613f3ce89e05a187d6a402d2a25d1610eebf56a884927a97e
143	91d2f432f3c3826bdd77786e0a0f7d746bcf2f2d71754615af2c635cf8a7cf3e	4bd9e0c3e778d84322c7b311a46d89e2e400add68e498746055a2561bdeaa434	83112dff9585a4b0de1d8753500c8438e4c5dc7395969b2fb9a27d8f06404490	480a5ffca268cbd182e3a7a874fca6ffc2aef84e50852e5ded35a6650efa790d	37da30d8af37d80b206579630967b0d3476bae6f34af3b255a5acaca26fb7e46	9f2ce5e5f63d8bccee3819b7ab8ef3d25f1f8db60fa04ac0a5e3b6b7cdb08bd5
144	ac8d8437d669bf2446a5279c5f1d3262918d8cc83a424c60cca4d5852c4b1394	b7f5e2d25bae62782f1999f75c7dd5ae1e6412a3f4624b7d104a9dc39326fd9e	463f252d2285925707c75f7c18d6f47ac0cf1c8570bfd36535aaef86ac8e821f	6985d6c8e3c7b982901d2f9fde5ad77d087e0294fc4306f5a66bfa2ebb0c97e1	d8ea5c66a8ad58f2b53ce48a35be3d9bfd350048ac1d9c67fe36b553c0fecef9	e8de6f766c0223911a8d3abf73702d026a7e6546c17a1d6a079ed27ae025c47a
145	664a56f9c938eaac49d9ac44cc4244c71ce3c6422fbbf625855f783ab14461d7	c544444df24baa9f44c7a6da15816b487e28f74c6c828f494e6ebb2e8905b050	5283549583aa1e98e949c0bf3ac2819f2e5978e7119b6b56e0da9c1127320834	3423d61a4673f6b9d54a184295dd44ec2a0cca7237c7b83f0f6ac53ae06f9583	bda03db7688d55303d100538e002fd19586e516c59ff562b767fa191ce2f0f6d	2a37645a287936fe14dc6185a8d51801e0032e938f84def856593705750f6391
146	c23ac330c96fe523e28bdf798d429a47600919d7ea734c7335912d19a4d574cc	03fe8e8caf4d7ac456f06432d747248398d59399421b9f49142dbdc887094985	2c232dfb620cc7d19f4cb8dd724116719c0723eb52a05b589ca7009e66c82fc1	8b83347a2a595c053454c816faa367fd9d337a0ceb5aba948035ecaa424d37c5	e4377f425223cf0613ecc4d32ae6ab1392a9867dc8caabf6b40e5ea18fcd911b	1e3429d21d6f18b00af7df535b47cea1ea60be56b8876790c641725f4670e7ea
147	d656c91c8e760d9956b63f4c28d1f0b11fca365543baa8d1590f3a904627743f	dd8e80633bb460388afa767c9d4838340402866b51125da835eb0f11d34d6b0f	9042595e1f29e75e2d33b58109a16644503f01a270d6c19e497f1723ad41636f	f8d58d1b64b66d143e815900ab862414d3a00baad55d4821e9c3278ddad2ea2a	d91b044afbdc32db9f37fe511552bf02b1a5649e6c066b58050b4b7a7f42df7c	4ac2f2748212c4ce6e09589c983133928d627cb788a555366531bac25de3575a
148	a717d1c4e307f4d6ec7a0ee72744da6fa9db7d35ad1834c1b99aea84eea9a113	9e59bf1c75117f4832f69defe4c1ad2d6dac85be2d8b21c51c0b068def192ba5	dd1e7d57f819ab0dd66ed0d6e9f4b502deccb7d66fca0b4baa8264f55d8bdd9d	c0cade666ae1553b116136fd31dcf8c9918dddff093eb70265b06d8533058df3	8a147d00e6bc58ecadaceb855ebf01d316ea5a5056231d980aae27ba1682e653	b1fb2ace5f024358df3af4451c31757890e39be6ab2627036625e3a7bb89182d
149	f6995db908885c090f5e69ec7190efe034c3eceba798bae52d9f129e0f6c3d58	8360e6b9fcf469720db3440b7db80a0f79b8d68594a6635e56e79ec56164d32b	abf5871f051f957867973f0cab8fa2ecb1a234baa5ff352ab15e0d679e288415	972cebaf58f02e52e4ee3dea9c84e970989d39c9ebc16e291e1cb8e9b4d88496	22e9efd2df04ed7d2a6c84c2b1a5abea2b73b920fcf4eed4ba382c13ae4e7e74	e0157476f4d0cc751838308c29247982fe903ab32189f4bb4270359431e300b1
150	e15e7366979e6acfd257867030f98767c47f4c202ce494979ad1ec383b62aa37	f9183ca4b160a096c77725ed52e84f177003f02726094964260077c40bff1ea7	6ebc9b1376f138d4009852180282e9be12785a159ba63895184cf6c0eba719ac	c8ba10e352564f248b1364dbb259198064c288b62e0ee15c3e69df1bdb41ad8d	6db15ec6f0cd8aab645213db362cf6490f8f09e3016642e909094b37f345e634	47c6145f23ac795bd0c3bcd61d628071fa7b5a16323527236d263c65d3e526c3
151	7861b86f7bb7cc8d33d8ded75a600bd8bf4f8f5435778928cdb39c50ccd95bc6	940a8d83a6cf1f7f6067ae0cb0e0eda5717469290bd7503874a8c25c7c78d052	1f479a90429d91afefcfcd142c3f8e020c403d80f637151bd000f5c0654aa683	0e62f9fb2da42096074189867a93d4b0025a72ffeb7591137110a9024e6b5690	703ae354725a525050359318ccba2faf58420e241a285d9b08235afd2ef2e50a	b1c2b182064b72942d4ab74a09d05696c46dc8f85c19d0ee13b5b1752d3bcc7f
152	886b2f92e14b4edbb1971c8f719ab6bc684f7d8af1bd8c2c83814228a59f9eb3	069c02d07266844daa049a6db7594db504ebb0c66831d6bb4633a3a82e0bef35	a0b60f5de80f57364715e4b57595aae37139dcc2c596a573c8e9c97b0413f092	12f6254db38cb5ded6cdcaceb38d8287fbf05508c11c8f569585e8a3d9b682f1	40cb96621a88d0db0ae8f5a0ef9275aba08d695e94e29dc8adad9d1764f4b965	3b33d753fe7075b4470374877cd20a0a3b178de4ac4441dfa2b219b3ee9205f5
153	f886c7a367cc17f8a1c96c33889e8f86c4885f783c70d90d39c649560442f692	6d62b392b3365884348408256717fd0019d08667daa19409988f13b28a267c20	548159a42aff32f25fab18aa0481dbc1b70234a00c1cbf63d849199c503f0d38	de780b73b6e74e8ff20e074c1df03609db4bb3e34e2beea84071e65252cba9fe	4726ea18ea1f5c2749d3007c43a5a4a4e3485ec4a2d3ee98a451579307c44f38	c4259deb589793fe28d827a3acd43e3b100e716083b09413e4356d9cbcf8c076
154	e447e8c20e374c399859f0bf9728fde23f55a2e13d129c251d5605238b8602b9	53b5502f006b4681dadb09239244aacc8df3c8a7df123cb83526dc9ae4f4d161	354d65599fe072d7b8446019a699d64027d813b6ae45d2f71f9ea083fc93cbe2	c0c4b4bbf6cb4c619b8df31ec6ba10e5c0ae77f12124ad754ecc48db4b7643aa	4f9741496178315366757fb1880c3f2e8d8979cb0df1899d674a384bf8545847	3cad180d586db1cced9fe8359629a6078515d32fa890935981b39936c3a3b0b8
155	be26e7c0134eb0c281a9765f4d2aaaf03d34e486076a8457ac6d9e5db6558b66	c44fb881d1a918a9a40a6297ad01c1dd1acdd20848dd246f8789c99008e9fa31	ad5530c8140b0d784dd4353333cba1eeb56a04e9353a69f6cb5ce6d126f6c227	706a5c33da2ea035241daca8b603ee99f9888791415269c6277fb7f5b28db432	f36e14fc37dc0cdfc737f5447cc2335a0960e0d018ee9b04187fc23c49a32aee	77b236c1000c17016e4ebb221a05fc10ad44e48e2fee5fb0242c9aac4b478ff1
156	2d932c36026f67ece9495484200474777c7a2b63c2d98ad84e2098bd1c2a1faf	34b23b964f49c4f0d8339824e85814dc80f476f60138e4ce5b7be3a5f0261279	cd46978723532291a51f4df1f1b9de4bf74588e44c5c1de5b663984233dc6ae0	cd9abe7717ee6ebb328e1d680e3370fb1f5dca6c0690c9fd46ae54553c776cd5	ff9ea78d9263474ef5ebd0017ee1641aefa09b01da918b2f63a8d05cd6f1b2c4	9c9447e12f7c23e63da303f805dda9f17d2e7c9dfd29dbf4e440a9326d0c0441
157	5a4165dd0551c76c685263945f4ab2988884d92c97126f47f3506ca137cf74af	70e45c296458c8f9a8ef26bd9f620ba26e5527d86616d52fdb931f79ae92bc28	9908bc13317c49b4e7154ea99ea2eb1b5e8f2e2e8006f18834972c3ddc359a74	d0be1c4aaa79fe5c127d6a00271b6df86133581f830da568567d855e3879ea43	9fee2fe1e5a4164ca903794dd709915b6ac93e4bffea612e367b3e4300ce6f20	8900bb8885ea86172575dc9de24ca2946242f84997625cd20a0dbd5e66d56f7e
158	9373afa9dd53aa3a226e7a56dfb22e8668b7bba95ee621589f1c606874121c83	774583ab6af1f0f64613eef00c29c6b2be4cee76a107b7bc4f5050ff80511d78	acebb922050e623fdc952dc27134f538be90c488dd2e78f1a056940a7d1938b5	bac188dadf15dc344454c5dad6d49780c32a508950d267370c794a7302a16171	a4abd6dc7fcadc988d98e0f22a058b48171c75bca2e6947b4da8d2e6f72b1081	e7de52d24a07a1ed4950f0074d90439ec41094c81cb53c71dd7962c8256f9a80
159	6566ffce3958f097b7cdfb6ead9560e189c9afb391d15e49aef6c6f3e2ab49c1	34f6a08fd63a2be9d95511e813163db4683c4f68a3a05a3c10b57dec5fdf260e	cd1840b69f9e8be64c2b430e93d09236d5d2ea0fffdba5f0b7ccdbdd4b52134a	2801bd17e6b0c0dfd2025ce4f414dba38ca3a14531c95854a4487da136cb1093	2ed45c7e4369eed63dfb816d54e7a53a54493ad274aaa8fa3eb576becb9fd79b	ee0d55b0abf1e3c8aa04ebd7e30058ada8041407d96a49acbff55b3af5585134
160	b3303af36bf210b133c5a221debd3bd26757448d0f8a1d762597eece4c0349fb	024a09b19ce04a75fa021cadfc70c087f830dd998d891a85712f355b3d645af2	c88ad2ac416f205b5ea41081a1b8e08a9869ca172ce99f18ea0a72c8cc042b2d	57ad46187d1aa780c84fe562d9756b64842b7110cc0b80cd9f66950b77170245	f69dd528b8dea251ee27b3bc75faad07c74d34a910f16852d2dc980ce457c1a3	192a483a2970d34a15d925727a1d48887d08d8c3170e3d5f05b402390129de74
161	70120d0a9536cc236fe18b161093e214f962d399522c327da4e9438f71d8d358	4de5ccddfdd159a09883f31e18b2dcb169c2f71853c32ae6226e0d9b028ba792	648d828c80c5029ea181fafbe87cc943448e045b2947555bc92fd7db27f35b80	204d2f774934e6b7c36d911f91dec79b4e2aba7fca4f5330e96c59e13c896f70	7c2cfc45ee0e92e9cb11e77ad182fb136b5707f77d7efe512cb125fb82c50db1	6894935fc722d44950a174bf64996fc480aa813dcfe40a6363a0cc22f1dfa699
162	7fcfdf52479b23017f98dc427b61bfdf8e8519f044a70bb96907eaa62b069a0f	7f161ab63c836c9d46d415181638d4e0cf61a2630d6a9a07fa2dbe6dcd56ffd5	09dc6c738a65647436294ccdb4c1c4568d098e8cb938ff0c0c8d19e69f6330a9	891168d2c6492dcf131a52513659bb389940bfaef6e37fe3b0cdd08f3c9679b1	f1a1fdfee1362ac4f5e1f93e651b5fa8b098573d41567f5843da8d682a2e84ce	9e8a4c5e393e57126778fca4e7901ab15c2906e126aa528c9e9960b2f6e564f7
163	1f14ce8fc83a88db0722073a788350536afb9046e3911984ac39966a5f330f47	11d3fc4599429204bd2bc1389bcc5188845689dc46a2c02fce6b7ae9f738cf47	d2a5fe2062691579803655c0316d0245ea2e40c9332b86c8bf63b27723c759c2	24442bcb8a7ecd00d361e8045e85316a7764138ed79586373cae1ef0120209a0	5e9306b7b90a3276ba3b07f4983e4437968d9d8277aa13c38901a64282c8fcc7	df2c13903d5354a1e3f3c450b324843843f24545c88c6a2c6494fdf972030c69
164	162392f27e9497d65b782891d6b42741bf7143f8420686f50e0a83855167efaa	9ec2c22f3715e3d0e10474e659fb29e1585606888cfcc935246326e3d19fe69e	1d904b9522d9ca34f62817ba01a22ed5ad67c432b8ca9a08a94ac0abd66f3b4d	9955438b77a6fb9417d470bdc4b162cf55cfcd8f320f36dd84fb0e53d87c141c	da1bfaa32649a5b05b1786a07d829b645e32b06279d1987c43f1f0530187e732	d3482173f0573b75c1d9a97793e1e79ed267d2c0d96e1d6e4c0824a1627d451a
165	148f9689271adc1a16d6ed3493c6b4c0709ec2b7d36f993f61b281a650fd52e3	5a00dafa3ce13ca47171d421120dd32efa70f1702d77dbea83d6391364192090	627fe4c8098a7a799f645143ce07cf252f3381f28daa3b41710351d216f428e1	8dd968b4cffb00b1fbc7e77298d7ac613bcb37f1eff9cd5ff8747e0b1d427fed	bcfaec357668285c276789f336cdf2d2394ce1c3904470c985d9bd1ec8121de4	10a1106fc676207fa301144a98e0db87be12878efe036f7191d54c7e764152fb
166	5cfa919afa52708dc98672f90386a6e34d51aa5ccbcf6b6ba0046af69c490215	76b1d9315443bb79b488aea8355d6f0a21aafa26bd0603da2699294d0a065e50	c1c8512eb1cbb56df5f0a00200eeee3420b155800699c446a3572034cb957d86	7b890cb466ca9c5d8a05f5b7fd89a3b258f59cfdb2bfbb62b9c6e66417a8aa2a	c767511eb47ac51c2dba6f3a3f11316b81f35e9884e71106328314dc93c2b9bd	2792e6c8f7a8895e9307500161abe7d1299a3d75b68f20e7a4d58520602e3d0f
167	ce882d773783f903bdf56b11f2c4a010da56ed0ae906152eba6a366fa25ca7d0	84f4eb369d8d23d7eb84fb5ca9bf537a3ffb38d2b46b81e961f7c9226086874e	c48b66e4d2f4bf3f41d80500437ff524ad1abe79c36a97c0791d7964ca323516	f56b6f4268badf8e2eaec242da72e804a4546f0ad9401f2b1535856096b05c2c	744c3d9d2865636a7d3ab2091c90caf501468b088ead0f4b3896e3acc390ebe7	f9d80234ecae17f5e6d80c1a2654902bc5324efd0334db0c3d522b9708f44911
168	53faddc16fa993813f66efe1156a6ad38e08a8c9d1e2fbf5927af2b5f153fcc7	c5293281fc47961346a4b89c7b3acf052c89aa1040a3e1025b4f5cf6d7c585f4	e6f6931bde5fe1faaba14a5f2a58f372a1bf7b9c192b1990cc92dd0c9e4e15d4	36c152eea392c371818f5677802f7f7c7073deabe533f26ba62164a01d99398f	175c7efb13e280ecc7f3c07524a9d149c375afe3e4e9d94bab3d0d866d241843	9a16b933db4890ec19867a85b47fbc2b1444003a5ec6d7106e3a237142c8bc54
169	e6f8c70d18f059bfe2dd182921f60e5b842e36dc54c637b096a6435d3207b538	da895d636ace25d9347c29ef0aedfd9d8058f08b0208114127973104907ea5ee	323f2091be2bb1833357d458324bf264ae72a61c269c21b3ca8ec2d571d4f48e	cc5a15c0f54f74102525fa4872af534a8e3668fa2175b577e77bb93f57945394	b29a4ff53304fc81a8b99009973044719fb333e969f0a651cd041e621edc9709	2e8b3c3aaed08feed546d9e79e591852a3c673d27fc00e1993ca3904d901d58d
170	dfc1189c9ff3a11ca27468259dfdf64ffcd166ee8d1240bdede3d14416974809	efede558a1508fef10723263438352ea5fc7920d2169c1874ffa05d8149b608c	ddbe36f3c188e2a53afd9d473dfeca8894dbdfaeab8dee2e84d78d82d2898e23	00ea13703ff35ffc4965ea85611c49396d6ff93165226f4730e0b3b83819ced7	2f98b2879ed9d60248e49c2a8cb886012a1ba87f78903f84ee5805b344484f9e	6ad0b361568ea1579bb07bc934ab7ec83fdca8e0c607dd90ee243814af9b8d7a
171	cc00cff0487c7872469fe22de56806c0d37c1250b73e19ba326dfbe25eaa1419	5292a62a2f55a9de45c7fef68a8b17f4dc91634332eec729df988e8fbc21f0dd	490a77c187d024262c14eee046a918c75e4af8840c12d640ec8547d3b2df7067	73a97f63f3fac76b45a411a936769bb1f68a371762a2c6bfde25e15098d97236	c472726705a29c99072221c93136aebbc8c7a8a1c7f07f8f4d0bb30341c35585	6e5bbb576adf52376fc8e7fdc2a321ed7d428e31015801d0bf9b2f839fc8d2bb
172	5e1c18141ebc569a09c24d624bcc9ffb45e60d7ab4f1ac60ef01d450856bb20b	4bb5a2f14e0c7730b5a215cc138a35e050f0fb461535ddd8a7b6745d765fe048	e1b9d540b5b60488673721a759d7b0ecb41c3b899ce6287543e3a4d174b47e52	bfed6bc8ae0b97d006b1e8804f2f0543943c1f6101aca292871c3764a3922884	897340e4dbd4081bb898c0eeecccc47440c82082ec8b3755505dbba93936abe1	6381b29c6b865c46316b2a22752063d9d6de818150b3cfece3a81d3999fc434e
173	19f04c913a622828569e025a10bf42315f1ab01999328578aac57e294c74ab55	a0715b6427b564325f432724e7e077166936c42b135ec4cc87b7a68bb4be3d95	e8229e6d8788de776b92e33afc6db87b6ab52fa13b39632642ced73b999f925a	6ffe4e7e9bb9bee141ecbd08f198f37236c58c866aa9f9d05125a4d4dc204817	ce81057bfa7317236616c30fa257b2592903b342c191ad6551846069c83259e0	a8d2d2bb6b6e333bc59f7811f502c8a1a70065ebad3a0295c9eefddbb27e03d7
174	bcd2b7a556c39b2a5345c6ea681f84d12e86677caa625718bc26bc4cca6ef0c1	63ea4673d8ffc143940fd66a44199f5e654bbd9a220ee7a0ea8bd529fc8199a3	1168b6850692cf8d391e55c031c27ab863f6101f314dbb080661fc718cdac236	f7f4d502d91ea357418f8ecfb1f4ff95eb29e7e5c8a7e0af16703e85a64aed2d	ed8c6cde680181fa7647d6a26aed1fe0fce72f465c5b93763c191bfafcc6486a	9159e45f6ca5b9f91ff8b5b560164f149ff42fd77c447e1ef0b5f4441b9a3b0b
175	f637a22dd42571f47ec8d89e8be728f4d5f50b7a60a4b1b0ecab9b705ab3fcd7	07ccd21727dddeab42d62087cfa8709e409aa59ef80b8931312e9438c11c60dd	b96e9c2ac10a960461ae59301ed14edc8776a76934061ed7073df7fc538c6349	77d3d8470fc36109b091b3bc0ec6c6415f96b705a49cc0f78c0f09b2bf62c40c	c69d2b29a9f64b28b845bb288fff7d8c3f7b0544ea8a86303ffeb39cf23b97c3	3fc4b126118f6ff6e68a475a36dbded44a224317693007c0fd6c5bd6fd216111
176	c386a94dd6d4020dc249a52837bddf1c91fd2aa41874edf79a3eb53e60f637cb	9bcbcc3b28655b82d6897418fbe10830a19f748b7005fcf0ecb6ec84cc58bdcb	7e624543b63e3cd7bf68736e5013cd3b855f01d52656f476aa6e222f0c0ec8d0	2b0366d986fa9ec91dd1e1aa93304a1f37a7fc6e623dbd3c03210a49baa2fe9b	0f5e3e6a5716a764e7f8a3d165f6fa358be57b10f14fc36a2f4511361ba9170f	4da9d610ff5b03f9880e238f74b3fe8298e89fe690db978135063a9de533c076
177	752757383f041b9b65f8b4e0553c066fa9845c20e6f51502c66b18caded120a5	a08620637b772f2b4de58f6c5726bb4ac9686ae6bf32b96400b660d4823f01de	d1e8050ec584cae420a2425636dc5afd2575f8eda038216c53e8fab99a3b7e20	fcd4cefe5394c21ad11687f0e7808f5c174ed04d21f04ad2d2c4b516c874bca2	6bb089fb1b0dc9174cb1675c22e374e1bc4cbc763a6e12e3de9a208fbc7d4db6	cef79491618eefc7f3755bc5bfae4c24217b09e9672ccb4a9ae46e7050577d1d
178	73c966975526777d020d99071d5464f73bfbb58f6968c567f838d132c3bef696	785bd066ca80db5d65a452bd3391e773502744c4baff208121c34d03abcce59a	70bf792b765f5df4ff6f4c2a94e580f2b8ebe4a3cb480c7c019c4d1a3d93db78	430f6c88a47363441679d8e7294c24614b2fa9693e72d89a413d89a069d3378b	bef9442edb11acb7b4494b4c3b5d0c24751721a11313f184fa3c4b9e181a5c4b	6bef6de30426a77a8ea8081aae286eb4e6e6e32b996572d634842a21cef90ada
179	7859914197bb0c5c9fb629a219dab207895de9147e8dafe4eaca8311880e3c43	1e8f403ed6893c7ccf0ceb9334a938c7903953bc7acdf302c2a015231297b389	0d2ce5a53fee206c23d4ace64e1744e56a8c0ba75610e44fb883af5dde945258	9dbcde65c43aae576ecd9d65d52f75fbc794ccb787606585d18731ee2aac9fab	8f6414555e27ecb3e3f968792e450d6aaf103e463d6166f6967dd4fb18efaaee	900cfbbfead337d8e2c75bc8798775cf3f1ee9f872829570014f2babe95de865
180	0fe1d40204541da8033531be177b8d16deeca55041ef017cb190dbd0e77b1267	ec79b58f5a566a02a1ecb14187b03f73c0cf221d6245c4433c665f227397790a	a2a0726d4f536721a98b926b2013ee1543ddb2e1b397d47049002baa7b1cb7a8	c6082684377551025b74497dace6ca600e5e461d81539838d77d90fc37200130	4829ef1bd39867f11341324d616ed1136bac71957e10026a3cb66cfffd367b06	ea707f265a0f135cc9950c8e70f812d00d5794fc7aa146e8b3c5d9f454b2af75
181	361dd08eb7df0de73e43c624f112746a07fe0bbd2beb5bea7b880d1a7bd94183	c4919449e0fbf7833aaee7a410cdad82b671c824e110e9e7170afecb529c3363	4b74e64601875230a1468e9147278f4e4f87dbb66ead30dd5e80c07ecb71a3ec	2b9f44dec73f44fd4e20440a486afda0fc219482fb0a1a0b84abca5fb0729e51	4d1a3e7e1c77cef58f1f665bf03551dfeb0d2d5d1bcbc0758ae8d4f405611844	b3494f51e5f8d6a753d45a4ce234fda80e89737b31b4ce94fd4432b5c55f5562
182	e90cfd0f33868ff5cffe2acc7e1f7c8d9394cd38eb34e2799aaa250c9ef994c8	27fc17045eb23d684aacd4a7f04c1ca4b714f4cdc10f0369e62a6cecd4bc57a3	a42e481ec9daf295744e980a180cf123c7b552bd0b7e6663754fb3def2254fa3	abe7ae31825876c65d86f401252557f5f490d020568895e9f58cff969f382d18	f7d2b80072fe5c5aabc7f714e0fe9e04f8d483c6181c616628ef1c2c9238fd11	4370a5d3fe006ee61a417d98e4ef0cf4f4369b7b3468fa241ee7ebbdee5e321a
183	17aca841ac9d2ae4eef9c275f2c05b99698049e873fa363f7a789c8ad13e229c	22cc3a680a76b74dd37e2bb8186e63564d9d39eb6b08d8b7dbc952d3db95d5aa	156e7a749c9052195d656c0e0c1d8cfdfe88f5f32bda34e4ed1a1bd6418ef235	8475dab3e468ab36f3257621b8f68878e3ed2555eabe606e2cec7650f64ce0d5	67001b5ef5f220007b133e1634db1aec948618992ba2ee4493e31be7d56efb01	5a85151c623fc48f9bae0c54265418163f82e0d1b73fbdce9ce77d69b4562dac
184	042a0ee2b2082acbdafdcf78f3110467a95c066837903ef593ab34c765c494e4	fe49c503fcd480c03d17449ec6c0591da5e917e63f9e8cd8f19eb9e5ce9f9c57	f4b2e8d4d9f1c8d5ede8d2d33cf0f1bbff7f897b253689eea3ad23bd6a5276ed	c1f15b2737a4eb9d157980e5b90a9d323cadfc61518496dee7cd7de9eb12bcdb	37bc5e0d7cc28d39145d50236835b8e1b6eb2b038f91f83dad8e13e9f9b4f020	4d052e38d529c5c5d6f8558553394fdde5a613ce3800a8be3feda83fa6f4eb20
185	23221a21d88bfaac6da2b7915d51b9da95a4509cf063cdb3900b887b6cde49d8	89b8325af60d5c76ad24c658f0f72dba61ad8462361044f5c972a1ce8cbce50f	94f52061cef1f5dfbc8e03a40139b7aed9662e414159f6acc293dd0dee4d8321	8e3a33c1c36bfdecd05efb10807b41a5ce7ecce2c89b5c689943e4f3864057a5	7bf734116b4911aba3531109d7cf6b11a7c74edae1d2f45ce89967ff5efef638	e983d80317c0781f346552ea19db7c5430381761d15759f52510cd01d11d767b
186	d238f361094facb322eb6ba7c6e65bd39d69e0f94c4f71f8550d3146218bfe95	d8acfcbff33c9fa82ec6176adb994d7a0ff20cd2223e71f34aad34d4e1a8438d	98ebe58ff8d9c88a9d5a48411b396650cc18720655572f1c2f89781932c65dc3	1118021edab1bf9944cf1c369535d0b533dfd49eefd8fdeb2350c058597583f3	5ab9dc438f42e9b752ac555b524a2453959d94913792854ac9599c07227fcc1a	98db374aa1ace575c9c0c7dd4bce17a6baa3daf24cff28aa3f9ab77a8a748b85
187	9cb4a22ab98ea4037f16bb6ad6cc73f95caa35a4d38a1b93d04e31c290debd98	78f0ebc6a7765d1916f4c456930b3c40542834d2e51ad00b963d1ff90d714326	893ea9c66b38581c408af2df91aa8c1df309371bccf7ed9d9c55f3234e638f4c	804cfe67a3f367974497397bbf628e34b09a8abddac9106dd10a2f9fb5540f94	bcf3d9b5a71e44de53d5301a7302a7f7e11138a1866c39107e82723a6e54fdb4	0f02780666b8820624f4d4a69b5da8484e5738be618bb90f9629ad7fe7f958bc
188	5922f87bd74501c3306e9344c9145bfe631d9f25ef7b3ceef36fdcf475fd2784	46745d7a1e821327d1abf220c06be3d7b6b3471adff5e51ab9f081d627e63b50	befbc047af338ab6cd11ed10f3c0dc92bcabc27c671a01d0cb935910b6c4250a	d0f44c32eb48a509ddc4fab90dc8b5b9aa1e96cf5f2068d4e78edbf615025b3c	745b22916af1ad24c0e08bf5110d11e364dd8ff6583e32bfbb7f72a630f3ddb5	6acdf37f31a6d22e5156af4a7ee0168ebee7b044a6f4599544691fd8babfc031
189	6e2986555dba5d7642bc27d3a7fe88d99530ed324095495cf2e72f552273905b	a89f9bef77349b28204288cd6a1fee2b5cad8e8c5201b1e245591810814e7af0	f32291340dda21c4d284dc1380703becbd514d3c939da42d07e05feb4cef2bd8	7687c74ff24e27666943517d58aa92d4c56b959b765fc937594bb668512e943a	fc0015d9066102f822674ad70b5002a81a5d0254e5c27b949b86789d830027f7	afb714d019058f0e21eb013b6ab4402dc3193a6491e7ff83e4eb3c8b608caf80
190	717e6d901d2e9dfdbd61ffddaf1f68bc4e19aeddcb5c863ea8a31710a78d5031	fe2f136ab9fe0e58b3ffcb0647ef4e6a15c8451e44d802ab1ddcf108f752aee5	73c9e3f36507f558140e869d32a56873d6eff669446a65a0909b42f4ea68a47f	3a212cd92cf9a1886e829544c85d6d30c61c0b21062625371e0d2a3367fe7494	959786294901e47faa0ea3e07c4e0313aac2dc47f776f375c18e9f7daf88bea6	8df25b70cbd51a3fa8a2ad559c150ecab2c6a7679c9cb629eb500249806b43ab
191	048919197d6ce6ca2e1ae68500b6656f497155c5d2a846c8bff92b517b8010b8	4a8351c36b4081e90f2ba1d221a51ed563790f542a9c121db7abd5dffa8239c3	be90838e84ff9e4d4ec607e60281dede2026a5d74895d757139348564fb49156	f59cde335975782d7e9ecd735ef1ad0c37203bc3cd8b79b19bde0c115be93df3	0d573821d1872c6f216e87f3846d936ddb13fd45da5ec5ed94f3427d5b18fa11	a337160f9e36683ec1b97c89c79f6575ccdcb1c54db0f2a18d8cad0071f5cd65
192	296824919949f74f56627e3df76bfc9d8497c7c646b8668fd3df71a96cb391b6	e7eb68a07c826dbf0d5d81590b63d8ffa3b5f92791f4196a806653e2c61793a3	1eb3ef2d371e785c2d6b62a33471dc2699d0d0128b5991bb91de46570c38954a	4c12404a4208c2adb6507ea925fdbd5e94e9b476add46063434e4c4b36bd34ae	183de0fcc3b5779162c5bab18e8e417a53be12e346ce426ec0e7d19fb2e13e25	00fda89bd2e8375ea0092bfde2d540d19bd9fddd0157fd64e0b702e07d5c58d6
193	b3f050a69b4d85501a06516e2bc3af5c64e237f4170b300fb585643eb4640aab	6cb2677a4daa26f8c98011c76c47e932b441221ad973214e4e5c0ed7b7cc798d	de81077a316d0ecbf30863054ce96fb9954dc6adf160e7397680fdbd5cb35d1f	2360f7e0ca8d389c303732fbf887398ce8c597d1acc15ed2ca6657c2e51d4e59	fdd85ece13faac69d466518d8658af2eb686060b1515f3ef60f8d7eb7bcf05fb	a61bf84c16b63724f61492ffe7a62498d803d15e1a7fae84ff7494ed65b91c7d
194	3d1294c572e090394cdd1b3477487eae4b421afa493473dee64902783ba0474a	43e3e4bac65eea88b3c61d78e1694aa6c871f073900f95bda0c8029b92f92169	8d5255857f6e08c21bd9f42ed9c0f04506535ce76dda852b74a73b864dbfe229	f08e7fc92d8aeb21e683d4172f2a190cadd809fc74e0064ddf73bb3975f64ccd	f7d0da98eb0ab2f8c11ea1e95906f96f91fa442ca250e6fafbbbadbc387b5e77	f48ea490b1c7b1279385e6c01eb791c46da7c7f68687bf7133e13ced88710d9f
195	4fea05f1f8f0573c8ea5000f8376dfca1ffc81f2adf5cb99c2827c09c1f0eb0a	2f6e00f22552311b2f2408e92f4fdab48ca3a5aaf1e5ff28405e406ca897cef7	a02756b44f68f57ac34d58343242bfaac384a0dcd91e957a9cbdb760a826ec9c	37bc599d562a27d15630a8ca379a890fd51c91507d607b76fff82139f7083c2b	13cf5825ea6a324829286e00321b8db0a2117b8fcc10b23ae05d63bb2943fa2e	148fb34161340c629a24f4d466f3537513ade4095d375cbed12927b5674e9f89
196	8d51880985011677b35d4462ac9eb8dcc8af901fc726d535d4b17814835ff706	a9dd0acf7f5ce350714eb5871692aca5c769506b62fef449d3fc0f8dd92814a1	b7d67f2c74073a082720fc03e899ec57a4b5afc6856c19f5b475440de3edbef0	bafd8ebe9392f444e820fd8674bf4d49a9dbbadbe1d0d4061f9ab640eca47bb4	f403f1779c33784c18b31eb707bd3d5edf2d2bc73fe8f9c3360de9ab9e3f852f	73f339c9b298d4a6eca5a4216fa20701b8aa698e6ef5d3fd1c25b9a49f358bf9
197	53843de46f7f20fd31a2c660342c17929e755510c39ea16250836f932636da36	c43b6cac9159ebd20c4a01f01853483d28fc2bc3619b2a4e741af88f5a64f3fe	ae66c8b949848209a7c7884587149f9a4852edf9ea7669ace02125380b5abb8a	b51d411829a06dfe999c06eb841c8b9b20a28d95df12fae0c07bd491726e3164	9d8dbe29f93f9ee40075f28152e5b2690447d024ed8dee9ebb8d135e0e8f2642	c06f5958ad63ad193692a9cbcb607463cb91610c6b16d610e3090a397ab16c71
198	6786c387643c0a165db1ee955fede041a6b238eead34ca9b75070e3d78343306	9909170f57f82ec5b5731626c9cfd7edd40b69ae86968efe4411c64c4a3d690d	2b7cabbb6b88c99a99b55606aa4e83649694772c52e84f63973a1af6b0e43661	389951f7bb4e57c780b74c42811d3b7412072e122dafa785388e437dd5efd210	10867eacaa08f4f18da84d2f0a406043399d80e0c10e0c7dac9dfb1eb8a3708c	caf40c7f9d47f31702ea47982f14e3e5ec8f54a1f6401dc2eefc05336a78076e
199	b63ae730d248e1869676a3a013c37882ba01442a59ed121ee7f084ddde5d1fcf	27a9efc8a0eaa41e3edc342a2dd1d1f665e562be13f5990e47d9c1f8b7a6c3b9	1b3abb1f4f200ed0a34311c8eb1f84dbef383feb6edc0ecddb55173833b8b67e	7d2ae30fc1f82e2f435dcc27b66cdd652d0c50d4107f0e0cb786f46d7558ad68	7c64fca055dda91a33922f7746a0f71df7fb58bf9939e2e7cd9bb5594926d11b	a1064668bc44e44d6ea6547b46d210c163441929e4aeb45457ba4b0d8a9c13c7
200	b5b035b7cafc4b1714768b07f8e5d1a408fa7c52589192d8d5af7d8221f92b28	b873e677d594f6349a4c59636de87a0c11fc0f9c57418549c399f590376493d4	1e443cb52f03b86d59a3d13d8305ae65099b723f6cf56e4ff00aefcea0a41211	ce5366968d4196db95dde20425dc1a6913af506438bd386b48bcdae719b1df4f	5677795ba1bf46f4b7533d8e74ca8baf6cfa9f7204c7da1e2addf4a3c8d2352a	43b0a6b367ff2da790197d2a4404383819c27f555ef9ba498f74baa706c9b862
201	4cc19dd2515e1bad30f439b1d355ff29d4e2a8d7d9035f5bcfef84ae2588b716	f4da8148452e6d2e7363eeb79fc6f784cbbafc220166fb13ceb60b6f20272c94	a074d19490aa780cf484915b7b896eb39e773dc221b7bf57823fd0c5b3677511	77dc037a9a3a6aca9832353c596731e5390b9f30331176d6a0f628d161701e5f	4176c3fbe1ea7ee2f570b07b1767579a1de816ee33f8f15a6a545863d8ec7098	02cdaa2ad354683237b261fd4cdac76d583b7205c574d95c0cc2efa440299ad9
202	eea72e5ad7d45063160a42a7646a1aab1c0d1f02a474f81295034ac619468ab0	f3fa2fda563b778813c6402c1344701abcd15200e9181e5cef4bca353ecbe374	a1a734edc535bba24a4027c5585cb0416ac87136a42af4fd43f9312dee75d8f5	88c1bf8dd18e02077c402215fb82f87547a3982d3a3efd6d75e9a8120b3c52a2	efcc2de865b1e9b1cd27ddbeff357de56b1b5d49eb0ac00f801cade6cdb94fe2	2846248d05689a5fdf0f800fc4300f6a546e22b03dfcfb817fd0a42a4034f1b7
203	d62b9c17c75dcda9644b8ffcae6dac0a51aee432c5713814d1814f28dadafa9f	bbd3fd7e33b918dffd0b59db119e45b960282d36e5e017c289f66079c9bfbdf2	83b3643f57a86e174f2b6d73a7b83e465c43525ec35ca44a5fab28f68c07b185	9355ef8dd4098a0f167096c9e6ab72774d231ad3c01ff8833f1a0fa21a3b67b8	280add8afc7922685c398e17c6f1c4607feac3d97ca15aed3e6d509342e8b3e2	eb7a3a95ccd7dd67065f78b5aa0489dabea9a55dc71e2ddf45d1a30d073500bc
204	fc9bbc9d3267bbdea7b29edc470858e250dbced7cbd8cc9f5bc1d3235c060f61	f84da477e4e514076fe9e190e2b55ce88cab85536e9f0742e84d7f496aace311	3f56d7030c42f326c06b4fce496764db3f30d31797fea0cc36152f8039855f3e	10f937b7f5cd8a3e234c8016ef9d0c196a442ea0d1d3431cd8d338d7bdd701ed	eed79d9d2e3226018b6fdff41a1079f89be23c8654fd592622577294940be52e	4cf69374fa8c4627de223425ea606db3921e6354b7e70e6ffed40623dded761c
205	ef3aaa9fd1d8ba089e8e7fb2550f1cf0f2474edbf0fa16f0e033597129fac7fd	d3f651e5bca2b909c0e23f0c45a0a9340b3dfed1b92099857b1ffb87bd1156a2	d66bb2c2902fe4863a20ed4f1a4ca218a171d8d7879c4e00a3137c1cc0d6ac0e	3cd85cd447d48b3123a389380810842366d65f53f4d67283d6e7f9bbe2c190e6	ea34e23556ee9066119ac05c73f6fc0c8058decac0291968018ce971e33c6884	f4d79e8177d172f8ee2c8442daeeb2e9255e29866016a86e4fe1cd9e532f4e82
206	238a1d423102b8c21c52c6801dfcdf0c2f104991837c8ba77333a49dde78a7ea	a08f0ceffa86a35f5b38d9dfcfc1409c1d94ed63d3185a229670cd9c247b850a	69c24837b1f04efc736a9d5dba06439f248609c2ea79821c74e9c63eda260ced	84dcba74c61c7da5a6be6ddc3938fa3c92fd077c8666b9ca1615c467cce95aa8	7464346f525d11b47503d63d8e6f08c30d12b600fd663071a72a5b95e71a5f00	f5053b86873f63276995124ab2dce912ddfeebc5d26c3d63a468142994cba133
207	069f16b379c48cb1e5121a28795d20a03a752f81ef763edeb71bba6f0ad684a2	1d633cea9f98f81cc5394bb9c339c845edbe38d843b185b46c5e895115bc85f4	8361f6c6055a1ca2b38ffe2e6aaa8b723059365c980e3dc08b628b3477af6328	36e7c69d176299b172570ac856879f815a7316383ae760ac8f3746daf129ada6	bda03794c786a9779e1e4bee54780de70c44c86d90087ef97783441fa6fea57d	805ae4d73bf41d72e663c1642cfd12d83cb810dacb6f5bac0a5337e66180d3a2
208	bb02aa954695115e58e5451f43bf9daca37ee91bd9c7b8a4f682897c8fb9845d	49e935a421ba802604fbba63502d3948a926d8460f739800c75fca7915514d0c	16bb79e79931032f866050d0467b090976c94a5d1eb387670f532435c94dc440	d708f6358bd8390b5d62c40f2993616acdf1deee110f51ad4d44b910708620d8	083afca9800f6af52312fd6e298f72abeb94600d26a3908f9d5c5b6ecffc9d6d	b90944ac0ad2fbb4035e09a8b94291a2ccbad15f6c21e3f6ca2f9ebcf51ddc5f
209	a01d6b0fad70223f4878b45d49de510b0505e2aa51213d01c58bc2f28a0cdde7	3c6fd3fcc7659c0006722391d617502f17158471890568a5b62a7948e811e503	1e2ef30f5e3db04a74025aeb3e67f45f214d69ee237800b5ed1a72e462a8771b	fabd16d1ad34ef242cac2ecc915c64f6bffd9d1ce78d624ae1ab85b677fef643	60d352c10cfd80ed6c64a2c8da3603253025b131639cab081d879f38468e6e39	6d0bea5ec89d3d7da5414f5a6560592714ad167340ba26de3eee3b98b5c3b9f7
210	3366cfa5e6b57c127671f5dace69a0ba0f6f6e40debe0ca7d8ffd8007dda1f5b	2eb86f09e82bda2104163d56e9d54f73d185ca3f99711f62861b666d739bdfc5	7fcde0e272820f8ba6d8d368eaa3dd7d74893528a1e0d95027ba38b93d8e0ce7	f694c74c7e6a8bb652c0ba28db45cc5e91a73575f5811ea11f216099642a9a97	cff861d25970de419fcb9f7fa1ccf441d11fdab2d4c4641eafa0a131d7c4825d	bd4b40876c86015c677048d712dbe8b89c870e64db6658d3292dfc286655860c
211	1e4f1ea262b19b67b5a8fb7dc83387c6e0e3e5b1c17596065e580e9a90b9ab16	1e9a6dd47f18321ea4c75b95bfd84b1dc929234aea09638c29deb65931601742	a5ff992f691f3aa058e5a0c544ae093b7893bad1757a6c840811717cebc86e74	fcaefc0cdb1922ec424da39ee888a619893525f6ec79a6dca73c1d8c2cca97a9	1d85e2620354fce752d5fe62450b21b32c1f4401cc441ad11be3ab113cf58695	f94598541018e9bd66cbd3ad5af4a60a6cbb8a6972c75a11a96ac3f9eebc8066
212	f26e8abaf66cc0b6a153b0b4102147508860b7f03cbc6cde4178bc8c9ebc37f8	403b7133e7ca98aced878dde9ed8eb4ba8fbdba7583b6a23be93300a30f84e96	b735e0818fb18c58d82c37f5ce810e429db284634e6ef1c9b97825357b8c7504	fe874afaf69c44af3b1283889b4422f69df021f5d1c0e8881f9ec8031cbe0d3e	ea5e03be771bee4b8cb2d1ab04cda76d4f935ef4f9e805af79df8c0b159442d4	2152fa99a60eac21e37ffe55f715f749c55d83ba2d75123d25e64ea46470149d
213	b1431fb08cfdaf6261507a17cdfdf0a07f2bda008bda20599308f9b0cc122319	048276bc45006b6473e89c941569697b304fcc5debbb77b3fc8bc8e3ffff7591	ce66934c3b09540f38b4e800f7d6c4282f51d7fe84c5b81f200457319a92f527	21a57050d4884d244d71096161570d0fc1d64feecfa66570487aa7797868dd43	a0fbe2d2f542ece5b756806cf27d64e2fe75efb238220e5dd58d60fce3500321	0c912ea96c99ebc0596b8cdb87fcc04c673f6283d2d3d86ca2bdd1bf57463e61
214	7387244772f47f0003cb8cd06d4e4d58c7e68209486c2de0cad9ba4f3cf99890	78f42a45ca2cd75a86a909f00282e7d61f0f0096ed8e4cd988155b8614d5ba22	6c90bdc2c6d5c6e6d035f9eab8a297f6689c282fbd56c708bf211f9db72fb5d9	370d00ec28b142e0e5dca1e58eaf3cb8a720fe89e6e8693484c5e42bb98ec65b	8fa0f9ada71ec5aa1200fa5d0fec472d1e9bf26372eeaf60cda40f846e677e04	316eff4a8edb49e78212373158621eb1470b97f3eced488a508f2684d265aef3
215	91bf16968477a72d9ce7b926d18932b23a9e3927daedb9899158b6077f00ad55	d904052b3b77b11eda9be69cbb2f537ca63e4c6959b35f9ea4d278df1e8b8dfa	29c04b5b6acffb36dbeef224b41dfffab8e43c8e1d3f76c157cf5060cc6d9f01	ca9a30e4ed3d7db20569d0a6e537f97d2bcbdb9996005849d94f8efdf833250a	669ee3b02f1b9d668c2a833334480e61b2ea7d5f52891617dfeb53229b27bea8	525d398a672f905f4039b7a75df8970782690bd97b169c370aa1e58289325e73
216	e854bfbefe4f93c065d92e53420d131c9881738e2af3d6194c3e155024ed34cc	dc05e6ed8c068bd33761af5a85666e5378bf5e8ef1e099fa21ab3d9bf3c1a2eb	ea7ac1abc4760d97f5ff939c9d0264fa575e8a4fb030572b4890e2f81200a67e	d824daeb82199a4c7b64e2390ad42b2dbce994c9e41507f4cf0c2f9756ac4c09	6e07781aa1e8c737ab385814a5fb1f933a8492abd77a74caf3124a4b8d3ba6e2	aa84260a066732aa5683871e4bf6d35aa166da46f02b773bae7d13ce773c3a49
217	6d33b651937cd1f79a3416e3b858be49414a7816157dd05244415159876ae21b	aa56507471f9306b36da3a0eeb2a29a449a9a0ff05792d9f63a31c756ab98529	0560294d0ec7ee94e9e968a54d3d19b3ce74163cde674bdc7a6ecf4fe64ac95b	bf8e2654761ea63c7799d79bae215a31c289cc50ff2ed2ac11e85507910d3fb6	7efb54ffe2ff21693c62f95f9e2104d882c60083101cac8cadc6659bc0e3b3a7	b3665724572240c999f901a80a8127f984bc821fb154b9931b948fdbe3197ac8
218	1076ded225b51ddd73a1048d8a404b5caa18f140b06e546c18d1c19e1c5c7ad1	0673f440cebd1ccf87996c7efe881ddb62d5a8fd823936388378b1028937cb1e	321b55b221d1c700f7c549756f4a214c3b5b156da9cdff2cdffe9e6bd69b6448	95e9f6b53248d2297c1dc6da9fb48cdef14af7d647a254344800ce370fad7fdb	941c4b3846f9ed83cff6ed2ab4b00ced7b204da840aa67244154ef4f42376042	5a2f95235b5f8d5dacfbbce710d00c1e2f1f0f7c4c86831c1ada230ecfdf15e3
219	401e5e6a2d6a377842e814d93d59b1ea960aab6cf70292bb61bc50516fa59eca	00c841306dc034f7aec47785ac99ff4ee57d299e0977ef8cee6ffa44f07ce55d	7b7d9856a174f663498bedf4765d9421f3be5a06eaef3d693c093c3a45afbf62	5ac8b31c89014ff48a9b2e33d52eaa6070e3e2f3f3a19e8907a737f113ec1e41	7939a1d9417097b2c6103958863f53666331b887cf68af3d7e89fc6339cf814c	0e03262a0544dd74f9637035724557def16b015e3821258de5db40f30a3d5765
220	8f66ce551cc9bf26b376332ffe921f4f263e2d8ca42927c7460c34dc304bdfc9	d6086210033ae5648d2db7038e36ae489806026ff29b7bd9f3a1301e9c281dbe	c13d25406f4c799036669bb70e0a0bc7da19e12b72b8de2e461b13500a9e4ca3	c2faa6776edc002c09b4ee5f6196cdce8783b0a5412048a1a3a93a42f24c485f	cbd94772c04bac1565edabfd6b47c20aed27bba02d61e75f749660973453b619	e981c116adb02ce5b0994a975e1fac2bdeb65636435502fcadae9f0987068a88
221	7547d21b13c46ee950c5c7dd45c78899cacf1114fd3f44813e818e9494fdd9a5	b5afb7c08da2ede724ebd8c424f61d39d276370d0424083cd7ceb3dd9e982f39	e3f41577187f7e42bb88fcca6cedc9c4a14377a83e6ae9260fc827d664cc0cd2	29328e17fdebadc665fb75b285bde2e4a196e9b7a0b237bb0cbf403ebacaed38	8174f7eaf199ea36d256694b25802e5e3e3810992254a0f70a7f3ac1281b4a1e	d6c41430994a88f7a25dbaaac500c1b4b05f69dc9d7629b2ab4dd0a0b9033c80
222	d97142c3484dc48442aaced67f798ec2e3465b846487d59a55e1abf016e78fbe	03f3f6a8cefeccb6a30d20c07e11ba741a441689207ab6f6e5e645a0a1954e27	665cf71d0b500c39aaed7fd7dab36faa3291a61e2b751a99a676265ee1daf3fc	75ed008383d2da00e7119ceb3aee65af320588f07232aa1d193426dd55f7d321	2ff7adc02fe846a31a67e46881862f6c42847e57f28fa6f46df2c2db8849603e	6fd7001e1e9b68867b913ef556fd7bd3b67df1ac9b471f08c13a868537e358af
223	85c103a4a41f01881a29e919082b0b6e2b962fcadaf71d08811be2f0ad8ddadf	39a77c91040c6e926726e3b7a21e2a3b3f9188f9352bf52145e69991524ac41d	3e5bc37eddc4cd8afa4b1eb7af3af317bc9b3845f1fd10ebc7746d8d0b5dca28	a3e17ac2307c930b359c8f3e92166479af4edf26430d6fab4a554c0a6771579c	323a7d92d34752181fbdbf2d0f2007d76e6199c669241bd82c937907f62856fb	cc9a0bd87d85028f4c8e8797a7fbc9ec6df53e6d193886822afe37f6b8e88701
224	1a2f81083aba6d589c9d927e5b019bed4c00ef34887ba64db837d8c86c0c5d44	e643b9bd3004b7a2da76679fcf3f694962dbbced66ce282ec8f454ee2a6ca1ba	0ba24c9c697889cd9597d8e7c29d5a159ee09182b554b1a76816161cb7260b89	8c6e497faa6b739cadb2cf1bda238c999cf567fe483f4d8ff346ba31e5156c03	6b01d91a7c4b6db3fa7230f57acf1e886cf270947181573b9d3c53e05a2fbfb0	01ca9b8f0eedf3a9210f96cdd374cf9ce16388455a1ae9823eecfe97bca6dda7
225	0109b0389a6039c5bffffd640c5f0824ef9eb8b5b0f38a040136804ba19d2b61	db197131a87087b7353af72bea9532b3e2188e5f2900caf73289b4c53e6bd75f	fe4e04d7a446ebbb9146b0d34d4d05ef6aca3fd5599f9996858cbc09cdbce4f7	41f4df4a2b455685e8c25fa4488ade95fa7cf0a15e771f0d9dbb1cc5456ddc0f	9ab760521702d2caa7919ca9a00b4117896ace0744e631edffee5b5b43440fc5	e1c72481b2bb2229ce6201a89cfa1f6775d4e42684acee11834dc8684acf1b1e
226	c3ddab8b7def544894cbefde341a2094311e95a3fe9fd3209e8a03c442108a01	89580c4b70fa6ebf6d3778144ac28bfc2fac04f79e2d48a7bbcac5097f090243	cb0f1895a69ed57a6e325e22a474f3dee08e7dcbc1b3fee91d87e6c485230b10	4c42baf1fc393d0c14aa242803a5150999a909d7f3bdf41a891c4e73e20e9b24	2e1c807b658ab4e751c6bf97413c218397368c94ad07171dcb4d0816902ba2d6	a8bba060d0776f80542db1a2e7346f8b58f016a466421e29a06d07c970791605
227	084d567deefc811a35d0fd7651ff3fcce74ea51e72eea6080b1d7ddc420b6639	526ee5cc7949b37e93b6eaf4c64c597de130881cf6edfd624753cc52fc60bf04	b3163f605bd1f2828fa589d53847dfc29613c237754060f1be579282cdcdee56	633b9d9412f377db51ddc560dcd2dc197a732e480c499bb1c779541631fc7d2d	ed2f8bc6c2cd9a3ed885303aea723fc27ed30e5193c0df5c15b3b8da880ce21e	1559b500d365388969a68e9ffac4eed8f38821965f8b02967a8694f6f56bc5b8
228	f18af7710e422b29c991ecba05a18e23f251a34903d6630e8c4589aa060d41e4	087f7527d90ba4b6795cd2e4e82bc1d33ff8d5e6b2d813511c2de7e6a98decb2	ec3b0e5c639b8debf21ae20640a213a8983baf797a89f7651e2d4d28b4b8e2ff	f15430189d71eaf2c22d1b863c1ad692ed9f8a21709ef64711b550d7cc6499ac	8de43d06037b43f02bab6b4b41a2616746f9275fb400c76834ceb8f3e8eb6e32	5a36738973516a6cfddac21aa35b34e9056740a79048d56f48c512e51d5af9ca
229	6ae636c0f9db02ae18aa007c51db8c012932c7cbcad4792ef586afdc6787a310	d01317cc953468cf89667ef96bc8a0c65268f96496bc3a56da6faabed6e5217e	de8ee7f385482e357013870fa85fa583c1e7825b2eb7f95a6339164a5e66786d	e87bf97a0d7cf0950072c8634c34e022e33a35ea4057bde009302a9b5ba55058	f66e5a463883c8db7be076fe17f60fefe13e08bdda05cd8c9219de7500575814	144a943dc2561161892d5bfb165fa206eb13924b1f168186cd473c9502b58d90
230	f051ddbcd83273f5efff26fbb62b396a96b1b110c44fdeeed8871a5048f3fb07	aad672953d17cbf187faff4c45da812a4a843ce4cb9fbcdb2b181cffbcf5eacd	95d0fd934d2b81d4b7807dee155db97f5752c0f087b8c6a6b816166955ea6193	2e9c8552ae0ec9846f63bca9d8e08b50e4824dc862201f3b5d5ac7cbb49026fe	dba65a74e76d314d7a2e59cb4a8fcf2c14cb22f1170d3463c2043200ac176a14	db3abe91d9ae82674163675ad1addbb5cfd018125e6773c778c47db60e22ad13
231	c5ad63416df9f592851da071c21dcd3ee2205508140123b4340aba46e11950eb	51d47aedf2f1f76d695ef9cae198b837bdc45bc924ba8038ba94b0776a550772	185a874f38e87124bd30b2178a727f4e099dcf7466d4d534076dd4a2cba99c2a	bb73b243cd903fd4a9a4c5cf5ebaadfab92be4d13c448f92b5d0b417d87ec3ea	e4f093d0ca61c46736c0128bbfddb0121316d65a91ae178fc7fc33f75ce73e5e	8edc90353b95705306e6e48911d6a1990a37898fc5e6744ef79712fe4ffa50c8
232	d9500a56fac22539d2c36f11cd0b23f45382058265ad7ac3d6b88a9083589fad	a54acec36e39c28ca0b41f8d2fa362f8ac52fbdd2a17cab46d0bf7249096be78	9fd6dc0aab5a4ee5ae95e9060680a0c55a4a243b3530e0e290ea50ef7ce291f6	da6cf475856e251f38191d8fd5f78b94199bdb28aa7e921554685a0f01fdd383	576aaab1d3465daeaaee932f77c51df2f62b3b13df3095d9ddf072b636202d15	5c6eacc33744e9944cbce5d0fa2051faeeb0cf4abbf8b6a5090a1427beca24c5
233	06812427fd616872c50fc65de6d9f9de94da65e0bae7b1c6d4153254afab30c3	e8b30a75cb490ede1259579cf5eb622132229df8d0aa1d455d70634ae827343a	26afbc5c076b1179fcafd3102158c6420c47b110abd9a9b5087943b38a698f46	427fff5a136f9387930b0ec26db7dafaa1fe22074cfa3c0ca14907ae49aa190a	342e9075772f8f7d89738934cde3bd7a77b544c3be1ac1871a42bcaf84c70c66	061bbde5a1e43ce496fddd9238cd2cf325537b3396c0f301a458f1c2a442a0b5
234	249b81dd32f976f15b3daaa76efe3ebfb47596dc3060cb0808e006911b1a773d	58904e86688df3a0f0f0a8dc71582201cceb9fb1945937d125aceb1b46c1dafd	658f625daee3a9c85325f1b679fde4ad46a8f2639de94db8bc54bbcb1394401d	6f203887082c98a9d42c1548b5d418a3151dab2aa7cf54d7db73941b479598e9	74de50c98273ce044ee12e450a423737a71853ae20984751370a97b42201aacf	a6941733279d5c3e638df792513453124f3ed250a653c1d0b54baf59fc875fe9
235	73b7d4e6bf798f86a225a37a479f4a7d8f52823d1f403329fe9e3e79a55230be	8c159f1448f56ba53110b9f2644c67ee528784033f1ed2a9ea3d4aaa78cbec06	991d7ea94074cc36f93a2695643af4bd6c8e7bee330f1cd01b77a4b75ccd19d9	8701417b8ef52980bded725745a2d657efa7c38388a361ac00eedefc8a44a63b	8803a58b1b71e7538b283e32fc9a4e2e324544d562d47237ef598c58316faee2	af3e80018fcf463fa323cadafcbc9a661188ac8f36a282419daed74d8d22d201
236	519b35738534b88baa81fe35a011d67ea116566c948277c46d6d6ada9194889d	f31dcfd0bedf99fc3428757b47f841671270892dbdfddf439daa352525f938aa	d6ef95a711063ba49d5d03a03f50b369c428bd5ae4b9907f9a811a7f683ea1bb	b14fd04fc56df6c11e37a42d42001cee9dd1920f5ed898c310cf392257411618	72135d729eebfa31302ad433c2c5f1f10d7d2b700551e71998a706ab646f5c90	7de58178f89af2064c0fac865ba79588891b3911f7997873cbe77904fdb1dda7
237	2a5ad4aeb476aa223d9d6b98f9a0b9135bcd91ac7ff9c57d37a57a178cda05e6	67d4ce976eabe070c417388df227b7bbdded16ec3f58f6f67cd9dc29eab37b95	300376b8a0f27ac8d6d38eaf690eee486df0a9d29430e3133505af42cfc9758f	72392aa41205d7293aa103654d4cd40646be177fffd615f63598b0ecf092a821	05b9568920c772224f4ffbc33b81a41d1ac3f1f41e967053bc7662db75abe231	ad4d531f0c46ce0b298840b33f748f241f69a66a7e5c636d09c66a7b81a69f62
238	e44f83ab2e6793f72c1c180e52ffef6437e51dd13199b0d5e5ea4fd330738672	3a3a7b2dcb272b863ea419ec731fcd9cb22157bf461e5e4d993913dc124e37b1	13142350a7a7c525491df7d93c5c6d0fe4729fecc71f912ab0076b752ce711dc	e007df9a918e31e4717b818345d256fa5c282a55ef5e487b097a15be763ac384	ec28a5967dd83776a88a3cd2644ae56c3a91670806674afa85cc72ecce78d7ac	00a4c54dbafa5a7f6ce68a7ec962ac5bf73d6180e29ecd876bf44472fd2aa07b
239	0a21c6620893b7052323cf0f8ffc4b413a260686f3300c5396a5458d5dcb2288	bee9ea735fc08d2d1a05f9c0e641617670e25f4fa6e7d35b2e5897937c831447	1a83aed726078e71082c0cfbae304a0dac08e5539b53c76d672d1256bd714d6e	0949e1f08c052e27932edf8c6a79cfe316216af8200ae0a1367d19ec1058a3c2	07b7638dce259b78d898898e9a0b43861829b2f47c8916f1ec5863bc5eec141b	f17bbbb74957f13a5f663690abebfed5d7af08699ac3a0c1df80e972ac63bd4c
240	65227adc652e2792d304bf7160d0210fb7aa8c330a163ffc111b22fa8ec5e590	9e0df75ae0c5606c279173168e0fe16c921d0f2323695953c74dd38c03a592e9	262cb6c45382c838617fdf1a6466d2708c6503dd6fa87dad8b59964f43b78045	97511fe80d8ccb648e14bcf3445d9a3ed5c1bd723f0b1fd490f1e7e339b26e29	6da2ce71659659c2cab10df49f401e51d950edb68ddc0a037bd0fcdafde6049a	45c93911994442f64532a5fc0305808f64039c4898cfd9fd26512d7f47ec4964
241	5e7c068ba97b2da0d97a47996f9024f405e052f020b98b6edfe0dbb5d9a03c4b	9d8c65654204ae5f3fd46015f01b152966d30da7de089e91c0ddb5c070075173	078b1a283d0176bcbc81ac983a50f04c6d0499949fc6caf7214d28c0e23e0164	45c7fdc134f9ab06d83f2f0940540e7862cdaba7a177eb0b19e72d5f2555350d	fef2a803ac803f0f8f564fe3fcf1f032958ab76a481d8d8a7a58b6ad2dbbc0ff	d26be9ab97a779b0db5ec4adf6b7b8e4c00eeb9f59185a52491a30c78b09a52b
242	7d26d5ba98acd5852d4f00c40592930134c2e17be78fa03527127d151099ba84	948b6dfd920f208925286e2463883949806aafc3730f19bdca6afca90be1e6ea	8c611ae584ea80abbbd4edb74f31851ec8d7a8cc62517fc0fc2d9fc162830bfe	57708bf8fd56cc68f0263e9f7b3de76d5eb6124cddbeec4a3b4057299dffc0ae	af6fbf3797f75a58fc2d2dfa2d513dcc56fc47f7aad7014080c44cd07129194e	af221ec9c889c16b5b104b45ee25e7712c86468c0da601a0a3c6ab01ae785e98
243	656177d2d048f3f65d0a415a66c6ba71c98282db88ff5ee9623f33a2af340cbb	079bf5229b317e4ddb1450fbe7cd0b032da24cb9814c8bbb3ccfbe359807b62d	d6c5a1b9d56726b9824ae3c0ad984a7b6cf02bff5607ba519ed9adaee8a2c8f1	1cc2eb2c59a760101d01f29d4a6ffdab4c84317a006b145cf755452b69962280	0c615b338bc424ef1f85517969974ec2502a7f4969542f4bc88bd6fda47ddc0d	c7ace0e79a48dd3ebf711aab1d736e4c2b94127ebd7a1d575cd9c183c8f11e7f
244	232368c0e670db103cbbf7fb1db8455cf130104419d11fd18285205550ff9a83	72f634b6528f6be0809cc33f52239f6e7a9ab167ca4dca122c7286df70708295	b8b945312497e246658d32d4158e0395b52b982f200f7a510743ee32a6f5960e	b44d80efa543bbe4e10e1bef4460e8e1618a451cc0164a77dd9b379a7acc8488	bc4c3c0ce037b19d4aa34a7f13f0270b561a3d425b7ddff95e27be69a486992e	57d9f2e2651705eff9a1067b173598b0491fdb187fbd5735643dc4832232fab6
245	70a03b6aa1131959b85f7512ca595f97a6e632997e2b52174a1ebb62367aed4f	fe296a546c5a5868ccbb35be5aea393fc94fa5fbfd8862e4c2c6bd02ece91f4a	78368245640744724ac50658f0ce95810582a242743687f7695c31ea48cbe2c0	1eecd5473f0433ddb2a84f642d925d9e70874a0a3c1d716ec21a67847d2bf41d	e505e9f4b5c518b3f493b5fd478f2cdf100b8d642265c1bdd65a40b248212802	2e7622533f921fe09dc383890a622e9495842297e20dd652629fb0342f6f6298
246	cb1ad2165fd5a4d073137424dca3ea15539a17aa7c9b99541a5e3215e81e453b	ad25c976e9b9d907217ddaa25fc2a2c34c1a77c7348c5d208efbdbc6ee9b4982	c31f032271150ee208f8f2bc09310344fcae3decf63879992bcf8af93f9db1f1	84ad0c3084ca016ce7e42e075260a2b6e488e10fc067584e14f169eaf25dc048	3b472a47d453f91b908d620104434ed68e86d9d3879b745242692696eb50ec2a	fd698c31b7212c15d71c1944d291898aa7940eee124ed4165c1516eaac368cd9
247	429592dcbc5748790b816eb1953a54e8b52fd6f0c4fbc81e606a8e03a0c92686	9e0fbe6b381da61674b7c7735db060bb4cd06c708ff1743f4569d407516415be	0f61a0ab9d8c06275b0466275d53422b910ed7d79cdbf4fa9d46a4f747a90bd9	fa4742766e83b0158c502f3e2dabbd2b6f647b49c9ea796377b65194bf75623c	f9c6c2bb4637b143ce4a4b475fba13038d9a5a5683a08edc59371f32c0c01b48	60e0074c5c119d6ee24c1fd68d97ca3230521460cdfa42d78dbc25dcfd344ab3
248	2b7cdb072bb81e2c69f5d5fd860080f0a2f53d27aa202cd5609d6a5ee6b310a7	9269db6857fd232b3a20a0f87bb3e08ccc4c273fd21dbfbc1290667a4d001b4b	aee9301fb402facee893879df382dd1ec4a6d416fbde6b1ab6670e1e76959053	f417a359f9fcfc8d7caa15262001d98f6d7b2408faba876718535c648d26326e	6a20fcc44b743b6f00546b8eb2bfe7f358108555d64ae8c41e2620b4ce3e7431	d4bda8eab2d06f5b31bd4e07388ab4c04be8ac73301e9254aac28f4d94c9a0f2
249	773cd3589662e2efc731f77c42adba9f7bd38e1099aba64b73adc656dd7a6912	7f4c9917b62a61ce3b38c2d37bafb39134d17d34be99b2cb8b5c06ebaf64a602	34c0fc943c0b0b3a85bc530765853b3e919758908e0318cc599f1cdde7186160	0d96f69b7ccd2af4247ee66dafef284383b8116f2a3c5f5d3bbac7ce73823eec	9c63700bffcc54f6f5537d59520897586ee606fa3197e5974cc46fc76811d669	7db4b3c1bf4ccefb199da56133f276d549b63ac25306fcd0b296f48540b01af5
250	f91c9ea5b3077394e74270c2483fc9cb8cb83259ed89a6790fa0cd0cb6ff4c37	bfbec4efae4c8f67327275f2177a5e79fe9ba4becb4b5fadd18e79fc80b51dd2	c2e219707fdea8995d69b2803b757e790d27afa13c668b1e980d860135c5c782	a64d50efd0197f0198fc4ce1759427451e6901f077b0ac74e3da5d3a54a2f4da	e6c1908230330b45e2fa9fa3cfbc196329eced79480401fa38afb7a5ddb0df8d	5ff3b73ca114d257a2a74f6f675549012ca2845462e4e0c1cf18ac8a2b4177df
251	3aaac0810e154b1500e275dfed24d5bd2350f3af554c6bd0db92f42405715b19	9b7cf69a38df99fd10e08c3db851ce4943e8a5a99bb581c73a0a2b6b32952049	8ae09419128165e764d9bcfb09278eb865b299e58d8201a2ecf063a2e06a0d1a	6a5656aa588ffc2e0bed2a5e2d6dde62190452f0552487cdd7feca0770b79dc2	a66ecf08e0236ee9d02f4598aabb23977eb9f0c4863e68cbed48cd95a05a17d1	5c4f125fe6330a3d998921ee7f07c26d71f576f92cdfd9b18a0e9663dbf2d776
252	9ac455eaa749e81f33c492a6a7665c8a803ac04dddeba72b0d07f8c7a4b6fb07	21aa8f8c7e1ac20a1a1451fc3031beb997b6c469957219b382bdb8ff5645ff02	3fc973a2105456118acc06f7fb288b75bb629c7f3e0772d8caf8619105178660	65d3105cd638cc984b105d1ff4b894b3898abe87a298ba40e89d117a2cc41b65	16978d83e080e7a3c6b5b1ca0a0bd3f526fbb985e25be43f6af7da6b8958f63c	4624a3281544797265872baa82aef0e8e38ce7256da809f9dfab0c2be61763af
253	3944c1092b6ff5e3e7ec61589eb507492f1a29e1d60759c76cde82e13494293c	191ee2dc43d21851681cd504ad9840fb0546fc58e32a838d9131dcbe9883b00c	0e51bdc5c780155c9cfb02bdb1d56b2b15fa43e3d382a627cf53126062d29cbe	73749a4b6b713f59949bb1f0286cf8801a392ca7d82ceb64d0c0c383d4a8e78d	5e31a4d4b55e666eb09d92cf592a4c494aa0c71077f3f4530469c839c23f0c2e	ddaacccc172aed5ee027db82c46a558f9ba6138730393b62b73b92bbfd085413
254	d7e2adf5916117a5933d611148d1d584c3ddd14e40588b09a5269eaeaabe1c66	d3b3b1c29328de23242bcd5e19494e5df6d23179f4559263bdedab7b05c1f7d3	2b36ae355f4ed4221c8b14eb8f60965ae869392415edf214d1e0b1b81a50b15c	881f519d7a59cfe62421772002111e88752a8080887df6d474ad84922be7cc87	79ff35d8ada86c193e637c1715ed0bf71f7488b0bd9bfdae0888e2c0fe23f8fd	c0a6029b1bb71c52b9faa25c1050bb38f44f32b737365e8e33ebc9c4b6d02a42
255	71f0966197cf41a30b651632b230824c0750d3249d9184409b4a10abb9e4938b	c58b5791ec4ffdf2917d540c42b120de8bae725c8f5c2a2c627989e0b3d58546	17014fac9add6137d8ad3a67633acb243241cd324a22163db0e845593eac0646	a91aab98ea04b6d63c0d0b301051f86d7c64bac9d0eb32cf9372157def218b86	a73748e250925c5c3c9ba59c20a22dd82523b9dab6cf146af81b18b8201eabcf	089cc367a31c44f8cbc8f61e8ce9ac641ff0ef5910ad992d6c807eecb7c1b3c3
256	ddcda3168b25b9575bfa653a7bf0c3b5fa284dfefa25e52152ab6e5be7ec56a3	a8d6d85ba90cbc647c2065a3541670d0ac886b7c3c726aa6becbeb30f1078fb9	ea331b6613bf1820800252a83ab644592ba91806da88d29e0caf2c8d5a3d05ef	1893d2a09728b0e41e321fd85052a1278fefb64faadca2564e0dfb9a0738f761	85f1ddd62b529a322768e7c08a58dd11d02c985acd78bd11e047b1b23d024d99	d57f17c0841d0beaf8eebab6dbf60444e90828d0cdc8726d3a33873952d73096
257	cdb430886915a9db4c46ff6b0084069571bbcac9515c0faa69d5245d05222bb8	fd66d1252599b950fc05e1469d3738bb6caf44fe90fa212e178f77642fbd41e1	6321b282d314eaa1b61496267bea669c7c0e0dfb4aa83275c0a12d2b850dc7d4	0b03c11bc7fbc9a9ff58037a38aeba59a63a412f5fef2e45a0e50e8a30698ea0	365187ade51bb46491e33693abb4b839429bdc41b545aa5aeb79b4b00d478057	277758f921cc2029ab333d4fcdacb8d4f1e88a5434954a8520f532187c91ae03
258	df4c80317659f8803a01787fda79f0e8852a4c786ce2c2da5d9c90a974345133	26c67e138aaa569893f86e84b16899c2c38a190c1d270dd7e4b2d16c511e9883	66c50e8bc482c6f4d4e79583ebad195d244d472544aba3015c6fed69f0d6c7bc	df266457759b0db087afd46b3848a46355043007f392c85bdcf4cb6f6db460a0	7902c1aba31909484dca6c676951376149e0e80e7f48e29577f6832089d1d413	2f1ecf07c73a1946155cb68afaf2f2d630b6cad2fab7aa4c5b6c592f99aaee78
259	35fd1cc8d1c8ea9393a3bcb91696448b1e9c2260cd2c25ac30fa26120d11668b	e1bf4d823472f02512e40a5a8f98d13881b9372aca6975160a8cff8940f6ad7c	a12f8c1aff6984699945b5c6d48b9ab6f990319b1c6cac42c7d9a5538e6aef09	5fc86a552b50aacea804fcc600505dbca3f0b22c4527382bea368b04c34ce57b	ca13f6c8be5cb0862714624dad11fad0713c60788fafbe252fb5ba689e2d1b8d	4785b7ab762fc1bd0700724c71838d1e718035e9cba5ab734194173c6bc50c2d
260	4f17d918379d5e2c6948998b9cfbfff879f5cc780dde924fba4ff3660b45d4d1	4abdd5f93faec697f0f8a55b287121b873c98a348a6c7408418f291ffe18a1ee	03a4e3c06af155262bea339871644a68db78d05badeea379a855b39f56ba0207	747a33a8fcb27620ec3bf35214db1a6dd8ae5d239bbfcc6461d21fdc5a5e7502	43f0ede0518f5d104eba2252325ab85cc0fe468ab51e62ac9e33cc0632aa61f3	df071b773abd993c8307fb74be04eccf791bd08b6ce28b85bd0bd44598a8fddb
261	614319a1ec5e3ebe3a92a8599a6688738ea25dd4e02baa1e9303789b34bf9810	73aceea5690ba3ee87756a1a4dc351ce5e5ec9f785ea4bc9aba539f4334c7cb4	97010f972c413c95382d7041534a3a76c09808183a54359569125b10a3c66395	fba4760954270385ab1675b3563b0bfc2079b62cd0eed152baba69771e9951d2	270d0247f4df3c4e96517c7f7fd30b99a48d7efba6bf53f6519368b90f3fab85	c38d9d39fb05e6f3d6193bb4ce8264e2c3192376567a0ba3a2150a9bca8978d5
262	43c08b3af4423cb310bef94c56a2f5c67089aeeab8437e406a2bd092ec2e5bf0	aff41786e1bb8e97e4460e6f44199fddcf58cac6cd81397195648b61171ba460	b51e1c48cad61cbef6c3fcce4cfdf6c5368959bce56a119968756d859a4326b4	2c8d05fd0441046f907c0fc8cdcad60c8f90f1a0ae2ab045309d950a1e37276b	6888b86dfa63e85cea14623a1a2b2453e19120112cf4f19b3db855c78cb1cfbb	4be1a6c5c8bb195b1a99c0d7172c737fba104435da08e9a5b95b72f12dd09e87
263	f4b14c9f13c34f1d57bf9adbba5d4477574ead0343a6ce8bbcac39f2d34bb869	7d71d9f089a57178ee236ea565c50c1d1b913545edd45107db3f9fb1397e6c35	93edbecd952c1648fef268bd773d5de53f9e07944395d7e92bee9b4f5310b9e5	09ff34184a0b036fd4db0a39170747d2def465d44e461f359e85179b131438c9	f06b2e043fd1bb826cb53a5c902693935a519aaee5e9761d37875b2cf7e48032	7b27d15bba737e8975227ef0c1578e3bbe5fe5f06a4e95850c3f8eb2aca2bdd7
264	c4260a19bc2397168f22772799fa3bfdd227a65a7038aa5c64091005aecbfd04	f7c47547486b7a951fc89bff03a2a2c202c5b3d6b9d19ac878190400a0037351	33884f41c1d669940ea6f03cf34d528dc288257d3bed7e2fd015adc4429890bc	d144d75d4ede3be22fc9446ce0b1d4620c1c61cdda2f725844f93552a1863fe8	218e7c288acd80a7960c9f1ed219a2b6bc40c0ab33a258a5be762f4083034f92	14d36689ada1713b83548d1671b070d6680fd8b1f4c339c31670985071aa9e49
265	78f7c1d69925433c7115fa7129201935e6a2b614bb641890561eb68d6974d362	88a53afe4dbb29ef2bea75d44ad35f68e91ee05d894bfdd5f1b5d08cec1fe440	70d0fdef16cb59a8c7633d0e4ab7aebb416abd1a88b25991b69dcbdc6c769029	28afc104b194a9e71bf1c3e5995a962ab451b51d452ac3e03861c2d87c3337f6	9ac49a503e91161644bab6707a1d34e8f0b236954b62914fb9142c84ab4febdd	b38dc5433a52b2c39af4e1cd7c8279275dbf16e65b657fd3ac703565c14cc5b3
266	e49ad505946584eb924998736b2dbe1e7c3c91c91a51fdbd75072efd9755b533	3b724983cc0fd0a75deb6dc5241f5b89a9c758ece1952faf254b121fc16314aa	440180bccecd3d90db96b29a227e52da210e822b8ad234fe2f26bb996203280b	5d8f275776b301ce5721b2c169d12de6754160f32e0b7429463ecaa597275957	4073f96ff25ed939e941bf39c7d4f855cdb3f126b291e3be447537d4bc63b220	062c29ae048549385105d61ae3b3eb6a8ed8c495aec04b913a67084a872025a8
267	04f8a09f9482b7ad98148ae0fde31b6e512b3150e0c5d2c6868e583b0b393713	4c689360326e40458b971c1b5ec6084a62c406599389cc73ce82a78b710d01d3	2ed5d4268361a8d8211b0c4fb1ac34653422e490b17f2d0b16bf9f9a401cb3b3	fa7328c4530b845bdf940318dee98f02ab74520b4dd512dc7865e30d8edc1aac	07869dfbec2182c27be22cb936c62172c9378a808c969470d38a15f71c73164f	d3d3ff42d2cd9f93b06af73c0b86fd1cb2121e83e5d5834376b26524bacf6ff7
268	bf455b501b592dd6c26240e7e18a3eaf0720aa2c20ce17b94711295c5b92c48c	a359cbc68db54e09f8e9fad28aaf75e711daf3d9538ed2b431b533da10014bdb	f027e77347cfd83f7cb665fec8cdd7883567375368d936cbaf91bacbc9ffd96e	8ef050f7b68d0a878c6d1ad1c67d387a1024a1edb65f42e572049eb855d7ac6f	293f9449b3b7e1ec18f8d563d376c867090ea05213ff82ba3ddf04a6bb88be3f	ada2f94643287b0a3e9ab3a13c65ada01b557284049e32c5a94bf332187c44e6
269	1fb1956645f467f7c2dfe1938b2bc4d36109204c4ea6a83cf5551959a4184050	6148e477e33d58fdc041cbed24f9b920c44edaf0cdb4bf3fe7cdf83b9687e40e	c43ae54bfa76a2f8a46dc833bfeadf0656aa579951da27f05626ee31beee096a	685f2ce675316c1dee6fa95dc3309d73def3bf9a6ca836de31b8f34a60519a8f	4e8ae0af11a3b9cf9b6d09e130c5a5628c04c06e9afd0b91be58bb9aaefca0d0	1e9e56bd1c8dc7195096927b3c5d957846f8df09f7175036155b373b9852243e
270	1c8c8327704e24d9a36d0a3513db574e031051099ab7b1bbe56ba3552969ee28	67dd1af41756f013fed7884bdf60e44d1105bc1e6130dfce4fa1611912c44c88	e368416cde15460f46e21df592f12b6d644534429f2ed38fee47c2cd5a82ae02	536fc8aaefa39b23cdcff9814d5b2365ec8e60434dc8ae1cd56ba2c8525e6bf2	19852c32cde8c2ea9f5a46400e930ce7749e1601617d9cf854b413e3ffa4b1fe	74e393d571bce86b34957b55f7c8825fbffb19c1ed71f647636f7a1b2d7739ff
271	4e7bc72e139e67577d487fcc8358fb4501033f9f191f2968d81aaea5fc3d24a7	9d300379ef98afafdd8dfa45defacbc8acf4c4f2673471db73cbe6a57cd28f4e	429bee4934302ab8525e16e7c153924779285adfd56ee9ce808a02972876b999	68cf5fc9099e7b68f4b96d2b159f6e7bd8c8899853ec2e15ce6d5dae884bf364	ed4b91b76ef4e96d499e3d05f6a453db599157f368c471c0dc737055895a3ec3	9192ff6bb88749f29b4d010c9543e6bc5136599ef3510340186aa056e62cb437
272	faa464b051b497229964040417a2accfb4ffe72790e0a8d9a3e67c562bb9fd80	4d53d9c812d7fbbb33ddc9be80abaeef01afd40731a9b22770c263d60d9948ce	4cfc69c39e876f83217571a788c2d612d3e5b20d4ab86514bdaa3f2568547cdd	dc6a667583c611421d05704db136cec9a8a57d9eb7656bfc7cdce30eb57a7f1c	741bc4a72a00a0e7acdc67123876585f39963ffa7e8dbcc463e5af2d8300d004	0f1c7f32c698828468fb266edcefc438164608980b7f6f457f64dba21a40ff54
273	c840cc2adff6f34ff1775c391c262db5deb26dbdef8f08e5197f16a451e8aad5	5422bf3956e569803b6f752bf957b4f4f63d5e9b28b51cd94280d25c8717563c	4601163a4ca8b6cc0707dc1011fd2f78f7918778c73bf74c9f46cde51ac865bd	b20f0ac7c1e3a9de60aa7f3a3ecf8e786152410ccd08f2a4321ee43bd21b85f2	bf502850abf7e82e110a0196104616dbe0819d6cea4ae4aeda066aa4f48fa4b6	a014378e1b19b2e806846665be61c09156b25d106cbe6838afe15cc9f0bdf952
274	47cd3345289b45395081bc76b2a3c8ec5117c1b7237fca50d01e49688d85b788	7c72588300fbbad460e89d12b1c7eb4cc1d6ccf1d136c3ff94ab583e92764a6d	8584b40d0843973d52145699f0d4eac93d96aeb01f8dbde3893aec2ae28f3d55	76e9113a8ada3c37e448a3cb52125c5d9c41a1b8c8ed3910a5e7c5b83ff6bfd2	61abd5b8249aec6fcaecf6bba5f50d0e9d05229de78aa3604a7b37f2e970b947	0d86895d5a8bf4fd83c2e207c74b5f9b940ac2d468e993c22101fa18959c0a68
275	ce2b19af1986ae1e3f9d2d67131970d97aec3f33713042fc19f412f72f6c2015	632efea8271d35f108d2830107eef00022c736ac0a2110a774c19c2c2d22a386	2942e6e681488fc9801b229fb8144628b8b3ace0b4f2985b69a4f76e95c26ca7	a1d8a0163aa10b1af9ecaf22badaeb39f0d8cc6ed9f412058ea9e6a6c7ce9453	2792386ea711c221881629089472b12f103be7f26591f0cfa820d4e8d630712a	8f774f0b88d07a20bce67399f812a6805e2585b3dea39884fca404778171e351
276	1d83cbedd4378bd7fa1828af7af29405aaec2f35347fc7f24244d260005277c6	6b1cac6a1a812b14057b2f32f8b82f7878f24ac2173d7033a42c7f02025e1e76	05bd156dc53305c0336b453e5ba20678ad2104aa7d91fb701b5accef021ebbdb	81757b25e50637f17000c7edb9c86279072ed3bf10b3fc7e12fa21ac31b1d7be	5d5982ec6c1343c9824e970374fe661e89604408c4edfab1fabc62d7bed86ba0	c20913780d9c0c46e009b026553f11287fcbbb0f6e98ac2bfc35167758fcdfab
277	af583cff4a4a5c5319ca244997563b3cd9cc8a597338c860886ca6ab7b6d0dde	1c53d2bdf078bd50197e4857d48a3de3b281e3000c8a863ac6bca264416d11a5	d0ef9d926dfc9493bc421b7e745c0fbef13c953dc0688ff2d16ca29d894791fc	1d2db5fa634ec41d7660b889e1ce1d8d7731c4731a88471d6b83391d947b9451	bad85e995e971701104239baf132729ab36d32b50f9845bc2fd5850c827717a2	cda7daeb949fad1c144a325d2c97778bb84bef0debc4935d60e141f837ab79e7
278	5d61f4a525d27ffdde911250ccce3c933a9d63425de26795f75156e7b6bbd04e	1964956918e7a84ed084c925aad2044caba961955a8287dbdb26f03bc6b45c0f	31c29e50194fb613021ab633f0155efa9eb9546547725aa067b068dd7355346b	422e02b1faed586b6e83857aa98bea35ee68d341fc39b758f97e157c06267130	4c82399b029dd96e26a1251b826f2091bf1f344f13db151c86fa7f06f4a3b90b	8d7bc22767b892347868361cedee0961e9f4842452b804f8c4842074cf6680ae
279	7bc6056b96cd5ac5ba28362d64c8a11728968c6ecb4609047264b5e98ffd4e04	734f7a32f4b16fcf8a501e7c55026c213ea09e83d736b6f2197243aba8b26e7e	8067d4d6d62b0a407d8be3916f2d7476646ec92471f776b158294d956b5f95cc	7be262156fd668b5cbd388a05b4867fdb98757df90371ae51be3e99e64366d81	8d1a5bc63a533e00b0043062cbb8f6032460f4d9e5726594f4666e32e83ad805	aed552022660a60d91f5ae17858b67d83bc8deb78f81b4a202c903db9d6ced55
280	3015a70c7a0994acb6e3db9d8052f86a67a0b2202100d18b398be870cdffc773	a2e417164545637ff921a63bcf6e5e3e63ebed98939dab525ec21d93872f7789	a6b18a65bbe6c5452612c71119030145c917fb08bc363d8aeb87762b79a55f7d	6fd639c471b989bed3134f50e71c04772d3d7bce220965b1c27f6d1f2b997ae6	d4054436321918a3ada3336ede0216fe4059eb84751953b0140252a23648f2f5	e3e73d2de10b552485187312f489c351757e6b4250e5e2a008688fd55a6570f5
281	db9d2efa3fccea5459d7c619f1357f2dfeca8573b8692cb0ab227be9f3744c44	a30b8033a00bd9335bdeadef6f064f8683273a729a1ac2313b51cc99af523b9c	c0eb2a52893d479275ca2e292147949aaad3ee7462a6fa2d3ddb4b39ef3d5ffd	b483280d92f5844f1c00e83d1346f198f76381a20b543ef159bdf9b0b1900b90	7c469b94f4b63d6e6f397b196b2dc85cb7412bb629c8602b8ac7c79071431e82	c39f041a737159bfadc13ea1cdfc9066bf4e7bec106b7fa5464531e479d4bd30
282	58ded30f9aeb70b3d99b67c93815224be71a4ef4dabd3125ecbd20ac32e2e6ec	42798530fe7a12d74ea07673fcf6c4d5df93a4de377a1319acf16c39ee35439a	6df34299e6e17c330efab1fc85ae419576a71e3924546f3e832e26d52685e49d	6af2ebd8947b4ced8da072d2f81c379112b05f865d7fc9b1b37f5c39c1ed7827	5384a0a9725ed0add9aa41b4676947fd7e3d63bf4f4d90cf274f864a866e7d99	3e02b516963c94515443360f5438e323180a64babcdcd521c5bb2f5ee4b2bf65
283	b7baca65461f64dc92b63325b32f86c1ce87807dc2407de2131888d645cad649	e96f38de8397b2b3f0f3deb8c416102790ea3f5319e30a579dc190be370c4d1a	f6f337999bb7e93ed5b40195241c81d269e1a17c5e8e82768d36c6be32dc846f	8683d27218b0e075c43a03a8ef81a87187e54243eda602c07d1f80e8bdcf57bc	b7eb0c92863f75a5afe1624b7bb154b0439f6dbbd585e6a4d4d04f9937e7fce0	baaa7d00b5f4da883a55c92cbc66cbb15b348f07420652e5b4f8073ed1dde405
284	481f6ab2703f2982680bc0d3d834bd88f41cec2f2fd1718a0b45ef7b2028e0dd	12f2836fba17a720bbae9c714afa4d7347da2f29e0e67cc0bf17fe3253dc6565	5012d9759e5b27d7cdc3766a19bb462fc72011244616fa96af12e35d06f69c43	bb5468dee30181d0e5cc7e72d94c5d23a22cefb28ad136defaac924c17fb0d04	f0b1e59d66351dce2f5e2a89a023b966deb8e1e14a147f37b4ee77ca9f997f56	98b1fd167b47b5619e72e596764e0023beddd3ad412bf00ee81c63f3ab3461a9
285	753afee6bc4acc5897a5711d1762a1854c16d1e9a6fd02fd555ed09961f8c1cf	c631007ad2f5a83ad42bfff8ad09a508c31091aa5f84a2b400cce5a8409ba8db	bba39a296259c8b03a662affe4424d828f0eb79759acc42d95583ff5d13fb04e	53403c6313a4d6091ed7130f3197766446eb2f085346b0f60dc3a6c1ae6ec890	309958b28f63d993a9357b2a817cb23508c7601ee0e5ad2cebbd3631c46aedfa	b5bf18297a3dfc07d71b481321f8d58fbaf645fe54aeb9405b31d5986f96f55c
286	93ce84f9a824ce9cab46d2f2703f2a2811b5d70fd6b42f790f4fd445ae8e855e	fc8d54f010b13aa42f6f6180736b8743fe858bb4f6e5c593caf633071526e2e8	d1756538b0c4165ccd99939a74eff1418887df69e024c59b16db84c22b47d2b0	cbaee06423546e980193cb27059de7fbd9f5c9d83801e6841455c99c0b9a327c	6b7344af539692de3b6442cd2feadf5acf5798de74e287354e2de0ffe8be2490	e2308fc98bda612f32b7779ae3cd3c13ef07e5ced0fbdc05f839857cc64d6644
287	e69ba61955262170937275f4ff859278250723c13d79f116ff73a222680ec475	c0526b992ec46763c5e3e974f35a264fa9bfed924520a5ab8f5ce65e00a3a706	fa3c8f82baafa9e63dce7b8a2e10f2e3790321198b0abc979cad4ce950894a23	26e1df0a267e5da0d32fc6e63bfb72e85dc3e6561cfbbf72529e1ac4b2cadaae	c235042984b855d9aed9f442fb77ede95625cf0e89b9d390c7650bcb5220dc4b	27219f1adc326517bfe527b9b76f6a0461273ec94e540d01936752fd28961d25
288	762bf24e909f83b520e3ca9bfd7d5a32316c691196ca673e832299db08a7b1cb	4d0b620a264dbd04fb2facce6c7644a3b8cbfa941bbfcf3671ff7f1bb8dddd19	647c9ee90323796482c4db01b24c2fcfd92b1617f2d08cc7aa45dc3f29a8595d	c54839833a78eaaac1a52c214eb4097fdf6a43d73e23cd05681004916fc46a8d	6a659d454d53a113abf6c9ece64ccdab938dffa8dbf305f16230ebdce870773d	43e75c699b04c344ed4aa11370020498e5f7d3936bce31233264fc7fde7d31d0
289	b9c0eb48a9d6a1a3295f081ec7c536e43d863b9565d67bacf08b5fd8ed912744	2c2dddd35babbcf3ccbef641f73bb5547a40fb7f08a90df15647447dbc10caf8	d943e29d261d7f119c0d87e967b2f4764311430ad194fc4107f76864feff1586	d48cab8ea6ec66f07e0c863d7fe59805b42b4f339e955a08656e76bf95136232	93f7d5339fb4062bd09ffd10a88571b48501e548f06f02cdc2762dc5061540c8	eb42ed8faa704aa4d3b9182b704d44e0a77e5dea5669ac999510d96fc993c24c
290	24a353c8f002502585863aeb19f72ef5d977daa1dde583b8d2c3d0d2288c74d3	fb641e847caefc541d3d48d81e02a8e6ce9d861ad4260f79774c39814e05cbd9	72b2b423f06a74b896f140c720018fe45feca292767a112e346bf6ec61e032b1	554c53449b0a0f85637c9c1ef34f82d2faa39d5d0cd0656301c8c0104b4d1603	3ee8382377582c29b9880b33441517bb98cddf7c4403f406c1bf0b9a44d8e16b	4a41037a04ec91136ad3a80dd953f9392333deae39d10685245e51b897d55404
291	d226931b67331e0f642fb4f8f730b1d57cb8cf9899c49248a5b2f4fa0cd05706	e85b3f6e93ef2e579cf0947c7abc5e8bdb1f792c29d57ad976404eeccf65e210	b9214905bac1102b4d6d11c2402e701379c6ee9b846525a61e76687e71f5f72a	24d7863b3b7137912a1f89c86dfb75ce4b7f4caec32f268b52fc96d44ab86f8a	91e01d86cb794e704557a028fba6dc595680f172dfe380e7113262b618fd2b2c	dbd1c45ee5de6ca9ec390fd4453355517ddcb60cf80e1b3ea6bb4e0d6a9d5938
292	4fcc4df694b2f0a5c1f71aa8556ad946adc2a537be09d807fdc63c077bd321a9	1d3f6dbb625547d787a340398618a615cc3333c19ec32d32a34e704082598a81	2426f31080d3ebb61f80b9b422e23c703a9589a50b3b4f9ebf794d67112ea3eb	fb51c2021bd03a78656b5a329dac25523a13892071b9da1bf87b381373eff8f1	cdd85f15735fe47d73aa1dfd9fedf91a9eb9f8c5b3196cfad73c08cf5e0c6665	d497b1cc2cf2babe9bea02a78faab18b911122341caecc40c532f0c9793b2537
293	93a36043bc02a8e4d184fd4662f7fdc7587e34833d408e55bad6a23f78341826	aba8703b87e1fdf030f04c18c1c4a616611a4f9c5b91ddeeb3b3548998cfbb1b	3b0fa796a41cf42b3491a8a3d2d6afaef8f9653f72a1f8c22fd9bcdd35800ab0	5532e84cd93477bfa394b227e82b2bb8a37a6f3a8d68f11b451b30ec37b8f688	ed4e40dadf2d4cab3888451963246db095d473384a6fabcbd7a19ab805bb68f9	f0b97beba9f83b86b7f143728720905975d46e4dedce1759f812e90134120f06
294	8b9515fadc3f2d68a44663c61544218dd0c5fcd4ff6749034f34cc1a139c0975	b8be8de2122091daf8ef415f68997350d4af3cf7a9bac7ac91810fc1bf4a3e24	6007ade6a1e4fc045088407ce8af992bf6cb93936931ceda76fbe0771a21f54d	10297d537a44049e4a6dac9b203b144a309bd718870c44846a5bd2cbdb3c5a9d	4e076e39a3aec5ee35ceb1a41dc627a59066ce379ca1ffb86c3e786063d4c09d	02e4e10bd36c5ced77ef2a92a0ceb3f3768603604a41f39f7aa736566065112c
295	e692ec55ad01f6f1381474509a90d81595daf61b3236b286e380c88dec331754	25860e2525b9def8e7c56c34198cc005ba06d5beb292e0c11e3308e86b9e424e	17e4953b5dbb39d43344e2a7346b383c7d63c6aa55eb4c95f1e48bebd430070e	38c027a69dd5528ebc5ef67283a717441c5f6f40dd4f136e187fe72a2559848f	88de68cb45d94543b54ef56565585b470696f52ee628af61cc1df000938e9b04	c7358cb0775b425394fa60053913470cafec247a1a844e4ddc9c132cdb285276
296	3a7745c31ef66834a96c1f50e3abd51fde167dddd542688d493fe7e23f5ae281	96c9b647f7ae8c7208e62a3360127453be78cac9e3fa2d5637c818eea41c52a5	6508c8f917a3323be38d402d2f5a0bc8ff57ea6379c029aeb590fe130d4e8a5f	bfdf8e30eb5f556c8e8830fac0ef5bf156b96f80581efd587f5bd4af927d1e8f	20bc01f9a7dd04470838678354132a1bcd56ebdf5222562e47a57f3a12bc28d7	6a06ef673cf74133e43a083811208a62c2670d17741c700e76e58df3f2b34f27
297	c347f175f1b1b5c129de28f30a026fb555dc32a5dfd07f47a151a17197031a52	5a961478387052df1db62edf3dbb35bc1b387a8e75df45fa9732c6e59b616cfb	fc3e11ea8c78ab678d51b5d94facb3750be3547dc4df7c0d0e0ec285bd0d8b09	971febaf6fc13d75b5dfea4b2c11375d5a262ba1bd38f3491316e397bd999f86	cb932d21a74c38e6dd98b18fcc1a9f19a702e3593bd40c5c46501299a2769a91	9935fda9fecd61acb32c2b2600f227d21aed21eab24ef209459e5c8c83819b92
298	a5d58d34f16bce392912832ff62be5e9c8f05e17a4cbbeac4e6e933b181d91fd	48b8f8febbde2a9673657dfa7d809dffca056ecec01a625d1e8161cc42ea1745	d60ec9343934ecad09e2528f5b3677957fee59d4eae5333ebb68d6a956627d7a	98c19cbb79478bcbb729bdbc1ecdfbcadca98961bb8da6e4981dd7d8075fad38	64211ebea63bba15b0bfd33eae04eaf12db1848112dc6b2c05129d385af9531e	219b109b1ef929f87a67b81a1f03bbc1ed967025349248fc5b58580792f3b0aa
299	349c8bc0a24f9cbd3e85aa05cd0c0b8c9f4534704be36632e5cef5086276617c	7efee7eda603c16fae91107b542312cda87145059b4b7d821be46ba110aba1dc	8eaf5c095b8fdb736dfa895bfa653c43e55be4c7527647cbe2835df3a920cc7f	33cacacc7faad800ff1ddc84f6069c6cdaa3c3af9e1d505debd4fd54238c6856	047985de60fbfccb67fff2f1a109bb4c3a28241648d9f21890b66d3ea66ba62a	ace267c7b66b94befc4130f0ec352a950cec9079fe9719f3ac5b35bb2beb14a5
300	133a17e7c9f4e1bfc99cfe3d45a175ce46b756f51927b1fdfb49e91adbe44a87	5e91d3a96b6e234f3f045e04fe860fb1fb3791b457fad03f260a584238ee042b	eb2c8eac1736989ec5fb3a34e430dfc6e1b09f242a69903e6f890e9adb6940c6	a2144753274e3050262b0de1d791bb30d55b3b91c6b6d62f6d99520b22ec88da	fe5a4539788ae1f4b1c9a0393cea8e8c0a4fa7b8b7bf123a0622bf93600c64b1	dcbe182941b53d310616351d8f4e830b3203df85b187d40bae26ef331f3fb507
301	45d4d663e7b1d126cb3165cdc40ec0cf8ef11204671772f35544b6ef3c62bde7	84c88dca295c9eff19a40f94249e86e3d173a3c983146f5995dc21206651c967	55ea0e6b0069f6cbeecaf2f76df869dc7257dbcd1635d5594a9d0f2d216811d6	c42e86598dd4094674f612df0fb38957a4a2b72440c587213a13b615b8be4515	45c6a622cc01f966835f9fb3b9bfcd98f911b0b5b0c6ad85c8befcd2fe1251f2	5f8a446607e72065cbefd41d435c1a7030b6a42800b28d82bbf0854a3513f07a
302	8fdb1fe2c87ad9b192904578428f58f6a1f5f2c425685a2a584b2f25d2afac23	e4a9c8266e9a69a02fb3c39a04c13f670f0362b04b0d5dfed39712258b911a6c	795777e8dc5b722f6d9e9c3d7a1b98c3c89b563279acb83eb2d0e9f413a3e0fe	b113b80e79c450c273bda45a440c9bc07418a533dea803288a35137e5b260e67	e5e1f408f6bd2eb5d41e097c3ac6c2cc28298dc1e5794ef66265c701f274f80b	0fbacb995caaea709c37704dfa596735dda5487ab98853bcde5cfb8ea8c75158
303	577969ff08e1adc655c72fcc17a0d72a737580bd980dade5c092c800454ee775	39d48268664c2a79bb3bd082a247154b1c0f33adf2a3efc15357fa4911b29821	c3016e283b1a75fe326485675548ba7b061d8d228ab45deb723024e79912a7ff	c990f61ffe91ef3038eea51ae8cc12cb70a85e88513ae19e46568974db892a30	da9fba72468ac71fd1e15cd5e1694a96ab421f84d36c087c1f7210f575a3a5f1	5265ea63bcfbc82b36d63ef9ccd19c9804124b552beb25439641a4d08242ba07
304	3ae5ca31ae00f3c3fea94768d6fbfe518ec8c00cd15311713f990750e08fc51b	a5e6b19db95ff325103c5fbe701eddc18a747342ace5bf6a38a6984296c0ece8	a05b131a23459eba0ed38da3cb0bd6b84dfa5da00481ca0e9ef64638435066d0	c6042a986eb19612a46e92cd22d8f3e9d74eb829612596811145419d92917e03	f2a3edacbe348f169827ebfbda9ac607dfb0e740cf14ba0d31ba98edc0e4d51e	ee792a3cee97d5042ade5c320b9199f1238fdd0a8c4a36b357a70860759ba01d
305	c5346bfd1d31755a57905cc49d5f0ffd2a5483b0a4265bcd9460c286ede3736f	141f1953ca9e18c42b5255ff165dd56d39f9688e48dbe37a250f18aa4b4dd6fe	13818354dc165c69992cb8f6128f3121e3a09aed3753fd2154f4fcd465924000	d1bdedaf60a86d071538ef1145e162a11a62a0473338963218ed949b5df26e42	d34e2c1748248041502c90e6f75ab7e3490b91f1f06fb8390eb5ac7cd3767579	fbb7c2917da87d4aafe75735d9b8223b9b37b1dcaea4dc1f2bf4e6dff467d9cc
306	20e42d81bef8f0bcd34c5b16b7f3ac6fbdc7e621d07cf65c876294bab6babcf5	b8a022c299864c27930c741ec3ddad233a10e7a404dcfd4485a5bd109222d555	6915797ba264f2f1eb994fd330646a8413b1618c2abd04c6bfff94077980deca	ad2718519425698924dbb9173275fa83c0218228a7f8c12a37d9a29a3005463a	09081257f65c12b4c16873844041fe57a01baf576e559b6dd0501a7eef936117	ac7f078fe3eadc2d9a7404b23a239f791949c8114a707c5d60418d03876893c5
307	f4b51b37d648df6de91e07c0877e585aab6ae741f0e857eb8dc7f5684f8cd3ce	04ef8ca2d4428204b44471ae9a5e0442d8d010d282878c741670e69a30221469	c1b8fc6a76831c693fb30d831ed12af34fedb0fc5044aa9523d980863bbce20b	3ab47b8fd5ba66a00ee509b352465030191f3b87f0410c22fcd81afe2e94bbc8	5a97f5a70bd5a3e8f563b5bafc042afba2416e5f382d76ffbd6b7e5e181aa873	4b6b9608bb9e6215066a1a59d771c39963c2f75bece7171db3b67db3960bd04c
308	fdb795a2f20a8785e5ad3a27b1dd6e19c89a88f0b1bb1996da44bd600d6ec793	89f3c050e364667a16aade6b23ed80b1c299c739e4552540fbfc12a49e3596d3	e9a4b1a39239fc7bb756ec5c779e08da38f040b3eb47a6864531c1623a2724ad	157ca28f3cd21223a17ad014b57640e807dc2efea11daba8b2b274cd7003ecd3	699130bbe2fd7ac710950a1aae837dc17b3183ea479036e55c317da6e953c57b	181780f33ba30b71e535824f42a32cd5215905a010af4006273e57a13aae71a6
309	9d9040bd4512aad95098355c907c5c2f1cdff154a8144db5c43cbc1aff6c8dc3	4440877a9177af04ebac087d47b0f06dd80aa40622b9e2c83acf41b107bcf9c3	0ca26e04254bf37745f98ab637aba59e7b554ba569992a485a9c743bcb650f96	244651e1447c3fd265d64b3016d336e4cc64654dbad626aec70cad546e4c116c	0c7241e5960bd4b32e57c6cd911b4d723f95fdc6698da6e5b3d9419e6e43e1cb	46e7b59e4dd470aa83b245f95591c77e9420973b5039ca82755c2d31efb4d576
310	84a7e697a84a7732a853fc1c3588526e6259e605498e964224a7aea64359b127	c6a2b3c41bf7d5ebb0d031ab5b4e20810d1fbebe9684f552b668a901437a3768	fdd23f378b07e98066e0ebdcfdc2274c6f343a13423ff35af2e85891890df3ab	defe62ccb643c027b70131eb6c776f8edb16a3615154b95c05ffc72a21a7c8d9	d1b48a2d353f0d7053a503c0246f4527695ff3bdce832ce59f077e7b8926c6e3	b25c751cee88fd8133bd5714521af38152790ddb34b2e1c25777ebdc01e4235a
311	2d1bda1742ed2fb9ad317ea99d8139a3f2553885c48425acfefeb718a486d993	a29e0bfb89366b7d22451c7c743930254371609dc35b1b22b0600f01b23c4a75	11ca3b0b0b5d2ef8e329f81814e51b20e7aa47b7c1417051561ae60de577384e	c36c1f158f6fb85d6c93416ee60dac01a5b65adf323df4053802baf0fe37a532	3c1eae59a095184c3829da5225619e14dd0e8065512b971f15940f8f1f2e15d5	06d098c58a9eb1885676446f6f3e102316751f3d050df76a8940c37f25a7b6bb
312	bcc93d911cdbb0f90452e119596dbfcb3cfe91ffa16a036be3d6df9feb8a5a88	8cf767f235db7481bb254d1b22d05b2d7833971e74593bf4f529b0b412a3273d	ba91c586c392f151ee78c8f013672f052042888122aede5f85e5dc2be8b3a116	15dee2d5d2e696b2288d859ef9974335fa1de86182bc8c1d6a24cb26a339fe64	f554a043b5fa8cb7c9e8fc6b25060a0783af633aa97aa659bedae984cfa82471	2daf26acab61cf237ad2bc30585b1a69d0b5dce66c6caddea2592b0e741bb753
313	aaf6914a32857d135a727b5a013fe31f5a4590df999b701b7589fb700c37b7ac	6afb18357dfbdde3ff9d26497c4bfef51f6551380d2083cff359ff9e20058fe7	5cd81a0bf9d55f3ca4d41308b68eedde907cf989e409bf35e8cd99fa6d5077d7	66554f82ffbafd6c305c533d2c95aa5c8de57b2606e0e401ae87136e718d2ed3	b14ae9e3f48cc3aa377f2683a8ea99e27ba6102927356953a1f879d77946ce6b	8d5de749a62d32c09959fe7571f3a1cd3f081283307909807c1328c1ee2e6d88
314	f6db6fc168fbb233c0c6446edb0e505cd95c66252246ee2334081e417d9824f7	c5d5a85ecf4c7d153bccba1e99c90285604d0633381513867022edb571fb78c5	5cf86cf3a81f91c2ba7035f9a3d27021341f0b1844442e001ff6e73005186f7e	89318711c4cbda0468c41b977a62106ddba3b72b7e925c96137faf76d90d76a8	2eb0ae343a805ac9b61ca409282acea4f5eeb75f988ce3d795c55dd19b9239f1	371280f145b3b9e843bf29ccc0da763522c728817ebd30a5757c92de1101bbe6
315	e16302d5e2a0c2c1806964f173d24a5c58af915e38993a431796183c791d9a5b	51bf2eae3087ad596f4fce8c9c63930fc0dea505160355e5cc720d4c82ebaf6f	16ab00561af1e80206ca16cf49c875ae79908f5af115b7cfd14c362f142f0118	23865b457e764dc76a12ab43eefeeb06b105b7fe0bc2749d5c39f2b8aa2335cb	0cb9b7a735870f178f23007721729056d729b462719c3ca929aca6c90f8593c0	ae95ab0d7ed05068f73de4b076c8d69a35a1c37e7d933cbb6bc4dc0cbbc31f4f
316	28259107cb995d356c2111a9410687ac8e0544ba825d289e94ef6c22650b462f	8cde55cfac01352409856c71c9a48e8ba04b5506941134e8ef2afb31eb014ffb	213b69aab05e62fccc5c278cd1c17bc11e610ea56d9f80fcdd640793b7a7335d	a8591c53d6c2dbc114a9b329df8fc626d2c5d0e67805cc3739642b30821839f1	9238ed42629f4bbb3273d508e82724c596b69b112c00a3ef6fdb5c68ecc9c3e6	d960ac095f5273e2a7de961c13d0e9b10b5d81d98a5056c8df3041a698bdfa5f
317	487b4f7921cdbec41c2198bc782d9cc8b9f3406e8b21c153e56098bc17275daa	b72bd635147bbfdc4a78d5cc8104cefb64f1dc16e4f4a394a5337b1bbbf0d669	af5a509f8c30bbcff74eb05954e9b98237465419a2d7fa644be9b904495c372a	7eb6f53dbad5f88cb76e927e5d9c832b693481c2ad7f2c86a441cfdaa4d2771c	b1cd73a6a0316d6e6df2c82e4430b4f48dfd6072c53de525e3014fd55ddd902e	192d0154543e3184b49f3858353ac8b4a6485fecfeff0a6d642fefbfab463b84
318	4ac1838ddb78ad71252fa969744cf19c33eae5e9121a28c9b00a98923b044f86	fcafbcd44b7ee08d5aac2b032bf3ffb6f0e8d5cba9bb7258366c82b4ff384d67	ff26dce89d2d069db5b8c3e88b7245695e8bbe86b92c5c59afe42b21b755aaed	e55da7758c560e4c980c26f43be161a61afa9bd98c760a02ceb002e2775d165d	b389b5b7eae00c9ee5881219ff405f39b999e6999c1bd1390115fa1809224cec	b4a33495879f0f736763bb1c0b09822648c4beb211d08a32fe86bf46ca9b1bbc
319	443fb9d590435eac2d8fd501a27e162ed1f6527a7d37c60f0a7ba67aad212216	9bf181d6cf1fe6c99e2e4d3b4ebecd5f486490a76d5af7e00bb4d49e2d1fde53	03948d7e06beaaea6446e932777edb9e332c7dedc17877a8d5d13d9eb93936bc	1b4afdf52ed2fd8ce25352e0c9ebececbe0fb4d877e85588deabcac00dad7879	d645d9f4ceedbbde2cd496ebf330345aec777783a72c4c8555d3533cccf19c64	d29609ce32fe275b7eb6800370569bbb66a146a0330cafb92202bb4c98e6ebb4
320	a744dc9c10bb5a9fe938cca2ca78b513cca21e63d01ea23971fc006b7f886d46	68f26168fba1bc3087762683657e15e4e513cd260531bc3061dbca4a0ecee9a8	64f6e70c8d2043a525de89b6bbe94a20f46c9e4a121f4e3ed1f92686899ecf0c	b70b232fd4ad2ea1fe48774089c7664e48234a258e547914e482846d9abb9410	129b162f8e9b0c2b2949cea4b7dc9544f7d1400409d923270a7c5fc7c9d42919	cfceb36ca6905633c51c5cae34ab130e62f957083dc597b1345270adc8620ea6
321	fa46e65373d2e6943bc411b7ba699963d5bea0543725050aa0e435937f30b1fe	5bd3904c0853a490780e49c0ed4119805ae148183ab76b7211efcfd7833628d1	a235605e86bc2823fc326351e98e72bfdf7246341f083ccfa1452b68faf3eba7	0646a7aee224333d0972698eebb6f3e3253b8b78ccf5ea4ef1aa231b86e9a521	bec1deea3e6a506b3adc93fc21204f5f3e67524aa3572e612d697d90f52d72b2	25c56e0eaa069cb7fcea0eb25ac91aba9da4f029de35e1ffa92537e258fca340
322	af13b05a8eb8eb907a837d57527fb735e62b48e51d6a1b2e2955f5379ad738e3	3533f7e3043e0cc8ca263693aa1e42e961a46ca934292f980b0b0f571c2671e9	3899267fde2a7cae41222f94dd230a53eaea4d935d8c5013bfa5b88a8dd3e843	e16c7430265710e5653f5aea866cede30889e5cc59cdb5b2d1b53e260fc2cdfb	bdc8edfbc67d37b7006366e00d85c92d4164362591edcf304b4a30e7dcb53af5	359f614037754028ebe2b2d2215716787a3b91912d12d2b0894fa24ff41e9059
323	e80bfafbf9ecbf803e3f24e50d877b43365663ae44f479757256597e574f5c68	18a931a03496faa2c80b14ac40af98907da583587e946283b46f5aabbdc43fc5	f9d4556329698a273255e5e3877da81b1dd2bdb3ba947aa583c1e895f8612618	f2d175e13b1355fcda0a0055d626b571593ae1cc84a985b46ff11f9fe7526d0d	77868912ef9aac223f1625936afb7af096d4f76fbeb30350cefe311992071488	87a57bffa077e66ce5e48e7809e620f3412fdf3e109ad2904773041a1df4bba4
324	a7dd75695974b6183b5adb792ba5ade7acd20061de60b7f689be916a173e7d96	f6233475e4e8b05aec78f833dc228669b4375f5aa587e145f62345cb44bfed07	e6c223ec16a0c2ca4dd5fadbf83792d92ea5c72f699da26539bf720755db1821	dcb350b1e1b63be8a9ae228a16c5aab7f1329829832607a830e5098867679ba3	2493aced952ff85bc69f90cc2311abf1cd5f7e32c9f017b1c579828985227f40	ef6e1738e7c3f63dde7b2831bc026033417112c653921d2b484e255a34108e49
325	fa7ff3f58512fbc93db3889747da39c434236b9420c411645682b0de3e51dc69	1ce62b33a5e8cb2d600e0f133f77358aa86d38256d4e3a49eb708993fe881810	72a323996481078805d1973286afbaa23c5f369434d84c635423a38c92c6d224	74e23637a8e67d4652d033ddf4f6df1d51d510c9590f92445f5da918a34a43d7	10ec38115dee43dc1b0426dd7955e78b576e81019ac2f0c53cf6e7229bf474f7	8a917fdb1bcff3f8f16ff2c235264960ed380b990838869dd6b001722d8c026d
326	35965aafd3ca88503b5abce17b65fa92dcc63f9aba54bf45e7ac1f58d3cb2788	d2dd995bf094448f8624e81f4d2a496889be567e65810671acf7c4b496b24f72	d30b80d8a37afd1cf0f853e6bfc2ddd7c9c2713e14dbc32f86c2df99c7c18cb6	ea1a7767c8de7c79e57c62edba1573a200d0b691b91da81db1392e950aed910c	9ff59c584e46a09d3bcf325fd5cda09b8153f278c9f02d93bb61d6fe2b156eb2	ad47c5e7fa6b342a84599b56c79f670528d29a353ffb87b49667bc806dd2ef46
327	10f5f32dfd29670316dea974e14cf2d3a2c4a029924fcc110b487dcc394ac405	4845e700e98789637e46feb937d6178082d8bec1bc4305b9d19ae2d857db2613	ae21e9163d4ea75f6c148e71c37a4e92ae995f89ea1a34c4770d1a874e215c6f	0f9eebf24d8ba8ad87af8541495fa78e45b707dc70b879bf7d741aea10d13973	fcf0b958cc65abec1e240a1d4c4a9e92ae14ecd1c801009b4655e9954d312712	4f6570fb2f2f97f1e5bba8395b2c4ee7dfdd0a5fe14a2fe1ac3f4c6f6015fc2c
328	f7fd45aa1e0e7a93a9b702e6f2b34f13c821e9e337ffa0e0ed81c56b58876a0e	8fcc5c7e759b4373e22d267dfc700b2452d5ac518f0a46602d01519fa3670f31	2c77722f11c87b7a69ccf8e2cde472c5f4c77ce018aa3633ca201edd7226c742	5fc3ed5cbbcd025f54a300f433cc4a4517967ccee1505afff2b9d347dc8def0f	9bbd5d5e3d0575db0fadda7b6edeb8a23cba0c33b5c7de16ec02316823e639a9	198439be24948b39dca2412d1c92eda935f4c86c385af3adfd8f8fc0b5b0a068
329	7e06621cdfdfeef564fdb5cc22de1900431b040ce91afd7f3af3b7408477084a	ccc3b8ac4ef794a4d3c829ca7214608a3e3ca10521f7f7604b4d0f17ea6d102c	31c1810b4fe79719b2d8e292f74cb843a66acb16c18fc56130b40eb7ba68eab3	be7f4c7d4f2f9799799eec0f159483a6e6ffd82af9eee666826cf72aa7e23daf	d4d2841abba993b4f3329a3c8d6e123aa8104af82c974e7c5fd60dee81f398b2	2805ee0d5d786e8682c749768268ed254c0fea16c822410f306a33d40d255766
330	b0bd8ae9f97a82e4ac3d28cef9df6ebbbd4649a46afd2f3d0f4088a9e74e877d	797a89b1c46c5d5066c05654abafc2db1b3d7a51b2b08c6366425599917d552b	7fc70b225dc88a1fb9436518a48c130ec9859bfad9b58e2e192daea975e617ae	32fc3e47c7105f121af0f8dd9b80c7033c303fbd5d9d8dd58b4a5dfbc792e04f	61390f455e9eb52f8a3f94324676aa0578bc1ac720030037f51046cda95b47f4	508b29a52e8e20c744dd4d37063efcb3361df32d3884625e8e9284143831723d
331	7b08d19df5a5597224f44b14a69e4b1db7b03ab969cf3dbdb45fe8f1f98e14dd	c0a2708982dc264df1ff39c1a9d9350532583b68c17cf64f8185203a71ebfdb3	3d17575bebb18e74a25056e251a01a0a10b989ee0b3f0ca414d1b7f3e46991cc	c309e374683bda38370624978f7d0032301edee22432762c2f76534bdd8eefc6	142d5686d03c426c375e6d59db9d2c9acdd04fc0a189ab5e49cdfe027f354e58	52210d917f9b764857f5bab4891183d6e53694cc2ad023c7265c00cc9d690106
332	a6e406fa86fbf9d3fa80f6de05e5f3cd5e36354c833685f0c5646e8474c49070	6d2b522c4f7642e41a22b2520ac4de154b00f3eb5c898adf5d0a06771d3fb599	5fca5c5fd0d882177bb0b481c14eeb58de63c78b4d76bac7675720b47c7cde7e	c07ebadd94d2e1827ecd810820f05da96472cf445fd8f0a815f3fcf5a0cfb36a	ad91937f146a30e121bd9026c816439a212c09f3bd6553924dacf8b71ec6884c	c2ba1f5cc5a3e02a1fbf84768ebbbeb9c5aa84172e8a822c1a71f4ca44e2b802
333	1552b5227f7e99e23ed4ea37dd0a3c541a14ab2421ccd2d0ba282a4ab6f61ca0	d21bf76489b56a1df0f640f691e8492b6c0deec5495b8a8c0e4415adfd8e2929	3749bf19ae39ef02be07ab5afcdf9517515c4a424df5ccf4f7dcdb71889d5fc5	db3a6dc3363cd77ac72aa33674ab6650908f42ea50ab7d72c80b21b9a85bf736	0d2ab8966d2810ce19a06167b574110f736383259e3fd969dcd3e628e652feac	1a2f752bc367369a8209b5cd1e6ddeedc74a079cdc4f0537a64812a52abb5d56
334	18f5cbe329334975cabfaec44cf6f7024e527001a7ec413eef42a3292c5c2c23	52cdfd865cd9f9d5aebef8f71956c38972e79b5e18ac1b88978bb36a3c86035b	d919071dae59ed9b6d65302a4525fee3f3c5b49c3a5c37fa48a313fe7d09c3d9	1359907861dfb27a5014bce9264480f8127caa0433b6d977fb611194eae36821	ea3ed987af0ff5f6e383ede1f4d1074c8104ff31c1a4fa16627cef6b1994487d	132b8487f6929c14c5ce78446ac77aa0b671656071ad99d99864646904966e4c
335	8a73ca31051d9a6286aadde3fbe3c8d378555ee20bcd2c45298495ff1d5799f2	36f906be8dbb7530b7be588d977c770e6b6ef921ce5eeef3ab4da86129c2d5cd	806cea93c9c719eac6f7ef214e5b2820950bef77ff971d6c6efd1905f25bb189	8fd15e3128b4e58ac77625103b86f0c482092a6cbfd54910a35dc40bda690734	06da21dcd6c992b95f0f9a98f242dd376545ad9f2e785b1a7d9669d481675a9d	5a67391008a879aae6f62dfb908f0b201fd3b106694dffdc39c6b17dac92b52c
336	8081c94ef78bae9bb00fbbda20d4c6d468fcbdd96981570127cf43edfa9c1a9e	8c10f4af8d7d0240979fdb312500cf77c87d3cad9b4060bdebbf0d899aa76376	862277455453db98f4bed215b439a4f4e47f8c2a9c3ec699128a6ca4f33baf12	33536b9cfbfe0b33acda100616e9f03e76ae3647d3d9c777596c2bd43e7c37f8	e259426fc56cc6b4a438c0627c9752f339d96c5b39dd531511b01ecc4a68c7a1	87a95a083c5dfc7af595215ea0b465e5aeb0d6ea15aa124d8f01cd8a4f1c7082
337	d40b8a0adbe2680552b4a3c268d0df47b76798f3cf6f8b9c72c3efb32ddb317d	8479d1d0aee4c38a2b5c65abb3bcd3609740e6303f4954c77e83dad32172837f	21ac1f78ea43114ae7d5dc54c3ded9581efe769f592214ea66040663106afec5	0fe2eaa89c4cdd56a276834cc12c3f01c6c67dddc5bf23f7f75cc94c4d6190ab	b0af1d9a3911e7876da670cd8d38c4a23d42d05842dd8b9addb4b48261ff6e48	12d42c4b744144b243a3d5686d6b85283b9007c1ac2d2f3386ac2a9f0e461041
338	d8ce89b525790b1d568540d9a4f1177572c7e025e828f28875a037fdb118ac0c	e9f8180f978fd81d8a6139a6b5c02c63a5a1002eddb874beb22d6f4422050104	f9bdcd8e8b35b5de57bb3f7072cda9cd4b68aaf3deb27eee6e4632bec2e3a147	e6e61f4f5319ef7852f965e08a4a5d5ecab6340e3fc7d9d022768043da134a4d	14e7e61066a0c7642dbd2a23862c3c5b8ccbb6559b3d08016cfe29dfea827d3f	044c7a24833050f80a60c3f06e7826fb969f0c29fb6830988fdd34a043be9674
339	adc18719ccc8e3cce6aa05ea6251d3a4b3003f969acf12ca71464027b55b6b36	e8c6420ee2d583ec8cfaaf67887fd01a619e448a0d4242456aa4699f2bacc9b5	80557f376b0b79a3c85e714610e2557a8b13d5f7be4afa36380aa04b640b5c3d	86bee9c1d64ec16aa2279c427294209ae3807a702d4de883a63c09dbe5bbfb26	1e6c95f0c93afd7bd222c553c085ba8ae46a90de4b8ca6c68d9adf723c82be47	772a3144eaf95356b1a4deb79945c68ce6710a298403679db8bcea9e49c8345a
340	d99a20788669072145e201845a7fa4b9851309e75fc0ca298401c2a953f1eebd	b0b34e9251a3e9b9453ed31c552b5400be906b1f2143f5270ba9bf7c22a218c8	9b996bc91b7bcbce9ec5198e554b26096c5c1f9df5a9540e88f6fd650bd724af	01c106d48547fd074cb866f06ed9c5f87d64a4a0c936d0a17ce2d82923966c26	01e2ca850cfbf6237eb07894fd5952e2b3bf172083bfefb4c39e83763731002f	3245e3e51bc146ace6861bba174f491e5dd8cda395eba1e718ec67a84cebe52c
341	673bde279a4245dd3de42e7d15ec2e0530c315bcccc15842c308eab3e453b1da	cfe84d01175c5fea74c46158714691db5e4a94e1a4df238c6374f92e4b17226d	2e66545a59cf88a1f9ba08a7a6583925a75818202d6911a99cc85215731be33b	188d5161d831d1b8c564c45a8a55b6aec25c7eeaa354d45509acae399beecdff	52a6f2bf3d27670cfc3f834ceda9442e417d4f8e764f048d167a9956431e20ff	1be1d7f31e0478a413ec6be12b4cf5a8a2da9c9fcb21f946f82d5745179228e6
342	5ba8761879160dab22af6bc4e884f7896d5c3995f2462661cd99cd49370a1a3d	8847d20d39b4d0a6748ce834ac7b316996a901978d7950bd7d0d37f6a222a17b	83829b72650686a954837f6d1a6c11135d54a61364b45be93d635cc764c3ec3e	d63a49f6e7aa2e4cfdf5df07595d05e4501b32962b25051cb09805ad563cf6e0	93282ea008bcb55b23c8f1a66cbb5083a12d83b41d0390659e7c541abdc21809	2c8d574f04db7cd8cfd0a5325c096095ab7e097d33590f93b1b569caaa7a0e08
343	73f5424568f441a0097d9f611e50d2404860aa0102822620ccbe258e8e111e11	83cca6339dd15ee6ba968316c72ea9f4a474028bca7a793e44dd1dc98d20cb74	e64d60ad006b18ac669133b201fc53f040e16cf147b35787a86efe81dd5315fe	6bed8fbb55850285b11bb79de68eb233f36d05d5ebd671e6ec134cca89dc3fdd	36cfd1ae77ee7477046e31eeac471c5824179be07748091fb813fea002ad4a83	ebc1a8e037ae5f85dc925e5bfccb62876909fa25279f3a39356b77bc1d727395
344	59fbdeadbc296d0852723d09047ebe8ed354d03c3827a9acaf2f7363dbccdb43	3516417758b310f94c0521d02997dd81f3f5dae20326bc096d90a74a4f8733c6	ade306d5c0a502c6fbf737bcd631266891f306f1279d089dbf9b70db19fa7c0a	2a9a97dc1a24228ca1248d28ef320378e39682d11d3da0a53c90fbc224c080e9	0da26afe5db0fcdb5dbbcbd97eb3838056448be34b3acfe971042e5d845e3cdf	03fca438b3b50b8e4ea51c39ae9a3390bcdc7336857c20ca24c4692f4ad7c11e
345	f8411128a5e446a3eceb23266ef667f35863b5b5cd95f38d49cc3a746f6864fa	96415626466e95cbf835ab8de81cef334557e74ae4ee4747b835b7bb0894a968	39ec1cb09543206e67897864aa5f8c2fe0c3ae6e23722de18f6e06318c362161	ceeb9f99688ea50721ff2cd212ed65927fed8ed4b3e5fd4d4d67d19046217622	47d2ac53db858f2990f40311d90f5bbcd04bd2865b612f9ffd7f22c0a5df0a10	338b9675379e94199acccac11d7267ddc641bbbf7ccc61cc2ce7d2ea38630d05
346	bcef84588b7c5f9e2a9fa202fe2206504920ebb961bf7620a7b6129175684dee	7a7308b6a8484757da71783bb672e88ad2b853190419c0ff5e419b2f579c1820	ce46e7679b5a676fe911c9ca04ead555b538677647400cfe70494999e2f044dc	c6a9bab076679459eade04348ca8f758037da5a9897313592e8d197686cf94c2	c7ea46853c367733a3d54d56458602cc9f5b02966b29e2f21631b6af0a373c46	05c274176a99e870f15c55c0ff6d0ce3329bdd89c47e6c909182ed9597756d30
347	00990454bdcc2e40eb4fa46dc3da6289d3077e463f331f6af7841592e59fb80d	208db91c143e2460cc27e99e6a36d5d76bfe60cccf7ff4b166a3d5d7c6a79417	f29f235cae2a562afec36e6868d9174264ce543fbda9cce1b6862f8f5b21c4f1	32a7c99718637d293a375bd9e99752b8fd47cdc674ccf3fa4b587a805753177f	ed1d83b8b8cf78c19dbc4997e301ce708f6aa222e17b783d7df1ba3223bf4636	232d64d372f827f671025d7366beb79d17572ac23085674656b9eaee55b19c48
348	eb0dcc5e6816444f4de6cb2927b3213b4175496271187a5801837189e392a303	1a88d28127e9a8feaa204db9060ea49252c84b7fb50a6b28c7ddb76708c388dd	506fee763f4daf3b31b7a07f562a1c53681325fb1d511cac56169b79ea85a3b0	0756d631fdfef76cd0fa2da626b7f1cda284440fdb38dff63f6c7b05f97bd40d	fb511b32e9188c1c364565db2f5f2bd2e20cadb6f4500e687ce0740e9db46a79	e0cb8abbaf03289b74a526b1e32e5493af119198ac00490e4deaf6e612f8c222
349	da397d6f2e672f3e74dab34128f1eee6c71de9b056a9c0d50b50efa6e353f82b	16ff4ecd0f6f0619fc6d44af58dd42322ea18315ba871d7ad475313511302b2b	01ae49df7b9e60ca6dfea12639f0c916fbe346b9410a6803f9adf1f31c89e099	410bf77f7a351c661601af5882b2ef166de4d9450038159428ae78d6d83f4a72	87f63fdd6d57a1dd08125b4d025f6fb9799ab9ad614e39092781a1545c83cfc2	8da93eb940d221b5123b320a76d482ef273571d71359af0487b158024ba712d3
350	90f6ecfc5365695a5760f48b55943ba3810b8bef01f0355b4106a98d6726cd14	4391fb1a488abeea1907401eaa8b6196a005148c73eb31072a8109caa457b203	d3c72ec34d80cf47aa24e94d7ac8c0f9a5827331b85424135cc96f168ed09766	c5dc04eccb3aea66e2e943a962cd99762246a5d9abbbaea2cd8cf3f39ffaca17	f30902570de6deffb492ae7d72eba90aaafde16f73e02045e29fd6b24521d5fe	7de9aa241e7d8250b99bd5e32c35d6883b9eab0c6e0a79813c52e5caadd7c17c
351	7eeec34748b15e8bb19b0618907fb5140b0999e703d3e746ef671eb1e960d4ba	b9ffdc30ee5a54c4634891cc50723755b5c99393f0bf5acbcb28a88cd879e581	bf4263e0b0b6fd5f4a4eb22ae03f4c63262523efe9aae66e7fb06c626d216763	3178e02093521dd4d8f9bd9ce99e03bd116a8ddc5fa9ac5d9f606652c4437a1c	1c6e5a03659cae4d609af0b26c81e757b5d9f784fff933dd049550b206bf24ce	afeff328dddd354ba389c45b3cb9d481df8c01b83b2214d62e7c089f8b3976f2
352	2d0451fd4d745b56a3f68a64d183a9e4b041ea0c7c2bc1c9ec40c42af9710bbe	cc3fe9b620b8a8bb988945ed1f19c6e6788014391028eac27a8ae43962b18e03	202e52f79abdc6112b149c3b2b30778d29d37658e4023e530638d6f3b410bffd	09605d2dd536741014b342bbf9d272aa17a96c5c35625c386eb21518c368bd89	eeb896c63b83d7f5f6a60434cbef017fa41e860897fd597b0309206c3031a342	9307b563b7ad7941e014b9d4bb0e3d952cf21a58cd292c452baeade241a42c9c
353	33f0ef7f147d9d3bae70672dfa31fa6f3f44dea436d3c87a16bd92cf859370d2	891638bc4da4e18c8f651869428aa9fa0ef06f9f3d7371af58109a569c235fd2	f8153680b5439d069a8b5ed828289cf8b02585c8024f6336b4c6e8be862eb6ab	0f1921c7d9d70cc085d4a6469839cb70a18ef2d0a461d54310c955ea9fca7275	f7c6a0580c72d6a92286b58f21342e9c3f4266e29fa08dfa4d99dc7076ec7c99	5b04869be436ff594f1958a02d84a0df1c104718720ef8be7a781c8045dc0b36
354	e128f1912ee01f39ec4952d29d0babe463e5cddca6cdfc28a07fa72910b96639	0c92b922aa2b5ac39be5eeba2c1291379a857b94558c5bb6a796bcf6cc4d7c42	8d2f17b5728a3d4a4068b812a688a1612432407b91a0b92a6bc54be2a1da224c	41b3cb107c9cf9fa9a6f38a6479c18ba6b36236c433c39e7b4b558efffd15659	3c3fdc5fc3883288f1bcd0eecc3cefd64351ec6cf1679eae76b2c3dfd71465fa	ef2b0b852f8ebc25fd4fc643f96181955a0a88d6926b461cc969f45400523575
355	55f7c6db86876d20e51eb6b315e6df81979f4aa8b03bf8833bf114e956ec1c77	c436a1783c6945252e9362e86a1b66d739452d0eb1962d1ae97d8cc8f4a647cd	cf33cc2985f1737e63265f932ef2e06a37dec95490f31b06dcb0245e1b377053	3f3b856e41b976cce610369119d57f0cc375c6851fe12f0b8e8011bd277e7b7d	7a8749437ce31ebc1d7933c96c2ad882ad3b31b2233e431f24e593619c8734b9	0053cb849ccfe6d818f8ef3bfb08388174cbb4c8ade6f45c185cde784f87cb49
356	e40a3270d37f5d67c1c496cfe6894774c99bace41e7d18b883dc8477b5873660	b335aec0fb122e89c2e307ad5003f20ccf7f4c52a2a108182835accfb8c3698e	4fa63ea7d2e7558aa6fc02ae0c390e990bd3a8aed81f4ec8c5982331d4b2b074	a72947359cd6049fcdcd4fea8bbeb2d79ed594cdb669cb3ae31b04f1301f7aea	98629f7f8ccffd340345a49951cfe6966c3a45e3df8219504a2c6d91332a28db	5c5047f2aa7e56fd8e86ce9ce49220f1b840870783814ea5496e39089a216794
357	ef20a2d27fb5bf5397f1fe79eb99422b66e45ba67ddf603e890aae12c875525b	3308b0429cb870728cf4be4bdfbdd8b78de8226a75d4bdeef934e136d52f178c	0d76ac2950d838721976c20e826150174c340b4837c9ce8da235170097936efa	68371b3bedd764b48faec2841ca02ef71ba39356b95ff383103c311933f9b073	4c85670bc67469016f0ae7b0a8e4de7e4a7f1c824779bbd99b7b00159605121d	5620d9676d811be2c4d03456cdcfd9d79d3865ca3580e5cbe5c3abe108088659
358	8786fdebd8840578566d116735fec9d5693eadcf1ecdaeb88c5da02b26845caa	481303112d182564736d56f144123a4a87429a863f882c21700c25f278ea00dd	5af3f535459883c047c69b3a74acdba3f1211e55dc28e2098029bbc24e0ba568	9b914f12306bf6cec8ca9b883f23bafe0a622ae1ada3490ada904add92cf0928	0bfcb7948dea3edc74805d6f33f647ac3ece3aee288c04c40f9962d9e3411933	0aa96276f902ebb2d00b96980cd78fc8804b27bda88282b07ee966cbbea2eb91
359	05ef37e99d60f174bdb74cd2a6e1293049dcffb01c81722036bb21c09fd80d1a	61850368b00d60c3f8581fb3fea70ac51421b9644bbfd4beb5f69e6d9ba8084f	14a09f1ddef09b69ae36083daa686e900735d1ca92c9168883a7b88cf6e6fd0d	d1305d5dec695393fc2605346632c9fe8e1c283646a4f1e2bbe889acc46c595d	f204c64263427e27f6c460089340df9d119e787530c8f0db885fc818b398ee5e	20598d3aa12224508e1a0157af5c0390d61b0462d53e97484d099882258874a9
360	5ddb229601a17f0a9ad26cd8da3b8800a39e1a087ce6186c460cf2f92ca4318c	63af641a1955e32ffbb79e217998439c15e0fea4700f9b2081e9904b04dd5682	e5eacb229d8e9571e4ba95f95574700ead20af07400fa004c2660b985de2bc11	07df73558b5c5b532d4f69656db9ed3d1391916f89cba770be96d07b8068e319	dc7e551accc31427f0e7cdbf38d835b7788302eb4a52bf2d7a216080274a1156	7a083e7ccc65c01b8564575215ef179361b86c52790756a4e3d043dff39b59f4
361	225151ed631a84c40e30e00ff76d5db19b4f069502ac355000f0c1d9deb78514	920f1051e23bfc7c08202239de0fd6c9b16f82a77f697c8579ed4b1014d26ba2	5b173e199cb514e886f65afe7113672c4e9a2c4c6692d894e365e2126d15bbf7	6849aaf7e70c3c55f5abed89033fcf2b3305e0c532a26dc9cc1e2b333944edbc	4919c65dbd673aed0253bde52080596a17c24adc94bd6a2a83051775c44b4348	985a6af703d9a09ddc294cae269f79825b1699936a8006ea6011c7e895a83263
362	fe95f07036d5ee9e39656e62631ed0c63fd88ca379cb3eec49d07d85af3ae6f5	eebc95ba1b8c7d8cb36b8992384312ca3c13ba78499e05840c4b7c12a02bba26	f69c01a0f0fc7193b542d1bb4e1ad19a504ec05ff1db323a6637ccaedabf2076	162244f893c3bf2712d2c7ba358d7e51ff45e2e450b1ad322522dca875205967	f5d8b798ac6b0c3796949ceb04e869637477b542495498d75c39dee7a14ad5b0	4db607aef9ae8c6f9dfa18a5871ee3a233097f07828107c59c4723c280005782
363	439cb793fc4ebf859198bbda69e8b6967672b48ce71ab7fd972cbef72511e04a	29d4d40ee6a02773f10ec027c41d489ce473ce78aba907e8cfb18e6da1e12b92	c89f4e5c43c6d809cee5c5c05bd6359752da14781d7ca44bd155d3355a5c9350	d0305044a60fb2b3796cb8cb93c441dae60b99489bd800e7e728fc8774ee521e	023fb4131ec0e173c5e2e00320adb2b88da99476af13004c085b1beffb03518c	24f9a8c65f1a27a23a7dd40e8ffce1db15788fca282fbbbf7cccc9347185be17
364	dc52b9af0334c109fdcdd3fceb22407b132e7019ac5458a1a69ad5a1851d4a4a	fcfac5b7e9fae339c080f89e94699696bde6ea5eefad3dafeef6b3f01c2789c5	faf8f8f325123ad756c3fed63d3473fe776b8743b1aba783188c18ea89661c44	2003d249c2d7fb02a7a9fa8e6dd3655f12145f8447be2d76c05e2e433f8fdb46	bcb48f193c3b445bb0657774ec5a3bde127f383549438f0c72f673df48fa9ddf	dee0e0e7400af58471469fe53ce2fc415920677aebf71215912705e646b8618b
365	bd862f85e7144d6ea1d0e8efc7aa70af80aba928fa128de010720445c0d6c99e	24810612c7963b23735aebf88cc286b8e686ac5d80f8ad2a3a9d0ffc59ee1daf	7efe6524931b839583f05fbb05ed9ad28d7df18f41baae2f6505b6a935d26e94	089b54678a8b42d329f8f93670a4270c45775b9642dc709ea4a18ed3118754cd	c06189c640474ba7026f79043ead0e5537110eea6dcc7f48a034240be4759c63	07757511b92106633190cc3269ab9d694ca90ee10681f32d5d44c52b41b9a959
366	470e8a54c01dfdbe03af20b3bd879971180d2dc757e8219f15a4b31f6d73bb20	30c35c2cb9cfca39224e52a4fb6772be40e5d7ccae8804aebeee9fa7f438b3a7	95f7beede62be5a69f8131129e8ddc2fd198c3f2d0fc3ebebebe0d58f49c39e8	f6af3dd435577caddf9bb1da5ac251aaf3a80f0b508ad617d0f089327006315d	24e07f05916f177f2f04d3d41c5b30f23f71f30d8ce632e6fc9cd99d185b3ad9	254d82453f7ee0830dd365baf1f158c1b091217491d653f924a45b6b69a1b2ad
367	6db340d59d86c7597049ea2dce5452caf66dd34eadec9a79ad0134c4a532ac92	9ca7a3e184e6c0d68b96f657b10c70624e46eea9c3af379581d90b71baa4d99d	953e45b6bbeb5bd81f63f96f2e0bb07ea0572a0405cad9be63456024c339ec21	60b7cfe429c2468029b6fcdc90da145df729bbc3ce7dc6aa23b70db81e08c908	ec8aa98a15fe384788d7643f4a8fe4a84da9403b353af643791ac1301f351e7e	586d13ed4e9bf0c9fb485aa5b3bc689717d90fd114f65b2f6afff58abd0d4d21
368	9aa17c01082491520a4b3f1261e3a448a7235ed79a95e9a8c37e8e6bb0ca98d8	233862ab765edfde891df70ddf701bed88fb956e6666b6470d62367e7498e2e1	c926285454602c4dafd96a4c669abfc652bc09652e27047d0f64aeaebcaee2ab	70534ccef95519b4360f0b2b7521bca1962e1f529734011c1624cd7a2c952083	37b5e8c3ef10a6bc1cb5660ae2084c2630aa2f65311a13bc87e0ab64af43c446	787667ea053848efc85123c22cc075bd666385de033852f132812edde584f790
369	80ba2074c7fd942aaa01a3d4faa78e80d6d9448b04c92f3a23affca1e3993e3c	d5a47b8e1f6a6c739260dec160139c87356307714bf0432b6f715d0550e11024	c84d844e730486064a5e712f942ef4676562a2690207d396eccb447aefcae32d	68f67a67bc732baa417d60962e9d1e47c10cf16a6bfce0e6e7e7f8c028e63a1e	465272cca36eca84fa4607754c0744dc91cbd29f2b524eb35bddac7d60ccc23c	1263281db6aef41ce5207c3f72cda0263d7ab94af2c32593561f148f03225d66
370	64d054a99891be13722b22eebd88f441f532825d6f516ba04663ca3b19ab321d	601194a48c71805dbc8047824e594a88e2cbce0f7c23eb167101362c3989bd45	216087d1048145ea88dc32f6aaa9f3d2090c81f6398861f6b55f60ea1a30451e	0c1cfc921fcace284a1cd245f379a74a3adc71abeb50f83cbf24367749da3d97	04f2932a9247c6a6ddc126f55bc2f1d46f0a80da9cda72e3d2c16c856d69cc95	12ab79587cf882eafafad139386fb7fec6869a742f22553d6c1fcbe6db245902
371	943361389e1f66747f3544873ea0ef76145f6edbd96a89ecf41cd26e0b214628	00208e7fef2c9409dc40ca89be4d3cd358b6e38dd79a2100483205c9d34b47fb	ad8fcbb8590963eac94865e97ad682f804372e357db2491ccf294a03fb8ffcaa	9e200b067717a29c19024bd8f489179ca97a67435457ce0a67cc483f1899e13b	c5ad687f1ee2551773bf67f3966a3366b181687a0d6ac75a0f43e2bcc01a2d3a	0c1389e7a45b4eb3ffcfe846b109a68ed0e32370619a4af06863c24f1322393f
372	f40e0509f7d8d40535b95553ce5cff226484de14393a27204c2afc6df701ec75	cc36a1f875aea6972a2ace75d8e3edb0d3152df81052729acf73f7aa1e928e30	cfe6c9a66808dc41e5df68c0da42174d6c82d82467d816188fab856c1ef09ed1	b16462b023ba3f62e0c1ad41079c7c076efe371d5891a2ded375f7b35216e2de	2fffd1770c93f59d4f53e3f6c871fffdfd4025a9519e5d3d57e3a6fa50c776eb	bf70aee44f6a8fd3a03a6269b5a483d6b9730722945491f8e2e0992e93fbf1e8
373	406f3ef3ed744529a5d940999d62ada9ab09e0386cd045307252182ea4ee6e1d	a123bb15b6994502c39cabf79a39ef0af81ae40e763458090ff45a36d12c1dda	cfdb508596384fd1593ad5ef354c2938ad0073f6f7bec1fe4bbab181474f6873	72733724090b7326e2c6bfb2d5a6b00c4c15026de9b5a4fb4e666fb0ec8884fa	df346b86e77613c3a7840fb3a80d6bdf00da8acb6ae690adc7c3bdd213097088	f85665d3f18e425cabc0d46552950897f81274fcb6b18030fc255f3f7a65e83b
374	d9c837d4d5ba5f27856479da9d37bbab99b68bc11b311caea5148864496966a2	12b17c577207629ba0aa66cf7d5c82634802344a9e5ef69cb74d652050ea394f	ed06e899b3891f63701080b082551bea20b852dfb3381bb4a412fca2accc926f	d07e48873f23626dd0f307f210441e66e31573ac75a3b8b1533b693377c454e3	9c1f58739cb45587ee6df695130e4982b1cf85b5fa8523d77e269d747f8eb020	d93245df8687a099866ddce26ee50a5a645dba66ebb3acc3baad402589372e12
375	42bba1a9fe21a426c8a78c9459529cfc7db8334c49c967300d7ce145f3d54d64	d78739b45a817737d467395180375afdaac0abdc36c19be991ae2f01e3c253b4	40c368aa3870545e42771f0fb225de53852c1f1efa5dac223227d4bce2c15c07	ec7ba6eaea13377e6f10d30fb9ec7e30176293c5ba1e2f3045fe14d447c6a667	9b428774c1957957ed8930df4c7b37f4ae0d0d569e9a9cba40dfc61a65076556	00a105ebcb646edba6c496be9b10be7c732dd8f344c77d1b73aea51c7c750ff7
376	d92da8c7efbd340863a585082f98bdab5951bfd5875db836e0e5e048a69e0aef	28fdb7484a691ea7347182fa1bde15c2c7ab06b21f56409251a6f89606c100ee	861a0059f9d472e010ade9ca2e98f20cc43e8198de12cace398b2411b194f39c	bc5edd46ef1ca76db94702c6c348790b03bec761132d426d9241b6e432647cc4	dae769133253ce0caa2cf2cb4938db8a0b86f61f009a9f4fa3fe74af582069e5	498e47185944ae94d85a4bcec366094abd1df0e9549d2aeef17339bcd4e8a001
377	ef50cf4accc28dfb90520c06bf2bb971f89807a64b24b06f327ec62e48a5bb4f	4fc63296dc93b70a070c37322f3671b70c4115051e40993ddbe26271efaf087c	fe7f31ce098cf4c27aae77c5a70c9912daefa108b449acb9a467cbc58226d451	7272b072b1c274903b60a50d2306b33b285956a9dcdd848dbf74c84e50f81fe7	e7d850e7c9a20c1b3fac9d17a593d69015af95eee63bd2b56a7a27e0108e2575	5d0cfe26626bf6054aaa9eb54228bcd7df40b5c6eb5f63da5d201bb1007f3e18
378	7d7e31ba2b36a5e09062437becf0aa7717b76544b4e8cb64f9f4d2d6bcd913f7	de94f8277305453eed272cece8d148d663998524f23b6b60e04576bf00b77d5c	0e3128488767ce489010d876a5113a978deb7f6c87a3bd711bee5d1294264726	a2e8c74f6cf0aed95ae119dfb8befaa31d5546b4832d875edc1a6ba579e5518e	0d61ecdda3794fb67e79ef848ab79568021adf1d5258509817f0dfbe22bd729c	cc27c4ed0baa8820474e90a66284f41cf3d3af8a28711282cee956061e946bfe
379	c78b54723c8b1f06d26d93c598c953274d3480be54c2b10e98d60fe1fb11738a	cf2a653b4269e0a0fecef0c22c0ef887612562c16f9444d26966d74a8202eca4	6edf43ff50aae8778936e2d1523937d91d1ff88f926da5dbbbb5bc8c1521ba94	0b694577f2b03fb9ec601bd07a657cf383463d7b1a2fb99b4942a6f4bd4fc776	50c8576d9b2d74d894771e65faa28d8948dda36d3aa5ff9e9ec5589304c4d57b	9afd407238b53d2ad1193f034dac7095c9b7b2413dccf52d013736c71c5c4ef4
380	4694caf60cff3472c08fa9fb026ccf33572683534d293f2480000bc26ab7b8da	3f27ef575ae8155a09643c0d4a18c2e63dc9839c5fb6686ef00898896a2857cc	a2f93f241098d0d2f1cc5cdb65a75a138640c39a48cd0229e589a66e03ac9b15	a0e2c6cb1ecd0aefd75a458d7b7a4df9a1da44c079b3a1462cc6c24c03f9ac4a	58c7ddc095a4c1c4966289d799e5056afd7f7e1895b863ad17577d649a11e5b2	9c0ac3716452dadc6d8cc6d8729a2e20237a7ae4cedbef6ee6a4dcfa1ddeb9ac
381	e68da3b5cc53e917dd9df4ba31a26695bc0f209953d04ff837009dd0cb9603c6	9cc7a6d2ad963ea3039737afaa28255e2321525275ab68be0de7fa4b9a3086ba	c1fa58f8d3b3cc40e26dd4b834ba778aa798715197f94dd19947ac72ba492927	fc363d0d536dd045e56c4242d2b1b98665dabc2bf64438c76b1be787ac120b97	d88bc49f3bd4540cf262cbdac1c211e25f27c2ce02c49a9e854c9ab0c11c17f6	9a4283abc0b7ff66169f7029fd3e951d4294d0aa314e8a2d8eeb4a9f5125b931
382	b528da2f8cd0c9ed3b0e8c3cd2e14cd7f982777929b29b2fec173104ddb7283a	87dc9354aed43559015eab518d36cecb9e308c6b4db369d579be973f4a959e94	efc7b1e822149241318744e518d397a2d3eb6d8d1c33217ff669da1fa63a5fb1	cf59387ba1cdd0d6859f59509703cd1831bbddbaa1ddb9998c37d54aeb1a9c39	df3a0e1f9a3ea62b22e417bf325424e0855540c144795910849ae116c53e56d7	05330ca8af43eb8565c24d44110dd7b3e4475a0ed27dd11d2ccff15f8496a38e
383	5768d1b16c9ac6c9b7a1cfbcb9973fe4d98bb260c07f18b156c58c6f5cfc9865	ca9c64972b8d624e11f8d543eea7e5ec099eb68ed7184050ede4b606b8d67fa1	f9067afa67cb782c83ac340107d845403ac864c9345660306f6e470da7719bcc	0ea1aa6d27a17aa6cb2a6d25108a11e4a99c56fc2bface34e949767bc42b397e	05ff5a316dbf8164325aedfab6e7e78794c2e64f9799b3a5fb515290ea966733	f4e7ccb32eab6ca7ab8c570698bef2cb63e635ac583a02e329c7ed2d0d865c84
384	54d9309b8c8ed9b8b2e26dfe3292b5225828bb95e0508f444190f79e610fd8ac	b4a6bd6d67143b87f7d793eba4659c15842e76ccd5760350dd0d8659e1ce5241	48c50a39f3e8035a6b478b3f461569ef0de664f0ba344d1426c4c330807ce64e	d9b69bbf24901e315e3706f54701192f8bf867637fc1e43da7e2b003f3636b8f	292055f3cb1df23f864dd95f746bc75eba8e46c26582f999ec2b051aba6844df	b69187f5b117ede77e51c4f72ea7c6c1f61c2958f55eebe00f4c106f57e2b874
385	c85d1953d2fa1483f5d3a2cf1b3555f7107f47a5a00107a44447f82c940bf659	0408328a768c87bd2a1d0fae4e9a56f46df8743ad691b3c7cf9cfd31f2f919fe	b02e7ceeb96217ad09edb8bb858626077857770f2def7c7d1a591471fd3d6e8e	55c9eb89b8e27821fbed0fdf17ce0fcaa409cc417c7db88532abbdefb6955990	9c66280f7ffefe83d98d12197d0a108c4f4304749a21776cb5590f23a7b3bce0	bb80de313903c3beda32877ac2e395792dfe71fb5facba3de63de835f288659c
386	1294e2d799449af6a4d67fa8ea982d058082a1f603cddf6c09eddffcc81c5448	f27bf861e962fe2e27e34df8cbbc51d48e96ceff021dbac5f8c3db1f489d3414	9f0bcfd5db8905b545c22b8e014f2e4188e05bbcfad65b44535fc969067478d4	a7eacfc5260ecc4fc79b32f3676fe9a79e890ce7a24a6e1a6251ce53225c4bcb	796cb31f41a387f03c40bc03b4be1883183ccb50b7ea016c3402fbde74204b53	467cfb450ce40dbb329230f167001ed54c03ad52ae146b01ba4ec2302ec9fff9
387	3f36b72337551c950f5dfc6e36899bcd9444bf7aa6c63a9dcfa86f88dad5420c	46ea974ac1f8c9885808c7300419ecdc2e564afa585f8ff1d2da95a669b11e5a	1d258d4ddbe56fb9f634af2276ad7388903e77274396e55e145fafbc849b48f6	755941c830a9b41c03902facea3bb6452278ac36cf40ca5c5e243be80ed6b6e4	44a1943dcfe7c2b16ac7260fb7033e65e6e89690d3fec0444997297e91bbf200	aa47b4bc6b24a874c3602aaae83dc8f4572588d77c888064fceb452903d0bf03
388	607165b99f25a901350d30879ebe6761398185668d68ffd1d8a1b37252c6e33e	fc224023b86cc0089de02447dbc5e4086837a59d8122dfd8393b454e2e5bae4f	f44b61fccb73feae9b9be678fc02df2c6d1a26d5305eb6ac8e5731bf9f49f4a9	baeb28ee1924a0e8bc659b5ca9385a8db2e53ef2be31705baeadbabaa4bd1c5b	c71c3e2b59da9ba736ef7949fe62eb7103f039acf4d9a39a595e7df2739c02e7	87f795c7a3dbc495e14d04b09efd282661ee95c19800e392d74495a02bd30060
389	2da45dbf6301d6043509aff77262ff2269b07d953e549d9cef949e29ecd9cec4	a8ea7ceee92d671f7bbb6a498477127340fd5f7100ef001a7317c8978899b4b3	724196d4b04d48a4a85189c72c55810286129777b130f9d72fe6d2f373d2a14b	bbdd6b1ac7aef44702758c1958a9b3da9f73177ac0e9a4ce28b9b723b7d1dd60	c897107dda298cf14354592c6280a6fcb69df46ba2eee3b8e02c69b3bbb19e6f	3895cf79eed9c5940cf09e2f589ed5983055c51a171065d36dc7370dd6cb8ec6
390	0945c551ecd53eaebf0d6d4f749d42d21d6afffef354b62d04d430b65ad78941	0fd22f142c8fe2d68646335c9a1972acdc356c2b8473ad50645b40790223ffa9	86e30b6bca6dd7a16c8f7d3752cb86f4299c385a88d1ea4f0e6876462596ca23	3399c31169e75bd6038a6ef5939b46fadb7c5f0be72f658806ed4f2325b44a59	ecab461f65ff2280561bca1d884ee8ca9a6c34786e3f055d768f57e5e836580b	a8ac006136788348bc54b6b63ddcd632b0ba83c107fad5558ea7c541a2275d62
391	61636f06984685de7393c9daa7f7de7a92785fbaf3c6ea5898d938f49c1e058f	cc38efa74285de802903ab50ad71c606ebae9aa99c952cea9059182c7ec56b24	6f98e75d13e60fbbf645c111b74cd2e54ae64d15be4ba94fe730309aa890d2bc	3b0a5f109b57da07b364c0c86c8cbd716b8762d419910af565629f9c38e9f456	d9bbc1d3c01fbac2b0c24e9e61fe53114bc1e55e77d3302d256db45fbba40975	91ad1a899daed0b6183d2177b6a69efab74efcddca6e0addb7f88700c2c997cc
392	0926b7e77cb1adaee2b03a7f95381f93e24766d4eba49f5f6cc9ae5d229be3de	d4aa1b1f9dc41435b327ac345c84e24754faec28f9e902050500d80d2185a288	712f40f1c32d26f73930ac6a3221b123c172cd709a4b5a10c2190e5103a6b93f	0a2cd754e8bb1c41d7e3ea6e431b4e16260eec479379e3aef0de5cf085251101	746d96da00f072fd3488b83dd84f92576d6501fb256e60797d09bbddecdd9761	21d921e6a6f6cbbf1346bd1dc41cd713a4b6f9456248f31a74130c1a64b5af30
393	d52d94f9456ccc9926178bf25944dec51fa15d3f1d650952d61705e585cef5b0	cd587025ba20db2f50874e54b0541d9b59fe89dd5e5be074d41cee3c02948bbb	d2c9d12d4ecb06b249404980db077fc4f8e1d6e18b1f4ad175cbf1b9842b35f5	ff614181a1581878900009ac763f035a94cdd916032087180fad77b13f4fa016	68602a78d898b4c8dcaabbe67e8b79697372d3d2a838d96cf30042420dc19c71	394087c7344b21f44625dc2f7ac6d6fc3c934267c377f35bdf3e78010f02cb0e
394	d82843e100976c4b663f25656bd2b9a6574c559d112e69f4be1426cbf5b57ec2	04a5d8500fde2b087cfc9d7302e9790f23275130983be2e28ab06ebc9b2fb79a	f6e326a91826baa12f9286be836482fa0b2151f172b4642f417117a2e1302626	60aeac4f86e2fff69cd887bf1b284e7240538f146084a5540ffceea59a920771	07e8ec82c12f2e16190cfbd7e6fe3f769873df76d53ce6bf0ce9e6196684737c	bd5a8321e4f6823be38b392760f3ee96063a441852efe6ead31eb78e000a3742
395	cf4dc30e5f5aa2f37f6e53c584ee79a5d90d4a303dee5491e6b9e7cc5f9096f8	7034f40a25db1480bef69cbe26cff5f668b4700f43b3741a96f5088264827da3	65d8d3fbff51cb4baff5566bcda01116b3cdf470a8d9e8b697689bca2591efc6	4f5341d4c721b2fabb53d5d415d2d9766a2c9eb808bd220065ec8731842846af	baeba4a2ae3cc6d1826e28403aec3bc696cc721c360d7a8d7185d73521ed2944	459c383eb3ab8113adbe14cb49fa49b0957d0ffa8ad1a19fe39b78ff73fa78ae
396	7af469be72672c78c30e639dadaf8ca49db94f65813361a25d776ae8b2efde8e	5db53eed3fe10adc7f423a27bfe4273a6e62e7c32cbe77071cb671ae739ac346	96f43df6d071d71f655ed722a4c86b622cd462eab5b2f9e96c3248483892ceb2	60f1840866de9cc8c246e55603c0f915ca197a0989aba108dbb55e8151486cbe	d430e97f9fc10da59162813b193c80ebad095bb923afbef936aaec7f8dfd4ee6	27aee5010c391c40917aae75f4e4d838d65873a81571a5b388f7e2ad33cfd500
397	e4c1b2999b4fa613c2d132302d6dc68a44fc74c7b4a456c7eea0776be1c46e64	a18ce4d03615e7721cf3c92f7b3fc1de096257071445b8fc95e0b4c7ef1db662	91beb6bd184ea42e79479d832ee19b9eafad91fe1a352f2f3fd1d5f32b0b24aa	7abd198bf77cd24e6228c34b57cab0ea37815fcde37d2e6d77ec68f21d8bf243	0933c78b572881e2dabde1afcb06e33603d5f262560caaa2da3a58acdacb7f4c	218926813661121b8b64a16941a63d9b21408d08f6e0128718d58fd07b9ef643
398	08abd340aba5e1c8ff35709efe6b069b1334f00102d8910d55207cafd28bede5	e920f4776f0bd697b949f05249ef884701619057cfb8b4f81b8a90e1532707a0	fd7107c18c67e58a7326e31c3fe07cfb622ccd84771872536bf962467fcba1f0	262cc3b4b70295d3024825e3d760cc24c80306e1b0f452ef010534eacfd21ff9	d86a36aefdcfdf612b170149b68f568064677b0b9f89605b45778463f736b86a	23b997ad144a036466f7dce08ac07fb9ce4b1896bf9593d6e376a9d3efefccd0
399	d106bc156e09e8c6d2c770725f6f9b19a393e19a0986346db679917af1b274d1	a54323b05f3dedf326ed554fbc329227f63cb5eed92e85164a8c670818047cf4	a67d725eaa8ddf6771e92e19d6b215d91eb7cdb16db531526877d576d30dbebb	a20cf68ce371961f8048dec97a1ba290325852f9fdc94cc93ba513efb250563b	12d9348b91cee61de05356d54b725b90629885922524f3a25b6571849c7aa77c	9732b5989a12db84b869d9a23d0e532df3dcccc24df44ad89b2446278f00961c
400	afbae91cf19eee355cd5341a86f73731af0db463faab8c03b600ad12052e5e67	7286b99f725176e5c01c1a6e916266dd015b796584c8d3539bcc0ef3c6a2bb7e	41a94a8e712a9e43ebdbd5c798220743f4afb941c80530ef5ba7b5c2ea969a80	dc48c0dfbd577d760fb9df59acbbd4d1513baea69d27f59f1e107e77425356bf	fdf8456b2792305e0f14bbdece8af8d65b3c20ce14e27c76e1b162e369eb1426	44294794236aa193fa78cf493a15f96cccf3346c4da339ec967c58816007932c
401	49111a0de8b3169ff5a640c2562992ca081ff6076ab62fab259badacd3ac9460	93ae0be4ccbf29ad3f55944dfb92cf0b30ba1f7850b1036ea54b9d5c6435494c	b6d31b413fc98d4d5797403df69c598dc21c83bc405818c5ccc8a05fda9f86c6	d0f29fa0818f9ca0b457f89777527e123ce36d59feb54f68e861973f72079934	acd0b8fff55ea7ef2bdb937f7dba92b195dd4fe765a5199d15f384073961e566	f603b994999970c103222d8e9a6ad3f5dbabdacebe03d9ef630a1b60c7ebd63d
402	5e2dd02edb0237983d6e3ad796fe4e61fb7812ef78ef9736532f2ffa5ca4d084	915bde5ce540535d31d4d305324224d5a94f5816f6e4b994b13c696cefc2b768	5b07212fa932c633728c72f4b1a5e7521b07ca42a05fc7655395959acd3629ba	b86443b262e875e677d9a110423b48077e7e9b0b318f8c04074edb44bd4d8912	d72a9800e8833d9bbdb3342ab5b71729d05597d243ebad40dbf97199ceff3cc1	f965d0665f73a00be6ff4c2240cf9b3a5adad0916a272cf6134caac214020f1c
403	0afea4b59223573a887ecc4f6e3b27b50bc0680f16f2b8bbf794399f473850cb	659fdfd7b6f86dce15cb4ea4393664c3772a70f5b3f2f7604fa353986387a8ff	216ef75d9bf4c5d5b1b85d533e901fd7ea09017dfb9caa07e0a4d9e94a56d43d	e29b8d9fc7dd3c114d4836fc37c8a389e2cc0556323328dad4645874fb1b789c	a8f67a9b980373c1d90f20047833002734cd383c6560214f5d8f44116229d1ad	2e10d42b3479262f80c81a10a789ea1e2248d61da16e3b0a226c00760a30cdb3
404	7b1b97649398f81408bcab274ce6fd412a72ba3461a1c204a2dd40304b4a3547	5eaab7131fbcceba063310a13aa2350bb3b00a0250cd1d16f5048b486ef1de1d	a6278e4ddbe70a9400b6a9d58655323dab50a610a62c8f8897db525e2ee4a0b8	fb0f6b465eb9a4053dd39fc9de513929dfce4bfe3805b405136a8d92b860e044	75dbbc4ec634012c8240537348ed3883996b969e75954563cd4ea64376b7d7ef	f9dc6a0ce610f0e4d6883fb6eee6bf89f71803f1a8688de10a415c6fb24756a9
405	04aa97866d5d35f24f1c8f0c589784e44de54d5acedb9f9211e21197773d26c3	c1af68ed18f0c680c4186801dfd7c625e9b05b7b786f1780fc27782f7097c709	273be24446dfe548e881f2ee63dc36c304deb4f1e3242f54fd13ae3045e89cb0	1e0b3d4b1feaaa23e4c8649eaaadabc88cd62f231d64d4eb4f81168cc76b931c	4a25c63031a5cc55b01019d1fd5a94d3b2af00e1ef5fc13197a36639fb907a27	98803d91bb22166f4d40a8996519d63fa30fb7e18951f79e38bdd130d0647b3b
406	fb938f566121276abb849587ede521e3d6fe45d02326d6f1d8d7d15edf2ebd21	f9cce3570d8b17c003c2791376a34e696b3b0fb7f5d03216400e553007b596b9	84e747f8f18ff9a53f2e2cdbcfd6befd28daf54cc6ea3e55eb27a0bf049461c7	764e4c770b7a3fe983e80c4e90bf15abb787e90201fc54556bc382cc41803241	98242f83d53b2cb56c4b4955b38d2d2d23b8c19c171b374fe3d6e66c03750f5c	a3ea1873ba756fc0be1545e7a4fb3fa5b02cfdadb60278a1ded1ff1bb97db3dc
407	c9bce851d84c6ade71db97a985a133cc65c95b194c75c7fe1b3e7f537c4b426d	f43a50b8ff9ef5ff8769ba66c6271add4e5df9081c94528ec7006abbe26288eb	64229b17506845d070d5226a6fd02d31783417bdc63fec840df0a4b29a4b9213	84ba61d51d97f20abf3700f2046ff0e995615d566fe9a7902a3ad7ab1d8ce8c6	02d9d59f2460319e407e40794f827db1d74e910ebc1b4d1a3b9e2a76d6b31349	6822a3974473e11e15dfe566648523c602ad615f8f9e0e791b83893917be2e84
408	77f2e32cd52d73f1013abd2784e399bc282fa4c46fd74aa7bb194630c441714a	393e711d47f1026f25aaf8ff96de13b7aa8fe1213030bf0418f35c8d11dbb379	f6648a7fa4d967803a8c4e58d936ca7e693425fd96661433ab50ab21e685796f	498eea1bc61788c1258cbfedc4cb7ae0e4af8de000337356d0fe8e444405c39e	ec86ea213c7056df7bbfe2c914815553cfc332be1081c5e733e46d3da273f7b5	e0b8896abdb9e65c34bd3b5a3347123e0780221d05cfe7205e046bd551f14e63
409	b9eede596acf3eb0a8c7b7311423ac3808496029f66655414a8921682b439baa	ae8363dc27be88989a439f267ec01b0a1710b3a0a5120d86816f5f31edef007d	62a6f2166db9816901081d9d0bf643387024155cdb61f2395ef28cd531443a3a	8477b105bf21d06610e486878dbf77ca4e4aa2ac42f5f4493dcaed119bc649ef	3e2f5c42ccf33eb9304f0ccc598963a29792ab3c9b5924742d9429232b105989	355cd4d9e0aa565000e6cbeb6520a5175af20ed07df652cb719c9aa331bf7703
410	6dda7ff558e139a7f2961dfa0a89a509589d9253de23353fd048ef506bcbffdc	acc91568eeefaefbe1678a66180f4aef8dc898efe526c9f84c938018d626bef7	90b4abd2216ea66693fb46c38066ab4fee2b5d7d4ba0bb87df8396c3a9bf96ad	2e7c182ee39132c4a7e752136ceaf6ded5c9bb97aa0f9e2a4015efc769440aeb	b37f238b3a0dc80ed33c2cd3ef68f797ae97d4ed328f790fd5f59a3cb657839e	e45309f664cafd9280a0d8587d16596427c63004452ed74f0afc42b2aeb82f3e
411	a3fa2de10ddc0ff18a99961d77312a93fcce300d55b1aba0a2298072d7481c2e	8251b9a7a60c6f9eebffc3f3f933e5983e317d8da33595b1eb8abecee331daaf	0105d5d0a4de30fbc1d0609bbcc8a1ceaaa7fd46c6b67f8226f019b7e2c50c14	2fce124bde2031f0c02fe19c4726e9c188470d9b92cc34a33ae9c625348c314a	ca51d282543dc4d376b2b9c333d0989425eb9098c789cb2998142dadbeb78964	a9cd2b15f7cd554b72b2c76765625b7d0ec49e95bac4437bea3563ddb4e8d467
412	d8beff69d9c43fac1d7a95b9fed2391ddd7dd407d38d539c3b8bf8e1c3ddcfd7	ce119991005903b21c562fdfffe7216a44bd2b163264107da2890cdc06f740ab	80c27ca363edb1582ed9de8e4a63b71949ed8cf8bf4cc0f634914ac5b23a6f5a	774afa5defd4b6b436237eb0db5c047c6f4c7bcc6c82cfef5b13d3146d20c844	d29bcfc138645c823cb83b9b9ed6a4909bc113dfadaa0318974e6e66c77e6246	1425b784d245af81d4a1adb3dc1ae44ae9ce696f6058fb1164862e159d64b34e
413	22be9282d96f40d75dca77ed17a9112ecfd2eab614591825a77a7c5f3274fc3c	bc1041d2caf973de759c164934b9804cea6803de0c2034665ec1757d23037270	37895878557182502207e405915d7090c4dd79bd0d0dfa7f23abcfa45cae0fab	889dcb2f53cd5e2de0b5ef36201fbe89b566c88a11bc4f02136b7aaca3b12bc8	ca6b95011abe2baf4c71d397fc53d056305ba45cc51bead268e1c2119e98e859	16fac80c1dcdb123b0d52de5fd8f0a024e6359381448da78e0d1ed762991ad50
414	77f2fc6f7a98c944bebb1bf098e8de3069a82f7e838efeed5bb77ab48860d82f	7e11ba5ab6afbd12a7ec3bb6a4b24f244b8d471cef9b142863f77309ae4a0036	b824f4b009836f5b745e40dd71dafe12c9535fa65db1181727d2dcfa11727943	f93a0883c044b78382ab7ec18f7afdde97090c9dfaf8005cce0b97bdb9aef272	bbb92499d12f1dd04658de2830da1f3afcc6c346e4d13b64e9b83a26f5eba4e8	70b47c28cbb1188ab589bbfe942a6d9de0f84c2d12cb0a65983967a608477ed8
415	ff500f22e82a1750642bc00b73c15f8dc262eabc6a859a26895f64ea762f30e9	f4c347c2bf8e0af0d8e8cccd349470a3f98268de70b7b3ff89116a2a0bfdd3c3	b30a1d47362255c788722e94e117bf8cb11541923f98f7dcc895acd4474f163f	1b91999695d86b2540a26596de5f570c8f63b8211eef3bf19e917f97c01a1cc6	0ccaa5b90a342bf9c939d0c28d2fa7af00a79f6859296adddaeb553f04d84fad	f9e401f1272260726009d8b3ae4e1c3274bda41ece7e9497be435b608ea01ac6
416	2b5b401710f495a8f88152a8d6c8ed787db31876dec7a3a42ab67133710f7455	170ffa38c4a109129c08a5913f61a722be5e9902c5a3c952df61abb1a5ca4dd7	122ac97b314b779a0c629d645aa5669498116b55150c363eef94c117ff30f94a	896e5b7007863a2adfa894d298dced0f93ecee68b1ea7fb32bbbe109c411fa20	bf9c7f659fbd235d65ef4911cb92287c454aaa8b574c859b4fe414e5e44f632f	5aab76691750d91520ecc6b6d635160bf81f527a22507e53eedab5e498b12ae7
417	e78ae8c8611f46d124b622b065f68439675ca5f9511dea243a864f538df3e257	15f86bf0b85efb1388616db4beb450a1173159d74da69ba372ab5021c5bc9490	78fd9870a224c0af2beee7aa61e54c7180e1f43d0244182b75251dd466a30b8f	d3661b1097b74023adb94e3811d795c03116793867c9f5cd4089dbca46d39b9d	f4dfc73dec55b8673c7a0f63fc524974aca52ab424f552ba149ba249c36a7ae6	c3dacb20569dffd3e7cf01a596a951fefb9afe14d468b0b5edf72e26425111e1
418	519bdce0c9abdc1aec464e331713ab24572274282c42211e83aafd573def8880	74ed904886fd8dea3b0f7aa1390434a537f74ea4c0239b950be398b094bc6163	78b19f350da4f8313ea909b3b5e9f95998f036b00bf862964fd6e904b6118c63	92d093bceda744ae38c677fff5bef24df2e6c358ae26ee1be3c1b1771bd1e611	ff399ee5c09f1976d6f48ef3ef9c8f713fb60d96e92b7edfc781e75ef89e82b7	7362397d7b942cd8b12d27eaa49754aaec307e8f07ebdc0f847b92cd3326a2ee
419	f1667760c771803ba8ff534b439426996414709fea5ecee4e52bd051eac1b382	689b36d1937f139fe7ac81a811fd07cd2ad55a5bdad11ac9782d62483070fe44	4c47ac6cb158f5a71df588b01488b0dbf898bee4232b8bfedbf6d6c4ab7abe2e	8a37648d052c590358170b95dc97608b3400e17c2e3bdc0a3be6e80d4822d172	ade36c2423d94c410414d9eea5502ffba0570f366e5ed8583349f5cd3e5b3373	4b692a693554eaf1fba61758e9a89a755459977fe206ba0d50e6d68fffdef1c6
420	9c1084bc28251183a004023bc1db9530bf4c9bded27c3849bb16994acb007c14	c7aaad5f4b5eed5301f69b3150bab6eea6b9f8eb7639f6fab23f94f4af209e64	ad7a27326d001a8ad281f8eb4c6eb4e6d8087cf1e019f47ea7358011a66aab75	63a194ca618568590cf992220e727604a24030ea80cf4651cadc84a8cf445bf1	e70c3559a6c49150631acdaae35fa5bb3c115f45b8a39727c337c8dd80cb3075	5874e229e1f1e08799e6b4ae924223776acf13df14fae3011328b21a6a813016
421	cd233865218e3cadec7952a4a19106ddf861f5006fdb20415879f5ad5951c96c	e5c1b474b8a2fa86a285c00114608e261912932b7d7b7a257e1650539368fdfc	34441cba09122e3af532e4df3a27bdbefd0056bb75a6d2487b73aacfabb048d9	73fd75518d04a7c6e6962273b5cf63d60285c148cb250b7d0528ef67931803f3	db4b7083a54b48e4a82043a5e789667aea71c3a477e8758daa53747c776a8dfb	68a23f669c374f0bb7ce94d4b8e0cf7aef3e5d02f79a7c94c2c184212c93e332
422	d267c5cd8e389070c688954992725ce774e93838b50650e7acdf36e61a128b8a	2463892d290b85f4ad014f2d6d24d1da8c0720672d071644bea3708fc3a09b79	8fb997ff186d6851c7a47ec16fecb36768ed934717c044c008dd6baef12b9eb3	e0cad86768926736f6f0d7d4b34f329b3d08651491182ce36fd55f149f45289e	62757ff2d902738ad311d1e03f978ee92c10ad54051088c89a04e9cd40ee4d3c	d2ef7678f8c10ca8e57927b376f536cdd7b13f0d45900cc1e592e14c6324b3e8
423	430b3b5e0449ca501378a71248be06640f8f90802f9160de58e8e33f13aebb41	83def8ca004e14433177993aca6b148e76a1c01ec57a6ff5558433f8de13f0ed	afeb54a26a5ac1172ccea42d4eb1b2f0b4de7698758c9a941b5eb52b106d03ba	affe0813d8d6736091b5bfac199e305135ce334da9c30f564d5e9aedcf020043	b808f6b6bc4868acfa91f795920413783ff76644d4a7a61bb89533251e9bc6ee	8d7fe6a722b5c6b8b355379145d106f907e07ae4bd458191b8a9eb64f53c6457
424	9ac37b1b62f1738163b7159adf3c2b0902a24dbb3f1681ab76fa9677a5285530	e3d37c41e7197d03424f6382cee63f5c5d0b1ecb7906f211c8145821a73d5ca3	47303b63ef7a70ed1362bb9bd8eb216309735b4ace7bf2887018c0f02500e451	d23d070148c7c0c5af2e575046f0333d1ae7290020ce76599e66269eb73f9e82	02d8e78c258dca95b512da9c1313490f4543f8dfd3c15638d26179f7d83d34fa	076a6e522946957bd267cc4f7663792ebd0bb4b23efb3a74547412deef439d0a
425	8da6aa71f86167bc67523604410554dd98f51f7d6a0ebc4f8daefaadac36dc8b	6b32e076187e56aed0edba4e35a9c3595e835f62cc9d12a013e6e3a90a0b5758	99642420de134fd9370dba8e7c43941ef27e228e01e99bd32c77f919c6cc2b2d	b3be63cbdb11697e385a204a5c2051a05d7e48bd00454fde3f633fec9f54c5d8	6e02f7a8acb8b42f7d38a7989e47e62ecb8d68605f2cca7f0406c9e95f18369e	8bda0a84d09e74f30f48c9f9663a8cf34624b032b702dd23da626be9b862547f
426	4e78450228169ef4e70c180493e33fd87c318eddbae92ff6c842db4f62154f57	9f06bce8dfe691a996af5f08fc07863c7ee2543d7ecbd04866bb4c0ced0e508e	7201a804e7776c93bcb4d63df5bf92e6d704ded37f7ad84789cc6706e2e2124f	86016b1dca6b9350322ca6e04e8db15acac211821a0bfff8a2ec026b0274121c	ff45c71864759ecb1686f17d8399a5d3b1fad9da80ce3a23bfd3f527d98c65ad	50768a23942c6c7b478b746bbc529b1508b064b2e24787e7e6384483286198b3
427	93082b0ea3843aedd721f1d31b6aea7c5f22fce1debbf248511b92c29d74ba5d	e8e24cc30d0bad91a23e8078fb27531296f24bb6a991b96e5ad0dbaa8d9741bb	d6ab28e33fed7bd5ceaa1f7cd111aff8e4853d7c4c0a5a6ebac57f53243d0093	54f8c244a290736d32c4079e4a22e3027fe56b35ecdda9c5605be22e44da7bc4	6836626d0cc5b1ca3e14493544b5ffa6dc58351db63be65caeacaee3f90e8928	a208c318211d94334a01741a75157a0b570a15d2dfceed6b6c4bd7f5c60c534a
428	4db1fbdf2d32d2fad2b5900ec93c4e4b35832f687a2c59469578b1d062188e21	d2def5f350d8b834cdced7f5527a437436f044feddff9c3449e6dd42600b989d	ed80c47b3240054ee69bb0b99cb7dd3443bb8be74e53886ba4d46063bd603906	31cbd9c572d9899dc0b3cb6d92502037b12641736f91b44d1c7f03a22ba1b204	93031122f0abe0dc72973a2e24f9fff69e3c109e1d1636ce84e22846d9f4f551	b70700210b16514a9c1f135965062bd5f5b6618800fcf87892fde6a5c193ea3a
429	7d9387e3f2141eb2553c82daee3d8915333d40ebee80242a07d62b46f9ae157c	6ae2ee7b1649e4f37eb435566dca429ac63dcc894b2ba97218a382c7d25fa68a	14ef5f970e826dbc796b9c8bce3f34b20059f13a23d47905f5590b38ec474e29	a7b2b38266270e2652635b80e7a83bd7162214d537179b28ce40af3fbb178684	5e3d547a8b430dcf2c98ced98c87fd76056268d2f228ec12992cf046297b915e	627fa242aa3b64016f72159fa76f91c7297d95f88a653b5f5bfe28f718c9ed2f
430	1f36e0796edc8080a07aa26a62823b25741280012fb7095161fbad8d52f7da13	1642ca1037867329882d3d4708b77d38c08bd9d101a049e3575081f6fc0a7be9	b97fba9f9bbeb5b0270b9358edf125e7b65c060e8e677943256da89865364cd8	1037a9de04c5403bc0b1b9ad461cc8822e4e66e0db3963a52c702985d819f5d5	db40ebded8ddcccdb583e0c2d5c94c39df2c8110aa23350d5934b5b51d4d48ac	be383c7d1c8f1435e1520bbd85b54212f64abe2ec6cb30f832fb6d2a3a36b5c4
431	0ee99301f9d8d69690f4d4ec01bc606fff4e42e8689480643eca7a29cf57cde3	ce06be04e4abbd31f1e69375bc45b7735bb56f510a9410aa4d1a428356e5834f	4a659db7dc6b08dff1b84bf55dfc1a94208b19d829be37c6d558f8c0b85d542a	dc625ac43f40074fb88eb1e594a2aeb680f60b7899ac4d1743c9d5247794f351	9b5cb8b6a0bb044f166a449984dd1174ce4a48a3529033189413c59b538fcb46	056e2dfa903cf0dfb1179d2044d60c72309bb8cc5cb92742b46ba7e10e311103
432	9330de3ae86d2e713f345711ec990a53a49a6c1b288c5e33af98c5015b92fad7	2ee62307f0042dd39edc77c7f93639f607603df763ccd7c9d7d03f90b4d7cb30	f1ae2844a0843ffa00af213838c1470aada613a118092194fb0df54db45ac1ec	dcf83fc710d3b0fa7fea005cfe25fe029179a5135515fbe0e9806162a38128f5	d8eeda5a1235471e0878e421295d23da2f94bb6f9a6ba33ac8f4fd861b824e3f	3551301f66cc88b112d95e207a856a88a775fc0a9f606ba04b65c970b656be10
433	3fb3112e90890f4f9bae6a8887b770b3068104ddc1d0de8db106eb27546c02ed	0063a4cb1e80f957660a2d9e22fd42285a79f2fad5b9e24279904db8b633e461	115cabdec62645f0f15f599dfd60e8c9f5f7fbd9b36257cfe3116fe6c4cb069f	d97e313872351d17563fbbb6d4087377977d3379bb7865470370eb88c5c469b3	f6f45bf1ad1b5a25fd178dd70f9e38437c018ca2ad46358e4106101a71b8307a	7bad17dc2d4a6c499ed2151f47408a172721040836894b49c649c162c66b37d0
434	ade80a5e314c44d3835e555f3ac93a85502d2631179fb459752b7fb2981ec363	b7da1e50005852e01c23dd1452e8e271bd506aa5527ce4db0335ac9e7dcc186e	d96cba52c3276c9105ebca6df8f74f0819673b90c3985a15b028b8b2b2ada619	a56a35048a1af341127a46bd7abb6c0022d843ef0c195db5b68a133983b5b454	2fdf0c0f6fa2dcb32bdf051466d93d79b1cb96d1976cbf2b6016bfeae55c2c1e	50877f40ac64233dfdf95999260114b6f552797d36aa76402fe8ac1389b4db8f
435	a8c95a2d46ad89f59cf90ec2e886e968607ae3caf50f552d792269528272fd97	00bfba0a32fe35ca705ba827e1829b4a23bfc90c0f2a78894fef26a3951a7964	5ce34e66d7f2880fd2e6b7d324e31326da5333affc051b59599f3fe911edea99	3afec64027e7b7d1062933f8a766aaf246c668f6d00f470495be96b2001ba2cf	88f6efc85eba14ecfb00450f60532b7c269de5dfd039b97a04f3b8acf90930d7	db124a8636924305c644498354dbb8f33521ec7aac1bdb22349ffc98457dd0b9
436	153abbacb03684e364c4442c5b2e8c0e83ea2190fd8503dcd4ce33b639e0e9fa	1a809d327c35404a474ea94ed285d6c59421c387e7aaa125b94920929e7c435a	a6eee5e154d55b027eb16f6372939c5e7fe042fd14d6146f994f3f05e4f664a3	c295f3a0bb0b98fd7f6ba693baa1b64180efd51f2f6c0da1cae324392b779a2a	84ae7c63fc8d308e78ccd25660dc31c08913639e3336517a7ab36cbd50f2015f	499922a694bf3115040c4b792f75ca264ea1c9ee974583a3489709f943881d5b
437	08519f34fb526277d9d6a8b6023f9d455e213b3f36c1b66c91790ba8162d1cf2	68a914c5857b98454ed6d6ad0350c44e9b2dcc81cb77532a4e726ccbf1be6a61	1ef57761cde235ebfa0f719ebb62749e131367ac4636802b4ffb4c2e8fe8f7be	2950a1940f216b887b0e7f97137eeccef90ed461ea6571a7d5758eea1679030a	1e82767a26b8441914001243d10260e995e5e711375005c3e8c041fd611026b2	1462f1f0e851ef6b671a396991391ceff4eebe2594d1ade0d4420cf853b9e45e
438	c513c6d9ec86ab2410af25c3922002b653727db16e2217eb800e3379331f75a0	36d121a8e802cb8066baca5fc1642ceee22e30fdbf0968901ba81570db044d58	72f638f4238b1dc70e1dc435771c34bf7dd490351aa788297d3587308497420d	3466d6fb78bcb4c8c78ddaa0676ce84dc0ed466dc92087f64ed34487a082813e	4cc037697a6fb184be2209a6dcd0874065258a30ae0d65d824c8862ccb924043	96a66a271a71c778e1e29db7debbb9b8c361fbc6b875ec17701978da5d3c625b
439	80a4856b22fc76cf9dd55ef62f6c226f818b31491f377b99a5acfa5cb30bcdfd	9af1d8df21e0aeeb35ba6f5da56a8e8039cc50052d7916872c48f4284dc725c8	9e622af7796c8568ed071de4128a6238091fc792a95e9e7ab4f7c28710cc8e1d	85ce73303b98a0e0ab48db86d5642f48c30c97c07c151a18d722ddbc65715826	627900905f10d12158b06a4c47efb212d8c0164d8132cbf93e2a3002d4634c90	2166306c09d52c6831ccf2dd122d46d34e039db37daf1af27e9c6e7e361e126d
440	6ae15ffc8f6a9265e782ced1157e943f7bcfc2c0b278c7ecc5c89a90bc1d0182	1e8ff7934d7112ee8e0ec8fdcfeb66eba655c8f5837e3e39945bc58968636730	5506589fba2b3ea283603bd13c34361070d174afac4c06ad8338f3554a71f5d4	876a8d01b6966c7377f9c7b5985b68406afa02f712762fd854932a7465819b23	283744dc6b4c7d0c461a14c175ef92eaf772d0300c07e70824decc7854fc81b1	ab417990c033c2faad52e8a47142ad276b6592fc6cda1ae8a14bd3a43eb4f9fe
441	7a52085d14ff7ed0b6d7f3d66440d832d6871790beecacc8da1571891d195737	806136ced058bcf6fddf5a12a177538be610a80c0c285952e206c9dba9b08648	1841fccf8ef42c5cf523515dc3f79c95fd7c4a404ff26ba2122e71c7f131bc10	7f0ad7b8128f2fd23c327391d9d2b2e0aaae99f4acd52ef8e06711f1e8ace934	073cad811e102884ee526543321d3cdfb6375496688da2b9f21c9e62d262c7e1	c2afef4847d0030c5d1298305b45df14b1dfc02cf4092b7451c035073bab4e59
442	45a5b3ddc84e02f3decd396566c9de6a44287a855a0a5f2d65f88381c553ac14	79f769cb58985062f1726e6686579410ca73c4f552793a823250ea7a67765ae7	b30f1b4333f319e1b9d6b90358b622d3d8c1d76b2075dcc511d46fb824479c35	a2ed2f8a58c4c6ca06bbda9a2adbc4449dbf00fae6da54f43d5509a45d2c1476	f3802ba16c00b7131510687715d869ce87dc0e0f9074db79cf71fa0bace9b6ea	ee91bb0cab0085a7c9e852f8d0fd89ec7a153416732ccd76b65c5278648d7f5b
443	2179ca533a469dbbb75c042ef970562b6d050afa1274033e111fd3b1c8bf4376	19a508e0f3770f79f2938842fd51110a311e7a60a0747af3469a66847d6c4f6f	7a05b4b89cd778123c84e968113ea94f1f31c5997f4f8c9826303e97687d85d4	992e640faf642beb49402d53da745a5767dcae0409fba44078329f86943f90d6	af3083ed5a889e651bd594f9544573950c641dec0b664953529016b4d1c4ee22	22a1c2b4ed4ab5ecb3704862fafe04147b8e6989cde317e458224b4684e8f9d5
444	9e4d6bfdf38c6e14ca4c7cd1d79775af6d5d2e35367209310f172096064dffc7	0d7b455f43baf833bbff6d87360976fea020fa5e799c6ccb3e3358b8f45400e4	6c230a9a7c49e6fa6460091958c095fec30bd1518e6f34367ba888a1329eb368	17aa7081a58115e16d48b097f6e11468432f2fb0627a2b319882126c12924d02	474475367fb44c6fe5db979e2835b0fa9381ad59f97ad84ec33b8c0313459620	66ac5c4d922c230c940b783c7bfae476b4a8f5eb23f684beabdbf0a59d2484f6
445	1a5fe24069e0dca00dbd6320b03662f17586cf70fb4a053e4e9aebbac21f894f	4d70648f41f24c2e1c1856514e7d938a8055ab930905cc4ae5c263c493df881b	11e572f578d41b41cae076c35b150ce1235759e5b024c798256d4cb466468649	392de9aece1e4cf2316746a774461e3daeab29cff6c48b55811f4790cf3758e5	d65b0661f2d0af1623edee623dc809f8e00997c57f682d4aed87167ac3a94c83	3460d2cdaae71a0633cef8ef1f1f419fbde25c728bc9cd86c96ea55fdc6b14ae
446	9828fc139bc57fee1b1a9821ad0005e719d1d94b6dab64574ad0d3958f7a4f48	44b656625b1033467a456c94a3b721f68a665ba5bfb6900992b8e146c9b3122e	84dc0787b04b6d055930498404cbcb4e7eccfddd4eba013c573dac71f982d249	adfda2a2752d80b54606579be5d1eb855ce232cc29f1c72a739824d48390466d	001af247c6c9433396fc05768872e697cad7ceb0502f5c066b0235f6d50dcd7f	7e3533acee7700a6fbb55dc20616fcf464eb1522ec9eeb7daf2f5fd9786e168b
447	394202af67c1abf45c2bdb6fc422ab4259aa122c54fe8276855e81457cd42409	e4965a5b5c716d4604dd216389471f4d66c347367b57cbf0f5316c7e9b339a59	d5c2edcd6b350474d651ee059f8d502a5ab3e13acbb20388b166a235f3dae1b7	2331a89903f7edfcb21cfcf9a13374cb973a98035a5abdb2f1b0f0286c5fca58	0a36925475bdadbe906fc09fb903fcea6787a4e6a6d0f5fdbc49ab64e7988d7a	a1b9fcff6a4bd7ec7b54df3b9695deef23af4c2d89d7ca830a7efa75cf4f40f8
448	977eaa63ea80292b01b75e18a96ba8ba68dccd34f6e556395102ac87327d3de0	9d4efa2f1293fe9b6e9685dfdc2696195aa763bc8520043856a14b3851f0f41b	3c53f32009bf7d6c5c0ad206a39cf5dc2e75913aa5279a8b61a22c19a7056413	0a0e9b5dd2f179b895486f4d499934e907640977b2dff7f473fa26f47df62e85	c74a43ce701e451236a9e8adbbf2dca0fab086b0a0fb621ed205b85c0b4b4885	42f1044c9dfcbc7cf311968ae29136eff1de60dc7330727918e492a5425eb2a0
449	2ebf419993dfc2bb5d8fcabd471806e8fe8be5bc6fc4842ce8a0b555d2a5504c	5acee8f31e77980603769995e485b33825c109e1a6ea9deef9cc7c5008ef9b01	14fb95d0efb5f3937a097060eca2dec1c52306e0ce0aaf036eaa2aa519b04ce3	e545f5123f08abc578f8eaf412788494d44da0115fb41b7c9b482342ed963a5d	d3e0c065ecacf4cca574dbc4484875fd05e685ac4527c3b1e3db5972f0718136	1a32cc6b11e2f0d8b59073894bf17c7d15df86354c7dffdeea5dbcf7e588fdbc
450	5635e112aa111c425e8f044dabca0bbdc745f735363f7ba2c6f7776508054c68	416bf4b7fec72dbeec956ca1162114a11f119bdf1e94ecbb71d9700776d99426	0dc141537d16cfd47ca0352986fdcb06928ac139bb406cba11bbd7ec13f16caf	4f6724d381e799e594ec7695eb56de845f26844d86928c0a90eb1974b159e8a7	55dd8f95801dc798094c7fe7dbb618bf6618d17ca871c34f2e33dc7847837714	9647785102bcd74da3a946a2b51b2d1c8f175c5c2b8640606ee3234451b581cb
451	f2dc6c5af8ed748cdc5c86986eda63b8c6cad3a7a2665475d8f1297d4b460418	be90459f0e2a33f5f09f8039e3f9bbee78119a21c066169c5beaa4d7ff765d55	838aa4fc69d6a752d03e8401a92f99c90620001ec8685b33e3e9088b6d28d48a	9afea5b11e661dd87bbd862d704241f7cd9065f4665a4a9582da1dc94be90370	9cc4671591c4da56e65ec72086f5dd616de5b562d9b8f0ddcaa183174ac23699	b9a78092333714804168a66e5eb8096ddc351ba08ae3380c94b5bf55848fb5e4
452	9075fee41af9d3b8dbd5dd54d35e81bcbdada9edbb683c27e606faed1fbe988f	27ab4481dce2531d838f27fb9b59b2b61f3cc5496a0766b474ef170fa5c30f78	41ad5ae429b342b4212942db16c865b85f2fe7cb5da885391dbc41da01913b0e	b3a2427acf64dc0396e8e0ed75e194c0ced1704dbcafb4a0fc72222158a0a31f	895cc17fa9aef8bb34beec734411f4388b4e9c4f8794122feb721599cc31ecd6	8d45b7caf424f44c91472788448ebb553a45e85c7826992a873efb6305e5c080
453	f15997e78c0cd042a5fb8d665d85a0cd6218b0154f214e3e9d54f52835abdc97	8e13a374f5b46734f683e7c7f75bd6f17ddc5b6b3560f66c44ba2663df1d6cef	741a1276646d0c8ec74f1b571ffdf100030743fdc5e2d9d1b6ae6b14a8c52a70	9234554d78e4cd2af10f8d438997c51a922d85eefa3f06bf33309f9de484ab48	6c47c53e6d224adb185cbd2361010bfc3f5bab40bd319e5e23c7fdfea49edb5e	f6b8ba3b49b2167aa16ae8f0a873b2b4ed1509c98d6bcd9dddef17729cb2e6bf
454	1aaac676942e031ec24bcac805becba8cefb81a3a5a53f9af7d3b71a04d06fcc	e64ced47919c987f514a071ae76ae598ffad513ae2b95a5a6f867ba0ac255839	05e9295c5c6ea442a1d47a3a51ec8513139abdc7717306a2fa56c7ecbc3e4647	ad552d72ffe365b798719852510824afae42972da36532e22e10dfc5dc02a0e1	dc41f8af076fc744a601a743aadb0715bb7e7b54397cc42dbe6d7fa45bc468a8	3588129b6f48bd30f136ffb007d07b00a6802289f51ea651cc3b8fee868478ae
455	73f0cc640689e3012eaca1ea38fd59d9ea4753ee552c8df50e12ecec36e7e6a0	aed4ca304a346e42f123cca2620b33b379785e8ba419ab61b8b3cc9aeb91d36b	321f13bdd5c600c7dcce72909ef690f0dcb3432759f95337e763fbd3ad501160	d726bf176d82b20058bb59e2609106f0f1cf8fb417d6ebe346e3795cdce1dbb1	238bffb2754d9665f85dfd927b27abb48c75891198b6009487e78249ca055443	f6cf5ac4ddb7b52ae12130d0a0b577b4d9ff4e4b6b4d71fdf2d3563d4523c53a
456	125f800e6783365586fcaaba09a56266fdfe104f58fa6ee67a0a7c398b21de0c	ace3985d3d5f59cde0570ed084ee38d0db2805dfed702384bf76d821b5ef58a2	ce502622d9775cabebed52fe1cb1cbf5000f648c00bfbe3924a9145a950807df	03adc78cdbce331da698841f76707500b2c066a4dac87a4ab97f5f9060f6abdf	188be0472c11f0bad6361c8f3b8a68b3067ff4c0e15654505c6056fbe37cca12	79b87d42caaae90f61b28221612797cdaa60e8800de3b54755edd7c29bef6770
457	91972091aa840d932de6c8157ebb73b57fb34c20a26dc501e0b56a56569179d4	9749ccad06134ba4207ef061aa51010e33a29a2df4aa200fefbb4df4af49522c	03bf25eaff21aa7b77e26a95d70a46c6f62d1abce2bbf08b2855396c10432dfd	b55d276505e5b9402354ee6eb1be219e6a71796d56b1be64063f24fc1d6c71ff	eb33c9ebbdd99535c86c7424b8f020b1673b64576caf48af9a4c55453d04f9ec	d9d257558ac2a4b20066cd3672dbb2f14c54cb82e752e163183b20485769dee1
458	c99dc442365f525689af84d8b616cde8607fa2a38f60051de29ea13a675bb244	3399ae4b77b51ded5bd09c7c45d8d0146731ee24b31b7529ba8520404d8e7024	9f68d06bd1e2bba7c9226b4c664f0d973346d75f574d687e5924cc04b86b1e56	9ff4197a0b9d0203b7b8d46fc1c6893f4b67a47b509e28c728ae55b78387ecb4	d42e951dd71faf940a492c9c143c11c01d605140f3b0f8bd4d88f311b0b54813	6e4db32d3dbc219a55656fc46f5d240ba04496c91543aa927cd1d8a1c5507f89
459	1e40dbfa7a777527e837d68ec29c86e882dbd2d6bd6c27e4eadda54452b7899c	6ddc545c3d7565877bf1f95580ffa64302c974175a7d48b7138c9505da7e3854	5aa6b78eee1b1df0624dac97120c77ee1476529efc28608db27b465e908b052c	d023f512433fc62602f23b2d89455f29416075744a01cb043a60ed4dd2fea7c8	ab16eedae4d2f3670d081ddbc660b1869c8ef27b02e1ecefa764263722bc9b02	188e441307b2a9305d49b4ec54113deaab2c55697a470ec3a37ca0e21e0b4f05
460	31604fa6d0b0148020c2848d263877712ff3d9143473315516391209160a9d4d	6845cbb9947b57df69c8f69c2f449345d717b55d0b2f1278f85d6abc0a864849	fdba11963cf16037e67380086df634d8d2b9b18a1e07fc040f6e57fde3f2d672	7509ea3ba69643f527d96e3ca7ea5ea22f5a90d9025b554581fcf40c707329cd	74042f148b6eabbcb692abba4a491348fd967f8ca7787da6f8f81bc736e45135	54cfe754f5a82fc5c0ce26beb7ec96aa25be04f3a6296cde5beec384c315cbbb
461	18de505d297ae1daeadb03da836395798e3bf2bf5aabbf839689f787430d8678	17d074f3f0d31b297baff9d7dea0f0036c45cf1fa0daf8fb74cc65ab673a05ec	02a1d5b0d826ff13b93f0028f8cb71dbffb16b7cc32dca576f239a6a015ef0f0	b2866d2aa7a90e1d2e309bed8e68fa08efa9ef9d916e4dc4f681c213a03b0036	13e4587229896c599d5110b33318e6721b0dd2f1d27e495f0d75635b09d858a9	4d20e6767654c381de6f6ba57231b73b276ddbf2839b368199375d1b98a66290
462	7ad56c0c559f4ae8c07932636bcf00e0b99c5dbacd51b4989948264a63cc9980	6fd622f2f7e1ea4addceea924325e4d4d255787d18276ed7674137dcce9c7e7e	588ab11e53bef9448acf039cbb52d71a353ec229b8700bad1ece332cbd512af7	7141f8a0b50c8f513b3521c235e53cec0ff4f215bab8a42578100e7ff763ce44	3891ad26235e57a0abd8cbb4f8436e7f280125b1892c2e3421fce40e741ca6de	19a4b7b5b35fadd45b18d336184b263bb8b2e2ec0a8684ba51bab68064ad14cc
463	b7bde0adece58e67818f50aad485837888ef03841233e4abe427214147413240	6b0a66b026ab4ca03d0e84a5054da018324807c6e9abba486cfe46e04f563495	cd03e53419427c812ee52f87958fa4aa8929b605e914ea3211a966397210e9f4	f72cfe7d2cd256d119a5af5c060d77edae264c95c5d179f32d314ea78450fc46	c034ac7256693a3474a91d172c9a66e2ace61a432a291d792bfab84c1e2832ea	dd6633205f28ce2e17d384fdc4de8f2d715ea5c3306735585030d7c818c644d7
464	0051998d8c966779fa17a4185a288916cf3f2cee4e9605606cd8f5601a730284	31f8cf1c4082028c843902879a61af0bf929a199498308c6fb2a9429d25080a7	3f22ddbdaedc370ea68543b2e6b8f3dfbd227dd0916b63ab02aefe4ebe1796fd	ebbd4c251f69f1310cb1db2ac294c1f503ea387c20f0a8511759f143e0be41b6	b0c7656b395982a32713f6657618341708ebf505e5ca8d9fee2c048f7407737b	4ca09eef525c0d6c1717321bf8a728dbf5f88fffa7f936707ebc5b7c299ba041
465	155ad51c06b901f3bba5021e7a6dfd032aa76c2fbe0e4b3ac1c7e1fa3f0d23a2	cb56e17d63fd7afe6486a7114526ce91a2cdf18a0acaa25f0197a9bff0937ff1	0a6e4bc0f7a0a907d1742aa1d2359d7bd5d88ec3f6da3206993503dd959b28da	56ca6ad914ebf837c97394d5f826a1f3aa3be35b42e2e473736b7b1681cc0c61	fe38148bf81e3fba20f34f6b5ef7c4a0ed573ba76f45cc60238b3db4040f8103	9095daa047fab652caaca0592a0121d147c7f01d20adc7f45800f20e17a23a85
466	625d8550ef82e5c54a7ae4502d596e353f8e881981d6ebf7dfe283d5762e39a1	4f9db4ae6b464f764b0b6cb7447dade8b5532bd19d222bd92642a54e4d7aa1f8	10ab4ac26bc8ee3b11a6ce459abfd44a8f8e0792fed983841f38ca2e14ebb677	30d7c772b1f723cbb4d7c082d9b4f3ce9492a8df8569536f3def18dfc97384a2	3fe3c7ad81a0318fd1586a4064f0c310ddaaf62d9cf077d4e28e8380227c6d7a	570e4bb3a4aeac4e349ef91952eebce8a5d6c5ce5e8c7f8c3fa58b0a5ecda470
467	1f087abac2802f3a5f089d1fea8a7833f5d7a52f17b7c2a5ed17131351dbabaa	a8a2198786429505e946867dac6771be9ec9615293634cac935d19d4571a3ee1	e1c5fbe0e70db3d5224c09e346c86863553c44a91d0f5aeca33ad097f6a4304d	d610d4a27c276e604f99430d7b0c6b3dfb281e9849bf56938bbbf18e7c4eb70d	1302d7d865b22186935f13d47951227c622e27f60948cd2256226eeff6d0e6b2	43b4fa7aa3676815d08f7b67b752f8bf6a71c1097e9c19c98eb019846a011eaa
468	5d96c0c3fd218c12469da1adc129434412257f4ae5fe4923a6fb02e532cebdc1	787deec1f236ef3a1dc53b6682ccc5cd80a1919acf5f2cefb342ffc864afda3d	6426c95138499a7903dacffb5acb727fbccc2b94fb2026cf5341b89d171c60da	6d684f10473611decca524e5617b461a24fd0e2a4a530041a1f03ece4efb8b40	7e8dbe09b78ea28688f0f8a39ffaac67cceea42347b8b653368d31a6f56f0cf1	aea6a376689d82f045c180adeb3c62167c41f6b8b174f2f5f1f1c1c335fe2f7e
469	d606fd4074a1867bcd3d86a2c7a0d8b06845469ec6ac62814f32c87f3813970a	7a9ca14a29ca919c15920c6aa8811e72c203894a1f454ebc534e5ba79fafc06a	d42a96fa2eec6b6a6ee63fea3bfdaa7c8af0b5c3f3b20935264ac3f3f653a7b1	4532e0ee162b865b14e6dc412cbb7fb3b781eee4a7e6aa3efa48cc50218ce5a7	17d96dc6a7623239b0702416e900ea6980c7e1956267bb7a3164b4915cf351f6	e2b80640dba9c79f59a28ed608695972f1d48eeaf068a611a0ff38e599e1d4bd
470	c1bab709b42f1eec2de7a8760a2e4653d578fc52ce61a1c860f03f387c915365	0cde4c76068e07eb0656be203b1ad4940ebda9461443f8cbb0e4049d7bd7fcde	934a251a2420107d41c3868cd573df655a657f2e1bc08617037d3b7fe7f41046	4bb57574c8e8c9314a6c0fabda1a8629a83c503e0ab8e57e8eb4760c6a4d7f11	d97a3b199f1313a10076f8aacdae3c530d7c78058b42d39454d6030b6a13568e	eb8f6585d728538809615bb6487ad94a99e26ea4d46926711aeb0c39d98aa968
471	04e7b4567206a4e1e509444351423416764058e5fbad22e037c3836579358c46	42ee9b0d0ba48cce7c03a9eb916096e6a81f34a7ce78926920bb9a9d7d8923ff	f4f2adbcbb30c0cb39d62ec357159e3352c2b80157f74dc70ec4dcbad95755b8	2543d5e5720ea4e97de57e74a36e237371392fe888f3e551225acb8e57b8ecab	d7cef451a5e28bcb4f992c69a258facf74c2a880de16d6dbff7a91c41c44b56b	39b7ae60a1f6150a160285117d909d66ce7144097d3dc6de3b3e0bdba26e50d9
472	20aa8c22437d497878499beb559946ca7dc9133374452aceeeabfa97f6b9582d	36110a7c6822eaf97959658fd4d5706e358da0fdffb59ae705c5de6724b39511	d76b57e4371f824a052a13d18bb4a137048c55b88e21b421e4d839e047ef8fe9	f020833fa4527b7e4b56d203aa208617b2dcecdf0038f5895a3bc4225baa9ab7	b4f8a8e337e679a9a5d12e737464941cf980e8c30607ba9aaff072f90edd50fb	464bd7e5c545b96904e8ff25c10c92ab19fbcaf1491046472987f2e71baa2cc8
473	2b0cfcd917bb21ca69fec53124b429f8959269ad5614cf33281d432a12d15ef9	5715c51debf08fd7d45dc5653ad1f92d778d9f588fdf080ab130a767122fba49	db1edbcd77934cbc664ea7715f8b985cad0be6446c0388d7b59159bd4ad5471d	25814918443032cc4df5ac6f376e88a457dd048bbbe4b0d764f9e8eb8441233f	562283199d34ed2834e6fa274c87c01f7d8c0926a5b39ce93a989fedded1c53d	91460210eda622073f5719cd898b53df7123f203fba6c8014ee02df4117d0631
474	0ecaf72505cf501a52fe8d8357e97a349071b98a0814d010b96b6f47659961ee	c0318b29d8abf0f6744ab8ee91e43fb313a0c7c7800ea45e28747986110b76c5	fd8f9b736bb46451f11b7a45fa66def7ee37f16fdebd311a7f06f6798791e829	30c87068fb50ed2ba861a8dce3165bb0ca24ee6fe0a93784aa0a0a33166dcc0d	8e5680f2eaa9f9fc2919fc3cb7cca5ac2bb553e7d5effb7ea4ff6130316d640a	d59db446df6fb36de89d671728d613eff178ac9f60c778318b54b2da0c8e0312
475	0b4bfd0ce5e903d8aecb9b4067b549221011dd05ae9b113e468f0affb4864415	74cf508072b9247e91e77c9f68847907e66da1f1c727467b715b1d0ee618868a	72a6743cc33e89ad317ecee947c94181f417b00a557330302024bf3511c2db48	f36f2ab5f758b6a09197516caaa6da9ed906489922682e43f67a610fa6588c04	e272bedf81445e2a080ad64ec919c066dee4c16238d5ebdb38bddf0ff4faed61	c38cfd60851c179b7397ac27346da816c7bc583b4525ae73ae082ea2e7251540
476	eafd430d17aa2c374c0fde9546d2186da0b92703cd3580469a1862f7c0cfed40	099e77146839f87b768bbca559ceb8099fcee3316936b4a8bf98df3e84c02911	96b75d137505f635592d32320a10ebf483a975cefc276a83887e13b58f5ab057	0d3ff4e80813b627b50c7fe3f06a1121103e318b5623c1c5c89af4c77ee3a937	46631a4cacdc7f5a539796ce25e11d57214451740aaabfc44dad17d83f59fbb1	1648fb733f45e4d78352c5e3a78e012c90b02dd33fe07bd91742348251c0ac21
477	0e64fc977c04f0310643aea74af3a786f7e08d8742cda81747ba38d8efffb357	696ec87ffb60641c5b2c6876b9f6a066314daa163e0552910f29bb61cac648e0	cbf20fed694f21f1bde082618dbc72a0e988a5724d19cae29cece7580c0a4d8e	5bc695a7e2897bfab1bbc17c98947a623e2e5ff56b03ed3bacdd9b90df5b041a	66c2d9b2fa7edcfa71c74e7fbb7562196dda202dcffe9229effc3dff1549f325	a433bca00944d4d91999c44b06cc27f1dca2370f7fe3a1a1231d131c95e420a3
478	e73c5a057282d37fc785adb425a959f7ceecbd46b4bb2e3a5ee46e5dfccfcff2	9a1de4d1957ff8e728d1cec494a5fa084e633786049b69d9da2d6e37eef6314d	858708f237ebaa49740f1a60996fa936a46f0bdc4dd3f78861fbfb8118429d91	0125b91b4423def425fd6946e80830b00705c31e2037261c55761a467c203d59	7326b55faa605acfeed0366ad81e0d6a1c1da66e3923eb76c60f90d81f749cb6	27ccb21e52e804ac4aff3c6f2c771ea0f2c1e265577717789e2c793ab51a9088
479	6d8c5cc04ccb2a1fdb69d5919a7245109380f2e457e7096882d3b85299c5a1b7	5ac4261dd28ef315d24433a8155b2cbcba0590d3e12b636d6ad9ddc2aa47ba0f	3c630e03f85661ab3e9cbe3b646805ea5318a3c2db1bde474b26fe459e373767	7a39ff2a6d4f97a38c08ebbee248d95a43063de040aa0e0399374fd3589a6581	c544be3b76c424fcb1fdca29fb192f9c199e2bf13b44d6a0ec0d3a17d19c8d40	308263a4b6d0c6a24b478e8a16307d335d22a154d50ffc5eadbbb73316da1bc3
480	0e7a9ad2b8a05c25de1dd5838e1a1e91683f4ad8d1c24b2541c6ff34d8964a38	3fff45ecb57a12c93739cffaa27f0cec0d2a4bebd032f7711fa76c6ffeee87e9	c301d455d1c607b0869a1f45277ed439ddcc967be20192cdcacadda8a1e323a4	2a188c8690531c0879aaafaa144201840f8ab84ade37f8a5ab5dd32059d6cd4c	1924a6d687a68062c2ab238605a41dcb5df3bc732aaa58fda0b8084fa9b684d7	c93f3a98a8e4365911e5c812e9899ccf5109fd5709f24c2a929701d90c507235
481	b7e488ce7611eb60b56b7032c831258350e2c0e77de6a9ae443ee0c180296f4e	146d10e7945b4661100b612095c0875741d3dd177e009464601c8b8947c66f6f	cc772f5995ac8ffa930ac55e829357cf1c00dfc181911252d5523de53edebe46	27bc8df88066a84d5544db2d47d7b541c7a10b4a70e7f98fc773d9826e05b713	6a5520de268a78f0cf93ed3be6dc7b10ce2589911f8fd8e4f337535ee684d729	fe8f857eac9dac6f53b9e861b2be9596447b52c65dd54997c5fbc364f9e02a64
482	d21812fee0c4de891dbfdb46de3dfe869fc242a85ce353a742dd1aebdcfbfbb8	05b45b70b875cf03a337f4e95a42372471d4d7fc466c8784c2d63d2947275f8f	17546a9c56b3662241760ad06a2282bf009b1d1fd5a53e7cf38fec5118567829	821bc77ac9c1a00abe83aea97ae9a5f30469e51c58cbe128a6830e38474e83d3	90e7e7190bfc415c37e7b2698462a09faa1f7d9974a37cbc9e2936bf52241f9e	4d95798772ec212ae0c5a55789d03115d1602db24ab514ed4530cfadb94d08ef
483	48e75f6e159abf39c0bb783ef986a748b3f59a1e9c78cdd89be753f338cab536	d05d609b6828e2a59f28271ef908a4e8787571a1ed6b2816a0b9f1699cc41f9f	2b2313b460454650024ad6d97e188ebd03926879d5ab07a986ab15d479d2242a	4f886c3fb24aea166611f74fccc817521404ebc8661926890be2f10af1aef7bd	ffc8058248a76e5e294923290d2b5be2e3117320dc4b90e9f71997b345344ee7	ef27995b05353443813a70f39c49a73577801ae7237e2157f2d8708ceb615903
484	6e297c1d7779ef1b3bf683b7c7e798efe1437c42174775582c7c016cf6494e99	39c1f93693105aa5c20069c4f9718edac639854c4e34c40732e320b43e293348	18042fa4be39559a078f6c0a0e00801d50459608979418a809d315362fa16bdb	22ab8b2f66af5f46a5d18ddcd9324fb0739dc1d7aaabe4759e15c1b9fb854c2c	c02386fecbf6bde4e80e7076c700b7c19b980abaec2a5c4127344c7b8c419b5e	6d0343f7c28e9c4914224807b5f3caeb52f9f7214ae190afb69c1e5e6fab49a3
485	14c2b37c85e9f0e061fbb4cb6b197bce419ab8fe599e55edf7832cfaa3c6ef1c	aeaeca9575c45b43337c9e2f6c34b0a0eeaa3fd63adcfef6e1e143265e8e626e	ac7d0c0070327fa2af9346682c4263da4fe36d1fff2e0e677661d29da772fec3	404c20efc5c8dd7e9ab21535699ca8dd9b78c416895150dbaf6b7f54ede54585	8b7b1ea04f2915b915cf0d14513ab3537d6e3ca625f81f9d61ef35ed0c0c9d2b	de3fb800c6f99d7f37c25c947a2b75279314c07e7b81a1f86ca77d653ff9b7e1
486	95f851230ea72760090ff4be00a2306d07243d1d5a2ddb6efbda155e998eae90	6de95dc72e97bb7b91c2fb4dc08ed3903be85f23d3685b86f57f2992efb45dff	2ec0b281d21a638e66b7a933c592fce118e800538146867ef99febedb91a1688	d1b45ac36dd18ae2366179d4b59212f1c52d9027843a834ebaf889cb1e2eb4b6	988e7f994e6148686934352adeddabd8ca93dc4a063ed7db95850280cc7a6f8b	b9cb9d5c0af4150da7bc07b5dd2441d37b210bbfe89d6633f6c73e57fb87b91a
487	b3448d2048feaf68080a775b722d6c585078e5b0bc141b03aa6879daccb50fa7	348a93f4015b13e8b76465f07b37297c97f8e7394be142fe06e4802f61c930c4	ffc08f7538cd80302e2c45d79af88457876a12a8ec2981773a803f460f5a2010	cf75656db4a3eea3ed1e167629ff5845def50b7130d33c4e4a01f2cf84cb2918	c22942725754b9bba1ffe4584dd0567dcb9789564559c92cfab4db7a73240b2a	1e65f7970f24e2c4d15050be4f2b53c51db6860870bc67704a1f770e3aeca453
488	15255db922b530c8034d164b9c4fc476f9e5037ada61eac2d8c2e8bbc3caeb85	c00ac891c8540213c768ff812fbefe3329ae8fab391b6e929202e1dec9cbced0	c05529887ab4205d58449370eb58142665f8593225e99f87ef6c6f0be7c0a21b	b2eead54153eeb5a9ea604440cdd720a18b5ef29ead202a21a65235de20ad22c	3c568c0300dd7d030fa64fcf79031fd7dfb9fe65eec06e37a09d02a2e683ba54	c8659bbf7a3bd8ffe5cce11c260af8555b52430549984ef52ded28b479608a38
489	7f9ab37dca8b4395a5717515e910f9a9684a9c0e86a68a70b3fc5dab51731ce9	de8c9694b552897c4771fe85ff555be3c32e80c622f9ec0799192af3748bdb05	67cf3e403f6ed44163bddc4c4006870fd570aefdeeda26f2765df08e83177b4f	83b83a491a1f5afbfdb78cffe3fb45775add77e69ca0941b88a80461d67c0430	500f4308902dcfdb2c767675673315a94f5d3f511c60c91977928b796f16e5e8	7ecbce2a28dd1ed614a52b030117225a8893f6a38a775e2837dd1c6f8d281827
490	28c264883707ad7df980aaa6d7a457d7e61308376849ea1b4cf8360c9e9a6178	ced5478389a1658a853774d18baafdb43e341c9943fe08affe04e71ff1a07a5b	63705698014022e16143704197abbddb1d035cc55f1ae605f0cc1d7314a72fd5	afd9116946141175de96206bdfecab55a49402810c404d18fa6796da2a94fd08	0ad21d057ca022babe710bc0f70e67d2e2d3ff5d79cd58cb6ebdfca78600f15d	2345c07c23aaff40b87f4c5b462fb8a8b8605e0452aa78621a4e951c9ecf8935
491	0899ea6e2a7786394a1b369c21975dd7ec8af2fa12f38660539af982a53688b5	f57c7d858e7f65e7f049e3d227ad747cf5280c954b72b78f59c3afeeb306ff26	446ed9f4a6d41342ef9ecf361522ee370c8a6103eae963f30f992e8446540660	38b4b12c247e1d0bbb37b23e748d0994e5a379ea657eb36cf5d87f4efd219420	5fdd36ec1fbadff021df8f7a6bd70c769d724fb56f7adc9df31f189dbc137758	bb86fc52360858574d60142f1834532701dc1571f111186291b562a260d7678f
492	d4aa1cdbcb79fddaaffd653834d3cbd38be90069f89bc70be0439c2ea9468b8d	3ca66093caeca7e0503f431dbf385ed0cc57b1e16b953c81f8f8f6da193fb76e	ab1e97a56123f39c83edf292067deccefc8b9967affd881997fb462b51585946	babcbea568bb00093dd7c86383a4d035613b9973b6c85031afd66b505166f335	67538beef3a93d8610658c50b75f197807f6bd8f621b6a0e9580ad293d2b91b4	1e51df832f8da3c038ced54ae64480a56cff60e14b0e41df35395c2dcffa62da
493	939823c2503d441ce6ee55d6ff11dec8f87ade0caa3b11646bad637b76f32d69	58f88ba4ca09944185a60a5c6e49645fa4225921de7e1434611bbd21f1c0a047	fb34a1746133b85033ae98d8989d2ef040e19ee27632a73bf5472436f82d768d	0a452ce42dd1e26c838c8b8a3156e6a7d292970b39e63df25c723784f68a514b	c8bc58de017f274d696823c21370a9936aa8cac11b2f3a1e1e773bbde3456b81	490d51f3df2af3db48d06c1a1a5392848c9533b93973d8b5c5e12e588141cc73
494	3996831e4f874d251725a3960fa9beb206b544b671e850439d576276eecb7d11	d5c0fbd51b527d3235fbbd5b616b124b3463f823936d7b14db2e98b0fe20aceb	f09abbd381b16b33476c43df2bd8cf8c6516a25f37b739ad60bce6d471da9b2b	383f36d270b159563ea987afa8d779f1ed8e49d74124c91f89d18ae6873ed708	7118ca02a88beebe8bd497853b5a7e2ae052c38b4b3405cca75eb3baaf6a3bce	d682cb7af51ad24dc302dfdca463601bcda6c7231750e4662785beae147b72ec
495	642600162f664e59976aa3d3c90450772e624d9b7c85db162c8d26e20897e425	369b8c7333a915b510989b0ab52eae7aa2314f19cc30fbbfca4001d1908cda38	28aa748ae8a6b111f090873535af540a1d45622df3a1e9fddfd2c3d8c7bcdbaf	3e6fe4a183cbc062d40155a15bdcd604308c6c520e83336562df0a73335ef7f2	de166808569682136fcfdbccacb74f0046f5c78ac8d0b607fff83eb589cfd36d	a9b1a1ca5bcde9908a5f856e12949f96b263d7bc8762a47b824076d8bf8950a7
496	a96e5070c14f2681a168bc521f5129df683ae5f07615f0115b7d5242c6a4f389	4e0f0da067a39120d4fe0def4c8a8535b0104c9408b12d6a3d2ac8ae355a9ae3	b5bd8a8d5e7b908bdb8dd28f6c7eb57d20db7592faeaf83bb0e9e361b2d3b265	e8d35df49f967b6a830c1e7320bac632a8e051f6481eede3aa60b927971b1d83	c94a47bd13232b2eac0f3e003afec85a728a4d3aef1650ac5d4f9d13a941ee80	77d8c2e8ad71ea3b3bb07689889a622c160acba818a0848b646b36e79ace7b94
497	835c6216f910b5484aa3ba0e1a305c8995bff28cb4b7a2cec7259e3e5d892fed	9b5f579f19503ba7d2824e3b3f61d06a4812ac066e883bd15f47e4c42a808f89	4155944c34f34d51ac17b4c21ea3ced11c6c892320cd5690f3cb68342277c05f	e94b8fad5f43efd7e03335794b24aaf7ef304d26b32dfa38d92083cc5b4c1971	eb544b8dadc5af0d5eae6f524bb656a979f7431431d5296a526c967deea5b6af	dbaed7baed076ec5c7d7a59644153eae199fb7a4d9d70c864d55535e87a1db11
498	52bd5f30b448bc77f047ac18b49db0921640ae30b72aa564de3cf5eb1d832404	1c57b4f69ad07faee5829f19f40ca84a22670c1509318e9354d47e0c4d3614d2	90ac4b2369bbfec9db8e7add6fbaa14b93acfa8af2aa02c1649591fa6944ce4d	c2c061ce96caca81ea3a7efb0734bfc3b920085ba4c1c7a22fc7894da4be9cf0	dbbcec064c6364a28cff00ea41595bf0114dbddc0a0a2f4150740b7e9cc5f6f2	6b08b42fe6ab34d4a8669634dd288333b5a49fdece2791c61f67660770f4c203
499	f7b108b4d3f14dac8ada4d577481a8f68ca24d74b45afa8a8b9b3f31aec1ccee	61342f67af8fcf69dec7a3cb1e744dd5cf2bfef9d0fbfbf1666891ef2259f109	095bcaf16aa288a135fcef5aa90660a7bf63295281103d98ecb889a7cd4f324e	8a610a16caff5e002c8cfb958589dca33d208e4f34ed7671a0f066515f39acff	70876ee22dca9065aea5d5bd9302df43cd6b0ae8994833a8f1262cdaf86aedf2	45bc4f444c4d8de10a93660bad5daa13c5d0cef85241cf05ec5a2f67c09ca2b9
500	a836adca7eaace2413a6cd8781748f066088c92976e44adc14ba264f70aee569	826d0bd2176dd0dda842086e85ead17c74d4f40355ac7f86c427e309e07f118b	ff49df78586baf88c6af9341d5499a6c60e661ea979f66de5ea51bc1db4626a2	7c27f50dcc77eafdb47c95d9e8151742e1e85605cec82aec9cc0972a1f4d92fe	091746f138416f5ecbb3a8bba0bbeac9a2c0ef94d7f348c1cef5846001362110	819de8f1f942d053e3180f25fa5dfb8a2119e0022fbc07f27362f0f35374ec3f
501	e0e053736a13d8ae71c866b375d76e10ebab93ae53284b8837a1d0dc1bbd5f78	2a948a784397bc29f5fe102f5cb346c674197638ec985f5a764247403411881e	fc7b3e8b81aa4afd2c0d689504b25bfd835eef28431939509622fdec6cb96d4e	59eda77795f524effc60232241495b4ce2014b7ed5904effd31a00a820b3b91c	78aa49fea32780c1f705b80020a3c7749a9055bc7b2b71fa89ea3476e09972a2	510ff4ad25a035876924f275a987da25ad7cf0caf760cfdceb32f3dce5f5b929
502	337e5d3f141742c6cd97d6d07f20e3bc92057e7c1436329f1b0f6d697d75afc0	5ca61a3afa365b95c3c3aafe200192101ed065fcc387e29b0b609e7c72824075	d750f5a75c090c48ea64b06693d1811a9c62bcb1ea87522e99bb7aebb6037161	4c61720924d93614960644ad53eac43291bb0163b10e0f7997a2d6de514fca4c	208dc973c79aec480669caf0f4cf6dfc86fac8964c9864a65604eb4ce86caca1	3e07d11b65bf0c5df20c62ef1c825c21a21f590e147d1c1e4c397d4fed684f90
503	ee1b48a67ece4c49aedfa9dca8f0c3309839da1686cd3a8f84ef0ade039b4671	ef7a5ff35a391ad297b488c744cb563d407d8c29283ecff0d5397d86b912ff21	d60f845b8d505c287089d829f1d18ff306e8525a8eb5dd0354dae254cb839666	d8eac5350d562d279cc7377db75fd9b24cfe4d49a26d73f5c263d924a83873c5	182e41a028f977edbd44481d72c702f4a4c57d04f7e412697e9b9a86dfa9d5ad	80b7ff19078307ce2fe6c9a8a5208d8ba84d46df05621a67a2ea6f5a5a691aee
504	3c58781161089d974e3828c295060d18cc1325133d6f57ebe8f61728eb78eef5	cf0208c3cfd43d81a2432c5c5067c7ae904c50a36e08b52682f5c7a71d78b66d	e3db4abd272a4e85a2b20eed2be794779b86cfc53ec2528b5c11b923463e4042	5b406f33d5d1507ada9dfba3ebd1199ffd7f359c91cf58dac283f52494cddec9	f06f25f35bd9e75b6f3a1365a8aa31cafb184b5433840e6b6c4ca39dab0c8049	dbdc8415241d016b2b689d35343635b46fb9929e33f16227276138ee41059fec
505	caac1b31bf61efe7c60a398615d86945c7ce4fe2ffca5d9030b1a710640ee5a4	964e60198a106181298b7d7e40eea4dc849222f168169ee2854965f8297c6471	c47f3a1db3c52d7d4229eda3e34d531de45d6321c9eefd36e610694bc76ff470	0544c16ab245dcbff731965f2b83b76d8ea77a1d72d2893de33a81232fc9b7fa	de40eec403f323a681b5b81ff20fd38029e73a742665e804a7b281d17f01cc0a	e9ffcb08d91beb5be723a0bb3797599f41ffe9fd9764749fe8972e035d897956
506	f7af942f39fe8b54c6daf4db27ccb7ca9e5b98cc1195ae244aa2e57a56b61995	43139bf745bb21400ed1ebb06f65a6cec1f1307cc6af92088414598728f9fcee	99af9004e2912692a16450ae9c76ec17a3351ed54472ee672f42d614b7a2e01a	7673ef28905399536bac93b7806831d44d8b468bdad4a8e100a1204d53f74420	261909db2117676b3eedf3bc027857e9aa2dce1c222a05a3f90dae6cee05950b	a3d219764571e3e0709e16d895c7d355c1db6e3e73d85f02d56fbedc2575e7a7
507	302ce94345bff4b4ca6f38da8dcb650969dbdb9c1358831215caea0a7b079e63	027307e1c5e6205e26be39d19b72f92dfa24133f9a341c02ad6b4380b5dcd765	e6cd064d4e239827416aca4e1446ccb3f525ad68e450e01dfe0801456de5eea2	05d045ac86690315a0c663c76e446ebc51f3f5dbd2aced465636d3fc95cab690	bfe2b1a0bbb290e44ef2bd58d39cdf64d32b8425660c1658854f1a66e21dc217	79001152460347cffe8a97e1aad925526769acaebdc1320efebb8cc43e7b9aa0
508	17b7cd8c507397d638f6d43c8c1924145627236b878206acba28e33325cc6d4e	a75710484593f83165b168bd516efefe4881c4821709e648e3a4c6fdddc99a40	94ef66e2254a745c0e8aa180fff0d6fe2f5b07f46dd00266dbe628585f437128	617774d20a473ec8e315f364b6d1663d0fa8995aaeab5c6abbcf59f820673baf	6e032fb21bf261e97136f0caddeea1ee26797c30454a58b22486b825d6c263e9	e0befe8a1205db184dd35ad8d0fd9391904f9a01ed86be8e9ec016a173bc6a6c
509	487b51c7c2231813083bbe810331b6c295d029637301f712c6f9b8ab023592e0	2a7697892f83dd43eca0e2c2c7d2573e57459306d7a3ab2a95ed669ac8e235da	19416b608f49d624e8fff134feae6bce816fed524b92daa406367d463574e153	eb3ac445d7c2a9816e7e973dde69e3d7e871d4bf1dc1422e1d719be8c8623e19	ecddd8110e85755beb6c3ec5945cae04535d66d2b409a8f65d25452760cc0878	49124dbbd7c81d3972d89b6a7a557cde0ac65ea8962b9e3300a7c7c3e146f107
510	97fbb217b369ef28b4886bced6fc131bce2f5c3e7c5173b598fce42c337304e6	29ce3b056d5aecbff102f39bc50cc22d95e4ccde630233375d4cd4b3f49e8709	11e755c2b53a3da25d00122b31957a98ed1c9eb21e8bdd49f68f2663e332ef50	5cfede2a294aa00e98d30509c399bc80134bfb3e47dde98a4766407c693d062b	cca55ce431e59cdd473fe405a29c58212691160ac9f6a553eb24369cd5dcdf26	3fb5776e2512c70d908385f615961d344535560abc357a81f62a6a9da796442f
511	3306e9a68f7eb50b4ec1b6960a6fa3e6e2039d357091212edfd17f3eb92810de	1f33b30276c88cdc2d152b26f2aef2c2fc392da28708d4df81a2a70de382d701	5902117c26ba25851a3f295be7a45a3f0d4e4b81d1957637de4a67c42e0ab839	d01b1381f1776e2a9336fe14192a79746217125fc1d8c3b66806292f1f1ae1dc	a78117576063c6db660004fa949ad46a8b1cad001164cd2496ae6b89b7e7860a	410b079eb47d6c46241da276926c7e00e6f90d7b17e13e3ef391fb9dc87ae91a
512	fb82fddfb6037af6669fe1cbd0c220da79b5d3a68a161bbf430061d9aa34bbe0	652f2a3cd0253aabe5d0b64dfa55cacd4cd2f754aefb950dbf30b86cb370b42e	aa92471e2f223f71a33b73b003633297dd3314bed83824c89649a89ac0928ae1	59347e0d4d35de853aac4e42dbd6ea8d6dc99ed54c9c6497e4a456477b70a71f	27bc2455e2831e17e9b8d6a081cd1a3d50a6339205108ec4b281a46b67a859eb	2e318b6102285d556e239100abffa84e47271f3f9726a3d98507adbc3dd8acf8
513	7065d829db31bce46a444734013600e7e56612c6c1c916a6d9606988b7a99d67	ae27f349f03e1db622dffeed8b6f2052cb2bdf7fb580a254083ff48c7abe011a	a91e7695676c4e0bc0dd7b35174124dfb0fbe8256baf8f4bf79a2df7fa30a3d6	acfd1e9d673305ac817711ea7bbb1d54c55cd8e381d7db191aa56eb1bbb7e316	cfe6e1653291594146827c62ba2019b677eb983a119076e708cf1b743732b6b7	e16c8c79e9d4b4eaa98c763ef582f95643fd42880e0a5ccd367bbf865a7c5515
514	c8a908e9b09673607fcbae2a01ccb5c52dcc07fd452ffe8075392ef58431356c	31f8cc42b9bf61d8df3fd7636b88315cb36f8f8b3056b7bbeccdb669e0ea3b46	4b489ca47d989d9f06517ab4e6cde1afa406597c257518343593af6c046c84dd	f7725d77e5f15c39d9b076701fa58534698436aae32253e5a240a74e5756315f	3a831aedfe75767e7de197c16715b033cbc6cf670127f5c5c4c601242dc009ca	d4a0f0a6bfe1c29b36d2286657474e387a967ba53c095cdbbbcfd14e7d9c29a9
515	9676208ef89cf79e335db50d46aac46b93c079dc590d20a2c25cd10acf3a4a17	7af2555f8a01ec3294137b70efd96030c6fbcb8d18a867ffa80ef56319911e39	ee826e37440617b0cdcb19141a9f6a0ed628ba129ad90414b2bc5f6e33ba9442	88274778e0ff67fdc17cd9b475e5ab8b6d0e8e0e4554ebef9c90d6c4b1f51965	aa84167f27cb0626dd2fc97408ee20cb3602144e364ce24f03391e29d39a4715	d118ab254f56197716a7b6a09d832d6a97fddf46fb7386de60f97d5a4a774b44
516	a9498d6c22eaae7f6a55a364e8ca7c2927d51e69fd8675068f025df510c9ae1b	85f57c67e2c2a305f88ad1cb4aa73e006461372aa9469aff5793c5d69eaf5182	5042266dedce16fc1af8b8c8f1e2044c6d113a52e331e33633bbd81bfd8fb10e	4b2448453dd0ffef089ea60748760c83d09b8a59cb46a13b649f6fbf17640427	67e6f00467a9c0720d8c7cd8108dd3d4feeff32e64ff837ad27025cd1bb86c8a	19eed727e2221298a2efc14366c7c3ecd9edb753e2c245bf13b5449fc27334c0
517	1ee003f3fc55629e6a6b585177976216560904bbd2ec603f4f6dbe45f4a26171	e7461796096e942c54027b5159a77ac9c7c8a9ec45fe6758b115bf82e9d25a5b	923992b451c1419d64771ef7cb5bef06a01d813b1622d00edd6dec6a8e23eb81	129c6dd066f73d6c19ae4f2ebe3ad0d3b4ddbe9094921a93077304d0d2d17253	dd39a622fcf47fee2f59a8ecbf91be768df4fd9c13c61bf93ff33a6ca308d21a	fb99beb7ddf58330fc5d76adc7c790eaf76f3ea7e541c449883c622c4e064b53
518	6bcfc32e1c6c7844323359461ce7389df1bb5460401d8d4f0c4e9a843a03f843	d6287b20327ed21aab26b7a7dc7d33e6ceae61891ec6439c913371db3ca6aa5c	f20e64f02ef445644ccce5b5ebe972f36d53f28b061f76b005066d909f2d19c7	2adf6c2df0f41f30d2fd5cf99e5e08a60089c9c411893e8edeed129686ffd999	467c9b5847c65d2f44eb495cb0020184d04ef01a1f8ea04d781200fe802e7ed2	7754a3461252ff8e5f625c8e33f53754064a80b38e4304d2bb27f007d84ebc53
519	dac2f23f93115b1927d3a7eb2c732b5a758b457cc91389d79b0f2cd173b1c47a	72661b89dab6a572842be6c4d5cdd19eda71f212575618a68060ce72ec60f475	1d076a0d3eaf7314cd80ab0d02f929420501ebef7a2d8836609dda5b28927aee	a5aad3ad757a4b89b351fca3e03c6c6212f17b251f850a2ab53db04e0de9cdcd	8bd2589fe3348c7a1dbb6453e74941e14b8f62e1b7032e7816d342e4d786217b	8c901e3a34650646321b38b4284bdc6aa707034d9a84440c34e7fa3cfc764a80
520	cda8d809d1bf36c1ee2b9a44680a26a5bc93dc061e4d8226a7e908a65d0d1ddd	0d4e184e526110f66610710a9a26572bb80658efad35a9a1e95809e23a925e95	91ed8c7708dce07ebf9d4e14997e92ec9e6a8de65d0bbd707300ef02af14d19d	393fadcadb4f5869c65513baf5b93a4f59d4220ca73e947d20ca0367d4682934	e73f31e46762ea3afcfa420a1cfdf2d0bf9daf1ea6e92ca7e7529dd510e898c0	f8663617b3ce89d22d62bf02361c5d0bb2350a762f0f16b6168f0afc2642b97a
521	9caba89256ff13aabd85a70832c88df116481af0d8e056ed4801381bc42688fd	e44ec1d652b6775bcc519cb38d0eef633264fc28cbd2dc08c313a9403a2faff8	608bbe86dd485ea21acb687dee6590c9b30d2ef2ee6c386bd9afb4be039f148f	8e90786048356642bd8cfa1679429bfd04fbcc44f6548aecee1148a79c76dbf6	b17e9b337156dd2a42d4643600238d386f4e3d421f11635b35620916e446c019	b46a6a91fba03ce71e39305244706438732f0b02763370c1b5a03159938562d3
522	5aa8237afb218d5af569118e06a0a3a993da4bef9dcd9d4a7040e6a396d90b0d	daac55cc3cfb0e596fec02b5ab4e8a527397cf87d0a10c39ea6bd79044d39a6f	96782a6d6f37322bd1fbd068c78c0572e66bd3e81916280956444e9e1fafbdcc	60cd4757a190fe7af68f0464bdd39b1a38ce55b5f0b7eccd554f2b6b80c7ac66	3dafaa62231369f55083a791aff4ce10533bdb5d36829826f9fae3275710dc39	f6fb7050d87bb38f2e6ffbe81e40a42ac235909c6f2c8a0a062c9cf30552fb05
523	cee072da910775ce0f19b8eefeda6b20656e3685d9ad86fbb5aff4f1705a93e1	6fc0c76a65fd4bdbf874cd5489a2e98f25aec9057cb17ccacc2725059edbe7d4	85dc6e083c039059ca5035380dfa970a720dfeb7386084a3662725022c854e18	2052e697a9cdf006a1299376948d4ce480d0418978877ec9e3f5148db7eef761	f6c0c866bc75a96e8de6fafd6b6091b3a188dd4b140282a78cfd029d615aadac	80f3f01cef58c2a478dcb97347fbe492e96162e9ea4c9cac81a1ad6ec4e3ca76
524	3424b47252e62a4ad8432c8f31509fefb6016e9798acca04aac09cc7791fac0d	f39ebd1e1b39533426bc6a2883d1074f24812399cc53d27a3edab86ccc35d06f	3b8b865063278cedfd03aa2a052a5fd51943a55f04fa90f7e90195c7d2ac9fc2	586d1b8c19af37bbd4e81a12af0a7913b10cb68481519a21b1c674dc87507939	4aa55af531d91e10e1b6675974d12dc19e997a5586cf4934bab28155ed026ce5	ff9f2d236c623d1e702acbaf89e1a0792fe3a2b5af608caa2ce29739dcafc370
525	9f93333eb71d61ca56a396f504c344b2e2a6cf8a95a725a5edf9526402fedf1e	66ac8a2311cc89d2b2d74ad6c779b13c5762352ed162f3f77d29f21a50f7116b	5d91d2bedae4209c9c99211aa2596afd395f5a7995142c95c255b0fb7660e332	9c4b9bb81097e3d597324e732c5cabec55a4534c32fc94dba8b75b71c907c0fc	d18a809370fa36a41f9f507dbd6c12cfd59b6f042112c81f3b2235b6820ea4d4	de368e1c2eea2aebc0af24044d84233e8a75ffc4c5887407f04735592e85d031
526	bc620b5a44ca956e6a9875d6f66dc8f59aa26c507cf911febc9fae7ed0a7330f	b3184eff97dc685a822ecb9ab068fa5ff52d3858d23e1d0276eacda4e866bd8d	887167f4a43d3f3b6dbd03ad114d737ebfdb0a402317c26c4834e3ad322b0a67	55c34125c6085258f6fbbe464d6445b53dbced6bdd974f995e72084bb523f29c	1f40c1805ce8ba750425ef9773a40f1396576d8dbc771f9ab031c6bf40b2860b	73e6190954d921680ad148acb92049ab61c8a001e3cf0864d2b4a4386f99129e
527	a871c558ffce79fa7846ae4abc87c17977ae71533b34fa3d9ad427bab5105a68	245fd7794e38c98d2f3b1c13948f6c7177ed1f98134741bdcdab8fb970da1b7c	483cfb0a27f42b43f85c11d797283259ad2f49a05efbcaf033352b39119d6837	9f98ea9fcb93b2ab83c9e7ca19b9b713a9f34541cb700d00ba1476394a6c6fcc	77a1b5b7ca7146c7797b6d3868fca4bbd324338d07c486b04197a9d834f3910e	61b34ed1ecf0363ec48e9f4c4486d3d1d5f53b47991e0f927fddb105caeb8703
528	82e0cb86678cd54b83dd452cf3ac14c95ec000d3a7973ce47db16bf48e02d072	a42b8ae36c706953b61154ad38a45861846f8924d857ef3a2609dc14c442f75e	f7012369195ec7daac3bd26e647ff73cd62e0a9dbcc015691ca46ea3889c89b7	2935c75df8fc2d17211e36e5c1785f4e9c23e35532edd5aeaed82cc15b513016	b6af9efccd4f9f1972a5606e969f914a171cc241c9d41391103b521667397b8a	11da5cb88f9e3f6f66a1ef5db86ed5882f12fba7b96dadccdd9ce45e098d0f36
529	3a58108dc1a247535f001d0ec1f8e186393950be357fd060355721cd11eccaae	c1f4d539cd5035475b69ed137ba17e81daf8e9caabb3d05b62ead82669f2e8c8	aeec68d14da944fec62703b123ea24b3a0e1237234ebaadc8fd321f9e015afc6	a84df32de0d8500668923df18df873a48b1107d0aef40c2a416e1ce32f5e5b60	e11f0fc0462d09bd57fb7d3aaef043c1702a33efdbb35570d0c59100a09152bc	af94606074f0c96366d94d443d0500c0ca8136c766a12cd6db6a0ab7a6fbbf33
530	ebb0af0edf5eb00e4017138f159b504ed734e63aa19106df2c61f7c59e939a7d	531cee55bb9b0b7f78000360cf3fe4727043b2b6e3eaa9aa94333860c674d167	1a0bb362a6c80246472f7e49bfc8397b37a3e2a91b5d751d639e7bb1bf84aaeb	e6673022a5b025ecea3b24a0841511852ba6f9d1ac32074408ef9074007fcbe7	da4e76c0ff9eb97bd8b34b4a91dde1d07e9e72454bf4d228be5ec4dba0d93f37	c3582d5a540e69018ff19ba334ac11ba4f1f959098f8635cf24e2d306a330db8
531	bce0c93fad91f93fa070d8dfb506c588c05cb89e0e960efc18b13bf46de4890a	133d933297420b39cf951ef50d7810d99052ac698323f13f76511fc022638f81	f21f7ef18ca2093e92f416bed4be053f113b950e9129cff9e3b25d687267a061	2d79dcac20c33f201ae72f78726a8a3f4deebdd8b48e3253401b07c58a3e4e90	d221b9f268aaf92c7577e4ab9062fa1e3a8cdf38bf16dbe7033984a3661bc9ff	8e3fd83b38fd1f2c49b86d27ac7a43735028b6f22acfdf632f136f0f4af52684
532	a1aa160e90cad64074b9462fe2f8753e2b93dd6712332328e707ffd2240a27e7	d7a96341de650c6ce3a05c653c9ef17b494007179238a2bdaf81102b38fbad04	0f7eccf446f5e7c10427e7b70545ec8f3a22d311a87a892db8b704292efcd494	bd229a1b62664952315603679e2aefe6d411aaf27e497271834c05bf633c24c5	e9dd0d198607ee750d0b6dc412af362490588b055b93f6341f362aa2403f11a9	7213f6592500d6d105f0795181d51dcc609ef3d252d79bfab5d64c9dcc479156
533	1fdd72ebf478b235b94be38dad258e9b65bec6afd77de727c1f3df14cd491fa7	7b1b45a9490b88837f6c3849b7c40e2d8ccaa5d1e8db2c4143909c61f1da3aa1	417432547d55ae49e0f6d0018db8d3a66997a3f3a62841932bc8cd3c8101a3f0	90fec5119394767e43b0b753f227e00d75fc9c1056cd203c302ad41a3a79ac32	184e5636c1ef6731d03478340b50d7a8a435ad4fd067ce7cd13e46cb396ed3e4	ff8ae8669bd34a945f980586ac43e2cfa30cc1353990d356faf9e88ab26139f7
534	6dc6410bcc222cbaaf64953b3c2dbabaaf0affadcbfd0e0954646eaccf318b25	ec96a50f4052bd498b2dd97836e55ca98faf5ffe992e98ddf11308c7898fe87c	bbfb1f1d86de5807bc752b55a0b23971469c5ec1f8c917f62eaddf1dfb259746	681a047c32651dde661584b2c86308ffa3861556a605394c6a692f269ce69351	8e0d1a53a118ca3c20810d865886e813ae4ffa3ad124e91bb83581c7ac4a0d65	5f131aebbed3d747a762230f872a11a5c7560df8b81a9cb781cfaf682d3f6587
535	37bb35b02adb9dc07cf0e167f91af871a7817e6ed04de5175c0830ad087f3815	e68287b67ea067da251e9935727cce78ac6e003ff6542686d612f9072595fa93	f4345ac434f1b79774cb86236bbacd90d74cd8f6cf1c884d54ec1ec7651b6972	5779179169a0ca1527915d391e7a0d7f20e43b5cd0ed032c532a1e972e082354	1b66060df0cab3989c554d12d549a0cb49660fc521f1e2a0acd54aa13b46c512	040b8c4e34e7ba8c2fcebffe7df9f40204f6a3964abfb358163d40858bddb5ca
536	47599e35b7babbaea5db6e5fb2302853f40fc7f3b1e2291a52d3c6ad7ce8c7e0	8c47acbf26f0ca0c8f7ae6e28b6058aac470d49a79be326fe9495b96a7850ecb	4cb8a48e860961b89aabc387f0af5abaa338fc2733f644d056db37e5b8ff03b3	dd861f3e3df3f64f334c545849ab307d95757b6be5e133d1a494998faa0808f6	010822f613f44781c2e5688b8c342457ae184c7f82488907da5b5849d5ad5153	64a07b00b068c5063f30a00f269f0527dfaa0bd14949ac8e99c686ad446447c6
537	2edf4ec7c8f6dcd8d13b6621aa131677f117092084ba34f59eab6beaba977e27	fca618703e7306eb042eb5b008b1ff0cb9f8af0701349831b9a1a63744aa1050	af1367614cff82dd1c487395f506aafcc06287d8e58b3f7b629d3f4cddfef4d4	1fe62b29c4577d13817382f4ae50d84bf1663080edacd5db30cfe4c6fcedb84d	5d9310cdce8b43b7b88a6594ec1b7b47167d5380d8e2218b53709f06068814ce	e9ccae1fcfb67321efb2f052d582922d263f4f628f081b0d74dc9509f3018b2c
538	0aa14a6af537bc2451a6cc99aefcf84148409b0477a74ff2a3cac1a9409ecf86	ca4e40990d5c724714f025e4fb81f8361f8156aebee5bf0c405e21ac24deaa49	c2b167b0a290e0309e1a4c4a028516141e796b043297b99b932364f9f2716759	0db022ec71b22dcf593ee8add66754697ce140be3536def5ee90b15dc7ad51da	2918ddef54fa6ef3a0904ca96a474750d1a067e62bf0c443f514b144a10fe5af	146117caff1d221098a55a4526d60dd15414acba398c81c3fd922a8dc66120a2
539	8c35fb70ea2a5cc31440da03749886105d034404e29b7c75be796f109eae7457	8c806235a0b04a1c0b278748cf84434bf3c83604aa2d161c1889d90f4271ed7b	f6c8ea56dbcbb8c255da39adbd6fdb31e6dbec5b88656d8f793a9b59488958c4	93b30749e96373f51a86fab4393b5fcf52e42d3d17d00ce635bdc6cc3454d4b7	3f76c174422364bc2f336c4c2b955fe41133aa56b3c95dfbf050118df1ed63ed	51765d67b610ef4f8e1254345fd8a072eec264268bf6712856ca8e133d71e47e
540	dba820724efca1851486fe2383501720a90080a0b1f23b26f8b5d79e7d755a3e	f2b721143e37164ed841d15a568c167f088ddfe2ddf58d4a65a82cec57c6c156	0a7a7fffe9e60264d055e34bbe2dc16c3f587e15e5574b696d143558873be855	ce06c9f8ffeeb8483caa2ebe39e6fd01a797ddfd003467c0021802444b598b2f	7df85e373801e31cb3d8672814b08d2e833c6574080e525deac1e18f5c02658a	d7d8691adb2f9d02e4e780b72587c6de69e496cf7ea12932d787328b7143762a
541	5b1f70c6ae0521d31774177e8895117ed4c932c017fb725a4c3b75073dde034d	415acf462e4a501650086ae66dd63a0355b44118be9a8d131004549cd4e1a3d9	7e4e8432736c544bc570b93d6b9f94074d313fd58b553870e4538353df8731dc	b013dd1547306c6f44a2c7c38f8c3b9be4873d6c2550de01200c44ed3e59f362	a6b6b7970374e427f15a1666421d5d0cb41736190db74cf8bb971c7ee948cc80	62757c77d0d63ef81d7e3ce93294bdf1f84a40c7e40859bed44778e5547712ea
542	9bccfc05102818bfaeba35d279291c3c136c02861fba33f12efd5e4583ce3e82	c6557cb7136a6b945f35080c03494ea50a339167e7db95d68732e44ffa24c525	3e690f4499774ea9c898c17c95347bfe60ef29276b9615a3ca95c0642bb0f85f	caf0fd20a6c60f4100e247d2f57cf0572ef4d19d7de7f0d23aa7b6060965e5ee	95b198fab1e1289b725fb91486d7223ccc607a5989f6c1cb7732bef16f75bb00	5cc3b28939ce4bf3a76b2e8bc89379b55b65228fd6e37fa2fa6f137599c6fb30
543	730cd555125d877fb00ef798c08e7d93c9f066f7cb645eec6ab6290eb2300af5	9344408119548ab83bc030ec575023ba62f657fb33ffde137fbc2eb2c082cb6f	73c24d0d2f91bcaecd14c5a4c265ad6c81752d23bce054783977e1a4d7a2b449	86d2d0dbf2cddc033b2ec337858d12a0a9ce6ea4f68e6433470a8f6c73968921	d3b58d9685bcc9c95adfb1fe11bb03fc664ae77c118945c246c8ae475f50a98d	2d331c6e9c62c9db368f70e5f9ab4995f914564f8c4be1a2cd2eb5c5ac48e89c
544	12a3f831552da354b221d407b146381e55bf0da91ad552aeb27cba033d1c68b3	93665ce31c314a8103868eb1f35621fb08b112349a09bd1de69fac4ed7561781	84c23372cdbafca94bd438d075a9b5e63f14c27250108c7b4f0c22a7ef97fd91	5f15146bf79f067dbb1b55530d4e1984851e22944bd48c90f3a84e582f4a8364	ae71dcba47b784f2c50840e30bec29716eb61cfd0b0bfcb1763c1ec85d8170f1	2daf8b0acfc62cac304c0dd1965599167bd151fd0d58b3664d12370991e1ff36
545	9332e567379ae4e7f04aa5fec7f14ce2e9c991428521aa10fdf2d8ece75623cb	d3002780d0497c2fd20c978a946382b00e187ecc5c915ada3243e735aa0b2c69	75df306d393c79c7b50769bb0ee23ed10667a162c244c2bd7fe1f1140ffb8ca7	623f94a6e7224368d121c6371747a0ee265e98996697f177d990a546bde67702	d88bf98e6d6254833320eab7aaf714cf7a1e2effa646e3cd449c2b1eb67f8b94	f06d38dc3eb163664411c612d45cfbbb54d18ed6b123874d74edfac4580dfee6
546	8367531353ea8526f635e054d837874fd3aed0dd11142344cb13f88621db6c58	cbf0adb4485355305644b89c3f24ce2e81d357e674425317bb4b1f5a668fe332	8ca573d05cf8f70cd34aa962e663d6f79972cd91f8facbc2678799baaeb378f0	a2fe3921e3d9a443d5a98fd7d2e58caab25846d2a1ed156e2a028c684dc8dcb9	bb6e58f34aa2b239ee413e0c3cb830144cd422374a6c85b0d2f89916b66d20b6	b9a1d4bb3a301496442cd0d1de58cb7bd0608aacb23280ceaad7e16f179c2be9
547	510cfc16f59343d994a2dc5425eb7688b3703d78ffcc35e6c3cd0017415791cb	c0c39b9367b690ac9856e15ed295f9857a84c7ed2927677ed2d6a49ab97b890c	81a56eabe243d13693f049c7dbbc0d0fe1c2bb320a7980d256acc33bc14af395	4460f5820320478825f520549ad8d86ce684b53764c760ba8bc5b9247138db27	801db994938fcd54fc4f40f544a14fc756c4137a68eae51b11f51fbff3e0c1e4	8ca73f14c2eb5cc469ae862b3a92b72f1eb289e59943f9960b9f9f4c34b379ff
548	0c209972f673621473df14a2132513765ff715ab4bd79018db774bc08b405fd7	47640661763b33d30de0386d378fc9dbffba2b5ac7567d908bc8c20cc5973b41	f81c7d51282d14f95ca22d9faa288ba660015e8d138cf1d02c35b91e3cf9b923	d0a30a23553638f2ffcb55f90ca9b5433ace0fd1c1b2f4b26b8ce7d9f07393ba	8a923d5427c5b6b6e49d058eb71f1e3c947b2d896b840181766f492a98430eba	1336f645e165038cce14bc5014a539222adf1c365d116c91a400d52ef7c4442a
549	3d3ec2ac7a72645f4eaae568e139f21a8de59e70f10e7d980d4ee27e0ec64aec	b33165c3f34aa01409788661d1315b818b0377d791ac72ba7a49936a6ed84fa9	eb13275eb77795a8f98af2bd1d3fe7d55f6e306450ceee6451b3a048ff921407	a30727c263d930d0a6fd516d2bbf9741e34f9fc55c05fbc9df9d08013c2b0019	187913df007eed162f6052a83c34509b8880183bc9ebdd297754756188fb1259	f3b0a96b25934a9370f65a5deff0493eaf7980c1dcc6c199bd32d1646067f068
550	c9ce8657f2bc6500b6da852cd0e695d2a802436ac6f41ee1926d76eff27f0667	be7f519f15ef4d384ca526a3ef052799b5a66a4c3e612fa70221da5a2feb11b5	d7426e49614c11c3f7b21e12af22dcba6d745bb0682626b923d876b95e1d3b8c	1d22ee15ab508bf4673031fb74be31e6af8f5d3add4e4d30512bc3e80ed5c443	f168ed42bd4df86b482cb3f70fac1c43f7379db397de7855e6e1b16553365c9d	995495915582035bf065196a978519e60a36439f7d6eaa399498e97793d57ee4
551	c699434cf15e6269c225026633ba748ca30ec39137ab35b17ebf63302dc8670c	ff2298ec46e1ace053a328661bbc99c96e8fa3dcef2d05f0aa4a8110c8cf85e9	530638c4eab98c557d28212e56a04c085fd557f8186ba6d871770468c93fb68d	a64c66dcb55cac025d12ea98552f0e476afe25bde0f974f85252aef2be5349a9	4802c4f7573c1da97316bb52b253fec38144823ebac3f937b368085f033f3107	712542d61e7972e64440de521780e95e470f18d3342feeef5f29a7c4c547d41f
552	bd9e0029df6faeb355ec9d0ba3a50cca429539729fd676f3dbe6330d276ba247	e04545f5e5da160e3ac7036be8413e8341a0c9d07c5a48faceb7a1d9c1467169	d7d5efa43e666f4d958c8a8bcaf0cb5f3a94481bcd99047aca1990c3964cee51	a29da8ca5529b738df86f19cacc65d942f86ccd3c144971ed3684820ecde01a9	901fc253d656e6da7c8413e98a8b6e3512c214e142839752aa0ec234168935f5	31360a44312c8e05f951c19bb5bb7878964e540c922ee7f4a87cae08ef0f919f
553	5743a4990bb58e4c655cd3bb88bf1516b84e9d47c36c464017882a09fa93f8a8	9da4a8c3b5a680422789544ff22841f8a0a1a0c7562e2e32d8b465550b1d6fc5	67a68f33ac153d53b851f5692c65d36f7bc59e9874a041929ea105c4106c8c5a	bab7c2dc7f7e4c4380b6878070eba31b539e846556604765e7edef59945d72ae	135537295a0708f0e6856a5c1549aade9687e9aa42b4bde752201e7105c16f30	2b92d5e3b8059e7f0514506a48fefb514c46d5d193b18c105e4b5f54a40cdf60
554	5332338c14e3fe6ab74df6155a469bed2b59916140a3ebd9dd9cf68025a9f25c	594ed0ad490c1b4792cb75fc5bba21ecaee2ee1ec61da7ee3989564852eecb01	7ff2794add23f8da50331522c344c49c81e6d84de0d1a8532b7bc18057d84019	ab885c330ae3fdf0bbe3659dee92783fef24dc15b6aaeaaf11c1481e5938c05c	393510ae95733f46023dd030843a89deef66b6ec1b29a92f7bf55e53e75cd366	2381a484d23bdd66f672313eb5c2ab4103d099ad4ac8edebc8e62e6149dfbc81
555	961c505a2070cd607b80807e727f02feee7b94f617fa58842e5d55181c755a36	f026c64db8871d7c7326a5b14be691ffa40c9d168d6e50ba0355815f56ff8c11	86e1156e5bceb2eb34fd894fc757e76e6dda0ba162fafb7e93090f7de8f60cca	bf5b3177f344d7a98d94ff1553b79dbb0c271a6357a1a686783da8855b47689a	7e19980bc485950b3c36918cfe3f879c87e42d1a12a89328d75ef8f816a088d3	21fd5fd51b0dc6cfafdde7d9b33ba1221850436f954592e409103181a6cf4a08
556	c9ef2756701b05670a8d83e2170ee4ea78a63b9154dc07db1bfbf6db029a304d	f599db9387d2cdffd0d4211079e2b1ca988a20481af0460be48504c6ee99009f	55d24f1f97a335720366a465712b545433326173d57c6510303ce55cdc1d9bea	9b183a11e665bb2ae4b843d56b91067b1eefe10852df33a338dbfd165a9d40fc	360e28710e64a9bd725282d6f5c06f930ae31f954b8d9947238e18fb2b6158b2	e52f3c51a834d482f1a732c8d8d0d1f093cb56dbdfcf819e9d768566a3bd7ceb
557	c5bcbb36731311fa36914825bf784d5db92bbc8507843965a03f455ef5b568d2	2caf1cb5e8d96d9ac985acc93d7487f4c003b42df5441beead7090ffde815ba5	0f9b6da41836bc382d5762bdddb888ae7c2ce8e52551ba1d73ba89210770fe83	9350851e25ce82c4f71f105e2bdbb1902014439b9c833ad67aebb34943ed76b1	da5afeaa6203ffda608c61b0eece8fadf86eee70686a230cd1b73743e7e411e0	e38626b6adc3a82bc9eaa04a22c5e0c062c9cacc1f9336a68e45b661b3e921e1
558	81386b1f20975a4baeca3b53395678cbb026bdb4e6a70532e6d3bc0235f81f22	521c65a1d081322bf7ad4e6d406c72f1f353c51f10573c25739126d2b3d32354	4b8f39231125c2d0d2fc8ed34b3d8c0d73dc5f2e4d094f7f813454068a52bfc8	a3f188950adb769bdc8c07bef0538c2af4b3d30d4a405c25bd2acec18f7c967f	90b95837d8cd20e73855654cc57356c218e56cf2dd5dc1bace98fbe6d579f8ca	4683f934e218a54179edac9a284bc2e4c2df903566100ac12201723fbf30b888
559	1a7d9676b858c2c947015e96b25b732cebd58ca1be1ccd700c951fbe10bcc86f	5baeb2e7ffeeee7f413a7cfb6d8eea7df280d485e66e569e9d25c4585f4a5859	650fd492c56e54d913c4482f6ae72dc4ca3676e1625bcf3d5e5c4016351daade	779085c427e5f46af0e5a226ad9163e9cc3ed8ebe5b5767e5a841f1a05420118	d6117affaddc1f7ae897e0753a8ede63b11c9b44e130eb3a1148c428b7166200	79a46c06c83f317a397faad110ca3976ac50f0e79961667d24d424a403b4ae90
560	15a926af3b8b5459241344cbd62c344f87df1bbe18dcee7e05ed418d111af550	028de89f06184e1a0208003a058428f11ea5141554698e0733cf3ac0bc85b4fa	de8146573021ef89dad23e5e08571ce403db5d4c8d5e6f5a291284ce9c709857	b487eed622c3d45278fcd4c855359d6a3b117aed50c6b583eed97ee76ef8b525	0e4283c17b4d76445f43252211ed691ac7337b285a4a52416b2aae9f696ad2ea	0265c9b788e576759a5cadce942ea78b062cfdcf23d58460bb1244eb5b84e536
561	3b3112cdb6da86c228388623d60d9e1c05c94cd4208861f40f5a5ea9603575c4	acd9f2848ca8e27229350435dbe448cdf4d2fe6a5835582eab77155227fc8a65	c231c6caa77a18fbe182b499a8a97d543f57a50b74c9160fbc62ca992478cdf6	2658d17b6b1475c5149d3d541a650ad72f138381e473e8a3ce1ea9998032418c	daa5e95825048347bdb743ee81952f99acb690295f8cb68ee97a19b73dd741f3	0613c08d4c21ecdbf59f6b5bef67b1eb495ea61a1310b8ad6ff49daeaf68f7c8
562	4f43f43e8ab87d7aa24c140133b0342ea941b9aeb27749b29b86bd1cd1f5731d	fc33271cbb828b6b85e60dd3b139d92a00927871eb134e49eee6942c04776cd2	a6f07728c0a18aa593b6a37d8272d453044757de0d3457bd2798ca32d2e73c33	d52ea905b8b704760043c5de7a3c638b3b6ca6483667055c5d3a2526c0eed6c4	af50b282431c7b3fdc946c536c1482731a7b759593ebeb7d4c8ae98a268f8c9d	09b4939c71c6ad202c06ed50b0849b901fa0d393dfcc45ea5dffd9ff623e8f2a
563	ee3c6202f965cf094cb573b27b260cc7ff898eb963abb2715a0fe0f1d6769e7a	42bc5d4ca66bcf623607e753ed78d8535253e7d3e8434439c37011a30c1e4c4d	d652f745cf7c6ac20cb87ffe3085fbecef118f6a315ce4a6fa358d3c35144286	ba69c81f5b6048b6919f304f5e4cf8f626d700cf466119ab00ad343230a5e1dc	5e2d473c2d4edd78cae1ad46ed78c660a1e33b663d9662884b45633c271f06d4	f7d970d94fc973e2a8cf9010974bca8951101513bc442802fcd452e70aebfb7b
564	e878520a39d1ef9868f691d694d89a910399c302dd020e3d81589cf1a1e675dc	66b73203f3293fe89e34c07f7356b5e2009f073604c81f1eca79e965b762c4c3	43dd92fce69dcdcdcaaf5723249e29a0d0e64eead8cb0880f13a8d75e882e139	8625170851d66c23679cd0fafcc5f4262189a15a71663a8d06c05af1f7820dea	9855bcfb01156eca7b0a1d794e3a6fb6e2cfaf8e93cf70e58f46d4a0bdfd70c4	7aafb20d7c02eabd56dd3343e1222aa4368e625fe532cd2d768444c69fd96a88
565	1ec4784613c1c5676591ab1226fae37ed716f20ca121b4dcadec4317cf99e2d3	abda81d82da250d46e110af7a6e405649ca2bed0d5b2bcfb96823042d6256d35	2a5f6ce64451fdf2ddd9d25807456e3eb7809cc19bbd4709e3c8e29d4ec754c7	1650d2c91ca4ff0c1a3523ff10d87a9b88c7a21941e56731b0d9be46e7b9000d	858a331b09deffaf1de65f97d1503b821c94d870f00a286043b0b925d2410401	57c85c76e99fb3f2a2413b4d81610df4a9f10fa7b13cf0fb918c9402c4b4b44c
566	58cf3f3468d4bdea246bc520413d9b19d87aee0fde9f60d640b1993e73b079db	b98770205361ca30de311e90a98e01b69d51ba793cf98a3afc2a04ece6e50364	2b44625425e1796220651f225e8cacf64f7b2e94d7a2e59d9410e514b3aa16bd	467a08887630a76fe91db96db1e37feb25aa38addc9e5cae6861a3c32f984578	44012bb0cc411dd08479883280970a0adcbe48a2d2bcce265325f0492a120587	9f9c29bbbffc643e1dbc23d68dc2519afb7faf5d2a853648b3a87a4c6e5d0f22
567	30f0ea3b592aced7e6cce3b657a9c65d06dc31d737fef1b233c968ce8b0de97b	df32b50f5193fef5eaec2ac6979b1137aa30fd48cf6484927c52f44ac6931b6d	76a3df0228bd7cbbd94392cf62c9d8ace0fba2cafb94a48a535d6894032d89f3	79d660932d2bc572ea0803aa11e7df766763964c76495006ce14835ecef1d677	156b03832802594885b743adc3b9a84968ea5823941b32c1fce6bdf4622e7e41	03f9217271e60150e46028f64ee0f508c4a7539a4cac78a4e6b28232d83408c7
568	c5f2ffbe06ee380d45e136f6d45227b5334b803f71c92c2d36bb01c6a77efcfd	c1a43bb2bffc68bb4dd7df8b56c41f26cf46582e8c96fa896c1e993e24c8828a	6bd203a0c9feb164ad1b402426e6b80ec869c6a8369148a1a20f7892591afaef	f04e3efb3b60419e0f842d19edefe96be0026b5f2eb026baf830fb23e01e0b8b	6dfb8eb31aa76dba9235c98a28feb1983d967f06c491df3b839c0cb9a367bc65	eea00582868217ca84740308b5a24d38b9269eaf6b42f945dc221366f9bddd47
569	a6f5193d9decea8d913c0c2670961b404371121d4f5d7844a64d6a26e943f424	62ec783b3e4aaa76dcd916c4bf9ae70bd3e9503fb168163cdad149c391b709ca	68cbdbb958e1319c8e62d68d5eaaf3349040bdf0fab34b87db6dbde148ef1b78	92026e2695b9788bf7ce9d2131a35ce869c6a5e14d581a2578ed4222b1f1fbad	f32b8bcb7f0bcae36bfb76a70036057d1a5b384817c02a609e4495a5d41e44dd	6d6991cf06e1edb905c55add33b8e86b48095dca095d62a507317d3dfe002460
570	bd4cac0d46a6323a48021fa5bbfe1c97222f0d1cc1bfa49cff7788dbea2b4c23	b02e882ff915fd5eaeedc5b949a90acdff50504c10264d0f9cdd0b1b7716e4b7	da111eae7786db51f71aa3f929b3687f0b544126c4d7118e10743bc7e6a81b3f	30b3f583a28e2a5f22d4dabef863a4cf88591434e87f63f84674b30bc5b2521a	ff28fe20fbb2b42fd5efccfe7b083a427ce487b11d3b10af0c915b1985972165	1707d94bddabbf68249fa3e6830296d0f13bc8704351a9d743ff1d624cf4b16a
571	894e811c4be623bb7ce4669a149af092c205bef4c54353b752d0f64a8c8b9398	fbfd982f3a1bce3716cd29bdad18857b86c5a3ce6e78f66178e2780285e81c1a	55a043f2fb97ba2a467fbbd6f24684b94beceb20dafd91186c7957272ec27bd1	276f4e128e337943248dfccdfd94acdc2093c9b6b17fb172329dd78260942fd0	51c87c164513a883f951fc463d97253ab14c67c4cdc35a133fb0a24749a535d0	6173ef652040d8a8520330f6ba648b8f63b1ec1118ccdb9e2856e509a271f3fb
572	56ff71c5eb86b378152947a2cd97f9438d6e1614ca3081f2fb4a6ec8b9f58726	154a420918004efbe229342cfbd74ee85a43e36ad4611365bb3d6faead906f1e	02302eb1e0be52971c56c114eb8c5537fa3457897d7b5aadf7e275972ca9ece9	3261a6028bfc897e93b123bf63c3851f6d629c4122928914832f79b7cda471d2	4dc9a40203141977be912aff3410b869e66225001bc69a3a946ba9cc6a89d4f5	b42419de34fe6daf0ef3e985aaa80bc4afa25b6d3319eb96bacbbbceb057e8e5
573	ba455f2519c7fbcb3be794c3944ce379efba15c45bac62960995be0fcfe25732	49f8afbc836af095478601f17c5e43fde512a1ed310528431b061b0a9e716300	212ea65c544d132915a7e7ad9891586ffe5d176431255674f094627eb0824548	25b20e6199a3ca7f9306b28bebc8632cfa521abc262e4d7e85b8aece90a037c7	0eb13a8b14496913940425e788645a01ff74c0edfd49232fb9f8f20a5d29bfd7	3cec3b9d5b0d054b97a3ffdfb29ecd8349c83ccee6f5855bb262e82bf3bee5fd
574	56a7f1b80597ab9f0754ed0e0af97d56f6cae79dbd7e056a71e586d2c5350c4e	d2c29e720739bda7e4f31f3e7d3c88e752ef4a2f48eb10495be48b5e3e2749a7	f472ba053274241cd882f4218067e3d7d8fd47b3868787b7e2971cab68c4cea1	0df85cb87ac378dce9bacb26f7d6872267d335dc24bbf7106843bde84d6bb772	059096062c152917e6d59076eb791b761786b786ec6950055f96effe0ffaf7b2	5598f5636b0a0758c37d9a9fc77e638c72dfb6e6736f280129ff44cdae64536b
575	968f5bc03b78bcb9b02950e594e4526edc367f9621ab622704e2b7bfdef887a8	c03790c2f5c4648c6245bc8c8881565344bfaeb9c592c4d297fe31e7dfe8716d	7bedd9a93fa878365d86dda02eb405beb776bdb26c0a1d3878b460b15dd62bf2	09e5659167ded17347b34dd3e475b852dd9cb9429289c66a6fc8b33a45c7713b	c73042ee2ccf3b84fbb4feb24e35bcfdc032fce584f4d35ad53bf907a9dcf745	c1145e64d71bfc5bf88e9029d6d965ab67776bb3c71ca325e8e11fa96403acd1
576	2503379d6b177eb5787f3612e0bdf13043cbc45c9ba00540acb6bfd91199f931	4066df3d22b56d6210301baa9734bd4650a790b9e1e21d04618e3a56ed8f5510	5b7fd7980f1386b4235246d8845e8f96aa39ecf4edb604f568634415d9855d33	18ad811ee7a277af5d40b91412fde3b9b8283c551287e19992c2286db3a5c52c	c211bd7360cbef7600799c8acbb3c586112dd6249bae6523b3aafd705b514e5d	a00b1dda23fbd0a0d51e0f4a7034e936c29452add1cce919f055b6933edefdb1
577	c9c2f7be7d4588b7f4247a0b3a8b63ecd666e6a4a61816667a5186f8f1fb34bb	c84dff63921d360f594d7935e78c4a361c3ab9290575a4903d247b633d70c6ab	d5ba4ee107eebf9ec9f429900918a7c6e3d792889848e302f5ed2980c6d6552b	147800c0e980de9cf7b0cbfc2300637b05eff8ca4b96296ec96f158652aa1503	ebc8a7e217429722e02b4d9debc4a37bfd9cf1c4484539a40990cc1082222737	7d7800c372c18dd3481498d2c86ae04a18dd7bfb40a8fe91d5dcafbf24b31445
578	d40a6a6065dec10e1c0be4a51aa3e64ab39ff9f6a2e55c3672dfdc453853b2de	9e355986b42aa50335c12fce41677ac87d1e0a1a735b9a509e2e5fd2085945e7	8f49c0ee49745ee1c90b330310f83b9a8eaeafa0557b2169a18cb5e787867729	42bdf7f3c6c6f9ef8ac0e74826294a8d567c1253ef7259c9212277110d7d6db0	b7181cc641e68c23c3203dcde2d29381504a5f4fb027d01e2217d0b5ff448b03	5cc40f690d0986fb52388480837a4925924b47b5a5099ad781ae779366845759
579	1d247ee3f6939cce1dba58fce38e27a766f44b4ee5576c565b3650313b2ff487	98daced187edd4b297556e3f32c84b5c019b015478b255bdf01a41718e6c0ed8	1540982b732a8f0c7efbd5c70864811dc2456f7af269b3fb5d6e60a5f197bb9e	d7133d39c44667b1fd4e75b97deb9c4bdbc46def593c2a28c4003b1d2ea29587	14dab3d92d35e0ea5e8c63eca00337fd842f37689b71b958f155cdbfc13a5a3e	ac15b9db52dbb21617d363e66556a1f25ae09c32127c8c72a9a79de66e4b7930
580	d312493aad836fa1eacde52a26771bfb676179b86b99180a95611f03f4e02254	f7b016fe06feb0a0e38c25842617eb2733c2914a2a670ca8b65788ed96e09b4b	ac501be113cadd7e96af6245f167ae0132f9cce20b256878a0973ef0812e56dd	b7ffc46605e3e9bacca2308c4b9d61bab216d68ff9bb59e539479e0d8cd6ff9c	e1fa2973b40e90a48a18315a67c4e2dfdc1cd085f03747684f6904f5cc988a57	59809fa5486fdbd3f85a3db1325ef9beff0c367b8c537401a451ee223f2292b5
581	0d895917626d15ce921a454092ce6ba057a522153f9c371b6af19198646950b1	2ebf8ee4ad51b3a44a30ccafe4f85d8247f62c5d66955d6b24cf31c9e3fbf9e6	fc17d7d2e54cb73fc808a990bb9426b5a10198f31f9691bd292a605c6ee21dc4	5eb6fb2928bf4b37b243869b70b2f8d1db6003bd2930aac9345cfb292afd298c	69c5031e8f3378ed080fa973b30eda4cd52f2002f04d10b5d6106dd741b9a9d2	0092c7fd0445b634fad60af241d9fed01e51b415582a3d30afe5c2849cf5af7c
582	ea9b60b68bee323c48219e462fb1f184a90000758434c34792c121fcfe3b7f59	08c18a94d8d0a40099b2523b7bb6714753651a66d7ebed5764baaafa34aa9a52	d8c0c2d0add7541ea7cc5954f65c23e0a5481cbe2abf2370a886abd7243b3c9a	35b8af89376251f824b8aed7e8fba5236bce06512037c49a91b1be48310e494e	25564d1d24d82b5d4743dfc05da56c8bcd9cf7449286f96c87027b10c498b26e	eeedf448644f86ea6558db5f5c768b1ed28799a0ff7e6a6ddfd88e616624b46b
583	cd0f641ad58fa0e2153fa553b81ba6738fd20a2c3a7d80fb4070ed8b6fed519c	a1b9e149d73fc8c806242fc05f30771b74e24e05db5ed81cb3615d27fcf0b835	9742713b9fa2a0006fb4175f3dff4b65050b834171d028f47a37f511680bc682	f8e324f8973c69ec4e2b09652104bf516ee78725513edafd37b703033e03084b	712f21b8e3bca1a7bc183835b49589c7ee481183b9f7aaace0dfa953201a0ab0	eff3edcfec11ca6c66241a5b4b6a0e3bef03d0a46af5402e9e9f1d221dc2bcaa
584	0a423242fdebd8d6b30105c4c6b87e127085ac88a09a2ab8bbb2fe8f22a7d253	53d383262226eab11eb9a6b7d6d42247da7ade01001bd6e4a38cb3909a3d6781	e6b7f9d25f9c32e505021618ca5ede7e9a24ed084fe47196d6e837580801c12b	5ef6aeacf230ad7e46cebcb298ae593d5d659c19130e65d96f8abc90c8787edb	49ec3b3d056226c9926d24194194acc6fdc83fa478747976f585679d324c90dd	e0d33609c674e68512174f8553af15d13db987d5d5854c578c2dfff96f1e09fb
585	2d747833cb1ebf56f2811027e403090131718d51762edf1335b0526491fa04fc	4477b2c0f8cb2542c40e19a24c2d7fff531d737689660e7cc4ecc73e41d400da	141bf6a720b05728af5db8cba1b6c694dda9837744baa7a15174852f4ad7b24d	dd283a9f4ca597d835905670cb52385d754a23b742c79f1cd2a9ebce84a5c2d3	3921faca16d637f0eee46f39f58ac56224cb89b08f0f3b75f4366a3ebce3e73a	f45355dfbcaf4eaad660ebeb3ebdbdd7794bde64b6ca5b9c2d9e5480c549e78d
586	202b25537c24d4acddfc5ebec34f609f099ed12bd0e627bca1cabf80ab2805c3	8e1bcdc17991242717a15cb0ab4d505f5b1c1e705675b688e3fbe600cba63c16	18e084d24b1c3c6a5b16a12520e913f3011e8fbc982264cca7d4b507c3591e81	7c8d99aa6f3d27b5683a3cd1bfa065c239168b5de2c880556f86d29c390d487f	d49bc5fa8beaadf7b1949cdb74daef2cc0cdd6094e79a0646431317e49dafb10	b4c3e0442e8141d3579340d148a7b58fffc2705da00b7225735d8485dfc42f85
587	453a7e4c33f2c1e098c4b7af5ea8ee45df36ec6a44082da1e555678e4849ef12	5ac9bdad131f5ebcd46b47632d515ebc2f044d6d5b7a7fd01192303863360ff4	e5ad75b16a0db35772c281adba7741b295238ea7464ff5d4d622da1e1d8c5cea	603af19a8aabec15b2ac159e9f17356db9d4e97b2bf8c36d913737c3d308fe09	c0afee1e77d80586df412abd120f2e110dbd9ed9ba88445cabf4fedf49f7af88	b4660fa6c02986d5eebfb6b8ed1d73f5fe07c6eca67f46b38d1a5f3b6b40b360
588	b43b70a85fdeefb31318ed7e16b0ea0d7ccda6b9cc6cb522f57ac04cb896c6da	10fa4779d823dfdce0d06ce97e8a6932f83a2ec7c7dcb6a2441a1f5dca560855	2639fdc42b4852b54f917d80d1341795223e24cc1d6507eee5f070e90021a79e	1c825bff00f37af4c9987ffd75e4df5bba5457d114ea09278c8ef1cf6a54e1a9	07d63e56e28305963f778d20295dd80e3b69e0791b21085a745b50ac75f5101f	d733ff9368842cd36c2cd8f71dbacf6dcf9148206faac2d3b6f2e00794a52b3d
589	05956a0c18cb1c060c04a2c8c4e65409474d807c48efa12cf01444c4fce06896	c2100012ef11d9c1d20cc1ef8b67839ba65f6ec3c2c3f7f0dd2d99e36f64bb47	4fd824091d103c638d46ab1b29f2ac0f5e74c3749ce187005756c9f5cac14efd	3ed22babae290cb3e3756cae5aac182d7326cb4af78af237a2d30701c7329e28	3f966bf976c2c5c03a09ce8046de2cab9deebd05841e8ca5e867dff8f6a150e9	66891a25ec1447d7bf1d9ff03733bba151e1bd6f0c1d40785e01cf7f921586cf
590	630d2ca71429855bc9c01a57aa76f7db31b2727dd6fda2a8c9268ecc722aa3c5	41866385617da1cdab9f34bcf03390859a1eedb13960e6755de054f7bfffa47c	c9f3fae765502660b021911188e0c95aec9acae9bbe653e50f029cb6aec2f876	8ca41c90c4abcbe7bc840691af1755a3b45a5bab099664071523fd454dcf8208	75b3722b9ba19dbc5994448f607789e3042e90d30ee25eb4de0e1b13a45c306b	d8deaab27213c242c3128bda00db2670699b440f29181de3bed241dc354ea6cb
591	a7c81a78621e46e75261abfaf37fd789ab2de273557b68bb630b2bcd4ad5d01c	4f30ed0cee065ba1f387a07a45d264a33942e00476fbbf97384de0f73b9fd736	d8b5ec57eda641a7316d01fc63e86be236f2e7e7b8090ed0153833e83e316b18	4dd4be824dfcb31a844717efe1bd8e575f088a11d1616d6f99ae2866a1e205cb	a0c81a1894ecc443a12c24e5be65bfdde20659126cf6a3b22e922e2948feba05	fb4f8e99213dc1909385196fd5c73d4b3e257441b56d172a198624b0c66b657c
592	8a2e977ba5877ed68474e57e6a6d35ba4c100f7bf8601fd70df3aa3c80856f56	88e6fd4dbaab1cc727074104cb4029d33b033de7b4d9989fac3ce080a963c54a	0949bdcf0142b52aa16c3732b47ebf51293243167248d4d68cfaa6f885bdd30c	63da4d4953cd56e4915b883ee6e8abd6cc533c6dc0319c52abe2e7b2ec20e58e	79a9395a3bbad8c08025d5675590a6338ab20bd9dd4b801d631319067672bc80	0ba0f76d2878868bc15313f1325870c65d2d3e1b28af6bb893900c059acaf0a6
593	481b8a44acfe2fa8d633752ddb7db925b1b53eb111bd1d8e87e1102ac278d1e5	45dceb8ec1b3c9db1250ed540877c5932b284a2512eb445043baaa9a7ec1341f	ae176f6f465c82ae443559eb36561b08919dcd4197b6734acbfefebc5f624d93	ec3e9c8a1027a32f0cbc55a418e914a6d5384e4d116c9e9f9a483213529e974e	b14214698bfa2cdadc01e994bc0dcd096bfa819d4ced8e8038649c406c55fcde	ac921c7d4e82ec983e009ad6c8b707262c5c911455ae0456ed48c6e4da8e08c9
594	b534141f9dceff90a17fc27deea0950b4641d30f1c6d9bd9de8b35fb2f1c4079	8f94d87bbf8c4ff4248256e3112f070ecb909c5e81e43835f1bb6fecaf62ecc4	7012e632c381ade20aa7e1d6a34c7136a88fd2dd0f323656447d8ddda81300be	f10d819a285a40720509b2c28152aefecb9445be966839b6a989d5266c021bf3	ade4c2a3e49cbbd64d22d1b0ff380b9626b4562d3ec75103715dfa61b1f257e2	e4e1d967ba671338333c690515f04fa0c8f1ca7886ba651fbb9197b01cea443a
595	e49e313ab01865868f6ed713d9eacd6e640c3d249c1b9e8133c7d343bad4993b	3706ac8d1e0af43a50e69c979ac759cd32287e02682e19509e8c499e8dbf1016	0cecfc4b549289d8ffd68ea9b8d462c7babee4f8010b0430d686cdb35b7f6e13	2d11f25879cca4e736f48e29e9df25d23b41cc258e7cbb795d2ee2028849eb25	991fcc896a7e8d794b916c858c88975ccd26eeb28b5943fd51ca77d74f335810	fe3f3383d00ca91950f2c31d6ed2755a9ac5573ec8de10edeb8cbb2fdc16ff87
596	7f285b5969e3a631bc2a9fac846d497e24a10a5e02f91624f408debd1583ec81	399a59ce67c293ff3b0c17be211b39f02970b596f9b7f95816b90b2b11986664	8583312c31b415dd24b2c0becbf66eebf93260661697d3319154e0fd77f6693d	ae7f339e22ce13194182d1cb539cde9f282fa6171b5047fb37f7633584020da2	2def797666fac4d9a0c266f449c32185bb59fe809c43f4a57d4f3b6211a6d0c8	3c49430681c59cbae13563a16186e30a81a440edc4d44abb598b784fb4dd3be8
597	f76990e082c315b80980f59d8a919517ee2d4426da75370bf857e6d420dd543a	8c8c4aa1c24b45a12eec0349382444ff8a013a45df6b6c1930ac3db1e93ef7c3	cde49dae4a7b2a57ab8b1d2344bd2c136d57262d81d5202132be909be12549ed	c56253b208cb2dd2223407463ff24f8f60827ff899ce78591598364663d9de2f	dd62905870087d61caa21829be02e63ad87d9e38947ecd3739501de2e1ee96ad	110f87e2e63d2550dcb929b8418040dea6c5287602f08222cb8e615cc8043d7a
598	cc5dc3d6dfdbc7e0cbe8426c6825d32ee0f6ada64c9551fdd73a15c8040aaa19	38bdb39fdcad42f0033551c32a9f9d531ea1311783ae1b8e73639b1b61048cb8	5f7f261c329af0396995a41f2ea34e8d61653f9dc451d8f4ffb9b46dc272a4aa	9edb6c885c0df8798b7d006f969246e90a99d64e06f4340eddd540357ddd3e96	1ff8c08ebe5890baec4bf1a6d01d1b9a3edeaf8774d0334e04f3ace9d0a6df05	eeba7a9be9cbb5393960c4af9479b90b0b3f015494a2eb5d0398e863a21f6cbc
599	1d29793696891d25367263ee6e285bce9682147aa275d867f2cea8b4c3ef672d	534f3e4f56c68da60a8b2df5059ca3be298a208019bccc30aec2347c745e57ff	131e240a99510a7ef3768eeb524975e042fcbd4395048d735b868fb277584604	f29f521148d0b0f2819244e6c6ac6509437f25b6b5d483172116766848ba4628	2d2a1b0405ef31e6ba738e9a534a9e157504c08d3fe4d3e4730bc0ac498836a8	f5ba071958cf3c7a8f820e91ff7a92b5f37ad3940b60fd10b9c3798c84931503
600	bf027edcab6c8ec1871b6fd11d5a4e58800324d8031b8652b80340e2afe61fff	947a09053b6e8a4a367cfac66e6ce0225203af1fa4d1f21b22aa80eb68c56930	df75c8337e453bfbcdf08618b9cd97c348a42789059966ebf1847ff287e28d00	99adb387a0418a034f357199b7c421e0d4f6010355ab4662e0de6513e57de73c	edcde2aa87c27c72be4f552eae9c78679068df4b3b2dade95ebd4e9134f32d2c	feb232a5957baf48c03c0081851e9ebd2ef5146f31ddd5502d3f691e4ef734cb
601	0692194eddcdf972a50d308a136ded003da0363c9a40543ab78089c402cb4d6e	702247a2e0788b6822c7c76b0cb282167904713f238e72537e61e7d78d89a7f8	10915c63498cd6346e0f06a4bc2ef3cec6d34e066627c2fe68753430ef355561	40e9a426567378c83f7454cf013bb64fe00e919a98d20ce3f9facd5009fabe5d	c744528d7ad8f39befd4835299f1ebf83182ec08b9263bebf8565b05c75823aa	75265eeb544751e524f17b1b32d7ea73f86781336612b97f90038d86bf863ccf
602	2eae34bd31c7e0d73ad259c47fa8ab0e358d64b0e6305f1f38c70777c7307f01	7f876fd5ea1ba035790bd4562e7161bab27f0e21a8878257590b8c8dfacca74d	486f906a1bbebc6a3b8efa5d4b80ae6f50efe95a2562c68d35df840629375181	6768b9b88a912527f2910d761f1722512f3d7aa11dde3bb71383cbf302018d20	2c8b6ce0fc0dce359d99a1bbe04a16eaf23795c52701f9ed5665dcf98ff4ec3a	817aea7e2882d9c8910598e96a279173d297d4477671503396312b68eb0d8320
603	fdc31909b717b11af8804c7988e23351b1caf98ac10dfe52c6504c6f08f31cfa	8b9080797144d2d952df690ca7440e482c53b74cdc130a03b4c205134a6f866e	b2c652f7c519c701e7ade2e7ad7f2e167b4c28e5dcc191363f759b972362c106	5e8b86da8efdec739c88744278e6616b422f2067931fb224de7aa29260362166	7350c8410148ce01b2242731afdbe0e636c694dbd9f60291bb83a014b90e868a	70a02b3771444f4692250e28dca60fc3fef292f8fa623a800f9e45f8624885cc
604	4343cc0efe2293b19022a8d623ead0b508db2125ca004eabddbe93a821c3befb	06534fe4893d6100815b2ed79bc0e67b95899d5a6e4100c183f855fa93ea6706	df74e849cf2c3d280e2b8da1a096fdd6eb01c80237a18dd4884fb2c66ee584ca	8afc209d3471dc4dfef346d00a4becc91ad72b11ee8722836e6ae078b160f5ef	559f48f7c3cd79a41fa20729b1686731f546696d022b5429fdf7b442caf19974	a6697eb210a736efb53651d067372a0aae7c67df9fd3ef1b4b9b0be8139a5b43
605	5bc79682dbdebfe82a010c07e84d313c0931818a6bf1a990fbaceb2de5788448	8b054924d71dbee9d086e0c6a55b05cde8a63c1d1356a26dfa07df446288df13	611605454fadbd7aaa40540f8d3a702b3a7fd0370ea42ca9d29c0ec9914c2b26	a48c26f46722b8f55c2f4595507cbf602de12eb768cf7928c5a15a9cd4a2a794	ec24539a8e304f54589ef4b1d92f6e606edd5828e45b168b4ab6db7b94d9700d	eeb86778938db416a9f91d5b9b3fb5c923cb1be8671b14d426c3db47bdd9f3fa
606	b21e7f6b2a37c836be9eff9219a782136c16d9f6b6d98f40f95c858d87bee01d	c80331f8e1a12d1276482673c3821872061b59eb955ea27d97c7576d8486ea73	f46e6b3f6b0740055e8773def130156e82ac877b7a447dd49821c272428fb113	300eb328ddc3863153f9a9006af9427b096c0b612829fe16fb1ede608c831493	fcde4fc4513f6df7577f42a957682d54804f047e999b2f366a417658de5877d6	eee32ccc922527d56a4f3aa169682ac57ef58aa08b5d4bfa8673ca4c4d76e2f6
607	95240ef659013f6526acb4c873381610508e584b85e2322f8a20bf4a220bbbde	70c595c3e4b7c8999882ec4db5f471a3312cb7ea6fb09ec8e1a0f194182ae33c	d5ac7a3e158af7c0467f022022025ceee2ab404b569b5d16d0d9e66089d66bba	4169e23ed781ffbeb61680e4fa6a25bf4d77667746c2503165c1206948baba60	2cd9bc7a1d8b2a3e661abc622f7aa668c586659a897b8dbc3491da09425b0d3f	29cff388e83e68e3a51127a800da62251a6eb007467d6cb55b296b2ce5559fc5
608	21d655c6c1f13f1a2b3dbb084d8a178ffe0048f2e6325f6e5dd281bf19b6d00a	d6b8e95df9b879ea9877e06c1b3b24590dc3450f94ec742f75d92ffca10ef8c6	5f4e841d1733fd7d5a0f6abcba73d1cecab2b409231d137de63ec0560dea0e3b	76f545064dfbe025135f502b2347f7d87928df131882f6ebf6e883cb11380b7f	ace5c94ff5dfccbb2538f31f6c8c6409741b294bff31a6d4bcd8cb310071538a	3019008a1c4dc07483de186fa000f42401fba5316d7d66f0e6ada754c781023b
609	9994ffdad70ebcfe3cec07e9f1ab333cf89fd570d2a5be431ed1048e74bb9819	4bc8d2f64936679927f609801d4417622309b85b3b46ca7134bcaefb3e5ba037	1356bdacfb88830aaa6caa35b4fb629fd74785f23128dc79305bfb1cbd8634b2	7c0bd01e2121449f25d0199d16d160739fd6117a47d859f345fae90e7eea96f0	8f676c88274a6aa3b279237186648eb41b2e5b9685ae6750f9c46ab7ad6c4e27	d84755443d1621c1c04622e7463f9ad1b0d08aea869f70dfce89346ed156e3bd
610	9290a9e795c340324f17bb478ae75d694f9a48c4ba038baa4256496e94af5c2d	1592e83ff2364a82a45e1d9e97386ef6d10c2358f54f11f536af0e04b86fde72	52b80e89353f87e7b28668b15877514739298feaa29a100ed5f73a49e07afadb	4175ec9538b150d8e6881542ad13b45f95ce193201d0b7b7c7ced28455a79ad6	2aa0f51120f6779c4f36a565d38dd67ea8e0954e00a0299f2eb24bec1d3e5e26	6db6fa3ff2b7b002bcafc35d6d1d578df87e3c959e84b88d786a209abaa8217a
611	f73b841f27a656ac683543e0bf8368f745f04821a86be0fc7d0fae1ff4dfb3ea	7e2c3ac7b8ac96f30b7237e8fe2e6965600f953572e99393f0dbc9cd1e96535c	8f58253ce92d60054b0382c5cb6694acb2cc70c086f9722018761aa9b9521a4b	162e7c549f4797ec57df8c566ec0deec127d16cd9404e16c52ff0895c3a2b48b	23614acf26f150502a2e418db986293324b9f1c46940b9b4fb3ede0440558648	7e239819bf45b86b74ae4c8a2cd3c07432e5fd8f2de7f2c5d21d3ef2465fde86
612	421673bb38a36fce7e2379b2d313a130a272e358b4d7fddb3ea968456a8ca012	e54258ac611e4a94d3e4946f6d5548355a626985df88b8c119e2a06810bc3173	a6e9cbbc6b463b50fe5ceda878b338720dd61cee23c4d6d36e630d81cdded4e5	627e0b311907d0667e5da7f8f0493142a221353ad83d806bffde9f26851ca6bc	1c11ea31a715498ed12a4f22e2997694c664183e36bc2807189b8d7ef0a1db82	6999c725b27cc1df1cffbad3d0bd730cf113f7f357cd4482a9a1f622da0e6d04
613	90bc2c1536acbcdcde8fda0275ac233bc53b5c52f705a528ce1f0fbc3e561e9a	6cbe8a82e15670b4aed93cfd78d8c084ded6d0d0b495a9f4f243e5c74f75f525	13308b7932cf92d722190f09a957ea5321212e0758364adf366785042f8e5e9c	a2f535c0d934f3b18a8101203dca9712dc921e19898bfdcafc437bd3d052df2c	e76dd1dbfd5dd6a9c5c9d89db76d0b375d79d60478dd9666f03aa612f1d83792	e78b98743efe9781387a79c9fc04f607b84953439dd2a9f61bc703472d44699e
614	d6e0cf32283c1de297c833a0e87579beb4e0c4b2310b6ddb185be92a01047a75	6a5e4aee440e0692851dcb6d39d410a063fd4960a8b79de386caeecec58ec56f	85e2c87512b8545a17e08287d1920772799488f5c9e8d80b9af923efc185e48c	b16d45232339b6315cb3ff9b06e91bda995e08b88f393b38c859815558130b46	e42864c861e748560142cdfe73807dd8c8d05ca1ee41191c69240a1a28c9ef67	6a6013e40d2ec67774250511c50e112c34c3a99a2f80688bb3503fcf35cbcc0d
615	d55c92dbc9bc0328ba4d554ff1362215a099d04518ef260b27d38e83666762b3	f3b6b5d9669cfdb2a0c52d8acc567c7222055e90648d32f6e3ecfa8923396579	bb13b004876fa0f0ab60e47abb70b6d231773cb0d00b2b4466a1a3f7ad129742	fdeb47a033c39d8146371bc78ac87e822e442c2c84d9a9928bf709fd7c1f4942	b1a193579a4679e5b5a0586acf32d47e2951c49ca7b372c28bf93ee1b116b497	dd77dc418dedf2cc2c685263222aaef8b58cc9fcce19a3a2a2d1d7595e1511ec
616	fbd6a28b1ef53100720dcdc8bc37d53bd5d83c3c13b34ca169f20430240038c2	8aa84deb5025cbddf18ced84e61b86d3276c1dc6657ef6d3a9c12aa9233e02a2	e37d54aa1e2c2cf509e1b9477a568e7e8b618344537110f8e952581e65276d80	fda5f3b5041968e151cb6cef2bd9d361e451a8821da9fb6641dec1780c68c6a0	867c372702c2b68c18f12189c2a456615041087c25783fd01247edf0db20fb1c	c7d16568487cf4039cae7a9c28598bc5e9827d3b28703d6a912d9032daaf84e4
617	74f387ef7dd7e53ba8b1d5c11c695863f58bf29e6eba1a792e2784bb6fe69a8f	89e272623c76c7f0d5f6acdea8014ee1edfa1c45ff5677c288c35eab5aa89bcf	61190a34c87f8321774fafc04946ed67073d41aeb598de461c0bb8a3f0547751	e093ddb7afcc6f603016f1604522607e49118cb8e2c673db506453171a8c0845	d545f8ed17ebd940a74cd16480ba9ecbb1f0334e95c522b3e10d44d2c71007e0	320097956e83c7a17d9cd1f0df2921a7f93bf9e9e939fb6a679bdb4bb870c046
618	c51b2635a5d2f1af53b3c14a54012dce234c4361bee57ca985a24c5f4432cee5	b30d773e03e07839022750d89a0bbffd902fe6429e622abd243cb0e7973f3e78	bf8c4805e8c4258515bfc08cc205372af5f6ac4eb69aecb2f678db16a3d91d8f	bbb259069809aa29cc1040ca601b1606780fe958682633b90225c5e249b6fd97	34014a6445c915294f05ad226c630445414d0d8afa802904abc0f1514a890496	690e84cbab3e0b3a513b64aad25060cced9557ef4654d1be87488b280e0128fd
619	b08d13de3971a72cd75d5bc83533cafe1092abbe8161f71e964ef87a360aca3c	695e5ad168ddc7ee225055e0be4c77760972825ed8020c8e61168ce109b1fc6b	7a7fdc3a86dad56368e4000eb0f8a710f358ab6026eb7dfcc05d05fcaee10c1b	4b9294dbe73dd6d13cdd3b3c60274061fc3a0903a70603d923a593807cdc50c1	10a4ad61d7ed03dd315e19dc85c5acdea0cc742918bee81d1251b5633102bd5e	80a4c7645fd5450af38a6ae94e0b225520a64a25c0406e420304a74037fb0075
620	a85bcd125c686f85bb0b99bbf4aa3ae48cb4ce132f43c81ae2bcc6500045dbbc	55ee0731a27cf12abb198629eb0cb841f1d7ff1c9c4cbff122ac72ac6aa01537	45111cf97bf7be3b1b36a65f7dc8ba012420608e63a61342010405808fbca43d	f1146aff6be8b4cb45992932105815ea5dadc69418335c643ac81a5b4ad09049	39066211a967ed346bd6fa34ad7081452b2ebcc83394bccccbd5b0c05f67299c	9f5ce77434e244962b25d29a715bc5ebbc3790cacb80d062ba433d4091e40499
621	c97bc6549426ef973f4a18fc9b88833178bb07ab76f9a0dedd7fae366866dc64	de977194d168bea96698184e5ac0da65dbe615a31dd8d2c3770c2116145201b7	d3431cc5a6033e2b67ddd81235c54466caf5c11ff0326770555fea7be4e864df	a6d26ee3696ce538a7ca64944de8881f88f5cfafd2a23de2b169118a6ba96566	32846fe37eb4460bf645cb8e6bdaef65a7372b90539b6e8095c89b462836a86e	57361e51960156a014c2e27982707ee0fa6113f182a486c52ffae56f77981a65
622	8ddf5e0573483cd8208c3f4ac12d62839423294142ea65a301c725df19566296	80d8b9dcaf7c6aab82cbb924b47ab3ecb0441447709eb551b7b2bd1653b5bd9f	00ec2118c74ec8575eec9752f7bed754631c7bc74401d061577594d90eac7182	5ac841147184c93b662fa7507cb30aad4ecfa4c02031269412ba153e909714af	7be2be960327dd663f0eb122b419fb343616caa475c7a43f2d11cc1c39e0987f	4bafadbc06e5f777abbdb29254808c4469c6bc6edbbe5def2c445670b02d5c31
623	57685ea7bd259fde0e8bd95dcd191ad20141c4175600d5386425bd883560eb54	665d821a7e9ab13479e3fe2a52d4c43c13608d833a89af8ae9c5ccf09f8fbf4a	ebcd8ee2ff431bfdde76e6c745096e27100f2986cf6431846327a27947618a6a	dd03a6585c36d506aa4725f4029a76f7e8c03181c0bd531b439deb1ab9ade15d	d11e100698ff67811338b10bc175e4079161cdac59a6534369b0e81d23d447e3	caa54854f727b3e238240ccba44950eb8f19a42d38038bf9b66e11c980d1ef8f
624	0ba4aa9beb579c271499806b8f084db46a1f4058d3b144e3e2443c2a2c1a87f0	9932e646531329bedb94ba3d6fa1f191d60edc5e89344e58fdfc1d3136f66475	fe0993bbfa9bb001b9c8f9fd01f93f253d5855510425325fa319a936d8c5480f	04042d2edaac0be5fc89f28cecd8638c78b2b2254623f8d34969c379bda2585a	fb576b3ffc50d79a48f1ed9cf8d5999104a9cb862fc11b06b99cf55d438fbe3c	9dd0e587b7ec8b2c4d9c16910995c90092c07f88966515e051e2119c4d3ba94d
625	e8b28e95fc409c0be1b1c291bcb117df580998402ec231e7e297f14091b8b0b3	0f1246e0a380756a899c342064e7b1cd7868f593a129bb6056af844573664a65	8b7e71a6b7b8a50a08fdb26ac4a45290ebd36670c4d7d969e3d70ef983866158	0511a936dea17695a1f9ea852d1185cba2caf61581a84508f2cffac6357a0291	48a545e89a43313cbd8f9be43f6983e112f664c9df1eb91bd8cec86b2716e2fe	654d33ec4eaa5198e35fd11ceae42be01a5caaf47c94db1e521bab8081c75edd
626	2269ece69c349ed326b1a0bd0bbefd476c1e5eba70475a84b4d7bfdda1186e2f	ca8eb77c38904e54b8f2383a0fa67db0ebc950dcb73e6a6c3cb50b3093b370b4	d3ec5af45b992bbb9e60df0db60909e9da7c626f07f2a2212da2a2a55161222b	40c32a7e740f3150573792807aee62f4a3500b38270ce923d08965e2d4c94f70	a9fbb8b110066a31e38ad452477f6b34edfbcefab0da27324518eae1e91762e4	bac000956064b23193f6c925babba73cac4a3adbab72e0a9aa71e046507bfd9f
627	d964a06f4e36728733569ae91baef96978cf403eb2632495eb1d115330d4a08a	a0c9e50e573785fd92c956668f91296021f9b61d920470891984b89b138b310e	cb3e9356dcc800ff06a751756731565bb3d67c46ef91d04511eaae1fd6d4e601	bd8c7640ed322ffe7afa142cee48549e194cd55e2993a734cc541d86256b2179	2529317dfa6f2b1b48c1619dc2f80ee1d21f3c57e67708ae34ac0d2281dd3538	5b44564b00a73ebc9b383a851bf305f64e2f803e99f15b7c1f6a4858e8fdd427
628	9d81b402accf54953760d1cb3893120f723c893120b0e6ffa4bab8edc77cee51	636393380d503b963cfeec04590fac4e448cb26a8e7c1e9ff50a39794903e7f7	9ca31387f34fdf164fe750258e08b2e4421241ad9a94e4beb65f5e476aa01c5d	f5196d110536607f5ba909a97f6c1139fb9b272b7c5826da9a4e1271a07bfaf2	198c50b9ede89fbdccf44c735f635278a81aa2371f6db6d1d9c72f033e45ee28	141357c41eaab21a9569dc45d4aacba0a0a693436abedcc59d4ecce499353b8c
629	1ee9ba64a5b35372554b54b4dbf54607e30eeb2073eea5f98b25ee470575f6c1	426a3bc1a53d9553992948c18bdbade1e99a67afec5bec1b819c90ff76dac81f	368b923fb879088ec1193fa3a9375e6e16821441c33069325d1b622f9a30839f	33e91e59041464855452e6b9838cc13d3634f5fcb35805519d67a3ea3e254b33	e73dde005189b0f0c7554f8b68382d132e7821b8992f568c6bfc5496acfdbaad	04d05fb9b94b4e398545c7340059c47ec53f497a17852f5cf4b90cae5e7d7af0
630	12ddb8e394cfccff61752f92c548adf6f51b6f34554f18c5149568989265a0d6	a0a98a8495b9328701f6f48c0e41ba01976f158f7ef93b67bcade211a167480a	1643f08cbf5640035ee765c911745f5ebf2c8da227ebee0a89e3ae81b10d8578	5e220c207e411a947ba91ffde7b49fe20a530d0d22a6baec0802e304dda3f618	eff8c035693e1a16f9162ae9e6a31246e36d51cae3925cc1c04b6029e21203c2	1cd2eba3ae10c7c0eda1f640a9073cae0dbd6e8d5f00482da90dcfbca7a3af43
631	699cd5562a2e83102e9d3f87ae9ee574d33bd3672849bee9733cc7c901fa5dcb	0ba50aa1817ffe7e3095102b30a5927d183e88386a87d045837dd715ee54c951	aa113c8c2a3859b971ba9ea958916a7ffe667b74988ae93b4db099acf48b1a73	1a449105adcf25cae728a64977e9842e199e39e79276cee1d2a6deb1184cc7ae	0e1b0fbab27d453841d248289555f9778412b54961dbba1dc0ac77a50e3bd726	3966f7ad4da36ad706c4ba176e79877ba5d1c19f7674c884d30b0a76de42c0ba
632	521f3477f0f677c5f2fa1b35538b5e9530140841562bff4ebe91d35d3b72279d	c6750e88ee7816fde5cc8ab5a3f530ceb2b3716829139b6457be607d66c9f2a1	cdbfd79a22b2dc74f9b44a8815d17782bc0e426c451762188b7a96e9d1409875	ef0d8a14a283cc3de2a5923c64f74d48f78775f40e6632739cb476feee04300d	b93b2ea2bcc221d52231fe3b3f1375a2360ca94f71f639243cb4019bc024a41a	024c9e3a48715ccefad88ea119d9bf4d1aca1294ea4fea949acd8d21eb52bc76
633	9b916cd7369687fdb03a06e0ccd2831ef1dac9b91970e9740918b9ea64bc0fb9	bfdc851fab11e258f246aff7bbb8ac68ee9c0e5149ce2d7effb999d8b0be4d71	84a4d598de2cc7c386ff6c079f8ca8296725bb264c820767320e8a3102308094	520e0e06680faf6ed6cd34616e08ff1c1c77f43b7099c8ef8c4560ce2599e349	338b3b9004638769fab28049b3a737dd0c837b38558155c50d60bbf756395fcb	f844f1ecc577e96fe916746736a2d07c960497978058b658a2c6cd2dbc3c8fd3
634	6984cb15aaee0c1fd44e8a069f902799f3f91f7d0a1ba519cd0c575caa4d844e	370dfa982e36886978afd094814fc5d8e19153cc58e90b70f4d23dc3fe099886	1a4f0201b825dbcb8a300543c7399fedfa156546788ce6e947e440b85c1b9828	4039da5acd3f22538445267fb7036a50868579d92addaa33c89dd416ef21f1ca	22f7f76dab37aa6201c8e3de3d5b0127788a9f753fab5433ad957981d7ab4a1b	994ede52fab6d8131aadbdb3a1b19fb2c7ce63687ca6a10630b5161d72954932
635	85b43088eb57495ab309f3cac5eefdbc81669fb0fbc4e13ad59b02728fd456b0	55e00d37dc73ee2b2d01edd29b9a06fc0ed3ee1dca0ccc3c277c5c2cf6bcf5b3	5526ba0a21be759407e96f350c5340837eefb51cb143b97266e23f658c18a673	0fbd9e0f33f13f5237f6f8398cbb0b233a56a0d35bee53a5c55f73cdbbea7555	bb6a598ee9c0c6abdca16fa93913ec40625e8552cc61fc5e285ea464dbcdbda5	7ed769dd4ae46c9afce24bdbcdc24a1d2e7614e934c0941c3804bc77e0931ac6
636	e56f60e67de9f2fe2b6aa7184ddbfad6a94efb2374f16bc6939372575c373d8e	38971c2242973788f6b274f15380171a453a7790dceaf4f4a662fbdf11682f21	c5352659d66145a114199e9e051054d5861820e7cc6fdbded2c80973ee70ce97	a5b7e7ae2496fa4f31d00bdda1af050503ebd577b28b991647eaf3b62cb648d6	83ac58281d83c3eca8b0abb563b5a8e8646b08e165eaf9206c212b72d866ece9	b42756e2be909f26b495ed08209b93be23e17aeb45df58e2dff2327b96c6b02d
637	c49625761893f8c1ab76885ac5878e7b2c60835ef60af564f1266524cfa9e7ea	152790d044986b56295e855e0615db01de72fb0bbfc658b295a709b9c1cfcd8d	0fb9c946ec662741d37d25f7f8782bf1c33ede7ec2ab21b763aa909d955e2d4e	e161e19486403f9de04612800661267b8f51974347511d5233db0b429cc19d2f	c32869d0fc40714496efa8a083fed96dd6b0f464ed63fdb54c5db3e3d2ee32fb	d230166ff062f011448d8883d5dd6e2d70a7482f06b16aada0654965533d33a0
638	406d6fe1419d6140b117ecc8f422294c8c58ea83c9c4e8fdc125031a52e710b6	825040461a0abc98d8277416370a275912abfe7b9f62092be9d199d5c5164a18	0921e4d7b8e70e1d2bb66ae8d54f0a157bc5f8cc63373d2c26e424906dc07712	1ac1001764762ef352f033b6453491e905d9f0619ea8fbcc001399d7db81a286	eee9812d624d3df23c03ff21a9029353630d11023d4268093415293623e71d40	8fbf65898545b59ee5f4f0843be4ccadaf0b5673cd9bb2f0c63869734456a8df
639	2a5b353d4a0ff1b2759c7ff749abb833302576c03504b1d640cdecca082cc71b	a780599efc52ab8323154990fcb97c8566ef50bec5460600c0e2d2d487059009	b7464bfa16eaaafddd3ab98c7574dc1432f878e6bacdb456f41acfe350663276	b8a3a07fdbca8c05cae788ea40b56ed25365e2365dd0441dfb0064796fbe90ac	447fafda7d2d2174a10e39ec380900caa6bcaeb19c5b4e599748b35614c91f1f	a4765eae2999286aa5be657bf1f6a176508e6b150359e14507b8c6c54b983418
640	3500060b61d2752f1a89e3baad4e586fa5bb53b39b37c166917cda67c8a694bf	b93d70fd35870db6e6fa0dbab3d2d4578578d7cb10ed06d700aa9b1df485852e	42d0a95b84cdd287dfd9f18dccbe5912f69aa1cc64c9351cf9d6efc36b9ec99f	8e06750dc54b4cbcfacd2c3257cc927a1259a36ee82d099b3cfe0647a6d9d03a	d7e9588d1c0130f91baac1c73e47204c698ea092c0558c8f081340703d6fcef9	67441adbaa3daed774817da9ff07a6660a5d18cde1828fcf47a000a4437fd748
641	07f7c25c816117bd3f510b86f9442b98caaea4778ec18335bd1e7d0909253e28	7cfa31261500fb22ba1015540661a5d1d3096f62e796b49a7f3b9ae719725c94	e15782cf9500eac2395d865e08ffc66903a9f38c8e4e2eae0b4b7880903a67c1	98dc69156427df99dc0f566120870547b7229112b0f0c9c1611cf3d5524a1762	cdde60db71b970947f15a98af96bc6b18198d4b4fe1c55a4f3900c85ca2ab6c0	6dd9b13858a1555d906297998b8f02421fae626a74d4b626d6f9580e2fb09895
642	bdb8fd7d1da8a8e71d9a87837d23c11739697e6aa2ec28fb321b8d2ea4ed2006	c08fba66e14b48f086928d0c567ad29c495a973fccf605deac520be200e8ec5a	394fbd8ee5d298536a58f78d6691a7aab7a311d821983cc195afe9dbfe7d0976	4e05a4c0c9ce857c3194efee79fe37175fede74126948cb412f2426203934521	d2d0f3ebb20ac2043742c41c183776e5144d041b82da8699b126793b04263ca0	4936cb3e79e591b2d57921359bb8e152f7bc417019b64e1e4241070d83fbb4b6
643	00d62dde461b999cd4e9040ca4d7328562eca12e1f9c628dcc7016915d46c8c2	14c46785efdc84011c90ec25fa86d01b0101aff6bb860070ffd49844898b8683	c818396f43805222fcd45468a4d228c241e13c7ee855f25f07c29e23eb24f1bf	a5aafeb846317dac657014819e37aaa119133f7d4eb4f28da683cf001898f4c9	073ede9b5b92fb848ccdc9b6df7357c281878617b305b7aeceb7e34a906b8478	1dece44c3d0ab773f964c5d42cc3c6e88c0cc8bd802b2380f736e0d453463c8d
644	8356e9932374f9ddf8efd33a927d03235907be9a157e9e07195a04c87b367fc9	b547445c445002c708947e554e8a50f9194cc70832c071876eedead4ca3bea51	30b3ae1c48c1d3741576b598ab69e2a0e3dd6b5df2f3e61ee84a93a8190cfc6f	fb89e79f0f0affc7f71075961fdffa2621e8cc9f0075355b160d984ae283de91	6cd37c323c75b3a7047821553579e13b9d9eb9082b8fbc7b65e4ea69fbf2e939	23f553f6c2a4305196f2706df08e2bc83867944bc40caaca24169446850340ec
645	7931ed0715965e10cfa2b335422bf1f3a6b14752aeeb36e4524961fa7315fd21	9553488260f1c49dc5aba6f22f5fb36ff27f947d12cf74d4c74612c5a3daab9c	0f518decccfd26312cf6633309915ed726052345cca7a52a8a1ef8c9ebfdba5d	c98d51da77b2fea099a93ba6d086eb66fdae0276ea2342fd0a9cf202ef21250a	917d484f56f378f639c354553cac0a6492c6bc151c64aca383686df32b034f48	909d78a5135ef044721e8d3639948f525d09baeb0337a431fc12afac89a796c5
646	d476603120ca6bfcb94f5014e8fa3429392ed4563cae8c656026687e70047f8d	9446f4063b2aef12e56cc1dceac546a502a6ad6bd2db12a31f7c76d846a7e225	783308163129d670564aaafdadb77aa477c31a4e84e1afb375f55fbba990318a	d7406eeacf0860a3a438ba21cd14692b0ffc8567abe2cf2c0eb0c49758852cb6	64b3c72767688f08facaf1b51c44fc36c24a8f8e37cae22d56c3bab03573c8a4	11d5ec29ef47caccf246b603a2b98a4879c7667176e7a9c39673a14d5ebb970e
647	6fa159b73572f0f59716c22575c6b7510a13892b3bed5c02589a73ea1569f878	977fa9a03c07dd4ea61c7b77122ca6aa77735dcb35b0f51bca9e8c5e29428079	c9b1a5f8194fe50bef53184a036e102adc06a9e291d2a6eb4229e61ec0de531a	4049c0408ab57886df7bec6fda8eb24277cf86e966fa38f48ffc414a10b924dc	d50f284eba9b37b8fe800c19dc7e55e2bcd2657cb243aa3fdc2a5e4bd11c7ada	f1aacff863e11cb4a2370ad7520c8c1531d16ceb34cca9fa5d5caf1547434647
648	8bf0b62fc1492509caad26b3ed441b1a45a87d1facf48cbac8c1c0541d0472fa	e9753e7317d8cb776aba50c534687353edbcea90690f7b1d438ea203c34a0472	96e8ad0a53e3486a3fe134e518f02eefb42a52ab36e5e0155f1b1bb74c1a005f	16afc47f14cef01e336fd8f96e1482e97fb598cbbc991d655036a970ba21a146	7bb994d2f496fb4821a79e211cee6a10c52433d1d2d109e95322aba8cecd10cb	7fab8e034f598968c62d080faadb72cdca8e73b2df3c838a9026339e2a967b18
649	bfbbbef47ce436285c482f88f87445a06142d0659d6fc2d4ed526ca52879c31a	7c4c4df72066abcc8e268ee37e3a1638ad574f4122201d8c474789edbf58f7bb	3d4bfaba42240ef699eca84477d690fac1b1482ab4c9bcbe27f05c1cf3dc9d9f	7e8c51a76305b94564546b3d12bfb41380f9a8bdfb8d71e60558b301e4b3f85a	9945e6e27acce29b06f72f3de331fb55f7fd150076c8324143cdfd9f0ed05c63	c535f265513baf2ea0ce0e2fdda307628433619492d5576c4fe7502b1916fc81
650	0e27b7a20c5fd544ff8983de1239c6ef7eac1ca5b59df38f9f3cd9f870048b53	d0ce39027d7b6c24acf7399ac3ff021bf3d30d63d9ba55a9233db7ba12edeac9	7cb3c80d36d8a0f174e2267306df1dd9404242145f5f00c27ad4c8bef8ef7b03	4c2650c47d133535ada64268a8c74810df7729e4f7044d718898dc865391fe14	583d446c89e3b6d1431e76f934de9cd011cba2f3c817704018f33b456042e8b1	6c4fb3bfe40487be4170103b9b571b107e28bf8a0a68a47391c916ee05e7ab01
651	a06aa708339ae7253083ee2259acff1bea2eab3017941a3618be44dcc1237a3d	7ed40012341aae56fc6355da4cc39600a5cb4a388dcfc2be0887274194e70b77	f8ad9f29435b335a08dd03271efe3985ef6efae8172ef9bddb6600dd99f51fcd	d2670fd0d1c890d8cb114769dd0afc0308f90560749f8c437b6180d1684cd53e	7d2e245dbf06a8af9b95e634c684b1037170b87e43784b2660a986165a562e90	b06343573c722196ed475cd70ff30abee14c01cbc5e531efc867d8e815cd850c
652	9ea279ce3f32bcf62142a9488ee014140cc798c9572c65d7d885ac268382427b	2688b9cc483035e82da6309d0f3df3fd0647cf140595bd779de9f9b5f5a98674	903ad6ae751d6552186489cf97a1a0fe189777f13b192de407ec70e84989e3f8	c9da63dad6089a6ac13f66515ead6317ae9d9aafa1ff356fb651936053a2c04f	812348654f195da7e7831b4b0a4d273fa47c08ac9ca8b9d6509a27372ef40ce2	baff8381a0f4114ee2dea98c209a182b54fff3fa7276150cc25d575fae09c73d
653	9d6285aa9477ddf8dc24ba8d6f8f8104b6893d7dec25f875c8ec324e22f0c37c	0af8cefe5461f6b923e77156a2b5a95ea7a71aed54b44186cd370f3a0e25f271	5c7c95b84a02879ac72a1a7e3ed7893ad8fc10429294680d2865f66ac5988ce9	589c6a6f7884abb0b5ac88e860807a46595d9f13e887253994491475f50c55eb	8dba3dd646e0d17163e94956650d777ebad2919a2216e12b7a44cf49d07ef97c	e6938495c5f36ae283cd644f44be581cc8ea67d35e1019e8e7a6c867ca0cb0a4
654	92d38bb89090237b9f49484ce8752c1a095bc6d2a7e8773874d6ee1620bd0f90	036eff98a236dbde3e8ce35bff0e06ce17b792a6a98dadfa28f32d5a48955690	12e9a3d6c5dd46aecfcefc43cd6a35ea2c1ed35710a31a3d4c2a2e84cca4a70f	c0e9ed315a4b6c4c3869fce46277f76bd16d918e8b4e0a15e8103a2a630a6399	ef7067e948df8614f19546bac9d1a34123ac032a4fc6bf52f1533a1aa76cc239	2c5428c7a83637983a1738b68a11a5c6427624c00c873d3f7a5cc63043e6b7ba
655	1acb55b63aea5df8ca41bf5d89367ae2b936bcfcc47f5e1b7e4fd7c76d3e1152	02c7f8370517f025bef6b6672a5dad2dd9c5fc4a285a5b37ef176e7818413deb	14f12779d8486560daf9f52fea4645da8661d92e26b99ab067917263bea78f89	cb4dd20da38963b71632cb1837c022f9f238d7b971325f5aa32b25a6cd58ef0b	3bc997044b7fd8f8621d42f2d77905b9fa81822ac82efc6b51206a0515f51f00	5ca2d4975ce8920548b3bed48638af04e6cd1d94079833e97d190cd8f5423408
656	ae594c3321a68b5827c704208928daf86c8ba85ee095ffec95db30e38fcdb5d4	f7f11725974940dc00d8f751da18044c7978e6b241879d4a2ea527dee6f93f57	58c730918e0e55cfdf00e981d0ea853229e05adb553c4aa029c781566007f8dd	94471959fa2df993b3d2d91c841e17337f95a2738f5ae2518bd56dbda0eca825	d9ee5af0ccd00ab42b93f50169e1a6ac5c4baff736b6e1b06d796021dcedeced	5e0f0ee9409ba8872554ccbb9683a77bcf8cfbfcfe3fe392bcb58be4507bbf12
657	58fd5093192dcf648e7cefddfcd30dc71136f4640be45d1e4d96ca2a799f2973	61fa556f466f58f2eb2204fa3eac84a9cd52315e741295e417f8d50b7663b4b7	6b04a349394cfc575312043edbeb69b46c26ec955b303fa7a0c770d270267e9e	f0ee36acf3233b3d910616438a92e020cf4c0f12cff4e4a66dd985843b7740bd	6fa5687609d18255d2fa76fb8b68e45eb6da676b1580649834b6306d7ed3739e	ba1983232e5ce90ab4dbd0dab152abdf6e23a046912db4af8adda574eb4e0291
658	7a6462ce23a256ed55f6cf90252b6cac5ed82d02c1406d2821666ae3379adad2	935901728679c46dd2579d08b88ce02f12038743a5011fa17b877517fa38620a	c9816cda5c3309f9b90e2e1839d5d56547c518a1b94d768b46bab05779dfc9ef	6e274651011e4755b174f83bf5e05f11b0b89ea8a2e2b7d6bc785240db6bf7a7	7eaa489e32db92dd7fe5081930fcccb1bca8a1939d1deab4392067f09fee7761	5413452d237226ab65512da52c88b5b098bdf85cec50090f00548e34d0e8f260
659	bb66bc4ad6ae243a3891e2cd0b56911c54797ad23d864abae47c4361f2cd88e8	e1c4272c2a2a1f26e11b012b21661c489cbff95561ac5060bed1da65cc33b649	64d8b34196f186121c0f48bc9cfe899f607f468a6ad6a9a90d2f68998fa36c94	cc0dc9f3a145db19acad985f594f1646c185ae367e3525a23142ac2525b531d6	700f95dc9098ab4f88f263fa05151e4517dc60cb5702f890b46482ffbc66a224	4362951adf148f2c606bc0160db752ee3580d0f06bda30fe34e4d3c2babd481f
660	3f09ae4343ba6aefb0f233ec4e2125dc3b8f46748f3735641b1b6504b5eb0f9f	84e445deb6f93c1babe34f5dcb8e6afbfe3e80c55d3829f5b8193e3ef9cb8d60	bd45f67715acf204b135033f17bde2ea66fd29ffbdc4d5c52edb20477dd6bfa8	2dae4d8c1817d0521a1433d2d1565f23ee95fb323cd2adff85ad9ae596e7ae95	7ba8c57acfd87e5446eaa1589c2d63a3d1fe9b0eb4a4dbb65441fa3c4c2df618	439782dc5e24dc8a0f1f3f425ee91ab73a1380308e3737a949310e4382640d0a
661	e96fcf84b0c83cbece9f7dc73329dd489c21c7b12c99b83f44e19523cf4a4d0c	ccb1ac38e00dae2c2e5a3563a52aa89ee791ad400816b878464d5f8cd097b05a	b0da29ba9a904a090fed4e84b9f1b60e765469f5c90dff0077d53e272eb54724	83a573d80de222d5d5f387428db0c3f5440bd92f57d0117f915c7c9603eb1aca	25717c8de71bbf26c358de72695b7f161dd734e9f078c283dc2cf23ec564e299	a608c53afed21a67eb81dbaf3cd6ac6daa525ba201f707539713b95b032e358b
662	ae3b395ae5f8dd0c996ef1f8372000461d564312b2b2f9149221cde1ea54f88a	1947f42c789c7eea947f6885f927bdc2b74f41391308a5f85585043afb93971c	0c0a9ea7ec8a31372bd206be8c43ea0f7efb79746c6ff7ef2126cdcfe264e9d8	13969efa6264c8b6697cfa449c11198376ff225daf375d89fe8d7034d2731596	84486b7980d65a7f008b4282a895836440877dff4c08aca852ceb8687baac0b9	1b78a1088f061ebaa667900a4eb7523ce97e49c62a01856c70b2243625872d9a
663	582db82a075cbb08224ff3616d2cc117924213c2fef39247c652ecaddfbf29ed	5274b50623dec004b1c40fda3d11056a16158507ea84e376c0d372585fb95751	b7a751a48869f1adec2d306179e31c2e18748a004bcf2cdfabe737f7ac042ad1	ca08798d692841422774f781c62424df421f56a50c6732bc81d7b5ac60b75da1	e45e1ff39a8a8246bae3a5dff2ca1b3a71d261a0446eae12c3f95cd367a236c7	89a68f95e33d5c46ea5ad2ba4af6848275f74eed729cac6687f8a4b98195a35b
664	fe76e3ed8c84909599bebc8fd20526405f72bd4618d89918484dea1be429c60f	00c65bb78d17836951584c6dc8a5a845456c284f08abc395262a2aa95b7602a4	e7a9582a34bdaff3f1b38956748e69b8a3028d88c247da9137ac557f1823f247	449af1f74083ed22ad668c16f06752b36bf7e56a460ef18845730224e08c1f8f	ef1dd7090d41e60a7553094a7bf8acb6a6f323bc7e9a7202d848db57e2055e4b	a40f05cf2ce9da31ad97303ea30eecdd4d91da07a70f3259dfe522548d061c19
665	d2efc430e34003f44e9620c32bd76d771748a8fef17518f01ae8ecd8bfb351be	410e2ec6c88673260712ef16db8e566ade40da07ca0f517e9421cb97a04475ee	59b26074f90bbd359120df010482e2024a1a5223f778f14592886f388f290c52	382dae00adcfb3a073a7a8c0ec0ead6acd1dfe8e116561812161f13d98f5331e	dd02dd7a419c336c270681bcb4ec679e1ea108240ff67532c80986a9e2e2bbac	c1756e83b2ce50dda4ae21c9e6e9aca1fc2d1e548e6c764420269eebe455aa91
666	1e9a7d30e6bf083c3a555e35ecdffc71fef127999917d820f2d62c919e57f4fa	6bf2f4ce0fb010474da2ea5b08127195964d61b0e4557e3ff7eff43ece3bc35f	bc9378d2360d949b8403e7b07f55833c4908800656181f8d55d3285543cee404	0362a6244d1b130317c91198698de51db14af3fb34d231997f34bbb0453c57bb	52222bcc099754629a44a9e4264fd57e9f19b63fcf0da6073521fa3c95b19fb6	3e0ba4a413252d1f7828817d162b5c93cd7e7953cfb05affe93d0a8b68e3eb7b
667	038023ff05d4e9416ac21c38d537a878b8ac33405851a61f4fb12f4fdcc96655	74ed8e965b79502695210a974441702b9f3276bb784610ab75f9494a7cb5aa38	c7fb719e52abe96b75c4331b861d79d74ac340172f1a02e16f4d52a83b87abd8	ac8d1f1932732ac97295895b1adc3606252878bae46a257f56394f7d32ae389e	3429fa6ca997f8494fb7a4ea0caa5d7f6361a42b9c05c42637d6ca4f456ee9bb	2652721d3a1cf76993f4fe6a04caf8fed03985c31f150cfb340ec92f5527aade
668	d5d59f8b73f457073d9a427bdeab7980f603df7efad7afd71c847e154199728e	03d2e9ee2802180a4e943da29a61b896a17d4dd4bd3fa5335c2fc448269838d5	097279642fe4e4ed0d64c474710a093b262e5a36fcfe59375eb4ada4a18fcc49	c9462871d439bf2dbd6fdb3edad8503ede5c83ae7eb89a69504423c6bf598a7d	0b45353c32e7f3b6bced0d423492bb03c0c0d248852b93a16dbf4b277e71e62b	7416a1496c66847ee2a1dc057b27f11fc77e27cb0a11848b5822aa38b50b7fc6
669	d361720b97590f6f8cd7040898f8599e4b92c668a10134f4dc03396b02ba34ac	5217eacf7b03b0d5820bf9451877ed3b633eead7435aea366af895395d25bc54	d0ce4d7ce71f99c601ffdb120e9bb54c90bae47393db7ac33e2237b960d79279	0da550610b0500688d2b899bf57003464b366393512974d5d0090cd8d5060c85	48e042096334e99cf7ce93a29f8b75b4807809d09575ac91cc3fcdc7bacaf92d	eb086fddc4890db8f3a6b458cd5baa50fcf4ec0d9a8c9f2bf84c8e807dba1db9
670	b5fb32d06edf6b9cb55a1d3b3079905ac3bea6c0fbfb0a65dce0d3dcaf29b869	4c6d9e3b0bdb23242ac741f6f425f1c9c4f52b0c4287196eacc854ed281b9311	171114cb24a82b4848cd0f4074e1d59b61522bf69c26d3deb5743457dc223609	22e67958fd8e771afd1a630f40fb22f17c036507bf0347a3a47327c9da212183	fd19d81ecff714fb1b81fdd3585455c81011e8d4c0f0c1480db9924c87b5924f	98039d73c83fc5f0f8aea469f1e04f3b1312559d77ff1a21aef0c01fcc831e6a
671	fa9443639d18b059366251ddddb65ec62c1c94367d62d1a338744454f44fe6ed	84245ac707ec6f3c875183f399f32572847fe4217699d7e98270ce709a2d3e69	5ab9b6f253d0c98c71b58265c21707cc7ca64b034e68d9240e3567ef8013e682	4f437de99bec247cd157e70c6ecaf0e773b8beda56a081550a42d9dd8cc5a804	a3b8b2cd9cfa1b2136649077601217f6c2f41ce49db2177260a5840ab214f4ad	9bd623dae93fb5da315f06f5fed45d2dc9c74affef2968fd6fff6b8125eb072b
672	487037e86af378d0549da118fa1386954782e0454697421cca62b9832113713d	3b0c8dbf5e4129f9071c7fc042b30bc027180101a020c04fffee97874e09f7cb	84e6c190de785b43e874c0177240db662e71fafa60dcb124b5033ca94fc35cbc	80c0a8e694a913f04e56c7d8dbaaf7503bde3f9f0eb9ef558f4a0edecac998f4	23223391768fe515b5a2db9ed023a925941edb93415632d5be5aa0efa4160b59	5fde8eb95d9414cc4482907438c2ca05c824f126deda1e3a4a474e9ea00082c4
673	70ab7eb73237bf66eae73cbf6fc30d4d278228e0803579281c0127ec184d5534	2e0b04e8deff22cd8592fe7692d5f8467c2fb599dd6bc8048a216eb78788a0d4	9e9359e8a8151ec847159411f554d2de5bf1240216e780928ffe7c28497a5697	2cca556aa6c6d6fdaa561cce70bf3158efc35274cfdab65e1be7f33bbef7479f	143484f14d068ea665946755778e9bdfd284626047ec3518563678261ccb7fe2	1a4d4f7890b5a15e03655e8bfaf0ddf1c8a4ad7cc3ec1c3a3c4f26f4d0f3236e
674	421965adce0925cde240740df6161eb059c4e6223a54ab76cc65b3398451002a	8b1a602616b3fe8e4fffea4e50937d5d15b3c1e50920e6863835e83338635446	7ebbd7b0005c45ca2134dc372645d9e1a9fcc95b4355960029c0c5fe0191f3a3	d14331e831f4361d331eeca6c7d034c543cad2503e42f0bec6b829e6fa7c05f0	f422d7d0eadc9ab4c4f4d86d13e28cd6e0c3cce13b4a275d3aec25d7d049ebb2	a9f0c718627ef3bd886dfadfb63c32515a096eee4e624eb17bc0036bd377abf5
675	a7b4d3338e5a68d37d4b29bdbb765f714d2c44035b411194c9abfb8907d96c7d	0a5162391f15f6ba8db5624bcfbb1b7eb089e728010ee1569c52fe19fac5e95e	0638110e8e982044aa5b4c21c133ebec6466fef3f54d57c485184a525de9b613	9b95469a146872de2bf411375ff2bd3e42b66e671af927f8cf5d0534465bab38	52e0411817819a47fa5bcbc6805808951a972094346a65bb58590f31f31ca332	1ccd5d450d120bbc2cb2c61cecc5438dcaa5a9e68c382143c851eba43f99c00f
676	b266851722b85fa0453013a126a4a31c66ae279da59d4659394b1fc3cae23aac	56bc6f89884e0a90937a3edc3d64a64863f1411b9e31cbd440dbe4e7db1c9782	87afe7cbc6a4a1bf53e10db8a05d9ece5b10aee0a59bf31c886b1805ddaf51ee	ce01ab00ad3388532034130898f96c8c6d8e34597a744f9704041f416bb8e64b	4fcebf9ec31c752178720964f063612f7947eb9f4a0128fb21a513440b85f6f6	9263bc22ed35578342cf3598f4c9674e8bc9871e3783337e72992ed8f49bfcad
677	4a449add6ec6d3e6c577147ed33c7f7b0b43dfc00da5d031ffe6a48350e28994	83b9b22afc7652c77ced14ae974902884a8f66a0d7a3faf6743b5e6e0d9b2c61	ec0ba3f35ff104f7b27c02f191cfb3e4efa41a865b726246339e202c78b04aee	646731d08aaf6692a64b63270dd803db1bcf0050d67a1331a19548ac7b72c2ef	92f7c5869375e4b4a017b1faab9a86e4fdd3f98690461e0a6216e7159e757180	86ac870b9cdc727ea32ea14c056954cdff4234888931445edbe0f0d539090cae
678	29543d59c42847a5361b4c255cae0ab6ef7848f2910d00abaee09aa8abdd3c54	d200de34a0e9dbe5ecb4403feecaf8924d9cf6a736b264184bed22c1b35eadce	026415c6cc36fc3daf73610e777f50b5d7934a3fd048f2bbdb1ab094f9553676	913a0b2b32b5632775ba13b18fa38d2721ea9d15894a53fb47972a8a5eedd1ce	2f8582ae1733f1842f3436192c6f73e68cd583f2df5154776becd4973b91ed44	732811936da59d9729c8a50a75f4c1707b6215e47813eb0f6491c9f3705433ae
679	c2ea6c7c022f4681d04dc8e54b2859812f97e165bf41377772280cd6b14dc704	b6c2b435144c23cb3a96e7c55c466b9de7d669c9f7fae176692e33a73fb40d9b	5c3e8d6e61a8792648bb4d6fc6c44cd4b259d80dce7b41e0f50a13a2a05eafc0	7b172fdf716f8a5fa728a22d1d0e7213616c2c5ce81947ac6dd16988a2adb9d4	bace64b1ccef656b8304fc406833bdd098ebc8dbbac394dc934b0dcea8687ed8	4955001fa85db31c9fdbd67df716c57aaab8a161098f05caffbfe1e4f6c40327
680	1e671a7f7b9f0c026cf29b40b5a4cd7c2c4f1079ecf90bd82d7e00ce77dcf9ce	40f8f5e4d19342c7fe0faadfca0151b36f2422f6999283375cada468c2f6a574	9855e4236b9ab197069444b23873f2f87d64baf16c961fceaba861974f621819	4cc45fdf9ec9e949b6c6cc7254440dd125e820dea76e9e0fff6e562223fedeea	67ffdde50a5cb5757fb007c9504207d91453d89d8cd5cdb467199d406ff0666f	09efad247ef8916d91d9a6fb2123340c57973326f60a0f15947980efc15a3f69
681	0883dbaea96c4b70b8b264c7c23d31ad3287f43998f106622454a42fd94fcff8	42939a9fbe337c3b3256fc62c4521605e61d6ece0ebbb9f50330d796c3c5524f	c63f1f6290ecd26060804d42baf0efcfdcac13d2fa780b7e625dc3a5b5ad89e9	705f1568478730e6c6f7827653b145c93680a53ae334f069c4590af7bef42ee3	85974626139263a51c8baa480dcaba84c0fd561a71133b86a91876410d4afa27	46c0af34248305f132a0cf6472e7cd425b80c91b403898c561cb08a3c1825dbf
682	908e74c34ffce49ab91f56fbc47947892dca970da11eefa3a54599c78c3dc15b	22f120867efa674e0f8534f7e9606008efa808e01b08361b9094a8a4aab68199	11ea4e766de949e7f868be37d033a1a28594924100d2d4d1e998de61605c6556	db4d1a23ce56c1992ff026b5677ed66bad56f7cd5c566e626ec6065999cc16c2	17410690d3c0bd8d6516ccd93e3b449b6b726fead31ede3a2c3621afcacd62e7	30006f08a4fb4962197902a9b3743ba730ed1085f5f3f607bad84561a34084fc
683	ea5111e99f7afc91a6932fe3598ba4b16ee9d7539385337501c0564dff31c8eb	a7e74a6a541a2354e2a0692a2fa04a90dd80b2c9b48b6db40462b45b3e0b4275	7358d44d2f6a4f26acd92a58d37a4a70503b60f04253814797e3ef143ec11ec9	7fc0e9356a1452d9a06ff1c64d90ee191c0748ddc3e80967aed9a353ea8cfd4a	d700a76983cc6bc27a553d228766c1fffe4814c30c51f5356a42afad381bd6f7	1046b6d9ae3bf01735d98a0cbfcdbcdaac5ea5a8baa7a358cf14f81a028c4f14
684	58bd41c411ac7d83e00c16a2f51f76e1f0fbf039f35fc9560f7d7f8f6b7d430d	73e2915f0f9b7a1e10a24ba065c1ab06748fba9eaf6f94d59dec43531a62a587	e8c01adb06420315d59e85bc49567011ae6e5cc444b9388ee66f84ebe78d2d3c	e54bdd171ffe231142ab69c24f58ab865aced31a91e5c3758957642a45ac0c51	d5dcb5bdb3112388dda17bfc9f6cfeb2caad91f7d9fe94663dc8517efa1027c9	9ed2ffd367523f2e423900da0ed7939e33b5f45005aa5a134b5a13f910fbf852
685	8c0e26ecfc702daa378c7b83f42bf34e4613243798015b84d4ab945afa34f38e	d2c42722d5b0a692f6a7e0d802d6d463f2af029fc8a6b981f826d1477d6a452c	e560f0187cedc5eb8d8596c671790cc8b5f229454b0b78064ae94dcf146a9c03	65fdc441a9febfe313a0d19521da324a2096c28309f70253c3ed64b9a5c696a8	421b6083dd6094ac9823dbb6c24b054f42416cf49e05c9398ac432649ef8f7ed	ae15d61d8f15099efa2634947b6ef69d4d6f61694639b9cd64a4f2a0671404df
686	23fb2a251773ec2ef00f0272cd82287c9b35467b31fd343c4dfa3b9e8256b796	98bf8422b8ca8d082b454757fd4aa928194b7cf762ca5c4ece19c914eaa74631	c92e6c1a1e3931666e14c50a7da916876de754e992be958e1849e5cc5585340e	b56d003b95aad73942415ae969c811e8824d5f75a2a74eeee9691a4444858441	1feb8e346ce068dda7c83d367950883638548e034095e8aab6af7f1a0eb81d16	6278e7aab119e47cfcf9aef4ddba60eaba9d6ff8afe20739a69cf02e8293de98
687	917eca38b0a2de7401df1d4b045d95fcf51fb365d98060ff642b3c8e05373fd9	acc910eb7602317b7a60da4e9fc9f04bfecb871f2ad6a4db90d1956d2f49e117	aef8df6b1d38ea3d02920da1438e7a36c17eb93927a7e725264150407f6736d4	2d38da86b12d25f76eba674fae0df7e260231d0384ac1516d6f291bb20eab33e	2dd8982efe7cad212818443791b60c179b84c0d2d7d36fbe00a01a143a611cc1	9e499306c158377794bf8f6d65f602e770c15ce0db02646d4b3e0a5008bf7633
688	b47d61b6afc2d2a55f3b57f0055307e6e9887e42311098c402ee5c3aba2102da	5d0aa2a20c6db4766bfebec79f4a82635f46d09d73f86d01851f26313d9bbc0a	72c6a954991e5e4aec34b516dc77091172d29917c331a1b51847c840866df706	7b63c3516416fca8e9f6a35d44a971970e038b55b0b0367c3d6dae5c9c90c286	d100c5e65b7f45b9543a42bf4e906ae7a9cbf53e7a228f9b16c1ff9236189ffc	6b6c93e06a16dfbe358dacee7b517a50cdf29c3882c005d4913e2b3dd0b03ae3
689	9386af1151c7c374c0f8c944d1191f62b3997646b290a60fea06e941056590b8	c51d816263bb783b1fca8509377ef184256d37a10939ea89503407f4ffcf20ab	fc55ffe38a42792b6767d93f763ea1eb65045eb6acc6ede6f04ff0b3640a1b49	bcaa8fdbd20d09c175759ec6f4175c770d66ec3da2ab9f413c80f21d93e25ffc	fdc9ba323bcbb79a283199ea34d4ef1505b970a24b98da3f14d2291fedf972ae	737f16c3b5cf24424c16a04d433485d107cf5c87efcdae00f051b356d72c82f2
690	1a3362ec3a03de8deae2247cd3024260f17f26c842fd4389a8cb1e3ba229deec	60eb563daaf430146ba2d431b35b2072ab064aa0f7a26177c84c6c378518452d	301440a1a1633c7788179c4ca74277a98e8d729b736cd833886e7f28264fb673	2a31d2677601ab5bbd51c9e861fccece5ae3470f20fd9be78f97180f5f0c48d5	5d9240bd67090685ae0203ed866d4706e08a5dd112c8b45c976aeeae79818901	145782e2ad29e5db555c5dd61e2b773e1284fa31afdbd433c9df397bf1209039
691	d68d4c7e8abb9e87027af16eb41eda89937843cb54e4abb6742e669503462d82	d8f40f892383f1a2e2c8c604a46ef502dc59ed2de2e2532d1284ce9918ef84de	ff90f3d90e01ee203279231f8a69ac287b66448c938d703f83e45606d38a43fc	1329a60132badadddd45ca65392212fa1e75f8181b0381ffe5804d13a0f6f745	8041fec9a48fe11aefaa9363416d623f54218423273d3321ff97f70daed1b129	128b7d433213e7114c5ee336e3c51d2c9a0a32c0510db4b0576fd81a51c2d32e
692	9ad6a00923fc861277e553c5cee48e02f701649672ff2d46ddbd14cbc04b6ca5	ab8420d10566d21b85a077aa5dbe4d5baa1162041ee36b235896b7c0ea6d231e	f869e8b37c4f611368626226bc2a9b0df65473ea4009e8a16ec435a7e899f17b	b3dfaae266b5ccfb42277e3fb6be7f535b7126e2efef559c22f9a6f63ddd2486	2292dedf133d4169981aa818a65fa07b8b957f3f4d7b506878c566efc4f943cf	15edde66e79525188ac8a66b65ae28bf6ff895e560de4a1dbeee743f49140f94
693	96eda669e999359b86b573bdb4d0a367aaae28c7f0fe2a36e14de39ebaef37c9	0a6da3a023eea92d2e5285b3a25db1e99dc90f6ee89ca9d4e80035c2b32ab5e7	353b8e332716ae0dd0b3782a0774b41802e5f7a4f6ae6bd0a06f8989b52e9832	176d26fc30f2666ce35a04261414cb5c38b643aa4d6cbddfa763e5787bdd3757	11ad33af54c2ab333fdbe1ccbcbe18c8b29ddd64454cab1bc6ece3454bb5874a	201351998380010f2c2561874bbe75029c8b70a8ec1fbdd9c80284b5d27e765c
694	11e0237f05ed17db9298aa93c4ccd2491662cc5a6059aed0a42284cabf5969af	f3574a80aee6a855c36a6a7e162978daea1788ba83a247eae846653b303a66b6	09cf292853602ff81f923258be99e87d24e662d53ada43dad8b1008c78244159	bb8d12809435ed8f8f4c586171115a91416cc0e13d91234e777077dd332c685f	007b147fb57484c01f3d6092e815a61c3ff524a83ce6c20a8530c44b3311a6ec	f67fe46fbb812fdd2948d35884e8295ed55fb1beac72e363eb58b6b0ffa2c6b4
695	8e3316e201517bac59814cda2b1d845b3c591934cb76a629a3041423b2b8aad6	21644a31b5dc2a6c5d4d5a21da42240d66e6aea281d83541c8e31279d0c07ea6	2f2d4e1cc749bc45a688a10a064229bec563f216cd29800579675bdb1cdb5ad5	6841c5e5d149c8cad65f68d6632ca65588543ed6f630d51b0ffa2cc28f378382	b5369a1eb3b40b14f97156a5ae8b1a8d6daf54d827e44d33e40a16cf4aa2c5d0	a4e56f8e8d072efc0e1cfadaf6aa55376a29392c350e0e66b79162c0904cb94c
696	f32cdef6b81344eb4f58eea35fe28a4c18cf45bb8608ea245f8438157299d298	c490016f32363ce7bf5e6920b1d3ee90106e8ddec0ee2edb325379914aadc9a3	0a59a4d3b4880bbe75720f8f7574d546ba967ec0ead8579b4122593c2308da0c	bf556927f20eb5e3e33674dd21d2d4c2adfe6d837836b75aa978d8d7137d669f	a0b6773aec1689d8c177d9b621f620f4dffec295945fea9b00a907b2ab4b110a	2dd5bb9ffef4151928b770ab2f6056944a76ba63d18da4959715cf3bf13a59bd
697	2a19cb7a30635eaa8fcfb0c2f4531e21b5faeb1039c0171ada873397df516ce3	42f66b5cff225c82b59ac8aeccb3bfdfc0221a59c9e368eb3a2c8ede52f6f467	a430e507aa681f6da5fca69bdab1a8f71556de4e60c7040214e1584552763fe6	c5e94f7ad54bae651ba9d5aa95b926de937c3dec109d449fc4ac5b083a442771	539a4bdc0f1e69e906373c27f9ceb1bcc15105d55224cca371f55955d3cd5cd2	2cc6e2704c74790964ea1472a5d7524f2d6671fcf3d4ed0a61a71e1dc95433f4
698	1d3cb8a26bdd6e85c5616cc6a5eb5c9f5dfab8ca6db68498693016a98b66dc4e	e371434bda88054bdbdaad18ae0005d641192ffada5ee296eafde385e26c98b8	6b885b26e4c902bb907c24322d141525941839a211e0fc27b800c6d4ac98fb91	0ba315b8084b2ac4229910a36cafcb3169797ac957211a313b1aca1ed494fbd1	88f7acd9a263325927cd06018c7cadffe264ef48c096e38997aa54d766a67b4e	dcffc18ee1bcea4827434c6ad2158013510871f20dc3c1d83fc68a9bd349b642
699	47410fb6c6fd80b9048e04f1f7fd285cd5accee4807fbe57e919dcf4a0fd082f	2459b229db786f1e978a7411aced9b07a38bb1ef39cf03539db5ee6bfceaa4b1	50bb6f12416d378eebd0da47c0d5b86244073598ff3d099c60995ffb82fcf48c	501f5101922cd3c30e2783aa64f893ccdbfba22b0d72e6c2ff6cb58b6d6f723d	3628c9a3320370dbebd9d68e87152ea430c2d102619407c567ae3c74d43c8849	974d4ae3d7b47d3b7e52e9cca403ca7b8fba3f9e590cea9bc4210c86d0b619e6
700	21e9915e3f5d6ae04a07fb4313012ece5ad2ae54fc9fbca0255cfebf17a38e66	419ce274bc82db98001f1dd502ab89f09aed0895ad00cc1996e40b13637844d8	e365db024b983d222d841d061966ce93ac62f55c91ddabe63ce67d31fc811364	2ac8e3ecaa689a9910bb565930feb097eeda3ffc358e84222fe762582ce186a3	40bf693ad0b7f9addd93cded9a35fe7f3e15340e3f3c915633b7343b6801dbc7	9a7e3bf73d44f4efa283d0737c19d20d4e692a03ea41ff16fadf5b415a358db7
701	caa268e919a578900c8f99a14157a04f1e748102c405f7239c12c5ca68502c3a	dc35cc52c1728b96607c1626f94f9ab987df249edaa3ca36467cd2378616f99a	414607e8a0029f700f8a744c319cdb0bcd032ce9f1180c9e6cbb7fb3dea3ee65	8de69430b9951172942d55f701c8a0945f92bca394473059f2edede125298a3a	2b2e778215e891ccb4fccf56858b135e156e940b9e28c5c5e32ac30c451eb1a8	a1f2fef964baf7b07ad08edb5c17a9cb0c93af04a693feeb59c295ac14584268
702	bca8465f06e6ee4ac5c96942b7906275c748d9452ed2b24af50a6d2c8757f819	221db82f9dc6e615a6e2cb187dd46c5dae4ece145f97a45ea6f4d8468275a588	1eed0426e7435c00dc39e16cf1417fbe59fb0e195a1c2239130a1ccf9b6a0976	50b1fdec95fece236cd1f6aa23bf29c1d89d3e21e462b42411d0324ec6e92e94	6e8e5fd185cab3e1ca4ab7561910cad7a3796571df1adb46eb4266d1d8712e70	a941307de3dd2e3341a7a4c0e79ffc611c195194cf957b44f262cf5043550a02
703	bce68dd026ec26875bbee766adfc9d46989516913b677ef52fd616e9ecf41794	d9b172906a325edad13f465126e3caf8b89afe15981d9c2e879f2aeadfc43be5	c9da89206b48bbb561fd399c1fe6ff9898956d2dbe6963cb84cd65702e1ac9c8	c230c9180a78e83a4e993d69a14297130bb5584a709a499843d90ee37bd23af5	96b5598bc24559acee9572765112b16220d90693cc9f7a3caca92816adf06d4a	851292035e6457b4a308c3d68f5d976b66b9af158ae6adfece6be953f72989be
704	36c68f267d8edd5b707262098793068786c9c1fe1d2c916ca75ec485b1d42513	d211a0c2c4b96b75510645ded61223ae465be226f526fd2f3fcc72d79d9eaff8	f94c08c433152d032dfd449b7edb373a5306556a9d58524db6e4c3ae507cf89b	a307f83a265026bbf5fb3103a12fa2a6381942b62e7f4afdd9f6761d67523b1e	9c782d9c0433e59a8f33fd763b9ab8b87d864c1f94c0eafa524984d6cbd5856d	dacba0fcb26569e71c07528a895478c0c81317c5d27d4fd0d087fd6c23bbc34b
705	784c67c1967e9e87e1fde8b7ed5c844fbc04df7f2fa4b7fb0ef5edbe09c2b850	8c55ec12b12f79917ba89b922021c67004ed64dc6bd1a572946418c2d3eae7bb	0903c8739b1c95e069d44f3ed664166c155b183aeea79761c08524c6c8182105	7598f38b7d2b30314be413b2385a876d62df72149f1d55377a8f145f0dc0097a	d4ed3548e9773952ac17a538c37dcdcf55c5eccb6dc885ce7c430b70fa361ac8	eb6f85256e423a9e37c734dfdc1ff0a4f583a850351d67e3d2a5e016a656fbaf
706	0f8bb876fdf3ffb73289402aca48a7cb51fbe1dbeac53171b87dab302f23b737	43fda94eed55ba314865f09416163b10d9c2eb57ae0d5b7a85337a07b0bb4f7a	bb9d4828d82c3fbe359155b015b9c94db41c30b774a2a86e20ed0d5ba7dd6b53	de3f6728f6c838ce23d5988e100f03470253dc5649a70cb745293285419b9216	5019c1ef394b72e88e79623e27528f219d31a7feb85ca8b27af17f1785f5e707	2b6155babaaeabc83539a58a8285b50200dca23e3a1999b61c8379b970aaed15
707	1743fe02c158904fca63b5a40c6a295521879a259c49799011547ba921015dd8	774adf2d7ab194eba983ac4606f9178e587a084ecf646e34763962ff042ef02f	59769657d9bfd471f7f675c2e9bba57f2023b9f650dbc74557bd7a7335aca8d6	6540ed16a608981727ec03f1a9db6486a502167cd7ee51a2bdc18848c0660c2f	001d7a9edf999a867bba1a71ca578a20be461e1cbd3311df910c2a409c5d9afd	97abc5a5833affe4dde41507815d81eca4346115dde33d9dfaa0b2bf4b27f90f
708	745c9b8c9428d0cd1fad611a27c2e0f306c6c8f26f4a7eb8e333524bef60ab10	48d9d4b70d2e42f78dba996d3822d362ae2a3269973be1d8d952ea406ff661ae	37cd1c4c7ef9b055040791fee79e66017e3cea26b50350dc467c215699c401be	3cb6a80542f8c08f6d45631f4adaf5414887a1914d7e946829120d211887765c	e6aba72bea8db4f43f07da2eec43d18fab4aff3d730225d81106b68f2f59cde7	039d16ae0652d06d000f6f79513e7496a4a67413ffcf0b46b9cdf7e73a1020d3
709	e51d28bd6d21afebc6a2afc699aa45ddbda17d1c6b8837576ea13211489d0353	3b0b80c3151883bbd983c0901d95c82019f8c1e2a074e64fd3034da8e14b73b2	0fd5a9c6e461f5bd607c060fd53431af58898da8862271b91c84eeac0581ec7f	5f3cf49ddf80428a57b6b941220a0a63e72973bf9417aa8263f46e309f6380e8	68502c6b2140bdd0bdac92b091daaf771dafd5d40f6a90b49d378875fc2d76fc	01c2d0098ad1b39ff200e10ce4fd8309c91fe9cf0294c2fe4749686b1fa3d289
710	0321682f04de363c75fcd52be7fb193ff5ba4e698377eb96b3e87f24d0627d7f	eff12414ea10275baacafe23ca443a0ce93390badfaf169e742e462cfec72022	5e07df5cdcc07b5ada66f3eb360972fa9d9485584ad33c199d4071ee04c40480	2fe807f97f643576bd4be60ff86e9b9031df2a8b88acf392b3163b876ecefae4	e73bbd7b4c204421458c725ff2dd7d6688a053f235718848e5725147e5140e99	028128c2fdf6f2f7593211fc00b6c213a5be201fcece2d4e0c6f632dc332ea07
711	b0aa3c8933e2d82bb2369fb9e34cee559f0f08ca896a795555d4f6c568909453	068bce0079259ed6c2f3602e6473d064c686ef424992051d03abbd2f0814cf36	1b7194c9858c8b793a126d9ccc8d4480aeb8a39777f97c85c311b462e9bb7992	64bcfda981a30c8ab8b4954548dff1b33525d932b1fe400151c3308c15340540	007c0314751a8d1cb96749b4da437ebf4ea8c8b46c2ff6f68b16297811103912	fc7fe44a73af3cffb3560a0c216599ed095ed473ca83bb841504f2685a65c03f
712	2b25fca3f58c1aee2410c8cdb7107907c7b00e264d2575d21219c791e16ccab4	8fcd3ddbf5a21af299550473b549635a1bab94f198d59ae9aefc2f8cea32cb2a	d28c217b9e2a0620fa7aaa547afd5c69bc3c3f29c9bd7fff10584c0d5c409063	3bf395bae48dcf7c1552772cad7fc4263c0d533de0e7753edb53b221fef21ab6	569fc3b676f750a1661d967e76131158f47455a06adcb25bf2884f501f465ee8	cbc9398296c00fd7acc40f0e82fdc2856dc3322e33995033d0d02eff48cc8479
713	ce3b0b35e848cea2f95a3c9aa52150a2a6e60c0a7700befb72269d4dca45adf2	8ed739d979e53516a3d2a30e14152e08cbc26d4b7faf06c487cfe9bb5e586a6a	d9683677aa0db4fde03f2b22bdcecd46262eea0f572fb19db4bfd4e38d3c0a31	8334f8872d56905bb4c501cd413a8764e131faae9d6008a6c871bd79be704796	fc49bbce76d25144fc4d66eb5fd82df38ab0b100dab626b3bde618e221050f5f	d5040ebd7c5487a5180f4825e67ffd65de0a76d092dfc6bbd4a16bdc4fdb8555
714	9de512e8deeeb31324547b2e9a9d73dde709633867d6dcd37bcd3f3b18c4faf7	c4d978a706fb083237dea93e85497f4c74e2414a5bb36a3ca06c4a8431f1f005	ac5b1983090ae5b55e471c3dd62ad1a0fd92c32db0d2cca6570b8c8c749520d2	bc587a88b42d78bd6801b49841f73d12c981b27a082a1294b0b292e3f3e1b15b	bb4e7205827cfc1440bf9a49c08906608f6a982ace5e01c9bef26dc901e17270	c0bc86a237d8db03c33c83c07c4c1c31dd14c5a77f512074a7d135c0f0484719
715	fc2a8661d538a99d55caa3ba487b43285a07ca9c2f0867dd8ebbe278c76cacde	6463428e89b3e0a5b7428b99c5bcfff2b04c3c98d8b9aba89b8f4fdc1fbe4c4b	771d19a67471b300a80c431ac9ac8398ecd2fbdb9de9e9d1a3c4968c6cad0471	db34612b801a29b988c5eba19ab935dfb0ccd397680cbbc51e76fd0c2e398eef	dc5ff5ee5a57163fa7045a854bb1067743389b6d63244066e834c4dc69a06bd5	cea438f906adca6ae3175a51eed95f0896c22304b83dd9cdeefb19ea6ba492ec
716	7a57be245620c629882bece232017f2996e6cc8ab65f94de3c6d8bb41610d7f8	7fb2a471c97fda5cb40151f89037599cdd934d65e2c628d6fe9b6761508f58fa	bd8efe71fb1eff40fbd75e48756829c5ee339a39b77d8c1591c6ade60eaabc90	4ea41167dfb31a4fbfd94432970f48e4fc8064314a378e81f8e6a8330b8d9af5	382de107c01c0f7f9f87af7c04e42c398e0b655a87e824748ae4fd7a9465d633	68de51a706f9640159c2333f72cd61ba41ec1182536029c8314699221c0b656f
717	788f1ee72343a217ff9fc2de243545fb31a2878970fbc03e3078438bb3b6b1d5	b5a33b9652d32415e810eba31dd30add9e61bdd48789e3412b19823df5153dbe	1c25c544bb4e573eee45ac127993f3bb56001d7fa3f4e59a1041a6875989654b	48ccbded13fabd56c4b3562c5ef6e1757300ef14c1eed72e8be1ee5fdb7ce9e2	4e6672fb7afdeb23333596ad240715a7605270f88c26046a1d8953f3d7d66963	6aecc03bac2b234aaf9fe591465b2a220ecfbeab5a2740b129ed6e901d6817c3
718	3f5485c6ee177cd95212c082c8ea8f2974fcf7932d39eb9d2be1b46a4d557b21	dbbdf94622e1e9627844eb1e68d8a2dad718b6008e3fba91290a55b9d4bbbcf6	4140243f62b4cac8797f9df4cc699fad06969ca59733e90edae9aece58e3a42e	8b9e4c85e6c23b0b818c54340b258ae5b15747c7118ab86d9e1dc9e87e851831	42d74c0255dc3810fe026488f7f4287fd610822e639e4241d82378241d6a9013	5246114cb74d269a86003131ea62dd8c6782b89e8ac984a13f315463ccd622c9
719	f9fc96bcc3ab7abebc604988d8d288d66be5d1a151a405c302d4bf4d0f514bd5	a2f3c958bce12bde0869a08cdc844e9f852cb32fcca2a76552c403a487f58dfc	c917bb20a19fe521e2a8cd66ca656f28ca3abc99fc5d041545dde842e5cdd5a0	ab4f814404cdc902fbad17d3c2588b47efbd65874fbc891a8c1eb3749e1226ff	49d331fdfba0670e75acac8db035caade32d7dacadeac85005fd712667f43c15	a01dc27c1639d7e45b18ef604341c2760e4cac7128fb31f4d42b29b8063ab62e
720	eb603d61215681d9347829ead38e75ca5792029639a97502d9e50f3ba36d130e	097ec5f75d6edf82ee1d306b9fa702b3e1095efe6b1d3be19f3f612b3ef644bc	5f7a7e270d356659228310d397af9a0149e6e3bf41c85002829224efd6a582ad	b6798d58d597e870b2dad9ab59c6562b86c10dafc7477613caa03d1fc2c80ab5	a94709d8109e80e3c4847dfeb029a1641dfa6f39c4b1366882dafa6906424246	356faf2dcd7d95d6f1360b5dfeedba181048ea7a869cafb02888d50b9184faf2
721	4c2517974513c7c3babad09a6c951b71735a4f12252bd4be559ca9fa194fef86	9a4019fd3883f0772216e509ab5e390d5922b289d79af7a097e51343e951f4ea	c60000e127f56ca9474ccb61bc3cdda462103bf44911f65232070c44d90d3162	036c26c151ca087a00596db61de24a40cc24bc80d885730653d9e2306b00f487	1976f8e21bba7f7fb991c2257ff3a752c6f4d8f55c8e08db89e8158aa1015ad3	422b0ebfa6a765d981b025ce6025daf46e5806caf721dd28716cad0adafb38b0
722	e0cfddc070ce8efec147be3d22452a3831eda9c094e5a6f90ca236d43546b338	8a8513877b0a3f1f3d47037d3b0f527506297b36564d8b1e1c22f245ef596239	a18c8da8aebcb404ea01d44f45f8a5c2b0ffe811fa9b92de88608fc11a8ddb6d	e8426514dc0c2311d04f9b79293f95432c7aa82607152ce070f6ae0cbb290315	f61493fdad3f6f86d8d2f0d219d4c65ebdded5bd991ee259a31e702fce0c4788	31abcc65057c8705e6a4ea4268f6ebeffdc133529421b6df71f792c08342c843
723	f5861a16bbc4cc06da7261246e23565c8728dfaa87ab55af13450dd05311f481	87588435ac256222607d193deec78212de02afa3eddc8a25e7f3dab9a81376ff	c32f40e8358e9b081106ea2236e617af16a45668d24f3a7c7e8b7901b51ae243	cb7a042da77497fd0d53ba2e6fb01d5a4b2c820295a2f515f93eb7e59df56df2	7779f2cf6b84820982021a20ea83dbd44d1510ec499dfd620b14949b0225fef4	609725b4ffad845c459380906e7d9dc6c239a7346136cc0b0eb642b337b97b81
724	cc3642c51a876fec731b8945edd6926867b57b4c8b1898fbbf0ad29e9e889091	ab35ee27a509062bc0f0ba47cb43ba9cea051095794d9e4bdd7b8b3fbcd170c7	9b7764f6a24608038b3683b93ae25211684c6baf78522d8447f1cc6a29a4ebb8	31244afb033cde255f26e2c69cd949288da0c73f6709fa6f65e53512980126fa	8c881a389834ab4ca32b5c264712a5b4764a32dd8a727c14e7a52a558667768e	21f3fd644bdfc19ed22494a227f24785be5334476c3dca076e0a420aa5198e28
725	d3b443375e1bed0d0d12edd76b114283496ebe68ce15f0faa448194bd1655851	f88e6775d0571f25cb9057adcdee6e0cb3c9b1b038abab30fcfacab3e595b453	efbd520d75081ba8df863d22fca7fcb65c9a334f4d5b410d54a66819556735a1	1e48c8ab97a021da309d2dc24616597c6f3ef8fa55130899ec24ece096cab0e5	80fdee694f382047adaa1009b167d3dc36a3f35e88ce27aeb9cb3e7bb6a47af9	051faa3fde65d925056eefc66dba38f781bf1b8b29893f4ee25e4a32aca1e589
726	72651f149c0f58db57648c09bee303af41de0e6cc7fe700e26370fdadad77364	922a087377875b7b61a880587eeba86cae6bf507c3aabc606959734d23f00d88	58df5865bd688177b6bc7296bdf2e4741421cd18b85fc950a8b0f9840ec2639d	eb56e746b042afea90387ba0b32fc683483c79abd9f43e14cd759a6f99a02388	064425cd70667d373f3120bd575fda42948484e844b6d32312010a73bf9ba7f4	2f3a3cb03ddadaf44961a1ec1103b0fc55a1381f5d6a427b26e3cf2e1522b614
727	a893849633ad9e75373ed3c41aa12ff06c73b472421701e9e71d1fe23e59bdbb	6fd98ef776299bf5442a4250d67f92b922a14d089880f60876d2bca6b33ecbbb	bbb54c9ab745eac304e95fa93eccb6dc659a377aa770d0bbdf49248adc82f551	71fb33e61ab69cd6a9de1317aee677136c257583937ab2afc400c925ea29b017	2b48caecffb5fb8e4913cd393856bf07256dac5b850380f41c0c6c8737ab5c55	e72cb03e5262e2fcbd50050adb80f2e673759c36a3bf61aa0a920b2c6cfdbd4f
728	4410e656c1b8c7f4f55022158a4c3f16c03ed6581526027d4488400969cb2f76	a2c0f3c478d8afa8dd5fc46c1a5e2240f32afc96f56f30cc6c1bf55e23766f0a	f16a50cba9fe5d41e02015ffe9bb9dbaf4ea2c5d321eea4b5c1473fbcc170b56	f309624ac7da8574be7623fbd81889eb21086faaed25499edff20600ad782ea3	223341a18156d188c29c801c9d8cbc39cd6ebc24603626d23c3d96c3e59fbbe8	ccb3b9757d3b28e7bcaf8b3928835c2226cbc7eedde0679e06bf155f9dcc5336
729	6761c2bec97755470c24ae36a18341c3c4384558d8488039297c1e1951ee1960	11c251efd480f9053d5a7c1035298cf7cf50ab108e5f45a10198f5c266589f94	ec6f4e7e11a7c3248e7ece1a4aa2293c56f48b183fdc47c7510f1bfa528c5d78	f7c197ac4a3472b133da0a66c4c311b07a6b4f194885d9d94b13439ae11fc25b	0a385a291e92d3435f4779b2f816cc108733b8b68c273d616cdef806e8f0aea8	88b1ed6eaad3b8c2efaa6f226d379f8146fa4be7af621c23e469d995387af97f
730	e278bf77dd241b6aa464fb53b9de13e253fdb469fadb453ce64ee7c179860591	df694ba4949f97c3c92015ba2b19ad6d7bd9cb716f2751ed0193bb486a417f6f	8a42d8184b41a33b5b86350330743c8c7a5cb34662e27be3caf0de56e2820e0b	c4b6e581080e02bcb9fd0c11cf24f0c0bd120084cbc5b17498358ca2156b6f16	c84250c2cf57a8a1809c4693318433bb6aba0c8c746985c3a468f5324d49af49	0b7cc4a851c0bef98cb990ba668981eb1cb2a2f7871efbe81051b1563f7a7bcc
731	a95ea90a935e918e3ba9e898dfa919562bb96cf290b4fb48d9f56c6c7811f30c	4cb1530570e5bc588acf674ae6c859d921bac639b2bde70f5c5342437b0d4b16	325d527ee57bc103452bf2195d3567a4ebfcc381c1cdecaff950c35c60053ac6	a5c85ebc0d3ce694ae07c7e70536fc196a72faf6e7520f2ffb8577608df9dfcc	940e3f594d8ce7cb916881b0f061f2dead70659606b9de36a6b36522b803d4e6	305aadf8d30eba569278c181cde635c45426b87fb8ee07ecef17a04715f6429e
732	ea28f38e16fcde6dd7022d69fe57bccc58064337eaa1bcf1372941395ff51043	a7b27249b0b344f148f918b36981adc615dcf0ebba0c360b3541565c1ae1c8b6	eb7f540839584ab33986b687a27e3f9caa5cc271284e124921a244d1fd2bd023	a6bb9955f2b823132b425a5bd550e1e1d41437227f5b81fa9248dfd689a87c71	997ea3be0f71303b56dd15660201c4978fac52f6fa96856178aeb1251473575e	baac67a04f632998f481eddef975ef2c339709a8b1f5288bbdc2f9e185c41615
733	de45189dd5cb9bc36d6187ddd1c6a00487e8d4bf365b9fe489a519118b4a61c5	6531b7536f2396ca0ac9c0961a1cd8c0e71239261cf290747624c2b1139831dc	53e7c28267c89ea262719310fc85de2708e6df4ad5a2bb3dd2aefaae906ce88d	acab29a305cda31899e23ecbef4a02e4dbb6f1b38fbfe0863ff203f537d26933	abdc471ba2260ef6a1fb3a8c0bce0ebabbe35d6c3ed069c8b4fd74b8d069e850	11d5543f6797020f0dc6409399f133f8195086013203127b2b8ab0889580cf87
734	91ac390f2a4875577af08da2ff73dac430b5dbfca7e83885c80601e72a3eb5b0	c9c011d54e74bd6cc2d38a79fe8bd7d2bbc1567da4283ab1ce3e4e85e4ea4f3a	4eb1da8a6c336d67f4ff670e681d94e4d555e10fd64e124cdfbcf2ef2705e994	be97350b7e1dc6df0625db4c3af269dd570d5b33815062a81eabc38089da77e5	4c154bda819aeb565d404ebd1f76b7505938c232770636e0e1e2c7d86f8156ca	bcf52b784c6932bcc10fbb99a8b361646f758df442a78267b69ff275b9a7584a
735	f93a22ab54e7ad9b804215d74929d77aeb2d9b07092ed68683274629af74a088	44d516695bfdbd31938c38ca461d26dca051979b920af6c8a034eb5e88fd412a	e7cf30f1c0d481a6e217c63afed6e2155a5f086f70f00a24ea552bbaaf2bc73c	f9b29510ecc750f80800a74bf0aa4cb2b15b230c5b97edb1ec3f15c2c1e84183	9e115ebbc5d2d014d1523be12c1463699367d61544a7e78b696864ca7f9c672f	f1a9f08a410cbd134f78c08519f1c5df9389496704b07ec98afaf155536166c5
736	88e5f47584cc5a6572d4ccfa173ee7c5f30fc82c5e839e912f7b310e53bc1cd7	c328b021868c167e359b27c7e1c0cab01027b5f20ce402a8396a5a70f6dc87ae	368230b537fa537a6f1d67668cfdaf048a54f22d1291e9eab4dfb0d209899fd3	ce69aa20920922b9a30eb229f3f45dfa9beea0b1546342931285a4236a8a52fe	a74022968e432a62b39fcacf0342de285d67258ece2f12d6fcfbc76b29c4df59	74dee83e7064ad3096e822eb29eb1c2ced9a53b87dc7786eeefb2688b8290813
737	6c4d85af6913eb6a3468001de9e7d188f8efad10b158939814a2fe858c9801ef	66370471e61ce4ab27935187b26be1731e9a31ef1b23c33cdb0a2c25eb8185bc	b71d0f57c68abdea38f4f177e478055716df240c193c314f5a9df805c2a1128d	6ad784cf2fc3c1fe96524ba051f4109efc58d839e9f625e88a3956dbbb846ca7	9e15230ded117705869e047b02e6aa02b74a175c0b2be88223423ac43a97c16f	d83cd611b78bba116ab2ad392ee39fe370377769d4023b785f79b3df5784450c
738	0ffccb810e7f3cda67c717f009b3d63e12e0017982d4e3fdb4e46011fd74adea	ed2e669f966dd790be14db83db8aa831801ae240469bfe6ec3a6b70c07b97d5b	b9efaff45a6cd2d178f43d9cb4d6388433f55b7bdd64cd622a84d75acb856095	fff1ee53c4cfe1a81fc776ccb01f58d6325f52f32af6c91d590d8dc28540551c	0d8c9c5ecaa6302a06e7794abbc13fda17ea70028f1e288f79b22b9bf11874f8	28d06ecc7bc0300f5beb7e4fce189bf63186d831c6f18758aff889a38321d71a
739	9cf11191f92c48f7a92135b17438d3ec7046bec147514caf189efd5afba3782b	71a084de9eb6f20ef19b18c3849dc3d64a7d046d3e048d299b00ce353355800d	5bfe8b420addf071d3a1f7ef207623e3df183fa1bb24b190c458f314b4dc60b3	3965f018206e6aa4bfd9715df8b1d450e217e7f427e511dcc329d58dd1f0cc2c	201f9a4c8922a31836477edd710fbe746588058b5c2250b1ce6e9c10e31e9a03	22f965d6887dd7ff34804668650654170a7b24e3070b0131857ac5fe571d1b63
740	cae1ab44abd515ad813b16adad50d6ef9a328abd270d7c74d0c3053c19e5d9ac	1f38b53f0fbbd54fb98c0b0c3b8c0f426801b32e8e61229dff59cf68f33aca8c	bd59238e980f588dccd90aefa2d52712be156b95f932dbf40dc0953ded4b7666	60002118735c78f7a1e17374a66086dfbe4c091cb66980571cedc312a0cbaddf	274fac68947cefd9b2cb57527c58ca8b9d4deefa360e833c120f68ad5d2f1d0c	2a8722639921c46f639054e248a56634c49d48043ec40acaddd46341b2199b8f
741	43eb804b0a9e7e841918e97b7a8018e6bdb73149b8a6a1b2e6f0ca61c0b59f98	d5dca97fa7cc15279e6cd664b8b935ebcaa0f2c2a61f6f0613bafd79f662648e	249d9b895fe15ec2f1a8f11b712bb2ad3c309618aca522d688f111dc42b6d0b1	2cc790d349e9ebbe32d5c01e28e12c0ac9d5c097ba6dae4603847eb3902790e8	e780ea0fc975083de935ee132d87e872bf25a4638021b033e84e7ffa6deb263d	d4983a0261dc45f56b3d02cb6ebd1e9d29a048fc585db631614666b47c45a9a0
742	f3ddd852886a9f686f872391410764b5b5c2e3a327ca3f8165c7d1855949015f	2fa9ec3a25095e3886dcf7dbda525563adf725dc7bbf4afaa65bc3be0d4a7b8f	4f95bdf3d7217181cd7da957fd96de7ae011e7dc16e9ab43a221cbbfa8974508	0d8e9020ea17322ce5d619f677b891999ea8ade216ad75e64928d469e40c46d7	0aca4e4391250f851858a42fdd617d53eb22a7da04cbfd2cac75ca1539afc459	5666b3150fe8a1242a66df49ee07e816e2fbec29328a1c545e041cc11db0dffb
743	42f60776b53f2e625566c987ba8006413fd0ae26de70f9dc97a6ccc447e05250	0fce9a3b84a1d3fab081bfd846039827438e732095a3c4518f0f322b552b63fb	f395ef17d4674664b9605a9310a7edbf6612299cb5941bab8d66fb42c97e42c0	0175b7b3385a081caadaec371d67633b0c63b9d67f8914e4ba1f5502ee243a89	b4f25709f6d58ca635ab1875fe33f84cf5d1705f780dc674f386bff858cd28e4	b1f6979053d65c6c99a2024037381b160fd2840be4f22e9ea50f112143131147
744	76319ee7b37af3b8f8ca3f41ed27cdd1b5f5a3ee8874c14fffb906e997bb5b31	e6c4f269f2c4d35c00f3790c1bb89a9aa8d4243b53647a69386dda2d9da6bb78	ba276bf02b3710718d843eeb77516c1489eee91ef4062db6b13eab2d982ed2a1	6bfe3143bb9da8dad97d724d5520bbac3f57561f497d3393616531a7dea8447a	561b3f29f5da56f1f199856318c3a8ed4a3134486a04748826e60b6abbbee553	2d8a49fbb95f821c80ff85f1a4229bf1a4cbd9665f6cb6498591e12532ce01c9
745	d8fd720e869c2cb7c425f5119129c50666df32df65b7ccbe73f7676830c7e556	fc9a4532069aa169eaf7ec2da81ab2b3755555f342ef606f8abd44af8d5ae4eb	f58c0e55bb2ee81a2953bd2b4bc416573bcdbf490f99e437ebd7499b60f1312c	2cf7461b82cb4efc51b7d5ab576bd3f00772e10f0e14e248cee8e7d8b85d57d4	9dc19f0440d3f78dccec1db6cf4441f5553c82eec0496691e3f75e8bd3cb223f	c4eaebeac72a3bb288b5f176003d842ebfd77e92f548ffce96656d72ecb53a9a
746	c3429dcb6953b9f571421381388522f535632ce2253182f777adbf569df7aa05	b078acb8fab256dceb2a990f17481766415f7e470928624c9c5e3e0ff22f1745	077010c6cc859410fb77ff3008f2aa5775412eea17337ec4a9b974c8191e2133	0f4de7cab3a84204dbde13ccaafb6484ce7d4d7ba3e18f7d530d13cdffd22f4c	b7f99e404c83402c16d13fa5b89d8a1ea0ca52b3e7431433905e917cea29460c	7fb61afd16e0e8475d66e704d2ce4a1f6ebe9370449f1f8441ed22179360df9e
747	98948e651e4eae416a21cbb1b1f1cc6aae59913dcb8e27c6bdeca0beeb57e1f2	59bd89bc1bd7dc8fe3c1ec9d6a0727b89947a45b4b007c593b62b90b08268c0a	3514b17abd50ee781dc14972df3e0d82fd4be4552b5fa4837a0fd4557ca176c9	a16b385b884a84ce811a02e988ab1d2e92069d756a05895501faf5b2677c9e42	9ec527ab2806979530bba2b75e3684bd806af786111812038dcc44792afe91ae	3bf805c1886a59869880672607112416ee5e8cd93a05c634094c63cb04cfd31b
748	1cf16440e859f3993cde1deafaa214e89d7d724428f3cb07c1b4a07c6d22dbbf	1073104c8937e7c811e5df61fa4cac3c97670b7440e19f765419d5f1a549da78	05edf0eb131b91bc5f9d66be807629297624ae3198860daec4d307ca58a399bf	4253207e6ac6b29580a6c7a178113eae12fad8edee40c0ea6f4069fb04ec1cf1	a04ccab4435ce02963ea3ffb4a31082358b2353b984c0f3e900c48566e65a7f8	ecb632455eca6d5328eebed895ebb3120c0448be6b1d744e27e060a231febd33
749	21490fcaf9e9bf0910236c3124311b40ee09d7233b4a1ecbf40b84a51cb296dd	bf132e50c1e89cd9fad23eea42bedf08d23a7b95394db19994c5509294d43e02	eb518db2f7c70d821eb3571e94a5646312c74d996e3c8ce1e608f98b3f394916	1310c7ab32486ef7f5b6ccd4c61a7ecdea818bb50a62f569e0e1ee1ef5f30eab	2646d50bed51baa460c4103b1097d2af47d1d319a30d7c03fad679900e8becde	a313c900229961429623baf76583ab4a2191dfbf5a5b351a55d603e32ba4dccf
750	b62cfb748370aebe4552528756e6492f2da08f2949d51824c13fee94d3389e95	cd6aeb841f96a96df6bbdaad88034788d993d72afafaf5db5ac90c662c90009e	537c4ba77e87e5609ebe14cc216598c2e0d1eae42519f6203141925647e021af	802679401ffc5db2b96a624859d85b5d35780a0c0d7a354bf8972b5a32cb799c	8b24a37f966279aefd2286880bac27bde65330383a08e1d567afb48f16758d97	64afbe7a5e6e6f9ffeca7197ed6eb3a4d1a7d62bfc1f2f4ddc9251148adb7b99
751	c9cef8d936452e6b9eb1e927c20a0aedba920ec90752a9cd59ccb46e13b47540	305202cf80a99bcf901e7d5e646194b14ad38133c744a9bf56863f6de6a15cf4	226acc2769a2b1b0a80a6e1c888be621b195a9480e6db62b1d20bac367829b3a	c9266ff9cbb8bdcd4187e104efbe645ffdc37b39da0b06f979905156905af4d4	2c15c435865f4ca695e08b6668a486a3b30e1a8b7e56a49513caa46875ff1f94	c1940b62e60fbfdbde8975da31896eb6df13069e20634eea9214294ea47beda2
752	484ad285ef19601bbb91a286e0d310fd03e32fd62eb6c81f3d07dddca58bf4ad	0386eb3402871ca89af2a26f3fa8e59ac98b386c6a94ca8600a63c845302493b	528b582dc0b2e9170cabf5e4be89675180638f3f2e054ea56cb2eb766d79bcd2	e1ca11ed53ed480fe071ba172a8f6c74a40945bd83967825110284cf5bc6f44a	f6e7df3973b22e3c13c99eb39eedc0f16b16d92ca39f3b7de5f52ef6dc707491	e016c12e5fc33111e247f94b3a720d81c4f896b348fb3b22363cd4ec9c699319
753	a4e89ef0129206be0aafeb5afbb64afb924024f980cfcda4e64e1f18525fe169	66b21babecbac5a42ad00bf0ec3f5165fa315dd772b6240bc4fb02465e686c62	a56a266f6008d03403398aca02c4dd66b5b0fde16e74f0075c6dd7aea56755d2	b489cf53278d3363108579b23b3dc270c24dd76d6df555dff8e9abb03889a841	13e387be7a2e7b30b6a04d54d8123fa88b15a4df725fa49d1983ef3849424baa	fe9566788154de489efa150442529feb36c4c72d53e4b653f9a2f80766587ecf
754	43c6f14dfd692024eded84665c72e78760935b2e9586f159c830b91bad71cf85	e5b094969a0217f61f003f8675fd982c4dc62a2be4ddeeabc318e2acff75b548	28a5dd82310e3851aee4e6d6eaa533f1a937e0ffa13f2f46e074208da5a3a26c	cf7f851909e83904a14839a02615f79d24bf528881a6d8204ab7c6c44fe9c075	6fc700a65830c1aff827460161874c0b11bce12ec6d30fee95fcf21c8d62b039	f29f45d74fcc3bf30ed9f41725432bdfde09c11053dbbc4137a0c2999f80cb91
755	9c637f17c09e35539e8e135eab9a016334ddffe2f8b3fb73c2122ce909b1eba3	0d0f9f2c1e6716e6f056d9fc24449e855c16221138d4dd2d47dd35dd3720fc94	8f89667e5296229554d55a8fa1dafdcff64e4607fa557d8060b59628e6ba26a0	60aa81fc60b10c79c6870628738e0cef8fb947ab82cd43c348537bbc05284b3b	b43dafb79473e82dbb99cdeb8322f74c1f74b72cd72b1d2984ce08a954e0b912	2d18eb71b44bfba453827cc7d86abcea1268e2f96b007c336ad2fbba71270b41
756	e0003446e5b83de97c234f75714d6c203b7bc69bc1a0ea849be91b5151678f90	0687bc1b7011c9cc482eded7de7ee17c551fee5fc82ca1bfe7fa01e66253161d	d6df06766d837ec27f2184d410430a2cc23d9d574951ad12cf4cf0a8d093df16	f26444fa1d765d8fb7dc3a036eaab854344bbabee977041879572ac23c18042e	5f56c1e25ceb8efedae019149e1494bf983c74ba23560bd476488b8a05595152	5616e3489ee2b6b5758fc66ae2b63cb0100592d10a2fe9cbeb54b6f3d11ac8cc
757	e1225049d7174b1d58b67101be0f421e7e7e58455abe4db85698329f50e1b674	9e64d714b211d6fbf8b310159e0e469ae97018ddf26777410794d3c99ec326e1	41b6167c22c4525dd4257f27615dfee069693b41606189752d3f0d694ad7e768	f61aaa335ee025a62c0ee0849d22d3c97b9f9afc94cd337821e19e05ec81311c	bb9ae33907cc86489011d07561ebcc6c366567802273fd8e8dcc8fb2426ea0e3	f59ce6b476d5b0b049885ea97760e0daa8c8b3fb256e5b15e7626d2270e094a5
758	6fdb5d30afc6e7c3d0f901391573c54ae297dab67f44d8fb2a7db9fc34d5abea	87b966ba1d1f39c0a78daf880ac0e31b758dbf9464c33d1fd39b3898e07a7253	91ffb1412751f2a4f13065870baa0455770f92f4f8740fca17a327f61eaa543b	6b0baec8665ad0a157c9fdebbca37777af252093a1e5c85d64679a03043f1d3f	7828c48afce9b589de0966ffa92b5eebc12853933df6cde8d5ab63c1a37d760d	8b480087856435ee2f64d4f6e0637ebb74ad6a1bad5ee21429e403dc5ed82528
759	e5ea03b1e857f2724054e626c661bba3fdfaf6b4fb732a7fccaa0a3eaa827efe	feaa76fed97291d0d2b172d5b0946379e8deae1038889c96ab6b985f3ca65119	0f7ac16c1b91b14d6a2a0db260256e075d40df3a27ed3900ca48cde0e1f72c2b	b9382100753531115e0bb49a832ac879f76a5b53526a9f1df57c48ee9e17d011	73e3a75d888a97a60f849d41a9f396c858cd1894bd6fd2112059a3cdb8a8f0f8	90c6b0c9530d10ffdf8a79328e5d53635a6e9f1810fbb536776a4ba27a3e7553
760	2d168729fac7a009f48e54deb9f6e03e6bd1385c41e22b0eceb66f513213d636	889ec69a26bf87331137ed7fdaef35fdfb0f78f4aecf0f9ffece763c00249efe	35b3db0687836af22038fe3d216ca3932bd01628ee1ad6198d37f0829f2756e7	f907b369182110610c71b81fd9f9bdecda77d08945ae5285190e4c5c513698ad	3b45abdc6f887c836fe271ad6f8c3a0764453f2260c2b3a3eefde4f2e72d3603	2feee78ed55305bea0fa7d635a068696489f7e6db5563641928f7d41bce2ef5f
761	1484d7034fbe0f81eca34e4db62554ea667cafeaf4e2f8282acab6cefc7d0b70	8d5e3a3acc8c3da0fe9851326c036fd4621ea865942c0325bfbc87baac00e7be	236b9b7a1369fc54068fb11290f070e55a46ae2bf7ff0e6a6e3bb6ec487991a0	b7174c53a246d4e185b6f7fc2383dfdd408a5328f54cfd2c5c0982f771cc5725	6d9df26241093f7f44fb45fd980575229259ecb467a71ea2f0023c9c3d650c4a	06944daff082de97e4296278eda3e5a7605396ddca9a4937dcbb737a52f07f77
762	e011ca9da2e522b58e2e1a1af40a1942634ad1a47a2b21bdf85e3760f31a9cf3	511b675c97f9fdcb165d175975331841555f78e5cd00d78907713821b1b34748	7793431ac5c74a78e93b1c840237c03e888bc3c09121f3ff65ac2810db3b6b70	1af2355067214b642d7373f6cb36523c0c23e1e101a84b567130efb3e0d0678d	b6401c5863f265babc79b501c985404aa850bb2650f543a1b9831cecdf03905b	269b3cfa0995baa35d8f39fa4c8d9a93d2684f6433c61dab34e305afafa43b4a
763	c8a7eaba48787dd7f887c18ef47c5d164178304100dfff62797a3733fc852630	d32c59d5a40f4c7870762cdf3409786f4043403db21ad22cdabc9efc04eb0b85	dedab75926d9aef040c91205f665a1dac9a2f4d553ed537dc7488bb88dc3dc84	f96a9e804c89374aae975aaad0090363b32db5d1080feca77d053bc25e9b2e57	7d55fe956034f03dae5d41d62f8f3c9a426631cb58fa45f559b0bb16ee7d657b	c1f671bdc2b95a91074508ab28a1d444a263c82102d8d1e15b73ca12e9aa6ec5
764	42ff816582d1fb1faf6e3714dc453d9a242e51173c04c236f6cdd505c114e49f	789289cdd3283de14d0d22ef50bf30955b615ae0b57c09855c751cb1a1653efd	686e12540a04363221eff695c4dc00a8c00c6b2dd4ed576acf07362c1d2a383d	8b01fcdb9ca4a95d3ddc36414443d91c934dcd7508dea42e4d4fb7f9d0bff5fe	ac32e91e8696385b35bc31f0e2bc7513e683cda0cbdba35b958770f50ef58163	109ce3f0a3d9f8bc550723fda1a71d8c17d1ceb80383a5e3f0fb5d820e5cacbe
765	050660dea942c51da758cf0ed60a6a2e284824fce1df6203d61ebf2e13bc9fe5	fc1f4ddb303200a99289746e5d403f4d8fb0d4a2fa7de0f6b1862802386ee50b	01df4b20b5aa8e847ace49e22528b2c936751916c6fd25e403df79b98254625c	60373a4a3d8c490e790b2cf2e0ffb81438447de16ad9c7d9bb324d255076504e	d1ea00ee833a9ae7acbbb3b67a9f7864b17bd2f540413c8454b9dd615eb98941	8e44e424518ca5c41126c57594e3094ec3d58f8fa17bc607ce3a55fddb2c07a6
766	d22efaa486f7e81ed579746f8e4f54b307df2bdef694245ce68c82ec0a225050	c6f896688dd7321fa8cf0f1c7d000e6040bdec5fb8a53f82ae0ab218df96f1e3	d62eafb56c9788a561a769866d7f331c9e2514486303251caebbe828b4819f1b	dede4fcdb8c869355f4694b45121b5d99ef4a8364332425dcd07ceec9ad2763c	5bc953cffb314c6c87c2520d2d52ae6870917a953c355f62d1d7d01343e6ac80	bbb3f1f5a826bcb09fc1256afeedd1812f429bed616209b60b265eabfee686d1
767	31897090c6b7e1b90593bd573bbaa0e94fdbeec4dbd41d02fce394b9dc47b82f	c1fa0de59a1309b44a81aa8943a8a28b448cecba0db5d00dade058d6703e3167	88682017e224a70f059baca84dc91ec3aa2979d932f526409246596d0d7ea615	e93e804c86fbdecb34c01e85e7497b3c9cbee563b938ec92e08607e6991bfee3	fc83d0ba4230864dd047e57152677558ed98286b9fc744d94d6fa25096af38a5	521463c02d2160507ac018c298a5379d1019964d857ed017db09802d60f11aac
768	45bdb732c442c97079ee069ff30038466650a27cb46f97316fcf2bf1556363ec	d8806cbe27ed23a79f2b855614d4cda4d6bf1ca07629a5f80602bd65451e6fc6	683c690b4fa177ccc0636cc7af305dfa1fd581e2f6850a755473d22d6e52679b	0340d6e88ec55051737d4f5937722f30b101e3bda8e2883bc6964727afc352d9	3a631cdcbf7ed11a653283ebac699dce2e066626f318a0cca39b603408988a41	31c228d551de9e05c4c81224f10b69553af463b818096b0e2f399aa89cd1fd98
769	d06afd968f0d141e4e87a59f798d0e3e6f044f89dc9e0c2a6f19934781c84a1e	6155e7fcf1bdde9019c6f6f99e3c7cc82c1342b0a6a811b88a24ababa41b2de6	7dcfe97381a57425fd5eb02a7e539994557b7fc0f6139a64f09c5075715b2da8	6e48d802fcdc7e3ca0aa681f3ae1fa791cb4462a9bf524036a8af84011d6f8ee	6f2d7efe7aaeed36c8432eb6cd27d88e5160c9c0b1557234cb88fc0217a8128d	3f10afbbfa0685710df168a4ca4c4b6f80e1c86701869a8b5ff21eddb6529cb0
770	004c9fa37832b539f0b5e5847b514f05b19db6214b7d3abb8a27463526b17dfb	b46d98ad0ec5165b905c032f023da74b0715bda2548191221bdb52e90746098e	8e33f7a90bee1cd6fa8c4eae3c3e450d2eb61d5a313e40dab922b517406a1f6a	fde3e9845edac7568b1ccc0541e20180b80faac8240a50c3d9752f0a872fcd52	2e6fb44defc90da2e669c0aad394b4d6245777cc9ea2df10f4138b283921bfa4	30e9d18f479f4fde2dabfa14c08f96b8b8c1c0a519bd03f27021f7eeb8e65b90
771	efaab0c88c3b5ec4dcca7ed2ea30e1104332433bcd3ec46f4a867905b8280c32	af19c462a5215cec89661f825b10b8b62da0fec54ab903b02daa344930aaad79	b6eb346209f01978e924f2a06e2d4eb341c77c6565135a20eb4dd944c1a89ed0	bfa852a5fd3ce84c8233ac44b7eb0fb91bd4510bb1673c5418725e4e1f8b1a13	eb16cac2eec151f4e9920026056410364e1a9776559f7493173be8278f1129d5	3bc26f2efc17e5a82d73344cc6bf0c4d54e25e74be746835cd2c08fbab595b44
772	b0071539b38273c9f244d12e1bc23a4e0a9325f117640bb8af7fee18674c516a	dba567175f76b86f9567561ea219a945419bf094eeb453ceceb10555949a7bf8	f2599d9cbeaa7ecf88f5db14cade499942de7b27ca778def8eb80db68637cf03	91d35f55e72f128a3a3c213b6e64445739b4639440f4e9712d089cc2bf338974	482ddaa0d1443a2ae58c4edb75591d5d28d28f1f87e17b26817a0d33b015bf2e	bfad374a4c781c608232596bcfdb6cf385ccf58bade1c3f0ee01e5708d7cf304
773	ce2ae6a808b0490acf19a72dfa1aad55596b79d9c831cf86e055436a11a55be2	b5d428af5940f7c758063b5d686250053cd2c781629c40e3381257492a7a6589	88665aee7596523e49e510c54ddd9b941440e7945f0795a61ac665a8ceb23c61	3da965f9a3bde2b3b2ca09ced81b9f7c8f2ea8dc7f6aa2097280dd614453e48f	010a5d9b91b8d531f3d61094d9260b59002184740814754e6f5c8d97e298c0dd	a511ed253d2d517cf68aac64f34eda0826c7487c223af32dcfd99ee567d7555d
774	bbfdd52042e60162dbe9ef99ef468de6b25fde905508977fc9e2729161a4a70e	4328cb5b79efbe532a29402f16502116af126b3a21b606c1c28f49e08b5cb583	1cb3235f95b33ce70f404612ca1bb096086b3b36690ada205c355a556910a0b8	ceae21b934c7fc45c8346dec77329190df3dca0cde37ebe0b4b9564b640f29e3	95db7bb4877a2bbbf33e60471ce21dfce359408478327ca4c2fb9ec35e3d5609	4916a19d464605f7d4102eac7c1224e9acf81aeb71d9357ab067e74c33b68800
775	0c32aa277edf2e138d664cec7b3a46e1e715db5e132cf4fdbfe1bceb485103bc	9053bb0d26aac7951241ca268a837732bb6ec637d4c642f211fdd42fe224e41c	5f1d9b64e91aa08fa8e9a5aefa4085c9706585602f0ff54bce01b9507dc96edc	0c6a9b6a3b6a00a511743c603a9d652b6589f82b8a198c7ce8337f8ff31a20db	8f094d69860d94b9a372bacf6291a8bb969d9a930149e0d3499c0f84f62bdbbf	078444a1e4debdb4a64fa2e59e0cec78d622e913ffa925cfdcc378bcce66602c
776	a110bdb708ac42e953f60641d238583dfb08622800c22107d12f522289bfb1b1	a89185d5e5efb8e42a89abd9db41bf799f45ae6f3144d7d2bfc8ffa6e8ea342a	bb3a034b1e7c96df476f378a327962d5dc7ec3ff864c175d2e7eb5bfb87b186f	d59a295d2650413990f3a7b4d1f0e5b0c2d194addc2f20cef3e292ef18cc25bb	83f871c79df3f12f780194893959778ad07f6c00612c0085db9aee43d1fe238c	32587f62e1799f944f628213aeaac7dbf2eeb642332c79571f9dc687b6f1f45c
777	9b55ce9a335de6aeb80abdb29a5164fbd0f52abe021d37af3efc37930253a88f	5f80ef5979909575bca959c1708ca6af10e62693f9fda7e3dd1e2f2262f05d67	c93626d1b48345c4e7eff9235b940decf78741bb65cc631435ac2ebe26be54ea	3557eecff3b9f70e364290f91def0b818547a60928f4a96de9718f311b802760	694376934de9bb62203b8423a9e047697e43ade11debb1f44a41251488829199	2dff4c82ebd5cbdaa6703d8b58f766e7217e2c54eaee2ad89808191e6e7d778b
778	2b06a2250900315dc1d471afb4d1f708104da67fd1b19a1a61393c6248b27d77	fb919abaf03d933b9eca683ada11bca5b533e8b1fb16b73dcefcfbcb9f243c17	c49b86c946862d04726ed9be35ab2f299f78ddc797ae643eeb3e49e1a51c0233	95c394abd4a957d5c040c4f75ff2fb4b3dfe0a82e871f51ac6ece7eebd9ce8c1	139c7b61436df440a5d042c5abf6f274722e75c01953c7304d625597fcbfaa33	8c1d5b67a05585009f7a94fc788b918972e8f47c34f2c57f8dfd2837de6a2510
779	7d49fc0d5a9b3d16624d9ef048ffbb980fc234818950ac0e2c30c7630ce7fc33	e216b373890d6a514e6821874b004236c1a40852c669b22883496513b3a521de	94ae48a233a52a77c3141b9e75874fc7bd28b37448fb9294b6c9b0ae86c17e06	12a51dc4fc185d7e5aafd4815661badb0504f95ede73b2654c8f26b5e84ad873	7c7fafbad2742a380c6ec65fbc8c92de22548b1d42173038a84719d9bf2d02d7	992b84d4e231fcba20ac04fd8d3a0535ef8ee5080434cc21b5444b986242f456
780	e8ae03a5b3b4e8b009f4bc91203754f885d8d7bc3a5c791cf87caac3cc3efadb	797389a5ce12086f43dadde709919ee01962bbe06fd9b85f9c40837153a15300	638f67777d0ff3f316194cce816655de36c6cd834f3a2360de7fba1bcf6a8f23	35f43df2dd356d6ef02573391897843664520cfe731235d48eb02c1ce4a6b79a	bfdcc8a64e1bf0ccdffaa8fe5b1903a38f80d5aebf5bddb8801883daddb569ab	5bec91fa368581e411cad81594067e8ad60f15a2d0e0c8248929abc8cddab470
781	fe389ad4e3f9a753e02fdf7a69ae488585abd5771761e0cfcb67a8ad1090c4e1	c8e987c433e01da56be0a90037668c5e7aa224e1aeaa90883da1108ea67ce751	0817f2a12d058522ab0abe1cb3fd37b20f0edd735c238d7204d8ea4f34f4b44f	77c3b9f7fef311290e4104752fc6beb6262dcb020fe20712d9b275d82d5615f9	ece59a7b5287cb1d97f39605d757140ef24ad5e788d3fd680b4a675db128a48a	8eb059309ec3cf827400c6f2de7b01f988d7866c54bd01f94385cead25a35871
782	1fbbd7dc7510c0ae292b8d639bab8c8e351ce5d8594266c7d5de834f07c658e4	5f57178b4522b335e1aee7b2a3a3fc407fa82db55e4c62184f817c5a5d0dcf3d	1e90ac8930c934aef22499fa27fd7660ba4d0b21a8deb9319cfacf1e1e79549b	46feac654e9775a5ab3ab4034dc5cf3070b9df8a38ba07bb8d7b49583779f038	3a8bcd7c98f6b9343db77690b79b23ea198c2ad3894d2efeaa7e2ba979e9b5bd	c443b74483e13773fd4e769d07e7fc3265b443bdbeb43638cbf82a068a873fd1
783	84059fda6449c9058fb0e4d90952836bcdd8ee86b877417ac2ec1be31911769c	5219718223296ea76f8a24389360965bda053bcf5efb0d1e26db7c400d64754c	ad7e8b44142a63903584ad8be9a21ecce5c111ae1f598441ea6b4042c5d6bb99	98e66888b37f6dc98d6adfbd31b8f66a46a21f06a98b79232e532da7dbbcafa3	1feaaaaf3bb751dc728d831219d4095293a5cc558b65777bd4d475fcf2b4caaf	2a1c40c0d9cf8e594aef356404ae203301c557b68d5f0827fb84a568d33a09d0
784	e5edb5e697edac152156aac0dfd51738b34b1049484d84e073d9b2c90770db22	1e1ed1cb5409aba9a82df4be8e2e9ca7e35b8475aa445358598d031e29bfb345	72134f6658febc5a4b740d0b95b02fedd04929921bbedda80d6abd7303282454	321a3ad179d5e073ffdae9fafd5d14c2785d52c19313ecf1ffc6e35f09c7cb3c	890b29dd9e99d5af04dc3e851152a36f3d2bfa90dc933f4aba7239e082eb6223	7a501c28845e1e2f1fb614f1535aaaae04cb8666f3170139a0945ecb715c4b2f
785	4d58daecf5f73c31b4cc0d960a42c1de111f4fb570a4e5c5a6769084804e48c7	982a10f2d3a97464ef4ade662387ca54bf0a9e3249593d236c9e1f3ed4959877	2bd19e749b4b224b56835a4bdd4de55897955280572968b131352d3824b4d2b7	e0796485e06c88e2ae9e8b8c15b6a320389daa1af3fb6ebfe3f01988e3a1c0e5	0018adbf7501c1a42b0a7a192bfb1cc94b75bd579d763d804fb83656fb087d73	a123e8e4a337d2c9b7913741d2b3111b5c28f354f9d76057c90f94ce690cbe4b
786	2dc400dc583575826dc01791a7efee83c91b88442dc5526b68c980d2da5153ae	f7d18ac770545b212a83f1bad5ecf4bc79fb9e3bea3e8b80568fdbc0c205e654	56601b4e7df8e3c73d409f694e6dc9641a00f8f0c94b9024c490e5d6cfb3134e	8c67185bde9cb3c95ee465c8582a5aadf0f58934123a5e57eae028c60dda0f04	548fae404c2fa1c566547df83a08b7489cc2cb19c73b4ef1c6e39dcc09c71d0f	184d1d197153a713e1c30d7a0c538912ceee80e6c2a587914fb1e533a4b74ebc
787	eeae69806acffc9d489464b81b65bfca80bff5519a41cc9810246caf2816033f	5637ae1b9334f1c231e99aa68eda853ef4f191980a7e829ee207ff4ab38841f4	481530d6ff32cd0496256158c8bc0f3fad28a63be47fb9048fde7ee5a93a9fd0	8ce4d39b1be6d3e6daf8274383b303f50032fc92dc23ce1e99cd82a2f1e69e80	e4e074241c5063eec7055a3ace252d524e7cfc84b9b9fa19694f009f4bd7b906	8b7709f2c04778d62b927c5680c4e894cd311a09e19bcdcf13d3721531d0d9e8
788	e72d32f3f94495d27d315bd8f7d4e5b90d09ee9bd17b5e9984d0964ae646e359	05224d751262f88f6240839b2cbffa1411b43945ac1d33a6df76f43bc91d8aba	a937bc3650cb8016c63f18055d7b0299927d0498a55307e4ce7a5d0600aec71c	901918d5261c38e746f3afadd4190e6f8c73de53bdcfd9ab9c9617a8a3cb30d4	233a8ab22225f15a2ba6b6a06143d1e005fe2036a16f945469fd20458842e2fb	479182196edad2259d64b8c859bf15a21be738b7e7d1ea7d0f7800b8616cc0f5
789	16346ef439251d9644cee7cc959a4ad73dd10a6489d494ab32a54c5f17e0821a	f47be42091339bcbe4ccddbd5d9a61638ecd6e5b99be3ee95e6b5217493aa312	3e5b5ad4b2e0357e51759815eeb9b28e8c12c912fd26a075bf3b9d8520272f7b	e76f0a74b291fc817f09b5895a2467a263811879b2774c07b598d3d8ccd9bb02	8bc98c9e54bd1c4f4486d94453e4eb133fe7fd8212c033a89e2f0e86c11c590c	4fa8c9e5920b27f3a7d600eea429e2479b138b56f2dd935db9183bf6e376c51c
790	a7fffd442bbcd3eb447753ef37e05b1270292285252ed084af644d837096004b	00fbc08ae150f2068e42417f30b4eac5d33663861c1c6502cc45ff4f46baa2c9	2e0b6b743adac9a8120144a9edac0b65552fa669040f39abb3aa5957b4181a66	bd352ae4060bbf6aa191a1ee32f7ab3095f6982eea6ca00dac5b582e8e3dfdeb	4283b0d95e5b4f511dae8495b31cafbf9bcabc2686d5b2d9f6179675b76f6e4a	dde8a47c151d0b92e4237dc2defc2f378a101e17c06dac947171d669edaafbe1
791	26e0bd02083ac087acdcb23d9efb3f53ad5622169a46d66eade9ea3da638d9ae	8d3583f4284a603db7fc9822d1deec9db995f8cf94fe77772f44175197132a45	8a01e44061f02dc2040b6aae6488e7724d6fced4e0a72f6712136ce23ec8e615	26c83ec2aa3227760e20c6e8a1538157db8adb2924d8c51ab4e3ffc356c82571	0aafeaf1da83259dd068b0834e519e8e3071c0aac599ae26f1088e60ed0f4e61	7c194c4f20e63691716888196d09a30202356df1568a27444f257c073d8af663
792	f1b1f8490d74a35da9f03ac09c5249a243dd844025359c07f09f524b23a31b06	aa2565fdabb47034929eff04d05c2213f1acaf88a66da844c4ab727d416346ae	275bb39503ee6cc353dd7f45999d3c6a9267bbb370a64615f6d3b781a19c3576	a90aa562619448c8f87b2d20327ab38d6bd8aab92108724607ba1b6e60a105c4	ebc420339ec27ee75d9a4c489a3fd3cb6678126db2bae6cb8ff7d09c9b2d7259	46f88da71d2df3494992c1a33d8b37f7166ba9cfc884d2eaa172954fe54b055c
793	b84cd28c667f9523966e09c7b27f3bb47e39efbca6f021decf60ad7bae9f5169	018852362c0bb21f970ed4771fcaca2255d17658e1b30bb6f58bc71a65dd6e7f	82e0e317f78ed75bb2d1710f4a0cd88481befef23134399305b0945a50f19fe2	36794c0f9b88d0dfa2498a6d3d913ee8fed75d8fd1b586b7666963e9c4e5acfa	1e58a02918b47f428da1834c6c8fdc3bee36ae7400b3bd4ce73ec74e085f4ffd	4965dc205f8226fc077a51cb6e0b72467fc220984c2db60a124ee1a022d5f756
794	98d393162b047e13d1b05255d755aa95c3a86aa1f47d18ea883d3d193e8f6d9d	df50a7aae61690286e9845b45a3bfdcdb5e5353fed13d7a3f8163833fd88b129	fccebb270cf97910d2fe0f4d16b3888ea478e349b87f6c90c3bc4321c6b9a342	b51c0dbe25a95969fcf951b70fa14f671cfaf27e2609875a4f418cffd13be6d6	a4ab55e96c67c732173c445b7ce424f1469d3c3793dd16d71917ca3d0af91b3e	9ed86ec577a9e9066460e6c8dbf32a14c082056f6d051dcbd942b9b7e5bfad8e
795	8ddbe24f463c331c0d291dfdef2da531b04d1e0337c5ebdc787ac1da6f752045	bf9f1d9d6cddaa4726b4290c3717bfa6312d62bbb6af81f47a6d4b19696fefe1	9248cc96d5e4a90cf0c723600d76c1998a9262c9ed4e9690510abafe33256681	eecdb57c58074f47dbc5509076b48aad34a77b3bdfd9ab4848d5c50a0b1ee933	eac4809e096539b027b0f6792ef98bb178b3ea2702efb8da66bf98ac47d1e9d5	db74f46627be8f4df18982047fc5060ecf14666100b851955aad83809e08a577
796	39b9ac1686f69db0debba3a6d448f0991ae1e749c5fef2210d1507949ec02c18	d07f24d490c772edbdfce875fa9f1aab525dfca955e63f85df111ecd55731d9f	dbc2679a1cd5387961f7d991be4900d5f3e141edb21eff49ec2c60fc8c2bbe72	5d427dcdf89106fd77f0ae9a5a69aa58fc4a46d44b59b0dee0c44252e9ce2179	6831858361dd7b8a0803a3e27633e5a4a3bc8aa9936284596edb6f60c30bb048	6c7aae8899e5257f95755d3d794762c346f113c6e0d2e26f0e37cfcfc0343931
797	f717024098558f803417713c1c5c14ff36387f59d137c2ede691fbbb50424c4c	86d5faa904fcfa0721adadcbcff0338d83fa8ebde6e1b17abe4d6f78b7eeea12	aec25e29ba4c8234454417827a3b848d246f28421b252c9a892965c704790c24	53659d9b50910a82dc0ef627f1730309d54495f1764b1008e51adeb8c34a6d6b	63757e5ca91eb541aff3baa860c6b05b99832bed9bc9c1086ee1cef0ea0c5173	8900e7528be1a2413a75ab07a94a4c61466033ae1b3261af0775409f63187f64
798	99791789bc8239ef8ed2267f7d3d1d9af178abf9733ab223ff7e13605df638fe	b6c22adf87b3ebe8b421d71ed60d7f67fdd1298409feded6c09ef39d8cb7fd99	58a899a116cbd9e73ba7f8cebf30ed875a175f032e7efe95a414df7d8e0eb4b3	94e7bc8dac837c5b828c3441c3258e722b205f48b33d32d5ab6214b472c348d1	68e8cac471c6a89c0d0f1b38333f5f82b80efaf3f2f81075e716a5d5d569a67a	7e40cbc539c3a87c66b8fdac923e9bdd4ea839935bdc910c694fa28330dcae5b
799	3064f948543738b0210d3d34996970e12c790922045fbf4f1c41febba10ec2b8	be637fc5dc149fc10160dc7a899e072a6898a6990426804ae42950849b41002f	bcc1e876619284a3e2289af2aa2ff207810c4b42bc7332ca62bd2c2a51cd1568	75c862fb64f91b2c638c3a6723574c8767fa89cb10d5076819dbfadfa632771c	1b68a2f92ec0cfd3ce6865bd9f9bfa13e6e045e746f2ed944f4ca40dc73e7ce7	bae040b0064bbe45084ea878e0181530b6082a74b48c1e744ba7e4bf5f54260c
800	a29f4d495c91278d98694cc152ecbceea144e408f9d5527ef29d53adbbd59808	0feeb8241c1d1de4cf7f97db2fadff9787760d9f9299308c870d648d8df77222	db7eed659863525cf69b477c054400b2061de6eaf12b74de92e064eada477ea6	579e996ae4f1a1b40b25ccb81b16220c4955ae9586e24d198da9f802925e5e8e	406a8a99b0c2ab11be7a4147c8fba5893bccfd98bb6c8f7099b4951fbe1ec4a3	3e3a59f5cdddeb53b37fd1992f5552c110d937872f88fb2e9bfbe047f6851e20
801	d2bfe40da50ccf18d3ddf49eb41678a172c0fd77f0591c5226813f9f4058eb93	5f34740c438c94d1f21a536bc05f6d9a5027116a667c8a07fed47041611035d7	e133a32489cefa251465105eef064402ea2b9bdc54c7d85a5c2503a1251d5a7e	446a10a02f1c9c4489368c4e4d48f7f18e649d6da1cbc2ce6bf82031b90a0924	8fac5188e4389fd370b9aee0bfb0f6ee41a31ea8d1c4b2f5a94101d26d3d8009	fbe5a6018b0536b8857b9d5083d937f6b243c31581b91206d6916a82de3e7809
802	bba743d70b1a1418c6259d902660b4cfd60f45d95a9137d76554dadd0ac4ff31	e4dc2179ab381e0d8b72103ef5572cfc249594265954ccf86822233207ff826e	bb1aa045c68d74d998b8921c30a0adf889d496ad1cbc67c8767561084fa0bf10	c1a928f9608559865a49311c74898bc05c1173c00a53e4a395fba0563bb7e8f5	849b383c3a25fad5c4d41d5b3396cee861ff4db2767e84daec1810bdf02ca23a	3e845bd66dbdbf03c4b5fa4b3a947a8f9d08558b572a6cb3968592bcdf1b9348
803	2c04333d7cf0125711592b40aeb2dcd2f5c7d8f92c17a47b6aabb5fcda9ef2a7	519b5430c389771379867ed0568b172aeadebd6f6e2b17bbb09605a5f6d75f5c	95725b945382d40133b83001966dfbf6625d90b424cf535524e27ff78f970c01	9e3aca9a82313e6cb7e4431537568a1af5ca98604267b15b8f8a8e6ee2e714de	d516489e1d956974386af027df9c3164818af64f13e9fe6b4a5d63a433218086	55ead63644c825ec3fb8c035a8e4f1a461a569c77b3f728ec5f28d0ded450502
804	cf47b37a11f27c048e36cdc8e78159a547a50d7b1ca74feed279f916191cc73d	05503387338663b90bd472b7ae201a9be0baf113b0538a51673325e4a532c0f8	d7a736b9ab8f6507f1881f8ed5d8b66a7171174915e9e7ce7c672a4761d054e5	a6c56aee79d1aa3a5f7628f7652ea8157570442d424a7bc14ada6557b96f2b4d	5aa9e9d2895c612018822a7c9a52add83e090ab1f8402a601003fd35ba640fa2	e9d8224ab47b4e3d7b49d481422f167cca4fe55645d0566c4a4a9d37f7b028ed
805	b082649f0868c5bdd813ae1b0d088e7eab1748174219ff1ab066cd7cfaa346bf	3c47692f35cd77e5a543d64e59f0d98984bc3ca99ca0d268e158241b69161e82	c9dff7db576e0a48342e83d0c496b37802fa969dc575c19842d665d1be3132f8	cbadd9e91dc555d0f51169e34c66af0fffde963748b80382a33f2e71705f15d4	2fab4e6c5a86cf14e32c3e6214d170e2cf72120c7ee7fde4de09b35670f9b43f	588d49b0e941f25134a016a527d280a3bc902d91e4630dcc812b2b2d3bf89045
806	106fac812cdbe981fcaedd1e380c97911f06d3dd9e530a6450732bfb9ee2c743	0249bfecf01da77a35c38a45b6d893f93294c3bdb848dda0fceab0857e904754	703db5fffe1be06418d7a48dc5ac9ebb4a66cceac78ffb6eff23c2f862d4c1b4	1a2e4d1477ad3281d69e53cd87a90300e7291522f6608f8e4b67f3d34efdd3e8	a4d99eee6952389ac2f6a51a877e2dff2c619219a3cc567b0c8a1bb4cf11b100	72fe755793dbdd9180dcae9f9bcc033c5e2c1f527888d02ac62466518e81b30e
807	add04a4e684529d2ad1819aba8a061fe72911a3d83af16e12247b165dd1899b2	e00a8f33ca0ac12662e0343005868192a37681f0be85c83b99a3eac33949d7d9	df5d38294d1cb0c77ce494bde8625b4352cb7df769a1a0a776c1fd07afbf5d3c	9e598dd491fd46fcb63de319c69f03f1a8703e0f9b3a3b1afb478f5201191257	a5d7f872da904bb55686fa30d2ae7a3555dba0a6cd712b58e71f4c48fd7fe167	134cba9cbde45dc633578d0922fe76a96fc16be00df0e6ca2ad11b3d328ae482
808	db7429dad448e239d8c6badcfba558b92593b219536d31777022ca46a44363a5	7115a6c054e9a8c9e681c70e75a5eb2ea1b343ba6a3906813b5ceab3770b64d0	27d19df2ff46baa3bb0dcf4945bdd52b64b3c10b6c76ae04e506de82998477eb	8c68af54f931da84e85f13dc7c14a6f862cdfff60b850d045fc6da28f7904dc3	a68468b815182669597ed1d9e1d7fad386c5270140ddac45509a8996e9c68a44	2511faef72937e00eed2df3c31105cee7128a1e3b5948bf366deef8017daa738
809	5e520d4c965f289584aeb312cd22f54db90e65c50c281b638dc595dec50277d7	7b0d57dd8150c62c525452e9b17174fe11fd39dc3e26ae7661e01f32853d6135	1a327a618e55ac274a281e84f11b65f0cf81631e2a8e01b579f8ac6c1fdcd5fc	109320028c54f626532191ee04b797c99bdc6adb0eb43b9587e4793296b88767	04f991164e553fcabf0a22282308844e9eaa77c318117725eb4ef2a3c4aab6cd	0a8234b5883eadf23dde040a718cc30a1900e9740104099d05297d2519d4ffed
810	2bbf4f4cab461839e4e1f43e6af663e4faeb13bd79301d96131955043d6c1374	188698c039b2bba4c0aa29e41b5a52f99aa0915c47446b977d5e57eb8d53cc81	a1e67b27f6c1ea0e8ec9c00875bac4b9a076bc72fed0468608962989910cdb55	ea9a58afb11ff2118bc8f72dab9aa3d5aea684d599e8c2b8bcebda2de0511284	dd8db287e56c4cd951eeee0258ff9d57af998914184fe4af54b839673486974d	71da5f3daaee2e59761d301bd51e3dddbfab61779eb4d3bd1cfcac2aec968b53
811	703b9c523fddeb2015a94f0accc451ae16a5c0fc9dd27719c1e1108eb4a27574	a2156aba99c15ed4dc56dc6f2d60eff45ba4f70a3131489f37634fca5e6e2fed	ff6bd2cfed92c02faaac9b78ec43610515a24b788bd404921862f55b2af833a2	df9034ac9d1bb5173a7d63ee352146ac1513f1f0bd40d7a86d3e351107373fb2	9d3eefb31e5ebe070904bf82e3fe8c304277da7884c5b3c714f2e3a93b891b22	869438746f4d8a66029a2ce6c18bd31d2a0b22f333d5fb2b7c8fa89d40cbbf9c
812	909040b35953ab50d7375b4c8b947bb5722aecdb6f12fa6e62c8989a07870154	293ea68ac2fd6748a4025a166a17866587558700210fb651b138fae9e4934a55	c9837fe816639967327da8a920b9e53be3f729664ef92ad094d966988498d220	a89f13b0f43fc5e1d1c700134b15feb040aa9e83c545316d607fd7564d4c5a47	22736627e0d7aa8ff1dee83009846e870333c471105be3ed07ad52abfc0a9e50	d910f9b09e55ad80be3ad9d2555282e0c9d7632abaa5e3d949b8f63216aba81a
813	c0cac997478f89f1bdefce2534fd6f62c1e0dcee7d697ff00f8cc2a403e00979	1cbb0e16f5d903d120ee787ba16ca738ec1f6baadd605c10c0dc4363155007b2	5bb5fa8b1f9d4023cd19f6475f8e493e00ac262984d99104a7e84a9bb6ba57c2	177455eb784a40905c0795ae700a493d0e69598575b80b0570fe86fc31b8c2a0	a715bff4a90f0d2a1bec803cb46f1277e8039c4cdd8353c8432fadcabd4f1f38	466e4d75641d6e14a810c0abe3e5b5f6bc00da83d6e6c5f18ff3db76ddc8a0dd
814	e6eec2f6f9f1777d7aa8aa1772019e61edd208d226c3d55aaad32f196639fd51	5888f09d29831ce3b672e2fb2a1e7dbc2c0502fd84b929a040925699483d7393	bc0d97f9dbdcc7fffd9697fcea0fbff7fce46868e951d0ad9ad9adaf9f0b901d	7d4d08008d269cd9178cb0cdcfb533d1d71bea1136eb7d779cb353dc2afd1a5e	69ceb14a9528e12c74f5520e6f11d0b759078ba4a6e664be89a233e33b46385c	d2a12adaa084d00a694ce990ce6fc82d1f2078a106d07cfc80b77fa5c7e9374f
815	738777284d7008b64a7dc7e094abf2ced10b037a6fbe6e9debe5ecd9a30c5daa	6947ce62b7f64fa60cf38d94cb231e148738bdb5a97f4f3693ac665cdb8c1810	78977a663b0c84af78928bf333fe3bd76881f5f1031c5e92eeb39ceca626d9be	b48934ae3e1f455c0464ae3335a2814e06f6b4d6d03bae690a002f75d4b40817	0bc925489cbc566d1debf98ea557a1dba7c3f4ecd31e01d340333d79e4cd4dd6	8777eb848d28ebca873f278baf084e889a2fb2b8bdb8bd3ebc82391ba806c75e
816	c28c18e687e940cc74ec9c2a4d2f7c32193d45fa5683ccba44302f04c34a5440	60ca2c28b22e1b76cffc10b5d08185e99981e94843087a231aa12e71400d9e89	79f57068f75a73c1a8645a546b01c1408168d55c997d3694aa67e7df355ceebc	75048173c641539fff12f2f142503114c4acda8d4485683858b9217ff51a16a5	af8af0c868f24b1704d2c042d7d7c9973efaed10579fefdb97a57b77e4bcf862	6adf55c18ef6446abb8e91659b85d882111b757a145518f96ff1e4d9bf4b23fa
817	f743f7dd8651273906f35f51d974facac0e665656b3346279a2b64f2731e80df	afec84a71afeb32645f5e5ff464b3c20cca7603eefbe48cb17c382d5820fbad7	d2e4ee47f1e88f470b40482f9f0802b81c1bb7b57b123bd54ff93b02fb4f83fb	9923aece67e489834e42c841c6f2e8f0265a7aa64ebe6ab7d7402cdf6f62cc90	44e583c1f2c93bbd68c31947a6c7790ad703d3ead7015049cce9a260e66a489f	453e7c8d88b975a01049901e9eb45693a87f32b849c7603fb85bf46c93c89340
818	cc18b5048f09683f5a0ab7b540186d6ebe570cdea42da4463933370f295445c9	603390b5611c36fd48c858da36c6596b73eb4e03da2f7a85d71bbe36a8a2c2cc	1d44ca1f2b5744a6293eb6ccc5a547e93e4360a4127266251023267e2fff8be7	75253a7844e7ef9eec9ca3f66b9471c4708b0647d7106907ded407dd03b7e37c	e612222bcbe46a791702e3fe762e80b30d82908ebf0285c9a9dca769514828ce	c26998362d2d2538b4d93a53a8a8014892767520e59cfebdc28625a1a08c8ae3
819	7506fa931a6f7d8e45ed6f953cc6790bbba6fa60d4fe285dfb3b2ad57ee2b8f1	c14729e628c838664e7612006106b01df1c4ae213b013a68e5eeec6b36c01479	0522355f275a28932eda084b25cd0aaef857aa2c1639c69aef76fef9b55e86f1	0cbc7dfb5f4dc0b6283721a2fe27996ea8b6ef6445126d912eb895c5737a9e1a	531e2facffc8c884e480c8d59239a10aed0ba488ea492e714229959890ee615a	aa2fc4260100d1d2b826c2aa341c9e611e3ec127e2f2afb7b90907e0505599a4
820	07f9da7ab83273644dcb8c2df60d7ab9906bdde0620197a3dd818ab4b98ae545	6a1c8e7b61a7c3f33af9e2bc2fe66ed8499cd03e9948fb4d6fd186f18b041ccf	1092aee812797b6b367a1ea4b94b6f62be5f51fc09718b0b3e25be710ac5c634	b2003dfbb88b79f0e621b56347b85e5854ea2ac4e51e035f0479a0d0bd04359d	bf557da33f80ba3e78cb75577c7f676fc6610c0978aba1d00de2c8db08598d13	d7a7c1417474438ce9680128ebc7779a30dd8c9964a9324151f3265bd88057d4
821	342ad33bf3a892b7fb1a15cd82735c251c5ae733a9fc406be0d106139ed0ca9a	c75c2d2fa73bd231a4dcc134676e5053cd40b6e26f45ef4f435f4189017827f6	ccb865c2399e7a14a88c6aeadedeac2e9417a4786acedaacc39447819e526acc	729ee75fead0156179a86465940ba5b223f1092db6f5f7a2cd2e1b5a646ea9ed	d26cc4fa10711656adde0fe1f0b7d2e9d1e491653045059f4419f5443db30d3b	06e866b8c80ede455bceddfcbd86b6e7fdbebcac287a8d4e64598b7830353f6a
822	5d2041dbf50be5831730e5865f39f04fc144582673c8623a8b7dd6790587eb94	4310cc1f5360094f5c9da8a6ba65c24eb13a4e1bdd8e1edd7e1eb6f15860d183	86fc2e6b60d9b27bf6373cf182c1ffe65365ffd6247c49d5a42e8a6f96731a7a	462c61f8bce61b35571809a73a5cd81309ce3711d0e0507a0f1ea75540288e3b	8eb3eaa2d06a81490e40ba51bf102e981110c86c06241c487848b73faaa1f9a9	e881b7bc03855775ec0cd9ca1c84da7bef0c759da3eefcb3b2613a56f11e08b2
823	9fd5ddb1b239cbbb49978c625207f6c1d5372bc8282e8be17160d21713fda0e9	efcb20378b0352c2f45e44ef6c0fb427aa189648333e1c93d03d2540992e1f97	dfb3c31cdfbe3d00b295b2038c189f2fb6e8cc8d40a7faa836af4aa213b4bbff	5bd4e2728f823af9852c98a00c26af895d723fb11a66a167875b52ba2bd68f1a	91f1866313544ec0bf1b30aa56307b82fe4c4146e576bd830ee3ae3b9cc2056f	c45e0e00382b5771d2f13a338b88aece88e52fe0b3c69dbf54b6166c09fbda58
824	d51b8a51685b07c9f028fc83987835c94e3a3107171cad3d5d99e4236c42c798	5128991dc9d80fcb33683d967e60ec68e08b2f9387b93ebe62dd33b83ec55871	ade90db446d411698251c1ad6139622087e8e4a2333525efb8b9991c8b585e91	487d4ded81fd5b77df55b7d06f2d4d9f40653d7c93b2d294aca33e2ec2c2a632	af8db88b6c1d967e8ff817fadbfc162d6e5ff722606e22df2e0c8ff733bd5ac5	24040bc9e9fc79b835a785a088d02f2e704575b90c8a5f8f937694970d46d8ca
825	5318e1979635855616259f9904974b2f3d005d929cf1d00b3a4b16c7699823ab	c07eb318d741d4aa192432366803e785b339147dc113e3a1551b7346637cb6a3	80c524d40abdbdcd216d072f2fe3910209a46680e99a410bce8baf719cf2d16b	8dadd0be83a4fe93b414e84de85af8d7f7be4d5a76864fee153fd51e4098691c	1114d661746801ded01da21e9371866766933c5c6ccdb2b20bac2c167feb9e34	a2fc1de18d0c68065195072dd956cff55362e1175400ae7c27e13a9c4e764a9f
826	57f33a9f11f1c7847d1c7153cfc2bbe86c457e821262cd8d6541124ce2c29fa0	b71f63f0b7be9a048cf7b028f64b0eba3c3ca28ba60ba9f10feb9f510476de08	47ddace9a61b1a9e5b22c30f79b9258d28688e2399d9c592201ccb093e7bf51a	2f78127d8a14eaf89fa8885e0a0a571e324bc0e93e18d327c79d1070e0bd629f	3469e8b9ce34a0550e63e49d1db1bdd38c8557f2051a4db91de62cf5c3160c86	1f552fd38fa76d7c0a04e09e5af04762da44ec513580669802e64c0b2a9ba65b
827	d4ef5ce8bcc922536d0dc49b4c58c1074bd7136a5d95fe8e911d97910787def1	0393dd3a2c2efe5e4d4dba1fa718ba584090d19dfd340f4c00b04e458cabf6b8	6664ccd871de6315386fd1192dd14bb858d8eed502843779eff7b875573b986a	8f52b7cf6a6fb848137d76d3aa3cc22c45eefe97f70c8329245414835162dd8a	e09a1f6c55780a0e09935e5b589c4904a3933880783b7a442e96351684565124	45ee5c2e9f6d4143e64f5063f7788ef8918d576b764292e279df3515f7838a04
828	12f3c3ea2fb6f8fbd62e209eae960a387f25c18b22d1e1a31ec0e995240a161e	dfbc2a8dea3c5964a7183172112c27ec9d868c9a9c9308dbfe74cd3498e9b35c	868230fd78269da499b95703bcea4975ed14dce254ee01f097d1f0f2d7a2b748	1bb4b0a067da72dc4a50cb4474b241e88e87f3e44407f4c097cfed89846d7ae1	8ff219b58d9b04f1b3e61a9a670ae0360bde8c9b5e9440e77b8009dc148caf93	44003e96cd5f9796f555301004e9a7eecd5d817ca60b101f82fc2d5ef791068a
829	8a9d04b74f2d3ae4bd96ed9286ced6be30656f0c175b113348e1b96d5915ab67	3c57e7666ff7bc2ff051867dccba48781e75dbeb3e3ea83fbb3f099da61a5a6a	bd005dcdcb2e42595d8cd226e642b4b4f2c24d13545461e74e4cd6825f8097d9	1e03785d478b1713f2cb164cbe7ee69d761bcde885399fb27ce37a38ef03b796	62cb8d6fbe2b548e80c699fb11d535b99dfb2c717b633600156a6724f6c4aef6	76d3ab18d3490d002fc819d89e962d6f0d9f380eeb91bac3806d7eddfa900258
830	89547d06d7c7bd6dc870723d11bd929fb4d1f5b7f986264c68d5375168d52577	952c4a92db8d4801a2a76a4ad696fb040f9bbe3fd7e3c9cee4d98bec2b86b39c	91b8cfc8ed042a34547b67461f13cfe5fec04a4ae59194daf6767d113b3231eb	efe089b0b249fc42dc6bf02c5c2a7ff14d67eac81413e28b69ecbe50d8523c14	77cf2ccf45104c817f8b71305af6a7e739b0be60c53c293c3da2613cd4a00815	41e9e980e2eff874655a03e651389630057e0caf4916a1d472a070d6f93aed08
831	84799af6a00bfe1df505f622089cec93394b7ca69d2d0074d17e8561577989f6	a7ae040fde655341088bc0885bf056c0b661e212d074133153a7e4e327c26090	995cca2096f15f1a9cbc10461f8649bd67c0c817ad8ecc09b8d6ea7d82d136a8	73576514e33ba6fa6ee7624bea36eddfb6a11f5f9895f33b7b756689f7218034	eaaea4c9fe2350b02c979e3761d5d5e6e4bcbb1ad971f1675ce76f8fcab00c97	40202a30ae80a66652f9a90c64f70e4b675563c2ca35ed697bae4c901b0f01b6
832	88644d78fc54b5918baa9327a8661928e64512944f5fbb220f77effcfa29e2f8	7b4016a4a7cc7da1651b33b278efb02a160274fcf86193b7c12c6267c3aa937a	d252c5925937b28e6368904aa156c392e949757d3f18950355824e5062ea7859	460ae355850aae5239436d91f71daec85a5e0004cce48a8c317d9dddec5a414f	5d99b831e4e194dc3ea1506b1ce2344f41078daf7d970c8d3f683f66e558ff77	bc5d6bfce1a5d07e250b138927ae20e6c06432795f0d6e1e9d9220325a3b9371
833	33d026887feb31b33d3097d381ef5c25a4279da43af9cd61d3765b1729b6cc49	33f074e9cadf85ccde489cc12d6cf77db4422d52103a0f0558b2d261486574c7	9d459158a4f54ff540d37ff3fbac928b78f25e2fd88c598c5676d95492ee5112	715b067dbaafd9cc54cb49ceb71bab5213d04a2064c32ce07d860dbe6a24e0aa	f2489f3be53d740d956987c4dede8ff6091c4c69c742bfbf1c3f33e44331b2af	fe54ae3780908d1cd7e1367b00927bfb5cc6cb463bb228639d97098d39f79c74
834	8b602c8bc63f357c61397ebedc8d17482597c4f8f53a63404b6f82a3306c7ff5	27faf1b278807ead37ca1481ecca3f0b90c3ed84a024861043cba4ee8ea4e729	3b11e7a0d7dee8dde181c2b465f4f3d500f87d22a6fef6aa33a05213b8380f6f	69dc16f17ec46563441aa2b68b493394eb52fb9b69fe7334e776c50c5e954ec9	3d0fd99c425c6519c5821d9657c4b5b54cc3026287e6f1d987114b76ef5e3b55	cc308b913741d0779a1cb0be25ffa65e419a0bb4687bda54043b1ed2003696ce
835	c04423e52d91e330b5778f8aa14e4685cf725d663c39d6febaaa406e7875e8cb	efc76f079c0b265d5ad14fbf27327b8dc4f10029800dd65f403a647f9514c469	d849e2fb80706c5a7788278ad2e95887e30e875fd570afba9c1cd7809f4803e0	48655b6c259322ab384620252a3e5384b782fb8c2e15976a860b4f894cf87b48	5071da39f33f5ab587ddf6fdb1bb88d7e7f595955faa9d729bce2a2b757858de	100c9fe615a4796bbea38c7e30409dcb811a1f5dd9dfdf6fb41e7da889092e4c
836	bf19b9d76e4fb3fe6fd56734fd6bb6749daf33635bebb6f4699446d716d3be0e	58bcd6b0e1bab49ce6a2f285dac528247e432019d24e9e76afd86a5e741c2e4b	417f2c37564edbe19a74d845293a4bfe06c5c0d591e1cdca59443affd84595cf	f28c23083b08676c346c6bfe07f878d6ffa4fc58ce4d953e11201d43b26c67e9	d3be1f724213d669439d6cd5121893df770b77df9d344d582c1c3c25d9464f03	612a95eb44f4aafbb6b129733fa16230f0b2821c15f0e825d603fa56ec8ae9e8
837	574b8ff486371e459f3e4aad6885ec70a1a26dd6abdbeb9c3acdfba67d8ae964	4d12ed070c3ce2602314ec0083039b7f1e4da81817d61b93c02fad36bb49875d	d705703563aed06ffab56826746ae87f8bc96aa0732bbb1afa7c9c830ef1594b	70f06d04b7575f0ee7067eb01400165d5080f1dcb9b7deef507c127fcd1cec56	f89461f749af850d8a0dfb32f30a6b88046f2a790e93fefd1fe113d914a3d34a	65cdea673a7e16faeb7f05663d95a4137e2b7e3500caf8a23e797ca68b56cbeb
838	d5d4bdde24ae306d030d4ffa613ae32f4d98e3cd2ab3b8dfdcf6a6a142e5c299	16d9d8b24e98ea8ffb32e506fcdb39146dc2aad6d77b73457b50b441fe3be708	8cfadd6130e3733d9dbbbd7e8463d4431de2753410b2aa8eca473f3a5f4684a9	ee3d78ba4967a8a787b7ea7b2bd6e7596853522902830310805ac0c5caa9866f	dbc0a4fcd6fdc67cb6760703f342cad4858bcabaec4ac8a8dcb7d02ac899f248	3c53acf057a6bda184f0c33b7ae3d9013505aa54b49064e82ff70870a10dcdf6
839	604203e310ed2198996fc8b6ff94628806646e20185005c5055d85fc2485f9aa	a752ad91de82545e38ca0337e6ca50d338794f5add39169af45eb3d4f80f30f5	460cd832c467ecfd0d748fb4a18445752e28b21c5b0bdc075ba8b0084be5b3b2	a9d214dd69842d244e80c9766fdf68cd497e33dbb07cadac5a4843fdf5678a6e	ecca62f2f5f6cb72df1ee98a41297479abfa737199884c78ae92c4460d0bd326	aaebb9ad27f6dc49a287ecd99d814eafae679569e2aead6691ad67c74e63e58d
840	bd5d7a17a5b850b96fb19a0bb20c738b6bad5e321a03ad271bf91d6d797e4b3a	973131990dbae352299327b3f10167baf6462ec18d341802869e0765a596a763	03b3d8de942edd2537212565cc399e49fc1541b4dcbd104410c881475406ee94	45e882ad769d884ad01b251bb812779baa6772e1c3a266f5b7dbae1cb1f6a295	011b3989cd809f37bd62fa4d738346d2d40e8c7d9eaae4d2d1a3fbfc3ed29513	38261bb796537315ce8a3a7cf345671a5baec814bfbc57bc2b5cc26f2d79f294
841	0dab6830eb6d0166bbbd2639654ca32e03a8c43da0c3e2b0b82288660aba1392	05979f6ba6087f5afe1a63de73fadf2d4a622451bb7956c2e90d8ddd91bce237	9ac0fa73cd752afd229851d78c9353befbce85376f9e17688f55c4210262e7a2	92828b9ced694d380d999fafc99d7af29a0f4731b6b21446f1909adcc3651033	26b0f224b99fa86050a46b88cca7a67cce0a549307129767bdde1da193c9c803	04652e7a9274704e9bcedde06ce6b845597163384d33388ac948e89336e9ed83
842	6ec9c681c2c4b443892d046890c7f88ca23e8fdb5eda32aa4d803defb8ce1cf3	bfdc70172728a8c06ca5d050c5780c1615637c933b80b45c7ec8584c0a30b805	14289b606aaa5e11386ae001dfeda1795a241e49511bf32cf51c2c916baf03bd	17a9d6a3d2dfd6767439afb2407881e9b31c78a08f0371f2b401af78222e81fe	3ff1503fc83fda15eb41134ca32270ba1a076bd969c32d904aaa9ed6d5c2fd53	858074b3c2cd8a6cab10d01de6dc351daff5c370e401c833cb76bc828dc9a7b6
843	3400ac48ee5055793187466abee537f37c36cbcfe50778c9e45a7c03d2674199	06ee663096988361c10131a64fbec0ee697085fad5c1d39afcba9066787b5265	665ac7b7b0ebd3697dd415e41afc5211096b39956917957acdf3dea8129c7a0d	0cad7bef2c8af57356f7d44a9d50c007f50dff71367690dac98dddd46908247a	cf273741de9f6ff11b997986a8d3bba460cb305a4a6a39b0cb46ca65d679fbf2	fe333c5a3e9f2552fb10e234ce0a1da725745cdc74191648b45353dfbb5c354b
844	d555422ba01157d5a7d2aace37eb618b7fafb69c11d9213be5b9b3c0431e5a57	c17f6175aa3e21796bfee6111176ee8d005bb4d7a981c6ba31d89a4298ef638a	ac954d9598e39410bc4082686c2b948197b23e559ef34489df677ea25dabc642	3fa623b5b74f125c1181162e38effcdecff38a1914fb26c1b702f8fbc2050345	90ba83e32ab8ce4a26afaab077b1bad427deb0a1779b5a460a8bbe9213da36dc	557c13922984064fa01e034a5cdb33b466bd1af365ff4cfc1b67f3768c3ac999
845	4508b0b52ad18664c699335cabf8599ade41c611c115a22352cb279413c110b7	b1ba9f72b9feb266ded8f2c24a77afc29b6dbe975a649d4e0e13fbb083338439	4d2b1b0a227cbc8a0abd931ed2f91ab760e1f6c477f23a251fe870b9cd88ec9e	a1f42f6eda3bd75f8a2a7b592bbc7380233850f5d75c7cd78da29e78dee07bfe	27ebfc1b36b32dc030c506ce6d64b60ef174959711f5b930abaca85ad8d0977b	45a53d6d480e68de8566bc61780b1cacf96d147f2137e51a2e818b1f1f2e6357
846	b05c931a237f05322f3c4bbcb6090a8576e01375b5f2c2d5b7be8ed8b4a93806	febf94037daa59e65aaa75d5550167e716c141de585d87092a87f98740f9d7ec	72751a0a40a5bc8c4ae53a92b8fd7bcaf41f1d0bec5d93557181a9ae33cb14a0	9e05a80a2c857816fb4cd719ad71e98d49810d8c3c759547e0e795e5db3504ed	d628e84b27fcbc38bd958db38d91b8a8b413713b989b0b99ede682319f0194f9	354e593555469ff77584b56fd64eaaa2f76086ddc1cf511cbc224959d9c1ea90
847	81e408129ab668a17321c1a819120b02b317e4b20ffe27216bf90fe904768b76	80026f546de041d59c0aa5989ba115ccc653d9108d8b92769a10e4187971ba72	26667d42aede8552c15f5cd21b0c1b94500e9109477ed3211e9d6d8b5c39eb78	f8b747f2cf2936126ba9d2ef33ec973d5b92f976e6bc55f85007defafa7f6235	0f8412beeb1f202d9bf1cc6fdaaf321aa22731e3582de1b5240e9112162d043a	763932f8e35179155281af9162875bda8aeafc8263bf585902f57906f437c482
848	42fe052600bb6d80185a3478b3deafd3dea14ee72e32670a3e48023c9e18496a	bd68badff91bea2b281b8126ce3e173d9ccc4492e2b162e584996b325cb3194e	15b3ff90b8b5daf5708cb4ccaebda77838f5d17e7fcf9a4530a18a14753ed8f7	36d5e0d6203ff2f2b2c4338147bf357bf170ef14d9c8bf0ee95cba136625ee3c	8a26f99614126d05a8835d7a3c7960d813c0f0b04653127024542794f1388f5c	13e9a6d9ff81d5a589ce2aeed604b2ad1f6fbbd515ea8fd7e8f4cfae8ea84a36
849	331c5bc2579658958b23cd4db0e3c8ac2a32a6bc6e46c6cb3b63cbe196fcd666	82c3fdf94141fa67a039dd48439073e123aa945d1ac53d60110569ebaa6b33e0	6c399a9e7c814d20847e1e1f3e4f2b7cec97c53090b6d86eb6d26451f3382614	fbc3a909b2cdab548b92159601a707f7548e3692a6325a82a61da5b9532a07e8	73ac38b8c6aeca3303734163d42d5143e9460f31bc584cc9c46a9ab8ffde25b0	b788fd40f28807824f33b633bb4759612d3930bb7a37c3c6633efa42ed44494d
850	668c22a8ceaebe4b85a922738445d7c907ac8e2d9c9f1fe02e3b83bd04d19028	23fe1fc64c363a6a0e70f998fc5a9b28f202acdd9157fe6a8599b51313506b25	e572bfc0956af16282a93b96c1f24267b73211f5fe72827e1addbcc132159737	69f6927078ff1ab2f50ea1dfc51d974285019749930f4df5ec3962e6855c04e3	eae8754a32813ba53e726bde0e2e540573decff2e9d9378357e4a74f8e60db86	4c2f5b6e45c5ac40fc2b1b7371066b200b7137b33ed1972fdb9dd5d296a4eebd
851	c4fc0f06f7654508a4023ee46bb42bd3d3e916b99bf220c9dd7a6b490b6e58d2	3a70b15a4f49360e46b141e30d7df9490f75aa4677a89d6bdcf12e454a2c94a2	727ba9af40f3e3b629edcc4dffff5f7cf77ba91a9f63c89d31971bbaf9f56129	2f61cbaa448bcc142d52a2a916234303681dd73d3b1ec34f1a569ac407f69448	13dbc2d0181dab2be2cce3b5338e5e97f99b09884be3c461e14cc8f367d92117	33a77fdb5c496a188248d5e65ffe8e11d660473accc7b46ff18c65f54b564029
852	950ccd084050c6d4034056688e0a8eef5e7694aeca43e4c963a4494176f2ec9c	b2b2c714ca9f5b33fdef2e7ee476f3f082636e7756c9b089f42e4af91259c1a4	a54de78debe62b524a15d9b7448dcefca1a49e28641fe3da3600ee669553f57c	e4169b19682d21b8514706ef5a455bdabf062a719d6e6715b24ae87113b6ec7b	c670d3441076b8dbcaede3c23be64fba8fdf56a23d8fded6efa19b0d40b74e42	d19f76730ad5d299fcd051551f2bfeaa63b9e74012d75f5d1f9899c03a87dd19
853	90f00feeee33fb0cd36d9913e46f201f2dbd17508fcb791db7efc2f00e07b457	1cd609e111e3298607e637fc0405848e15949632ecd90a13d7a0e778bba62791	0cc129613675ed05ec0dac4a209a097e208f1bec2bf99ef1c4c6bb497f2ccda9	b0cf62074a6df561a71bbdfdd48217fc884c79d9c33203e3a70c64e39b230cdb	f7d2212827e2337d0b13efa9be0e7438471896c6c2780ecb65d311bb0e86dc26	ced7d82444cd5ef7dcb3c0d57030fdd193cf996847d8833f4dd8acf529edbcb1
854	9ccd4b2e6ed740454a4b6beb8c02cb036b4387a8773647115dff2580fe9aada6	56840134da2d74e6942553566d9dd58d178246aac9d1802451d9c9cd0dc6b5a7	5ec9a4b993e03ea6f037a4a6f3102b2bdccd02060e9db70f81866e467f5f3098	d0b61dc7790fd8f48eb170bfc1f12bf60f53431eff58a6d207b79422d3ecc93d	63aa7d44e8f7ab4cbdaa317e0f5df970bc9cf6cef4bf1226e6bcf1ef0ea037c5	2b566367e0294d07f1e5c006c6034a4e66b4d0f2061f1d58d98a2ccd48204ea7
855	61ecf45f48c4c7d45a64724a0eebe9cf637147709c713103461ac96f1e0356d3	fdb03d54c722781dc3522152e89147b51caadd9b2d43b76f10ce104fd257d7cc	47ae6faa8a9e30288a0412f07c88347da183ee38c0858534c93d314903f44ef3	d1a17d015adc22c9c0a6a6a95937ab26579b4bab130b796bcc88059726a45a42	686dfa4c1bbe91663bb20640193b952dd7646d96bfe1c55f6914bd4db40f269c	ebb0caf980d6c1dac50a45350f64cb3800cd7a84f919a4d6a87a7a5050fd7830
856	33b955b2a164bb5a8127a68db4d82a7cf0ea563f9fc17a11764702ae0c04df91	2f7e2f664b4deb227c01a58a33b39b1d9bf5d26857e0a340c7619bf83f29254b	df556db7db36ac28d449fe216e4c89f0fed9432657ce4a73f433808d229c6f6a	5baab3fe2376646f73926e0e610343844904b8c3a384a5cddcbe9abcd1fe3c12	db22c2522d634e0df17485368c3fdc5ff87ac489df77a86b8f3cf838ac16feae	f9c1181cae812b08857d7586f3ec3ce0bb83b7b32b8e86c4fab3524c402f549b
857	36794a3f6973de75833b30b8fde213cb784bae374e973e86283088cf6af7aa4c	52402487496d245a536218cf01b8a00fa8fc3a162d549f029140f710ab146099	cbf6053f76381fd2fe35c5797e6d443a6d8dc8e9ab37c0928f2d4145c485052c	fccf886bd81d0c340b16316fe841dbaba6714969e8866f7be1d0cc92f5437538	2357fddc1170e01f8a1a108c8be8e7f149fdee7ce03e784fc597864b98f3f153	6e199baa26c0586fc39df4c96850265dc7bfe0397c0613e1061585d4b3f69142
858	89c4ce04c58ac892b0ca284a900aef45ff8fec3653d01ada4d27d59e7b73b0a1	df17cc32023232895f3aa300053a56a333bbc324bb514fef1018bc7ccfd30942	a7386f65c9507e504e600b8263ba5d6602baf42e6da567f0a97133ace6fea12e	985773e4384a92e9e4efbde51c6f13b3ee1dd7a4880ff0c760e23f63b5c85e55	49762180634ca6e77ba8b1eed3c044a6ece3adf3626a8220b7ee1ca054fc5f7b	0369cd715a26b3c5ab60704e77c34ce89e3897b62c75d0d9e50416c852a9150f
859	a087a260ac3f938bbc74e0fcf5ee1f74696d264da9a35ff6ada47b00a0bb38cf	1153b15603942608eee40f3cd4f941ae2d62322fc66c026b6cd797f204174496	37a45cdcdb7e93037aa54ba1f874b666cabcbeb14dfa1e9c44567ab7203ee8ef	c1857f738217de667b5e7c61216482d10ac77e54ea112b027e8435bc76b41c67	5ed3b4b99515f2dd88f4ca81dd0aa5d6613febeed40c7fd02fc3dd8a5eca8ed0	8d617dcb75079103a596c51f736a10a03966e6963e07c15b7274f7fdfb47c780
860	f287a72e8856f44194c7497028cb60e9f370bd2b951e3b41db9b61c5c1bbea78	b0bdfe9662fa74739753f420106afae7188c73c2afcff7486f43678a2af403f7	5528098c6998b68126eec27cce95baff6b47ef588c502052f9b8a37d7892386d	45a35638487a4913f4743e6aeb6452f180f36bd05ac109cc1d74ac01d39c04ab	de113a08526b232e285ca7d096c6700ebab8cfbaf91d3edf7f7f272951eef758	c193515647dbd1e36c7f6c6fb2f660250ebd350ccb198ec00ed1c4b55bf54719
861	06ace169ba140a896e2fd28a467010c98c2621c2ec8c8c278ac468730b6a2947	81f720fa62dcffc361449488e88eb1ad04326970f5982d5d9dd9555c7392c001	077c44afba24b7b9c1abeab015ccd6cb08eefadb9ee2ea0f93814eab7d399ceb	5f182ca79ec7d65afeb0bcf1e328b96077d9a545f20d54468aad1dfc4101d22c	3e576816a0475d659fc94344b3292b79cce6e8c25ed5f16f69962e074b082d68	02ba7c94986de0d35d6c65505bc6eecbc0d306969f3678084a5f078cea702c91
862	08c6dd6c77c34eeabfb748c423f127caf8ae3f4ceda665254f98fd7f03b46974	b17540fdf953be847d7ee7c87b36808f0186d1bbfaf48fb1823079262e88fd45	b397e66e25edd41bf4e13dc384853fa214ac150b5baea32e4d075ebfc9de9e9f	c03f7a6e2c85bfc6fdad55d7fd8e6e8b75e106e01f8c1a6ab9e6e60c697285c7	71a0cd45e44411eddcc394fec1e361f1ab68923afb2b8ae89337e847baaeb823	60ab424fc3c853cba50706cb51dd11dee2ae3e69ee3a03689673624092b97247
863	7f9fc2dbfdcdff20a537cd9d90893a2bed0e3d493e6af695f6828773eee19499	bb5b1d7df914c003e0d6a45770b4fa6627daeb92ccbb45349aaa812508e2f635	5c6de8f8e6ece5a276bf06917d8c9eb06296b5cbcbb6758def8668555007729c	dc3c92c688cd167f7c12bf82224b7df0ceb6edbebf732a024be2d8a43023a009	247c6587c2181aa85afbd8987f192edddcd1ab0eea29c9d199b02431ee139dc1	7041694d7830bf72e51983c454f7c4d65ee1a7084405fe82e62a50caf0ac6205
864	ad7bede0c17d42623a3cb31ec753ee9d0d37e1698ee0177629a2f1f9563787ff	f10d16fdc5230aa17924101d6f5b9209542f1562508f7cd0ebdb970314e8a409	4dafc81985a88c069e0e6532fcbc325b8d005e49a8db0aaab5a879368163c518	2bbb8ddde5562db38bd4adf72f94665259d28035701ec8217f34d3b8645d7012	3464443fc230ce081bb495aca9ec64ed2f85271931c5202c444254a26ed19d00	e3dbb211e52bdc1edf65865d7edb4e4b900cd322f6d09535bd5de6d4c9004133
865	82b6f320bfe20861ed1d1676b5302e682210ef68f5277654567433636f00ddf5	4d5cfb624a77f72f37d26d73ff287f63df95cf59641f22b2360562562751c89b	de81126cdd606ae3a930a10e983f9203294f0cccfe566a9241563654a131eec8	1fd643219bc69b4d2078f380772eb89ffa986c6f9920fba5bd2c951ce1d6a4e6	bd5a0eba581014bd3ce6f6bfd1a293f0705942f42e74ecb0e3a6b0b676eb9c71	14d02d601326dab3ab11b4c82d05f5b76ae76f98828877ed3dcf43f290ed7e89
866	9a3271ff8a0d67ae0b5a2853c7f2c25bd6f8c43062cd97786bf704d2ab866956	d275e7020045c4e100d65706dc849788474f8252463a1f2f5e16a1ad4cdd1658	48170b2f9ef0ace3f2fbe4afa489aa7643d3585be2fc42f11f2b9a817e44ca17	4ecc84667e11b032bfc93614b6f68cbf2cf6363066cf6cb169badce29f48c2ed	06b268457d2cf259a3da709db488d627aa7f494748d194db87bcc5050fc49328	fa846a293cd7a6bed391f33a0e422e0d0abfb83a391a23c15f5c311f09467e70
867	8aa30a94f7c1c9c48c6934bc01ee07b4e3824e31b1d4c07769f8250ab2748c32	3f974d92c24c7b7da77681fa1462cfaa4616a0d850ea4acdd52e6e6ceabbee34	f3854c2ffb1c4341735b11328af8a809afa560b81bbb067f72c5da1a905f790c	d111e78e33f8e7fd9d4aceef9b76cbc6297522a3cf3ef59cc9622cf7f54a2b7f	eec73c5829a9cfa368e2b21447095d0714944b9c600412f4e8e6733c3e7142c5	91b2b4361a0783320fd6bd249c97b40abc7472d0e55ea309f981c9a310e74e69
868	d1e8d5ff1206dcca9efb43372c4b8bd0d5cf8108653ca829d27cd28d22f0b597	4e2391a907ef7d28f3392194164c7a290239cc80540e99102da8cfda5c225570	cf3760ac778a0bc9a3b7e59e6fc8827a9e553dba054943a425f15b773c4ef230	f579cb4a837b23c5a9eea29eeb65f63dea78848a2b18c4865277754045cc1b7c	5b1b4e62bd7c7a89685edd2b08b8deb504b2e8f02c21abacde6eac886734cc1c	001c32300b87ef8199cecad33dc82490b69a2098704aa0594e66a9a161155596
869	4074723ef1f182e79e6260cd609ad96547223889a1230a71381e75d9615d2084	543a75f1886ca46a4db5dfa7b101ee96a8e05adacdb8c52698bdc7ce019aa9ce	6778701482a3b39e5762c7688fa66b3ee816917f29ebd16c078fba47423e8627	83074a794fb5743325beed87ec42fb31dd255241b3f44f0f4ae0a65f19724e7c	ba70293644db819fcd86fa687bb3ead728bfdfb21a673daf95f43f8e486e1eb5	b5f346282a1a2fbc1ef99f91dd8a11805715e643f2993388ae57f2e9bc50e9fb
870	df4a10d57b6ada407ba819bba66bc1a095f2662f19d344f5c437e22557954b76	0ec6028b2bd73adaebb1fe09ed9c567d46841629635f5ebb3a8c73224032b498	0a495630d59ea996e755baca1d4cabb986d9ba98af63dbc907d840040e9f0ac2	567e8d45cb12dbfedf480463337695cde2e45a1b2bfd17f79769fdeaf0330f96	a5a851cd2f63ea3080bbeb58391bd1de615d5bd1328ea24e93b48fb6d5a76721	83901c4e0b009420451548d12c9686168c8b4934caff64b3d60f252aabbd18e6
871	923ba72fc34c51fadc16e2f9caacb98ab850f3d0939b4f26e6dca223ec9379fe	20ccdfbe37613529561abf7f86c3eea8ce5ae1305b1a567de013c49055d79a38	407307e5f93352e3b2c77a3d7db53884d4a853734abfdfa3aaee6730b5f8b736	1982d9a19d46eacb500310e760e9b66daed8ad1324a09ee438b922823824c291	1c66a3857371b1301177a4ccbc0adc57dfb457aebc24b90cb48bbb0b4d4aaa13	88c3c298aa511a61156c8d82d3143b709d11ad42ea75152c4bb7babac4f91b89
872	7831b6911a2c7c89191bb02da270e38f86be35554c77de795b5115b270397eca	2dfc602dcd07ffe393d61c322dbcf3b50687b2a70be86f7ffedb55622cd98e9b	acfecf2c1f99c24233c46d87dc3dab0fb5f63d2e762f2e80b48a9863436fb08d	10aa8bb77627c9e9219adca6800d0ebd7b8e9ff2187b9ccdc94914c369558db9	a6457639b1c3a93808fcc0b7a800b9d34c5a4ce66dd798b24a646c5a129b02ff	2dd1b180970782ba91a305b5cdb3f8ed872957e552223d1bc762bf3ade1857ea
873	87d1940655f1498d9e2f6ba0805605d7216ff4fbbc6791ccffccfc3cc553cd24	a53158c590f655a99751082458b4862bc80617fdfddd226035ccf2b5ce711aac	0f27df6ad2e5afdb2883e2ee8ed5190a5edaf49d6b3c187aa8f92dd4c4ec932d	5819be6f0b6068aa96cd6d2e96c044f1e1cf5c1ec9d8007ed27447fcd27c5962	619b265a88190a9705afc344dbd1faf41ad6ad96c503d5e6ebd8269635a6aec1	7b9ee842d34f47bb44794334d17888322e3210d4b128bf685e2e2a86c79d5db0
874	21a46561cf13eb81429158451ab279ce125199a1992f8178247f12eb09b19728	8028ef81c7ef7d0586b383cb1d41e3784ac74f4d21d5de8ba5bd8f0cdddbf798	9923af2bb5c6f778082655c5e7b1963ecb3cc5820860c1625df9f12d06a2535b	6819728e8df83dec47b60c7c32253d19d9a741f5618a0b9d7e88aae05c2b81c6	9b1058f4f5614abe380cbe3d5e1dcbcde450d102d79c0b8ce65aede383eb427d	2f68eee874f9998d8ec759f2ea40dd1bd0bb38654d787a0bc5100ef980eb0648
875	183f3dd561fabe52eef0ccf027ff67d3e73b0727af6992909da3e69052235289	a78e1f845cc0a2e6a5647df9f598c83cad2c96006ba64133e7533051ed688a44	dd1e4b479d7964e5ea76adbaf15a6b54019abe1907f65f1ace286448c651b473	4b9949756046418800903ac30030ee5f220b637ccce90b0d477fbce1fd2e68a4	b199633d551a62bb06214ce127d858080763c75503f8c6d8cf3b3147f699eede	141c7b6e2c41b958b37990fae0ae2400968187d6256c957716bde87f40cf2eee
876	abd12b61a79e97dd4b8b172041158d129e2812bbd7ee940a7ba6efc9a5c14e80	f11fd993a7d3c253b828a518456c8b25aa74969aef4ba9f3d0b51cf17472619e	49c8fa12a65cad2277b37f6a2dbc6375d18ce95c5e580d3956b846c2819e06b0	c5dc8176ffdf561cb31d7467ff01450f3e8443f3da72e67ad9c40128ef37971b	d3555aba9035452247166cb79531fa18619c13ab37066f5bc01309d9b1b0ac3e	3b621fde6b1d1c9dd997c0f0dbab8d6b2f9f69e2aced83803bfdb2416d60ee55
877	0c7263ee4c0642e46206bf1da29b287b3b3013e78c415b1ac181a9ad153ab0a3	7d77fc21de6c5b02a3a1e3a78cf70b2474d81d01751b410eed81fbaa3249881b	d706a09617cddea8f235c88350cb28641db187002eec64daa3f9741804f73341	97791d9574dd5b71a85cc7f6bce55d12af971bb5211e1347369db2123811cdc0	b479150c53c7f7f7145d1904b8802f3c6892fea7170c99cfaf84b2a496a131ce	e848d0e59ebab2a45c3442ec15cf5712edd78f6a294a31769ea6667fce174dab
878	c27c5cbd8468127150d6c93b96b6dc26b20acf03150ea3a3cf450c15cf9c67e7	751fbc58cfe21124a523bf6497355552e9505703ec050ff93bc8924d4e01cb72	a732514b806ae7e64571c1070da1d39446285d057f32514e71b610e2aaac4839	f101d8321aa75f3f0b67ab041b7be641c1ff7d0e3b91589d6549959bba418c37	59ed22fed7e873b9e583cb43c922d38926b636714127ccd5de104c6a4040a50d	6aa1a4d9c60f56ec6261bd62e84d6de22eff072fa676366419ecaaf2a73bf2a8
879	61490af708ee55354416c94f056f625558824e03793f7afecb35d35e903b962f	fe65bbb7b4face2aaaf7a18c9505fc104826ce8590150647386c38bd85db6d32	d20c532867ba789697c404fa881776c792aefd4600f6a2de8f8bac4a4597c913	8fd9b9787fe134b46ff054f0ecd6912767da68783ea5aed29d87cf17fdfbb10e	5a9d2d0d720c071d001895b7c7c2225f0f588264393fca7ab718e6b0fa0678cd	46554eececdf59146d89ea6f5bbdb05c24b432a60533836ccc990071be359d3a
880	8e7405e4c278c257f71ab9288c373f8f5050159d48211ba1a96eb0ea4f0a8c45	c902d29dcfe47bee6a1ca175a61844ce8839a3de9274d3ded6b5b354ff53ef85	bfff702f07c88c7e651945516b9c9ad6cebe0404f755a2baeec49a846dfdca53	47ae45bfe137f9f3ec42a650aa4edff208d0b8eb8307cff48190dfb305e5bd41	de3158fc6747081470ac30f42bff08c76bde185b41559910b92dc220b5522668	7064c91c05f526daa8d40f9143681dc591cabf3f002e80c238eb58997d712e98
881	050b34485308240afd7ba592b1f355e149d7e05a4107129880d55850805e01e7	2e8bc9e3ecb17e6a3b5c1f1051a1c208ffc0116ca50673c3d29739e60efafaff	6877b5534569034eb8a8d7389b8793453e2316d53205847cf52c418091185f0f	1855ee0fb5fb7196c2acb8ce6ba5c4275408868519be968c3873a620d789d638	2d9889aa242227a9f2cca5e6ca9ddf88aa125fb2344c37d075b741e5ce7c6dbf	2e318f37491185bcfef1960b09936b8deeccf0453a702d054d1dc5237dc3938a
882	8bf634cb722ddfb07fd9e215517c3df8a6446e0dc54d9acf7daa5d7318bf1bf4	057886d22aa8ec71b4857d6bae4875f69cf4bc39454c67b88487ba0393ad5c9d	4687b8c4176950a6c86af710e277393e6844f326cca28e1a6a6f7f2d869c4b59	004ec85bc8bf18b108b15fe5300180a65d1e5eccb82365b7651ece38057c859a	3b6834162edee5f3957f67f73eb1b3b3abe566215c30b62765148e23623384ca	f4d67dc8a36e4cc1f55eeb070a3de10164975831090a176844a76204ba40acbf
883	3ecbf37f322f3c79fda296efe982a2310d7be3ba9a2e2bcd4866464772335491	ffefe8215f72a7f98dbeacb82ad5b2e4524d9908c8e9e1bacfafb5263e16b7d6	eccba94e9b022d80a4135f1082dbde25f3d05136778fbbda5335166ca0e5b0f2	5885198f5c5aed29666269cf69908ae6065ed5b08e88f67f1bee8f538eb36ed6	da6feacefce371d94dd1fbbd560606c76baf2c9319fe6fe0d86267b7668127fa	2149a83f53cb3a6f35f4ec3ec0a701b392e027280669c3ade159a18b1e813006
884	3888d7278ea098f4893e2eb23ca3092810e063acd1701331f87c78a1679cb6f5	67c9b4132b9f261fecca60807b3751fdf1182e7c3105bb608c6985ab7c4f8186	6d21ef0feb556cbfc4dd59d21113f2ea3701fdfeab75a75b8e0cf5aeb0f5b214	bef54c1f16eaa5b530d171a4007ef38748b061cebc16928ad2436a167d3a5b4f	78d07cd80bb76c0f42a5418a706d473cc900650a58ba7054768ca014275bdfa1	92277a787f535b6a2ea2d341cdc1a29d9019632f9048ad7e55bb19e3564ebe7b
885	0d68144b40dc09959e648746fff9a5e00df0d309b7cd4df7e2bc284c951e135b	1d99d4b6878602ac496137061b5d578a9f578bda8badd66b1b2273ec50c05f9b	39c980612157930575257290bc609dd1a80122ffce5eb5aca33f1854742e3bdb	cb6e7f1a6fe5bd65807472f9cf515fcfd68f9e96c5c426427a38c9245beff3c4	b1f2cfa38d39908d9cae29c69f58215c8ab670850f3e9fdad41eb90ce1ba8527	f76107c8c539bafecf811c99b7a3343da21cdc287a3e1f10c02d1281f4adf1a3
886	6650254e21ebca9297e934f157d284bd7f4f5c5cb02b87fb9b96659faa2a318e	6ef166903a99cc980844bb88fa6835c31c010d26efa60e8148506cacc33c224f	5486641afb4987e889e1dc299058cd4345e3b42164024c0e857e4e10529fbb6d	3bf952b356e32d25036a3850a68ebecd0d52daf6e401d2d7d7a0f9a46049fd34	63c3a67737eb6272514ad2008e1f88d74bf5eabe0a724bc786318a28ecf298b8	4160f3503ff342295f8612a25ddbe8b611bd9715645969077f68c7806ccaf09d
887	24eca40c8563e1ef1a38683a5b5e35721781d80c46c1198d2190f0e63561a18f	007aa06b87f8e49974edb54dfec1d2af941f9d5f86335e5e8708c2b5b88ba888	d7e10960aaf3617a64bf747511b7c7015a6c2bd5233289210209dd81c1b24718	042d9e2dc1b3458f0e3b7c2ce9cf3505cee72c66e85d654793030eefda5dfd90	952f05a9177b7c0e9377515b450907862b62b9c553ecca4284769c4161e3eb03	6565c40dd299caf55f43da2b9231f5b873986a6bcd1ef119f977a583af57c9ac
888	52e1465cacdd234eb12da26b026816bdfd5cac6f14c4d5c9951c87d8fa4e94f6	6d25da84beb0c16ea57d12ec3805681fd845cac8d93d6870a1a313e5332c2c32	17724e2e8f4efcfdad89ff5b15359223ed2229e8bfefcc9ba43f058e9dc016c2	39752b0849f512381cb62abb9b21b147083e5e0a56a87cecae3164c9b20ae3ae	5db6d8bfa054c0b2f22578e07bd26ac957e3513a5211a273b9dbca2d9d396f32	fd8fd4dcbbb25beb9e02ba0c62fae698427cae980132ff66a5c01dae46b5c06d
889	7cbd8ef06f99937fb18b338c1d8f0e0d95056b1579d2fdca6d8644fe80cf7e42	629a8162ea4c9e4fd996352bd9062511f38c2a3ca1df83b074eb71b7a99ad1d8	9417770dde4ce8a0a3aeb6cc5529e6e61978a36bd583d9f987127d50ab5bb676	ed91c7d489b628f46ae4521aa387fd24e7d601d1d4b59075c56426411d074f14	67f3254eca0d60dbb655164e0bad0f8c78fe5dec791736b18c71c6084cb2bf1c	3c0dfbb89f21fcd8559d700b4dd7fab0487fdec41d587cdcad4e2050e58d48b7
890	800e26e7b6dffadbbc82ccc507934f72b67b1a26c552032aa8c4c4720f1d6a78	de8de76ab6155b9f57aeae9c6d7f63de817548b87859d5c935066038f42aaf9e	3ea724d1462db4c0ee1e57975405dee6790fe8d39f9bb8bc0f0ffd79a048f0a1	731eb29fef89aff0379d38e4e8e2dafe043adca53cdec7b799716c51da0162f3	adfb5aca26d2a7b3aca347156e0a8b64451d32eba04f93b9f6aa1423dcfc442b	7f5b3c466321789774b4142ff72141e963232eac4fe72c1ca5921b27b4f18f79
891	264b9814ea25816a6a81c90249a44ef2b197a029fdf856f4ef1d37d35e17ec14	0e9eb4af9bb57438ea43bca8ae114ed23ba14ac06156e4d7c98f313a2fda670f	da81d69829fe93af0a1c7b73c97f5cf3918dc1b350bcb556e7b3d4ed265fcba9	b26d874de75b4bc2b92a4a88f7399cc2ba5ad376396092408476fd2b39078d73	863f77a41f3004c2bc8fc33c34995ae14791f473d238835494b0d7d119d68464	803707368e0fd0caa4b97c991bc3560da6a23aafe816a15f3fbdcbfbe6c28618
892	4ca75af28b204fe203a16e8385b9ee1fe8a0aed8a99a652b2888dbabd021d14e	67a915ab6da6e9b0cfc039e4e7fa6a4e732f46b823856e45c84e0740e617a49a	05e947c8fb662abdcf2301efd2be74a9ed9b44300348599170062557b12ce506	74fd554e482d5b8bf8438308a2aabc5aa506c003de7b61b8a6e345f2750e64f7	337fc93b03e3de39857a1e9597debc460326e337f10bbc62a2f3c9cbd88806a9	91f93e0656f64a4b749d1875d896a7e8270a9ff41f1ccf1d14a0f474bd1222d3
893	422df41aaf4eff3becf2fb5df5e503c9c82534f557ffc1a60ee02124f0c57fec	09c9b8d49b5f5618786754bc4b523c1b835dfdb69b90d0222af03d11dcc3edfd	0fdada6ffc0c62d01558c1429f667126e19ed2bdf7cfaf7f93303f0c69991c93	aefdeb405e96019639a8ee702cd4248c1f17655fb017faf3871af7eb8e5e3ee7	ba99eca0e1b6ffabbc073dae0c6115b5b1e227ab4b034482aad7c87fe15ac4a8	b8bfa10be490e944bbd537251fea75020b201475a083dd2562a10de2f4975aeb
894	ca9ce0ab5c85bc8a3c337ec892431c6b5dcf1c0c1c520d52796078124ee2466e	e768bfa1131efe105957a3b7b9a08875620364164e98272106fadfd18cc236a5	805960d3ef15a4876a3f3d1034e3b4afac3984a00d37c6aa020bfeb9622e8e0e	bcb8ea6c1ed12227706e90c20444559f23ed85d234ef625bbb628d0947958e46	30427b938788baea2a5fb261a9a1a233b4e4a882d8f59b44df315221d65dd851	086822f0a16ec992e898b241c22872cb731e1b51e34acb9374c444e52f7e4460
895	2528c94d71be806bd18f34a4b2dfe1e0b4364c4420c1c766c1d20e3295cdb8e2	39213f197e33780577e6ba89332700559e3170627d9eb355ea0912e6bf56c40e	27c9c2bd6979e99f3b72a6194b5283786da973aae18a67f67d986fa15d183188	43b8c4fa6d86cba36f4c488616915cee4950e7280dd6f1dfd71a95f09f410e65	ec42ce230382f8ab1f373ac6fc5fb09be6a641007e50b0a20fec232d0028cb5b	0407aa54ef890c01d631bd558f22db6dedc3c01cd03deb71a8cf5cb0a2039fab
896	12df03da6a0e8045175b126a17e0f65bdf133d1d7e35c67794635abdceb5e9b2	c5d35beab249545269ff8abdaa5a5944ce60188685d1d1566a8d82ea09163b45	319974352828f1a839bc3bfad68ca15468cb75fd5e86c315976e147b9d483f30	8702f23bae42177e9d0e5634fe791cf068bb58f89171ac88afac7f885ddcd0d3	fe45bb01cc7951f7d69480b8717e8d0753b609fc51149ec1d5886be19d2d4879	691c06ea72630051990c28336a42426e8791aaac305ad60b736c267a5127a7d9
897	f5a39ce65b81ab44851ea4eb69fdda09aa64b025adc02feceda181ace34122de	dda1d14415e148983d0867554ad3f314cea7a7531b100713d9bc479a7da25f8f	1d1fd1741fa4aac87e2a9176cb64c35f4a4845a94a8db8a1c8e9bdf92fc3c994	86804c5debe388e4b6021496a84c0b66f4ffdd8d0855d6ccaa672bc39e30844a	e2304d5f6f4d7b126da480cb6d3dfac4cf081e61312df217ecbdda7821ac396a	3f78b5ac73d221a4ebd4a9697f21395f1328612737b1f20f706743e1abdd172c
898	c05306d550f73f088b5166aa0a652392b439a8c38ae999b84635ae7faecb7b18	702dfc4a5a80940107dd7b19c46d7af4c7068fd6e11aed173c94b705c8c124c0	e46ec02e9c542f7efde5d7471db1d5c8c5302da5e119961623c5446fb8c3c73f	20bbfb98012ade505c32e1f9098ff02b9dcae81188dbc4def5189fa4b7d5a5be	7e6103dbcb4b1d4d3135bb5f1332bb75595ebe330ef51f7bd7dad1d5d70d6ecd	1ffff1cbcf9258807298b7d578ecbb9cef2eaab17be810552b72dad860856fff
899	7313f95f7bb42b985f1ff48717f4bdf4971100f8de957a05a2837d63aad2b074	6012d50ef37af2ce6155d0a693cd26cced8d7317ea346bede0a54671df4c53a4	949f97c066f480b36402eeadf1836e0b76d91b849415196d9028f4ff8a1756de	9f3cee61f19898f20724f4e0e4b5b38a6f09f7c2345049ab2ea24494d137d731	b3b70fa35d5ea71827c188e89c2983c386943250586e83586261a883fc96ae7f	2ee7e0163f25e739e54219e287f5fce9bdb9cc417d0bfeccf80fe77d55af081e
900	a0a6c681bbadd93c88734b52a3541b61658624410f495543fcd5b37adc9caedb	00a3e46ae8f600f06d00536c9937363fb06758f9182cc15222d223e53270be39	5bf72daaeffcba3c3622da0a7fc7cae6267362bccbfcaabce58da7961154b015	f7c23c036f5a44c51cbce0d1835b9aeebcbbfd907dddf74159cf15679938c32a	f3bb7c50c0fa33c0eca508dcdb1a699e6fd60605443b07b62ec830375cf05bd8	d7680aaaacd494f7191ccb077a9af122b9e909cd833d5840f7273f609e95dc4e
901	27f7b372a89def0aae4650db5436ccd5fa4538189db73fedb8ac21e1f03b18e0	27fe03b24f190d9ba7b5291d25c7dafc4f5d5db3527971e6fbfcbb33aa10c140	7b81499a4ae33f327d4e0813f048761ab84c2d1ff68ce54edabd5f6b79e027d5	ad3500e0d07ba50a8874b8f5ffe79f33111fdbb5dd074c33aee2b9ede21e3ff8	eb16f2dfc678c0024f24030437d9f8a9389446bbceef4ccb45dc403272b1f418	4fd838224c152cd90dddd59ea89401db2053b75bc37b4637546dc85371f87a41
902	a934a03207209770f968543bbd7cd0dd820a4ca998b4247a76716e806052c46f	6254d2b8e090cb2df0ed15fdad0da6bb2c5b3f9ba12c5b39c8fdacac621ef0fc	fe801a0dd934d03f1f06c29e166d5f64d65cd05d5747bddf2861e417f539b6b1	7bf44a79da992e576668f2bac579f7da094030afbeef3825199e6601a3e1b7a0	6da5cf6c981bfde0d43d4ea4befe2670c2d15b3ba8b9ac100931182eb09e8eb3	aa17b6c80d22dd0d0c84b4abece1224b68a19c03905d725314d2699facad466a
903	16188312a682c7c7240f47eb76f6e8757ac193fc88021aebfe0b9d1560853d7b	bca56958e706f702c394a412a3ba0d9cc1ee065fc42bc374cb2c3733af12242b	712f8b8e2b22b63415c6b6c37e313c14dd0f6e65904d7c10a15f36f8ecf24619	ca1d76f7836fe384ac56ca7d3ccfab962127a79f3e20de1137ef86d957c72435	64cda1c3863d635183880a0915f1aeb1b076eea10d742a6c6fd8cf35840c2910	99aaae28304cad29682ded552325d43c1595f2098b9037162681d80a5b307aa7
904	debc748d08c19463adc3b2b9710ce5465a07623ad3e44339992c0b642d757f06	1116de0e0ffb4a67690d3cb728552ba9c9bcb5806428d90bf2180160e6dff4bb	97d23d78de905a057dce016e1feb075f86c4b06148fa1f3d918d01eee5fd16ec	a2454195caa288d1b0dd33af2e33429119473b5d43e0db87de686fb883f7b62a	7e78423e9cff8a142ebe1247292eaa7195996f36f053cd3d7f46f99f9b6b361e	4aedac8a20dd68ebc61821178ab59b796df5b72ad6291cc8435e955f79f1d037
905	bbbfca95fd70901d81edb61f357cccaeed47e59c5be0b2b63a7db9c4c30bc4f7	8a4ee1236db7c03cecbd6989089f2def7468481585d318fe662348e379741b28	8abbe32279aa766338f759da502b21e4c92bb3fafbade4e97f42aaccb8ecacca	a9c7c0d61b911b0b827f11c39d15e852422835459de306dfd4102b4c084dc5ea	579c21901518a74bb059a738e5d55cbf59531697c8b81eb6d07e380b3f10c4b6	33b28ff76edfe3664ee2b4a9c23b8b455facf675f7a0d2e4f3d09bb9d5112769
906	588e62ada0ba099a6dab795fa6b0a2fe511903ba7a4a0b9f74caaccbba1398a2	9bce790d431e581585d58ae7d416f04d500147e7a5c8399f68091679439b1bd6	9e0ab42f03c04801f2a601f612fb25928c875477e8c890301588dd1506d20a2c	e238c0022c2c10c7fde1451637543d95ac88f88fcba9057ff4ce50f5df32c58c	5313322f5d54249c30262ccf02cb16ee4030bac5872746ce3dd75978de7f1e70	bd5c6f6815618bce0c49381ea4d770daddfc52e8a039447e9631ce98bcde0482
907	0541bc97280c6725e1410b825cb491cbd373e0d45aac5280fddc6afeba8452fd	d5ea819c2daae44b612ec2bfef2d8f5fb8b76769a7e97b47368b9536e9c7e89b	ff6d644c1a94e2d6e439f7d98b28442140b415d634f830ee0863af20ee58b0fe	842881fee314830388a3592d6ec05d197447f39746b72512a6df1d8639535994	0f0dafdd4682f9e7784da536b2b31fb65433d0f36c8db4f5ea15c25729191c9b	302d75f188c1dde1c759f18c0b693f71bbf76c19bfdb1b342515685db37fe05a
908	e93b9642dd0d2ad61f14b76e97e91a62d46d4ac9186e08a4ea0d4cbc76f9377d	61fd47bb792262e25efaebcb0d1211f699a5ab0831d87c7a141f43c345a6376a	d9a071ab5903baee7422210a43c7bed0213e5a6dece7cf6c23145d9c0a26d499	25da5b44a5d6924389b19e92fafa5cb1c9575967dfbcb7f13391cc99c1157c50	61a01e3ab5244a5678abc2e1287deeebd9e65cc12bac2daff95d16944d2b6f66	1d4c10b6d42cef02b3e19a329a101197ff48147f730fb6ef020dc4cc3f928762
909	7d16f5ac5ff33825c9b7dc15a40f99925bf2ec3eca53fab3b70aef6eec086c7c	7c9568746730fca8e0317fe381e73e5aea42bc0263f9aabf729bfd6308c07e94	de178faf16a0e863ada037a71dd17a1021216b04d6994beb1efe42c38d118c09	69614291cae79c1ed19441b0301350df46a9e0f3e59aaa766ebd080b1ce30e7c	2c98cdcdd497259c8f141c3942b6bf9c7f97de088b9bf99370481b7dab68b9cf	ab335b6c26dcb04f38486874b82c80feb9d6d5169ce32a652ca5ce8a48cac5e4
910	9399f3d9af89053bdb3e7d66a030b611499fe8570fd08612d767e273659142c0	36923bf7a71968b23240074a35259992e120c60aca060005446e862c092c4e78	1507021a5149653a70c0c93f69ed507a5c8a6b9706368fcffb89603acd49284f	1486624f15ba2dd92f2925712eb9e1d45d7330474b37c9aaa6c54884c7c8f197	f06b60119ec9022d6c54b9f68c181c7739063eb1ba22954084d05e989e1a4ad0	24a86cf4530e9dfdab7692c74e148f2991b5b7f55ebf1fd026174ee38419c4e0
911	14178b890dd11b4427604f7cf48a4ab4489327ac9da2668db8c2899591445f85	591d0fd9787535cc8050f1df1211647f2ea028b085b7e4e5246597ceabaed10a	236153f4fc997b76b2a5c68b341c37c330d8f3f0790991312340fb4da956e35c	992b3afcc706212f414fc8da2e7ac8410b0571c62d76746f1df71c8f52a4cf75	ae1a5c7da93f3da0e1051f58f6993ac642b3bdb31771e86cac73f519643a75b9	8478f76b791b6c96f83bbe5756cee4ee1f6e251f6e0628e55414c8b7b4c0168f
912	3f74c5f04fc1b7c3226e8f74913d0646ccf8781dd23cf8e504e9e6568021fb51	b8976482c5082055b24a2bb8a0c7a32f9b52873a84e03ca70ec55ef2dbab60a9	3840435046b1b2d17a0d44e0d04dd1ad3f6bf9b06da022aff9e0055d9c423d37	b43fa6d9222d516518e6c83b658b52f94b532244e4d066bea5c9728cd8246fde	7f2e2d250cb2539ade72b49b6ca28a231cde626b8c42076d3461593ab2f6391c	69ab39bdf7ab0ecf13db9ab0bb40fd5a423d00e675a8cf187fb86cf715e9494f
913	f21d2d7a4cdf73a81f3ccf7e7a6994c6c331f2c89127f4bb144c71c5f6c42d45	66a2a12891be0c8e2f7b6eb43207ac00ee9eb6f09535ea0b51283a5f8e1b8aae	c929b5c68e965502581d402a4257c3aee49d34ae94fe7550cd4cec277064a1ae	d640e8a5af6de985b4416ea139ac75d9b766a52abc492d44ad589ebe5d58d766	6e69f455c4fab80fa47b625598eae1fd4112b52e630301d7a8a221c142000617	187a3b618298da0d392faf9b55945d18c00a2f9b07b8e808fe801a4e4d76a622
914	35bc2fcb80f35395601572fead164fc9f75020d517162e725fc6f5c09fd75030	2b5b3aa16b4a149c951b73a14983e69e3da3ff13aa87de646903e86549bfd5f9	9922a2e2065cd7fd22a287a47701406bea873c06c1ee4bbc92e38499fa8726ac	13de9128c7f4b22cc74e64df0c57b3cf5dab41690ba7aca51dc0e2c9550399f2	d3357dbd198e6b181201a612d930ebdb1becbe00f5bc32ddea752b484e0c45a1	966dbfe5d2223d30614d46c0699eb8d784518925a1144e1714668ff8f5f3fffc
915	897f7b3eaa74ce6bfd9774d5bf0ebf4057306818c1bb46c5d6840713c0088766	a9e5dc078124b71f20563dababda2e304813e67dbda78af4583e9ef14bceec17	3a5861b58287769b8f04cc4a05ea21b41b84581c2468497e8eef910ab2bf5f33	2819a7757c6358e09fc086aa49355edb643a7ce8569e4db1881434f34a1c587f	256ea21ec695974c0fdd3fa41c003dc8c0fc1422a721a94c3eccea3fd6750237	bc593b6efba43e6e82d522d57a4ce682eb78af076e502652691bd8e9b5534739
916	fede23234a20e1bbb4138f714cea39cfc3a37007a8fc9c7502feb1da7cd9e462	325e250dfa7302ae88ac43736cc09b220fb0f7f529846945f7d665edd6396903	bfd11191bdf186cde896b8c9921588e14b58af01ac925dc06eb948023654ffec	1795a1b3ded06e068222bf7efb37262e54647c5faccc88c917d0922a6632071e	f93211e4ee43c3c53f2638f725363ae52b21c2bdc12419962936f0c0abbad75b	e96bbbbe8031932be32ee7afe9682ee4bf7976a69afe7e45034ef68b3f7042a9
917	45e24aed2bff48f380fc3aa3bc5e0510185f6a877cfe3001fe2146300e62da1b	b2117aaa43cc9c6ea679c60c30a31ad2e4bc355a898d1250b2f6c78a423cd0e2	3bf16312e5218aa793bc23d4d10bc1b60e59e1c63e1821612290f4f334aeba96	15edf33d27addafe16daec8bd16d677e7fd19d646faa7651aba1319fe2c2eaa2	dbc6e3c1d24375cbb04c36130955e0713e1c3ac05cb458f3ad80e9dad6b5d7ff	2f68e07032e7774bca5fe2df29b34217a5bf251159818ad502109b6c17bf346f
918	0080b23a6772b6deb13c1b26facddf885740a0e4cf64afe6067cbb97ca57b571	cb4d0f1f934ccf9f6fa59692e80ab50506d5fd52c3c880a58e8d1f84edadd48f	cef73b54a29361962091b4e5ee5af54b7e41bfc71c8d5a062f346f998d7fa782	ff74ad1036b74d438072aef97bb04507878eec626dcfcaa0cd8d668a4c06aa5b	abbceac3c90fee2633b88c31b6b858f023ad7501e9de99dc330a93bb8431c3d3	822dbbf34154a6a5533f8aecf168b8680f97e4bda51d116918c0e4d7b0aa1967
919	4ab42e3e60cefecf04c14c4012728d77486fe795026196f43ccb264516a9e5e6	a365af8a3ebb32bee0fd80cad103cab70b0ab41f9375cff35fb2eaa8ec90efd9	b9430bc8a6b8f434addba25fda3b3afb5e9bd548588dbd6c8622c195624a3525	ae6835b30e4480b4f6e9d360eece61d085fc35811483a60221e7d6e4ba54fa53	e772a3125a989e429fcb154dad256c9f7c7b355648aeea99027fa476b5c51099	e39ba82a14cb85d7e71167ffb6436759b858f6a69036080a780515445a68a726
920	d68d4d03d42cca714cb4dae7cb8199fe61e391fd4f549f93d8c1161f214f085c	a98210d288d1d7c9e29283a1b51b44977a1f5387b9a826e2e392943015918cd8	04617070b0fcdc2e73c8093529e60b4a65d788d7539118860423e24b8382c793	b5fa909e77e6b947640249bee5035743fc01e11e668a9f3ccdcfcb7480ce35c6	9c321cc13af7e46b8c757b5537102209d9c60c79b3ccb948e36f7f6eb2ba1166	8c3a3890c9a6708d45624cba69671bf55eab86ff088acdc6209d887f30ac15cb
921	44acbe01f465c1d4601b8b5fa6fbe6636c2820765edf1bc2f196887d51a51ca6	3203c08d3d8f517db664398bac5a253042bda217a8ac2f6dec6b126eaa6c95ea	b2e80f3282acf569b7f8146e39c98c33d7a00f9edebc9888cb9b796d1e89987e	518d30c9159cfb8d083d23a1a7a146b7d672bf0c62a7efff4ae3f00659f83b5a	2c73b957a6df55e82336421b607fc921c1c379ff6f200cdc8d0945cd8d422e26	e8bd8290fffb1b30cc027f2bc5967ff35a323d5159b378826a0c471f209a948c
922	6eca8410dea88a8c0ed60a308c524d024cb5ccc15204649310c56474a08122fc	dfc2dcbdb49cef6c3ae3364c1826e93c20b4456c989f72bbb57fe7d768b8b21d	94a1275acd689d1835ae5ed5d7973cdce01570bd622a17ec1fac725c0e5a465f	fa87a779c799274631cf4b23c43c312648495a36a591b4074e6dc814a7fe148a	b20cb5c4c0b879fc0598f9971a7bf88c1a6a126061d03a93728be25122668476	2db2bd35643e222a62304305c600e3dd334614e732f58adc0d57f50804666856
923	64458ac4bbd23e9c3c06c4a1389f6e21e6104844493828055247f045e78d3e6a	6d5b441585c76b16996cafb644befcbee4f8eb68df8db84753cb8dd99443c987	b8ba22f29848fbbb7eee1861aa9bb5824f1ab713dfaaabd91fdfd908d574a2ea	87a6ea4bc2d21b71654ad7aae638e093111c55704f8169823c63f663109b454c	f8b1cd689053ee732cd5efa9943ba0c83bbcbefd1c38b87719018e54baf7333b	69cf1dc1e3b5eaf12e55bb35448c0ddfe7d96480c61f3b7aee8639b2a8ac661b
924	ca2a8558d45660aa964d4bac2fe7f9c30861baec2613871dcde0502597ebb75b	6677da3d2e4026bc6e0ef57670d9a8ec4f172dd6f325f9373bc9c51b388ae4c5	02fb6c081ffa97987644a67bad5d45e9398013ec69261222be170d59e34b4f7e	03cfda2e6b39be0faa20aedc2df5f38fbe0b99820f52cc90f93b7ab961b29503	bb9531ea2066ef50be557cb90fab845f305c8440f48f5d982bf171e94b6ce8f0	ee219cc29e9aa1c072a22f8b2a2b0f737a5b7023882a266a9b7bb9732a721340
925	0231dc52bc3bb678e450263647613faf29f2783f58255627a0ced38919136717	d798c0f7f2b45caf11d88e9b2bdc8346294935e1547dc8bc0aeb85ae395620df	44bb91de13ea9829af08e51aab57d51f7a9583e525d4bbccbad190ca8beea889	edb4bff5ea013416b76965f658f99a3135d37febf56b533ed81c717844a1f090	4050a753d0d13b53baab4fddbe0dcfe6e25ab2b198a94dc40a0a1296a583b687	30233abfaa9eda3309799ab5fb2d5d01a199a34f7a8e67bddd0e7c8f3f88cb87
926	efc9e8323d3ca4157c5c4f3e20e59cddb677191e12116a29a7725c419da4d6bc	46c65fa9406dcc935f9ee7df106fb1be7f6f70f5e8f92574718c981322cbc213	06dc2d963732c4a3ceb72a08a4ed41cad328e651d365f7185f4c4ee21c748be4	a257a7a5d25971df744c79bd5acfc55e49d40fe5e74ae4f09b4cff58d44356f3	20ded4216a3cb07dec8e5cda0eadbf118523a54e837a47b7b70d08ebee16597f	253b5644fc32483a2edeadd91d681f2768321edaa7a6e244414d39b6981d33a9
927	52d2f301175d9cd72dc0a56642a324612d3bcec007c672f9cba9a3ea22bc5a89	02bd5b865b419b55dc37d5fbf1f64da3a9be46caf14fb21a010f5ee290678695	7128778b6c5458f003a1b6c2c46c8c62cd4cb81c2069b58b7712969ee2551562	b43e3150bcf30b7e88ed10c47a9d9f38f5914ea911117ebfc0cb48cd2b86315d	41a42cd54cc9e35c47740ad4f6b20169b4d3f2d7abf40f1df6eaac98e271a443	d18cad83f614fd2399da7c0974ccb2e81c506bb20c54c8c3b815c955987578f9
928	2c8b601b62d487444f422a517a49dc3bbbc2ae2e210f4da0a4880e5530eab24d	33cf7d2c8d2871763449da5255afdbe4f4c4f1b91457e3e269edbac94959d3e2	640830eb8dc139734dfe800c8932c06a6ee5ad57b4b57ec7e576109113846d07	5ef553937bd284f49e4b4825542d4dba94079d5121c6ae6aaf3129f95d9587ba	4875e51de22fe8ae10a2355a4ac4946f6ed29f3868a33ef96d77aecb77d8651b	9f76d80ca101b6cc1f3b3df2ee21858b6afd99ff4949745cb1309dfa0e4cab60
929	27d416de4a0a844833c11829fae33eb61928bb8b6654580811a4d33d31ad50f1	eda8cb56292c0a00b22359a14a2ff51b0b7058e87501691e9c8a05b86ea6955d	1974a9413473798fa1bed02928098d5a64979aa705fb7c09d4ef66d9376f5208	579f60b2e8af2edd09f81b558c7ffb25bfadaa0dd64bc7ce090227d71633fc6e	f2912fc53023b084df0b0831462056640d493f443da6ded369fd8ef735fea240	24d9e683889b4b0b4408f3b3d1eab72c201ec14083e1b62985b52171d177d1de
930	7c5a58cdb1f1ec4bc9ed31d0d0681c5da13417156e34fa92a6c451bfbbafffb1	b8ef08dcec46cf9bd1e28496a346d62d99d104a2736d72c9b4a9156349cf8216	be027cf12e0f581b1229ce2d2707424dff230807828566cce25d268eb10538f3	c7889ef0a9577c3c471f1d954e7c512d387c490d95e0599334c4041651207532	f519cc9e86e55d2da0df7932727b6027262c636a068e71bc941ef62844ed2365	b16c20a0279271e0fd857c5e1b1a935b8d7d283c99bf818716758d92518268ae
931	99382218aade8ea7cf1e5c215815b19b765dbf6de744b1fcc9545b3356100c38	54577d5036a18f029ad91239f47b92d03f4a1afe47f56c1c8bbc4ee029e8f092	695e0c51622aa3f690f4a9861d234464de8ebdf78a443d238ca95734dd4af6bc	4d40051b5427b1541cc7f6b2dc72d421526160c7b0ff8377397b554c413e24e7	64a4f2b5d3a964f8303c859a89ef233db832042d2bd54f5afea4a0f348d0729b	2bea16b3093d9355c1148c8592a39e59535752a7e363a5024990accf50ca8c52
932	ee205dc4ea88ad9908478953916d0033d1c54f96865ecb027c3c1a46a81add42	2fd7c9e87f4f5c51aef5caffb43055a571de06a33cfb7c152e7c3e75dc843b02	7622633a5dd014f0089b54fb7734a2b13f4403336ab0fb75fbfa90a0593b4977	9bfeaa950d169b00b2c461c7ae931543ebb2a76e81eb7681cb6902c0291e0a6d	ae0ca9a17d71d997ed9df3c15100e1bf8bbd56c7e5a2151a699cf77627f224f1	480532736590802da991cec84849713fc0ddacadfa428e4c3c579f2f37675ad9
933	d419186dc56782db031743abe7319a252c55f49595d97423273f7b4ebf7ab084	faeb7cb970368feff7363432b164ebb0af3d9e4753ab277830289b3602cd418f	3fcec4e91cee7cf21a3e812e59fcb3e02366babe6b7ad18c0264ba5241105fdf	be7cd1de5151722c6e83c4bb2b2acfac85daa8d48007c1274a4f18c51a6480b1	360343fb524bf054237bf3594fded6633538b4e6060325faea02ed69486c9d54	b1a936676b3a430e1eca1d02a22ab1e10383b1013bd90f8c8e08794477ea21a9
934	03a53395a54c8c75c9228839fbd78a265c60b9646e3216d73d5ac3465c5f089e	e703f6cfe595fd18b8ce28ec0a70c1b2620089f3da26c3369f43a32c77cfff9b	c67723ba3bafc0549367d45e745726dc55549b94cfe2cb4e1492b12103f34c09	a779920f82866dd40bffd169206c761544a87c775d19e9d00968629fa6b6d183	d116338df2217b4ad1a72884c719fb282879726a74f1ab2a2062a35625031953	27b57e0e3eff72f2a905c359c88c7ac625dcf4ef39515ac617fd1fd5fcc0fa0c
935	6a3d76048f4bea9fa7e40a81477bf96e11d4cfa1f5936af85a9acfe0cfb9b7ea	fcec661e2f7cdb9cf009d482a813bbdbc67405176d1eb198f14d646148350b1a	dcb99fdf907dcf851ff31659063c822dee3b71b964533fcb7d54bb062af2cc4c	a5a9c25682e3ce4eae4921263130c1ae2555b1231003c504343196adfc2d053d	67432bef79a3caaa1b4b6e5426e8aacbbf6a37e777311ccca4d2399b1f9e7215	fdedce5302d7ddcc5adf33a3c69f7dfd254b853d94484d79aca5cddb0353bbce
936	e914706e37783fbdb5e5fd2514caf048db4ce05caa88b5a7bdee93dd22fa4c88	712652e8de44c096ddc40a0822b5e57662ea5707863feec776a1497ef3fc7d96	944b96a6ef17ca34d09095f149e4793b1f9f576f6f6c176cee439e6de54fa696	5c1f2e3d83cd7495bbc91243f88a85e67a2d6f31670f379356d3f35f77bf45df	91d7179bdf7efebbc67bd6c59d83fbd277660062768214416236298d3f50e0d4	50835f659f7b0b5e600764170a901f21c080bed01170b91a49b5929bb71f9c38
937	755e9af65f633d04ab013c1e0a0789a50d9fe5120344ab75dda915c20d33efa6	a9c2b4bc0cf2c49f61c445e8b8e58e3d26b76bbb6bc0dc67bcc38bdf031d0cf2	97479377e3896ebba8da675adfea359541e0e688f841a716949322ff40293eb5	60dbd77d1a1c42e83e6e9845ed8bc12fe8284b96204c98ce5234176d8f2541f7	d401902a542b739a0d55f84a5bc88f163cf9d5c3b42b6d95e9a400987e3c9499	d6acda104e2cd23e9e91170c7649b3b73718ac0afc4fd4de02753b0164d5da5d
938	3951d25690eeba14db07f451004b9f24539990316f5634608c4782b11cd765a0	490b2df3ec8cb7eff9ea5b34fb07ad6b105831ed7d03f555578958a33789fb4b	e90bde3b8f6a675f0c3002760ec72363d2cdcc281a554ff7e6f39e1030a14170	749802e49accf729e1dd58aa2f65bd554bb8c6cbd799f633ca2a41429e1228ac	38b8009482835c7377ad25e7d2e0495758ce2933e3e188fdbbb9ef3362829f7e	cb46bd96eddf87c0fdf96ab9fb38a0a1081d3b3a743364f525d48f630da8caeb
939	43f69a20cd6fcb4be7f36a43bf6b6452044122425da8f9345685fde9416cac60	bc50532e1fe88b3d97120abbe0d8bf32d17be37bd13091f10e4464f9f7460427	08aa273a80c6079a54a845e3415195666050f3e8e512b5afd0b60d1a0ffbbb0a	6e62bf6e547a9eed2ae0134dbbd230900d7c3ca51c387cfc2ed3293a874b6b54	e4d7af4c163af0e92601e09e7a76cdf811ad280cc6e128c511b13f385b055577	4cb30502db0f79c3977fdfcd7a6192da6de6b6573559bcaadeb6324926cd67cf
940	afc332797c55cce825282c927e98be5ea1b71d4ef7bd84b185c0ee3799c20cd2	b44fd0c3e55b0368ec248a86ad35fc97d80b3badc937fef49c0be397fd30d67a	a51f1f7674e7bd4edf4f033c8d93c9a67020f65116abb24507795f93eb9ad316	b73a362b2237ada47484438186d8a947386cc2e5c0eb0c9fa77a93b1f724665d	75cf58da1f28d4b7e7912e308947866b0e43e0f2c8209f090d6b0cde54cbb691	94b28b68fe3566d99634f179f0970402bf387fd8d2e91803db93746338ef4e3d
941	c36a7bd8b465444666db4f431de319af633a79a3d428575603f29eefedd6569d	de625edd4f3e2df4b4f70952f21cc214f8a501c2f67741006f7f4c316d939b4a	d8fcefcf3d1b2c4a7aebd6de01768c62d574ade1892e50574910d53255ee0f55	9eabc292b03bb6839376e1129f128470df30139730d7f5ebd932507cbca97829	cc29ba1da418319b86b45f2f4c563eaf63be58798f58bb90364b180bccfd175d	f90baa5c4b13f8b6581bae48b756d902dc89c649451bca3313ecfbd35907bb51
942	93e0ba8462c88af079e26710a34049aae8f11d90a7b7f755bff8328bd9a44afe	a031b4d4675188cb95ad286142b701835f23aa50c8ae5ac0c1ce81d3a841a22e	cdc39eae38dec1e6feb159ef9e23b988aa27ac1af83f1fbb3f3e7cfaea1b1fe4	5186876b348369cda4798b64ec6a75125410e674234ed3fece307901ae918d79	ab2736f4cbd1c428252ba62cc333b748a2d5e1b66ae566dc03392b3043d3fa09	cf51a00bc520fc0a4b19634266a4d430f49c9c0f56c0034766b1c6e97810faee
943	e58b290c0d1a89766be5e99e4b074db4d3e1f099031c41f4f2d84db5dbbcc15c	7343fd2f86503070ea1da1ec05a9b38d5bcbcce0a4d59d58d76a5b8dd7aa263a	e7fbcc0cb7e3134d7b9d9b9b55526a1b58aa759c3bd4432a56795ba6d545e03c	0ee104f6a9825b42bb7db26a507df07582ce028f0f286016f362d15d025d5d67	9c290a79908eec0001cd8ec88fc8975619d000297753b07c34de55658571bcc6	12aba8b592b0a96ff55c81367d9eaa19b73bcdb82e5b2189ad55ddd6c7fd1f15
944	76269d13f163752a61db18844254bc5baaac1d70842bf7908f612d48a2c5ccbd	15e8cba06fa0b57d30d424a219f238e94248fe8f641c7174c3f6d8926afe25a2	7b01bb523d74857ed6a2ca01a9664d0af77e13c1b518872ac67b14070353baa3	0db9f5093d2f5ab22a99f019836cad2440297d2b00db62f734e2fe6790e9280a	4af0997931c5baed4a191c49b50e8f5971ce642b8c47c40a3cd3b68411647a9c	6045ccd9d2acbdf0cbcaa24b43f3fabccaaf29986adb967db4e4e13c247803fd
945	805ec3cc9b7433a1cffc5245b3c48e50ab5579fc9bcca6af2c849a9986da931b	a0ba5a16d74710b5733dfc944a79160e2559ece235e2ff3efe2e8bbbba6ea9a3	cbd61771d87701acb440c09fc8942f984fd36ddc950706bf4cf1f407c1714b95	f9fbd17421a796e5361b3d3ecc62181d82383af4b16bb4f685a8b17da5f57382	4c8cba823d92f5d9a3a7ffc0cd46819a0e761404155b183fdf3a7bc28fef3bb9	44a88d34b7f6f0cd29b1562580bace06ca0616fa964120f89656a7f5d3b0f725
946	09aeff7fb6bc9e1aee8b887eecc7c8c0ecad644f32cee4e6e98c3369bbe95371	fb53e948ce653c0626c50e991cae18abe92e8a7621d6ae2333b77ca2aa3c3e99	23695168269a665ebb4766197e2240079332c381c716b089427195f702920586	cf1fcd41b2c1cd7e3aef4574c005895ce869f108e85a348eb577c5ce3b9fb860	35fa8ac4e2c30662b3b85ce8d9449fe462cea2197cb745f7d6fac3e9ec9a5d12	d3df8cc488faef1c2c4e845cb84fbb44e3c07f083d3eaca27f6fc1dfd4743130
947	b600408b1543f25f1aa37e0c06ed08e5da1c97f88f2a759c71209e45363086c0	2e2ce8589f0488eb111bfe9d6ceab864302addf1a4c1ea850063b7c0619a27b6	0a2dfe754eaa03b4785b95dd4ddc947de949b8454c9ef5eaade3b7f94e5e746a	51151146ada04f39ca13cb6ba153913266ae7d0d6b605b17a542153576218f5b	582804979111318cd734f5f113705effca0de5e6cdbdda2ec260cd5510333226	3e989dafba91e5420bd95b13389ea77382f4da1a9c7ba18f587ca33c9fe9b322
948	147250d6da30bfeef306544490d21c79c6df08a83062dbc3a4d84667c1b0ca47	5b38463f7fddfac60279f3aeeea0543c21c8e60512c151ab01ea958308fb48f2	f902c5ce3a11b26882bc1dd76722a63740e50fffa637ebb4e93cf3c8d147726f	e6e67a2a1b2098ecb181272312e3d1a46275faa9ab4fece79c5fd3cbea3ebe8f	b8df34eeee15345bb1e075918da537686dce956f5d2e6f506294effb0aea9cfa	eb5d3bb17a0fbd72372de88c2465c3d1384a52ca571ece143de17636a659bd3d
949	63210928624c57f9922724bd3cffe932d3d57ec7276cb64d580061ee824358a0	c98d4e0f0958f9db8fc374330e34ab9e4283041f8273de2e30836e8b02357861	af6d79fe6fe14fea8f245af5bde86d00d785ff091adbe5451e99d4b5cc61ade8	676d21fe7af64232fa33c8b8cc9a51ad1845f0685269bb78bc86198557433810	156a032694ec94f924d3fdb5519efd5fff3a82471a048df06e757e3abd39e872	66acc6f2ec3fff1b7356ed288ed6b28023b13f762a249dc244e2b1286f0eb84b
950	406bd878411700be9457671aaef85ac1419d309f2f784aa725cad853dd36a7d5	1d2b610502e5d36bfa2ae1a355488254a6fd491ff70bbd6a1dcbef1043d20f8d	44e7054f2443ba80199326b61115023d1662e2abeb284e00f7fe4137ae5e92fb	27d5ff9136fbbf93df4033bbff61305573fb918ef01c27e33fa1983343415446	c16c88d64bde87b557fa6802640a25c07a07e734c5fe6bd16df23995a4436c27	94404be217a9683ecb171969dc775588908df0a26c8ed13a5aaf6a3b093165ba
951	b8d109adcc4921c8c8fd151cc49418d48dff530c79b342be05c5448e6f546c88	ef93882480d5a3cce026c417faac513cc5a419695a37022a39a07d3c4457200c	6292ab4f90a2cca9ec1200814ece73d7b3935485d97e3fd0fe6ce6d9770821ac	33e524648d9c2242e28620d256fd43ae0c2a013f53da1b5962a9630bbbeb558a	1eeb41d909a7106699fac33cb3ad1ab7e89eaec64c1fa13cc4682dfd52f7406e	f13ab79cc87f8cb8f5e63dd6e984d3582cf94504c1d4146f621bc43541d992cd
952	39adf69154361ba4fe5a1004817b87ffbde24383df0fd40c5969b6a93cfd73e0	5441944b0159315e4e216026853b940b79197ba96247d5ff5618b8d4f1a0b46d	05714fa7ecf35e6a94bb374ba09b728ed3af88ea2b00d873814b68df8caf7fc2	c378e42c1744f7040537b1d64948d223c36bc38f3e23e972834dfd6a917de063	7435ddcbd348a7824739b285f020da666e9003e1e571b988e893685babadd54f	5a5e9fa0392ef16a4da0b244f65dacaae03c09bfabd28a62da6eb43e15210dfd
953	0076848cb16e8edf95422de46792c0a1f37aea28eb188bae0cbaed99b5d84fce	4f976461adcafc15c7ec22046e83fa875b9cb29290ddda3927eb3323554143e8	ef339ebebdb47e109a57f757c61a729d9b19c46b31271d39639dfe454b423027	5f41531365ed69661c700af381b45beebfe83927a53100650537c7e24e7b770e	2c6c7352b69a77d8c29ba1dd3ec651e1dede87db9965f79cd7cb891372b049f5	1d0b49b366b06eb4ca1f7ef65ffdf74848f69787a43705e3138bca31ad038eef
954	683c7cab02181a870f195ef945565f45b2ffa1b69bc69fc953ac5bb9dff9ff64	b46ca1985c2bc256f46e84a54d75ec5abc3d0de6a39841a16d990047cefc83b3	8fa75381cb78cf8dbc5e547ff2ed4183e46e92be14259880d8c48b70c5609149	bb6aa167692274f404191ac74e165107bf76f6764341eef4e02755a83a4d8f52	99a0507e6d050a5c46e2c5ec8344141d5e6c32702e8f425cad1e00cee1cbc3bd	aa24cd9cb1149ab8c12a484a4934e327b0fe4aeb357a0e055ef13f3f06eada07
955	f5882e770d4382d2bfa774cf6ccb51aaf85e0fd094c6c3bce952cf24c5d33f6f	6830b69785643ba3a19df71eb90c82b4df8392d92c0e4443a8e4b63795cd4c75	b361688c88304bbb05fea5e033505c3a8c9822e2aefd22e66fd818b52c1032fb	cd44b5ed9158ec8147439809850748c3c617e6a7c16e63f79d201f5366175abf	85b652bada6670df2872a0d430a5ba6531135f14f4f7bc29f7f3f17e394256f7	313f7488e87715ca21628e35c9a081a316d0a7dde35b2aa4877f94dd1fd66e2b
956	b578c1c921a52c9c5383e18ee7897a255859fe6aa6bc1c869dfa7bfa84eaf12a	4291cb392b13840bd4bf96e082471d04470edea1d54e61f46628f825e071b0cf	6f8daa591e43fd18b31e8c2ea3c4f9bda74865192ac6b6b1876b49adcc25fc2e	2612843222f98f37192412f87e6db6d88f663e07da529593118626f860638d2e	4e158d11576ec2fb526addf4b405bae6f42d33edaf30fb1d7a3a5f289c0319bb	2f6d889e68e3b72146951e51f619bbe388d5403a3d40ec23727bd5de93d5632d
957	088e863dd83b9bbdcdd2e4384fdda2cf1a84d7d8f682f6f495cc28ff52d30e10	a3eca6c7e459423aedb6cba4a8290acaf0c87bf0b79c141e99dc66ca0a80ab44	8327fc84ecf22625c1e52859c55fbeb157eed4572e2a02daa255727aec6b5c9e	bc28fff22ffcd7ff8a2768b7b0b440dba7f250d9094d681333496dba7e81a332	c92ecdd5d46b765d2f0c856c6dd2e740f93512a7e895c6a132e2ec59aa4c886d	7336684dd1da2fcc0ebcf7535c9dc0df0c296c4e2151308855bc788eb0a35377
958	76d442988fbd9a0b27ffdeb5a61faeb53c7226ab259122f3b3122d62b66b62fd	8edbd59ca33d09493d3e2493f9b4e4b3fd72e1270ff87705869bb978c1c62fcd	b4e0b0ceebe85beca8c4965fa4f9c80dab49e0054a7f0d03c87edd4d67fdee6c	71b5f341975251d077f530cfacafce0120c8ca1e5e09f773fbe1d0fe383bbe48	934bbd873134b44bd1f9e493464379fcf24527fea765fb998c66ab9c151aecf1	ad47d2762b10f26065327001f9c7d6f541d76c34c21e05bbd413288b987ff51e
959	8366e665173a546122e7b8ec03d96e141d6e115a4c1b3e1a58b68016652a3a8c	919d80cf2f04abcf98ed65a17c6f34ca9b879fdbcae10718eea40495f84dee90	a7f10e555f853a2758231786032169321f573e7f1f2a6c8ba06a76d7c75ec2f3	76cb578af61392cf648651bbf720cc38ebbc7767bf11245469c8549459c1f66e	52c1ee464c6aaa9db9786a3c9c76aedd3dd110fbb24224a43a3ba2f15c116e7c	87bd2d8c99fc937458ca8bced6781720391d46801d832740ea06aafdbaff3212
960	51343bd4e347d5cf4ebbe17d2cf3c4b73b4a9c95caa38f74690098c3681f741c	e68102f2220eae4728e25353dd69b5a6c6d31ca19642ddfead9b30b21aa6c4f3	14ebe0bd5c408916e7774ade5d3194eb7bf3a471833abdf16410fca19a239098	8daaf5c54062aa1d940d6c7bdf5257de3a73a0806ee62ac123b88b43040f86ed	959686e573c92d28df3120db4df48601a4e985e926f37028da4ed21081b0ca4b	a8556e2a5e9ed2b214307b2e0619346890ddb5be2d9731efafe633a96fc4253f
961	4c66fafc7b6021ec78df0cfefb61f2fc44cc07a438ce1b3b9fa8a3f310278003	12ae8ee8263e8eb057ea56a35f80da7dcc17087eab49465cdc968669f9167712	17f0ac71fbb3e4657896e4e0524e4c9af55ce3deb1b359e1dfcde8978758dea4	0bb530061f0938cbd08c0cb356819bb74004e6f568f6bef68c19786188a557d7	95a647ff6fc23fe3d8a45ce5edfc45bcfe14b995d0eb0c59847316aa3e3bf64a	da0e1bf40ce65435a533a131459810b8c5fa5bcda31e32396b58158f12ba8f9c
962	5f5342e3d2a1c07fdaa5f9d4a4cb0a6e136fc52acf6b5f2f6f6ca6eac6398070	81b2bb5c6ae1e5045ae6766693b9cc0783d08c7dc98e01feadcd6d18497e718c	d9b7e64141113b4d7f4bdc3c1800f95d80d1dd9326cbd7f3c701fb47e31d32b1	72ef7247498bcaabe8b74740a0f7cf97203685c2f0870fcc5c8227851e39a424	45a90fa7c05662729b379b541b50bc610eecda271349071cc2001e5a53ed95ec	7e84458ba3131968380a09b0da288fc4a09a1f55223f61500febc12091dae138
963	9466f070c759f60c6a5b2666cbf602d8089a8b4e0f724c0b4533cd56f878a660	003838e02178759ce88aded9dcb24d5093f00fbd1eef178a85981a7ad80b3fbb	d32cdac1d8de14838d9a56e21ae7242f966d7a1a59c9ab451c1602bf1e576ddf	5e46f0aa30664ed8645bfc44a71b185967d237a1e116a9b943abcbb365546878	c166e395ee230962e37ebac8dc3565cd9f8e426789ca3bdf02adc460b29912ef	73f058b4260d85e700fcd6d7f76a9c04a4cbb684bf2944143f7fe3114a784ead
964	333cddb4564ab35576be7d1a5cbec71c7797839a0c7d4f334f9cca082bba9dd3	7df79e4e0db92a83350e126cadb84b0d20b936b5b9b1e2c05da7ec5d986648ed	8c487725d89ac547cb7e589ba27e5e8173f2fc38deef04308a77bb7b41f4f04a	444082121419cce37408d636bf15e994b522f2cc099a78e26d300a1cb8f07a11	38804035854e515d3b8eaf40cf10cae8bbc8c51bd4543184473744a886ab25a4	213ef0f8fe0e1dad016717e03820609fc7a05a152d8336f28337a7a234fde263
965	c79a80aeee4df41d277f920d5a15489a15f5fc83d3d1528b86265f341901b908	323e9e25fb823f0652e06651bd7256e21da6eff5aa730c9dbbdd4a8fe7ed84bf	3ef0dda53be9fc18c2e4c044aa97df82e012278b5e8ded6a8cd47323a50d3489	12b382e3e4115f071ab9c53c74fec6f36f103e1b1e285f4dcb3d7093f68fc85c	e86f8b52f497e107f642ffc058dd976ba8def8dc1f7fda3287a1ebfb2bd655ba	f1771a8bd1d2bc0885cd71522af6c04dd8715e7e84fbb2e550620cc69880ffa8
966	54f6dbb9ea080619d10abdf40f41a00d3f63003c1d089b4f0bc75cc61a7988a2	b7f637b1742388f0c27ebd6300eaa5669fb2e2ea2fc26099699c9dbcba1f52eb	449a20ae1fefb678ddc64cefb54fd13ca3739c3bcddf821e1e06b3851cb71597	a8a7a4a72112e9b184778c722e1f485e48b16ac77842cf8411e05fb5fdb2a531	4b95e3597ce664d686809c6bfa88d7c26adbdfea613f5df7de4ee7c2be06aea0	fa71ecf0cf1dab47c808495721fb6e98397089ff9f4c33161c0612288ac696ad
967	3ea871ee58483d847ccfada47d7f0909cebb1eca9497548d605589a4f6ed218d	a9003026664656204fc74e88350f2a8ba242fde999d30cdcbc2e961ee5432725	1c216e529d0ac020be6bfbea17e55a5171b04fde30caf49c3414b380446552ec	fe84c58ad686e02d2e6d64075d666cac65edb052aa10ff553ae4b563596589fb	edcb239e1ae172df21d9d82ccc3cdfbd78fc7213503776bf64ebd21d105def4e	4a8db36e15c05aebe5336948b7636a286b51466fb94d9dac0882ad3d5106f742
968	b816bafda07434fbd827106c17eeec0d900dadae1a4ee2ed319c0e9bf5a2da5c	33f29703a5c8ad4da78b451c179900f764060dc16f4fc3bcb1eb4fcc89c7e445	6991960c4d1c96ca63107de22ae254398e384cef6cb6a75d7f0a1b62df0c7f37	41eed22835e6b3d3b6cdb1a8f21c05b1b7d847eb36aae0b331ae08c699ae134d	5faf1cbd3be2df725981ba5b359f658dd90cb92c5f4fa462c9ec1bb5dd94aabe	41bfcf12c16c4e58c24b5c10ad766dc59b3023d6e67964d1d29d957c4ab8662b
969	9c4c10027ef10bdc7e3bacc30752dd90c92dcab8d3701d33421a79e8b424d7ad	4eb302a851c97767918287315307786809fe6827fca8460e834e41198b9206ad	566c5978bf53cf2c0d60f98cf5b7d6d2d78b9ad144b46489526a2ff377d9fbb1	bdf82a0bc81488e0a6fd955926430ad6ad719a103285e56bb4136580bc9372a0	b39e6807223d30ecdd384c9dd20c3f5cb8a401bd051ecc61f50ff6414b234d09	113f0ca4b2ee88dc8e1584283fb5b2bd23bee72b6a9162f2536c593c77df16e7
970	07d987bc9cc86d7c55cfc97e836e16b3839e273db80f76aca10ddee8344cc8df	52b550063ce88474f83b47a4f864c2c87074ea83c0aa32b42190a2223da4af66	fe8b197ffee8036d81a468bd84d1b884c1c3bb9f4923fe626e9dd61b54681bcc	1ae7755fdfccdb0aa28c5cb83ddb25fb72f6cddb1ca25c71df20e4648a29e741	1c53195cef48647cd43b05fc2abd6f57b61288c503823fa5b6930854268d041f	1f3f6b80439befbf1d44464c5cd5e98115f061778e7ea6d4676d2505246fcde9
971	cb54dd50ed12bdf03788121ff68377d3be521348ebb4d950dd61ff61bcf05a39	4f192a8822285d22d339b0a9cddd2cf78abf56c703040993fb472234c1811b7c	5a4c69e64150426552b09ad90723bffb3aa938bc14fc5e367f23d018cb8d75ab	f536d28b3f828a32f210c9e13b11a65938e32a4394547b18aeab544cc16b9db4	fbfae9bfa694f52e5742b3f4644749a25cfb0e893cc59a980b377d705e0136a6	9deb2d2077469971be28c8e286d6a26421bd01abccced2c80a243deac539a5a5
972	8330d33caa23f6f9ac1bdb06b40351183d71f6d45668bf1b20d51220579148ea	bc975f665dadeb2f91897a088e591198987d98c383963deff4850fffdbf156b6	1d8e99f731a6d57e945533fb31616db7618a31049bab2de2084ea396e2684d0a	a2bca1fc4b65fe5f0f390dbeb33ae446070238d9d0aa89722c8fd6f63b72722e	6183e773339fc303705090c8ad4c3452ac770534f3f7046e9f2d5a81a1641ec4	ff6a87f03dd0d61e7cd20f4c4502ac8c3f1f27e46679268660fd6a79a4cb3161
973	694c92f8f028bb83a6f71854f25b53da68723891a2166b228efa347a5cafd155	a389b87817f11fda5f4c32980703907b708f48d9b750d643eb2c8c17006cdaed	dda0271f5b8ee06da71a1b87ce86709a156fe86d5a6c9bd23bb7cb5b64acd707	3df076248f0aaa9f309a56f65d99e55ec16089c6a64cca866894386af5211cb0	22b2f4c2e88bbf1ad40dd741b3f8c43620600da0c4b3df83ce83c6a4c9cb01e4	266c28d7dc44726ea7c0e2cb6ed35c854ffdb994c280e2e8ee5cec462c55aecb
974	713ab11cfd2a6aef02ea36dc24671c953d8242a1989bc5e9ca75c1e555da5d09	b774afb9f66fe35011a448d389999187b305f08525cdb71992f26fc393e2501a	dd53bf1b857d43677ed4be09ed6f340a2fdd7ba504587d96d724f32699ed5b44	e171c0bfad61fb90a410289a58659a42b8a4776e0ed010e032acb6d0388860bb	4194c5dcf80d227b74ac658c4adff8bea1001b68d8e7e10bd59d33918c799042	e762bda97f98e40087c27df43c912699e897f6d8520e09b78f7a6ea9bd6eacbf
975	193301cef0849011608eb2c016fbb62106e400e1808dca607e9e1955989ab2aa	200ca3eac8785dc7f934fd0b91b47594fc81d0e4365ea9a04782e9d0f0c5f313	541cbd488abc1d3a7ac5a7a50fe723320597a6c325475448c326837d0a1c0d8d	039a1f7a157c788dde775c437df7417120144398913c6bb2478fd8758f407051	154e247356d39c3106648520baa4bda8b1b1edb057d4378629347cc43ec7cb59	630a0539610bebb2bb265cebb1e2547d50c44dfb1c2f2b8369e0d140b0cee650
976	fdec18e689ce61654167ab0e32fd213b9be3d768b62b219c90694670ec8d6cbb	0d452b26db6fdf9793429068ce08cb9da55f1af9b73622fbeb3daf73f81e3eeb	4884c66cb041cec4fe94617c6ff591dffb3e82a7cb30495c3dfa4e61ae4ca1f0	6d261c70247fd53b30943ae5a932e042c6ded90db2242f1916fae0793e9f83a6	11caa447bab9d5b61336784c6f83ad2f3a42067d4daf24c0907837ab8bd6f01a	5e7167d6de2740b6e17fb583686a5288c24fd277aa9081c42bd130a551c33a8e
977	edca3045b7dd79e0acaf18c8d7786ec62f9ef2da134c827a7009680c19115f07	8eea01e1a9e92c134f275865d0184844b363e911093e577e52d9d5b0eb15171b	339ca67959ae898a3c3376676f8f1da5dd5bf30ecd3fbc4a5c75ed2b737499eb	89c111024bda024006b633319604b123d8b2d77d04255f6412737f589af50963	07b040623be2e2053fabdac391e1910c1b6910d2f67bafe9e012e549d01ee4ed	6555fbb525a0c41e0421830bfe3fb1845a9f3921cf46dd29fe66e80f757e3567
978	cef96c24dcf8462da13d785651f26f10a84cc5f5de9a0a2c3085c4e31057ba5d	bba59fdf963ca685ee4e73a60aa67e1e2d415ec0c9ebff41ddf5ec5111adc1f7	0271089d7664478a2a7123a4f9c183ce0c1b0ab90aaec7d7f4d0a820801aff75	8a586365467e6f7429a3391fd84229bcb5c3de4a78d6ccf5a0013ec6428967d7	027451a69f5a3f268d16c5f34211471d398aba2e7da2fcf2a9f1783bb61bc289	b034c573e24aacf5651d4a84866b3401dec9cd4e7c546d6d6e62964f2443d3e7
979	d57feb1490a8453921655be0bedc1b13d19d718addb2d11054d7c9abdfd5055c	29fdd8ed48ce8b96ca5120ca97da72db8ed85868748601355e467e3768da5f6c	80be7ecdaefd3d2aaef6725c7c3878e179d40b4931f5b437aab508594bf4c772	20d646e63f0f2ee92746af60d47e06e6391e2958706907318f0d9d2c3ab44657	ebf340cb001d2a109a38f1261ad2b167e8bf8c0cfe4bebb1707d29613e32aa12	a82f663f4163e3f421d38fb11fb283ef1f8869ee29afcb0bd534cba6086f6af5
980	303898bbb5556caf200a1629942268b745327b2604497ec93af028f35bab2030	7ec22be3d05fe519f58da3464a338d12e4332799cf7f00fe0082567db5ea0b45	294c9253fef5d8082ca36a8532100a982e5124d3324083dcec978771a599e813	0a52f762da0fa21e79cfdfe3581b8e0add2c7331495d7996764d4f28e74c65bf	ae7f050a0dcc97289c8fba74ff8da0e163272e2276049c35066f8dd3a2e91716	cfccaa4c514c36f07751546c4a4890b6c038c5d6368f8c7cf0cfaed927fc8af4
981	ae69b766ac59f829abef7cf18b37ae386b133ee1b58d68a4e76dd0f3d6b5137d	c7da842795b95b3b2efb49261bc01a8ada1434b153354e9076a5b9941642bd06	780d079f0aedb0777fed457829bba1578288c9eb423b7ccf8aa1f1452875c888	82a7de49eff4a27b04c02e30fd2102f51ceeae5cf0814184590da01693c93d88	85670bd6f8fc6f0f8623a3d2cb1ffdddb7bb8e5a3bb08d610061fa545106b883	def52f712929561b4b4ed8d5e292894ce5a949e509b7a884b848af9faa80029b
982	f420a835c2c62222d57173587eba6c430d2d15d4caf978ad00039c588357253d	f9b4a9a1246efa7485fe774ba87340fe61cfb32e0ced1bd3fb531c925c6426b8	dd02d42ac7996877e15eb7e3b3407d5d1a039bdba3d7f925776918e6821d30db	501e14c8a687c4168976b2594d2a9b08346ee81d97f348a068e828872b6a2849	c740dc0a90897ab72b9a7699ea86bc87a09f46b38dacd5fe986f96ed2c74d666	35c717f91722f3de9e546734e65a84644db1711a93670ac8f73578c25ae9be4e
983	5608965070db675301e7981277fb011de3324c2d55420003f29179ab48b4b4b2	42157ae2fe0b0b53a02027f2eb4e2471e7235bd290f16645f049a24b0ec6ef9b	2af634ce7fc9ee905c653dca6b5c3c00546d991ddbe05d69e2fc8a57d720e493	38466cfd302e61f45aefb2328750d14e7c1740a91c003a2a733606b43a79e3e5	87b7909b80b7050292a34a0f6d0e8bcf9ff526def13fa37bf4e18f07ebb380e1	c5bfa21cb6c0200ffca6748024ad5f7358d0b229ed8ff764ae577e55f9b86942
984	c01da091d5a2f56ce0a4ad0e582e3644ad2d723bd5a57c119d6c9ef9e3a25e58	ad9bf62fc60d99cddce629e719182d38ad0bd09d34f315c6e44d329eaf062bd9	d4204570d399ecb350d60a89b3ac65c68230f8334fdf565d2c893d4245bab9e3	351f4639d2f7b8aa49ee3b838995b7441ea259a13c4cdbdd327ff1bec6ee857c	b515b19970acb07fbd4411ae3a351b2567a420c62654446749afe85ee5f9e7a3	261bffe66ceffacc8ca7de8cb14e68228b24a2177fcce3de25ccdd2d460ef81a
985	d9573758673571f750f4299e6c91a932b83c7c16cc19675e30aa469a64315d53	1d7cf443c98783f3a8bfcac9edd9e93520afd122c82ae3b53d73eef4bc37d5aa	57b7aa4aa7bc3efd2518caa32be7b65f1f89d8ab2ad874466192fa0e3ad7e190	67e3ea54ee88ca97bc1c475ea5e289654cd0a414d0196a291333ec8883d7768b	4895f5c03269b79cd7029e814e1b6f8121fde0baca78b9c667293fe87e689bda	af833b3859007e3dde547deac477cdb28d9d1b88a4976ad130473c21f3bacae7
986	c5ab8b3f1d46b56e3780e6c8e9073e436965374ca3f377f97b8312a19ff3c404	5493f0850ce941ddc16f66534a419c0d3ab359e43b5e7af5c7a15931864e18c2	d6d0438081ea5cca2867308c2c5bd6989fa06965accf633d1f4b4cefa54dd96d	164eadc24b494bd04d7efb463db0bdbb202cf579bf746b3db995fd085a2ca1cb	379ff3de55002a99b5ccb7bb54f7f7907ecff27b0c8428aab5e0363bd6a4c911	bf6433b2687b46b0c01b603dc2c5d93cfff00bafbeca4a7c8a86ea4417646c79
987	8871a516497337f989aa9c17475b1715f469111ec5f854bcc91c866895aeb146	ce8b508125cfa85741056c824c566d3238bed6d9260871783e021099ea137af0	57b4bc4406703430bc092b0a876e16522aab280cdd5ca06a98aaac2e6c59afb0	49e0ca42d02e5ea2ee02cc1a52593f304d729d1fa861ec797e81e0acf3c9fd28	ba492bbebe58d7e47488551cfa800fd6b3be11cf511fcd6b83edcc48bcc1bbf6	fc11ca283a51b00686123368328874f5930951a713c9b156ba363a82a5785336
988	ef9bfb4e1c5200e0d0ac438daca55579b6797d6e316f46b65921527c62bcf122	880f936797f64a80f68115275081b1c14fa00c36fd836b12b05eef09097c6ef0	345909367a56dfdbb8755fda0b2d449c4485f3505393d82c2f72ae11fa7dcb45	de311b4944810d0778fb26230e0bd18f306ae584db437fbbcf2d5ef61e0d4a5e	043d735723ed66609f24f2b2afe2a0ba2e78caa44abe92c3ccaa3087085a8abd	4855e5882a8f128333d7cddc3541b4b7d25d6a6937328b55aa9a5d322757f719
989	f6f7b1c67046aff5df4d0c4417f09e31c3e3126c932cf289fc7586c8a87422eb	279c776c054631f7a45c45e9422b0aca946b8344e8764154c1ab63bd340022cf	a164ddd04a9479347f591b7bceea5170aeba7ed18fa0ceb6c1d92b0977b9cd11	8b64280dee482a4c942a41ee78ab5610833ec47ef90c97ffab61db4401689ab0	616a1988a26e79044cb5dbef2c7403ffe3c5a6f55ac3c6885f7f4ca7ffd9b65d	128bdd3a1c7f60b6c4d0e5ea6c2774962b5790fce81e09d9b90c47f598b8c35b
990	637ceec50779ab18ce7fdf64a443a3d7599145a55dd65ede1331df5a6ddc5cd2	b893f63e3cc26b203598a05d61ab665027cf206fa1865d1b11a1f4b3ecc335e1	85c4300964809e2caedd831434cc5d78dd5da04abf94392a56df30ab854cf406	35b6823b571362e1be3856832c567efe5320549398ab97acadd0a217dce19d2f	f0f2cb72fcfafc66676e7bad7eff279e57a42d17bd4542070269a43139a21c74	1c122ba9484abf535dd3d43612322c3fabf7b7d271352613c0db724a51e0718f
991	ac648eae5f66399ae7f9fd60699bdd55ba09872a663ab70cd0240b492a387ec8	661617b94918666e5df848e3e5ff1cb13717cebfd44d5675cdb1308e9a0f25e0	b9322a6d7c654d5ea272a83c8888941a5e32ec437933f10bcf7ab6db60c5f25c	e9dd856bc451ae5454d48286d288252a16fb05307138a5b578f35b4cf43989ec	e370c01f0c6a4309546d6526730cd31f6134ecf18f40e79c7c8a18de97684cc5	1d944adcae88f28fdb93527737333b1fd25629e12991eef9fe3ce6c6f6afa8ed
992	6f227e94cd495b8bf2fbbf23d91771c540c87357b37a8ac6421d99f47ed8472a	f834371defa50fad6fc4aaa7dbca703d34bb6e795da57cd4c88d3f6992c5413b	d84da9278a76477dfad438675d8fea4472df4b50bf07ddc998c898b8af8414f1	cc8a03a0834cdcf6b6303fd4fd0aa88d488aacca2ed06c32f23f1dd8e4d10d56	3c57ec7d492ec732be8c8dac2eb65d2ac4172841d910f4e39a4149d7cc15149c	a676bd6ff94b38cfc27447dc295941e3ceb12450fb066f3ffc400628fdb431af
993	c222df460815f4bd049133df540dab93018ce72d4a9fc76a78619974b132017a	6d6c13424df2594a1ec1db0284601f32ddb171d3a6773e078e4ace9e5a29efa9	ca79c8b51fbc547feb3d45490b9a9f8914f94511a984b880c66c80718b503e68	1b017c4c3f7d30e0c359af145e2cc09a80e2e51c39e903c3613f49ec05e00269	6d2575a33ee149ae073e3e23883bc9a5d79d95b689e7b269b97b690fe1496018	9173ef5cca686cb7cec643c9befeae0aaa62f8eb9a60fd5a1ac0f404c350bba8
994	ce5bbf1452b34819d37e3334db51f8c21d1b7d3f3703598bf7aafa44273d3864	57ee9177d7bd5359bf6c97cbc3d78283c137a57324bd4b154e5654174a71f341	521101a995cb66193c4d7f0e2bbb6c4a50a088d4ddbee013b137ea7c38ceb578	9a2bba4e580a9cc846ff0a16ea6389415585f934db5344d99b1b50b4be0c6a6b	1f532158d5a5ba460fb51a07af37413b57659aa80e718b17fb1f5700ac38f305	78921e98c1157d4333a37414fef9ff9cf4c3e8356df1b5429cab5a1b8b991340
