label	root_state_w	joint_pos	joint_vel	body_state_w	joint_pos_target	policy_obs_history
reset	4238b34a61f686a12d4290ace073f5af00350330af5d4dae8b474c37bf6e2522	954bd4a7e06d87209a10597358bb730820adc8c7281bacfa5fd1eff22d04deee	d8089e9b41142a017c43224f7337d1a9c48c1bb49acd41bc7d33b5e1ca6e9492	7104786e6636d0e6fa6d706b29a370a5df0716ff5b3aa3ff2e0ce53ce89ed9ca	0493de84254f264698f048318d1a9e02c26180c05e6e72bc7f9749238a852837	96492ee9a5f656133ec86a74b76796b64b86f4eef1041ea01f776747eb5d9923
w0	c55c981b3f3382b6a1b0fb9a5c708ae1d83e62a95b06ff3d2d240fb65013b538	a97044d7a465761b870cdde6d222e4916bd80228b3528d2153c318d50d0898e5	dbf0b305eb47c9a572450ad985643f79e760d48fa180d24daf7ea0d2c83e22cf	59b00d6e6b399ccc7cd3b643cbf79f065cdab6e15ed6857cbcfb465ddeeaf97a	c3517bbadfd8057fdaba60b55487cf3ed03833207b23fbf11825431ed494e92c	2a1d7b0ffe5a18c9bf02882e9bcd1cbfd1304dd045cf2a53910ae8cfafcbf6a8
w1	9f685ebcda415c5ca4d341920b94a34c83366257774fa9d91ab23415a3f52b3b	797b2f8580ac6ac00aab69225e539d16b82aefe897162b0760b2d60999c11bc9	1c497c3dc746ea64cc3f6030e91a812ab865dc13d676a8d2e404a9613da0fdc6	45f26cca2c103e0c0d023b36bf53837c9debde9b390deec73303871f69c25b99	9c0881520dc4114bafd2089f2fc64b4ac43cd0481b3653c5a99097a64c28dd36	038aced2e13453577f6877bf4a0253dfc9cb4377776fe7842ef9ecd4fb000b23
w2	c6dd094dd85ce5b9aa5a95bcc1b4488e2332e30aa7c7c6011869d3ee96ce5dab	cf5b7fffc503292d98f8d327479561112c205ab2f86217ef8252ad3eeade081c	10bdb5150ba9e70c22202ad1143086475e77945bdbdfafaf11ffc13a3b443664	6af4d05e02b09f81d34bc5639e433380ec8db4413eeaa5c00d6448156316699d	519f19d0bc87a5fdb27be5c8a58b7c771700ef189bb860056f0a9d0c5482d1fc	5c08509d635203f775fd3bd7cf4a7015fb81a314e7ad90ab6970d4f61b46403d
w3	96c1781276c3afed964577e5cef4c4ebc3fd9d579e8f488f651a8c958caa0952	09a6b9d1b6c8b205a11f30fb2330aad290328a5d623d5feca4e13edf16b19948	117c360e2b0ca324711832a080d0f0d8a5ac78e2b12f285f528dda5495d75949	02a84bbc9d6007f2a13cdfbf338ea7e5b3ce6aec92e834a673e4a100f477ec38	2bd34ea1ae6fbe658f03ef43a2dd6d3415c3925d3efa71900c018417a3ee73a5	3e31080c5c03b9314f45f3bdf203ab440557580793c1f634c6ba272e1e162a2c
w4	ef75c7b207e07298b360e942d060787ef479e589c3b662dd3898ac16f616dd66	e4a68ae93bdb43ec6fcb4eb0362709acbd3fea2794b2944848573d6fee45d8ff	783e267da50fce5556e52d802db53515570cd7e58357bf797ed092d760a7c7bb	8e5a3daf8ecdba041cd379ed9fb3f9f7d115d3c3c00ed60ef7fb0cf5ec9de8cd	44487650dd13a9d357613b89f8c452fcd60421b542a605a67f998355e646097f	9b662913c72102efbaaf60045d3c2bd4b89b3c851d0483f2db8d8506083cbee4
w5	1711d9d846bd386b9c0fe5be7a3f4c8d00f9a407a575192ba9639236542529eb	00d0fc8d0c292434a1c79138134dc0683b81ba72e6ccb9524045d1b7bf72c3f9	1a3f7237fe5091c6bd9c9c344be46754640cde88a774eeb84dc833bfc1e5171d	9ece428796310dfb628315789c91a8cd8b993f52f0e615334b605acb3191c7bf	a7874d508b359934a1f8d8868c70cba438fe7f1255b9a03302bcd1b09743f9d3	1166a888e81d30446d9a2986348fac7df132ab7d68e2e982c98732d5bacba5f9
w6	702f6cd048e7728580f9478c9fd3ff1635c4451340a5e0fefac25afcc84d6836	bf36ea5cb054ca361d9914f4cd4609fe26ffd6a6a9bbac2de5ead21675b7c598	10affb88ffdc76f149ab5d7a8bce0d2ad500ecbf4ca7c1a3318b14295fe2054f	9600dd920acf75f91f64b8b7f3f856d917a0f5b677908aaa18e54fbd02b4d24a	e47b2f37bd1b8ad275d1ddac7a68a27d91e863531915f861fa2267d68aa17cfd	70e7a6d7a360c54c43d501b5813976a9399ce6e0e2a582d8202c7f758b6d558b
w7	cbe1f2c29b2465659a7ada4ab7b3d9ddadfed61f12a955488bd25d9b6473705a	716ee409d614d1c96295cf0555ad0264d046a3b1c7eb919b0cbb4fc25dac7f38	ea275509df43b6a9ed2ff2f1483267ee3a7cc07a124600a221447f57a38b74af	34c49134cee619977ffc5b39dd67cd60e74454f260efe46ffbc9e816a76c5e3a	59cdf18ce8c05bbecd76b4f8a49a33c217e4eca37138b9f82f4a7c01543735c7	7ea86218bbff394070ad24e864b719b54201c13ba76ef3390e38afa51ac33968
w8	46a57b996c083d9e25e92675ab92e048aac7af74a156b06eb1c090dfffc3de0b	e8465c529b7c90f8da8ec5ce22b5719c59548f2cd308eac1d5b7064bb4c25004	613e86557c083762fe7be023a18a2e6ab90f1ba09049f7d766e0a76652da8d21	bc7c7a5b1d501a61e69d1c712877b7676208b3768f37f7fa2718f09662718b8a	c5ddddaac652506d57491a841578be74915c14571bb3217366a0fd559050553e	93e70b6d73f0acdcd6dfc62475b0872752c0113db6f644ca0427e0e768efc245
w9	91770e103e9f0cc2426d6b548f468b1b24be8d20c5c94d0a3cd00587ef79c938	62d45e11cb05937218936f2c113982c977cf99a21ab847b62f206f5000dbf81c	2237f0c54da7683e49929af5794afaed0ad9b23c3a3a41b4bb05e43091c378ca	5d148872781dee452823646e7c08c625d73e9d50c2005c6baff362d7c57a9f17	c37274393082f0d7e632c6570e5e37b6886097777bf507d02243b4306b5fe271	a46108a1a77eb607a6afd2880bbe1edb9dae265db6ef054a90dddbb93babd9d6
w10	3d76c11e30205b710d2c0aa4b8b7612bd22038ae8bbb863f893a2d269b952b30	c7d920b7f44215b9beb7c946faccbfd62197dd9495d135fccdf3b391e7a72482	37f9a24f1e7d13668508c6cf9b41748a0e217d7fe9743a0039d83302ae2462d1	ca4312a26c1af67ec6b0908b56bbc6db716b3d81b3724f8db075f0b1e29ac4cb	0b4e6b95d5e1f100e3ebb70e70251d12c57717d06d8f91d9170d61671a84dcf0	44280b71449c4e78b0cb02464fd841f203c9f024b9075f20a967831d02b65d25
w11	b8c0b588ead1bd6b596a82d9aa505e3f4bc5221c4ddbefa082a69c991297b33a	12a40d392e3349c87fdee0cd5ef3b33b51be881200c784cdd34e12f45a2b0e07	b70b6c6b52acc2b9aa81f4be3d6cfa92f4deb5df4d7212783f0c815ca9ffbb42	f8802c0ad7a58e380c17bf3860752a195778ca6878d1fc4a23317fb0c0cd3d56	683d2e1b3b2bd73f7d00240d4abda1720ac5dc99005ec1843637a958ad4f5afa	b846ea0e6dc666ec493b29770f0b75104307645ac8730ff3280e76216f63507b
w12	5c8a820d74b276301809ddb1c5a82d3f16899ace5e55f07c86965396ac250c03	dd06fa14478abeae129c7aedf4223d14ef4573ee584dec1dd2d65f3cf9bb9318	a0fea874972ee282f918732b008ae2130859017108bd4c2aa1f6e41ac9293b33	0eb9c7e3691f4525af98a0e02824293d19ea00b501f5133bb9af872789e5d3cc	26aed950875bb84e9163e98a09e798f60b1bc4b4db60321d2a7f738690f89e18	8da70b53b46224aee7640ef9f23a5085ea4b584c5d3281e50c2a9a2cc20661ff
w13	77339022b2ee75e71c4dbce698e3a4c7f9933d18851e9c9ad0568661f8d126ad	ee0162a8998e5aeb4ce036c409f18c8f8878ae4a69d907350ee6aea0e69a35ac	478f4b3a40e4ff44baa2114aabfa596935aad2dc11662f31131d928cdd46c95f	c3925893854425ea4fa7f4ac8cc5463c8ea3bbd4624d98fe798d6309cd9432d2	53534e26ea501b0d7c27bce26ab1fd616a8c4277b759bc44642a9ef48006753c	8e245127001f77bf7adc98fe15fbb546c84e7c10ed3e90612493496fce4666e6
w14	3dcd053eae340edb9f4f0dac95ff5ea900317a73944abcb1276ef5b5b1640373	e60fb86639aed2201c7d6ecd9e2e88dda59a77fee3a53e4c4e44b6556bf227c6	b7194205ec836664a7a3af7534440d8e76796026936b503f4d4e623b9ceda128	a925492466678fc005190d429c672a0bf4430a03b64c394b5326ce8abd6ebe12	80185e9b67cd8fa7106d96f8d148628591f99526a95b9da37776c2b6b33bcff5	871129e058a8f9da49705cf16cba2b06fdeeb70510c6cc76c8b19ed2ec609521
w15	1fec9fc0adb56a20eab7ae0096bdd2c78d1a128530fdbe20f6e015dba5902064	d4ef8808d0df731e6993982f8e4c3605ca31449a8d841d8b8defab206004fa54	3adce2c58051a1c5285ab205051d83477d2dcd9d43507fa6b365914073d9cda2	2f6070d9b25750aaf3f6b6a2365e9e836e6bd0eb17f327df2ff756d5508c43a8	8f0d039926ef121057b87a78e7c217d73c4ad2e93c842a78f9f002eddd088b6f	587592ee5d9135f07ea05b8a10860a0e9aa5e2555bf46f79b658b5b37dbc531f
w16	53fe75b1cc9b20dc51d0021201321c8fbff40ba70c6ae550ae58585968a50b29	8ca3a776851c76fc9362b33f2ed85d980b5bd74ca1ec8330f56aaf7ef5309a65	359fa63eb53747f1e1877129df088e8a80249c0666c0b88f6ee30bd04d557ac9	0cfda314df42eec052fad496f21c738d6e7aea907ae81eb5edb4ca229c33936e	3357f72671d3d76595b83feee71aeeb5bae1f45b380d42a9593c0548814883da	218ad04f6b849425a735b227754044f27421096cac4d6cfb3e2628e9902d366b
w17	1bf443269c83a36645aa1d63564c1812cdcd403127c6771b7c0c35ffcbc0060c	441f636f20c55e2a1eeec2a6a749f1624fff35f88342b74eb32a202253bd1b19	182790a3bc4ffaa22729fe7f45d90a2296749fc1099ccd5ea2788c4cfc89e28a	a9474b2df38e3ea627ff05010bb98a18f9429d34c86cc10dd1810cc0e9068a38	c5bdf45689999de18e1cce1d36de38fb2642c99973f900e7d6c8cfbd52d91c90	44f66e9062b7b7876ced759e72d059d21e5869ab57254e589994f36ac2cc991d
w18	5247f9987651a1df33754bd5309971f363221f95057c7a57bc49cf709b4a7ac4	fe054dc1ed5761c25007160b9629da406352a62cf6e02a8bd692c2f770a85f13	d7e0d2bca1af76e9d08380a4bac86cc5e52d0f8e0b9778e04baff9060dbc525f	729dc36a6799088ddddb95705bb639856ef578052bd641de30dd2e1a6314560d	23efa07f5982af3d5110c406af44ab5d1d07f41bacfadf8cb5618aa17cc6f95f	ab97cb2cc1da6bfcf3aedbaaa7eacd32bfbcd7ea175b6d15cce6e65ef05445b5
w19	3f520b8b0419e9df22ad048403ede414b87123de8b66d8f01c9fb13bd348b569	c7144cd9bc54fc95b2b6bd0be297d4c6bc010728ad80a8b3d177839d2402540c	fe4067499a0e321c926fcd0dd567ea88738d1fa41bf7c3cda3c9c3847cff629d	46b3dd95bb3abffd4a1e44e0bd78bdff32fd34b85ca978657839279dd48e8837	032e74c435cc6ccc32fb4e891e018e8b54238c4102c77779b659edc09f7d50cb	5dd112f4914eac7e367cb23841cf285dc9d4bda87233fdfdecc2d91d67062e4b
w20	e47c4c2294f7b7e7ebc9aabbead7e34946e7ba6668c53cc1450d132e75f6bb27	51d67a964bf5f08f0af55cb9df27bc10a60cdd1ee8c0b297d7ea138961941ac8	0cdd5c206beeae152cc8da2b0fa33290ec5eda03afaec8f7f4a05c95a4efe1cc	80d4ddd2a933a33597f78f6df049fede85c016160e0ecdda84d6c7f47a39adbe	a8ba7e54d1ff33d11d8dd93487cdba3d3d53512dd9ea9d473ce56229812eccc1	4d7d0786dd4c8ee6cefc09e2402bb48cdf446eaab75fd6b358a7bec7fd3ba053
w21	7dc5a3a04945fdbbb2e36ed33b4e7688b90e9086a40f6d95b66174394bc43675	cca2b35fcb207b52e8e272a1060fdb659eace399bd497e8a062612090cd54a46	48783bab55a98528628a4f9d1524d581298e89dbcaa4e4fb4e25592d7b6c761f	45a8541984d8b90a90e04312a8fc9830bd86cddfca988e21823daf1ac9ab2bb6	a890cc53b4f95fe92e1bef0129edefde0f6b9aa44c42dbaeca8ae919551f72f7	b641734363f5a375e1ed0fbb9008c97d4ac9402bb00e8c9e6948cb63e9d53423
w22	34b4cb32ebd1fe71cea5ef6cb132daeb1eff77bdb7141d46997cbd63681591fa	4828ac29f1bf63078775ff14f5f1c38d365bfa2458c75460601ce6ac013ed9b6	96b4b741d75ddd9cd51d7b9e23f3b1d323e29ead5920f37162b91659aabcaed4	1c0711bf8d7ae063471f8ce67aaf491dec2120ec6dc9fa442d39f021803a52b9	73166aa360535ef7d63f8fae44eb9e0f148074cf6f71b8f9c40cb419060dea6b	a15ad134d0bb6a25c4ee7086d4c2cb0e4594c94169f58c9275bc829434cb2190
w23	79623f739ff8998c4f9605cbfde5b25f4b368dd88a83cee7fb8684810b306b3d	7ea222b14f6eb9fb09947e47336ddab5a21378872802083e3ab704e48db6dc47	464a862d1ac7c30742c26ec68394dacc3f1aa0fb37fde5b840428d0f1f02fdff	d9e4ee5c76ebecc4f0d0559dc01220bb448d04518db641761ae61d706e912c5a	abf8c5a0919577afd5dfdd42058512d3d8cb931b864ded31b440b035dae34a13	89ff803f4a881a404d046b3709dd50ff63a1fdbdea20f96481ccabc126031ee4
w24	c68ba83d113a2a7a7454c4ab06a27022d31d528b9cebf9d2a25e521803ae9757	857c418a120ce33758973ec95887e882b070f4971339973d471c69e17f83be66	df248b96bfa9e05c55e7ce61e5af15ce17b9c60303e6af71db3bf0c69e5a5c8b	87f2954f19c37fb221b219f18b419247b6aa4debbbc84865d84da997bfb51a04	ee2584421a91a2c6cc8b7f43a313a024ddb33e9a3b13424188e92030d8b70392	2003844223e905f412bdabc480424e3e4b51b33df5c2ee8a3b66b4bd6e8f2586
w25	b33a8df823d2a7c9e9d4ac597a221458e35577e548a0a6e4743d14a62f6a7f4e	0c7c3caa1e2f69045f5b8a5115169b8b51f4191e0a18adaa39e060eab4c18467	55a45386867e9a980e03867976a7ca7ef03a4e00420c4af7931967a8e9e0b932	2860414fb9f3e36321135a0666eb03352d34a504eb7d5a5b47a56aea9128f20d	8122e69a57480337f4df070eeca8142fa2a7c49c2af46113e32ac41a7271656b	5d12f5375b7eb4dd7acc05d7239e73850770c408ef021b8d7a3df532315026bc
w26	902542fb34204a4186bd8e33bcf11bb5e5b571dde5affe325386772caf1987a1	f08944b12be7abd10f37578586e1b38f3074ced191adb651c1bbd3ac1280c17d	13695dccb2d9a4c15c21aab48a9e39da67728890bdf312679a2f7cabd7815fd6	2ebca6b1e15cac49de1673f09022a683efc732c98b1ac4731593cfb54b1e5e08	70b617e03ef19968028dcbb36ad34ea0dec9e2afef89dc2d1ba2f9f613d2b966	51fd70b5f64de803268b224e8d459a7457c31852e9f83be97b70a7478b81a9e9
w27	77379ca90384a90aa99fdb5d9fdabb9de327aa129db44bb54dc19a4738d0bd98	a1663bc83ab0ce45c166c1e7e4ed2e30b58a2808a20fa5a4a419b65164ea620b	10f7c0df00f8ee6eb5e442b51da31f933285590a0dba36df314e06bf85549999	8071075b5ba1e2ea873f3f88be2c3ab3496ded3d0c138b3a7608aa26fd193f5b	c5beee55729f41459922bd7386707485c75dfe076635e5219145e845eb5dbd9d	cc914c1e5a03bc87279a1baf1545cd278c7e5b92598cef832d827cec7f76af2b
w28	2359f389db47f35681c74ec28bd0c901a7c8a36a2184744b60a871f6986f91dd	c62f72657ccd8944eb45c2e284dbcb43671bb05261b9308351289c674619ca0b	6ed3fcf60f3ea4428b352a03011f292e624150da9b19babea5c425101b3b84f6	f7accbb0b9181050a95257a806574e631160706b685f11702d322c5bcf70a2b0	2098e0773b24d4c4313934e7907359fb57cda787bcdcc737d2f9c39e1830e3d1	2b0c194194d57c55ffcc631b3e2e926075ed9c25c268a16291126924dc2e3da1
w29	83cd7cb01d9b219ac50641972d02b3f3341833afa6acc55b6653b05e089953dd	6abb04de7405f9e6ece70966f95ec30d6ef22b616d258af762be505d1f198e2f	eb8257c811f553193801fd2f85d65d85c49ba8622c2d5be6625868261851fc50	77c5a3641a1e36b162c2928d37a7a1d021c2e3a5611b848b297f5cba2e3cafc7	48d41d9fd694c5565962649ba8670e9022962b47d421b9aff26a9233d4f955d5	5d5381780ea61bad5e9ff8a48da9b87b2d044039bccc3867c3d41440266bfd05
w30	8a3e7fe66969cf4a30830ff81b1aaad6e52a9b06ec437559ead9b118a94d8397	d0ed6394d3c4fc21b2b835c0beb54e848cd3fd7e90a4cd2f85dc16cea94a3e4b	7fa51e5006f480bf659b21164a0ce1bd48b26ea1dda17b69cdc00a86103c668d	6e0009029696b7ada05ad78235c9c45b457dea1510f881c1396ef65ba9aec53e	442b0a5fa1a32c2b309a317c2fdc19bdbc84ac107d4be2e124b88ebf525d60f3	c1a466626796fc4d27ed2bf5c815d810f2393186d83c24b0742193e1cc4d207b
w31	99d5586baa9f711ac44d2aec7dbde9890a485d5fade5116297196859c203104b	ed1169a3d783b5fa37e694b0927ff576950ec05b5828d2252213ff91b3e1094d	2d50f0b373c8d3d50e785d05c83426da4853bd5d9f66c047cba7557b667bb71b	d8a9af72faae94d9b067d52fcfb8f483635d79299a787e8ae96678a97d63ecec	e77c6173f25d3fb440d05439dad9ad66822b83d1534e48e6b7d2a0a02465626f	ae5e77f133395cf46349322c725aca64685db5b748ae7c5a779f3ece854f14a2
w32	a95e07f9e9d5dda05a11062a90654e0903fc3e414ab0e2f2b9f730ffc42db9c6	49e1e6d7b14652b213ef45aeab5f343c3fcaa9bd883b85265cbfaba66afbe1c6	047190c71bdebf22754f531b06ada1b0bcca3bed68d05cdfe5e9471b2cfa05fa	fc3948e737c811745af5ce9c05fad5342ff1366f4ba24c8fce46f764769324fb	450129479532099da4561f2510019697ae5ebba212a99ff6ac18adbf3c7d9892	30bfb72ead96a9df0477b6b2275665317c7b3831e1502d5fd5937ed2b7af0916
w33	76e9b21ae49baa202dc0e215cc6ab19d271a40fc6b17269a9f807333bc7f512e	b90f54f65cceacf9f6f0f2d593a4d192f35a9f5a9363160bc5d79b670fff0de5	8abc08776f1948cd64d25f7413ec91f9159e9721f5e8b094a58a8ec613e6e495	d93cc0d649a255e77aa0d40c957c911d4ef03f2ff5f0375d18e8471b87428e1d	bd5719a18f13a4343d95cc8064f2b7f70fe8e8a9dd1eacaad1c3afa5c5b71437	b88c646dc8a4098f5b5082e21a2ebfa4db1b10f93ecedf782ada28a631a8bf55
w34	a834e401e5a6fc22eefec0f8a56eada6f3d8c573d5805d3c274445b5adc6e998	41a22a10b9cb234c5d146a492f5f04ab27f666cdbb7ea4b89a78e2d426337f78	ab510f7cd369aed58f17f47739eabe250f63202d5b6b69cfa749dd5201550b75	b7a8a33700464216f18fea7c4b20b7a345ee8aa0f910a0e96321890a3f09e5ab	066b34cda728b9c3f802431ed05641827422aa0572d5c555b1ac0417ab0618cc	7850d29e119ca5b53b46f52d52df980f97e79dd74539e257238c675714da5c9b
w35	2bfa20a0733a24b17c08d69529ec1dd0265e56d8d94ab10ab8c6fb9a3438dcba	1c76e1077a0618c2cf64f38348f9c90cc9238cb985483a9994467d9ea5f53d37	af19f8cd2095a75978f924b8466366dc71fbaf291d680e1d8d2de2f87b30e190	3392f50b12d1273bb4d384e10b9495a1b974443fadf2acfe52f3e2b2b86a71a1	5a6474cb79b82732c66a797ef66f15abeb76be2656b7c8dfa3c08a816dab7e63	8269cbe8e46f0826ecec5346234b2822fbf43e249b816bda015abf2f179a9e03
w36	e01d1143a8eb1956844c8fdae34c5d6dbb4385e57a6eb9dd95e581787ce5766c	70b156ab331221010c778db92cf4bca8d2e2109ceab2c5a1bf5000a482653681	00e32f3edad08156742c0aee4ab91ddb42be8f39fdd40a18fbbac2ab922183d2	74890c6467a43687da0f551c9a12c3daa2ccf471ad7f64a339368072446780fa	6df0cb2edd15e2f19bd3a02a6eff893084ec707cf4578fc178ca22365b1286f7	b796687b23022de1faa6b3e66f2d0073f94dc2654e5d6e2a4ebb46538e55d94d
w37	495848238c29ce2f0116a67dd28992ef74093c7e8b816e476c0bd5be6a548cdc	4e4dcd3cf93ff5493598b3b2e3e6af95e2a545862e236128143537caf84ce04d	d7ff2845331d6f6d5c17120cb571d6db4ec999b46a020c31c7056377f72c9616	5afa47498819236997ac5d3d2e8c659261589e5c526a45113b8df154420b59bf	6e4b2b0df6a9c11ad9a8a5f2dec6354045ba51c454acb86fdeaf7f3ea42c7269	55aede6795fc3fa39390ede21a1dbb90841752f8ad203b9a87fcaba13c960aaf
w38	6dd9ed423d24fe3d47c7d53b974259538ef348035d0c82171984ccd469d6baf4	f40cacad406e1039c95b1da131b4771ec6c2793e22b7c5c207838852692594b4	9ea264f901357880ed9086f78b9e50e090a36f827d0d4062a1e27bfcf98265f7	2ca361f06cb3233f561e0fb92458b802e50f9b084a7c457aac1d776fdd91ff99	b493832c03e2ec31a90950ee3687f72de2221f3b233bda9bb8d388d704bded57	8ee0ef9f7bc745869bd8ca4604cd3997ef06ea25b5c30c92ec639c1ad7f35983
w39	ea335d0db5ffa668a0ff883b84df74289ae9876691f2800947abf7f2b93cf98a	62bf794ce19cef9eadf0cd1ab31cf2040f2d68a6b68d3f8c479c7d5f57cd1096	6ac08cabbdcf576145655a7491388db08b9f01e31ab2012165b5c9d8705a1c7c	5802c974762906ade943bb3846708011d6c61995624fdfc3ee568e32d5f0c211	dd3e97f0c414c6f274705fa5579bed2b4890c50aa748bbe315d6f542a899ceeb	be751b554140d8fe0fb24dbb600d0c2272d03f8f2bf4c96d89a154c962825fd8
w40	4e1f488728ee7132b4f6f2854d86830b36376695b7d3973078daaaa40ca73adf	095b6347515027b632d6d07c17b6753bb180ef75234ef530cae154cd1bff1cb7	b0b577d069a92a00159160b5c129b990ef4c8b00680726c765d4c797777a960c	55ec25c29e3b0c69ad79823a36149381402218d606cefdfe410db12d87423313	d738a0791d7e1afe8ea69b763a7c57758860198d9523b2781066dbae46bb1827	5f6c3091a3075c56f6e8beb7808e51f7d4d0088fca807d59669d6d2070cd386b
w41	c793bb1c783d970381e3f8824a42d5f114cde706a5da74658100c78fc1c958d1	8ae493e2862c30759c9a8e35d03c8fb9539db05ce91fb94ca88cba13ed3a8986	54db2428e0893aead7fc23162dccddd2b7acd02ba8c4edc129f01633cd647be0	b8743c2a66c19492e0aae05aac4ebcb75b7bf86c40aa06ccdd5bf8b6ef4c4954	a266e691e452dbf99127f2e61fb53ad69808136d9ec2f49110586dbefcb43f55	48bb59687a31f17295ad751d27bc5fe8f76b66ce9f102398ee0ae87c2703e864
w42	af430aa6b942e5d4d876eb4f163cef06ba7b4fa0edf353ab61ea0c813d8c76cc	f2452aba33458ddb1b81647a885388f9e16eaacbff137c4fff55b1a115741e4c	4a82b15b560222c38b62675fd7e321457851e7e8f906f491457ac201492ea10b	b1a2a837071fef514293dedbc07363f30216524a356d18a8bad86fcdbd44bcd9	53d4022f7f558bc1a59a1687f8e14e0cfad666532e09eb02634c81237f5f1c8c	ca44946f5049dc764552dba1ed0fde11a1b28302721e9571093ac340d0d69e13
w43	1429b75f92482917177181e37e0a02232bf10b5f40933153df65932d8c8c7efc	c275d38f617de7aa1daf6b3337d846edacb4dc85d7345b12606456522636e031	0af03bc9837f0792881aa407f262ec09e0eb5d4e9a118847fb5ecdf8ef67957e	640a4fc77b2824733b5a30782b5071f327e997eddaa875b825dda6a2941968e2	02d82d8d76881db515aa1dea5fd790b6bf9097b611042ae7f4c50f5d40668da7	ce0570aba00197fbc51451d1db3dabd76f9ebf0a7987d1452df78dd2b12370fc
w44	9a5caffd7a3710207bba912cdf14518d7a6b7f76ee0ed7eaccc5b529d145406e	4cbc88dcbfa5f5ec3138676771d3014394b786a389596fed14cda16eeedf1ace	ee49883d1a95422bbf3e3eb5a436c07a8509119f3c1b70b465321025f0618a9c	027ebabda9e224f4cd4afabb12da21109272ceec3ff51ab2533676a5b7cc77e0	4de26a381971d3ce942aca197b521432e9e404cddfda915af7f90ed02e552928	8f07ee7b960b7fe576f0d8de369e4325edd0bfc1c011e99f6f49fbe58c6a0763
w45	7a0c4328312ee9907d89ff056df919411ed7ec38576ed5da91283715e9fd4f49	c3a3f15fb56ba3aedd65a2dfb03a548c3c591de0a7235fa2385cdc090fe415a0	7959d376efef088c0ec45d9b69836076e54deb702a2dcf66b8e29da130ae33d3	698634fca4f6b3ece8d51113c7420b8d582d99c81070c057c9ae6be547ceed4c	a6df03317b62a2e60f8016d5f1189dc040f742789d8c5a01e6ef612daeaa7e5b	20d7bd0bb67aef8d74587bf17db99223e926987951a852e134c63f006c6ba7b7
w46	928702d06362b218897070d717648ca5312a339a8c46030c9cdea6b6453aaaf3	0de17737baa26c283d81a6bb9472d426b969226cd7b61cfc8ab9bc4eff09e82a	b3d676013842bed9f6549202d5f3dc0d5de702c5c850313250a3639d463861d0	1d9dee1286eef4af8364f1a8f34ea92fd979fb4ca80c7bb3dcd1d43b7e409822	5dab2cf53704cd313336518b84ff6959940f6b25e314c86590b3559a8f64314b	c063dc1c47e37e3b5d76a6e80720cc8b299fcfdc599a0164c14e048704d2e8a7
w47	93e5969ac0c48eb7ee7aa7ddb0cfa2cc66452869bf91e911aaaa3e5b81ed5701	bba10124608bee8a8a32a827b8e5030fcfed72873049928208f4d8a2654452f0	2d8d41863953d6e0445ff3438172f4f924e11173183f01572c8447bc5938bebe	991c47451bc0a8875a20c37cff89d35269cad82a9cc6f02b16863c4553043440	754673b1e86df0d09ef8589442979a0aea4ff07c3c65e33b9656fac6b4a30959	6efb419e7388acba00019072643f7f873b5fac7b62975fecb5302af8047ac863
w48	f5b57b80fae7c9680d76c63e614f7ad14573fbea5a2dbda8c33919e552a74cd5	c76784c5b03a2a617310e948ba9d9b30dc7dd52151e97eb76b1d0497dcbdf5fd	a2781344799d1c1db14b29c2dff44071e5cb725e636cac4ebeb3ea1a080e50bd	ea310845aab83b073fb3aaccedc652e31b5b561c533010310859a4a1e8ef1b81	1239f83f983ab5eeed6ff2a7f5bb94cf58b1f0aac8950e7b10688ce91079f4ee	076d743ba57e9b96a42aaf04f345d2888e5edc3afc03b35a0769350e797f769d
w49	44e93ee575e90a62b219bfa30ecb107dd5a7044db0eb0593eed5ef312c7b5449	89eed07c8ca3a5c4c1a81b5e0867ff0ddf000c7956a5a3a7eab6845335643b3b	80d03e072348d591d8eb511022ad19e4262844fe8e8131fbbe7a0f68d2534663	342985eef8362da4f038bba4da3663cff93b0c9bfa0eb36628dd4fc7eead17a4	cc1f01c2bfc4340de4aa4c462496a112717af3ca080c8641c23c41ec448a0ca7	136fa137854234b841b6f036b7fe0d072f8d3e7bac24322cd2a90da6f0c82a44
w50	39fba1212d28733c6a6a8d110b0dde7bcf600624a4b842d01e1d4bd6516eca6a	123e1fb0a4d84c33694eec9630be946c9c95c6a8e11b8163c0c9d6651b0579bb	3efbdf81224789d1dda083a805410770dbc0475fc308691bb7a5a1bd853ecc15	6aa3bd5dc6a7df99cf7575dcc07ab4f6c50a6935f2b517460ee2c7839628c614	c7ce8f86bb029ff85f1411a77412df40c71bc1ed91312b8b28a909ea2b250add	29ed86443d272f7204b95c7d78419f0c64282bd90eef77dd4153c7d8793192bb
w51	bff41e0ca0c3a19b0e6b8a3b3b4ac032ace3f62f289dffbc1d551fb06ab0a0c1	5cab367d620798ff92fee1fbc5770e1439fdd6cdb09aeaa2f91534961ba704f5	5275018317c90ff6bd43b95b8049a2163699b9e8371b17c3b39517ae770a5ba2	46fb5d7cd77adc606f707f5ff9ba65031b8ea0788eef0234591be6132714cc99	3bce58fe321b15c28a958ccbfcc1b57a747fb77961acdf3e86c763880c478d7a	4bdae9a51e73a77f0fc0af60dad441e31006f80c430dfa06d56549341f4761c6
w52	45946ab8c041cfb45d08460e94eb49284dfe26409ea3bc38a713425938d63537	6de0a37b4c8803de32479e7090d3f687014567829d2e3c8a53e5c2f034eb5710	f404b9204d0980553bc6abb2d041cecc0c6ac44baee0b2a696fdb0ca548ce9bc	95239821b8fde865c87535b6092ed50b5e41c4a770872d335350b7aaa124c2ec	61f8670298252ef25ffb703bc8cc319d3a3b8757a79bcee29bf0db929a200545	c54ce80b68be342eaeb54e0572c227b90c525a7bdd073b0a66dc299c14ffe743
w53	1644f665e00aa91f034304358b7c2d4518c4c60d3be4b4a67f86beb5724d6cc8	6e2d52468ecded99460a9930db224f9a4ee2627b541a23f62aa9c4e25ca85385	acf64b73275cc709ca79945e9376a2ca77153d055a66ac13b4ac9c602752bf7c	cabb914cf91f9e7a82b66793641d3d224e76f8c4c90da3cb75ff387eb1dacf2e	0f4de15cc7940fe50e83c1d4f91725da22b4d79a46aff103bfca5e40f46f37c8	c5fff3c42e76070df7b93125e7ad927d3bade0d0911ec2a8917fa8657c0ae8a0
w54	95778ebda430fa016e6ed7831819283f21d15105ab77f0b59dd2ce515e54ac13	eeebb016d74161656d709dcb2843fd4939377b089bcad37d38fdd1bbce3cbaff	5d9563ca44030c71859d77b57e2711812bf18f74ab07ebb3b41e8d9e064f7c9c	a05771f08bd5751c54ef5d48161a581d2510470d879f6e99750ef682c36a97a1	b82eb5291c0a433b5e80ab85dd1d94d36af74ae3c1817f4deeffd72dad4f9f9e	c1f2abe026c815cecd9c5b2ccab7bff00ba813467ef429f85893d82194b9fa46
w55	115022a415328190faeff21d9e4d8194d7b2d99e63a4624a3b3ffc37c428985c	18960fb6e4d026f66fe951e652a3305eedc34f8ba281d0c993e2cd9a81144e6d	4e64e7064e9b9461aafbc112a8cffa4a952933ae3ca0d7c89ea580698614037d	6539c1c60f732ba3e31065c1ba59e498e2784c4aa65902b6a7cfa0ea9dd28414	20ec643c9d372819e6d6ccd6b52695a084656aec8d4a4a73aaa3d09e5a1903f3	3640006181825e050f86987272d290e150d5d7a39b592c222e7d16beebe565e7
w56	2f8e03df9b931081621674cf5713715dc34ff20bdb3f21bfa63b4d003b0835c3	b950a82bfa93248a3008be945998d5bad54bf24c097f93164b9fec325389e338	dda03c4f1cef6aa1490c3956698e37fb4f7624f330841e07aaf13eaa6ccb9b69	a72bcc64b32aae3248965be4eda07a948aaeb3c117bf2f361507be12cc8dda6f	236e2d4bf4878782f31531161374b2293dd08be7f96ce6c56485fca6fd504311	ee3046c92a3d5c81e4f257b7055a183ff07c1f805dcac6f775dc7081d4c8b311
w57	d671d1ceca98c1fc6444dfa2aebc2fecfb3b54a9de15dbec8b7d5791489109c3	cdd78f231e6e6d0cab6a3e478e5baeaeeb9a49b8c9c03ed269c751e357150622	d00b0b934908d1046eec6633af0fd13a086885d5d73d2044f280e269b4cc9bbf	6330d6931de0a14249bc50475dab4fced84aa44ab5f676defa248b40019e3f43	ad18e5183eb69461a5cc972f88ef33272ef327b0b59bcf16e99b93f333556905	92be9b2e772fb81f0fe307e5842a4982ebfcfad047bde77c615d3cead85c9532
w58	1135ae0a7c06c840d08b81aa811e26d641aac6acbb900178b975828e38bc6285	acd202efdd3a3fdd98ddc18ecd234be14791b866d8b67de077ae26aca8ca5eca	dd4340cab14bdec931149592f0fbb037c251729f5f826f8dbe08c41cba31cfbe	408181cfb6363ca30b31ad71776ff6a88985fb48816cd6e21c956f2a2c4ddcf4	b11563267e043eff50b696622a42af095e1c6d7a3e87a7e9d1691b3afe9fc616	354538aa795a4ca12c57193dfd8b1d82dc089d3f96c0ee24353f2b72759bbd42
w59	8b0f9e1b52454a7eadfc7a3c7eaeb4ce15c5a2cd8292bbf5d6ee753cffb935f5	fc07f4eb1e8b8fb9613012c0f72719c7c4925e3f90719e881a252104c587f8b7	990c0bc250f3c6262e939c8c77015190289b58d05d9b81c450e0968fbf74d313	e96114dff6ab3f70143c0240f7d5c2f766efdfbe762f47e7f96553c1dad9d8e6	2b5a0581ab0499194911123511bfd94838c01ad11fb2c17537ec47abd136cc33	8976e20007ec1698737cf28e00103acaf3d5f30bcdb9843b9b0b81941df99d64
w60	dea368fd7342772a97c3309003df99ddd413b32bb5d0461b815e7853d7c7bc78	da9dd05b8e095d10744c4adf323127e0d0b6da1df63b5ffbe9750888560bedf2	9fb86f064d6b9b08e58c3eb87cd6632057afcf9739aa4da8ba13074c8c991270	286d7df4131810039fbad2cc4535df95c58e25758eb314fab38b0da5a6e7f10b	4a3eb2a61ebf34f1b867b2613652e09435b07983e231fd05a44f09d9abb08993	ed80e3c55bf46e3377fd123acb668a3d4b5a79db9edae1a77adcb87c93a842fd
w61	dca7e81e3fcdf27bb0add59bb79d538a0db3dd9b3698b37120e02ef45b19598a	f6c0e70db29c97792574acd440378ddf669ba11a28e4dda3f2193c3e249557c1	ea1de4a33e8ab2a9624499d02afb6255c9291cfec1fa25cb45b87150f82c24b2	3015d3f641be089bb911820abeebd406d10c93f05978f7886cd76139cfdc950b	75378fabb46b8d19117d412b13778933067bcfe1b18bf7933d80a781dddae8a7	9920d77d45f4cde3ece83a15caebbbadb4786d4b7175371770100f144067a923
w62	805948663ff7639cdc57b9c0973c3ca5f7c2447da37af9f894ed8b476ae466d6	dae24d75b1082fd4d4e7afa69f80ec67e779629eb62903372b2dee314ebb51b9	7f32e9ab3a83a799546a48b6f8790830d1ef96619cf586b19a8e7c9362765426	1ae2132a1ab0d7d383d27f8df8928457854cd5be47db4733f6222d70956c6c78	df8bdfc7ffbf15e1e43b46ad3c0deacf35904951a45044f63ddb736dde81e886	c833cdf65c744f532b2641aec6445f2d362c5af0137b3f29408e5580ae828679
w63	73f2cdb357ae2e884e9ffefbac7691d49a4e8199a572495f71f0753f8dd4f760	b36a32ce21ae75ed1f2f23689dd34f7cf184b910e8eae0339599fb710159a827	b209b256c35600165f2dc61214772fbd92eb34ee8e805c81da5b523d35bd9657	df778a28606911a38bd82ab9254d8e0b8304411df361b9eff68aa4807c2b8210	c85f30893af8d82fc057a6ecc050f9da993baef098bfac97506996c337cd654b	7111ad69fe0656d84a67429d032592d013be3730b9073c88b4cd25fa2bdedd89
w64	d78ffc7abdee27206f9bcb26d575777d6d8eb37ab678ded0cfc8a51bfe556c33	e0d18d60dabc5c8be5f65486d86a216a50e5a25d70431c336b540ab5ad6b4e8a	2edf1de031f7cbac3b6227d59f9e28d5b21d2172c076972dfb255c00f2b0740b	a6197518eeccef7c37af437b966ec135d26deae0ab705213db5d8b214fdfd59d	b568efa76c074d9f7538044c6929dab8fe0f3c07882f0245d1243d6641b355ad	b443cd41202bce55c4e6a2742d6cacdb648c90f7d571aafad85d0fc481417e4f
w65	800cf329c801d85870499e3ccc77d056b21bb2b69a1fcbcca78bee1a2e26fe0a	e05e68abe0cbc56fe226a11cbc2c1034b9c18de8ebe5ff6720e11a829b0a6764	ab9b921dfc2e07d2738c10f08dc583a9bf38851f40508d16d76516a3f6bad146	4a0cbbfcce6d5c1355f015244552dfc6255d1f9c521a00f46f78d0c9d1895c66	bf85ec2605485efbea03981e0411b187cdfa792bf560766ffc7fa4c07b5ecf1e	2725c5a2d431274afa49a834b227117db91a081fa8d83391bb1b84743b55e308
w66	30abd1c776257ec09a140e30d259fe54e60b82ecdf20565d4f7006182fbaee36	7187b9b3f7e3fec0f0495adc3f405ac69224868b4cdff84ebbcc392e1fc90aac	f19bd12076bbebf49890b91ab5194e8bea99830ac88a1b8227117ea783c37a57	6c9a785305ac54d7ab8d91f7f9e145dcd5b5782a4e869871e5a9c0756881db44	7dc4a879606b4d1aeda9db81c3e36c0444b267286d798f3d0407db00ca194697	d1a0f7ddf7b2e815444baa2c8387339a372d50b3ef3050ae4fabdc824dcfacb6
w67	24ba99c4d57950dba13b286fa6e1e5480affda6ea035c43f5acadf53df42b50d	1a2951719f827a3961b5bc8984067966b8bdf471e5c487b43028dd29d35b9699	df9b18cf83bcb8eab50bda00064ed38170a03e2ddc8ac7db84f84385c3a65f42	dddf54e3aa6fe18bc6bdfc8eadf25db9d8f0d75beffaf729dba3e1086f5c6faa	04fb6a06dc87920e92f71c875a429422c678990073c2abc3649dc3f99d7c2c0b	3f31fedf8a74fd386cbffffdd3459ccd197768abba14744d6e5ef8cdd3865d57
w68	c1ad44cb7b26146d56bc7291f7f888cfa595aec3544a8eea0d007227b67e48e5	07653afb7e7be98d1860218148c458d6bc88a6b929ec864e6b214d7502e1a92a	73ce9107cfb28b396304f5516942a97efe084d4868a26bbfefc5145e28ec4ad8	22ff51acad167f006950a431e36cf74a347995f7b2cedf4ee1f88f81a94779fa	893b92e403ab1c17cef105dfa837b12d97029fd7ecea83f8e72e64cc5dbce841	5cd1dbce619e90ce3b56ca31f71718ad18060e8477ebac0d08c418d0dae0cd47
w69	fd20ebc6e9ff3a951b3e968d02cd725c5afe067fd4798feb485b92badde74259	bb43fa63941dac40a31223c32268ad2558fdd363e8be59d425a499896cf2be0e	0c4acb5cae0a94f0f033943ca629c1fe1cbe6b6583f76985ccc2ce37fea032b6	83150f45e58494e858aee8f9d5fa5e80360f2323257c1f80481e064e7496ce38	b1e14dc6eb44639189ed1fdc866de7bf72dfe2491ef4fd455c2face104af427b	7f4a06cf8d90a1861672fd52e467c5295f16d142ff82a61fb04c1c61ebed220e
w70	4df3e722923b7979815c8ac9651e071eb34bd7e1f8f7a03a0700b9c095a0770f	3d32ea5dfc6828ab086c6f3bcc1b0fb476141ace844a381a654e503202aeb3d0	d4078e6b64ead7df479fe5d2ec560db0a363009efad131a20a8eaa187f8a0805	98877296247036f4500808fdc2064ad995cfd2616860235ca7bf8412815cf7c2	43e56080991830d3629ffd406fe19c2037ae5433a84c7936f3b585ca5029dabf	02838617e62a0f0f729bba65c774d243c804fc537654b93bbf17a2b3baa0f845
w71	99b243cb246956a14e5d6cedd2fe5d72b47838dba787c7307bb7ecfb8035a9d0	bcd42cce1da2738d6663f17836dcc62a20dd5144a96d96697ebd06af9d7f583f	7a6a6a125e7214f415d11c72d4e0b00fd286fa3c3325e90318531c708b4fbec4	ffa4b393981f7aec1406c191a6872ebcd13af653e475f40115c382420dac5ab6	d1d16ecec41b676d005c5b09f0fcaf9c699c9758f396b9de462e1537b5212e45	eff2e1983d83cac1eab7846ffc79abeda051734fb7f6a30c6e0f6664db8c92d5
w72	bc17d794a036a3d10ff41988a8cb0c28c48dd91d5d8ce61382e65f8400b3783e	f810734e5c4c37a90a09ae208a158e894db8463b0eb182bff4a609de4afc6d71	d5f91b3cd24cfb53790c99848ba5aa0d71d38dcf34cc50935e4e2d05b78db65c	f9d04fcbec3c648a347322f4de7b9e393d8b4564c611a4172eafc657d52e2405	c86081f8acb97a017eb6efbfc464c65e12ef0da6283f130e490b226a7945d8b0	484e43c5d6d05f8e0b8e07c0409d5f922fe65e248e506bea01dd13a8f7ba70d4
w73	0b3ae4d45ae1aebe32932717ae8c4d639322ceaccdd44a4969b404a4f50123b9	6eb7b79a05ae6710a206601c3b952372a21369b11fe3bceb275dc1bb669f13ca	9b700efcc112b0ecf2aad06f79224d9b30a8439218eaa5aadc449e039a452d53	7c9a706e996b39c4eb2e3d431057c6e2a86af81c16f66b77c4a1ee3d59f510b2	d8f9db4731d372aad0a4b2a19bce7f2440adb3326cbb898ca6bac87824d33770	d5d1825c27bc046cddd9576a7614147a1198432504793eb8f613ac115551e2b2
w74	4f9082431d2f14cbd4e9ce254d056bd6dd6726316c3580d6fe8da4610c45f65f	1d39d17f9d74c31ff49f55b2250a528cd13bb096b77969538315543092c464dc	fb6ff895e31d2ab8c86ab8c5444448cacd309c578f607e69a0e211102707dd26	211d58b68b5bfcdd296019b20937b59ed5850a874e775c2672fca4d2aef421b1	ecfde288f34b75cc86ce0e11121c5ecb19b55c2d81a40724bf1f0bbd260eac82	b427aa87245e29b88ab32afe7bc4d4777d899b9583c2dbbd9a9dbf17de0a426b
w75	112dcb61ac61f94b7f64fc848bca72b4ca7d59d1517a9dc42f30ba3b42417226	4b7ef6d235c8571902e37d8615d768f7c814035206eb29eeae3d336f6c989c73	65d98b5e28f23be2312a9c68c403113adc6dbdb11925a27c0062ae634f40fb26	a1f79a384ec4bd31a281317369d1ab397159624c6db768b07683737623be4a2a	bbd0320de26d5d354780117fb731c3a711b9d09040c8bc04a35e4da06d0a676a	160b544130137c2e12bd5ad9ac6b88eaaa0dcf1a88a7cd546ab1171685e8d936
w76	0b181b85b66356c6354cace25a83c4c0ac7af64a70dd22be3d59f54927e1dfcf	7abee957825a447c0718e480d39c521d81f7a0bdb80fcf6d748aee1a66e7e5c3	c407a5526ed0b0ba753832988884ba70e31258f127597ebd3c526d4ddd163646	fcfc0e74f6c9f2723ff6a18a931a0ea504fe91f017db806939b983ed317f7efe	a1f118549ec6a4652e68d8e483860e4ddd91735ee477fdbe7b69e5beffd70f59	8d48c1719edfa550e1f711a5401ba91b88046bba8b73ea79f704e93c37c56b83
w77	c3d608aff183a12e9e8ac0ca0b40040266e0fd51c02a747a03fde73623c08e62	02a8993a3b6dad6ec75e0138d17c21fde3bcd136ed94cb6f4ec7f759fc39f0d6	666abae24ec210e3da24d88fbd993e6e9822d38573feb87ea2919b07a931e0c7	fbd363b91eb3358495ad58577d1f4ae022b26c0127b90fa5cf940709fa3ba311	e6f7b09371ec898763ecd0433e18c8b526224b82f9506c7ebb24de4bd947bdd1	3986593e6f911307c6654c76bcc4148f38f1e11e77d69f79111c120fc59fd8e0
w78	cafdef38315522a5f73ee4a3ad397f067d71700c934580b68e4f0dde46a1d9b4	99e67afdc934748283acd16913e20929759f9d73d6517289c9adecd9fdfb4e26	b77f2ae56de1e2bdf2fffbb270124a9ed1132f5e50613a0866b15dd111225d69	6283105c0d596ddc13e10090946a6b8f9a86690860cf0be188ce234625171abd	ce93bb382e6454afac7036b944da4f3b458b1607dd40c42734a52acb64b5909d	edce788783420dfbf8a54c6c8e074bdb459e9b44ab5e28b30c6ee276c751dd5a
w79	2bcb044e8ce84f64ea7f24bc938233b29d844d649fa65b68ed5c385fce115429	06a28b722126b6041e84050f945bd1170e28d466de704178f9e77668375fa7df	7a075bf47df4817328a1ad0d5b1ddb17cf5e5185f62f81d10f4e0c969845952a	045f3103a191847644539de05f5f24647e97a86b8caa828b0363484bfce41fb4	870858fefb66c22bf1b12ba233677a09665b67929fad4373f76d7ecfbb8a28c1	b889ef7723d78cb59feb3dc3d846d359547391936c3655886a5ca40c4bf44486
w80	3b6ece8b265a0823d643fa5113295e522b01a344756c8dae4b0decdc378d765f	139f8fe495c8cb5686f81c9b460efb8d1a7045a4bee8ba6afbf974922c9c24e7	a5a7b27108257063e70dacf6b6cf1c799088b4a68d1e52309423173257b9cf4d	27769d50a646278e83989b238db5d4f485ea5463e5959e48ebfdd5131c2b47b4	0918da405ee9c6ab82361a280cc3561c571b9ef1a6010f2b0d396b4bc2ad69bd	7736bf0ec3cc19b8e5238e0793c3f30356b7983274ddf363aaf5038131626c1a
w81	1a749bee85eb1332255781256ff6b4ab36bf982f95b52242a005cee3f8e43f64	fcba8159235be9abada0bbfec6ae348d95afa1be0ac2fd75d457fd1295266428	9c753602c2285f16f123019106398c8782a9310cdacb33b088d29662a23698a3	17a86313cf4da74016ce872d7d9bff9cd0c31a94883b4ea5a2340f69f4b09173	a22056a40db0ceebb08983437df6f71ef90e0878a52704a45c66ed86ac37e3c2	aeb4ead609d4a615cbca1800e7e35b8de5455d9e9bdea698b2caa5debe054111
w82	57af4fdcc4b9ba1e6073ca1baf8a8ca6325a43a202c79eb9c25d584ab1ab67dc	30b0a7713de65a18b6395151bc7394c07ef742e375ac065e01465e03b994eccd	c1831a691888a77494d5583aa3fa134688a0d65d30103d1b7b47f05a16f6aee0	2243c57c6c133a76217af3429130ae68db289327e5a005fa91e6e41758005150	e78203ecd57a74a5be318b226f680284af030e239e5f5c8aa958f79f97c5b785	f639df8af7cf9cf6f145297aa77c6f3e4b0487e8052e0658e4bb4594112808ba
w83	e53f723a62404fe23b40afe130f787b0b7e99873b583f84bf62a266e13713e6c	f0acd808671081c31b0cf209ff5e1500b87510089000c46729e8787c5fdf084a	c1f022c7efd12841c8d5ad0778f6aaaa373c12e1bbf9c85c73f7b5730a93452c	0c961396a4e2d5b5cdc29f21f96a8d9263f25a4cc968d690737590a9a673f5db	5ed170518450852ecd95ab5d2ce98803a9f549202d11ff7ed05addd00dad94a3	7967ee8e72893cd633a0f491596a5d5330b3b3ae6061c474a93c8e8e98010d4f
w84	d47343d6adcb8f0c179993df03d3acf9560552a9e3622a4342142233f5b3c8dd	3587e0ce08d06700048f1e5eb90a0a5189f9917c11053cf8aa510fe31bb4804b	c8f234fcc6f925e5e3b2a796f048eba2114f4bd39b3d254a2aaa1bef040f6d83	6bff096a21c2a11c826b8996c3a558696ede67483bec341ab10b18a8f9a77619	43fcd31f9171f2371cdb3b88345f7f021468cd8f5698dfe630ee072faf2495ed	07f7f5a971a453435ae4ecea30d628ce10a362936dfb9b55a82a96cc055d29c5
w85	662e73d01f15652799c3fa5ef3ee20360c62bc9a2207f740674f577e04d34618	e4b5f1996ca6fabb83a1ace5952490e5effd510f13113e40d888106ef1dc0a17	59d85a75d038eb55d16f43162fbacf9634550b036acfaf4b3aeb493796581401	d60011df9eaa46672eefb49f5612a5d3debc2c5afb3005384d9dfd897dbe63dc	0317d7f27bac22ba7c14aa268e35af2ca6bd461930c0494fdad769b2ab55e3f7	394f9a167e5c5e0b7b31d180064e390ac746e1cd0a5213491177602783dc90da
w86	c04ea8e53a2db882a8cfbbcc693d4edfec2e0c4664c317c2cb4b50fad1615246	7dfbf07c281713f5494c04a3cfc5c46f39679d19e888c94204f1e7cad51542db	b8aec7722b5809cc5018e6a1692b53c6435018ee3e2252f6f296ddc4de923ae4	4348ce66f3b6316443592719cbf43790d7d4c49aea497aa3aed8c5624204b313	658ed014e792374d3f3caba9bf3e6d1586246d32a6afaa45c7ca1a53a2065de4	faae9999c417b4816a18fea8e7b1df82dc321375190c0f6b370d06bb1b7c523a
w87	e521089c05959048c069fa0fadead0aa320d89b40e858d6c7361d0908039fcb3	95814a3d00818327881fbabb797167eb6420f1209cc940b71d84130d78986ab9	31746eca97640351a7d16dc6f772a4ae705bd9c94aebf75f0d25c9cfd293dd78	942340d7e89116e318cea2e6711b923ef2b7132b6c2b5d46f78f43badc746908	5014309e0abd055adfd17435bc768990df5aca7caf414298a7652765766789cf	b31059e37d9b01d0157a359d6611b12c659d288259224c8a29817384558fe7fa
w88	82c9cfc105c716e2602d0e42380e7f3eb02c98730f5050171eef0f110b3da93b	022c1a84dd7fd9b0d36b7528cfbaa6729aec7eba0c1a0cee9599d5600f2a51f9	3549cd526eab14a06e4463373118bda9ae13ab8824e257daf4fb7ba0876bebe9	ee23270910427cc32364b1056ba4a2f31f8910a83fd6ca8ab89a2baa82b605a7	509a654e40c4f9b1efe8bf216c59877d3bf4dd50b9cab95a44051814faaae290	71f66673057caef0deb60b1ecc21e7280c79e541bd9bbd8dc426078a00259a64
w89	c51ea6de887726be31656f693d2a3700b1f997c251fa999aa2805f956be5619a	17ecdf0f5dcc298e0e9b0672643aeacdfe59f16840825e3fa0dba81f6714a8c8	70a0400c86a3ffc00f55dd5ea8496f63c4c9137daf058e07180d67b0b594cb27	3108da42ca630ef10df6e14d5782ea00ad00025f6bf02d65cfc280a049c929ac	a1e217f00245514215a402e006151431a529340c0eaaf741dcf863719483dd38	cbb2e0ac088a67f544f0e56fd807760acd6e4168ad890252a29a81dcacd4f39b
w90	23b5f461cfb4af49f79893aa01b335a156ea712df07caafc77778be2f778e547	e30283f8d62150cc9118d196b7c4b2c3a2d77a23d3d3185306a649f5a703f020	0d5400f4255d24ca5a36970d1c408bc7e0f2a58b99b552737acf34fbd7ca0f71	bfcad5ca50fc131882d997015c1bbf8261c22c385ce783e67c5c47d48d3c4f9a	aa2c878d62b8035a618361bcfccd16645199ab28e967044de1e77e9ba832ae81	8a910faf65201addfaaf38a31f678639f7f33a3bdf29ec901bde08dcfea21c77
w91	268c0fef1c87d8962087cba3fa935e7b0139fd48b16ad3b16656683245db02d6	d587e6b6e4a57ed4a54a04ae3849c237ca48efb8d5e1c0e9b8772405c8328620	4e44ed9075627be5e0f3b6449b61019ec1146d7f28a1ea169dd5df3cfd2f74ed	8e8dec9d5a3e41abb1376119afebeaa0835d182c2f143535f9b36572a0061a94	bbb2cd52b31de512d07d64d746fb8cf91b7f6b465deebbd2175d0a33013a903b	7a09e7289256a51425d73dbff3fc55144ac743a93d63a23a37326e2c3f8118aa
w92	20e2c1535ad6c5d178e0a9856f88e7737d926629bbb041bc011828fcd6ed77f3	a1cff966d090ffb98ba89b265a91aff8b9434b42f4918a4d929c22b14d4a41b5	3f5debbc8f054e83680726cd040d1b4af4d526f53cbb0659b591d8c456817a1e	50e308f9db2cd438adf0858e7cc2d832c008fd37131886c46bc924db5574000d	546388eee497ba415c157e08a95235d69ce69fb64918a80cdefea87a26efcef8	f6f7aec36a618416013f20b118b0994293154c8e6019757c15e71568c74390eb
w93	cd343299c40f24aeb68909e60bf3781dffff1a7ee35d1825fb8e3fd5dd4ea338	95bb3162b4188d1357d388a59719228f4d65db821b1e93299f01e8b6632fd2c2	d0e3be76b94ad753e96c7caccbd6490d92c72f69727f50a521805f0ddd2b2074	93f50b5d4cbc5d7055c4e5361770c2a8a59c6d273774593dc3655990922098a2	03c9ec4b677c5bf80fdf985bd3cdfd23dff5dc3c0d83f813dde47150474f850e	e856a286007a183ce4e5be767e4906d534f14bce0223077f716f8639fea65e4b
w94	0e01c58a4c59d635d3561a25f6758fb235ba6f47d56c39d12a7510d3c5366014	098cc791824d730ea14f051a55f3540bf4b3be50ad02810e5a31e1fa34820610	c7e8883d5cd701d75375fdca1572cf57527e2338f9bd1737fe8a116ee7b64d77	1b025b94ba7035e421bd19bedee7d86ce7e29297c645d3584c4954b1f5a40b0a	249472056bbe98b7ad45edc78bd1effa36c9cc6f60669b2f19b5a347e27c5033	673fb6b3c7555b3b7ef36c0513f2b05dff60029f965fa80f8b68f2b2675a86af
w95	c927b840049a59ccd1d79c4732197cd3206d42f5d927ef21ab7cb14c7f6e5526	304b346c88a0ce195921b8a4d25d69dbb19f2a062734628626969eaf1c62ef3c	451179febbd937c936f0907b5c21816e3b621c1a805a8f89cc434652045ce6d0	ff6ddd13aed04dd4d2524861899933f4ce882bfb5db9f9558905a16fe6bf76a8	978460f0eecb88a7a959bd6cdf0b90d514a790c1a7b41547c8708d43cd8ab86a	3de0a0ca0a967a18e76558c49bf99be76a6a86e2c8291cd2dc765de7219cfe63
w96	63e4b3ad319cecbe4c82ce60db0cf4b56d2a0281647c3b998a403bd14a2279a1	5b0b1f6235f50448457fa27ca418c50501de14a9d2a1db3cb56dac69d5e6e1fe	c78e3d685d23379d7fe614e80f393f1ac1066798695c21b809065933d2fa82e4	17c01963e49f03ff1e53129da9ce0af965d208b7b536943d0d623145c74ffcba	a4e59b4b72da1ef8bbe6bb50f25a099d2d3d1675fb8e5cbc0bd186e6aa87c6d8	5cb1d9c947b3af01de722807b1d74e43c29e94c28a0bfd41fbbf6f8b00872b66
w97	7ea9011552efb2a294ca50fb7a29faca9a541833fb80dfbd09cad685074abda3	c33ceef2c1cd7ffaa6c1ca2a2f29876958c232673d9ac101d1c037450ebf2555	32468e0374bc48f7ff3256cddbca502f4b02be4f85fc07a1d1d929fa4821cf1b	e96c4689307cc67fa8fe0b65598b2d972fd6170973488bb7c4cd26d1b1bc943a	ca44bc799f0d9872049229fa6bdf86ff3a2054982e9962fb07c01dc907ecae80	219845565f9b02211b0a0ad6660b2e11b2503fbffdcf5acb5b80f5598a1e8b0d
w98	b4128f76cbc1a088fd9c5ee1f1aa39e8eeed3d596816b3daef7728cddaf2e311	54558f2b9900428040bccd508c36ee54b9f29c6347350e434c0f22bdaa04e474	c4a4eb2500cc9daddacac993053464e18bd08c5611c25259bf97c7bf29cccbf8	2ed32821f8c5ca4710e77bcf5997d1998601b2389a2d10fa67f7a60a7cc5f8d7	2865a2e4aa0b617ec19c317c0be486af95137836796d929fa1ff1abe74e533c3	ce0ec03b0c294df584731ba7028a8140ad21d39603fbeb68c4c8426ad4114f74
w99	17878848b8584355c5a96890362a2b333b464af04a052d969c1eb0fdfc35819a	12a0ea3369ade9f70705bbd08b7503a895dcad301f45e31f4bf6ad303654982b	0caa6055f8e87561c79f3d1f27e9c23d4c35c40bf5b12eb8bbc18655f2dc7917	85ba3985c9d60de6feebad13e7b0c22eff5831ab7208ecd57d4e4abbd8712e4a	31df6599a2d15aee0ab9be6d5c4fce54c047e608a7c6c0607d3fd619ecdac48d	397dc0766c07aad3498ce0dffcfc72a739cb7762ba239539cb9933bac414ba0f
w100	2eba20b026a268fa38fd7a1529fd251b41ab144181e2124259370adcbdfd0e0f	3f72d03a04bd55a7ff840590a3c93e4d6567570921918c933b1d77a06e6ad62d	6cdf26419522e5b8596de57aa43f26b1ee68b74ce57b64add0bfb2043218f9c1	9038aac6530c66b9132f274904a0f5e099c24115eac44f2dcd6c15e5b0daafd8	7269cebdb1872fbfb13ce6fa4658ba6fd108bdb28787269a520eaf99f29c29e1	6f3129385692afe5fb41d2373c7511c6997cea36ea7af11cea232b757f0d48e0
w101	53949fa8acd03e756472fbbcc22bc4a38783d9a0170b10ed49c8e945831b5ad8	6028c702560c18686573b0dcd73337784148510d4fd466787ebf472ca40166a5	16d64fbfb710393bd3bb8ab2e39ac0cd32631b3091a3ba2a9e7f9dd83146aceb	1eb3c9cbf35e4dfdf519df4912646230789b499ec9ea7e3abdd68522f812521f	d9bf218b507192e8118248a15d754050938bc6b4af9459047a4124040921d094	b17004c0a3efe2d444150ae91d08b17c2680c99edf4566c69079d692bb64b787
w102	6ce86aec88c860f0d9b8371cc5e4191c17d673fb6c97d94a9c3838d4068ac783	0b0e07c4b889c36f238012dac85ee428b62718264a65e8c665ad22a7194f1587	fd6db78c40bdd56bb377f7710495ceb653049ccfd5183ada1ca902fe6d43faf9	579634451949bf83320dbce68c9956314adc159a65e4d10b47fbd490c58cbbdd	8b96adefde632309b6cbe4bd49c2ae8c1442e2aa995fc0cf2c38be7bedd79adc	887d323e96debd0cf19b746d6334cda2de86dd66ec1c1508b8c4c2f35d4e6935
w103	901ee2c5bc86fee17c00c4f71b46ac169588d51a83529896e27b98f0c4a1161d	748b58e5313b3ce40564bd611d35691fd4968d8e768ec746f41a9226dc99ff19	3d341ac213f256df3ba4cbeae94b49541ea8f107e96c3558e91237bbb9038827	ffc0e8ffead9d0f25d9ac289b504e91c4aa643a04f0d21b0d836eb38973d8cc3	cea94c31867b21335a4d8cec5c20d1b10a89181d9637df0956d976f6fb2b59e3	b835bc0c8c26d0ca71d55481e0d9526718d8c42895f73de5e6b0f6c3fd892dfd
w104	98af609a40e43fdaff17ee374863295bd9465939b9834bae66d46de2810f7457	fb9cc24aa9c1947dbf78a9fcd6a90f508768a40ed8ee6509bb07b5a3731d7d5f	f0644852a8441dcef0e421aa27c90bc4883ac5843f440b37843bb28d62a1cfda	f491d4aa7ae2ee0492ab8520b6c450b6e15cd01021ae29ee92ab07184857b906	4592f86bb966e580f1f66fda1cd7b8051a562a97666b6ddc4a6824c40e233d68	e2c20cdf4969913a8f61161fca62da7b63a26707992c0d75ce8756941f070840
w105	8f454a16567d9decc4fd2829e44f74a29afe3aa2d07d7a3dc87cae496fa73600	f082d4c69ae0e0fffbad92fc2d03a21aaff953146b9bb0b07835a2fb3571f456	e3125a24f28d883f87071c374643993ff87324e16d8ac4fe3af21d293952c28a	5c17793543066e5fc6ff549257c468d9c45bb3c6ec001802ec5240f69c481f43	07aeceda7894e68c5f9e510187fa6b6d730e30123b72bee4875a46b995759ae0	b88b6fc6df4a5318a0c88358cf46905e488c4f051c7847d2713c7a0ece944f39
w106	e7131d7161b00edf8ea31757cdc204e00d979ef8f9d9aaa08d158682c4179d3e	c04a2531ddc9fac901bf513161aa33e42fd86ec630c8cb86ff64bc1ccf240827	45b50c011f32fc904f75639833de7a5e8bb8318091f957a3cd89a385dea18ee8	56b73517a99976a5d7f4f70815a56ea03d9cdd8c17845b3d91c60e0ca9aa92b5	30c07f736916843f357c822bc02ac21705a355c07bbefc43296d71b124e0bf7d	897c9025ce4c5de1b3965bfd377cc054b710f8b1ef583b0595a1d31d2a25d899
w107	1afb91c1883bb96c621e1d4e97ead76f1b0f831cbf3e2f7a6ae592b6d51517e6	d32ed98f6e0d00cdf54571a32ed4c5eedbd3e4904906485dc9d43b9b0d7e34e3	b834a313bd235c14bfacdc6cbdaf2b54d10eb01cc97264b0a3646825d3a2b50d	93829c353fbff4a3dcb78661a3e3bbbe2b2aaa0879c79d361eab0e227787add2	4c88a50baf91ac2f310bf321e76b76e978866e1b5499ac3a235e636cb38b9070	cc3fea61462abd97611dbdbb1521aba50c48f2413d941cf9809405838e2359f2
w108	398915066e03bdb6d0a807f3538697bf6fb3e3b40f4683390b0a3df3d936b3d5	60bf322a155d71546433cf04b4043f2cd7371dd10b90026d1e15223b8d55fd2e	3db2e601e8fb64df11e35c0d2939a97991e769ba092ee6b2fb2bca6f2970eb19	c7218907f431872b607f699ecc2eb7a95b6d514447a953ae2471659592493301	a348ef596218fb6e1807f87df4ab7a52bf0c23782733a33a3b8c2f012f7252c8	fb26881ea31e04c23bc3fb2f6a1492d94e856a4c2b9660ec543155983db67aad
w109	87060ab6619e31f2edfd19ec66c99ef1536bd7d219fab1a5260ca6acc9fd80ae	ea187ac8c36c50a4b92fc2a122ddd70a6f1d4db1795ef4b6564d40793c5d30cc	d9dfdf085331123721627d1a07b357caccd6b687d3b1ec5dad372c071abd9dd6	4a082877a68daef6dee55dd64591b114b14f2ce3f35a18d18fc498efe596dfe7	50e376c70af488d0bd5bf6046c853af0bd2d698284c9d1c85e53588c4b01e064	5a90247b2b47311b8c6c95eb7a26836283c2976bfba8f1bd8c61a3f07b022835
w110	d9e46cb5685145d02c6f5810860d94b4bef295b8c3061057ffd8dd8b25a79ecc	30f26febe37c72956316674edc1975780b78a1ae43d5ecac07b94f33e0ea2b13	f41bd6f9c7aa5fdeedc5676e2c46bb2533a60ee0444e91110493072620abf80b	82c9b8c37fdf3862a6a139c3ee532995028677540f1556d78c0f5d83c9451f31	cc14d108c84bb97c023239321d75b2eaacaba2f2936e71a02ba379e8d10323ae	2118c1dc5a7abfdae57c7bcb9e44c26e883072ac7da76e61c41d7609df8f1978
w111	c39c529cbf034787f215a9938c1f108a620bf08d6c873b3aa679d0609dd8632a	fa69eca63a0be5d61e9f3083eb9e0eec56dc773f724f1185f8e7a162bb1b578a	b0857fde41b092877bc6f924a16c189473cddaa7b97d701b0bd7e9a1e4d31bf9	97fd67894f47b21d5d896a6bd2de5ee9ba278a6a90dd37c1d47a51a5ca40f84f	a6c1da47bb8a9180b06bc5ac74251475a4ed930e6cb36be1ade6dbb8be0b25da	541479b3ef4ec0b061ee734db1525e73439953103a631ff6168ccd4d5f184208
w112	6b04e5909f837ff832ade15f9dec070ac824758ae50f9f45827748bf36c6e678	a37122e86b727762ac31af3b2663537472530428e6608725ac384834deaa471a	45675e0485ed9473ba534ec35fded3670da001ff6df0dfe29df6d95f7dbcda08	cc463e6279155a53290671fb37c7db8d3af129f330569a0860c729947e73b36e	f5fed5828baa7c2966a086dcd47ca8f13ba8b9dbbd4a77b7582a6ccdaeaf39de	bee50177e2923413d41343485684d1d5bcc5df2363b9980ce11375412b8eb71a
w113	980bcd470a9410cd9c734cff71fabb51ee00d88045b24b856b3f3a110bcebf92	6b9a1e77d524a1b0198c10fb2ad2b2316c4abe38407bd0279dab7781c3bfe9df	7a6b6302c716df37cad32f06b6ba9cb4e292e1ec8a0d6214d6a00f81c72aaf9b	a3c36741e1cc7a546c73672cb7c36a7184a4e9e798695dc254586cf4e84920da	5afdf9cf61deba737fbfbe4b009264afdb5da19e537d39d2608cea2162fabc9a	b99ec4974b0befeb855acfce4265609af6e2a06ccdbc5e0f7e0754b7d3cc5204
w114	e8594bf34711d11e7d17999218adb45d2cd77f0fe09ef766a3a30449da96ca8b	6dbb8d6419f9d2365f67ab197bc851ea1d5055cbca783c4ce283cd05367e9440	fe220bcb2107ed83d1813191431075d35a1bfab9295f771a76b73a2442b255fe	dec9aed445fb1d8bee479dcac3435bdbc971b0b0c35038541370955fc6e8d446	2754e366c1565e02decd2607624f54b0cf795c5e679bfd03c24aab208f94abc8	2507a8fabef427509967e573fa13ccd8388f93e9d3f741e6f8c28ed0b383fe65
w115	974a69a551ba6d80a38855d63d788a8c4ba588af3346f054ba1bc63680831ddc	51991e84607bcd208fbfeb0daa164dcee17527a2b6e40e97cc11e9f2b7157f50	17be2b0228160a132af3a0a4d259fcf53a3bd91c41570701d490c6a82362a257	81286b28af3f7dec6d0e456b7c99b9d7015b0c348286a093d8596893169f4bf2	fb006da542e2788689dfb1bfad91744dca1155f14ac6759c39c9c2c252553e13	cd0f3f5914a262b8900ca7786d19eb3f5d8617653bd7080c77a1e5e557becaa2
w116	7ee1d1fc11b772b71b60e4253ead57e77ec066faf4ef8866f45a7fbee859c278	699f2ee86ff3fe9296bb1d314a9403bbca31ed9a28d81e3d3a0eab26ab9f637b	6f0a8cd8564ed44a2499c322ea5c02ce6ea83dde75c705a303d8bd90ce6d9a2b	1a9ae71a2050eb8a7448b239310f91a115f855624008cca884d95ed0cbb0adb8	f083cf9d20e78ad75e2ecce27069bd4084ca4b9b69256fd864dd635554329986	19812a85793f0f2a565b7efa7ac2cb4ebb6e1c66c9a4b857bd38c3489b44a7a2
w117	3fd2f9e388cfabb2f8e2448c0c35e19b18a147d8baeb77173e8d430e88cede7e	c13e70a6ccea15cd1720c6b925b2a4d58d2d8909a5fa6d3ba57e288af042e535	b5cc4a3533ab80e9c7db28e539fa7d9547c83c999a2905167a374c4d9d02f304	ed00b25d73b52a96134a463d91f177f9fb89b6f002cf7ddc1f1ca043db61361b	9a3d5a9be733d7e997b043574d1c0dedf8723d91ff24f80a8e753ab2dded9aa6	44313ac8f76fcbd289707f5c6a4b82dbaa87ea4df48ea5feb83df47e49a387c1
w118	8c333c1920f75a2ea5f7334a4f25457c3ad292c22576291787cf8448868a675a	df58466e0eb3491754176a3a68ab7614bd41b0f2c52a58fc6bd1b35d56d88e41	3cd286248b094622d522233ee33329ca51912122190590b75e8681e64f9b53f5	18acb228f67d2c1bf86398521b103d5800c334e0761329a52fefe6fa180ce26a	17d357a6f000728a44436fbb95e47de333a650c42e2efbabe7173e23343636a4	19da107f4b59a9c635bd07531015f97e47af0a32561929ee52d7c47ca728d60b
w119	1323b6f464700b6ce09005523fe0afff15cd0ad2fb52bee0a88a17190c29274e	2c826c21a467b7646aaa4605d08eb8d59fac5571a58205746355f22db2f22bce	92841edeb4f7c4a9789212cba718204788dcd5c74e81d95c767d1bfdb835e824	dbd83627a674e69868091aa52a5d0c0dabfa7da756506884c41b60dff695f51d	e28abcae5eabfe3c5687409ada4ca86dd8804ae61d5e844d61e4c345aec6f086	e62d90d8d03b5d687c1971e72bfb12252f5389599a03a62f163e54a129d29b58
w120	18f90109840125098f440601f204081f7e830d093bd72be9cb1c35f9b10d1f02	5b5d1d62f69a4839e02ffaf8be640222eb0abbafeac435f86878045f78dbb638	3abf0ceb99be3c0e0858b3c8894aaeed7c01320f0912367e08f2ea358f54ed36	df65657275a1205de328906a2db540da2964766ed56aee7e9838c81697730fba	d5a2cefbeb211910c105bc96b6d70e0b0779a225e3c0c08dce260365fd14b658	d5a57b676cfa9ad5932cca6bee72a89c254e6417999cb1dac6f5a0ce83b9c300
w121	b6a0d78dba8049e18a4b1948298913fb76c3db8659074d7df4fe576a5e128a17	45e074c1815b5252f74bcc0c7934b4e1b3201f2bb196a29a49beda7488226c2b	11623078bc0a513103e572516c21d07b631d826931dbd3fb3f7b5e58d4c7c559	f3433e0e1877a2afb3c8146370e863c745534ccd1cfaba10da031e72b527fc29	662ed97b0137cd727adca9b463ae3abf144a6b8692b0593c1f3d8bdec2ad9dd7	659f5d9df48858e28a23700d3aa94fa3168717da551a0600c507ccbc5e16fa30
w122	8fc7daf0ca7d51fa9c982d80ca8ceb860db7cfe86c7d2dce8ca5a2f682258b51	f0c8fbabe70a6f80ac40e9aba6ba8790c7e139ad776d627fa9cfe35eb48ad2a8	57189f951a53597c53708a8e4afd91c241fa6996596e46ab084981262aa3fda0	eb2022d4f59a509ed86345849500bfdef9574a46d2c6ca0718c7df1f5e0ffbba	8947c7fc076b2d40cdc9d02f59c7169272596e61de4e03adbc94f38f459d3537	9dd6e32287794dd69e4595d9f007fd0aabffdcbf4c06a5387cb5f41a455901c2
w123	bbfe80edbe54fef511895825e5396fc4f53ad25c8fe80edb9f3cc64c57ebdea8	910d5fb7bb4b2a6ed898ce565dc1dc84c2215c2d91fa2605fbc8ccce179a7486	1d87c7c334f49cbc862f35d77e79dbc597adf0376854e752bcf5ede05accbb62	420904a6d657feee519baf972288dcda97eb640a189cc60ee0026513769bfda6	3833c545e9de62af60aa6d1d0b58452bff01c57dd4295acccff5c14203105da3	368e44f07feb91f447156f3f4515d34580bfb5aeb65d282470bc76a4ae5d6a8b
w124	f493cadc21bae723e21e2cce380bf0ed363ea358fc2817cacc3a241389b8f64e	2689590cddc95996bc3c56f027c29d2486df3de1a2683cb2976c0cc361e006eb	4e731e703c51c94058147163dd088a2229f6911d6f9bb573da7d743e1e505596	3868658f17011a8c2b686675d3517e8287e0d8f56e8a065b2fa57cc796060ff2	ef5b5ad490fe0d70d510aa7018a19d65dc334df5aad9c137eb1b504b0f7d2b77	27577edb267407029c9b46cafa066f593958b21930790dfab6208572ab0c4b15
w125	c792ea0b71d1a94fb6cba4da525524d551f67f72a19f7203ea8b8b9eb3b7b77d	f491db8d7126268e65e9743bca72a084c63abd2e6ab55d6d89ce39397f9e5d91	e4e3ee4a1b9b763c436bb1290e5514790416c34aecec28cdd3d3bea5dcfec297	20a8516a9c5b19d9688e987e9a54ba4fb115cb3d3adb648d0e344aa31480ef76	8794834f3f4e4d63da44e94f47fd41c5384e32b01ed898831c47c683700ae9a6	a7d550937bff0f39690791421cf88d587fb6ce12df49f2ffd2829d0628ecaa63
w126	63a8517adf68fea20487acb9a14e569db3eee88574c5c15aad9c7ea4a603881a	23689b3b36f09f6eef899896dc76b6dc3e5ca566a8f2963e5f251b5424d1f3b7	97910c55a4e70a320bc1758c07435ae9198b13aede4bc038927c8c70b8fdf4a3	45ceaf1022a242a9c157f38a88688e3b7be65c91c5a950efec042f9b5d172753	e7e0e64cc89d814bb5c0541f3b5e397532c09b6981238be8216f973e795df54d	c94e21f6604508462a9ad1da871edb40fe0dff46daacd24b08a184d2bcdd776b
w127	c11afe0e880642d28c31c3e0f83408008beb24e07983f22e50699a32e2d3b4ba	82ccce037f64816b0abae4a42d7c7304c91df999faeb906a0b8a9ef5bb70cc7e	069ba7a8925866e812ff9054cab80f713271f3e7ee457ad81adf12f1c9f1e768	fedf69415446a78a06c0d2c108062a7324a5b7e0e70bc39c026c67b0309bfbbf	c90845dd86feadb55c176a0effabb61a6bf34ab270ea8809b0695a439a5daf3a	349eff658209e7b60ad187470f7e731c7ef40999ea4d6e982d2bce07f7ecfcec
w128	31291c1eb6a5499e5601ece788fdad74f9ba7decd9020898a520ded762d64684	2170e4e15903ca84fe8ebed8a25470874a646ad77d234544bd44be429ef6ce15	09195cba5b0dd95ed9314776925707bdeeaf82696307e398334cff16c50863e1	9caab2a4c3c7e718c098fc6e562c9c9c4f7c0d2e8d8bd969bdc14f659f9585ac	05fa71a1acac683c9be8da880fa56aa0d015c20ed4a69c3f8905a8275d591a2d	430e4b2e6dd263fc2b8dbad6dcb037c20be8b7764acc6fcc964ce77fac1d3d96
w129	2071f9684c73a873055c0c24bca71c237589bbc9b72fb4f6ca7188e439e34cd9	229007a8eb7a4c6de1de7e31cef915ae813b2bafbc050127c84b1bf921177007	51a1b8dd179e0565ac8bef712c3e16a898348a91eb9215ab518694ed53820c44	572267e2b702964b0bffd3f83fc2d50defcdc5e3e1a0f58eaeaea2306bd3758e	7e9c4f541a80afc1e46b0884fb7b88f69833e8dc95ce53b064ac694ae941e01b	d3ac37e844937aaf345f24a4002d4c858fcaaa4720a85d4091c53c3475b7c790
w130	724ccda6d047de7ca61b07c3c78418f9fbb181d0c02104912a0652a375d93ca9	9a0a44f8b6de2dd9675b0057beb2cfedf8f524f857a0268e531b2d4a90d67f4c	e69a22863f8cf2f901e1122580e1549add93ca087c33a718d86f48732966bc48	755fe3ffa3e24facf360d2118138e5b9b9715ae16b9b55bb7d22b6bde16a0133	26cab5fd4a19653048f1ac48da799e3292dd831861582ee6f5a36fcece9f8bb6	907b92cac93e5e015deacdc3a70a3f96917367339ef63faf538ba95df4e16846
w131	0c54f6e0e446a97cb97fb0a61327fc4db7aeef1769870b4d3416cc03ada85389	0f085d931c4fd77e6ef32f36245ba6534bd740e04ff5cdd9cbe76c6a09e31a4e	0fbc5d36785a480a511ea8ddcdf720f981dfae7966b10c36438155d59973b48b	6f36c8ae619324ccd3f2c15db3f49e096a791023b5c47651e13f2dcb8e0d6446	0dccbe8e8940336fbf7df6e997e986162db13af156dc373b7d3c7db0597f858b	769b345685e36bc2105624e5a0937dda26cd6e02564fb185dce5e77ebbc12e85
w132	380806fbb3dbc3baf0eb4939b8f702475eef0a4aded20ac2c2ae6a550c828b73	debe46ccc286e7e8d1b396558d6c6e79d21f7315aaf9bc4acc0f3c6e70ace916	b24664128a32224944ba4895eebe432c84f5e39bef15d3abf23169951bb4952a	a87c8adc5549fec3da73a394278355dddbfdf051ca9f45bc76d917c33c655beb	d3c433c51140ed63ae7100045f5d26edecc63cf79c9f33f1a1074a7fdf1923c6	80f2415df1eeafc5a97bc505c87e3f00fd48d8702bce609ae3e85d26fb6c51ea
w133	db4a98f6a81c720ea3a8fcdb97abe8788c02c6fa0ae5e014cbde4bf409f5fd54	027c0af674e571361d5f09eb1e9cbced45811e13c604ec1b801c2f279fd36e87	db52652c40d1e14ef9eb9f10751faafb00cc1c3a48bb149229d3ad758fd0f2fa	5f821285d08c2865ba2832dfe8004f883a01b4e5dfbc99c19d1cb0b150ee3a25	ee90e6d27727956d89c9b902cfb2c6b6ca2ce95a9cce1d56b897f25417a0c4ff	e200149f47eeb921ecbac0eb27fc51932f04e3f7495e70eefc24ea752bd71483
w134	bc23ef256fa7cefe7f224afa7c02fb49db9dd8ce84c2faad3582408d0163fc5e	97c568c15ef539ca9e7e8ec99e3c98dbd9f41318a542e5094583732f1248f672	e0b849ba5d1a35d0d39dc9d8ab9b8d2c802b25f1858bea2ad1096707828584c9	1a3622d9b2846b995cbb713f67d67f978e03548ef4a343420cd8643323538164	508661f11ebaa16003d55dd666bc8423cbea600fbd7788e0d86f8b1094215e55	fdd7c8dc8bf0973c896d6058d89742a46edee579dcba4584eb3768b1b61ec869
w135	6194b521b5aaef37ad64d5f6c2815a741f570ebd558c0384ed2ed269ba3f94de	df55d994b8fe98fdbaf7701f89acc56a4fc4ddf963c6399d157fbeee706a932c	0745bd9f6d0db3eb6c9990028e4e3ad7f8826da2299f7572a1ff25edc6e256f3	c1fe62b9cfadd82cd8e38519bbce0ffa700643324d45057824bb481b58a53522	f18792d5a8d8ec6e0fbe3b97ccbc14b084a3eb2a31387e476d82eaa4edf03356	dd539384f73e9fb8b10ad8275dcae22632b16e243beeffe44799f28f5186c419
w136	65ddeee30b432b048417a778101168c3671aa55d70d2367d56ff88e83ba35bce	190ed5fd4455426cbd3f7fc57850787b77ebb6b31537fa3b974ddbc1df5d837d	005ace96f31b651dedcf942d741c14f6b19c5c810b1531c3bda95a75921a2286	f25a1c52c446d8e15c9e780efadb2163ec715603daa68f41a0093d3237c91b73	4862cf911844d0c450de91a2f4565f0ee5190c905fc0e9a86addfced0da202d1	9173bb9c4b9b724c359ff896ca0846e849fc80d8c50f23226b73a717b91f6c85
w137	3844eb59d4c7f76d7844ceb0ccd1040b983b2b960d6e7cf36e53ee5e5d71c3db	299c789f724302b049b6524bfac04e5b1e0c33f0bab770472747edd9b42e43a7	d4af399ae7680893346f8c277d3a7e3940f5ea09eb7cccdd6878dd9474405e91	e68bc39947f12b6900b5251121d9cfab4423567fb0ddb4ed23a5c6b00bc316c0	429e3bf8eee1a6ecf5883d2c20dd2ac030e487ed0822bdf11fb77896f83b76f3	8d9bf28c23c62777f9600769f39cb3beabcf1bc13b03517b7b5206443d6ff04a
w138	e55289e3bf71c10a04bd30bdc3745fc775106e05759e05227bc98f8952b87716	5ea16d142aa2c7faeec79f3c67a32ae9f5d6e8dd28d2afa44776dc19aef87dc2	c49dc3e71aff838bc2f92bae5caf0448b43968b529bea261666bf573eb415a7d	e595a7c80e52e6f43ff5d8012734ce87fddd2e0d1096ce1cf4b68b9e62d2dcdc	7391687c17dc8417957db5a92fdfe6365a1541b8a85ed352a404ce4e64585f12	7c28f7481f859107a7b7e00c9516c8880fe9f9b743f5ab010a446e8d582322a5
w139	e67153d32eaab9f0b48f96db388f9517a78a637388ff568b47facab20f008f74	8cc0fd454be548490d18f2ac1bf8f8e97f7e8a38b043b47ac3d05a6aab4a91fb	2f2fb0bff9e124a041cb9e2fb822c007f5929e6989466c854a833eec64b09ade	f6e014ee5718bec3c91180c8493e9c548deee61e164f8f34876f229592129feb	177a6957718976ec0053da77707b04bd7d8c6ca84fc46daa4acb249114ad716f	a257c9a88e353a23be7873ddfc88cd2b71f7f2eba25e8ec1646eb02a70f9aa30
w140	bd7c632dc904ab0162e8e3dc8e687e4fd5e3028b20f03d823a789c4ae0b738f0	9d053266d39830f1d7de6ae6d161d9562bd2cb4e5b47045a15cb32d2dfabbbb0	20e94a1ab14457c198f0e4096cc9c336b6613f214fc6c9c606dc978b72a83f3d	f9a138a0ce36560327891aef1bedef6e0885f1020362e98b59a4dc74cc73cef7	641a82bffb7b4df3c792a2c0b7236d36aeada7b339b7abe274fdf3c047b7cc96	8b81301b42e3ae6fbf4910e33e14fab0b05bc50a09beb16720e47bd88ad1606f
w141	87a5431aabd90b2c5d65d100ce637c3ca4073563c0eff132d981fa0c121cadf7	06ede301490169a1e7c64172a64729a00e70897a7c0923ce53d965a9d9aa6954	f0324a2cf7cb7669d64806b73f7661b357b090cecf6d4aea498bec18526205e1	ab697f2fb253f10ca74ed588bdfbffa8ab3ba39551520bf0527624050e259ae3	fdd43199d5d509f383840aba594dafa793f37ff49ff49d6461712b8df99b1dd5	1849ed2c7428a0fc454fe4c122aca240e7a630b57ce495bbd4f75d40e7ed6828
w142	1537d242f5426bcb2f1564cb1918a6330f789424c3728c5c313b29d45bbb2a98	9b3627a03508c617b074018c40291225d0858690cc4387906ec02c10e1e34b90	96a64a786fb2aa434c51f85163e7c89e1e477cd90e96257e0b506ef2ecd7f305	434ea95e84e853e00c0fc26552c56d12d75b33396789f53afb48025724c927d3	4d91ee92ea8d103b2cb2c90b283d6915a97bd8f6e1adc16996800f208f570459	11c44b7782cec8e161331091a2e4cdb2a3f9d179c48c41af83c806e0bc7acf89
w143	c9211f92ff3a5bf39b3c51d30cda04463e4b0356583893c64159275ac40ccba2	4092e3cf11029c33751859df3be4d0e1537377ea84c0262e1abc192c8cb92b3f	463bcfc39f869b806f66973c53a6618978e44cb42084656a3fb642c9836a39f3	671e9373aa52788dcb6fda957f627b0ec8d1b01a86f46f9861fed11d1201dd79	4e4ddef4dbb986cc10e79a82daccf3d69080a8b2a9bb755f98da183118b7d5a7	3da60f3ef1d0c246062f6706c0de63e7ef136f1c0936f5eb6d5db8b3115244f0
w144	5655962b3b4f372e3097d92b00d4ad29867fb704961c9b0a433ab12a3d2a149e	c3d3a699641e22efd4468f642f2013473de1c7f8ba2e789455c962cb5c636061	915e8f5de17da8d3a40e2614e51cf42e970a9dfaa3c15725db10fd5922acf7f1	4e165b77423582a776a3dffbfc03cec5e95d5a812acf9c964bd99a4ea536bf4c	523c1112c1070cc6c4f94c9f75259891917282158be098546c956db690807b62	4a14cb9ea20350567e3d739c1dfb19508663c4affd8ba155188b46b8e5ea176e
w145	d611dd18c0da1dc99957293c8178cd5a49de4889d0604ea3ea38c8734c662e2d	c47bf2d40b7bebb60e40df23e8f4199e9deb74ce96e7dcc0d43c1c6b4ebb3623	ab625c4650e37ae625b007baf2cc3af98a9a6f324f16b116cd671a671b3c57e0	61272e5c83c51d6e89454f432af8ef83847e8de2b38c95c914d996330f178d7c	7c87ef617179459a4943f20ea5996bf04268b543e602623c26343175be4b4f9f	a23118139edb53c83f34f95b2fcaa9233bcb5f12387ce2c4b8f0069c4be0108f
w146	cd7e7ab9ee84ecdea0702efbc8408ae71c264f3075e11eaf6288e2eea954b8f2	e903b8107d855ba64c7aba32536a1ba6d686c6133d175ed3e04b439783485128	9575c705eb30eb38ed37d9506e831a2819a71a834ad04c3b30ce492028ef483a	ff7a16e90c2cae499a73b72bba5dc48427bf0fffa254af0fbda15bf1b5ecec75	2014e308582fbb88505b8cae082889498c1499ad8b32964f528dc850c68dac81	676e1760f09783fc62b1ef583a58d93987bef2030d32847bf9a5f2ac5fd975d6
w147	c0c8bffa91b897c030698bcb021acd5b3897c6840d959e1563360b8e93c8c47d	ad0abce5c5c3a931464600790398a806c604147980b1266f65d436a7c4b6df06	a854102579025ced050f7ed4ba9c9053b782e42f21ce3289a94d15ca182663c4	3d1e95d29100ce5ac9f1212f78e8e215286d51f0be470d34fa07ab3ed5fcc2db	b973078bf980cda06ce45536d07e361a8dbbd9c9c49b67cc2cac6b51f84e3d8a	f09c37c6e39ecc2e1912c981be0ebf7a4507bb78923635338ec32a64930480fb
w148	636ddc18ccda5f1ca0d61a5aa0a847906be90c95011bac1f5b6e7f3723c45f1e	993f239f9b63691c489d1602052ec0590ef95bd99fd3f091efb282589c0ec3d3	c10d69763af4cd2eeeb3d7ecc99a26914977c3d1e08bc096e4b29def5ef03b64	cc4411671c877643402c8e583676b59f913280061ac36aca6e21d04b8958b67e	7e547162ce1e4281b5377ed1590f5f706d650e1232c0cd516abe30235d65e565	96d98dad2f483fcbd86ffa07f6625369fea054c8f798a1ae9b1ca630b26a52f4
w149	bf03667c2e7b7cfcd91b66d99b8cf5e39e1d47a6b6ca1d2abdd3f36cede3881d	a518bf6816e7854ee2841a82ed8d985bb39f9f9586ee08009489964b436bf055	30deb2f45631bba774128a70a01632368f1b5b099f8d7c67ae70e9ce7c1ac0a5	def31776ce1338678b973f1599fd3e1b813c78754da56e93d72d82bda82df774	3932b3ec12f782302b4239f4270f6b16dda22bffae5f134cfe0ba7f3ea1385cb	58ca864b1a76eebd4c00e3ee67321e6cca59ece82a8ef4d0dedbd3a53502775b
w150	6cbe17631d3b3eb35204506c56e79d7625a0d71f7290ce1453d2ab021150c583	d18d6876da6fc1865300b46a43d515288043f4b83938c55e0e14aa7374bdb9eb	a8727580836683cc56a67d4f294c736d33b08136435a9f885201b5d933207cdb	3514863ef1067bef8ead61830bd8eab47c271480588d6bf610c5334e1d3aacab	d33835ee9b26eb65798e9425bc4ded37f74f40e29c1e2c3fdf53db95cc2aead6	fdf17848d3bdfcf36e1c4e58025a03951b795e28ff231df7dc3e655fc3af4718
w151	6464fe6075f5c977e33f0fb85a0cb9b8ca357ee26c7bb17ac97ec921df756e39	998108a15df0e7de3248ee5c212c082fd1e44e09ac9274e9086026bb22289d30	7319643e10b53bfefc98df793616c22864944b0de281b432cd35af16837e0640	32c486f93581c94ebcba29734498bd83ee95453f786ade564cdd9c078c3954bc	79f0bed5a7f3bb4dd4eb2075eab822e4ffe680aaaad5c68eacc175e237b03c92	3b30eed52473695d86a90b8f43b698d97e81edb5fc604e6e1434689f3936eb15
w152	21d47fd823a6814a727f6ece4ccd5a52ebf3ec97aaeafafa890797b3339afec4	b970adc3d59f177085211b55396069b48db804781fcd6e09afeb610257c461c7	b593c2499866ba29a1c5ba737597abaf81401cb4bde029024382708929b9e5cc	a2a8725679c4cb69bcacd7d0ca2409968b88caf52fd6913395b85368513eb4ac	ab779cfe45e7847193363be881ea736daa47dbce6bb66500895d3bf5f88c0fd8	8dd71ab88ed88d22aed9f914b44b2fb72b0b247c44b0a1c600fd25c191ea8eb2
w153	ad68d5f060178646befaec63754b61c57688c9fc557644bd225196b811a9f142	baa0ee6ed55c01215bc050468ebdf1f14a57194163a47119181bf4a203002d6d	b1632ddaec2cca90e29ac101b961e2f367aab0eeb6c0a8465b6a0bb259b65cec	f2a6f829cbd9696218e7cee482f7cd217f6a676f210dc3530445318835b2f265	721263b0a589d921909075e34f1b6d177fa6fb26a60f0a57f1fa9a5dcfb053d1	cdf64aa1f62be1514fb7b4d76fa5cc1b3f7186a29c40154e4802a576fab643d9
w154	963003f29f319b654434ac7fedee0e30629a95e3373932bf1749383eaa68489a	128fb5c1ebd7d1e970b8d797ab6fc1adf4f287273dcb08bffce2fa8400453228	f92225968759cd5f30d2acf39dac0c9a92627dd2f066d3a909ee784a47d9b0e1	eb94e02f536a8d51f8deb65c97a3e03ee7546a3e775ce5efe98d0238e3390513	cafa460f46d5027e8349273fb47ccdc09dbaed567c848f32ec9801cafdd46547	3f0bffa85cadbcb10bcfe97bea45cdd9907c637529b75ec9bf954f01775dfa4e
w155	e3107a18e8671269b52a20bf5fc90d1fe6871f6649da77b06e96f85e0ab49f72	5ee4a59e849294d466c741eda702694abff64c45aaa33a1bc8a66ca05ca32c1c	bb9de2a383158050d71f87d937e5f784f9221f2c56dae4bd5aa82d1695089e85	85267fcdf94c00a32310b32394a6fdf32e3bb21b76ff51a4d6af5de77228b57b	e3bd9821e4f6fe576e60798b5a8bc027237069ce716e79214eed2d99396bc996	484ffc9345bdc86331d236b7825ed8f096a4fc88afc1d0c2f20e14c68fcf003f
w156	b26fd48341c495a06c6b41b67b52aa35bc3eae590faf26374d1a944f70539de1	c45df71512e159b5f15f4cf2df22daa9d7932faefe58a2fbfcf242dda4ea3e79	62d0eb79706c27d6b0016b4e6a71dfdf99a04959d5a5e83983870bd687eeed1d	21c56f7a4065529d3a86eb51a225bf6d2566f61da1181202e6c3ced12b5e1b24	d08b20a9d4f1634d676fada01209f29cb0ea8ecb99bfb1fa26a5d1105221b38d	714fc8d95b745df436eece0362be1c173a048c63e31cf6d6432679ca0183845c
w157	0e40f008ac65670119418b7a9d5d5cf22ef4648c6fa350c3c5fd70eec008372c	2fe01a44b15e265b006e1e0a711adfde72d6915d67943318c6b4efff47cc19f0	25a9bfd63a1cd8c0e78c517f82ce6a93a83d48671cc5bc70e1ea1f1c81e00f9c	97b65fccc87f5ac523c144d4c5bcf9c6581236591840ed83cd3caa1bc06820e9	b42b2ecba0e26bb2b90c09ccb1ce3fe6f7bd893a8b3dc8d3dc18085bdb1ba46d	e893d0d6c2910e25c2ae0970c1d341955dd4b8c556ef76134859ef56df985c7e
w158	ab271a0affd1eddc4c96f11a828a14d55aba760e8af63ae488599765608c6288	bdcb3f3f3dd3eb68ce8ac2ea9fc1a29c77b9e945b76db3a829fca2e519308d5f	9c9ea7b96393766db06ac959c3c3fe047b584e2ad9f33970aaa187b98543c655	48bb2ed004ccbbdeca3bc8aa1c8420f1cb599194733f5ccb5bcf94c73977cb0c	568026f189c7f9b26dc15444fc7e70d64bc9cba40c08fe9d81cf8ebb4c804d5c	87d4878c3fb9f8135b1099d7af9d26ef18a2a5d709e67462ea0339a1051dfe4e
w159	d323a3ca53e319b985a427886ba91ba10c7cf84c5d43c0b22dbe8977989d9bff	04395cb7dced769b508ac240a70a1ef1724bd5fa5ae879e24aec97e3ab509ecb	f13512eadda20dcc8eba66909da76b1922b145b01326a4bf27dd0c6f0e05626d	85fa4c3301bfec28becfb711892b692fe2437976ad121d7c7f741de89e909c40	a5c222c72095640c9d3cc8750ae341519d2be55ca6ed95e0262704eba7c00a97	807fc699e2b7e37ed4b352e67fee8052b8b465fde2ab5b1ad299b7e4bc0f3dc5
w160	c407ffb0dfcbc38bf19f3b3482eb82d5fb0814920444d7b378feb09f6ae24e3b	ae4537df6d9ceb76db2c371f6b1c344e6096d4a61dd1b550a43a1b9ef1f99d0c	b8286014e237cb47de507a26d925c7b07e4f2a150e90f40f64bb1ee5a1be0f83	9a9a16d32ac264431318fb703c1ae6405b4ca505f4713741d780c3ecc0a8b6fc	7c812669934502f3e52e011008d396e66321e40ae6025ca0acc490ec971af76e	90d8ea9598aea47d1c28ccafc340d101a950921e97944e3ab25f36441be1e4a5
w161	abddbffc6ec6ffff256145b938d3debda8cf7cf1d434f94673aad302b053f627	0d3506a9dd81679229fc1237ed0be53bb7309248fb9b018dddc86f84453913ce	b83edc17c59d871baf57ce6dfa2b1f793160f511dfd3a4cdeaf1ed4279b41a60	af1fef61cdb5bbed765cc070975d9faadbd905f771141a56364f6882f09513ee	c9d17ae620e3f86884ee4ce384ac8aed7fabddf192d575f740f1352101b53bd5	8756373ac7aa08660466d508a4acf2d03aacdf16b607cccf9c221ae535f8bc3a
w162	d2041afc7df1b2e5d5b7098985a73e1cd98cd376922faa4dc7c0fa33d762764e	d3649d1da988286f1f07444b40ce9f99db41063e76fa50e9449b410f6e89369e	e40063cdf8891c2d98b6de34b49c2868dfbeb9309404bd479a244c4720fabc41	5b94c1c706e4c2336fb79d6397ffffb70a471bf677518eea31172f74536aae1c	afa3772185c61f08523b37580120a9a1ddf38bd6dc3b623b61362342a4728aa3	2112199fe38fb23c7393d1f7f35b9c147f57fcd012fc2425b17d4ffc44c2ba67
w163	eb88274759dac34cf7df4261489a17f21d48fc264350efdf4a4962a8c61bce2b	1e6f39973ac1298f66c077064666328a78078e073280487740267f6048545a38	ade08ef7a87151430cc0badf141b323476ae7cad6160bf561610ec662dd3471b	e666fd81af50fbc38b5e23ad04eb951544587b67f33e957262f7f4880689687e	97b1193f44ef96e81d06805a070854756eb63b1c7099d1256b1d76be308e7d4b	512cf5ec850b914ab574e092bd5e9fa23a1a8ee8a71f7e679ae9d43e5aa380f7
w164	ef55ee10c42e5fde37ec7ca8cd6a0213800cc872e7af858f39e31394e1a4ab51	8b6b518cfee118a2b48d2c796c8cadb7d2d4ac2bf2b0f5522feed3f9a81181c3	6f8f00b9b3a9ad1f35fcb71a46fde0350b7a4d59a51c5f3683ee83d8f6c6e82a	131069e42230686ec069e5b1aceebc0bb5124029d21e1a24f2700f36f24abc38	d25c9f26000762d450973508f0649f1ca237d1ebd41798931a06911c932fd72e	fac213767ab6c13e32fb481fb90fd8ec436cb0c813a2b9d665cdea4832690b99
w165	acce02e94ad3aba09a89efd7fcc39eae53f4de28c4164a9b0dabd22fd76618a4	83d89531fbd9d7e42d42141a022a2c38c8d046af784cbb64c99b6ee98ab488f7	bf16a206d1ff4aeb8d33e77824c756bd713767f25e157acc9970553ac8a29d60	38220776bde8c8671557c8521896d2e90b0a2e3c199e9d1f68174e5eafe8443c	8d37d89ca52c182acd1a2f946c1e76036e05856563bdbdc458b9cc32b0583741	ed792f006d952b4d497396ea04d3702d725808d8b07ebe68d962c7453dab2329
w166	3f444d0a489b46fa8e1ffb7f01b48f380c1d83573eb090773255482ca72eddf5	5809cc193801427f9a2819b9e8fe7f4b2fc8b4e1a2b5c4493bc655c8c9ee6150	08bc10eb68976649f9d098035fcc76bc6ada30bb8382247284c389f7f4d78558	29f28dcddbf639c3a9b19fa6aedfc6b276a4f0fc4cff3a7ec372aa2a822035ac	e8fe5a0d1ab425d0531c83975a67bd737e75ae50eab962637b0e9107bc662277	bd43335ab3b793ea0781c87e8d8d8c7706dbe1ed1b895bcfb2ccb9dbf85f3845
w167	e8da48872e93debad553093bd7f9ed4c910f29d2b516c0202df6dbfb975ef7cf	4146746c56d54c195d4d66c022223ff0fce46bf922ce7610ed804fdb0551b367	1faf5b6f871d612e57ec4563c78594b1acf1553c39987b5668c1367d3a1b473f	9a4c47948e6d0ec9bfd6be0f84e4079a98872c51618df8e5cf62b0d8977e8620	e003bccf974e59e63365044f0a1cc9e4b8263269be66ef2720d07ef0fb048ea2	3775c3c4ae44d2b44a01b361b573e61ec2cfcf8924320585b5520cc312d686d9
w168	f565ae1eecefe0b91260adc496cc55cc3d644f868e6c31583564c9a45a22d10c	d06a22c5f7516ae54f1a79a229c4b30e8bc11ffe2eff4aad302f12c7ea61023f	01c7b599abd0cf62455d855e3f22e674feb0917e49d4c9a902d796934d1f821f	df9855ad1943e6d879151a717c09cc30ca25752e082316e2731bf67a71a4c494	4d98eba68556f41cb2f3b8c5d4484c48d8a16b50b31319add15b216efcf23093	2fbfd8067b66ed3e32c93e0fc23900580e8681d89ec29c903dab659d705925d9
w169	88dbf26ee68b30826d8a0d899b4ba9f96ab130c1f1150f00a67818d43418e5fe	6ecb3eb62d79568e84094a7483b8102369fabac801fc3024abf1c7c3909047ee	29fa7e63b9c1c6f43c79312cfbf4b7d1e115c85c88c24013ed3bbdaedd758b7f	097edd3e0d71ecfc828a525796a12f4f03f8d7ed339299043a0df86ca2de6fc8	bfc764c971cef00ed2b92abeac2c9df6fad748d9cbaebb43d662f4ff19e12370	f23eb33d277cd35c712a8c43618f2b700f76096a38b9f430e74a40fdad038400
w170	8731bf2b3b2f3fc9274edf7e6e29c77bac89101d4b2f8e23edad55f57da24f94	a9bfda7cde03a4e62f8f825d4d3bda2c898953ed1d6be56a808925eecfc8508d	9a40f3ca796406c6877a0d55e746118a71e8d7e05d8eab4a1e0e9ad5e3c2937d	02e9fc20158e11d7eb95edc5d35c403a5c2a3b6e4cdd12cf7a51e447d46a7552	1b276f478ea6251ce6e7cfc4760d10fc29a4afe2ec6ab84a910e35bf00def690	717446a3d9603147b831df45a88bfa2c370c968e1da9d7dfdf0be138986c21d1
w171	46ed23d18262ffa327fe1fcc05fbe7a1071df2549675cf21893d78a165cb0a6e	d3ae0dc1a46f9c3e4949ab152afa5bc900ce0715e30cc7c34570fbfb2ed9bb75	3a87f43f53c440ce7bcc0290a2f0e6bd6064262b0153335ab2afbb961b6b5a2c	535993591bac49d03f7c75017db1a677ae6c2919a59e14a7ae00752217eb9971	f931f529969438f70f53d998abf488909b3433051e63d41f2265f5e208769140	a080c3a93ed0f662cc21bca501bb6ca79e6fedbcf258aed0a82046ded7ca6bf6
w172	6c611391b6f6c83442bdad3f62fd84f9cf88e72bd141f25637e3383b95be7676	64b86077311e11861e2bcdaa40a3dc3ee9eb1a848d72f9fb5689ce87ef929a03	2663709bb40c773c1040d36fbb131e8ff4c212bea73dcd71cbcaec7fbd1f5203	f09ab2a602af37b045c263a87ecf4357901a4d7c797e1d3be1ae41cec96f7f4c	3dc066d295387c4396c89eca68a6ace74ce15e8c84ae7234aa760481d7cc9e61	8fcfec6b7b0b0769d98fb231896a30d08c5bf7adc7b4fe4fdfa94743ed44b0e7
w173	b11b240f083793c1943556c115e73d402ae34a0556c9104cb8533b0812a0d8ae	883073ab43a5215039e0afab8e2953f7fbca0dfa268bb5f395744db8ef3d6d71	ef5434183173b827dd818cf981c388d50aee923b25ffbc34c29d891122b43c0b	6f2da93989d8dac42ba3f58b02be18c506d99034ac030a21d5bf613a6fea22ba	e785323e37ffd88d075b88ed513a84d9bf08085069684f067d7cea8cceec573f	08dc7fe2d56596fe43af46cb9afc32719e213cf247cc5418c7663fddfe3864a6
w174	42757f89a003ec10944b641396ef9ac2d1754ee2342c0d99751ff5ed19de4394	590a15c122f60589d6d4cda99388511f2f88d960c0647f3b7e46b9a30dd05378	716da9d9786847b2c3bbf3c9dd5e698a695fb545f90484cf68596a377669f7d5	92e205dcef7124fb3202680171ef59a36a4e6cbcc7050e32b32c2ca10659cedb	1f0b7fbc11ac11ff95f223afe1e6d3cd86626e48bb9e82ba371d64a228f4a121	1c3962b1945b28d4aa071590a9c74377b82efd6b990c0a5bd611ffbfa83f9a15
w175	1fdfe6e2231b74a911121c4689ae712108b5a0072c570f012af7b400cf24b188	5cd2ac3ad9ceb4687082a70519be9d0095bb9b582b07261372e781f21b813274	7fc10a8e623af58c02be70468fe42b3432db3e7170d554102af87e8734d4423d	e2a8a9e9ba7a6c9109cfdcf3bf625f5b2112570bdcc5b68cb3387dea98c70fd9	cfddf11cbd87fb43e80b8fe4622664405646c1594f78e2c8138022df6104bf58	0fe7b8529cb1cd64d5e997cbcec52c67e4c3943b1ebe459ca9e2a2fb0aa1b0e6
w176	3015da260b954432844da9c3d734fb9204df1c3ae98e03488e49b8aece7c22d6	47c2ac649bb2d66756ee75b884a1f26f338f3f0b25a89a7825252375f8d5457d	9b8677515ca1eae2ff6773415f4a99c47bb6c9648ebe45be3d38494de97ae235	53034e0538604ff3fe64fb6573ef05aa88464300cc3f11462ec505541bc02511	dcec89170f609b239836555bcdbe39023e4e1f3e501a1464df83707e555c151f	712d334dd800ceeaad8facf54a5ca90e9656b916f5a9f4222df0fc3e6e36ec00
w177	48efe459b36df8e7f75abb7294e6905569d42cee972d5494f11f93fa32447c37	2cd68c0857f8cc8d56c10661e6ae1fae75b9b05da1ac46adea03394c55239d6c	bb1f1839dfebdd09ee4aa3555c39ad3554d967cd11853505796d22a18c45954f	77fc7ec84da83a4c375d4e8ed7312565e8c4e4c1fcdb30ab0aa5eb8a62f59515	4bfdc478575627903a0b32432399314b7a2ac102c7949ddfb932eac63af7565d	2745164fb454084fd8ec780a4c9c6e9f2a5b3f13a6dcfe62ce1c303ac00f4e16
w178	4fed5d5428d121a1cea089a396d884cb7246c32daca6162eb94d87ba5de850ed	6be04ed378503e59239b40bdd67f288752a3274ecbf967a791b10c6a3486f9e9	e3cc5844e70fbbc85559786d5ad915075f482220df7fd935dec2a5bc1bbb64f2	8788b5c5d8507dc6f9bc4eaac972c4215f08e38f43604d6de6c829b21e52666a	497462a8f938796c84d5545aee78abd06ded08162e774f14e86bb00433d238ff	2db92c3fbb578eddcc2dff5c02238845768903950f91a3cbb62bf8248c9fedd9
w179	5222c6b4efc8cf7cf7cf03883fa059471bf117206356ca6db40642e297c17e7f	84f0ebfc84ce5774c29034107057912476d966e95e1d23a5b96b510416e80592	1420c7dc70839cd57901a52610eb05d06c32abc5c1b71bcca5f38a478c846320	6e3794682cdd258d998036885a8227307d25a046dca10495016e7ff4cc319c88	92bf8a134eceb3aff3d273878c17daf5764ce4d599a5a38a09f0e9063da23f66	25bc96999b7e631d62487c1eb1fd0e246968c00f11f3b27a6a80ed7ea91b2659
w180	cea4f520c2a9c7040af30255c6320145366c4f8d7e51c01ef6f7034b8125094f	65645d8667586e6530c49a81688186f1fc73f1d1574f4a36cce10f7447efdc94	c16e399fc7b655d56054adc7114e0e15fc2a200e0ef8f9115b047ed3805a41f9	0eee286d061cb5a5129a0360bdbb2d24697168212e49be475be7de62b41f5c80	443a9579ce7f3a4d423ee10ee5426a5b1122510f0ea1fe8df5d42126b5c7b416	83885f184359f5e5d739fe53d22ecb4f12dd336db94e85071863c897eea6935b
w181	51a97efce14260de3c2c25254cba929d77e032fcd7842e236a01247f2e204b53	afe30b328a8a3970e863e88f81cb08035f000eccef4ae254e7f3d9da3d18fc86	750440d58847045db008bbc59359bde144bf0f0a582387a12867ba74c1f88e85	4f64f983a7d6d1b43ae86a098e6db2cbab487822e66bb08d3f44aabd74907a81	1e7b85787e23648fd1c6c96edccf6ca4b140e61cde9869edb3f16765b325d041	aadfb58e8b72b5552b1bb0a979602ff4077810a4e0c0bc0c05d4fa63e5e12b06
w182	80a90ac7ca4f86a41ff76fb190780417ab9de24386281c823768a657c56354ba	cc737fb99872b267e5d47fda8e0ef938ed7d508842d946cc533b472c95d6dc3a	d9f18aa9ccf0554fe2a365f9ed3c9df4c7475b3726477650ecb13570904ee569	5b3fa875f75d0edad259510aba4b442deb25f19b5a93f47eee87fa9a42603dec	e2c2c3f3d4dbf1f3a3ddb5a0938e09bfd70d17b1cb1ea4c12fcca13b85c75fc0	65430541a5cdfd6a4a1d57a4b8704bfd967549c6479f73fcb1691070f0ea52cd
w183	fc1fa8d53e16d9d77eeb4a39586e4bc31005ac5ce20913469924f45e60dc5eed	c32d8c674ee81c66d3a485b47d19340daeceb9af7859ef31e28c783df6ecb82e	cbf83b40bf6eaf317066d3fce6755adfdc92b2a80c306c0530a302c1245a4dc6	505e18574a327499ae4a09ecf4ffb0f2fa6d25852b035130dbae60a1c1bc8492	62c57a523a4810305f2ed257b2eacb1efe40a588408ed13781aac9878ec87318	0e1f5d8a64390ed51719c75a6d5c5f23fa864f708a3045b6c78eeeae86f584a5
w184	68bb25f3fccff0f73e3327c1c7d4dddf5eb012d3ad3f977a5f788439a7650c0a	ef0ac2571ed9e3db62f5679529530f14da0d24da5be0256e851a10e4148d5149	f0ba0ee2a62d5fc694d80e6aa1735662a7f218d8022bbcd876080c12f6e8925f	3a42d299ec2d97197510ef159e5f4de2c12bbdeebf80abc004fb208ac9f146da	9ab3d6cc9912742aaf3fc36378ed2e48525c70c1bab13e3499ad5319aa6084e0	fc6e86c96072b4adec1e0f68c261e709d1b8f0589ca08aa0141c594ed993e1e1
w185	5624d712bf25c9c2b04a90d2ab02e2c8abcb79f50890ac6f51003e524dd8ce8c	71f11360930fd83db5e98cf8d2ef14fd193bd289621ea62f8dc437c7831ac90f	95e24b68455ee39e8a32b5abd3281e8fef8790ecf2028e069e14200226f2dac5	ea7a88c2763666f3bc8f2b3fb5ba1d703c55bee8243ba1ae84528fd3b521329c	8166ffa79c22affc7089be61f48ba87316d325af9ee6ab91a5e5f90e0acbee90	6abcb5363122092e16e51ddb9564014f0f57b02cd6511688b0b0e9ae496a18cb
w186	933b76d7e78130cf7c5ad4deaa831d2dd564b1aa2b389e941a6d0c6a54ec9cce	61ba7e51f71ca0057ba8ef3ef4f66628537f94dd7fe3e53f16395b128eae9a7d	811c9e43b322742f6940a12e0c5b9f09f74fb3894d10b7a9e847032b029224ff	8eeddb681483b98daaa70b3b82306cc27cad28bc587fd910f9134862ed17622f	b95019f6b0b54593267a2c33289a08cc52e0db2bf7ceb032ae74939d646be26e	cbf88fbcb4dd30c2d7684fcbe68682d95387b4bb2e86320f14579544a1dadc21
w187	61c8cc42407421fd65249f41047aebd2c1a9f1dcf1bb913e762e648dbfc5990b	2c9efff11cdcd20f5188f85bdae528a84e929a1beed5ac0cc62b77ae1aabb517	057fef1978954b6391c01ea38896ab1ac3b0a9c6140eb22f5d9a50ea7f233d49	b6cb41073d08514710a8023731fbb993141a6976eac26bba7f2db3ee8d3cd371	d68c68f1135963b4e60e8313d954ca02b3ded77dea1bc7246b59b398e54f340a	9031fb61c5f2a119f276e8eff19289e8d48633c2ee3ee4f0e58dd0ed7ef313b9
w188	35005da194afea391b91be4fae7d6e6e78893338c4478025ef49382cd7da2642	b43b9ad80f979916b6053db3c05a590ebb87e4937a6f9fc1f27e102f7dbae662	962e8c40e90b6af95849ee53eb823d4b4997bc98771e4dff241c9e2bdc40e2f2	b73009e81fb9919e4d3026b4063e4930de7cc85fb658e9a943842c4a825a06a0	1ba46c68233fca4d5a36dc6acfaca26a83f13d579fbcdf98c2a9d77edd5ba1d7	282d3f64b8978ff3581ef4385ac43f17834d01cf033aa56989dbd549de0c8784
w189	ba2770d5785342e1ae09d02a5a883a645a6d70b7677c82195e66707395eb7e5a	e70e0cce48afdabc8d8dce2e02e1661d66b83dc2d5a10fa518f8f46451ffb25f	248174a3487dcc78d2eda7bb400397d283259c824e629642f2dba6d48886d936	72beb40a85f4a20ca0b1ed36bceb1fb354a209be6cf4b3b590323ca8a07beff1	19d986c56b4d7262bae86ead55158d988c0a0a807c53ffa4977347e2033e2270	78e78c33e0babfd0ded050aa9af70a73a37b2187cb16f0a729e952ff515f227f
w190	6464f39358893d7fa9a1f15499a05c1888b70340eacb2f444ace13b4ba77a1bf	ea054173cf6a65977f33c507fd88b8d57bfd0a1a34d59403ed27aa9c90e7edb3	629125e6943f345717d1637f4de8443024b0e7afb878cf142a3998b8aaead96c	6e5c3a2f5aeb47193c9a76bef12b4fd38332ac3bcd5caa28e4ae2e72b0986e9e	af914e72e736aff1eb4ad3648fe2fa8282cdef0f64030613963d9781187d0fa9	b2a3d25e14d000e5e31d9215627673197b3bd811c012a015aa1f96fc65c1ec63
w191	7019f7f3ffca913939e789ec85ce2f2b803544453ebdc3e136de1715ae2c80c8	a77e7359ea35e79469c03efad4333811f484b1b91ac4b760136c6bb52d1638ad	1660536c307e949c907b297a843dd450a3ef4a455e6323865fe71b79d4f8e406	fc6f7ccf884b1825dc4d6128d68ba3339af8fde681a2d3f77701a24df7f388c7	6d386b2200ac858199ec1ffb96ce94c3dbd931c0fe65dd8c2f81007a5fea0ec4	1c781a1c5c25bdd766428c6bb227b5a43bcb5a363775f06649be52fe7ef8358f
w192	0e41c3ab4da407f7ea47203f375210112be65add3f54c6a6a31e936de9252888	bf4f01ed12749bcd0ede117b6cbde9b4fe8e060db7e802d096b658e498ef979c	c26f8578bc8b6f237e76ad6a7ed1ebe05a7c580c98bc5530c1f51e0173b0eb1e	91477086e0b098915f57df729d4b8e06bff4af65f028f2fbf33eed7713cb459c	16e1f56eb9ebd5d1c2b7c08d8b7eebc6712c9e0d3d442b161fee92c450fd21e0	bdecd87543e4b1fbf125a63468a9f109a442d11c147228ad09add16ad7c72049
w193	5f3efb9d11714e7794aa448022f4917b061545171c6ed1793014176ec53e1db5	1d267280a3eb7699c2e382c7923698bc46e48b1e116980e50236355bd3594d41	c2a85d0dbd64e87e9b9ccfcc7c34479e0978a87449d810f4fc94489d877b6c32	a77a75e6d2110f7ba14b64bdf7f30a7322c67e923b7e81095c50a77fd6c31ec0	6f335af2b66a5fc4a6dbeeacd723e1e858d0675237d64a4008a933c977aae7e1	dcfe3b2c0d739164889453043e4aa6ddfc01441a021f31395bafc2ace2cf19b5
w194	306e33e5d7f2e963857a15c5dcf61ab89ac40c34083a891d1a32fa5772f1db49	99006ca6f8712be60fa5a9d1f728b00f0e87a8b8fd4a6fe9f7ed19df2f9e1677	b39b272df0f6d969a2dd8ee629f4fec8e404ebd244216656fc60ae96f2cd5577	833d22c44574c2507cd0a0d5d0fb4be7924436794a4df9376767e89edccb5bea	ee5e99b5325141091c0a6c26c4e4fef466624c0ddd2333af0d650d33e91b9f64	b592dc00d694c4c986a5a3b36f664e1b9b8c610f3b20d68e27fe1f980760405d
w195	21c92f7699c346f5327286be989dac96050bb674e024f4db105f414ce9dec3be	84b7b6fefa9d03c87bf651f6b96c7ef6ae5208ce907884c0a4503470dd46955f	fbd2101d4f4e2f6b4e6013e7e0780d3687ab333136fad0ebce08d6953088e3cc	60a60ba5bac1838b18d236251650874b02c1cdb3670265ae4b00d556fb158031	af301d315daef4f3fad7fbb8791b554a8dc895c409326be9b56126ea21507b3f	392fa0f71dd2d4ab66d38728dd4106d824a9f65a1a229c02cbc4f107025b8dae
w196	888657e5fc0a70bb266d2867166c092e6cc366921a2419911750b48133967a8e	be55e2f4f6a1a788208b21d35d4c68e0655211ff721e320468172acdad2d2555	c0ca119ed7d00ed834c2781b3a12f0168eabb80fab23428b7a855dc6150390f9	0e1d91838208ba9fc722492a08d3b4d951d5332f607a3560d2758402079e1961	14f90657379a119c59b405aadaa97200e48d9aec9c1457d03d819379ba50d3a7	7923c787d37109a5f153b1e4a411d1e12df3b83236b0acfba07541ba251a9b79
w197	f618299637b8540aff38fe33eb2606b01ce74bb1b66ca1bebc73d3aec957a2d3	1b36f196cf452aae672c107cf60bb750e437b659e8143eb8e7ae112d0b565cb3	401c4400a7478038ea7bce6d6ffb66c7aab3289f8a3a000e64eb653e71e01152	348e337a31f3c11963980ab6cb54b81feaf70f2e3fc474a6482d1ee846ee7094	d7ec84027494731019464faed69174e019b5241e88b74ed6ed80e1956455bd17	80520acd19f8f8c4bad9e376afda368ebd706422cc635069e548b4674276f79c
w198	d4d06660fbf438ccbf686c6c61a694dc1ae4bdafefd4fde60ff75615b10264a5	8979c464acc680d43e0ba9225e6408d9a9e790a84ff365e0dd0aeb76f8b24f83	756cb3d50c9fa74f73a2470dfde60a80d304734fbc2f95db6e389aecb1719a37	868679a817d676cb0fe5b4963978c4444f8bab290750052b993fb3867e860e7b	bf28a9b14a5cf605d81badd9d070b092ed338067be1b41c9df7dadfcb2b3811b	26f46040263653004bf55d6409ef980d2f9a59ac7e23638185a45f95e33c6fda
w199	19a5e93c9bd99dcfa073652a9cde75b3c75d12638ab80e41d5d0c91fa2959a26	6d02d87d014e0653d23bb2b51d0d348f5db4f5fb156133a425b58adb9ab8f8bd	7f0a2506e075589e30d76049e158c50445974115fc62bb9d00966a7e3faf7cd9	9ac6c0720167b03118094284b0acd8a2d639826656e7993033d09050123f775c	3ebdcc1611833913fb9e362a096f4e1360b3b20c06c9f57f7e044bd4649fec4c	557086c162c390f15d8e632c4ffa9105342462a92ff1bca14663ec86a54dd953
0	2fbc600d55a15738d212585ca22bc06197131fd2c9c55f0c65f54c4adfc03606	23856764c7f44c2f6647f689d23da54392dabbf0d7893dcfb29cf992c1655316	df920ee12eb33cfbb8c0c3ec4666b34b2849ce664120123464376dcdd1a02533	ab38af2730ebfcbe1f201b53db5b49e131d930d1559b1cffc7e17aa9c090426e	0220a76c22bfc3d150b2e6d5be3c9f9bedd1e6f1b32d6bebaf6797a6add67020	e3597b3249870f9b65774c7396d1eb74aeed036a9656f7a1c486cd7dc05c3597
1	c5e86967ecace1af9dae9d3a852d9455a8651f2294268d200b8f27de4ee4b4d7	abc5453291159dd6f6a05dc78ef2e23a61a2eabec53039340e22de6f4e6e451f	07829c548e6d112867c33998c0487c4bb0cc7904283a17d3a793b4580a4f4a1c	363da23bde9a59ee6e3fd50dd33dc81e2e0c221b74daf699d9099c82cfee9a11	ea58429dbc62dcb4e8a664cc5101ba44d33f4df4e2ffa6e0c3aa369b411ad81e	14a7b71ba623b45c97cc85b90e7069cc781d37e46717da501bd802c64df4e201
2	83de9ee2a0726326075f6cc0ee1535347e98514edc5ef33865946289b12259ae	a33a42a84c012c6f0171a7a811825a618f181a65b8efd8e02533a2f9520131fd	bcecb04a5f34639834724c180107011e8842e2add68713433e1531021a988a8d	544ff303bc8ecdc0995a678326dcd138a0e433329751074abdc3548e986dd825	e3b882b06993749cd46e389b8a83c16ed2cfa2c1c80e06cd698e59605460a7b9	34aa53c2a7a3cc1172cff9c1c5cec2b6b8103517961f15c8129d8e9e8410364c
3	fba4b419256c849c76302068d8a9111837b81633afcee1db848c4bdc34fdc405	c80c6c159b36dfaa4994df268e8a3b57f920eac6cfef68d63279d9ec49e0602e	7c5253d971b62622388861463407278a7aff236d522be9f093377395e78b19b0	687d9fb5bdd86d1f56cb8c30510c63d67104765487f4f77b6d3917a97993c566	c47c9b2de8ca62790a82142f37bedef72954a9ba3277a152abd764280b7579d9	04c3daed26657d5a2e9fd91c1eafdfc28682f8c89d80026ff93e84d6e6fbd58a
4	752a6fc96f5bd1eb88a7137be7a44d4d25fb97500c4dee41ffb5797d7ffa9b21	22ea097430bcbe0f3419879aea56453e305c384a2553f98b22f7945e9f7a4bfd	b35f9b6aabdeaf6f992e291dc0b53d87fecf9b58f95bef7af82479f027cf446b	31a20f8da9612c7efa2aa5e883f60130bd4d31de75d80b320ed7cfccd72b57f8	9dde39ad32b44c92ac0c31b485a91d784566eabbbc58cb7d63231f6599c6a1bb	f20f834d2fb4512c46aca1046d0b45f0af87963c155865fdf1afac4e4fd8303f
5	829d16cf1d18cff302b13c37a128de13b7c85f11f1a8729252e69cf735bf6582	b3730d7c49a4f6b51e910eba1a11855a1ec1d7187f36761c2718feeeb455c607	026bc8b7eafea287e529428dd91ef3d3d3a3671842984ac1552d2efa543866ef	027ebe42f46daf9d4b9eda2fe35ddaa1c58ddf6a0d49e209a35a2f323d4d1baa	06cee065c0398dcc4afff0ef73602ac6024ca19ebd830da8b4ac8255976ee338	ea6356a87cabaca5392f058c10edac14997d60b7415cc31403f745349a709b50
6	c58d95a542b2632b61920de4232124fd31f59ea34d659ec5cc43251973c9ea97	8db20bb079d0bf36144a759af40fc8c73472a165aca475c9b4a9f8cecac8eae8	e41ae4e3a716db7f1f60c3f0cc0369d5db4452f6a81ae35250f8b8b4993421f1	bda7ba9d70beadce275dbbb1f1a87d5f0db7751aba71de16a309e873fccf2b3e	99b5014ac606380247a59ede8db8b1c9ae43974f2b93048be29ac3431cd3d9de	3aadf3b5094cb1adc0ff7fe2922393b86db398f2b6d883537a22735edff29bfc
7	2b707f896221c348d73a17f86dd34f08e766f9015bdab72387c691e9b9283fa6	cbe3e650d7615e2d4ebdc4bcf5c44c96344fc20a5a7196fb0387d14493d1da92	83d8ea12035070b97c8a8481bacbee21675457342c7304dd70154ac30cd0da22	b34fd927c16a0ad679f1587bf9f0d9706030f7de6af062a563511b2fd397702e	64df7b2dc4b010c99c7f43795b65caf2cdd88a65cf9f581932e03518e157cd65	280d98f16dac6d101f0b9b7b1ef3578d8b02c69947c63f8bd6b61a5ba26c131a
8	b67f188c8dfca735aab009276333bbe4f6ef3cfea2014d7d60b39ef84e8308d6	401e4421d9ba850decaf77f655a1a03f4e9b9f86f9774623352d9e815663e943	ac327dbd0f07b4cd2fd42d8a655aa84596ca6df39f290f75718ce0c86ac15bdb	9a6b15c35aab29715d38a0efabe87975edb652c6920552368f9889806cdf263f	82cb2796ed7ccb4f4ab851b5fbe6d53f4e8dcc3d15dfb7c19b14f34c6c2053da	e69be4d18831d53c9f06a61071b83a7866960b867dfaf960a86b0b59c4075691
9	eacd9ea29acdd0cde3e001bd3925d7476301d8d729098b845313b3976f9b2db7	9e73c6f6a7dfb2fb9b4fe8920c4af3b33c5ed99b2d474e9008d78d11f70ae001	6e736c1f8424ff1cfe7e06c65ab8808054f7df6765fc3f4a47f753e3aae3570d	e44f971166dc031f324b9c3a340cf801305987f6729e64f5073296537cd46104	5c7f2c8717282c1de1304b9938bccfcd68e2a57a62053ed4a1dd7c599958579d	8efd7cb27cf07adc29e33d8c86182e6e60e707269bda449e9e82457ab1b736ba
10	6b7471774fbbff53f320afb2b4aba5658f0f7af7a5f989f27a0d8b26d7aac742	3b0e59a55ca6c33aed4994dac0e06595cd685426de0ec0c4a3a9ce117f7a79d3	1edec58b0945fbacb11fc06bc5ba3fbfebb27cf6f9f4f17fbeae7caa9c9290da	ccf8582bc1d00269297051d283b533c1ab1f380b170ab9f50ee62cf05687db76	bd73d82807cf5d179cf86acad38d666fc4cbe4e0df60c16bdbe9f0832382c05b	7dd8592affadaad004191ff9b4adc17f3c2449a8d719c5cf942d54c095a2de68
11	9d5e2e25462653e74e1823896a4ac8da85b9a12bf6805bbe5f612d6e2bc0165b	41cefda6cbe687d3a8ac4800d527569b02b52e8c2d509f90ae367e7721ed11e1	30f5421ec6b954c2746ca845c5d10f652483b0363d1397cd95da46ec6860a597	be5776660f0bca401fb2b181968c3abb7dbdc852af479bc4952c805cd150a818	214cbdbdad9b435a5f6d26aa85c12fff737d505957aa848c605f9b4c7dbfc958	263f7f7bac03748981f61f0f6f18aef9cc2c44793964acdb98cac3277dc0cc4d
12	8ffa0641585d6a5dda86a361bdcd8ae654a737cd413f34f5d3d9ef82f9c342c5	65749a794d54e0a41833d29b4729efacad1d9ce16ffec7ae8e973b98fbda1001	d03a38adb16c662ec3dc8a8175864cc76bc240f854df60c0fa1420cde29dd757	8e9fad374268b96e4c18f63923233d6562dbc650f15b8614740510c576bc82f9	289e1d560f000eaf1379796d657591e12273c2c4bcfffff787a4209fdc248a62	32a18f322decf9c51b4321df8787dd2892dd8a677f7876b0852a775a733eea0a
13	8ad19fe928fcfc03ae57baf0f230f105127af34e228b6b6d0695b76bc3cad784	592e9de198265a414ec3fee82349f79bba25fc1f592692d38435bece183e58ae	6137122f97fc921b4c1461e7c337828310c950330a2fd5c4ad6c7e0acaf7e522	1c691143db03c8730419a10624bcec518f90ef70697384bd43d8c283009e3756	6da8365601edb299afae6721cd1e104d28495c26ad19b91bcda6479d994cb48f	dcc8e77314bdfa6d61ca68c5ba6b01bbdcf4aca60ea650af585a3190d6fae6e2
14	f1c71da4baed1d6d44240a9d8f64ab73ed4d6ad72c7e16e13da0f77f2ad917d6	0db252f42b1d15526dfe2be40ac5553220eb82a161156b0877791b540b51abb2	d52dd8374650832ff191d4fbab9e39de4ac55b6026fe3dfde5995abc95ab34fa	45c8ebb71d856a7cf5c278c5f8d62797f0216b4ba015f00c1e81d6191ace1eab	0df6700c68e411869c66a44a33712a6172ad4d5366a6da3f7c0ebd6164b93456	2bf28ea840f92581d52fb30a49bfa56e72a34db7188ea7704fd87740f8adb47c
15	8f0010ec67002594f50ae6a31f902c225945b5df56036912b80d150856b288ca	43b887ded7a6e2725aba87d72543ff249a9e3ed960aeaf5e66e0dfc49659ef0f	4ce1825b4312bf6110e1aafc99f094e14c905cc66d4e69623a476242e61d0a0f	533765c585f74947d494a5e4e687e18c8c9f9defb458db3a9876f0b42b22d763	b9bc8092f3cd6181dad90447c2886138981e5b09669b29bad8fd582415b9ad0d	ebd5bfc667790ccdade6d8fc1047817e32e166536429635564029e73a863c2a5
16	16c2370bb687f59605e20a0dc802f6cedb35cb621132ffa3b420797255cece5e	161ea9bf12a701621c76669afe05b471c892c3167801459e66ca54efc398f002	dc1ab6a44a006d0839e91e1e718a5e3ee19aebd4ec7440f3efbd469654b7a066	93be48cf88e293e8780c55b9afa7e43eac0050e0a04d3e9cf3b2d304b8dec01a	a52fcd55d1c7f63e83c17ce39422e6afe11d7003a04a6853fc49fb6521ad2504	a47f02932285e0966328a531c443c389b50f1b9a40c3ba22f5ff2adc44c027e5
17	fa051057fdde21f9805a9b356d0f4a5d291d0fbb70d0efd028d78c8e2eac9c7e	7cb59629278c472122d559d7eddc265c24616d93cc8dda8d529d882ee535a9da	5e6cc6a7af0b1103cb48b0f0b68c92f10b9715df0e9d1b78cc59538acfaffdb3	7e758dcf429101f3337e65a294f189e68c1a68990f4b2621524674a7078eef24	3d28428fd7e2553e8617708d613cccebffdabf444ca2e61c25cd2c1858d9afae	f3b53ec200742bbe98a33686829ad86ef68ae544a41758a965b18d612bd92147
18	05e088220723d0fd7cd190f353bff603621fbc1d3ae7c9316b607745ce969385	ff51af321781abbc985bc120d8b31a9e346b48777adf3e640d4ba3b7c411f072	413786b578dc6292812ad9499e787a886b14dd8929a5b54b09b1db50de61d058	ddf864bca3fe6bfdaf3bc3dd4d6f105f969e4ac34bd7e6fbfbd37d64f1f6a826	4bf060edbca493e17c4259320dcc5c156bf57f57cec09399c2bd451d10300b5f	654701ef0241779cc0e318f2b3f7c85ea82351947529e218e4a34c918a7d9335
19	d27b5c4a70f13a3253fed8abbdccf9235540377e51b46a4ed535900ff733cc9a	c629026b611fc1cb4a069b76232cdcbc33db9d83d9e5f1a49c780697383c3298	1fd44dd49201933bbfd88778abaf00b82e9c69989dd36fdca019afb6838ad0e9	10f920829a930c5f47873f36bd039a3e33d09bf1b44773b20d662a82bac58e74	9d3b14edd2e5864464f5139b40418cfc4e85aada7988d079463c76075f9ddb62	bb6be8784fbf9542452112e2bf13babc4465c3c0454e4eaa51f0179383d94330
20	d8c6b329fe21ad4e8f2c9f705ec1e42c60e3a6c15624d226c278efd2749db7dd	45f2c67534e244779f0f409da488bba5127ec12834593fdc8d1c635d9e713afc	7c8d3102a432a37ec46bb6cf224f3afe45530b2e65f7862ac1889a60fa2bd0a2	09ec1fa45a3f1edca84cde35cbfbd6758f7afeb29dd0c85ada136bb87fd36cd7	2295d5342c2bae9945ff1841521fe132908ae0ed13105555f7d58cba8901f175	cf378b36c55ea0becae3aba3af1f43c0130978fb0572d596bbd0026c6c2b4b1b
21	f17d2232167b02472968d312d3d1ed71c9345dd70b33962823651dd36ab9cf20	0732b7b10907637948e7b905e0d9558d4933d4ce7deb72230752fa028e5710cc	19411335b3c54a6aefdcb7273217e979483153b0be9d37d8bd904edeb4b96236	caf5618fca643dba567674b3494cf36749c2f265bdb1f81828fb2c161969c8b0	fcb875a02184bb62b697df401f04f610e3dd52bb0ea7231411d4448879993446	1aef37e1f9cc9fef81b66c22839be1d35055fb67593e3821da9a45684bd22177
22	4c696b3c823e56ba6fad977415ae56350256a7397c4764d3382582d9d73ce7b9	09495005003d18af1321d1c32ab2da3a7803308cec25bfe2bfc85d9c81b4bb21	2e02f794d35e585797fadab4b80c70f520cd6b60fae5f884e88eb6ffce1c159c	cc8ab3ae73dd50588edae2ef7d8ede598fe85a1c44e416b13a46c90e26083936	9c2463020ea902d2f0834f87601f4b7cff4f800c6019547e889021841b2ebe6e	9b7e2151baf9de4a6f39fd1b834eada5c377b2446bb6433b1069ba337e7a77b4
23	14da2e52688e0583d3a4ff571ab4704d2f19f9fdb41f472067693c12118872f4	d2a60be7136fe0e5f3d8b4896ac012cbd3856446a2c5694558828c958213d8ae	95a5787e8a4b5774cd4a8852a229fae3e01b0cac3e37e93a10f54a1c0968b318	2910d95b16ad0102cf0d9e016c0878859de9c2f989aa4b45fd494edd180438a8	3babb0dd62c7fbad3c961b586ec2af7e8ac5ea1a086f64cc77a1cc800664a13f	5fd8290f87ca1bdc2800787d808e0db2edfa306bed08353e1eb20fe32c89bb3a
24	e792873e0768e06f6538e12bd45d4ecaa72bdec0dabb94a86152940aeb2f27c8	bf9e6748cc0d092491e6334dac2ef8327b0e0d4b40c3affe7e4827888f4aa1a7	350fcb9682cf07f0131fa1a3df9fe2a696454214a75587c936ecc307046bedef	507104d986e58d8895c3553c2700f51b269b8325419b36bf7159a52fd93092b4	fb6a2959bb4e01fe92e74657702e139b7d783391db996aa5214c55e43aae6237	66f6133ff13660bbb87cf9ecce188e4319563997c347085b0a87f51f262a582c
25	97e6c1799f96e108957e288a9f42b41ec09376427889d02b06c9144f1371e9ba	de56e82b0bcc458fb66a49ee83f4affd4d3a499dc642e33bd2f250d544a6006a	8da63cbcdd805001c0f0ea6da013134d0474b26e9d49194c1eecc88b2330af03	fdad9bec6d5c450b3445974b2e44ed985625373f99f17124b236836c228d7c89	513847eb040afae7ded6c82acb46a64ec0bcd8c38a0dbdbafbaff0cab47e6f2d	b988d4e45f59907a5d483ab60cfbcd282882b16e7371e19693d65d84e5f7fb46
26	cca1bcbcd8ef7c4612f7522d0895c55601f40a9ab39fcaecae5635d1a3aa8d0c	cacc2aae4d26d84bb7a9296f22a2dee5584eb2e7aa56bcc750a0e1e9d47386d9	bff1689f27ea8057a2efac97ce4c2a8195893369f3cf0b3030a02747d6c1b22b	e7d6dbda9e00362641c173c01fd00a07455e3aa787bceca06cca6e4f6b4fc3a3	6628be49d73689359039e74312e3f4c6828e824e83393343aaec0a6e1d2d7487	65e6fedcefb4cfee602ea678870e5221732bbe67a0a44df1560a57c4e8626770
27	872472ea4402e8caf6b69e39b1bd0df57a299139a20fee0655ae71b3d3dd0b39	8a48c3b865942e5e153b35c04c103bb21e0b0855d0013eac04dae8825c0fa77b	3c092903a7bdb87c86d58d253b68866991a60d41cb33c57bf76d08687096036d	01349df53de79267451aebb8e2246ce810bb1df1d9dfa4ff31c3ac19993a5b3c	e1639142d802694586fa66e3a270d05d8b0155ff40104202239f5d908315b051	d8805be538167bba6cfd13cfa82d572a1c42a4305b827e2e706b88aaec2c361a
28	0cd30185533c804eb09b7ccc33686730faba946bd18c297c031b346c32a71576	a63742c54541b547d707afc22a5584df80395096c6db0079c5aae6b0417e2713	72c3bf649cad26fd303a7a3644447064fc99ec969b6e71b5c4a645b7b52b0131	51f347bb45a2b776f31fad70cf61f2b2a1c04a564ea7398ca54851d246ffd76c	0cc65ccba3aee17baaa8a5ff69ef9a784f246302c81068556f45590dada57ff0	604dc723f843452abd0857939ec9871fce1529601600dd49d1bbc8b889718748
29	60de7fc8625c172e823a30bf6ec2f96752292c6f2f29dd19a189a437503dc830	a10eb4b07ab88014740db3bd28f65c62265d61bfa55bbf26d1cb820ec231e75e	eec25cbbdd38d934bf12b23d82e774cd33ed902d573e0e2c31887a9e47ea76ce	e0042e3777d7667dfd00f669afa3cff9813a0db9c777696565651c19fde6e74c	26ddd7bdd2e258c3e3d1ee52bcfbfb59deda3d60fa80497fa86eb6d4e4dfec50	dcb099896f37d78079fa6f03114e10d2062cd3c23988c0da0a10aba7892c7779
30	81f3d08f77161daab5a883d7da2ef68d6720da1d5eca80a85cceae6d21416a21	6019fa2baf78e5062d86ef8b3e51414f88cb5cbaac76368e66df9de835e5aab6	3e152fcf67f9a0c3ea8e69805367f0d808f908b84c873cdded5b60b34bb74f18	78ed7c68388e74d26c2ef0aaef9553354f7913718d97384e5fb52425cef58001	35b039a5dcc2ecf47f2250c29c0c4706b5676eeae7b2bae72a959325c698ecbd	0668ee61ac1f9dbc8ca97c34781d0c38eaf89668e7477df9b176b62c9acf27f8
31	7f52e6c360241338aae164a14b52abf7cea69580bcf005766dc782a5344fde99	0f7cea6fde1d778966070a679365c9b98970b7acf8ff9395b3ae4f66fe85138a	07794a87339b9d8ba45971c9e26b40b57f074d5f775abbda12f632131929c0ae	4756b06f1b12c8b7ce8d34fac9e127e440fe046bbc0203bd14053fd984cc333a	2087451837d099b82ba3c35d9e4c562242a64bb602f13585910f80beda3f5906	3676f519cb8636df22a2357c46dc7bb1da748d7400139f008eb9809971bf7040
32	e44a1603f7a9a31aee438902b46ee54257235f2dae0c94aade63dddb9a460cf0	78a43b1e902879b2fe8c8a598c77ba3aeb500b9b31f52882399e444f0f6d0a68	82e0d19bedeb4f890afc48a8cf1a5bf6624ea5aeb6aa27812f7623173f92ff36	19d9776317a2896ba8edc3c8ee259e83e3dbcd79fd5773893b7466ee7fd2dcce	82e4f299ab083597249bc45c93c6a212789cc3237476782ce1fa9b60ceb86ff7	7cf6e02ca8c705f291cf71b0adc457e77a43f263305363234bf2ada8dbce17a4
33	71b3e57fddd1cbdad039918e37f9007085b55ca6ce09b02e64625022db26d629	deb80b8e492242b66e05938fdf58a5a5fe53ad82901a123437ebce862a8e0ecb	7edc225c3df6f1030607f690e120bd493285254c68a6fdef2052c0eade2d4627	ea545627d3e90213687312767856a7c2daedfe719afbbcbc2222da620d96c935	e6c0903aea59f49835326815a2752ab20ce852953312a7bdcc1320d0d40ae0bc	75cbb083e8d0593a5d36548d7c501bab21af01d924bd46419570c42bfc0c7fb9
34	3c452bb9e5234a486176be027b1ebb2916aa09ec97e17899ffc4a313f26cf259	a0a7542dcb6fccee6abe688c49fc1a7c31d12af5d15837810ad1e18e3f33caaf	6e75bb7112a5f5f47d4f29d49c5c66356240495d0c41279e1ad0b0d0756a71a2	f1b337bcedc37330909bff7af85edce5f7577fced95b4886b4fb0168feb1f6b6	12e966a1bd5999a62b08a2d026b49515e5bb2a06918fa399ffe4aa2df687adca	687ff26fc1006c0d5575dd22668b4c9e3da2324bb5b5a7713c5b62f5a177fa11
35	10391c9708c93cf45b6934ab26ae06d3e9f85b1022f8dccde5e485c08fcdb74e	bbba29d82e5bce2fda21a3fa09b4f5c49d12cb6aa0ff77bca251415907b9d141	e5ce68e00193f05314aedb68ae4dcaee41a23cfa12c06470f369584009168561	f8b2a541f2c1b267447214d5dd59be6e17afe915c55f94da281cb3bd847715e5	8626a714e55b4b151f61c96215f078454c20cc431d1198d286b6cf470c4cdff5	f45199131bdaf38d6029e2650c4a8b8504f337e0ebeb7de5d0b0e308e5bc8639
36	54e8288b2a9973d8086b149b5e4f1514e7f5d6131029d552384c504f2719edad	8a29642271c96543600823ca78c8ba665197da153a74ce6ba653f38451b9da37	748c75de0efd3202a81c5b2dc3e602ec975c00025d743665e9b2881fdd9ccf7e	9885e992676c70a42bf4b28ce1151a5988307030ee03a24fb9c06063aea7bb3e	3d85aeea263d9c6fbae8605c1cd28c21fc334e5544354950f894871f4bc5a0ba	dc09bbab864b038b40943a76f8d532620cd7cc8a427bcf538d629df019088c45
37	946439a6fc4e0ed72686362a6bad4b68dcdee50a81c189be3a23791dbf93be06	be566acfa1f7fc5388824db4791486d922886ac505122d691b039b69f0370138	9775a359d0edfb6ecac6c37d76c0e838150e427155c7c7255f3c2b789443b275	3196045b864b9b740d432e6144168975e53a4b0266888fe791930f7fd996c05f	eb02935e640e6f07b6ad8cbeeab8c4010834f2b1cb592c6771737f3b37ae6934	05d4a306716e265b14303da73f3a351c98c53025a051a977e40f97ebced4b5e4
38	added8ec684d914745d2ccad7c3e0fea23c5c68318045d16281ac71de226199f	f001d4576619e08c5259c6a8738384fd9cac3ea785d58f47f37ff71a2fb2e1a6	716034d7a2fe38558cb35f6d5b43b293c365f593706ce10cd62fce73ae445048	7bf41d4adbb47de1860d5d2f5c87766f1a67d8322fb511cdd01729e1f7f306e8	0f1fb410bbea9d5a5610e2a976f9f21aaf21341be372885aedaf81364cf7b7e7	2377d65d710309188973063fe70eabf1834cb2d34869718ff01633deb9996611
39	aa28ead4709318b9b7f0c5197948defc7b4ac53aa624c9757699d1ed3347fc2f	a04ec421e3dbaa755d6cf1083377b4606bc1e680e0299335c266174110c447aa	6459bf4a765f844684a72469971c1e2ca67d00823adae6192ee835d843061e95	e640599c560f5c503fc26674015f5a7913e47d375f4131bdc17360663f4205a3	b34c42fbc569bfd0e8cf790a63b79a848c8551788bc8cc99f94a41f0c68ffdb7	51ebfd38999682bf731dd64d0a95da5458a0c635faf6681f48a7181c86411e0a
40	44abe7b61397c9dba28a1578b3cb9e832ebdb2c096a46c4739d9bda033586020	82584be2044d88c616e7b046ee1b31c2213b13ecf452ac15fdc985b2b942a91c	acdf369c9db732bc28540ea1858491507b211acaa1417285ae24733d5aed7194	3ac32e7749bef6885ef7699a4d95f8d40a880064dd2f704108a9afebeecb3b62	00c0f484560862756e345de824b6d51729755c18d744c697d9aed86fb83a2f7e	21dff752a1b985f057f8afb3cc6cff32b4e5d6b8d7b0a41d513fa37c34a09912
41	5d509e4d74f1abe549df7f2e701813f151ba2abcb1d51d8731219bdcd2cc4aa8	68dd245ec84728355e0036ea7ac8db83ea7a049c52030e41e35b96dcbad7781a	9a77d4cae9af9a095b30c5050caaa51d6b949cb35f6cf853aa66124493e7cac9	bfe4a649c07949669b88e39203da5d713d1e977ef8f6977f5e1a30facc2f7272	be15e48e1f8ef178f2f5390d8c74403510eed8a09cf271683a2bed23badec7ed	aa7047fe0861b75f7dbc51b5971faa33db4a6c4904fb84ea174d934a9cfa83b3
42	71949b78b6dbc8af7f9905a8972dffa9e0b1e29598b310985ccc2ccda19bce66	792a354472c61ef0f2c8aa52afa003fa17d94dfa6bee7e11832b8a004bbdb37a	465d9a92938b1796a2e72296b2199ecd993bba01981a8bfe1ae73ef5d98c445c	eaa9c42bc7e58161ca89e5b9b80932e452d874bb825a48e933cd2dee3b660d13	d7dffed8eeb83eca2f818891693aa29423161517cc9b99f3981264f62de28fa0	ea695fd5a909134ec3bd2449857a6a172b5fe41002c4bb2336c95163983f619a
43	66f47f3a1ec7eec6c4699dacaac48cdb744ea85be5ed9cd47c6217fb2b474273	368b10d067e1445543347f1ad20e0c3781be1ef297202ab770dc098c3cee78bf	2ec2fb6a2374c99e17561c8372aa322cc7a75b6468db5cfee20c93388f271eee	7cf1c34d8356123a5e6c14027d9bad06db1c5b085712249e446b7d73f7d6c70b	66a9590e9270d55b5cdbdff918267017cf5e29a50f6093dac0b235d4c61fc925	411928c42214cd56fbd0b52e076a439f2ec91011c84b45f2c87354bcf8f4ae4f
44	85c9934fc29f9ff352a569b3bffd552e03c7cad21317fd59db12e47efb6a4f51	f9c75f632b0204fd9d2396119bdef232df083a28585655729a778feeb87dfd5d	5c7bc0169275aeef2b55b302425f1b9aa22fb75ebcead770c0aa263d2791109f	c80ca03e840dda6679e442c338b641ff262a40c83712334475f3b70cd178256d	4795c3aa259e841d63baa5c9039f870275d124fa6bd7c55badff09e82aee7318	06bfc33326feec73592436a4f0611475f110a6e14503ed8f7dd73375eb56e96a
45	4616d6b1e52e39289e958517d8d23050a5aa663afa26578cfef45faa16bf2981	55b930b38069971acd2ac1cfe56ed33dc94ef134a1b8dd622cb7bb7fef65ddef	18e58b084d3641dbaa43cff1aa731dced7448e247ddc6e4cea23dcbbe18351fd	f3e2e43640cdcc0563d0b253f1e6aa1949169a0815ee14d157db2e2a222d8f6f	392c57496fdb3bad7677ac46efda33eaae2b7278870f8ecc2f321de0f9330987	90cbf875e433c1897a7225c99d711f4caa3b737f1f96dc1ffacac4f510cebdc3
46	f07681bd117fccd186a76c7e748b5590b96c3b4ded7160172f7dba39cdb11d55	b1ada2e45c51499cefbe30ec3625340bf617122502cd77297159407e0a428e0d	4af4a1ce6536ddd319d3fe172f907533352333b6acc104b06569614f5cc0daf6	89bae1c5d16627b8d4d2455f563e3ccca3a302225dcef7c8f9b0f9ca9503426e	8c2dad100e7a888249a3db070c3383f5749338e6f87cb4a3999f333caa6951de	980786fa4e2cf82f8f501c560b9a264757c1fa21dcb840213ef13dde451dd79a
47	e9f14cbcbcae05b22140232de0656d0a2182cbcfe8fc68ebf0ea4c95ac105967	7425e331b5f8c92b861a184931243a0f4ffeb678e6bd1357d5c0da8701dc3732	b9d28d8a58962164990510d0834a2cb42c17acb8f503bb32aabf4ee7729aa77a	376c97af02b737cc94f998544f7cf3add046893cba8b464fae3dca7d8a4c9e78	064a924b7f365548e725b28672a664c7ae76b25e928a077a0129fb64c3276650	2c0aee9ecbb28a0c70fe6f77706e92451cdd6f5163ac2d0181223cf10649bc01
48	84474b30772c6ad0a4e89e1a5aa8ad416444e493c4db4cbb4cf50a6dff424738	0f7d9bc22096322773234b02257110da36079fce091be29541e9de9484c83880	2732f230368ac809eae8dc0fda73e921880302ff3332b88d2bd0e012967c543c	495d3bd9800d6e17913643aef99bc4d446ff222cf19d624ec77f1288dea2efc7	bc4d55635184da095949f43ad7ce247451c9adfcffdb4da96422d83684134049	566fdcb0ba0868e4c12ada56c9c49298801e1ea1d3380b75833eb7a965fb1ac4
49	6c706d3bbc5c0ddd80d0665d7b64fe6ac78ba195550428f901852c8ce5297ec5	92f11c2b887a8e959ca90d7ef9f5ff55916cd3a34e97d7c781d9064c6a106ec2	3e3f8de069d1518f2e3e71e0fb88cc6d1a14aafe2a65817648720321d5dd1090	274a63e4959ea893c7530c9b3ad5ba100122721683fa733dcb6d84f720d26ba1	4deb6c2f256261b427060acdada47ed81bbfda087e3b0b22dd08fe72270db692	8998879791aa0f05b39fc89446f97cee289886fd9dcfda771aac9c50cb4a8753
50	bda419dbca04f843545d754e2de0f53546ad75f1af7f2645c737254cd505eb29	f6e3c56e31623aa62b093e4038f2b7e1a145ab4fd1ed895bd93e8cdefe8c41c1	f7af9e6e4be4085734a8bfbd510fb9a5c4af4d3b23d88d8ce48b2f93b36573d2	2194005a7940d661ba2f2a69b6c8d4838ad275a7c5eb1f4a0fb77ef0b67835fc	d1fd9f366cd64b636c52ea445693cce3882b3c3f5d279bfe18c2a5eee893b09c	71c002415f4118939222bb088b006a72fe85135ece9638a71b1042f6c71e6886
51	22f20610027324c36b85645282bd1ab26d142ac9599db49aa0f9e26f7c85f40f	7470f5dc849e344da9bc0eeaa284cb2f2f7820a602cb5660b8be0ebf2323733a	f06129f748e8c92fa8783bac658c97a1245fffc1e40c18680f61ad492940f614	4bf90e53b60a5b3cd1f45e73bb9f19598776e9b12826d36ea4f6d91ec953520d	a1d39b813b79f289373e6eacfae313eb1e7f3f716afb25e6a5ac8e54226b4f01	fd05a26f93d7b68feb43d62bbb1a381acf0e621e87f939cd3b61d653d676e73a
52	9842e4c101336bf8629baca5f72f164e0cadba4eec97ecd5e289241fe776ee32	a22a8391435cb3a81565af1e593587f0aac571c09158ae322841e456139b0d9f	e30642c99d533cf7767b15a9a66b60b0c5d2b7b8bea4546bc24166107aa51038	f68b29af77612a635c1158ae5726100fcf20b9b5fb952b56181597d740d3dd0b	3971ffc0420a6f7ddfacc2633d78c90812433684a2448fa0c31fd8c368d3443a	69fffecb7019a0c75de4ade6122dbc92f3abcea29326603795cd1e1704679946
53	b6dc1be073e9a0dd10dac25674257220889bf66343cd459f0defd8662cd7a6e7	23826ab98e931f123b1650ef25b37a98a020f2f86c2d8da2dce9d3989f05552e	3a8219ab817003c2f0d07068055aa8d9624dd144da2b2c3c8c646714759c62ab	c0f551ac37651e760d6e9e2402ecdddade5ea18a64f972b197f6380b09d30333	3d32c0370e7628a2b9482c2de1c4d3b6ac78e43e2761950536ab7d6c1e32431c	42afe2ee833ad06c097907cf41c9070022e112a6ff8d49623606b8e86cfbec6e
54	4a825c642307dbd74041a7a7b3e78998ef54f0c6add93d25afeb73af2237a023	af0b2807ebe14fefb48d780a93894bf0c3c79d4c5480340c12f3149951305ee6	5c8b70d610c8677f1de99ff341e8db3e53655257268ac3785f0c25b29a034e53	a88fda14f40d3799a5ab4f844c42230177a2989b23cc5ee632a3bca026787756	f668eccd80f289c13470d6277662ab1ee883a217c4a20966404c6c4a9b0028d8	5714d95358300447fc018adf850a337ddbf987463967551c8a6e7828793d9524
55	b6f1137e8b08a057feefed82a1c8119c0b77853f15a237da64d75efda7482a4e	a83091dc7ee1f19e2b4163beb7b3393bd5ef2a898b7620f2cd745ff47e3d4dfe	4b59b8390e4e80f01466ca5b6126363cd4ad42bd3d7194ebed12ec21504d1171	8abf0cf6182b0e7983212c44e43df67783976a93c983389f5e1d99d4d304e640	6524d83ea711f251c7bf30351b146a3dbcd8142bf3ebeab43adf41bbb45b7e9a	6da507dc083b2b03a319268315684f4161f7cb032f74cc60cbdad06eb1d43a66
56	0ed1270e5441469b4d608cefb57e75a7c54abf2d9170cd0e0f9c3d2bdcaf8cec	08049b8af486f3390400e6a83e35df19a48cc82da6ba386818f4b12b95196ba0	6c0f0707b25263d9ed957c638d5871b1bfb0e7b764426cd0aad320a548c9bea5	5f38f7b624173d3d4a089445d38ea5063de1b138fa7f4f5e9359aa5d0d83cd83	f4ee2a487db75b98f5cb6ef0d80bb5b12d61adfac6b2e6c93a83e725e2fda821	4eb38407b06c3f1f1312b02af529abaf7f13d69eed0a1d16ac1649341679e35d
57	fcc69ae9091ef7ac664aa7b70d6550f30808e9359636bbad5afce6fb75c1f55c	783e6f7bf587d543dd7b1f292359d555d2ae66386357d11c579a985653e67234	978026847041ec18f9d1dcde052d2e80b6e28d1b3ea3f5751ee0d36b54ea630d	b277165778f0d745833bc561e92ee8b2d3801a2fffab8ef58d3c7bb3ecf46ec3	aa538faebce7a6bd1fbc4c45ecad01fc19d3518beea490afda966b2904f59ad6	9f3fd2ae2b48569d89b26ac5ca9df9244f186067fc5bdd5ae1889e4a54d44e2c
58	9ce8f2c8482461b9200b2944c7ff63a588e9f04c879b062367db8c0a41bfa78e	8c4f01dc949fa80398641514702bb9ea69bb99024116954d37b27369c81591f4	f0fe00a23e9a28bc3bd9533d419196a1443849b051074b2207f3f731a3e25845	f00390b117d3cdc3cc901eb58c2c7bfca292bff856de2d2182b787672920a108	6aa3be1c52a5532ba70b437232a7e813a3704d63452861bf49a3bf9017f400ea	0bb7f3fbe1d22256e63f58f48c82e14432d78818713230573683f0fac5c9ab01
59	be04a8c88335087d546cdebc992e51280a4832dea0522bd7f1e8f248ff4d8d44	ac5bfdc5cf748651fe1fff84fa0c14c20b47967968991e6c80d5501315d7e7b8	fee7f49b318646911e7bfcf619b15df66bc89b0cc254ee0476038a6dbd5cfedf	a3baaf04d779d56e070d15a47c3ef07b6c10e9508250742602785a54d6e62de4	f6c015549d4fe567f61a6c52f7d9f040555d6442d40fe0dd56e9b45e71badccf	e08e2bf34cab7b2f864ca2277c8f465e22951d6018392e886146fb210253860d
60	03a01d98bef5c349b5f7c5802d6e51edcd38f915de629012bb80a24fd520ebb6	2ba7f68400ec9984b6548e91de27be96b400953ad571de660662bf6d7f5922c4	b82e771ee104521b572a379243f6adb1fff238a755211f509bdbff551cb978ae	b33664b7e3731cfefc98524204f9447e535fb99ed4dc054ee3a18fc7a65885f6	12788da829a2bdd87820ffe2b5daca177696cc16f5ee1a9689c9e9f6587a40f3	ca2696929e013ee4840e67933b0f31e3972f929e39c27225681a0a7b35a40c32
61	58380a091be89080884212994325d5ce3e0e2c2057992d3d405eb7569f1dd320	95f5cae738dfb06a1a7b504ffe5822f50c008f3569f10bf31171db172ec3ab59	726b22277a2115ce62755ce20dcd4fa15c67837fabc4a2f8eabf1db0061d4b85	1a89135a0322c411745802f61dda3cbbc951452c253d069c1584e505ef6bf23c	41be107e2feed6c7f662fb006bb902dcb061f9b80e0d077ea8d89c3624380344	5c1ae66a09a5ee03faa3a72fb195c28f9a8eadcf1eedffd6d07895b67d511bae
62	8e9a8e878c772dc552186252b80682bafd7775c7478641ecd013d31a59984eff	90a24d0609cf1f452d604be963ec4d7f1848b2dae1d59bd7ba3581479e04e63c	1da16d31f774f614b5c258e09f871bb93d5a83cfd485befa142ab80779649cd3	187306d8f08801db5833f9e9be6d4b2f56dcfb84dffac1de16d05e799a954891	6847e5345993177d04b53366861cd5084487e4ce809cfb8d6a402de74ce8dc59	1905d3dc8afa8d6cf61353d9766dfc40f58f2711fcf2aed3aa441eb63e9f4329
63	5d852c867eec30ad4d2d1ecc5a2baddde059224c3a87a1c59f1cd9f5275dea5b	dfed372a4b6d4dc0bc8268abc1df58b97e57823c9e9720a0254b2d67fac13184	563c6e5beb3b0d328d4a6dfb4b724e53adb6713d0975bfb67eefc5715dfbc214	953a49fd9577b3b7195addfc07b1ab2a15ef538319610cbbd6bac011d174fb50	853abc0245a94923ecf7ebcd0ba60d4ddce8ae984191db6df1ad30fac1941911	f4acd3fdc6dda623279660934e4b0477f130b63f3913003ee4f82246782add6a
64	00c4d84decbaef44e352e8a9d9714ba7597730b1e210ffe085ce43ebf612726e	c2e70c59056e59e792a76a9b54125b2406bfc4265504d1d01a2dce9c1e75c366	d910c3abe124f8ff9b7b6de7f9e3da2e3bd2d993e3e81886717be8e3c1bc0cf0	063f6fa644225c375db39accec9e0a369e573f77f96a7d196f24c4df5db259fc	9697490183f264419d2894d53a6cee443e4af57b43805759dbe35e8253693c59	a77876593ce5a7519a3728f2b82a726a1c47a80bf124b62e45e4c08e94dd1671
65	8baaa698b44f822041dc5f2a387d537446f81e0f6dd42b240b8ca85170acee5d	8143af16c7813524475c886a67a67f6f003f6c580a8ceb807de850b47d0ada2f	bf92528ccf16885c90f2d835cf75b6ce9ebdc9138239d14e3a57f1e3c62a3502	b57c11b52fddf648dc64aa858eb72fd3364abd81aa493583e09acc5488225cce	738968ac56e01fb7b6489d9f67efd76a985f64205c455f19c1b1cdf4cfb2333c	4d9e563805eee487e51daea19fced26c217fca0d2cdb492ee95e9a5ffbd965ab
66	a7ae69ab0fb9c4387237def7f2df73fb6bc194f6143b21bf9a267b58b47180dc	716120703f430c79e465593b9ab11148df49485778f2a3598856d91a1e9902eb	2c2a706237e855d1b7656a2d715290b1eec788730dcf8aecc0621742c782b639	f6e971862fa66d0b4472db5e8954f6b6f767f76fd627cd91e45a5ec39a9edc53	ced1cfe7083533ca3eb35f73b4d579d29295994c11fa1be2ae5665edf49108a5	8c436dad6490d7ba013ab6caeb471fc9b55910496a348d370a426fa62bd8f03f
67	83d92de5920dbedcd7a28fad5b9f4d7175bc19b30dbfdc1eca5f5882a8682e67	f2ec61dbb8813728d9f027cee38ec243529838db784b69b9256f4b501b7ffcc7	6549c639491b24dc2c03807e870f4537ff8053ffb59ddcf2f86dea1234a947c4	0f5e4ff97b1280043adf7a76c39ac6a5870df5dec1b4cfd08b5df7e23da2a405	c034251cc79469e0ebabdddcec71780d22ce8f967b886a264d2fc4d03006f8b0	77a3a4db94706e31c1eda1252ba9c563ab5a9322903bd902a920e23525beaa7f
68	cd2b0bcabf123f5dbc6e2dae799c2c858de89dee5d8752215a2ad4ed21a743f7	ab159275694a3ab0e1d92f242efb7459a8ad10e5e493e213f6a0a7bf78990eca	f5a293ec89c2981a3c496c90ce87e1ae7ae2360ff268160be42d71dc0ed54012	30b559208c5aa2da5d70b5de4886e066e5cd6cd8583047e023b01058ec39f62d	b1f5efcd885c6c4446fd697dbc6fed30e96ff3de4a5c523c117b4c773cba1bcd	11b0c9a81f9d9f3aab04285aeec044f506d4cafde42bebbd4e4207681279b20b
69	a212c809ffbb7060073a5e967c940b89bcd600cc2934a82c4d1ad90e405a82c6	8fea886ca5e81c18dcb7505da6861bc52ff6c567eb5792031f041e363403f6e5	b541cba2a55ee0a78fd98fdbe64cb0e52edd975791ad20680bc8795ed52e2067	e82b22037af2f668cd604af859fc31fd95360b0a7a12bd81f510b93d4e96f3dc	d3db40664dcbccae7ed00b6d653c2a65711980b797867d50e2fd9e3c43825814	0218ce1d41f3d8a2978c5a58d018bbc65d55b6c231a241db1d3a513a974c1fb5
70	57dd577ef3dbbb294606d4df6dccedda4ee3036e6b11235fe7ede6f19d5f88e7	b2878df99430d57ce5303fd0fb528cf8bfededf3f3e4c27993c4d0bb60f4d365	f2c5214dcbd013858b18ea7ed7c1724e00f27c204d609635bbcbd3eda49f5e50	9cd4522bd5eb47319d10b5843afc25a07d41553041216aa1fba07e609d4fd1b6	81c5a671b0a08cf96a2f0aea9165d10e42d9a02855f4d7da497f25d15a2645a5	41c1c42dbc900f32f0d4dbc4245e79419f4e568fa655f16295093acad4a11dc0
71	32d306297b084f32b5e840554075b334f31500af7c5ed0b89f17baaf8d30a9c3	5485cb54bd76eecf2000fc6a167bf5c00002dfbd934c3431fcc049e32eb8313e	257494009b04080684871753459dcee78290bdfc34fe0fdc72cd5edaab8d6873	401700accf24f0c0dd27b8c2af9886b8726d0d0afbc9218b3d154fa46627bfd4	94d87000ffe829d377c1076455066b8fcea77a8da678d0a46894b601f5877b86	efea23a56fca556b691aefde91f3d88dfc368e9ce4512ad9a5bdb7b5de1455d8
72	2969ab133c3f9131c0d37c0a5098774dc898028db7425d39b89c2314fcbf53a1	d5fe60e2fe5888ed5389ccc6f17ba7d9f30361e4bc7067cf019ded89d67ed001	ee51df8536e856c50725d99c6ab58d68dd42417bca69dab458ea9f1e08bcad2e	71390147b1cac7e26852b34628b1e2b7d35f1eacf2f3850fa0c283cb0a958baf	3fcc95f821c834e5c27a1cb82dc47f35a87f5a015a756e45fbf221e1478df67c	1af4889af1734487df0d8c25da6d40ee235d82735cce8df698fd0982878439e9
73	485df8574c831c68f093ae535a706f001a99de5e956584127474e1e0e7f349e6	c25cfa75fbfe0acff3cdfdca2c95ffcf38c01fde5d5a1b6f50324fd41722f4a0	6bc3cee2d5efe38c1a2260f1cf615779743bb424a8b84359fc2ee03106ef8aa0	a15cd43b5938517ade9b1bb16393fe1c1ee398fb43e8f7ecf9116b7ba1e8ac0b	b87f52a5a27de456df9738fa054cea26172db85f6a5a53f27c82569e72bca779	8c2cda3237b8033192e6f267b0d3c0f1281260df369cb08262d6050ee8fae5b1
74	22887aadc67120c54448d90f224086125c9b9f81f113f995baeded57e4fbc221	2398add1371a1104e898f3847a7645d283c4e3b4d590c0a02208d7a574ff7877	4c00f6bc3c94a20e1059fab8b21abf5a54a6764027ed7889550762e39b92d309	9a1a09729d1346083d555d725e1dd8cfbf99db399d2e5f281322f297c752dcfa	63a2ce39cf8348bdcd820d0e20cf6aa6245cc1099451b105e500da0460650b55	4011a3f97bf00909ee027068163166d415ed4c400f5a9df410211dfaeb087bf0
75	2da9b6d06e2f696f5ad79884197eefa3eee8433d8f80094ee7fde1de4d430d3a	a8d50b619ab173d7793fd406d58faaaec231e73c254d01f0212afb533711e1a4	0bc7dabfb27bcfa37ea648764ce8586aa965238540d9db419e9eac8fe4f39f17	a06bea1043baf9ea4f8af3fb1f4b52328548b9c3f32529d7cfce852e05d59bc7	51598b048c432a2045db3592ba331f5693375e0023f24096455052f17659e069	70c357374eeae3789fce636230fff309d6944a08a46f14d1eb085db1f4866406
76	18ba65a6c4d1e4121161dcf68b52656c5d1fb8e1289b210aff11bf38a6a1850a	a99d943625ebaa8b65fc99ecde25859f26d365331ede29b6b967a7fee7176e61	f73fb7e9dac2833cf1c09355dd1f9c15bca880253ad9cedf9f4ab2d69761b0c8	2be288578073553ce6c96eec744bcb03aa8898486d9917413bed7f3418d85d3a	199924d1dc47aacfe62ac1b01be4a978c017b757bb009e539ed3fcd70143fb18	9c3d2045554038481c3f1b8d20fc55a1dcbab161c92776bd18ded38f6d265d2c
77	82e81a5cbc17011fabc3dfe21ce2be6e99135a1391df0945f9ec6cd190a6043c	efa8acea11f0e5fc51c583d2f473a8276671936fd0a9b42df2d223e040e4a5ce	004c1afd958e78d0a410f77b3449a1904586f95da4f273beeb09622f385df87a	2807ab1b9bf7d186ddbc90adcb5a729a75dacb6579e49b3f25f7c9f5e99917a2	94d6f65e0bc63cb9ace57ea8706d0e24623127811dcf73b50c06c118eb376a07	edd541a68cb7870a2641eab806d5b8a9c9786f154ba2035b31f2c350f57563bd
78	1febf255819921ad1ff670b1816d7d87489c98a5eaf368adc18e37079d243db7	e12e09b471f42fb1ee3da4f1dd142b416b55d8a84967dae03ad203109f6c2dcd	b5476fa5a9756a95f6e63c085ead871cfd2c353e3f2cd6721071e344b454f570	52d9a1dcf41dd7b2e1bb6e1b0310945d5afc1032747c1441e20e5f6f17871571	79b45ae5762a43d17e36a2b17f0a0d3f6f522e9aab38020449eacba3fe2e4f30	a74159b862e173f7fb66231bef28ee6be39a7028e2cb4af15e26d2a23c749002
79	033d8ed6b1f6bdab1db94edb7cb1f9dd08cba6ba5af9196708c64e02bdab518e	930d7e2e448a01c98f7d2b511b319335149d581f149e6b7b8aec6bdcc0cd7dfb	1735f0cbcdf58d9454e23a395112b0920465d10103b32d1087f6cbbf39ae940f	1213995d917ee18b59dcf63f40230fac89b32b9c788db2258bffa74ea78003b6	32464224b4a55b7ca62a4aa3af82dd667e9e3a23f1e295f7fc413ed647b133cb	98ccbc50f592d204bd20a993f4dd269c00e288a3188b258cd26e9adecd4ca3fe
80	3a3f2d8ff2ffd2a07b4fce9a747c3a126ec77ad3733158fd0678e815ccf7c1f5	1ccbae93b24ce02e4fc4925a16ec63dfd596d9fdcf2fe4cc30c45e8f160aa023	50399d2ca3413a7965b7db1f00ebbaab69933affdc0597a89fc799d36bacb45f	481e7fc39d190ac0cc5202f49b6a039cd2573d4a297d403070ba4daa0526cab0	68dee45bb33a1e7dd56d52f228c17c0e47e72c834c458e44b1fc543207847b97	1a456992883b205bc396f721bdf44caff47a40c8bfe0c9737f2bae42ff7f746c
81	3e5514f9820d29799f4d3926b82dd8b8a7601ba80dacf79b8450d4a19f4abee4	5f0adf73fc1304ac9245e1410855e4b6ac300e295d451c301b341882efb2db25	c8e379dba59078f8694cd0b41ae0d4574519a1a61db5dfccc274077eecf7353d	df98d75fc0fbe52b024aef4cd4bf83ca85e0581f77edd0ae9c7d2ae0428fa2cb	4265537bb92846e6a5f88e78294c1ef56f8885631d7abf3ba3c63b1929c36109	86d2d5e2ba2529efe3edcc762200a8f9fa69800cd8281847da345ec56c80f857
82	822ef0ba97907e9b8e504a7cd5d8a198d7dcec0afcb1842ad5e35dc34fd0d8ec	63d8feff3406214f978c5c7a518d85f9dc5fb5f8686f19733904d597b73900e3	d2f950174dffa4f74cd99babe78eeb54910372134e9c59cec606758f64c29e6d	b496ed40789fe298f03408492a9c2005e9ddd7274215072f97805f4db7e5691f	424f5fc7731cb23e266cf1719023208c2f69289fd44c19c3718f2a2ebea3824e	452669552c9f16ea83526819607ce95e82f3b5358f8f4f8e33b5586a9a8316c7
83	2c9a13d37f1ccd40fcec7344d40962b3b2af54868e58ff6d05fd168fc4dfd068	4a2f503717276a79432159a08593b929d288d676ccb199d4c2ae7ff43e929086	cbc4b6789b94ee5d2ff57796e33184e5609353efbf761fceadc2199684b83c24	554693407b980bd1b2dd95482eea4b73ada5f590c78c7bf7e54bdc98085d23c7	c815d159d7cb5668c7c2b18668b57d49e5cd36e632df5d450afb82ef9627716d	bac60e64bb8bd95091cc2a61c7ee4a990c6d20510b30cf0e34f330ea329ba91b
84	b92cb6ae6f2057f17c414f6c3f06aaae2d7a762130a788e3aff55325b4683d64	57b8f8cb5e855e92846d1fdd9e585280919af832d63cc916e2c2a0781fa976de	3c9593d839f113b56d78e2c0ecb886fe4ee82a6b4b9732d4b08bd1a349a10037	5f48ea0ee6cbda46fe07748a05a8faf361e923126b9505919973ce6bd2466352	2f877fd2b14c67b0e3b40e1f82d86b622a7f9070e62434d730de14856cfb8858	0a2cda50614d444032264799652879685896a2ddf723ea3aacbeba5ce936c953
85	5d9f1b452eae7124f7afb88fc2961621a409280cfa8e1860cc505cf639b83f29	64c95667780209614916a99c3db62f690a39ca730f9b10cc627047f8f8f723c3	fb8d0e1bedcf06cacd353e3c677a78fe89cf615193edcd058ee729ccbaac6729	0186c0c6af77cb4ab535de6c953fa8864c959c0c5cdac0dd6a331b2feafc0944	9876a4a9ec7318aec5cb6ba321a1b98d3740b1405549583506471947eb8e41c3	5503add3c018648323cbf9ba501f21994699ad842094cfa3eca372232e36f1a5
86	d001975119c1bb9459704ffc5838f8b1cbb38793de37cc81686b228eb2b2e5ef	f8433267fda577345ec4a123c4ff2c19fbfce6719af5f118383c5fbb65d5e5a4	1ef01104dceaa9ad400d9a70172175be0362fa6e5a0c0673af5f039d9244c4b3	193bb4c0c047b78f0f613b5576553a5151a6504b90db02fbbab634b26aee3525	d69e08a53bc43ece91d17b7dbd8b18c1777b2d4ef188ac13e6d8f6dfc00b9ccf	9342e0587357599dfaad82d7394d41f0e37f30e6e946779afa75f3499aa370c3
87	027ec598808ff1974807e4bd1dfe21e532529dbbae0b3de28ee976e324ee97e8	a86b04ce7df0bdceb97d8f477fb5431cb432e709dad2d70af8b9a739df364df2	b1e87c5835f9126df0644e7dbd8f1d60cd142a0661ac35d921a7a9ad69f0449b	3fc5b6e28a6f2197a8dee78460459c9482257749c87c362df3b71accfa205f55	a08173a6407a6dafd53252d356b0c4c5271dd19ddfe15fb28312757be4c88109	21c138fd3718988a03ae968b3c938b6330c7a15485c66ff07f45343447235ac7
88	bc45fe73d9ad5b2fa224cc2b9d00794978a4dcfd3e3a7b0f7aa601baf8faa26f	6a60035c04deecddbfe975b502a78b42d3b62c5b824c94c428b4d3086883afda	ce29f411f721d7ceb1ad19e425bef484dba14e336fd499e82dc47a0ea1ce2a43	1166cb39322a6117fc557ceb8932c9118c52795185c20976b563385e164ae2b4	5d52ca47b5c59b791e21af3e4aa724406ffc3a307d0a47333f48258442091e39	9f220f1fdcd5c41844f5b555c062c8107d46afbe517f6200c6c6e3b36f19bfab
89	d1f6aebe301e6bd75c58d1b0876f57ca6e00dd410301093c44a4bd3dc1a87775	dfd062a5e1551b105ac5e3c6de017cf92df57f2dea7097c58fcfb7bdac2aa649	0fd093349455c60994bf20b0ee46dcde5d1ce5d1e0dee9b3fe41da4b3eafed76	6ffa3f9214bfda131ff4054daac840d90227984f232a1e7c7cf7456416c26910	2c9116970e825aea1966ff767c02468d8b328a31a387788b0dced592bef95f22	441e1e3d4431c442806fcda667a0fa97ae9f865c8f55a6b9c8e8bd5d329dfe86
90	5912abce87304133667d33e9fbe87c15be8152089b112bd424b2d56ee7dd0d49	e140b56d0bbe2d47cbe010946cebfe34880f868585724c9e7b2ddd71668b27fd	267422b23dee1d32e5cfb4f0c61110eb83b409a12cf995d277401f4780142d7f	a1e4271e1b4aedc5a853be5e05a509e9a5f8adb14b35b178409161a30d27a62c	f23b81d104073eec6e21a39f177d18377c203176f2df034549a912ff2828f7fe	40abafb7ed4822aec0b562a514a76c4b240685ee92b01636242bb1ac7f1883f0
91	d9c7046e9a20839f4a45deeaf83389003853363c3f3f93c2ded476d220abc2f5	454cc544c5f7b7f54ea6d00c910306241879700eb5b3d9280960b9c3d090673b	110b4c64c8a49a18edbc0c18966c27429896c5c4c392f531209ca08e98fa4544	d4c4ac9d1990ec72dfa3017c3b48dd527a247350f9b278676571a0c5276f556c	8d4ab82bc6630dce3d18073127dd95c9d62a98ade177b2be78ccdfd38c86db7b	602e35834d5ccfaf409b71465c7ecd18fc95da86b06e8625d59cfbc4ad28d2f4
92	d38cd8013cbd8f4c88225435b5116cb89a0c9b80f490abf83e764ca60d75f005	e808029deed29470b01531f22b5f917b8c024306649554e8d3272da543a8e429	9944ee2e1ad0ae1f776848302f795d50a74cc972642c6f5321265999e28984f1	3d3642c748163aac721f81a1eda3a68d217d28124af296719a69de46f73ff19a	267b85f83940ec133d6a53f43a95822ec247a1e47d1e7ef8c7b508c86927c0e6	8f2c72a012592d4ef3b94fbac2b622d15a8121770389e7f7e782cf510fa6b029
93	a8243ca308475b6ee4c56be5aad6d82ab2197eb98b48b9924a1c96e911e0b329	ef26c14b42f9d85ca681c3bfe3592fcadbd0d8034bef3cd6b001fbd3bbdbe6dc	359b70cdec87a043e2a927545977d78313f80dfa5d6af7007d3f850c58da0184	792d743173c0bec3ba9c1354ef2824d3683b59f19e07129d8e240054d782ff17	33bef56f9acda2f088e59bfb01ae2a45832e12e324a5ed5f93cb54da82db3ce3	6cecaacabae964b901d5ca20bb9f97a0242f97fb7faf329b72f91fca904ba9aa
94	99f48367fcd3b33ce30b538953af51cd45523d534942254886060a9745513e50	cabee7a0950a26d0c721df84005c9c146d548aae440d7541e7e39e38cfe52e64	527fbf90e1c84f98000f7219199491ffc3a080ef9048ebf37600d9a4178460ab	4dd00b7aea34f8492db575dfa7f923535bc23854b50d21817c44fa317f042fb6	072e13ef2dee12bf794b8719e89181dbc3076a516db6312ff402c482173a4369	563bcd9be5afabe3ed00fdce9f5934fbbe8e408bde1591818dff793cc43a0651
95	0144f197580c36349e542da5f574721b3290316eff70b01163b4207eab2adac8	478bda157d0e02242bd4c3f6f86984782c2f9675ec00260a75ecc52aa7e04dc8	d33bf979b9c83ffc8c8266413e50a30e2b624974b23bb7a59932298cecc19917	ec392617ae45738d3d806e6d0ce054adc7bd3641087e1dd75fd728b1b9d15c4d	bba8398606eed0930709a0816637db063d9d834bbbe1afaf71d1a440b5d5014f	4279b6d0a751dec62f1bed7c624d28761cea53f62d007be8982f648abef22003
96	1e925a43a414f9d9d1bdfd35eac1b7d602b1eb25e04a9b59842746ca077b00c1	9e6e60e3dede9fadd5e755adf6677810358e728b07820f6bff100e0faa6d0a41	84a424c8fc35c6dfebe7f64032065d6b1fbdd4e90c20aa2558725cf145dcdfd9	b2ce856f03e9296f7304b4fb831301c201d88aaa9fdec60546437b2055ebf876	c29ba1b3dd2c47e2605385be6cbac1262710334bf67ee666cfcd18781ea6f6d9	5b4a8fa31b1dfeaa9f6ebb4006ec199be7b312249f73e3c3dc9cc414dbdba8e8
97	33bb7ed9de3f2d309f4784cffa31d27b68a00e494ed61604a0bcb923f5061df2	812bb39019691d1a636cca9ab1c2874cb056ddd35dd1f58220ba154adcac0b04	ce36bdb92667cd618de25e3a795cbd2877d1047b70d640ba8d9bbfbadb1eda02	d74a80fd41092a9ce10eca8ee360158be87e900cd165b80633843f5874f73583	981cd346dea73ec618845dd1d0428a5bc011dd2dfe999afa875be30b5bbd357b	647c8294f4a5d1b1abfc591f58edca2cbf5f1ba0318495ce91e5619f07343b5a
98	cfa112c07ad5cda6ddd2a64d98cb377b63c886406a222e0c74efb78a3ca97d0d	25ae26b9a83f0fdd1f3fa0d2f9292c57bd33cd2c8814dceafd14ecfbe4e30aea	e18d8e9adcf7500fec712c7d9516378032f16b44f39dd00676b49393d70dfa83	7b9d21f66fb27062fd3552ea55712da3dd079f6d0c1fc58c06a4e4d8e90429b0	cabb3f5a964be7642b187fbc8881cacfe6cd7273f4c5f3081ca8544bcbb276e3	ee7e1d4130bff69a777de92bff03bad7fd6e8ace03430bcf795c9a281b7d0a74
99	520e1dcb1f0e7a164d9b1bf914c3a445a96d414b139289b61d7efe9bb9095bc5	6eab3c7fdf1e0f37847c9d7d9e0f577b7fb120b549f0faa673deea291df88d71	ca6569d0953ebdf694845f079a6360860e923b07523f5524d4c75c7e35e84263	c2f27a722cc017b7f8c7e29195eb745e10a7b997466ca56e610aa99f913e82ed	3fae951f775e7c2badec82175a0966609ff0943a1b28e4f65c89c6ae34e41ad5	eb5bc9223a2a014e6e265c879ce11fa2c6b22bb7d3be226e35f909410f102f92
100	8c0768c06e078fa3c33336e58c0cd79fda16cb620c276357420b98f4e0c60612	72e3c6a6c37dcf1bf72f21c01e5cc87704a375db74705a5e244ca587095412d2	6d0f93e03ff9837aab6a209db0585b59695f2d919c6e5fe05ca2df816e689858	48ab1f4a4066ced3d133b9f6e5629f07839fa56df676e9eb7d068b2e6829fca2	4750390617aa8453e2eb95ad38a1733443dc91e2934c8173ab43f980b7aaaf64	efa75a2eb27cbe93962df37f2da6ca50d5228e397dc0677888229da20ffbadf9
101	959c5ad52b8589979b38183f5979a22a787a8712b7c08552abcbd0b078055d91	cb9358d6f734d082bd6ebd1d6ed7e62645c0f106449524e89d64809fa0986e53	ff6a332e36ba710c5f9adbe35bfc9c008ac3fa96d69fe4a552b5f768f047bfa4	06c3207c30df00b72f5f9eaa1b78b3476da3fe1379f3a3a83b64331c82260ffb	85a10e7e75af21488312ea5cc57ca25dba7b19f6d5f62fdb2d6ba1cace0146cd	5d2405f1b1c922a2891b7cb9fa202c246275ef6c3b682ae3fedf9a13801433af
102	6d7ba536a1d2fbda620a583f693fb6bdde8a50afecc630495d5db28ce6117cf0	2252dacc94f6c239bde06451e958a42d27a06da8aa1317fd99692bd9ee3a6b89	b2ef8ab8cb514691fd35911324c8d56f25dc4fcbabcbd931b2c9a679df750e18	942e496a2270afa57a831281830c768fe6caeb7930c4ccc5c468d9b3cb4dd1a0	e76ecefefac111fdb91b67084b45eacb99e98900456f07862108b49ba7dcfc02	31360229d0ed4f04882d6b98edf0125968ed30707e55d2a56891d83c815fd58d
103	f019b203637dbe936ac90e5243bd9497590c0b47a7435f3e18e518e4388bd1f8	984c5aad579fc8d9cd140ef8c997538d03886e214103887c490d93567e90aafd	7616d3b33409f023d8ff21bb4165017bb5804fe3bf81c69984c775de3d9a8829	48b25535404db2c378fdc44807eb03bfdd0da71e12b283546bdfe23a6c3f7b0b	23103f9625ab158cb9c152bebc0cee0a43c28d035462d9587eff3418c4769d63	799dccb37f266f9c1255aace72ee37a006170e0faa11af36093800d5de3e6705
104	2561027e4f7028086defc441c7c6e5518009c0a40abd199558a75b710c2b7436	1b91d10d1ff9193e93ade50b050594d7df7e05325d906ca29a7b3c0e09246a7a	169e6d035f43fbc16d178727962af95fa3f8d839879e1da087dd25e33f307727	b6f442c73b588c8c527dedbb9d1cb7c6d430a3e629c18fc066bc4294b90dd668	c65e226c4161bef4c020425b44a185c31dcf327c5f92fca785af26b8d08e182a	3582f6d5d68d93337fca0c702fa1114ef231ad416b0602fcf11a0ee8922b04e8
105	25f7c0d63fdf8c2c7edd187d8c5a760b6c4351038f6581e5302cd09c0d700273	d557294047ddedfe58faa5edddb005646abf3f5811f6365dd1e00ecd353b26a3	42d2709d9e2a01553936524ce6976fa875eef7afb523666ab05769a65bbee002	4e438d0a2c664d263fe8a16c9b5720feb11df407f1ef6ad178e6f7a31fbc5485	cce111be95cc14a2928dceddef74c101530b36f37a0a48573385f7281732549b	87e46442ae3e4a5f14880bea89bd8a70a8303f8624d32ee48a0d5aefc55df9aa
106	6ba8350e0c50f0348bb996ec269e534540e8d455972136e35efa820633a59e0c	d68677b9acaaa6357952f2e0f38d54b089062c2ae3e6916708439cf5c9483c25	a090caef71f8005d8ec0c21293bb462dba06f93f91cae531b6c06a3ff29a2290	199b2a66a710926fdf9fad93de8086e300149129464a2abaefb3982952ff12a5	7323d8ccb524afb36d1b78e62c4c2586c40cc7896b0bb5af93e4b2c5d5e3b7d2	bdcf326f18df0449db0ab6d1cfc6eba7c1a1fea9c9e6ce89f6f4906fe781dbc2
107	95c0666575f3d64f1dd9840f7b6c4408c77bf7750ae6ab264eef23bc698bab97	a206469e4231132ff3910b9a29d9c6fa51ce84092c64cf7e41ce53c586a0127f	c12194c3b5e2b1a8bb35619e7bbd28610badbfa2d5c2a42320e531fea16e9569	6ef8845e0377980bec76f31595477a459ce76d58820c33edc15715fccd16cdb3	f4664e0921accdc6ed58eca8028baa2ce7174168cf1ef17257647fd1a415ecb0	9aab83f223797307c9e5b97c03a45450e351ed037642d28a7c4ed9fb6beda8b8
108	8c5c9538c7ed1927d0891893860f7dbad0dec567e58b42b25a4a87f108250005	653ccf097f5eedd789fa0b05588a9fcf3b091f5612f7ad4f04453e0f5937588a	20426c9bb8af582577c78ee2f70b0bef43b9e7ad7a0f5b2c1e17eda2133b85f9	65e2e5a444e8ca03b7e790f85e967e199ab165cc3a3213de6835af8677b3306f	4253ec7908fec9c539c6c08c119f20c086521604cde958051ffe9b6b684957e8	1989a4af4d191568c6ec3f555865f43e4ab04fe4ea621aaa792b9f03810c907d
109	ba04f70061b4b1681ab7df5907f9993a701a9526322232fee8930dc320aa9c2e	30ff56a1dc1135afdd1238aadb441f2a4701e97c8455d24278e392e00ca7ad48	686967338cb07e2c2e953e526a2554a83989f5f22bf13913d20a6f4583ab88b2	055ec99d05958dc8238b4dd39c35b677fd30b8fe1c0f3be9e46e416386359c61	a06147f66cd381a91ebf1e1f09a5342a8e780d81e5e8013035843c2fe53e7c11	aba45cd1f5dfc06c587580a36fa3e9152c8acb108f350a847131a5425d38eb5e
110	9ddc743e5733c5da24f94489772ec595c9ec14afff57c7287b839b319fbf8699	6d1243786f459c8b03ea42a223704fc1adbbc07bfcf8e6da872db52e0f458b07	71c16de2a0a6a159b9d4ba2c6c1165babc6dc29c2091fe7e3783c860783f6f7a	307986f69e1b99587a68c2981af9cb448795a085919b869578f6b50a066764d3	c1ba7e8a47e7f0c781f0098f1ef97d427d26425e90e843568b5e55d2c76536c7	06a22b4e0c3e48ea3c519d87e0f1d1bf37dd973f03642e3b95f4f7803cf7c591
111	7d50d1aa3471a72778706daa8259b5ef0811b556367c16b1d235cdece70263a7	8d0b0b4c8fb24fa9697147a48b69217aa324c7864b029f9cd21c9a97eb58f684	2235865ca05fbb6a87afd929c21caacbbe961b53fbfd6c139f27f7fe1ee8caa4	ead3657e657ad7c978734f05c72fac732ff09fa37f91fa0edff472d0be8ae241	3904d4eda77767f6bc049d7c0706ad77f4a8b432ecfd78e96f4289d026e1491a	4c70f01e763fa85eb0f1af0d359ae6fc670e067607473e48d6ea4ecd93a2122b
112	643761ce9a95893bcd90a1d54d716170b26ac86c712189e5c3048e96148859cd	fa89c5bc1091b60cf6b2118cb4d5d087ec662735891fdd790b80f3b1f847c9df	f24203a530ad164f393498d860075b4ce0195a3fc72eb6f599d1d92115ecbe33	0cc06f7de540e5ff8fe63e2cdf5f7c70f7c598945adc7ccf0d7f210aa42ba4ee	b37a6f2aafd6037f7443f37fd86012ae1473ec7c61adb3fb3c40a48fd3132951	24d0885916f7c6698f1657779249f1a41b13de894d611cb011fb8dd10fcd93a5
113	2b38a6d4f11a97426a8e37a9744c5a618db975c895ddc1343ee0e2a050041d56	f4092f4bc1c69153c7877fe28ed18097615e7cd487afdf921c7a1f4a1b00766a	c65e48de4aa2c07390c8349ccddfc15160b5d18075b28c3f9e3894057a12edb8	7bf71c26408cf5925c9db5457226220017f923a905643ec656154e124d4fe1e8	6416be216950a471c29877a44bdd4f0cf6ef9f5877e766484ff785a4542be8bf	c4ff6b3b64e2a53fd632ed0da9648819b7ce23203d50e3e438f386252f3626b7
114	35fbc6ad884bc5fa8d87431e4178fa323da85a1ea6e08858c2b55d47053d6242	b62ab4b28bfbb4dbae3206d3540643c7829bffc41a38b181c061c120c272d1fd	3d8e3028367eaa64e1bc2f80e4dd70d4f9b3efe3516548869930ce7df03d9d20	7e81a7c0f7029cec525d8b0f87f55f8df7b4c8caee23a4e9e38c1b5389dfc030	f107bf674ee19c944a7e2818d36d0a53c4fdbbe5d0381229ad3dd1285b9dfbce	7f562eb391a4fb344e57cd43b79e876698f7ccdaa5580b1adef869a0035ca9fd
115	f101b48f9392537d8e8f794629d3d988e27d042c5fd5ca53cc6b13deab5edc86	d134d78b13e21440c31343f835545e5972e452d1628aabccd1d1b397f1bc9be7	6cb58cee311e1e7bbe14ab15090b4c42571b5f00e3aa7699cafe0579d3caa23e	dfd8939d9ab823905c14a97703257459a96b94170d893a2f7b01c3efdafe4401	3913d729c29bc0754ba05fdcf6a41864d8dd67e346ac34d63de8802b24c101b2	e262274d75bb052285bdcbd7e9e484b834f59f5719ce9323fca51991dd506b35
116	c0fca631b85dd078a9e779deb6c3d3fb1c9185b8b7e4769a4ff7fa28fa872f8b	e5356663036951a0baeaaa919f504c3b78abf539a2c877f92257b09651233f82	946cb4149738f8f2007191f93d0badd1380b7df467ffd19dfdfc4f3bc1cacac1	55e14cead8ba4a149e20c26ec198880e84d3487b31d6f8f160bd6ee2de959af4	495e280dc24616b6a77c62a506229e99e2d03e7fac8b675433dec21182cb3334	a467052fd3dbf60b71926c748d4a95213e6726fe00e8d846ae82e0dd9cbde05a
117	8d9fb022f4ecd3f7f4729fa86e36fff68c5831677df03b7fdf58d85f734c1056	c2176dc86a17cc9b13f441fde7bc62a48c04aa499e1b61428011a75588cb49a7	0832dc6793a5ecfa578375d421e30b44237522e680b6b5134532d1595ce3b231	69e9f09f8d67bd5b6a391b5892660dbf1a8b20711718ad50b4ca26a0db594324	417b3992ed45707e24ce3559024bb2fcff071e51b4a8753ae640f52de294699b	ce290fa46d7a11c0105629a3fc85b15883ea0806ce3fc72d24e6e0e02b030cbf
118	19557275eb7ca3b32e32ad757d5e89ec8ce6d3f8eb4544805a29fd13eb1d0025	d4e8db569dc0c1d09c93c1951b5c0a7b22cd2182a514747257da5e0757b8905b	8f896dc0ca3e5d67cee95d8bf5bde18355a401978e5ecba18057d6178d9ef5a0	6865a397509f1ffbb110840dad407f8cc9d55b95193e0adc5348ab69a497d490	0f3372cfc4b010621ea49e0e248f9b61a5daed565ccb0d01d81fcbf13c2f8bd7	20dd164efd935a313ad3af46bb4ac78a50e1aceab0cf741e35e4ce529552c622
119	007edbaadf05634e8c103fd7064da298d9bb6d5715bc0abfd9c1b93a8eced84a	7641fad68785f6866d91079b849a101db31f0b565bd602a9348181e2e6a60798	d11af8c652550073ffc0852658e1bafa4b7c478241ad36f072a0e5c19e3ead9f	0aa048fd2b5b1c2b29e7e374a8b549525f2f53bb8ecdaffe5d4085f4ed96ad4c	5d941a03f6a2d7dc39297d6dd3101699b1101cda7b6e60baf4293fbaaafd6be1	425ec14472664021e947f0e36dda8968c87d9474412f309be6eff505a6d278a5
120	57ff365853401407b556538a1b98c8f0e0fea1edf694fb6b6943d4218d4a26f6	5ba8cc1a776e05895feacfdbda7e30ccb1510872e823c89e576f24487fbb1df1	190519c3bd231f77525dcf61e46190bf3824abe3e4b24d234e267f8d03b7e83c	2f344351d4c57480d8613f57dd0160faa0bde1b015142231ff4fae504b753598	b8ccd42b045ac02db7c54e8ca9b0c9b3b02d71fc3c7e9c45050a4785bb59a141	18c03df9103a59188dd13e69c4ade08bb9e012764aa74e41e57b4ff17923dd92
121	6ebffecbf804b0cc72ac2e4d99fdde12d5ccf1f5832113afad81e8d9193d236c	01db2efe9dd617f8266345ff45f3e8fd3d8dc476c4aa608e9b56a2a9bdb7a6dc	b849dc51ee3fadf633c0f91bd0d3a541747d1de2401321a96d313bf1e40c95ca	426bab2631899d5a576870c4becc4c451ebf6a234529f0719b04a44edb2608e4	ebf16df0409b858cb13574ec1ec2423205e1e3e33edc903097d8f64eea94b935	6b02bbb1ff919ea8f8aed476c67470112cf6178d7bb15553ad64cbe37d015352
122	cd3b3cb6f6a0e53f8d47df30f8519d50a54b0b9072f16cf9df2a250ee82b9a4e	8e9a41e1bc6eb9d65566b2c668d6b306e5682f4ecb3059ef12a818fdfd00dbd6	8da1573773153978dce893408ae154356b58573cd59efcc8a437b3e648d1aa51	758a92df236d8d647826fb190a35639bb064fcb6d02f28994bf6a44486b97b3b	ce5dc8ec99378b90650bd5c249d9e9c5a862a12f8d9b95f07aa52670930c7b37	25e7705fdc55325c9f3b46918754bcdbfbef748db05fd1c6a0196edd9b5b4376
123	51eb7892e84983cc682fabf3c4a93a9e5f7b2334e9321d837065d8cf522e1128	0e54d1eca55a67ee7d1f6bb9beef407d4025308f9c0c81efe73aa838555f69f8	6b1ede2d3685aec16742adc48d4d9d564e0ca985f34e787ff1d07fd399235999	b82c43793175feb6cff46ab05bd6febdaf77792a8caed430a69bef626dd65cbb	638101e7f6604c84a39d817efa55f47ae38e328df84caa670ea5d606a6685d4b	caac475a34c12c4d451415a3df053328aabdc96004bd3024f65078de2bbfad78
124	fe93d7d4b65379206679f1eb48f7158100deebf1ee0e569c00c2f7d0adaa13f3	c6d762cc39e1c5879b1a435e97f488c7405ca335001609253dca813176ff3685	05a7ce8db1e5ed701e19efa0222c1e06317a650236dee928b85366ed18df420f	29b170e8d26b30ffa5990a050a549bca4966626579445f48dae4b06c57df9ba9	8c6301688ad79ed30afb0973def801e992a98cb8ce7466580a3413575a46a06b	d05875e53689e1a886127decc6f546b6ab8add12422e6b148c97e57e4ff79a54
125	5439ca69335ba8030225465cb04bea5c8d51a2269ac8bd931397ba9356d2da19	2bff9cbcecfb5ef00da220684fbbb3bda48ee3542ee069b8cf814d0643552d99	0e486c2c243930fe91667ba9ba807302bafbea6ca8097996c662c6dc47e334ef	9cb3138c29393ae3711cf130ce42b00f7b3e3b2a3538d3506b988850e85031e0	5f3a0f4153fac262c72b7522689f0e1777a43dd99ead2bed3a9dd5c78385e800	0d084bf81f0c4af7fdf8135803c195f09f3b1fffeb5228884c1dd490fdaf79f3
126	dadd0221e567b3652fa9704af229d08f12f6735dd2ba14898d493eda042780d2	746ffd45da30d3750100c3b70d309f9f1f90adda94e63d7c166812793e0ba5c2	c30ac62f776d3e0c41bc1f1bacffad49c1f6c2476498fd63374c561899621c93	fedd9f49313e98c1ad22ef3c48b61c8ddd0aac201226574d0b5aa47d76d1c867	2c2ce96d2fb7909c956cc4952e409dba9d4992697dccd7ab77b0497a599ece91	ef5d71a604498ba41771c60e0d3ee8e03232983b7a89069e7b85f6642ff9ddc0
127	b8e5e09c45f13cc5f16a45ff10e9762ce8123531dde6c492eee69f5da4052703	6fa701709b4b29598150f66f84614ea850eee66e184ec4e831335a14703089f3	b06908c4437988e883b7895141e645c93fab6201663ee5a2546574d0116c2527	6bbc00bc4dbed7b6727c0cfbc16b7c69efaba9351253d91b4df66a13a5939667	9e4907ffe27088fd997272c3b38b7e4ccbf6ec7f0f44ee8d5baafb06f6f2c90a	56b280652f836a738d3879badfcfe2b7b58321e1cc75114bafd9267d764ec1ae
128	95cf78a768891578b25b0973163102d0630e1c5a7d21f78c08fbd2a0b9a7036a	8272060f8e9b9542ba590a40e08dba5496b4547569729cef0be1a991562c88e0	3567b0225b3b05068eb43003eb3222b7ace8876fbb9dc3e74540debe0ed7a2cd	6bb62f91b8c971044dfedbe91929e3caa5ce4ba0eb8b3a6165c52c19db49f3a6	1fac7e8ad3f145e901559837fd2df04204d126779b4ab166282aa30190bec568	d9a6cecf22ad4bf07a52d7fa5dc91e524a462d53845cbb9701222a7a237080ae
129	44755aaff735b051f9799dce84be6dcd02e584aad2328eb53f7748227ecc0f9b	c33cb63759dcd97919bcbb51050415b0be3c4bca105cb21540113a1a24d81b8e	5491a11249d9f371386cf6a145704b9a520de593384f9c62c346cee887906869	7df3744d7cfc0a852c2a50f69c0af93db75d8dfe721e1e2fe7f58ecd15bc7e82	687e4ffc76134d1d4c0203e1030281e0cf7e26df6e00c34819efc10a5288b459	717024cc1656dea566695e56006cb7697ba4c5227a76e08b41a0ab489f6be234
130	bd0700d02eda65738cd1015949a06214a116ed8e690721cd9b01a0f1b101f0f3	282b7c531d9a55ccd2c611199b371f53ca7f75bf9c76f2a60755a0c0a1a17bbe	952204c2f80f36efd418b6f6d26a110bbf3ecd139a0d7b5b0eae38e929a795f3	0dd6cbd895f5f519c6e605a973f2b83b0b53d59808c50941064bb5943fe9f0e0	1f224b2f4be84348a22825dffbda2b0340882e738448006690a4584ac5aaed97	e9620de79e2891999500d473a76d7bfa2a73033037c3a1523a9c4272a8afb26d
131	c13702dc00eaec46fafe567eecb50978a94cf3e4dbed90a1cafcc68e615b8701	8b0888a8c2dea9e93f6319fa31642387890046af33343d46dd0dc162b7d5a002	19744f8faff9b23ccc4ffcb3a4793b2729fef54fd499fce7d03ebfc2245830bb	966403a106071049e47f9f5cc10986140bfd606a5063073cf4b4b1987a32e349	a5162bbcfac404f4ac4fedf98ac8b78baf2e7d25933cb98655ddba4ac80b8519	aa7ef81a75af2724a91b76d35bbbfacc4b201f67f6e1d5c8386efee2d7410770
132	fa2da0af8e6de8d18ad610a4774285b663cf40b4007255d603d9f9f1e5cbdeb9	3bb018a0e6c6a004ee2ad7e22209c75996d8d4bac84e0e88c7c71e5fb81926a7	5a86e85788a9e38a521b941f2ca028ad68a95f83d01f2efa0d4005148ee5de36	fe90f03e104aebfefb5ca3151c26b3c0014c36db2f431800861017b32d9b478b	4a2444e49f670f0d805cdf1d5d0873eeb705304d0f042408c0778edb60a03d05	7077c9145fc683d2fc3f53ccae5ef45bcca27f1783b57562329c180f081301ff
133	17de587abf72fdab50a14a337feb882e9c22ad6e7a08e30782a0a0ec3ec1d63c	5ca2760f29a45dfad8eed7eaa4961f6de50985cda516cbc828cf78da9b3b2601	03ba04d590f6432d06cac8e353ba02a817dec96df1f90c62c99744c59cf809c8	f1ab006a0f2940ee36d55958e0309974dd0f396f6cb8db21433da8857a4cddcb	9efcaab3dfdc8a74eed84a55f35eb03914989e43f3811effc27e7c6e03291b17	9989432b4c2d1544496d527e1bff67bd20ad030b1d1eef0475e2e9bfbcb716f0
134	be4cdf841e2fe751583fbc8eb7f9cb33f4dee3d71685bca6433e018f38fe6ac5	47d11813150b476cd4533fc82c8e67f9fd011208201f90fd1b76a0273c40f4ef	445eb0bcc9cbc515c29e8b3a1114be3af01b98d6687b70afc624db62e6abf009	4f3ca278f6b0e97c9808333ee7314b90283948c24d367869114772b06126adc1	c9182c5d8b9a1d166fc600d9bad4159db7a423109d041a9ac125857d3b270932	dfc0ba3dc8a50389fe9dfc01d9043ff64acbe5d9872f00323027f83349ee5983
135	0332444fd4607129772140ebb6866cf3f84653a40bac9eeec177b466a7293f4d	0d323462b8d0300df72d12240bff1f6928817460ce8aed32bd9e20ebde70895e	cd5adb708d2af224c4695595bded6f6bd2c8fa7f2553acbc4f95d6dae9e455b8	29f7f5fd19edc5ba6f8d0858b95d0f605572022df4eba1a6464e237c1e6ebc6a	c749bd2e0522a1e649cfd99fb36cb375600bc12c5ec1f3c25b5f9b6c76ba44ec	a08233cf26e4f764a74a7f83932f90081bebae0ab426efd2aac97a823ec683d4
136	304deaa7fb5607f16521e7d61c3bc41bbb808ad13155d61efbb6fc0bb337ccbe	5ea20d11e708ef67558ef56275aa60f9ad03d630ce16f819d73787b9de82c74c	944a4dd3f03cb1651827ad910241165c4e74d01ac62ed0462ca84e38735e134f	f0d0fe7415fe5292e20f24fb66b1f9b5bd72b87cb055489e4b5d235ca49cffac	849d9669ea3ad217a0bd32dd19273e4e5b3d202289a7dacb377bda5b3939ffe4	37d2bb71cfcbe2c1a64adeadbbce482a37fe7b268580792342ae065a791da2f9
137	c1a861aeef55aad74e547922474a106ee5fbdc61b0c0b44875d92c9af53db607	39b83535fb5186856bd5c54875574b2eb0882b1e46530f7d8c177f2ad10e535e	4aa176b0c4b45e132d16789024294940a3abffef12fea0ec8f7913b123e3dc07	50765fc4744f1478485b887954c12fc0e653bbb54df7460cfdd55e81ce2f7899	4064988dcd137be63e881d0e65e41a71b710962296d760ee2ed01af41c815d02	1660cc035a94cabc136d238eb800942cb332681245c01e05030370b23211a8f0
138	93ca1291c469405d92b5c4e19309b9099bc613586907c276d28e3a510bb8136f	41591dd5b87c7f89b45c5cab7aeb7ae6f39a11f909474f96b7abe8cb43342979	8e31b8cc4bc7aa191905ce45b7de0c946c16b0ea8b1032c5847dde8d4999697a	68cc77e3a87446ae2691b71c68b3b84e5c3f3221f78d6d5d61d96546abfcf65c	c9e9e2978ef4a102d926e65cf1f2c432dadf87a984d06ac1c740b173315ca1a4	ed510696507353f6fd42d6c6f7ae57cd21eac09d4448937ae5b04d1440c867bb
139	746b45f4cfa3b09696b27d7601c10a89b29d7121151524fe4d0887ff19119a16	6e33f8168ff376f07d16ba651dceb12f4691a9677c99cc1815e2a2b5588daeb2	9805d5329855e096322f0ab400a8a16077aba0048bc7dd31ac2bf4a186a12b3e	be6d32754241373f71a925fd81bcd83c289008b54b1668eae62e0fe96187777e	62724e2f120780eebd86ae405a61f0e113d051332cf02a0ab6c32efc4986e3a1	8fd616c572e80910d0b6f2879036616753ef7047a8ee5f465622fa9e68494f26
140	08da341ef6e191b6e97b79109f111d571228404e1c0b950441b786229b50c012	330468c628db37bbb5150ac56ffe1a87915a347f6e1d6105b1039dbdc0e98e91	e31aebe1a90aac166822ee1255bb9aa63c2bdd4c63219dd8aa5e4a91e1e910cf	ab68141a289092d074b3bcc46d51afe725bbd16c8a186bf79fbd8ff2cd7074fa	5b63943f960cb4aae0ad40eb9f8673f0ea04ea7b42c1063ce00488d8c1e25d5d	b302eea37aab5ff069568c831136520eaf9685d635a98795ba63036d2ffccf93
141	507752b006fe164ffad5ec0477e2484d27f60deb7822987e12a3409e20ec8f90	f74da3065068ff860b61fc159956a8d2c4ddbd5039ad9227ef9cc4ee96709676	7ccaf409fda3fcd78af4b0af16044386d74fad982745235f33e65dc72f06230c	db9f11a0a0dd729332392dba5c10c0d1921ee64cb1e6ef52599cddf4ceb126be	e0d24d6437667247a58651d69dfde619dd1cbeca181964b65a528b26ccdc146a	34a9d025371937fb4a5c41a01c1ad755c74f741cba8dbcb67a21d7c6962a7135
142	fcb3e96705ed0536e7792268489cf08b91a9bc769af3f918233cecfdcae0e982	fd65a092ba1221399448df959dd2b3020e87d969b33b09b22129507f5facb516	1982837f56e5c73e677772c0b16b516de1deb14742c24e2014640db0491e650a	7cb270d7f7952debfe16a3fe70c8068ca0897dfde2723679331d9165992d8820	94e4ba4bd8f62a0a805d0b40e58dab0fc0d2d0e3539aa4ad4215214ccd449dce	a3188f57960952c9862317d851e2d660dc4e416061b1d27a5f9edf90f62d7830
143	3fe51aa8fce26dc601870a994dc7cd12140cb28e634553686699f4736f51f0f7	40e38eaca036f5d22a2aa6f6c68f1dcaad404d7ea7f1bc631f332e0f5c88d659	3dc74f83f12d42cd27422f798e95390ebd9753e17b311a16d472e3db48a1d395	37129ca5775a6b37ba140f23114308c0b0eb5f90773166c3e46f07d7bf4235f8	edf354f565f82895aeb7ee9e58e689522ecf90abef14c148cc161d429362a1bc	bc5ab2d767fc3674cb6a3eb370bd904c73bfffd8369f562c6fffd711857757d1
144	7507ac0c5de02cb94cd73aefff742a2a56c6b264eb4fbc7133bb9e9d6f04a02f	ced234e442e30ca27514d197282a2d8ad566f50f7906743d535a6dc6b5ebd932	dab77fd37ffb7df8cf5e8341ed29efcb5a850e2f744d1bc4d87d90376501f992	8e74244fd4e117702339ea7fb97a2069929bf01e9b278792d4461c1a5204ccd4	9ade37fe4f3e90ebb319f8e0a02736520137343bb4c3621f5188154f27e6b19e	57d4e7a7822ced7ffe920389ac3f3c14813c1163d2638d13bc14a9bb07771310
145	9999b1e91f137a6b46bee79d2745cdc746e3a1980a8deecda94afdc590363162	fc20d58965ac62d7aa11f61b8f0bb22045308cf463d2d85f61d6fa2bf361b1b6	2fecaa19059aeac2dca8fad0fda2914806d3adc6ecb12cec22321560371d253a	b7b1b757bcee58eac77054afc1039124f063f1012e1a44b5514e46a83066728b	8fe18c77cc6126bd548c65f87662dac7ef3b6cbd5e2daa94bf0b0f44018bdf55	c4242102d6a9b535eca721876f34c01393ea827c8c982c4845a00dd48ef0473f
146	e234847d95bf466beb7b33b7950a6a0bcadbf3d81d4270f13bf78978386b49af	1123ed954eef841641c2ea4b2811db99daac576eaa96a4f9a699b47c3661811b	24bc7059b4ac655aad04db8e6f17e761569f5baa717415469d5be916930b6b8b	c482363c16cec6339bf4c84198578b32ee8149b002b1a84fbb0d8ef5aeb8c5b6	f288a3d1977ffc65a36f48ce821a985b2f7860747a4b4f0f0e7b3a468b6b39b7	42359b54cd5ffd36559a6a84e9777b0df2f98f06ce83bf18677192cd5f79fdf4
147	42c4010450fb0f8b95f89ad01f2be9f249d9b4bd85266ede5e09594d0c2eb540	f26378ff410a54a9858deef6fc65f9620e3620fde92bfd1e1c6485b055330e8b	159c5af9a96c5d1eb6ce2f59609eb2cef283a605b396a6007b2696a6b99d83ad	6e7b00f358ed82c456127e2fb0e484e1375197b5a8f0f29ad2bd6969d8404cc1	d21bc5f33deb60cb6de2032eaab2e5afb4ced35cd5ac37c4dfef6b3d813f372f	f2417788380855155fea758ea70818cc16f4461b8e8b33a1cdcda22e4622aef5
148	7731e5e9782dc4df7414a472a824406b2bb87f662740eb40aa4e61f9e628782b	72e5b1c270288b36201b459856cbdfb15a9405101c3b915b477d3c570a0a57f1	2938456fe329dc1afebfbe898f69e70441f3077f3c8b0824e0c0160c77380a4b	ef5b9e1429bd22311ba2d3828ed4f20f4929cda6394b3fd2b751a51316a8f287	a1f874b1bc5ab4a1324ac6f9500373bebb2a33b55fade9d284047633b4883ce4	351fa89d9fd069e03a55b6da8e09ac4de6857bd2b442dc0e81db0c67dd93967a
149	e40cf3256bdca34a362af577f38dd5c45947eeffbd2a80f60dfb848154756b34	5587716cb69098a76e4319f5bdb24e8a61bffd8c9abdccf9f116fd72c1823e7c	4a8166ec8e2ba08fb0ffe70d4c70fd2ffb41326c356642abfaf08745ef88c0b8	8677f6bbee0dbd8beb7152e7fcdeda5efb9b2b96d037605268ae5944c137f517	72b336d25d840838012193f428b525fce58a76d69cb10ca9168c40ce79eab2e1	74e066f4be9264d92b33e9a8a3b6a0d56adcb9e5cdf7a7327d3de36bc4ce9d1e
150	087d80d5e125b870db1261b87e4b1d3235aabbddcfada9cb713add40f3dbcc3e	b314eec0b1af5e39922ecc3b270634890a667e00e7f2067ee675dde522bba70c	b8361a500ac8140072bf23b132b112488a7a1f51e277d20491f8e5c52a9aa690	e05eca3b1673c95479eafc5ed8e6fb9790e5f3fc9efa265eb55099e4e5466f8e	872e24a731a40706f926a01f81e5465c76513db20ae8d53e8db927dc247362cf	f689e533ab34e49f430eb49615399eefd29c6fd76b2e0f230022ba2c2493bbca
151	fa4f885a022d56178cd687b0f171419c9e5b66abe8278f2d15ad20f309a456e5	8e628e84f487517a1a98d6138eb78a31cf439c61a6d5d50133456d71859fda21	6571b987dad78cab3f7418e148d6292728f3d362977644a057bb3234bb8644d2	81049db80c4fbfc319465e55a5299838aba89d89dab8b12c587b70ea97610095	f81d186d955cf0304c860214353c20b054fb1f360d8ff79386293cdba8abc0ad	713b47de9c89bed94e0d1c565131381c77bff8c75c54ec63578d4d5e59bac9d0
152	c8a77823cd97f2ce68e7388011213fe204725f20068f54cbfb251c9c5e40673d	0e99a2132f0ee68f79e847ffaeeb18401cfb19aac5a15b03515e83d0c04b12a2	ac40b7689923640fc206c4fb5a0d439dec4f2c6360efa55c53cb278b2060bf9b	7c8840a0d013465170cbf03c629cdf88ef134178832b691ac408e62c5c225c25	39b66ff9eb9904fb5523e31dc0345c9757ba0805a08c596226570e40cb1cf9da	232ea175ad88237a156992534dd8c1b6c3dfd3397ed7436986905b3e75d51059
153	9e0b5a75fcb24b103a2ed220c213346bd7144ed3590a85152e582f389e8e6ffd	ac2cc80a58988a5da1a4ce7358402a3d9f1382580ec0c0506d3f7eba1f19bb04	c17a5a9092867d6b085bf95953ff44b483cb2579fc17b504d3b5e4090437ce58	bf9a0f3eb2d8dc8cb30df781fc8c2a24e1e1e40c49273410694b9c17090d31cd	e1a89899f991b7613b2132af6d6c7fa3c268ff21d0d95ab70ee7ee2ddf19b111	c9f8122195d8daf8fc7a5035754ee31d720adf0ef31e25063289a9b5a37fc199
154	813c54e1a2deda202a45b1ca0cba983cc3e72ac3cf785cc4a7f37ed754466ff4	0a5badd7a0b0acc8531ee62603362274edf157ca4a221727919522b04a95b584	4b7afc69d01597f52a31288292dc596117cd5b4e0379b2765f27acf9173fbb06	7fe04c146b43658b3dda56f0086822d59985759f5da029530ffead9fd1a542bd	903a01a9e6a90cf0b3aa6f94bd8b994fc859db317d93a26912d6fa5b430ad954	277573e8defb41bcd4e9f0136f7411019694b2f99a116b4954c7ea72dc78c808
155	618f6d92165460a0ab7dcdf8dcf7c06e92ba0c59e3841a8d77208aa1c0a5c575	fa6ed3281100e5b7bcbe64733bdf96391b438f4812bd93384b57d39f9e702b9c	e87fe6285c72294997e568c152793ad11e4cd77bef8c5a658f7c984c7d4d39e2	f99fde065a31babe4ed2f7293f9e9d5a9a8a830a9b4bb39be65356372646e049	b3bf6e1e144b4289e68463ff0303b9d6c6e7fd9e67a81f8ad68a05907495538e	65305858f9dcb2903a8018f962bab3ae3857fc90eee7164fbf87f2c2b9f0cb21
156	78f98a4fb4171477cb3f689487b056d2fd2d3581281fcd93d695c93a83d15721	f44ec823d0463eed8e6ef9e1e444d127ab6f37f80d34352df63bca35ffcebe62	d272891290de1e9e910bb78e770f212a105d1cde9678c293c6de38c727d5651d	8cefb85554a738d875922efa681c6320d159ea23b0dabbd75e07155df0beb913	2173ea60056ebb437bc41386609f3b360205cb43ef107d8252827fc2ca9458da	7c40a4e4f7b27dae3d9c32cbf2d7b06e1369b6e674f4526e9fc5fc3452352552
157	1e677203d87e079eaa631557723c88156690cd7034d1783efc50af9832daec37	6596b9b5499606235f1c769f54347c15968ef5031bd85a15e55f914becd6f44e	384581864303c7d171559d0b48784b37d601c24d7e6487381096a82dced1bfab	1726264257784f8214714d5952f28435e54f140edf99e3cb7f3c900471345b07	18aa32270f27066b4b48bacd8b4f22286af1400bd6ee45d5fb32a9b306ba8c4b	63cde1e577a17a8a4474ea9eb10fd2da47c4cdab476a4a5b76a6784a26d29ade
158	01e8e99dc2a0ab1f37267635e6ac860aa0ef2bb1d3a15e2ee717b763cfc1ade7	58ae8b8fd754563ad0abcb8801aa9c315e87f5c81b4eaac0969a55ab1b1c1a59	560922e9b22bb6ebf3c24ad24c5193163bb313b804e580ab06b661c44588719e	9c33f8be9bad23dcb21d0e23cd9903242b6e1b5d33b6c8d96827bced821b35b4	3719616fe89c544f8bb82a41136092cb60a0a241dbf5c52d217613f9c53d1dc9	5bc0326f41837e1589bacf6989a10b9639e322967acd11741e7439feb57afbe3
159	fc01591da322687d2a51b13fbb3f0a8b533c083789bf3efa7bfb5e107b8b36c6	ba106347bb5c0b074b2fa31c273cfef7018c33b3d8e400e2b90072221a0ad704	78bcdec2fcac859ba9001b55eeed5a5f13a74e69c29cbf367669925808dc58b8	c8d80fac225d32d66de4847814f4bf1f2ae05c66cc9965122a56565fdb540573	4cec589b52d89e32d476a1a8447f46dc0c99a26086565bb8faf26d96a130d95b	2f89e94a94c32cf8b49e0096e80e4ad2129ac289e38b60867f627e3319d6c9db
160	d42cbb8172e6b0214d9b45b01a4f754f1b1b526f2b909158330027cdb1b9afd9	56099ebd085cec9517a9d60dbe6cc2aa3c83ee0c848e14794b8947cc29d36429	03cb22c3da338a781fd28c5f326b2116fdca49efaedf064f44f1b9904ebe7634	344187f47a5148bdf6779b7559d4ae6d3b70132676545cab5830e665cdf32ac7	2f43da016f8e4a974494c24db932f51182a9186dbe8787975a5befa2e6a76f43	da7d873d83f732eed35c3261c4fedbade6a3c66bf1dedac506a8c2feea18f056
161	1977fc5dafa8fd61ef0540f51076b3825b7a8ff2ea2c11ec9ef043be3340177c	5b8dbb23cb1c48db6e1928c38ff9ae145c06ef39f66941e2b3c42ff6a49de49a	00c0c2606a37a1ec8a8b06138b6566483dd11ad2ff9ed4757c2fd06519c08277	cca31a7f7b166fffde59910f979585420489ada7e1167f5065a5088680412550	adae703154e3b66f86fb990186473f92b77fa2bc754beed82d5adc0fa5ed5014	60972c0e778fc8f9636b8ad567ecba56e278ff3ae3bc3ff96cf2d0261446448d
162	5d4c46eae3886d1db3bda5dc6be88b23b1132ccf1cf211f450ff24f60e2f153e	05f27b297935c630cd8d3363676efec6b15729c5e6639ac0f0a49d2deaf9ba93	71adf1a61955e3cb34dc872a715d28eabecaa51639be7e4643418e5249817b91	754f24a186c1e8a5761d86d4715f560162f32884ad37cf4d1030d26e0195929d	7fa91143fbd25bc3b31e42f2ff3309b6783af2ad82216652c97c6a7097463d66	79b717119522257ac04d16798ae329998d9700e612f3619e9ee9e870210bde27
163	1bad9d2a7bdec1fd6264349efd9d3d2f1c37315f64859bbc47901f5ad5939a88	b4d6c4c41ec203633a914afe023ad61d66601eac63c20fc3b5eb3b899479b2fd	19a43f559523e05c6cdb69939f0ed97cf262961f307c8787bd5049f3b62d25fc	afd7efa7c36f92126ff25795285828d2219f53cf81786ff7fc48bfd9c5c9493e	eb1480b1784a18ffd9e7414cfd7da65e963f86b14ed8282b4a0fd5ad61f9941a	53401ade46a7656041a0ad2d5d1556f91275d244d6b9fbd408e8ffc36c10a04f
164	e9c5622309a5d47558a03d6b415abf7ae73c11f676b005288d5a1abfab12110d	d8501158f7ccefa221b8b50631da091daf4dc6f1f3f0dd9f1a2092345d47c2af	7f2b92e6b2c47e25bd1ec653c0762a0a4938bcc6fc61e14fd4ba244df89dae71	55d9cd05d474c28fba633bd8be83d3825bd571f8fdb7f7de06e9fbad63b76ecb	5bb9a4eda4546dc067d720a4d9847cd6ae1d0eb417afd2a3a81396f12e131b68	4bcf79d9f32189cba0b33aebd7476b688245ea1be3d5eef8404a1d3bdd413d4d
165	e8efc04b78f2d11f79b1ddd7b4533b0da9a88d75a4b7f228cbbccf0396081f2a	90abe1eb2827492d72ca5042521dfa5034d1070953ac884421c9e4c74bd2070b	ae037c436c0ca6cd39788cad7291f1f6980a1cbf224180bbdf82157dac888a59	4d4f9db85d6f3170048eef9c43cb8fc8b3bb91778dc27cc38fd503c1130a781d	3e0524813341fc57f41a2687b43e3a5b926f0533c0f3e4004208a1703b96b9ad	3e8d43822bec79e7333f90312bc80e627706ef386e0ca0b9a6c7b08118532b52
166	b1c8bf22165d8ae58467892992cf59f294688a6e8abcf7dd09e2412a6ea1185e	76107f534c615d2190b32e6d43b32a1e071af4d2fa3464bf3acf520fea7c565d	519d97765348b4fddbc9fe001d1db1c11d3edb1324e70b4fb031c63dabea5a3c	695f88911cbe440661c6bad2350a19d9611c8f6f3353972a5a07c9e2014a63f0	a3107a06c9a516588c9287439d762d027c32aa65792b8c41acc792ae5915da3d	c26cd27258358eddbd60db9ffa232c980f7fcf04b411d3f249ef84171543b569
167	fac146546f4a28c70326b0e7830d0d492e2590ad8ed59224b1e0a9b7b642f5da	9d6eb0c54e5fe58874862ee362e110110582b9521bc8a154237dc3777f793ff6	7dcec6db15030dd6738fc5d53550c2e4499ddd9542f5a5149a1cd77a365f8201	dddad3ceb4bdbfecb8752fdb17a7c603fa20845842725e072eac453d5fb80d93	3e5a588dcf84232ee704ec5baf4d511911d3d4b9d15db1dff98b93aadc6d11e6	6071b67a3a8b4100df700877114f88ecf479d7f77c3637d68642b4638fd40d2b
168	68dd4f660fd36066b586c7580fa6c478f610bd3b9986d69c33b7e770ba5ba3f1	2d9a43defd85a6cb04c874ce171eead7dc942ae18e69e0a720516f8c50495bf8	a1daaee4853c98e8b6b4b7ab7f4a8a91b52585109c9f354eec2cdbb2a01075b8	236c2e7fee9e9701f53d1b41e7f947ca4bcdc8105309b431847494b32d198e54	43287e21c6a35e2efb4aa8b3d73431dcf1b31fc018f61e41230162085c8fc7cb	adf09c80de937a08f4021068982b3241970dc7f0259c0c5e57ffcae7804079d0
169	4c0d4d0073a1c19b38f8c1ce1870dee2f5bd8142eb4c16e0e0e6630d6bf4833a	16e55567c8dd8fc5caf343f12c3c7c4f1abb86c1b10a5a30e0b757931f38493b	a96a949818aad33f16551c266b193af9b916a663a9ce7fad8218be517a6ddcfe	4958463ed9354c85daa562a800475c04812f65f13962e4949e96349d149a5a3c	b43cee9ecaa96ae972451ce8402842db8997336a113b8e110a46bad6e77b65bb	0480a45216d0586657e98e2c3880ed4b6900c858064d20c1de2d6c3011b9f892
170	8cc10ed05b75d17dbc0995e1706eb95fb6c8f2d606e23755e174d3ae640e653e	3597360a6e289bff36cda1d7bfe05b440c84eb200c54c0f262fd2e361d4a815a	d6998b6c643827a697a3b422240d66085f345d85886ad76c4bd2ffb5d55c32d5	5b061541ef7a1c24a63f98708f0749394d698f65128584cbfc0b198616420f1e	32d62dea161d058d59c294b4a6d35e8e09eda80b7aabebf49c802865674fdcaa	985dea2e620b12a88e24b578d6e16f6b10444aecdc44a0641d001ae99750b3da
171	a029a7d73943c1ab7a418468f949e88af60b9d2692357dba098ae9df2cbbc9f8	d41013f2895f692ad1163c94bf63fa14f10227d92693fd47970ce7e5bbee1267	deabbb6de8c7091e0ba195d6513c957d02341dbd1990f214f13664eb56c16fdb	b81ba498bb8432c735bd810414cae628f2190c62ce962afd79d06b71f89c8984	2ca9c6d927937981e1889ec7586e3622695a98864872d6dcf6d11f28f731c737	e87e9a1aa90f7f8c9aaef3aa50caa54c7c7e2ec3ff74e383dd7e9fdd4988ae0a
172	16192e3f8e7633a1c404843c8c27f9e644b31b1d4700e1ec29a74fb79307e911	86829085418dea9c846d0416a53c1457416420fff0242b020cdbec401eb84f27	04112f3f648a33a33b12c8ef460f60de39cde3efb597cf2cb0712a60e25e1726	6426f794646b01fe2e1f5db317321ea6cc191ef5ae849b930e66b6ae6ad164f3	db8adcce89b1eaf7df951b3997be7d429e0bbbbf1b95dfa0da6f07cfc9f68e7e	a4af68c824dfd803e87fe30f3b217b44abf645651f23ab7c7b38fda9c9550e71
173	cbb6a78d415febac91095c636a70fb67de786722b8f838895419ab32ecdc5bca	035469840d2f4daa9f7be9a4253fcc8cb663d2df10edc49be95a1b43080d4a8c	3d3af339ad02c68a9ee07355aa0fd368efe69d2d4acc5515f6fcb86dc908aa6c	83533c10c11ad6a1583eb1485914282144f091d239404e86101b2bba2bfe711a	7885a056fd36069e9be4e5d91cabb5deb6402f4f7b6212702b7aad4ea9b869fc	16ef88913928749fbb39721a75b43752167dcda506d6395d14e55b17ebcaf0b0
174	025d01f1b13a86aec764f7db5e08cd66eaeac95ca131fcc50cc0430e024dab32	258c1f0646dbc3d34f55a56ad96fb439b30900536c8bab669880df66a976f546	c1a0458983afb7094514586d265b258772930161a13c59db21df2a1a6768659c	e9d56679de3890b188bf9e52ef3aa62224c6f31b08d389f821db1b5696dd18fe	ae3a1d8da499ee4cf38713419a2e35f32a488edb021f3f4222c2d6ca9ad695d6	1fb32546d365e3bd39a78c422dd54c3eb74b17a6a1b1a58caca80adf00af7517
175	e7e4cf5f89f6f4e58ea00b4df13041df1de62a0ca69ff5c684796e9bcbf59cdd	26d5b6893f66134982284a336f8862a686840bf12aaaa7e1bef10869dd4e0e10	56d4af245a2a250829e421d1004fbd682fbfbef16f50544ef4d6a6d176102b6a	cfa2b5672d0b1fd2fe94f4e9531f62127fadbbdcff4f8d9c2fac10c30dc927a6	945994cce43806981a966bfa08a3f8c1f9a26f93cbb7341367e5130d1ff3d893	47e419967a5d1e157cd86e2b80b39d731eb58da8fe0ce2e7ad7511c3c3ed8467
176	2bc26fe0d88723b2a5b50cb6bc0191ac4fa4e05f99c29a4a45697358db3623da	ac6f07b6554600dbf492b4759288580e7ce56b2aebf455b778fd27335e9a9110	82a985c0467e49d108000fcf73486d2733c78f7d8787ffc3a7d75518f4733477	ff71aba01f711465d2c9391d36c6f4beb43e26654a6345245a11cb611a930403	ea392fb08cd13c527f858bd674de9a423fbb9646b66ba9d1e00e8e1022f6533d	4a86c57d9332130ee1c5e88ba16f1a2d7755aecfa045a30c72444595cde5cc7f
177	0fca04dd1933c713aee753cb570911ce97e252cccf6a664add870332a28dbb1d	31482bd176336d74718dcb9c8b69a663f1fb1255832209cfe2f513f93cbcf044	86b182385a13892de43d26868bad1848650272c9bd4280b0f2f1d978eb303f60	7dec152213c9b27053b1a03e58c7c48a3ab3ded0fab63cdfda3ea6b95abaaef7	3496d4639a175328d0c02e4234d4f164155cd893f70d208521c1c5b416c66360	1235b9e34ba1414d38e2f296651c9d7b12166ad2d1d4ec888457d37e78e3dcf5
178	47fda349195f3e012f9ebc703d13c9300e6d781873b561f674ded0282c2df266	7ec267f36430ce4f000273568d1bde7023305f298223f3e3652db8ccf441aa84	4df7920b700252f91df385c5311bc5fda4939be70d0aa109ac74fd2876cef54b	97bf2a91263b9991f7128b0b8e733e98025099bd0659ccc0ef7fcacbe53d94e5	e1d3c8acf95433905b76d78d96af3fde6b6283167e292cdb5e9705d2a26417c9	d6fb1ef7befaf4699a03ae6986d9e16a99ccd3096c35aeaec63bc7cb9f5d6633
179	3ac654b72befe33781a483081742989a68729ed729f54d3514612dcdb549c14c	4e343e56b91e7aa5cbce575cfdcb3a8bad6bda954f146b66f813c8958a9ecea4	74d46b0324d6e9c9e21bfac36afe527e79d1c6f1643ec1c3d9d17ccca37ce668	ebab1ef0ff1e5192d98bd70e5b58425b5bba1dce429079a7b81e7a4b55656974	eeda077c5c1417b4277f9ee36e5d4a701383cdc4c1934580216a449fac5407f7	1e981341c293789fa6c910831eb1dd4bdd40ec5f535eff0c0fee4827ad572ab1
180	e851c0dfcafc1f0fbc8f984eefa691ea35632a4802cf730a818b429d9a2e3299	3bc96bf9b1f9f0eac2c9dce8d64043f2d727e51f83daffdb9c5b53137e67d74a	64926350c7b01c7b4f83317654acfbc2428bb8bc7cf73ef70a2726b9abcf6d1a	d009caadeffdf39f7a17ff8004fa7e930c4b39d24ca89f190096b29636126f27	ea056310d048742faff374b01543c3c515132200cd439947dc907b3477537a64	0932d5b357f88022e1128be5f394db597972ff605293f1df6bd8d30f1031ff37
181	3abf395b6c538d7a3fbb87bc0186dbff21927c6072248e1e1cf2b0fc8c7e4cba	8dda6b0d8b42b6b42dcb8359d892154bb76bc7fcc577d5378c35083129363239	441f1a3ab4e4fd391030bd762f6b643afbe045d69f76ff3d770ccc501706a249	d9d43ecb48b5d934a6ff1ab2cd382eca7f01cfa10f46948e4c7b9aa3059c31a1	00f0174753aef93b6905198fa47a11ea39210589fe4ec0f624993c274b331750	3165309b5761a798ef732dbe8ceab985d013c43b41b80f3e9a928b10046d3d20
182	ae474fc614bac6d35ff385a10c99db281630a463fad427835ff9d50f806e22bf	3147d26875208f625c334fc34b0102988258b9f135e5131bb49e2b0e36b43a36	7696831982a302ccc0bb12421f695bd9ae5d0409a4da8b7fc5b4bb5718c8bc41	93c1683680a15c8264eaffda4662c4885ad97358ab8adca0b9882d4e88e18f1f	5bb9292d7ceb23b0ca2ac45c9008c8a3735a50f05307d612cdf3402c38d7bff5	65b026d2e2a7f836385fab79c888bf870ee356b5eb49a5a675b018a523e1b7f4
183	39ded193cafd1b41167033bade7e98de5a8733f2df972fdc24f3f305b3c89270	cc127c74f56313ade1f0be4734207930e8b441d331cdc1794613f14aa4c9426e	dee96267af53d3b623519e4033f8a0366a0140441474d0700425151c1c1328e1	38ff6b196ef291601074a62a9efbc6ef98e487920fe354b9da474aa1e1997472	98d3cbf110da9ecbb55de6598b522018b02a61bddc8a182187fb9deafdeac2ea	36297448d970609521bf39138a0738797e9cc4c0a31296f8519f65e711519d57
184	2173bf89ade72d7acac4d5d972403384b4989b183152a48617816a01df81f2d2	d89fab581fb2393ed0a0f4bcf8007ee2ed03d6a1633556488d4888dad2cbf825	72688b3fac462e37a856731704959820e4ea14672d9b6e53d57a2b14bb88c177	0fea678855e577c00bc461e588630e71053c2e772bc176616f3aaca7460806db	fbc6ea6648f447fd47667688807794dce7a26723435cfd03137a4dbdc3197739	76a9ba66127b19a5218255d399d4d23c1637084d447f6496d36174fd05e37048
185	0c30a096b54e56566cdb817db12842aa427937e674dba58caa840c3092ff323a	3674a252423ac7aede125c22a167213e52ec7ef1297958dc4182ed01c31c64c2	d2a6eb36b9ef696bf008b82dc3b12dd420c1e7c409393d889902c64aac08350a	a0b1a326bbf3832bee440f2eb77773a0f24486c50673447f14267ef03f353ce0	adec6f906ac2394f85b2e4f37a5c4c29a4b7ac08df328691a9bdf8357bb4f278	3157768947e6124abca48994dbe3932c9951a032c10a71007e117b0f2be2de1c
186	1b26a50e28f4284bc6ef065d885e86aaf3b903e6f6a56a217a14ad2f14b35d0a	bb517c45b29e8eb8e2f7d05013932c4fca4384731c4633f34a986c78f23be6b0	f2b68ec51583126e3a3842903d0ac678b7b8bc0b17965fbdef7ef1f55eee5b40	d66b8ef27de170d4bf75d4a28e6f33c98a44a05ff75cdcbe1c420ee9ed76af83	530c9c980df6668d32f1d204780fedff54766b7e236676c8bd40e1dc028b62ee	012aa19507bc64409c90feaa3a93b7afdf7734493512c9a243994293c0a6e721
187	38434738f143c6d488463d2a23d84048bb7452d3f24b967763a1bd30bd83f95c	609d6944fd0280d8a3f99cf2ffef78a406d54aa9e34dcba730f39a7b1269f098	85151a1011750d890b3423dc45392e432cc2fe948060b78784b546b98fa414bc	a060a8bdfb1778e734554714f9ebaa14383810f97f11c78f91dfd48e4536bf12	9e36fc1f53a590b99671c3f3c08d8ec2fb26f634fc22991fecc08dc61cf5e758	0920c2aa72540a1fefe06ed2fc458c1768db37dcf28c551e50e1f6191994ec1a
188	fd024a416b07fafcede83dbb6e798ebf3eab05019b5118121fc9136308b96c2e	fb111293bbdd527c5ccb2ff82095bcd2dc90e6474e093e00969940a67a9391c6	07e1bcd9f5d7868aeb1ec5aa5f88bbf4fb25236395501335e3473b6f639ff0ee	6ae01696f558c702516baa654539d4bda47a60f56b303018f372e598265e4d2c	586cc0cc8360ab3066c4431a8a38aaca53b2d03474fd6870384a2eebfe377c37	ba81ddd3a134a2a11a8820db02db487ab89b61763d14e38f90e54b02ae05893e
189	1a95553c9104c523dd5bd1269719f2d309061cb6b641b5e0cf79af87854f51f2	3fa554700fd591d8143e970a79fb0c6a3f5cbd19b046c4cd822692df13cf41c5	a5b923f4e4ba0d92f27265484c59adb7085fca9d03a701ee482d38550e5ef523	5e09689734896dad71197560dea6671aa29655a52589a1e07b1fba265b3d6715	4627a333509a3e327fcfb6234e604e0d2f5182ded3b8ebccecad7a14c343e9e8	0cba6e37cdd18e841522cd1d934084759c83c444009e0fcfe0f5ccb76ed308ef
190	b94d27f08e3dacb143994e5379757cbe188d845d6e33c7b483519786476678d0	c4e4839320fc0ef5c70187a54b212a852706fd317a165c2abc1e619e50d89b06	f0c2125c595c4e8e36b8c0e82e5f36fc018f04f2f47e97af0a3a7490fbeb01d5	1a255e8162b53292acc0734bca2bc072fa3ef5f2debcad9dea8dfec3be712694	3618cd9a6909c5fc494123b2dc12e350a8fe586f9b185c9028c7f83fe6800fdb	1172d95b69e8b304ba4cf639eb11513e2246cf5a6707caa4c81d0d65d15bd4c9
191	ee7de929bdfd76adf3f219c2f3daddae7c1e02e2cf21bac7bf05b1e275b22d8e	c1c05c7a931722521bfd961b68ec23a4bce41651f6c26dce88c74332188f0cf0	a3bdd213bfc13fd4b2de6448f6a4b0393000f3f883c2dfef979db6f692689672	081da56b64d7ff6d7dc07332e7bf4f9e3a0cc8ce4b77a8977d92a36995c049e1	0e87a455f6c07b8bbc0092f655bc2279f3abf979822977d53fe377864b0eb0c2	811a0425ed1f3a4484556f1e52607eac740732787213e1dd9d598480b27d465a
192	1c11c48c792b1ebf63e53d75ee83d9ca793fd743259a0bf3eea9a505b6b7ccb4	847bfe4419035fd57093ba92476249c5c52d3d8a3f4437f12dff2fe68c1d7657	ec79e6d9052f95c3c999ad2e04d38adc415d780abd9197fce2e458a56c1af096	4e1d684727fb27b973e3041838a989043e2de1c82a2f44a3ceb2e8a23989f0c5	c620d838ed58d038817adfe24b1b1b51f50fbc17a34fdd8ae0bf067651c5fff7	c9ea41fdcd9870f55d96a80b2af96ef6c6c0c868ded6ca986dcbaedd9623d03f
193	f46be59c1814f452b7d130ab5998284298818da7c2726f3938e06d80846de1ae	c9309d652dd4bbebb002a06b20e40bdb5c2349899739f1176c9ffcfdaf0ecc80	dfd277fdfff5bdc6d08b7e98267c3d05ae35a6ba1cc7d97ff881064eda410868	29de343be7f0cddb01473537d6957429145b241ffd7a0a24860e40d52593f8b5	0e5abf4e1a383c3cef5eab26a5b122b1980a1124692f327dab6d47e5a9dade09	15ddf9a55bc4304a0c634925f583cf44aab9ae5456235359898c681728bbedc7
194	3cd5c9b41786e6b67eacc810d0ee29968f21a08d8a646cfcdb91ff21744b5168	e4e99d39723f58ae519b7b6f8554aa857a5aa0ebf4fea553a1749bcaca132562	c192fc5caae40bc83ba71159641b3b88b0b39a4849a9846ca52065bf75a94356	8b38f4a4fce5da3d85a53b3cf360ccef656d3e1ee57c2c6023bec0403c8b257c	235d753f32f73c5c26bef57c71107da321b288266feb51c252688b6e219cea04	63461fef41f10e03af818bb1fdb1096b8c6766eeedebb2dc76b99725f9d93680
195	24511d5a781ccfee1eac9e1278cddee6602441784abfbdd952bac892a03cb078	ee64e2cfba417add2ff79ead8d67b58dc8f1aa2e1b4c820574f5fe5b0cad41af	0403d6e2c58a9e3308ad21e4fa15f14a3d7c386f4c32784c04516c683afd78ae	55cc641688b0a432607d9231186bae298347de102e2ed58527ab8bd82303ccaf	7018190451934ebe76c7a60d7d6669ecbfadfc57e51af1377bf017eb4e4a4952	bd0724ee33df562a04e30d87fba43cf984799ef3ff9a49eabd3182975050f04c
196	3bb0f6b665b585403da550cf2679b3b3d14190e5a21332fbdffb518190bb070d	46a6d3ec32a8684925597fa57835f0320ef0fd7fa61c9bfa2436451cec5c4923	e50beaead6d785d8ce2dd7185a9757e67a388d341ab4b57483dce337bd9ce91a	5452c95fed895d776d2c572d6cda79c225c4a110201f170e30c6838b3abca805	c5b915d14fb0f9c304b45f26b2c4cfa8568b338a1357cde892332f61b8e04e5e	876e40655b426c6b70a334a0771e57fdc75a3f6f39c4b5bc65e95d37c436b3d4
197	08f0a14dc47d8cf66cd476e33a2c40ef716809386b954be7d6e3d7ee3f408f9d	34e75114fa6e217e03ab5b52f3997990c10f314f392eb32b08f3c329eaa98815	639a7512f9f4f5255b3c5908525e5914223fee201ee8074be0b916e534211421	867221a938ba272d004a191d8c414ff977e6f235dd53dcf65858d279cf7b7a4f	d6a4f162970c2ddd81bf53213a47a38b74d71613d9cb8b179636706a7fb103de	f8729942b20ccc4c7c82a08cd667a4422ae64ea50e0b0482fef9d204e1f23501
198	80994f8b75a9fc1bfa3a5b004d5aa94f7b17aa1ec44cd25d1819f2c5e3e9e92f	b7bdda5266f40a47bf1d209b918e01e57688fe50637ed6d873ea539b106b9a75	8233efcbb5231187928b0bf258e2ff600fa1932ee4a4a91ad9d7a7b289e5225c	f5104632d94515411f069ca9dc514f27ae166c6c0a273a92fc85fa9e0ff6c8eb	bef208c041b20743266ae3d921336d7e2c9785d97bdf7ff70a7cc42ecd59d853	3c0ce7f57d1ebf4112aca2ee37182cfc8e5f0aa8db05527b19f77aa56f002777
199	d00d82f1be39020f7c657a20a8e664c1474c2df05a24705e23b599c4cab9ee68	14358cab304dfdb4a981d0d8583ba14e43988b37ebc454ebd3d70336af58fdc8	e59132148a42082dbccebee5f4a0af8027ae9de72cb8d7c8dceec18f184e6200	e397a27a2535d7898898821da93dd69bdebbe2ae6dd4a5fa761fe17cf17b989c	9a7475661823b96ad0c564483b4d8e57bc2f2e4044d38d58ff8454e739dbd1a6	4d00b2c29537d8fc3a604b2acab9199cbc2e6a4e990907f5e60ee892efc2cd1b
200	6f8dc6eba5169a57f7e07b594f21c4bdf2a445f762a148926646d7729f90aceb	ecd2e432d26ba40c041e4eb762d13e57b17ac5834f942b26c2e5908f5d34a849	36dca69fa74652666cd3b86ffc3d42477df4f9c689c4fadfc73770f3491bb61c	a059741f25e48d3e7eaeec83eef920c4fb30ad3cc0d4783eb2d34440c6c6ecc1	d5b353c6429aa03f773a7cec7458286dcd01e4462881fb1be8b7a7abbb28d24d	aaf100702178259c451cb9e7d3ec4bd284890a1f440a4290746b1ea523601c74
201	8cb2dba1f40ef901e4289554f33718ab014d25ef86b2bc7041c080dc1f0898a8	c3a756d4ce6557ba88be3b9ef30348068d30777d413cf0ea1b549099e3ce087b	8342272019766513ce5f09d4a524f963d6b0716d5bd3221737b370ac4d78702a	e7a74c2124b90a8d63333667e469cc9664d9d3c4ee653d95ca9c78373c87e46b	91622b257cd3dce4736658d3a3edc7679b8851592f61073e929e3d06d569f2fa	43802cba71de0fdb6ae46f92043d6c7254500f1edc4f0eab39cea622bc598ab9
202	4977f50dd34ea3b8424ca2fd465f0b6cca280c6d00d6679dc64d2f15456777e3	cade5fbb0bca37a89d98f7ee9edfcd4045f7faa82e38ca6d32b8bd210879a783	12166d8f39d4ee76bbcefbfbcc5fd1b7a7fd95bdf133f9b24c3e75d9efcb015f	ca2c9ea98f2fa5f2fcbbaa6cf097627e7b55761945b012170d6dc36db67ae8c7	f481f31e68b64b7e6cf1c2f49c1ae9893f6439803b029796990e9281471ee01b	61b0a328f8b1047692da0e406f9f27cbe57d99e8d435d55c3b322cad568220a9
203	6689cd170d6e145219ca34b89c71babbe5a2838789da4f18029ee7cdf22bc845	63622c2b45b3ee53b3a5d4a0e43e3fb9b1881380947d4f10a7aa23c989aa3a66	80a3e712ff54fddc0661ef64cc2c9ae024e5f73149a4843d178a9cd37602ef6f	9b63e0397523a192e1b6cdff22e6a4c7ca3f38fc635974aab009e63c1537ac3b	e59d6b6f97ca1ccbfbfdb8620813cbdaf861d1d7f1c32fa7f41e25c51410516b	eb3e8587e65828cd288a28c45799c3ddd95b6525c924597c3893d1586455005c
204	3566d3225f7dd36d1791d07f66f23c0fd54b8f891b684145f4bfa0827caf9fd8	297db90e1fc96a7adc2f6d71bc189fc1279feb9fe6020bf9f1b8b628123bf1b6	8ad083b1b5d6fb40b2197f1e3341b7fa77967ce624638ae434517c3b70bcb320	79636ec04abc5ad3df354bc6d37a772c20c563d188152e717022e98608b35b78	72b20d020e75a51a3d97f2d7126fc69c1697c22feb4bf81e77e89e1ee36a6de3	4be136e35b585e447488187b253dfc82344bf362ebf278a6659db65be2d370a5
205	f21e3e742b7745830243041ea2f28b95c115eacb86a17c2119a009a8b0b64966	2edd5c1392eb983ec31933cfdf7a34e3c69fbafebe3d1158a4b5c0cabc2111d8	04c3b7fb6ff4dd709e56016ba95ea5f84f7c4e21e5893a09d23669fb7d7b29d8	2b28af0367a8df3c17ea487ce902d51710a34cd3db0737c27e55faac45fee0c5	789f2e9369a014c040e2e6b63428678d4cfee2c4b91e5204fd19ff35245bc970	f3bd94f36a99f8ad624ee3c9b73ee5462d8abddf5de551ec2507219351b510a2
206	4e0ec0714e870ae5f30dfd8aeace2af55eca56bfb12f50244dd0bba9a8ff3e80	a72c4319775827ff02f05a44d61ef2ba3478d46e03e30825c7e22e1cd8323349	383ddfbda98d4bd17526c7b1b6b17723b9e2d2ddb8944bc4611291f703441902	d209a7f5f8b03cd1176c3702f54beaf359f858d9e4596c4f3ec9ea4436b31d68	2c258abb65209900378997766dadec6507e1c1a67890a74369d020ecfe60d118	ab84344135b500f1d13a35ced90376c7745e0f4249647f06fa527a36af588580
207	386d38e56d9267f827b27e09920bf6aa3fd1198bc779d056a1f6c8b3d94b022d	15250ce448b33a3abf5a47151fae7456ae2a241eeb23441b6fd545f22ed43763	15ab8a41059705c6aeced87daa648477649764fad124929fa7d589c45dd54bc2	3d356474fad44e1a6f0e3258755ac5ab01fd8f2bb326101a1d128b26f2f85d9d	27a3671808f7eb4d92d1cbcc71d839d06a429ad5986b215b0bf25b0e73a3af3f	7e8252b46e9b48f123d102facd1e5fc65662792785fbcff030d24f6483d96fc7
208	d928bdac949ee4b4f5a81fe366705d82fc3b31dc60290add8529a41136514796	baf3baa452e3f38be2b62c48aeb0931de5464831628bd9a1c5a05a34549a3158	bbb199c1fbffabd3f5923556747f5fd630da28b81f96ddc8ed1d37d9b610d1f5	d31aa21907448fd42e636fc1ab54fd4ae07956f4f01dcfbe579cc2bbb4c362ba	d99001460dde3bab505df71a8be0d707844de55dc0a50e71b2e57d8c3e22e063	aa1d246b5bd5a74da482b83819e8cce283fdcec03866d0dfde22f20b513b092a
209	5835eea4a50a7de01fc34478f5668d92a871f3954821e7ae5d80a95c0657504c	99295240180d0590d844a747b1485e0d9ebcdce30e7e281130812a5b9dff1cba	ee251a122b18181a3980421e5a6b565d573be6da45cda7f45d3db4554afdd807	bf2f43fb869a73cd49395caa3b4d324d577be9223346f036c0259f01627e4bca	d14778c5111d9c8621d1a4c813c5732c5012297bdc0e1910da316b1777a9f488	947c1bfd4d0faf8261b2778f86fa3acb1de8e2e4611f3807be35f99f652c8c69
210	f39c8f0ebe8225c9d25ba07a7d5165d616bc38ab4be8f9766db5ee3cad8bfcb7	f4d5e5914d6262cb62faa40b2adbd002fb51bfdfb61c4b696571090f821fde5c	98a52aed1a93d07facf6c868a459dbdc65213f27e0211879cfa48c7b044e06ac	a9a3ee27c47025d67ca2ab3140408c1bc2f4e8cd7636792b0f172abc0f7a7f4f	0cce9f9261e9e32afea754cfbbdf50e264bbf5d85486987b018813312dfb3ff3	e8064331e99b6e25d764480b3acced9fe0ce36b7b7c3457eab770d7869d80493
211	7640475e9422372251a9e6be5f2603c6eac197335159321b4c1aaf19e393100f	c0ea2829f2979be3d5fc03b70af83d538465244b5e1a77b83ea4f546af818a09	c7048976314c01492bfaa31c713e1087a1ac5a76a29dbc24b15b240a5242f113	c6f933d44a53186034692d2d99e8ee50e151635bbe76360aec72c8f8e7a3c2a2	1065e5ad28c0ba6564fe6616e06a89561b05aad9a844465a6dacfa9f752ae8ba	dc5407c9abb957b8f5b5971804378cb08288f6e23a34251c82a91ad1f99a75c0
212	0431b41843750a610276aec801e2b3085a3cbd7ad9a786c04d84d57cc2c8b8ef	7303d3d34e149b8614096de10ff9a7087afd38c8abf6cd00af34ef082cd8a255	2825aeef4db9637db014d1074a10dd2117395c09b4fca8202c07a3ba1d425590	5dd0bc07587206949a00e398f65b48e8d2b79e449950b245bf6b7fd23e35a100	3df8ce44ce7c021ce4f52d57a84bde60ae30b21dfcb3cf70443078aa34049a00	932156d438915cc8047e58b1f39dbd120e181656b6e0de26b48b0a527b67ed6f
213	901fae4a8dc4c9d743da0c5b535a200fe7b80378ade293589995aadc38d1095c	84ee1dd2024dc0280c06e883b89314157df5c2b5f0e7f0108d803c1d8eba1fc2	a04d1c1773fc24fcb843a2aa89197e2f9d7ac72cefa9f123ebfe3ee3992bfed1	68602541596cdf9a656f25150a2eb35a52320556853036b45d5e448744236c44	199bf40cd4b5b86c135fb345a4faddede6f5ca41bc22de380230e8b0487fb572	44deee3c5febea710740f48d744f4731fdb4c79fd80258de5c86acad35f186a1
214	c66f48ad5b27372172ea9e290408bed9e8ed1c6593f6bb8cf19002ef91534de6	b18a1351373552897436dbb6cdf44584b5fc6403af7dcfeecaf8cac9ec827f66	ebd7a079dbe80129cfeb2f8cef6a2df3866202d416f06cad318d7a4a8dcd0eca	b14c5274e5f912e45dcb37b9444b53b8c8541ab6caf1af907048c3aa2d1b8e9f	783e69ebc51934112884c01d7f168c58088245b48141b352ba738a953ea02e59	6d2ec7cc6a722c7ce12c565dbd3d9e332855c5649f1386252df57e9e78199923
215	354d1b6f2b87aa096165c6f0b8521b4e8a86988e685b613823c871c6deefb1c9	a7201556fd87da6f7c594c06128bbb0aae3060e0c0089104313db55cf50b33f4	6c1c54d04f585e2dfdbdd79b6e61e21dff087514d09779a8689881be19ced9b9	687046a1a8123427249231d991e48e7cb032f849785d648b5f034a8fbb35207a	c2932805cfaf2817e9ce1ff2708632b77a889e5ae9735a0619bad5cb3a04aca9	d29e72e2ab5c337dbef8f01c6fb02d8a13e68672ac86dd194430edae3a1d6378
216	3d74e78b6372acb9ee190d92798e02a9cffbfef012f8689be64f9945b336b742	ae058d9054168a18d8941037eca14894c8e0f1e14f9019c0def0c2d0d3ffcc94	60d8e254f2d5930f2b02aaf1b3e4ff388b28f8cad94e35142033d5ac64d9ecba	d686d00db7c070a18581b585888cd108b02de2747d45832782bf1ff9a587ba96	7ef2ec0996d0d8be9009b049aa9963bd47057ac6d001dba6543b8f7156a2cc59	f16273337615deb5751baf11e59528a61145d285b1f1d40e54f9b45e1a911f93
217	66e1c5558372e752e60e3a175b2d2d1c40f5667217017f9bd31fb6323b798c3b	3abdc40eaad7dcb8525958e00c29721daf425207d9ff92eca08217199270390b	884bd93c4a1dbe5d5576d807924485b1cd5b123efd9d5e20acb72eb92e32d1e2	41726ce7a81ea24b1d629e1fcd843944b3b04254dd5340a5c21e0406a6986a2d	3a71604ba0280f1acc8358d7931afc2c74fc20e5beaeea7c71f24e069901a6d3	a0328a761c2bc23efc58305a275a084e8406f91d3d98223305dce5bc5819b3d6
218	55718550d1305c0f2e6243687155709f885ea8f60e66e8a092c702b6f1b8493a	7bac0d22774a47a49f9bcfb64b34722220202636eecba31944a440853c9c39f5	80d62fa0efd45e5ad3739b0203494ee177a76416fb3d329be02ee17cc8162c86	81774c40bad048f0bb87dd1954b0d8dfb57b038c581ea7f7c3d4e799a8155b54	b08839944ff2af39a5c5599a51b38a4cc57675606746565322e7e9aec28e0395	d8f3f475fbde2093a9d0d66a10f744822852e03d8a9cfea04a081746a7ce1bf8
219	3e769e4a287b5c352a4123b7e4fe9c1ebac053b935690a16e4bf2c860ee0762d	a695746b4495072c1430f9089cb750dbf5d9299255a60a136498655f8282692f	a015ee97a741f2654a26502f414d3d613b6ffe660e6647b8e1f70d916e0c0d83	1cae00a1d17a6df0643dde8225ed9910e9b707660f063bbd0e6a8b18f1d5e026	57a1220e9fe78c0218d44b6411ef4c0e48fbd62070624f990e347cd1eaea26ed	94aaa9a029fb0465e0c902cdf73005517efd7bcfe1c168520557cb3fe5359f70
220	c4e115d7a37a0f14185176e96204c9fe53c80ba8179d6a5fe790f7a144f8629e	8cd0033d5620679c2585d1ffa7b9be52e912dc437f5566709270a35b86e5be56	1987ba2cb0d3634dde182fe44b4267452146f22ecdfdd5ef19d520f38d9ac86d	a6aa71f9b3ca083942d1f3b598be34cb342f003c729b5e74aeec1213836a67b3	b7696c989ed1b7b13058638545d6a7052f0e95fa879c41286a925c6fe967cd25	7cd7859ccbef69c1bab4f3534a33486ede649f0224d2385a9c5e82c6d4fbbf86
221	2bb1bd1ed23078a773bc6c2733d633bd9dd4904bfefb17e0637ce65a622700a1	cdcacce4bb7a64c9cc793097dd19ba913f51290546cb5001b01a8e9f518c5caa	8b339a3399e8d3d77b6e525e21baae368637986a2bb1a597301e27d4b16d1078	50b38b2c9eafece4dc1b68903164a0332c6e8f1a6bf0c01575edffc5e6bfd3fe	04dfc4a49a5e0b87f79fcec103da779557bc2178aa368e4d4ed49072e16f8f67	ae8ecb56ae640ccb3a080d36e091089100fc92570b7cd4976792cbf7ba6e1327
222	2b0bdc95600508d4ea762e30067e6da14c6d07d0ee477505c9a0e8f48ec82556	d8a74e56f2f9a4029f35e2732601c6bddfe7b5ee33d8ce4230422a90b17886b6	50b49b8a0725a988242da62080a8fd217a3442dec30d453f89018aefe48f3a3c	c886092fdab6bc08655dfe4198917bf90862fe95e6ecaa8b8fac9c2bd5ae4fb4	c8213b96bb99b0809f7ab4a60381301292e90a93cdab9df20deeb224a89119cf	1cfa90a84f5de9e0436eed311f4d43065b1027369298610cf5f06062f4f4b598
223	ade0114be283a5044098836ad8e489d78c2623ff90be2cf109ffa07a1dd21a24	c385dcae1a96b07189b760a86e1c344b7f051e67489948f7e0dec7324f5e1fe8	dccee17703698bd159f1155c38ac64554cffc0d353b9853be5fa9990488bbabb	d179a3261021bea4d6b1ff2e3f71ae05377a29f5cbbd17e525e2e572093871bb	3367968b0f769a6d2f75aa04260824de358d7490af38cb823181be8226830c30	87607247e7a437ab8b96d60c20bc51bf8b975500263729164996855ec262731f
224	cb88ded4e888270e2daec75c19598b2506edb8087121b3c7f6fdc9ec6678f733	c591615709afa0cbd55bc9123ff2fe9595c448d2bc3e18def5bab7261c227d0c	c3e36d2b56d0583d61a12e5c952541bef9a1c91f4a1c0cf40bc2ee30dc15cd31	d9d73ae05b2942459e48187c805e00fa94d1e35ea272338d8054ad640bcc5262	9296cd838eac52ec29da7e9767d660a2d26665558b86a301bc898342aaaa6433	8014a4c6c4474ba555cdaa454d3b71d6438d40470421f7b3c791df7e37447694
225	070f80c469ddb2aa3127683900fcd839a31952fa793d661fa163cdfcbe11c56b	1cea5fbbc4b13235d198872f2b739364e74e54c621eaa1c0e5fa2a89a796e7d4	7f867b0b4ac5036fb98f66e45ed7d3a49ff0acfa0b48b699d8d3789a0e21e08c	1a159e98f5b2417183753c04abdcc084ad39fd1038a01675d4e0021cefe7722b	8b68474eb71de557258e9a5a8d9bd477c2d6817d41378298e39ebb666697d0fb	1e6e397402b38c822f17290a720fdfbd62e5a45f36dc2aa4558c99e5d2f42a9e
226	5b2cb5cea289f439646934e1fbc5785a48525257fc54eb0254910a337b28d805	cbf099f1e1e6b84ea0fb229e7c58a8b3bd11d6d875a26d3af8dfa1a20242eda1	9db8aa776fb6245e34ffe739184bae8b6cb7c88147d1e8df68d05c71758ec1ad	2457bb82ea10f99739c31605610510fcca0c7c6fc0d89dcd2337ffa7d0ad6a6e	1f9cffdc1abab3de70bb9ea21df1897d1500bb1b849e226b6df599fd7426281a	b03ec775a99af2d23eb274e1b9e5770d0e904d9bd38d386e63ec191445432ac1
227	3a69de126a3997a928fa64629d0d1359543872f751b9cf3a10cc1766e086433d	db0bfd19ef6c165508da3263a199e5439e377504ab684ec0298f38440a277e9d	559447fb84785dc45f11cb0984b8af9338b3bf9298cab8ea4775eb500479a22e	572ad6f83e4c55f1aa73fb8fe3e9f5b85c6ab74fabc97a67ec712bd31f31afd8	8dd78f4d273db9d9c22c98eaefc74959db10e0edf0dc587db188d5bbd57eaf94	d1184f1f9d249960683dd8fc130b3529ccdc65569987d0e516d7c070ad66c287
228	211030c7c4a693161912e013ba29f87d6c1e10d23c052a51f788abbbd0fd1404	9d94d9cd721618832ee1f0f5ad613df6c3cb35526a0d3154a0f29c2fb49cc3db	6841444df34089b6f1fc45cf8d10ecb512682087143bf06b92c8819475833d8d	3cf33f316e563c637995cf95c53fabc23a002bcb9563a1eaf7b6df29ecf9e9d6	8f1e53b1b9e3eba0b7de6d30f80a29f865afe7e345c6cb40dc1a05323d0569de	d7c8b5ce1993ed8fafb73968e729f5267a963ecd38f9ded577e2e94d31092de7
229	e4f4c0eafa6ac6886495118665b1f162fa4ff2df206e9ec69ea28240b40a2b6b	48e492bfd1d2d4eb4ee46a89fd2d75e6011a7f66fb383be7db9a098a0803f1fd	dc054fa54126fffe4f9d42ae58933a7cf45b56b2509952d653ec9410900e2c22	06d864247f6ee07140d882f39041c354478e34c1daf85880034ce15facfa969a	7e171b1a7420806842c69907409c27813c9efb02d675a057a9adf1fce01aabc5	1155974dae3bc9e9e00f3286492b033623c91db0f80aa38469279972debffe7a
230	5d7532532a1efe34d58a61e2554ff7e3fd8d679e091d16481048b1a27669d388	b69d5b2d99d80dbb8171cc74c632453137c296398b652bf7e449da99e3cd908d	342709da3b283381ab4e255a43f4138ac1b83c15fda50d0de181998653112df0	b00ff1efec5eddb02c0abaadc3566ee6551ec76d37ecb87ce2081f2075593a65	cd4b329f011cd96c8700168ed667c09b745581e2a4fe8e23955e0767fc94a574	3eb7f472372d3885326e4f686019ea5923d9fd00510d513eeadecac932a44ed7
231	78103e30fec0f66bf80d10414a2181dd464472fee798c80e03defcb5e028a672	107277af898481ac84eb65a2653f209b3937f8fb62a4aea90f91716a6ed20f33	05efd05c48a135292dc510fcabbbb099c5792d2cde7ec363796bca3420611022	0fdf9879f8757cbb4224990d237605994200694482f7cffca72c12d56ec70f32	a82ceec152bb56043e03fbf004482d59410b4c124ab082de9cb381d0791020fa	7feed343fc863af614bbb9ba1fa8438fae5ede43ca57d33a8c0806e8f74f4740
232	e66f53ed3c39425adfa20bcc05d62e48b8ff59def7dfe67a2387ffab8fa513dd	f2781a16710ee80efc01ffc97150ab6c635f4f6ecd075142d6fa2793ff11e621	228a26e1420a72fa2df8aa89cea88cf52093da4c8c45602bba4d2fe45ba5d89a	80b22f99a1ec6ce96aa6ff88ddb50281be0c4da2fdcdb0b31cab5a9d379c4a2d	00c87c1ceaaad28df9f5763dfca4e1b9716ef5d4d153626490bd64cb31cdc6a0	9c801066a8cc7256c983f59435d5ce66c0aeba1905ab6464bcba50ad4239184c
233	05851d3e00cae55ddfa000bc599567d7fb20e28ed37ed72509f1285998d41a2e	8080729faec07a6015729e33a3163bac2b69ea57ab51f92afb51746f5a9af978	4426ead400ad4d851320548b3b22d0df660b477c36ec03897d39c9e8e2a5c3fe	e9e806efb5ba53c7e2d8fa3dc01c78f0b5b82e2b56936cc1b15c36aa154637a1	afc98222660b92f45cf85b82f6328fdd8fbf95d468738a405ea6e7ca742a5d08	0c5b45d4f240070d48d2d6906d6d5ff3c270ff5f470d9d31786ef7a61faf68b9
234	37e74fe5418696310cfeb7e20f18d77d2b28fdf57cb5d08f182cce6235a19f81	bd34d456812ec8e87c0ce55223aac202027c1c5bb1dce4d59de68e868dcee678	187a5f8297bd4898d43bd884c489ac699061ead29f9ba9e1b8de5a931f719f05	a607fd6828eab50846c2db487bc94e7ac1d9e724f47b2a4bc0530fcbc92835a8	bd72d767984d36963305ee0bd3379d77acbef82705afee537ca290b59bdbdaf9	73822259c9adfff8082c23f8538e3a0b799cdd8ac59091ee45fda6b5dda2bd58
235	0f83e64b40f1b7177f202b76118435a65c05f060a4de72b151365577b36ada31	5fc67dafc5a644b25193e8b84ed20b814f0254b37dfecb98fa6eab95744cda2c	e1a5bae34df14dada179eee4ca3ccf0a26e66415b39442568cc4184ef23b75fa	8985cf43367586e96eb510cf76c7f2d6d57eb8006b234f90144864a24c719f9b	97e9068547ff1c02301db84b18d09ccac91ca6d7ad38c70bd71862f0078e7b71	c0164b788a549e132c310cba800cf6c152ecf6fb79dcfb5ec2e5d16e9ed87cd1
236	2c928fef812bab838b4c6d9051d0f1ab07144070b1ef9b8177689be769f34335	77470f230f5e75c49275dd6dd787b8918c12c443f0050f61e2297d4e370f208a	356ad5efd5a438fd6c28ba89adc1b09afa4cf7d591afebc85d2343e2907768e4	f0a9d6545d750796af4881407158e138457682421b28c8fb76d7ccd3863ea605	e75b0e19a7bf46f4defa5f5b747b73e4b9609c5fdfcdea446a37cd1c8ed5f4e3	aaeb8aca5ae2a98a322f86b1925a0ee3e34947b46da049543a0b6c497c85f5b5
237	674a2e07173c80cc681e50083f764ba776ce0cd66137ac63b60c78daacd405c3	bc674868ad0d7afdad55b5939aaf4e75714d5956f16ec14f8cc4f9d8cfbf46f9	3e68f3e7b01008c99e06e4b3b55caf32a4e5bb29a685cd72803571a8ea60f73f	aa638f844c902019feee3dba28963f649b6688d5fee23c68c4934334ad56efc5	f5eb70b8c087e9d9f96a4cd73d5546b25e76d369bb8edf6071b12e5827dd7118	73080e424baae42fb7f6cbae688a258720dc8abdf62848fdf86422339ff6228f
238	137632070e069fa0a5c735f784d543143139baeced264f9c0d675c8fc1260700	8060fa3a18c4c13cecb6d00db6c0859616a0d47c3910ab0fccf59cf58805d7d8	b3f59793d273bffb786411293b13b12bdc652c9d75d45ec998c7ac4d22c74b1b	bfe3cec1f1a1f02f029084c04adcda8f20cd581f537e98fb5a77e3194b503c32	d36cb6783468fe94482a1a79fb0afe7639023bfabefdf66386d3ec270b4f8e43	e595d556071d29a32d6e1bb99f01fdec7c55179fbd40215f1da15bb1b2394341
239	bc8ae761b9026f817f58ee6adf3ec57617080f6814631ae1b9e841975fd44594	7efa764cbfbcd2d46ff92dfbc1423af8061cec58541eb78086d7cdafab621048	76adedaf1c64698ccf9d08981fbcf4189c6867d066e0d21ff1f609f4512cb980	07b69c3e7d28139aaa5f5ef537857826b47bff9c141f746df3d1b097d320f0b1	c8b64eb0b21ab1010f857c475d96ca7eedf472fe1edd493b8fa11242e17af3c3	dfdebcb8974888d16d4b5e0139e87a8294c87adf3c7fbb8af963b69ba1edd664
240	f343b7dec3407ae77886e3abe671b195873256b701fb320ea39c3e38c53b1372	63da677b0a7df147994962dc53e070d5356ab55b624c123357d0d55ac9cf7172	42251f65813f6647f8f4eba3b59b748bdcd03a05434d02cb87f8eaf08c61b810	aba9b959e621961fe66676972dabd125defbf2968ede86f61fdc842161114164	9590025e6ddccdbf29020c00362d4d8dfc46fd422e3862f2de7150a9ef96421c	48a34839aa72baa620a368c54f04f1203ae2d46a79416d732f10a9be1635ce66
241	3adba58f1a4645f8cace23cb859445e125e6e00c4b009db2aa17e6946129c6dc	053a1e7bb5de51d50857b79fe70ebcf36038876ae74331e23ba13eb447b53c75	1b73f325aa1ef55e65bad1154412d0070af6251f303807859c914ea550de707c	f61cc2e4d65b51eac99b457da5806ef3a192d002daaeed3e310a7c2a23fa8949	1ce111b3ada3fc30037fdb5bd8e7732fe6f0b19b3c18c79052fc59fea50a5498	c4582b62980ff3b1f243f3c9a7504e21c364eedfe31a5dcb3b46e8ef869efbe3
242	d211bdfe1784e865546242a142f3e5b9fad601ea03491ad89800aa90ef3967cd	1573fbfbbc25f129a57406b00d2eccd6b9e5f76cb57dea458d1f1515f8408c98	ef289814c07c190d0163c7207071a1834520686e9210c33f1a9f45d613126af9	37255514b330976fcb7e2fc4ce6286068286b59e2ead522cde210960fd4df3f9	e969efa6e61667428cc820108311789c3875ab33e28f2d2af93712f96fb71fb6	f9aba384dba1a4f9a08c8caf0455155810bd9d4c5be359f31bd3815d4104e1aa
243	aa304d5f2241128f20e7b4f09e941dfb9850997984dfcc1d809ac417e576408f	8cf668a853d0dbb2212f2a5775a0d55ee2119ee5662dab17b390d10c99b39320	141b90807e461e6db2e31e5791eb1adb19f840a1729d18fca4df44897757c5b9	b61cf7e15d4436ea68b22fe2737d103083ff701e5a3b1c272920bcfcd8a66608	6b29e906149bb46fa8181a76a44cc4f54ca68140f734e248c7b10e5f48551b2c	e36de4a945e1448c2b94bbbc4700a5053c59dc1315a320652679fbcefe266c5f
244	6f807c1a589ab5b938b15e61b2403d323335c75cc7126f780dbf10861ebe860c	f70021fdd41a3d2659f2d1c49e52b62b3ca867ad27cda61c5d7133f8b30dddf5	0cc506db0a555d8b3294aa3a5dd03156f8dafa44db5590bfb5b94765e096c744	97fc68eb9f866c3f48dec512391eba1debb9feef728b491b873c916c47cf77f2	9e617813db8b980d1f9ee9d51a32be7d293d90a596a9baaa01d1d88d0de5077f	cbd840c10138cb151a537ae73b608a545a928c52b931075ea972ce35ca9413bb
245	67fb7ca2969465bb3f4840232a1a64d428b53e9bcdc886da920f9898c18eabf7	1e15fa2721bd8d788749f25e17fc33282ee54fd45f5682b692b13209e6c92f5c	21b325d0713c53c9366462cc8e08b72f162e5808892e001dcff6c794cd7c4ced	48486cca01c6ca24035f5dc8ad1c45aa49d20da43cc0e1f003ed4c7efaa8fe9b	391c8714ecbef68fc42dee2a4282f880e6e65d6cef0dc6c54bf8fd3edff9165e	7f6c3d7f514a03e90307b05ee33a5dd74fd94262437a4f0eae4962da87e847fe
246	588df0e45bb3bd7f688770dea648184594d4873455530428570f2602f83236c6	f218e422805c8ad63b9984e5398220e8c8b8d95d71c777db8d990caae940c51a	5f99021e7b0fd33869200d5a987f63e73215a3c79023d2657a594f227a9299ff	6c63fb5931125a602ad03ec91852fa8446a4fcb5357865fec2ab8f94d2c3915b	44a7dfcbd194cb5ae48dcccb4b3385c9afbd4e1db6468c2a1bae13c68873c8c2	053b207aacb619abf2e9190b21b3c8632217f8715fdba4f3853c4a8106900f52
247	779dad5c7aedef5806fd1cfd8c881b4482f2462fd9eab327c6df24a4c6be8256	22b71417f89aeadb9ef673b3b760e49ab12bb368cdcf50dfe75bdc825ce2093c	894754f20970259b964a65d83a4a5e78178686563598932082cc1561fb343524	34a09a1a0c0f2970b518be9fdb8626a65dc964e673213d979b36f1221c4bba2d	9f654d760d3be94cb6eb5ffaa55d9fc30f9e21c543faa51e10bcfb24c2521f32	251d04db92f64c51f4fe6e852f3fbe42fbd38486c8c27d42d0e3c5135d3c51c9
248	2e36f10e860f7b6cf001033d493fbd9d831fc951e0d488f4e73c9729393371db	de1f2a8d1447a9b2873bdde9f6fe30fbe033e0514f89709225bf4a5b4e3f37ac	ab60d80d281f34f36d088929b155ac734004f1283a9e2bf7d6c42f5a99d612d8	bfb2b96ca244bec8ce28635fd0994ba4c86e38f91b22a67aed96f0543516ad00	de8f358d21ff72943fd04cfd4a3a4f83defccc561960d666c57771869b40da2b	2eae6ec477f4faae92e08113de9120b5a0363812fc50cb3ac01de2d4509e8105
249	ea17e1d53815460fbae2652e1be976a6fe4e5b129931b07fd8ce48330d8c6201	710f90f107ddcefde4e00eadd4a838aa8259001acff8dc15203ae909992ffe4d	b34cc84c095762fd6ee1acf3af1667b110cee11b665edeb68049435b720148b7	9d8237c0e04a3b94031751a8e60c6deec6f1a5b2ccfbcfec472527d05cce16f6	2eb254474da3e866a0a7a1fdc9eec2bdc0ca34f80f4a4b297e6d3fc637ca82b2	5f2822ab4918c56c30cc49f64a1a8072d2746516bf824f2b998f18b006166281
250	ac179e81d353bf77e1b4f50a7ece870252744364ae983469773a801d7a9c19e7	5f5ea7dc782c3b6526cae6b9d2c9f165777845d987dc307fac7d7ce63861470d	7ed0292c7b5c45d640dcf04f2ac723ed421bb75056c587f58677495fe82dfd77	d52889fd6bb9aabf5dd813619d0ec00a7f091a249d6865c3892bea7a615e2261	9a4d558a4e4efaa0f6210d6a7f55c301bfd8113a95a76850591e6bf7305b05ad	7160e5839d561ec12d27762eee74e59c9aab1ce546ad8b569dd2fd47e0c1882b
251	c2b0bf7a547307cb2620c212f80f20e9ad6f0afa9ceb8ae9e45c68f62756f64d	044ba9b082f7f355d80d6f583bf942dd200272b9e334940df2a9046b712489f6	b849927a6f41affdaa7b94f80b53f7a8b77d4a6f45ba8eb59e563c337c27feaf	110a956a99832e6cc9295a0750dc6261b2bff18ed705d7f0890c5cfc1e82e880	f8634b293ecef9897c3dea4ddbcc2a5fbf4b46bd9bfad0b2e8b5f44c00505d1d	47a9afc4c4e3abefd2e2c2e53a0125ab623b012490703888082b17b5d2cc99a1
252	5c2b922548259dc13bf75d61793e0c64dafd2d40c83ea875b511128443825197	b1b2a5620da87434286cab237f69253e52eb16a13d3eb5f41619ba001eded620	a15b406b16d640f361f3fb710f8334becd4eda982ef3839e0e19e842458ed8f9	3155b1e347bd901fb964432dd29b1b5d41a8ea18b275f2ca2999a9f85e85ba4b	f5a118ce8300db6af1091cab5e408959e146a493288de935b0f44e232e19c9e3	a21b688904b436ece73f72f7954db2123cf93457758828b7728fa1ec39c31de2
253	164a6da501d6b2b050f2c65b8339ad3225f8416744e10b927ea178a576ca9b8c	2414df8cbe5a7c1a1637f9535dd03c51ee3259bbc87ff5df1a0a3f492bcbb71d	2cb3fc926d37cfe34ae02e25e08e8620e9c8eb0402619e176566ea3791ffa43e	3d9b11893aec803a9e84d5c1f665999e35d985d8aa247be713e0434053d568fe	24cde2686d13a926d879e9d3afdbb7b45e520653264d778953e167d92b9a8390	2964fa6392643dfdc7750b16dce0fd3106b8579d55b1c4d654bb218a7dedb923
254	ec2bc02db53258375de19e3b79484623018e7a825593b685d05a40112006bd5b	c0daeb15935b0609a47fa9b91881d3ab254ce5c8597603e12fd83d7d2bd992fc	20550b023ab543659f944fef5714139a7ba67d80afd64076d265cf53756797c2	97b398881ce3124e487144fdb8292c960f024611241f449c1440142a016b2acc	4d6badc30a8bb944ddf097560e7aab17f118feb6fb8335a8ece4088fa85b65de	a80a52c4ca9a7047ec948428ad0434385faad95b10aeccbb0f52980ef8eee774
255	c368526db64ac1594fbb5bd1ebb0911295e0e4110896b7b2e86a673071c536f4	4073b0be65a54006d95086294defe113d827c7beb067e11498bc03b913339b5d	1cd9b8da08ca02681a80fa64a5c443f97d3d3860d565c2126ae11fd68c31d924	1234aaa8e530a4e9b287e850cd03505ac7b6f66c49d85bb0bf127b5bfd7dcefb	2b5d75e1b5f7a8373ca7d5e6a73b93cbfcd84a3a7ceb2e3752b7da89a034081e	6029ff07525b8692a75fc0de742ad532a3d20263504fb7f2e3c2ab6c53c85398
256	3f4d411a21fea22853091c9572622686a8de575800b5cba7d767cde763494721	e6b1dd887b64b22fd2f4f973644478ad25a56338647af2a1f28346c234de5621	7fa710e27b4785bd3ceb684492631bd446ef725530d8a82395efc8953255f1a5	18e2fe5cb305961af4a26cf3c9efee795c233be0ae365d7db00bddf1b17d8845	a57626d8e4c284491aba1844715479687b224722fc64a0609ade397b938172a5	b715b30c6fae7127a9e4049658d900e17c54b9203436d9564f2a944b15360e74
257	11cd967ee6242d561a9dba11f322d32452d3fa7aa4f88ce14bc635cdbaf069c3	5944c28eacacdba32844e5c29fe4d13b0c1da6ff97f55c05be7d94f185ba3840	ccad6490a8a3a389d6b9ec0e976523f407ec5d76a29ea83525a822d59cd54535	c03afc0de638e44c601ba8412c2c8822127cf4800d5cfa12208425521c742416	d259351e37621430e42d5d87e0808fdd18aa0973eeeae1c6a4a7514b24ddf952	0b6a38a7740644941cbc5a8ae16e6211707d710bbb7874d35f522264a8a00cff
258	aed604a0d8cfb6d8a4b9314eea2a2a2a257464b780d8aa46ec39a19c924ea9cb	6050505b78bcfe04efbc4b04ae2d93c5ef78efb93f4b0eb8e1175e7a2bc2fe1d	2d4e23d0857ec388473748f2ce7df17f1e0e2583d5e4e5b09d6a9a7c053675ad	48a8f781164e39ed7bce627a1448b94cfecb644b8af21b86d72509a3edf136dd	6395e3af606aed38319d318729d6cec1a7f5e09d3cbc9952d412e21ced0cc274	f4403d72435309595e73a065a9d5a26e2f0588d04038f16bb290d72df8fcfbcd
259	5b5bc90e0334608f822cf006dcb2cc7c2e6084c40478e78d2a22f483ffd62c56	6e9e054f548a0f55fa5c587547d63645d0aa00f2bf11036ff15069ba1a1197e9	ae62e853ee98bcf2290a9b547bb72b5b760e49ced92c51421474c794adceafd0	02461579474a696e13e146f7618a0621f46fae73aa0ae2538b155f9e723a826c	a4b39ee15a5a5a40212a7711d0117408c54de1049c7ee35896e264592d635caf	a14c813ec8ce2c73e081ea0d46075fb760f2bb86c898df2832b73d09b356859a
260	56b4c66a5f8658a28649d5ea0d420ded4628998b7d5e9116ad51bce263ba6693	4ba02e120d3246678837809dfbc644916319f38aef360125461ee6fa32dcbfc4	8abe5489b7e6efbffe4633d8b11b76b2c6096f6f63dcac2ad907805abba271f6	373ffca282893591700cab3a879c880a3b92376fd0ce491cbaddccacc395e7f1	c9bf4435959ea5586695054825abe5997151a174ced3e3aea99b5f85e30bfeeb	c6ffa4d5d4441f6dcf01f7988b1f1bf56da91c88dd1cbc91c8f21a53e26d3b94
261	958620a5905c2af69943c909e44168cfa80a06ec9b543209cb1cd5f88f388878	a08bd4e0799385404884e67c26049d9c853d3f963b0256b111aa1bab8d4957ca	2a76b3bb27c195290154515b137b0fc7acf6f17266deadf93df4595eab4f8225	fa8f9d5343cad20eacae83b617e13db3802b611e9967c8cd20e6d9d44221f40d	7532ca18ae9ed6c7bbacdbecfe9c48b94eaac12d7532babb5e18a6a093a8afc5	811b4f36bdbf5280194be06c890ace2979e900a587ca40e90391dcaa2d300e1b
262	f4a42272d1a94f4a04e4e89035e0eb394369f8b0a8e16e068f05d779048d82a9	d67161bab4cdf0a545f5bf0a32469a29eee9cb9fe5720d36b5151197e41f8821	24d07d1e963cfa0ad64976e43b4a6bb767c3aa7a035d8b056bcdd2308b047baa	2ed2e9367bbe661f7e704feb16248cca898bfeeb022945ad0087e0aaf5b81669	0dd82ada6580493af9b0707654a7723f173e56a50968b6067167b263cb344897	19e78aa3d93425992c98afbb78b89c1d77201c6ce419fcf9901bcccd842a55c3
263	822a735d6e4f8fff32766201e0d0f25aaae884ef54ec950d87a35f145ce2d4c9	872c4fd89c58609d5c0733ecf9414ef4dd42c592d336605b44e9dddb2dc265c1	abd3d01343a689d3c6b1c48d1845caebe3cd88a2f868b46419a4719b40e2ec91	89f1711e45ade52b0ecfbf5937948ec083397bb2d2f0a5e8f0f5ce0d2495cad9	8469218a25f80b072d16a595bb568d3105cca141450c36ecd7f6847a00ffe25a	5693d217ec5c5c42fabb44b72f756ea14f7173b82511db12055fa515f7002204
264	aac9431c3ca9990a4245dbc0359f7426a306d195dccd1e7a439c3d3473616f55	3d0ab7c7de3f484a02a247f7c066b514fce0e2b183d84dfaf723c780d94aa764	02408ce589e1b14bd09512eceb336bb1ca8a0f9ea38cc4437950650378786d58	d520da994fe6635573db86d3e4f6d971dc12016c315e7f3358c06f611868de2a	effac89ccd417d2fde30776369ee0f30ffc45569fb73a07dffba15a7f954df20	e0013d70688dda5fbd674466f962667de11b5942b0bca672b0920c726e02fd87
265	c8a3d11a218937b380eb5aaff278543c42faa63223383d2bbedff926beb296cb	6c9be464192c34f46e862985de6488032f0b7d4d14011d60a68573a2651b7756	1ad8d8aa03f0debe687764272b78f34bd7d557b588af8f89512e31c560a1962e	40e53aeddf91340c9280c9b146c742988d89f68213a9d681d4dc9a49e2463ddd	bb37d398c50ece936b9fc39760608185a28f7f4893c3395667d781fde333d221	49482057a6f745f948bc11f9c1ecce891ac46ce56c01bf5fba351b63ab50845f
266	ce1ad285700d3894133350bbdfff47255b81169e56eb15a33be65cab556a5100	22061e3abd19fde8d61a7f624142c4e954b0b4fcf773e6f6e90ea988a1d530ae	31ee51c61e9f7defa7bee1a87b93419697e09b48a83c6ca7bc501364d068ce9b	f997f602bc78d615360042ba3299608958c33bb1b54a3704c2e6478e98d7061a	486aa995551eb7ab459c39af5016d959f5fe2c0fb0467808b7b12f00f24a2d2e	fb63c4eac8d37bcacf741108968211bf4e1e2e99e572256c6da502e09e278fa0
267	377ac0da8c7c65c95ead4eb66dbf305aab5e675e170ef48faa16c374a8e8f754	7d5f7df72b077be6eddb54fb41be83f13574cc3bb1caeebb3d1ebb03453c7216	6377eac7eed74b64e66bd94d717c662d2e651deb507249b89bfbcce5d4087dd1	4968b8dc4ba7fa1134312f9372efb9d37c59f66659df15589ab2b249ba596887	b92471d26467f1eba8ac3fa295746066200699232ee7b94a746b08de7f882b83	e2e8b1d0f2aea9de3074caee071116f4a26f93b107e67b2ba2d817bfe0dc850e
268	903148e5d516d1fc02e83c0128b247d583818f1f23047da4fb29f3d41ba8f345	0ab7239f69c64ebb909790a2780cf36e7cb740dde924312f6dc958f3d720c583	1978f3f9d1089000aaa0e687c3b29a6148dd75025746910acfeba9b41770ec9e	80ee13cae97af9db0447fab0b22f08cb931d4d777eb5e3116c03aa7b1453bf80	5f6dd938e61a582a0bd8c0a74f2bd4ee6dc3d2cc1309da2076de380432a52fe1	fb288babb4265ee9bceba46d769d786f0451521d6645c3efe930d42ee26fa52f
269	ed13e5239ed57fa3581edca9de6536c1ce0814510d3f079f881418e569f1c095	394014b5de5a9e150652a3d7131d0162bd5df746bcc4153a6d701ebc8fc5d1f8	a5ea15b32de62933be8e5763603bbb2d8191278237e2f2e623a449fee3eaddd8	604e7368f0f0240d5399561209900352105fa1f7f22b3c7d83e1de0b9a9095e5	589644d5c2b41eaaac93a607bf9b61f1963acb030fe1b7f47a790e2ab5bfbb89	3846d9b92667e332d96eac947f703d30fe64a8a60069afd7af727892d2e3a05a
270	c3e4cc7ee7beeb9f6516848063eaf2932fb36439c7c7d931b356f4cff30434f4	a88b8c1627d5064d18f22d93acd56ffa9f60f67cb3485c638d1c1494d37933e1	b9eabbb75b6ab1db049ce88bd95f96b58ecaf0397920f4f72370e42a1f87e94d	5f761037e2fb1d1ff930f749513faacf0c7d351fd46e800a524d20b9bb51d668	71c656c12022a2e49bdb691e789709ef6a253011919590fb3b571f989fdc7fae	45d78eacadac4c919a8516d7cc89ed75bc4cd9d3f9868cb06bb8fb9fbcaee8d1
271	67cd5205a26df9955ae3578e9677f32511110123daa9c69a7a12dfe9ba4adf06	8162c88a05f195a8138d7c05869aebf59a136a77fb9cd4abd0f084be71b27dc0	67e59658105021f4e67b21f2520716b6d434128cb24b3471bc0efba93ef386a6	a140d6012984d1d3210a2ac4cabc6e51874852c3a079b6a1cd24e49c7fc2ad5a	a3ae10b55268b4311f0274fe65b3e16fe91eb6b35cf3554756c7f3c662883b59	c20c58f3e3283d41520b0b4c7ac56e6ff85fd531ecdb5bf79febd78c3a6a7b2e
272	7b85404e94171bfc114e538b92fb4d59d287c92094e05df4254027c3f8620fc7	5406e7c867aaaec1f9d94ac1f56128690bd6b5aef2a91d9ae367a7b564d52b83	f499591472145c2d254762c53566c6c43a9d6a04983c9228d506396cd7ccb80d	c303635beae5e5c2dfe078edbe3b07e4c2401af9dbde82fdf3914e4a8ab23da4	d6157cf17cc05af7e5d80773754bc0729d47efbc517e407bc3d2c85c6a94a23a	28ad5cfbd1f57e93c72cf53acc4481ca76b1dd72839d0ed8ac7e5d1384edb6c7
273	1d31f5dd747fe5d215f75e0097a28663d32c1add58cf05101d566837e36e979d	ef48516ec9ef37b6361762552e3a7fe706f189b45003b7a9ffebdf03be5f4880	6542b47a02d7b7a595c8b5191fcb05c6f9dd87319185e165489f2913e984c86c	ed7174127128261df0549c4886fa41b62dfd88a31e864284b1fcb3b1e3104721	b0035cad468682262fa9608a9b42b7eb4e91c46d184cd424e0e726cd02a55155	75ca171e3de0f1a10f53c4a63585c01422539eb1d41e1f35debf1f39d53b7b81
274	2eccb5f419e40f8d0a32b44bfb1e85269cb185c15383b711d7e211d87b9e47b9	613d9bb7842d5455bf2caaacd768e9cde1f0307c1781be7d8d78de27e63a40c7	3967f858ac616f2c62004f8ff3d31a4aa5dd853bdba9db0dab8e0a21153f911f	03859a519b134ef91085151a1a31ec59bdf7f558a2eb601a0d4c21906be47eac	71d26f82b60601058ac549ca42cc7ffda3567b3419f5a2bacfb7f971a9f67974	2ab1a47e90657ed8b946a1c66772631b9e46d97a7dec5ee6a2c7f246766e6132
275	bacbfec41bbfaea147ed9d660e1c7bc529ee19e42f8710cb130d2a8ad18404fb	2b72c420826bd3cc801faef0b2d1af24797a14cc1147c946d894f339c2752997	8a0cfb53fb21e8642d017155307e1c73218f6602d068decaf478486b5b2db084	9df5758898a2c21b6f4452b7c936dee45063ff275dbfd62b029232fd84bd1a1d	e43ab0ef14308be1d4e40fc8e2315070f82a8bbc6d5487edb8f20856a4bc5bfa	13cddf94cac0484b8adda6890e659ebc908d23796ae39c7e2b1d61242153d543
276	128bc14b3f01eff087f70dca186f372fb98b79171604a444a893dd9e9d4eb297	ec8d75ffdd905173947e2b452149a89dab68b63f7c688e0d27c8818f20c77927	962eba5575007b400a6f50a7700aa9390f9ee77190ac02aba11d18563e8fc05f	7e522ab2e976c62c2b82d33452a270cc56e391dc50a1edf66a8f156bf6d38c37	e51fe046b81a2d5d098e1364919391fe64867da7b1d0a70a46c45bd4553a32fc	932f94718dc8061a2111faba35cdef7dfa74361f5791c810f82ba600e4091e59
277	1109e725690e65b9e2b99b02c66c6f55f853bf74e35480c3d50852b4b3b07a6f	6a72cc9e9575a308cae3fba813a3a2a0740341cd49062a0b0e5cc0b93ed55e91	257abf81db10cb27a4af494b2aaa641c0cd563d3a8c6a6f82b15075e5581740b	41be1f73b2afe63ee01ad473bcbb6f3b968727a4e844745587910c4348f63742	fbf4cf582dcdea574020022c28e0e95007908590b92a9ac83ff85773c72a69a0	86a81350b56dc3912a888ee2c0d44491593976abc2ca46a356aa9810a3175e40
278	23c21232a71717695bd56c72bd113ec95d147bbfabb6ec75dc23c706733286d8	6189a0ae288e2d35d0108993554ebc37845abfac8426d85bd9b6ecfc511ba523	4381fc033e39a3c1b8acac83f030cf6f00a9627d8df1048a7fe2e9b6f9e0f186	0ce3af145873835c966c1135340f65c250ec100d3c331c9d4c1ea24e248774c9	93d53daf96233c3fe388f880d4332e5a2677a061a4ff5935f473104107c47ee6	b13e785d3276992c1a3a95d7a9a4e905e11914e1db52ba29aae8d800181bce04
279	19fc6ed5340282b5678e0582567e0688f555be1551ec511c0d98c55d38088118	66f3def61859e6bce6845d779d9fa6a8b56a21678f2e7e3553834b6ce4ca4d22	09289a9774e6c00a359b75bf055c33f6247502af6baecdf0be5bffed859eb5a0	4b891479d7fa49c1849254072600cdb3786d2893c5ed018dc8d33b593bbd5236	981e778eaddc691c37e5f9a8f795e5ec10869bbf4f57cfb85d2011648c4be51c	f2dcffad97b934c0675fea247991ad03ae32dc69216038bb7249e0f783d1bc25
280	74b2358db6e0a0b161da600196ab0ae368ace63e1b975aaa798766f345e1910a	65f6a7208b526401b0c265daf469ab083ddfcce10429f895b80c51c31ce616ab	6dcf5ede80bf3f148e69b8933d5de6feb2fe596190eb30fcee114ab136f38b47	1b819c29b25d6387669d99e4be1aa8583200d6990446010488e40bd1f7f1562c	d9b417b5076700663773c00b466ba80393f3478166888f87aba9b64a46778480	23c0b7626861619673c231973e834a70359a556e4c17bcfd86a45c09a1dfd073
281	530696730b304a29b7a0023578e2ae2891f47321d930e97b06532d25a27a18ad	e42a183e7d1cb18d381582166d308ac68962d4f799a0f0b2d800eed9f938423c	682658318ec082f4c2f2058cd81325484dda30fd54a64c94bdceff12a54cfcdb	7231bf9e5567d477c7828fb37015bfcec63250d8e29a9eb6d31c2d70ef709e95	1d40d344e5763edb98168a640fbc763ff73fb711e728a7e65cc02db6d5c1279d	06efeb51c92352fc96a18a50985d7630c02c58d8a19dcc6f1a9581ac12c28bef
282	0833caae5de4dab57d06784056b10544ac7076db34aa3bebf7f4d2cd7468c604	3e36a3cd7c3a6d754ddb228f0d4be4e17a61127fc1e3f51699f435c756284da8	81786983dc87913e4ec97d59219f164413ca760e73f7723c1f25d69dc9ffeaed	7bac67aaf554e4bf959a26349cd8ff2d77679a7da735b37f115139a349445a69	59f05f9c94b6de554b8eb69dac3bf93b638a5a9a7e9c6ff307078780595c68ca	156b8521d0dfdeb30629179ab3567aa2093cb77a50fe370386685133f96de234
283	eaa172999a1620e87cff3d8df80b3677b4ef0b3ea1602c4375050f8539b628e1	05f6d68019420f04a99bf61eef3580c471badc46cd26dd7579497bfa69ec99f6	84c172cea105c9b5363e808005b2e1453ff2e1fe78d87598f88863d5c3381275	6ea286a84ba5d9daae7d78cd114a70695b83628a1538e15c10042dc972530d74	a13bce51fcd64ced3dfa3e9091d806745c5afaa4abd95aab704549ac01b52b24	e8600174520b8c0db38f23c892d2827ab50a68d3de51e0bb516a6d1e044000b0
284	68e96062ac8c0461b23410133b6b92f5dce4055caf7badfa95591c42d2d0871e	5e8a62390e1f799ecb2d0f137837bbd28bb8a1a5349facf42e0c43f3162fa65e	d1fd49a96d898e17c5f326fcaa2bd0ae558d859c329a1d3df598dc87d190c6de	9f1195daa75b9ad0f784b8ef907e4877669d61bf725f7a2114d9536b5b24dc90	abfee26ab52d725deecdcd89c5cbf08eb47a47088e13a0a830b40d72c51ca0a5	a7939a536177f040b20242ddff022ae7e128d04767649d7b16a74353adfda220
285	12372e92b3b995d4672eaa8ace6bc3402e9c8179f47f6c773ca61e24615d8928	3af6653f80bcb316e965a0280ca415c564c45cd95aa81f4ae60482bf82a40d53	ba250b4a4e26ca0fb26af4cbfcd5f466fcd68037cf0c2845919957ed1fc0a4d5	d35c38c9fbe3bf2ac1846ea17a3944f5c61c448984140454020d701422508c03	d41bb6fa60b821cf08a1e74909905d3fcc65eab301eb43e79d7857ec7c36a2a9	35fe7c05742db517895007a7e7fe43b4384d1cae8994275d230361c56dc611af
286	3a807e92c85092ef9ab4d98d01a1c1c27d3ec8cbf56d3c6dcb2b8ae59d18d499	85cfd630aa79d8994763c292e563632f04cb4eacdaf444fc2fb682c7739d4916	975b263c0300f489d60aafe0f8bdf8f55df0fb1afe854dc97b42e82439f9ce5d	70fdfbf29cce59974cb218097fc995e3800fb15744c2d6da1c8c4a01fa400c14	2254c59e5121b5eda0803ed4a8fa8709466bd4b7f56083664acf98b94de7ce69	cda398be16a20d61c879cbaef5f04d1f8d0a1019ad7eb4bfd0624c9b12127951
287	3c54c165c259f4a9c6d84d6aed95996e54328d59bc4cd8a6b2ee259ffff80220	32075adc626630205b5e25cfa6540977db5e88496c0accbdd0cbd841642f59ff	01c0536905c1600a0dfb4d7248df6f4faf3f864bc78760e7d10da5508aa2c0bb	00a5e0d510c69ae0b66ec8de27d75727bda6549ec80ef43cc4043997fe207443	214a57439760b395cd2cf0045fb381770ab6dd3f13d1394656794823a2d505cf	f3adf6d4a58a9282b1dce64778f242b58aed202ad53ff985c24ac3c8218acf90
288	96bd71d3cb5b025cb462d74d22fe16a535e7bc72a59bcda62a8246dcc7048674	04a431f085c8948bafb3d6f26f938856c8e13bcc749b2df3e5a7a6ff393e4025	cbe920461d7acd9f6c41119e28e0f12b576aa4c9628c120bcdaf9c6b4ea48713	eb62d0695df2f3af21117cd2a758d8542be8aa741b2350b1d79fcd26190f7551	2a991655f8381b730a4a69e51bedbd463e034f74c43ad40be7806f5f5127dd04	2818b34bddb4f7f7d58e998bed66153e7ca1fc17d2f9403c058efa986e1ba116
289	fb7d042933d86a6d7f068539815a69327196bd7290b6237c78e106dd62802110	f1f1ad5e92abd953c8119a61ce43fd33eac549540667ac9f7c8c0f1a8aca4e87	fa338cc295dc10e5cb783a2d54efa2396768ee71a0df355c0dd51c8a6b4a3143	932f2d9258a3412b165c52264781680841da72dc95450ad51eda1e1765e568fc	560207f5c0e66c2693af4fc4caa8d287562fff21f10cf857bdbff2f43c9b51b5	cd7e8e57d25a0c1f81480a24eef0fe186fb59d288d827c18f5e87d67fa52def6
290	b54781a643e0a27f3b224be6dc6a4a113f0335433ca40a8da66120d2f20119ca	85804dbee4e0d0755c5d2acd07d1a518a6ddc4d040533064ddbf4735135d3762	6a1c6fd64c7fead10ff3228a580636ed4cd2414e317e17ea767d657a1de4ced8	898e44edb1ecf0d455ef08d48622e963a3417c00e3844300350007abc421de2f	6a2dbf8c403aaf4b28194c50ccfb488b5739a8a715bcfba314e392aeb876afbc	13ec34e968e11491744daf3ab5993ba63f6cd3e97244fbda0ae58a1fd54e07b3
291	c6fb629ef5c7062becf76d058749f5e83432321902cb9e64012f75fa3f622059	c0eab41a34cfbe0dc808181c380a2cf76614f91e441148cd8f3d7e5ac95fa53f	581bce04798fa918a55607170e0ba121dcc7218c967ea0164ac9bfe3abaa6ddf	61e620d131c5cc31ac5df4d416807cf61819b43303cc092091d0ff5a1fa0fe5c	8252707b6dd16fb732a7f14e28421c18116e3f2392049c3a37eb363fd0e0ce92	4302ccf4924a239a92b1f7360665d76bf0eeeaaa07ed08f66996b00c504d8347
292	7cdc6b3e533945a7d5a3195db64c57185d016619d827557db2ab1cf2b28f23a7	a319416683ef046a665be8558a9494be7cb955aebe1cf86939ef73d6ebf67366	e9501a47459b5eadb6d8911216704ff7a486e646f6c131777400a47c1b707f0f	7d595aefaabdaa38278a55df82c3ff800a40518c90c743d31ddb9afea44670e9	26a27632b69774bd6173c1907fea16858488a7e257f9b67a6e4597a8886eafe5	c9bf901c964794ab4e7682c885167e5ee651a4f5e89d31d523bdfa2ce4107fb9
293	fba38c82fc68255e12c375e9a39e535fe373ab1c22ae302aa0fff80f6b231bbc	6a93b3785e5c3df62ff330b138cc94833a3756307b48fe05208b1aa918295b07	43aef54871e09cdfafaa03bb925023f41f297464e15fa34d7f020769cbee5260	df4fc3d644978c23742becad9e715ecf23a72cb34e45832c158a302ec33ff118	ce824fc7ab6dd6a97b86e04b72a4310d716af7fece9d86e103ab8976f7ff0f21	288c0e9660426815e4245a6d38f0ba2eb33483dc0c92cbb62687f870617d264b
294	0584ccaf29c8f565a5718e98810c0ec3dd1d431cc87c0a3b475614a32b454a8a	07e1a26889f4b67f38e323b6f36e55ee89d70b71a33e2c45c522b98bb8f7e489	094616bde6d2e2101a23117d09d7944d5f2185cdb5cc4b01316d9650da88d8cf	6ab756f958723c4705a19f927e105260520ad6856e98a0c95effbe458adc0a9e	ee04e98ac0e73af646d9edb0f3a7bb1e4061664352a6d67b703a761ac8fa7794	882c380d2826ac3cdb91a1da7960a21a59cfd6dba21a18e809405d789efa092c
295	a0735d8377d4b2e819df0a77bddf6e7a2be2b1d2e261446050cfa42b2149463a	7956822f664f16dd51c837767dab047821a9d4f274a1395474b0bd8a84a6f9a3	2c52bb6ae7eb8f1b788b3999c362ac38b661b4dbd9b7b398aa511a198fe38736	adfc9bd71db70602e7fb9a7bf96bb570db1a730b075f52a6fe3f5a77e674459b	87a778eab22556b1ddabda1d9971440023185240054ffa337c54dc3c827aa23b	03d33ddb364e7e38e43a0943ff416a07ab660496474dffd0f541c16fe4f89628
296	746f057557176e6366d0e57f6f86a69b984d43c87f9706b63327dffe22216ec7	4dfd1ca729081e1d825897eda0b3a3d3185c1103c73e3b0a6735f7bea81387c2	032e0dd83adce75727392af4e505d90cf5063b945c9894efe421e85a1324e906	746fcabe0f21d709d5061250be7e865cf5b7c62ed2f79fc5f8bc87ed01914a19	9ea4247066397b9d53c8e83dcd8199c4757de2394c559a6f5832b48c36479f24	98af24c9560b92967117a35198dcd55f59c1a4c855e379860f0da383120a70af
297	b19b17f36b2c5f0749b991ea1863c584713796c22d28db13eca23a246c5ce183	ac666d50c8b3cbba4b42e46a90c4de0c6dbba21a6b935eac3a0d3a86b9c16b6c	9eff861dd01bd486a090e9f2c203bdb5815708b6ebec7ca5ba535b4ef617a8e0	763eea3a60a05cda3f38691b9288bb8f26dc27918ea95ad1b3b74171b6c238b8	d6b37512dcab105d9c557e4e650d346d96ebd28901879e4bf3872a85c4ba9ba9	70364ded680e04a4e378ce2bd131eaa8e708bc0091dc466ead9b3ae9f5ef5ce4
298	b4b0dd751a846e98efbe3b7d23dc754171fa6f21f885b00662dfd9af86c8af64	005bf8fbc3ae1ef3223e8201802c5945b1835c934c55d9f92278a05964100ec6	5c41f4a3ed1ae9e12efbee91ea46ec8dc9465d14b672c81a52179b82ddfa7d9c	54ef4b6825ec5ddf6654f5521417eae9801441e65c52f44d6be51f832da06512	4fb128deae9c32d467e9c66541e6699ebcc0993cd46dd8c62dd9a00b3aa3d5b3	6dcf6d77a18f2c654bc6fb3eb522757609be7fa025a0d24b1e827a46a5cb9273
299	8f8db31dce7f92a39bc86f0eef85ec15fed5718ef1a40d8f7580973c747cdb91	c6864bef735d5f9c8f14f454902308ec8e02638e5d486b70e575067bc0110760	1e0e550224be8029f29912f19947938ad8d075f0c7e1da8ae86752ce822a84b2	b713a37aa1c8f4eeba871961138b8bf5bfb36983a0fb2563e90ebecc727b73aa	0d74d22b1858c86c39343184f436a1355d12787689bab8e73c9ec0fa637040e2	1232542acd593583f2c62575690e23b424e6a6f82b382cd2530c06d2a0178e46
300	be469f706fb0955bedf5822376c72d947324ff764dad5d4697ac64abfadac2be	f5a511de0358fa3e6d34451e0207e9d6511a457f82a50fd13453fbf8b7e97b85	d5ade9f483ea393feadf4b382f91fa995087f0e1364aee54a3579387553698c5	5d5ac3b897c0a6109e75ac66345f1dc371ea1093c6b84894119ba753362ae1c4	9e5d2cbd72d45bcecfe5a5c81bce67ff86a99bf6c41a67b2becf77759827c74d	5918c0ef0edb0f2ac9c268ebf2858f3ad4b62fa23cb0be488a2ad215600fc11e
301	b99191f273e08a5951e494ed002288d82a57e85a437cb7dd8df371070b333f0a	524f9af236011b209df8ddd24755f659961e6bc2a729e5b96b6ee252a03ba13f	e3886c5eb9b27b9a66a6afb816cec62e8914fcf1f08129e24a7caf1009b10add	0ae8139a752df1ceb3ff187124dfbd2e755ea202dd50dcdd13c7c4960afa9fa1	3c835cf3a3219594f8e42bf18c5552423c00e6edce30aad94dfad0a665c15e97	fe754b0b3886514f33acc93157e2afa32ea4e5dc58449097c2eef63f4f171044
302	f92865294c43850030084848bdcb2d1c20ed14fdb663dd06cfe096d873e893c2	60cc66c8e4fa6b78e967c996c5b40db367be1daae721220fdf5d8d42ab98dbc4	5ba9438b4f96d0cbd7d41d62464d68784394e66a18ab3587ca1212c4e3d19a2e	0a82cd951985e2443badbf3a0d16fbc72878d551d69f20101b5fffee494901e0	e1669e6c8de8fff8bc4d946e5f8a07193fb10aa81fadabda557aceebdd0749b7	93963f883f9fa83b597dfca5d1ca9f87119bd22ea29f8ee0be456a84a9223413
303	55e0cc37b6a2799de861d844031b31809eef2aa4f441ecfd40ffe1ac95adaba4	03dd1f14336d3f35db22d8f4131ee9f6e6b7c173a8f54e629e27e1c2a63f1c6c	e3181832e07890fa20cecebc21971806e455d146f745f5cc649977fff6e656b6	028e4ca1df5ea7feab014660e6e8f55349b289ccbef63ad1bb8cc40b80d658b9	5b8188bf0b4cd8d5cf344a6abb1e2e99adde078cc06b5c9e8b9f2b6da3244806	74d875f5947ea1b8f6d18c7ecc8bb13728cb853c539d9df9b00961142f81e17a
304	76fac3abeb69da68542731b0e1dcd83a28dac9c7046261233de9cf19876f7f59	72b31107e4823cc1a3980b7b27c1bb664bcfd43ab668760eea40ad99b0ca0e39	a7f23fbc1b8ec03bb1e351657092b3e5d79247bf8c38e61f7a1571ed17b447ba	c1aae53f3dcefe121fa5bb3f0ea88e6eb5fe53e79c17649035c1fc7b56e48ba8	634fc56b60a370b4742999034df78e31922496d7818466e014a6fb714f66b0f3	ed63621d042b04857df2c1c7d15a6e25e0a1ddee6662e12197f2ec82ebf2e2e4
305	4439016c3885c3d24e2f9da8cc30ccd9eab63f135eca9d1b91209d12ceae8bdf	4c683412fc3e55226ad635e2a3547607494f9f293bed55f9ee102a0ac6b00d33	442dcecdcc32578f96e588911d0184f4119773d62ab3099e33ee3b86f5f97462	fb1077dfdb518ff588513d782d5404eebd994c9e295f927e29b9ddd0271fa04e	8a5081cb8946d887db22c16f3a27d69944e5f411d0e57b5222725d79060f4811	9c232def7cb17331c09d489bf53eef19791d2d2071fd1d6333c9299aaab72b7e
306	576b6ee02b42742a2fdffcb55de8ce3b3feb1ec035d9ccb312f2e51b19004ee4	4dfb250730a9de3e426e0406117433c830c5afc110b0f5e7f42ddbafc1c87313	97961d8b6f293ab13ef7b4b9ac4214c1f58aa42b26f2a6bce4b3f225ac438836	15cdcd606179685c7297a00decd1d06af0faf1a3c2365beb86bd18bcf6a50712	1a2d72e1aa046db75c9538e354ebd7f541469d0f9ef49a9aacf68233b7624615	986d854f32f3dfbf7e5af0373705327cb2bdd07abfc102dc761df6d88152471a
307	d09b977e78b9177c12a765de7d550f085252af2f4db64dd981a982726e02dce8	1bf7ffad90f2be8f135562936fc7256f8fac51ce1e35be443722d493b9d6cc2a	f10b24cf6009fec896d640247a9f3a556b20fa6db1e5a11abb173d50442f43a2	a4d6ad606dd6cc93a9796ddc8257600edd7a7bc9f0a6b200b87025e125438e3a	cc9bbb06cff1da49c0c9774975538446fd6c46f0871eb18b85bee5fc9b2904e3	f075b16a8a7c38995ca27147de05ac6d2069658013d489d44c7809b730321913
308	bb39eb6effff85c18c9da0202658074b289d0b2a4529c75435f1f9e8e2120d7c	94f55071666c3468e846e300e9a14f6fd46749d02214bd58dc8700ff3ef3993c	188223b904fd27a1fd0ccb86fa1e4f74c157b1a4d68acc5f26e4333d152febd1	1e6855833ac5cc2e369103cd08d8a2b3c2f41c0d148eca471cc9cbb8c00268bd	cd0804ac553c7aa38d9988775e3baf7090e4fb9b9b40b5fa44d9dec29a40e443	b1447f64edb8f886a2758b377541e2f2a2487bea7d208ab8a4e64f937ec3c96d
309	2e7a3a14c4091900fa0c45da12b6e25fe482b16b2d8a81edd6e7b145083d44e3	f60c7ef29e0f4481f83c0009aa8b66e46f01f5866f87dee050cdbccbd5a46469	7074db9ff01c8aa1e8fd30ad41e2d2320df8ea2d119f6956eb0e5f4c5b07e655	b9f621ea918f1607f810be0ac9b753642507a9901950600a0c23be11ea83660c	ea049bd48c7ff5ec934b6b7f20271f39496ed53bc6a7297b8cfe81ef2c90f764	0d77b7bcb9945b5eca26894a467c85168848a1288b481251632218765f66ec72
310	5446e05b87c090287d32a960a7a588805b6934f7e127b1705516bce170acd13f	6e5ddb9ac4240dc1439be1795dd9228e0cf31766d3e78eac51abec43458f11d5	dce7a0b6589be77e88ca3d2b9468c241ac4c4bdbd859a5372ff4c300d77846af	83515c33eb7f19a9b67f3b091684652c8e3b69accd7ac222eba5af98a9350809	c0b4c226a6460568acaf8fd43da0c838854d914414a920249a3143519555a192	c3158e065ccd2b664aaaf477e83098fcd9e83b8acec4d7c8b47cd551289f335b
311	e64e39460fca0f4c2bd85b2a48897e1001fcd9342ce8ce667ee2aa9c417a12b6	41034cf87d74c2d7b18ad03771cd8118b4045ba423bdafb0531852aba38de636	3f081b3b0ae3a2106997abf3fd1a1ea73a022334870afb16698010429c4e0e33	ff9fb6487cbdfea746e97e10a6372adab9c5c5c6456f4dbd98cd7a3f1fb2192e	5b0bbd4ec416549ac8e34e8122d9d17fefeac3578f7d5327669f007de0e92306	02198229542e47433b2c5484d8118dbdbfbd40069936681743b83a910d93ddf0
312	076687e0c6291f9c79f6d0a13bf610a83d62725e16ec3db929bd06f7206dd768	356bcb377fa830403c4428e4b4edbd0eb822c14d0e7bdb651dedd8a6e24ec0d8	d9c05e9f82f4ef2d71098937fd2015335652d638cfeab6ade43e47bb950b1621	b5dc535b66bb0a8700c87f4074ee8d67e338f51cca7481273907a63dde34d311	77452909d387763469d1b926f9074dd78b2a596a3e252f4f3d469bba0c2a5552	ba80be92c5f603800e1f7e2706a6d1566382be0ec0c2f628e590765fe7963b2f
313	8298080f9888d976a0126154386f8e486890ad3c831dea5af33b25b02238a99f	207a43eade5bd6d4dccca8a2344e6972548aa91bc912e3c1597659c79714cdbb	10fff250a3b717161fe48982133a6c4f109472673a48c8346befc3a6756da04d	74591a316d9a029283295e8b759a276db995cee68ea0ec60c318741635dad5b4	80bb277e56be3e98046edd24bbc46d72031940830fc8a6e8798d305c80b3d898	25c14fa04ed610140bf21fe4aabff3df2cd29b5a7d541bbf897faa03605b3d82
314	c1a368bd5fa22bcadb10ec367909ddcde34a7fe84a8b4a3b3499a208d591ee8a	a2756ef634500d476fdfc9cf23f187374efd9699ac47ab2077ed46c7783f5854	7639eeba2343b83637400fbcccb0383b807aa33649f5a438557f57c3e88e436d	481c71f1e22651b7b0d44ba2725d30b123e047996157f78c72b22841f6b18ee0	178a3fad84411993490fc6b1862f950f4765c59bc047a349b9ec14cf37414a3d	72e469297562f29de3d088a261a88b036149b96afb780607c69f479b428e2f84
315	81aa16a977a984dc31fe4965c3a41f1aaf141ddb3512c99c158ebab0894f5e03	66cd2701e223d14a80719419b332294281400aedf8054616417e51fb158e8935	f421596ced7676a1ec19f68f198211c773e484a0882d7f1c16c2ec05d3be0e99	73f8058ce1e465a6223ac61ad8aa3018c34fa82dc8506ec98473c84d4bc2c15e	2c36914d334a17f7eec42e8e37b3e1c0986c483c9047fab7d081cc8a2682f923	a406981e28d88212afa92773c29e8eca55cc581003f5d7ace8c90716c33267f3
316	50f4760c94570351cf0565218faf38e41521589c7eded9025af62016b6727457	c955ccc8edbf8a7690edc64da5ca227a82e75a30aea0b5f5503a17f4ef705b51	e1f5433520c8f653dc3ccca475e399f63ad2725b5b557f7ce5832252550d58a2	6fb2a70f7b48db063b5bf549d08e7f00c5460f2b0f3e1a27a2a5673c17e1e3d9	f6a180cbe952d1c48b2c7b19285e2b39930c1b27e1bef746963bec9d616ba791	a4517976625c343b336400e2415887a936c1819b49e92d81de040968d9e02f89
317	bbaf324c3ec12a811deef23e0740fcc243f98906d2751a80f888fdfca40b4182	52ab47e3eb15abd7163223e4b3a905778f644ce352cdd60d625725f70c61836e	5b75f295c7af9d6337e1b7fb4a29c969fc7917e0b9b6760d02093b0d5818d135	6467845853f20ff9f503c79283fc5c6251055105096e5e5eac47be9555bb794b	93ba1078783c6ef266ee11712fdf4b59a4b7d738dc3c8ccda3cb028372862e4c	70f28ca9998e4a0271a2e8fd28fd2b00979d9c89e80e4ef3edae52951ae54437
318	07d59b7f0315a50b38287646a52d4c1be478fec5a12d560a2fcfcd1c7fde6cf9	9a2af4d9fbcb2b062e76ef521b1ee79bcf42b2aa33e504cbb8b152908bfebde3	8ffee800c3434e8d57f89b8b259904f25e38d29ea92f32736c287857b82aebae	52f8df7e838a9b2140876f07a183a24191f4710e5543db938f806a8ec0471c07	09a029c69a572d7dbc6548e71ecddb0305bdbc86bd58f22d3e3cc93fed1a2535	8d1afb0228f9c0cbd68d2cfd3ee1edda157b5f5aaf42294c5437041862c86abb
319	5b46878f912ad77aa9c16c5f261d7dae4ab4fead72a0aceafacf6ea866ee6d12	e879ed65975aebde7b9bc83f7192c0e61d60be20ba7f6c9508703f3d54d7fd74	e4ec816e4b3b344d7c4a0a869b0bd0dd9ab3ad59a5e502460d03304bba5ff3e0	114faee5303e7a7df6e8806d7a922d02d0da5559a8feb8581fb280bc845ec7f9	7362af499edefef5004c3ee4d3bbc16d3c4293f20e24c584ded57cd3bf90e1dd	2320b71ed2917a653a341adb77f6a2e817f9188434df3781de36a0c0c360f145
320	d2c9235c0f32263bf770663197d9079b83474f264eba150a63acf8037bf93d8d	ae499151f502b26d7f409362bca57cd2922d83cac45206118560a08f5aa995d6	e820080e58725e3a34027467afa4e0113843e544ebb5e30c74ad33c8dd8bd2a6	47623c9c5e4244f13a5eb0dbb974ac993662c2474636e72eb805bc0c58c76459	e7ec64214eac2bcae5ad01daf4f573805ead5eb862edc8e8f2689cbd4870eb3c	5ced4098cfa076c100cd7c945d05c79e00086a58d2677523a01e628f15db2a52
321	650fb315bb0d46baeb71bcf220f858f4aecc91d0d8712f14da427461cc2ccd22	b618c97494bf7fe798f207d23e1d9bded024c6d02cb0fd1733871a37c7b66b53	2ce3e3001f2437d176f7073736a367435eed9e19bbe7ed3fd8dc852fadee6c3d	653340f6616833e04de7cff3b969922aa17242dd7482d0a8fb07f6a7639cb7fb	d7d3b0e1713cc944d45ed2e9b034d006e3201fbe5924799d9044ffd53e7ee5dd	bcff17d5818aa839b61d5b7fe706f06426afe3b3a0263adc9de21ad6c34a9d77
322	1dfc1c9a66e20b87839809f97947c9f6b55b378e1719580165b9566c846ec081	ebff6f1730c75ae7058e67fad2776ef4389a38e5891af574c63929f74fe8a94d	24cfe7c1e5ffd2681f79b656a0fa0ace94fed812f39dbc0b285aaef400aa1601	082f39b8c485b050910cfaeff73e59b793718e5545fde76a3c217e1481990326	c50ee599d5462f7963c7f2c57296504171dc77682491d0fb9225d1043b364693	09064ddee030b42944eef9dbf4dc833de7f64e17928114c0e227ccc8bbdc6a84
323	fb9acdce156d1b54d98488538d2ffc56c7e5f9ee621514b5f4e670c70f3cc278	4be18a53122b79206ba3be896991ecbdd395b4ddf66651385b4c4a73370e9b64	c3a136316c35d61b622b1c905ab2240d38750b499974ff0daa21e19bb20cbf67	79891f2bab8a3f6a58ef2decc87413801fecdd6e3d12b43f42aef8191e3a740d	b59037a17c22b8837339ef383f2c00c59c5b1bca116bf95011fcfa21691653b4	e89960d8022a037c48bbed4d3f527b9f890cfdbdb29c59ca97b3328c83e62e6d
324	dadcf1c7497508d6d58b5c8f33c8ed02fd22f9faf8f5370b3370f68ccabeedce	6684ebc37c43eb3df0d17231664f6dc39bf09a9577236d4edef4d07583199470	cc99caeb69b6e81541c2af360c5d8e374e781770bccedf5a8638e74bb233ca4f	810308bb767922f2f7fd53113e9e352512b70a6bcb05507652c353436681acec	2d66f5ccd43f781caf3ad2cbe8d1b66d0e6d01c36be4417eaa55284f2c289cac	453d8dea6dba19dbc5491a81669e9c4a912dfa4831224750bfb3b42d1b0b47b9
325	c1c3c09de7a0d54fd1791587a8104e3332bf79ea66d5fe9758931fda67c0f63c	7c042566696d9690c6fe3730f7893eaa7a3d36f38de094e650c931f23e3fdda1	1561f37c415c255451ab94cae51170ef3d3efeec87aa9d63855d276d96e4505f	257f3afb2cf01ad629ec328bdc1caf800b28296c7b1e1019fefe666100105b41	677e5b81f38e2c6fcd91926b0562205c98c5804b5a9391ccedbcf6083c4a956a	a9b920cdaf6052b3c72b94c885bb3969997775af73425699a692a9acf51080aa
326	5c41c0f1b35b33434871f9008de88ba78641fc69d098280bcba1d1bc0a6209c9	54d91f1b3f1ba4e314632ee0a0b3d36de9e013dc21248611c1c00db8ab5abfbb	becfe5adb715d0c0789c31edce517484955418ac67e228b57c4757fb41909657	807b63f54f8bd322f04b724a0a7e281adf5cbfaf21fec5a01677c4882c46960e	52781c00c1c7bbc677d44050e38295abf51c12216669c0b64f84306ec9f5b55e	492dcf8eea9f4757db66f3ae609e85864d53b2cfe0e11d279e6055235bb3fdaf
327	e614118c19845004f5fb125603fd9bdc2df80df644cbc4cf75e3399812e0d30c	df9e7306d2f2bfba003a32d044421831785a24f1f89de926073eb70db1db45c3	babc5443683ec27393e277be8eab8c1e7e8c337da2e10c2027f101efd02d6799	61bc03cccdce2da4f322811b3d7c4ef13032ce110c9110c917aafca98673ae1f	0ca982164dabf9299f9b73de6064e087a2f65f68b1679d7f2e16636e66b22540	a96bd8d73aff4a081138048a65351e926364699b182c4f53ac4e7cac7ca90690
328	6a97d13c8f12a55c6981ed99962d386274aab732450226dce678ae441a86a113	8acffd19ed3664e002cfbb2fb899cc7ad515de8536405380189a870a8af6f4b2	0f09da78c6b71488d4fa4ddf71a856bbc06509b6aea59d98555df2ad673c8a8c	43c503b04b4f35361bf1b4122e3e8b14cca95bfa10fbf40f6f283f4156be532e	b6ec5f17e391bf831c062426aae01806084098ab40dd4951447c9afdf8fd98b2	4057cfb04fd42bf3a27b8515f6b49a0487baaf8e5108841b478aef7ecea052b5
329	c38e360fd311646df21972d789faffa74cea7eaf8f141f58ac791ab943210459	1f7607bd3278cc496d4f71425f9115d5b5474a249801fe553634a594c67f038c	b968c38eba5b90462320d1a5ac50a99c6a1798a6e1ba6abf0de2e2a9c4f2a7aa	5e172d5cc603e42a9babe90996dd26021e6622be42a4ae203bff02228e72aa24	08553c47a826a227f91a9b7bb1575f52490d61ec90f9664d274881f98fdd127a	7fb6d791a48eda74b37eed640e47b65b9d657576e68c713b5218f9e46d13f911
330	390515838cf880c2da6283739fc68820e20415a786908f869ef0e1af7fb3925a	ca3deda875c39db52e069d9782871c83025963b1cc374e507e8934dbd5068519	c1680fec41576086de75fed988242f1a15221fed663adb0d1f733391909bfc0e	48ca90522f2aa2175da26fd942e3f82773615e9069cd1398dc8e4b69e553ac71	e757d1a0c1794cc9d369aa12d600685fbe04b2f848c2895c93a0b87705040afb	34f39a84f1e85039f1bf07d8e437da7b0d131bf297f836907cdcb24617515bd0
331	c4d6ca1c050ffc991c3ff1e492b2e41ff85cef40ab4b510dd96af36bff611dc0	3de25e3f59cbf10ce3bb7150d0306539bfc9660e365217924dcad079f9a28dc1	f3c00dc27393fe1c5c3c757d266ae3730da564d6fd52bf7d5cbe3507bde5d7d2	1473306ea584dfbd2c943845aba1c0c7500807190b0098c19514bd731afd6a7d	62c4a3a1c88738e1d48124c68834c5a49301e3f14ef81f9eab64ae179a16aaaf	1285e202a0856e3f2fe2591d9ae4c02a5389df9f52de008da65657bf58da5124
332	bedcb2e3b0efd2e27659446a972d0447403427de951cafc495a0e295c30ab5a2	e819d5a8c2cee08e701ff841732453b8668414f0893ead76fe9ccbba81347af2	3bea500b7b9e6bc7376442e88b094b1c836ca2fbdd7ed0db6a816fb887341fa9	5f2d7e61402d7a074f4f63834802882234dd5d6d78ae32a19bf406a1ef36e51c	7464b61e5f08ee5b2cd9ee39ed661701b9c1fb9613d2769e9b04b153b88c6a70	5912d981f57bebd1eabe22bf735bb6c69ef60a8655759de629c823137a634015
333	fa5c288710f352c3caddb657e7462df195426b8b7af9e11f7d291ca4e1e23b78	0b97676290e94b01a8e5937a534f4e9c27854068af1269022aee01e9c0c4459b	1f9f35fdcb56e80d0c74133e1e485ad4a3fc4529e59fa4a3352016e13a07d4b3	167ad76c3a690617eb65af4f8fe543e5676523239107832801eb9d6822289a86	10018146ce7ca3cf8a4bfdbe3025cb2c1d1ad05cd947bb717a892aeccbd9f385	e5b0b390ec0565b9e3191d17b51e8da1203a891ddb3fc21f4f5f4b12552fe1f8
334	611a31d00c7f04a6642281e422ed0b06b438661aed60b1b8a85faa201ea25ea8	2ebde44625d27275510480aff053426a80ec08bdc1f45da0462cd2b2d3121b52	b017ac884b9c85f59c6012cf069f1e72fad043406379d77fee0e2ac2e12645de	6bfe67ae7764f8f2ec128dcb8256caebcecb1ebfd73410ee0d44f7b11752bcbb	caf4ec9a32cfd463ef74450d75a474d7129ef75d484bbeed6f0bc5f296780ca9	e72a78aa7d2f67b84cdeae8014c5167ac7c327677f3c8a5c24b2fa7507b415a7
335	8e7a40801534c85ed44da3ab9cb8eb914f8ce85c9f2b1d69da31c7d22e76f73c	7776441bda4e4e52edc2de60446fd83fc33fa579202ba8085fafa4fde725eb41	ebbe35ac830e2b1bf9fa1126ae1391756bd81232c65a0adc63fe6a5535cb42d1	01aee9bb6cc4582596031a8678d4b9ee4294263a2385d8a538f5c35b18fd9a71	3ff7595e0637c2d580a37b16f683dc1f7e887217596af1d25ca442d63d560a15	a8f347a73e033e55a18ed1560e66310df7ee5dd281a2ed0ea2da73d89563709a
336	53a5453c3ac45abedee400e0d5a535f0c24bad17c2b96bc04f5df577892fe4f2	7683a4a476c4aa6ecb8c97d9bfffcabd9f220ae5c24cf6df8c38ca45869b02e6	feaa50bec8f00203e79e19a81d2a89f82bbfcccdd34e81e4c38c84509179c796	4ee4ec693e88e3d90634c3f6f9e9c75f2237311ea08a33e7581fc3408f599f56	b71a8f12432382f8681f080bfb5a01be3af24cd2f9d137f48d4ee533da3ca1e3	8dd9c13f8d373aa286cc6bf058d7e96a893e935561faf0f082869b753b387403
337	66b4b39047ef03de9da51052e13f819e48ed777b2221b0d30915ffec6d2da269	a8d34a83f6e73b26a7d2073cfd32dd13016889128dc185c184e4a56301b72b17	125e7b252f0611578074b49ba319eb502df89fa16593a0ba3ebd77b3e3be2f2e	23e4a3c2f2b3407c9b04469b500b7639d2803c1a0fe2838f7305a1b4dc3525c2	d3519d3f0ac4e3326778fca7946a8cb2bb4e9522e4b8de94ff3964fb76924c2f	ca96b1516b5379b7ddcadecb9ae34aa8558baf4b5656ea686455ab6017dd2c99
338	ab4d295996d3844776fa3fe45deee4c1b11ab7a20a8c3fa01edbd025b881e7d9	9db2f3f747f9c66b810935948f60423a2c5dd141584e3ce7dd31a1b7bdaea0bf	66135c0bafd06378e1c74d28ebb01c3a221afba48d456909d205973312abc44a	a4f3ba1c62da1c77e4a93c4fbd539f2f5d0a273a2116d9a5c1b08aaf13c341ec	6f58afbb5d2c9f323c477d4ae4fb288590825922a46ad9890e352392c1afab66	c670437a548b37fa0ceb8fc288ac812fb5bfcd7469deb703e9442c14d7c84631
339	8aee4740263d85957a0d723421e1689ff4c4fdb9fed6aca48bcc1b89e1652a59	514dd3c5e557e14e572caa2b645480723290a93a4532484f85c69317f4f04075	6655dc92cf9e8ea28b343e9f0e334447935c8ad0e1c2935a87cf1c3058247b9b	fdf7403aa474386b61638d3b614608f452e103f1d20f9294c4bb21e24ce51b14	b6730f5efbdd124fe2f8374f4c52c6f81fafceba5b654bb2a0ca195f1e52b99a	930501c9f9d66b508a54ca57ead58467e61ff8c4e562ee8200843f3943896475
340	4a87799f78794a231317a017c03b3024af7e35b0ade78d2937feebea88ea2816	911876112d416c96186b99b2c95040d29f89d81a94e9fba1e10ae7bcc2db983d	5b62fb941aca0304ce61b19b426c48530404d7feadf2fb8804ff510fee38fb10	d26240bf0ad50e9068fc4a55934979563990f4eb026db0e6527efe65c48a694f	6e075b093c9a2af5d4a3c3ce6d22d4a789915f561bd247f1a5d3ada2399d2dc9	421e16b828a81eb1f3b39be6b6c48a88f1737a249cfc4e29c6f06c7bc12e76eb
341	91559b2fc8cd911a9823751e38bc8ae94fb70e68b8149e7f8399d20add487b4c	0323e0abf08d70e0ebfc2bf8eec21f19d9a946addc08bcb3fc4cbb3d3256caa6	91493ef471dd055cc406cc07eadce3839484c22cc8050cbc2757f8161e38287e	64e81673808de086ec7e75ae4db857e25a8a0b52e69414a36192bd6510320fab	ccd0f611c04062ad4685fe190a8db1f7c51435fe5e57c7dbf34be434b64b4a9c	0ff5443299995f0fc946d53782c6eb9324c95b92d602d8bad0fbf6c240eca00d
342	0d785c8161fe5d3440cf19046c3d0930e45f634c6388510437df9b4cac74ece3	f7a50aeadac3ee2be29fb9e304eb018cedec73868162a2b4476e8e7aa0267b5e	910f7cc7abaea5bc09fa10b53ce9b8f825a2c47128d9fae58016c313855f8107	71c071c3d8372544b0c4283f393d4141ccf43fd6c750c52ec1cfaf46139cbbd2	ecdb4d55c018090b3011d9bdab15456b52b34e3d388984d3a581783f86839dc9	9c474b57f61f1b744aa091b9930b86ad9f3aeaf824b3d08ac7b894d6924df212
343	b5284eacab4eb55e15a7978ab63b91dde2b6555306d7c1093128904c1e50bc37	163b5c9777e84fc422e7a8ae461a6e4bfcaa3cf9f325ce092a49a65b7a12e560	18bd0d5706f3c3c3143d0899fb4585a86e44cd852014f914b493b9f6e99edddc	6b7d4d3bc7a0ab96f38e07fea6d53c7aab72f5d1506a8e876397f694fa441ad6	6f472ac60b9c6155b124732f7d737028d3067aeca7a30144870e25b4621d6829	e356eb0ced60b5a0f4c2ae7b9d0709eba0a9d0d4f20c90dc7bd5b2d632e3cc27
344	07d09464c69f2e2f352f982f39d3c20d431ab6018cb17435f952873fe989c96b	7cc27ad22d118c3116c78c1d9bd556891a42722c87dbe0ff3b68ee921271779f	d45727bfa393c9210fb4a99f20f0cb2e70d234e17e67ec42b099a001f078e1f2	3e332bfd3b15207a10026b4176781b8f1705202026de69f2cbb3d58b2eeb1690	808af4c270084e363f6635debb7193c2647982a4508b198fbb71f3d1386f74e1	1ed178ae64bb04327ebc77a230943358ab7abb756a700ac22190a9283f1e247d
345	4f3843210ad99b4d7bd037f1bd8acde4de061cf5d06a504b2d74d0ef35b4e0b5	7619fb330bb4bcf40709932c49fd55e64c0ee3031721a3a789cf79b9dbe40a35	60dfd8c29a70cb0739308583ade7f79a0092c41087d5d36987494cdb9f53ec32	c231f01e84e26d24196131e945cc9b06dbb41e0b99355e7f055e54d4a0243a87	fb2bef4076213f8b718c07a8cb62338d6fc9c8bd6e773cd4430fbd8641f8630a	fac6e01d6c7d676b8aee92d59be6c58ef802044c98b249157e0e163a6902d553
346	ea0fc4845d9e03bf895e72037c2489668e5fd1b7622bda1aca5f7e75373c4572	0f365966ada2b2e8ac2d66aef609a601fe7eadcba1218533772795c7fd8a5e39	26707dd0f0ab9b7d2f40f45397471f75854c8f2c4ae6b88615033c015e03f1c7	f31d5154c3b99295b894ec464592c1f258cf0ed9568858ac997e6ffa2d875936	47b38b6da46b1c9210dc13874ccdb5682e1396b7c81c851cca104733e14921ac	0862806966118d20be9cb2aa5d05afbab21f6ccf94cf993287f7a576857c8ac0
347	340b819440546eccc6aa66952691d19616dfa7eb79fe7dabc6ad3da69b33e888	e88300a2ab818d5ad17aa270e0aad9f4e6404d87896ddb5cb03805c11866e145	572b722bac31feede9e93caa8b8a32b94b230115155085b1415de31a2663a2d3	bd1dc6a1b26dd2aa8620133b02f820fbfbae3def02657d72a84e8053bab626fe	3eaddd06eb214729ba27873f8fef7c833fd37a36e5fd3b12c5b6a9c5788ed764	9e7e927386b93f2a7436f4e2a25a4bd2941e1fa7326164da1b1c487f787142d0
348	bda42099c4b13e593c150ecf975681912620a87876703b0fb1c1c00b40fd5c20	ab4e64cece1633b5b258b572e54ecaa43fba9d877489312ffe4830e2419460f8	60843090c07b77c3bd97e7f1775521201ea4351757783d8e9034f5dd18f37d6b	0c9eac1608392eb51370fdbb710c24a088c4f418812b88b06a901600395437d9	2c6f5997251307ace09402f162ec2234cb3ca50776e00d1922fce558ce3da9b3	50a2a7c44c9d7638549a32afc5ff7988027e4995d45ff13697b89a4233155d45
349	26ea582efae366dda8318bc75f9da3bf4a7d7bff4168a16f004efa8844ae4f51	bdff359e295c783333321c65467274833b2280d5c43c5768fbb52e1837ce1750	6f46cbe063a5b9ee1839e650468a246c458edb2be4429af37ff281fbe2132a0b	13e110d1455d3e0a0957782398e879eeef130a325ba171afd6e71187c58b1794	f8adc265b180305eafa15c8aa96c5a107ee0a1bd80206882a4b4d294191dd865	da4b500b13d85e23b5c4fc413394133a39d4fd6dc47e61546cdc8051dc3e88e5
350	27f61b2375888c90baf2cd5fb486c64e69806df0f863b9f80507594634a0d215	8032266f60d7335eafe3648434779d6633311cb7834faea6f705a55993ad008a	79899a343dc1effc32b91489d3136817cd4ecde43ce60c1f7ec528aef5a9eb44	396378c416ba3a8f14b69535edcfb00c5a1cd37fd2f14f8325c3509e31399e8e	4476141cd5909783afe537446c33773b52cc14f9db274fdd56ae27969254653e	43043b168e161565cb4655752ccc41bab6d2939ee3f4547fef6e7a5a7876282e
351	d36076f8dc2a156f1470ab939d5dc4194ce03af4cae97c31f118ee9f407fb82a	650b3bdb460595104a069034bf76a36844a28223cad74e43caeba0c8489213e9	788a8245552608d3930aea1c1fbc684189324aed558d2957894a7f03f6fbc33f	475cb556ff46a8a11163db483f4171049fe1b07fa63a4246cc097fbf47a3219c	c77b3f6f4a17b3c973b5e7307ebadabd8e234451add0ffd2d4c431ecf8ec636e	dd8ea8e7651c911058ce18d6fd79d8bb487e9f73bd602c0f402364e19ca4b402
352	4803119cb31e26983f212270e8be4b186e4c9ad65336401cfd3e89d6e0d00245	92fa11e6336c2eea711b972f1ac00cee5fd68c13736f2ffd368912506daeb1ca	49b2c6cbccf0830ea6d9f9fc5544505a42e3611e2c9415e0d7341c0560c6a3be	31e93df8d3a3becf8afe420aa13b5516f1ababfa73586055c3608aa80d04b362	23f97b9b44e4714fb62d5811f1ab01f215d4fe08308a4e9f68955201cdd947da	43a79460ee50f5fcd31f70c826f1560c70b14a1b08a19e3ce6d25da5a6afc6e1
353	7b581d2aa982a3f4d8e790f86375ddde46ffb52d8c5198535949febdbf46b864	23f57710ecc2c31d678591991a120d1f20d50a2a736db6a392393ad8de2897b5	674d228f12579b086fa01177bdd3e9ddebc491931d6da6801f7d5dbf060b534b	d1f924d91f4f08373bdaf2a0763c9ca4bd1f5cef0d7115a0fd637b075cd76785	513ebc3364c3944bafcb61934c84b30de3b60493074823053ef9c1f5e398319e	ee64190bd8429dc45b1735d4996a7a996ac92654715038b82fe5b9f4fea9ba41
354	7306fd2df3e89908ed6d15ba3920f0a8589c23f6043cd1ea33958ca5f095f632	542adeb2fd266d80720ee4757fde56bca25ee4659a45e7a798df3888d0f17a1d	3f5ccd2b71643afe9c8a9bd48b798be17b617b7e3d3964a2357849eb9509dbc9	964d42db0a5d05d769368274bffd0663c5866f41f6bbad15fa974ebfb03b51a9	1dc52ccae3c5d28d7491dce7bd74516fa22a772e12d28520b600561003efde07	27e110252ecb143e11722f937e4c65592be7a9c916e9c64578d058afc567fad5
355	66f3f3d09f580368a8760427d2ada1e685b957f37e13f440dde7653eb6e9628c	2fb38f89c6974067fcbb3826d223bc33c71160b20b8cdb431a31fd3ec2989de0	f3cd1a8706d597352b78fea0091d866dad8589a9e32796b5f3a821cd55b45d42	b36ff34d6488b5464e713abcc0f96774ce30cc8b4a46e3be972279eb3c4df06a	e139d814872986ede5912f0f0c8dabca87db37fb877d45189411502b9f9868dd	e9a7a76e8cd89080dd24dc7bd844b7215ceb3c3c46094a9ed0bb85db78f53351
356	cec61caad45b7460eae345ac80db6f8f5bf4bcc0369e4d182dde8651ac08a61e	4e9233e8b6d4549233009a8fef9388f890a3f4017b6ff417ca4cb219fe1c265b	19acef8c0e160b110fa9a1889936328a6ba6eaee6e976511572aaf083bbd9f5e	4871e28053227bf667ec0e7b39959256f3d29f3a09894ebe996aa4784d4f115f	50b62531b17746a40743631a504889226f139e377b60ab1e8a45892742d9efe0	f76d41941e17e229a00e099a954397ed102983d048894fb47aa2936c2aa742bb
357	f084f9d74e4d636e6cd35f270a935185001b5e73d4e3feedfdb361d47b93efbc	6cb39acb54b7a008b359134dab7431e28ffb1e6e9654d21ca580215e89ca57a8	c6c5f00a2762d8e59eff9416de61c113f5409276b368b5188be1f58a56e72bc3	435ccd2539f7deb38435c91b209e887bffa6e923fcf4d1553abcf698118c4bb1	a7e87c43dec5ebb75ac415e4464eb218670b7c7d4831d0eaf3ab84afeddeaab4	648a11e96b02324ca5182a57e4e1d7dfc7bd8e4e0fbc5d2d8db19f2bb746c73a
358	d6af8b7d0c0003bffe2be3d1ee5b29bf5218f48a54fb23ef39c572e2e24638bc	d2bc59254be0d1501fc4d5b114bd3ef7d09b875e0b151cbb8d9afc52bf5566ae	5356ce7443b551e198b44d604342bba0b0343145da91608c60df20db898e0b3e	1824c6152664fab14e583f8cc463ded3cde831bf9e40bd11cbcdd2617cf316ab	8e678b0f43d94ee2c008cb9232660675bb39bce0b4d22ea9400ef6e15dabf03e	7c42dda18f0fbbbd0c53c97238baf8177f7c88ada07e876f8fa2250f19e30822
359	90b56a7965e026aabbdb468a1da4e1efa39a9b1776bae3fe8b55795d1b947e73	afc7f84de1dd6b2b3f43a8d612ebafab089ff2698746adec1e2be5165132fb5f	bc43b77928780f3420746cd048dec6d326e304cf5df08308efacb51efb0aadf4	9f8f4f9e1c9f8d8097f11862758a680fe54b02c3d645e9bff5c937a746983ed1	445293b5682a9f8bbd5f764488f3e23340a129771983c644941056e45dcd0b90	7baa8119250fd8336cf3692504b9de0019a633ef823e82bc4a7e01f380ce88d0
360	1b5e20b379f67e5a4e4c8274d7bb67b5b51b3ef5ad957d20874f0f666ffd9d7a	e772816a7a5449ad21fde7d0c29b968d8cb7189507a4b185062fd3de75c336b5	5f77784e32af1053be5aa9c8f028ffe4e2507f750d66cc0b336b0683700ec721	c86fa7aba7a29c2dc818a829ec50d999cab86e75c264ac41e99ffebe12d82875	60bc19929829628f62600ecdf2bf1d440b33841f1dd202d8d584adc74721d442	3166563abf409ca12c11b8a46d442ffaa9d13743ed86aacf6ca9810bd47a3a85
361	6c5d8c0bab913af12616f165f7523fb243ede51ffb3b7f95deb878f62aedea17	cd211e20e6b8c26c0741ca51db9189a6f22c51982fc64c287ec0c8b457808d8e	22a06f9c1c1ba4475f3f0d1d0f6303d5662b15e8966db76966049ce7fb865f30	9c3367e86f459b08f7183147cfab320313deb0b92d6dbf14f81fc0a7a8131a6a	9eef295d6e527c0da3ebff6e56e93c8de1cd1e4fb1c99719a6c8093251a22054	9e8f587733983701b3c02d6ae8dfec1928b767a8b4157d1f4430b16a86042a9b
362	02459035cfae02eb0e51029612d25742ab34b88bb3ee41fb1f05303383f950ba	9eb212f3f3e2d30613209e80df0e550ce0bf9b562be1f9ba9f1888ce7489bd51	1841ca8288012fc5a3de2a874672adb292e4d1f8ed6e35325a1d46e1646768da	2f0d8a99b831dbb280b151fd90ffa6a7e0040feb54d9c92ed62b7a32ba8a3336	ae1c633fa7188653d0d2ce769e62011cbc224ae0a26fd988471eb410ebfc51da	87a7ff0b0855333680399cc62ace31739eeaafb06ed8347c38162c9ebdd33527
363	9e22946d9ba5cad233db9361a4e5a11d2dbc0566d33baae099342857d239eb30	35a1d8f1c3bf6cfc05fa94b41911f91c8d0af50763e840e4cddfa114484e3cc7	b21100b8525acdf743d52d9c18e47f00694f7b1f68a49900baf840fda4a7d5f4	2bfc9fef9fa9aea3accaf332b057eec013da8e5e0489bb289fe88bd903746372	cf262c02e59e7d50448aa03a47b7fead96c8c5acaa56d341bde380570c6668ee	844f92ae6f5df66e66a412c0bbbfa3e0c3a4f3b3eff5177c547a9eb4e9ce6f35
364	5a72c1e57ffaf6479132676374079614dd8ff4bb6ba1bc3d2f810ec493e5412b	6161163dfb9e40ccb32617e41964a51357ad80b5365ad64e2ddacfcf009265b0	9a3dd8b521aa2fa16206ee7c4090b413cad7d43be6df04ef96116697fedab480	bd5319071065f6bb2884f5dee5b9f913c133371a10ad8ca22303416308261e30	d9d8af26374b2e3ee7f1b1189c8d1111d5133be899688210192ad8d6f8f473b8	e4c0e97a14df212e0d51cc846a94c21ef6f4ed2dfcf5bf4ba4b31cedef7d8820
365	f836dd62d9056ac5a6d07c638253063fae6515e32b83675f628394e0cbdd0fd0	bcd98009cd04ed2270ddbb6abaac94e3527f4cfc64ee8c96e3d127eac4860594	74a679900a5c6773abe434cf7c5b1928d82210d86d3896126cefde61157c1ff1	6f5352ab6aebcd4b7ac08340903cc096aa8c59a8f7e1673abbcc6dd0a19b8064	9b4eb8e03016224ba76ab30cd7e7a429307f24989d300ae92b43aad1c189bd9e	26158887020aeb449cad1d65f21c0b55edee5000df30328756aad94e9a39bb33
366	8ab13ef84dd431ac3bea800d01c9cad930ff8b68186fb15dd18956a233f040d8	902d7df1408f8e0a877972dc8d03fd09baf348dfadcccf59a5abbb168dd3790b	233a54846511d189f4245faf45b3b21cf2f57cec815c96702ba45b7bde6286e3	6a4077aa154c3e8b0d3642029a90e1c868ca6f20fce76939087b86b56c3952d0	f2a2e5cb8e375dad104499a292e838a42fff50fcca369ca3038565a365ddac37	26c2d02654e919c057ebc17f3dfcd176105a3e5b18b91aa7090dae6756afed2d
367	2d877493dd15a1b6f3de7b76744dcb717f2521200777ae4b1aba1a518464f5f8	0ffa87e239239741e16df0e9d333529b487b4da96493add3dbb853b0366610c4	942e866820a11ebb5a24e8363391ceb9c75597c694db8769d5f219c6f156552e	ff76bc9847e7a73c361f09a98c0067e9c46f49ca3aefc60dbe1c0766f73277e3	79708048910c0145b72c080f88aaba9687f0811603a4fdbc80889dcd726226c7	911639ef27de964ca66e71fdc6e3a68625ec4c732d21cdbc61415f8109948b38
368	a0ca38817124d219cf1b26fa59908725539076a8bd5c5b239b6af4ebc5979e74	d74c6e6b1828d025910567f7d9a9c06f1108576e569d11a356dd23e991931030	9434c272d278a576447fa8e73f9f579bafdcb76d03cc96ce7309b728d77ce6fe	ae55fd5a0f101dfe32629a0c7fc7766172c9159af1df72ac6e91b5734fea34a3	b95b18dd4e8d0250bbed5dd71023d5c11ef44fcb1f4db653099784e79368d11e	73205de89866a005d2b6a040513d4bdc8d64612a94b6af64c6eeb3f176a3cd68
369	a44652f86c33f6fb38e0befac3f154b1c881bb54c8f68814a472194526ddf775	34cb962d9488a3e3f17d84f08dfe2cac840146bf7b7a40b78fa314fffc1bc52f	49f309c88869946e7e6c5950424479f3eb312755c55fbe9e37ccca49a48c613a	221efc0a90d5ec784abbf4f39e83c4553effe2ea5b9054731f52e2d60fc7a1f8	09bf4c1416f9c8df6e87c0d7a880c8c38e2234836c6aa2bbd89322bbff8b9277	71799cf0c08ed0dde81b95489ff3e65d119ff090ae91c4d464e767593c5b506b
370	0c7259a317a3c9415d5ba6f31be3762aa453e6319fd97389a958abe83b8a0c7e	cca7e66b3aeb4d2fe4a6193e8d9ae45aa6de35bb1414a2f6bd6aaf73fad76d52	4091be326dd75d0b8b682c2166cd10c5cc54dc0af57a525ba9a5603eeba18041	f6f7155654ecc14a44e864671d5b1a043384409fd69972663baa12392b327b3b	dcf550b30f5246804bb210eb782eec05f44080b80f6511ca03d22a32c96f65e2	380231ffc4d55395315c06bcc5b41f5310acc7fdaf6c313ace52f25d8c14d6a6
371	926ecf265191adb44bc7f59cf73455a5e698941b88fdf3b147bbfe02ff3be9b0	43924d10bfcfe3c4ea5bbfff1cc9850fe0f84c40f7449be44961895aeb17cd0c	efe1f3c1aba742cb6da40cbc6b1d47fbadcd5571f6b2fddccfd8e0512e91405a	973782781863cf529f5f9df9b5ffbc0b60b918b1e65eb18e5f22326a24b1f84b	15582d6d865ce572882cc70bc1bcd7de43d3d3e8d134719f0d6404d7c18c1391	99f4a63fcbf105aee1bff74274d6b6dab28b51e6ef944f2a5507d60eacb88dc4
372	c1aa2d11a07b616daaf3999f4a502817ce0e161a5902461600a96f1b80d840dc	40ca899c36417907844d62348d55c7b06654924df706526791af29118f2f049c	a2e396d043396b482bce0d7a71766c336283b6ac5013193ec5a1bac47155d9e0	5f04c95222d13d7223e573bc01da08122ae1d2b8b8a84b08684d335e92c6a53a	3af3d4c7952cfebcfd4bc527b262a0d47fd7c9c4793b55211d7c4163de4438ca	428eaa1cba3af661085f647d5169068087c53f5e2255c90de0895611708c4afc
373	9d294aa22f010e382457c28dfe2b16c2745124cae6122d0631cd8af10ed0ba1c	5de7e5d82594d140b6b9329d9f08a4c273d9c47658f9e0640f5b961c7bd74e32	3e2c1994b2269c3df8729f4993db6dd2ad2004cc3e3f9380df9d040aa7402324	14196f3efb3f0bc38c79d2645af23e137a55f0ce3b9be034e573d674d3c24cec	22ac1e1549162aee704f97d3c5baa17c0f2c8aac2dff78ab9d4be68f610b5fd6	988a897718d4dc8bde02b42fbbcc3d454d7f2f36870a8ed2dda21b031997fed0
374	679b084dc1ea1db0210f91e0c24c5bbb9af1436b05b4de697c1e89b81a8a0773	98187cf9ddc73351121ffb75434c87e14a26a2ee646ac008cd8d44b722306fd5	15947443af20bbd9af1ad230cd945a9b363ef00387fc8f7645e9ecd32cba7665	b47391732731e0eaa2f7fe4085fc0b0f55b3178bb6f7701d9c39fdb51c4cfa2e	6305e15670e7eb4bece2bc207c603b4a431d487c9b58b656beaf0d613dd6238e	8f272f18a7bb3506342587afd21f11edad1b53de14605c78d66a688eacfccb86
375	50cc8ddc4731ea27e27c18110cdda4ee52dd14cbb7bd10264c81799609965701	b504d126ee9228635b4b3e42cefe84b4591f09591a03218670b50b430c2db715	3ed103dc4f507db46fe9fffa4cf4c369fe1a7af671c8bb15cb218330efb6498d	a234bfdb407a22e9bfd654464ec7905b5f26fae66d08ac3fa5e201d1567ad79c	857a497b7615b6799516424e2bf9c618138ea4399caf5bdf3d9efa9ad9bf19a4	503f463ac662b95bf088a2e5d0c053be7c9cc081e69fddfab60ef44f7c558ac2
376	11f767bea4b27c7aebe346cd9db3bc1816602ede4c5d51318d3e637c632ff7f1	eee7fabb702aef1e7ef51fbeb0214b946cb9db1380834589b08efafb940d8934	daff14ca8cdeb6a1f2c3b0660517fc167ef5661a225ca122077eded1d7bf31e8	651bf28587d0ddbf985d77c9418012dc2e934ed496ea86adaf64a051f8c822e7	0b40c37063e4bcc2e2225f52cdc48757e2a84747c8c7b56b2e0c0be0b21d29c5	890c35259f49424a95b894023656005ed34650b624077f3fbdd026cff9093722
377	bedf3428f20790954221ae9fc328f926a0e6dfb315d4bbfde78fc3b6ab9177e6	5102c2db261cd45e4d08435890ee58437a31a7ee9c2d8a5266f7738f116f0cf4	7c016dfd3be7d99bf09e99cc0990be2ea8fe777bacdd35d61ea1ce40b7d649a6	497bc7b3dfca775c049a3c62fc144dd116edcc10250326fcdfcab266be8337ad	ec138832051cdddc3d6f5a2483b2aff68ededc4b4bb9d6bb8287ddc7cc77d8ff	46f55a427015add9ef8f9f67eb0bbca62768b9e30b8a8554d4537cc15c86857c
378	dab27cf1295a7bc368fc8faed98b6b1bf2732da8b540af2b2c8a35ab02e4e4ad	b1484cc014c94b0c8aa9b83dac23bdf90dd53caa819d30fe4c0160ec88e00bfe	c53e49e873c590a748351d441cb76b6ad9606c1e45bcc2eef86bb307a4afce53	2ca17fdb749a9a0be728e1aa6bdd3dd7e1f5fd7ec495f133ca1bdb305c6ef4f0	9143f35896ad831b0999c2961a2f158482faf21e74719783c7ce3d101a211bcb	acbeee6cca8ae51d781ead917e795fc51125b7de92ff6d55809e2d5d20da50d8
379	b52c42a56dd7a46c786998ca29dd1ee0126fd036c7df658295f270a07c11728e	0e7422c89857c9c45c6ff950def2a8fafbda7c634a54c5816640217b538856be	cb225b8eb4a6d91c5ca33f7b75a15bb8d86f47c99d36fd9d5b48f22841d68041	0a59dbae1b3e4a263a916b062df6c4677bd1af6dfb1aaf8666f56bb5b0c7138d	106f60eb99e61088630fd885d7ef5593d74bc99de95203a6841be3f79a23d1bc	d53ef426e68a696db2bbc6d12618e8cf2e34fae8d130dda89428c6458a5a8dd7
380	87d1105a10239e6577301ac6b2a95f199d7854ed68a0824d91910c771a03e04f	837bcff3a9176426b213decefff5baa00a00f1c6b6dadfb0cea082a6dbb1e5d9	1fe40c9e014c8ec2d8bb5feb6596de9582382bd8601533a54e2fd8f1662a1c45	043c9ceb2e5144b3be1147bc797542f4f320db92eb7e425b9048096ecd1a8c30	7d7954c02775e3b7c27609ed5833f35c17fb317f2953a88ed65aa5f1f318037f	ab6d1403a30c7d11d81e2a8ebc023af8985430950674644f07fd0deb92b7eeb4
381	f6e9850f9d334a7a16d91ddd48df02d3f3b984c51274fdcc2d7286b2bb12bc7a	ce22855b8cafd1f6f69041d0bcbcead72ef8c5b7ef7f3c365ceb9c5db50e8166	e21b48f9d7b0423cd00d91ac440437a24ee2c3c15cffd57c41b492c8b4e5b8c5	dc8494d211e6b7a81ae08debaf0b3f4195e6a8149e0cee143b20d40b76c675f2	827bff8d76117347084cca4edee1310d3b2bf48c463d1596afea5be9b47fd5ae	1b0770ad7bebed0cbe05af136d7db28ac1b3dfca64128e8a4c149e16a5997da1
382	d97026637838c9612ee80fdebd6a151c0d2ffabde983f2c15e01a52a802d7df3	3dae7ec99851ae272d5bc0780c6bc4ace8afc1e420eff03c172d69875c874b8a	de08676d192a9eb00d7c8b4d5b82caa35bc55d1f77b5c1625c984f5debbfe425	4bf4920c8d3349dc250640006ce5dcea5dc1b74878fcb8425287927ee6203403	0487c2fac6909e604e020e35b773b5f58dd5341054cc2a929282571294cbafef	578eaa8b9fc93bcfa2d0ae0469e6dbd0c4d2eb65d0ac1011521c678e2e523400
383	6ae88cc37033e28c150ed9a1f5cdbb241a380962a093c8121aa86227769d74f6	83ae4c5a53dcae90f4935b5746d73f5307b26c45dcaf8a0227fdf75434d3f6bd	af185895814d63ed356acfdac44caaf6f1fedce2bd901fedbff0bf8f4d53d728	cb32e3a484328e7d2a64421363806a948db79f84fe6f3e24d58ba26a93afcf5f	bf991cced99592a62fc71f02ea88b6e5005ea3f8f8bbfc0c7ddd2d25474c0704	c93fcfb33822fefbab555f44969baff288acd9a417bc27d4e7f5a2a0c2f6e06f
384	9cda482493fa104aad4c018cd5ab8dc15d1a27857660efc394750893370ddbbc	a1e73bfa909c371cfc9dcb95e37d9133a462e70883699895bbb61a0e2fe925ce	71287ff509401e7cb5e99a510719967143f11cf079732de1ff25d0ad6c42653b	78fdad772b3e5de345d9ca25762b1a1f3ca7926e8e9dbcb995a94e876b2f2e41	70de9e6d2f7df34838211a2ee978b2545ce6162fce0ef311b1a8e7a0ad1c9c3e	41e0ab3389b810676727eef058e07b2bd455e8487636f3ad273a30faf66bf401
385	0b037879b5ee39200dd6c54c32f9b627a10d8ab5bc259b629205144a4d35b9c2	957a166ace2ba6cd713e94de3f692b529d9094b00ffe8462a6f912db1f2a3779	e55588d9588b3e310ad5b99f1e6c4e41465ee439ad403c120b59f3abc9fe2362	f64122a2e1a8d38bef17ab2c29efe39b704611455129713e542951f2f21fe275	08be571ddcc1dcb58c0da8cb9b12f94d174c3d93005c70a8aaf9b7f649ed221b	9019f5009a9896fcb2b43aca12f96cda34353b5f641158a8db02a8aaa5b1b81c
386	79f992c43cbd4233bdc9bee3b28aa182a5a2f70e3965bc311474401fd27390c6	4763e319f762e687dd6d11166da62c33afe794c59cd0744661a8e76d8e1e2ebd	6c9993aa38f8c40b498f37a08a0aa36c71bc06c420d0f97bb183485d6e515dc8	537c9411037bc54adcccbf2227d99a9ad5200d1cdc1eb78adb55aa729fc3722f	462cd51e5b384e66297b74cbbab7d85d693bbe506c0b636f721674a7e3c04eda	741d54191e36cc63bea6d42472b7f31245f0fdcb4713bd97929f65829aee9af7
387	774395b9dabd1cec96b38123ab1a073a59ad39b72f99738744e8f5f6502e2d58	179c65e5c1d94f44358e15b99a233a75387ed875e7199fe6906402de7db8e9ec	1ec205baa721280e50fc024ba078a1ef4d2a1722f354bc521a8052a338cd6df1	6e0862c2cea5b032068d48a9975f9d5c7658319fd14b67d4c2d500f03eb15459	b9412d878da6df16ffb01061f615613aa9323d8621ab30cac6e40bc7484647f7	20d1788e5a0df3d784c0a140edb7fc4a48f140dff9ab400b5062d7d22a746d35
388	e286a7466a5e3dbb2f784af6a82023e077c08b76a98fbea45b5359c9b29007a8	ace51d84c4d1fda41c45ec85866261da8721b3077120fe54d036bb8aca3b6779	9ececccb598a2aa96b7200c24c61a2139fd77afdc8799f92e45cb76c733c66d5	25e68d0f16284d7aff9aa4f9f2135c1a3662d2a920f338f8ef4623c273ac946d	3d4655347251677bce591319cb9574da69d5e005799fe406cd87538abd5e2498	f66bd76b47da818fffd8d8a0ae1557d48982929a0ce15c9ecde370bc787ce0a8
389	0bf37892f54ba16b6b9a83ca17165c10f28c371fd767442114917e5f34bfa9fa	ae64c44d52e473f9b92c5cb93d739b6c45c356092c7e74d69282bc899ab63357	f1322c08ad4d114ce9a497a4f46be3dee9c00f75f4b0daf20aed27a15737c934	9fa120d8aadbe8fa78c05786759e23b62cde9e652c5d1664294a30d5bd13d6ef	2d372faccfa76915527c8e36b66528b76cf8aa9a9e449650d5f4205bdde1cf8a	4889fd4f2c374052fb05656217849ef445196d22a1d795f82f36e39242ff7c89
390	cad87fb15d4f5d9720c5c05e62a22609eb5dc8c11f091c713d943eff9dcbcd7b	82e6327e7094979af7654d345048babd8757b22590645b98d178dd5f09176ed6	8aed47ac94d366a2cb0eb4c0c7127ca4d4d49b15de11a487df86afed007fc9ad	74735fb1bea7030172b31417edbc32597a6f5edd0f0d209ba04d749ff1223075	88db7e5274ef27de2322307b7acfecae94d1916b17878c02c114f1e233eeab51	33fb68474133cbb8fc6505a3aae8a8ba6eac0648c33f53525a5b03bea8e12439
391	dd7752968b756f5a331000eacbf2512a371c35130a50e0d4a1f433c6770f5e96	3a036f36471a07de4395ec201bb4aab4d86f9629e362e1e55410ab674783b08b	ea6fa32aae5ff2b35f46575919355ecb25f26e4ca555b1cbee9c0c4ace2a0f25	38a88cfd7068c39fd8fe235819a733ed1f6d81c1b16ff00bfa107e35e30ca2e6	1e04397675aa888a3ca5577ac21b865c16c15b857a9a6c48bcfe95c83794a16e	61147d4d97ecbae10b1d561aec4a91f788670834cedfcfdef16b26bb8ed3c593
392	3650f81a3a8663ea1a31ad7400ccc189cb5d8e2b52f14cc693a95a6364c3156c	008bc36fb70db92b603e4d3f94e18b449527367b73cc64534ee82d5b1d12a1a3	f441861617181061e7911a4810dd7b774d406810dcae6fab667b660e28165697	a9631c1002572f9b95c54a6f4cfcd504b041310634ff100df3d2ef99f92c0655	0d4fbfe19b0ac5e3236c7d21802a25e8949f009e37dc349972ed385d0029fd8b	5af489185c0ce9ba4db804871e70a0728fff0a7e2cc6b516033afb9b2bea1057
393	7ef88213ecd41a33de6a7a1339eeb9ad9bfb2e766534c55202efa05cff2597d2	6b27b589816150077bafa304af5b5923a6da56307e0a5d23f340627fe9609d62	8bc5d762f6c105460538599dc5b0f418062f568536b5c286552ad04106257473	1748723bfb8db32c6c98105dab677f0f67cfe66b89df492f97e29cb6b621e1ae	2cbaeac36f871d6dd738e17df4b68a47556092b0e2a79af08684719daf348f05	877825e33a30f9c0fe53c19a486c8907df1dd20c55485a63009a3d0f36063274
394	1dcfffe6d22adfc87c6bf5a13bd95ffefc2a46efb0d15c1757c850072d156c71	03271c756022a29173af983eb2096b5765b922627d8d3a28fb303792d8c08a55	8ec5d8585baf171590dde64fc8c79616116031e412dc128421fe976921408546	4e87f81d5ab059ede79a114ba17c3f9b723d3cf84f1675af8b927f3b9e6dc7d2	020b76e8d0062f2fcde082c06aba68b07ab24b7fea16993077462e36c530e2cc	0d853b7084f11817b149c4b590c6bf5c1bef4478dbd1fb6b2f9bfca47f34ffdb
395	6cb6184b4818da88b2bdd3801fcd03adcae15f2308d2ee05d2d98ae234b65485	a0a5302e749a29d5b4aa758167e68e6d241877eac6b4fd5bd0b5311759d11a13	74ac93dc65f1227656c86e5db3d72570c1c6204bb7b22fd1da35f02b3f345736	c581e99b7bdf2ad1b2787ab2a20aaa13d48e3ca1862d83a626b7dc659bd02241	ac6b27f92e931f14f4850f130fca6bc0422bae60ee1e360701df7f3499408230	f9ad610d0a2c27f86820b5c1696182352c577ccdd45bc4afedb9b04903ada96c
396	c8202fe60361ab5301d35c2ed889fa6236031061dc545ff07c26c1e50386ac33	587b92057e91f2f1ea222e256baf40c4eac85222b3e67fbe5f00332b2a97d7d4	1aec48f7fbdd82abf396fae9a4799ec4478e677a9410d41b9da223221ccbbd57	f92c7c2d5d1727208d081ba815d35a6e770b44bd5638618ae78b816c401f6a9c	8c078c2f88b081e84ca34fd2461cac978e10d6695d45424b050b495365e86c36	e140f93cb931b05c3c69fd730bd802fd0e0ca6799d372a48709eec687889875e
397	6699b65881a85bd8247fbc282519910850496de58ca1f713f812ef27502a649e	8c04f9caf890472f375bfc26781ea47747ab786d554ca3ee3567ec8d148170a5	0bb5ca0d22d593e3c302cb4266cf80bd06b4090f0fc7328ac03734a202d54220	1eaace40929ae8dde42714f8247e689a1e3554020912541e69037b6882c917f2	0449a7ff63bc1d7237b2fe406c7c3ff868f9ea23de54c65677e7b8867a85b09d	7556fc57906fc8e127421a2e9a4418f3e8c11699243c6335376b26aff2b3784b
398	3cfcd84170b37ca352fd88b6a7a24fae057aa017535f3fcf1b2790ee85f78028	42fef1682f74ea01f05795670e0b774c7e792d756f2277440fc762559a72012f	3ef68dd10507e9879b26693127eb9f11d6faf62429209f466caa1c98e8ca1391	7874295b83df74bab552922f4a588d24c704e5ad56fa68aef5615792c27cf95a	9c2c726db9d778219bd3aaa1b34a08bd4868d11647045e011076d0cb957b597f	ab9d04ad9d798c303923243f386af2de3d7fa66247b780f0a2a71e956c2c1379
399	e7cf7ffc828497caf0fb9f854cd8f53e24c09d030ba49f5043043a11a7492d2c	4b9526d69df28e251ad6a2213f8c171eb7e144cb2d64d3ef3675903d6c0f7558	20a34e5c98aac5f210dca79819c4eb4b419b894e0c68ba8201f743a131f8d727	95849fbac1eda4e734098cfe450fe2f9899077d2cc596df21a1825f483739592	a32a2d06eed2cf70f69a4262018c381d3584d0bc0a17af6197e19e091389b7e7	2fd31ca4726a093706c12c35731262f416527a98b81c486d4b6ff46d39099f1c
400	7758bdf1ce6a02171c82bbb96b2e912e3e1dfdfc750d3a0031e2705e6abc1cc4	d61345db215ca76152468a4edb2352eee19c077d47ad9d414e2bc0c693241c17	5482c37839e8131c75600b1cc3b515f36100071ec24c270076f0d00986d6f4e7	7498d0c0c3a3843ab17c749f2509ec6a9c1aeb1f206ce7ca0507858dfd67bdb1	bd0fad855af21c19ed663d88fc21df3f296ac7fe1beb62c1a813915cd233d104	65c2753dbbe88d83b9331cbba9c309f2f28d70553ebec9a0e45efc8b483a5b03
401	41179e275553a5f997666d9e22e2a96769058d1357f7865247e70525c51cb843	721eca112b2264fb4f377da98655ae026afb4f161fc52d33d53f0462ef3fc33e	bbdef5ec80feff32abd343faa2786c9c25288ea33e2acdf383263725e293d287	d46faaab660509d555a238a75c6833b8592ba547e3ab0ad58c1f632c196cfafa	246a60f51c1530337da1fcf6a45f4fa8073a87ca5e5374eaa1aa8730df315e1e	734d0f3783c8821266e8fc6c45d1006310ac9d81cb1c0aed01bc87fa3411eefb
402	f0910379462c0d89b5f38622dcc3d60d4c23113385ddf4955ae98cea1a575cc9	98a6ed0dfb07acec8a5506d9c9934adb654ea89c30168128f7879342bb94a37a	91d4ef2dce64287e3537180deb7a74629f53f850722d7c4cb9f82dc02f248827	8c2be92f0d51c96c68c230da20a40abbf68156d954b7598a4d90733b2c888dca	bbf47a8a00ee008d659e1a0b80cecc66b201b4a14306cc7da8a099100ad9134f	393cfff581e797a7b3fa8afc722217a3fc58a96230a694c2ae3c81dcbcf34840
403	065129ef3a03abaaea53439fc73aa27656debf903e0864fb4088536bf9cabe5d	4289270eebe6b8ceec7ec1e429d6d03836c469a4e82f0f7695f169cc8a17ba64	646790bdbd80aaac2950bb64d4487562809606ecdf0f5b601932480f8bcf96fd	55d2ab661c912677e8b618241a55a947226833581466fbec595f247232acdf6b	0d758f870f375677bcf1f7c9d9f24869a4d4749b655b4c7ed70c898aa04a5160	08fa2b4fd8752046d011bd413335c3b7c2d2b43182220a4eb7b65db92daa9eb6
404	f0fc2f48e77a1d3c43fb3c7fac1ec4c4f36c4fdf814197a449d5812cb7532c43	cf8784b49b800823ca27052a7ef14b8f756780da909e930b6d036433c8240aea	55f77298ad6203be7609545df120b1f3bced74aebc33dfaa97852133d3fd047e	2e30381dcfd35ea02215ef2db617547a055fb3572e837a6de61e6009061b12d8	f038a48a0a5ad9da496a2877d22ec90f64716771a822e222dbe2045ac5213227	dadd7c82d3b34869b3407515531679555aeb7dff64450eff567bff729e2c335d
405	7c22ed25d2c2d5da113211a054d24d879b2540a1fc098fdfe6bbe32fba8edb14	616fb4aedab540ec477838706becfd81310ae38b07d09f47c2b56f8b6cafab71	8238f438317e92f811a17c2a7f478d8a4763448909fb4b8b56aafcd55dd9a75a	b52bec48538d2923d170f425026ddcb9b45e9b738015fd8a6a06fbf8677f59d2	589629b2338095b79248a60232ae2b52890384df69c56b319ffd9c7c51073302	631b79610f97d91cccf4bfa9f912dfc901a68a8ed4465eca9bfce6912b19ff53
406	48edb977fbcc0ef2fb07f7197341b5fdaf5ff2b14ee4f4b942bda5767f2e312d	dab05eaeec0a01cf24a8276d32f1bc3c1c41c7598676fd9524012c7db83d228c	032dc45230bd4e1208befff9052e5240383c3f38c80b3bcc1751677049d0c936	651c6bbfd14588ec561a5ff57e71cc4561e15008ad6470b72e743d666298d49a	55808dc12272daa6b3cc9c61ed1914160e6a103e0cbf1dbaf9ab014851ac80a0	0451ce0c570947e7cb9da4ae61a885c2412782eaa785bcd80fd1f3c83eb32180
407	a44c962c517ff59c47260ac77780137f4500e11a0c7e7e60d85aa5c78f0bb598	e14bab68bd3b99bf3e66f8d0b79a6b21b9a46bf9c4bcd1f1f9882b0bb1e3f984	06f4fe19d9ff4e12d169cb57919257b03feb47a8b1c7b3826e4277daa37a3000	04d24bfa98a21c6ea7f769695642ca175d99e4849eac3d3e8954de134a55a51b	c2556497ebc97d760642e83ec84a68ee63bb472392a235f472dbea141c8de858	9d6aad972f98ebecc6055c53366b22a00a79bfaf467003024e36243dd5709252
408	d631666c382ab12da4c018a44f24dab185e10daa536327ad2d4176e691ead9eb	63ba8ecc58b8c8b0737302423c42a02dfcc413555b8da2c3d2821e4bc637cbe6	4e1bf6f80f2692e73d2066e9cfad904663843ad7f6544003d5e7228e40b02b54	0d782ac627a0b1739aac95454ba31560129b7f11d7c95b5ecf97bccf9e3db6f2	9290577a0f4012a651b15506143f3b70120e71b91de102161dad642f35f91d65	248fcc07942efb9b84ddd235dc1bae1771abe4deac9286468cd990cd194b3686
409	d48cb835c5ce7445d805de932fdc19e39d91be17a12d3bc55a9138e4b819a8af	0e2a8f884559da6a769ed3b22643a6be1e2674ff4a2173311c6914a0373dee12	eb631676b57e23ffccbe6938749cbd7deaf8af5bf55181e155b0cd468b8fc5e3	df22c923bea4a34fef9881fb4d98a47d8bb27376d5c03b3f6c749b41a941e180	3606d59f2822702e50d25158ff941ba8985b3be3d6535635459f923bce9a44b0	6d977813e6aea68939bb6360996214fcb6e850c75ce6e0143351765cdbcc12f8
410	a7ad770544ad748f5be1d84fdd893f0873432afdc50573044e52779b0de0d05e	591fae8a00ac688f9c1f82a94073955ce7346b060305143845d308ab432d1632	762e60dbf69a646e52efafd541bba3efa2d54e0bab392bafb4a5d5ae593a5eb0	58c800a734c09123e048de333cd284629098c7b88df7da7c1c64f7fc6ac4e29d	6226e445224c6b0378e68c7eff0517d9d251af8d38d89a53870b153d777cfd07	e62c3e3fc3d1f3de922ccf6ea469bea72f753fcd7dfa59d402817e06999aaf71
411	7e8223c4c3c2cdef6b5d6277e369abc439a786c0cfbc53d552c50421ada268df	f6818820d1c0e38f3a4581fad3fe0a223fade6ce8d35300a7d17f04a0d4284ef	3b82b1934e023f54d44f64f8fc8ad8e018be9c8e8437c3597557fccdab4d3a25	cb1134862b033626a20076a2cc6adb11617db2f2d3367d4409b9e40145ca12b4	07e498f52ca63dcbf62f3a741acd8091a3f9826968d979734c9b9c5a8c5fcbea	693b5408efc18da28b8ce808047e570f7769257b4f4232ec8f170c95aca43e4a
412	8c1969414c747185b593f59f1742bb0e6c6ab555fb9cb47dfb042bae0b4d0f29	ace1e2f868d9cdeb3fc7324fdbe6fec61e8c2e67630576972086fe9ecca805cc	708186207c78a4f279caae157b37bbda2c2ca4820f122fb796a42b9db1e8bd4d	d66062d93374c7a83b192715884ec50d39193deaa652ee92138fd38ff2e99ef2	210d2db8cdc22c103c04544a798bb8ad66923d1625b023645fa980814545654f	d6296f48e85ca8c174032fe797dc17bf951e9ad1fc847fc7de19b87c6d19ef9e
413	79b4586d3df855c7bc143f7cec03c676aa0a1d079453f21c2ec0cb1dc6b4e5b4	c1f6da60ebe54d7fbe9e66fe3896ac096eca8fc7f45ebde7cb19872d66c334d3	2ca1972b225dc5af34cdbe2494dad2f60a92c7ea7aefae4ec831d73e3f6d7ceb	c4bba98093e8583fb9bbeed8a23131178d6d158205e43c13d2886e8925e83a6c	2e20969613150f7a3fc27230413afd8d03bd220e4b3e943a95d0bdc87faba75d	7fe3067a0e4dd8247ec5a028c3543d5ba7d5cd6cd879a5c9c17eaf4b58d8f6a4
414	51f874d32f87bac46cf7c2c5b195f1d001a80b6597d7c3b9a49f9f7186d88dcd	7c25ed4c3e8eede4d20eae81e7ccf3c0a3141ec390fb9bb07f0009dc7f18390d	83a42cf95bc91525262083f149d0a1ba3b0b68ff7bf1f72d672fc86357d4340c	9fd55c32e4910c2a3325abad9ade9dc601133a1c3a80e2ad9bc1433435828908	4e901eb1149a6885c0e71f081cc548782725d109ea7c8c450930d2ad4949b776	b109ec3c2d0c55e85c5cfb3aa2c2df79e91e251627ced82e8a7f2228229dca02
415	c26818800790885304be0922fe464b2374d306e045ad4402eb13fd20a9173105	4c96d811661b95f8c7f3f9a17b24bc9486618291339ea2b0b79524a4c5e1b519	e40a76e698a92b157b059e80ace6901dbfd7297ad71ce41619d0092d6062399f	988a501920bd2176d4105cd213dbd6f2e400e23d4083c9a3916b4560abc72a0d	73f7a1a14a5a72b38267f9456aed619c4ff012566f6a0465890f6e73d3879127	ab5f677d06c99c14a983045be4a2a65fb64d4b4acf9f6aa081d5a0dab7163e0d
416	7ffd34c8b4736334ae08f5ae1de51f79d4a26702da4fd91ed645a1ddf5e7e110	7acb497336e615e4544ce768ca2ae87090bed643830075d718daaa972916b3ed	d332a9ebbf1de306be5a32e0a2a41253d4da7d3aa67be44da7805295f0c49301	94a5cfc31da4ae53df9371d39ada6915b8316af50f78a2323cb01ce2f6f1c91e	a837084dfd335f22bded0516f927d604d0d83d149130b94bfb8e2d2d3b1f648d	95c17ffdeaf3b7e83a1255148ca6abeb170e237e0f4495e3aaf6c59af82110f1
417	2ca8195e8ac4dcf68dbd98ad6bc01fb6e3fc5a8c0fee20c117a30b48a1b48dea	cc35bf38a493f6966a41074ce0d681acd3e5b591e29c66d0a6afe1a14cdd8409	55b85df3261601ad26a05a65dacdc4876ef6cc39e11b0e1385332cfbb92e66ac	e149083577bce58a7e777f2ec9c3bebe89f692a64766ca997dbfff41ce953a89	dece5552f702211c96d4a8232590cdbb6e2f65bd1c882bbeb57b6fb3c6d2aa07	98f55e8fb9163376d523b24b444349afdfe81762abf07f8653d61961043fd1f8
418	40996da6dc7c9cc4b2275e5332043d00cd9bde5657c6a5cf1d0878b6218100d6	c34064ced97ef0207018fd42755140e75065dc12250ed0572ca050c1f23f6e83	91ef7caedf7d6e1fa2db10ad1549778303ba859e51e67039ccd3b9980707acc9	8e7bb2a2c52ca392af98f5c2ae481551ec57050d12ed5c7d48515499eac1ffd5	1a38d32c8af2b63ed122bcd8f51a148c6af249fc778ef9cd39338fb37f8f2a40	088eb7580b47941d1aa04f98f9b766625e5323697aebff84504fc2ed6b0bb8d6
419	1d57bd4ba38a304d183191d1d484a6c9860f70f6de04ac6bc67c5ec23654cf71	0f73eb72c0c894c328a45944431473a0806cc31784d3e9c6a7d3dd1da12b2efd	d2876f2149ab7b9aca750ecb0ed4aa310ada0851212de1ea8c2f84e872a7d8bd	de824dd8e4919670e82cea237097d83d9244fc8dc4254193dd6535090bf83fdc	fa1dc16d1d25007298e33afed2707217e057a314da891b58fb45a592f030fb9f	a94d2849e17de9790cabc6609eecea2b1e17b556fad6973da4e4ef10ebe248a7
420	2feaf46fe8c19c0343cb6721ccf944012885d6d465654600134d8b5b26be2f30	270cf4e08d02d6cbb47c30f321b0ac6c7df0311eb8d7cfc5bff74176c571fe80	b3f72dcacec0d98fb6a30e2cc371cec061ca13acb04e51947a90ba855346359c	30d6135551514b34a2bfee3bbe5f1d424cd9d95ba7804e8707b9b8893572852b	b74891d6cef503454332fb27a27575cc2c993854faf45216bead31e012199409	7023974c5334ad0359a8460bd2363ab85d5f2179d198c771d2d38df090a24d59
421	3eb6544e78400710c1a7cc674b615d9a05940ae3b5cad4455d8fb52b471a2af1	85f04c1deb243a92097e935300272bae095647baa7d2b30a085ed94656583498	0c8dd4062b19bc9c720802b6587f1f22f7542f203d0accafd76694f14ab85762	7562f3b3d00683b85d41417407ae28c902b86437d44d2d82185013bb4aba0791	3c4286faa0b898d318514737b42e2890fd0c16e64cd52ee6f94fe5e7d3df8b51	27c01cc26201fad549b8ebd7bbe795015bc2483cf70fbeeb64e304e24bde7e6f
422	ee06c390150c9bc1f75119aa28b84399c1575a0bca358ad998f756ceb49ffd53	c4733084156d7b083e194f7a16ef54415f7c1571baab467876144ced61e09a2f	65ef889d097857487ad2872f7b129eaf0339b553119e9c0abce57c64f04c3d58	fd147977c6a357b1e823acd90ee19d1614066bcca5762e407d84cd0445437bc9	833f59b1ad38bb0389b49f049ffa50b66e29135e1835f5977d8e558e00bd4fab	d0cb70662c12d1dbb1a2fb46cda16add7d15751ac05cbe1f01da87c02b12e442
423	59f51bc09fd0a8f4b6c26c6ed83b1217bb9cb5b5acae1b6ce1b753dd076ab075	7267d6336af7cc2e6edfd33924185e15c28091681d36e2d1618e8fdfc5533476	a43e7250c4b5d61bd6379a57712e45d2117add08ae730a96ef6034f1b1b2a3c7	7a1d90f57ae47db6263bde3e4b8310f96ed3576543e512aa40ef9892d01ea3ce	a9e32843dae02ced99da9530adef0de91c5db0ce895fa83519d761e227ee1a7f	49307f439c188924e2884dd5c62319bbbda9250857547728994f044b2b91ccb8
424	dd03bf337513d87e683f722c8f4114aade0aee8a96c2cc54c9dacceec871e6ee	9d8aac2a978c4f33755b032221143c268fc2d60a7d39cf0912be32f72d918cfb	5dc33e4b2e8ebc61288784a05e8e0c8672d2e8078cfcaf918c5aec29d274b215	0e776289fe2322f6fcac390302e82547c6c0955087c12fec276cb6de7754fd08	266de83f8fe010ab53196b0e90a5d20139ec6485e17ab69bb80892039c3e66f1	c80cf13705354a1dac241921daf578f5101e5cac4cbfce0669ef6ca37e5a7241
425	1d82510c37a1524c68bf0777862c3d99f016219a64afc9a077b1de821e85c4cc	a4ef44ad3a4e067a69cad492b61a5d03ca1411457c580dcc8fa6ac27783226a3	4603da3a5ef972949ca2d4b067a0fe074f05d2a1e1cc99fe86229b817000e260	82ee7d25e569bfff53b93ed0d36bcc0e733081b191911ffe99ff713826b12e8e	bf0d1e21364d0aa91df88176c2cbc60e8360e00e2c9ef56307a81ee0abb929ab	7ce6ec9a46b4ef472474bc9e09da51a7eb17cf97a3203cd3dc91a4c3018a948f
426	92df64c79a85f6c94d7f882baced024d329514c7d64d1b13decd335c7e685709	b35b6c71afcf470a10bb3856c301c818430d657989366c594c575f043ab2076c	2e16883ef659d7b629cd429be374e6579e3a873a8435c9d7c22fbf16c50b0b14	9390fcfdd50be357569bbd5f155d08f7144b776155f11dd09f92d7af70d2ae2d	c8b4a404b5c04f0511bcb341954b44f999a3c42689de4ca3df53368869d91d27	f738865b964b4529a3339ac2de6a6bc9c062c5c8158fc6f042de35ffebdd57ad
427	ffc904bdf1f6e3b79773c343fc4023a76404528defcacf420687920546812721	6ffbdaaab9ffce92f7742e22d37c2858540c383b65a25fda8180dc8b4c38e43d	f1d4aea058c087a20e4ad5c88622269ae0e01e40168e41d880dc740f0d81a728	8b667c924faf4870fe8bb8f0fcee9f4cb74b661280cf83cf759c23b124771493	fda3c503c34a75a977c61f01c98847409847e16e5df702d0dc15e6dad0ac51e7	b2af820bc9504f1dc88b2478daa5fbb7883c05269a3dd074a2c85590423ab2eb
428	cacab444b2cb9e99814a7ef0a7eabd5f5b6b839a91e06e72a92e9ac8cdb51116	6245cdddf4263e8ce5e730dee5fc17ef3e1642a5874380f8b0f5c39eb20ecf7d	3ed1e9dfe3059c3d1c4c60ac51dfe452650644d000905190d0ea599350bd42ad	ad4b994ef4e1620ec2d2d371b5076cfb0931ac58a82adb783382006a4c37f319	ef87ed0560a22b12d46d8fd1c013e1d5869c5506a69ab354f41c278c2d861f5a	8fc6ef09bc4dd2c5799120f6ecefb0275ebe9e33ccfbf6dc1bfe7194eb36139d
429	e3a74106fac5551ce6d6d401a226bccf504ccdf355fc0d14400c368ca5c42366	a1c288e37e1fdca61030e639cd6cd6501ed760b98296faf56645caa90202ae76	885f0471adc95a658aff2bd8d1ea30e43745d7765886d73e082773b9a60507dd	24a3a1979550e45e791ee4a5c612126bc92f80135183418482b8aee22d258449	7c9949abc50863d01da1cbbde94e7e364b01d04ebdcfe8889aa80adfedd5712b	87a6bcad3231db946e33e288a8bace562b61866a52c56683808eb1805f87bede
430	3cba12c21e1ae87b36c926f296a2fa52fb5c89edb547d4add2c063c9f9f75418	76d203126188c392e9d4a722d4a07f52834a8e757119df92204e0833420ee495	48eaba1843809e3d9eb160bf2c5ac6b00332b150c8ee03138a60fba2b9cc18ec	046d3e512015168d51e70693d09682d23256758c7e38c654ef28a675fb01de74	e84b2c6d50937cfedc99eb2eb2d28ebfa93849c4f405aa053e7aaaf88015fb38	ddf4b4032a3d98f18bdefeb352b0a7a9bc1bb1be843f8536344b4e21ad0017a6
431	0df42b39fb70e2695c27ee4129b928738d9910afbb7e7d734d0d9161cb08b23e	64476f7d8934cfb9c45e47e2978a77d0524517fe2b5e0b60adfccad8f7892e46	664d1ee4263a7dd5e1cf50d2d5269dfcff0cc7d3d953dc2b376fc5151cc068b6	a327945f9e88528294c3120ee59138262e0e4789623c5dc413777dd8bed54d80	61ae2b75283deb094951a55c3b9377690b08de7f3c1cdd9198b5d44e4727d175	d598f3e7456f271a66d7e613aa3c8540243692ac69cf7bc5013477a9b46f1740
432	397e94e6105fc50790b59fd506dbf9597b3df2181d414eb5464e815370f1de3d	ede839d665b17aa6c560dbcd9e30e34589ec951244cd839cfc5046214bd9877c	a5e76bda9e9ca6cbc1c482043ca72ade3696ae47fb91e613f8650c20332915e4	fcf0a4753bbcd11a170afeb730a71b302ecd2074923a0024b2ec8a3a3ae08de3	05e64955ec11a44043fad960b48c3ef06230dfc3930bf88b3a572ab1a6ff6cb7	549e09bd8eee59fb4b03944c027a57271707f230fd9cddaaa703175fdada8dff
433	82543822d8ad6e77581cd06d2e880361025dae80ca5f44037fe6f17be30dda9a	caf7dd1829f55b1ab38a6186c9ad7353ca232fc2f6ce69fb6362057424b01bd8	467850fae4cee202701b098ca2dead5066ad90828fe87727057504d1b69f3642	b831280888f81b49c8ff0dc45eb38b979dda2be8910e88b09ae686f35d36f17b	6870eb28b39ea20a443ae588b2af57321425968d4ec9f2cb954fafa71e752aff	8bc3b6c1a4a0738b3dec20a291c1c598a620276a231920ad92ea59c8df539a65
434	e0e6f738accc554b49332f418395e514ddda1460bfe2d1bb4ba8e698488e2efe	77964845249407f21d2569ecc766e179bf2a3ffecc2ffeff1967a04a7d9adbab	9fbdf356988f9ac0f93ab7c900aaad60e7caa5e0ce941e0f645b4bed5248c9f7	8276ada81e231e09bba1f8b8ec0054ae1fd24326242661c666336cc48553cccd	ec8cc44de138b4b573c081c6bc15773008b03019ec6dfe9a97f00f2c062c3fb8	d3b25bc3d9e4ade9d2ee3e63a39826eed2c7c998fcd91c82f95a7f66388b4410
435	e3d8ad8be1b30818edf1788adb7ceb3669bbb5fa59f7b95c45fb72ac59d4f748	678bde824a98178cd0198c3595b92f50276cabf27b2d35bcb8ae6b44d40b9572	20c4605600b9fea77fb66c7c0f30fd90cf9626b5fdd31d9c20982ff9395a5ef3	b1c74ab2ee41010e9e2e33aa0e75c5c5f3fb07ac29681d3ec4557ffb154a418e	255720cdf2e0cc9b795aaee48a3528d98a5ca39c893819dfd03f50483bfb00c0	a77bbc53374ae5ad3c7f68ff2e25617edbc605af18ea2e7c90618329edb90366
436	4f215a50130d53f991732e386bd2b5f97cb8e08819d8408363db9cf9ea1697c6	04260264de1a76e5786f33a86f8b4962fe156dd0c3cce0fdf055b4db3452dd47	892554d64b82fd9ccbf293644e15b2516886465327e0efd9b07ff140ec34581b	ad5ed9d92b53566eff80e7e0c4df34b59be54fa1bc0278dd1f7917ce5477d971	7192a9be7f5635a938a218f30ee27bb564298ad7c9a789c7f41c10d66301c417	01a603f7ada4dfdee22a7037f4a3cc899ae4681d336aec76754e9671d02c3d9d
437	5d1f8695ab46e8a3ee264618b49789575933721dd4c8223990a4a5a5a8073535	a96582376a780bacf9651b3a07461a01aef0c5cc1046e9351b476e8db75f7b49	9c12e9cfdfe7fd733327936adf3b16bc5c14d6ed8e2e0ce0d336efda7941819c	7aad94c19a6eaa56e14f78083d3d45f7254eb6302740cad47113937323da9ba8	2b25c65b6e75276c51d698cd528465ca7545980f57c4562f148554bd45e4ddc0	623f9ef5f299215e702d8240bed527199c5634ed97e1805c9cb9a51435ef17bd
438	7730115356757020f93aad7d4bd662573cc0cbf81abd0f01ada57d66833c8726	6aeb1898763a0b3069f2d0ab094a1745a93e026bd5fcf8b521cdfc3672e0d1ac	4b1af3f3001be425c4c7c0ecb19f723c084d8fba235dbe47d97e697031457d63	736fb8c81a317a15d721884db8be07ef72a298006e0a2603f443911758d9a266	f67ec0d0919a6961e19ccdff8945f6574af7ae6adc69fcac9a7b06cf5dd7dcd1	5ceb4bf4cbd4d43af3f416aa79a6b3df892ae26af2404c76dcb6011ed5120819
439	098ee1a0b8e6d01eca6df19eb0d202c006a386a664ff8a763fa717a9a6fc5f1e	56543c75aece938933da65282dcd3892227d80f96e1b1bf2e5418d8990999cb2	5b8d011bd6308b9272122613cf7831570710a947b20b0e9e70e984bf29b30977	fe9e08fe3b4ef6c4c2d6310ee73831fae3fed25fe9b7d6bd899a05296f39a994	208150eb12986840e95e778bbca17eea9996786fe71b0d7f9cb26e89e5ffb51a	8381b58c62e0008bb9e1337c4b318af7f0e399d0fde7112a396cdb8dd3b1f608
440	8a7702be615d584c138a9eea6bb059c4f53939c5cd6f2c8346997eb1404a210a	dc6fac699ffcd85417247fc18077d50e3f3103778e3a286621b079ac2d7d7a65	c4df5281574dc7c0745a2320d5bafadaacba694c328da80871367707212a174a	ef0f606500a62cf4d00a69e64558297f3ff301abf9c3f5ad62c6f5ddc59afcf1	593475ccb0ab7a15c1505ca4094cbe9fa967757d0c2cfece53f8c6719c53ccf3	8c119fc27fe885cfe30a67de2eb748cb24cf9c3ed01d7ea86076b1ba3bd230b1
441	d41a3eb03782a501759a7fa36b51e8d4ff5490d7295ae796fc60a4f6185e2e40	3824e9db2f60504e125252d2a93173b3b888afa24b80297a44d469a40320aa9d	0e677846a6b9461927b93331ef9d284ab5fe5fc6eea437d625f7816bcbe53834	0f4f1c9e2f19ad9a84c2d3fbdebbb197fecbc46f2696d2b3a3d49dbc087b680c	b4c6afb87a3d4d7ac1ddc8823f05578e50d43daed0dcec98cef9e19320008708	5026f0457d76bbfa6c351ee0a04e625b0f34e8a79313195d43c20217cfc18d0a
442	21f791498feaa96ab6a5829aca46df32eb05a5d144422fbb6efd52ed16d5082b	2ac620322889eee330e712db24a4d434734ad1820131c09ca087a43efa013f8c	6207253fb27a20a7f4e47663a473f4ec09b0e21cb2d30bfa19f700dbf17eae8f	4cda0081dbc3d3b4124e3e2ab7d53ec459ba460a6352b5920d4e4097911b36c3	1de74d03a2a22972e7763a611d90a6c1565402d48a205572f687ff6ee92188a3	f3ec6db3e06108993eee9b6940da2f5a09f29919ed2fafe3be5dc7ad8743cdfa
443	693cd7bbb1873c21646236bf5db92bed6eff7296a4211aefb16b0b2d8ea68b94	98f80effb9387f597b21ac6c1d75d2a9c8aa6993025ca5c2f1f408a7466e1d05	030f68e4e555b8df5af5cd3efe16046636c2ada99fbf9c9045e8f3fcb994fe10	5c755234de387ba90570a0fb346cea406cbc2e5d5a3a799c710457b3d85a17e3	5f71f63c89273f3da32e047836e76956ed07af170b2201ee80190ee9acd20b7a	6731bb2e22377b3a4156d0c44a6e10928d26a894050770ab5c95f8454c99c1d2
444	86a765d03288b4c3edc357838b73e314b598a08b2683abef1936854baa5d596d	56ad092158a4b8a16a40cb005cb250d58ba25ac1f7d335d88f2da99ac60fb303	2d4ae99e914a795d79e0ece6c56f29ab51ee40f7f2ccddb0dce6f12d8fff22e4	cc63f4e7576e3a898a953686aa4461f9298552fa7ab9fd0541af145f5677b722	3df07d06c062b895d979447389b718295effa9926846338f3cf4f80f8798e3ea	9c40fe7cb9c59e8742f009c4863c2fd29e403c2668fdd8792fdbfb8e2d99c9a8
445	042f546712c473693b78f2a35b16f4561f1680a16a021257d6d2f1ad95c314ee	86f0f36d200ec9aa25a976040d2b8de6771c417674742e52ee3b632d8293de79	8dfda6b31494c1d2f417782993c28cd88ffda2ee2d1d1d55cad5febb1d02e3fb	35e5b40d7a328e41bc346526addc8f7e229a7a53b410fac1143b42a78b3a2414	ffa8f22cc4a1133efb901736f04da1db5a8cfe89618d67087c75b909d5cf8145	4e90095a174abbcba1e58dd0e661ba841c0efe05036b2909b4b53584a7a9da03
446	4f5fb79045ebff2a1541de8fb522a77f452b15f45203ecf3680b351178891cad	0805ef8e5fa95d37c3050e3a56cdd60820f27a3113f211da93a7fe77bbc77c0b	20d561b76e114d2190508a847dc3d7d429ab602c41827f41f2c938f013f44bac	4dba28cdcb3ec83a6f748484b0832820d74e517b780a0ca158db128df1486ff2	5d7e64349f779a2325dc43de53858d7c711def599d5a0a8423e66b917b13fa26	a85a06feb061b4ba3361bc04b51d7ae12356e7a99fd0be22c4ecc5b68415e7c6
447	de47ab1f53b0b1ffbde959d8edfe4fd6555a6642bddabd9be1cb3d21e6457d4f	2760c0be62de2633d1c50907a3b3d1c3dde3bccc1b811881fa85636f567ec6d7	d714702df47caaa2eb772f9837f603ecb5dd5476c2533948fded198b45b7ff43	018f846de39e37403515022164e2276b5344f5eb168974254b3d42ade751922c	b2c5134fbb67d99775779616609960c3cc1d5fa08368b38c043bbeb0a889d527	acc3faa59c16c10f00d3cdb03de5b2826d05f942b0eddbe93fd145014d625b69
448	775c3b6771082ea193bcf885bc9b2bd69c68b31df2440fc76cf7fd163b15509a	56e074046551c18aed9aef558fa98b6fe7a89d1c8ac699b2e0f3dcd4439035a5	482406d86f12d99a73006b855ad68f527178bb1c23f16c628961acd031e7a63a	6202df9fa83dce6be096e99139c904d73fcc6fa83ef1fce95268d376aa726ae4	a021f7ced0c16165974ba6a43a3bfeab59becc867b8b4f7d5b54ff1d6141426c	f1445c1a162d7c18f2e5d4ae38b6ea7c8ad8e2dcff77809e264484138f59a1e5
449	8640a336a95a90086b04417587416316aecfed84eaf77b7f55fca8f762205f9a	e1662dcd0392200128894ba6ad026e4d7d32d31da41f35e6224eabbe831e83fc	36950ff269286a1b770cf0e433679f56837d6aec9e3a596af83cba7c55ec668b	77c48e318a7723f38af0190910ac73ebd658ed66b49c5d75310babdd593bfb6a	8bca0c1c6becaace47b51f667510b2e71a1485da92585cee9dbe078ce26d91cc	cfcfd9e2644694705ebbedcc4e9b95a8dea9283d3ee8da270c2f32c044d64d76
450	929800d48ee3d7398387bfc7451492c76b9649c40c0bf827b94d541ed573d2f4	a4fc187dec8352c1bf1b03f524e9d3a178bd60f0a30f8b4bbf36e63f3bbaebe3	550bda4cbff7d406f56632c3189ca628f13264128d87abd4ae85906fc6b37fc5	1c386a5bf828a060860da0bce753dc3a42ae0518f067d59a4f84e8cb27669cba	f45698e90f5d2effa7b42ec71ce87048bc89850b2a1f21b2becbb405ab15e274	08f5a7a2e05b87a4c5313ac824fb62f1555fdafe3337d8b476be511ab00461a1
451	ff6108cb1f0aed5c618e65ffc0b5d241f2cb5fbae8ae5b1b771471cc5db9e7bd	406015ab956cd1d17a057d6d8fdde11f139732750ce656cec5c4a3f0f8d6af57	82440e4f2f96866aa5bb0c1a89509537eaca23d38fdae6568c61b3dbaa20f357	5c78a8910ac01b71f3871ecc4eb59b076ffc9b2593252b6812bed823eeefbe08	b894221f3138452a7c28917981d019afaa96c58a25e6a7ebb9c01970b1c113a4	79afb638a50ffa4a1e0f597a703cfa5cd4b2a5816cddfad4a7b524d67c4d2b5b
452	e44820e2c065f6b8ff400df025b303a4886a6aa4d329b2a44be677c788f8de21	284481520ec6b3f2c264f7c293109d83ba0d8c0fbc2a30f9e60ee04445701598	7f81b5f2d075a9750fa8f28526569e4d5e4df668d7474a773f83c82e51f0fb06	cbe9009c39a43173c297186004af9d15a20ca18ca732281827982ded2812562c	b21fcb958ab497d27ad694fd8aa8d8badce441e1100216d9207f055a53872c51	101b0812c140d50a7eba707e18cbfad1dbcdc3ad40e8aaa484c62206a0f6b61a
453	d74d452ff543bd800f7f9ac39c6e926458642be224401494759864d415798cd5	0c1766ebb0bee369d5c42ffd675e03d1e558375c73379874cbf1f9b979b4f28d	4f0c38c174e7ea3873c7905de7b750a52357642513bc241d5a49a4fd0c592682	af5e450908af9c6ffb3b56b473cf0bb22229f55a833258bcc25fa71ae372a6b2	f67180d37678b2ef4d21edadc2c7faed0265ffb38fdc2a476377ec194ac1cccd	c783c13de18b81a0ebfd0d935f5fbcc76680c0f1b01249bcd6e346c4c88bab03
454	102a949926e87c8de909b184a1ad810df25ae7953f1bd4b7bde7308443477e48	a4f1263ea456e684303af854f482ca2d496d817597f034eeee3eba8a4deb4599	0ae04b6e6c7865f6e807153ad0239a61cc5daa4e4d0703dc6aa5464a829562bc	761b09c38bc9efde4d57a15c83025890b5bb5e4caf845a418ed51b56aa0c1cfb	8a9e6689abc5ee78c456a1331ae7d6f9bb4c0ef51a28f5cbc8f06ce0f9fa2ac7	5cf2a65cb9a24ffb52db0dc7b499aa4a36b9dca43cd02c63bc8df45891658080
455	44ce5dafbb1b8fc567a3cccb10132a4e3eb5e59518efff4c44e63ed9e9e353b7	a623d745359a3f7ff8d989a0ebe1acccbbd8e314ef8ae2892bacdad21267141a	762b246281b0f65f68a85c2ec23d62ed902833bbc7c24c234b8f74d479ec2ce0	fa32079f1e4d23bc504a4c007af8b31478f0db96cbd9d52542fff2f804ea3479	6e756120473475a0e763785a63296c46bbd472559013d13950ddc8012201c36b	ef6bf771a55fe6ef6cb09b004faa3b7f652ba3239d2bf45057d498f429e14bbe
456	8a82e88fc863d406453c8545ad1ba676b8c62f6bc25d5430da4bd61073b0a82b	99ea65da5043fcb84ccbfd53548350408028602e2adb8b3b07036d417d2e86e3	aa01a4b0d1b47a0f2e2e19b3f314c9750fedaaffa606a522bbfe5d6e2fcbb1bb	d480acb7a3a018b5be397e500bc7962217cac5377ffc5ca32a8d9cea92bd373e	c18dc74244291e9953e40dc13e8218be266fc2e4843d453c0296698fee87ae77	3ab0d5219b1a3bd70fa3480fabf804d4386bde4f2c74dfc813d4fe2bfddbca67
457	375b6e9d0d7bbbd0988b7ea05aac21703800955589c892a52f55a889a7ee31e5	9f390035154c6c64a7baf1833cb95566f853bc04fa297156a3f84223dcbe4977	3f3c9a376f5e7cd167f8d4aa95907b606caec3ca82cbd67e25bb455566e29ff2	7706d37bb62d8610fa4fc2d26989366256042f1657ee5f2c0be962be2a09b596	cfc5ca2abf9e4c5882134361825e75ac3532fadbcef363331c44893e64088710	93d68b528b3280b0fb106a01c816ecba5773406dc281fc1f9e835746f5393d0f
458	a81160bea40f70bca385038dfa58b76a211a4839b539e2e4a0183ead8ab69c63	45615186ad5b7d8e7feb4d7cf2f1092440467d2fb006b9d61921a832e87eaaa7	2f0d108941059129100e88b8cbd37db8710f14bcc1eb3e249d4606e8e31f2632	09d7231c2c4e60a3a58962311d71ab2820144698d2df0abba47aeb0acca79b8b	63b3fcf86314fbc7a33bb7a50f23000fa97d9a9e2d1306bf8399bef36d9931cc	f29d847988c645073feb144070165386e026ebbf299c450be00cc6c5253ad980
459	6ac829fc4fb68b746f5d17a2009bd3f471389d44abdebbb0adabb1a1fcb751f8	ddebca20c4cf77b75955ca5bb76699cd97699a42d3e0972fb1288a838471d66c	4be6ee88a218a70f4511e425c26cae73ff2ff8b41d97a779945a06686b6a2f6b	7e31d3fd6851ab8e54d3035ed1de2c13d28afde5c76c525db5a613bb2414ddc2	8f016f68b3a4ce62f83c2ba2aa6ad6f7d1cdaf950858ccadbf990add6623b94e	de3111c9457668cf8a8f57eae752eb1b4757819294cb8db41b2dc7314eb6c5e3
460	a2dde8a27cc1e746fc8f24096082192a703080ea85c5db328b2daa833cadbd9c	7e15eccdf0afe5702f887adabdd2fba942bb342aa776052d43d4671c5f584918	d62e071ab072d92301b0cf85b6939687dd4a6e2cc3d3ece6c87027b834aabeca	2bcbb40739284f7926974820a4976b3fed5cf47bd7a047da1789ac310284a77e	1958f3d4c40dee17d10879ad08cbc47c9b5b7a86d939804fe9489e1c073b10f2	d98640386455fe9a1ca88d4c6c051102348cffc1cdc0ea3a54176717062a4ba5
461	b0c9390c0fdf25d3259dad0d0378cb3a44e699a43f830106eca09f55d5ed7c11	3707539cebb807e03bcf4e31caf0cda8a22731691fa3d76b02a0ca59fbcdc888	2a14211f3c2f065e321365aa65edbacab62fcb136d3569bc535c5aad2c97e6cf	05877f8786822ca9770e1b21f28bed715f6b09ddc9116dfbe0bf361be5065f76	6f4d75cd95e694ebfb55c1c0063fb85fa8a4bfb2859aeae6a1ab21937b915672	06bad1a04aa87dd9400f9fa5b0af24e0ce357582fd3afa6fbc1f846620d1b167
462	687694d328d068d334d75434804d845b723e18c46026818e37237c9f6899077c	7a4532684098810bd3c3d9ba22ce59542195bc02db260a2a6b0cf1eabbe5f252	4287ff59923ae19f0712191d7ab1dbbb582462f74a080379ff1af0c5cb2e2c2b	0b92e3ff86337cc3407b5d2056e9f685a58d4b727c8da81ff5464d645822f97b	e2e93d75adc6a40bd39beb557ff444bab2bc910b77608e4d1a56fe6242b4fb73	365a4f6c46f785bd6aa83cd802016645f5d692e41bc6b57681187c8d0e632a75
463	64e9f9deba9a0ab3d64e821d689fa3a77361878fd93b9d09650ac8327695ef22	45c619af1e70ffd5c61e1af5f89f59dae18b722ac2caa492a3afa5edd40c9294	ed98f72b0997d53b077cd70d05019b6990b19c88bcf1c80e206262f04ad1ed66	ea3ae780bb5a64360fc9f1b09dd7a34a8c958e34c07288786a95a596b3c31010	4804fc2ac959d4e9ffe829e1b0ef86a7eccef3ef74e82e637c11d328565091cf	7eaf217a48a0af77c05f7529fa8635a5e8fc436bac757c9ed90fab0e298b90f5
464	75584804d7d6b639265c9abb4d0914ec294af6411c5813e2cffd92a24bf47ebe	3ad6bff0e4fed776e990a917cac55873cadc93fddc7a83808073870ad8e8c7d1	a76ad70a497b1ddb8fb0b8381b719335ab76a36411bfe4dd7ffe41a93810bfaa	9cf2804feb4539a0d53d1350a5899209c249c036de5fddb99c4d86484498382b	3080eb4b19da22cf36ec034b4610827af76068a4409f1f6bdf2d564c539aa2d8	06d74d1ee79fbc6293d12673ec9a7dea02c644a02bdbbb63116937b685599a2b
465	9a098f0b82ab8cd8a484d2d4f1744ba21b4ee39525ccdd791084a02b317e0ba5	81b4ed3f64a71e5caf9407873820108ffe7b197cfbfa29febaeaf917d07a3652	f986b665ed5e9c492d9e9d72f576104ef54953365581b77c8b459441811173ef	b13ef51094a384d4da8cd9a71b65d8ae6a12eb479256986e0850b02b74f3b753	8d341e8d657f552cba1981821957fb9b51710581d9c0f32c6eacd1431a96f0ef	652e5d98c1457a015067592fb0f863703e4227e824793a65d18b9eb98646ce57
466	3436114fc5ec60fc17901072a21a08922f312cd81778d4a226c577406a939af2	2ba7322a0e6e0e6ce71bfe9f952f0624d8c3f6b6f56804d9ada17247f9389da3	d3b090080b2943e9702ad6041620b41473f684f20ba66018ba7e1cbc5dfbaafe	c177e06f4792276f892c16e24d473ef75028a1eecfe3416d38707c8c2c293b3c	67ffb9d573346b92205dbb92c56cc322f795b1d3efc4d33148e7d900dedefc9b	398fe8e52f6f00066a3c21c05f192ebc19ae40ce20a8dccf30129bc3ae4f537e
467	4b30d7510b9ed66142004128b052b7d64f7f7a8d0873239d9225bf88a425505d	e2c719fb3ab279372754cbf1fad85b63449a449f3f4675c0a658fc17e70b022b	fb07c0c8c72f742b1141930db0f050a2c5a5878a67ee322482732168f93cefbc	3f4d7def266dc5be850f6aaa48e93852a577fce7d713db4fcc2e29b40aef93cd	bde6c26d76a4a36b8009780b80fa60634f612a2bf7a74376e4224cba2bcccf39	fa635f019f36d675246e17a14c25e91103937fa048898e7851359e258cdb26b3
468	b05d167a3065bfa9b5d8a87337c5ae115f3f230406b68819163ba99bebae04e1	62425787464bb004f49f74f8a4f4d5ea15d2d3af6018803496a3ec3f62b2b486	48bc10511523194126c454dc236bb32016b87f4641dc8704801c686c56b597a8	08ff3df2c41450151cdbc542ff815238ec5bcf2fb815616264ad950e4db569a1	cd433c4ef0bf5f114249cc48da4a29a4276f1d3b945077e045b60d1192bf9756	99535f45e954c6c8ffcaa7d05ba56778fca24670ffc02e51f5412dd975ba60aa
469	81d04d0b28f6b66b6c71253bda7685e7976d052180d76fa58ab2bb7effe989d0	6d91b4660a7e3516ef3d46974101eec7aa504bdaa602579095cff206c7ffe490	5e40804f5ae826885e284115f5e7ff7f30b582f621551e05a5fec76262fb2d66	358d721fd15ff5ad57306c0ae0dbf15c3f1c719d77be3358ed6d936841fd64ef	2717a6088200810c906fe748f94c3939e6a616f4d50a2bba5afdd021ef29c3f4	79ccddc2c0bd0a2671dbf7bc922d6b26c079debdbbf1eb3db1ff21afd793a8bb
470	ee98e5b02277f1d9236ce74397aa163e8444863e763db67f7d49086b68928d03	c0bd3cb12f746c7a86290ca44b32ffc59b53907e311a34489a6b5a134dca6b77	d425288954f622bf0b3363673e9c7274b407f534d1dae1f8262f0c1743bef8a7	5ec5e5d68ad78be5dcc07bd4c2600072e553098605864174bc36958af527025d	3b66d6e08c05bdb012dbf1f80d7f100be7f70594abac5a356b4ccbef6dcbd585	7ee69b174dc70a77dd1d04e6798433636868df0ba563936b644d5c3c48c4fa69
471	ad36e2e88da5389170a1a2d33efd7e1bd0ec889e62f06372a13aa7043912081b	f8ef9b7358714a504e3f2fc46639e72716f2a507660bdecc1c2bc2879db1cffe	cf502c5ee4df2517e22499f97c4b80711dc102f0b7fb9ecec3a1905ac66d2eaa	2bb755022d8394309e2178b195b870a702bc8ab2efab3069eff474bb453e3992	a8d9687b348891f5ec991e0604a9cbb0a96737db47827f3834d073a8fbc7c401	c17206e2d02f4628ab95aeca7c8fd09ffe251cb1449bc75342c0d0c12269149a
472	3782749ef271c8a26ef677ce2f75c8bd9bc1333c483582b19a76e8dcf12a3c94	3ffa033f40310e6f4c95418473247e1a05ee8044374be9ec78e63377737b62c6	5f6384aef803bb35131501c702be88634f5872b1527b65958abf0f1776ae88d3	151b1f9a030ba28d88bf4418ccdfc1b7da49d479d4c919538eca663cf2ffcecc	c0ac770d52ea5934ddc0480c323dfa7de1b2efb793d905657332b430e30b4e3c	9e987b3839de2997c1eb273181075e64a29e9b164297d205110ab107bb866d2d
473	6f2be04002ce75f422ba386108c43f59169f27a98fa99ff4e09d065ec0b71484	4a8e6b8c472bfb38dfca48b43d254cc75132e50cd1a26cf5c02f05d1acd86948	b2893eece5548c2d12403fa2a3f8a0c316c472c1f16aa5036cb03147663386db	4631bfd264a338ba2e9946f40b99ee9fded2baeb25f06f5d05ee017b6083ddef	82ad6279f8cdda3cb8ee1d9137852588427f062d46bfcd1a1ca2d270e08c6724	435ead9e7dff38ed10a7c8021ad15d7629dd72e497f9f047b75afcb62c82fc4f
474	848757cb10963429424a3aeab6c40bc1551d35beccc1708d1200946f27c59227	d50dd9c058c8b779eed970b918f5dc4207985334a175158924106102749b2672	43a5c110ac2073bc00785e2c5e589f3436e5fccdce0729413647a9b4b8aca865	b93be54616408c39fb69b60f6fc18b28b82c1b95fa5b8c1b35b3d88542bc9fa5	0aac623ff3b772de91e5007aac94071d0001bbfd034249cb97010a22bce81951	d13d76566f88a8e71c37c26fffbb1d49e7d658d7dc4ad64aa7211477153ef118
475	93941d199fb9ceaadb66315d9b7655850935ab6564be9d182d1b725b00d1e03e	aa557411f495eec4e79c9def1058197466b6adf2c433fe0177d4418b99b17872	dcd2faa549472725a45cdc59e67f7971330ef315a79d3cb5cffa0fefefa553e1	8b06d127766f416e5dde469b65400cff203162abbf047e56aff45c22e37d8419	05f0ffc1490d6c5f1643f4143404fe25d48637261cef22b9d23d5e07d7b3e45f	5bb8f464ce00a7f872412661a8e0d1188cb5d2c58f2b216162030b05b2ffbe67
476	8d085925f0f2449f41ba90bf36dd99f579f3eaf44438e5a94234561c8cbfc7d2	0e58013a8c2855c16826b174ca41825f944f233e90699b33f3693bd02410428f	348d517655b38bbc6743751359df48520662bc4bf5314b6e3a2641c47ea4aaa2	c37730d6b54c9ef8ac2e0ade5d1edffbe04bd58ed1f293c2a100d6e83f87c7b9	4567cb6438d68a64b368ce0e169c02871833007ab0965c4788616325f2c06e9f	052d6ba8eb4e975160fd6c4f4e8957f438a1a65104ec06154eedd88b2bcc3ae3
477	a6e98ad2a5c30b31b96b57737fd73e045beefaa6ba2ed4652c3ea8d273bee528	f8a16442bd4c04872843b94f5c8113364b0a41cc77f715ec94152ef5e4559478	8fc8efe49d95e35091492df16094a4af60ef9e73fbc15fa2e151cf2ae500d64f	7d0a11ca6d68b4d85237b1383570d78b89da29b854364ec8ecc99880fc218c3b	d801b41c7d1e436206c58543890e9e0d80df57deb168746c4e98beff9673bfe6	55a083a04378658104c53761cf0fa1742a0e38e6cf1ac63fc743d7f48449b7a8
478	55c023e314dcee1afa15773d50c6af6ae32695743e95f25adf08c25e46b124a1	53d86f45f5f0d27d1ce0bb295a91321c719a29659dd5ce39c913ffe08391f26a	673231812ef7b5b55b207f29535f5eb36892124f2112087e1cc8676bcc9be2da	b74a2d87a6694d12a205cef49e1d40e2ed8a07ae3b48627416d201af05aaec19	ea859773166117cb152ec359c80d00d0ac0ca3ba86d97966d2378689fac3355a	a274be257dba45a06858c687d5ff3a37723ed46055022c428f4f96e48829e978
479	521fb4f8f6fa9e16826b0aba9abf77c0c77bea0d58b86394b596ecb6349820b9	a535d823c33279dceb3db463444d6659f6d8a4a94c5fb63032d898046fb1b18d	c0bb633d386aacbf795f81a5daaaf2dc3664208b98d77f07eb3d63a553f415a0	b7c2f6c82302d1b06422ba31deec5770d4f1e2722b835320513e471d55d9d952	a306a5d3fb9a5384f76f6b075226a2c3a93e7faf8d6dc4ac6142d31de18813f7	d8b895541a75db63fc6904ea91c44cb0534ef49a52dbd21931d67ec6c976b528
480	efd419e37b2ea5015ac5ebde166715ae312720ae58d189495199fb050cf2b0d2	10fd52edaaa25e9df3cba9d36b091ababb49ed016ce98a29be1c1238be12697d	1c8b31a17d9363128d8e6d8628ddc55385fb4afc88acc6c7234a077e24f47d1a	7b22a17a97c6025b9a23a26168161550b6459a9facd7e011f08bed327155ef68	fb1c4b829087728fe14d6c5d56d5bd165dcbd912d65abb8159db317e1846ee7f	1c084ed838cba9db819c8b762973c675d3fdfd0bd2ced24d571e41de9f43799e
481	a979d2b1deb145e98aa2aff7a5bff2aa3e28164bfad07ece766825b4f35206e3	60bc25882b9ae97d7025b1d78e1519eb2340dc7316cbb54bb783d27b788d3494	7e950d78af908c81a497791a69575bc37b4e9962b890d7ccb07a63317b550d83	37f4bde5e4ccc4f5dfbba6d971ff7ab5201bee0f0e3c6e7ac27da7c959d76926	6b2ed781eac75ab799003bb0fdfaa4bf751f2c63f6965a0538792514faa80390	e13214903daa7b8817ca191b4d4da03f425c6ebfebd67c8e888aec5ae55e9991
482	25e23dcb1b3722f71ad9fb7a2914796baef6c2f51a5fca5cb277f0e8e3a76b4d	e8a6b8e19ee40293a24f785ec0c59fc387e49dedbdfd13c48c6f578eeee2a416	47f5cf04936336e532e6d43c9eb3b4cf58d0fbaa054790c117f36f1a7f8886c7	9b441de268da900058ab89c53b40043d4393ff8a5cd8a83aac5ff2a3c05c5548	5f1d9c790fb87dd753028738cf63c7f8943adeed871a9d552e4a14e4872dc402	9f8a70158814e148a4a61088f0ec0afb5e6c24a7aef3b56e0fc3e546f8b78762
483	4e83be215b8cd7a62c2126f78ded3b6babe402eebb8b7cc37591ec26f00a296d	e23f9a6cf2605fedd2b9fcec3ccb5447c2753d44327835eba1dad1c3559b4430	819f66824fff3e11196b8521339ac1b81136e5d15c8340ae03c9b60c8c2691e1	bf0ddc9e9ac8d805567bcada8f4fdf1a694c4e69d40f3611342fb78088605d70	d751e9488805cd22a591e4dc3d0e5cb2d8e036a7de676d55ddbdd5b717761e70	29f2456776ed8616153fb19fde0b6be39f4bc22a0ee50557ca499b2057a82880
484	e1f1c891871a7756f3087a04b46827481a983ecd4addfb048df6aa4f975b392b	d94873e09d89c93bf92b141d3fb038eac6e568628b3b88951f192cd3f60660d3	f0f2fe0fded33948ba93fe77a9a9854a9f6e29f8469707f5d1936f0eb662db23	52ffb42e5d8b1860953944a09ad729193c693cd33f74d21e873d42d0c9b761fa	e620e629a6ae731140c344e89cdedab3e6be9130b6babf976cc1f93f2a31fb47	6dd05380e42820bc4cf205ed6eb1c2efd820ebb62e8fefe577cb7da132310faf
485	28e8b72eeb1696e8d265797ec07c5495156174cd093e8350d2a1b5a44b7712e4	3f8c10cf90ba750323548550550660352041bc143892bcee6c5d39e829e7feca	8b363c661467b849c6ba51f5a253d8a3e2025df030db0af16de3d6f47f3046c6	def67d3753bfeb4be693eae8a23e7e2c852f7337045b6e06e191e3d380c71ca9	816e56ea26c5de601ca29c2b580f10fc354e0d90c0675907448c93f78bbce57a	ae527cfd00f05c8e6a08f5b21a4d95020a743e725ba3a5f475294b570f906e3b
486	eb24dc7628a7cd5d08162bf5a07956c94bde81127988d3849a6f41d1ce97d152	67aa26e68dc0d50ecae56778d029a03c8e56aafed15fd2e3ab12ab255848f6fb	0ff64b4a4009d746cf97ca611d59dc6b360f05f62243b33bcec72830a1b70bba	f546f19e40402e2a28baf7cba4cdef05a4963dcadd0b05038450299710c6b54d	e9bee67c1089e2414ed0947bde3fd25a5c7f3f246315ed0b46688312107e518f	4456730cd5c46f43a1e04fd7f7a14193aedf4c3e5d94b10527dbb52eb38f04e5
487	a2f77a40278e2099d47bc40c7c8bcb0fefea378fbd9567e87918f01ead6bc395	3091141da1b9d9e1d681c57394554b628926fb695c2db387d5e695b3086ff5a2	da145ba2d65016b776ca4ad46e8e9930e71407239bdeba3a9b268a1a407b2f8b	fb231228358602e440480e7337ee799ef578fe07682baba5297cd0f97294fa2e	f72b656ad36a769ac1206a5cefab30f9fa73c311d79afa0ef9ee5db38679b871	4b46c4a7a114246fd508ae20f2c6f8fbc4cdf0c1e9ec60474b0c04d37eec5a44
488	3b24f2bf92320d917d67ca2f2d8642c4ff8ac6cbb7bedcf55f6c50733b8685a0	00639a52bccb6b317fe03d4a69fba3e9d960be2d884885cfa87d14155873a06c	300b1e4231d0a6377073ca6c388cf4aa3de5214072ffcf5a0c41c29f8f3c0bfa	138487c6385d7c4538913f8d0d945bac3b3f1278f65f8b58c2de66a026419c93	07618b7c0d9b772cd1d553462f8710ef08d7a64d9be2c54a99b0d1454f98b354	c8d01b59c58a3cf8aa808e14e0a1335364db61bb39775283387917a4e9a411ca
489	a4e0fd5404a4e9540815c774421d0b688b8a0cc9f21ef712d51975b6e854b2bd	2d3b02256cce16a4a99711866a3a3ae97bf30435b00f2b8efec859fc7988a0b5	6f9c76ab0fb09a92f41a7c40b446c773fd9dc693bb9a8a7c690afa29fb0bb4f9	b63bdeaa11dd201eaf1cdb5f88da2665c83751555655e9431a8e8383c4c1ef87	4a3710c0cf12046b1dc8abc3830769b56780a4cd6ed1551c6b686ed5807c4fb1	8090fe0f78406d784d68274214be861fe964cab97ce658d17e88c25a485f4011
490	7e72c28379349b4aee79d564e57b0fa382a72a9c6d5777d73a9ad3f088455d14	2b82729768591702b0b6bc03080eeffe4a52f1ccae684882d3bc782b488bbb20	6ed09f3c001f512a0e1c53a3ddd2c4b0003f5e31b3ba15ac08b604c278682ff6	1cbfd02dedc69e41caadf2eb8952802d40a46159e6d8e3bb464fe52936d291bb	419b3b5326a44c63503f251f04d35abf0964a868378f2ff1e61397626f82d99a	0030c79bccd5f1a2a0e848de4c18e83a8258c1b116a5c019c0aa92bb3f73ff0b
491	bd34d8517630a1d01ec7ed1ebea540a757c9bff66a4face53943a4a33738e2db	81ad7fcd927100edab97f0ca685dc6dfafe315923945e219686c9ccc6fad4c20	f9ec9ca08bb9ed3311474b1fc7ae83985e7b88c8597fed05be796648d80b0f67	f0c8a5ac06359512c219cb61b8bf720354dfc15bd8f9c8adb363724250dce24d	5de9e25a436f46784d809e8a0dddcc509f2d62100296fabb4bfb499bd70c6455	8a1ed696f4afda843dd51f7cf9e2e9395db641aba2e999022b7df5ee0bc81aa7
492	d23fde8de042044999252e72eb4a960974d35c5fd6de6f27c03a055c0a356f77	b93fad30ede6b404c5efae0fbcd9afac0844f9df41774355f698e3ace295b16a	d3d5424a589dd4cbc53e51f829099c3031b8d8f7fb967ac968a80112b487552c	2b34c1ca6cc667f3360a49e123ebe695ec1c968d3b84014cafc9f450a6382ea9	47b9dd1c3671c7018b7e9ce27c66b998bbd76879f77864ba2006082dfa57aa3f	f2e6b4f64dedc398e4712ec582ca1bc7bf928867c26801dc917bbcd344b80587
493	e89b245fabce9a3048d3c5d78492070cb7fae62d35b6d293437979574a8b9fbf	86e024371cbffa074908217f5cf437cefea28152ed91ddb63dcf736dcc7f5009	23b6dce37de40d52ffddd04232fe57ebd169d05ebea58a237a52187b59c3b89b	472425f16da34717ca23a390718460e5c796defe7c717d7c020ac34e10bc54d2	e930f1fb16fba92aa225fcad336e0f24e10fe3ab1a186ac6ca0af12fd6301d8e	6c2fd3bb638e8d492d3c991c9a5abf89a7c83da2c783c990693bc8e91da7ec7d
494	a2cd329484a17a4f4ed002d063b41bd8880f3bda86c9e1f406424e7c2dc3f533	a11b797035cbe45ba837adfa3fda9b1835f2156645f8512305c31afb6ff4fd75	f6dae54531dff5aa61c2d9e1064cc6c730a4ce5170b78f24c3be133c71cd5eb9	3babbea24572b602752fd4acdbf03bd0957df78e5022a3c03e25b6cc26bab483	0fd606bd755e2adeb03978cb3908ba4f520bebed368cf805ee40b9b80554339b	aba041fea35138ee7217bd03520396a31875105f8b475fdf244d4d4252c0e91c
495	0063b1ca12d3f53e1331c2e5b74dbfc01b38aefdb9597d0a9403d2648e24ccab	8938f452995805ea42a24fd6123c4affbb6c54d3420e3e4d797f1bcec1bf9b50	9eb66d42f5a3b8ae6497713cd1555581f4a760fff994030bcfb5a80cfb7c65bc	4573adef27c798592f9586c5562cc3013082a8f9caf56fd6377e220b3196c42b	92d85ba67d2a5d9d2f4b78f15249b12b0b019d1e0a32fdaab56c632d51bc3932	dbcfba4240ab647226b4de6c20940db2cb7b68eaca58781da9f2d035fedee04d
496	36f5096439b3164f62b32403d3cfc4f6a8f1ea7679a9e2b3fe1a8ad084eb2b66	0505342424e85f6f48db2111f7f9d7afcfa0ec4a78f574f198da1dba4272085f	d5aa26cec6943c90016c143eeb5cf4a561fcc8684cbdd3cc2d3a6f7dedf46b49	5083d4db323462ec915387266dcc96f4125b27e585fcc60735eca21726ce002b	239ae949ffbea22c0e7c91a1ad9f28496e02563e5c68c38d6e9097988e8630f9	2b4f1c17bd473eb9b5d2598ec097be1dee6c700da5c057708fff60f115092f37
497	8e0cc4ba9268adbec384a78c02c71acf8fabb4b180e6b2ebd5f2c56c3d897cea	a437dcc432e3fc0eeb339ed70f8980d83fb20cece98a3f5bbab0381f42a11a83	7126fadeef98e45906596084d39e7d610f589ff05f8fe25ffbb16b297aa2dd19	92e602cbd156e964f0265a518e66f1609a8710cb5dd23fec8492473df1f71a12	f67c5cf156eedee8065fcef6c519a696569550cfbebfe8137603ae3755670adc	8c78e66eb5631f7f18c0cb37c8f8dfb0be3e356039300d27ee18ca0a3c768c41
498	333657090105d9b17cbba316b242d127f7d8e99c6f4526d310ec41072bb8ef28	86a7d31ac9e8c486c69e752fe6054c1cf8ea778915af0c90c2391999020fcabb	5507c04e039a70bad3e03bf84e84fcea63772514b4b37c177d803d918eb1202c	38b0c8b2353118d0bb5f5a5635cd34c9d5389829a5fd48ae952182b4ab39a68f	fb1d117a82fc5545f75d43e9fbe2eb1da2f5bbdec8b23f97178aaaa674f8d982	304a13cb115c8bc03db2dc77c3edfb9de68d0383bcea95d28e2abb28f6f9a42c
499	552fbd510dc4a8ce84192cedb31a2a5c892e609603579151d6e2ab942e1cc669	5183341192b7e549c73c4c445608602650b47456234b64b5eeddb55b815cbdac	498162dbfe2172c21915874501062b0ec2b33384c4e5f3696ea34f2672493e6a	46777a7e27e6797e6cca7c34529f69267cb4c22721d0b61ebed6c65a4fa056d4	e2b29c8cb0c444c604d7a481fd1d681129ed02dd886de54c6b36a1e0ec85a814	3e02795dc06b6dfc86576c5ccee4e61d6a995b08ca400c0dbcaa8557d964ea75
500	022e03cf622e13633a5729e7e6c1f0f0ebd6e8f9df1a1295e1d2faabae35397f	5eb677f02cb7598b2e1c5c7fab9d675f96e56ffa670069928871a1aa254a3a31	f5991bb0ec24f3b8c3180496ebbeceb4a7b47b3c21b76eefeca789d960811404	569ef215cc90b1bb42f57593e83e23fcd466f7ad29c8554b5710361efbc76454	60ecb90001a416a53af2c04cd763dbeb024e242a5718bae276a0c399ca972803	4ca1b55663a6eab4e58392cb4fdd1b236d58af5774814fd88ceb7317d07ac5c3
501	3fa7cedcb2ba40b2c5e8c5ae44f7de9c42fe56cd5367bd1cceb6e16c60eb77d2	727893da1d50a25d59770112b4594f9ab974dcf9fa86e4deace1df0f50541f1c	f1722b8f0db2404028eb5911e627bc40ae8f22604e8bddb82cba7fa4d9ce0973	1ac52eaa85b8a2f21d2088e349befab44ef056dc32e3a90548af7046d6f9333f	107012ff0847a74444f5fb00b4f15471d25717b7da5b505c59f3dc511921c75f	21262e44cadff2dedadb90e4ca207eb0a0ac13c4c512fc7a445b10951f5ebce6
502	1c72c547ccef04fe8806050c2c4f812b84387704d76251f4302b8ec28ed7babf	b620a825e9962a2393297384f58a708cc3591aea9ebd0e2fbe7dc8884b2c8809	5677ad6fa941868590391cd71769a75f2c4783992bbd14debfffe1b4a424b24c	561b588a237ddba68e25a4a2c258cce7ffd5eb883437cf130ad71ba56d10b18a	286633fe11fc01853e164532b8fd4b3d6dd3f6496b61408cd514065ea717f71f	bd90d84aa6deb67baf453c56584e1dabbab337c1deef6a4007b82331f1d3e4d2
503	e8621fbb7fbe4b9fc4744a7437f30361eca5b6b0b554a2fc0859d03cdaab369e	72949cc3e6126e035f9775ca39b1f4928fad7b9b2a18fd04d918d88268634bbd	51859b42a55eec4b3655d089e928039e8a093c5935d30b3a32153850380e2e22	1266693bf5d208cd8799f4b1ddace421dac29bab1b2ccc1dbb22dd7c7b611b46	538d810f7bc99aeb9263f95ea703d0276114b28a98e1f04a7598e6825a456c20	081917f953059d4ed712aa08e37f0f6d3b7fd5e0209971364981e1fd763fa45f
504	5915b181d15ba156d6edb85d15b7cbb590c28c2e96ce6da3e1eb7fec8c1dd15c	ac9eb6e5e3e59cf772678c39fc48348217a501252f12a32e1143d169cf1970d7	06c700c27aa53b0b843e378475fda6258e234ce1e03acbb199e82d832320169d	b5035e1975c548031d1ba2772fcefb3752f251f21284e2f221279a990698b5f6	3797013300ff0541090133aae5e2747d85074c9c7dd0d232fa5434fbd41dce75	1618bc18e8e95b85aafc0834d51f72c7e895ef7ad2e6df39dcc39cfc4c08b23a
505	5377b06ddbd0119456a1cc412a68093cd337e852f43c16d0092cc6dfd1f4f079	f0a7e7997498bd27e69cee238d964c87c07ef3eb047f28ae9cc583758410e8b1	b2e6c29aee7aaea217b96f82d23f518b3d5aeae8112cf826c2b483cd9372b89c	44e7c40377045c5c77bb6efec2ced2547ee7a7b26e10dcd3b4778160419a1579	4029e6be518dca6aae92424c932f98669a05428d321b64fe18f6ad6e84e3e3e4	77c037ca09d3ba76addf4c3b70bd1486f1ec7b731065a69f5c8acd5c0dbb5429
506	533e565546e661a67eeda2ed08ac19877df1498eed04eee224dbd1e31ba1e53a	cf98c1d03112f74a273573a07fe46d00ea8883d6e5aa8341874f25a8f041b3a1	0c4891a8e6d34e8a3b8c74d3214e780c57d6564edc570077369eb94045c5df22	b3e16d6648ab3dfa26a004b3cbfe97a7eedcc7015cc8c5bc1b82f2a904e4accb	072d9ba9caac3b01632034cb30f0452d622185b6e03a7f4e2c22cd4ce306546f	fc73f4b629e6e2b435251d92663790c87eba1577761fcda4f474ab689c8f0e2d
507	494c00e4a7b1402bf4f55dab417c44f8d6a388d7cdc9dbe4241d266fea907118	623b49533f1a06c96edda02139cfafc15b347ea19a18efac40bf59dd6e57291b	b201fd7e0cd02ffe3a7671708a03cfe532622368b946eb027c76919bc8eea535	591f36f715a8dcc884dd2eeeabe5b9bbb7e1929a2456e28bec55a06867a84b6e	c627965666e1acb8b528b317605aa5d5b0771265963eb70ff002220159e5947b	39541df2d5d7e6b98dbe22b3d10f080ae229411508eae3f8c5e28e57070ba0a4
508	eeaecf21a6b4c6c532b294fc22245d2acf3f01ddb6a99ceeb16cb60258f5529c	934b9688c38162693906eb3763bfc0d0372eb4390b6d8226eabc994cd52143c7	55f27bf46a3b4b4fdb6a48110e4323aa0ea7fc100dd868dfc3c44aa3e8e79bde	ed2531c505f8824d224a179cd72800ada1386c2e47ca1d02a5276ecdb0804f1b	d11ef743a46d0ff82c78feafba08af5ddcf313e0acc3adfad24abfc7f6aad4e3	eb957ff23cf1e6366952bbccf73ef60ef222b7f56325df2d3931b167863cb4a5
509	a6f1035b576b616f98e5e8d47b2c026336e58ecebd4241e2601f36f1565c63d0	bae62f91eff0614dbd0327b2ce660c880247e6927f009be19dec04cae95fc39f	a055f605d0843f1c9147ae18463820b341d33e35e1740ff26ae3440e3e306711	6dcd422d90e9458151ddb21cef096c601128a559f559836ef41787d8f9da66d9	7daaa2350e9595910d377e43eac9a5689d7123835069d8238fa9d0942a3db0e9	02aca48774f31a30e3cf188ad09e54224145b18d7af5fefee186cda41096595a
510	9cb0b1fd8d288bfef0c86332a3328dd403c95a88c3bddfa245348fa0094c1a45	ca64b7f1d0b49342bcaf69f045913a9c43d1a1fa617c369fca6252b3807a1c5e	95007577b6a6eecf6b789f3de1f214c5f695b067cee42c59545d8fea60afefa2	7adf342a767b2a689f85a2313644334f51c6eb3d30eeffda40e95dff74de36f7	c30c50ca2d98269047818810de4ad4385649416acd74fcf6ab133b31fc9fc593	258a14fe55487713472d465de0eb0628cf24bc01220e84189377a8a5d828e67a
511	ef58521ca58c6b83a0fe177ff9f8a8e4578ad8e6d717bac63b2378080ab0add1	6009746b5329b9f6174338b024033df21f9ec22255eb60871cc18ab199ccf423	88a4d85d7d056f78d25c04789c97833b81849863ba2f1883aa82bc9e496c8081	938af30ec6ee81961ebbb8129113d7fc4e2d327125d4a896578f190bd0e342bf	342658fd13ac5a284fc31fb104fe8235b9818a82586f0c62a75f5c892b5dfd47	afa335b35316d126bed6a499ca6f872aa12a09431f90bfcc1acf343a076caf06
512	55694e09e1825537757afdf3683c64df630e3e45f62d857ca3a21db439c68d84	aa7ee504d84c80437b48fefa2257a76d9e360a2d2cc159222ef12ba02a9ff222	85d60b380db6693f6eaa7d616b247beafceac814cb1bb06f6c63fa81d12152e1	63eb8254087933a787b440c76aad36987eb4b6d08fd7366379be4b0428c208a2	425df127255c3bb2b1acb8b10cd5d7f38cba0d6bfffbe400a2a6ee8d8bef2c5c	4f9e8fa1a18d60d79ca984e90403c2962718b5f550010171c3a9553b43489072
513	c489b7df128d496b59f283790fe3cecc0fed0e81c8a9efd6873c5b3d6310bc3a	bd01fb94b77c035fbf5af62fcb08f258c15aadf0228a52521c2b2e689d976e8c	5cf2fb3a6640dccf6c4a7db789b8b86eaa69441134efa7c03fb29876316dd879	786945a09902b717485edd56a1e3f6035eebdc2ed205506c1cca488c23451792	bed057dfe438cf5c55c9add49676b4da437662ed3ee3b933bd3bfae61586ca2f	82dacb87376b5a5284b22ba69cb8576d13802fc49dcff5aee6efb34893406d3a
514	063cfb0bb8601350cfa6296a881fd0321def877069217f82e3b8038408de102f	1c964a24882cb162592f2c86af27ec5c0c14d7e73c204144bae61cf657f4b535	b81dfe2a8d7b9ee7953ef5e1624d3e27e6eece83437ea5d7f9b51be64c442c28	874a0c12e78dced37e2a3aeeadb6c6fc3d87571ec319ea4827caa6143ff7cd13	6817b86c346e569cee47ad0d53682fb53be0087bc3fad2742acf3b3d83c2b7f2	a347e2e9da2fa5093c8107615fa1deee737b901226e07d136e2c1e2e02ba60c5
515	8631b7bd62fd9b2864b055bdda5026aed8585bcbd52c8a114e6121f5a8b38cea	112bfc95549cbfc08b3d70808fd3c6e66c407831f63cd0798a7948efe1ed11a0	04a6fb9154eef5bfa485011b319af09b6ed13fc7f748d7cfc76cd11406e51209	d8187d90f2204eed6227d0a61ba622d448ed923d4975216bf43c0cc18389a998	6175a9800124883aaabe659aad07d398669cfa63e4812193cea6c1204f020faf	9d694ce29704074448fcf3aee8ef9eeb3b6f491cb2bc748e059ad849826b3ae1
516	e204611104014e9f93c8070e5ba35c2a7420bd87dc7a88324287c358ff69c4a6	94909f8d9e0b14282d40e2a6c948f69764a0aad2e50133f3fc0e15fd30725630	a83736dd2debce01384325c80a098afb0223dd5dd99abdb8739d6bc84fd2558a	b35fdaffbac2329d6e6fb881f897a387a19de6cbbf55cb24e29b03c1daf68704	15b796236deb5056db5a39c1f94d0bc3d93c08c083cdbd093ed8931ef69bcfde	7dfc6566dfbe1e3042f3f1b88e200c7f757ac3b1e69a02162e857803bc40017c
517	59299089091208b2cea0665b7d7601cf888e0753abbb726f8e96315a7ace41d9	d910d216e5f483246b54d0849abec22e69ea13e17312122719cdbc0953b4caac	b77cb2343b3926c10992b7f0b9d53ee0e147f5b0c474d82917a23c6c3e731ec1	16253aea162f4a92f10292727519f255aa275dbd233a5a68406ef45688ab56a0	a29ad13cc7b272f2d5e0d02900afa8bcecd62128485e9276835f95f542f15926	d8ae0b059fc01012aa16c35c3ee683ee1f9aaed5063c7bd0d18f6f2fb9d0678d
518	100ab9bef2a8b3afc8becc414fa2a60cf637e61982f7bd7292170ead1d0b21ec	8edefa187495b584e3bdaff2339ae8bec22f7f9e0226e6ee88b7df9a8597d758	a34b93a59ba69ab7a78c66501805be6491c8e40d91501bcb7464b2ddf048e166	210a68493ef57b410f00b61cb759ed72f944fb10159c558c4d15b5ea9a2d4d70	6f2ff2de101ce9cb7ba8a4d47d3d28bb4d85363d24004f3e12ff15f7d911e0e9	9f89a142831a67e8e06237e7b8b907b9ea31be7bf263c12525024eaef5dbb9e5
519	c437c1177193331041376c9921efa237f860283a165993a8c8924cacdbdfba2d	2b54f7c2abef67e1b7d27087149a50fd82b8fdae321b36e7ad17a4db2d6ee30e	1a3e3450fe82d355d12f6ee5915b50794d500fcc4b90794bcc4e273138c62266	df88f50bf95345e5a1d9aa559fa1e74be09575f7f01f0f31a1bdf693b30067be	d526e501516bf9c895aa1494e6db07f85e0ffe2fe48ab8fea155c6eda33a8e77	4985d63425eecda895c2ee17a55b1e7ddf2bf73db331aa91d915b43a6bd36733
520	404fad1302666278224317d79e50a1e365fa65bf6bd2bd178112444da7eb0357	c09e3c8e24f30530f8bd0de18981a6f8197f1d1f99d68759811ee57fd08fb011	c79e8ade40d0a5188581ba414165a63105159c416321cd145bc00dcc9f2462cf	c230a702551ce2e474cef4c4e34190d6f952d17932c520bc6013e9e72374b304	56b0861daa34adeeb81e4327416b64a3b3d24bb8c3c8edefc332d45b56d54b51	30027317b388082aafcbf13e9f9ffc057496847a011e3d2a5d9aa6453a9e8081
521	54ac8f2cb008da7e9d8ccf8a4412e116af2b360f72f8372b67b197e9abef534f	2c40bd6f14c18090108096675369b25b63e9cc5ef1823bb9b8c9125f671221cc	81ea7f5429b4a07ca12924f3d4e743add0e1d2cf57a8930a5c505f7a12a0163f	8a52a158602cff4fdf16a92e58c27f19056d083fb808613337847fd1a8c31518	0a5f5cd6ed837207c540885941e79f5c2cbbcff3e22f475e71f317d380f1ab76	fa0fac4b6e0b517ccbffe66d010f7c1f61eb1b7618d6f3885dd6e31bedd0f2d1
522	a1617633507a19be02c22fa83b46b3b53423a0ccd931c4f4a893a89ae5de05b2	3842020dd8f6c83e1c6c9053a2901988ce169c17bd9b281c140bb4f91cbf1e6e	e998b3c52f9c94f09cdf44752ef9e1492dc5c38e9466c5e9479387a7d7a53038	852baeaf83705edc7b78adcc3c690875feadf05956eaa17f16c0a8cf9197ae31	6313eed8dabcb20346903414428d7b71d2923ee74e4c2d1779c1741343af58a2	e71cf4f5017b169201ae5e626f767b7fda96ee6e6a10b475d9024294f86c20b8
523	d5dc2b4f536f7dca64cb43a4c74866f2df39328fd53ccfb1c2a060cc0e01734b	e3991b9e74fd11c726b893912125c09aab7a23ad0867ee911ddc4026fa5a72f5	8bbe9a306d451dd2803eecb60ac98d0b8c27039439d02c7fae0d7ebf3f45f728	05569db495dc35d52e44f997f91391e4b6c7702d574f7807ebf80383c8a89939	dadfe4b1e30c3b32afee9372f5118ff46bc04d01f2ed141e81267183d193c49e	e5615dc10c2d95cdf8e02904c6a867acd67090f60a11f9b04f0e5dcd01b36516
524	5505d8d766e6a0a576b911c1f9d050695823d663be28a07c29053baa4a7c347b	dac12ddc81df71ca9425e757444c482788a5425fdddd8b227c59eb7918de294c	9f61dff7ffb3dae5a2d3ad4237be2c3455b84577bf6c560093c2b3b1665ca0ef	3719045e82494be252b3b1ad670a5b851369f37736b4806b8a9fe2d4a21047e3	a9df0893d5d099c53adcdc7a4f9befcfc23fa81dccb398b335fb8dcb85039738	5c4a1e1a208e681f3c51640600ff8f809f46802ffea855505df8ffd2e5076625
525	94483214342bbc4ae0e913fe8bb7eef963b191027edd2db1c98e5d5863a17ef6	7e738071fd2baf92f2daebc8df6cfe8abcdf59ce3430b0f1a5e2e26b66c00332	f2a9c04ded6539098d1b8de69d345841e03c3501f6fce69d4295b56cbe483090	0e15949afab5ce6cb4519ff6dcb8c0ea655486aabe0d714a9aa8f046302ff474	173db4cca24f1056c1fa1fb5ae3ae7607318161df144f38c6bbeed9ae03c835a	f56e8480f38cb010d6fe2c8f1d771aa9efe545514647a937760a3b189c15eb92
526	6515d7096cecd584e704115efa98aad08f29b8e3da01a5409ccc070bfdc32d09	d4a0f55416ccc7ece325b420804401c1544562c8bf2d48856e6a23415094ae6b	c7c822f74d7a8c2c82bcdd7bb069bb4e87b8ec201580247ea46f6c2151c5beed	affddd3e3bdc0e0cdc2b4283e9928280f1aaea82dcbdcceaf60fc487d47924b9	d1df2b2bb2c1e567443112b40517c5c2a06d4345e47be1f1d44b467e7ca6d418	245d05dcc6c6baa383c82bc18533ad968f206bdb0e6454168bceeb13e2001bbe
527	c83ba7c2235d7e736323ee5b374b745b66a9c104f26fa3faff143a2b5fb5722d	749406e3549618cbec332df92654245be8d732d2bdbc37981c7495ea955d9eeb	1a577620646c2640998bdf8aa38062bd8aac6afba5e6d8631e509f8d8c1347db	22b3c4a085dcc6443136ac1cdc6df7cb9c37029de8051f638056ec70febc9bf3	8ea3f87f06c538e38f6d829072b1ae685f9e5d6744da3a14807b0494222ba46d	aec754f3b28d6bae9446c88058082f0d51a71a80e612f1c0944a4d7d08e68e63
528	442e1659a1074798c4edbad333d71f8592f3adc78f66db6ced2d2e8da5988b0b	8951a1c3b4633b2ab5715fadd2d423c20ad5c5c19f5eca34ec8ed2206f220747	a13fe999235a9d8e24e6f18f93ace84bfcce11f5ba4ddd151c67bd7150d43e24	6a664fd5f28a8e8d73549ccdfdad7a1f4e4ab1fe01e492c02f2a7a9cfc791b0a	af874b5b1132f649b05f91b0812e1ba43535899c7206d56638bbe59f864ecaeb	b2cce08dccb368fef20a36821e8472a280b3fb32eec9b97ba83a618d09372c21
529	f0900eac5e435f1b43e6815f554d3df6888594b295cfd56085ae115f2dd5a905	b07ae1d9f7d88be143cc9ea2677acee7d3000606a1e1920e04d03a1b3fc1b38f	913c21fd7e4653c2e76b8118e0ecfb5d595a40adaca07a16fe48e6725e30543d	d480fd959bfd097466963e7d255673e8ad2886ff9cc30497397a6f1c1972f7ca	23ecaead7ca48889be2df37d2d01faac4d0571fcecbdee5fbfd0ec830196eff0	f83d4132ccfaf24ba68ee3e43c6037ae2ee86df28a6918647aa354adb567709d
530	725d91de65cbc33f26bd6b4bac1de89dac1f8ddbfad07da197533d64fa36d301	e904fa90c54420f575a6887d9a5689103f7814cdcf66fd6e2295d00bc5bc79d6	70ba8bb63a8279b7bbc5bb217024bf98bf5abcfb97d577747a5329c8b5c3a3a0	3757b6f7500f3f09e14a4b305781744eecfb3fb8bea047ba4cdcb6d793e8a3ce	884952c04e3c647d71d1f4896a34b2c2753cee6ce821337eb07295e4e47deba8	766c2c93aa8d22ebcde96e3aa125ffdce015a3bc9cb9fa09470a76d12ab1b714
531	d128c9d0ff300827ae6b92387842d773d4215f6298afd0e34093505ce51dc746	84827bbdd51e7afa2fe7e20538ec57fd2e31ab68289b7356878336e24f92b4fe	94114bea386f6adbe413f3b9e1654298929a23281251356d1c6c695a241d0137	7b1550ea98c5388615916a6ab1688b2a6e5b623a56543e68400e323816d14f01	76995c8ffd587d41398a2c9229dcf8aebabd58e8f8cd465699db534b7476add0	c6ccdf5e522a6d3f8d867d20786ba114139b88b43a400b6803f500a0ea341e59
532	538dd3930e00051d8ef87f4347a4befd2bf9900d5a5667c7e5914bf96fb1c6b7	104300e9b088e927f180cd5d9c24b9108b2921fd686ba304738f5dc975cfb3a2	410aeb8d0bef9e0e438c06147610665489aae85b7eae5fc7f55fad437dc1072a	a84429de0500a07d1c44f7596c5f84c57a06213da35fcf17148b5fe2074b9498	585edfc4a5279a9cc73d56800d782cd3690248fc65a4a5f0495d4cbfc93b6327	e537254fd0fd61ba50698ff40dce41433f8303078560bf2585596dd48072df43
533	b2f8670bc77f71fae205a1fd4be02d7bbbcd8d0b11fba6b97975dfb3e1c4b947	519a9d70109b2bcf172c72656a22724acae74d2f9befac425f28b3f7d1c2022e	3da38a887bee2c987614f4226c731bb1e3d7474dabced2551ad319cf816dff13	4c9107a2756f28d03fc416ad0c4004be2c80866b7d61a9f95c00195b9d4fcf4a	1a5c328646d3c62e60b0d9dcb0d827b4a56e60a57c95fe7dcd4711ca7520169f	4e377ee8370ab9b54b727e485a16fa17ad5536c8fb9feca8561a8d19ac67a197
534	a4c856dde10349e0d742c11a075f568962db7892bc106e926450dd48b9797ef8	9256aa73ba391ef25ded160d513c6b995df04eac438dd064240c33cc61c40d7f	2b04f966fcb07139f25d645d217db092755ed3b23f4ae1c1c390348b6b352511	9d69119249209331e1276be1eb3be766f67867f4ebab9eb96786adb57dc002d2	037428da97db6d6c5176051b176dd3b5c88d782f0f2cfc2b5c5ff982350d1320	149604ffc8080369e7d41484c28bb49b23ceab26e40b0766574a8b375b5e0464
535	69e1e466dde5e7712a5c04fa85255b202e7aa504f403a0e9c854670525af4e42	3451e2766366664f63626a53ffd97d29525c74e0d3d756299c6a7ac6ea62e8b4	b0231053748b3fb45a8730ecc68872f0bd19f88cc0d172ecb7128ff71ecc8def	80a1b38864e3e5eae77f9d4b24225d8bcc61860d7a02526b7c065f263d831bf7	aa728d3019efc37c799829c832830570f480be85294c94d95f7dae087861ede7	2e74d6592c2548d5053b47e8e857a74e227fb649c19d05f3e5e30de76ed168a4
536	a43503664e0368c189f7f4aa02edb3fed0ef85c8e30abda9854341aaaed26b47	954297cf8fc7c6bb71af807f7270c74cc1e6748a53f6aeed5fb1cd40fecdffbe	be2930ebf80f20848f7162ec91c31862e2b66b6f572eae0b6c46bd915048c256	3c87f64901c53ccd3cc2be12ea2dd6c302ff561e6e389cdf11c96a624ef14fb5	e4b46f347533a803b78ba51df91b0d4b07ea7d431d2d8620b066ac47047cc3c7	3887217ff55f3ba01b000121ae69d6245fa24fc7e1f1b479a3f97a7ace994dd4
537	ec64db23e48e6326e6b67b11dea33e331206e2fb2be0e22aa7abb9fc523f523b	30d512052814497488ba40abd11ed013f8349a039ae42c7ad87f09495af1d423	268a03dce7e38d9ead2c8452dd88aa8d98bb2bdea030b7e46ed19a67e9ef050b	62c81770ff35959c94dfee3c1d74a8a6413019d972ee693073cf0cd3a1f7f98d	88a0eeb4d6588517898e85b0c1f6cfa1c0442d933acb1c582766637c0f64f2ef	8c25030ebb44d591412e926f97f2bf0dd20a59cb410456368a1223357add35f8
538	70ccd99cb9bebfd923ed6c0aca7390c9738966149b28660f040f44e5b2c9a4c9	632eb76f7ee7ed688ba6c00b5307e0927bf49ad72af2c348245133e0a7e0b2f1	99907842a3da501c7c237b5f5b78227358c7b61426563455a3923c7634c8944c	2f5fa7f616b1057f69b58955a9ee3bc34eb918a75967494500ed61edfa6a884b	1c16ccafef8760e600253f71a3a4a0b965285c599fb160a32ca32015dc79c51d	eead3e137a763c2d58472e6684ba3bf620674160bd5f1ee6e740b4155b527a20
539	d137f80201f06570d8b6cfce2c24ebab146f2cef57afaa46dfe7d63fdb2fb9bb	df17c8eac2ec4d3af344cbc840db38a7d880d4a6b18a154611e3b9cbc8389fe8	76cc37c2a56a82388709d62a30f059ac37c59588f050550a725e861d73116137	dd65b0144e154a1f7cf7be03e40452499244a223c7cdb04f04f03292a32394b8	4b37dfcf00aa08e633f1defab18e2a6192ffee41fbc8ed050fb9fd9380d4594c	c2c4da79d8c56dabad1499adff5bddf3ba5a41024f27801151ec817ca358ce30
540	250da4aaea82bb4df10aca5fe4af86c398d41fe115a98b4dd62a6f1d46190ebd	f261f8f1fc2faa12b48ca242587ab6871bd780c3ea685ac85a0ac1a41bad13db	cd3f3bde6b039d258cd8e7fa95ee06c3cb74d20d0748c5d5cae774e31fbaf84a	dd038dbc7ca143ba9316e937fe148705bf72ce4184d4643925c0d2ea8fc3f8ce	965e42c229b224c6c677de566e02ae642b137ee19fcaaf8631c6721039adb90b	d13e1ddae94f933c8896171fbff6f48df57d967034f0a8d72cb28899ee3a19dd
541	5dea490455c689e48d48b2561f6664b733626030d04a32f8b8bfb7f7cee97f22	e8079098e2184ea25c74af9c5f1fe0814700dadbd9653b9da4b8595b659d9624	93cf8a6af332bc8e4c3c1a0b8c607aeebb50bcb90366691a51140bdc59f4d361	356555f684deea4247522a0f0bcbcf8041d6c06516819ce0444cccbca724466c	a873d34af9f37bc2d0c5d66176c806216c87883570b109623bca767c7b77d896	2e0ee19f25d6391e4cbdfeb9299fc93c13e87c90c64d13d4c8cd6ebbbd91ed08
542	603edf4a8ff4feeae7e41e9db14c77c12f5e072317b3652197d1594489a3beda	785d483a467140a703da160f01aed3fd2f3660c9410fcbba12605c8bd85ece02	5ced6313b5cb82d10b4c30372d2b7cabef79d928148bec4ed3d452e35cf4a337	0ee13cdb5ed205fad7603e3fed50469254a289a17db0fccd4b53253ec70456d8	fdb1addb1245eb97e5871be005de15ff597c6c8eee208d436ca90fa284bdf4cc	d1c9e1de378a919cbe088fcddbf27eca7b377b99a7a5c893bf83d0916f975ee1
543	6ef7b832c176b6b99fb8b39dea7656375445c84decf65851ea7ec91a98d4d889	7b57a69c2557efbaa18b5a11df2c209f6d868492b994676b4df4e206c628725c	dd211f7798be3182c774ff46060d40a85a9ff1aa6150e45da60fa7708c88ac17	75c0a08ad3714bc28f1283b0373e903ab49d186ae841878bc52f204e1c1c5c12	659a009e5be93fb25603f1df47ec7c4c579b42df71d8b3a98117a77cc78250dd	6798ae78ad0fe367a4fe7ee461b1926788d3f7804c301f0299e6f92b8ef8c8fd
544	f36848ac875f79c3e5dca281cd957dbc5f5a1b85e29bac08b2ab09298adb4aa8	cbb00a5c81b0c8d2a070146f453a89fd38d3f8498396224a04b50db4df004653	2f98fc67b068beb34b04a7ed70044a6360643f7e0e172a133cc9d53c9a76e747	03b8645f88e8de34e271415202dfbc1ecbc5087eeac2d69b218c1b9730127450	38b2bc483e0772aaf645094d1e9c90f19ce023f26428e1c51bf5a503c65393eb	b6991090b860168e1983031f8e979da1d721d4e5d050383a7e68c0b81f0ff890
545	78d193f92d9be6285c8af6cbbb3c353da70efb353701511a79607ca7111f55e6	1e207e017e5fc343812c49ae75d0c59b74351610a9449c930fa30f6c4ec79011	eeda5dbc71875ddc5808e5f8625aa79498410662aab31f59294b6aa5a49e0c7b	bbe82295cc2af04524f0dd13366d1cc35103828de381298145f0c28d0309b9bf	c8dce9471e32e22e769c359c528f86b2f099a9b24915c97dfd5306c13bca84c7	4cc54211c7195e29700a79cab27fcdbaf961ae6e0ca7d7a1c40f83a548e17570
546	cfd03b8f87325bacf6e1b548afad07841e65e604227129c1b1e7063d93e9fc96	f1a35d47d67b7ad65d99fab820383afab550b67b108a90e57a4f2e207cbb30b8	04b7666933be12c5b4e469770a921a76ed39388abbcf3fce9e4c736702274df8	696159309a02bf0fb57329a5600069c4f5812df24b437fcf427e7d507d18ea6b	24907be6dc780760450b48f47eef037e08fedc4e7e651c87323500e113929bc1	1cc232b5bb6bd0c251a753fabd5a1ac516221c89a4e44e1c01262eb753bf573e
547	39816069536e93150403208006067e7ff722c536affd03021738f95b27061404	0ab7fb98d9f9af932489d1623d62dc51a2f77ee3256528d26203f3197a9bc8af	70aad37d85ca93f22ad85b96aa1824715905d76d23018644ec055a411bb669dc	7e514e934b9466786756fe3caac0b4f5526678473e84c276dd9b6a3b49cc1ffc	c2b755b7b610fd5652f6e673cfa099c188cd9a73a0741f1c648cf42c2d0e16dc	e6f7242852eb1ba7be5cd5a8814b002e7cfbd0abb549fc237a39293acccff000
548	64537549d9dbdc18f602b459aced39ecfd606508a9ee4ed26fee134a9d7355a8	bba1ea1c9dcca90b1104e2a1d68806cf47e03d044a39a38b8c984d4530e27c04	8c4841860d93681639b94e6b118e87dfa92303b4de35eec8f473937b987e2a82	a337dd01159b20ed2edef482adfec3a4ec5d0eea2aaf026d0fac17f1c50e6d8f	adffc334071da07d59711c973fd3b1c617bcf5d1a91c4807581161a98ce1d281	f4e599d26f1ba6706611987ef43712eeda3a4bcbc9f843bf057f48f33e87bfe7
549	3cd5f14379379c604f53e8defd86c8f6b284adf34b047ae52266b3a5f9e5c521	d99ac987909a6d831b6d65e08b4dfdd4cf687e58a8edf50c3517175e67bd5734	5103f77d86f31a469d43a15dbcff3a9211a307484fe1b3b43113beb0a53c21dd	25425ae9e3cb9c927cc521ae87163c0ae634deec870fb3ac53f004f4766a0533	0f30c893952d61ae9f1532f046fca6072a4235db268d2af736e5a66aad1a0eb3	a092ac22f1e9b2aa0f9a74f30624b96bc713c811f7ca3c4f6dbc4ef34b769682
550	351c4a1e3a1a55e3aff1702159bbdbec948e5ba3f05b75bcef81fda7885b9d49	57cf42c074ec7edcc8f962f4dd7b6a20001215eb458c10d7423b73bb8848c9d6	e4a9edb8c465e307b69570eb7bf7c912ece17a085098486a308c5bf47d1bb3ed	6af2355ea74f1c46adaf71c396f7dfe0f9144552d4116110a51c100969e8184f	b230ebaf3523bad418a22daf28218a0ccff21fc572046e4ce7be0e4319eb89f9	6b461c09729cad14f608ac6e1b161fc7ac78096d8ee673f51c356ac29392a43d
551	505096d6962b64e5936f3e41c8cc6f977961efd39abb2abaaad08c292e13a4b4	a38adaa7a62a0683abfa9c7ff02147ffbdd68cc336bcf35ce30628b0e65479f8	7a32ca1b82fed11a5223a1536611509977f926808f951dac79cde85976a2d2e9	1753d01df3d3b9adb0a3e7c012128449b0340130c76b05122ac86d718643162f	725d59248c961e8123795a653280bba3ab67e4e4fb5b9c5dc33780984f9719a7	5ae87fb54604695bfa824850b3e76c202cb13dc7478ea7e6a3d3df0c0e36b1ef
552	d61ba235432abd5958538e0720f5d72865a7e2fa7bace1f5f442ebf42c0eb982	b6a568ae276e75a17096563ee4bc49ffef8e6142db91c982aa9005717faecbd8	4751847053ddb1cd8b8e94d8a8914c184b25636104be49ce687135882096eb0e	7ffb50ab7cc9d059bc6c0808dd4533e46bc48bc796bca360097b7b6308eb38d1	193aef55e1405b65a7e18003de388322653e243660e355c35b18f40edf7a52cc	71862bbbd7cf34ea033a430b243975b0d7499e4829a69ef697bd19d0eead2f1d
553	2d8ef770f85eba7383c63b2220d29726deeff88e5c9534b0bd902f31a5ae301b	51f8f4a52f18538aac999443c94e0c12226b181006f9971e1ccc422d9e0abde3	a17642c8a4d9705d804d4aed99b20fa4c09e1b14624a3afc85a5c7d0228b0368	fc28ddd08493c5d24bdf822ae6d3239a450b40de47a65b7858ed41ba67309507	dbc54d084fe1f7dc4b447b6e3dd16efa45fb8572b08f3f46f74fef5042453e74	a1dae8b39714bc5549499aacae18293b1b185c52009ac6fb0fefbbfa6a97136e
554	835eb550b882dff06ef1539e5551e188c7d4d84ad723db2dc1f3674cc67212e5	e2c5c799a28d1db1a7f3af8c84d3ecff8c96296dce196e1449446098296daf41	12a93083945ef75614be64fdd4c862c5dfb8a4f197bf0eb56fe33a9a8ade37a4	6cbaf2db0d2d5f5744394e4fe5aae67966a7ba602d513630bd3e8151976cb8ba	e00ebf8c80b8320af91343a37e7f22b761c4bafa3daffe112ac780ff1f01fee4	ff2b7a46b94eb959956457e24e91606600b1b3fc3454919622e30db04cdafb9c
555	ae53303f60fbc0befa91d82fe12694e3a977fd72511c57c085c3c6236ce79694	0771d61ee0882f1e89aeebdc9f104accde9871cbdecb48f5636aa4fe8ea01b5f	7ecc0a856b3826f9fe579d4b7ceddea3454721f740bf7a7af1752f8ff68bc43c	c24409a01a39aea39ab6bf8cfd24a7bce687c8ceca924c2577cd72542ee57564	153ee5980b78cd88fa2c5908bbad9baee1bd9354c7827d83ec65fd43c04ddbc3	c8dfc28af525347c262b69ef031ae3053de080f9b8dd7792eeb6a098b751e92e
556	5e07b47eaf6de9b3e7ea2b03c3edaaacd4c2d687259c0c211bf31e249e23f90d	19b8db69c9d28c4556482553e955ae5beec83ca05cf97ace16a999c6caabb345	16796a5045c66a0a67a224a7a32b1734ff28e5e780c22be49cb7a723d4626c6b	6829afa3fe5ebebd56bb4b6d420bcecd00c0ea96ca5f12eb8ce55573f0d3b09a	2739a16e4fc7eb0085c11a3e04ffb8752b4cb8767797f1ca86b9d2e5c0816c47	61bf1c4a73fe70542979b8a5bec21f97316de947650c91015d92ac956ee9097f
557	9a1fb93e642324542e4741b456614d2e8d04eded43316715ab9bc28f1b31ed04	79e5d78f3e68e5c019ef3b27d3fd8a4e09c84ee334c14214a461ce3078556385	b40ad125b4d6aba316782c53361e5ebf0c511c5aa7e6dd26a68ab7aacccf7b32	99e19089a036af107565d43f84bb062f864716bee5c74cd1a93abc7c6929d586	471bca198f0f42d8d5777e0d44a8f3018d9d75ce1919d6745d754ef0b8d73444	f842496368ff323accf8f92bad43a741a6972c620ee74577439e41183f6be31c
558	cac8d403a3f073425b9680b44f3427e95d81bdaf23168e72b8c7e6b860d12b9a	13175acb6b85b6c18f1cbcf72cde240d7369bb3fa8d5fbfd20126e900b15e583	599c99f6c07525f3ff55473c0ac2face108c5913a84f04cc092bad0e68098ec2	5bd468fd3ecb7250298f7d7c49f09516828c3e06144ab93f3a0ad70ffdb463d3	56f45c95630ddfb585767e5abe24afc62f065b920b575b9b84dea9eb5803f71a	f8ca383f4edddb8a5a0cdedc638b5e1a6eb25ff161ffc869992040ef055f3a4c
559	1bc06bd6a9a27b0ef2da0f9dae5204ccb0fdcd18ec0191f9877f9c8731ee37f6	7c19d3ab033e4501f3193293682652feab4d558b8b4b50f6868d9f9737fd8bb2	115ab94b720ade550caa317e94bbb023fd4f1d63a7a9b29dd8f9f609480b88d0	c9c9862f06493e61923abe82f8237ec8c812cd36be01b2bb1ff1a0858b7d502c	9e2090da4b20321a856eff32ba652d30d77d3a93417e1bcad66e60230523daa9	e1670218ebcb58b7b8128cd50256ac31329c2208813e2931fddf83d9e8175213
560	dbe5ba49fcaa3f504e6b0172afa6a5a8a63e17b297aa278d0437a63263f733d1	f46ef1d1daf43d75684003e79106fa87a4cb7f18115d07dd4034fcba8e85482a	675f420e29d0bd7ca14966aaaf1e8bc438f9ac442eea188a20bcc19691d666b7	336217121ddfb413f4c8b22637bf7fbf8910165db8cc51f5776576c6c2f24258	118b16e18697eb1e98a53a7bdb5d0160ff2264516112d4286047e97b0fac0b16	334cbd71fb2475367f3ace38fd547c60e852c00e6426ac3590b466fff812ba0c
561	02c9815b5656fe147019d6a5899dba946a0dee06fc8bc8b4e6238aa2cbc9e3f4	d0f49886b06565965ec428982da07fcef8af50404091a8b890bd5d0c8b86c532	416c86eaf34375a13b77982b06576737719c306a8f297f2926ac6afa35685ad0	a772c741eab9d470e8e62c480570d91954b28b96588c87aada3c30a2cf7cdfde	53ab0413b84cda8f7fa9a4b95118f99072d4e8610d8c37ceb787f6a8d963b2d9	16fa501b3ca56124270078fc73cc485a085297fd61f52687c86f58be299fc1d1
562	ada864e83b4924a36becfd97f8e9461b45ae88f57a1a41c1c5f2ed506b94df8c	5c47023cc6a54e9517b7c8c102a5c881d6a7753ffe901144c3176ea21913e192	6eb466afe7200a8bf146493259418ffa92bd4cae62bb5df5a4654cf74695a7cc	f79baad4abfe7c6a3d568cbf941a54170118416114e0a6d3935082251d33bdb5	5facb3fa4518a7e1871203b673f63e1db7ffb750883bb173ba0e70af30273133	50e8111e633361420166343fea78fb804c4f572e4943d76e66ee19ece4618e7c
563	129ae7a74b254a39f128b13c72ee769bd5ccf811dfa525552bcc5e76f388ee39	40095a0b91cea793383ebbfebaff766ad926c3ee759f58006d51842689e71f73	3461bb6318e75776ad733939b6dc4cb1aaed496ee90a3ddf9548cb248900fbf3	fe9af88ce94c4114d748d0013e108f6babfbefa91a7916fe19afb6fd7612d494	84f94ca756d8d954e8d1ef7fefbcd3462391860ad6f24161464e2a5425a4fe21	14694bd51e1befec73b4bba577b50e8acab3353bf66faeb38ae9f2bced6c04a9
564	afe77ccadb64e704dbc373a69fd7d458c322cae194452c23a203f558999d51fb	413944d4a8a61b710f8cb1da22ce64a09c49bf05080336e09e96462ebe069f0b	3927f3a1a016c304a218d42a59718728683949c5a41f199e27df6454275ea925	4b26462bc2fb4f23170f18b2abdd7854ea88b40f4c83b0afc0e01ba06efd4644	c60fb47f0ce21f49e962a50cb78d723f93cf67825e810a5da47d346cb795e9d8	eaad14bc1118592ed59e90b7648dbc7eb5fbf0d11dec38d3fae4367b74de4bad
565	d0dd4d5f6dfc5720d9373ba02ef2fe0c02da193e44fb5369a6056a38198312e4	9141255af364f936c78fec0a6118c3b7a77faad0d97b2fc107cc3e80f0e0ae8d	7ab94ce681f6662d1ef049469feb3092504f2794e8a2a3311f89782b032c4b7d	3c447a95126eeebceb2db2b34d379e8b4da41fb9d1ce34f5ecd9357712a4bb8b	f2782cccd6ec38a2ed7c30f63abd8631d27581484ed1cfe3919b956d31e59d90	e5fbb95a500fc611e65ab4daf7b4a44e5b60ec4f949b5685079813a3664a452b
566	f4b000ab8c1a0eee0f0e4f131b7abdd59c1fca8f7bf3985122668879886794df	f8ede72c7ab5b72b54d0a98e63d2bb3a86e860b2dadd25e2ac4760aa53b44871	3a442473d706fd7c86a3e1b30959f7c22839ba4b5b324568f0bd8a68413c6b9f	273aa4f559acb4f4bd952aaef7e44f9bf8e6ef135cdae26b513faf008205e1e4	7257f32f59e3fa61fe9250ad2268c5ceb226b4402c31bb3b18dcc52228fcda92	2e26245789859d33c8a8a5f3080744b24bffc20c1194c35b1c5a684d533db5b4
567	acbb152b4cc8e33f362450478440fa43b745b51d996ebb52ac0d1f2031e53191	e1adcdd5e353d268874bb15d9e3584ca56ac8b7d4fed923151fc12786727d2f1	98b141fd3ec0b058901cf8529da0c73c0aaaf188dbddaa65806490247ffd7488	b7167676fc351c8b5ce14baa77019a462ea80de203bbcb9aa3035e4acd09091e	ed4e4743fca189c83d04aaa21822cbd4fe1485a86b5213465a4bca5c50e2aeb3	29d9d55b884cab55cb54e0ad968026d4c724cbc8cf6fa20cd251289adcec85b2
568	97b6c04f77431ece6cba25d447f68197cd5070f91b1f80586745ab80761d9a9a	dac2588f45b79606e339123bcbf76b83b291eb0534e2863366f2d270eff8e41f	142d1438578d402ab5dd0ea1deddd6a05027fdfb210d209cd2b6f7e03470f472	3a3f1a83a275f83a5e697e49ee7a74bdf26c9f63b59101963c9d47aba9c24786	d72f81cd30caed7d815a171263933bf6fb058d6e8fe3272b56877d7166c75e04	8cfb7e70aec6abf9663619189cea538a965d7c5c1afd9bdf4bb7720857a8de1a
569	960f443be061e2d8a1ad12d09676498dc5a0b6df49c133f4349986ee17a36c88	59a33d38708d9f25ed05f6dbe7bf5cfc7ed5daa3aef3b52eb936a1e2065cdea1	f2028ab0e83968dda2590240c9bb6972581a228ef16c5135992f5aaef6232965	3ae658fd4766ff6310d3c888cc1023d6e775723ae5190e83c17a697813918ca6	924efef48f8004d76d76ce66288daf109d1a8a8a8800c18ecf20e980e255bb0b	bda69117c06ccd05880f221c4d076bd2f2c3d1518daa35a53efb194535820121
570	217cfafc200104ff24878987eed99cbb47c6a5035037656de855c43806e28116	3eb1f277274bbb7a4005ae478b0f70f29fc2ea1b3965e968fc1a95cc88e60753	5f2f25c62c1ce84e94c3438a7071aaca6a412bce341fdafa18cf54cdde9ba7a5	93f33fc3560994224ed285ee195c6ab3305a3c8a6e872ecb90361e4d81d002c9	3a14fc25c0ca0879a79ea575bf8cbb733e9d50dce0c086268de50fc71ce09df9	e5b10c93a7ab6e6cb541aa96890464587fecb4dac600c84b6330a27c19f61d93
571	3ac0fa3d5e68860c2174ada96854964bd5430440f3948db68e6479e9888bb17f	b1be3ee066d629b493d5ad7d6527511322137b1f744be616e0eea1efbed74b06	dacaee1a4ae0edc23ea6b753b1def7f90338cc15a55c4ad4bdf993fd36b937a6	8deebff8c6a8657aa1df14889e60eba9a4a6b7221835d74c8c259722026ed8d7	159b654bae5bd3a695345e2b87bd4ac7b5c8774ad4901c3e787dfac5d29125ba	f171ad25d853418015e77e5053d33f91276d6d5add93260623dadb799ca1bdc8
572	b365e3c82b87ed936e86e2395af13198898fa10e5bd0bfe9737e6fea61cbd57e	06402a105debba070126cb640b4300344095fc283d7274749ee6407aafdba9f6	04dd3bab2cbeb6139e2f1381f05707b4fb0b858566bc396dd2bc9c565739d532	24879125b64d172570881035564cf87c1ef04b8def79774fda038d47645c5694	3f87adbd5f90f3a691b7692e1df919cb6b5c41ed133182332432b9934ef35542	5a2a1be3f311e6d3bb0f20fe75df07658af7fa2970a0c0be957d6988dca68b0e
573	7a93b488c2de780ebeab93d512df90618e7e281f18c1f3fd91b64e01d18d0487	1e7a15c176e2bec903389f2903ed13b9e917676160c2927fe788391f49cb7f11	e6d2b2aaae666c55abe155e24b8a70fe218b98e22dc5ba48c7deddec8cf32abb	63b17550ca5cf75f048cafe4a2f7c1e0e6fa09e30cebebc9d248361870995742	ce7a3f9dea60a18efd6a9a2991ce0e3c71068ce5be71c179e1e5da618450e08a	7d0a76547ead93051ed576093b01a2a82a9d48ac4d59efff680b806379d16e59
574	7830619cecfbcd45bb37b6e13c2475347ef259ea8e37f4eef36af5cfaa6dc086	56465f52050fc032f996157ca1166df6ee38426cdd75ab216078c9cb8b033028	7804cc4d62ecd2f0c93bc617d4ec8318b600839740604b3e34676921a8327ded	cc7843e5100bd66e118365fd93063301b5ec53f4b634d2bbadf980c4bca4037e	cc5c214cf661e52cd39c85cd5971564756003431b5a96677424203c65b9474d0	87be76f25f77f7cf8e68d24407194c6b7eda2216e4f4c38119b28f7dde5c0afc
575	29468a67ea8e5f020c4197b7a5f23b838f08736b40ac66ef02dd566140df5e38	44583f20d0a78079cca3f398eb574a939e2cd07670fff1f41ac9983a5e0cd311	b30508d1ddbbc5250155f10bbea812e3771412ae55c976d0874d2d0abaa1d233	91f086ef280addccdbfb5656065b5e9439b679457f587bf18eb82298a5b13207	983cc5ee4511749115e81dda4b46076c2df8ea1ce1deaf93932412cb41c22277	ff5003a0406f7d27de3fb4131f4dac06c1f610e153bdc8baf97de82552881351
576	b7ee699016011ae8c0556862384e3be4b02c895d92239cddbcaa58f3d74f4b45	8b6db2cf75da834696e22451f023df8aa8a3fa5c9464776e2c800e71089fea0b	2ca866a011c61f69cb2b61faf41001d2e2c2f6a8df76b79c63321d029464ac74	df526fa6af5507b89c2714d2f058e14d6bb584e7b591bd3d64d26f442d48bbe1	ae50ef7324d1df001f195fa570d4698b49437eb2c835c94c3e147159864f3ad1	6b6bfacd4179ad5cbb2502da5b82296d837cd79f7c85839c4bc176188d9d9895
577	f90b138f25537c3b2ff7aebf00348e94059e9b19f01a6b52bd0972001e24bb1b	521c9944cd3920d2ec5688565ca45467593c6ff23c41cfdde5f53bb3e6012d3d	4f1efa2e717fc2a3460117c1795832ddd8fd2e7f6f4f6bf4493663682ae7c692	e83003a8ff9e85276bd3f00b60e581615c5c4cbccf928cfb581d892c4c5dd86c	b2ed81e09e30b4412c8bdd18b760736c34d4f2791d641ee862a04496d83d2801	238f06644390920876b061cb687a30f16030d7a29fb1c78e7780c66e5082db3f
578	3752c48bd3d4e13cb9e64d006661013df63df04ddac7989d74b9a7264614fb22	7e271f2f264c048c50c910f96deda6519e37a04e1665633ff6cddd184ffa9e5d	3138e748ac8905d2b5a82cce69f869c8e4d879dc4f0a9fa720d91e8aa9d12394	ea8778e8e5592cf9efb7832fc2385197fc155326435c78584695748127bef012	cbb8692e9a896bff06abf1d498147f6fa16c33492fc08b1bf0fdadbff109efe6	f5ef08dc9e31338f04c881619d8d5e92be81645358b4f2960a4d532a2ac2636e
579	91e37d1c3e6814dea167b9870b17252aebf6fdb0c2399b351ef856c5db1f957f	3498d39065c7c517e979f2d08fda9779b9bc70b3b03bd629e1451918ac63af74	f5390d30cae05c99b321e66c90107290996adf44a255f291899dbd22ce7c3fd0	09771fd6c6c6d5d64247028b00b63a7d20a3b8357bf0acdddbfd0640c1d0cd41	d0ec53881ad249a112f95dcdeacaf410b384325f3dadd11f89e39ff50da8053f	c542a6152249db817b98c0968cb7406d2e295051c1919acef58f276989f3b334
580	5f623d4c605805c4d87c9f89de5fc635167fed38b145b3b821d30a307808d555	880ce06081500a2c7cdaa58e5b667eff321a2acee79ada14236b7e7a48703531	0073b5219eae394de1e519eb5b44a45db8aa5ef8492dcb9db4f33a078a1b099c	fe035a726d9ab0b769927da770b84210c1a4d8d4d8f40098190022bc89e46089	6fd55a025ab747f9bfc8f01279c8e159d6048b2619c6f69070b3d71e195dd67b	00d67e9f97d4a7cdd5a1fe63e5e82a195bb87c273cb8720ba948b28fec8202c5
581	deb45e5791d7c433d951af3e343d7a4ff973820353f3f9fd1711709fb997789f	b3cba1c7e55a6b5895b37396772651e78c41f34e02beae764ec27ffb9248dd8c	9915cb4a972675647b6446c52fbbacac3c71bbabd6641741af0c427f3c05087f	cd9928978dc93132d8cec162e37de6efb4b108011403c9615949a7aaee006a0b	a33db09b53bdba8df6cfd87a415622cfe304ab7c4b801f12058cb941ce10d84d	64c303b0b11f9f2028ceb7cccf040f2c3ce27d6ebb92fc560a35edd09ba37da7
582	1b58cfecd0c5932a1cde91178e3f48c279361fcfdceca0d4e08f9c756ef32aec	013720913d7c6a384082fc5c5f8e4ddf21b1b51d4bd0eb349107246bc23a1550	788c689b1ad6509fda12e9b5bc8f4516185b2c9b8bd86b508d32f4085f104daa	c47a5b3dffa2002d3ed58a85f53ba9ae0d3007bfc0d4d5954bc05fe812da2158	f960e319e3a29fb867d20a9669fa94db9eadcc2f0fd293497c58001653a60b52	a64d9a6b6e85451b50418dca7734f5011f636bc389169ab67dfecddefcd34bd9
583	96479028ee8a90702e92020eeda05347500feafefa0e4de94893f2197603aac8	64a9e0b042e572580a3bc6d8396db63f9a9745547edd1e49e4ccc641277ec0ce	93945db80dae6a134d501e5cd28b6ad3513acfd39cf7ebf0327c9b94d250f9b1	1e68c2d46aff99a523c7c2c8a6fe7e13777dce7a1724c8620b32fdc4baa620ae	3118e92c66a5240bcdd831d9516d49c73d996a4b8e299fb369fa44be4a9d9159	2fed765e351b00ef7faa29e27a19dc641b0ece3552f70a5cf2089e84d9d55680
584	8b69bb783399bfca6a4dab449df86ad69324fbdd63d85237d428b8621b0f4b6f	4b0cea6ea23742fbc9fd62c55a445e01d6e1d03548cd7bc78c1555cd1f856725	499242658effc58bd3d3e79e342ad61fb986dc50cfba3189241821882de5d0dd	cd43ded649e8eccfcfd6fd030996ba5db369c6ad5e0a698c1f89337553e8ef1e	377a26f6662afc6125d201c9ff21f8933e1baae857ac90619f890530fb7b9250	272d74bf9b6b8bc09e7413be90a02b707e3b49ec51bb3aa6af37a17e962290ba
585	4dceec496185cc9a34622a9daa908f9ea76f848622838aedb194383a587e0b35	c1f003b679acf79273dbb91f179c572dccb4b4a1e3e76cf6a51f6bff34f54e21	a7a008afa9bbea9e03375d870986c82d5eae81304bc09b12c92168d7a3532b2e	48f11af6b18a8935d5e4f357c3219bf77b7e15d0b2baa8e20163200382ed4cc4	41150cf37edf85f042cafcf8302dd28e5b8929a4179623dd9e722cbaaecd7723	314a1827f5691e5d85d314af36c60e0f40385c67ad3a6e8c14f549fcad5498ef
586	8bd4baba5c45b2fab206660bdc34ba4725b3f731766406149ced56fc69ad77f6	3e0ea589abe00c1954e3efede8456d2ee9c4d878119eb18b6a8b666756ac25b5	75cf7f5e5c55638f7d0be8e9c7749edb1726876b7d4b58b30b74d0df8877ff34	dc385ee55aad75d7149ba39fddb6fd08da4cb7dcbab53b48e1e7d9d05b73adcc	a242f886f7a9760835b2e2f21df4c351d7e71f37eb8a03833fcea260d3495379	fc812761a179e6242ca7d5cab1dad1ab1aac9e6b59c6705b744627742de2411d
587	bcb81ae815557f03a5217f825c8b400f720260a6417a13c664d9e8012dc540aa	6d72c7734faba250c31d336bed3588fce5c216e4de41cd1a9cab635624493d37	afb73d0bbd174f27b039f4ba4a25bef7a4ccc0ae5fada1092a8c24e8966f0457	b6e8e6c8df92bd796dc800710b8abbca227b3f9f2f72d5aea75e1a9227800c75	6bef8cc00c4aea54a5cf4065d8343d7e4aa086c31463642e02131ec7c58bd5d7	21d3b8ee930017d2c9f9a5d6e31106f7af58e25186213ee698048d494a94461e
588	a209918bfa6a5045b8fc713dfe1ab6922207de6d2d23da0c2a2080eba3c4b258	30613c13323b35fdf7f440bd18ef1013a1afba97e8d358f48821ed68e8a5db49	21f727d537a398652f7b096f24f8abd54ae979c68b5043adcaf0df8751319c13	0c0ef51e7b8f33afde6bb73766648c1679f6691991815db4e34ce97f61c80646	d19c2df1336f9cb402946d93e0a82305eae94700559b51d0f565d98060b69484	6518869caff480773fcfafb53c0684a8bc3f6c0129e15922f28beb65cd27f87f
589	8a7a2455ef7f69298db94fd602ac7a5ae9083f4926198074285c322ffb83a311	4ad11b1d1e124f9bcb55feb99ed388be8ee25bfdb8e2a99834c10a30771208a3	729435c5596c6364699193fcc46a256ec4241ad9182eebc8fddd633beb4bf07e	2dbd28a784f2edf177fd3e43198a059ea2846c83e90455ceca595ee21d0fa304	70f8f550ec7d19db7369819f515fdc3169eeee19b59920e957922a4d071014ba	1329f4bcb0aa73ed85aa9c452c9ad33a89e744d0d000936c35f288dacf1962dd
590	e68fbf9b66c791a3356893a8d1255248d80891dfe8d50bf7c05861bf5ef43cc3	2b10bce41a25cdcc4470254ab91657e1af0f6775e1f2d006bf86a43b2eeabc31	80b06ba799f8da14787d25f33451bd29caf5495a76e412aaff42f3943d203913	f7b7947da0d176b66bf1c8ab16c349275c7d15a73c23c125d3e0f9a4fcf47c86	1a85b55e323883292fc79fe5dbe426c6bbcdd9760f18fd6cdf1caa96885b4233	abc6e81bfd06109d5f480030b9752a071fd79847f5fda2f31d93dad7f8e2b22a
591	d3fa4e776591825a585a24a5a1a3d5d30d05f159c0635dc4185553ede0df780c	585af0c04d8612a7a5ec2b176463fdf0de19ef57172fe8e1296103f5e29ebbbc	3fd362bcc5977a4bab107a9048c0007f4fec7b1dbc9443b418ab05f145738c0a	bcf4d1f0b7fd6a3d9fa3eeb89016c39b7cc6c4e1c06995ef40ef1d173043656d	edf8180d5f02bc85e4403849e4241dba5a40668557cb6d4023f5a362cca57d32	6a9c44b15b99f5bd996ca8a65a826f4497a3fc403b4a54ec19f1b77556b541e5
592	3cd7769275f2d6a92e5b93c5d12210d15e03e108831d02ebfaa48f7b71125f78	40203a1ef2ad38894b5bb75bacde0f604f161f0cfbe44f4786f0a0254d99c41a	8f3d860e535b0ca3eb69b081043ee3de6ffe24a182a84cb29552dd3e858d69bc	e4f75da458a2b25a6639cf0df501eabef79d740ce2a003cf7c4a60e072e27a94	8b90032aa7032a812b1684531d3713016765f9bb22b022f90e9ea422c1e525c5	3cfe0c1d875af2571aa9b2eaedb2c7efa7a7d5e979d81d0730d983478237a795
593	c4b1575f87f759b8737082c6b86b5e4c3fdc60318aff6902026d801aaceba2c0	6d469073a59dd1ae9ebd6bfdd3abe3fb6aa55b8be7bbd3a19445b776c862ff79	aa2981daa7535b19ba45f718492d507abc41d72438b928f21b59dd163df7f5df	5a39c373e34a3bcefd1549791f7c5c20341bbabb49f4160f515a0908e75ed9c3	911c012bfc38bece69a3046053a9ef8e93fb98c39bf36426ff36a81c3d020f40	427f11c777580e22561da3f507152d2f25b286af1650e5c5528a8706e449194d
594	3ec85b550bccd53bbefc1793401dfbf83685fa1ddd2db18925f54db9bb9ef500	3e8d049e8372e50a481642ee761c4bb1188da0e3003264ab7c088d7ae0d4319e	f99f6b736f7231dc86e23c91698b91637189e989de5a900f152a92c66f120f4f	9b87067eb260d33641e82d4df49f3c3a76c71b0dc9e9dae92f3c1d0d2fea5dc1	8891af66a0ac08fcfe020a5370fcb13286b2e67065c65109b9cae31a332fbb20	d0e913c7ae8b6032be952d167813945d86041e56529bf933493ad5b614aa9d39
595	6634f96356dfa159871e8011467204ef6909d7d2acbac0b4952e7e3f409a183e	3ab3206bbc592ca26296ea32896060c4fd62c7ecbd428f8ddd7b088e23cfeb95	11440743eb742dd47047e6b66d11b287f63eb2f0cc1e22c03f3f079b74dbe6e3	9cb8b8246aac19a18646ca3ab65f332518ca8be312565fffce2074ba44e5d065	68c8c99ccab981e42a7f64fb711d6a7d058b17abc415e33f1c2e79056048b3a8	1ca15b2b6d28fb75b09877cc1a5d374e63a6a3e36c2e367c1d4da1e0c5b14476
596	1b6fc3773d5f568866b85b919272f13af7b289f85d894b7df995a399b34309ab	e7f991ff6eb8f08b3db0a575c4cd7cfeb323a973653a94dba69cd057075eebdb	a82d82e2d9341ab2ec30ebf27b0d61b468d7f60c0b533d1cab5bc4ba2b0e6d7c	dd3386d886598daca7126dbd522b4a01795888d7c31fb1c11070fbe0e805579e	ce7d07f0524447811faeea06c05d7a4f96bc2c88e951318ddb078701ac20c47a	bd799e8d0b8c61901156986021b7b626c4ebe8f6b6d0265adf9afa769fb0f185
597	6b5dfe0858ef79b3983afe6de230554cafc8f8e162962f395783e8712b4f5df5	3b05e156062d9e333ab3557f7f7bcb10a97561813b10d4583d6cfa331691f95b	b2d786e9a341afac70263b6bf0b976afc39faf759d629f256392c5a9762c2e6a	5174ae30a8bde0c187e2fce1ab0a7d07216abe30978f5a28fdf754f76bfdeedd	1ab9085cc70cf5bb6b10d2deb512068791cb347f38367978f2b154b356623a5f	dc17e5a500edd1125c4a21ed6a6ceaf9f6af887ff7b5575f59740cf785e1cd0f
598	c5182b8a5182dbbb3c9c55fab300d97cf1620013b17767b2b4df0d713e4e8ab5	dc5ca28ef804d1fa1e45e23572aa95ecbc38d7fd796bcb12ac73536f2878ff29	c2483c503611d1e765bf83f91d699ad8b3290f9b8ed332a7364d9b6e761b1893	6377ebbdf9b733f11f33a86625c9995eb84a08060b03e415f3ab7b560bb3d325	d39bf34f8e0ce5b3d3ea33eeba0393321ba31ebaf97ab40c9507e9caee658165	c8d87bfb0beb03a61df38b96aa9aa3ef0ea2ccc55d4d5232bebbf5e03dcc6982
599	831305e38912fe1cb6921e496193bd4624d7ce77640260cc5c6c9a4e230fc083	ac2bc080d0dfe71a4f9555927feef31f2641e7d21cd6d14fd9c3a9446297bf47	6c19ee3a7c977b343ca7805c14b720c469477d1c1852e17a0581342ddec439ff	a91b19507aeb54f0b5dbcc57a74ca51b3e3b7541209572c0d8332dd9af377180	e5549b8c0cbf6aa5cf887f090c3eee9f16ff522623fa6943b06961c496c81f45	98096a58323c537607eb201ec2cef43d42763bbbffdfd6028f5b6f3b7b10cdca
600	855ee3a7e4c81adacc64354b95ab43818665b55caa5d223ea6143f4a67df2547	20318790a475a1cb7f8715a0e3d7903be947fa9c27181b882ae894bf38fe9e9a	628ec70ac38b54e3cc8e2ca9caf4b9f836d6709bf639983cc86e42b322a68f2d	8d3e5a11faedec4c732aee88a3e17377adb647ead35d622a0dbc2b3a70fcbfa1	c56328eb727760d547e713c279a84c08c60b997915a3cdc0ee1492c42e6dc67a	4e8f72468962b6d32a5df5fe60ed9947178d6cdf187f7ae4f7d055a3cf2b8a74
601	904df6d45045e3cf480aae5497f6bd7edd1f21f8bfd20bfa9980b9d79f377bf5	966ae2f8a9ab3825ef569467b7ec592957cb4f47e71f00b5b8390b7a274cd67d	917c86c77ae3ffc8a857c981c72507e094d2df0326dae51b054c62dbd00b7c68	b4eda5253d056059643e01fa48b2107c9c0cebe8dc654adb91738ba63c9352e0	41b54c9fbfa34f922ed82f92666e5328dad6fb720799dd2571647ab2da293145	746283af33b2eba735d3c7a52f4dbcc5ae189566a29e9e792961be20d2ef9bce
602	9ee2232a783a22e751275232e15b1837c2dc08d8a42a0aef11b51f9611d31684	b428d52b02b283e9d35668b77e164787773e72eca4b7e01357c16cb3285354ad	7385b7a6e4854a3e7c7440a98677bf5180ef2e21829bc0072882a3de5108bb90	403c641acf9aaf4d6f8bdb5f55a81b73df7516080ba03abd679b46e730368028	515a052577a67d840c4763f9ef9ea6b120d844ed0c93680f616649dc56bf0c13	c6c02fba4742bbe0cb6b7bb1c35386cfb83a56b4d23c4ae15a4c17bb942177a0
603	802193a35ba24aaa83df967a8b638e69d6c07a164bae86447fdf44c48466147a	7f6209880599de5a084d534620cfd988a88300106d6d5e60891535a0692cd397	6eadd7afa97b4424678685cd69a694a181815aed57b712754196c6da9491edf6	33e54416e5ac2340b15132231a4ada0852a37dccbe0b48916a9c9e8c93d36ac9	4bb977e5605d044e3c332bc2a12dfa97792d03d49d928360c309d95c01498e5e	3690f66f90b5ce587f8b7b5a94141cbe1427cd4e8949355e5ecfbc392ed9e997
604	ec80624874ae5d5500cd8bbb5a5464ea0658f856e3fe3eb02d5246b676f1497d	df8933327a1dc7439407b318d5a281e5f0d43bb8ad88198b18f53f388194f526	6e757d348cc65eed556031ac9c2ad83607ebe244b12fb603fd2d4858fbe91525	3c8de2ebd9135a92391fa16cc95a24a60efd9bfdb4be7943921d3bcb63a8aa2e	40a9ae90f45e83988f34bc593f3abd1ca115f6354540a08d89031db5fe6c2719	f140b62de9829ed0be7da1d7103ddca20aeda24d92a88e2c73c63a1bf5fe0a9e
605	3007124a8286d956d6aa73a5fbfbcf15549e964db12e4ff54a8402998f62bd71	34b7285466b0ad4850ea1709d283f7b90eb8af04b87930aab018d99f3d9ce129	d0ee2581b647453a99948210982c592d85a37d1957bc8ab36f792ed7194110e7	b2db3bf0e8564cc54b6c9f09c349712937e6667e0a0938bea167cf5076e01a29	0da6c64e4a5166ed3373c92a8abe4380cccd0ac542f4ad3ee0ebd3223ef9fd99	050d9473011d8e27f5f663eca02dc8853a85584b7db3380e1f1cf0ef2a8b5849
606	087aabde6df44f90f50023a9aa80991d1d4cf22bbdb4f8e9169a6229e8dca3b3	e7ab4f041be95379b20898f37e5422eb55f75a1f93744cef105a236c8554cfa2	97f677427c6b097e0bd68a9ea6dec94bef4450ce080966d764c01bf7a9395619	b5bb903687b6e33c6a54389c905556684db0804d3f2d53b388923e0273cc3b50	5652457546a5f54eec122b86bb27dfcec544514523a9c61ba4c1bac633474868	4496674f338309d6e6efe2c17067ddc112cc9a2a2e2ca94ab29f6954ceffc865
607	f1f4d02619e922df5d24fa1622f772df8b37f0a561765285e3c112e27294de8f	88b95829e0e7581364a5a70f7d28e06e729a031cf13371c8c29a750e01f6f198	2c164b2cdd9eb9b960919a83afb6e5b7f130fd45b20b6424d1e8fe81b60e048a	fb92b5e738b142ef127e2fb7d94e9a4d8918ec8965cca4c21312c88748bb80c6	9304d211d9aa2df8c3d4f35fe369bda322e37f800d1dba543257d4863054df6a	07190fa9c5d727351174f8afe09659dd15b6c2308c397ceedec764d66ce43eef
608	cafcbe3e1c1b81b7fc99894ffafec9276456136153b617916e75b7bd31284a75	f08f19b05934a19d4302b21ac285d66a5f77b72c69cf79bbd917269fbd4e08ae	06e4b14e3ffd0f7a7d80b4fd70bf63f0fab78c8a4c9abe07d29dc5901fc10a7e	a4d058ce50f8c6d6b3dbc67d36358870057a6c972568b2af60ab7ced5178538e	0dd11641ca2fc1a5c20f18420183f53e51325a665dd83948da3e2e82c4b24ed5	e7fbe75f541d534e5da03bb162860f8e242713d06ec68373418d8095cdf7750a
609	da81280d94f39ee477da931c14abc50680ec9b6dfeb405820b1bec7624d34f10	709ca855a75495e11cf6ea72bb3a74ddfc790386828c722d89846c1d7cfa746f	905e6590750e6eb3ad1e972494b645608a38774bd516c80596e4ba7f437945ba	83647dd12a2713ab26fea1711a55c5384b3f96fffd0aea498df739ac46965d8c	88646d511f8669d545ec38c10c81886f6a2ba1a639f22b8ec7904c08ad88d9b7	f012a12260856f766bf7a6ce347d308089c8eadf3c3f48a541b213198b256c5f
610	1c8fe9df789dbed4e4d2b821fedaa6af83c14ef704638c2a3157807586be666e	8ddb78a6e5f098e7d614cc381fe64c84c5cf472d4347e53bf8a30468584a9345	7c2e0f0d6a8a81056cc5fc1b6b0d08d35423e67462df8980e9e9ed3f6005551c	7d69a9f378b73ce6b98357285da8f69694e19a615fcf7c256caecbf9778fd636	e15e8284ec98eaa0f900f33c3f0de35f6f40ae16026b8b6e36ff5b0e5747e81d	8941916b4ad0a94787e2bfac6fd736162b750aae70bcc2312eb310f817c1547e
611	2843f1558af216bf984c90c049f6e42e386e5f30976919cc3c776526aec69de8	9f71cc0b9a9f07476af16e1da395837231321afd28c8bec882a0f903db8b03b7	faddc88503048009cae0f46fc7f4df5e443faea299eb4822172f30b8d5a046a3	25fbb6ed64687283389af5ac2c1a36719f7360bb4d05d31507255fa7df048166	1f5b75b11e66d9db77e6b2419510ea79f9a6c6bcdca746aaf8cf55ee6256ce96	6f61f726ca8686467a6baa3bf89a94b381b74168a2b41276cb68ddb6219f2048
612	e71abc5167793bdff153ba90bfd580db66d274cd22d23fbf6090463a17b41159	a95ebb3f98609c459f7ae7078dadff73a3de6c17f836177be526af2eb52395fd	aced0863fe164da627776d48b845acebe6bd9c34e6efe6d17cfe54d23ab55415	8512ed8c03c11252129a11f4fe566631bd32b7ad1e283c0cf8c67bfdd2ee7fae	8b8915e6cefb8c264595d105ade69a9c48f33fb26b8ec4ed0401a1cc8d375349	8a3bc073e9b17ee04d1495d2b5c8508410a8c840aeed99d77c5adc63bee15357
613	cb25748e21fa5658e085d08a2fc9c8f4b2bbb6795e11e156932e4756192d6010	54d82d8f4ecaf0ea0dc223757e992db22b7499916c2b231d43002409988c9e59	cc44f0a4f5bc8440ba2b97e0c7f59bc781dc65701a73a127719d28c96e4258fc	f63faf1427ddee4450c4bd0328603aa646ed41a83cefea4341794dac264f0655	0d92c53f013cf84a0407c3ecedf2fdff7207adbcd700f3ec0b86d29c92d49bd9	5822c2dd887304b89bb4d3823c02a720f1c55791d6e78a0202a75737d95d27a7
614	39c191872d8138a0c6745eb8d0b7ce06bd90fcb3b6271bf7f1af9041758ddce5	987d7380013a46a62b7f07bbf0d22b6a2c625199037a6b4a2c30c93dbe6f3f43	29416074a6b545751f2a588aefafd02e918b8cc2ae7018dd8d3124f2b0110cfd	2cb886217bc65b5e8607e30ce73050f181e936f9e40e9b30574f566a51c01b8d	8f109c9849d1fe1547fddccfbe701e5943f8ce5f507b5b5b452248bc35a0feaf	d314700de1e9fa6b855d3bd36f81ce01075a8d18e359286c57a3e437d2e44bc3
615	07d9dc5c94ecaf392ceedee898a82e1ecd2bf80764d5f6643831cff9f7ccd8a1	99fdea110353d18619964123a4d3d79c2ee88cadd05441d462d920306eaffdda	8acff05ccde57fe2efa74756e81a6c3ef05e0b60b125b43a20982fc39d281e85	7e507b0729c726ee6a4b212eb0a9b3cf497dd2ae068afb462b604b5b49056850	024184585a833bb47cf8dd2e77a48f2afb85155946ddfe42dd99b3380c33ff04	520d187cc939726d6dfd6da5b8b2d2bbd7a3b59b1c1611788c32c414c5201f04
616	fa0a29ad61af8b36074b2e098e3877913827b7339ad342c3ca301ead333b69f2	ead81a9b0c4e98797bb17bf94192ccb8e534713f9bae2cf84c31f0c4e354acf9	c151af0574df3a72dbd179326b49031f7f98c025e3e751879928d22fca54cf53	df84d2292066343c22e9c7c242cc9e264a6776fac02c9e645d46227ab66f85a2	7263197c329e2d3f4340ee29f7c27391f82dbfadb87deac933ff4a548caa6524	d9aff9fba3910505a40fefc4eb4cac51ba4dd50c2f184e7e0bfbe1a4de1fdcb2
617	4a2d2ca64089057365c988f8a883740e79e8d7f5b24b1ee86c0134e863f2b9a2	e35f76cbf117865939326d60c271e06cc587b21744ff7f403a971d7bb7164415	205241c5132203f2a130bba01c3ab369b7d85cb0337c08593c5ae341a7a36c6e	bfa26bd0ea20ab83aadaa33f7f2b90a4770cf4a5181be72ea9c1f1978083d46e	b661cfaf5a9c33629d8771fa299f23ff57420972d9b4476d945e546244bf8df3	c3fb30f26391754ad3ce9127ccb89a68fb993f811ffbafe2ea28fa34cb755351
618	9be3af729ab2a487ed792b44cdbe3d042b61fc0f1ccfa41abbebfc3e3e2c3863	af0aa4a603fc43a08895d635acf4a5cc0e41fb9a31564a3fbb3d4e1c66ad76f4	6e9e166ecb2fbc5685362402389b13e52003109106daec50ed89ffaa94407473	27403fcb6dd62972a0d1fc26cf6c1f278b728d365f3df145917d5d2c1d0f001b	765debce60b5d3690c4c63a0964025bcfef77b5fb76db385cb244270ae593726	47b34622efcf62bc9b2bd71ddf75fff3c584330e4c02a18ab607e3389b31c944
619	2a7973ce7e00cd40e27ff6dfe10d1eb1fb4331ed0bca1f7db5d3ce8e51bd38d3	71bd98e01f3710a5f194aec45285ee02869839d8cc8b3f7881d98f0046e416dd	e1767fe53824fa6eeda75b9d519c078be10321d35bd4693bb40f641108334fc5	01b02c04d754758da5a8bf0d701180d02e72a0d06f912109cb82445456b06fab	5d7743a5c6d09e38be09db4cb0a704a3937eeb8fcd4335fa69d65dbb506e9d3a	3a621858af9877d8ea4641241608bef366814dcb441a52cfd2df80b074d75c64
620	5d16cb8c255f39d230c00e8b83e8d61f541261469fcfeb507e1dd9dd3f2720d6	3898039507d57f849296a461167cbb7772bbd0dd360b1a6fff757e3f68883d49	3ba8027f69119f822f5bea283fdc60eb75ee6fee2db9439bc8875172ccfc3e14	dd25d22dafd4e981592d9f878d65c8e6f3b00d506a0bc1dd33ed2a9b3b87e0e4	9cbe5154fbb6b5c8c40bd039f0046f73dde53f13a0655fcd908a1c8e3721c638	2b9f61035be0ebf0e210b9b531f1b02e1e03dbaa9ef8e10098ef4cc7f10d555e
621	9d35c3f278dd50de6c5520026c1f9961e25cb3b56173ce880695d11a6a7f58b5	3af44622732c96172a908966dfe6d91d3f615229c2384e753f5a99c9186c82b4	399014cc7c16dc9df0362400de35459f428f13a9fc0a0dafc040c839a1353f93	bef6d08bbc4d573cf674a3f1d80044aa077deb68e5ff477460ff1f4339c935fb	2f4be1c3ea06088938ad00bb3545a8107f5a2ffd9ff8701e9e98d4b256a3750f	049a1e449c949bfd3bc0f64c09ad0a04286dfc906b0d3a057af935bd642c5b6e
622	e7a930956bf8d1570460c5ccea49cdb82eef601cd831e7593cf5f9c798a2fd30	2530bdaedd668b34a1ba0947230b6b69ade2a829ad10458a8be3676150cbde57	96f489c30b40e279f4392903ed36aa598b790df6856398cc8db42d145dcb39b8	ce5a5088d8642b3f6b46d1e99e05dce3443682ef442f45722fc4378ccb4c681e	f8c5ef85fdf829a03108360f2efa95ebccaeca56139309fc262c648319b84144	4ac61c02603217fdd5bb3714acd7777985bb0ba0b6d7d41eee09c61b38b5cc39
623	dcec0b5aa04f437d5a2ebd7c124db9c01e25c41094e889827f85d04877aa55b5	941d097f5e0d435c9befe7e845fd69ba5c646752758b4c63a7d026170304db80	b5a74328fdcd3f7b9b111d13112f1be66f9d6f87109f9a3bfa2e50ad89c3a2fc	1d3bb4f1f6694f52f8941f434a612bd9fe37cf8e838b841558c74766b7f172cb	4d38527a6d6a7f7963199dda5808784a34f8719d7495fbf42804e850cdc47c6e	627f7895a53d8f5162e8bfa8a923feb5a4d1972f73a725ea466bf4c3b8fa007a
624	2d362873307063ae159992bda07b0c37772ea11a9fdf4f2a625041a566e1b7d1	3a2e456f9b620b6778b25572022e972838713c9138e6426d4ed2ff26d96c633e	c1d81ead1dccceb91b912f16d37850f3cf470d086507acdd61d99900a4af7a21	2f3e8aa6ee51ff7b71767b2ff17c1b7637460218bd119f01560ca8516dded20b	4dda460a839c1f6ce7effbccf719034c6124b1093e7dada94642a2b0347f6697	745c176dceee692ad3023215e506b71a75ffe70d716f31b5be98f466198587a3
625	0f447075c9174315795176c05d0b54c62436c95f06ecf86b5bd6c58754cd9c3f	f566fab7ae3a368a63b1b7e50f37957fb3c700152cf8503c7a01003b1b95c203	c09c40e670f76ccbb7adfd9383d804c274c8ee1e6d3038bb5df6823d0e3dbf2c	e95e336337b34173f86fbc716b6c59f35d9082b95d673321dfaf285cac76556f	ff533efe3a08d9bb6e571829d6f0cd248e6d18df4986214f5646e13edae10c3f	ce717cdfa0dadc9370ae7b0ee4d5b0883e0551ee6f397736b5bd04879a215566
626	ea46a25a3af305909861ff4dca974594b9fa0a92550230fad7d1f61983719bc2	e1d8976e5f7870e62abd09c61198b8e8f53f0a83e7b12a5218b5ce1f17516dd8	df29ef8878d6ea4c526badb30378a0904b73432ee3c8d5b37a4b2b20eb5794a9	b96492c3a18128ab41f4b04149fd0b12972d3bd9b17feb8e2e4cf1f4643800ae	a8c6916fcd5dce92c9ad3efd954fd1b84a99314d13757c954019dd6c98479fcb	5fe35d3d73d814d45ecd8ae4db8ad9ffd9d4e0be67643f4a42d81f5eb9e1978f
627	c4758f89d30f6b19526b8c99498fde63fec9fbdd38ceca0fdfc60d71c513a15e	322360cce9811794cab74ac18f75764f5901dddc1652304fc8c915a6aed48d9e	1e129565117d3b646f6fee502f06b54302b5d253a569df46b80554c17ba54da9	eabc4061e748fa9130a9cba1679c03a90f9b97f56414199732045d797182a579	214a03401f215e2d0166f8b0d501fa89c292b2859f8ed9dc6338d90bdfe7b21d	36e4ba3770136c4e585287d4fed1fe80bfa81e26ff30bf0bf5a6d053e098665b
628	a45de6770c0b0fd7813a277cd8f671df82d846149178ea57f105778b26c4d963	857ee97dbf51549c9fc558f3eca19e563b6a0910f0445d4ab07482fb1dbf6e70	698eb3cc37d506b21e43989bb6dd65196f34d3ca49f691a63a98e26c7aa28a19	105933a263c5644a755c688e4580c5afe5ac96b1938474b01f4d906d32240811	0c1ecb6f4952667180fa78f6b469195f9c315339edf3038d28b90a5294fd631e	a9767ccbe00875b61d17039fced536154b43da35a70be0959a6de0770942c782
629	21be7603675a08263cb80d9ea23084e510675ee9cd836004b50db16786fc3e87	38b9b21cc3aad1a120cab1d4d05ed98a9cdeb4737d54af0e9d8617af33e717e1	066a74145cf21eb1cc4fc74874e5d5b67e30cda936fc0a5d3f31d8d138246146	c9cc7fa6529afb36db7544910ed1a8cfb335b5a361c3fd609b3432606abc020d	d770a3170fa6c3e380699adcd3206ff3bc4756664353d23ae67e5141a8184853	4d289a55fab0f2dcb60a4447b075c6847b2339259c2deb6d97716087cc95c293
630	8a970c8a2bd88cf6eb94ea9a56b8541725f495694d5ccbaa9f654e5fd74ce6aa	d15a90e24d7c1ba6e2d50ea5a0cbfa27fdcebdc90b5abf2a7fc2472b86c88f0d	4a2c5cead36b0e7909d1dfadcf6e0827f871b91014b3ce2e793403c47d9933c4	3288149cb7758832dd41b5486c90a346858b8e28febf598663dd9c2e2d5ed240	5eba228cf156b6fb267b153da2b772f5a44dbf75912ed17255110c44ba1783c2	8bf9c283673f24fed3a0c12bd81c436a4c24d1e1b9f499b30d8251d65228c69d
631	61c0b2e1a3c0b7decf5cc3d1385ac0b346a4f43d64f2ea6c1478fff7cd880dba	bfb5d21d633c835925d3f7342e47063b73fc659cc5d7e20077c690a1881be321	99817cf6be8fdd6aedad249ec64379559d2006340e321593113c5c4c13934e9f	219643db2f117a2bea8d9db9567b1bb92b7b40206a47a980f92f5a4296f5130e	63196992410ccfc85fbd5a810895ebdca4b9f2b83056527cbbcca30b137ee427	d22034e8a64e1f9bd83f534ae68a7082c7d58d4eb4b4597d6e6281fa61bc2582
632	3eae81ac3fe7909eacb2dc7b7eb1319d4ea54aeca25ae5dd421d9a1db35e6844	adae4867455cad1945f12906c79f158a0af950c89fe8bd5851ccf2df75936861	f62b876ac4849b4503140a3d2172a0ab83d1949d3cc9152dbe0b3e760ae4a021	d3acd92eeb7190bf69990fedc4f04b0eb2b43dead1bc12496997bbb2f6e72bd1	aeb326d089fbb6bc77cbb20fa6e4cec38ee24fbc1e1e9f4f293d57576a8b20c8	53a8efcfc86dddfca350b120ae6186e8f41bcaef5f39c9398cf07b2dd3499d67
633	b4fd2da1bcc14a8ce0ddef193691d92d745b56554eb911f3da9f01da1ff8ccfa	81a4ba4459ba08768c518a9a8dab09872e936aa6d08e11478c201b6ebf8ba42a	211e1160c5f0bc28e6a5c5e3aafcd2d836dcc3fa7d7e163230dfa93cf04f8121	3105d8aa7d077ab011b6f24b6b61382ba81f878b2e6d9cac376454011c1e7047	016826f751bfea82f1b6f15b3cdef6daf7b9716b9463ce4b70ff2f50785ce1d3	4cc2a994f68c66f81c411f34838ea8944d543ba8510a326e065550d803d3d508
634	e7e151447598b403d7c4782206dc3b0c611e6559bce2073c1830b49f348f9b57	93fd5c8b7ac3c2d381bb47e33540f2613b8ab87383d82fad34b8e08f3d6d38ca	92331e547e378284f8878730afc03363ecd05b93d5764b8a347cd4ebf4e685e0	9cb7c3ea9272c02be15d813990be553247c44bdad661cccb7aa63eade7ccf9f7	5da2a1e34cc831a5a19999673ecfbad128b867f84ff8a6448b67a7b30200c3dc	803b6c5452a19103d80acf903929eb89535bd88a9753dc2a9cede9d15f44d259
635	5d40dc38de1660fb25206b64ad2f41589d1e0305c3737542f9f4f5f7ccdd8cab	586c9773a6089061655d43e70dd22c1911827f7bec0221621f6ce3b106ace2a5	bf3774b4dc49ff0eecb49a34c0004b2f62214fbe039f26957178b80db136d7d3	ee740aad4dbc257a5cef752a6d8e8385bddbb1bc85ae18ae4c88e1b1548951e2	026ca2c69a2b6219b296392075abc72b59f64438c2af8c9052cc073e4d09a3f7	85425e34a9d5fa89ff33e8b332c4fad13a4a8f5098af6b82c9f08b47e150aa62
636	68db79bfc44f66d4ee1feed94908b01db83649a843ad83cf62112ca56e6eb855	fdad4aaac2417821b9e89e5763a79bf4543482dc6a81b969a5d7964cc5021a57	a2fb4f1735074770c656dfce24dbbcd3c7b31675681adbb3787bd0fd7fea1cff	2e5fe14d35b5537a655f2cc8773b36621cd83b2538c5c05ffa87acbd23613eb0	87a73f3afe6b75f6f1668190823d0c6067d261eecfd5d46be9bca477cb9e35c1	2d7a9967048ae5cbfc3d6991490a0d0c98d6066fd9d38a5f913e744a4ec1634a
637	1ff26e9457320d7cd17823eff3494542f563487d26de33c93a5f68899836808e	123d162346f5fed50f97fe0719049137728f71bb054a71a2de3697d190addf9a	1401d36281db35d3db8fcb30e6f896c59feee086ac95310478d0c52c66f00fad	7736fa65e1d87bdd7d09768a8fa09a02d77dd874a73341fdb0d974d9260f33c2	d2e430a5b2781de9059d33f03266fce1f00a6e7e776adbf6828c215202ce2266	15c3410ac83a262d21f2b5f010155aaae721bfd0f6ee22d6086b50ac44600011
638	4a6e6714087035d593ef43d18b6d45228363ec9a5e1d62d4287deb273e9ba55d	127bf23ecc2b2cabc9ae0d535ed29fe03001295c67d6d359d6b73ebe75d44ea3	52296c7cc78fae9c85e7a399ea488e9fe605c75fd8bec46dc0b383f42d3f5d82	705e5ee4274866bd9e487ed0bf89fb84bee75719c1ae0885b7a473913d773a16	f6cce8b933f31366699327a6c748128c7ff24b9e7fb5ac854b93861cc8e00514	691ff5860dc2829a59cc389a3b07a2d6c4abc432dc035dbf230ad0ad73d1331e
639	6bbb6cd9523e2176fb514ccf280cedd007a0fe256ba27b9945cd5f1c35fc1a63	18a6671148035a6aa44c102136f16dbd9045d112be360ff754794218b6900a1d	40c00f70ce8c4bafc11ca02055335d29f1a855202a87c6b4d79833ba9a44b0ba	2693c0c1dd6c6bf2f992ab26e3969b79aef7f365dd0be13aca653f6ebb702e59	003eb666b1993e199b7503764dd83a73097565948b755b71f1fc78ba0aed1a0e	5c5d38d307fa4577ccf60728ef818f5a64c32c7bda4a4f37f27197bf4f52dbde
640	4bbf67290162fbd1f04e49f08f075b5bedd12a2004d8e38ea003552cbc224a40	3d69c375c7512d423e1e8c3c0a45ccac70110209217adf6dc53aab95cf8c0a5f	2e0bea5e545ec70fb7c56840df0743b728a202e4a73161a6ac845de2e89a0ae7	35f0506bcf723bed99b43efb8f1823bc6f7f5097eb27cd450e2c786bbd2d2e96	980ac81d1928c32f0771b5a50661788229d9b2bbe271eb4f0857f56b160a20af	c8c4e5f48b12e10bd8e3e4ae324cac8826b07df571b7913243f55a4105235515
641	aa7e1b29f1ede0b5213c5bf1d038210b3d4070614c6aafbdd65051839d2810d0	ab0a98f544d03092aaeabff42ad5f054c5ffb2407a5773d4567090d0ded2d438	c607837bbbdfdb81e24023cd6abb4bf229f860085b11e6f2b23fe73d57549946	76250d2ef95725b671d9e78a12654e3258a994b8653cf2190cc5411fa0133dcb	516f4aa225480222bd855aa355669514b19ce6d97eb91e8750294d4bebc8329a	25a17b6971fd3ecbbfad505dac0dc83092c9b4a228aacb28ba9076f6ca6572a4
642	06c82008295585e4b552112738392da14715236ec4167a5b9d7811aeb3602596	1c151c252f58bb17bc883d4f7565f9de15625abe107eb38dd5e92bcc08d940cd	75216b7eb295c178c600734d4f652d876acf53d4fca64363a3d5ce46bf120a2a	c67a7f54ed4843bf082132fc61d05befb05ac3f7d6212b9bf1d96edc8f6a7862	d491c77300194a97883ff43154805fbd4843dc9f8cdfe01e2e1c39b199240666	283318186005915e4ac3ddc410a7834b107b9cdf661595b5ff54f13f9cca1515
643	f7bfe758a4a0ff8aaf6335b1c77e3c2f165782a6fa17d051eb105f1ba737a28a	00fea379b74684f7f046812d92cd58d829043a26e11580db82c05a1f44b2d7c0	3e2b21d03ceebfbf5114c54cefde4d178daf20ca8d1919f89bcadc80abff5294	f9e14ef09ca5c1471c6e5f10c10ce352af4b3c8cede91863675641969432a554	b3abbeab8bc408d16e32f0b826d62e976787948eea613d249539c84e45167f99	3d7ea13163ccc8d802ef9e792cb1437bee4434bb2564c3f47a5bfba15f2bad8b
644	014ec40001397a851978fe7aa3d12b274fcec3184dc4af3259aa3f309ed7962a	6287e2114ea58bf1a718f8848dda2cb7a110e330107ab04e236a4a214d00f3e1	1abd518f46b129e493da5b6991675f21fae03f3a740162a5de9117f150a869b2	fed9515b6c1271ed749dda722b0a7ab0bfa6e0d87b5f2c029c8bf507bf7b7197	63c195368d4d0969bea1497d7f1f191c32be767c739f2840e0adf242b691f107	3c9e5e0fe1da96643d243cecb3a81fc55370f449e933ffa7a10af6ddd09b2d55
645	ad07fc91b52450fbcd7af8d3f3a9c339a531ee93cf6b323e5e70c996d7dd49c7	2ca9f5b2c2534563e014da97c1012e89f34824fabb4841fbed28ef7933560f62	3752a6c0d730231215cc8dbaa69c0f487df3df97300d0f4af308aa68eb9f945d	30f8ec1ba8e4e6aa1611ec7dfd5de8a801de537083693376709ff23c9c249ad1	8d9e6c99992b1279acc0014021f3e32f0d16394eb1fd7424a69295278f7c0859	2b999772824a854d70b1c5d192934361abb5b792a0a82afa10af26af4d3bad20
646	2242d3f2c490d360111d8a9418cb9af223848541322c3dcd1af5fcbda19eded4	d0532cabb73e584822696dd1c6684197c3d809f79b751049c854030480744ab2	d6c47d0880def28c1494ca29a9fb33d122a591d77b34c6b2ccc7149f85316afe	a7a2a7f14f516343ef4bd76496875ee5fd711b5cf0ae4e880cdfb2df250399ba	badbf1bd1f870121a506ca423b27dbf7871c6b7b85efb4c8075944ca2c81547a	90e0112e4dbe70fae8d6e8171326ab749b3e0c6f14f782978cc867680205450f
647	470e474b77a5da8ec0fb514817251ff80cec270018438ef208b10541230f7873	b7368ba06a3a1d7b873ac07a5d215bf3ae37a692c9c7d1bf6bfcab42f48013fd	87dc298671d5b9de9f9613cf5d901abce10066bf47aa66c4b8c3a50e41f48d56	51b7b3043a44e066c7390981a506d649ce986d35f3be9359cdf709a37b93b7b5	da21f18319a57f5755623b84f66ba11c1534bd931531ed66f62739162c91dbc8	2674181cf0ba8e65ead35721a0e479b0c18f88f46d41a81b301ea9168e254571
648	0256e41261e7b71100296bccd5ee85ca5fd37294c14d92deb97317242511363b	96bcbddda9c1b43b60e4c0fffe325e90012ad4360e3af7affa3c2566db0c741c	16fd6922ad2204313256d83aad1a5a7e9c572f4c3d31f4daf1a0dc908f736717	5a9b45412edc96c01240b1f7458636aca9d5e8375394c10ddd414293c208335e	eac075f153e1ddd83135c3a36630059e6cf2262c21d54a061d93c095bc7af9cc	7a273e3b46a7b97061a8fc7909f084ff346a6c199ff785866118265bc1704115
649	097330c9974b8b37be7507085a152ffd48cb4995595e5e9666aebbc216ca3980	ea778375eb18afe3f1318ebe7cfbe1c1adf2a53a82e2a9d56a5ecac419e2f2e9	80b9dd3f462b4c65da4efb02b99654577a5d72303eb8a5cb16249669770d9b8a	2354823d188c558fafbf9e21ef1e201e525363185d88fa784b2bafbf5f3ae1cb	2a537b85141a7d4e354ff61bdc7dc48d0257113241c8d67a4b164fe0a7b94ab8	9be5883106ed900ce5ae37bb53d7178c42994121746422005bdfc57003dc85a8
650	59830c7d5e365a02a4707c0d2147cbbc4a377f2eebfe79b730383d86077f2d79	1701420583e47850fae439ed6d89691a955e982e84a594a15bc67afcd7d77ef6	c0512ade4f005c17acf530d998f232488f1312c7c312ac8770e8b251868b318c	995e1ee7eafa921c4bec337fc9233f2228875aefc83616a57a0835ff590180dd	59b1eaa0b2851188aeb6d8b729c333b634b230c25d3f3d13290cdef488002027	f2fb6537152a535683d6fba0b9ddf7640f262db2960a062c73f374afb623adb7
651	eec4df8a167580669ada1e1c301bb2d01bc3e4dc5b71cc8b9b56aec6ccc41d02	8c5603b05e2af385fd830d6d16edde8e05a460c2cc7e0e80f7d8978a44f6fa01	02f29680e5f7980d6db247c58f6ef664235a4567d88cc4bb31d5676888e60363	10abf297a6af307b6d6b278441ce1d4c259149be3bd110d0e07713be44f50ee2	65a4e7efaf8d6950cec13eb1491d23c1967b1cf235423da7dfbb2e8a2cceacfe	5a848ebe20e9d852ff492a93d9f32220b3a6ac29534c8d6ab581b35bbe15dc81
652	f372d781740f53c770d45874d79e55d0199d7e666e6ebddaee8a7c3eabbb1bef	56a46ac437832c874492da025e098c3463d44b66f62c774d7cba28df295002f9	ee0106301d26e89e023ad109849bf782a65cff84d5b4879711e34bea06dbb7d2	2a4bf32118ca17d58bce72ca81f82d20ef029a3b33a0f7f8a457bde7c266cdfa	e1437432249f6047a7cfc1e65822cb38980bdaa9563bd4af6684e0589a481b5c	cd544b6a698bcaea3cc4c8ea42f27bbf5a4be1acd20d9717490b9bdc89873f8c
653	a6550549d6b3ea266c9216f7c741b91eddf9e11fe70fc79022d644675572d9b0	b030c8406d041433dd7d6b5823fb4993bc64faabb2dc8bbfc0b449eaabe555cd	fdb025a509acc2d83a2c4dddd35f0674298a31354b527de549a8cc44d562d9b3	8dd91198b8dfd4358b37e0e8462853c6809270b66cfaa3c0e2dd253a3928bd3a	f59886ed8608074b5af3fa90989e3eca0dbdb68221386fb174b392d131c1e448	28c1e0fdbb0e8a2ca13e27447aabefc61857b3d6cd09c0c732dd1ff0613aa3db
654	e5749e0349cc7d3b26779d6db7eba405bcb9afd6a662eb567a6e55c3cf01880e	c69ef97f80f61d796b0039f7c885c104105029dbb26fddec7747ab11dfc0c81d	f72e371b13ce7360f1ddc6137237f9c1e6eaab73595dcb4b0a81524c7b18c194	55cbdf3fe225e5c75e27a1696f70afd2a6900c259cbc6867a0a216274be1c899	e4f0e82dada6d507c181b018fc673ebe1800c39c5bf7c2b7fb1d8b95bc1a9cf9	a12c1074f22037a1aeb3b9eaee1bf6bcda51434e220ac3072de71ac8389ff408
655	b674743aeaf433cab3c5cd505a115562676aba94dff9f965606f9419d852f162	6c8cfd13cfc29645ea6b5c872c7a67333972643ae77e36989a20d7d855099ce5	12432be2cdc2c4cac32d0e24e52746c7d4fe235389bfe7d93eca8fa99966e2c4	9e305ae90dc5ff662c0e340022ff2bfbdabcf2a33af2989357edde854f6b92ca	872eef6ee0bca09fd3b80a20352efeae6d0dd6c94ea37d3bd774080330a5f582	1ca0f878ba21ee08b6f5830c92309ed74f4df0f44f295552f2d3f61af4070d9c
656	0c4a293d3fbf377a69f9b3d04ac9723954f6cfcb91dbcb71ccb567df751e562c	4a79512d6d02bb38b9e6cd62a15ab6c3f82d53b9087aa7c0aec383d250fff695	d173422767a1eaec4e8716703e302fdebf52513d89321b4b205106029cef37f4	fe7150a3e646346f3bb6aeaf32ef7175449d425780c1967fe64da5fc404784d8	c5d49a4ed9736b97959b1752da76525bd332fd488dff23854c93ffa74266136f	bae8f7c4022fa60af7a6190a728e027d4aff47e5ec57f0b4541ead8cfbf4ce2a
657	1451371cb485aeb3e2c4d0178bb0a62cdce4ec23e52286accee6b87e1526acae	f2c6178bdeca41be5cb042bffdd86f2513d7f00a9c943386dbb4bf60b4cbb1c0	e11cb6ce6198b485416201e87663529296aeeef09d66a02ddcf9ea927aa7ee8a	0544728f894492d2e65a90e4691a31e448afb4651ae7240b97ef791734d5e295	b259f36f0c5dc112acc5f85ab6191e4479910a52c80ae19935ddb85498ff7856	3997399984ec8625b26202333fc82fe512f8c61cb5ac3b3b180128b827b1682a
658	ae32a3789b799c2e854f3bc9cf3a2b26219c6ce3d7a81097caf39dbbaafc29b0	dc9591c5e133d0914ae9da06a8c536987752b8746bbda872156b72a0cb9eeb11	316e1c6eb30293814f62326f3c81c01e1fdaef099589d4e1d02746ddaba43716	be405657785ab3c04f3bea8bfa96ab71c4751989c0b77c0e5fee63fbeb8cfe8d	4a354ab6fd34cdc23a4efad2e267a954bd6fb6e6bff434787a917940fff71c67	69cb88e459955e72e1b928a966b73bc0aa3d9e7c35d706fbe7b4587e49efcb2a
659	901470c326096e7c8fd4e5bdfc31c9dc6bd928c5746a0e5e8b3d1001841595ea	c6e275002ba482546cf2f789335b11f4dbe365ff80c38e6a7a78b2694595588b	ab0766e8118f3b108f0ba58d6240e890d9e9f22274eb9e8a9e962f7673bb2186	41c7c987006405a08f165a36cf794f1b0e147b6560b4244da887dc6513a7b6f4	c6cdf2a0cd903e25cdfc54b62d4c2aca4ad71746c4cd9fa7a297c6a5e060a315	996d4276954d6af72a6696eeebb52f721e57a0787ee075b6ed3738b4ad83999e
660	9f54359a488491d07be4b1d4cc5cac4e1f572e2df6086092dc91be2c1dd69a1e	71c2285ac5fda257576958473d48c4d77ae399f8a0b7286f491a9d2381f99f6c	c9947f098d7c3137ecac17cfecc03972562d41de27eeec2e5eba3bf0849b6080	e9fdbcafecf24d93947d29d799b33444ed49fbd13805e323447744986e16af1d	dbf66b669e1e6b903874acb473a3af2e479a7ea888866d1f808392ecd9695e8c	3465eaba3e96068c65370e65c230465bf6122249b53a9453d62fa24ad0ab759f
661	e5e9c2ea52b1894bf2ea6be4e1251af9f257b0abcc617b1543348061385f8961	3209d8e06566caedb5e952262777115e0d87dd45271daf9ea767930f711e5577	3b3304656b630974105412049111a7cb5aca9e39e649b240949206bddb5d9309	4eb7cecdc449373e407ed95303e253c4193b1c8bc1cd0ce050e27263f62dba10	e9c00f1fb63ee59169bbee2262bf30980073eaabf2af9d2de5f73248e2256a6c	4277f6ab97108d1daba16814ef41240c8eaa440e30747eb2b0d4b72af85298f9
662	4d79df01e363739c07db93e61c490f3d41444f99eee7633c05567db525e0da3f	1675f2f5cd0116137c46b71fe586e177f704f927ef78696b7173bff80bc2b049	5e03ed289fb354450b0a4a3a680a62de21326f9790dea0de315b2ee722c87d1f	d61d9d09567c696afa89c5a7c584ee4c6c0ae85aaa34fc778f950e6e0308aac3	5c194e18aa7a18a4f4537df6ab73aa0749ec364e5eaecec4791ea28e8414e2de	bf12061a0a19136c8e2508f7b42ed7d3d6bc2982374e8d701052ae4bc2b871b3
663	47ef0852be90b38982512742b5e034965dd2aa382511d5cdc04c0eff3be9fa35	4193f0454f486ed4c7444d30b4edc423458be140c019bc9e7f6211dd6660b73b	309e38b4b0c1c05be63d6b0a2de77a64837e50ab3f398d824c94632d2fd8d3ca	e868e087da80861cb433464bcf9d99f928fa21a359184bc5b4666a0019317229	2d2ae66cdccfe8f224a5eb194168dfa39b6fcaaf3b7b6bbd83583c58667560a7	cd9bdfbe2a334280498499e2144040f58abd715aa41208dee302458c6b765b85
664	b8cd27bd1e00833a02517dbc58f8dc75094e744776c20872f4ef752abd8d3da0	e9a2a5b88a4a726438236982efe1495f1b04a92d01f7659376b74b8200a32e9a	a0c44baeeeec6a8f3e5a5c200b6105d2d00a925e2078882a7b36b75d01b71b05	b6de8d53aba390b4ac42b30c8ccadd667c0baa966f35c4fee40d30fb48af47fe	8c83a3b357f66e175deea00d677ae1625067098e8a34fdc42d98740ac444ebda	8ec13b0fea4649dbce4311a603ecabe819b994eedbfed3daa9e06a247aed1ec9
665	2996e2dda6fd357e78b85f5c3ecae3ec8d6b1fda7d9e00fc8c06db4be4cd4a3f	a32799d94b1cc3ffe09245757cb1fe53c8e92ff7c3283559b5c38ae190426f72	e6f5951a84feeda0696a8a65f9ca2d86f6a4c57930a25574a6d8abece3d88b69	42c4e155f9a0b13dc310a1bb91b350f0fea6aa3c9cc0b69db509b51290d599cd	50367c5890ec8a99a3ac0e5ecd573a7cf491bf4b4ebf99c3b5248318c7679fe1	3f6ca960a0c0b45c3eff76006a0643fb92ff9d31e2566348b99a544963060745
666	02225fda601bee539964c27827890fe4d96f23aea0c1037ecc53076c5eefe601	76d9267e54db6878163120a4200b18062cd0d2840cd27ad569abf2fc253ac326	94610ccfc48548d900a068cb668ee2d3d65f7f3dfa31c701722710791472d976	c2881f44c3ee3f961eeb4c33cf1d11f53680f4887b986a628d9d7f8146df5895	0632a24d510f4c507e4228f3b7c33ed8838662682e769ec482b1d65e77447bee	dd94b90d81de46304b8df163a22143e34415c54425a2f7df9165ee9fa7dab876
667	2de817b15822175e646fe9804a1d41932589ceaa157a4fc262bfbaf8acc4e576	637b1e7f8ebd0aaffd54c45f0892674585f58482f7a5810f6fa920aeafd9d3fc	93a286da7bba4906d13c2032c9d482c40e8f689c8e5d680f9cab3acd81a1ec0c	de4e1ff4e55b4aadbdee2ec59be7597743e09ac335e62897fecb189fc55e39fe	68ec559680d4ac3827c9d8da8b37b3bd32915cb0e138f1c94c3352df1e1845de	9de456dfd1f2efdd1291ec7c7b4a4e7b3e582761095333fe68343789178ffafe
668	d7a9d5fa63740e178a6cc7e93712015218a13475fed13c99647f32793c76e46b	afc51de09560a92402957603bd45bf105505141f237d9cacc4938bc804687301	134d544d291e55bad80daecf7f5dc7c026eb3d567cb1fd508f8ddb045d4c646f	6314e5dcaf2fecaf5937f3c8c8d6407112cf61b0dcf42c3e6d4e427373a2c408	1c1963d559116e6642ea1165f852a592a56168fa553526dd03397c26ea6bfba5	7f325c36f68f6af234fd1cb216786a3351e55c796d9208279161a080f7f2ddb5
669	c0b5be864ace59e3ce6909f90b5eb671be124570f116daace2a7efbe90813e8d	61d2a2785afcdcc45e33364be4c7c592b7e179b5e40fe48092d936e02214485f	8e9761249b7c820a025e63886c61d76f43959b97ab4d28ca281c29d3fc5d26a6	6f9cd612355cd67587ecbbf17bfc404f79e25ca5f2649074c7f20730f0737f0e	dcea41bd646629eef386e56897fcf2df6d08676f1775af714c26ecbc5ca34d86	90d21617a9d22924536df8f2f444ae3e6651f716bac049b19fbe8a887010af66
670	aabb675a06755bc60c138ea24817a2660611f1435f6fb6f1a7ef3f89ba586d60	033561ff4d48db4fcd95a40d395f3f63ca3b45c66e809a46a06bde5a8e2152e3	32dbb7401f4ced77049baa4340ce6286fc061d1e56a65a9705b2cb02916cafbc	ae7b0f7d9510c0c1a8cd348e5aab7acfe2fa22a7910aaa8314ea183af1387005	26d289b524d42bd80332a90cd79fba2210413e88c4eef7d0f4042f6ce0c49b29	f4efa6fca91e42097893361320c9a4648601eff02c3bfeac8146af5ce63dbc36
671	ce69aa2d8bcde8501ee9bb357beeecb05d41ee25925828db784c6265a734a514	a455a3703e8165b1bc981e3fa89b944736c66d7bfea24ed807bee229cf48c4fa	d8a54e3fc904a81fe69f8bec35596a19f88dcd87eefe386664fe8f18863b20b1	ac8a4bc4dc0640e505ff0873d8c191ae7a2fcb1720210a016bcb159390b14f9e	5cf5e23694659b482d1ff2054dcf8e8b9eb450dd8c4aabd7e4b4a18af187eed7	63e99a407bfbdf50d58aaaed514abc6e0cc04b046ce7a9a8d86248fb1718db48
672	f59f451fb5ef34dc236ae804b185c3b3c837a58923c69bf556ecf2e4460fcc03	aa047edaeca3084f34f167545d360a3f0c5940eadb883c85de55a18034350f30	9c90a0a661839df6a305b4ce3cc4130ecc271cea319c41531174dda32c1c1ce0	ce88f37ce527bc64a96ca9f24d58827a9a53220d04c7d7fec35ba6e7fd78b1a3	393c1ff7b5dabc6bd3a4c327a9e31000fd97454f34aa0330c02d18f35747a5f0	af7bcdecf2d367c17780bef5965841fdb04024f0b767d4f2823952436c7ad856
673	b673971ca6a4fab6483edc72b47fa069580fdde3f82e3807447b6af6b2de8b74	869228798112c1128ba1810b28fd45e1265bcdce16f2ddd10cb6b650ff2ed77a	238e0ccb4cfc06536b0aaa9da4f53fe534910d706160f641308f27b4e4d13320	47e5afa87781836b7cd7960413f1e58eea544a7b601f5a6c2b481c3c2f657a97	8ba34a0ce6091498e5bf8944083ff9518eb8f5cf0ccf9f0322fdf450499a85c6	5b1937fab44a454d6db6a3ead0a5b016e8a934b3142c498af216b5263e15112d
674	9cc8e81bfaf82b8d2a1b0f66dc5cf82371c3338441581ed333af82128e8b4265	623bdf9c7fa6a290a48b1260bbeea84a8d5caca2dd9eb219e4d7158b09e1e031	ecc2aa2bd312efb6152839864c7d8cc786fa85eed5e077f4d1c1016d25c38160	35a537374292f910537825d2efff945d82728a69e19244fae364d69d931f8e1f	c85cb02ee9dfcc124a459502d0ec4062408a4ba14478ab95707b5ebd18b3cbab	dcd131ef0d88d33d7539e52f65c3e22483a622432937a52fe62f1b75f724084b
675	741060dac907464dd668ec478da77596c4cdfbfdb0ed88a6cc5cb7e4afb38785	b85aaa7a743a08269298e28161a28b5cab4c603fadf412c1b20cae208bd965aa	02f68a7ce15253f11bc70fa669c5a74b862e9d0fe58747a4c70b69ba9c811a18	527876a4399d81e2ff52430c2e3682a79fb5f08109ce630e960f72b383da207a	b800cb13f56ec8015392c3af8dc2f2ddcf380a7fdcb1854bd252061bda557a9d	29498c6b4f11c2d3a5e8425cdc480502644ae4da9fad98e9a8d03a16be98e1b8
676	06a176dfcde158469aa0c6c4a93490311d1bcff1c01f9c7b2cecf289eadc09ce	18619b600d8cc930a325a27d8554488071713ffefa0d1bbff3ec8b9b75447181	d738342775a3dbfac4934f2946bcca5ea80bea929f4a9c7a65f71567ebe673ef	717789de184d2a37b76df0b12f41263cbd74366dad918c647574fd53610beb30	c7137e1c8b13bc77cb1106c760550cedbf943bb82153f0c2d448c89534c61d8f	4bfeeefd9807032e5a832a52abb73b111080bfe3f3ae0e354664c76221cf3770
677	01d6e9083e049b60667bb6ddf6f4b01a662b23d71dc4c7c0c5d036b1d64291cb	8c4c80215994018f8d5ed89e0612714dd53c65503efbf4e7ea3e691f2fdda8d0	9a634df08b13085705e812f86ade1642d7c3f79481d69afcd49a4efd2c6b701c	fe948cc6b466833fd422b07040126d4ace1897b7c748b12e9a00899d22e56fd2	518a79a63fb15e4c37be7795166c9e754e3e3c7de7b1de569c03ede6ac3b2966	43227db29552415c739d787bcf5e8e2f070131956e366a479bd53c62e0d58324
678	340ca99a15a7d964e33b396a5e62f4b39aa23db6b7feea962503b4724028085a	088a2c024af88d733aa7f89516e07040ff1f2327d733a92315c8e7d50abc0466	f635ac1e7857a72224b5b889f80a510b1cd87675005028c1ad2d023170153b60	802b8210df6731e92d41454515c8bc8efa154b953ec5409906e0b19a4bb40018	60c05928dd68af4da10aceffc87c928b8ef1ebe23ae03f4df7b6d61a7671f4bc	92233a409c55233ac3f2588c516af8561bd4b7db9cf82390cdd09cab0a624c97
679	539af795a45fec1d605c52238e1940225a0c4d198f590ebb1bc1689afebd84d0	fd8142b70ccac6e7e262a5666358e734619a11bfa0f4bcfad0b7355a8a08406d	30f1dad07cfb5b3087276cb9aa93e141e8a936e8210acd582c3fd48f00a1f512	1b1415d387c292596011e38e98061270035e4258712d486962a2f0921f4e5965	f1b5b613c52d9083188abc742e690b67b14464b3e8dbaee12e7f8e1a14306349	9906efa92ac28ea80b4267f7d759ee1c0e4e73b2f12454e596d85a96104be4cb
680	690066806c3bc70b0ce3c9f857633cf7e1c919bf11043e346b45c492680cb6ce	2d581b0fabb981c5c0900569b7426a19848ec7964195895a7edbf00da3512bb0	7406fc67b422cc5f6a5f3176df3cb523db5322b57bd6a2be8275a7a73ac989a5	681450a52fdcb8399d5ec3c5a63bfb117f13294970a3c9b549a70651d8e75979	0a0ee0b4922231d60ee6065ad3b691ef5f9a32dfab2069e617e80dcf655ae82a	926e2f285d563d167d7fc866f1b79164ac37f87749db711c266ba98ffdd1fa91
681	6070786fe78839768ba47cc6fb1da8f2ae0a106823b283600fd1e1597651275e	2afd800468bbdb73119c950da7af3d202d49f343d52afe4b373587e65dab8084	ca89712cad93405d0267c7e0642f1795197a794472692c014a5fe131450b7db0	a3de73faa4d7afe0f34943b368489d3282e427fa2b994e14d8e10825ee291618	7755deba82bf54e4424d912022edb9d4323e9ff281930c094ce4e4b06160ece9	0644f40d2a14c583edb777fc3636eb1dd5b68723d4ab17966399dbd4df3165e9
682	d24f99716131213409cad1348c5b3db6a5ddb98fa588dec2e139a26ace189df5	df073469ba3958071858da84af1876a98d4d0fb972fdf6f0cf235bbde77c9f6e	35155f72a896baa475791c39fb31441e3feeb80ce7a038990e4476d21194fda0	1b35cf05eb458469e23a77c129165445a686fc146160014002518d3063843bbf	8ed8c09a07d5abb98f42ad282dea64694f277621ee45c367a1b317488a49116f	9070ff6c4fa16348a2f93442daae715bf5881b7243a9c97ae63c6e5aad520b59
683	9adbadba8b4f7fe9efbd10c9b91eaa594a2e86464fe0cc6761736a6a3760e5e0	0e58e7664cfe955450e0edcaa602788e482bf29196251bb101460ed77ba3e641	34c1a8e1fc43cc07ffc175fe0094f356177e94fbd3c6e24b4a8cea03d6727014	b830585f95c2ad7da2809c7534e48630f9f8eac851256a05c8dce067574d1c69	f38ad272006b43b8e090cb3e475970a168f298a53e70d1ee0700b646be60a23b	38d02e87b86f7102af492abada6fcc5656499bfabbbe9ada2f09f540cc87e985
684	912bdc0cecc6a62c43683a2625a63275b967dc2da9a103b00d15d15365b4f526	1cc04dc42032956f39308dc567aca6034c730cc2a2fa64b984dfad65526c3f23	fc0d483837ed74d51a2162911db5259c83f995ac352b1c0553bbdb428d3fe0c0	cd3fe8cc4f5668e6a78f9df124122be763e4bb8eece8304469ef6def78fad88a	a4c6fffad3f2063fb6d9a0fe08ece3de4667a4e4321935bd9f437bb3485e6514	b429b95c18608d4310438db0915d330d0fbfdbfa921e317aebf6dc6f28a66901
685	477cb9c4a57f3627a0febee5a1528f1b3519d9b02447b180d40b8427264e8ef7	790d9ccc5188e5cab95f081df2828dc3829de023869016f1ceb2b906b7483144	be6d00c31bba461eb14523b36be243dcb9f0c5f5b3e0875a0e0105449df637ec	9cd721b4211f5615d55ccb7bb462f2b0a22c9fbde92a87beb5661c76dcf4e9f5	27a9601e9f0d5c08cd122c639d2c5b8af490c0aa46fe2252569d553352a7222e	753fc2cbdbf461c496a71050a13b2343548ec269e9ebb3e34d328fac95d2b4ff
686	d142293c1f2339fe712e2faab01f229e636ec6f2bb40c4910f4fbd2d8379e96e	83ff6c23092aee16b8d7b4f23c644ddda88876b79444d0eb8abc1808f2cd6c0a	3084da6d6ccb8d524576937251dd6360efd4eca8b72c6fd94280c9343ec8c6ee	fd107240107cb8cd9526dbccf9edc7436e85c5e73a2e722444c93ae285464aa7	2c97aeb0f6559d1f6efec6fa1a0319be8c3a710e2f87e4754f8ea6a3a7663136	f87c61a8a34b7964f53c4634c214a338b93ceb432e2d71ed042acd55236f599a
687	d4ef9c98f61649d70034a5737a3792874af1df9ed3f5b9cedc571443f85b2db9	d95026169143884210f2eae76d8dd1722d2efc1d49233270fa1fbf8018573982	3cc8f1c72f060844f3862aa25ad37ad1efe2c7cb364e5e485cff96abc7983f03	c50a7debbc387e1f4363f0edd16ec7b0a712a1e4cc84f440fd6a3c7e072538eb	0838ba92044f80045c3ebce5a35aafd62eb50828443140e169b28dc0f724f054	d73eca6ad4aec967916ac3f239ba4528f3b390c664187190479f203dfa100a8c
688	d30759dfd3b722a9aa79d5cedbeccdfb6d9c74fec93d154da87e9284c230a928	7b8cd5bca828e20509d3210e43e437518bcd43ca245cdb71b859f38f4055bdf6	7b396dc0da6632992559e6f2884c544e399673e563c5ebc420858f522acf8cd8	131e96af062cea74e64a66861303185058b345b4067cc1e3c7abcb0bf00b134d	e47bb0235fb2660e8ec6e29be9ce82998f50cd74fce7002427fb4244af16e85f	5b4453db3939f92dfa44e5ed3e88f252a1a09ba82b21a552c0eb26a87cbf45b0
689	e027d4c843cfbf82d0388f2d8a7fbc0bc9f2037649258bcc367a23f6f098b248	af47a4b019a439660413dfc33bb6d090f05a0fb5d9031475fac084f58ea8cd7b	d9f2483e924dc728ff071118a7666e35c51534ed2798fd1efd1669e984669b3e	aa5598bf6d7ee15daeea4ef6a272f926a20d817efd4e4af17080b822c2037242	40f9199d0bbffa4e5868fda7ea42beb02abd0e7267f77a486106bdf96bf332d1	1bbacfb453efbb878a1fd6e2acc623a629e9223fa93078c12c35f96271ac8b71
690	30b42038a5a7a7116e0de1f1ced0364451e9ba363671ed123d5862c7b937b0b5	67cbbf6c88bb0e24ca288710bdf0947da3dfd15734b4b95cb6ec0f16f088bdbd	09bdb962e1a2a235a731db51df10d828099af191455031edece22be637878633	717eeb57c483e548522a5f750168342633f4a0dfdca85cf03bd10c092baf1c80	9775073bd7ea974544f4e70ec00c7dee60c1105929c2f0332524ea011faab535	e064af08f5be999566651a39aa100bc803f008d98c0af7807713c5143f0233f4
691	e85ea9341b1f7f9104ffbd1626bfb7b9f6a09d2828e62ce6d333cfee6fa417cf	52ce1bc5a00592f68462138f53cab772eecccd0defc83a9ef0716da4a655f49b	4c3dc52051ca9385b1bd5070caca5e00a0c78788b0c68989d0b70359153d0e56	329abf402d025b7a4eb9d788ed989672d335df7ee933710e9cac114e6d877756	bdb17d093973e84832d1de78a92f3205b7a67eea6eb8d5c9efe3b2a93f0c9e64	d53b0b2176b71d0fffa7f108b25dad47b3e1947e3302fc3654ce8310064f8236
692	8987c85f814d2cfb9b84006df182d98b3c23731560423c8e7478c40d84739a65	5b637bc61452e0faa3a16a84e7b82e75f7956c33dc055d0e767d4c16d69460b7	86f6bda3a627c4fdde481fa3429a741e6ff7e54d8dd803fff2a8938cde4c334f	93da7bafb4a17e9a0eb0b5b9e615ecb4815665feec33ddf950a0ed8fe6676455	2d21dc3f387ee38c40cc946c265a00baec08107aca30870979b0148b6cfee997	47fc4b3749fcc57cea989414e0bdd53bc8464cf72aa2de00f877d874a10e438a
693	309d464efdf7cd261fa532e2e24f2327452a424b4c00f1fcce4b8abdb81e47f9	050454d0028be002b5a8cdee9d73cedadcc876fca1aeb20c61ec54552eeec94a	df52b292660a1ea05a97b37c442789d7b25785d3dfdf4c7b7bf046b6ba350323	23d8e85e058902f61c9dfb03f0e89fa1f5c37bb0ec68283c9f5c6304f8cb645a	b2b5e75657adff7ad789321ee08ab204058e4cd8d52b0705d755ba97d25d6591	12a7a4652811f301949f87b7b72da33a40d83d9127dbf8e931b4915ac67ebf9b
694	4a4a9e3a37a038b1eaae4626a02e5b84ca578316cc9efc2bebfc3ddf95f30822	2261aaa64873723b1c668a901f0c000f0dff2e288b659f0a5595edeaa5d6c4b4	8cb90597d9dd5cce2d9970a16eec90357c8b9eee953cab0c6cc47f5433d1926d	fd5b3dc08038e13ecdb0ba97c456737a37dfcca5414bcc93727322fb6bb09176	1f2a780f1bd4da492190afad8659e529bddabb0af482cdbc069a0fab808b01fa	ee3e9648b7548d1786f74601428a071a46704af751abd9fa7a854e908f4be7c4
695	ae9e4f04ba7bb58e535fb298ff4fd01ecb90b87782511557dbc21271eb20c2cd	44af6d8edf9144e00661d84239965c79450a4a55ea9837b9afbac5964c1a11d8	aca5539898ad84e471e3605363b251f40e0b3f63e0f28e8235a1ea2765694286	960b9bf443230fe18990d357ee45a099931eacdb64e45ac2f44a0f3d7b1c2f29	dbf1c6f0f94276b94da42783654c7e74a455b78d3a791e4ec74ac59009c6832f	0728f0ecffcccaa32c6b8fcb840239791319fa5cbe519684bf84633749305d1c
696	ee8a1d53dbb46a3184514bb905c3cb1c443cf8595a4c98d43f5e6deb683e7551	256b82ded51cdb92fbfac4c25b2a04134e032bb11018034452c929a25171d7bc	06ecd90dae1efca8d5f87d7954cec7c3517ddbe19a03574634aade641f185775	f96e773fe1efe41404517623ac75e0954557b2418f74e5fc4479a20c709985de	225699a7b4ee0adef5ebe1146b44ad3beacca57e36f2fdfe5e324a005246f60a	35b151a41a3995d9b41d0c5158a663292866aba4fdfe22a84d1e13b62438f300
697	04c238b84dda7760e3408be9717672ba23dbd7ad8b7fb651cb7f2fd30ef5694a	9e2742c6d55186c5c5ef122197d0ad49534d1ac7f7a4452abf29b54991c46a91	3f94528de9ec7666d0f09c6b67a28ef7a41388eccb7d79d5705ba16b93847240	43cb43af732189f43c5298797d1329f39dbbdb8eb726728d667cc555a15c039a	fa6c729c72262dd377de29d1f35ece648c699c1a5d6addf02271d271f24684e7	d6086505d4934dd65cd989f9893d5ccd4370461b6bb71d43c879d8b35001ec65
698	da341a08f597fc3a93c9b47c79d2804638b1405af8b18e63d1b8f6a8e3eda550	d98f2b8af82573e9886d505c752f972af6cc38d208908c692b2e7ac9fe718346	c36d946c5cacb17cec6d4171c54b8d1d3aab32d8e2a750875a20bf041f4d02e4	2ea1830bce0b7ccfb6e17c3a4c3346bd607648ac610b820f4f4fc188f3a9b7ea	bfe0588e0bc6b575640be732292ba4ac6f06ed9c7ffed028ca6bcbd5e25b1392	5eb9046d12e1f0ea80c53d965e79f41d0382ca157f0f4f033e5cc44f50279550
699	7f1885197dc7cff63ad1e9f809cfd215aaf004e0f1486134632f5660f559acb5	7da9c2896d41e8132098f69100c526f585b798c3c1188722a150de514bd9103e	03205a24e06fdd9cc98a3953080a60f8fc5d27ff824bd388a515ab9b411c89b3	862d8dfe809e6e0e1d72cf42827bbf06cacb9eb6b06df50abbcfe64a71430972	b1c5d5eca52f5eceee8d5692224799032d9b2fafe85766c0f8a35baee3d79439	1e5cc0c382e2abb75c2db6f7eacea64abc898963b45f2335d779125ca0c2fe15
700	a09a97b71da3d276e8e231638d389354d376b9e8ca33007c5b1044605bd53c40	268c63505cb840701576cba36c3a78af1d867e5735ab307601f899936ae9fa4e	e63d64d869f93aaea2fd36c54f5fc0c6d39052786f67097bcd6404faa464fc35	76560d867027b1038c9d9c297cb8e44622e8d3d135382a21333e9a12dff30453	944ec0f127bfab6da17ea8475196fc7ead8f43ae856c2cfbd582db01724c5848	107cbc21ddb6b452125dbdd38d3d945eeabdcfad7d3db77e3648e5e2ab6cd526
701	e3bbfc1c69de9f249c09755cd177acfc0c03ed954b24f7f9bc4c01c5a9625f99	4b923b8ef306f547530290191b8a860115c3c990eec51022519bee68ef1ff663	ba3a8b9f2161e35d22bdc1e6766d086d6a3548a0a4f6e2a816c8eab503df1146	add6f062ae3f6378d0e8ea0b6b53a35e2b6af757e931d829247cdf2c789fa1f2	1699d381ac7bc336bc37bb52561fd24c8ed6b339768a954ddced300d2068d786	dd9321f4e15675e8d9d651da5a67d242a8b299a4b998064fabbab640b8d43371
702	57bbf58bd52a2ccc0effa2b1cbf66946d8261f562871b79b3706c2aacfbf7f5d	7b29d44942b31ba1f9fb95e3b331a20c070ab10a4f5327b3297dbabf4d165661	f80c813bac74f659b5a89d9ec0d9fcfbdbd483fa1555437d5efc1daab87dd5c4	d217ed5fa6d97a091649317567a6eb2bfec9828b94ba916245f760f6f5ea681f	c765ae4e06943fb71ec069b57511de5e4275e3456d635d783ce14f7f603c16d3	58061382c8dd1fab00430c5fdd9e1ed70b7812c442517a839a496512e8895c96
703	6fafce08eca283152973b14abbe60b221f1243c7cd39122ad5761455a7765d04	9812c3184f1145844e25d36eb92ae2c231e344144306bf01990d6d8adef483c2	9662142e09308f73f4f291df71760ff450a1f98f21f7ef509e970dd61d49637d	8a4345b1dba565c6ee1721dd4b38955607cb3bbf42fa6450bcd51dc5964307f0	e19010ec7a156a835f89e23491177f7458f83190c4b425f42ea22e7b77ff06ae	bf4224e4866e74efea69d0b2f720bab3184eb81f01ab85076806672e556dc87a
704	7e1b3cf6c531476732bf8b0c6e64559f4948c3db1c22986b5b0cfc45754bdaa6	f7209e1fbcaba7f0932f12a42e28890ce60ae3de0cf7fb1af13048cb0fa9c628	4bef193a318961cdd3af1a0fa80ca5964d0e33d763735cd41a49c0f8aab33649	1a550d9cf6db7b48e163f0869603be02246a8cfa3559277281b3e54ffe09bd7c	93d4ced4baf7a8338149e5f038efa06e60b75a58bd18f214c5b3c64512ee4fa7	85873bd459cf591aea0f81a03ecf1bc32838b581df00e46ba77973f92ccc8ac4
705	c7911e2deeea669332be07af85a2c776a1c6f957c7bdc18f89a823efe1442d09	c0786daccfd76be9629ee1d8de076c4ce493641724a1f386201c7235b04739bc	ddf19f5d4294c7b6354afa651a6273d2197d70e462fff6fb1bc994591a6a005d	f3242855f4bc2943ae7e3cb5975a746a58b8dabac62708b29a8b5ce9aa67713d	47ef2dfae389669bef5bb27954a43a2d6f37e6ed2e74e44f7f3fcb76a1faff5e	cdc2f84a3d67cf406b0ca35d5bdc93248924b499850bdccea6b92fa7bd2b162c
706	6c7a87d59f180e6762cee310acacba46a8f2fbbf86adeedea2addb9f4c9ed221	810e456fdff3990e99a2593b55eea042ec094cbeaa9c57a484ead588a0dc3ba1	ef3db41b6c0ae1cc0984e929939b2f6a764d21595aa9cb669f8f05c39c224901	aa22f713f032fe4cf6171772f6a84d3c4111f6c9d97a7837cf4504d76faa5cfd	32c68962daa2a58125c09588d50eac2958084cf17a611b2d88dad3058d942939	0684829dc972e61213a792b5cfae1e9180b4d5a6ed4b2e79d59cf687296adf57
707	2e387d494a425641bca4456fe723aec9137a3c623d9c4bb6789166e9a177442c	9013f9113c00d38475c828107e7a2c535336d602328b2e24fdfe577694f525c4	0c4d5893c5172f4d1220bd93444269e4e257a8c0e8b2e6ab7cd92f2cf9cea0bd	2df9c31aa4728e2c93f9dadeb7b2a95ccf766e4d074348398c7b355dc77d317a	26357a1382795e21d73e38a22c1b8640319694637e8fe2f7ae41bd7fd427f7d2	c8206b5ce527286b6c5eda6a22868bc3aa6af664751876e416670f4c6ecae3d0
708	355c39d9cdcb8d2b4c463a8d44f4b558e025a9c8db403e460d4a9e530ab40235	e28053f745e32733cb7240644da46bdff03bcd4aed8458cc6a8d120332faa616	6ee4ee0b3e4c462dc1a885438cc47320a8e98b4971ae77623ac72382c944b7ab	14c8fa37b73832066ddc806464d82cda7a75c2fd76a0d2869218a76a2720f168	87162b6328f4e606d0628f0f4265ec56ae4230abd922c6c9a8d6a5c1080b5925	4fc4f8e764fec4ead90087b1e6ce683f501237d0b12e9cc047d403404bb5eb5e
709	f45ee9f2a9eadede89cb5bcb256048900476424a0c672dee5d0304a47f924429	05a2f94647e344525b493fc3366860f0838d9d1bc1848cb8654506079a5f58f8	6fa83cf9b039c9723eba8a762c9df83cd7b820733e8b389362013e080168c965	2a45c8d590de0b5c6fb850228f8945662d33515f96b05f0e121439b19d4097e0	e16633c40c993078cdd5479c2d24d67e1856efedbbb70973c0a7d1db39e7e306	116b2e1a2528cd173db362f1db3be5a71c48a3b38c6dcea76ea76b6cb250e5d3
710	3b9d6f6ed075ee7786b887bf395980e8b9c86c1fc7951d0a0eba019f04ab7966	75f3934e89545a80b41ed62d8c3051d3deaa2e3d265be2a792b9c206c984140c	229f75a819582fc7f2d42e5695243cb6136bba50a504806ecb25f682236304d4	e3c143223d95e7aa33e489f62e8916f122e85d23bd65e9916e095a032fc18578	17cd62ae2bc3e44e15e6580982197aa0a965937bef2bcd9b641b4633481741a1	ae5c30b5bf4985b62709535a16415c0d9a617bb5b0302c398c1343c7c93251e3
711	3a5740847f279dd8783bfa28ef11c063bd5957d8fa5f8dd859754a9d09f29d1e	92fda70e028fab4d2bcf4d5649d9054d866252edc271c55061549827357ffc41	64a6e3175a70330fd5e6d2325a94e3f992148efe8c5f85017ee27ac66e2f464c	d9df0b3385c5440eba9780c9e00defdab4201a3522bf021816329aefb9581f8c	b707a84144dc763d918d44db6db1dcc89db116b0f1502e34e72b1af078f09fbc	4cde4d8826c88eff06a8ebf7623b7f01738004dc346e857d365600d6502a8697
712	a8b0c090f3a817a9bee9741e501aa7889ad969ea86bf2d2dcf02147f760c9426	5f9a342e3527ae7f37fd698d206e3c1b856de802f063c56dc26ffeb6869cb961	35c024d3bdb4d8845bd64326818d3dd79642f55bac1cda58c4581fd33d965581	dbf0d05c0ef775117963a275d74783232a364030ecc512194cf2564cd7891cc4	e925683d7c257fb58075ecdded5550b50f5d5d7db44aa5901ca7bf8ecd095dc4	d8aac3ee5303dd83d217759b9a2dffe2dfaf39c7df3ca42d48f6ff36a1530f68
713	b60c2c8a330c0969c8e77fad75fff16fcf59d8c46e559c57c6c840bf86447124	7c91826a602eae2712866e22aefbd56bb3979e190b7fdadd1a3391a13aff5498	374d870a1d739aa4bdf95fe5bd414fcd1dbe1d65a6b2f5507fc6f8757fbeb80d	536c9504bae54e5edeaea0dee092f9b70be5d7fecab8fa75b6994d0f49b7d366	3a783f7ff70f0d304fcb8912195352ce5e0c7766c9296798f78d76fcb1eabe7e	8c753330a49b7d026a28f14a7eb0699f4f3ee2d6cf488e3a892532808f038535
714	61b5f9ecba140da932208d09c7eb89219fa47ff98947c8aaae9c2f17521e8254	b40da629dff7bf5680b1c193cbcd4e9cbb51efac93552c4e781f4b1ffa347506	99dd856ca33c986c408ed20404e19589027dd4986dffbf17fb042016c3d166e1	76218d991707460b67a4050f423cb59e6b9b03293282d72c57e7e00174e5514d	cfad89678f32619f7febd7639e74a2f280f2e3dbbea085b8e5353d945e80e80c	d24226d3911b6223c52e1174939bad25c21d7b4f7c86443a5ee8e74c1e66f54a
715	0d0455f75970695def5325925f01239c7490be90454de00580b71ad091c35532	9108749eb4450f794f1b4289782f936195ce899bf0483b9043ee258885e60dc4	f3605f1a33f9b68cdaeec9471437d7dcd4fb9343f9102cd0869430406f27be54	33b1216b74b8d8a3fd526deaee0145645c8e2ba8e2eb6357283d1e4930cd996a	11232be9da53f28507c218441d34abf8c58c36112d6800fe37d00a7f6039e0fc	9c38185e9433e946408d3500cd3b652cd17428e43f396f77e71fb733396fe70e
716	93be52184b9fa9cc634cd3aa57cf9204d1f9c5d7a3a2235755e5d9fdcccd402b	934faa7c828f946e0a1064f9d894acd79b571a499af899507be213c7ef2bfd4c	7f2268a68f4346608c5a064bbddc3e2bc19715141edafe606d286006ab3647d4	7fe3761199213b9644dae2fe2eb7939db3f5d29ee682bc5dc66579e76f13c4e7	9690ff8416b4690e733fd159b1a538665c28c8ca67972549bb4a1030733e9072	81784e416daa59781663aacc4a1b8cc62515e4217a1b6762a84e58e384b40476
717	ca50314c87ebaec29b88932a00b25b963f7c4a939dfeee92c3e01aa78c9d8986	e783a09b28491effcd2e6b6915b320d405e7722884bdd05fa947197cec1c50d7	50f987cf9b0476ab4db826a8211847d3d0539047ed72b2d30a013e632bc0403e	e138572898c7c2dbfc9ce74eeb3b6d4e3948e7ebe5134049996a64279c3d1b3d	55f43b60a6733fc88520ea5ce3228e2ef44c7630096c139657d4e32f9fa01594	b742db38831a6610e28a6fa640bac6d206882312e9d1e02e6f342522b0f072a6
718	9bd87b1265e7f8ef66e6148c7b265d270b244b02a31c208132b4fde247ffa97a	e2585696b4b1d1c3b03bf03c09458522d2e21642c727d20243451ebabf0895e3	28d98d4cc9967d57af7a0b942b62dccd5447f08ead76152f394f4e2da16f1a8b	5c1f58edcf8af4c8470a4474304aff787269c47feb6fda0ab7f69a557a50a0b8	a06393958a8df021263b535de1cdb82da8095569a4ced0975d54534ebee26523	9df06368a3cbd13098ed13513e052d36d9ce4a391b52370c06a8062366db7938
719	854b4d414dde77b13040ce0871b7f36d008a07ec4cece670c2f2045088bacfbf	b87a6e50f824e195f87f833b55d86f61230417c8c4f915c14e37dc4e17b1f014	502e0dc878670a4269eac94a86ed57653941bb1723d0b318fd6da0497ee9da7f	855113d5135d5f7e61a1602863e5f750e64d9ac0a8ba033c634fc8496d8864fe	e2f41378c2c0d4250d8b2bda10045c46886fd7c0cfe57188a253eb6ade8c6917	1b2e37ea65f1f71d9480ca253c482ecc0be0eda4ade26d6338681bb860099c01
720	7e21877b5ce4284cc58bb6a905134968f1da3151abce97711e4aa657b312486f	170a81b0e47f167e47fc7f808a31f943e938b7ced4bd36fe30cefc65d5bade44	f873bff653491acf24b725a045dce8c846f7c3258b41b470bb28283b381bf9d5	11412f44e1aaf1d51e6aa1e4afe51da33acb57459c97b314d56db7a97f641f0e	8b0f13c8515200b29c1846f1e483a2cd29fec8832dba042902412a08363839c2	177c669f6477269e0a32f53e692d4551044c4a81404ad61f0910313e4f017bd6
721	0256e00e6c14934e588f7244ac8ad416c3b58650b4284fcdb2a54ae723a206bd	1ec668df52dd24df4da3c428a1fa5e264b3516df77cd52dd7212a98621d0bbb3	6f268e16865d530f39f0b4f3ca74127781494fb70833088e133ac22def28fff1	e5f75f8c13829ccfce6c79e855c93e65dd6fa8904ba2644f5c31e68eecf32100	5754f9bcbc62da217dc7ba63d20dbc59b86af848234fe5ed64cbf2612cb7e8ab	e0e71c52911c644538a96ab99d2a03dad540bcf100289a601b54b6027bfe4007
722	8ec9285c5bcb06c726a0701d30d7b0cc0b71a6556b61abefe3d2d1dc3bf8bf61	13c92d2f7458d0bc10ee8b710eaf542c872800353dc965a00b149172d9966933	562e9443089762922c2946b7e19de798cc4324e47d7945c95ca934e6db378abe	91aaa614a19d648f519d9c4bfa68d648fe0f1fd3d6498aa0acbbccbe55ba807b	53fc35d89d822b45c2ea054682dafbc751d80ed8e1453fbef928e7f968f76cee	23931a2f0f82a31137eae50910d826df816ecc5f05962b2b93f258b1af4bd039
723	91c6664b41ccfd0d80ce3d4e00d839761fbaba353109afe5c924ec951d723b56	ac63fc1fb8c29eaa84406977aefcabed093673c2d76f6740f09f85d6f9597c75	98626844ed3e187be65f7d78ecdfe20a7cc327dc9be0ac118d7078d8e32dc768	a3d0e51921eeec14af81ec4d950d1945deb899e9bdf2cf30d315df83ba54f197	a6f0fd539b5aed7eacc7f14c2c4500f5e538122f2f477f97758d15af099d98ab	2e02182b68e016b22bb01a5a33b971dd682b855032e8e4e25169effeac44f9f6
724	02c1b1565535f4e7d96330c38f2dbc8b428ac92af2281389f3eb96db59b7ea5a	ef24849378fa53caade7704f457a743bab69095a5f69efe50b76007f5ed4f4c7	117261cfbb53b89108ad42708ddf86319aaf27f1be7d75fa5a6b7c7669e155c5	c5953dffa3fecd54a0bed6a289135c3b3839ea41234b72fa6f8d1aeaa75647f1	b94131d2c9e9b743cc4f12a8b142fad6adaf6e7262da5964ec1774beab911a64	897e8d5220da78c1e350bda4631f0a20fcef990ae810509115c68b87877f63fc
725	8fb0c771b9b959da48439f5b476e7da0b09094be798034612c6598ec5f674d2a	f7ff1c7139f8bbfcb27a4f76b80c38cb0fcefcd1b88c362a80fbd69719c75373	3e43d2d436971ec82f222bde4489c627e3b53e80b6995e05643c83db130a966b	e9ad250ca46a597706cbc40b51f4a18e6c1a4ba63f0502aec88d73c0d821ce63	950506ea9a48ed4ff65359836f744ec54df2e67fda10bebcdfbc2e3db37a9e44	6356e9f9dfdb65662a4ee75b31cc0cff49b4c5b8f8cafb7923ba2d39b7b05037
726	08e77e7bd1b7f5ca683cba81f9a721fb60e566582029cb37da3566f1bec96101	82e72aee46ef222e5f7a321ad7c61e0a97a5f31ddfb56ad7ed4123841ce405c3	61600e920f654b5f2da2ff1e709a6c9c5a6c2c424a88e9c50a95ba4d75aaa1d3	0825f57bd940cb2f0885fdc8a69f6930314aa50c5ca0c72a484eace459fb6961	ba8068fe8a896c77dd55b6cd11e500c8a50eab066fd4f4c28d3bfdf013c80834	fe97b70bcd90b757659d39cbf0be2fcb1b3b1e22fedd596aeb848bb30e09e713
727	07c57c2cd3ca1f98e17a901c5ba70ec3a5d06528f087f16ea916871b9f203cdb	68243dec44c139ff6c82d5ed1fa5c29143ad8702596f239c7a1c849d6d5bb374	54593526ecc605dd33614661f0925080a9a6a49fef6d7c5d338f996ae59c745c	11a4ea67728fa36e723c1c2de7171f9d1714d20fd8ad26ca18c075ee01c9a964	77c2a9943692f230c53847199a0bc361324f46e3cb9a6a94c16e2c6877cf57fb	d5daac67fc13ad641be287d9cdd837856a9ef902f268ced0fc20463acfb32b52
728	775a2f5a959a9d37764d46c4feff24cfc20007957625514ad90dd1170d2b8682	b1cdad7bfbfc0c20e0f3917824291e23ac75d375a72d6f22fa6d2cceed5fe18d	d09bba142db1de62abe6645453cd2c3d28429ec27d16bed936e22695d3c641dd	26c47825d853729555fe80771c20f98ba192b6e2b97c72f5cdda30d99aafa44a	611d9ab0a8aa0e209422642116f9d6d7704432395d7983a1268c27325c58ec7c	f99ee6aa9cb04e693a189648fea94341feb0e58e240996f6dece3cce54e591b0
729	895cfbb434cfa97eae83b79b3c9992f216d78abd4fb5e8d9bc98d5a91045f731	65dfed44b0fc8e7029cb44605fd8f75b1404afb62e2b4760c80c9627169ffb5d	318b8441919d43a118da64415ed58507065a4bc6b7acb55be7d8fce4c8c0960c	ca736df2f6080c8df39d941249ecc98becb4e4632c5fcdd195a0b3409dcb5ccb	d1ac269c8890692a58ba41d1ad3b2d0a2bc369fd242e67ad7461a878677eae1d	02b25b7b3ebf596d5bc542ed6a17873e263b27e1ab70a955ee7b343e78b7ab5b
730	c0b496925e47367a3a2e95b93800afdff90172ec91d1bd8db500f0e5b3b45e1b	6e2bd7cbd35675eb85585842a8804d5bdd399de1d3bf79b610cbcfd84a52ba35	fb7f761125d11e98eb6392816550156946ea39f21ccf00162160d0a3de3fac8f	718b58ea317e88a1c12e8fa8987d3d20c703dbf2a60a410a6ec10934a8de7543	eaee6b2a18c82518fef5d744ed9a268a66fa709b441ddc634f53202cd260bd9f	0e98a35601b243610e5d6c892047b8877fa800440ae00a5955e203477338a3e9
731	2a7c886d9d4e02edd4b4db1cc44a2cb2e5cfe3a9bb2c3787b27bee0538e6370e	1eeb74669fa52ff788b30849dbc95298ba5220d9709dc127fc5a4d3ea78ad99f	bdaf2de26890bdaa3382b61c95b5a415ef0bd775ab66f3adbbc0d06a9af0d1a5	b22b70474db6e115091a8a1cd05c4501425ab2473ba4a4194012323c8c84ca8c	7f30493e69d27b71289d27d548924cfb51777abf8b1aa11da908aa9e66ce1475	e69cebc777c1a6a26bb96bf13f6844923b95481bc0e2331f10df34e146b438ff
732	cfc18967c4a5ee61e61511b69b32e64ec093dc1bffd67239b013d39712de1464	3b28dd763c9591e27ef82d097668f552e6fe851666a0999aeb2b23f21dd04ad8	e13f8ef149b4d78bbfa190520b07e056a30bc6573b0b09d1cabefa438c3cad77	4e7f5054e99fd09c3a0ec8cee2ac89b050230c694581276d912d352aae319989	f71c2d9db458db1604473131f934939cba1a1cbd534eaa34a0878d71c1f5b0cb	1f22223c311554ea7eb10f57783fe76ef69caf05a9f165a9cd7c0aeec3a6722c
733	9c3ffe687a0f1b9955f986620d300272bab6350c9a97227cc8acefc74526f63c	e16a3957d8c41b920ec9b6a27c127792c284cd9d3c1e9aed0c08282c5d93c0dd	a685846c966c8cbc7a1fe29dd817d973258847d0e5777e5575d6a682d359fe21	e950f83c73a1d7c023a8730dc7e54312c0e16c3ba02898e4c793c81a3a73c234	69b932edf7a0876edd77edbb86e4185931e2dfbd5dd4fd58b58111ffa576d66c	7e2a6234b4251cb40a33d7c74173be695b4e7a3d4835aa0114f54ae30ca67a6a
734	fdbc32e1f1bc1578ba3b963069188faa967787465092387559b1f92d45f39b6d	22d08bb84c44a9c0ed4e0d56e2a5d229b9aceb053a545a04e43bd030c32535d9	85ced4253a434a66437cc27fb1a82705ac122bda2cc31b2cc01bfd042cd4379e	c6d10857d1ac6daf8114d8e9d684b41bc60b1207b653e3432cccc67a94ea06f4	00b7353b297edb4b44854683434ded16aa5d14140a06d9a51ae79a933c35486c	d9a427e6c32fb40cfff4b991d68efaa9dcac17ba5549005972f6a5c1c0d5c94a
735	3e60ec33edbb2430f2a79bd5ae59b93480420d5f3c10db3bcb032ef2333788b9	19f4876bc5ad29fe44d885136814f9153b47765befe0b8d02bdbbcd7c95f3070	7222a50086fd82010938ebc73ac1437009a49219afc58e09a922461d9a2e01d4	05da4c6f5bd886d7acc52a28694950fa4e8f5be695fffdf2157a77899bbb9a83	5abfa5336e90f56443d37e2d72269a0a3517867b2e924ece737fc27ece7833a9	7a254d791752551ed526994f448817ee1523aa8098498a21d04ebf529451dc1a
736	437ccd97d1362923f76fe96a8d199e22d8bdc0aeaf090bb53d4f5c6584ce194a	ea5eb187b7b393ac6687f9bf652871bc0af7ec956f2404c9350644bb04d7715b	e7902d12cbcced269f82fdda296a44d2b58235cea3a3d84dabe0f7768678c996	e045a8a6281777698e57b2b25e8ec9beade246fa5a6fe8388704e88adad9e771	953d7af7497d5b814d5f0cc84132e60119d1c6c37509806688bf727b40485ad0	61267e2d90941a1caaf06881b0d0535ffeab71ca899242e3df8cac601743bf98
737	9a1bcf495aca2828ba641c3b069ce4129c0bcad4943c331527bfc01f3093a120	a8775093bb91c4730e4a87b00140e017612fb67ef3eb7da9e23ff4f50add1341	d6b8af41033b57f722a5b3a9adb79c5b24ff02e0342f9694dc875eed9beb7dda	826b4eed6f2d4b21f8dea3f18f91f2ed4608445cfc3f8bfc28e0a5e46d5319a3	9b3bf5bd0cd26d04b9c60f69ed83973def7e0fdeab7ca69ff43720ca254c939b	88bc93aeb9a2f8f78eef9b066b6a2b4cf46085127835869a42116e6c04fc8e1b
738	c23ac8ae8576131927c57bcf5910963773bd0d665b6fe41793bceceebec0ae90	90cc104e34a3817e48d0ae159a1ae609dc84e3f354acfed755c304190c63caca	186c6e138000cce04c2c15e1ad2ea7b1ecc88dcf0368e05d61783dc99d7a09b9	fbd2d3c5d413a4f2d2448bc1a1491f5a0fbc8d4e81d4f807d249389825ad848e	26c193e0a959658c37bd7739fc7a378091888601f2736413692204dd0b54cf8b	1b81d826c3fb19edb8a1690ad82ca827001d602171699a1eee40178223a3d700
739	cde499119587de20794e87a016741b101830bcc6a893629fb30d678d18698185	56858f19779fc2049a59552604df60c5c0814aac011581c6bbec54b0870e58bc	2be7af1f3cb1067e61b77c2d3074409723b07ab76338b992355fb32e36e13f69	b7c6715bfd70683f75f56e6681a9b0621a9df29c6c3bb811b23d278b159c71d9	f3ddf20d2a7486ccd63de49a2cd2216b97a2a8f300ffb692bde50135bae5ea1a	bdd25a95d37f75a744aa923d9a245408eb4a67697f2e4ac829ade5775b887419
740	4fc5da038d3389f905ac45dbeb6f4382a413ac1a2027ceb69165792af89e43d6	feb9ec8714e36abc152174d6ce8be156168fbf9bfe3e04d0d6e2be74a6ef2837	a494bbed924ad2e6e0c96fb2f5a1b9cd3facb9bdd213caf70675b69e8c6c2551	257949e535ac03fe557100c4a22d091b369fb67648e5eb7436f5a5c20b86a6e9	5713a66a3a064d879b813a7bb91e6fbf33cc6b852b8335d58973a02e55f0ea1f	244b5a32f550139646454cb796b8da8293d52dbea6b868afd1753946ba11aac7
741	8610b2e231bf92ceb131eeba48764d1c5850771361da6e942443f6dd5d2c4c38	79d0390f13633f320330acca921196e3bf53a53b9d8691bea085560886bfe2c7	827e35bba81951724efd648a346d5551da4057897e530c0af9119b6764735349	99e445c3fcd847d044b80da73cac8ac2b2b23eb018cfb0999da0c0c220ed0171	356405ded4b517f6bff726521b241cdb00693e6851829de92639abf95f859930	8e67439251b137716901b4097daa74332742af988d3c3bfc0c6358d2cbefe373
742	e48a003283f8d48b6144df12e62d8c028c30edab5c758b970780763b2c3fa6b6	aec5a08987d5c3c8e5b9f6a066825d60fb3986db88b4a62000fac6a3ea0d2b00	216ea0558e79561a72d9a4d884481bdfd4d19a88c3c950e964cca8d81005bd83	668fa22d931184e719110a4d3d2cd631444727fa004b146cae43f8c2a61772e0	aa117490abec8959243f569c596b49e85c046c939227f1e91e4f2c9105b5e821	36eed9d7e3c40751069c59c75fa5e8c668fa487fb0367a3092fda9acd197d7ea
743	719d30b605ef3362d176f38bddbf363987f6329f8080e072494a427ea758fcdd	b5e4065c41e791617b4d76b5c71206e9df170712fa27ff1f34df1506c0c024bf	b37932eb6667d769a438c3024b6231a5c6172d73c0dd37d7c2327c6c1d107011	681d1985a9b59aed372042d16aba8cb25a77d668f3ac7eb7f72a71b9edbc23b5	aae82d68a4c2fd24175fcdd126723359a0ac91c298f9239ce7807142164659bd	688ad70a6cbf7056fd2aa4d5ff7687b75350d87fad49efd0bcddbba79051722a
744	4f17511b46c2af28e9bf8ebca6fbbb3007393fb2acb4d4a5606f0b247a7f6e39	10912093096c471a073a9e930a69e56c9c5991c9a6720835c6aa05c4bcceed76	a561de5e1d23e23b0f53d136c2460b1695e80867839b9896dba2ea9371744f80	7aed2c3a4b8446df7330536f75386d91ac0dea595ddfad4e562912cf037a72e3	cb6ce348dc6cc609fa209eadf25afdde59458eb4e81aaa2bd95f97e77479a79a	b8e36219b7ea87f6e407689a5a2fe80bfaad5cf1e902643e3f077e1fa3170af5
745	3539a2481bd9d2e9a2cad50adb6b2839976d3f5ac176a9018c3eaed0c0bdc44a	7d2d9c441b65f960f605f99daacee1e7ba7b8e20f2c08204fb180d8a57e1d907	9af23e626f8f5ecded3bd597c96082ad786622d2aadeb38f4d044e61615aa6be	92e1aa6a95a4b64e3292b135953abac01cc3068d96972254fae38bd597e3ad2b	ea57a63df3f9dc9a0ec95ff70e8d071ec97bb0373015bb9b80ca3abe177c6223	783a121fd14d9637815a68ced42d7c39c4dc4c60d69f62da5ed45183bc9d6af1
746	79b09fb128f0ab255cedb441c16868fc9dae826e21401c3b565c1f1f3a2b4871	7e2b832f9ecf97df3d0765ae8d9f1433f0eb423d310d15ad19423ee019753e70	3f52b663d4de4a7dd0aed220c2cf8e3802cd1ecce01a5c739786695463afa1e5	f7c7ab7829fb277e68b146142433424ee4513f9fc045b0c6a4d3bfdcfc761fd1	986cd4f3bdedbdad360b05436f4cff7c63a8a05b1f14153b4fcc2c3e3b26ccc3	4991235157324d30af89f65df621c9ae9d47b7acf645af8ccbd76932ac741d92
747	51e0dc2f34fe064e96f73d8e7809b13b8605531c47dac05354235a2b4ed7cc05	bd658385efdf6005c6034ececc68e66131dc9f339df6b66cf8b6922bb4fda48d	62d085c7334640640c0ef5ef788d9760196119166ce4b83a8cbf5f6301d875a3	426da9b01c551c4632e6a1e4519a1660d84ab5d8fd97934d9b03c09bbfc75305	c583dc9cf511eb63486021f52b97ec9ecf5d12b51671143c2676b3cf3edefa51	fd739d3006fa694fb76ffd2fbf87e857c9a5002cf515e0f51acdb27aa4a1be3c
748	396eb0a5e617e893dea796767dc10fb04d98d36c2f1f0b75405263e2b062195f	b46e53834e67d7e9af8d4f463d2fb34dadc3e81243ad64a7dfbe54176c6402a1	4f8d128d305077741e876586451ae45d4d24adfbb822a4f727f8d7381c7e9440	3bec99126004b5e95ac6aa1d57b2b70947ed230d35250c9729472c4692b8b123	4502d9e9b5ad2a2b61091b4343d1538179e60188ae7fced62df5d4d179b92930	047e8a05cf377b2f16ef1810175cb72a773ec7780620a04e2c90b2cb6157c051
749	6c02987564ef6e13b4bfe1b56eb3b6c8e48a36528a3694d844741ddb4f33c0a0	11b92cad82f4c669dc6f578285e51d6d027c92e2c6725d33a3221c9889c51e2d	28672b8e531d42c083670b8e58f8f2bcf7ece21aeb6f0e8ed74baa79537dc7fe	193389e35616b48b6be8f0da507cba49d159b4c19ab7039b23a979b913464d27	0f88501d96384fd5c76f4ae99797ec99c2fe8365dda2be46a2fff1038191b173	94bf32164a738966b75122b5f57695220b61c33f0d10d09d0c8767a90a2c7929
750	b44c170bdd20b84d7f3f7601a0b3a7c605b6a7ceb3bdadd6e9fbd6cc419e7b15	5050c493681b36c132e5367bd9cb605f3bf037a3258ce6eb02466d0a98ceab11	d71ab43b7c0b9e4ad2a2595826d9cf437e6e41638645b319503847d4ed5703f6	6d103079189af79245715fb0436e7d97df1e4ec663da232f472b699c8c15ce88	fffa6effabb7caaabd417b2614d71c0fcf41858c17b735363bce1486d772b88a	f30d03e331a294456d38d89d9cf89ef645fd6a8c58d5c44a14ddfe089a959584
751	2af04d3bd49788318b5ad8577cab0575b6c86d646a8f3b7d9e8e721885b87005	6e6ec0ea2d88998efa41eb276d054b8ccda55fd7c6610083b0f1aee6672b0139	4c844cf6ca88e6569246fd1fc907f378756160a61005d9bbdc119e3522f21d6c	0b4b25428a00b4274e570e656e3db9d29182fe970db965a45b7c5ea7bac5b00f	8a8ba4202811ab73864930c1982247b730868e5133e4aa0bd7be875c5affcbef	03758af6490614d8f28a370a1d37b5f25456f1e855c611a62c482fc2e495a201
752	6f180d9886bf42b2baad8816449f43d8c5e71542ebdb15c36308c116e3b95ccb	9af52aaeb41c7b31c6684f0ff689ce2b05dfc673ac57536ca06c8d854c1a36d0	0a55a6bfe63692e915ed1d231940aaf00f91a6305914dd52a50f4eb4621ac7f7	c503189d1cc8e9d77715f829c6b205e033568cf406eb557c75e3c15bf8b77fe1	130613fe18c5094afc623f9b5cbba9a512d47ca396bc214df0ebb25df21c5ebe	16a8dfdb9fd3d82325e46eaf526f8c194fe55cc9b8b1d4f98f47f0a72c56c915
753	94a936527d2c281e1e80765c05a94b382eddd277fb1e1a4798f2d536da019dc1	16f99e3feaed5518d7c12d75c6c6214de3e57ef500f49309dee3043dff7c1e98	ee99e2521f1743433bbd7072115be942d19dc974c119e2ac902306262dd5ee17	98189f58cd2b4bd688b66d65b760d22b68a2b08bac849c492c0c48da09f1396f	3a279c029059cd0f644ce9ba1814bd232a7f5d976b78a502a01743c77c2e39df	3e6a6e03ac9fda10174a812447e404b1398d2f84ee29b4654238e16d6e619a9c
754	a4a6ad4e99a1f4a8258e090c5ef0776e4caf1dbc87e1e0f518eaa0783fb6e7e1	ed5c250f7ae01e05d8de3116398284043ab1ca406cc7e9048e87d6586b8e0a9a	9ffb262bbf69f089b40ca8d2779b99c7c8463cb918d94a232117bef0fa16b867	f30cc3d14ce7c4da238fc4fa56ac76ee0071fbde13b29438617d36ff040bea7f	98a5a5db433279149decbb31c73a1eb8ff975dd9c2489d446cfb495408549741	c8852564327b3395fcefa62654a310d5b2262f3d068cdf4135d3dfbefd732e80
755	439b543338b76d3f8c3b6946c7b1a27e4c0e1a33b6e93dbbc8a4e26ac46adb02	a6aca09ea50aed176282cd238093ce6c7e37fef691c826086bffa7d602a13602	32e583b5dbce301c60f86f0f9f74d53295cbd9afdb440b1a9318fd00829b3862	f002dc4e2394d22d2c1a90605e6b658a68356468f20942da13da4e0dfa935499	b9d7b2e6baff6244ffea6f54c2c5e1a4ad16839bd053db6346655894728a8320	45067a4440c906b8369487522a900538fd7bcda57f7f13f9e81d5a7eabe45004
756	0181ad2d2711dd2df79b1f747ea4c1e00b21be1afefabe4cc40c67b8405b8c6f	e2025b14a84d3d06729275a4cc2d9cef13bb1679a64f2545bab00f3910898323	e9b5bbb0e6e237db9e943ba655a4ee049fc596cc796e2a4b91ad295975c7310a	37ee0ac87d2dca7a86c3db693c0e2a56e2c75ca42f7463c7800b078b5c7c8da6	ace0e3092c3057420f71e0d192982083ca05487f85d4e61a8af623625e1a296a	7625f98c629a19788991a778daaf539cf3b21d3745e10b22f4643946adf8c289
757	e98158bde6ec5b55899e1db728394b38405e69c765299ac3ea3861b3e46ed16d	dc7c844580f3a0fd4e233535e3b67dea8325500ff0cce3545e733522cdd031e6	c3d941dafe0e6a01ed415b849291f739eaf945c91a0fe8abed1bcd35d8d24379	36ffd29be28e0ff1b1d0b123e9de0fc1e293d3c81bea683c6426f318f803fb94	9b5aa02520b4cb6aa967713a757249678f1552f01563f7fec958c263fc710249	4f0d7f0c2b15461ee88d57af87fa7c613be3e2d0f50fa537fcc65cece7eb54a1
758	c0e81538e6a611eb81ef36c1d3468d4cd26635a77940685a0422be0d759dcc39	c213fc07ffe79ae15cfeaaa5f30a2107689c82a442402354462c1f61c9cf609c	01f029121339ec3e0d4706b8a3303cefb235e82562effeaea59141d41d2a3740	7d196ccf1211c39b6b166cc86ba0d0965f8a8fcee1aac2d9156b0c10730872e5	8a7635d7a963b9d32dc60440aced18cc5b3bd4ca7b1e9a8f4da367f727304b22	de6635df04f8b5a3016f35e7a8b71907dad214b1b312d760e7793b6b0a1aac2b
759	fe8f6012b17695837ba11735d8b5119b681fde4e409e62083772050ba909e608	d66b299011f8654709d733cc2ed5425a9b6b895581479a6173aed93dbf9e2cab	1bd7d4b82302d9b84f11e1d9bf3c14e294dc27baf44ecffcbb629418efd49e96	98fc6ba6eb74c7c08a42a059f103ba5add752a95016b5c0a5852ec4700e89185	c0e6ab0b5983c7d1fbd2191ee83d9f88ce3f0509c77cb5b46ab0c18ba1dfc256	94ebdfbbf291b271b55890c25464b88058b761409a98d5e2dcfb1540e1cbe11b
760	cbeacdd29a4da94a42fc9595ffce5f3c09ece94d573975dcdc31e3f2a0de3a56	83ff4ffef98f46cbabe69df349047aa4e9c55ef4e003fa68c3c3b57c77cf4ee3	3c52aaac92a6d1f2409e753c405939cef5e683aadcc9f8a5c8a25ebf16b03498	7a1f25ce4c9943c15d56c1368cb91ca9a7225b84436518acc537cccb8c310c93	7691ed16fd261beb433bad6aea4edc3082094340228c1a00bd265fab5b07a003	ae415047fda262a81f4486aecbdddc5b73abe630b7ad6e7528ef4c3ecfa974a4
761	04aeb0278be12259ee2e7f43b6d84fcdd9523f116546afc6b9382ec9933ce80a	ea947a608fb284a95acb423ac1ed7e32a3ff69bc84d7dc937dcbe79bd573ae93	2b6bf38b12d78657714b9e5b13cb83a2a52b48f9d853329ae6da310ce2660ffd	5dc574cf53b123ca6a229d37e7cfaa56d7830e0e577bb7ba545a2fbda0f069e5	76ea1d37f2abb8354f42584ef3bf59f1dabd271abe443f6f4f025b92cc3d44af	aa1634c2b3f5ea628d7196fae4d1768a991a6494324a250d60de92fe773d9482
762	b4cdb95d5daba5ce0561cf9c9cc847ebee1d2168f4b1c42b9a96b8b3656d4a02	874e36372112400ff3c71ba070fd12d8a430add41a3820a174d07156243e7ff4	1ec86f48fb120844f29cb33b1683069f6afed0481ec26a62d1cf199179f06223	2615962d78a1e27b1760e46526a4bdfb20331353eb60bb3d8b2b8b9a69cbe198	703ae7555274d2ca0a0966d9febf295b53605dffa247ce413b6c4978893c45dd	e1adf1a36ad9803217baaf4bf17c189dd638978b463e9950c4b884a9fbaa22e6
763	a7155f17430c0c8748204d3e2b5dc101976290e64d506891bcdd566adea1d719	a5cf577c1682c9b5e0a918212e9f18197c41e048e049e3fb3384dbb3e27d4ac9	8458e9094f75fab699ad5db4ca37fb6a1186929961ad279e49472aa6573429ba	8341df79dfbf008b79cc125113ebea7e52b55880567dd92bbbd87c2d3290034a	39176c2f1f015b42de662b50caf25ad7830a28aec2550c67f52fcf32fb685535	6f773878c4e3f94feded0cc17fe93648917ce60c3c39d917d3ecea2658dbc461
764	5da02dcb0c8296617180c7fee7339e786b5505cc3736b23a8f0b752f2b010c40	34ca2fb77a2cc059c43bc00e00b4a77bedcbadf0696a6b4715e78065e186fbad	f7ed267852dac95e544b40e2a4900510cfdd2b2b03588946707a7f5def75d8bb	db29133bba61a728f05bf2c443289e7a64b95967b95e1bf7a6864686eda8bd3a	96b12000649dfa61c02e61b25d106ad12a48391297a12a758955060fc969f87e	8173f4be1c096cccc5a5059567796f4f39e56a2df369a0ac68cc251457442dca
765	e7c41c442cc783b35c78980929113d06bc3b4ce5367ab3b4f89766abc6a0830f	f86006779e6cf524e56bcd63044e86da067bdd381749ede31f239aadfb2821ed	983710bcc9912b1c2457bdb5adbe05860fa28be1aea4ae2a3cfa131cd9d80258	a6beef8fbdc01cc78669cb4d3ca84ea53cc8b23f3386354ad2e228b1733c3e95	b0b622e2a1883a7dcf7c58859120a1d21813677bd979fca2a1e38ad41561e52b	ccfab00cda11f7cdcc2f3bf34a7c3e929752b80a05db21452e977c94f5eda06d
766	3866689aee575098eeb80312d5468443fec9f69221f978c5440281719781a1ac	6f160c83b42a705a4c244ca0b7ef3ad0b8bdd8214bd78b31bd09942888db56ba	4f96d568e0f577960c601243e584c0d79f540c5fe5a0d8f4e6cf028a6bbfc307	ea80da25478380ae7befb794408e821ccb51a77a594f9405891780c305fe3aa7	7ed541462d764330a7f4b334ab6aba27a574f4a4ba27a184cabe07cc7747f944	d25ff44abd7b7ff30e9567e0384af16f12394ad1047bb162067070ca88467f0d
767	4ec39b5b6f232273769d5c6d77e25c12ae53de1d51f61818b7e30b8d1f03e5d4	6899eda45230b11dcecf54e39d9d7f56f8ba5b6e3004da8d4dd9ab38e65f3b6f	3b6a04cf875ce05619fe60a1194d75a45800631ff4105f2543511605dcc10da7	ebee912d9aa9671edd029f9983e4bc2c89046a4f557f6aed5dbf28f3f480951d	cc6fca97a30ede07a23a39f83b4c4c21bebc4abf8c2b6540946d9096f4c01493	446e09c5172606ba09008af2bf05b9e06d0cd4e1cb0ddb0aed73f3a9ce8ceba8
768	d185bcae79a0d4a043e090b56220d4d46221a719d141f54b4fce10e72b3ff344	79ecab27c10457745ea75144a0c5f7d7256a49d6876651bc568f937fc1a19879	557a7f2fd45cb53e37152d8ff4de31ce246fbce7c75b0b4da594c7f0a081445f	50dfa6fffbd9c841eb749adc38332fa01d73693f48f87bd12f7cc90d51b819d0	b66f9af768af4f44aa08bde6c9a39aee99b4764b8e2e5cfb99bfa3f62ca1a99e	d3c091f54999a27b71f6a898b978b9769e199c743bfbd086855edfcfe124a2eb
769	c65229ceba1c51ed9c18fe89f5a867001e7f6f3f11ba61b9c943836e9a3a3850	ed375563cc1864869b38e39b9edaa00752344828b4d0d66c575f4bf68d62a522	2b74f8d7fa25619f7c68adce2d186235aac34dbe147d72d8d10b382641140c29	bfaaa86b64979fb7055e2de3eec5894d7fa7f03267c235f89265fcec11f71275	cd282a50514657f35a361bef63864958eb020ea42dc1484b2e635297c89caada	69d3df6d29937e38cff9bdf4a2e26eeebc26ad6aaa0a2f9de418914856751a5a
770	f2f2e16a657e4a8fccab74c63ffdb6d0bba4abb5f860213c75538390cf83ab11	90de1d9a39fee5cacbbca59449f7eac1f4f25b616917e5f013d56f08823b9ebe	77ee19cfabdfdf852a69a89df0733ee1c5e4a571747526ceb4078e1011b27c1c	31c094d063400c19a41d3d5f04074b996ccc080e8d4b30b1c35f1b818d8f8f3b	9a061ebfe98cf5663f20083a199d8372dd28cae80a62adc07c9d9f87b8e578c5	2fd8a59cc7f41d82d4dc87e6cd5d914d717e489e7ce3edafa6c61b827c228b94
771	fcd343d40b2f914bef16df8626e14c76d899c815f4a64e0ae6f0883aa7e0ef3b	c6e7de7f7f37e6a0fdc3be67ccf7648363e0df558d0f04f21354a42611558f0f	77edf2a4febf0460dbc07e185fed711e3e6aa4eedfa22a7099afe9585ed22a35	e7847aa6ac81092144d1a4d3087115cfc435e6a1092e63828e9b88dba173443f	8fa80cd592007c0c91491076c2300240765e6ed79bd32aa10aef616b58302a65	12fa3d0e8155fbd484cc26c1bf1e821e364daba93aefcb0f78e8934e79806472
772	8a8ba7e6f7054ab6813f0820623682338b0e4483c9e46360e7bf833e5fbf40bc	59de20ab8d87b364333d49ae85cbfea3bb43cdabc15c38482787dbcdff3c6abe	937329331077f1fe25bdb783fc737beb49060ddf6a78748fc09a446d185cbacf	553369df6440b0bb5bd1726b0323329982141b90310caac6deb3c7294fe57e00	b53d3c9f75229c5b94f8469e1cd194b1f4e27db1230bf868189c5c17e9c0628d	c6af9fbcc3eddb7addd1d26b08251415317007a469d2c818fdf85156c4ad8325
773	80a980749c381f3603bd5fc8018c58a5de54a4cb3db47ebed42e2d2fcdca37d6	78a9571b9d9021552ea9349a4579782b402e7b4577496d75c7451dde8f6f158e	2fd3ca46ed45d52062243fa63411b8b1fcfd84bf6b8dbd9840efa11587ff1078	88b9b0b170275aa979b69685c171a75fe9c187c87837fe45f0eb6d1d13439865	257a6317e7220a5a90997ee8a027c5de0dfbd9340efef37706c2d627a132a000	9d651b3c41544d51ea5c3b0dc78dcd89664d1cd1069b3947a3342b0b59fe0954
774	96db12435c352fad7630fd6d54a28a0e70844fb48099f76965068842a815e1b5	a18ab9ac364327369b24e9f0d0c695c06c7ff04a93d506215f7788de856ac8f9	5d0bef62c4708f4c2bd2f26d076b13c7e066c16964f8159518f4b4edfaeb8b24	d5523195fadebc5e8405ae609fe5b199644d9cbeacd826ccf551ef1a05393d74	1abca2e49d20a91e5c19efcc95137f85ac8f22633a492313dcc273dee201af25	d9f3e05a524199b8e620000cadfd62b42c178e656aae5e73754d821d54eee3fe
775	e453673e9e2faef10498db7cd22586ec5fa6e6364d190581572aa5a9d471bdf8	aa4f3dbbfd8d51cbbd7ffafc315d0a224b853005bbc43b9b952fb5db3aafa7fc	3eb431727f0ec3d15f36ea9c0e635ffa045bd729ac00e9fffeecda0f9b03f517	6b974c96418f152cee0979c98e8321dcb02d6779c1e07042245430b4919ca386	37fa423cdfcfd7e34b554928ebf43e64952900b5168858a4e21042bc53647f1a	c7a99d1a848ffab73eaccc2969ea3cab9f920cd186761e28ec587e91ecacc738
776	e50031658369a4342c0ba1b968213e81191b22b29f358389322d1b4282c291f9	d69457d2e9e761cde4d820bd983f90d7c211d51897e5589803403cd026d8636e	b2c4f3a0c570ba4965098b792ef5497f4dd03538b819549eb478afd14033bcfd	ac2d9bef325a9c6621acb6ac444a1b5ecd8e412a579130eacf8e0868d3631ee9	c917ceb0aea75623739e8d4742f1f9beb5741d15ba179b75e052aee89cbb8f5f	362a9dab3ed5fc1f5289e851b21313281c9a13e132d554b53b18005b98d08adb
777	684fbf74fac8901c7f9ad50aa888ae9eb58a483b1f91f6d6b214b251cabb7c44	9fa33a4a93de506f6b1ca61b6af359066ca5b0f2afed648f601b2ba11e69ef7a	c51a0e253f1f141919132dbb7b1204d01b4e2542f1140bc1236cb4eb49917dd6	cb07d208d316eff25547dc4855fc159c137ef066ac952a40435a74cae999095f	1d8fede488eee90ca0a632df5992332eaa72fc375b6354ab3e351b4add951c0f	93cc2bcc9d5dd4159c574d223091a9f303d838bc5d2b0a87ea3c85d992561961
778	01b0d18afe6ea4539110b8b30917fafeefad7ed5e40ea42b358a2eab4c2f91e6	1b546400f9d3afbc9cac9e8a08de46e59b7cc13606cc0769b932169c909366db	ce31ae92e37db473c09d123aadb3fd07948aea6799cce24e174763f6921e0101	8c6f8b11a0925ae7cb66651169f9b552be508913020697b89a7d88e416d41251	9d192708b4239cb8cad4826916df63cb53f2cbb29a78e1fcdad8431cdd8cf890	a84293ec134d6c9da25efac21aa22bd2beed2bbe5f634c82485a3e4b00cb4436
779	3986c53a98c047d409762b1fe3ecf65509f6954bd62a5bf60f25966d25f23e03	64abe56b589faace0aee4b6b1dfe3fd8de683bdb9e3fd6288e8884016724f9f8	4ec29812bb44d575633772f12c547885fc2f6f4a4ebdbe00e4a22c957eb6719d	495e2c6188509c34dac14990440abb31f8a3ee951bcf72a95dd8c87ba6ad62cf	0404cec499094f355e95a334ef62dfba73741a069e1e5d7321a15cdd254e6a3e	aaa2c74253741f82684e3e38c18fc04f1f4c53f24d55aebefef194fa1931cd53
780	a42915f4efcf24abacd1424cfea8bb6456b1870f4a76fa5b3bfef20acb089e01	664d45d262946f30cd3665443111925b761fffb1402b5011faf5ab046ae5f4f6	58907152bcb66a30418518253f6ef2f903074791af56eeb9b382e5f0af6d6568	a723d0c0c27b7ce29d72a9d26ec64a13e54273d8b36d46cdbf69a5ab9dd973ff	ab151103da02dc3faa7c0d1061ba534e98cbff99b043d382488d7ceaed5bb0ce	a97672a4da89b4cc3c574dcda98e0f378fb88164c23de9c18e338d3d42f6f421
781	78afd61d395f11e8069aa34314935d787354d5aa86150d49036af12c77070af0	47e5cbc37acbe901eccf647743fd0b2d3cbd04b2293519270964e1293313e14d	4193e2c34f3d814aa8494d1ec3707bccde3e00c6d9ca1df41b269b2fde84f5cb	4ae052a284679acf95511ada9a6847275fbba9d218e4ea4c26d3b51aa28d472f	74d09ef97cae43eae2d227d49aa561841de8440ae4204589246683ddee94ff43	844e2ad166093baa4882925d033d0c11638f2b8f75f820e2f5a401e4e67903c9
782	326fa27f243328f416c54864dfb0b4ee55c93de16fc43b1a9c4c71b8805b6c76	54d0dca5093ca598bcd11cdbd971b3d3754e642abbe8babb271e3bc82feb7518	5da8964e3cce3d8e7889b60e04a54ec002d98b63b55f457764751d20f810003e	6741f4d8dfaeda6294f46295d1da9b4e13c706460579d27ab543262af64eeb44	a1d05e8f1178d4935966d5c2abb2b121e7df38d57c2ce9c45c8c8880cb2cf8e8	fe48db222ce6f988b05347a1b46e4f5fff38b7288dde7b6990d608a505dd44fc
783	90580ef9f6608525810a626c1005e804141f03ca1a3b75f4933666e4bebb526c	0a0508184b3d39301b6d55527a438dbc1f283ebdb5ec1435d4ee9aedd2a80b50	7f3f45e7c1e34965b7e203ba6b3c42b011b2ef791291d06f653a777eb8a37bd1	db803a5164a9aeda669f2eb3bea6cd1c24c417edb64e74fcb630f936a1d3194e	dfd647edd735d3b298139ab1ef2d82f8bc102a04b06a7dbed5cfcb27dfca3f0d	d031687d1879b315a805cc941362ba463a064e1a3eb9e4aa0c69947afd73166a
784	482556160c5e918f5ced7812a8a791ab33b3c7b4baac081be6ecd038e79283ec	d78ae888e85dfda8427349e35ad926b412a5cec7b466df87cbdebbd8d3cbce4a	d910f09b94e40878601adbb0917c23635f2258dca22b0c5f00c85c0ee3774568	00461dcce5d01d1220492c09caa766124831a842c34a46949fbc58849b6e6079	406ff2281e1f07a1b3c1355052313fa6c72fe9397ba0225f862656c07ae1949d	1a8d8153aafb24db165ec92dc8f63f1b231a5a42b4e7aff3f534d688625a3e0d
785	a05168a461ab5ae22ae87bddde89dd6df42356dfdbbbf40c4df9fa8241a32f21	e59ae4966b7fe18a7a72187db16bc8e52fca51fc38736d017a3314dbbcdddc4c	1bd41a599fdaa85bea0ccbdca8fd316090b31e737040c59ed3b92b7a64cd572e	b433f8d27bc0992df16eb1a63cdf92b814fb9beb41d7c367299efd7e940043b4	60190e7a88f0cd7b7bd212e3f96be055f480e84b547092b1b3b6f79b171d3602	0fa05a00091b965a80e221c4f4eb5c6f55f8360ee2e3acfe7a060053c9a33d4e
786	a60e6987c1c4b21f80eb316f8bac673d9dca74a8562dea1053a656cd5a27ded8	b26bee07562b1791c23cac1ed629d64a6e25b00790f7d0ad11abb59de3a19b2c	8ce27c178ccb8f42f1d6c0e16817f47cae368b46cc0b76e31a3484871b41d088	e8f2f745cfd1388a2968aa5b09680dabfb115158fdf65fc0264f887fad61f7ac	6c6528d2897d252fb0385126c708902972883006c3f5698449ab300a1b64990b	c390023682c9970df24c1039cd1b0c0ef4cb0a4dcb3cea78d118d2953edb134b
787	56726b9804d6c2e8bb46522f1f4b00a5c91db21686bf467b9d1b6fbb219204cb	a340d0ebc67d79824f00ea20a250aa80fed85254c0a5e7b52a6f6b7d9a4dc99b	9c6e19d2016123ea091c28a73022869dd66d179c4f21421f231d7a1a559f1f26	db855e8e244b35e6d7627a6b768fa51b4c2c1c91c0c6503cc9949b20f5479969	32f8754adf4851dbd9ee87ef7b801e7b188ea32c15a3f479c00411c86bef2341	289d6258888685bb1c13961afc65ffe73583f3e60e6b135fdeab73b5cfc130cd
788	60d94119aea338aab869a82ef3230f573c6932edde9935c23f9fa905820a85f3	ffccd3d15c8f42de4ee00c90c90aab882ca0bcd3103969db39ca5cf1aa400b16	72b2b5d3e4cdef1edf80f632060a1bb1768d9d9a5521a6984bc55d51ccacbd5a	e80c34905c821d2ade20d91ccfc569e5250446241ff79ed91261d6984b089384	c79438106a10154e1a60ef203b09131be2c47a4fabab1dd80ad08fdadfa4c112	3570c7d6704abbf19eadab55f086b0aec426283748342269bb3e83a67f65f278
789	a12619b9a371219ec3ce566662267758e5cbcf3d56e9d602eebdd7eb64faab68	4201b78632b22f97d6f0c91175209a939fc7271342d246dfd8d25fe3b38f1915	5e7fd4b908ed93b82ed9ad5716fec0b2885b820e6c6cf347f197303a575bbdf9	cc0cd75e765e7b6d5cce6514420e84a797eac0c95ccf7b1efdd7d8bf978c1c8e	41c9cdabed82ca69294646703618db30f07fa4334ba948bf735ca63517a8c424	ae2c8b8b1d11807f652e4126a2876f07d65421300bb020912a54e49c869d3ee6
790	b5ea1b5d672e11d13ff2819fa33b802f9c3e2e9e9bd2794c4051aba5afeeffdb	9ae76f881753328f9d04daa7791e9545b60d1bbddd576b389c9763259f54d39b	8d8a7909e72dab1f7f34f72268768f5397b01f46d7d592382d645d6301e583d3	670ce7e4cfd8a06283607f4498be424ba9025c657ac3ad087962a575ef2bd7db	cece61a2edbf120cd072c408f1bc99b60d2331c81062d8dad9fb4070d859476b	822a7528020f47eed786b4931bfe65827330d837efa0cc6db1e91f519d15183f
791	7ef18d81762e035a38f3af7e0cb4e8b918aceaa5f0b69d4dacd6a7084e83c965	5e502ce9406d82312d6c56558a9b7037c020055900c00049d2d3d265859b424b	5752c951785ec63194023e162b41fbedeeef849601c23e2af6bb6f69eabdd044	6c6eb29612dae8166b63aff5b91f2bcdd726323ba58f802244b8bbea62615929	4eca604e8dbc061aa6f504ed0d258e9192afeae38906c9927cc0a1e1814489a8	1e2769894c77e940bb9a42c42a42baa794922c023def7efbf428d4011866132a
792	41e285c8b12700426e19c6d23464f75824ad386270609c28e4fbf21e573420c4	8fc3c1f10f6a87fc56800059f54f8eb1606d566e647b7c505fe050f4d9753b15	b748aa4c6b4dca2b5492a490a6fc59ebe10811ba219298c5525b59432910c71b	775e79ebba52963bc6213490cb560f73a46ea5bd567283ea7968095bf441e2c0	503e61c60a231d737a78b286130b5dbdbd326203fd310baee775ab01be32b288	b39ae8128813784f6a0f77070dc52e1efdc75f8214eee9c6bbf768f9605595f6
793	4c9a65e19093a1662e7d755d1e0e9ed950b718127c63548fc2189a4d3630d9e7	fc6591c4cdebd6e22ec1d40c189f4bd2df1597841caf04a10ef3da20c4d5a526	5eafb0b82ce7c0ada659ee0f43481aea1f3eea288c1392bd1deb5b994dee0551	12a00e1cf4b415ca4d1c50937c7b3ff26b96d067c97f313e935ad017614bf054	f238a550cdb10cfd0f59330c3a07b9473039808d66f23cd43bdad7805296f656	048087feeb4b01af89e0c3babe6e72793fba8ec3e053b946f2eb0cf1ac4834c5
794	5b3aca76094fef4bb7734c698c651555d14ac81271349f2bfd0db08337c5bd03	a1e545e96de2dfe4cd32094d3e8a41bf6020019546c587ab9bfc8e1f91a3a6c6	90ea29331f8639704cbfddfdc5cbc75364f92c4e82aff2cf93084f7f9199aae7	99a32f42a12c4492b9d21b507a9b81f62452d6f28f50c5fe7a49c18b466b5cfc	87a82396b5247ce12291df46f618151e9fa2f49e982bc9955a94ac072ebd14ea	e9b6600f6751e47dff02626a8f4fc73003ce22968a3172ed7864cb3b6af3da6e
795	78b8ca206a4ad7b4099321c5ef066657bd1e722763b6ea265caa0b774233b5ff	8646349adf513cf0427ffcae7be9498347cff55e80b857d1c0efdca90b9672fd	4537f2357faf8e18e4d67f38ad2382884b6959d6aa04f37e61036e41875f1e16	dc04f3da15cfe257a40145c0c7b6b0bd1d115c7654e8909039a729d1843ec965	0131b23aafc89ca03c891cdda7dbc15772c07288b797f458fad8b45f667c9c4b	9daf5bb2a7f9cb1a3d2885c50da6aa0fc83f5b083491e399bcc501201cef4255
796	6e0c09059422ac4d0a9cdeb1d5aa115070141d85cb6aa93282e4502bd8ae11bc	cd38122324903b4e744bb6afb59ddf43dcad1f99c2e2ea16f0eb23fc3d6744ac	eb7602a9f7519c81d042ec9b9378867a1c80faabe54353cff8c70058fd6baf74	101121a465ade1ba19c71613d84a1d083a1dbb140d0142a922142e7a9be4def5	ac5b6c876f3898c79e74fb63909dec7fbec1ab1504425513576a4bb89c6c4721	a48a59226da932f02c85c3a9278e42b40659656853c6273767f043ee2a020b20
797	2cd4eaeb6779b8547574171e3b2176882ef45ae45ce77fd1c1ec5e62a63c3cfb	216f2311719e1bb67d9031eea126642f3c87a3fb881d13f8f7fd4e8a19f16327	59af420f853c196db4b73402b7b6a05a98172c3e0eb0fd389b3bffb69b384e48	706e508883b6170080df09f03326c41c4a725624aa6d7aad8f735e37768ce8db	205e1185bdfbd2b4af9837cf7c6a18c1e43ae13b5d2f67c80cf089ab304faaaa	f50f5ee1fdbeae5e8fb2dfab94e554c124dd740ac8db5122df861168ad9f06c4
798	e037fabb4965a887dca425b66f48db96a900462d28568e2729fcd8d5bb0bdd74	8bfe5ec3f922e6f3735cadce00e6e6bf57cac0a5fe5d990c76a1301c289f4f7c	f9c9c15e7d5f403dc236a29825c4d12ba52acb13c8f7d9cbf46b4e8cd9987e15	7c441a6c94329b334954b6d68d2c5304a5e476cbdf787c585af7d5a86f0c1a36	39b1dc972bba2171f129370ff1e9af35b965709aa6a45bf03373d0e46352d315	f8901ac91d69ac1c31b4048b16154dc7020c6f6850063396ed4de873b99dc3bb
799	cb91766c7884f378393c0ccb717675c7404dd0fdfc45b412def9f4e96c734d2b	634f0b649e6800fc1acd56c53ad083a14a6383d4ac1c9c5d9a1857d8c370b19f	631b609fb27d430dcdd42d4808df882fb9c08bfebea594180ec0e2e2eaf02ca3	d5ad9b0144ec7c5cdcf59e2ad891f79594769c2839ce64893630e075adb4201d	e9469a0fa3d941c768ba2b881d0b03fb675bbf06f98b86841f9f034f2f2d0a13	0809153a0f9458828ba4f7db920c4c8734f6909dadf95be60018d3c50b2bbb5b
800	de02ebd471537ae677b3621e7421eb2f4cbf162b1929fd4d3ae9caba0365c4dd	7007fb043ae6805498567e5866738b8ec88aed7e0bd0a336328dab5f39b1f897	46da5a9d21ccdf48f62aa3fdd3e1f6aee4cf763bc69bad06e94db9b522025220	ba2dc9963f4cdfed53c1a059edb1f1db7c65db0a4cf69a8400d4d4ca5723f97a	71b31fdecc4ba63fe2763101eca5fd4cf168248dec1f72416cd24f34f9e67a2f	d29163a8fd65ef28f1253f6d81b18a3b4ad40ca7ab867a98f0778be623832be0
801	530a7c4fb26645369cd5c513b045d9f6dbe31a4f62fd28c3889dde755a5b079f	43e35fb0c9520feca54737c172a8cca6058811d6b0bf240d85a0ce24e81f98b2	c2681141e042d9c7bd2e5e3cad483c3cdd45c446085b7415207564449f4c5b0e	aeaa660c7fdddd831ae95d7dc6ce51c40fbcccdb2b5e0d01eadede8e8ad888be	1124639ff6950423d5f47e49bb34f5ae150f4ec84089399700facc4334baa799	1a74380780cb763e8ad6183384ed1ffd2648f50bf6d4b6b77cfe23a15c7ab928
802	d135ca7904368ab6f933b2cfc1e5b9335eae844326202dd66fcf179b675d9386	ebc1981da8bc80b7f69263c67600b66eee138555949394f94360eb741d8ea2b7	481f32f0926ce9688363f5ce45e9acb4c013d60b17d4d6f30afa19527c0d3557	7b06492100c88540732b8d7b8d4fb922525e1bcda6cb1da74c1a50bc8d0932dc	5f5596332ee4611f393a3b9ef26587df2b3de53b2e8cb3ce76983656ad038ff1	6e619153f8472d9f49f6dadbbc02022b23a73a58d32a086864512dbfb93c767f
803	ae43ab2ca3b5f61b81ad48062f73ffa3b2cc6ca643470ace672af4a375b34a08	1bc21836888a9bc77aca8708393414cfef07c62fd5af634d5be0cd6396d099d7	0468ea1f37fea123737306294ebc1cc18254622884faad25d6844922a1df4a01	826cb35fbe0ecf8f33f90a530c65521cf08f9c4ab2a7dc43e1624d8664335131	af69965fcb3ceeadeb907ac8c70a8194dd4cebf2a7bf9a18e84bfc3ea18aed36	0a168a2dc84694311cfd94107fb759241c35888fdce2476b8f35be4b05059a44
804	1c0b3ef97965bfdcb3646f905690531fadf795f7de769e21743d21477e695575	a1d1239085ea953fe48b2659b7d10772ab1dfd6a3cb4ccdbde35a06e9b7e4887	8d4936803a0f482129286a75183054e5b84147aa4ccf0bd92d2f8a68a9e9f5ad	47ad0f55bd77afe51d215d1cd4a8ee44e1d26ea3e0b2552cfc318d36007575d4	0c48a08286ad545343c0f255b6915a546f1c32bd393401134683f2dbbc1d72ae	ac15fbb831d6639fcb288692b5b58afa9c37c35c166d6c1f16677707481d7d0c
805	49f5c211d7a99a542bb186e40b24fc289d82f2ade835dad4ca861c49f6c09d38	37f6a1017aa7ff1589ade7932bd97df1faa444971248fd23c1e9aed464d88ea3	baaedb091d72859c6cbf8c6ec0bddd980a4df49eb0b6d696b899fd1b258e838d	4d8734a41f64c9f6ad15e2b60fcdd2c29c3fa83322ae290df901259a7317502f	06ba3b4fd63eedee3aa13b3180452aace650f7e5f7b5148adfd1f71c19b6a7ff	29585cfe12271e77f601c4994a87cf011cba9f0ca962bab2c1cbeda29d9049dd
806	0a163a7bb23f2792e8c1efc007ee2374b71384dc381ee9f1753fe7630f81eb4b	1abb66d1b35d9593e5842a1d9d20a7a045d4828a3715b04f1f6fca02b4581b45	5fcf1e73a12a185ebcd5cafc240ef8ef3f6f04f58faa218c3246064b0fe3c88c	98278efccd25b77d3098c4674b12b78837e015345df5c388548e87152f9ce98c	eeee958559c08e7e8fb8aae22ed1b7cb8f21b538853e1bd770a9750a6bb7d838	21055d7e62ba12aaece40aab6c4944555909be1d9cbdb51590440104968c6751
807	bf80e892cc04e73c9107e895e6b7f7ef013ace8f289a155236ee9da1f616ecfe	c7cb3ebd0a2abdcd4025a985f6a183e5f5b818d787bcdd8caa82904a74e8379c	829767ee5bb4368e55907b82bfe92f9e8994c315d76b8824e4d998cd828efebb	ffec0c6cfab2ecd977d53e538e679f8885deef2c0f292654d4de24a7c5efaf3d	9c73172106f7c1875482a0711e4d77e22976adc5a1ddc340ebc95ad0472babd1	9ab7e4fa403bdddec7313f17c666dd2c1a08f007a93ac921b16d75e21fc5b55e
808	faa4ce4bbe13f73e33a7890277350aa171373e4abe0bdf50a447af3d80303d34	a47d7503a073bf5c982e50bf5a44c5f3276844bbd9a6f991a70d8c43d5839dfa	6b8b80230ffc642794d3d20ab08be7474d7e6fbd4b9a54cc208a76c7b32219af	6f4087c5fbbeb5426ad79590c57490ab01ada553bba2218444bd45da09be2be3	2e09357c4140d6e4d9c552470fae543dd9943c53abaee4c83befa2a0dfe3d2d2	018ca68cd8cbf194b99d40edf1397c3cbccb8ff6a82384220023badce1990c49
809	2dc060667481b8af136ea84c3e33c200835d986a9291200a98336de39d64d919	7e51b2ccb98edf136bd17c50eef94673a180bee2fcf8bc8452568f3c8d7fc36c	019c829c0e74d400e5e242e3a86922202e4177784ddf006836256819e348ea9c	2d362285f4d126bf04d8ce3b590f781d532c20d8b5033954d5d1e9be71617b66	4a5124fc248b70dec426610ab2d6b44ae952d60a9b643921a35af3893c36cf17	d43d85e6c54eb25d9a052166d89f40339f55428fdeb686cf5922b3987050ea5f
810	634b695cc89c2e05bcc92b4fdb080c5169fdf4b17a820abdcee471cc7070e1f5	338bd4b0707e560a4e7079e8f5a83d24cc5a79cc7bb34a5b8fdb382b1093cd5c	2015059bdb0834c67453f801f41d7b40887762303d05190c44963c65b1fb64de	eb3d48987d2d08baeb8fe835f3f6bb0b357c2a79a31489cc17b9e7174c68a68e	4f0dfe86ad5d93ff533d94d0f8d8d476a0daa1599138174e2ee3dcc63b1b8df0	a73c2ebe49f20db9963bce453151e0719a738d97b48fe67d0d2bdc97e0fbefd0
811	95fbf34d9f128570b3e1978ee28c2c02dc18fe062e4b8a6f1bbfa1d91003bacd	eb736ce4f22417be98940e6d45e8910d63553f5740081182942c7bcab3d3a889	fcd6deab6b9ba2e60c1e2744569944aba1741a854cb3241cfb07bbcfd5fa211d	f42194324c48acb3820987ba2f9611fa8f3cf3dd45f5ac168186b05d0dd357fb	e64cca258899c085c459f64a2de3e568cc190a742180e7fde491e18254aaad7e	4df5df2a01f153da7a64e0c7823963532b928a163999c3cca2e0d6a85fbcc2c7
812	16252112062e86df037832f62d07385ba46e80bff095a10dfb47220edf8cc7fc	f1b9726546925f05998e50fd47a967cec59fd24c9fb59fb33b73d616aa7b08f8	42aa78bd82f5587c684b444d046e195455ab170698921853b0a185e4ce2f4513	841b0454fbf0aa90f8078d15a72e27041c3492f471c662784b705169e57c22fb	4a52a5406c9bd96968f59a3ab6d43809c3223aa297b700cb231d8e236d60df96	02b6a2853352f4701d8be4f803b8da20dbc7c79eb4dfa8ccbfb18778f71b08b5
813	078204556b0a010a4d1cdb0ebd081ddbbc9f894c7295a90a457137ec4186a4ea	be9d0716cc945b35d318aa5ceebe8bf9476a7e05990263d2381737378c0acaf6	fd09ce712c02501b6a8568761fc2e0005fc0e624d161445759000c38e28655d2	9f3bd210ef86da4d616a94833a71c53f167b490880f05f866343c1028dfbdfb7	ffe17bc81916e985012ac14bb668927b9ad80b4dbd2108b30cbc5ff78a1191a3	c6d5c98c4085484f69516255be42a77bf680663ad5bb70451d75081d80cd98bb
814	f982e4b2dde8681ebfca0c3b831ce93092528c9ea9d7516bd37909809b9756e2	ba052b30221d5eaf5606e27f69e70152a59ec2e5d1b8d887bb8339de208f55b5	b0b1d9728adbf8030f263d42974218b10c73fe9d355553bd25ab59bd0f1978e8	5f91baf048e06b3f526277653d24468874b6bcfd1159caf147c9322eed2c7684	b81674272fe7a79383c651a7c7b671a2609f76d8b9bf8f0732a623cb3d0a0a2f	3908caecd8b34bc4a962f78f4237724c6361a6880f85e2b87af395ad6c09a519
815	0c22096356f5a2dab7640d0f57a10b41066abdb30ad6f2d5708ab2b2e8a0d437	d52e35a6c04bb67128ff8ec2cd295f9f27d8a7cd4784b804245d28c58055e29a	76f5055e1441916786489d79fc26a11f2fe2863e79befc733d418a33b34a98db	f2a773a0f0ddfccd4f4f5b9b0d9608cadfde4d888e208d19bed2149e7e683ee7	70621f3e291fbdeaffbda985102aa7ddb72eec7b7e373c309d734ef62bc84e19	685393a0f71faf398fca609121eb9699526ca33f0bf9be926bd38b64c8f7a74d
816	85314333aa92fef45ffcf57554f0c4c6514ed49177352754a46e41729b7b07f8	105ba3f90c03b9282769d50a449a7b0cc7d6dfad6bef9d6ce67656b196ac94f3	6a81c4e9f190370b458a5b3890cc25e5c57fbd0bb82934739f8e376572bc91f0	eb8b0bc46cb8013d20d785548e9310fbed7a0ce7beac1a657ca571e9bf91574b	bb1f76a1748bcd77ac981abf85388fd90c388c6f8e4892275938a8da18930dc3	4281b184135dc12f17a514601476dfabb73b30df9a089670b0be4494f5624456
817	d9044a6b9597e539ae654f81486eb8e8e87d863630e43b76b7f2e5c961e49c16	9ebd8205dda516d26874c04cdc6de004bec5c8256b3c4b2e1402560fe314f5e9	4d8bb731383f6b7d7c5e7c7ae56bc51395ecc939c32ff26d62df4c621f2d5b1e	c6eaea79298c0e2b392d7aa91088d14604748981306dec79a91a4879a51bd6da	d0d878ab0e87b649f7cca2492ed7d2e51ec2b18e0373ff6b42e30c699d345822	d871444fdfb5f6cc6154a8b5e60b6366ee01070209363ee61d068898c1370515
818	1722917b445d69180391203c76f6a07a5c1341f469b919cdb89eca403e76ff5b	58defbfa0bd780b23bd7d505b804d53dc75f4d77bd01bdd4cc84657dd837e1e6	1347daa11011db1e7f4faf9c211923937cbd94990a0e8f7edc1c303488e771d3	85eebe380bacd8d155978c30a3b494871c9e86ed71eec9a59cd2524f7d427b2a	3cb4eac5d8595fe83e25ad5518be922f04f0336265d5f856494a779a865975c8	d69f2863f3776184e54802b7b6b1470b275b1e63a4b8cb633da11b91d38903a2
819	9eda401f63175fb003ed49b488724782dde60b45e35ff71816d322673ca82d43	0fe8179736cb6651a59735a6a758debadf65c1404cc6ad311eb50ce2b32bad68	40a789dbb1a1b75d8ced259cc27a07eefebecee6526901aea58070f97b08758e	897138c9be495ea051d873c93907631a07c86a7adf9f53d9b1b1906d4c0cb793	8ea23ea24a2e7233f44e542ab144a4853b78ed27e0bff604b574d92337682efc	71a217aefabe900931bee2d1a0a8e6e5dabb26b4927bfce481ba1114b2288388
820	e7b0b9cb8d1ce5fd62e4cf4e69811eba0884db7a9ea24c2a050140ab8f1bac45	a51340b05ac60132649c41e4d1b14646bb70263f1e9c713772803cf598e02aa8	abc69b512dadd9f7cd5948e7ff9180c9b5d7e58b29debcad1eb33de0cb64491c	f52b8aa86dc3720e2e06694ca9f62fee888d90bdb1665eea7d8c60528f95400f	34fef163c387eb84a34601b1fc7acbd87d302e4fe79dc10468543cb262e3fc8c	5e670fbd375ed9f3882bc86d65dc6f14401604b25b69840910d7e8d6aff9b138
821	24aaef8550393ed0cfd9cf2c57f94e8b303f067ec7d8f0c5e501b79a9fe674a9	9193f3ff9e77f107a041b25c14463d0d2450f67e74ec745d168478d9b1a16373	c90a34966b7065cca2d1d262a893c43126b3bc97ca6bc030b88ef10389714755	ffc2458ae8e2c3ace0a243b823d8cb54ca1ec43acabd4338649aab603b39d643	8bb19c68ca4b1f7edc9e06fbcc4722a3afacccda68a22a854a9656e9d2e86aa8	5bbfb60394212962e886ace09a3a0e94bf2340f29b5d8c7244fc998360116ec6
822	c4e31543d24200eaac918cb61ae62534b316e169a607d59bbda38931d1fd9fff	241c59a383ab40ca13d910d122779c53821d4bfb3af1e659e0fa6a9ebea12411	065595a02cc0b57ff8a297d37cba557d4d308ccca84a2a009bc9f25b4d3671c1	684408875797e10d84f51e2e0992a222542ba59e33ea472e9658f236d68ae2bd	0d42017e2ec8cbd2ea48630f8c3dbd33ba9fcc0a24fa8cf295adabe080c3e23f	cf8117decaa589c02b80c6beb6a67a06687961abd7ba18bca5af9844c6ca19b1
823	a8d6c4ab93a17781933c80dce9b41e0f6c526ab557f6e57089a00f0dc0565cdb	812dd9497c476da2ee934442cedfe3d6bd41a23a74a570d93784486f7291d7d5	97f2473f509a22cd7f04947b978b5a509b0eb0d1c2335e3bdf247df1fcb17b00	1f7dd8d15b8f232b56d6038e1f8b3aac54b92e2104d0e91b0fe26c88f0ae2124	fbf793f34d9cdf397981988446bcb9e9a6933f8f807e33edab7c759fd83ba763	2bc95ebcda6dd6fa7567efb03fc2a08be02491f2cab66f944a608c13ba41eed9
824	6d258b3787b62c2b3590ccd750b03bb6c7f45a14efab95843f1f22314c57a64f	af0827a194b2a70957a7089f4c4e7755fab16b570df489bd3aaa3f4af8b2bdb8	2a3d1fc59a8b4d06139933cef43123b297ab2de5d1b04b34e1a72e735f75acad	01efaf4ce83fdcded7490284ca69ff985e4b433cd874d8e1e238fad3641acf5c	d235ce3de33b7cafd10dead5334f47941333a87f69ed76400e626fda4e42545c	160b9a2632ec857e4639c6b5ad993320c31aa0e180288e8b70752ab1003b8a9c
825	c95b252a5d1f561e6d37d74baeac88734bf7bd91450a9dc964b2b258777ca79d	687c6e34e3ca74fe64b5dceb4ac3014a7ea5853d66d7b16594889d7be4813d22	f4415af54e1ced6c60adbd4377c6e70a581c84ad10029e40606eb550e3897723	c8691783f908de11b577cb66e8a40d03c2a7bfe77e56fbd0a61f5a06f47c9294	a92e60aa90dbd88e2faf9353a4b650a67b65d2e0b4fa70f5819748c81f8ffe94	d8e575c8b8fdabe93597060afc276d28b17b739a96eaa54bb703d479708b9ea8
826	67485f1fb9b57cd5216e81467610e96a0d3eb672d9538473a3c776e7769bba48	977e274c4522804d59b6a73acb79da53f60947232a3785b207416784adfb5134	e2a1b25a04746b8db362f997a3a8f9a850230cb2e8d8f0a2ed7ccd7887523a0b	8613e6b5dad4e33fb15db8f9278c6d14910ba67765f1516b7084e55ee298d3d8	dd6e0ac44b0cccc2ad2c81e0833ad65d57aeedbcd3167f0565cb0bdaab27b6bd	0a575f56d16a6cb7aa27e082f75bf1b704207efa898911409be6a4bcd6b4a832
827	98dc5168e43fdf342dd7c604d45d4007cb449a8cf090613f82d711dff05547b2	9135684d5d741282e717a4f4a5ad3f90ccdc264a68c77fdaa7082a65c52e2719	86ddabfc58889b8340179defd301320468032958ae34e363ebab466ad4649cd1	1d7877cdc686f9cfbed5b89c4b98ab7acfe28c05ec6b0c88b9d586394094d391	f5e47a3e23b0c660ca624bc43d5dd592967871d4a45b5abecacfaebcc690af4e	86cc1596fc1bb4db0f658c657f67cf0452bc26cd7ce4a0c1093ba8bb54631603
828	dcdf9f85d3740b3ab4dbba9e737fa61abd177a7ec099cd9d86ff9c5de7302110	e914cbd4adf720bc9a695caf616031513dc9590d0aa76520a14c00e3ae5cefdb	5a797d5ef74da54e2f26afb144327bd5cd72832b37763a1ef51744eee2114e55	a47660c3a5498bcda034db8f10d53e08164fd1667e539f903c9fae9de46690d8	10b7b1336e1c7af64cba2e343b595f7c7e0483b1bc220453781a215d98c8cce3	4780dd5b1ca4c5eeca86c8c4ae8dbf76d11bd589d1a522e889001a79ac000411
829	945fe05824bffba9530b403ab7845670e42b3fe518a856bc409751ea75247136	84aca9b63a20118d8a4b80870460e2c0e5fa38cfa2a3a61a7831b30af6606b5c	ff81ee4c0d087e27b33f11d9a6381c3d7cdf4f49370af7ffd987ddaf232aaf82	9ddabc87b6f1b977e5ae2c3050a50606f5031c6685564538abc145b8803fb652	3a3dd9592805c1abf0b93b6aa448fc36d77ec6b02631a53cde1b07c85ed6d5ee	afb32385d1e9dbe692d896d083f21f23ba6a08b311b8f0ab7095cf55745084ea
830	1563bf05f4c87ca7b863cde9a6b207a51fab6e945d4513561558902ac81e7e8f	d980a557c079ff0a105a88330fe5dd82a07e1191a3e78edc100524ac04085ed1	25210898f68406eedd279e7236175e0bd9e2df360f70b87e326a0f9ce2dceacc	56cdc6d028ddc9097d2ba66fae5ff9207455c026f8a1a06f12fa103c2bfff1b2	c588b368c66eec806f1022456bc8d8f8bef46660ef825648aff40b4ca5aa26b3	b0cb8dad94fd500471d89b63c72ed496633f613ae9d44c8f5f668e19a8b4e508
831	86c66f61a756d623acfeb44d178dcef7653e784fdaec7dff3a361f547407be5b	cff88ff9acfb0a528e8f3e9a64836835efd6855b2d37a7c84bb8b8e0cffd5250	6d6355ff7778bc14bb7202f9efd7a0e830b6499207a49726e6549252992fcdab	1ec2a60e929ee754caf02203484efca0bdf5fc25a7892355eadc0cb350875682	2d402c484ab8a0d619938d7a2899713bfbf34cc35ef3b9950983d1cb2946b623	dddef2f14ba90c447951b9353dbf1e285bae53d335e56642a607fbfe50834d3a
832	95f4c9de4189ad145972d4aad10a23a38522b6c5ff8d5959f2d57424f1c41c67	a10ce8720dfd4cb530597a85f79d6712ed116f6502b84f3588318ba2960dd08b	3b4b8070c1d5cf5130ff89a3d8c06d3d795473cd83183c5ed1e2becf31355357	489e286e9e2cb5aa38b09b5edeb60a9759de1fc7d656f7ffa75bc915d518fe21	a979ee275eb7d2dd38fbdbd90664024cac7c7cf4df90d530e3ce14ad5beae92b	1b9d20d72c45b8d707d8f743dcb34ae9f4cf8370722b4a3d79b60833797a1fe8
833	dac6d751446317f72e785494f8409f4fd6e28426bbff749ee97c8eaf88feaef6	6b6e746f4d40d69ac70d2836f19a2418c5652bb012bc71053d158bdab8ec6efc	c707c09240efa2e497f7d23a270e1975bd2a108324f243c89ad051789c70fdef	e25626af2aaffa2f6beace4b469af8d461b494fb692def25cf188ee2cdb0d3cc	ffe940dcffe54cc937b329cf9b5a074befb130be0fcc72082437d72e12ede0ab	0784aea5458c2742076f833031337a9084859e06fb8ef743f3cec7650c8ce466
834	2c08e74b25513c57082c3a10be73fb3f2a8d276dd4696809b42cd1b84576f3bd	06e4b69d8ad59c0424465f994a70478b30b43848c8997199dbce7d876d777041	189a0451a99676bff73560c16f7326599586ea86615bbdfd24cbc7396828150c	20dab315ec66e873014539a504452f0c768b9e8293ee4ebdeb3fc0ec895c5b8f	29aacb9854f29a48e896cc420859fd7b693c11db88281bf8127112772365b1e9	1a85478089874f173d16817811b722d0ed96c9f04cbf61f8bbc8937cfe799cb0
835	e2fa8fd97469fa195320a9e0b7fc74805ddcbef77a886a60457cd08af3a49a25	f0063b7a1b57b4de79084eb14bd3659fd75b121df2b545291006500ad7823dee	ad625b1cecee97eef9915c192ab033249b04b4027105dd55c3245d4ec2a2bd60	727390f54acccaf4fad73d38f9939c0e16dd9e1024423a8c70542e60360b9c3c	0eab697d915c1ba07b5d57b524323de0eba8194bc9f7494293a4a417ae6db281	13becd68c8f34e26d047695ec8a80839f54a44c6fbf0970b25b0043154f9aeb5
836	1ccbbc32a191f9dc0654bd9e0c6e5c1bbefd76b431d52f16180c0f68e44223d3	efe726332af6db3de2728cd7d6fee2840102e42f1d2fe3530e919fc945af9a70	16d62edf1204a425c5b78e4df162f6e81e78eca6b416f6850639eb5e48caef1c	837a3c46b528d61f4dd846f2858375d5623fcbcee3f04258c9d365411ed9b4d0	f248d95cc26f47d4be552414aeb18b0b0a8d48bcf76f2b2a102d2128d2a8a9a0	96e124a2e347c570378d62f7b9da2dadc6c31c63c51b11f205f09f729150874d
837	1199d7778ae54a734c361f790196eab9dc44e920d8abd135f220c144b21de9c4	b1e95ff7fb84dbb446109fd128a3b0f241af4abccdd80b9140047f18f1bed60c	7f4ba393f3daf039f6813f59e2e0208e2df10218e46671e7e6f7a59d53de106a	7291a7aa21e700246bb52e23782e9428bf69a79baf3d57834df1fbf35889099a	68916df50894a4767d6e34b08a10c048907265d5feb9de5178715b33e529a093	5f5741fbd22efa574ad52cfe256cca34f7752bfdc6e2ef5a247b65371253dada
838	22490ef5c6bb31fa34b952e12dfdc92c490f5194eb439148c885890333601e50	4bd9a5c1c84dce2f79ef63e82b4e61afa117a8bc26dfedccb9095b676400333e	48792494c0470075e17ce4f0280a48a51d74acdff72ae80f131e8b48c81f75f9	cc252207109b878325ed30a2f89b7bd956f5a7a57e01c087404189219dd64ad2	81391ee13b08457a8a7dcd137a714ed1cb9d78e8a8c0dffc96978adca7ca4ede	5012aa85d145d39baeb0f3a0b9c22017d21d0e20ac8bc3a92e378eaea4db6b84
839	4507d48ea89916b5136674c214d1025e51c7eb99cabe654c96622575431db5d9	b36f498dab87bfc3501ec9823ee18785a49bdbc8508c503e85bd376a6d49885b	7f542c20e78a45af0baf6af7cf64f6b76047325d2969e1057bb3b166b4f5cd49	39a1cdf0a3d8a085a2141bddccc04b16d719225864e730d6b6f430c5e40f4641	3c6696e75d65ee3d0dec8014ce1cb9c1be35a6db95a4e9dcfa0de633a0c077f9	72d240fe878cc87767c7b8a0ec5a44e43c4ffeb16a906fc7097697078a4a4576
840	6d10b15ae4cfd5b23a4dca98f80c2bc9820066c3e6ba9d3a87f344e780b76519	c25b99861a4964b47fbdf29a68192936fcbf91ac6a03bd14b7871712c3528e6f	372b4db3329af6fc42017c44b987d3cebecb853ee5d6a29bbe4ebc51dda10756	76dc492fcfff487796c3d40c2dbefee02eccabc147064adac5575005ee367aa2	ad8ee8d2b1a87b86d8e33d56d2718aa171c462d7323a4cc347c1d74ade5a821a	385d41a60257732b874738dac110b2da40ace8bd2ba6e2a36b73619778fe6418
841	e81e3d310c498ef2301f546dfd5104ff6f3efceea5e50ceb55271e8de0969bce	0579cea383859391dcfe02af4c3139a5b1206341e65266809ac4b74e3f77be78	b51c1494f67f52fc2a3ac75f101fdffa80f78485ac9ce96ee96fda021005de40	d05248178ad88228fad62190e9e6953f9968081c52229d3313523e18f9164c6d	885d0b233902b934bc8129f1f0e711a1ecbe6bc1c85a7764676ce172d40e20d8	06707025bc02c39785672ae1d6dcc3d9422b329958492950fd342dada40b03ba
842	dd6e212a2c4840a985c862dffa58a02108586676914ba7b285cac328556ac9fb	e8904605f3e8bc4860b773460fdd05eb7306f90a0bc68e2e9a681f13a381cfe9	506b3cc4d5dc6305481e0b4a4b09d7663a5194c7717cddb75e74c380aaf967cd	0112d7dce033be9cb239b260b0dfe17c11dfb3c3c04dfa092acc66fba2ef8342	9f3a78cbf37c4102e3a904082c06d4eb74d1a5123444886ab4a532c854b1e63d	0cd0afbe1151262f0214fd13aca9b4cec358b3bc477715006fd929398ba26b71
843	103d60afd4d1c26b361bcdc10ff7cd7687edf58bcb9ff49e626601433b8bfffa	d948066d18b94bfacd1e7dbd2e1687b3f880619ebb636901e1e5eff3c0f601fc	b35acd226c10a9903b31ba3907f1dff1f4acda0d305b0ffa509c6075769be4d8	4181c160325aa27f2450c7e796982ed6b0b43e42d256a2c07f98e0d5ca531803	04a3a677f2e83d78d5ec687b743de836e353c32e9558b8b1526320612d587a45	e5078a631e5e2f282e564fef9c285338c4acbc542a084e3594f446007309e824
844	d0fd78319634f9b84ad0e01e7d8f0ac313ccbbf957f05d5dbd53eaac1637e7f5	8397a52bd79ce301ccc286c24021c307a1898c3b3532a6f6d68fcad818a62360	8e941f9dbc5c7fe7cd966d0b0dc606597b0e11ddc1509c1a4ce9e64009f14233	2986e3a86092d16a930ef8078fc0830c4f0233395ec86cc102b6bfdc96af7f69	3c33f33cef74c2ea50e183e037829cc403ee1374391efc6c4a42885983060c7c	94e4d673c5009d7823e557ac6148bcd9dcd79df6261df46e5f6e4b994e65a3df
845	a5c3d6dad3152ebfb26c35a1237e90954fe2ed76b6f58a7b6907a3258beb62db	16dcab28f4935552e4009f28e4681ba90a8531d3d0806b5eb10ec4e8f9e72f8e	45d3c98a26d7adbb1770c7cf5091db2ffc37ffeb77116cb04008517024633553	a87caa8ab8942b9b503d07fdd67249d07f845d7e80a36d95853a5a262bc336a9	a901ff5080a71bf3b8d9b866e95826cd702f804deeb4581a304981987a701a5b	cbc8e4e63d75e99481c6454a757f9f725ad49579c5c830b07e8a0a7cf71cd2a3
846	792ae0bf17a1cb00b25453ad0fd9fbc20028883cb7b4c6f8f5fbd46b31200d24	05cfce039ff3a09e7509b633a2e182af033378c27443a53a05832bbcf42b9683	da9c5a83f0a835ce119ebf9ea2502365ed07cf0b96592fda4ce47b549742e8df	291838dbcd842acbeab148b7e0538050c3ae405daf5e2ef85313331d29d56497	f864c291c09300496f44944fd95bdbaf91b4429506d2346380ab8ae6cc4fe2fe	296d581e1bbc608309e216674578dafd08a02e16fa0a71dcb8e000fcde7f3c96
847	39b2bc67f025ca3eb2677151bc4f135ff4bb4ede878a956430133b4d53652004	7429fc9a56cc961c1ed0c9d6dd90ad5d291d8b7c47d0394057c17fa6b4f15c57	bd1b9b7beb7c461c38ae878bcb85bb9c8990adde6bfb625837df100bcecdbbc6	f74517810c4677ffbf8a51ce004c7f68d32a49b54fcd457ea7b62e3470102170	938a6f27b2adbcf76732248398436545a68cf40cfa6218f1d47e9dd75f3b7765	ff5d279ba1f251d079ae0a8b606e117a17852f2766042ecf02d966752e096527
848	787dce97c1af0eb31deddea1a5712626d2b6ca1516e2bb9cea2579c085764deb	3101f636e0b65aafb616ec238adc96cae96ce8a3a68875482571ff0d0b2e053d	23c37c4e00e91242b1f2c036e28ea4d1a1695777ea0f742b7d3aa9c800b67538	ad6b699cc1d572a072897096985c2c608d28af5975148db91c4986e5689de6fb	69d59ada9c59272b01303be4536409bc7a1189528e62def208673184e40bbdc5	f4ddb7f71730ed6490ed954572354a7ea5d44287c3194deb2072ffa1e324eb79
849	c2d39a736fb26aa39c7009eb1371d9296a024251843247a14648377d7d354d27	3a7b0788cd844a38ca0656e24cbb726936b223e203ff2ae2b7e1dd9a3f1bea69	4e9b755cfbd8bbb085f3182f63d17a2df0569a97a8f6254ae202e0da72cb678b	5fa2ee8ea09c6f51860ae4d459d997b16c71a267144ebde24f48d0df7e98ef7b	23bd863ba74e4d8d5f24ec92e97d10ed4804981f56d8299548f0b49d905e8745	2751f779006ed43a3b0cf4147ab93016c4d6fac42d705cd2ac8c99d160caebe9
850	1319792e33f2d1806a4888d87c8c343bf7838ba9e3e94befd9812d31f454da93	b8f44efb8be013bbf43ef8887aaf8e3caaf9a56d89189823e3f1e0c850a46715	15172b32547110203daf8e00924987132788a7e53978d53b52e822e5e640fb69	79723cb7fdec389862f8bd5586627c4d95ddc1ee8e8f1a6a4f01d2cdbec518f5	65ed9e3bc62002f240952849570a1b1397f3729682791ab824451c17c33b16b6	973f37c97d36129fb0adcb17abd3951a20951882b3830afc836897f031aa6b28
851	2c2f0c321833b696dbf28b5625c104e061b3f756acc6045d734dfc52217c55b9	7e795466bd6b9badc775bd5e51497f17615af9b9bde89ef70249834634d04afb	c589023f62cd6aac10304d2419f0f25e6e2bb3e0f5f3b4ced07bd2ec6458d8f4	e7f5bb3e79e32e6e5efd2cf41167775d74562e3db635a29d65e87db3a6b025bc	dde30ec18b6ea634cdb5919dce89bb48350cfa74307c90879302dfe1e521c895	4fc71322ed11d69cb91ee45dfffce0d722df0631c02e029bc4373677a6e40f85
852	af8446c541dc35d9bb2b7a33a03f7df7a674a0c8037b3efdee42148910b938a3	520a681c0058cbbda0a1c26d09d135c2f73d9b635460a46c757a2df4a8dab381	a82c1424a622985165843296ba8e066ea62214eabafc31901cfb39690435dd66	c5b0e4a601ab6c68fd336791b92922075c5a002db1a465653e9bfd9fa8948768	86baa5efff3123841a4c50580a16543ed1135a62b55b4407b6973f6a389d8556	bf7a6a46c498f92743dae90faeefa4cdbb9a009aaf9061603c401af0270c5320
853	5acd93d41f0dd59ea55ec0948734e96b95a7def9696f3f9bb5d8c1f8c21266bf	403f8344b1d5367686568ed249802726498b2d984928cb7d78f823315a235b2f	cce98916bfba501a8b83dd052797c11a91817bedce4be241e63f384132274310	d750851fc509bca48d5a37ca18ebbf599e8f40961ab0fb22b879e4b00ef8e270	d9cb41d409b24b3fd54a59f87c0f69a5d748d1a7e76b531225cb78e5f99aeb3f	3c5b7da989eef7619bbe5006f26cd175d01f9afae38b7ca711666720d835bd79
854	b5936293bddfccf443a2fcabbe8568e031c3ec7d39fa852eac9dce36fd527058	733e8f066c171d6652db47aaa07dead3bbd31e13ea3877f09f4d655b98570e89	940ebf47d12cd272065a68cca24514a46bcab84446b725901ef00232bfd8294e	2f68a7eedd4b9af03da5caa52f5b699cf0a561d6322afc445ce4ff2c0816abde	dafcd1ea66f1e1f17870ef68b91468ee63b0c96e6c313839bd332ea19ed722d3	1612ffea4a9e85f9f012bc18cd616f79d6ca759c7bd81604d8cecedc482fa577
855	bdfd8a7472a21f217117d0a595e6088e882ba5d4247e553ef7f81a7bdc095ec6	acc14a43557db0f8b7149f7f529429a4332c872c62b25bf07b72dc3d341a63bd	aebbad51a08b95fa10d2745a6525c9aa2ee3c4079688c5cc5b8b826cba3db796	b3ca14f14c9d01f4dfe5b3dede3d51ea5d9b6d3ddc0b6f38689482c919cfd5e3	ace67f64a0838a55819fc2ec3398b74733ae69fe940e25d0f7dcccdb68b85b42	883e9382735f65949e5194929cb72e1a62fb71badf790a1bb148134c2627ae6d
856	b67060bc30ea9e160304e4503dbb2075e7229aa66305640bf878736e43b7814c	d31dd4cf4204172356e2dab9a24077ff98a361c1da686951e7f8067ac0d63f23	28db830467ee874662bc44c48bdae2d471488fe373c7ed3c69fa03c27b1797ae	ab814d1ea1c16f5292595b1371b4155f29b40593b3eee0b59ae68aae6ca29e2a	b2f00de4e91d7a8869c4e65f104e1da8eae52b6fc3d6941c1771e5f9bfb70071	e7919b7a573e046e3af1bfadbfccf41ba37811e015c1241401ce7a14a51bb3fe
857	bc997ba5ee8773f86bb63eb325f5d26a64177ee87595d416d5ff93277a51b2cb	3808794cc0a1717a171c0cbca614b20c026af55379df5068c414d61e5ed57e77	c2785f8c48aa312a49b690989dbad30f8a510ad766a00b1b99592c738e1f45d4	f248e1dea7c99539b920ecaf7422b584c3a85760d11dc74901c5f25fe4988bff	13416c9a465814a5de89b91a1065ca067f65d26c4496a4eb63e3449952141d0e	82dcac0edbbe59bb9b38c44c49a53e5ab1e98b40f0d7b6bd5bec64916ed4c185
858	9227b3407596c99fcab7e2b6fae7a8ead7896506f0f124300c1f36e05dbb7d29	d3afc83eaa2158f9208d84850c004b42831657e1075f28793bee6c6508064d18	1c3f30abdd8c5375f34bbe2656b1ed890f1a936e6673dbbedd7d6d3335822a59	906fa05b17ef4415a4eff1129529a38b073196ef0f9411b5371b59188f00a503	4a4d0f8b3817d994db6db86a7d71401b5f2ccca3d5d161acc68026ae9e95442a	4361cd11f6721d01b889947357160189497ba10f93bc13dedaddfba29b29dce0
859	0e173234f640d29e791f28bdb7fc9fa7ee7b7bee0a7bd9eaa934b57cc680b3d5	45b8aa45bff5fbc7971c28e7ccb0064a1b5e31f9006f5d51c2dc5aa234240994	f078a3a4e6bbd6e6248b388f7d0d599b64980acef398aa1436d413b943a44198	44cc046c717dbd52547ae564fc02756a2e9f9b5f357ce8c9bba5df6b7223a40c	fe13b616b1f4ecc9720c0376e1fb412b535f2b184e8ecf0e3e22d91032e25c9f	a0ed1ec8ed0fc15259e28b85363d46972b0c313fd65567517f0c688b9a6de122
860	e3191e0a2bf0c2f85406ea0fc7f1ccd7fe2cab4835c72faf424c242418d5fc64	94dae0c9dbe04f57e9c35ff3286cafbc08e4812ceed82a3fc3d3f154b614e57f	fa2be3ff7971b931db0cef75f1119c6d286ff37135e6a73d5ec4b1443eb9551b	6253ec19cac879dd33c04721171cea5aa06ca0b8af35766d1b447bf5513ea937	ba099f4bc364dd1c704db0f618d96157efb9d73be2d5a8a040602c2d9eff22c3	9cddcd4d99710b1b989ddc1ab27ad97de8c262cac755f4e7feb1ed6ee1c964e9
861	c57322ed04bf457d0292f1251db9ba0c455771eec534760b4deffd9405e5a0e5	c1f22a608447689c01c76bad3806c0dbbd833e5e9371589e61e98ccade6739e5	d57d4dfe83cea8a14819a2b5f27597ba84122eb927049620b7b0e2ef90dfe56a	46f3e4e68a723013c7c2793e92e9d540953f9bf288772aced54d468aff4be56e	2c675d78a9aa65ef6098d727059b824124417f2ebe53cce8bb8943f9a25052c3	35eb27356985dbe59a3c07a1d3e3f7fd4fd1fd319a1d29ee84f3925f357951f2
862	aa52fbddd8e19561e8965ba54920bd1a19286505292182fc268c1321ee77f367	8aea075bc007e1beab26850543a3bb14e100da2f6a70f45b7bbf00929e294158	be153aedf6a0859967d366f778b40107b10c66f26bdb64ffc409779306b77fd6	edd986226a4c50bb7c54d542196e76cf4011819d388f3a40da14432e6c414118	62ded2626642223f8137371f072f00fa3fecf723c0a530f36b028202c67864a0	f4bae2a763d14ad89bdaf22b89a4a7296b608da9a5ee15c68b42afa6d1c7a306
863	00e56a456448f4cdf6a7e5bd9f1a7f837da67db013abf73e6430674a86797ead	aa18e14c8cbebea59b8ab036a0976cafacde8a560259c713dbbd60a3245ea4a7	1be75c0ee0b05783f8a693f80a6640c6b790d221921bd804b8af0bf279f25456	900a6fbd36234e6a42c1ba8f450359162178ae818f1d2c78b53f2f25817948a9	3530c61b144c45fcf60a5fdabd07ae8d085c5f80a2ee59b1076406bd51abbe6b	1cd196f9180e3a4561b39b5883b8eff8d9ab403e070a1fb65745b2620aa8ed9c
864	83cf4a39541758687b98b217dde501a43e638260c2aaeaeb0ad76940058a67bc	ecdec174fb8828ba70d032cd3b27b2ddeed2a05c4f606ffe97b42f7f1aa3b9bb	9ed58b84e87e32e2609a032d25a72154fd128e28942312ac552426d36af2dd00	cacea1cf03127777397cb13d39022c96003c7719f99fb3f4983f00478d433e74	b0798f48bd4bb0f694e8394319ad52f1a4c56c0a53168c0a179af14bd3f59ecb	9668c9a590221238486e0f3d67547e9abe592fca34d3c4d227f0c9f896e7b487
865	ebccd6efa7da7fdd40ba763d8dd1802a136fae9f197a7c17c811c5d8f4cf0e1d	5af428402ee76a38ba10de8077a9d972fba3236142242d22d6cda9b4ee0eb4ca	e45815a50384d7295cde719488a31becce18614f20b91ccc3fc9e661c43b640d	a6596a4630d1489e0f32c1fcb67c440130e3a7466b7dba319f3e5e526a616597	fef33f4c6a27b4cc75c9ff0c6826b96ddf05fb46a9ba76bcc7cfd39224f88638	27810cf761327bc264dc823ba4c01c6c8c9ac751edf8e011752f27de4859a2d5
866	d64fa349f6065e9d82874a926d76287415e81eaeb5247b2ab2fb5a7f1f7b3b62	0e575f04e858a85a4e5c5498b93139fe7261f62b16ff33cbe8ddf8f27cd0721c	adb69ac4546c515681fad0f3a72e0aaa27b78bdd45b8e8b23a889c91fe9e51de	9a392d8bf555c6d76e7fa954e36495cf6ac1eabd618c8b2b5503f1f392a6f075	2d7c0fed3f34869258a2c26028e636fc6d8878f768eb40e4cddfe6e28b68cc81	228d7305fcd40091dd22cdcd551e347b2671314e5f77690ab0afa53c29941379
867	f32b7b9a1e7f81f52948c3720e0db8492fa2399c617dbd634ba91d351ee9ddb0	4364f7bbdbac9edf8fa84825de56e86d13419b7602dd47707e1002200f0e671c	11bd927c154dbfb5d36833cc799bc942955f75089ca8249d58b4b01c9770e4aa	06f7c4dbdae8fc0fe5fef370bdd79196bf43da978437b5e97b6d401ffb0c19ca	6c5ec275f3c6e4db910181bfb27618a59178b3fa3d95158bc6d3682878db48e2	f1c59a90804f5c11275344916a1e906d0336e20b0c9abf685961e9d0550eab62
868	5de6b3ab3e552ce79072a6fa721094b2963ba87ff675b91d083a47cc4593dc4f	52f3e9f2dad7c33a9f8fa75c588ffa8489df63e03450be29722480ba26c1e7f2	cad471b774a536c6f8724ddf17487804225e2f3f9e53b0b01428064a6969b124	a5bac995e6a0aadaf5510b8a3a1f3df3c31194b8589bd80bda21a447602d615f	d914c3be496d98b010594b178ccf24c4a7ab97a78b0f8162c5d54a6890dcf83a	301e916722cf35d98fad991f0a77c5bf39aa79e8fef7f7a6968d898608f1990d
869	b2b82f0b94b6fcb1389aa8fcc75d5722af0d368cba69711a738206c62eba27ec	603190761693da3ab6e11b4287b0d641f155b9c31dfad11984b5dfc5fb2f82ad	07f330e14960c5fc418093dae7950f006c1fecb11230b0012cc8a8d644f00ba1	61036ef7f6b9d233fe8b6fa489e707dd628439891c7af84fc4604984846187f7	840ba310bd6f166a0124f9ccb5c0a1869051877e97a15d8a425a5681ca5b1111	c32b9a20fd9020ce923fc5185decfabcf487b73de36e0efeafee5b5d447be5bb
870	c161722c035560ad8fbcab0068c6aee6426b9587b7fa486707aca9d38f4065fb	96212672c4c1faea247a91468d893be73c56ec9c6836f08c59063a4bb7dc9173	0ebe6924683af434258d1e56c1e72bf19e97c66ea8560d1830bf50a465a6bd91	9f3bb5177973d4125d9b1dc39de2a3b2a31d357a16eefa1fc43963c31e74acaa	fe09b4d54187c3d0f39d21a0a265456423a5c235ab0637a01fdc99dc7872263b	7ce45ad7f4d7aa7a914e6227d79a9332a5a635c66e0c6f485d4a5a4553d12cef
871	1ea473ba7a61078fe84a146a707f7d5cb2825cbc385ab794eba9efc628630d7b	6aba317f3075cbc8e1e0619330d8889ffaa262aba1a81f36ce575fff3020a62c	db6ce2d58546fb4e1a5365c2c09fb09ad66594584149a84a09b08995290914cd	eb1c0f3b571c3d5032d654bd4c18dc1ec2f63070968fd972e5a63dd412adf7e7	f6801d3f71e88d92d8905d40d05048ffeb192d2c7f173af1d705fb06c90c1721	4cace575a4a471602977511d3406b4109cee30d2ff200208c4da6523acd062d7
872	7ff51cc3c2d8895dbb72b844fdbfce5886cd421d61ac843771928ba9c2f364b1	10d37aece19dabffe73b8951f439073ab06c0fa72fc2870714348c40866cce15	707e5a90bb15e2d8a8da45e0d792b27bacd7be8643d5cb65f85d3263c59f79e6	27d9897315d61828d77d7997975947487977c2580555d734b5fdc5626d700f03	1eef4cd6f260d60dc0defc5b6ca41e9145b62faa6f4f584d2665cecbc6a08c9e	a17decce7d8bef134dfb9b8c26cd0c3b3506b71ed81b948db2788ff4f2af430b
873	426757026fc10e1dc0c64a26adf777d7ded99ff351f037b206591351713386ba	6b661873aa953cd19ab9f4581dd9244a71fb83b7c2b7e501e1d25b13e45366da	e59dc41ebc752a36600f4e7f80eb20c0b572521edf407c4c1001bad1749670d8	a6630fd7125b7d5bcc76b29fad35133904ae7617ab9ceeed90864e4c19ec3a9f	16aced2ff5dba40da7d5cae060874c666aa8b3723a826125859ae03fe32170ce	1b578a58036961612805c28fcddc6f50e90912bcbecba90ab084ce2be9d480aa
874	06cc165351aee032b3f20115cf11bdf3cb5c3ab39cbf4775228fa62a5dbe4849	0e090bfe02fafc805989ad36927365f3989b3e10fafda15f3be236dcb73bc42a	b6e39938f57c8df518d203f9943a87ea45f51773151423384b21fbe8e20d6f31	98f72906f34f4136e2f20254f584bebadd409c14abd55e719d0a332f58081ac5	b6f1ecdb5748bffacd86434d84aa243645e39f1e95bd65e11a917c603057172c	8f68e07354803dd1bfd4d9078faaeef23cae1e5d5cf6539b478f71adf61e83a6
875	b803ec4bdcd667a838ab603fd428d8523796ffb96b92f563733fa6b817665abb	829a7dae2e3af587233d9a5b6601076c966ddbec7a15664ed7b0909807438be1	292ff38757e4eabb785ce512264b29f6f50b207ba92a267512c521bf43915516	434e3715e604e69cc00262044d541eb3eed880fb0885afa47f8293e886989a88	760a09f91a4bb64382b4ec01be4e437c26bf64feeb96b019606e5bc96ab7e84c	f862166cf7cf5a51853728676c118175e3c2b14cef8df1aa738dcb1f6e38df6a
876	7f57b36f4fec4f4afddac767baa958e87a3d51f6a03bcff54c2a1c86f0f225cd	08cb646cc79a2d9bfb6b43e5fe67116718cd95916c8dace3dcbc122132bacc01	8755e686943df5957500ecac2e0075e6e8789b7ba024fd64cfbeae16dc7c5c8d	08df6c9c5953254a86b28df845f3e2c6e9d0fef67c6cf0832ee7a8a478e939cd	582b1408182d76b5c150052c60cd28af3b72127fb95e02af2d0077c595416b9d	0831950c7641c3c6ce9d8584e8d20dc41b0c5e14d309150b01b85c0f4dd656ee
877	ac65648aa9359469f11379735e36c9705b6a4da7ae9f27c93bf2ecd8cce69adf	e1880755830566888718823a26fb10cec08a4b5256bf3357547c866b71e01952	5424803430d5f2dac2652367f650141aac123591052d2b94c95fbee0d413bc46	1b26ba33af5871609d1aa299f403eb1abc44eb659f8e486948006a0164c583c4	ccfd9480004dd73e308b3f5be6dd9e1138931e576284b971dab9fc4ee11c23ac	5dc51a41ea464d61d7808bf3fa60a632ac92f540495f8e51da2156c80e55eb18
878	5d26408aca1f23c5a982ff7f5f1e11f89e9d239dd0465854b5640a09a564e342	9e746bcb8cef33a5460d12fe084e873e5cdef4b50d9a4708d3a1ebc3e89c32e2	0719fd115ee602d96a4a4961f7e3e59dacf25c3baec9ac276ceebd90034d7b87	63bedc26a86ea3ffedfc44173bf649bba8904fbce5c3afe2646963eadd4ea01a	238077332552a65a6158946fb6cc0c39674b2ba9b4e33c6f74cd86aaedd1992a	53b69931fdeaa484007df838818f6ff6ca1289d510b95edec2f79fa906d008b6
879	bd1f2c050649593f5c7643b6ffa9fd6459bad823e678680f3b0c1ef9625674a3	4c3843a401b65bff48a6448617e408aca2fa57630ec9c8fc08b05562a49a91e9	f0d773198e156b591c570a2d5b6dd53fd195e92d1ad2973537b76ca3c97b50ff	56af2a6fd4e4540c2ea191401d2cfd6585e383c9dc029cc16b9abbe21702a2e9	41e90ebce3b4d07485451a1008286169f8a021d19f99e9ca6cc037aff70e2848	201bc764bde3d0a858038a783cd33a0fb2147a3cc1e541459369c5a3cb46d704
880	667f36bd42594b346d8a4cbe353f6bb92ac72c0a03230a3c75efc91b64680f8c	17ad28ef5d789869540bea0e9af6c100ae802b0736fa6fd7272c296274f27b9e	f3d55623a7766c924b3c4e9683d1a838ed8a619c0d17aea73dfbe25133c8a5ec	40bf823c5acac4b67a34b61f8c8998568d3ac68c6e2870aab5eb5301f90a9c2a	e2a8e771efc151ecef1ca53006650a78d5d1a79ca5c7807da6fbd6391ca2db50	3b5e883ae32d1972f9ec5b85f31bfc1916acf8af39804c9d1f81c62a22243788
881	ebd3154c3da0bf367d5ca6232a6b1dbe66c0f3f85b64a23fc2f885be11e7098f	ea34ee80b9f5c5384cc1ec3ae24bda21c0fc3f9b6d23dbd1c9825b8d1f1dd44c	505a61cea6afb6d2006ac1bcf20047ba2105422506cb9b703236637d0e63f0f2	e38a57fec113689424f36d5f02134d3944bacaa6426f798b7a0f89b54d0e1a55	b9b88e3d551ca30bf6ae61e95cb3689a44500d78e5c48b3a88186f845178a807	255c94e1aa89fdeb9d79c05fbd09e183c864832c9c2fc7cbb18c7c16851e6c6d
882	a287e5a43f11b07824f176acfeeea26db6a74b0c2feca3c863f30205434557ef	1f19263bf0f2ee6cd4881aa405239798539bbc820b6d7a839df844ce07b7fe73	f36aa5897998e868ac2e5c1b032afc8042ab25c7857e152fe249df46f16353b8	d60333f0747fdd9d6a03739b8fc5d2b85910287d8535317ae077f1262cfdfd31	f833196f76b9d98acfb341ae81388da87300563f706fb36384547f8517aaa5ec	65bf1ac1f2716ea56ad19a3fdeaf43558ac1fa6fd4249b90b47d93e7c6a94e4b
883	c1560d178f42ff31e1c82524528198da7971f78d7ff012f11050288763018a78	4ff7be62a54351ac777ac2c5b59f639dcd41664d1c0518e3217434ada27b2b66	113f51c7fbe034c36ceb5fe48ca8d7a15652100cc7f4d9d3219fbd5160c977a5	a126ef3f2d0935bc232fc551b01176a5cf33c0d6fe7ebd4254c488011b1b7b5b	7bf4cf2c786ad55a44c35052a7f2e1fad3b4052e7df6f434d11a9eaab40dbcee	a1963639a9a4045429f1adbf2b6315073e3e2cde31d1614ab94671a6eac04827
884	dd42732a0fbb3de426a1e6e206d59dd4051ccfacfd3a186b33e724f299c14190	90a757ddf6b91605df423e5e48da1fa312b2c038f2afc0c766eabdeacb9595d2	65ee44281df58c21c1f043be380314dbfe8b26707c0f3f58696bfc3956868ad6	df87061a977473f131394505229b05b16c0cf81201ec8d5f2576a60794c4133a	272bfe228287c06dfa12d01a956c2402884367be822b16324b220a675e6f9dc7	8c44a82fa0449396e8465852c5408a2010aa630cf01efb5cac2d54bc55bdfdce
885	6933c62c0e06a991eb21a3649f0fb10152800466dba052a9d73e44af1901120d	824824d8f3803d4b4e5cbea1aabaa377c1b8df47904b919b96e3ff0fce9fbbb7	b4842ce2392cb1018b0488419e0b73e0ce7630aed9c18b17eefa4b4b447c3707	f18a6faa3a422e30620ab80402227c444e4514fc53bb8ff255712f18e08eff61	baad0ec3ebc1b790b98563fda225f67d5489bdaac98b8d7287a62eb5e1b7b2ee	55de27144a09ceee1cce12931de76cd7c0b93436c839196620054e85a7386300
886	6c68934a9456adcb8b42c34986ecb53137890d9c58fed43d454324397e8f9a85	f15d8a25b52845e2e17ebe914a27cf98d431ffe9effe3ef8b8e7516ba221cba0	66ab627b1bce3b478fbd242494ea5299feb92298e1522b9dd7021997719d5b32	16be1dbb42f9390d22c8cd1ef84c64f12c07118f2dfdbc73bdb3c2e2c1ffd1a8	7d92de92b3da620c7253c521486d3f851198bceab3ab027a17424e6074dd847b	0270bda031c3e43eab32020a680101c7d9502b916c0c7c4a88c29654fa03bf54
887	f3219a0577df3938836bef6c987e04b8dd1dbc7667a3875cf74c2c6175e1dff0	3fa7b103efe42fa6e1bec6adcf92b3ccc8e648edf70ef7f23018a2258f9295b1	0f65f1aba0c12b344734e798b385ce6da6b4f63bbcb96c0b7eea063a3b668c98	230993172ec394001f000f397352fecedcaa5acdb2a133586dd449bd663d5711	d6c6f7097a28b05d615737f692a65e748f94a9c57e36cb3f49f889a36efd0882	fac1deb855e66059d4dafbba3d2980f1b0a5621e9914e93b78a03d46653f0216
888	df7eafc7980bbec26f1d603735155a9b34b27dbcdeca7729f11a00dc59bf5485	3caf05ad380e791cb708cd9c12c0e3d8e9d35444f931334982907ac34493e61d	4f51655980f5b60233b50133a2f094f95fa98b40afdad5572e3cf02766dd9321	3294e04c1bb5106993f9c91b5c4c398b88f44e054f474845c9d7b4260cf37014	25266270d63fe1a07f9adb69eb90f9d37d4f6c5f1195b4de64bcf4b31a231734	08961c693248a9e5d69c0a20f9dc7acdff9e39e09d880cd45db254b39602099e
889	b1ec698e78a22e08215d8d61fcac96119c857dfdf74963fd2136514afa6c8b4b	50b1c483cb07f9dc9107833fcd28e5220c67bb4f06fc60d7f4d3fd8561d544aa	26074802b2c33e72144427ac13383cd95bef45fb168a65c07b19f358de9ef7ec	d2921014ed40a0cdbdbdae3179381fc4f26b169db35be5a69461aa8413d75611	ad61999062e49c47ceca11def3fe539deabc4147d30350a215b95a342159d65f	8fac1c42dccad1a98e77a7381969909bfa61c3beb880896c320b4ff0d880b900
890	2c083598ec2ccb334dd9e42bd9707c1193ee891ab148527e7d555f99c00035ab	8ae7f4b9f1620c7996d48c9c81b77054a5f27a8e655da3fb2378e072b0911eee	6c8239faa6b63d59fe62d2b8f58274f80210c136df0a3fc80d9b1784164095f7	c9e2860dc95da5acaf38f5fe1aa9820dc918a9ec79497cd27ae316ecc421fb50	807e0d5a407eb2dfeab716ed0114f27437e4af3af8fb0dc5571ad9ab59c94bbc	7be2035520ea3a7d2b1e8fd8a5ed49f6785b63acca76ba675b20a0c13c403f66
891	719e4cc27f211a89615d5feeddc39ace29bb609bb0681586b013b76fc1df736a	9830550a9624e123803fc8b8eb6e20d58210c89adce47854eeeef2fd1dbfb36f	23726568b0e690d7c8373408745cdb6063353d281b8a7fe68b2737600c6169ce	40c47d7abd0d08b20f40e87ee61baade52295ea8adb99b2166fe894d47e88666	0200ffba93064d65a204372b0b6469ac37d31672a61fcb086a8ffe0a64c2f530	9dd9a386bcc5c3e385db2308169f580010ca38af0f37eb2f4aedbc3280fbb485
892	f07948f9e5c550e3e6a770e99ffabaf2a0f14566c3965d32db17a577baaa7f8a	a538b81b69a14105fc1cefc93d273a89560d7798be4d36e8a49812b39439f79c	669a7329f7a64f0e84c5374f9ab5b5f1619c695d21d594dd331ea811b307aedb	942de12f79e13675b5f4632a4f84f03d53b9cf585603b5be8b216dd0a6a845ca	c2286f0230f38814fd72d8640f41024af0b92955ab094d284f09f643e2ed4035	d9eb3f69b46aea40c6a1456d6b03691fbb4abe16f57953feca48d109bd9db0d5
893	170bb5041e98d569abbf4e399515593dd574763ac2e6ce9085bbe92049da8751	4d65ef6e9dbaf28a9f45c240c248f0df7f922f8e50319e3b4c3ff66e22908a70	e915eec8725a2a0822071aebf4067235283934b461dace7bb7cfdfc94363afad	b6f27879b032e4a217e289ca35bcea5c8309bd8af1733d498fbab04d46d272db	c1254d2523f751e19068d05335af8e84321fdb0f43c2ae00485cec5cfb6f6b7f	47fcad39c005ce55d6b472b64239a1077a17009a04a432ae7798c1b15778a794
894	addc9cce41f71e5cf460be7b2859b6fac480d8800b47908daa41a38e541570d7	a319d58741bcc2b86e90c565b7921c8044300b7a6ceac710481ae537f6be6ad7	9aad0187e313ace655d01450cc92082306aeae486390b23a3f11abcf7c4c9b20	a4461605d385339a49be04fc21980408d34881f4e9396c1b85fc898262ee3623	bea6eab8d497626bc8fd5b69cb8709c2270e61a9ba319f3741a653ef215fd43c	652a8f80956d924b993a098537800c7a8bac20badc3e77c4e2622cadf05ee5fb
895	763fd55b9eb2aab62206cbf086bae9077c4f260fb0414921be1f87c859c8b488	400ad922e8ee7885d2ac7d70778948edf7e86e4e543dd5cb1bce6b9cce4b7a16	68b2a8f018de013e2f4479a031d2fed4d761567870e4ac1f5f5b7bff37f1875e	88787b12caeca6bad1ee03081c6191d19bc70b038ddee177c21fc225dc7f27c3	f38d1ed3fee92f66e6e3a09554c66afa2aa55a2af2e3d5f9a0c63a2ec2a380ba	7aa85a520187b68a78a8bec7ff3d14f7d5a48767fa918e491ef2c7f58f6d036d
896	290554a82d276cdba1fc41ecb9d8f51ee2fee8f8df0a66f662dcd6d0f2cd3387	47fc8ab1bf616c24581e81f84cbca9723686b9544a102af1a89115aaa8168095	bf82734eff174b797d3502adcecc3a4e59c4fae801fd22637ce97aed034027f7	6e29422a67dd94ce7f20ebcee593626c755a19fd4582e62e2c3b31e09ed5f12b	3799f55ad5e876d49f750856969e801b197a8a82ada41723aaa9c12fc2527adc	a0c9906fbea4597ba7a5c09f0d2a6ac6403d558d4f7f74f44bd5574ba22ef7eb
897	0e64088236d3cb623b8149d2b9f700030a1575b22349321a0214afd1306828ce	e411fd13cbb9b1477ca9df4bba2dc923d0a0f636e7fbf42944f12b8073295d45	a7bd4d0cac062d4edc94b2c15a17fed867e53f8211c66f73ec03dde32db65e28	ff89f34653227175df122f32ba99eabb7261240fd1f69edd8a0d2842c96ac450	913dd6e2fc241eecf97d119a94f227805fb85c7fc77a6f61d9e7190c3927b5e2	d38c04e833bd60c5a0c5c4d577a9f2ca92164fa0e64a8373bc70f67fb8ebd0ff
898	a755836de0b0a8bebe009acfe2917669108d8b0a72b54ffc3bee5b9d64196b37	5375dae57a6c0c44fcbbad41980768f86a0748fed3d536c7f216829ec0699543	4037b15b96d8ec0f750a62f2a03067f9465f94cd0d479bb8719f072b5e79e392	ed98ee990e5698135b3b7f2b11c5af9310373fa055d02a7df774f8ea0b7310ab	a0e7a5d9739cd9d283493b36ffb23b37f7bc76ae67658b367aeefe4c4e0b9ad8	95ec033933631097645179f9b84be53fef1a95502c27ad5127c3bcdb60370010
899	bc3a2a520fd28f4a5a9cbd3371ecb649d6347aaa4408d2fb59ff5d1cf51b4356	604dbbc457a5094c6c062400a7259e823ffb12e2600f765169c2f594850bc33d	9bfe4a38b3d138b64f219ec6787df84fe23d7784b2a284f52fb2d6bc132516d1	303c23bdb45acd1cc4a290d90c89c9217b3448305897bbecdef9e3c3a9bfa8e2	f0b6d42e807a768db56999838aff12766a2db0e89793b1e1619c2cb0ac95aa33	59a8e08b8bea7111fc62a17fc6cbe753904a34cd5873f43618d9358977fd7168
900	359f221375f31d9830b50b01f3288b4009bc0ebd5c444c6cdaac088c082df327	979e4a840966d3ae23f06e7a249bc0788915db065fef333e30a03202687e9ae6	5f7cc9e3924be5bb22f2edd3e6336cf4eebd1f2512fecefe7ce00ef4ae3c7a31	9bdebb33f48c3e679992528e5624baa5186ba0c4445c6e63056f2274012a7b1c	710725e39b27fb4794ce1604140b798b188a753156db48cf429a86e234a8999e	10f49734ceddbc88e8bdc83bd083c866e8731484211187064c86206387ab755f
901	5d0e551b21f80e49573c7ee042d86bc4903774bce5999be9d369873f488c37c4	10ab4e5be396d8853fd12c6174be937b0846aa356217fb32e91677916a238c79	ec6ca0acb0164673126940147a97a462943f3af4c8c3902a5bf5f73b5ae11e97	b14f437064c6671630f5f4f4da3aea1134f7a3ddcd9c1d07fe9fa1aa2d1f7085	53982e121677603969ea2ba44f928cffc71284361c5e7d70d5be1853b3a4b192	fa625647d87cbe8c26d7ab7b91e9a4ae2324b3bce1e88980c926c2415c70cc03
902	157e65587333b74d0c276bc05c61b2c0f22ad55098d8f91d72c2f03891f6c8d5	24112cf1c8de57a525219c51a30ed9a4c1f766d8f5aa57f68d0eb2ae8836694d	8945a35e140ead938d90e3d4fbc59a2280c06807ec127604135d261dc2148117	b565256c601074fa8cdd8d9b1e88601e0b1e9d1a3435dd336e584e060a34251c	337c0e8a3dcdc2e1780df6647f8b1bcd441f435740885697bf3a4628df24486a	a8a37d43510820185015e6c8a19a6e5015b293e0e7b3af4f0d731dda5fed37a5
903	fc158d73925ca57579a2faac17922430da75469555fe3e697e536934f10e8bea	c0a68559fd59e3c47aeeac903a467e91140bda5f4b3354b4fdaa71ec562e8f37	389b48e47867b0bdb5e7372b022e80845153e40f91e544d4f6644290123d01e9	ade0ce15e8a10981ebc009777631b867e244cc8fe306e36ca7f73de94c1252fb	789627f92be9a3c85e884013d66ec397347d58e1df391e6446bc8cfa9922e7f1	45efb8332736b1229d3320192aaf52965d8488ae67d7e3e700eda2028e72d14d
