label	root_state_w	joint_pos	joint_vel	body_state_w	joint_pos_target	policy_obs_history
reset	3282a550c73bd70a5d487ae5dada85dcb72b43f6491c9d9aa34ffcacd4b5019d	a343492ab24fad7d0e9ea596e3a13e1a9714a9520c9036a17eebdde0b062865a	2f803d606273abfe49d189bab481a7e16662b088619cf3a50576bc04e0062333	d1ad505be9427d4f6cc548a5583884c856c4f839c29b7983f538fe19176411cd	22395cd071fb6a5a8b0ffeb055d9e71b673bd014412b96d97daa13a679b1670c	b38690eeabbf076ace6b5de3962d2d4fe1d2b3299627a886e0a13641d11ecb38
w0	6314011fe231628857403b7e099df342fc4ef42ceba46df822a6fbee872d0b1e	4cade05c39f33ef55c1b8b1c2aaf2e0806016097f657bb01ce1cedf0dbc64ef0	2622d5b12caf1ed73060433c643b426688fc7392d999132acd075fa3c79ce6d1	1b6abcdb91876e4f125074808c63c8c70d80dab38fe9acb0707b38c4064cea19	198014b6d83f68b7d5e454ccec07d86dd46be1e4d30d1ef1be9022e82d0bfa81	128951463d5efb41e0a2c05c22d7ea2adb9121e1ab8b0fa93c6699b2fac7ce1a
w1	71e9959681018210673c88058de89cccf16c67fa392cca90f58e62a111699972	c733897ea38d0ebc18e271bd336b2b61147c559961450a100ae518bca6d0aaaf	ae1c13f74f26ea1b0b0db5797321f61cc2569caf5ec3d8d57e9fbf3fdda0d011	583d91485e710e6bfb60d8e77fa7ad73e837bf081dbb6613508621f7b2317a67	b52ba2e228655905ffce3e8da465b79378f13c4173290be37e15017c141eb63f	cf3996042797a0f6e7907f78f3f7f249f9bb7f04cc2bca130aedde8255e633db
w2	85f04b10ca2ca174e762a561a4bbd7623da543495bb8519039b089f2bfe83fa5	b8f1069446e8161cf538ab6eb5664064c7da1b0d6846284df582a6aa726b017a	f15cf0398e70e50251d45f792dcfd1df92071acad753292e0971cec81e98f1e7	2837b2dc85d994e3ae3a905d6148cb45d035a5c4b845e9a21e6aa38f5e186414	df4ba0b13ec818293446fe4c4db779238227c5b247d0d1b0a5122578d522a77b	55505a2cb9f18d1c0f2e159e051fd4a7dfa322914134da1c027b5907292fbac3
w3	c77e4c84634d7a35e51164c3b2daeac0e66586b6892e06183900efef9cfe03fe	c955f03a74e08e6d6463f0850ee47703bb9dc1154999fb6e8a93380ee4c62a52	792cb2063327f032ea1dc1cd4072357fe41b477f3494a31ba9bf3959ff4ef0d3	24630287c4dd1d9e8d288075dc37dc131d8e2d1966ae0e3e8fb8f846e8486dd8	ca45cefbd7f550cae5622ce196531fcbd20215ba51c41b2f4efe235ecb524ce0	0e4353e73374aa39eaa8f42f159f7e4552d3e015b4d22ac15fd197963176d0df
w4	3eb8f212849d1d0de7a363e323b22d6b924e1dcaaee9cf29ea90c0e171d8cc7c	e5bcddfd389acb3f74f95cfda46e1e0dd46f00716f08e7e7aa26edd9c875ae7d	242b84a8bbef97e3f68ae89148523e09cb533f14b2880eac17bc01e3b6872db1	c3c4fce327919a62319f57f7dfae543312d9cbac9013c7144594b71185c1254b	07edaaa211ffb733fea50bf0c589f4ad2ad895387726cba807e774d5b1e48489	bc2aa41edc03db8fc9302bf1564bfb5e62d500c9ae11e702ac9371d7c7720c5c
w5	9aac06fc8486af14c9766307099fbef6d67a6eb4a657463c1fcea2a16289cf2f	58c970fd3eedd62886fd9a7da558c110da512429a69c502547d8a5d49d8d9eeb	685b0dc4b9feda1d24193e5fbae6bd655db6a1cede4827730fb2c542f5520d2a	45219023549e2fbe75c08b5b7ad73c33994f65854404d13159c437d0fac78fc0	16157453610c1725734d6b42c663fb8b165816778c635570a4888278408f0826	5f5392de1aa4906201ca53d00e21d8214a79cc167e995235ba28be131f1c0f35
w6	6b105537dbfd6c54de920dd112bdcd1255ef6bddb56700bc95aad1072526ec46	55d3418d5714da891d876e5d28f7f730d56983687e8e0c2796c50da690b81130	322488b2a7dc991a001d0b79d906f4fc19b4c6863c3fef920d271abb25cfe168	07a685b249348df30013ad2276a65e8b56cba6f465b3f7b09e664c9b7c02a985	38057d05571fb7998a6d4a8adfb3966f3488d12dbc7882abbbf9ebe3a41f4f34	3f53df08cba6b610e696c639fffcb68f788c6942b2e1a2b371fcab8ef80c8b3e
w7	05cb4dcfb527c070115498e7633ad9f87c978e831a63bb69f6651c3b92598a77	c9c8216f9d593a5ea228abc3e6380d85059d228c9e027a4559096b34dc706f9d	5cfedffc7af4d80afe0a78c4b2b5793069a5455d9408f9bc6d08d322314f4116	0963b808e759bec09a6639f64279025908cbf3386b63b943efc567a8322fb9ea	e63830a6df0c9150c0a9b5c035b89d606b50a4f8d903e1fd41b3bd2bd498eca4	330298db8375ca3f5bf1c806617044f1bb221905a4f5a135fa63f0634fd72d75
w8	e65e0b46b241a5e911f7707a6bc95ac2c0baedd121161471f6d679993ce05a13	225ece825a80e5b40a072b6b0a018f341933de29c9792c4b9a5989fabb279437	351f69c2eedaa7134af50a7977c11bda1ed2f3b3b7fe9983e760473938f699d9	8091c947f45d190e39d1926023d580018a56d7a96b64895f34501e76fdee4e90	d8e36ec910c319c78bef6bb5b5e7d357334c3d0f5c4ead48934a2f0e4bddaacb	41fff261696979f748a5eb9e29e85340f7fd36340d5ac00dfdaed95f3ec75c7d
w9	c038da0bb0b96fdc218805c0d8135cd79847f29e2a6b5c7ae5f9b00c01a5c8ff	f92d323fdd0b12529ca1f19f48756c918b985e98108fc283fd24dc84afbcb5af	0255ef0d2ba7b3e27a2681ada5fc1be76afe66dbba642b89500d0fe1aa7c6852	627e106faf58f90c141e08a6b9b6f61987267722f11497b156fa67a8f6d7bd1c	8eae92451e773c5d1e92688a496017cbc1af6359b10781f7f61736bf0a7a9b06	5d2bd56f121773263206f9a5a0adec04ef71538d631853e707947e543651cad3
w10	aea1a81c6e7cfab1a8f9ea3399eeb40b3e775433c55b196cb9b945febf61f4bb	f837f263513a90a7c6d420c4e62560143c68d00cf330fa8a41f126a9003002a6	3dfb23868451a96f302b0019d7eae86d1c6ee88208db8b368eda1d6384cd4f6c	3c3f43c5ff9874662965955db030b33f3ddfb92049d3c1893c2ac7ae4f1a604c	a6a36434a61e718f612cc6449e18cb2e4c5e2160460fbe655ce843263ea2d722	f9f1fcb55f2137fd80dcd885389f4fb3e8da83c44a054dc2fd8b8b9bed25f343
w11	f9dd890035a352d40f06935e47ffd4685a09301ff9d3a360d447d183de215282	4f6c290f95bc75b2b9323b6ddfcc11075d5d3b87c68eeb183818cc52196dce48	da8798b8e77d8220b46b154494665798d8a01cb118e1e955da5d1dd64bfc4650	89f0c3544174987f95885dab9676dd359295ce6fff5864d17577cebfd3aaed50	dc9c3d1879bf02e07dbe648a979f5b65e8289d4afe277803cf310d63ac479206	5e1df89412b966687ef58983367699cce16b18699f3c6bf333c7eb573aaec10b
w12	b8db091ef4109273c5fbd1f8158ebabf4103b5294bfa2b1054a7ab86aa583c40	43b4b5aedccefbdee443b49f3ade256a7f15c55c531eb1db27e0a35ba12b13ee	66a4a7133e0d4db2f40fa2526c9f0c3271f53af36bbba5ab8c862749650a6ad9	dd0932dff7e95c574e322c65474db76af026bf980f347ebcea1570116050e8fe	e07fae1619a87b694eee36a507c2820e8bf2c7e009b7cbcb4c28d32ee65bb034	3869acaecefeb3a450bb29d36a437c41cb63f7636bfb6242b52a17a9a06b6e9f
w13	ee29328e2cb9f47845ebafe0e993cc12ff7425b407abfd1993d43cd7fbaa56d1	87d6b22d14ad79a9133b70e7ac82750c16e0b99ef6fe330b4c31957c8318f21f	5e355d21af2c1bb9cd39aae15cd9f05af2ba2a1c48fcb2ed414576aaaba9e309	36a309d2032ea5e080107fa1a69649adba1d94492193718be5ae31551949245b	1adf66af9ebd1ccc0feeb695b1fa15fc2c58dcf1d174a56cebeabed9d906a010	347377632e7baae12eaba554db59b31ec169f4e72e25cb44c04594632375acbb
w14	427259960165099a225003ab8e106af1c7620aa70745e6347e3ad7ff267c7193	bb709f0a1b7f7ea996e996c67d28329517fab0fd8cfa7da73ff1214063699e06	9824b6d596ceb752c5df6bb2bde2724952771e080dda0c9b078403db046ac1c8	360a0313a1756c2f7bae7a03c0e3bfaaf9399c732f78073505b2ca23ba37ac21	9c6659618195dbf5af155e035dbd2a2913825100f4f6265b3503822a7530fd22	f6e45dbb8ca4c97c8a35e9f41cc9dfbd96660b33faa63fe6d235db523a2b8434
w15	e2eab4f1f1b6dd19f1c4558eda7659698dc8f5eb14bbf510700a0a41db3b76f0	7715913bf108ffc83f612bcce775522fcc8161d913f262da45c265e349dde01c	c74e13a4b9ffff96e428bdf02601d5f409089cd399087544bf2fec38c1f38fa1	f9e2288980a20c2f3393ded5540a10fc56affce3b5848e1fc05e06625324749d	d1a9545dd64eb6af59c2856a621846c3877ef0df7e72d83bb2d51fe6e4bb4a1e	99eb1151f3129875d0cf365fa69ec33c3559ad3f350972f38b26478a7dfa2f03
w16	79ed0d2dcfea71a463cf0b6f2da965dc5fd01b8d495aba5ca208ac4aabdf7288	f8e5e6752df780d823dedea5c5b519e310e05b73f396a1105eedf36374bb2f56	ce889ef4be7a002565f0192d77e66c7f41e6754655b4c9252c1f676bc02f6548	1c67dd915a278003003813cf101f4cd236135b5da3793b0aff702c09fa3077eb	7565e3ba2adaa8fc4f190e12b97587dee655ba7c8c0a6331e7f5ba71e190db3c	47570f5ab9c6cbf00fea532d58f7eed120e2196d2e32075f32354d2c0501aef4
w17	fe17a89309995390a5adcae890ff72ba7fec7831a4729fd0fc87b60cca3f5ffb	fcb358f7500da0c442b337fc3f79b4c0d2be7d69612093e1bbd336ff0427497c	1f83d649eeb6ef94e9e6e5da078526c95277f33dc798486f139e45bd1288a05e	371402dc56c07ff2774f73aa34c6ca9b2973170dc79bfe8fe7d598c53a269cb1	8b092602f2e13076d9c89957a346f3449dc1dd1e204b607055d8b642da87a253	5accca4dc0e06a423194d97a23ca7d4bc03c5565542691a3ddace1ed386bffa9
w18	4c7c03a749fc5d9f70267753a9389b102689c33021345e848379152669898750	bbbf8be878cce34f7e69a75f857a0b0e5b9a03ffb63444b8f65c910cd7a1dd91	fc813a6637c3983f8beb314913ae8971fbab0555e8496e3f67bc93185f81d67e	8f01d4243c06266fe2be877aac3bcdbed579b53de506ec4743f84790a73afb22	641b6b2cc3c68b365cf6819a4cd8561314f323e02adb4cf675b2968b314083b5	a9f12ce2649fa72c09cbdfcab81145748c2ef5a6cc07bfeea62b1ecbc33fe4e9
w19	abf0b140d2cc46e70ca7559e26dede797634e2964b3c6a5e1f9a515f3d76f177	5955d4a8b0fc5150711f4a882ecced7fc2b9679bba548b020d1b91ea703a5b49	f1e2f301cde23e6d45bd97262121850557642e2e7817d2519406d2965b04bcc1	a6cb56fe7a68d8e839d7d0ec8e4e07b24efd5b9d936c6c3f262bb6e32ff4ca17	547964fb039ea180306fb635f2ab459504b490f1e933feb947fb1330782e5a42	a5f1906ac3eda2bb8d095cf6d00d60ee3621401f85f8b12a5526f833029df15a
w20	767141651043006e2dc05af86f4c7d4bf1e38561affe716a40fc06c01d72d7b2	9d29d99e6b9c1382c10e9e3444362a6d14d0333ce54882823fac2d4af1b75e83	352fbc12650d8b8ddab100d4e2536916249f2a44b4b92623d376f708802d954e	53dd608b4cdace29a98d862eafb4af7a827ce97f2e79aa4afda4be2766c8ae77	bb159d8d4e544fdfd1cce8ddab78f84a90a6af88708caf0a75c467a44d526565	05a08c64f719c806e253bce9cf91544af9c9a4b7190cf784ae8d88b6dc05df8e
w21	5026259a9f1de1471260285f77d349583e1b31b0ec44a313ccab89a70b34f225	d7eef4ab2d5bbff71f7b5f2ae102d807e44c9e3abe65e45fda75a9d041aa16b1	3d6e8b80f486b1c09554d09c5b8ec8327b7d2ceaf724d3873fbfccfb5174f096	43485fe27bd48ad7715f7a6be96be1e6978a8b2d73222df0ddf7acb236bd7cef	942469f3e3d92212ada730b54bae1ecd7118b35f14121d2126c18702ac7c68fc	7056e984cebb235d232870166bc00b00153078fdcce3d3b995d48972a2081bd7
w22	d551c013f1924438c7c046330dea7f2e091c4460497a6847e96966cfb9a5ffb7	8d57626d3119f675746c5a97ddbb24882f2fe37c384c892eb8e996b5ab7a9b4e	628206203d978305d83f8dd8cac4bc7c8811396906e81c92e45dc68f97aeb548	e11e8e4f2d20808acfd813cc986cc44010598e934a7bb6c1485c805803e149d6	89ddfd04beb7394d62a4e3c5dc1069ba01a2bdeedd739ba56c25713b22e20232	812cd0075ad02445496df14f517ea32567b965bba29a532d76ff0d26d08e9f4d
w23	3bdcdd2d56f1d55ed1e7d08f7f928fba8b27baa8d9d916d634daaa6285eb6f6f	be8d283d46d4f3c090e29d1d5654db3d3c1209f51649cfb03d4ef505806eb323	1d2fc2bdc1f160185ac21d260b765c66e3f98f70b839f065373e85ddd9508973	3519f8eb77ba83681fc4d73b6bc4ce07eadf221c600e826510deff90115aa141	15e91d9e0ce6200d53e6a62a20f6a23b6da1c95e6f5ec26a54d3be2ac3e129b1	cce7e81bbac19dc0fc9fd41b16f292091efc53d3b4221c1eda24938228e8f45d
w24	f02b5b9d959bd2ee8c47fd74f0fbdcbe2b1b3e690eaec443389efb21364c6a0c	1ab8ed108874cc35cb10dafcafed23a5b6c2af05f0336121fda911d1e733875a	fffc2ba267508586b2451e001a6c15460ad1190a799ab025a63edd3f123cf68c	43606cb440600c0f4ceaad1e4ad6055018123f25f97c22c0552d7188fa4eba75	54adafc2a11b274725a6361057f5c62bde9cef530454aadfe3ed76e95f220334	8d159e045f33509158cd43d2b3ab8983dce5de59d1c5a2ba10d15f12f5e84726
w25	60bc5e10424af856aeb84dbc57bd1ac11164be89fe6e64b2f87b5c7147c05d65	cbd4d4ec43dc8c7914de3f9a7b2588417b251a2f15d5189c03b4fc0471b57a95	898f2dc999c81a5f200992b67adb48697e0cdada2feb635fb012c0df8f6331cb	ad8209d33f794904acda9d4e2dd958cdac2f66c0908515147e7b6ab5b4de29e6	f6d1c02b110bce38cd9a397eb2c9425a4bd7a8ed009988476dbebfb54ce8d4a9	1a32c8e717b1e6224e6ee63b27b9d0c3b4bdde125c82c5f0c26050f3260c7546
w26	455460f0e45b745352b25dab7f55dbcd21a9e76161aba9f2215d497c82e72d10	100064a46af2744d0ba469dfda3381b972fa277cf36f289337dee81420fe8e61	36d14af4bbf975593c69d173efa6ad8eb4386c2e9b67d8fcb5d01a633234a14a	04b80ce76ba7014e711748035fc11813ad29b6e3e311b724b505831c197396a6	f64468174d44bb769c596b4bae7426b119671b65fd37bd8dfcff35fea3cb6856	4ce9bcccfefbed12b7f1f72bf5168b962d79ad03a571026569c7991b3b3745ff
w27	a28b0a4ef3d9c278a5cd443ece068c253b005b9ac8a00f718d9bae9da01ddeb4	80801aa071466495bc83640772991ec745eca52d3fc9bb0b18f466d94519ca7a	868ad22686d547dc50c298aea22ba4668ce213caaa18ce90299c949ed1c90413	5cf15ebf48b6de09acd71fe79496e645287fc94302b6d3f86bb5fb7af882f75a	d741d25490f1a9c22d009880de6d9c9043e235b288db40b2eac47c6f679c2627	b02272ca959fa7a78443cc16b4ff582cc64f0119b218596eea2f985a17b50766
w28	26e7756a9aed18cec07e4d5d5d9c8dea2ffe41dc655ac3f2b73ff606fdab58ba	125bb7b71d5e0d85434368e94d546375ae98f9c6c632ccbb54cedcb95e03d195	47f36db122182217bcbdb225f3c837c21ea2345d21ede7cffbde807591b3f84e	7b96bc6e19ce7512d217868a26da56c757e683e7b7d1a0e5b1bb71f31978e46f	96a46025a14223db5ecf1f0a7ae0ff0aaa6bf1fee8f869703f902e0d09b6bafb	07601bc62333aafcde9334b9c1cb9b57ba03abe3db9084290f832af2714bd1a3
w29	1a318f7b2f1bab7fd532ab49dee06d6dea36cd7dbe10673dcbc54ca9fc1cf03b	f4fecf4a6e261c63b4d2a5b52afea03ac779eab250a4d7156840ec5f9ad85b0f	6f8408ad1e760b277a1d01da61c50f3356a1d324cb497c73f87a4f7bfbed9e4d	7d1474f5d9ae8489a8676e090e0377a4292fbfa45c56b0a8de9538ec1754629e	cadb85030ef8fb43950ec4cdbe1b6f2590ebe8700cffcc207b47538f56f3054b	e42b68c2fd318899fde8b3fd58cdff41d569dfe6ed02b1c8bc69da6aa1119e36
w30	9d7e688a9877d58cc4fa8408f6ea33530299eb5039c915c21136aac08a40bde6	c808315ff59c03ad3f23c560e267718110eb9405bc5d327441741e80de823a21	78958454afddcf4b0c93378832d962a57dee3c2b6fa6a5a0853c5e78c79a8d4c	9d0fdc59395e7cd35e1da30b04136258cfec2909c723c7992019fd82534e9b43	b5f3f20bd305bd600b659f8a43fe099f7c92e49d1dbd62278e47afd27402ac96	d82a0ecc6fcf5f82428773531b17f9d2f7f357debdaba541d2c0d738bb357ad1
w31	0e6eb092c3502ff08c512533abc174ae48dee26d14ef34d0670c014e1bc75856	6992808736d20e8d5fb66c36a83c957b5a2212be2f780dc980acaf4e25d668d1	224ec7570679f387ea570268e200767092444999f450bad8a362359c7881bf7d	7b10f38066a34cf28c69c62f51473dc3c6de3eeb1b1f7ad1ea971d9f26a78a2b	52af7087614ba7402b91b5a5e50e9ef4cab05cd2c8747b63c1c1b83c8639be9b	e855b982e07d1d19519d9d85784b503aa6506ffa95963c7b3b583537f8d3ac25
w32	b900b8d13b2ffe2b49a1eda0a0a2715ab700a4bc168c8704d00ebcc66ef0b770	59174c219b5a6fe6225060caa1a0157ec1ad655e9fe00081058b2150af12e35e	140dd93bebab02d9f60dfc478ff0416f7b79b18d49688d4ad24078a5b97c6d53	a84bb4b7c929789092f00b7af8d2a247d62b22a8734f9cde1bdd643a870e1734	9288dc159cf9063f41ac82944ddd1e754058d4b319e06aee8198e75de07ad366	c29cafd573aae3a4a5f582fd38aefc4ae9c1c57295e88cb4af667a6ac2b617b3
w33	31881d5f347eca4a0de5c050b01ddb99808e242d8067c4f6f1e24eb150db2789	7da3795f2a3440c514ec6709783b8c29fa32049f6e1d1be61576853ec66f4c08	7185924f35d5d2299e38254965a7b2218108eded7daecb2b14750ba33fb7b82a	28b5f3027f79cd75acedd133edf6d7b950290ca0d938e7d45e14a332c3467c99	bef61f278121cd2f3d4c61ceacd0c74885cdd345cd70d94b49878b57f53049ce	c2f0641eda566d6c61fd7d4858509211ea87f56918c809ee834448d2af520ab7
w34	6db2279b81977838bfcdced371752805d4417d1d2e5daa47e06035e6b5d3e0d1	03e9191fe03f57fcefbf44f28fc44fd2d3980cb355bc787faf69a08cba9df1a0	0b7dd6fc2be255423bb9842f44163a237e9e75224392e4cf11d11ab1843686ce	7ddd1a585dafbd11e415c2e9335646e19a045933e3d034b428404cc3de692295	8ae881272bf8f11aaad5b8a08260ac843615ff5959f638b22d03da9333d9539a	0b62bc90baaf83c8eced4b23f050ac20b0818c91469aed50fc3853f5d01aac17
w35	2d67019a5b8f7c105da8ff5db24eeb5d305b804f7c2d77b35b1220128c0020d8	54c5739bba268cbe7215829bc9ee30b256a2f3f605f1c27315c54acd580f1aa3	d4bb7b678f67bc2004223ed1e8350ff400a7d2b17e41b4680609a5a412eaf8a4	944a38c6cac0c0b06e8afc9d00a4a962a5e66a71cd63173e2db8b6d3c8ec18ea	38951d899d9ac1df790edbd8d6d6fd89556a90972e77a39350d49d49328e9188	2cd66d1602efa9f0cc32387ebd0dcc8344d4b71f786ec6bbf0d79f9114b2ea2a
w36	ae4854cbe183cfbad7599b39d3310560ffcb4046c5f727ac6564f67b10f24f4e	5b4a828f586e1273030a10df69f732898fbb8236256c99c058cc00b3858902ea	48cb896dbdd161a7ed984576a11100c38240f894bb466d9eccafb1db602860a6	0d40965c3cbe9f98ac875c3b95f179842b99e796e8c58020221eeb8d4813ef11	516ac8688e4a088fe768f0aa3f54ad24425b6833182fb78cef6e31b68e77b225	2c840d988c931d1f80bc504516d015aeda18aaf092c2ebba7162b3fc9d9a041a
w37	8d944b94cd82b1afb617490ba25421ae9e15dd833c5f9d05de6d30e79737ac1a	5da8975e03341a5a3df2937b4a892dbf23c3ba935659c995f63318a1dcd4d1df	8f052ff5b7733d0fd0bbc9a45d716b40472c9f3031245509f0ef3e65fc52fa25	84045c75f77b69dce54a00e8f139910de2ce170857c15175a7b337157393e438	bea1c6b3c6e344c9df369c60a6575d78701bcef3294b21018c198b694bd87898	1724b1d1641afebdede7a7b099f4bf2440543a75921f581cc70735e4835831fa
w38	a2e0e6622d0e76ced47b527dcb6078fe2fbf638cf469af7767fa98c4518b4357	c6eda7be979082a4599cd68832f06753bee7253c57d97dfeca8e6106f5b570d6	51c00b3a9adece0127ecec3ada233a38b04855e6b34a46f53e3c6ed56f83764b	d9c222e70db29bd6a90220e52683cc7576270c05a0b1973e819120f92a4d6c4e	d4b1e4803601baf6f7ccf9b1f2cb6d77d583300127ae49671c86f9da06b36e1a	21915a6b9777dd5e9a621abce099fd08ab289657de119f6a0c88202b38ce085a
w39	722b4bd40d2491f543df367d0d7c81314c7f361806e379f3921dc95ec95af118	beac68f9aae991822fb208bbb85c30cdf2792ebf7dc3728f51e0e1f389d08781	f114287a3261fe4ad34011c9e8d356eb5cfc8f36e5d8a874a3d7cda78834485b	dff9a7738be0c22961103918d98b7fb6629d0eeca873dba4a541cd7e08b59a2a	1ac8d6fbcf2abf4893c0d306aa22b067686f0f5e105e64789bd97e3198922032	060f7389f66773b0cc90baec8854fe1aee1f304fbf4d5acd8b19388a0514854a
w40	a3e8bec83dcaf1ba469f86f95a270c209c8d9541b4c41d36369343717b2135aa	94844056410ebaf7cbd6fc47d57d5764d2667a012ceb3a78f4eaf717e0d0a910	3ae274aa40e04f02f7cad5a4be7856fceff7f8f9bc5db76dd58044c487095a8a	ec31b46fed773720e7c0d2e2474dc812036b5157869c47e2930af7848c25d9b1	2fcc2239b3f532b291b5e13ce522ea64316e81f0420eeb8427654b89112d6b48	89f2a3d198e3a9df5d669e918421b64d1bef64ce8fe62e0224e18198cd49c115
w41	1c41531c0921e84cd019bb10b0770de3eb760fd5150b04dc56021c895027d988	7866c67ce4bb7a37546c29d0da74901cc7dce03e44d32d29f11105c39057cb43	aa58c6363ea65ca7e59a0022458785b5c6cefb49be5f67b124be0f692c1cf2b6	bd2f90871fc02f16cfe2438ee1cfc05aedce2ffa2db5eccc3770491f501eabe2	9d68320126966bc917b89e88bdc16752deb06d52179f3e7b6830ea484c2a328d	78ffc82d003f6cb4c276ced33e300c31ce84b31307f177a04e47caeb113bc108
w42	6f3eca86de5f3fbc20d22f66d6bf01f225022f97582efa6b84ebd6d19d92fb32	03e57f8e83384d098ec8cc7747d6408ae7eff6b5f9b56a796c5885dbda43230e	a529c9681eac4e3dcf1e11a83cd75ccae27dd27305278f986fa83c4c8948fe88	45a1d00327b25c953a28c2dd43106d685545e77e3ddb635f15771bf58ad6c748	2c192f47864b4aaec7dba90e7f0f9f359abe7c42bd30cca310a1ee8c74393f5a	2e4fe06725cbc9c80e9cb464c1ce0bc0fdfb222a71249bd931120dd7591d3f7c
w43	bb8a6e5ef24d6a6b059c34139987ff3ca1fb589a70108b4061ccf4c0ffbcbcc5	ac06f645f15c1b24304d16a9245bbac681103d9cc0e9419f1b0ee7f728e011f6	f020ce117ed644180cb6204007560ca5251b3c10259de8e9368794d774acacd0	b50a1b9934a2c908fff41fcc304a93d4abdd2c4e3f435649b1371c40245d845b	2f32bac6a0d9b96a0553c9ef11c633df77de5167ebd49a82ea9b9929cd397c08	62fa936a586b0444fb84db5dd87475faed70eb83995206709910d0671c41bf86
w44	9b7523b93525df97a2bfb75a31f0d9d8f83ecba67ffdf9780c7a3caefed6048b	e4b42910ec9a1a3825bd8ecb6545887233d8eef25536b14b4e2e0c5a6902ed9a	4ca15fe410ef706ff54f66b848e702b245dbc372882bc8e2d6352aff66a51a29	82f509d37caca32d79443c094011959e096a60cd73b2c52d1c7fcf4ad0e0621b	93e3185f2e6e5eef7aa5b4243b73ece3744ccc4931ef46bd4be3252cf1205ccf	edb1db512d7cafc6eb1298cc3793ad4e2cb4b0aacb61e5b98518256b8724c520
w45	58ce67a9ca47fccaa292d8cd5e0ef4c9ca3974ec211f462fee88744e39a26841	439249578e98af7c56c57c8832493afb3ca01ea2f56d7ebf503da2633d7511e3	e235b96fa82eb5123d912c5aa3f8a2be954265e0af78e757f87c32edc5b65989	a1ce03a57571845d74db84e013df2cfe5440da04c8724eb3f15bfe5044166152	5d1fa8091684854446736586a454b83b574042830dffdc79196925b8cc72dd8d	244ee54521527b52e9ed1038cff9192f0995e490308f75cfafc4e72004de0b03
w46	2290f5f94064b18c67031516da1ac9a54b0f90b18d52eaab1b8be544c0dc124c	be4f8d33682ec5e957bb978d4723c7e5dd460acc8a3e78f07c48e59c48151d37	de61a774bb6bca0357a0c232d7590e91c1e2d3fdb9ba5b091f266c435b5ec89d	f2e4ac443973b7fb93d72e4c1166207fba13345da770288796109e91c07b8e50	c6701e1b902f44d78f57218b137a6fd8f878f097455e8726de56d6751fbee675	13b7cf438e47d1eb35c94e3cc7b78117d0ca589beccdbcf0cd34e45f7d5aa72d
w47	721afb4578e3fbffbb70ea46287c996a2062f6af423375a987eb37e3be844e92	1d2bc4f25091957cb7ce771e9330d0ce99f30c4b8e89949abf5a24546c5bca31	b268ef7bc35001da9bc3f4958f493ac3afe90ded4f0354cb3474ff6e5e753c5f	b6220b24b85c3aef6c78fb48744bdc748eb779bd21682dc5a488a2de77b34de9	de8fe9855c4858ed85ba6fe14f3d1bf8aceb7ebf05c39b6b185152de5f570547	602b1f3228f7d44b5611f4d249eed9cbce1f0aa3d354ab11b4a33f26516cf657
w48	f0d0ebb60dfa7438e6b901330cb9e135c3e1f660e805a5e99b1be1372756c5d2	05bfb47cd4c10dac749f296f5ee860e5bff763e3623c5bb4329d107a0216a757	5c6ac9bc7c2ce2d9577654612241a274dd60e58638d41f62c39038aea745f07d	d1221d2daafe54213a2f7f8e5548c0a4374085fbcd4af685af94b920dea87284	02fc6e865689eaf76babbaeae42a585b35b35c4a831c7c9e68730268ef989bad	8b5a44ed379c6886a59c96bc1a075fcde02c88bd885903d163636931a2154259
w49	dddfc436052959a3ac9d76517695b76628e3c942557e961ed06fb1d465b0ebba	cd36ddda4b4405b34f9988561a133bf14ed9e50fb91374a28d3bf10b75333dd5	0ca3ff6796bb0e2cb9fcdae9b061b719d8687660b66312961c507bcc83cd1f00	384690821e06e633b3f27ff0a1d243e99946f4183033ae9d762c5ae9de4d26f1	d822c6f3dd9c91ff9dda9411f64e9c64c2ab0d415e849deb5e5940402eeae3b1	72c72cc7ee5d175ea8b49dec590973950df385f621dcacc9e9332050a3abd99b
w50	859caae8e030a3321b56e5dbd3906eeb45a0377346513e1ef1d4bb329fbfd7fa	606b7052516a56c80f791ff0e513e7ec34290a9c875e2f3b08cfacbb37c34f6f	db05967b71cf3b1baa98d90791146f8414b531966c5fe389eac7588f4318369a	354f6345f889ca34090e11fabb3937cd4c68ecc4681170c4e5a84d040be7fab3	04c5ff70cc205111f4d3c525234d137c949e126856da257bcb5eefdea393fc97	892048798ff880e7fc68d32a24682f7560f771bb1b993a3d1ab1ec580e9b76fb
w51	c19abeaebfba5820583b74c9ac3272c44e17064a94c6f623c97190f38364ee1f	cc6daa8fe9f6edb56cd11b9a21968fe0994b505f651b8960c68de35f289954a6	5e3387e11b7502a35de0f5afd68a3edd98b52a7f00936ba4a8441997696fc88f	82b5c4cf4f34d1e60aaf5b639f8ee10fab81ff726cb8ee33a18f3be2ff001426	6742426025611920c63323fdce12b5e36c03623554d86fb415d03de72d0ae2dd	e6bbc28577e4f9f59b79d84bb4102c8259fd3f846078504da5a69cdde58388db
w52	6e2d2265e5e2c756693729e224c58cfbc16533cdf5cb80f710230bb75a9ec447	30ab37a4b917eba6a55972dd71b207181830db116eac2eca51f40ec7eae21f9a	58f634c983114282c6191a919a97fe42cac5279b3d54524ee893943a568c6276	0b637d15b0497dbb29a72cb2be1bb2f8faa327325ef816d973abff047b834632	0d1d9d54377a61395d8cf653c20b53cb2709ce7932903af9cf4d17aaf97d2887	c12f6387899343442e9e5e04a4fa283e306e78ff46bed7f1ae6e5c932482a4b6
w53	9f31b8f72c173888517a23a70cf7af05c5b998ad3529bc6b2c612ca76db7221c	10e167aa75008fbaa46e077cc8ee3b8163d738e115de200bd1a96f0200c9a3a6	f15176e257b6f30a3cba6f7e4bb4a953c68251d41ebf50d71dc8be1f61e00264	95790adcbb9402f68bee57bc84e7e702a4eac0298e379c4232153aeaf8a896b4	cde537ca9286399b7257fac139b56aea511c16a23c74d1ada7e68ee8b1bfc7e6	599de37ac2b034a7559498b2df50cab53e9593d6d4b5e2dbc59b8b2527a3b862
w54	c0a4809a5897c4f42bee1ce6902f79bf060105ffc8bd7ef42f0db01f63a2a8af	cabd61e5aff31f822f73632db5a906c5b4a15e80e0face8116bfd261d9ae6644	695e8b4552d9ad17db77c3349bc0a06bfab3c25cb1735f001815b9238cce77af	0740b9998d92484d5ea5dd394a65b7e5ecb36cc60ee69872189ccfd2c93730a1	30b4b58dcfaab9d3bbc0a88b9941e4f299369c415ef716b70d6ba08699996cf4	c3187f9d298205722e9cb711948a5adc57371472f03b885471a730b77e6bb098
w55	f1704b71e2e4ec5e390d2b29d0ed46747dc81fa385ac5d5dd488d8242b5602c9	ce7bebe8ad666e4a30bd60be6ef4950cc4f5b1864de9894df9afb1175ab883e2	2d2b7ae612ac6fb7b94a99a2262d14e2362c61b83a481ba23295870151338a54	a54cfa0e4b7b73330b49e7973c092d7405a0c0d43d570ef15e3865b4055ad652	e0793674061838bf87adf403051c82541cb8aadeaf30e3b44945c421ba3aafc0	e6479580a40dbe7c40cfb170861f4ea519bf3685c3e1ef4ee0b72f2180beb025
w56	cf97c7b2dd67871c0804f685d302c9868511fb2857115af05daed7db425a8837	f1d7e6152fe92671973c459c9dfac072e38fff7ec5f538e22316606b3f7684d3	b272d838e9f4884a4eb83c422a46fec78b72b41f7e81246ee531133a4d7c851d	238f4b5ee0f5bb1389d90198c7c0c564cee58b8b8afa9dad16dc375f89edd6ac	7fe285065de29f45d5cba58945d17a5c75d613caff506df6ef92c28c0d225686	946aa9916dd2babc89e474f29c897dd5693320276222ddc9bf9f8211442c566a
w57	cfe7218055cd753f49668e615e5796ab812b2db4a3309f13b8ad87130bd71ee7	8dcadcad840e20b2ebb3861cfd94a41b970b70ba10e77682c68eaebe1e0f092f	6b6c3c81ff250198c19e752d69737713bee40e95620df3bb24646cb214e4657c	702b9de833ac4939a8d48613a64db72838c824e9f5ab81443dafbd3b20c2619e	291d05043ebbd2a730dc0dbe37297ef01532c1d9e776c352b91b90d0c4dbd16c	b4093c399e4f8df61ee17ee5ee56c8c027acd9095e4cca31588e366364a2eebf
w58	2dc3b2386230d3e6c82222a79786d2578c2a2e506748ffac3e67aafaddec2ab2	2a80a1a37fa2d06da5364a8c0d5a11fa3d447307cd4a58f6347f5c97b54a89f9	fbee8c92d5d96a49d4bf5cf6ee721444167f564a5b97ef935324dc5ef6bf979a	7eb82633a742c711979c557e7ff29f377411b09bef27d9da0b4bc1f949465268	2525d2fe48fa9e6da75d488e130f88d9911b1ef7b6055862fa62c4aa23c5439b	daae3891aa828b2a310f6a5bceaa4f2a42d574863ddf8197ad0b48fae4f1124b
w59	fed1cc8e267e18087ca6c85117dff99411c9e0a388f1786dee90e20fd647320d	5612170db2765cc945a19a434ce7e9ecbee299082bbad0e7e15ccd65363de7c3	fd1707683a4768aa3568f9e23ead713cca68a5c13c962e4bf17f57fddde3b783	4482d3915b15ad64da0d17a843933c01daf59bf0dea32842d48c0db00aec1777	830a5cd4d02a9056f6f62ad1bcaed833de49e0c8d13eb6bf3ad6cc1c08f9c687	5de946bd5935679944dbfee735c985770eca83f03694caa30968e31415ec6df7
w60	91a19271c79d9e821b9f13a8a0e251e251870e9f8cfccc9b73e203bec5e4da17	a791952a77fe22251b64529f9c66fe31bdce3c3ddbfe8dad562e86e33e1168cc	7e8ad77a9256b6163746fe38b7fc54f87d85525592d4329daa13a977e03863fd	a503ba5a9ed083c4225e1cefc0b79f02dc33a403b7da23f4109cb3da223ca8cb	6b7e9e2da4421b83505436bef61a359e2aae144b1ffdfbf97556e4531c33a9ec	bfcc94ba6aea8f87755dc0f2aaaaa36f30bd468827fc61d5409d86d0b17e1ae7
w61	e2911c8d0c7ba152b0e3a3e048a918fbab00f5027a90e8ca909cc5cad3461de5	174ed63f56811f38a01c67ac5c3c73ea8e3b161307b78f30faa1555411913799	07964f073c4cca8405ca28917351b1b969e873e74c79f07025ddf3820a8ba8bb	13eb0771cc2c1fbee2e8a17644ce9b916c32ea71d4604481aeb46b7b0034b42e	fe6bc47656de88eed8308524b90bf5a198533eb325e42bf0bd752edf47f53209	cf2fc726390de54ac5f59f7c42d77c343cf0898b24a19c1ba2ecfb9e77882b32
w62	9dc6326f35b6994659523d622e6f61f791f8531022f3f44362d4b954f2c83bad	45625919e00bf196398ad4c269607a67e5e1328a37b12c457d7b6f801df784cc	d6a0fbf395c2f1683c1f5dc78455f1f9c6e016a21ffc8bc98f8a681f36f2a19c	20d036eda6088ba90ee3b46c494d663203d8f1dee939d8e1195c722df3249181	4a73df1ded46b34d35a4c783cf17a6671459634f9fe4cda4a613940705f64aac	2bfe639f55f1f23aa2ea4cc58aa710bb9a186069b4275975e48f031fa4e03b3d
w63	dc8642611c948f5a83d69055fba519ccd251bfe21e99d7746b763d2d1e2d21c0	4ef2f53998aa02b809747053ba9c87412625d449cad9edfaea986326fc0cf5c0	919e6af81dd14719f909f83e03c971be4574867392830f8f065fbf12ce16af4d	ee615fbf1261553f567089e46f50d58b98eb34677665525d373a2c801412af1f	7ce54674c811b66a702f4b7d54e0d61747e1f509e21bc1d99a1fbd4cf04b98c0	9d87daeb9245f8e604c12ab433969607b3371bcb729a0532f6a922be803f7146
w64	f02e2035412a6b415443b24f25b74cff995a07140ea510c12462ecfd8f8e5f6d	7cfb6b267ac3a32a2ab4466942b5a4733bd9b3464efc2c6e930b3a097be05c8f	7d6f10d51a7f042088d37e1e9b23961c05916affe8806eee6854e06d41c0a389	6fd2131e89341f1478b1ade6b4ad4b723d607b714577c8f6c0bdd6e77109fe03	0157dc3204060fc356391bc5ee21a8b59e0568b1c842e33fb8bccffeabda9fe3	4f3f03be668150be6410a6b3443c00119894ed9cf46e14b13268804da4a50c2f
w65	3f3c2793534564cca87b14b1849dd80ccb08d7e95c6170561c1c2cb78aa8391a	52983351385220e283fd541aad11eb3d331c9129d0c345be3a13505e4b15b56f	44a82376fad2f08889e556338a808367236615ffbb85739e8553f8a5a4775dd7	be9eb31dac53d56d39671cae89b1ecc5b3b1c074a4eca48a39a38502500b2a43	d07346ba78195ae7f51358014fc607107e25e7b67fa80d68240941ab1ab2affb	4890b179bc606b13063f2612405ea4dd73c8437f51d65be858d3ed20f447c904
w66	9cbc0a01d758d363a4c1c5876c918bd27fc7266bc338694398ecf999523e7f73	ba362dd0cd2f67121e3ad76bfa6e44edaf07f62f52fb994690bd0858d718f078	39204eb298eaea9f1ec1bf72bc7f1a83bf7b927bd1f648d6047950b78657bc7b	2b2f9a42d04d4d295bdcd09e7b9a18b9efa15f94108cbf27c6a7a9f43b8f5703	d39e1b00fbf2c7e19f0d79b29a08c6516f05e53c722077362c3ce564e6577b3d	1db6230fc9f4aaba7d6a0c602cd26dc8c716e6257c0da82ec210377b1384b2ba
w67	a7870b9b3944817e96b20c90bbc2f5059627329ccd647ac9fa0b87e81279b9f0	b93ed40e35a82da51dd85330b886d511a32f1324d166487170c8c47c972aaa26	3af68d4307e5293f4633f1af9356e2fde16f75b64047fbd8b55eefe94f8218de	3e5a51e92f5c42a5eaf361b476f17484a7b0fe94ddca28d9d7c05b86c356f45c	735cfb560c0ffbfa330c06315458c15f9e21647d37701288ea45056a862919d3	e62f05abd9455da3f0f92a424c8463bc04b4b56549d0999f034830ab5537882e
w68	33f1aa7a41c88c745bca5a92fb5affc1f97d8171a9b54da07f0f483f9382963d	1cabc241e26bdc762ece8e50947dca08543e5e595bd9718d838c094eb062649a	9f0489e6723ed72f3e084557bcfee6660da6628118f5693073f912a17975e73b	5ea22faab4f9690bf5b177ecb329c6ca45123d01f53e417582bf5b15e8b6dad4	4f18e9b6217848708fdfdf28c51a285e5ba1d5cff2c833698dfed1cee9c9efc4	1a49fca2c879ac0c4e6171e24e828e4dcd3f56cd804806093d6840ecb3a89825
w69	90e050f7def7801ea2d352c6b00ebb3d33141402237dc04db128db00448f11f8	1291a4021901929d0b756d581d9899ddb03dcd2035e63af60c79af785f5348ef	15eb919f31ab245dce80bd8aef796cc1c602ec7d223763bb65d05ba531a4b7ac	ce17b1a1a5b2a2d5006efd93b39d41cf836a426ba6d1d7001f1d2de84056dd95	fff0b838c9d9865a5c008b6fb5918c3460478e7c46fcffa05acb0056607618c6	f8ea6237f748c93a78cca90608d143950bb7393ba013993b67cd3a60f24d3e00
w70	3f61edf56514b891511376ace588fe2b86d3ace7844f1f45549d3efddcb460af	92464714ba25318acf8d136529374fdc06ae92ccceb28311c48a00412acede8f	2e5d560b0b6b6519a28342dbafe489381441be01a6e0aad66b561eba01292cbb	40ab7fecefe3936208b3dae4ecfac9ce158fd36bfb7a6223027fe75bc7d4a33a	e33ca4434e2a3e84a6f6a388f437d256ae9d64e0862fe40be0420bc646916f67	4c07c6daf30d70d65b7a5fec4985e3066d931f859fec567b32bec9a666fe9b73
w71	da7a6cca879dc89f6004db65945f09d7e05c2399faa79154c0a3ca3bbb8231a5	abdcb5227f0e58b6a86db0d2e9ec47440027f6e229f3cf52dbe426ce99d0dc1a	12de3a82430ab108b62b31ea25247144ee0f09898333fd3ad28c784bc87ce846	ecacaad3726084e8f614b9a11f09f64ef9488aa087c972f6b975d2b0589e1426	a8c9350046602e7ac5bb142bdb59a4690327ae2032b2304eb80e653a26782c14	b9d1c398ded8397aec487e5b09e16f814ffffe12e84b614ad65d3eb9598ca91b
w72	e9cbcb7adfcae9db2e8f3b950ea115adb0ed394336fe0df3c7b33a63e9925890	ca1d257b0154f7a4040885ae7b274d86e1d86519ba0b724d9e0a519d042f539c	715a723466864a6a12a445cdd0cbaac2dbbde8cd74d378cb915364a39a761557	c2a0f83981dcafc94e9ce8ec0ebb0f346e9ece79c08078b964c8afe5205c0657	04e9ccf05c9cd13e200030c00d4345ea2af898781a02fd9e6db560a38d53c2d1	57c75d0cb9dd6140a1e951ccb0503354f4b447c1c69b563a6bc8d3a5eb4b8eeb
w73	0320fcd3bc604ebf99fc07ca54c41e61943d5f2a149d6fdea8dbd4cbce2c4588	80a0945626ab017d59b72549d3120aa6b9968d5560b1ddb26bab5a08e7f1268b	d99c7dc9b9d54e17415795d71344649b487cd1ac1bb9338d1e95f2f0ea0b01cb	d25fd9944df209ec1ae83c8e0f09f255ddb3592d0c3c5d515d2de6023babd6a3	5c21ec9b498ab279b6b3598da548c01f43664c43ae73d65eae5337755df1df2b	46324b794847cba757dd0f6b09d6bfb2676cf39ea3d70f242d7673c78a62c15e
w74	51742436f0e5f8bd29c379f775f070211f64986baad41c8cbcdca6d305a2a4fd	f0420b53082300e854147b46ee4a4e62162727ae968ea7a4e8d2b14c7d07d3d0	2ca0991646e8d68521a45a16d075585632bcc3f34259f3e5c8cc8e83aa3d3721	d67a0554e23336cd5d1ee4c92bfa661656c14c0f504049897783d0ae6ef2013f	8ddb244a153347286ec261ba104d63e583bbf848b0d24c32669555b74af0aead	1a88bbf698c9c12e37f5e9f10444d77c6070f4f1fafb835b6d7539fe87fec30b
w75	4deed819ddcec507587e03c596aa970f0c8c2f5b00701f8131cae4f90b8adfc3	1b19d6a445a83c219b715d7a5ecbe5c72e84b26f9b4bd23d9453c400298baebc	893adbb616642311c09dbbd0b217749906c70bff7c0a2c29aefaf64ed439e49d	4510228e771c7f81ced2d60540783441938fdea912ccac39d090e3b5762e07cf	46ef15fa75e3e951fe8e1fd937a201931db78e018f7d10691b34860f0c97eeb7	885b734170611b7aba1f0b22bb336067e245f64378d522fd718eb7148328de50
w76	cc2f9e2e73abab3a5cb0ed25f5db51f7e7a9589ec7bfc28d91b8a46aaef68a06	6f0fd34101c47a1ad195f12428fa59c0665f48aa22d51e3a857a61cb079a11dc	5fd237f6557a278124bb0e67eb7e47e510c078037d8cb526569860d6c8b63681	5fcdd3282d47bc222004884c7a89e4a1f172cdc996c95e5a94adc4a3432a15f4	446465cdab1b90d6b51910b67dd111e455e69d8c9e20e42e3310bf930bd8b3e1	5b184a04e4f9df37dc69f89d23ef4bd40dadd765795700e83fbddc5ddbdfd142
w77	26687b8fa7e74c45073fbbdc04001058cbfea1e39673ba5e57eeb2e250058170	c78185366e081e5a91465669be0c62ebe08c58b08bed830d1e2dc1ce7633f221	bbfa7a577cbe605837e7f305f1b1b76e3f6128bfcfba28c297d24cde9834302c	7ea819debc1dcb3c5ec9fa254ae27502126ca4a32057a5985f113d1b95084e94	d4ed95bec4edbc3c1aa58d4bd3ca4ed65fc4e66e3aa0513f9a32af1ffbecf9e7	0d25cfa0f77e87f410f01eed56ccf427f69f5268f7a462425326511d2990054d
w78	e9bb4dd2e4413cb5c8e4afb8c5d94286aef9649b118f38768a3b917ef6899d7e	152155df24f5040da4d687c710fa48d7c979efa48bb7d630e7bd5b4908451de0	33bd979eb0936ed00ebd58bc0048ea04a4fd20a695b1f6397795919f9e164ca1	b01e2105a7c57779fb9b8dd451d7bd5f7d329fdb1a49290ccbc0583c51633f5e	f85160ccf6b5804ec34c0803e9f347f5314b74d220277dd5a39c96f5f2bf3a83	2065980edfe303eb6b45705b3fd3a1b49061da72c1bbbdc1c3afd633eeb3aea6
w79	535dc413e8c4d1122c4ad9dc6e71080c9d6273ba42ce01aefa92453f52424dd0	5016c36828e4a7e0ae65a776184f75ac7ed8ccb8f59520e62deb6c752255a006	f6bcc7a350e5f4f9b988ec75f32146be1b5e7d38c9d5946b62476363fcb84d03	7db182013a2b72f2ec3384463bf45ec6805ffc6d39b8b8a55ef010ced9893cbe	0089a87b6ddc9f57a14e37372da6200bc82fba6caed6748b5100c65adcff1917	dbf6eaf2753b56e00bdca62cc34f5f538ff133a0f17ca490fbccb8360e44dd2a
w80	f2e3421ade48a8cfab3f10d8a6b35b64258d7d5e083cd635f13c820f61fd22bf	44f4ebe74f329ed34f48df2badc1311e99dff11bb56a30e8741d1ca4652c2c54	b3435bd4a3efa37b3a61a3edeae8da0283dd2b804bd024877ee5420c1a48888e	b16702829c0348889eddf44b893d7ae809f76cf9de2e0c52bb098060df7e2d53	01cd57328653d79e67503d4e3b93a3a638e2e9856abe4acbbdedfd62ddb4a7af	25464b35b1fdc1b29e818729e194254b6a901a023ed7d48605224023ee246674
w81	c8c96d41a71602a9238fd1a2a580662ce5cf5934f3e3efb8fbc1d8673d414dbe	f599d1a6838abe362f5da5429e91ce4ec9381f2137b316f0f93a7279f7721ad9	dcf9c410408b0886dac13c6acd13920950c7135c22d5d67a6c73a2e1f7c1ea17	bf3c680ed30a24b6a86db21aaf90048d735e8517ced5925a31c1ac7e7b7c0964	8a62d38cd27e2ca449750b678eeb516ba5d5e4eb330938562d67de186339c861	c3c8750177493fbce958e006eea3dce39d5f1bbff1e35eb00680019c5c2b26cb
w82	50f93d5003efdae53e02806495ac59cb0676aaa815df274698bd358776eb2b79	91e735d24dc3b3f0124a97ce0389e8f09cda6ed5a18e560736da9d6bd553c740	e4ecb4bb17015a1a1eb1a248b2441193c7572a354f15d30337dd3faf8275e5f8	818bdb7628a764fb2db3cb26418640f675f8ea7fd8de5e4bbc47b1705e7ab252	b1ab83dfacf996186f7ad925aa031c49188c2c51ab00589b1d485f3b155f744b	8269e664a4e3cc0629616e448ec816beaf97ac1d119bb576c4f7308d254fb87e
w83	41a30ca343ced9b6ec3ddd717e7d66f91f095124c4d6cbd69bdac943caf516c8	9eb9c937df59a13852a3ba1a501edf672a9db2167d7284fcb2e8119d01b63f49	67ed1d0ad864cbde60e81de9853a2f79288bdc387ac5449bc0a5a5a6c57e82e5	16c73327bb48adfba7b68c9a8345a8804d1fc51a00abcd60925beb578e083e78	024f91966325e576e855ba544a9a93dde68aa0bf21fca423c1ec0800af3dafc2	b139a37f10ac7f977d720825ae8b00dd232ce423687b514ce5159d38bcf71c6e
w84	1492953df726fd4df7f95c57b2fc3d9bfd9e2838e62b7b602d62e28f65464236	cf5576efe7aa30f8bb7c6301058ef5af834f59e9280b24b689336a10afb02358	4122747bd9ddc4d49a8588a159c2894ee14585b41190339682154d4a951a2468	3bac0ece88f89f8c94160cd707a9c56eb0f10205c81c35edc7ca1214091eff80	c58e11ef8b191c3820da462522999cc2973483d98939570187bbedf65a4771d9	5c904fd8557ae6358d700632f720544bf0d1883b9b4bb8c24d444ff1715d3226
w85	4658356af39aec720b34d101cbf6e976ba4af80a3dfd59720747c8d734bed984	5ca75af2db1e1386ab97c978ab48f6df899c6faaf30f94c0eb589b621ab6cbd8	88da0f59c2ad47e13fa70455ae1e6ae46f10b331ca199447a31bdb9d50b9547d	6ca1eda19bcf9347fa56e7a052b54b9a6a0624303f6c3720009eb24cebd53167	cc006a4b8023eebdcd7320008b7189d4a1aa91c8896f414855bcc6a576921e6d	b53a3fad4c9634714778611abb715c41b7aad9079ff09bd781c8aaba1f72a2c5
w86	ee3444331d665b73834a0949a28d6c254c57cea1f6f416d825394beabcfd05a6	2e6e7d71758b11ca589da15b9b7682d8b095511513f8b01de565225776928d24	74fe8057ea16260381009ab3ad4455f25c528efba7a15a547f280bd15a5fd95d	db9fe5b27748fd107462f4968aa0ee0c0e2a5176e6da29f1e6b717f96b062434	7c025d1efb032e4eddd88c5d03cfdc8d43a19f5448899debe5733faf3bc9185b	94ce365faca42dd6cf2ac509aa65c4fcc1f6181bccc2486a9e8baa771dcf88a2
w87	f099351315eb01002ad5fd6c9bbd109e119705842619c3d48a35cfe1c476fb68	7a7aa15dc666cbff9846800da7b17e2abe627373d69cc872a4077c547aab72af	edbcedfbdf3405dd413104273a3bab0ba93a9efa1b45c731acc35e3330e4d78b	533b89a5640dc91f216ff533be72e8d0a3a4c26ad02de25ed603925a2f8570f4	32518c22d13ff29883b086229f89eeeeb61cec0ff5bb78d3868e2ee853157dd5	db5ac56ea8afa76fe099672856761417ac31b60e11a036f75c8a04e27c92babd
w88	28a854fd741f3377b7792bafed607ff7c3c56c672f901c91d0e633227f65d3cc	d6e734112b00ad3f80dee7201e792e8357ffb8161c44b0d66b8d676e5d04c1e2	f85e649667a4cf7507521de4fe6e822e97d15d12830027e4daff970dcac78dd7	9785e04aaeeea159378c05845c5542f7117016dcb827c3f1e1b182aa832b5ce7	cb29e49ca24c84c723d89b028d1291858e7ae24ec8666713d50066726a36dbb4	cf837297099e28ef3930eb1362ae646e4a95238d8e09f5f09d2c4cf21300ffbe
w89	724449d3cca01bcacc70bf9a43af8e7e7a191cccaf3a2815736fb25abde5df1e	7d935d790c626436dea432a86bf07bafda4677d0840a4372287fe9a0ae211484	93f999725ceebd3d23ca1302ae79e3e7f1dfb594a737aa0751c1d3808b51de99	7000376cf0e9533d1b8f8fa96f63630134ebf444c2378280bc83972d6f160baa	fe3fcd4dc64dce434dc01227e254732b711afd1b4b0a6eec5a114ba6b18ce835	b9b41e42b43f8077e1c4a7295021a218401d6f31e5ca09d794ce75930a697f3f
w90	b99ff519eccb8f71c635dcb2438586ec41118a03dd6b580f378547ded488773a	2c0443ee46d1d5136581474cebf5a1bf5b623b804e6840b58c0e6f3f7faf0586	fac7ee596906255214c9ca818d4565c298d555933cb60084e8920e76bf738db4	c6d48a03d1eab8ae924bc96c9a10595b1041b81d01c0e09dd6e8ac55bd7ed730	55bf17c912ace8e9aa597a377e72b1e10d06ab6a87f13713a79b85116e561d51	bd45ba19d7a9e32c4a9f896524153a74fefb9047ae9eb44c8f006dbf50ced6f9
w91	e8cc47ee03cc675a1bf86e9375ec6a10f1eee4162ef4848cd8fc32d34bbf1b5b	45bf23e3340fb54d25b5744f9ac0f6b3f0ce65fa2c5983983e55e5aff9d032e7	23d355fb3792db32d1cc85eb9daf22081a0eab80fd975805ad6b62f5b6bfd52d	c85fb731f01182e45344aa078ce51b3d24f56469dd949990e6db785c4b9b10f8	084b95103221ec9bce070d21971e0b084a64036597203a960ff31ec0ca4c720f	8ce429f37bf829e1775f3eea284ecb35142e3799aeb0053d2fcf5a06065fe033
w92	297253a56ec2f0e3801432a79f6a76f6d0e642c5c15b9ec7ba8d4d807a72780d	df31511d0c90c48b63de3528026d7fbe649be05f2c9788a558bd73ec3f9b141b	ee0bf90e83cd28f0fc252f42b39c7b9445d7d9d4bf747f66594bb65bf20d1b1d	d699ec2f18d4606e349782ecf5250fdce555af52ed0142d62108c0d7179e8b2b	4dc32272d6fe95f7590d1e8dbeb2963eb492f3e9bd912c88ae1075d9f897d477	edbc77050a7e5f61286f63c4bc192fdf6336dbc8aa56df2cdd0438d024e1fbe2
w93	81623090f61a63d9635a755c33792dbb71a48bbb1d3bd9cd44821b24e1c8d1ff	25f73b6f00feb918fb25391a7a30ef8fc932dc42f9f63f79a162e104658abf8d	aac03141da6e7b90d9a15ac9c6f0bafe97bd1d1f58e0e4cf0171b0d002caf671	a46339acecbdb394ea244f846fa68d3ccfdd6c3814eb51d56e00516aeb8ff4aa	60f1baf7e8c24adfc710f915436e26c27b36a9e4c677a7b96016b5a741d87b9c	0716e837856c5ffeb2ee0e66cc33089995eaad789684f579423f098a7d8dc7d6
w94	45ff3094f34023c368d145dbd9377ae63b5328e9b4926a2f604b93b6e112180f	adb3776b520211b95771de4ec1b890a8687a029573ab5b5507e47502ffccf957	7e4b3b00f9b67db2608222d0fb6d957541e0d579a14902d35157352e18e44681	3df80c74038e745d04a497ff648f3a63a14949a042d387fd03ab998d4907cf0a	71e9b4eecf937e362a94cded8c7ba2960debb68df1b263b3a09523e465d41a43	33d399e05f7bdffeaaf05153183e5b42e929ba1a32a479aa7147ad2a4d387a7a
w95	ec278c710b0d8e473d0d8c86584315ab9270a18ef852abe317847661ab0ffda5	e06184a8c20fbffffc10991d2bdc585c0a2e92db4c1b99ee6adef3ccd1577f95	ef4acffc100309d174f6c5596deef7ecadacbcaaabf68fc064e916758699006e	9e53c537e7dbbf14894e04402c4092e7eee23e34819fc48f0bd94daf6ad68704	31bc8cd765892ae9b7ff9307771fd09d6dc345b56e4ae346137cb5f7f2d08287	9e89844a1aaf8b5ad1bd5fdd9c487edf7a3cb869dc722a5118b82b4fc1cc160a
w96	6fd0a5a1f450e7447a6985c817357c46960531bb86645291e350fb66b5c080fb	83caa800bd7396e510c30cc121b9b9e1abf97b6a0893954e9dcb21284dbd7c18	694ac1d0c61b082fee123b69c92c9f827f19c93cd6e3924022ad3bcc743497c2	24905d0d63395bc86b8db20210175a629be7791628b61870a28eaf035a7f145f	d4ce67bdf1272cf228265b73cebc8cf688efd8b66e1e785275a68e58237f6e93	bb0657eb86dc69ac2b3f04b20577715b80d8d386bb9ee9b67bfde396a196f99b
w97	4d79bcc6d34be8e34388ec9e7bd649950e8aee89888ac1bb97def754fddde6d6	192d48cea79d9f9c8e5e8c3d9b3c38b3284b07488d1c063c3cd6ddb1eb4dbefd	b456bf82aaa7f8c66701aa3e42c8e243624dd89755e5f55db06d269f0498282d	bf110299152420e9594152e54a78f851f2d020269dba4a50d737870a7bcec320	50227a4960bfa307f3bfb8764027dace138f97cb515d446861828e8f278e8058	e6fd4b2f469cc183a5b8004a03c858989f59fd99ce11369049da997a86f245bd
w98	d9c7eb5556332dbcf645f3962d794faca97da5eb0cb2f9805d9ee1e8fbc664b4	6dbc6e677892509fa4c77d67356151152febedc66ef8d83483ae0584a1d9ee11	4fdfcba045948df3329d4fbd3e047879edb48bd3cfd443bcd17d0b59da731d65	c265d711acb1bc7d72d73490050f16ca1eaee33589d8cd0a543254a231c5ed97	98e987b14771694dac60e8077c54808057a9b8c34d500e69dc3ba2db413dd4bf	110f55cb3fd5ec15bf19e864d25d9569f7725fdddc44cd0eb66f3986536cc217
w99	082e0fa0fe878f31dded4c179dbbce06f1262ac49fdb75e544703a55df86e89a	7f3326c520455626ca3b21f8750d688377b10469da1cef240be7b6b4eb16e0d4	a60b0ec1fd84e8312e0a954a0a12248fad53731dfe65208b1e084faa90949fcb	63bc16c09275f5e7fc5a5bef5619271fe48a36c40ea37812fc2d79d8db549dc8	58bd8b81fdf195be7aa1a408939a873d41a9fa71ee815afee9905067479de739	a0c637d9806bac87008f48c9105da8a1bf3412c2528a2299386f4fea4914b9ee
w100	422e90d422f66d389ba9027f854973caba79015f4dc5d3ae4581cf910043f315	515e763726747299bae607c3336f21c80f718dfb5f867b6ab3c1ce103d326d11	345154a7866d9537a8d7df4f28a53b6e5b20052389df48f196c674240291c1af	7a975a1548788134084bdf168c8d9ec1db1412391e827040e73e5b21d688a3ad	23806343fc9b9a4fec33b094813fa9edb613f16f23b22d39bf86f6f19e31d552	fcca6fa88812403295495fbb8c1ced48470698182189719e6911acd3cdb0ddaa
w101	823ec8389cd9d99b9524ee5b6a6e6c4d01da931fb1689791591ea08472186cbf	0c03a26271019e9a474438a623e8586acdf77a036adb09b3384cd2d95323667b	dc832a70aa48b1b5f2cd4cce0ef8c7c2576b247ac118883fce529a80be7d9ff7	56458ace3e70ff66f098d56233fa4120abe2c0a2b0f5c3ea5aeda586c2384d69	1297bee1b30d329422756d3a65154074d42eb71e01c8255bd52ddb5858d53ccc	8ad3520c989fe2d1e5ee13e73d447f6da532dafe08b5a7c0e3bf408d0fe5998f
w102	69f6e1d7eafd4595758cd9ab0546e4f19d6eadd86220858e4ce46029350f0a79	37745bb5277b21000aee8c3d6b49322151143bd84b70863fda5ce8e25a037d6d	2bbdbbcd5fb3aaf3d8f930a6129673c8cfaae2bcb56ba881b1c4a59fe5d0e318	8a807d11a4091bf51a6ec79b5f6693ae7b260435060283e0faa1a9314001126f	1f1f8dbfe441d2a73d2079ff6cecd8c47511307eee562ad71fd6d507b7979fc9	40e3beade5bd8c9d30f325a02e42aefb9db3dc7aef2e070c0ccd7c85ec18dff2
w103	93ceabd91615bbeadafa8e43826bfa2d73da9a8d5bde72e2546c1df614d7a44e	6bc08bdee303b71dcb355e1944bd974eb74db74192556a7a2b7150dfb4273eed	68a47ea59996d5c9eb8e6096902bf5ecc82c844bdc4ee0179372795f53b1224b	c4b62b25be8e033db2f8ba262cf6b17887e54d7263c50de37de5132b76c898ea	7234e85b944a406eadc6ca9ae9409998c8c5a30fc27aad637e3115c06d33a046	1a5972817218215647df5e8a0e9f4a7846a6fc9b5aa60e6eee2f46af71cc257d
w104	4d2ad19a4a680bcc4d8077685cb527877458e67c81cacd1ad491f670b4aca706	3665e2ac798c2c8d119eec5060331931363f14a916f9337f3e298bd7ea5a6710	a82e50b35a6fa41148335efdd6d453bbe0b5f7e85cfac55ff82e02fb2279e9e3	6d225f33dfd23622b172d395bfc87aacb3be46fa10e3f558257cc3a90a586cb0	67943eb097d6d23f0830d948bb25f2b4073bb3a0bcf71a5bcb4b848033fba20c	ffd21621252618a583975b80156af82aaf461a53b64eafe4e4ce28876b2757b2
w105	4973e769fc742a34669b55f8f42db6c04c01ff815514ef6fcdccecae2aaa4342	3aba86d38af5be515d50fb4e243d37171afda584864eb063c767fc400d466fe8	d5a97088f4d820bb6e0890c789d25c4f9d918820e98668ba9817328dc9e3d232	dc433f0c429b9d260920368505e6880f920cc55184f33a991b98b1b8fd1f92ce	a79ba4953dfae5f7d8824a0d48ea3c4da9fec87710acc24473a010b8e3384ea9	6bc76464d32d94fbed0a22f45e947af21172e7037751ba1fe5f3a8d6d03d6b0d
w106	4073734dbc7e47928269bca8e7b650d9dade7fb5f8e708d6313d8dfbc7ce9d30	f4f72fb33ab2a495d91e77025229b7655166540b8f163775e0333d0f73bc2750	4f8629594ec17ab27391909b475501998a7e05ca164697402d14d21237cfdbdf	aafed935d9504470c6d7ad07358ab607a9ab5e9ce1dd4c47adff1a6683214bc7	4c40765cc3df0cb39b1df6481b70b28a71ebc517262c021dbf939933dbf67b84	0b16c206c38defce82c6f3bda948310b40f0e5c7f48697995afe4bfd6b4f4dcd
w107	3b3dd6ce91517eb0bbf363340afd135888fb044e6e748683e466b6b52fd71cdb	cbb758d15e1d25750d788abe4ad4aa164a9ce6c5928f274713ba192f215a5d0e	cc1f209bd48aac6dd044084f24334440058a0795bd6ba21a17162b96df7aebf6	42a0d6c9211c14b7cc1fd4b2676c5a882fc7e98a6f5a2b3475939b16ca159b74	4b317d1632193a0323511b9705ffc44dca01e3de105c6b1bea978519c9825dfe	3fc13d81adc1dde1cd97a952ef5405e56d0cdc3591067163d5438631543a9db2
w108	65e70e755310ec2d67b16ca0c5df61f89df1cbd077380479cb48ad11da32e13d	7124a7a8704caec4eb4743dd5bc6a4dd28112f803e66ce0b09b8e694a779fa41	e9f7d89afa9da515b9ae2b659aab4fc0efe903ae41ac38f9c72c7fc3c9fd6dc3	41e87374ddfc03f15bf354b45ca8c67dca3cde8aaed4206f78b7f057c2b78ece	d24d9c49fd94762e0405be743ba5898e68c52173dac8834e076d661c51878708	ee9473af0d74d277bbdb3743d81ddd71036d763ec985458ee286e0ac031e5e63
w109	d593aac032bca2036cc8cb7f590490ccf5ddc93b4c17a876b4e9a9edb354e7f7	248aa20f1afd4a912b6483a835908eb047426b6dab24c1bba50fc84ca35a331a	82f98117a4d5f8b0b6de97c58834a82dd8ebf6fcda30b178503d95c56f1961d3	2c4525fdeba5331aa5f52edca02471053694a91b93d48b85f394dee502ddeffc	d762a9919e9a13bef74aacf87dd739af44cbbc7d12185ef451ecfb7380f1f9a0	0e76fd12a18fe84ae43a210852d9e72791cf59689dd6e49a319f009da4d6914b
w110	cf4f1e217facc25780e102900cbd128855d5ccdea58649af604d9b4c439bcbb5	a1b3c5d75ed1ea152bdf94e6ee56515097efc90227c6fefba72fa9d927e7e9cb	8236ee9d76722d2b8cdbb9acdbcdd9076dff27c6f1e44e490d7b3ebf0e285abd	5cf3b0ce918f8a955d399e076f8b114cd11889f03db4205a6191f1c7703204d4	b4cbd40e2a0bc26cafd367caa9e4d1d44f4751f19942c98ec1eccaeba5723493	5c1a67d3f90d4938b9b8fb4f626ce63ca356691b3bd19adb9cab1dc5ef568a1c
w111	44a51946a9b25dfbd8c5ecf85646e2365f9e2932e41aaebedc9d48ce95ce7756	de3ddf3eda654ea9f393a0d05a1023640215ad41ffe508e50586d4860e6441f2	8ded1bfd9ed7052309ddf0bf58808ec9be3ac7f4f49b462daaa329f69782524f	c44fbdb798d7abceff97df566a4b897c2230a17aade1372509fab939f0c6f16e	1fefbc04eb092caaca357fc944cefda651018a9a027f20b47abfa2dafdebd402	3ca95f9fec9558803ed21f311d6ae065020bd10429eceffb5e72742355c3d386
w112	d4df1247262c1270f5cdb90aa0ffd35be56369707b76652d30e1fe91bc17cf1c	709b01571303145e5b9901d1da13351f52572825c4a2da3d60341435b37eb20e	f8258edd4d6d8bb29a76616d337afdffc5dc9fe3c922225631feeb07e68e7e95	c8b701ce2622aeea8bcb11d0c037f7b5654bd306e9a52038a2b497c79f335927	33ad82b5c32fc015b36933b266d12801dde5820c096210f682b40b07e0222a19	00e0e7e79385053d297ea8c991b01a221d3fe919c49d143b356ed3ca25b4f2f4
w113	77ce7fa2888c5d40802d9b39a9ed7bcaffc31e5401095a398a6ecf632d026a70	864514530b0fbe4077b6f62d6204b459f911cd073979a8968cb336872d9350dd	22391032c38743e65d95bf1be49641217702e8195cbfde5d2f02db715dc7e693	291da44aeab6f48d3c253bbf6aa51cfcd470c67af3dbc063fafb91761e0637ec	2384f6b04355e3d5812eb4033811dc38991b342e8fc479b0500e8fd1aad9793b	2de860de24de7eb947196255fd6b000f13b642313caec87e1a40798bf6e6b2a6
w114	033f0f03aef61c766c0392da85cc1d54603e30beadd1a5d4e003637b0c75d456	2795db0417f812bebe9a3ce5729a55f75273299b01c04c969dc42dccd31a605d	d0b3f8e67e222f99aba60f2fd893915f57a2532b5b90b85414fd567824820342	72ab68662e68411aec3ab093fdd7f6ffdf1093d7fc45cde5040b966b8041505c	ce009e089d3786dc8b10f3ea3e51f55625ff8e98a2f045603afeda44cb4579a8	3a7afde7ebee8fe89353674367e8c45d890e6c38c3c6a91e268dcf802a3bebd5
w115	5e2b675ca7edfd176e5a7d2aff7aa672d44f8185ba6e305fcbda75073cefa8ef	689e1b403cc67be9590f401eaf46d076a3b23f77a3305ae2b68df77bb143837b	b3b8f937aa29324280070386c893213959cb971195c77629df3902980827de2f	3a6fe4fa2c30f973ee8e47c321f365123cd56e5e8f0a4cc0e37e951f0f86a57d	e12cafdd7ca538ec37892546487b90d8015f843795d5f64c61791fc6a2f76c83	f66c339933a6e51dc17c252a36d48bd25ffd9a524bbd1bff1a22dda2418b1df0
w116	ff206371fe53e2da3d4c78e88c4ba12407ce1d4c2b31f934be4e66e3ba6e4316	a33ef77e3587ae3fae6a39e104f8f6c70dc13aa9200da28dae43c555b2617170	28d6dcc9b2f9168cc300e20cc8a3d7511c69897d4f2b8aa461a276f0b084c079	2fcec667c1c02872898862f92b5333758d8def79ecff8b2ccd208deb8b6d62e8	41ff5b8a0c42c15266f4eeb4d7fdd68f085d1f18798171761801f19cc8dce3c6	69c702cfb4de9f06232f8c68afefb1a4236de2c4f4ae9d0b6557b1830631cf77
w117	ed54f35213d2f3b86b6366c5c3cdf0e14ba09b600731bacd7d60fcb639cb7f18	4ada88377652119f07c01c449fb82b93dbb716b35df897ca883de0a1f0a4e2e7	76e6e52e418e2399bf026812a8cd124a2bf088c03d4a1875aa8f77e167ece7b0	f87dc685d28f0d95711cb037f47d32527119814cf9dd96143a1b250d5a524d5e	69a5c7310a33da9a1c57cff2c4f37f9269060f3c69380da36681994123c88861	a3fa0d24edd41f5253d013b63db1fb27061eb7b2fd2e3395e4bfb0308a76bc0e
w118	ae219e22af20b1eb1f92a0a95fd90e68562b493291700f4d903facd9dd1f04e8	17d9d98718f39abaf70853ebc8f1eeefa0fb96d3f59b2ca9bd5e2eb56e33b859	336f35d66c78e845eca23d7ae66861a5062a156cb3ec9667b26e5a593349455e	5db334c2703e4d6d82145558e39402fcf1b7ba3f7981c81a097f3620ee09242b	558016b4e6cb1ce9f5d07a32164fbfc2b019e2e1ac4eac9459dde1b29e31bd4d	4b4bc28f535803a83f9ee733194841c7c9b523ac559c69b6b64d00b9276b61ae
w119	957e5f83039a84b73f949d4a40083f374396cb9fe0df8e93f0264461ede35819	9847888ba7646de41e60b37384195b23d86069f7a5254430bc9f0c1ae8530207	75a9aa44aa6024259bdedf40a89395566cfca36b704553b5af8dc8336c42e83c	cb554852db064f1a92280c7e49cfe66215fea5b282749c3025a605594122085c	9935429fca08102ab51ecb46aae22b6682a57ac176243b79c93060abd1c297e0	93f08662961b4db8cfd507fa0bf321a44f29f45dc90c4b952e5bc9746bb38f67
w120	9ecf40ae176b100301b6d79c97f7c1c2bfce4a85c89f0cb434275e3395c0f2e5	7e516a72e88d064bc746c8376cf194378497691e9bcf9c7226f2aecbaa366c36	cea8132fdf43a527defd7b1b67aa3bcb17200c7476dc5662c29d92e6b3b22583	eaac56e249c0191aabfa82b83592c7b9f2281d2c278432afda353a9e1506fb51	2176bdd4f774f44185ea69b78044011b990384c841ee5fb11fa3fb7ea1e5ee78	633e474ebfd699a5e37b5570cd3a733ae3196e04cd2252be5f79a67275031441
w121	914f5d79cf94052795ea737f68b2d64e485a8d3aea50e96932ed47d9aa2bdafb	ddead60d2e7c934af93557c3aa1314457379c2558fcc3e49352774818c8f49fb	d50318ac052cd8bb6c2750d3f74247cd179dec43e3f496531ff3252fd2e54565	2b12643b99855890e05b4e2c03e502c38bf16ff6467b83e3bb6b8700a93e00f4	78683ee9d548f63f7d13c3073ad55907dc29ce51a88c0b7575ad25962d7f3142	bfcb03cacb5336d10c690bab4fcd9ca3ea8f9ba5740dcae36920f4889a0e2b14
w122	a1501c248deacf8450a35a35476ed7dc919da377d3655b87a15b19ae25257073	0df99d4bebd5136f0009d1d6f04ecdf756d457d882a37f06dfa518aee9a402f5	f5e023032f9174fd50bfd211ec51b8785d3a3f3c70ef9976bd8fb44149a88d05	5c15e035e1cb0ae1cd7d406fdd86d6d606c28f01eac2a114ba4cb725a94f7ff7	777b8982a0a8b88056db6851e17d7ee0d8038b943d9391d368429482d2303151	6a8baa017a7a57ca1d32312f652f4eec1b36d6e5390f488250a9264cc6e01e11
w123	1fc066ce5edae5c10d1a1c5e2831bb306b3312b25a7ee5e92758b4e33b2d65fc	3ce8993be8cc39408142b75e9e6cfd67964197b1424d08b90b6f54e8ef16a4fb	3ea1873e19fd59d1740a20f11c1f6b13e2d9a2a4d1c8322092566bb2102e5279	cedddc07cedc425a1f1ae1f63b8b5f7cc35534953f80cb45bd71cde9cf062b07	8dc9db7fa4533430d68bdf4fcfc4c264de862b9e03eff576ffe98740bfa7bd28	5a9fed175fe10b098ef9e3face49cf641c0b6a06453410ed473b1131f2a67b4a
w124	df77820db1a5a999d2f86d554f9b301aa4ee66313cf6d3701be78d552aae8c79	6f250f7eb4c91b8b9013870ed487d0cdeb7c49cd8a6cce9e00c57bf153a534c9	bad5752efff810607424c6be001c9e1fa7275ea85f70ed7dbc98979cdf1bedc4	d803c977ebd09e8e3776f2b933ec6616f6820ce83ff54f9e3ddb2089691b708c	6483a2f2bd78499a91a573dac68ab97e54fc8cf65700373c9130b30a26350ed0	e19b8faeb0a48722b451991dd332e360eecd3f2930c6ca9452d4164acd4a9e4d
w125	e4565012cd14ef8e5e84f79dac465e8a033f5eafb14d79f468c94a0680b8c34b	12deb7d7860d5e2a78106bb4c5978ff479d6eaeb83e2a9cf89e954f8c41c5109	19bd146b9efcd3a4348c02bbc6caf499e0cad14af608ebf6f722b852f1205867	d437d2a5bfd7f540ec9a6823b11b5dfc8b5cc74bbb1865e70485e6ba5a388d79	33841ef46c6e4d9ab2f2fe060a3ca278e82b57e7995dca4ed125337819b9209d	b00c90604e5aa9ec3cce31d9faec49312069aabffccf63fea1d7448980a14291
w126	0ea13f4a435923565b86d122a2c5fefd614c4055bb4e2022f285582d21a86f1e	0c8143f8b20a2503c7b64f46627b0d642cd75be27b6cc4e4afbc72860d7c981a	778e1f5ca6a03dafff51b182265935828e16496ad5ec1dd0b7656577a17acd45	5134795fe33aee00253c8accaed7e87749077644a6d01908b65e468c2a9c1e46	9d6febf90ab4f9866134599b25569734b64c7d1b5e8e57c4a8d4fb87bfdd9888	1ab04bc80b63268a7385169b5c528f1c87b9fbf37475e8b94c02278e7a6e541d
w127	22901e2dfcd61f63af1f323ab4fbada4c8a96baec076e516c22f8417966f5771	993659221eb972338c6cc998a51fb68f6f457ea847c8d6700b11c81941d4e2f2	7cc26259a1b279ddaf2e2d87301611fef7ed10ba32197b870e4cec646dd431e3	6d9c2c19ed89463619cc0622aee303eb7fecceabe2d27451d72e5f6cef2c1436	ff9f5591da3c7e15c3332e06fd2446688686a4749627bebd64fc56c930345fe3	f834bf65c825d1ff64af7a04eed8ef857ee81182f9935be85b801df6d3505acb
w128	8fe829fcc8eac86dc26a548d2c132027e3987c1083e2fb490b6652218cd0d34f	e1f3ba38fb77948f9ece069d1ef878969863f602f79b055126f0b90753c7b9f2	3aa1b9fa99757974a0281d1609eee78ef2f9479b11680c780f8696c0f36885e8	ee705254bb87877199ce86d0ad6379178f06491233bc02ac9f2381755aac9ef1	c3f8e707e59900851efcae41c9ec1f681078a391c8fb01ff5eac161ad6df6b58	1e03cc2d3de838342c58dbd7334b9141ee61d6f804f6186eda007979cb6f1740
w129	d6984438c964ab6f30ad0b2b00b5f56c0193e828572dcd460e8ab689615425f7	bffb2c4906631f88719725714fd042c3542029b2c91fe82ced851ee411037fb2	7bd3af911363d8e023342cf22fd9683c4885e81f6b28c1bcaa10841b210c2101	3372e4bdeb5c58ceaf0fe973df08f6f6b7f8ca88d92e73510cb6f72d50e61ba1	c47ef2124b946cb1507eb44d5294629dc43549569c8d4d5faff586eb55269cb0	ec470457f4b79a58b12e7f105da0b37fc631aafe33cde007091f8200d3cd77eb
w130	7fa2f0ca20e70e95ff16654814432f772afc9335c8c47eb508e78bc506b099eb	f6bb51f8cc907b5bad55907bb19673a77c9cf274a30e04cbaa87d035d80de186	5c41b7fb8b1315e3a857dc2ffd817ac946f56bffd2b5c3e6687b397d1dd7c9c2	f2bcce3a7956c82e7625e77d963730332a644b759a400cbc9719e61c248d836e	8c3f66bdbdcea27168cfef9399a6cf3f7c1b9491c1c0fe092440a3028163188b	ba4a8af5e3e5f0b2292fd8d60a8a71219e352dd93064e79cd458707d5eada3e7
w131	ca00006b92ad5a49aba191f09501c7af1c82567115e1918977a78ae91468510a	fda14a257c5997dcae5ac2cb2563da6282fbc9dae42a7728dbb409f4a09b3009	4a0924c8e0f387375a6cf72ee8ff993ba66e77295f5ea01eeeaf873f0e687106	c8c8315b189d3413d6ea9e041f9c7dbd1b5a0a3093d4228ef3dc93c7ff1880f4	294e7fa75bd265647f558302a5d566d97b6b4482b431ff7a592a2efc8de45191	8e9bb8f6a516556f037b3081271b0ea2bb2b67c5ed62cfd323a1762da4840cc6
w132	381bc00a89e559ca3978561299efdc4efc9149182f389f37a27bc354d2d66a6a	76b3f2eff619e9c2290734d7f98c6ceb37bab30965162d6a8a796e3138046338	eb0c4295eb93b080a48b2c0280151f968fbc916738348dda81d13f2973fccb22	b8cb013a2bee7e3101d6ebd43fa1cd241a8d31d1d4fc349db7a9b3708929e8c4	974f39319e5cb8c2f4514586bdcfcd798c4507f51fe666648d4209fd694ee135	9515ba4904075daf10f754351797fdbaa34b4e2963be0420365fa37eb75120db
w133	fc7508fc9f83c449faa46f2dfd7972b5aaadd8413f5e516c5afdc7d84dee68af	76c2324f38da410f392d7e48f90aa573667323be8ccf5fe8055061e790156129	b16f4f079233563c03edb23cd4db3799358e38718ff3a59555b6240367cd5e9b	5bb3b619a108e637e39f86ec842937677f7c46528d53c0917ad3a7af060e557b	f6b0d59e1e541a959a5cd929e4e2910bb722b76a005f7828c763721bd7a0f05e	710d3da7006ff9b99827bec086f4725abe64681995d0de1eeca5706ecc3827d6
w134	c82fee0bd0a430c0e0afd9a6a29e6a8cc57c2130ec26b039e584a443ddae9745	cab076fe9bce245fd5384b3301d367eff9f17cf40a94c5f81629a0612e781554	e44670dd1b8133617bf74aa4dd6bf7f41b3b893be821435f732fbe1dbe1b16b6	91a5d0052f8619fcf5d60dd8a0ee6382870b1bc56b93c46247c3244da1d3520a	6c4c46181107f25d1721b8db04839af78aa2f769bf5dcb30f45d6683030e8762	a37be3b291f3671b65cddfa5a68f1952bff124d8d635bd4796ddd958810a07e1
w135	06a9a5064fb1a7b995a4ebee7107b92a16a70217216b4c510cb2e67c3e1c4e03	05755ae30552a276b0c68dc6bc1f36d0f89c6bbf5efe588b4457017b29f59349	268e91bf8fa264ff007f56877129ecc24551f829a3236274a7e23e8419e577f6	53fe97324d31ac50f99a444f950e76fc60432078f7687b9a592f82ce7ce7f24f	e56cccbb8d1887bc863a22027d30aad1be708d74ff4796be11a6e2575217eeb9	dfee6440e1a496877d327c99317ebda57382eccb9ce3044b97b7a1ace04b37ec
w136	054d97fc9b30a14759c652228ba5547d9372ebea5225fe1e44c3b4aa1fbc610f	da6cc3e71acc13a77f06d9e28c4f3757f899345284b6bfb4674662228253c685	77ca6c233d445dded60722a6571d6fefd483af0a5eca0ed52294d454530b775d	c9967af43d9a04b6b8392165fe6ab82f4cf69e98f281ad9bfb8c178b37e35aa1	413d217f6877ac98760c05307a2c2aa99dc9c707705bdcfd0f782852d154f0ef	c5eb345fe49133205a409d2bfcbbca0b0a4527efc8d735c892d2035b0bdcd766
w137	b5ac1d413e923f9c4494825c575fb4ca2668b7426dbbdda7ff87b992f362066b	d3a156445fc85d1682f7429d156409c308e94c5891604cd2c44a7187d57ab2e5	e3efbd344c8bb5101782c1dc65eb8a21e96e447e2169bb69966e29021d4c1169	9704f22ddfbd8cbc6ae79cfd9b715658d21fcfda0220b0534f607d3226ebd942	ef577cdeeca0f5996cd1e2a56427c35c094fb6f2cabe91bb987339d885efcb98	4b07a45b84079ca0550463b2b1a4791e59b24fd6809a4effb9402fba12f44f53
w138	cf509fba063346c40d29a4265125b3f8f18c0eb274556f40e73ae27d9acdbec0	58040f2d6b9bda85025fd08e005e5c2053b421467b3c94d81a4b206f2fcbea08	78bca6f4abd2c099692e699f3b824562ecd5f61c87ebf4c3e603c338a81dcdf8	561e913376ba0e271b35515a31d0b47acaa6fb7cb15d91c25e586c169eb77dca	7cb4c21eb0f6f26c3de3ba1792e3c018a8ab42eda0da1cd2590174d3a68b4dd8	0ecc588990b247375dec771c8e05c2b98e8782725af5e840088a20af63e6c551
w139	8b4eff3cc6c0090b2eba90caee380f1c5dabb4e30f526f6fc260b476987140cd	9d49f4364f2f771e3f64405bff54cc6371edb4ab590f9d44df31e9cb96de6244	c52a0321c4d15d08dcd6f77b736962c8686406a97ec742c238a6daef2d4eb667	296784cd2d57795dc3510b276aa4f3c28288e3dc56d514519725c59bc6790c33	164d8c7959a75d6ecdf49dcf34483839bf427d7451b14bb1695d39384b0a806d	1b5183934e23032de72948a20d0e7c7c6bc8664bc50e9d63ba23671e1c2935ee
w140	b6997977f775e14a897e02bca06c567fbeae394e96c706fb10f71a64e4209572	98360fb2db674f63c60a19bdb54924c7afb679d863ecddf5ac5de2a4b5825261	e06c31a726ce8bbef16383fcc0219bbcfdad83c51fd6a166da2d5f84883ddc1a	94a540457d4d07c7049695727d1e263ee5ae643058b70ea05be2d3ecbee89083	a5bbe64606f92e3ce0e8dabee34ad9a33e5ae7bdd410d2d11f54ef314cf3bb20	d52c7f2ca2f36d402afda16b749bd92f6a48ea0826346f6b0d7c9443cb4bd554
w141	4a80680618bbd85e379ad576c1a17fd690a80d29bd19fb3390f19cdd1c28046b	bdbac693a680954da7d641bcfdcce94158da59f2badba427efdffa92fec62c6d	c0f96f05e1915c98ebb77c1a675df46cc3b02aa0cc6cc75b5745b7d45086e21e	4e064fe55bc7c149f764fdc4eed5631cfad9c959aae86b56a453cdfd9c070f99	3ebc191170b926848448abbbb1bca5b6e7ed63387fbd9682164308da48d0bc06	029603cca8700ef41c71646170200ab954ea46ccc492e1a4626e499c00299e44
w142	a8ba4c2afa04cd2f42b305ea754d2c52f2c8e550b3411e28098573ccda8243de	dd043edb691dabd9e26997628aadbca8736f49bb0a05a612f24697cf91688b23	ebdd68a4dc237ac711a97a5fdff11d1eb202dfaa142835322e044730547abcc5	a7d17670543ab3694649a1577925dbe77c681b68fc5594ae21aa356ea59e9f8d	5b337608f81bf3c506dbe7a02ec95d37a807722e0a57b0cac48b7c6fa58b9e72	2f6870e58b9b7b1b52ef5b28ecd5001a009cb7a1bad554bdd51231ce369247f2
w143	749e8c59638b427757f0c28267c69c7bbb09c7059018b4e9fcad60f0390c9e1d	07ca88063b6ec41f3da965ce089b8caf4d9deec4d22687c1e77a4421407d2f42	10b434630c62cdbb060682e5070a2202aedde1e0bc973e5b939fe44f0b2e3c26	64524c2926ccf304c1d659bf87d4830dedea4be38ab101f32653d5ea983cb33c	ab57b587f351cc3f4be53297cd68ccfe5e11325162256d0cfcf107969f7f4569	0041ff52b6bba605a61e47b5ae5e412b6affc84fa568b15b71f47675e4e2f02a
w144	eb1d17d8b0c91f5077dd1707ec043bae0523e9996dfad389edd371a65085ccaf	a956b6f6ad31a418c851d41fd0435499728874e794fe035a951cc56c4bbf0161	d997546510a7bc89aca7ab8f5ea8350f688a41abe4a66ab56c49db81422f8be4	d00545e74291207c41acdb59fbcf2e9312b09a28530cccf801ce7f2363b52cd1	da1cf7c60ff700f8ba13406662c7a12854d42134406b4d27c0bc2e6f12dd9ba7	bce71c2060e031adfa8ca099c6941520f0852717a6b515bd7a62525cc794dda9
w145	5822a1d68cf2eb03b7a42a1fe904e08e6b510825c69bb50fd4b5cdebd6ee7325	7e2b3be23a8248f5c179520e4ff61d00f6279d138b4f91f8cc33933471d39289	c4649ecb217cff388689eff8493a8f2e39d47b1c603920cd3f5eece228064986	804ea261180658e87092d8d535efb9a52adc7b7fa44eb6350d48891c365ee94a	8245b6c73e8b85e9ea6873e3a226a585554b9894a52b45d2a5c8db2e045a9bdf	a228ab7a2da910125e9bd5c565295efdeb2a5fe91f5d09ed2b18871543f6fd23
w146	cf539aaddf035780083c698bcb3ab0e1191336e786ed65523fa02c37a8bb4405	77bf57bc7e9584cc0f6a5e10a50bf3bb7da0f9840f78dedfbeb42c1a1807b7ab	967d0b4ce977b5539579e95c7ac9490de10ede1f9a1a5d953b02891a4d566595	666129285f5c3e3cedb2c6b305d9d15ccd910ef56b17a6b9a5ddfec3a4125cdc	d9b86214cddfd2e0ee2a32357308c809d9a0fb481ed13feb2fdf4a4a99d94a2e	72afa68c38839ae731d559f3d112efd6bb7fdb27005712213d0f0cc11e813866
w147	cefc1afd04ce9cb78148be3acb3d67d58d80425c5ea8735e10467624ac2db29f	4d351b66516eee556aaf270002c79ab462da6b63fe7746397dae97b8d840bb69	65ef12069d189ba4bd854550627c9d167e9cbb5c9e6f247ec442c884391583fe	6c3e2777926dcf0b28143c4437acd81d2a8435259eb9701c2ae3f82b010f0e47	aa57f1fb3991eeaeacc110364aed664357786f9e746c0313c1140f1c26ab45ab	f242e8c14dd61a592602d23c848ef7c1e8dd7cb04039f890de28a137c94da6e0
w148	e53905603280a48c1e11efbb4fc6b53c2c9c33b188e1534162ed7d84f54d20e2	d9f0548c3b4ef706140ec5a186aee848bd06a1b5e47edbc8f9d182bbc9972434	d5a5955c9e07bead4a85587e24af5976c92e6e35a6d3f72c09b0733c64bcdc80	c06904f071b7d45c8a287926e8984e134a8de626394d00a9c6fb93eacdba6e4c	3d9e52d1e33438f24c1ed98bc1e766ce8500ba0483e28eeda26babf5376c0c9d	d85a24fc5a79f090ee6a81f261093b31c8979f822454821daa5ca0816dce9f1c
w149	958e41f94397821a04bd27bb067c6e34902b4f3eb55b87326baeea5b6f73b15e	f9d3cebb43e2236ece0962173c41a5511ec51fc255b92ec6808b011bd27d0500	a21dcd685c82530830cc592b3cc36fa33b4e2a3fc2793d60394ead84771056ea	e6c82af708d1597dcb8531e3dd03be8491280730e7451d9a6920c304d65ce578	943c3a8ae8220c2ee0b1108963004617b003adbbd880cc3344aa7f9806010858	62840505fd5b5a5c9aff7d41847b5c7927c28a0702c71d40d5db534a05fe0720
w150	a9a2950cbe4c71ae0df2c50c6798b285b708192809870d7d0b3e84466794e957	432ded39a31717f081e66f485c06bbf458f8320aca0238992445861341ec6b1d	9537c354918147fe1dea0330dba0beaecec1b5294b71a46a1fa247d4e794144f	62ddcba96c69afbcafcc5ffc3df46ada3b2496489424463c7d1e85ff7ec39f1e	6ef23454e4ec6a6971570ac64e2a16f970e94bcc7081d69c1af02086d33ef3aa	f4069b9135c3d1fd0b58960e171b8973bddadcdd7b211158578ba032482dae3e
w151	b003d68b16a10876abf0a800bfd8e1f235788cfe36841c24cd128972236cdc6c	58e31e33c8efe0a1d999b1738f12ebeda83104621664753685f1f3f358d81586	55a3425d9cf5790d3b0b0f14e00879f13bc93169ecf404ef8e06c7dd10b31c65	930d3266d023d07fb045698c3bffa0c5faea6309bb6e707ba6eb3dd41d02bb07	24d900e9664a6c6e8c79ef0efcb80940113062393b2be3cada9b291ba39e7a9f	d449fc37877fe1535e497aff5b3e8efc01bc1be0746dbe14d72a885f8c8632a6
w152	7a11eec3f860eeba4cf7e268ef68fc4cd3dddbd88522f9b612c4dbb13b1ca44f	f1c7051cfaa2b3064c98dba19c5b9f3eca6a2bdb7728eeac149eccb851231fb4	177b20ab655efe6d21c7caa80cba493416f83c72fa93ee92943e4307e27ca858	d75c731cdf18b01dd830eda3b328fed395a248b799812b9c89b486c223a73ea0	f897d9cdc60ca59c1a4ac2b825dc826a2bd8e6244ef5a2cde4cfcae706c7648d	9ea1f805f70d177490292c69935f410ae258498dcbe764131ad633f76624089a
w153	6b326fdbb30972065d1694895dc41a3764dc0061acc97ecb2edf398814f8c22c	6f55c394748191e85ff991363394dacd118db47601950b84dfc705e8099c10a9	3d3ae38795cdb7cc2b7bbe90db16c27dc9c2eabd957e32232e4cfa6f69cf3b65	0aa7305064bd4d5a670829d819624c29d42be24ab755546c2f01fe7d5fc81403	f9326cad849c4ac7e9ff45f46bc00032eaa4f611516c697f9531d535c6e7e703	724b9484ee89526163e96277de6b67a4126c9987b3c78ddc0f18476d5ed249d4
w154	2bd93341e5d81be75d8b2cfb755b47db33cd7dfda958e75dc602faec4074c870	9db290fba64f279746a827776f187120bf15d65e18b877814eae6a4c82f81487	57c85019ebd560345857e9d8ef7e4b8e226acfda8f55dfbd4c780da5ca22fa91	119b45516717a22f1b5ae8c2588eed9ed0c65f0b649d25e6af618261225f2f50	709df5ed57a61b922c56d56c90d3dad937039309cf05e65c9986e896ee3b459f	7e004e2861b059fa84c3e0125ca902c22e5e1ee62e9ed42a369beffb693eda51
w155	eeb541f0dbb950766c1b03c13f24126b08cfc5443689b26c17c2eda8f6a0040b	ab2d7599bf12abf40d8102328255915544b6929945c849cd620b0bff3d265490	9e11cd6d85b6e311a04e36eeec39204e775703bbd67aa91b5efb50646a7fa1ae	6278f62466ac056168ccfc2467babd700b217479befb5349a3bc1ee090a4f43d	c7e8eda07868b0633649624ee6113153ef6bc40ebae0acaea9a295bf1f0295d9	044825a149094ee3bcca46da81c9a58be8a36990f6c597bf53718da1b3bbb24f
w156	0cf3e482608968c632a009c888e91cd1fb8c601a17cdd3c0bb43cefceae93bd7	561e7d06c416bf9b4acadbc293332acac7f0355864a1f809bbc01e2b9feb25e9	0ffa2690ffcdd24f65db8f4a665f7df9b097e718ad9c0cefff80908c048fb1a1	fe12d1d56635dc60525ce15521bc87ee9d1b9cfcf269b8a260d2a73ad819655f	ac95bb0ae4513d3d4483ff5f62a4a1f24573d36cbed917fe5b4d2d5bdad0c569	1d6bbdab6fcd3b47a1dec06f8cfa805ef95e0700fa25f0b9c947a8ae90c867ad
w157	4f206863e1c04d80a2c44edfccaa5c87c40ef43931e723e123a18a47bdbce028	431bacb2dad0e8be68401a3a89c8e543f191cc2fe83e23b88300067a093b23c5	d0524442e9e89c66e9136022ed6ed2bcd0165183b24093638a7ba221a076d2d9	5a6d6c48c4b7706f9f3249af3376e2ae234f49fe16f8eeed2a71c702c0df0d66	1e33fbe6c95a200179ce2a3b322914015b38726ac3a3d0b17edf3438883f5c61	92a91536c40bd510af3a7d869bb6ec60a2b7dd0c199adcaed1f5fc8efe781fc8
w158	2b16994642acea8df3bbbe9f5614df35e02928e4c62e020d4fc6cf62755c3d5c	273b7eda2a3cffa02704527359b8cdc6305eb454714f2048453ac677d655cd26	f4bd4dc8072ed8a8937101f3f28e07cfcbafcfb4ba794e53d3e5d9c0c21605e8	226c7224748d20057eca0df03484fd9ffbcbff0701f1231ed5ed65c5aa76ed0a	cb718817d80a756886be99159f384e915e7750b04a359e05ba783b2fc41ec8f6	d4a30d037c56abe3eea3e1c376fd2d618d35d22bd5d7d0d71c0bc40bb3cab3a9
w159	8d712025567aaaa1d9c7404946cb63b8348984066f57383fabcfe2db759ff4aa	e3f2965eb7fe9a4c0c9bd5f15a54464230bf5cd7ac34a9c47151fb97a120a878	c0033fabc19aa411b36f3d750fc4c2daadafee8709b7cc0e80a28dd9434f8d41	a7304f48208eeb27b6265bfd7b65f84de833bc53b0c4ccdf9c78e44b36ea64e7	1f7be4b9e270ff6a2e275f02cf44b4fbffe7a89f9a63eeecaf7d5590c6b6172a	2579a13236c43c0202fc394f694decc344977106d86fa8fb79b71dad9dbaa0ea
w160	8109b53b08b0234b7cc1b8797e6570c25a5d5a9581d241fee80a8331d8219ef5	620c97a7ab9bf03356a32683ccedece87fadc430933b475ff83cf46e2d572835	d57e640b2131a2a86c500ab338c89058ebf3912dd04a68e9ed5183898d0166b8	861c9f1ecee779beb47481311c273a744bb8d5a312bea231232cd57d059e3775	02911a46599f4fa90e7f901cabd74729e31249305219b48e7f8fb40507213c2e	ace18d8a1e5d266aa9ce3f8d6be209a2419d889540437b9dd4682af28b4d576d
w161	91ce88ecbb4e355c5bb8f608d863b0c84f171ef4a439ce2ac6c7748a81a122ef	10056112c77d4b94a9010ec49f9b39481daa9dcc1ccbf354fdd33bc963dd3a65	0e3e18079e12896bddad9bc206c2f841831a9cdf8aa11511e8eda0bfd33dca58	d5ee5aa626c25bb3a6a9712574ef48f9cb77ab99dc64f2b723a7b1e079550422	2beb4b27f3db5e84842ca103ce38cf6c4c508eb05043adbe3a507238c22fe9a8	c4fd09fbaf35b769e378992555c756963784202c7b664d266d2ebc1c56624be7
w162	29a04b4769a9b5e16f060b8d8d83d442e4e61f143826298d0035c2cadaf94554	b9540daa9fc5a2c586eb4bf9f4ae81a756e166af965c9885cd41caa4eae692d2	48bcd3991c9145431f4615308ab625c69d6603780995ac801a14ef30638fb1d7	55df8bd817a2638fa8e4453873e8e55add3f004af901ddf6f2fdbfe8a634eb07	a87f847315330e2dba852d5212725340d697e9be20b33ab2c6d539b646ff77ec	e7ce29c601182c10eb3b6232ccc728992173582d11ec8c1fa8bca3ae92161ca6
w163	0647e7016d1d11a8b09861910c1de933d91a58a62e3a426b2948033a3498f03b	d2c83f5e8a162d163d7353942676632593d345679fcfe5b913dde4c186b92af9	f94888536673522c9fc8ae21f70644d5c9ff5fd9e77bb176d720a40f28b79f98	3aad6a221ea47ce800c8987f2d22e42f00e4ecca3fd8fe6fd9f876e1f270df53	88c12786b406500b47a0a01c4d917a8d76b33dce68112523ef5b225e3469f32b	0198d531fd04cf7965b429dd7df7eadec6990fa3106206a2249130cc22ab4532
w164	a77a986cb0b07cccba27c697076593a4fd1b05d83c214e0daa7029dbbaf09ef6	364525c50b7457180ba3765ef934e678a64ef20dd0cc2a8fa0762448f21258a1	b71594d7b1fbcd3c351f1e74bb98c215fa316485d5152a92b3df24875b2a8829	22b619209e4f1633e9faa8c273581f8bb655e5fbfcedc1f03506cbc5d65c8463	098c83eb4053e5cba0be6d6f66de3b0598ca44c472e19347e0a3b5885e4efc26	2c0ad052b0384d47fae98547bda7cfbb87cf6b909f29357b4fd01eca1729c42d
w165	6b5ad4be5ec9e953e73e554d6aef01e0de4f5f8eb88de8b1130f3d1ee07652b5	9ce4ffdfc98b234b20a246fd3df528aac77a64eacbe9db9e9ce367d9a3e6eb90	f6d7b6653eb2ae8e0b7f3af247baed81dd4a36441e536570061b9ba4d08d80dd	60a21d95951c2d8395c4e82ef442b0fa153485e263fc44dc5b62973f8a6596fb	d22529e88649754167f14c513b8e608166b3402f26f8af42e105b503009ae31a	3a0697621de4542d9628b35c25df82d484b781dbb65cf8cfe3cdbeed6f3b311a
w166	b3fbbb9f58d3f4d8337ecb8da7341aee7820274b785dabea6191aa48e3db7004	baedfc3d9a36e11956dc0108d9cdee39d68a4cfb16fb1e178ce4b42cf8d12e2a	da117146d0d23776f970da05631852dbb73dc5d7a07f2f5a63f7cb66c9b55f79	0141815615079207fd2dba2b54cbc3b72762bf4c3f9eaf798fda3fc9db8c3827	a7b0467a7d33f9287ba5daeb8c8310a01635210596e776472bc0d6f69f5c25ad	f42abccc99eec650526581a73abae3696d4caa934f2e2ea1804ff498b233ad66
w167	5f89c6bc39a2d3a3452b8ab8f9c2be8141e7225eda70a6df70b1cd6d11d60ed7	4b671bae3bb2539f6c6da7c9b291d01b061f3b1697739cc8e4a7e741d55ae8aa	2e6bba64919bc629ddd0f539c45ef6ea84832d968f9c274d292a734b7206f7fd	74f2ee8d6c3860f7ff74f83a2d0ad00aed5b7fb09531e83d18e8125610be2811	79d3c7446c7f12f76e9ede265626b31e22620ec99c498a04273ff573ea15ab58	3d89a01f314215a03856b22c5414e3973e5a617a77ed2119fd02de5fb850f3ca
w168	225c9b5e842cce40662634863e2acac39e899579d2e41ca64a87eff42ec52dd5	ac3979606d04f5810593851d349c017a9569fded36953109fcba542a1daede34	4ba7e80bf68bc320a49b7f0a84e7c397b375b29f071e4b8a7ba895648c0f03d9	7d21a58b6903e40da6a5e545646eb5b5dc4d476aa1418322e23e3a8b6d5a3bf6	d91bf52f43499df07bf29feec4bea03e3153f6ac1d221993c1ad911346cb5440	23b68326a8b3b9547a68c665f5252caa5ee2c682dc8dfca19e1a88733fea073a
w169	65c840d9a9bfc57a5e2000c45d879f962600cb19f28593c25d58ac5cf1e16afb	7fe6cc42b08f2a63e6e919fd55c3d1fd784f4119da473d5188b8a77690a7edec	bd1256b9e794090323b50025b299d03a25049302c3113bea5589243a718ae277	7fab6b8959644884040b1755ba187253bfcb0b8d9961ee228664d86edf816ffa	f36132707eadb9ddbcb6c2e07a88c6d2c3b35b528ef1f3ef16e18ae564d1afd4	c5b255b0a1dcc945b2f220641936dd88f21189806a87e966d79ae6a927610739
w170	a08b936efedf94cebf83d43e031e1a4fe433666015e0d39868a778fa2142c334	f6b4f7bdaab1078a9903e321fd1551b1da0e7c706cf8f5f8e33d4e5306025431	c3f1124a1cabc5cfdaea65e9dc7b9cc4b677149d3a86bb4aac74854668c83d5a	8554d88cd4b05ec908280d039330205c78d0da55114c77594ff1e4ccffc064ed	04dc0f51f254e4e1eab1942ae855ffd097b2631696c0ebd10eb9bacf1262a355	b7601e251bb2ae115b2ae6adb136bee30eda0379817e9260cc219bc76e9897fe
w171	155a3613684cb6fa8ab91cc498fc827814ee98498418a0c89f71eeeae3cad2c8	89af80eff5b302df0a309ce5fc652670a8ff6aab44da13e09e41f12007dcbf3d	ae7cc1f6b6733541b16c29b259491119a1ae551f81ed4141e0fc552042326b48	a32676af0c2701f051d9e4cc32647af49e4c9d277de56e8810e2aa1cd45baadb	d1a402facfebb44134b243661f1692a89cd593917e2545cdb6f5888148771726	e3cabe5884820f64a9d8bae0e10047431b8c8d3838f565086abb09a90a3d7fe5
w172	ccaeb39290fcf3c37cb647955c42710c832f1be15a5f75e410dd2c8687746a5e	97ea16f55fe86282184558a1f87758a7f973be9b523a254ea775b9e5b01d7b16	b3b35c5cccae626110a618858fb994de692e6e3ee12bbeaa9c74d36ce5282275	5e221e8ea2fe8329c94067990be30314637f3316ad14cce711ad84128465a898	2f4073aaa836ba8daa8f28d4ac9b567774a41c524a073c8c587e3a64f6e29d5c	5cfa3860646cc4dd2b3a1b840f3b10818078db72a4cdf8b215acc8e7e22330c3
w173	3bb412994b8209e830a50e8f46e878f19d53f78e21949d61c63a668b498210fa	9c837ba61f68c47830c1e65680fb4714d8c97946f2ec76847ca03a78eb5f7e53	9934c4496ed27bc5308c40363820a6a3130a42e478d440689c7c0f6a00eb0a37	8cdb036e4524c3a310156d0f05c5f8a822665c576f821ff917beebd5010f0230	3cb64bf48da451e2c9a758f0d8fd34c422d0bdbee8a745f37e7df5d8838e84b4	8a812383d4157a95db92bb0ed30ff62af0b2e4b76e352a24025e2d3e17eadedc
w174	32460d5c9930f52018fde5b3d848eea604165400057dbb64faaa96f72c13a96b	c8a7fac0e1232521be36df7c049370fce2ca140586bae77bb2986246a44f4099	10d144cf744bb0c1c96884633d90140a83ebd534a2cba919e02cf47de3956de1	67dfc942b6eb5ee2b2648f9e1b30ee1659bf78eaa4eb8fe57d7e36528e518541	861b2d0b57554f5033e5448c46b61791c1b472b755aaf6c12eb089ccadffd4a2	4c6cf5f50dfc29fb064afdebd3d87465f4b642d9cb6e31733931039d223b3a0c
w175	11064664df343e804268617e84dec5f2f576f94c41ed2394dbd8ae7303f96a9a	dcee0b570f70d021573f48d847f73b7071acb3c743ce2e2ac3b45ec0cc27799f	2104439b3baf2c3ff7d18b7492d13c9940fbbf01543849f80e6b79674583a97e	6cbb7d9f50bb64d79dfda5958213b27a7d2e55ce46ca5700fcd1114402a8605d	8710fd4f688b12f59d99a609379aa75d930260e3607d9f4272fbaa01463a4ffd	133ba9f6a786d756b615051b7dc74f0fd63a059e54f3fa0575a40ba0b3649456
w176	c41c3f49f27241356444cc7167c6ff3df65e00019529cc88ce882eaa8915fcd4	e07aabc65a2fc86bf7e7fce8bc37dfc3b05de5c68b4879cfa70c10d32ccfda35	9ca144a853a130848aeb413d424d514b412881f12f86c5df0dc60ace6faa22e6	b24f48dffc841416b722adbe700a0e916391c056e242eac0c7e32ed7644fd74a	0ae80f151481d03ca20ec4199c296905a1c0de0f62988a4ea6c46641c52d5e98	03cff1db76a0bf3fd4f3d06c43be86ec361df21bfe75702bceaab2534cdce5a7
w177	4f7c118f18b75a5b03c78539980538735dcb30cb6a780f957d229e0e8881046e	7b087ed50877e4406dc2e42ee8c42c0a54865d99adf93b989920bdbd8992d8fd	a54a21e7fc9618bae461df9ecc1096f5706f8bb64de1684f5773e583423cb11c	af4a07cef9d3dc322faf4d46e690dc841adf29507ffcb153ed101b856f35aef2	fe29989603ecdfdf7589287499d65251ede41a0f2fa4b39131173cf574815436	9f0c6aed5fc8978ba8ae9586d535acc9b1ee4bd5ea7332576181dfd6b9a5f535
w178	0c47dbb7a348eb198b0f6f62859d9fda5a61a631441c0ef058129b70ce0543d1	7246bae7c481f8a0bc26f52c2e91521c947b51493a40245f842d6e1017a8608b	f56754ad989cfd2ff5f43b7bf0dc8cfdb85a0aa9107912d24c8d1e3a64c8b55e	987102ba5afcb89d4b438a14078b2fbe420d47330e819a33c69329b22ed287cc	5bc4ac975bc1eb119862b1bc18a05da7e5082ed7d8af7c02b5032e7332b01ab9	0969501aa154ed7fc53defdb983f0e1afa96d41015a9c549c0fd508919ab8adc
w179	a8cd91ee855d062166fcca75ff18ace021c2629eb0a0efbcb3ea36b842103a54	5444f306593c60c69507b0c6f36955c630cbb2868196ef714007d9891ff0c887	688e6955065ce3f4b1e8d5c192d230b4654451d39b4b57a96f36abe78d15597f	d18991e073bea3fb42d87eb1bdd3c230f3e3a8e5955b540f3f113b853d539ddc	121cdd3389b608b7e50c7e3f059744d1a2f26925aef4ec710ec7700dd5f3837e	6b9153bd28a1c57624e4e572b475ab89f7d23635ee3ab3a5f8256577f75b2cf7
w180	584681fc7b78d88a6e9f5a94064d73e46b39b77a263cf9aef8883620d3b2c969	97c6ad2ad9dda129fa7fb2744c5b67d31a82bfa99e3ac9af0383ec4ba3ca8997	51912a7488e156ca395890bb827e13ea0053e3785816b4ad2e0d58c3cf55c3e0	3776ed7f35773e8d503374d8712f26ef23f71afbfa321733eb32ca6ddce70557	aa50a30d666673b9859f570f5167b8d2bbe2eaf6e1df0068f8209c6b7fa7f0d6	07d3543acd83d0e7ed812ad77df20fe46a8f3b5c44211795d1fb9d5bca492ef9
w181	87c0834478eb09ccf9ce138b326cd2c1e49dd3444791937b3ba8706ca4c1ceee	d3eec42fad5001a3c2740a50501434a991842b6a2344b3056262c55efb12e741	e20df4083c025eb01ef8fef5687e232c4b6e2213c4d77391cd91a6893c5b41b7	bc36b8b2a028be644f713b128a6552388960d8f9f58e3b5bce32dfa59ad139f9	3e0a8cea912cb0b54cf65af8a43558dd38829caa0293499b0e6550ee3190e1d1	e78a1bb4b26637bf13664dafd04b8d99616313363803613d1bea59ac1a3ca825
w182	835733e9867647fb9e0e6e4b128ade10e3bec67451b1f51b3b3c426a722226d3	4bce1b53ffb05612f56c49452c7bdc64937c467a4598d54d384410d8865eea8b	d9afc4764ddab66230acd655dc9d5f1aec48bce235e4b977005aaf0e3b3bf9bf	738ac087b430fe9a136d8e5a31dcd4f1b519f18269bf90d49568711e1d919ac5	5791aa588316a616ef608554e120ffd55f00deb04df26197689dbc227d7aa0ca	a7a934698a0a3cac76baa3c6f523e4d3129a5dfc69cc0f56fa0d7d84ba1e9d3e
w183	c629ed4f020e59052de1cdbaf597bcfb1d141505ab2aa719dd23b8d0c55716a4	a4ca4a763967536246de0cff1a2663e6f47077fd3b8f37b551ad1aa29a0e3a3d	85f781b35da31fae6f918662dc46f3f11161dd07efd3f01a350faf889e3fe0dd	bf4a5b3f8f0453b4db58c5474c06732b61373e103db4e7ebb0fa561f64672a88	4ad7eceefde1ff8803b9f7084e2125203808000c9e8961289954ee0c0cd2040d	420d06ed3ac298f0dfd934227e2b1f420ba396b5f044087c350ac8746961b585
w184	729fca0cc8fdd4716e09571217592fafffd3726398deb3bfd2b4d63fabf72e11	f0a4e70c4042b21820835bde4551c67a3f0182f51cd423973d23a073748b0e55	bc5f072ccaadd464f62603991dbda80481f172e7abf81270e3f835b57bab8b70	4e1eb6bd957a600a0430bf30f273141cb694a383c811d94acd7fa1b7c3daaa98	20c4cdec87e5a91494629e2f41f7edcc2e3cb79dd77dacda3e3729ba4e8ecc61	fc7fe1e8d52854036dd0e2f49298b390871489f5ed4abf6d6ebda288a4ea97c5
w185	f46abf45268ac67020b9976eedcb7555fea6a1094abfafe9f250557d5e714d0d	236aec69aeeb759af591c06633db2649d38a43943cf0849228e70af51215bc11	f80a34dac66ab0701efa11ccf0527456fae6d630c972a9586df98c63dbb765dd	6c2d2ac8767130d18fc73f4619663449fd25b768405c2d1530b52fda61634a03	bb4ff5830674675568f761a09f3517ddb64a737db13ad7f7e638c6085e25acee	bb2b1d5794a380eea88f16bf62594abb20eb28261454ddfe93960cdf31b32219
w186	f82fc2e76db92d59e964d318426ba42c1dc7d0478846773cea7b023b38e66dfd	ce58f7880f2d9e0ac66af0fb2f537b29656016a3220729dc8f44d10739ed4490	12d3321d6e7697dd20a07e5f40ec125a5a9a57eb04f31185f3cd3e660fc2bad0	869d1e549252ed17a637687bca785a4450d8f0279c2c8f7684009efda3c35080	1cfd831c2c3e337ab75f2b6dc73493cb3af019a1b244e36a8cb408f679450526	b0b072394db424f29b71f5c79cd85f0afd4bad528d914f745472d60980d31c43
w187	d8cbac891daebc142366e3575290eea33e7a4ac80da92acd338933c5c82e4a31	3258b6c1f81225e936a28e27b3fdb08ba4a0019a3b830c84bd8b4ab5f5d14d91	b1c5fe9ebf575110c5001b665ebfe19df7cb2ed632b68ffe2babfc779ee122f8	1653f5f35cb3ce7d92ac422675c90c0aa57d7017a2e4c138cbdf40e5d2fe4269	3fdf0fbc7ab0bd72c96ba59279f682a3f80959f09ea37756a21259aea9ec8b3b	5d9a44c4938dea042507fe8dab14af53ba6ded89e4be4d456c8d15e99057588e
w188	15ee41c49117959e8e332b008019e5c0cda38e0491fc811f69fe32fbb4e2da48	7f8ffabb7936b5fa2c64212a4064f9e09de701b0c99a324a1ee78efbf57f0f9d	949f79589d30344664feb6f1d2aaf4900fc7204d308dc61b42203bccf0515ac2	48790e8e255315adc6cc83864a61f2ac94c3c3b99a7c7394ce3bb95eb0473a1f	c859217cafdc7bf20b631099b411824afd863feb55cdd65a1945b24c3031e44c	f360716a5014ef47bca7a7e1d0d8a8f5574bf8c869b33ad7837d438161816881
w189	cf540bd806c690db8fd8a641f8c5a94338cc0ef82b47848ea7c926f0e19dc829	93a0fe8df646a87ada5e541516aff164c90db46c8fcaeb06a157a880cbd56fe1	7008818f3fe9895bf9d033dd49202852127b9912b7fe3c76c4c136acdceb3981	3f5a59ab25665e9dba9775c114395707fa846de5a60f6f7a78ad2bf6a10faaf1	c4175fec61cec944f4826712e2f83fc4bc67adc468f1dd13a815c64dfc968aec	45e5220fc017e32a6d6cbfd6a51e294958ac6bf5a619fa83d6b3286b92d2656f
w190	176af40f423b265cd61844dd0f64ecd8a3fe268e25d61094a35f654e66e7fb57	d29849ca7913963946f377f7fa1937c972a2d99081948dabbe68e6d4fb762904	3c19c2798cc9bf644cf337d990d4830bbfad5c423c3aba1c6f42065b8bb8bc98	5098db5b4e4e4f326b0fb9642dcd112bf12e0940842e9ae168ff4f371b0fe566	00ab0573e0ea31c9dcd71171e6066ec08c85b4ad31f053bd814b88cedea08733	4134a4582e9738a0a3712d77be77bf0416c46cbe789e9c9f70cd2ca0f92c5450
w191	afffe9b7faa2e71d2c17bdd9adfdab58119e1351aaae88a00f5af70be7d936d6	054f8772fad1910a3d17bc6d0f45dedda0ccaecb1e88d6894c886c75eff6a8ba	df2bd30b7421849daee6ea08969875556e7c7f68e9cf1276c2b08e37a161636c	559564c5bd7ac61187ee609a3ad0207f437cd3fec45e567bcecf20c1e7c23609	60374628420fafd0cbb8b9b4fedde57eec7e41df22669990b1a3bf2b91d9ab20	24b38528d96d0559b838186632fd35eb8d96867153d6c18ad505887c1a4d7c7c
w192	e6cf31d97d320a4b11ebd5b77495bc656a237ee7b458b9104241bfcd0efc3c29	ba01b09554e5a352ae61861329ebbc8e42eb14a35308eb694b6ce6a443ae0b1b	972a20b84138f926ab34cac1371eeccf46a8148fa1fff9a15bfbba7e9d1a97a1	e47e6d955de0a12b85a8336d186841ec1f99a903d6f2dbd6d46fb60c4e1b7e80	1f2a601db37b3e6d9456f6c9a84bceec78fb546b2285760f8fefae788e1d30ce	5343106711101d7688c8c11d4685748cc74dbe8ad985491df3d4c36fef414a74
w193	7fc396a1a4681d91481fc4466f263577cf766e3d35932916dda3d071b3a96cb2	30b6687927b7453214dbec8e1adbd8b6c5017bc8bc6dc01446402b8b91845a22	e5b531f1154beaa6ab13739dca8ac80b38aeeca68e6888f2428f85aa45cc06dd	79bcdc2366c974fb554bd33cb984eee70ebc07e62580b65be6c730ad45f76119	c8cfb9ab71d3a45daab607b71ada0fc45e01879ecdbc71ca71c2feaccc72ddd4	4ea30ac339abaff3169d9cbccc44378b72104f1f65031367f5c4c1594f5c9133
w194	084b591daf6d179e12032d8eba0a46309832fdfec2e61b58a7a63d18a078506f	8b45e1e6fd014379e1fef71b621c5274b18b78b5344fe7e66d0c47caa6481111	3186129901b2cec14780368f01c1057ad2bf7b080330606065143e8d0372076e	248b6b58ee1a160714c58cfb8192ec822d5f1ccb4cbfd2246a9749d1443967ca	4ee9d350836ae7068934a385d1ec937c5c8778b3bd169e8df49ca4d395757417	a17bce547a99e6b1e3307eefe0e4d517b50f42a7eb785b2831537d9d1f4356e7
w195	9af178d6c66a396ae78359794b55c4a01f7ef4553ea66b199ab9fb9f8b2c282f	fd70cb7fe2b25e930f99e3c10bba92255e54624fbca34cd3777534d6ba8738b3	be7d6ca0750569b0a4fdad7e9dd33b8492f3f0c14ff44b13d4a9cb5b4d764240	9910f49060a5ad8d8dbdc0576d9b1b0595948a38d6e999e9e796655a84c5bb59	7c77c1b61d078cffa602c5be7efaf55213b26ac8c2d3c46cf78ef2cc51540386	34d404221f5c26942eb03dbf5c22e2a7d4b045ae84a1851bbc3123f587796451
w196	f1d9b6c61f2158fc28a3e5d3ab81c41493619607e9551bc6bb0f3cecec8c40ec	9f3d4145515ba3c07f1940c46e04f3831c8188e0f3a5674d7a8c5d0ce3cf0e73	627cf9bebc6ca91a28e3e8a18163b48d4d88754995290263e744d18d2cf30a14	31094cb7cc19c231c65b584cd2e61635da12959db650a2cf822f2868d7476980	840550f223de1d1885f25a3672b1b133faf6968d8554f8527341457bf2eb398c	dde9e05b55756d039c6ef9ca3cf3eb756628d2c3f0e096ab2ba8908bb7fb8d75
w197	bd7ffdecc0b2c9b77ccb98fbc9b4616e7dddab15e91ba3eea745a116f44b7894	4ec5588aec3f2e5da1056d88270d609d761bccbdf44eaf8ffd9c7702bf24ff72	7c5576aa93705329b1c43e95cbfac6badd18ff5e84ddfb5372702cbb42e047b6	5de4e750c3d1b2832aab543c9e15713d74ffdac36d51b12854f60ba0331a3ea4	9a20255d9abc7c73ffb4bd9701ffd2371c083ca15802fbc909983d15384de04b	735094a9f972600c092b9f81237e46789759b23da3b762521a0f79a6d855b9b7
w198	24b56735d555647d95e393a37d1d7d634a7adea0446e59d7778941f477ff6481	bc0caf0c2390d995523a7d72c0e8b799cc2601e3988aca500f3d906d059edf68	650db7475d1c665fa65b50e4e45ef26d7498f605ea7a3a41b33f52d4483e3679	b1b8716039aa82081dd0b9012d4f16324f94af6db564a2889213ff9e4168ba6f	64b1b13eeb0cfb34d9b5e9ecf830ef586fe09a3048b178a84b4c55310e1e3087	08b98dcd5e8b296851d49e4be3266c7856f7a577b435747560b1bad7b620f669
w199	144c74a7aabe0f20de9f25727053132a09def8784a1ff883d3b62ba47f05d327	946e5c282c25b35ba1c5f3edd0d289eb211d1b8f3ce5f53bd09df9ac95a00dc7	ae836863c6065ed83a1dd12ac9d5a8997298dc8b48ce63c56c455b529b0b5458	812eb426cd7d2747f39598cfae5e23981aac8ab8f99e36b2df07a7e2d38e59f2	175367da615beb0ff87d63d7290811d61cc511745c8a9fb6f41da0828e880edc	82d571e652ea3efaa9c17dd4387a9ea43899709746dadfb70b7e8e0bcefe1f01
0	ea7edeb6c0e4160f77a042aa38ea4efd85583c09a2dc45469b4cb8a07f525e6b	c92b580a3eb1dae721545c19690eed95087653fbb13427884209d649672bed07	037ea98affccb4109a9776cf0a102dd4106f43a8e3dbf4c586c4de8803534475	aea92469d45dba47036048ea3217ff40d245e379374e66ac1696242d2ab9e5eb	5f64e8bf7dd8fb406c475a468a586073a53dfc186f0c0890c7306be3f61fb0ca	a0df367e2c4572173c7574f725a561ca6e0c12410e8d5f3180ea2d7f66ae6023
1	2ce8af213d2978deb5c7551d69517e2c2c09c544ca4343b030e8b21646939980	dcfd4fa0d8f06ee3c44239879b1d6e122e30fba17dda8f0b2918a0db8d82d077	6a9f2cbc5b63c6da77252256106dda2a3150003a6c1166fbdf5ceafd0164c084	7920bdc4988eb35a2c5c57ee868fa149c15d586e152f8d1c74caa89ca09fac9d	2e6815cdc1549fc78f953c7f35ead34d0300e423ed261eeb751c19045abb3e12	c7f6d19d8e216d153119df1f4fc3353b53ca8dd5e631d008efee253ef49b66e3
2	fac870ccf779302270e53bff25dd22e73d35317791274f8347c5ed637d70749f	0b75fcd34fd8ad0cdc9b6fc2e912583c4397a9e44bf0b869715794b28634985a	c10f38e8316244f9b02c9bf85cdaf7e3c0bface0bdc8a8ffed6f1e318cacba73	5f0221fe826d453f4847a0526b1721c494811afbab86a9feab1feceff1d94b43	3afad0251d1955f85f039663cb9842c9573e90721ee2ee131a62d1f0bd9994e6	5676c2acd9c73cf4e2b36885bba43d9d0002d963182f4f57cbdb6ae760bb9857
3	3b8dd4bb65f11f2d0eb8d5e1047f3755ce2e57639c4e82142c42ef9daf105b15	6a6c06616a89b8d7af3a6a4c0a626eb3155019424d55f550b26e986237bde37a	d517cf524704c2e9dfd0294135744c35009a1c149bbeb35d09070ecb6b32a564	bfd5244dcb166609f9c83257bd3ee9e5825f10c2f38673586850242511df38a0	6f69f982f1138b90fb7b44b14066410e1a3cfe8137d3b9b20ebc3620cc71cad9	422dd40fb9387fc177ff261f65565b6034e11c0b2df5420f2bfe1b9b79c524c6
4	a48baf658a77e7c7612e8081da5d2788562227a844c6ea2d3f84bb3a7955731b	af07ee437d9571d5a36c43a8e8fee88483ba6d3fafc8b70b099b48da894fa5cb	4b47e1176b5199d3a903b239f5ab602a0ef407fcd617e63214e797f018172b5c	236305d882dd9e8ab852f6526f46a35ee7947468ddacec0f20773132a0dd6e8c	36276ded322c02289e056df23d26769a5cf8f669753a5a2578dd92fa5630b5c5	2ce0d73d7a871e39b33bc462b1326ba5055826b8fd2aaeb2948cac4cf3419953
5	588c2957143418c890952c109de3a34272419fbee21f26665b5559afc1c00c97	5642a0a4c5f9ff9e645481ad63f3d9eb95b8027e048a82811e8474e6715ea9ce	b3d5f96ab700a984f1d61eb91c4a48f0d37b155aa3fe01777fe1ff73f9638a4e	f390f4fbd1fa541bec1da97716f0765f7e0bce553a1b2b278a4897954477401f	cb9c2e2d9a1a909c2c901f97c8b8d7c6350efa992df194453c740594cbe3d260	668ccc8f2c4f075e13f1d6dc6581e2f317b3f33a4fb9ee9cefd57c9c32d23042
6	38f3e9f214d565e37bc694e359503dabd9d47d2f6aea49722652add97eadc340	945b8b9f1b4c1f0eb991b338616f27229c94d3ea21851e9e6e601888bc4a2d9c	d8bd62cae9ce2ff498843f3cf0cbdabe0e455ba8c66cc4e93d5e51c7dc4ebcb9	7ec18750b0383e9ef5aea5408d466c08262768eb4ae463bd099b8072c6987f85	0824f619ff0c2332db1401c1435a4df19862fb9b19acc82d312082cbc9f21ec0	a5bbca59fa42451ef766e396f88f9d01763728056fac1d9f541309a334753736
7	70fb548911641ba3c88366a3336366e1d60c06379803cadc7b4c6304e8505d1d	7f090b705417a4fc21becebf2d93a624f65dc53e91a4388bcf60d6a7fe25c7d0	553cd6364a9ba3e2c1a62dc74e01d91d3776787933148248deb16d3547b16ec1	5df59a212940ba4f2f8bfb22b09346f549cb28f4de29f6140600707aec9895b8	2d4989a72995787477cce1c2b73af19b12619fd9a8273a783ac2d4450dfbbcb2	86afc82cb3cf0db5b2cc2b2ab22fdbc6958fe35066f45d82c539e1b4eb067d2f
8	41e4e79bb701203fefe6354079177ff6cfe960b8010dd1e330215d3b160aeab4	f72a435382e219bf0814fa140754947bc325c1216eef9cbbf6d3d6285a732dbb	1ac4c2158dc1dfb71a61728efb37d07bff8b646b53c84b44d967e7f0e0e16d58	e48bd7cd4cb798b3b46a27e0d7e6822fb2f698126b4d276d026ba37f2c51bc06	d3e979d35e45c3e4a4fd326e9b31dcfd7c40a8db1b0f7c1a449bf77b3e3cb182	ca1e99444fee3004ea6d4dc7741079478df7ee81fb85dcd5cc5d7425bfb0c735
9	29501df1595e0c427363266b9397a5088e5f63650d763cac5a8db3f136195692	1de8ada156fb33c49a9286d66773c9a110bf2d59b78923e8726a17f057013d7d	9f75ec8bb297552515766b9520a3d9fe4eb62da65eaecd794e79a54c0c1aae77	62490442a976d60b97bba675fad273de3e31390af1cd90a9d7062099f58d7ab6	b7d06166da85f08f577e362f139b6b138a3623faf055eecf43d2eb1315a83d26	d961a2105d7ab7a153eceaed76be20293c98e9d8b1646dfb9374b472580bb4ee
10	83bb9118136f76b56ca17b9085d269436354a27e662b8e1b0c16fbcb95d71529	602b4aa9870352210a73267f9f4c97fdd9b39b4d2b9b0bfdd43e81759f4d0271	c4944a23fc29180015f416259dd5c44389a1ff535564bb9fab80ef29ed799b65	5e3005f8bfd88603259522148cd48199715350516c73d81aafa4094e316c5e5d	7571d59b6702f5c31e9c5c14be13eca9a56ed5c3fd8c87a934f867c3202b70f5	27ef26058d80b2860c379e94c6afdad6b6fc2c9fb0c3062e2f9f6ea6cb6a492c
11	b78c3472fa36a76a4a7314c982cbad3673b23f79d95480f302d3206d1d6a164d	c731273f809c1819032a1f94ad323baaf0d5209aa087fa22db4b8f9a01270681	5d66320d9bf875357777512c7475393466a478e124127c73d5f778ceaa717607	02ef72fc5e659bd5c67e58f4202c2badd901600322f75b90b487200bf5e89a00	875ce32a8bfa3caafa051f2749b0bfa75c92a0272f51908ce6ed5eda60b1ef9c	e2807826d0c7e28a49029f1235032e7726f9a29eb94e14dad6471ecbd6ad5c12
12	e622abd3aaf0cd1f86dc824dd642745e4937eb25769021822042902904f1d340	765f65212f7bfee6a36145d1f98107f09e621d796ce670eb7f0876a35343a39d	30d68b00df4e20acd531ae3ab15acee78ac642f3be294dfb7a1778417eb27f90	de5ade574abbd2d8ba8bd24bb4ca1c782c73e583a147c5f53540cdbc1d75a91e	63093ba411e96f0cc33b3350a63de7973bbd8be522970402734a812dd5764334	b0a343c171848f995fd4109cf40f51d207791389661f1dbe4c97331b9a211b2b
13	a448e6e209482824c237f38398dbd14ea6fb4c543b5ef3d7bef3af4b0ac1ecfe	04baa55dead71a4c872c75cac2eed08a49f40fc215124338eadf85800ba562b6	64c1060d3bf51ec280d0f14ecb31c9a932f8c83db41695d4aba590ee5de01af5	09e220a200036dc6772630906f760276c9f7bd66227eb0967e4e57cbb10c6098	9cb055478f968a9e200bda15f112c8223378243dfbae242b925541f94e63f1cc	32a266908cc3328e76280e61d29227b84328c6689a0d78e7fafbbaf5970c190a
14	9206558adcfb1b16c40751923bbcccdacb13dba64b6796a0cffda9890bae2ff1	fa394033324decaec0d39dde9ceb8e7507c4c78b1bfceb2f183b92e2dee2719b	ec5c3e7c992d1add7dbdc848f9d3630cc08a033dff8c0a83e04868074fc7fe6c	c2fc99e0c4b0d2b96ce22b9ea4b2a85840d0f8f9ebf0237af47f72703e7ec6bd	74ad422aee1eb02d2b1f516f7078351e9f85c2f58e0b80d25212c7b873488cea	4b3ffbfe81a71ac1edeaf3c7567c2ad275a677817cb3a4889331c0f6e4f5a9f4
15	666da467c094db59e1498484322da729e8c5c5d563396b8ce9e53112b094928b	f8496267f330a1b89effa5bcd4a7853fc9065522f4bbd3568fd11f6263ec6947	4413e9cceafb422a38910f69c1c65f2971c41a5ee53ecdb9bc007e3feb2233fb	fd93b4772a62a898f4f249809b2269bd600e00472c9e0d119f13a478c2ab5c26	d36dea843a10514efb1ab412475c5bffe70abbaf4b70d226b2bf207fe4465e6b	1b684737d3e56f449ae881c662b45062e113d837bf31d50cd3fd579e6ac281c8
16	00a7fc3713ec23351c297b062ac5e0e1d7e23a4587f6a6a99904caf4674940b0	aca2eca0c37469514b31d8aa5cb6fed589488ada2f6900101e08d3e23d38e78f	68e1be28f06d04e4b47906b9bcf7d1d14a0d3e9cb8b8fee89886a0d70104dbc8	e4aa1283accd659ad5d550a25ab37987fe9f6f93eee50184ed7806d62ea2f0e9	393eabce9c7b5a8ff8318f9c0fa21d1a9cef8d6a1b914fc1cb40e601de8ad133	77cdf60b67abd4ad013af346e4fbd244f49dd8f697e43365fc49390f2f8ec31c
17	ff098ec8d42b2b3708eeed3ab600c44a41bc640424822a818e50c8460f5087f7	10488f2f4bd146c96edcef29f071e2c82cb821a15ea93aef81bd829c3e76fe1f	da5a376506c9880ec80a164a39b49101644590d23e07b2997275291ec172fb8e	d7b5865232a472522319a7744132cb22fb20aaba39b55553c226f5a9493694d3	b2623ded7f1283b1216ef94f4902d009184b6442b8fd4c9a12fc6afa131c92f7	c31c37e69b0a4dd64ab905724249cd1f502ef31f1b27b3eb5f24ce8429fefe5b
18	a2f6e22d933c13b472e4785972f6adbab24290350cbd768a0624a9eda5e4da98	a0db5d2631ed8bced98bffd832bc07b88a33a2cf41d49c0224794ab16c4dbbb8	576dd5a01fadfe5e4f5624568dee1d17cae7a4f1ab37a78f04377b120c71edce	8a7a3cc7c5edd9001e3dec212a25ee35761616ba1048dc0019938ac45356339a	dde81dc0f489793e0d0a7adc40bd342394dfc40fe9ec79f8ce696bba88ffb432	722630dd76d70458699271959c3977cca985d2e2e008108b31ba7a5b585af5c8
19	7d5e475dd0ebba502b2842d85948ecf434d1797d283a99a7f55452fe9a65c5f0	b0b1523f9f4f20dfa3747610067a131896532f44b2ea237a64894e8de08eeaa6	a23c16e804b8ea82046ffca64dc308257e4abde9328b9919a99fea03a0afb599	cd3a0ce18d16e8891efe0d4e66e600199aa7ff147838b79a7631fba5f57363b9	62c5761ccd745815c35f020b6397abac5a7c2587ef52c798776bb7605b222834	656f9456c03182710af869fdafd6d64e7b4af55527773a9e7ea5bbf6fd1ce30e
20	008b2c3eb88c4cf915e451fa7712ee9aca21664196775efbf4716b1e2bcf6b9f	5bca2dc250fefedb541ca7219784634d31cf5af3e434c88b6bc8a3f4cacad074	77077688d075d1c26bfd5967b0a3e6ee92c6c2e66620fb505b4939b19199ab47	8472ac9d9a3d67700f32de7d9c9f7b72579a31bf761860e02e35b720595734dc	0942611460c235acd1b163672e248a3ad49999024fd268050e8745667186a17b	c86541d7f249cd6998e061ca037922b9feb6bd7c985db8f71cd35f9be4d6513b
21	15fe361e9716909b1a74b31fe548ccc128c7ed18af98f7498541561b52a1e2cc	cce8af7c547c260b6c2ff5525e20606054593e3a2a7fa72a679133b781aeb8cc	925ec43cebe6689ab2873d41867d91bbc4fff3b03307834a24f005500bb3ae67	b339192a357ff957f1cde8826b1f2febbb0c18f70c665162c6416fa7f42c298c	d41d11703168178a9b5631f875aa0f6f85bd675165f35bf0a1cd7a62dbcd156a	83512cf2f6766f070485594a424a4b03e64303c68d6ddd027bb8e7104319619e
22	2f21bb24650055078de7d3f018d7721cf89e11849f036a799f205b80167fc16d	2941c1ae2989fe6a13a15844465dec77886550f1f6ee679756e10d308ae48241	767445401835f61001783a7ab03335ecc5949b40bb879a37c1f3ee0affc06227	9f23df346243bb385e3e29e5270ea76508a79b133a2fa3b43d513fe039525f76	4046c616266e09c5c096f7a5453bc5cc8041926611d22c7c1adaba73b7ee53e1	0b5ae87ad98f5bb5782e5b5fea314abd26e1568136bf8f7adcc01d234faaef4c
23	c49cf8168015afd5f86535c8750909596e1e6b6c4957cf7aadf45414106aa66a	37fe22944aa55cb3a6cb63fc4fd887b7fc9fa81b9db31fdfa9fd45b2006d5c4b	20d7b34c4f6c2fc2bda30455556b3c4ea7f7ac6714e4f50cba3c17893d1e5dca	f65bf25a0b32f9afa52059b16f7716b7126f58ae37f61275aa8024a0db4c8cff	8a5ef6269db970ced8793ef2f9f9c571dbaba7b03a7a977b142b3321a1c796c6	e88c3974bf49383e5beb59d17219f4c8b4e2b3e486db1ec97984fe8d467b2a9b
24	90c7bfe640e848f13a92ccbd02bafdc544b1cdb9e125b5331ca2ab606f11e2f5	f5d177566ae5a2ce546cdc4382dd2cb7466269fbb095eec5b83e84a632fd58a6	30f9b9646b2087603779abb71d2d83c970040464dec65005eeb67cc553b79d76	f8ab7136d315e188e31a0a376479ea035d09a1ca53e516588c40579df976356f	eeb294236121c13f678d7841277f3406a3cfe8475d8a1141d5c7f01b0df88eab	014a5a868736f4075cc3ba17284fc6da9574129ccea77b0e8e38d5abf64fa598
25	3c3a31fded1c4e32d1a4df497f98d2eeb2ff1c2c443f21dea8ab0ee431e307d2	2d45b4e380075606dc87e06cc8c317174a8f1055e8ac7a7474ec79d38961ee45	d12545527108757d6c8fcd0b28a19218da0fd195c59f389722f1ac7215d39fb1	bff23c453f6dfe879b97a0b87e0d99a032e015a90f0701417bcc4c4f24b437a3	6057c1df99479106ffff6e1c2fb3ca92d7e1b60523ac30a9aba0c4b19f19e47c	47de1e5a70aba16f5a940a2a94d6facc6044085eebdff271f01d5bebbc018b35
26	7d1be6b9dd8217374a836c53ffd6303186257abe0480ac925e74271b7657238b	d2260e8f13bf05eb2449b5a710a4c3eb149e61088176c557f58a71af4d41d044	04ba93696aac0bf4539cd37181dc730032e853f2c7f6cb4a0424c4d78c2672da	0e650748820a371ca71d7adbc7545f1f4dc6e346349fe922f79dccf0bb09a1b7	268d739371d954b2d70137cfc4352758b79d068b949cbf6908b04f5463961787	1e5f0e2ccdfcc312263dfc3781a7bc6c1d6cdf72c5d170547ce2f5d5f05248a7
27	202b17f0dd249cce2272427d4c6b04b14c55ec30ce41ee6206e9cf0017826f8f	aa41bb0fcc615ff300e269e2605430f326c399aa1fbc00b7f2062f77c8425fa7	e699561d4e2c42490e169ad4fc0d30e114ffb8e903bbaf0217b7b39e9a8a1f93	fb8edb54206249bb73a7e2675916e474fdd51db0dea6a3c9c36ecb1c94e303a3	2f220548fa3b1466ff1da8ea4b7512de4adaee5cd74e6fee97b5421d26393a10	ef18277f2680adee5d751e9503adbfb66c74823819343b4495ec6cd60e2afc07
28	cad3f3b24d76310c31562d369d09056888382a22bfe4e0faa132f9cbdbaa7563	c9cd4bf5cbd7e309573eb70181b1715d5f40737ee77cb109c0712c1fa16d6dc8	de540953fe95d440563c5df86d21e789905ea4ced85c831a50fb0a5c50e8d5ad	ccf3de2ff58c7040bbbf39cf7d7704517854dcb62da0142b5634183701440336	14e674911119346cf4c6735137a415981846ac246f9d573f5e54266a61b6ec6e	f2d3d175790f28e0c000f54a3352b6f5509b99392791fe68627c8ff34daa5f50
29	f4bd4b833b234557d631958263ca5c90c474480db015bed0c158a576ac4bfc5b	b6f1e05f619a8a3c6aef4b536f4ff53534403ad1c8bf4d256d59e41bc2bd29f9	91630d5788ad72b61ceaf6fcb3345b3280215148c7448dd26763b9d4221a841c	33264af11b83c0324d190d2553035625b0eb8e43d17280792bee7d1c3f4c216e	5b41529d2b2f79c89d8edd131dcd4ed88773136b85c737e44cdf8c04b2848295	8d7ca7b63a5a31cbf0133793c8ece8b8b2a533bc2d8aa306531172f4325fca54
30	226c2107860cc9e52ed104c6dfeae1c258353434767bfc31f3291f122cae0755	09f9f931d8da4d9f43d3501e7a7d00511a3944076e5c811ba39002536c7f379f	80307541c4483b3904d813e15e9d902b7e82933ef63f13814cc56975a078b904	a3ce961ff22dcf9789ac8ea493617c1990158ed130f969cb6a639d65bfac1c28	e4420282da9d6d3afae0b594dd669f3b76e754e7e37da4b3e707f03f2f6a93d6	9d3fd2f277021fd53415a54f4c7a9140cab3b66bdc1622ba2dbc966656404e63
31	9daddf1a535e80045ed51cbb2e06edd41f36de45b64aa36b110fbcf9be9aefed	d01a4398e82ef1381d10c33951d03908d59818eb220cf9f1b86ec2f89455823c	0987d9b1f47a6e5766da555ab2f8f7418b74fb1d04150f1fc687942f364261ce	655452cabb53e2fe37f7c72573edbade3abc7df9dd3d35d795970124da757d2e	776772ce7b63893e06ba2636efc6ac910923a691dfdf52c11fe8c744033b1d66	734f7de953d435f15bbc5a41941e7897447b8e34ebb417e2496a978c7579d513
32	62710919aed003ce981db4eb30e8c6baf93fcde41d431e58170d35e1cea1d5c7	d3b7084818ac73f2bd4d064ed0a7bdd2622877865dfe6baa13a1baa2e6454b8e	f3dc95af68a688730b8324392cffeef6b6b3a19a923d55210e7877d784e2cfe9	c720135ee482b1cc6703ef04feac075f3613adeec80eed87397a3d0cced5dd18	50f5d2a4cd67244f5a5d9420ef65795acdf8640ebc868e36ae1a7e7fdf0e5e65	50f9e40ccda22d480c2a81d3c0b9c449630f793c7a04696cb95cbe0b5c02408d
33	a604b44203270492ad90de979f929837c45d96887b9f0e2a78e12cbf84989dd4	5086903c2169971c7be57001dbb5642dd1e728b40c174dfa93530811f5ebc75c	a54c872ab56d694d8f32ec5c80908e99d724cb32dca9cee54b636f9a6a11b97f	3f19065b02170626eabc978e7d554d9dc9b978026fe91de7c924a3a0da195a56	392baae47f91cc9113c72adb45b6f171f1414bbfbb88c87316e74230af74166e	15447ee7a0136f18a70a74e1078eed68c916e1dbf67769674425cd85c22e0266
34	e613a761befc9602216170e6c53fcb41dc3b7552aa93d6e060721e24415ae9aa	476a737ca8946e3f26efbf903d3443c45843a65eb3144d4636b482d76fd895a7	05e52e9d29fe0d71ce5fde5aadebad68d5577fbad313ef03488b8044fdca1a07	75c41e4761f3504d71ac74c0e85f70702f28ecf701dc5f41a13cf93cd7449dc2	69a587a63113cd66d8b3b106191fe3aecdd02d611b3bf156ca52db78776bf0dc	8970c7e7bf47112b626c9f9e17f48ffa3bff332923df65ad4ba616b99fb6aa1c
35	3718bafdfb8f828ab6e150d48814aec8e1bda1dab87cbf38b48f949ed668080c	927af75af2b7f4672ff86fa55b65fa9737ad9a75ebc6894b826fe975ab0d2766	60c62d74432698f70d07f1b082d407141fdae8853299adbe258b139a6357a11e	30b78574e9220bc130ae0fe0e6c1f21c3920ed2c5c4b003a416540105112c32e	80ed445487626a60fb9de8222f824bbf2a67e6eb907b2b3c152361234e9d299d	f46fa2645b571540561bb4f1809c5cc7a411f20388c7885afd64b73f06d920be
36	ce0bd786257c84aeb050c50bc8ea6caee3b2cc159775cc7295c85df0d99524a5	439d4481288db796ce813388d333af7f690eaed7c218d3956f855e20b07e92fe	5d16706edbfeb9ee7bd7229d1cc7217ad785de941ff14838ba4eeaab51aabf41	65f37c4f2b525850c4cd4a48c1765f1b83e7c596a6d51aaf2b419ab6fcbb6a5a	a314890b0177212c645511d2d631f1aa628af62d973f8d568b531052f2a960f9	7b779c30480071ed23e7b4cdb33fcef173d88538760de805e7f44d74f5593a5b
37	d7e9cacb8afe31826e384d177b3a73bf185bf1b8fb12ed80b222182879820291	81359722fa77000957722a71d8bacbce5681798f811ae595a96c8481201567e9	7ed1c5a2246db48e5d09721ce5287d09187970fa0f6aee41ece2fb148e4b8cb7	39d37d8405a0b18f9ebf14e65cd3b3f09bd51baef8ed2fdf7da243220c3de957	be124400452694e7a2a14edcb9405c7dbbf9e7b8ac0e695fd80adc84d473cf18	5ac035c46fab797516a3686486aa8920b1dd18ccdc6a7162c01c42d88b262150
38	8906412012d9b1b52e83bcd3d4af89fa68c2079798c5739d235be71da971f07c	8e5b13bc93ae69d5ea811906591441185648592404ff63736bfee1177776d546	59982bc2aea50b558dac378fe66cbb8a9bc65c9e37361348aa7e53e86dcaaece	e4c1bd482b415dc55afe34ae6b0ae7f9cb2d96d313b4734950f8d0d29ff05ff7	07c99c39ad137575201c1976e87f3902ca3128b2d15e450ab3581f75651f2549	beb869ca3df02d6971f3337444c54474ac612ef2e483e7f59e3f1fbbba030236
39	4eb52b859d8dcb7aabbb37a49205915392c9a0e3bcf7ed147b295406f9d779ab	2eac7d33ce820c65962a5759c5540f0cf7cbf35c7b3fe15eba6324b7d95a9fa7	7b00d3ca31c1efa901157559938fccdc52f1ab0d2fb3add79b78fb38af7bcc68	348f217899afe5d3cd87e2c7e161747fa77e81b2d0a1c78f84185bb29e9164a4	5e7b32b7858c36f676c05fd143698fb71cc393fe1a747a558847caebcd73f331	e7ff7687efb6020b6b28b6f69ce5c175edad45910533a9e784413b37601dd030
40	14598f9513279a551cd9fa09962162bdab42511fef0efc614fc4490826870fc4	04810fafdde07a7ba8d61959da683d0b1de7dcb017d0e71c0d1003dd4390addf	1ce33150523b59f086c7f7de37828c9679a24ad2e9a7c76f784a6d3b7c6f65a2	18a8ebd853ebf4910507fa660dc29c7a676b1f64018dadf571eaef681c8f552b	d2fd9e0d11539a34f162f529fd54a4b425a1a176eb3c66af478edd7db59ac0bb	4c272fc130c68ac19651131dc6cc6cd038e145c70637c37de9393782b68b6528
41	de72905135409e28b0f933c41b2651edb8daa9447c6d70673287693681073112	32dd3f2dc8716c46d7c19611ffadd5db807555259d0f1ee14198b2b979600670	25255dbb25af7f519b6beeb652c45b64bdd61b69f0f442d06d3801505016a946	4d4d50c56878125ab688ecca7801908401a1c18fcb5a3e99814aebb4e3967653	fbaf8807dee2cc85a07de5a2a15c2ea553968c5e6c69c85689a426c794e515f5	4c093fbbb65df7460a35b75b51b0f2f44b5b7360542234820fdf159243b9be61
42	e4f163aa7a2961db14be6c6c3bcfb6cff01c091abe8584d8c00607a832954b0f	1bd1805db04c062a242026a925edaa40cccdb0789d6e35fc48e03e07854ffafe	11f10e52a89c7b22ba79fa89d8aa66ee5ea09abe842af5c3ea26015a7859f99f	00896c3acebe3135bab988e8a8071f4de39a46d96bcccfd8e2f72706affb4159	0fb7c217246952ee183ac484b4aa63e9141d57abacd3adbd22dcba5703b19231	a4cca4316d02669fc7aadaaf2645912c87a210312d6116a96131297ce4e89827
43	9fbd7e3c37fdef27637320aa7a2424c021fd52a6d8da68885408a575f6327426	6285f99321a48eacd5e13fcde7c45598591c78aa528621b9a10816bb20879d61	e48212bf7c00cf8c0de2fecf429e61d097c53b7ada4ed738fa5e25c8aeede9ba	08ba245d3e5ba646a37cf13811f159856367668b2fe3b9028f19d586493043d6	23f31c96b40f0ee4bbb0982b0bde47fca7c728280143ccc34fd4b9ba87761767	258c56373da4f2295523aa90ca32dc4d1a122b7ef9ce35a9e33fe2129d7e3cf7
44	18d3935d6ae59cf0a62c6f6d370f715c082d35d4046c7b1c2db13804638909c6	d327cf911df889ebc94b05d9f32cc0a09de1fd83c80ab760e9e6cc4cf893ef83	0e54cd3ffd26093b4247b52527695fb67078d77184df9aa8eb63628c122660d2	3cdae74ae5dc00f4ef9ebbc806add31ab12a1fdbc32e7fe28de241a0b6da4291	eee6f780fc00bb394353577f25f9210d0e4651cce59dd70b9e76e6d44aa81c65	7e26323efc109c8b7ab68ab87e8e5f555683db3d024cd0fa1ceafb16387961a7
45	45c9edcc0497c8c0cdbda38efe1544b207a0939d48d64469b5f97f32ae58a930	f7133cd6cf7143c53612b5b07e3d7a6fedf6a428e590a9a4715dc811f89b71ee	21436bfc4cba262d2e002b5c864e6712a9eb63dd50eac388ced3b5029819ee81	a4c903585f2ae7de417c42e291236b604e7d170f95d99fe9156aa2845ed35d4e	dee4174760a5b6bde40f42f47a612eb7ffb5f906b158413ff1d029b6b5948987	1dc6b60d425b0d1f1b2af4b6677bf6b7c7bddf4c0aef6176f4f010e28bab6c2b
46	c80e4d80d96174adca524cdc1711a4413b3729874ce73b76a8d4473b8d680e1f	5a4cc9cfe5727554016fda30e39b183d9c602a494f69246687e2b6e3d45a9044	095e56fc438402710ec5b983e7d0aa1110f2d0a8a2407a1c778a687673060ffe	ef678465271981d7126202ac260c79dc68b1f667ee5c855be0c4cc6dc98fe12e	10345335e710b099b8ac1f0980f9e722dba165557c17cbac4411f2c3d1afda80	123f6026bc357eb82457d45069ffcb8d0e222b5130e6befbb203182b47832009
47	bb3e99ded1b145da5238d6f15c741ae2beb649a7bfd989025922b85727f37604	190c0a9a8d006d227be0260ceba130bb95ab68bf4616deea12fc005e919cfa8f	1b12a9ea1a30efcbe04900a2051b4aa0b2e06b29ffa9e5997cecb0ab9409e8f7	cf0cb246d71f1dfd2dcb740c36b4fa6c090c6a93dfc3bd4a0085d58581df3e07	949514394380ffa7147fb5c49862988abed25f119e4cf1bb81161022290438d0	4c8abe0399d185900c347a935277cdd2d633390a205b757b12a029de2b91a2ba
48	466c79d0d5ccb8ba92eaa07f9fb0850ed99d84d87ecbeb90489c91b6c3f3eb31	a0c4cac800997778cd84502a1123bff5953b7c72f8c9df69fdb9fe4cf859a24a	15f280cb6d8861b95799bc5dfd09de761357b8353a5175e538f55f843b046305	aaa7680540a3bb2c9cd7d1147264e5aa7d98e70d5e9eb787e8f5914b24f0fefa	4c7e63fd2ef14c3c69c14b6c0a15f33dd1ce2d16744369cf319d702c124e34e6	5a024e780e15ab09023ceae804af68649dcd58a7d59a92cd86cf682d6cc62c06
49	eefc32d3b58269cf007dfc3c58bf6f925e9c00d2cdce5b9a9c5f93cf9f2d2619	1cc476d50ed35e78b88030c956c34c4a69b1485fc09c32ae7e38a896f941b706	9ea212bbbcff25fbe47b5def4999a76f92cb2a744cb095793470955d24743965	74dabce9cc701d36f745ffa46bfa70fdc73f101bdf77afea2bf8290635592c7a	d8a26ff63cba4b14ec6c9dd2f89eb7d71cfbbf76e9ddabe208b97518615a5a4b	de6f59dbdeb2f6863cbe61358f9b1bfa1e11f753572d122a103fd415e34e9d28
50	27a0dbe574b488d044191d66994587dc2dc1511773be896e44c49fdf41ca57ba	38e3f5e43bc84edb0ca6c6a85e8262e38a42421fcd5b32e43349d786fe1ff01a	37093f3e8a9e266981ec88cc2c5e437e27b6a208ec2bb6de88bb63feb5633347	a3590748da07a519f27a5abc4fd6c7094e535609c587debdadcadf95664c76ca	a9c4eaab645ce290b0b2702e6406fcd7d818567066584504d445dd71a369dce2	595588b72ca92e99cca49a7ce6e288e6bf4c228618115d359919c1cd24ca1ba2
51	6198bc4950ad1703701a1d8366cac12f1497c64c7948412d96e4003d32f9cd48	959257a644e01e25094a85810d0d3fe30fd06318a464d852816fee0595f7b1fb	0cf4ffb11c84895dc6b3508e27e46a64121b4e0d23027fccdd58f087c0550826	9bae27c326de2c917cc44f67edf1e8ac82af906b2242f4d21d259048b68876a4	51c896d01b74fe6cdc555817b26b472c22ed2cae4ce7fd4d9409450a57ef05d4	bef96ee1319693e761e5711ba2e4238903ae7be000e8243d3cf8c5595b9c41d9
52	91bfcd3dc6987e33101cb151255db532b54c8572ddfe9ee35d374d6ded5efd36	91f2a6df15d3a75fd34f448b1d716aa5eb22dd87f0b899beb76124e412b9fbb0	25388a87ee9ea2d3bd1a6800916e7ad71a45f2206203458ae2ed770a4978b512	900cc10317fd0c7e28b2512859075aac84dc9283e6b86902426a69e6a908a4d1	f3001d8684ae998bf4461d8ce8e32ea6797c4390bc12d6fc76083d430f2adecf	f8b4784b30bc66d8c2848c8dd4d96689a7f06d2df35b0deecded90c759d5fcfe
53	dae73c2745d73aa042fff33b56d8b33c9269e104a4ae7021232fcb605f2dd3f4	d8da2ca245180f766821c5baa14f46126ab32cbfd9e0910eabc6ec3c6e54a1cb	08dbaa94ebf80f3b270276a671ca0f8a150ecdb047afadf4046cc838b8f21050	82f11db6bbde30ca98a349a120c70e9bb9e2b888f8a60c21e1fd63bcd93bd4b8	5df476f202d255fbe6978db497626515529c1706fe5b6673be522103817828ba	d4dc0b9a5354f8abb837161a05d4d00bfbbdd6282a042320f76932fdeb3735fa
54	5a1f6c8315f5169088ad03bb17cde249b3c8b3d7d1e3900eeb99dc79fffe46f3	e2faf0373e93dcd13384442c53979cd9f91a6e9f7665906c11bdf6320f25bab5	75ece33c75271827b9c3da4b87440383b506a74b972cfdafca4084c3392940ad	2b1953a1bb5c37504c52471a5409ddeaa4d7d383563d5f2e7a4b069d662249eb	5e75394d1ddfc58a1b7997a9aa5ca5aa25b6f71cc58c985f1a8403102fd96552	9a2d00d570ae86994b09aa82c31f4d5cb678acc583d8e104e8bf2a14aafa6f62
55	29d7fbb9214ff95dd0a6b02672a642d7834f0f9029c417850349dc4e6babd10e	422dfd754c27a0664922f9221aad03d0b8add9ea2c352dc59abdee83227016e0	1205c9e9c315a7d3141dc30f03287e539428269e05299104b5618f5473e755ae	1e665973d8fbcfd9d1a602fd19a9953e4b09a7ad02e9580948d8b5bd045ae0fb	fbf13188d395f68a37d4e5f1b9eeac395e5d4e8cf193521171fc8f567ce0d994	b16609b8174a64aad4bda242dc3a2f2788920e4d8a91119d11c9b165acaceae4
56	b7f8740b02331ba290d5efeb69485457045269144eacb0add61f2be5782540f4	ef3cc760d073eb5b85a0c71c925bd4ff2dc3c0e39688ec1d45485f4a0fc661e9	f2c76333465ae9ff889475c8c173774953d01ef2d589aa2a9152b53d0d58bd84	22d4740bed41bb3808451b1a9a1057b02d35e3eaaec7b313f287d14e1f79e988	8ed6accede6425a5d4a90860430bfafd328ec435a2c80e20a303eedf04a1bd92	b8778258466784ec6ad040bb89b9f33771e207e2e9857f2566b5e617684bf7c2
57	fe216d9c6fb4b0d5585fead646f6e126e01267b6c6f22067fbffdca18a753ea6	13982ab63664920644f33f37d2869cf85c8da6f8bef6f9eaa91125df34a38d77	c85c4ade535bb566d00f8c735d72ffd6e071886eb85bbe7a7a72dbeb8caa967b	2cdca40f53038ce7a12741291783d1752591871d80be9ad050c45df3b716443d	30c003835002a8d2462598ab1bc3bf5276821c4f44a003ee725df3f9db72a81a	652e729536952960c3a9a058142b77829ca4551cc37f618f41a7663b68bbff73
58	ac3477251c48210dcebc4eab9f27283fc1a20a8e2e65e2024405adf0d04bc163	ffb2116ffb1ded74694dad86faa56fbfcd848390b775c5318ec533fb24fdbf0b	d31e1036ab9faa7c281f350f0f09599a0ab4c65314f8c5a5f21e6cb71c618240	18a568dfc443b25387eb9d7b58b5a6fd35e55f884f0ed9edd26255a5c9f0f9ec	96b6f764edd881b433b779a6837734b5ff501230fde48fc5f953b0dd879dd34b	3d5b5ca60be97e55073d229f7dca1562c0697ad51cd40794f0b0234593aba25e
59	38eb305d2c3ff4c3df29c8fe7d02e7d3172d0f7e74162a276bda109a09d6d9eb	fb4fb7449cc9604d8460a755b51c92dec428965fc8cac1f95b94b945c13b4cde	d02d121e673389a9eca6d5bd7405a5419d484df272a330db167b1de4db5242de	3315a65621c7ccb39d7f87707f5770a40a9dea866146b7c69c09e982f8910126	676d0b2db5f17c7754992ddc4217bb8353f4bea927a315e73f1b4c6361201271	a49ada70d6b01713585264c622e7914ccc0bbc9a7c79968a7f22957f1c2b502f
60	b7e2c7b40e241972abf7e0a796f4194244014efd307b35e04aca026d7ec78b72	5a63cc5a7839785b49958bb57bfcc424a5aebfb7f8b5e493b33093d68ad4336e	27f71b5999ded44f43d12c9dab2ee087afb33b51933afff1ebd73129fd3547d8	4baa4bf3bf8d52becee6e62711222e95f6e0810797a433617df778d8ef4edf27	67778dc6f07a35eaaab7eec32d34cba773aa963cddb4dcd0c55bc1f017f96fc4	4066e45cad80a8e2b78afb6c7e87a14704607323a889b13ff082565433dfecd8
61	7d8e25229557523bb7e352705058be80de5bb380067427df0d8cc88053618f1a	591502d66a8bfe74b1d0fd9684cbed2c9722168c5eeffc419964a265c5251a12	3637f6f9fb7118096a2188888e19c23b1f633da13d668623112862ed4cbcca8b	b290b77eb658f8b10721345706359d361fac630a33daae847b506e4371eb6b83	64ab919fd79d1cd4a8ba74b88e47ebfc099b8b9a01861c52805b8053e279cbee	cfe0cc5a032dade961679043fb90737c1d150d141ac13db572541d3230a2cfa5
62	928f71b6cdd5d4f186bcb2c2b370ef5839bc6b09efc54390d52d8d9adbdc69b5	f86bd4cb8f6805a29ea275cda84eb21702eed43a9bee6c7b0c01dcf7d9453c29	d763b2da84fb56558ff5230d4d7c1cf1836857c702ca1e7f962036f960ad802b	e4964cdae6150565d2095601e40c7cb47bc592c3ef49f846d0b6c6fe365f9809	1799cbd1ebe76e368e5e219f1c0db3bb933fddf85d936de15af28e37c09d2a50	8bfe624de0e744afe26847997313f7634781dab30635b69ce3d374e72fb53d3b
63	d4ec8a6b0d5cd2819b16fd1667d6cc671071b1ca5b63da5312df13d8aa5df391	fb168449a6afd2d7e58b65b75d4bfeae353cf33b380570b6f7ba496bfdae852c	b8f8d604bbc2a4ae68931f4026cdd33ac6d327e4e9ca427527c38551e8451327	41df7bd2454398fd511a7e975d580f063aaaa0b13ce765c7ab8fb1195199d871	77eef250026df942c6ab1e024c0273725bed85da2d98713e90f50463fd097ffc	3215399383eceae7fd65d3e5283026a7c897c987729283f738db97163d62ba48
64	cf3fbcf193e02fae53f98e53262c36396778da2a41c931e5f5341b2d4ea92f81	d70841795db04b0eaa388116d70ab4b66a4cacb50877a4debaaf015fd53ba6d0	061c29ed45cec13e3abeebb6b823634dd735a7bd5c01e5c5121327e498dc4361	404836bd870232ddc7d5c04eb039bc9a197fb41980df1d2f10634c2bf800da42	1fbab73df7b6ebb8ad65c6ab1241e278620b4d03f8976ca8144f0eb1e0e7941b	7b748ccbfd06bc34dd8be2219d89bc9855a4db431a44518923916d94e96493ee
65	efaf6985c15412275d84f8afd146c8b977cf2bf483260d72d377177628933ce6	a2fc47ad9a4a1a4e5459a7ec525c388f54117121eb1eb99a28012cd2cffaa80b	1bae12c239b253fe7f2ce7c7f987864143bf341f68bd35dd4f52dffd172669c9	a08236bdba43af57ae10ea2515130d6a45e49fb5127a386571238b6eeb8668bd	6729473ac5757fd765d45df13c9d9947c6146ef3a6593283be444dd25a172297	3b47c62acdb7b86cdf2aff6233faff522d0ad4fdf428ba24a86102d6f6746a4f
66	b29d52c4449c8b2c92fd5206fe82b88980f83c00585f5b6a50d5d057d9687268	53923fbabc4b054ce8acdcc7a3dd6bcc719639216474e0563c013f85e2b7c2f3	6c7d217c1d2aa45ce5de321b3d56687f96da4dea39bc60774b91feb1a7118683	2e270ec5621acebedd5e35a6c8900a1a616633b5cb68da12dd96aff72f736477	015ee33aabee37d09edfd4f02088d8b5987e7b5841d6fd6205ba82354383b839	bedf9838e2e4d451c44d68c3e157167f404327a19bd99087ac241ba60db756a6
67	e2cb46c1890bdf42f0607cf8cae0d915611b811828bc9bdff5031d9dd873457d	e4b7ca907415082dfafa23b1dd1f70968bd42ee416135274b3b0f5bbc6b11fb9	d28f99ec71fe2a8cc4a0d583e5dabe824c0badcf6b4bca8e33285c5ad6d77b13	277f84a604199b430d0bc4341de18f5fb462013f333c07d967d9561b8d8ec8fb	1989d7c186efbf60eb786cdc924157aab608855f42d70659e564b4149fc7fc49	3a3975b5b4326100fbb104c8b84f2fedee7f2d94069674684b9cad1c81d8d9b1
68	c1729eef0205406692c891c27ce734aa1fa1784e869c4a66c254fdc3e8e700b2	6916a98e5cf43d6aae93c290cab65429fae5cf5404323cc977bd0d5526369888	4dbf2a50e04e359ff2d4f629412d1a222ddf65a8f3e993d31055aaac341e1a3b	5e8b86e453b710ceec42e6f55c29ab6681d876f19dd3e5728b4afeea355481d5	474479b734c91b8edc2fbf46a67fd940df91bae3bb836772bac116883d6fe092	3b15bf9b476321c655e6e3e43ad04406869a233b6a169ddb257902cdb3db5ee9
69	514968f5ad3cc64bd19e89a1ceb565986baf1ce1767632793cc6aec51d945453	b4c51ec05970e00bccb8847f6038f53331b90d5ecebf1ca4a551d6faa7d71481	7f1bf521599748fb70951442de8d2556f81f78902e7fed02f44e5f79f866d119	ea4e3519c9a449143e0774cc35f6658ce37368b7f11b1e7cbf128d74bb6e91de	ded5f4e88bc9d99631180bc784c9aa2d4c89663fe4eeb78e892cad1c3bdd71d1	d6b928d3cde8771af6091844930c4f3d4953432b0f8b29bc01117239d62be007
70	1787879f32c90494c6aea1504aec36d71a581bab2fac2a4d6ac4fffe2140730c	7766a1449a9e52805096a2aad44c8f4cf3a082cfeb64702eac64b1b7d5317a3a	88c5faebd6fc40240407337afded74b8fb6a378c779f88380ab127a9042f247e	1c9033f3e3b35c5275e80107a3caefeb0cb4a2a9b8661d24b4d510c2393ef681	255980c94540ed557f214f2c69f5e364e0ba4e79ef2ac84af7fad6d32eac6043	001da32ac096cc56b58d9464e8be5417b551685709fc0f74f998a4aaac8a45fa
71	062600e84b1c0597a5abb19451304819d4f1ad74de39d800efbe3f4ff1517b13	89a5cbd0761f6731028b42a31a6cabe651a4f3f7008238a81f0a7abe81583270	401ce9fb3bf56f0b4f5a8945dbae433ae4607183d892216fbc066bdafb0ab951	a61bf456a314000d59fd97f35d61c4103e0cc62b08e2fb073e500be2e432c5ed	20f07f43057206172e00b951b9463f077b2b0d2bdd5880142520e5c98ad1f174	6bc8893926e6413522734bcbe8150a39a8e7be3ac0e2c7af932cf54efc66f6f1
72	b9cd99f041f828bf6462000e761a92b03f262a883fe062bbe443fe4399bcfbbf	d040d6a8d419ca565b50649695b365ebb799d9d96c220dce8c4b63fe24ff7e2f	3a06dd4c65c8c6bc97bf34eb8a5eb630a4a83741c6a662a5f5cb30ad4048d774	d3db79520f34370521c87f65ca3883c39a7529b147232b9918d180ec365684f3	c8c7579e307f353d35a3f0f27ac819a28d4af1d492ae406d6442fbd00f3e568d	9b4cc566d32a6bf5b026dd941b37cbbb5dadf9f64d72879d22e425492e6e8804
73	a9c892c25f62d307b48a97c2fb970d402bd6880617e4c95d4c42c67afabbb1f3	0aceca186de6237e26579dfd36eea08bb2f9e961b9a65352a77fc1cdb976c22c	d39004b4c1de883dc97c8ea11a348778144720c2312d7abe65a452843ae91441	f070ce1c36de75a1f82f6510f1db771d0e43d8a1f0366a615a42707b427eb8ad	2867374caa3b7551af300372db805f3876a6f4966c1ca551cdfbc1881fcc1b82	c57e2690d6524b3ace72949373d453237ca25651a68ca182254d5cabcedf9b04
74	0654d72714f760676757751f480827557fa75c3fffd612c4204909b5f521eeab	1c4a9df88bd20946de7f9409bf142afb5011e53a7d0a4fb87784e842d52afe02	5afb75d949c692c267e802ff90c72083d7532c6dfdfe0821d3308eb38327186f	3784852b0d9cfd82b4dcaba8f8cdf7445336a4f8148f5f621b92c006a6a80d67	6ae9f99c6baf688b89cf2457dc932554e82b5754d1c18136a5c165adbb80ab6e	15aad40e1dec89d0b8ad2d21f626a62d1549ae47bb2ac5d15f70b6b753f6da1e
75	ccee7243f4488d3e3e9d15056aa74c840dddcfa5b33a8bd86e6bc9626ed0c3fa	fb284a9a3b1c065e660ee1ec86acd000da3a7fab0c47cb4571059ba5b13245e2	6c5e9520c144e7037abb5ff4529f6299a0950f4c3f508337bce772ac6b2e0a11	8f40a9a2ce32429d777ada1b2b95fda28cb6d809822a0c80b46a2cd71a22c641	b6d9c356a089c6851a4039c185b92cf51fc60ec9d60a106e1c6c65fdf2d99af7	35a04e876b5d2587928fd95e15e8608c56cf7e2e2b57a173f8ca1828b46fd9c1
76	fbf1a426949adda7c855758b36c5cf411bd618c28734efba1558e4a1e5c907db	31743ae841782d1c7be43111750fd6d18f61b89866ef07b2aa836600291218ce	b6127554bd7d6e9f7d0825c0384171514af4cd70b3fa20f63f97cd145cbd8875	ff32f6bbfb9ec15385133ecfa9dd7ca768470d6f148530269f34d835388e9943	6d9baff7bf0015713675603a4c014b1a10547390e5622431d5ec4a35ca989544	24bcc140f989b43911e82ae1a0c30ff9c0e8d063929382a747150dc421401670
77	d22536ff71553938666d86ef01dfc688f81ca805f24044534ca6d55472a8c778	dd14ffc81859281fd7c63434eb03847ae874579812d1814a20d662acce1c2f69	717e54f8a4b4d42b219a8b464193019c178006793b763663cfe0667a995499a2	674509d7bfa7b45360e39a34a3c8b40ae4952ddbdc094cae426a09f5e5bba336	d6396819a1df8353afb19b5a4389f9967daf80e28680616c21978a040e98c2ce	c45d1b64ed0165e38bc20cb403b508815adeee22b11d0002a4bfdaa72f50f6ad
78	870d1112eb54ea7c056d0d29f6a0d8d77adf7a576c5c87cc1c0e7d79a753a426	8fe2fdfc8af8b23e9efbbd40dd2c49972147dd660886c366758d771f1e02d074	542ff220c7fc43ed29b9ad887e785c474eaaeb88fd8f8c9fd91ecdb9e81b8b00	8037e6fa823ae12bae3ba9563843e9af961bf67549945b26bec6e340f95bb3be	389c3ce673b2c41a14c56dd097e765df0719244e170f1c8286c4b8a5a11f9872	5bd245335bcbfbc7aeb28aa3f40eeccaee45c1601eaf2b885758a898efd7c407
79	6bd1cb7b8e05c0716f043d5fae9dfda762cdbf64cce2426e60a318dd2ffb72e3	c62f95f972bf66cfd427dbb62a2fd8603b8b6181661c351b0c3d27fab5de31e2	30d8a719a6edd632ef46d3bb32fed286ab3a500af1299d23091d72f2cdb70c38	68b278de61b8f962905ebf879c2d82affd232a028a8e4e9c0c98cb096d928f18	175ba27085b93e3f47e7001d24fb46a8c0cc9822ce74583cc8c8c238d2ea49f2	de30363a7efeba221af915534a8a0614c74da914fa9c9645b7d69e09c4e52249
80	78b78c8684c74697f79e816a2f3a210e1287894fb6c35755e1478f7969bc6290	858c3fd34a8e8369554992a7228ff03c8d127db290788f05fbf67c0f902ae0dc	e9d27f599f435ddd4a0f4ab3de1b7e08cc5ad230ff1d19cdac09f5d0f99407b4	2a9fceac75f3a77ef0c53feada855604dc737dc196ce26a915077db33d38ed8e	10b00431169a2a27f0357cc2645ff34f3b2fcaf833c80bc89464ceeb1dd343bd	a77f6c4c626773bff31245f3190c141ba2eeda158ce1f1988982aa9b6851077b
81	53a9ebb8635665ed2184411ece2fc96893499d4d4608b44ed09401fa62d93161	d7148e312dfc210814e2ae5589bbb8bb22274c11c0986f37bbc3c6f105682542	6a6294341807f421ec65483be721be2136fff738ced7feb3d476d632278aef70	b7caf228e41881b4b8de6cc32421f7df329984a33fd50e837c29ce2aa90f4fc5	9eeb7a245366d8c451760b6bf4a2ac65c5f2945172df9afdad498d36dced4b30	169df3a2c9b4f8063055ee78ff4987118360c3c0d19ef7ca257910c39d47c05f
82	0a7400e1dbee791e2c5f74be6f54c0c77521a9a2b666e3c6e6f682a39f861da2	5adb1f83eed4a7a33349db2652a0d8e39ce2d5b557185e173d384d8dd590098b	e3b901a4ea975941766f0ab93e9cccdc1e77818615d5cf6d15de64d68343ce1b	b57b3d605bbfa40258d11f055034914ba4456240c4a803e671f6cf5696639994	f569550ebb90d8e94b8c8e2e33dadf49c0d6a967283927b7f5d847c6791eb367	db214b42c67282f316b4ea09e63efaaab6811bb5dabe0c714b13e6b44c12ccf4
83	cfd5c625c8facf4913cc4b6d9525be0f0ca32a16d29ddb740a694b53ccedc6bd	c41f1d3510d93dcd04c198410347216a314f34c4e197af690f56160fede73c81	cf0b6dfdefc6060d86e2b07492cd1a138cc3c46d682baaf68a4913591fd235b1	2d9d796d0d7c8523e53a8d7490a8de03702c254e8978a9e5a8bcddea4175f3e6	7ed2cf60fd486243dbaced4e9295594784bdd137f1142a37fcc9c1f27c987241	60bc0373c8aca0771fbe1ee1c6c921e9dfa5efe960df9ea17898b52e89e0368f
84	0953b0159340ff3ae104c169f545e7fa5febb52b803fb1d253dfd197ed798630	b7e412992519f2895088f83c2737ac7721f0572fdf22886d2675f9aaee141129	9f55c1cdaa752579436b1f59e2ca19dcffed117b14bf0917be87d373d428cbcc	314d1e1bddd043413720f74132f7234d6e46b3a26e009dde948e3766f149b802	319b23ba7610bf76bae3d131fcaa0d32f1244aba7db4762273974b55ae4ae9bc	c0c86745675e3291ccad0c7392e1b8adf7985af3d1098aea8f0d15c752483640
85	96b6525bafe4dff99245a1d0c4432d3bea6ada875e9172007489c04a2300afd2	72b55d46939125806a4585ba323040907b79fb71859c0c31f8f496ea93443671	7c5727e4c51f78934ab107371aed98f6b8fd18e615d48317b7847c8a81ac9dd5	d9528ae3b6f0a2e8fe5fbd58d638c4aae76e3dff13ee4e55930f71ebae8d277a	abef899a76c96d2fd2ec290305dbf2b93434d1c50eabb0aa12a1201bb5e3e02b	a3ca5342bfa5fdae4039f54f6476bcc83a2b57312eace79132fd7bc2bb633869
86	601eaef9a89f09930c6f9303c8ae44209b6a48c2e097ea5822acc495819dba05	1c010eb8eec4c0caab001f7ac8a44d6b2667afdde02b41d5772ea7e7d36e15cb	f14c6222263a52754570273583f2e014596cdc57516af3c5129385073693996b	0d01e7095161270386a40cb2b17e9a1650b27bdef8d2dd7d3356bfe66a25deca	05847f3509b912b48ae67e7940d79411c82d3f2a9b3724a47ad22894ee978a74	7847025f70f0ce9483e9141dc3228f24c0f15d908f5f967f20996be9e8519b63
87	e69127549c5f09cc2fbd4e4f8dbca82b4a8f041c7ceb50530d26f0611b1ecf88	216bbef2d58b43ae6b9a8e90202ec6b6213554a82072295a5a8c66044de8478c	06b30ba49e51ce210ad440fcc9931e2dda98a4a7ba6867c39c9d90a3b9364fbc	8f4503575581aa81dd1bc5e2ab76279aef51637c93bbba2ff25ec717581a1e7f	34cf29930a2a5a353e1f3e23a7b2d3008edb077397a777da6784f5187e00c329	942f61bf16793415625d89bc4e44beeac5048ad4f4ba110247a784464d4d6104
88	f0bd9d49218a9de0f1ae82870c6a9fed3d6cdab091bf869ca9a1d0860f079c9d	8641549d9641fef6095892c487900c4e0dcf376c7f0b7cc01a0b2ff80a90f88e	d89c7b00fdbb2aa4724ef067ed016a52398938e4b5add5a115fc37eb3b846ef4	ceb619622c356df1aa51c5ab4f1365bbc16597ac2c9e7363247c1669d232d931	f462097e8d88861881e34d5f12d04632c3f657e190f6da438b59e94c8a654e6f	47f8467974918cca936ef987aa89f72d950d4bc88ed6baa25cf7043be45995bf
89	4dcb9d80360469b511f5a86ade3284f73010f693dd54a3f85d5f6a22cc9d1c65	32ddcec4d8b28f5a4c5b8d9bb4709393670a6253e7547f01054d2afce47a567f	3bdd460e66019a9b021f5a2d29a41eade0efd0f8b65fdeb23c9dd215cf4186fc	e9282e7bd3a7d18059bf12a3fda5453365404c7006e43bb8997616559a46fcc2	3421d1c85ead490d437b725e75cbf0cbb806a038b696e72341173ab53602b136	eccb485e9a918910a2860881ab6cbb8a543a5f3769579949f2b25deb330eddbf
90	1160cc296b0621efb71ad79140f5de91c7f92ec04c1439d98eed61deca290786	1cbe6c858bb3c1e144ea4a8f8c8843b0bfc068bf568fb08d71c9498329c24fbf	20550177fd1244cb4aa15dbe0fe059bf070a26e9b5b574fc2f7246e8c8d2c676	3fa0a003b072c8b517a70db9500119e71237cb09235a54fa2d86991f0bef7352	40462537533f29a91c7f7e911d1d9d1663e40862def555e00aeada8a733c1607	174e2ea2e50df2f490067dbcb3822e1c4a4177f7724deeba48fb9f1139506af7
91	07ae1c95a0431417eb1f4fde9e622f7789cf55be6c11041f407a2b9c8160b91d	60e06c50735b368a271cdb135f56c4933f348cc2e7ee85c78a0f83fa1c507b1e	00009a7265ca295599c3552a0bec3f99babf45a606d78b25634d523289eec420	8cc0b0ef932133fe041b9b3ffa2ac9c02b1c632a2942b0cab0899033bdbc94ad	d703de77d16a75165b9ffb8d5d0521679d26b746107ee13687ae3bddb2163ba0	e0f91da8c98c6d8ae1a51aaf2ad932049ed8cccc3e1804572a60161a5d72fe9d
92	90c73defa374ccff389f24bca9739b99433901b6b26be575bceefec1949d45ee	a6cd9169536a9787bf6fa8cbac0122f0bea237fa37c4b8bd1f9b265439d6c034	21fba8d065ef65aa743898784bb3c6dae6751444eaca898dd050d4ae8fef855a	f67307c9d2aa596696baee3645581ff4a9a894fbcc66d02ee2705ff7c365c766	ed3d3f3e6391ff5b6359d6a77e5421664e48fcc7c18cb45174999bb7bcac928f	b5fde44cc53b5e7c349e2e4a7957912230872bb201ecb094028748776ebe7ddb
93	28e6174c45d8b746114d4bceab3d161d1ffef2e17af6da32f97e096b3e5851eb	dfc49bb64fe6d44222c51ce677ee9aaad889c4890867309288855b83260a9874	ea3707bfa1375266d3f82bb1104bccfebfcb692d66ec4471849c5eb3e53d5259	a21bc3b373bd16cc65386ea1872b73b8884d8d02c7f7577f48b953abad0483a9	692f3c5a0b0a59a85f845449aa4f8a7a9b086c29cf418fb640e9e9b04a4f9e21	602fe6100191b7a5c644b13b8a0551c52d77394b9aaec866d11b0f3c16096e86
94	5edcf7f634c83841597652d57ffbc2d8cbd806df9551511fedb59cd408889efb	1e71052b30266506644c40df2b172ed6af9bc75adf004fd36a64a042d4cca887	0e3e79b032df5cd71f1699f73c407b27eebd771bb7a638d8a28d7868c292a1ad	bbaefa3892df158336915974aeab32adb09c8ea335269d254f3b3cec7635d91f	8da91329de2ab32d10ae4942895cce9b6acb814b85d163da21ba7776dab16865	e5dfc32e8b4671a7354cae650d5f516f344c487b2e9aab10a5ee5d2ba824b2ea
95	9f4e882f87179d81a4c9864b0ea1741cb6a9cbdce3e2538df070fb7b177d4227	02327892da3f9834e9c1b437ff90712f66a213b482d02e8f4f45b474eb5c2c87	c0cc85cba9efc5266f92aba665a9ef6dc3ebdf305b27fc0730e42213be65e30d	16d11d7be5bb92d4cc01b2af764d347b5933544e62c42a849741213444d7f925	600ea5747283a51a372ecd28eacbfbac3ee65f3a29b80742e9a616e5a67d0ed9	50bc5309ca6b9c89ba5409c36f1dfca28dc5fa1977bcaf26e99046cfd3db5417
96	248e42ce7e00bb15df3006256dd9ae00d293e158b8d01f3e3d54ba0f30dd66b5	b229719d6c5a04f1c9a4ac7c2309cab155d2c37b4902bb0a56c026c088406f90	559b624e87066d5240720836c1b922b4712ba03d7deb5fc1670fdb03a8e3604e	c6cc5d6dcda8bc0f69728846451b3e656c257dd84fc02d9b17894b86a332b810	a635ce4c99d4510e120f2916accd11ffe8c22289924093cc4be95545e8e337f5	0e79393df1e26dc6a53e9495b33bb9c17b4b8223761c385075361669c738a013
97	5bed69d58c7977a58032e75567d51c47887f7dd7455e0478c25e6ee403e19630	0dcc579fd2fd185e9418451299a63fb861771bbe55972b33d868e1b06a9019dd	bbcd45d14b939a490f880a5d3918cc39339bb808c26a3bda644725cbf384a49b	9dffe70b4f76bd824a1b56d179e3529687f556d4e66acd3e4d864a82a72a49b0	785f694c4df799837c3dd95f910de83aafb680f2c360c3dc5f43d1ddd213d650	36dfeced5e750ab7b4e190a15190fa47c77c71d2029e495075c6b7998c3ca263
98	aa77bd69ee5601f3aec7f33a76e6b6201566864cc7053828208f23369a330c47	aba7704e063f2d4a4dc7990b511823451ba1e97aa1d3e9b23dbb4df8d4f99662	30cb6ae962fd3f7d60f52cded94f3b567095a04a5d547f369129164fd7f6067c	3af4af4c39cd9753b01fb9aa325de1b9ab1351c1712024b74f2c13de78ca8cdd	64d4c6c189851fad20b796b6356c733fb300b5b543745d54ac262d22f996ad1c	177160d162d9bec4d4f13420492338121a92d85511c86bfb0f98945376ded00a
99	f4d64d6f7b4fa7c32d3c89515950097a027b80ab88beca9e5c850906e6ca79e0	3dc44745f2bc4c97d937d120f0f484fc2550b1d4ce2d9ba6e58fa51cb6e6e627	52eadaf966549a8c12f1e41648cbea16521f0a60f889b2a928c89758b88443d8	f6c20012d3225088b0f8a0c536b4f1c64997e5ae6ddad36a4c4648d60cb05c01	ef1c1f1a86cd8f6b6e6332df2de191e66203608789443af05e66308747ec2935	2edaee54949feed250684654334e2c0f26b55cb92f328b20d3589fbf2b4ea6e1
100	4c6afb8ca98d8e2fef61f1a75b73a058a8e443ddc7d7fb8e9b2d07dae49ba276	aefc0a59efc67e1807cfc704c112a8baa82fe7f860f224aeba2150053e6b0ceb	2d0d1b3ddea0aa3998cb6f06e85bb3b6d05d0a70afd95e8f902ea2cc8838cd7b	4f313200cf3782fb3a57189236f20d371b0a4c7376f8f046a7dae94d09671c04	bc30352c1ec8f2477e3e9fd29cecab8050736496faaedb4021024137342beae1	026502312f857c0645f3b9b8e3981a6d6abeb6756c368e36c0faf854b7066eac
101	670193ce166c298b7948b6f244212ff953ab0afa46c0dc7d596b129d04f5f40f	907dd925f1dc6534ab70f07a35ca67074fc2b95de04a7d8bb1feade45f6fb324	6b934bb2862b7558630e768136c7c65155cda22b38b93c7537aa1796314e709e	46e90fcb767c12fa1da3bd4c94f064e935d55a95b0b8f6697c911d8519672bcc	2a6a15c63b9619cdfc8aeb81dd72901885d1567404631046b12c984712d9f53e	d5d56f3d6aa67e865740cb22fd5f22db00c2221ce817d0e5ec2b2ff550994f99
102	8a2e764b97410feac10f52ae1b56c5a2cbc51d812e7b256d9445393752a4744f	ddd6a674d69e6cfc52b2b0c618f25e7501241f8264767868396707c1ec748f62	c8cb2a3bf1edcf5c4300ae67488e1ca1a042573f9722daf8df391be579c941f4	78555e219f6b54579ad490f291ce7a21d3c355a73a189150fdf89b0daf580c1e	2afdeb580b1145a1f338d4ea6c8d79e8ee23be45abccf8e51928e28037bd5505	61f21c848d698535027a86f548dae67db3146d883c9fa7cd9aaa5b2c391d2951
103	5ddd06258291116e9136ad244fec60e2a0a73b13da8b0193e18815739c452173	e53b28ac49560286b068177b935a95545592280b0fbf05c3fd9f5cc563bc318b	a279a8bfbc0c879ce70e3a9785a1c3c9bc9ea1d44be59ae389be956d43e023dc	f3e5f16ec9d26c72aaa30a4b1160a4958db977cf4fdd00ebeac5bf9161da517f	31133a866e56f08a7e721a7af1148c3e9d75494585f723b725a41293ecf8d278	59d370e367889568162adb46bddb63243fcd91a06984fd30f1647d36e846d723
104	4b559a5717a733a668aa26fe683acc3bde44e07928fb32319764249e01b8844f	c31528fe705a3388d8a81cf54e0fd314ce27628974882f9a96111f49f29ec04c	748ce2afc915e0eebc48132002197111a895b0428f10adefe9b7e0d1947f29d8	4a3a7c155d630c6244f682679e046075004e48a1e88ecf0f284cfb6e4802561c	7f99be2ac80e2f28225e1cd7b8d280fcfc171003be2a66bf89d0c7ffe235e274	da43ffcbd2baafebb41699f432a06ac3a939f75c4471f9c9cb4e18d84d7041f1
105	8ae4ce1afc01c0c96d8c357ae5173ea7eedca3f3b68e77da45f94970fb005eac	e49770e1921a97794f64d0a67ab1f4ddabe367bd72ee4e58d88d0433b79777c5	b5813bcb9b7473a0c17e828da212969e0d3216a200feb9af90462f6707a88dbc	519c258afa390f5cd20677d6155f16ef4d48f22c37935389e9c9b1ab65123051	66802f5deaf91ad3c4655b6a843ee4464d7fa7ebf67d8bcd6d99cecf74b8f42e	b0d3e0d10c77e6285b678fcd68c73a71e95b0fe815bcba18d2a02d55d05cc611
106	fd3ff4be1f125c622dfb08d984d05ca3d1f7e6fa0a4fabb589383ada79f67548	2848cd9c4cb158ae2ef1cd170304d33383a2e671d63b3d2d3949eb939ca959f5	3a4fd3f1ac9bce43d0aab61add91d872cb50a6796e06296c16839d2723375370	9347ad08288cd0f3f03913a69c7ce5d3736f84bbe1b2d4d345395cbfca0f9518	f392e97110fb6ae4b498d9375a47d8060b521950fbb6e77a3b8cc46dfaef9247	fab4a01baf2f49b4ec68801b22c0b79711365844b08a392b33d02171058cf971
107	1e5206a1cf9224fd2b2dab596e56184837f4494aff44867a17d7327050ca454a	76b54beb857b5866c1c247eb06c1bbf606eb725db5deecbf1bfcb4f4be387c28	8b50e4105135b852c007dda3a97497220e4f1ea3f16d255712ea3f7f0696b29d	753dc5c68198e8e582722f108c8b39aee018453984fa77694d8efa4548caa6b3	c637253e14b3f913772e7af451cb7372b8078ec985bce66d4996ecadc6e6f515	678552835a2b0a20a179caa9e52f29f8d0715fb385a20fde344a6ffedb40fc20
108	894fd0d42c471dbca5449f5424f63d5a60a5617b71d72fb8eed09f5d6804f20e	a7a0098b00dec73fdb01df4e2919325c0d6f1ec6f6281ffd6ec84a01b158d952	c21b31c5a90271dd133f072f6c66a906395eff1ad75b32b026d9d354fa51b8a1	068ec1d5902dcec7da3c5bff2c8b755e6cd86330c54e922eeb6d47619413295f	148f26857e2e90bae5507b0b0640bc561fe8e5c2fd22febb3ab09fbe70500cdc	3a1a02efca84968b587374729e78cf7f935a3712a82a8203a807d66dd3177b6e
109	b2eb097524abd7616e468213fa80c66379bb5036b8f599e3604fe0815feba389	ab8f332921662c760ba9a230a7ce38a321087fa0223f4ba48063e9ad677be7c7	1df0d318e96dc02371c729cd9f5a8980d3a7e2ac645a135872e3dc196016af51	0ba52c9970fcc12ec8544ebe7e2537a7fefd41fd74eefa7707ee6b0976b82927	d779ec35a3b520244221659c426068089c411e602c8512d6a1c3e38861232f61	ab29e555a8e0ce7fb5cd676e66431ce52d30f1bc3118dc824851717e831e0882
110	a93a827aded63ee2b1dd1fc719c8b4bc7de7d63a29b7fa783555a33d271b57b7	1ec9f63c714ecd0f57f59ca3b2929a229aac904d161ac87fea2afe8559eef9a2	60aed3e88f061405312c7dc163587ee0ebda5b085c42ee04a00ffa53e0f43d8c	43eb2e7a0e6ff73cfed9e7883db93bc9a71cf042b4a920969fc1da7497e6ce33	8f8265b9de3e5a37a832ccf35ed24fde69a3af7dc5519b09f7ef8f11e9875b3c	6154d4ea2de365fbacbc2fe31aceb17da230394421cb2243edef24bfe76cd778
111	3897ac67b2d1498a8cff162d9042f09fb6422aa43ca472fb04fc2bbebf6290cb	7d6dc9c589d736d9b6541670321a2ec39159752b333b2be988a77dc96c9ddabf	e4cacc6f9e0232190b5f83a9ac37af4e081b3a94697cc5e820704ba0f5526642	db31323911f2c59bed0babc6923ccb4501408769b48a38011a268ee1766105f9	fd9a856e17c292c72d56191c9ae61997ba72c541c358e493c435f11289fae007	14f7e1e3d976bc7da79ad0b746b72a6ea6b90cee32790d8da6ac0eda57f0e011
112	d1684ea178986f5ab172ae6ffff0f34f9b5c3a7b8da3a1a9ffb1b0a77a0a3703	971e986a533ff5e407c92ea7f7b42ea3de0e8de52d56b4846e00b7795db57989	7ee1d929333a1aae697cd3d5c15a324a8ad202a16230d21ec83010e6627a9e1e	b4531148a654ad1187e4678b5f8201c98bdc2f7353f4e8113ab319cd871066bc	1718e169ea668e1a127850d51b9891571aa5b0e7db2bd28bad15d9d6ee5124bb	1aff5fbcd1458e763c5c5bcc174140926e0f50f7fa81d27d99af2e2502fd1893
113	f483e1c0230c457b0884fa0640eff6ce3c077e5f57a9d417b3b6d780d79ab15a	4c9d4ee29bfbb2f8f5e8e534c034f3f7482a41b27b9c961a2e1f9ec2c4ab709a	dab8b91651625d5c92d014d0ea49c1d8e813db6bfef36880623201d661abd3ce	1672964598a2f4a94748de68eec925bf0c370cf58cba781765ec7665eae199d0	6b171961171e3dd95254a2e599459fa2de1e31c145b5be2e3bde507045da7c4c	39828bba9268fc35fd909b42cfbb8b52a24ddcdd5b3686557f419c18f11498f9
114	7e2073801fbed65941138c3c6ee246bd8fc1f9e20dfa5d0faddde32e4be194d9	f8d5a7c7026f63f06af0b2440f8ed7c3f4fa91015c011c2ad3e3c88b2af5d856	611e1d7a4db48db6063b4dd3ee3d132af820253bd1191f76225faa902c19ef2f	aaf1afd996fe3c252f8dc9d3f3ae2279ff8485c06895122f38f04b5000a987e6	cfe446e663e04e97c312fba2bfa390b6529c3dd0945c304e7bd1663b1c9805c8	707118b03833078956f8ed57ee75f15f33b859b2e319abbf7e349f5cb039b4cb
115	2a9a8ec861bf08749e3b1c29eabe6a23f3705bb5f376bca61903901996fab3db	38ef0db39b0f8767d3a1fcf87872d93842aa2e7e81c00ae4113c2b6f2cd18277	9cb09f762b195183f8389cab2217dfb4344b0d7eba559f07d87c18c4e195de01	ab1239cc71e62ed1fc317e113066edfd90c60e49fe963a4b319a41c8f97a73a5	f2ca923589000eb5149f2740bd1612954ee22d5ad532858815ef7017dd18289a	772e7d1cb608fee227f296510898568ba50851962206777b8d206f7625e92051
116	fa79194d0dfec85ed6c974b66cdc2ab4020257f5071cf772c1722024c96af416	a34460644f3e0a1a8f512f16f6e0751476838c94617ea01a98410bd2aec8464a	6f9f19f45df7e985ecccff263feb268e3639887dd9bcbf20f1f86bee6b12df2c	36874925e6332cd5e10119b643cba138edb9aa721f99996487e22debfd6e5b52	ded4d856682f50ee10dc4c09ff95a8df2b26b935e430af5c6eef3b794139c0e8	76c25326dc93415a1e2be14490308e16cddbbf729438249a99a950fe957f16fe
117	cd1aca95ae3961b3998f468323ab9288d8f485dc53a172379ba0940398b04583	f032b3f2df7dd1ecdddc9e6605eb97e2fb74a62e2fc1946989f7fa5704cdc8e9	b0e9240f032265b75dd47555fc4573c4c01db38f8872a61fe6929c6891c68a44	53a426933182375a29d092bff4747f364fd6bbdb7e67c4d602a21da5d36efaeb	ee436b3e4b79d77611642d791cd7dd79335cd9d26283d02e3da5959944091475	785dfdf7e90ae347f115ac0ef4a067ee10a209652ad9b5e30d1b9c91d131bc88
118	cd700c2344053ec8d68ebc5bd249e2b6d56d3cffcda5f8f4498e8039998f69d6	b1f47d3fc8af7b0af9168137186b3e8bc99d845aab806a4624a8c56542b6feaf	23e9753ce4b45ed0f514a2515064847a4e5019d57d504379cb17ac3be1cb5cfd	258149326054949b4c5cdb7c121d5868b73b88d15556a9dc468c4568be41e1fb	6f242cbf288b7982bfb05f81f5485ee574980ef7aba631cf81f74cd257dd8b40	e8928caeb5c9a7e10bb708e732fdf82e740e41f9fe936aed578dfab3a0865fc8
119	78c8f4cf2b0d7da1447020fa3454451d86e8657b4181af45cced640152cae268	a8a7d0df64808a7a351ae84b2c57c2b478322e71626362f14187744db555be50	93f4985ff20a2dbfb035ec5761ad126225254510537eecdfb7abfa9f3d2d095e	a35177aa2e8e1e42fd66e15388d076ea04ca0ace25fddbe0d5e17ed932123879	990199d63bb5a0f76a8f4c8b60b9ad2554daead049935da5ecdb71afc969bf5a	3bd1f447c3475c80b588cf7332d8b177672cb0eca9ec75a0ab75a112bcc88350
120	9f0c041740bf5a6bfffff3aca1f0daaf0c2624edee17a59b3400111df99c0499	94cf559ec8136ec275cb5d68b8357892ebeae58b15b7735298d60ea4e0007efb	6f509835effb4f4eb79205a525fb6c4627fd574e97e6fe04c8c6b62403ac5769	e6226cf0301090638b065a175ba4d59605b62cd12de79de9235aedd398cee8dc	5df295bc4315f5123f005c0b8e9eca6dd57772aec3dae8a73437dbba6b0da47f	6c423f6ff59ce222db954101f8f21c44c97e0b5b17619465b01bb5789aaa0b93
121	46478f1f53878f5e181eb29bdad1203c7f9316def71953e94ec7bf1ae67f7379	f0fb7c1149e177145d6a34dcbbbd799509e7184d81911a91235c6c4acceaf5c1	0cb16edd077da2bcd1e4c539d8a1e74d9f6166faf402110e31e72c52b648b741	21a9305352d572452f15e58bb3a182348047b4a0f0b31f630138846c38dc474a	121629cdb26112c852dcaa3d156d2ae2cd09dfbd545d5f35885f55567a2b3363	7fa57601eda3e6913f14c1197b965dcec75586d6a565a738294baf781250fa86
122	74ff836f875755306f12060db81154fdb89e1dba70a8d680e6ebf8de64b75dbc	3a6df3e83fb7b2becdc1b092ae610e662d33c54fa134162bc2bafad4f3baac32	dd972ecf3d2e064fa2aa09c2dba35be5dc9a003a3bf136dd14f300492d08a041	4172637e47a1bfedabe55acd610c2c3c1075d9fca897f54920c3d41913d928b5	08ebe710705d9591e5faa7e6abbde32aecb923d8d3d39203138c6f9b85d29bc3	63e611da221caaa1792d6c859841d6ba7fc0517e6c10a8198074ab275b6225b9
123	dbe53b272e213a8bb46c1fbce98e7014790adb7ab999d6d50c45ab4371cae804	186148991621d2f0aae694d5ef6f3ce8fd13d0e4ed533961fede7878dff04eb2	b250399793bff8db90b2f53d1a154e043f8e2be8288213d169613a4a98130bc0	ac3f05fda6923a06cdfa4e42a1f1c087c9e21f78a3ccc32eb0a773710ecee760	529817aa490cb9b71e376b4fe7cb37797a0dd37341b0ad95dcbdea27c64cdef4	767246541d2214330c798340d350284318d6e5f913b7a0d2c8ace35442a530e5
124	6f45a5adb182c317152a95256187d9592d4b7ca2a88e2a321e55b0c3d50993e0	ae9f0e6d0637be562c94bd504e5dcfffc7ebfe06f39971c6ef9e544e4e8ab094	6b987ab2146203adeae91d76c42da2bb3468547b1e3072c305da6567b0e670f1	6b7f97d927f60482d039599728301fb24b8bd15288767a99aa369a78cffc5c49	b572295344ff21b67a432355d6ae031cfaaa98d5b127524e97ff5f3f8e7e88f4	6b7d079699db965e891c53c615576e3c390daba17b7afd963c7c41cdc0a29737
125	3ce59bdb888c8ea6e7758c40a6f9ab8b46e42ccc20594bf788495acff67cca9d	25d22866b513e4dd71f4bc5050b99606c99454ecde078727879f128672938dd3	acfa5ef38c553c394e3106e12c8f51385d9ae62794da4737c219a472f030a09c	71a063c362c730bbf62b4544b242eaf19bc3a2f57bbf604ae5fd76c7cfdf0d7b	31a6cbfd95176ad0cf0aac382630902e809eaf18f0d1547dc4d49ee080aa6d16	24d918cd526167d6bf0a93f1c74256b5681e754f213ee24a6bbc9437e8fcb60f
126	f8cac984a46541b805e5c87e3f512bd59dcde7d35ee46e8c9ccafe103222c7f9	87059cde50ca61fc3ebce8f25e12445cd5f6eac4c3b0f3c1a0038ef53c01a141	1a9eddcaeff4b39eaf32705b470ff92b00bf208a1765a911f7a212a0e7f7dbeb	85b451eb33c7e99897bcb0d3afa65ea41eb95b201999dea165d7d7f1a4b0b578	b8d0e33b6825066a3f2206bde10ca189441cf79e2368b01f84dcc3e0fb20db9c	96d46190d524e4be181afc64989d5d0f14719d4ff817efbbacb87dd4ee78d06e
127	074e76475e3e3498cf82e2e29c212c38a7a0380140f38f6d9b80236be202194c	40938f1f0f1e2e2a41c457e341dbc95c29336ca21d689b3acec7f45e40186e46	45b19b84ed174c3a0052d2b356156dc8ee79f1ae092a8a248f9bb680932c6a88	58b9720e8e624990bd37b03f7495b9c30337d2583338a3f833af8698deaef228	c51606aa7cc65058be819977bdc7bc35e3a12fa61896bc3794559a22ca47eb3c	03ceb2535e6fa746438e3533b434abce9d4e174000145b35e15cb37dfd1b00fc
128	c3c40ab5f7df6eec7ed8526d95e74476110258a0f0b133d84b410a163fc6a965	cf4ea0119bd8088f2af04b89481c23329e8c90135d80913c70cb8f81c5b86798	1301c6f9375c2c5f37d43a603e671d5d38b3504aeb99a054055aa8f73c701ccb	b6f1b386b152b63376a84896d48575ab57c98fe1ead5f2db2d0da62152cde9c9	8d564cb916a864167d9543436c605d1f0d43c0da14b0bfbee13d33f9f42ef649	37ed82d3d015864c5fd3e1b523acfcab43310c8539661449653159060c99b0bf
129	d7725abfbb328adfc057279b202b3d213888bcbe883224544ba6dccb19c9257a	2c5bb2c0ba46f595cebbce5be8a9aaf0c0f63a3e03d3dae1ceb97ef149e1a0c8	a5d2521937829838dc17cd60070fed6fa60204ffe9ff5b86e2a9f1a6c37c7f82	a6e64ab3940f057f43fb2b9626204d1705fb44217d1d372fdc0d560def570567	a09f7aa4e87f9fa41770e7cb86e6389001f32e047ff3c744d873eaed91a5d3e2	dcafec4dca03a9728cd0a2971c60e8bf601d7a3cd345596e63ffc5bba97d7430
130	f2f5acfcf6c3fc9cdb2b9e48a90d16a9dc364142c40c3adfc5df99ab7a647fe8	68f607cdb42e4b2558d3a2723e2335927c162a95b30367a331dc4cf598fd3a03	2e9f0ea3d04e735a35969b1b303ba18fe158e535b48c2153f391e01c3af0cbec	83d837d86da2b8f6a63d43970417fbc40c1f132a9ed40aca4c995d245145e872	d8e83f51a09dcdb08be63aa8129c060285c0259f4216a98b869430f1c3e70f91	1bcbce161566a01e9539b92248e3a2030a19235d52952bcb77de9f40d949557c
131	6e883f299621b4c72e2418c955ed187bf35bc0c847dbb7ede742ea370aaa8303	d24fa10b1fd087cb95ca8b07542bcf846924437d54b17fadae174ad34ef94706	0561d75a06d53d8a9b0a3d69166cc0824dfeaa7cfb0988e01a7f373cff71905c	1ab868ff2322952768bd68827d85dce555188e5e7c6f22cdbfacaf7480101359	1ecb7ecf34568765947f360271374d6d683ad36ee1394b3c0bc61557fd3309c2	fee1dc7fb42e704bac33ae61cc925250e92e0e17b731e4ef2bb4145a51dcd166
132	9ceecb3e7bfefff3e88f992dcc4d7e5c1c6c414f2697a0bbbddcad6be34215c3	e966af481be15ec2f032b6263659b99f7037f0d35bfca9e0fbd9400375c5114c	6b07cf0a9b0c78d3cf8d3be93cb215e59d9a2276c7dae487381a326708026c36	90c3b67f9ddd10f95242b7f11841a55c0c554ebe0a575f44a6e80962558bb926	fd405dacf6cd23c20b7084bd614d6a579ae5747df03020cb5fb5fd3da560a174	2d7150faa029fe9205b4112db0847cc12c4743a4831f15ad0dfc454f7daf80e6
133	6140c1bb4f599c1519efff128fb2f27f902092ebdf18ec009fbd04147d512386	7dae6298f1ebb3b316a82c10a8b1f3013e0b509d708ae8ef9a5d7098f1c13046	55efc8f3e84e9acaa35a090ee0a48d289bb5229fb96a4f4cdc7c6d6efd681387	07cc4f015877b88bc019e94a41d2b6960b02e39e69a829a602c824a7531d881e	125e958bdb4decf970f3c3a4e30d13d4c7686492d7909eab77ab7e07fc7bfa0c	b2475cc818e33eb41dff52c43c27d0ebc2d6a5b59da773b81bab6f7e370d86fb
134	642e5d280c4d2cdd36b7f33a06ce3335fec43155cff7c09ec5e2e23e366e5153	11d2df26ebae5f0d116703ad9a3825798ff7cd7ddd67b0cfdf8771afa38e154a	9bbaafd6ff1b4252b0ea72e8f1efaeb080d10af097cadfebcff6d909b8702975	5edd58b31da624cd63b0b7d4b97251d52edacdf57b5c9a7f0da62264b408a80e	6519d47f4f2f8169c5848e9c365528cfb2788c6044fc6acde66cc281f7c98b8a	352d508ecef760401f1d946a6aa38000c2a86fee47518b2db814d1a88969e1a2
135	cd7b9d3235fdeea36a021e9fff08411dbf54136c6b92efa4f1b748485531b04f	5f901a4d72279efb08df27d750bdb2ce8e44dee3069391d153929d8f2a88bf7b	a690071df99406ef43d7d5b184b4723fed92ae896017d448a806f9fbd52d19b7	097eac3d6de5b3aaa88d658f4fd5ddb93312bd3c280bb40f3f7db6136b5a571e	322b14d20312f00b5e294aa9f61ac6ec9d1c15bc96467b23524aff83f2c26c67	bd20abb72df7c21228ef3f2b40d34635a590054c5f4c840d6566b55cc9731f13
136	0bc794057302b6d0839fe09307fd9ab348e90034d6b07ddd2cee09dccc0431c0	cd5fc150a70f0eb5e0b03051ccaf51180b1a88b4c9e12d53e0058f8c405eca72	c1d9d25d874ec85c7e07ec239e41dd57eb77958847dc34ab9e5cd2e969362aa0	66f06dcd5b5acbc234bb3916d7812a5294b68bbe1eb4f257c7d2eab31bd3325c	33310d26d34323b700cbb75fe90081db786be2097c36d802be29108b556b78ff	9e073029cdcafbc198faabf885b96c7c84f1462b21255b859d303c7ed0e3e695
137	54ac932ca230788a36a51923f2d08f8dcfc45f72e0c9a5d3b6174906fe6e4879	6ddaa99b0b3a9fa7a2f73236b8f25e433a84a82b417cf5683bad1613943d7d4e	9e4cf03e4ad6ff7c10fb8249810bc5b875a3c26ef772168e4104840fb7a60356	2231a2b8c480ed8abbd2f611a8d5bb3d1bd5fe9661e6b818d5e214e258183039	9802c1546b49cf13ca49e4eb90128ac2c35da53a11b50e25ffade4fc08421fcb	b874680254ba8e17b739cca2ee6bf498f342f48bc9d0004abc69241d3edae610
138	74c67e56962822d8c20490cb92a68d6c99eb1f8057e34219419400dba63e3bd3	b89e5ba6a01a1e0d0f4a840faacdce7392d118c3c757d424aa62ad165b8e4d8d	6f5e5b9204d95a29f06c1ab6e54b09689d10cdc81bc42c4e5160b523c263d27b	1f4d716f4d67a887bd814bc356b933cc8a7efc950713cd0bca17914c6dfeff61	07b6e2bc4b5ef4a32cb1a58addc1aa8b87554f592c8d24205585c761148cbf06	8c7c92a014ebc8d477d7d697cdd9d9978dae0f7ec4ee7f09552b90bc7fef549d
139	59cc4a0cb2ffde4ecb9a60eb623e62c6840a94d0923b1bc3e46973718bec9cc5	15710dc40d3426bf0dde4827510363531a4696b3a75cd0e5ba416601505a52ca	b608ed97cbb579977d388e684ac1dfd14e5a8164180f0550a08a19c697345614	075068730d72471206166e860ec687a15f937293fe4c1b1c747cc13ec1b4e379	7bbe56fe39339618f73604d5121db50812fa85556ed96e1021e593d75f41d615	acb1ae74b480bd3737348f2cf629e0e0827e4ca310788ca015065ec9001ee738
140	a4fa4e37986b187e79aeb5c3ec02f11288c3d865a6a1a961478028ad450b86e4	365ebd66940e61464924ee092989815258ad87f2862a10b0e0690700f9afd37f	1155591944510f6fb40b46eb0cfa43e5ba05a28fc24563b079015422302e2dd6	ed732e7e4b7760d55079cd05c6991c2d566af418e02eaa0d5c7908a7f6e26318	a1de543ae550496f7dea6f336fdc6c1067747d3f4a26860e1e55b2e766e8c05e	b563b3bbc946ed8ee22fe9bef5d25e78b648c2e1a719f3c0366e5e23399423f5
141	ad755dbcde39b32cb93ca4176700da09e9d42ef8e396e12b80cf93faf5f0d885	6a14d6eb117221dd219b0bd087668ff7b7333a13393a5594202b2776a260ed3a	0db1daddc9fdbb1818baaeb0e434aeffd8000d2ba01d82edffb83be552061518	4ecd98cfaa84967a7f18b94e6850c3023ad8364f3067d267f3438dd78704a352	ebf8c70f32bff0f9070844b02a34df783c7c556b212101eac4d7e91c98029c43	4ba749891646ac4d25d80d47e829c3e586ed10651d924d1be7d223f16b5986b5
142	c6fa07e61fd0bf81668fa850c185b3dace95c6233ff25de82ba9945174788903	526606b934d8dd11d2cce8acfb2b8fb883d6a55eca43b35cf68c0f9b759605f5	9757d9a6752494d41c85a1a1e07b8db5fc4bd4c860f6545ec490a82d3d5abeaa	d0e489fe6299af3da16e0a5284b46a7e49df109997de6b0fba9e9b2a5c89bc80	2d43d8fcf784441042647295ce19866ed56ad14d5967b56158a18110c2bcdcf4	bdd10b2ad75b64b129db12e059cf07efb92a75db7ed57700bbbca9156523b3cb
143	b65b803f180dbd9bcf22244b418acfc26ab0930dee9f5a912a0f36c6c8ed9fd6	87971eb6199cb27c2acdca28d5c47547684d7b4324403ae5c2d45bf12c84c1fb	51aeb33feab3fceacbd1f65952f7e16e8ea4b251680cbd0aa249f46a73477688	53372a12a01a461a699b72e75cc7a8b268707b2ea4fb903a07f0c9f0611f3d9f	b1a5cdc596ea77b20f809330cbd31c954e49f20e281b4564ed740e8009262e5d	62539960f82ff3ce08a387a62318586884fa0efa5f60be56aa2f2ed410bddad3
144	2dd10a61decc0acccf522b9f00bf2b2601292375a3a475d8ce40b6c399011b6a	74794703364b2a63868835b66a2b45170d57590a28436561c870cd61658da60f	00a9b3e7465680214fe676c53dbd131d053dedffc2905eaac003c1df19b1b334	7f404f00a8f87df71ec3d120bb317d3130ae57598763f8dfd33a580c6d0e834f	e148df5cf6f82c4305f2cb10adb989cca48dbe2c78e36e0b5dddc591237951c4	f1d5045a796c4df8a5b27f6d90d55d7cbedc870cb1a924fdd991acaff6dfe85b
145	ffd584ab0bc27442c4631fe3b6bcc9f38c48ff99bd102c26a560e6fbe836de05	9280e944d63a8968050d481604c5b63297ada2d9245f618bddf0549a21d0684a	d468dd6c8313ecec23d1caacb17764f6241393dcea172b61352ef51a3df39adc	58b22dd306ca170476696e70fe0e4b83c63f9ac3b9c5f45bcfcf93254da6b990	b527d055c25c23420ba3a865a4091f335d42620cd7b0ec07a74fff4bd51c25da	b10aac685e4d8b62ef2456c424e652f15ecf339fdaf38e6d52b47a0077a385dc
146	3e07db17330082c0e5a6c79f7c5109754084457dd752d96773a084654aa4b717	485c8eeab564553971039f109c040bbe04b62befb4b50fd1eb7410d5c15c3e2e	c3165488fab5a1014bb2bda425ac49a467eb95794dad42936b5faf5089fe7911	ab9188b1678318c432cc76ccbea7729a49b51ba89fd49d09fb031c7424176538	9892dbf828fd6e182939e4524690015765eed22a4806459a7f5f4728000bcf9e	3daf68ee64a98cc4a1db25cf0aa9e7fa96cacd361a7b5ab263758de79b5f7d71
147	ffc182963599adb2e0df2ac25fb95aef63f2b5e297c7c02bb7107020ea8be891	5bf9350e96fa3df0be8473ea573313ac25730f5df96c83635251f6d56431f5f7	f050787ed01d3938c429a99a5bfe56dbe02f9dac0c30bf4f2bdf5b4af2ba7b17	9b6d95a67f0098f2e0f21a76d8a005e95931ef3b6aa742ef047d980e4b5c45f1	10bad2342503de8aa0cf3c7f5892cb1c9de63bdd7ba6dc8f7e300c784063a2e2	38705146112585a0d47c4f368066a2617aac69aa4e7bb658a8db71a387c6aa1c
148	8ebd6fbb307db800630ae98f40eaff276cdcfeccdaffc660483a724794c3622d	ece620a594602319bbf9e1496caef9ab9618714e972d80a6cd22cb0e350eb33f	a26fc7cad3fd014c5ad91b6377a6766117bdc3e95718be51b3c0b136dd666151	c2dfc97807a9ccbb93ffb9d4ded3dcb407ca3ec8d6cea89902e026b8473254cc	8ef315889e3b9e4395b61db5b784846f16a1ae5ceb0329b88fb074d292bff502	9cebaf1a0e5c23f5e45dc077d7e7bc48cc35c614cd741ee3e6bf92d146e1bf4c
149	fb84968a348f20a4a36c635ecc91ec9cd630c0711dbe683d10127b1bac01f2f0	62d133b8ad424f0f5ba9a9ed36d8531846e4ec967ab31afe208c13e9c54dd1be	1c2c5166b7762acb6c3f7db2fc79530701d3d2088ec04c16ac49e9079cc756fc	0c9e9f85ac4690a94d7d946d404cf796358e43e3a1c5f1a9aadbad871583978f	d88522cfea2a07511d3bb00fafc3e8970ce1625ff742ff40dfd9f1b5d465b795	2c0e43dfa93b30b6e7d794ebef379aeb2fa94ad5ab800859156cc76dee88628a
150	cb6396e21f6051880862a7a5a37839e7f404f1ea78a2401bf8c9b078f8464e17	d68e911917a2e60e5131ceb95d591691cd5754950561e6c8c17a29f338fec0e5	7be033877b41e9c161e3652b6fcd9b0d30650add3ef4a23a554ca350ef1614ed	3e8c49b5f4bbaa6cc74ddfb706b186b40e0e7dc51500df0b2d7f49ba18cec7f1	d2fbb206e93c5a26bf7809c7bb2ac43b63494eaaa284c8bec3d8c2ff2ed7b347	848601c0e6ecda88e56dee83089d754980a77cfd1202af4e05e21781770b3ebc
151	f8c856460abc66d1b41bca8e210604a24bd693547a8e1aeebd7ebba47a8f652d	ab6ef18a8014e99ed0f1807f101c4bc391c88d236352a94cc9ac7842377db01a	592209416ba9e8d963947a04c42b5f02d04df74b5afdaa2027eaba5136f01455	9f1c027e9e1b4dfaab3f2f435daeb631f2bcc8dd5fedc0cff16eb257208122e7	9d9666fbf20e336af666138eb95f19d92e3e647b0e796b4c83e0e41fb943c221	7293052c83ec6be6df856e61e1bf7edc3c66115cfb45a48de1935d8c2f705a99
152	0391d01ab180385770b47e3c28d4496988e639d18648a0feedd1b6bd0023c567	d0af406de759451beb0b1cd1c19f7620efea111b40b7c9313f22b23cba1a6a16	a965f8beb2ab4abf6ff2f477b6c75d4ea37b5ff3d0dd23585e9edf2327b4630c	2273d7bcedd961897e31eb871b34ab7fa5cd54024df6ad07b2fe04a7499df6d2	87735a6776b314255063f7329bdf1633f5036adf845af53b194fff3bca09f15e	d0a339a111c492a464dcb1ec79fe758c5b1eca1b029a25420ca75981fb6e5f9d
153	a75677460003224361436a7e4ab3b4c6e5dc25a4bf2b24821a00bbe075da1c91	5a2bccf9a6d1809e212ccd998cf801716212febc34843ebb094091eb1098d79c	340dfc1266c886be5680b542ce16030c400d9a1d37907672b054b01b0f5501f8	3a88d0df1e0a0d33620df3d17891f4c50fd7b06f69a8cf1c2dafe2b2491c4f68	293aed0263ad1e7e8e7d8163106e5d7d696ff56621b604731bbfe880ab40e9eb	19ef2ccd37ea6500de87d1e448b3176a05c5c4da8cfe52acb5d5088e7d509e9a
154	2fdfefe168789c592eb1789ba8762d9c4089f416bce987331e5e173456e4ae6a	a83e3699701ecee5ca8df83aa52248939d5925b91535dc5b1b34fe6e17f8986d	5709547c94ad7644d24f83719be2c4ef3110f8295ca51eb1a359866402668754	b9af8ef9665ca67dfae153d33638d76fd7e920e5958a4c902805469d86401598	9e0a0cc3e10df366dfd16212b2a24a39141a5dc5421f73170252bc8ef2d70c2f	4ef252bd4a055a6eaccd94d1f1937903a482d73da60c68866b74a3abac5616f3
155	da7195e9a587f9286f58e2e0b4055e91887c393bf84217f42df92029403f6747	1c46e7d498fe3c3f9c413a502174a06dfcb184bc5b8c93ada62a52ed12a60a3b	9c0dd100f4f8724f1da12cf02428b928e7d56e346509622584854e1fdb785174	79217c883902a2354e58ae8bc74fbe784f8362a7eaeb362623c7ee5a2c5f9430	fe7424da11120692f5560e04e8d2c4b34da179fb22060b07fe2d79ea12daf8e9	f82f2b61e52001af6e5a014918466556dd01b1aefd4c9359170aa170c509453f
156	e0a96e2c93551a8f8740f0802ece92e36f3bff6234c273f138e3f0bc68451b8a	d8bd866fd89942075032a6ff6488f14c2b61d021454e27f5adc220c96f3b68ac	c6f62a009a03dabf499b8dcb04afab75155735869faa8d823b2ebbfabc14e3c2	5ee0a7abff91563f9bb32e5a22b8d55f9ca28472d0a55214fca0f8685306552d	72daddc5f4cc970c57b890f27f42d32631907eda87501f70bc670e6c1a0eee0e	8692ed2027befab342cedbcb9610f555fc01f3af2d95d7aec97171d82e680187
157	0581eda288ab15d30bf348df65ccf015403f684d15e5a8e3a545f6692f096ecb	91e7dae3f49893266f0e5b65dce8b31fdcca5750a75dd4664c3c90d21aa2a75b	f29eb706785bbd86481b52eecedba75196c53335a2986e9ba7bf566ed103aaa1	6f637b676b38b42bc664a4930da5809af484b378ba7f944842ce38ea370814e6	0ff0bb4ad97887724bb529487d1f7d300babd994ce43821bd8227faec050b270	faa90aec7459329127927022e741c9930d9765f6e799c613384e5c5bc7a81b3e
158	7428ede68de691365e8e3753c56dd9d7ef4bdaf2250a1777e1d0628107c05b40	64a563839f5f165283cc577372646940a9bbfbcabc7a7121b52b6cbbdae48663	3e2bbffc92706a92b5d9dc69428df2f7edb5e6cee7e78eee241c0a273350788a	e209f2dd028bc7a8ec91c3a6016d3339f4dc08bbedc58afdd7a1506fcc389fa6	34865a3fddf33078bf660cfe626baf823cd5a378c5b5952196efacb74d3edadc	4c21011b2de92f53d9dd8c143da3674c9fd2c975281bcd627253cf4f9187d1e8
159	df7440c6ef105b09dde9253cfe856fe7a8060015011f34b9888d3a72b13f0a8a	b438b23e17c42b99de3179ec80688e2a0fa8a012b6271fd65d0d9aa8228afa5b	e294d57806c7dd897c065a76f2e61e8ca4f258dabf3e477c00c161b569f63246	1fa6334652a4706d2de8f4ac4fd22c2dd1898b813eee35cdf0343743ca938c50	c5e49e58eaf6fca62a2351c716debf2200b4a720c2eff6e9ac2d944cb3618dd9	780644dd5aef3fb44e554297365155b0213a17926829abca6de53f448004fe73
160	f5f65dd09d254543e08aac78ec60fe06952e478307a09586751f3326b48b5fa7	af5311e52fcf1ee2573f0dd5a1dfe04b08e91ab8c0075e1b1763dffb0a5ce238	1a2550304d8432ee13320530c2f804ff8ee5bfea787d1312568b64b939c939b5	fd97d10f62bdad436edee842631ea6e0778cfbeef97a6f7457e26824ffe7ccd8	92c4f13e893669590bea595dba73dacef5de03d64d10525e97856b7d559ce52a	dc948d25e1b8feb3ca78d8e2b7d17f860bc274a417a3d881892b116435773a8b
161	33f6185775f92c95ca4c204439e12330e8f219a88add43b97af92687263a7166	cb1416bc4c3d3fdb71731a83168ea7427a87f7c0134f1c137087a0bed4c5fdbe	7868b620748e38f3eb29263399dec33b38369bf3085f8ff4433378da0f865c9b	9dfa8915ea37b1aa668a6ac0b54b5b8ecf06709b8f1e132afd2eb1f53c47e147	3e6b94af432be93d83314f1c3c76e3fd6b7a91ac8f8e2c731fc9d21512384d8f	2048d2d0487477f1cc45d33ccb20080d98440a519c7c477ac3482662813bf5ac
162	b1cf4248731d9f7ef5b024f6e17d8e6b0d18f0aabe82a782166e72cd9abdc1e7	74f737f57d86342d78905ef63bfc3b991b7cc8542f378f5052edeb0e75c1b29a	bc46b5dce13145fc040a157962fdeaab1ac44c0b7b2430502de97bbfe6febf30	9a563c07a1beb08cf3301a3ef9c133eac61474b123844421feadf94fbd747d51	6636a130f0e9face6d88a8577833ee780633533b827ba71c9e83c61d83187cf3	6248ccc4a9be755e33db67e58a6fdcb1ee7379c86acdc3174cfbf253d8e4c51e
163	ec114aedfac4778c7084cf55cfbd18a8966f4211c48e61f3030fe1677c3f2916	3f55a4ba1a509f3917a8b7801adc35d68c4e8bb11ba4edee5da0ce685b80964a	3384cba86d40ef33c6be0eb5f659cdcfe65c667e174c5331c317a73941cd4a02	86f339ca10e4eb5ed8c58c3c89ac1234aa707ba7bb737f5f23ec38ac3325546f	8f6015a424f6b4ba0aab4baa8e70694106fda75728cb84307ee80b3d97419fb5	2d10f54b6c942af4d27348fe74096f9e75a19967ffe1aa0b6462c607b58e4493
164	74e311f021d90a80052bfc814f5cadaf31218378a8d5b5fb7d11b689fa0b05a6	2d1b59502f4ff5200b73f0f5790d543da0314b937710fd0c51eadd6d1b36db7d	2c2bd98ef6eb2d29aaa51f6a3b6edec2655905c9df040b3c1d6f94f23b39c66b	c44e5faa13f624dcdad7a71ef775ef0d838010d8b003d39ba8011a0281102e7b	2842870075a4f4a0da1712f5a6fc2242e058aaf59627a2cfa7eaa65fa8666211	4698a40a409ba34dcfb6069d43947c64dc741b56880b99f4bb5fcabdf7c4cf90
165	241f58cb3bd1138f9b2d8e09c92f0f39bea6e2487ce2fd8506bb7e1af5e3952d	80846767c64d12e742883356379025cec50c3b1ddf7625dfe814dc7fd77b34c2	0b932fbe9bd4c9d53af39fb10b815373e50559df6ba5a7288c631352ba31ddca	650ec7cae64e44551d91eafe51ef51e12afdb7dae0957b226c788aaa282e66bb	fd8bcd5ff8225059bb2fa10e8bcf4404110ca7a08c63e72f89fc9dce479cab41	631d01b67f9b04bb1129f976dd5937c06f2b901700eded3c56d2d987d58eb49e
166	ce25732f6f4fa60fafea78db69dd665e41545004c0d6e9ea7e1dc6f736ec543b	8ce6eb98d52c42ae038544a2931a8a0376673d5b9838cc298fe56e9d9fb09872	44fb991aeef2eb8142818d768c824755437579073664c27fe3ceab2408030f54	b5548da083ec3e8501bb49588959be2ffec860f90b96510ec79a73ded575ff9e	a6f2f958b94fd0e34fd199840a60fe0eb726de256065c1eb069c8589d92a2fd0	cc655be6ca01746071a1c9b081da94d6274b1900cb6369c722a86d1864fec135
167	02c3f5bf6b1cb83e61c962144e92fcce26e1461012419c3e95460bc8ceeebae8	71f4943195fbd23b9a807e06fdc43b8766f296a28908de9148c5329d5df79168	bff487b1a32435ee95b7b2dc70ba2436c1e1cce3e51ec0cb43f2554b952e3e8f	dbc7f7d112a40084157600d2f345ed939ea1ce01ce19d327f3395f2c90f267e0	9b8304a6f47c9a62e8ed62f3982d17f586f8da53dc727096d205e6f584dcce45	b6443b55e011ef2738d32048518ef86f6022672bf2e5c89a27d9d58d9ff9e408
168	608fdf3c035055eb174c67e2e1dc4d58df0964bc459b99c77b760453597c6cad	ffac40bc8f8593958a104ff89039c6534ff94cfee6510053f54d1489d34685d3	c462c4a53acbb43f25daf25386ab5f29f2c19cca499554a5ea1e1254e2189892	18a08b04ede41f93b74d7e1cb420639d94d745632e6358d12c88b3abf5711d82	3488c5177003465c74bedd39988c1107f957e2be90c871d356bc919cad92dfcc	05cc4ffcf011d350a8bd02e8425a10b51d24dbeffb1dcb2eff4880d46945f1c5
169	0b5a6387c1163b1c78af367453beca435335814bf88c891756573b31876d1045	bf49c598aef8d90127c78309b4cf833c5595f2cb14c0b8b9fa403a92cc704063	175dff6b14771f9899165db8674cfa2c6c5affcb2d8264f7ef45c0b8977863a5	b7cb48700de7e18865696663533eb36bfce4deea91e71256e404e08901779559	565a3e079cf2eaf7d52902d1abd83bc53739cb670e99a796d8a8eb3094b31d01	a79be7f27ee68ef327cade1749102a9c1fd28eeb7493478846f540564e020111
170	3afc958e19a66c894cb0c350a1ea1c4cb6c8f09c7d1aee6ab409c29ef0c38fd2	d8bbb475f08a3edba46d11ca0a58c96aa5468747fb1deb81c17c1a884bf67d05	5b820f953329ab8accd68a36dfbaa6b1128be1215f8e3edb206f50055b76283f	856672e303f1bc7795738ac25d50ff91187f97819cf12cebc2bac0797044f209	4d1853edc3ed9dd7a72a9fa2a70ce2f505e7521e26f74d5ed74334df7a5e4a40	eed51ec38f30319b2579cdd7f20f04d8d9d1dcd6ec462c52a12fcb5500c798b1
171	cd828aa5d99947a3057f81ca1f07eb5188d5764d3c1c5f793970885a425746f0	d7373f4487d0894aee6116a18dc3b504d6493cc025dec27cedc639c5ece4d8be	60da02710c21e6a86d36ced9dac3f1c00a9c2c6c44132f293899efc2ef3afffd	7e8d31fb0db4a8ca761605d938b59802259c216d3d6fe186528992506a517087	27f135977462d90308a0c5d9c1c047e64b704e4a2e819bd6744f11c67aafa216	0c443f038927040b281b11407bbd4826cbbdabc91138282c972660f3c48a6c6f
172	c469a79150c0ceb25e712b996c02f5a8565a1dc5505afdf36de4d8c09d20d78d	6d07624988945cecb7d32857fb27c82f2ef697454436f4b5d4dff3e552ddbeef	f7f09429a97394b7e40b7f903724c643b2515f3906213801fd95190da341d98f	12ae09660c65c359d043f73e83868a8112e92f927d07878b314754f9196e9fa5	ef4a17045466e60486ba23449ccd8d075d23649ca8412cc3ec011885179c1f8b	1ab1697753788b0fa6a593f6830d197f65f7711c97d3e3bb3cd85f0bb9b0e650
173	268597b91f768d8f5409e82876ffbd5e38e61f77dd08df81e22a1142df37d7bd	38262ea7f6c62bc67af362ab4b690fa3087df5affe7495abff9445f7fd284c54	e3d9cd5aebc86fe82a7483dbaa5d71738ee2e1b34f80b336f10127ff8f9b6c5a	8cd5d79a22d3b048f79ac6da22181769e5d1d3cfae6e442525723aa44307f55d	7e6aed09bba0db97dd2a4a133f1662444ae98d20fab4840f7c43eb6101f0258b	d5af17bf5986badd141ea3ac5097eb68a79cf90b897086a720ac628880c7024c
174	51b5c0317c7714599d2b5c0741dd8c3ecfbf80224af36714f9e608a5a498597d	95f685389bb3f5b7309fbd1d88afecb9a341de022b0671de772991996c9d0df6	baf3f486ad5d3e506c8da9fa8ef633ea55d16659d0d1af45decff13315a97fe2	c2e9dd8afa887eeba66695432e0f87ce76533ac9626addf2f0ae3fbffd868ac9	5c5459705f3e3a7bc31530caf6703912f28107da245c918ce5fbfa96ff5b3ab5	20a6f293c784f1c909e8f4f0f722559548f8a801ee5faa5569bbb041ef8ceeec
175	2636906d661e753924adca5376b29a62be4a4f6dc31cfe05bf403d78e6b6f000	e724a1ab0de219bc7d600c89735de1f99a6e8d2797b30f2cc73ab6f9c5d0f640	79f4ca516073e39e790b4796a4e76e4159942cfbfc348c60c42c72b31b45465a	3c1f90e8fc8b6c4fe1d81519d5897aaf01d76f8d89dfb2879029f355618413f6	5dbffdaa399595978735c542317faebda38568cb28cb3804c85ec3b038a1c76c	db915b589f0ec69a8fbd4e11a84b6976905b0195f6de64ee1de268690698df50
176	0a899f4d8f32cc970141de4a66d3b23bb84e28be3cdc560fd9a5dc94b07eca04	9a1263d8bdf0cd3f4ff7089b34fc874b759d14e56ae9c3d829ab9c3d9aaf22d2	8da914ce7aec65ce07b6862e54329cf9acd30437b4a3041bfe9fe8eca8e0337c	cf05ae4b0f4f695aa0bbf1b7fb92310d0101772a9182f0e1ee5e6f32ab81aac3	e203d7eca9f711333a780292a94960c88543a79dde4cc16e9a4572cf4858d0b9	916ad1810955c02157331a596ddee748b0bfd14d2694222947e5f9315c1f6904
177	23d77962419390f479a87862fb64b08469a677e6108d2b69fee4009b5a53d3f0	737dc2bf1515d1460bb03f1bffe23688ac78a6111fef771126a5a988036fb518	5d87bd53f479eb27f73046ff6e9ceb5a8526427d6677230bdb5b2f38cf363e92	599f3a3aad3df6bec97ffa93121ea423b7793de9c5d8a7f478cd5c9aefb8ee4d	74020df5872416f2e029019a05f8748485d150e60817db120a984fb2e1b83045	f2dbbed814339e808def7a4b60436aa8e019eecf2727c1b5a17a232559dd5357
178	4543f913c0f56bb34b23b6a2d3d2fa25cd47c11aca7ca9c0018661d4c09f2e4b	d1edb79c326c818d797f36b63e17050722e6504259e7ce87a2d5e8d94753e979	4e85bd7dfcebbd792c2427489a4b5c16a774e1453c94dd1ec00fc614dda04992	1fed667bd5452d8f55acff32bfab77799a319137d8eaf62b886934a78c505c41	73b8871af589ed825d75ed614f9bb703f1ec03e91a0efb27ca073dfc7f486bba	dd3d5eec33e9dd430dd9922d28d790da54103f9f9e7fd80ec1c5709c94946a95
179	1103f2a6d714e58e5e5ec254630bc2e50b5e29bb31b1dddeb4ae0bd706ad07e7	124fe543b17c3439f8642e7797537d7091ad0156f545e499d5969c914ec37667	d4137635d684b424f5e66b13294bd4d75f59ec7ad4d06c4dedd6349b175ded85	45da9b243d54dd4b6cf3289662ced3eaa46da5c2cfb6354e40d0464ac93d7414	496d8c26f6423df2ff8eb3a36e652304aae519347ac05ac4849cf9e261c21f21	b8605b282366f08f1c37ae098c8253d76c4a371d68de487946021af80abf67e8
180	0d1b5efa36a03b5b0fb52f2e4da84a077b16bbf79f696d45aa0b7c21472f7043	6c33aa3b98f7bda396cca57894de5335041d7832e3aaabda3dd1f5cbf13abb1e	095e27453663f3ffea0e2b8b91d438c0c7951065a699d072e55ef2be8ef90d91	bc91e347c6ace3179342d8eef20c9d343d211c8fc93e3acfda5b399c2046964f	fdf52d6690958024d28615ab1b2fa4c6a035a1f7ba3234438880acbcf342d069	7ef91aae2ee12de317da9264b6dccb9dffe9cb083172e9ef125d1f9dc18f54f9
181	da54cdef360595265d484da9c5494259ed2ea04097db1c96a238f7e9b12473d0	537211b290a2eef9177a708dd3c262b271896d59081af9f801c031e2901cc861	bd894764dc3636cde1c9f272a9686a3e55ab7ce75d3813bc64410c7e4568bb05	925abf1dfc9631e5ee2268bf6e21fdcd0b1ae9d1d45cfc6c9fb27bfff4c32ca7	749f17f671ff0d6374d7d19e0a7499459fed40261d9ea6fa48678698bb360d2a	3bcd8a3af537481e9fc62c4861a88c7ddbe37f385f8af488c9cd0e0d44af25a6
182	f3f89300d6d6229982e518c3e6953f1b5f0cba2cdebf8e2d8d803cf26dbc1495	fc52aafccca5e59deee8afe0464339ac6faafc6431044d2ddfd76052035ad783	6b3c6c7f206e4b710c66ae7ee9ea496b7d4bfb9409139d090c682a0d2c12e53e	9c03f1934e8a06072bc920633ea71f286509ee17d3f001129e998a0e94d58c48	459c2a411762e4085791d02af31458a04d06aa6c4c0f8d2680a64091b8db24d1	5476908c3533a3d813f645d4bb5f91ecfad92a3cbfbd7c5d59b6e39adbf2f4cf
183	06dfa9c740b1bbfb24ad1c6dc090e746c6d1fae1ea6f8b4d07e67be1a2be5b7e	517cb5d99baae627c2e581c38e6966939dfa417df22caf78e37ecfdb36dedb8b	4b49d78e6c19e74ae227b2565c60ec40b997e644a365aa2907667216062998fc	acd1b8b353d3bfadf999e529dc52fc95faf77908b0103424f7dba27804a77a94	851f65a533aa4b96f99afbbde11353e96e755c20b4f0080574c6e79d1de5d7b0	229baba36c23d4039b4616a1187246ec7668d9ec2ffa1dddb0df4918eae2f06f
184	533c7806e993a9f9f0e27379104c73e33494e6d9ef8cb1cf72d349ecde1a0764	6716bb182daec3276fba88276b4e90041894fb8836d29a10e473b927cbf60476	d7570821952b02b4650a924390bc76de73140fa67102183d25c75a06b6b71092	05139ae45dbcd9f4cad8ebc34cd3126d9b388c5b874381a89774b5c728e9974b	7f7ca97f8ac52d89cccf8ca71b7a15eb01885ddf13bf6fa8925574057e3f6148	97e7133aa977f4577341062af5472c83d42c8b9ae6aa6fe37d9efde20eb3b543
185	42724dbf15de46924eaf5a66b31fb9f4ea67276da148d54ec6a45aa2c8ffa552	cc4c2c0e1a3f38246eb64309e69d6ded3b03ca8fc2728b6a69e517873379c516	ad4ef47ecf35eda27f0b1e83c8b470ed8ff103572eab02cd28901688fa60d26a	59771a1ec53def468460e048ca3a05330f025b6223adf57923fd3b7b682bc2f1	9c3d7f0f9a314b0c8d010da403c508bf1f44705e7418ef1eb998456f63053bbf	948d80f53affc3da3e215dad4795589670cc16501fd0cbaa24a6a59110752265
186	9b79b3bb5dfe4632e2958df8ce8cbd17d727ecf202a9de112f3f8f7273c39dca	de745c9fa0f165fb11136a58402c2551785335bb72d01d89a1eff7508324549b	cd017a8eed320e64e2ba1c14c43a986dc6a60d806f6ffddc49d708c31e3169c3	cf61dafbe6020e228693d73904e807291441bc417f6f40444f1c2aeeabbddd0c	089587abd7102b2d28ce3e3a7136c913ec2782b82d3f222edd02fe90dcbce650	0b7f8502ecbb9aad56fc1af7367c3eff8ffa94073e16b59921acc47e33de24b9
187	5bf4b251dd356389e49f953180deac2fa2d5d3dd05098d3740b44505e9104ecf	60e97649d87e26c7e1c1174634fd968ab3a76a3391e63c848e315c829987c5e5	c35bc3545571a1e8fb81930ad535905521476ec1ba5a8aa82af467547cc93563	6af13f82342c91841af66e44af8cc7de26c6a6dbe267fef4b8bb524d671112e2	d164418b51c1fb14dd07326b872cd223adc5759af9397ae6dd8dd52570129f5f	ef00ad9b7ce3e6535be0ee4e553ca17bc235b37dcaf375fcb593f0515adaee11
188	4fa36cb0c6874394f248c592342514d78e37ff1d2d3cc0e5353b568db7e66d63	90a41ae573b9126a7332fa9fabd07e848d60c427a08302b203f13399bb18123e	502be7fa0937173d9eed06002b2e068d420fc2eb8ff20c69a62de5e8479ea8a7	3a2dd17ea7328764e2be0310af2fd96348d8bfae647e207bede5600e49ee10cd	ea78c842248743947f2bbf37d1fc5ee8a4b6ee9d6cb16f6f1287ef41c93cac1a	862b0e93a1bf4137766d0e068bee69ec77c54d8a7051a60f304231172522a714
189	d47b5912a60cee7cfe5ac8ff6963ae6b3bebbf0c97c5d1ede2e7be26b1303599	4ec2b9034134f383b15e484227df8e3103f8d394f08f69a504b9e568a659e5e1	be5e944a4483147e5870f4e39c28084482b1af1e69ba27d7b3605d97132e20ad	9040aa0e97ff2a2170eec86d4c76b24997f3ead4272960cbb77e84d121079043	e217d0a0644e93e45d603585cc4648bc4abe3fa58a5c0069347cf5a9de6450f3	046f62f58c794e5e7ea4919769cd45b91893e23ef9b632eca5eab08e98ac687b
190	02097fc8fd6c705009496148fcfb8ca7249f1ad9ac2fdc269646a5daf6b2f054	a56b048f12a85cbb7178bd3882fe865ccaa4cbd5c6dec2c157d84c5d72d57f10	00dc91fcaf6d8e0f37e93bd7a3c494f7b03834da3262a123e5f2a9a81902ec57	3ce28ad8852030ccc82bc66ae87dfd1928a955b7e5ca44678d8877ea33d57329	927baf2bfbc3d736984e38d75b083b04228f4fdddea21f20e6ca0f085e49d5f4	9126900ed41255cd5fa00b75ed24b2b374050d19074a330381a96b25dbceeb69
191	ab21f4c1fd7b9196d2bb350f39d7cfd0abe7302f495a4d1920cc2ce28d57f64e	9b35da59f68e026dfe2c6e11aee47d1beaacee53ea49609a7b35b59ef9404452	88e6140e1ff1d3a1e28fa3f24039f66c4f4d374c11471ce1689024c717bbac65	242e1dc28e88d7a3039faacc758b82250c931d28cb58ad5ccbc7e88a612a14c7	d1e52efe9fc12feb9526a450646a5b834ad2c2c1d09c80165a63bdcd52546bce	e17396868c128d1abbfde011707d50d3e75ddc1f98b6f746b356352ad0332e2f
192	cb39d8497c2acf139d774ce1452a4605fc8f3dee86266fd5bd0a05a77fdf7ff0	20d60b4c5b47b87338a1d94afdb3bd740e6a98c9592ca70915ab5b612bae4d53	77b749da520c1c584fde7da687fe84d71f4fed07be22ab6ccbc04a1d1c3b277c	a3d432dd551161d6e9d34c366ec90e893e5806dfb3a72b9e1516104c09e29be8	957e3f0130f56714dcdcb59c54212d7a2dda79008bdadceefa6e3c503e276c7f	4c81e1d61ec9c873fd6861f643d655ad76883dcda814225a1ff09e8a1e4a18df
193	07db9d95182fe7fe48a8889a50a8d4e7f1c8f2d4ad6c66d225bbeb44b1ba4652	350a4012d3a0ec185b2ae90c287210ebd63868cffb56adbf62a7064c1ae354ed	2d91cd1af3ecebaedac4db6292fd8a426e145a713d24b0860239a6099d54f02c	18c06d5efd48590cacb2414c5d9e2b2075af102f6903f8ec71a0b9db726be239	9bde82b77b7a8a31c94d6053593c62413acc9aa81a90dd18abfdc27896adc6b0	4fbe6a7f1f1ad28883b81d12d1e7a4f1a71371cd41d75123c03a28e5ce64e79c
194	bb7063d50f00af735e3eacbf24162e749071d9f21cff6febc18213b3b79cee44	b3239f6c4797a771866a0a5f790c075ae6add92ebc0e0d1d6ee26d893366d47e	d6c4c8290afd4306e16dff979e3726b909be060bc149636ac3f32ffb3c5ce931	6267f3355446b904e5c1f1548449ab92ace1f25da9e1a43b41f55b9127ffad93	6da89ddd17301e11b8d1514768c6659a3b02fae62afaff88fd83b76a9417cc44	9040aee4f9ea4e2958ed3c072d6f5094aba18484df1714fd7b237304aa5b29b7
195	2509f61a32a7069158ae8d03e92304392ad285d90b2fe4c89e33ea96293e0054	81808f738df3148d53eeafdeb06ecb72578a90e9e0e9cc05f3a5f5aec184a827	9a8180774bdda8c76844bacb2bd0c522f1936f58dcb3443ef79d66917aa1015f	0b46b05476dbce98b667f38176ddeead0863524ee25b8504ed9bf6d1cb07854c	3fe86a7e1482e2b420d72a5a16fd0994b3d41eb3120a773aad05584d4f1bd1f6	b81f8106490ccc4d00820a70d7d843e736122b025aef9b414064e61e6418dac6
196	fdf044da82535b992a2e58b6541753af1db649c15e3a8171ca42dc4284ebcb54	e0c9725d883d8a990a91f3b763369c3cbddf6ee51f9792c6ac51e0216304fce1	aeda99d373de02e12b5721094a48f2f5d1c28c0d6566262b7379696957dc66b4	ba334018fc810ec0ea51b1be088a34de185bdd5d3c5fe0ba3567fee9c0eaf0d7	b65a09ec52c38b0119e8cfc8d927600b3d33b27e7dc1ab651813746dfbe5c826	16f16c1d846cdbee78ba8a1941011a8637afdc3ea4c7e663006eaa6a9b79c0f6
197	b08bf4ca683ca161ce7ca53850f66242bbbb0ee4b1ed40923f76292658e8c7aa	3280d765e0093b6f1b71abdf064bd66be5775653b61c4e742bf436e9d4ab59b4	5f8d20925b565eda14b97fbfd13fcc9dae1f1f00a6e57679fc7f97f6b98f5bca	e980115aa6eeed352239a1730545b2799c6347a37007c74c7c805af91c5fa79d	eae793023df54b886a9fb53bf0e1d9581697e4e1a14bd3633def23b1d0858d68	aa612f001df546d696a70a8645f727684c107a38397bddbc9c3177faff0ca762
198	4ff9a51ca7c2b3ea1ebb6f0851388f78e81041eb354cda8de2061780fbf2dbd6	819d6cf449d262dffa78726f464e843eb5aa693c3fa995a8b7786730dbf006cc	9f71d3fdcbc6e90b83da66feb7f05d69eb488f5efd95c18ddce66556a333d102	bb0f5afa56036cf375ce0e12fd134ab6811b674bd580965883eaba8b0d5acd19	1a43b669c68b88b42cb23e8dac710154a03666c87f12596d4719c77dcf3607c8	06b0f60a1d137811bee45e22def863027bfec0debbadaf3b64767f1831469fe6
199	4a42da3da26d2fbbdcac048e2e3fedcd2dadba0216c3b03ca1743f506c5e808e	6967c67f866be52923430ce1c267fe097ae2bc37e420c0b96628111eaf47e7f9	0226d83db8da16ab530f25cb4ee639003ad00b2ebf036ddae2f91317426c30d1	369a8dacf7adde12571f93fd6713647fca597779f1de9f8056a8a9d9fd4bfe15	a2f67c13b53f9ecff9fe5cdd87b736b4389bc38b54eeac90b899ff5b6dc88039	caf37663f0b3193002c75fc1f3641343f25d608e4c5e57fa74a9c4e6ac88b65e
200	e95f1d5336f41f5b630ab4eed1620dbac27313c1a3d4e800d38c10fd96dfe20e	970c8df222f5ce9938c0b0629e9ed06ff60844df0f0333eb542e06382ec1f738	002704dd5dfca64f3080084a134acbbbc53d97f42dde22cb8446b7365a58f3c9	135106c8322d8096825fe80ff28b264fe9734a6b72bec95a1cec7569dc700c89	f8576a678ee64012f096867d12539c228f4af968d46520fe55670820d89e56c3	9073e604551de6efb40b983f943183055bcbddffc6e7771ac62c3d61dad2c22f
201	69854e719cbd72eacbc320a6c9e84e90116eca582a6b569daeaa9d58d1071472	950e1045ee6eee3be6f462c347e0e21836129d1a36923ea219430227abb9c21f	1132299cc48c11b144e1063594ca7f5e8b1557eeee9de28a5929f16de1537a0d	a93b9881674f9c953f3543f8359c8f49bb3d5cef3362a454b90c8a3686b4e98e	c8712432aae3acc1ca68d62be51d386a809ef65e9698c2c421ad46630fd97c9d	93d136a6c1cfc85ad219a1c3c1174bca987ecbd932bf6db621990562aa38eea0
202	0f81b1e15e5d67a3f425f5dfdaa5fa570386d7c50d24d5593476adc691e14b5a	6caabdde5ebea94885915ccc6ec4d21591be310ca4a81793c991b8df38961201	cbc66c8db866fe989f9e317ba9ca1f0964cf9d177aaffd808e9c545c8d4a0a3e	f55963fa940a69faee4c910b5868ee78858318855a1f5b73c1d5723735d69602	40c8682e4e22fec3f2eb5adc00a0ff1e822c1d030036beba25d22fdf8c024d49	4c6235183d1f2f058397cda1cf1582217b73e4c4aa7d2b1e229c4ebf5f51179e
203	8fb5e36f5295ea8b9963a324c65bbc4eb0a74d1b057cec2e23580d17317b9976	53164a89ac4ecbde0f1811fb16bef141f7c47ec3364907a5cbced2fd94707924	ca7a6cb95fbaba23bdfb31bbd6b786ca1a38ce0b9cbbf2dfede442208dfd82f3	c55c1fba5bff58b70e181bd80ac7c457e9d9811b745be335ce265260a7cb9831	b4378ef85ba90bb855396055539c1e735fd3a8726e7a8de55948ba2d7d496cd0	daa0ccfa9e9d0bd50ec2bf6b74a567a7df7fc16d00fa8524105e3eeae126e634
204	4cff63643c6173cd97ac280ed12ff97d56dfbc57c7e5e1775f8fb1dd2ff692ad	81da2c761b1df8bc6847b695be466e6468765a916c9da85c4e37b421e464149e	06fdda2a17fe86b9e50ad8fa9004988d4c6660b50844d39e182ac6c267cec026	fe5e17f6c8e00bcb1775cbf7ccc0e78f58e2d86cf250c2332db203eea0883233	79ca348272dee667c0f12efbbe7953afed19060de98b04d53efb5a1e05687343	20adc8a2c2951a5f80cbb457efd61036516e159935c28501894b0b096ef61ab4
205	90334adf321cb6d2d56f783b132100ad314489d340c13a8cc743e14874a96cdb	85c9693b98743f696dfa63079a302e2bf0a21778efcbe66d99911a4e34ffa008	78b84357727d64eebf9e416d5b3870da19bd96f58da5b085a9ebbd6ac776d1fa	a1394168d48130eaae4820bf7439b07dd3b6d944e931d4a53e3730a257662d4b	415fd0b23604dc24845e3d9ceaa282fa22bf7b43880567e5abe8c5a77466a4fa	c6f8650e928766a4303c72fcb81bd3d114d0689a5043a5e7c17fc72ab71a3c7c
206	9e12e5eed8ef24cfeda2cf958796951ea46523576e799f8537a560c6552d7896	e9d909e7bb21f96aaa9fce31ae81070901ce4a98f29cbbb0e0d5074cce604a94	143780a3e34b26cc3c2c87de37207f76079bf8dca633741d0ddc74f432061c17	1b7849f636a26f84d3db349f9a20d181184339c8d19664f386a2861593f3870c	c6e48553800a569cd9a11f5ce18a6bafac81533302ff9505385e80ff194d81c8	95dec584f98fb36906be813f9fa57b24ed147a22f308b456669dead8b4bad868
207	f5d428d02e9058fe580535b7531729e6f812a25634eb5d3d77af4f19abc76aa4	db2012ce8091aa018277acfcd122e34df906f83fe4fe352b08fc0aa74061e738	e66b9b22dcf4d78a08138ecf2441d8ef56310c2011ce68838657db00cd1a92eb	465016118855829690f9ae9d146a1618784fc78d18470db7180e1650808d0dcb	31f8c8e608b9b8d25ced426b5fcbcd977fe536181f80c3be9ddb751c17e84e15	c785cd1d27f1d5926cbd67283f0c73ce47e6d1e0b324e4a49ce2ce0d42bac962
208	453d460fd728ecddb112f3cc88191d7d111908ea1f222107fefb17f4c48a7a7f	56e9fe6c679e537291a608c0b6220ab6b16926910ae0ad712258a3ac3f7e00c0	fd8bab14a732b0323b464e26e02f54b9328899e83308078dea2824b1fe64aec4	1abebb7ed2cae2ad05eca3771cc7cb9de20e6e0283d7fb16d4de2142b960b401	6710e771802955d8cf390d5d555af3f6ff3c6bff613bce6dfe7c9a97d69d85f5	3b57717eb5166ea526777b4ebe6e8c109e30c40c5fc91b880477a275c97a361a
209	4eb4818b9806ad6e1644c8fa7d7c0764f1ff133bba808e429a26c4638e870ca9	b39c20dd4e1c4d03086a150d4d69973cdb4ca9ae850e44b5e4fcfadd3a873876	f72c02fe3cd0bbb2284370c4a98ee6a8935497d02b0e60ce278eea656dd9a2a9	d8d03ebb13f5aec5f327f03742b051a072762a3d640f574aae9189c32abc50fc	5cbc221500178585989334eaf884349d7f247c5b0b1dccbb429cf0ad677f0b07	135ae314abf601085ac7e31b0550e1ebd09fc2a72a164f3a0e3ee414b0e1201b
210	c0a00960c101dd67d5212fa7cff272b44be433cbb4eda068a2e20ce0e41b7746	c0ef4a17367d2e55cfd1b615d172c09602fb7d155a27e2661fe635081ba47186	60ba4c2e491f4a7a5d82b2e133bf72fae508abf3c60dbd453ea7769becfaee2d	320dad429324e69eb7188e309a50ca9a3e85a72891baa3bcd9baf4a757f31d01	d13d32f191eaec129b891c94963cfb03c26e7cd2445f51ea17de1c4078a5ca71	f3f8d80fe91c887cfd6183d6ab3d31f91e898913e42b591e8bb3208c8aded090
211	f15335a52715412abfbd8a8064558783cd85bbed5d51be9af33bf30b62ec5931	337295292406c274c7f396aefdffc385a94ff3fe29b7bfcc14892274e50a5d33	881f8133989018a1ee5ab55ee809c8a10ccddf674aa1ed4317ab457b7963b812	bc83f817c45e14b8dd62aa6775c684b273f42a7322fea2f976010922a5f021ad	e81b93962922d6039e665514890a3905a54120b4d504dfa701fb661f479f14d9	2fbb46acdda4cda3a9dac1a0335f400082a6633b416da35ba26e72859c008a3f
212	91957c2684ac3b0a43e6f4bca79420a79350ba765d5d565a9437fa1735f58e45	7907e28c4ebbeeb67cb920c846c9d5e7c2e969e0df635c351ae3e6e519d66547	f4957f0106e7acffb3f6a996a8b70f3e2f232e6608ed1de565727c78120deed6	e7ab538de6f51bb18cc2084be73ae8459d91a9a45595d2701ffcc23e8f9a61ac	50ec4ff77b22ce3b3918c30b8df9b430a3df9dccf8655ea20322bdbd1f2d8449	bf3aac6d0947ebffcc05f80332f8dc520ed42fb4bf18d7717fb8da7b3fb5fa5d
213	eebc2080775e145d9f1b209b6c8af5b9e061f45a40ee6063a21214063bd217f0	d544510c122ab1220de336dde42c4bbf3158b42b75559440793d537f20dae48a	57756af263e151e9a596ffd28a53a07f722116133db7734fc99ac76aced8b1bb	52973c5e6a2e5c9186fce6c95c26e37cbc11b0652f0c49685ad4b62e1b53dd73	be962a1cebf8fab4bb970b8f240b094b157105efaefc417af46b635730810c97	7f120226f72cdc6fbd76c0e6081156ed1c1671b9f8e612b0725ef3deb14e9909
214	a179df12dfc825d64b7db6cdacbf3b008e5e25ff06a616d680912f835c2ac8ad	0176287dd55a065b4a27ae0c244f5a77f263f8fccdc70743c1bd9824a857e7c3	4d2cff0646c2e52b52bad190864b7e857aa7fbe85c19c33f1655b911f6db4c8d	7b4a21eeb57bea234e21e34a803c8c5a33e90c145f2a88027807074c1dca74c0	c2a2bd6b20876803ea12e648cbe16fb8f0014bd31dad131e6fe8b6bf03494fce	46b8962d28b5e4d32c622d2439b731c35fa80bcc5de7e9e131df0588ef51737a
215	320a65915d3381e1911e29720ae97f07584c6f3e2a4e875e7fbd7852a38680b3	058412a97842d489302ba234a4e3de0ccbd1d40ce0b1cf383a7d90e120dbae29	4505b3e46af58fbfbf751b89b1b555e6ec1b639caff407a0d6a9dc74cef3f19e	6b65cd2b8b38c2e3fea872b7ecac2521cb060a3cc4c2424d3f243b6f046f355f	4020f52463a1ffc9192e5faf72844960037cf65ff177238d21aa0376c10be3a2	5f3f8dd6f2ff167fbe795110c2098886e2c4c35923551f42286c2c9e3f5950d2
216	d867c4760e694d0951541bcb02ae5e434ceb90b40331a07f405fe2aa7a5860fa	136193d0294859fdd0971e001476ca8814504cbcd8ed6132f3152c4e7c00ac0e	d25cc0c717ebefdb572e6f8b0563effd803be5f97610b05456d96f6dcf9e257f	c54f9410a911588e82f054ab30f8cd9664cbe36bedb45ea5d4ce08bb35495ae1	4f071fc8b8954668962a70b643199846c0facfd141b681cbf11d942123cd1bde	3a91adbd32850a6bf69a3beccd6525c0cc5b421002f390151b5c3948212e6e52
217	9b2fcdb10a27099a0966d81f7936939e142577cd6601ddb90cf6bc22a802dea4	8836b7d83f541b97764498868f39fa65eae8fcbd30ddd7bf4cfc9be66c489cae	b9ef155a900e755fc2c2d51bb08329272baa5c2c2ff3904969d3b5c4fd2c4e60	8d4c8a2768380881c622380ea1e27e8fb98c1a9efff2e909fe52511988338ae4	216c7c9e6cfe897097ef5cfb80d958566bae96ec7e5ac769f266e17235cd44c6	2d1e2cd7f27c1e04059b7b66f3b71d3222120310bc5979ebb34319f068e595e8
218	90af35afef499f720c0bdbc162bba6c2ae78a0b714259bf7e2e61b31ab8dadf5	023b8be468b06f9450b8bfe920f08b1f144006c22213eb070a5a61818704bd37	23b32e31a8b783643164576e844cfc08d39d1c10018214f8b92fdeb875feadee	cbaec568031ef7f09579688273c8fee62870062cd3f1358f0173bcd6378a7adb	daa75c7be04fe16642ef97d0660b739d27461b8ac1feaf891c0fc3b1c3be69bc	1b6e23ab879dca96015e93dc13d32952c6ea6b40be777725663130548647ad1d
219	b2c898e2fc47ff21fcd8d1c7a3379cd06ed4eb7eb88f1f60fa18aad11db3c2fb	60ddbf6e6c7f82f4917b1bd20c32a348fa46144b3508c82e825e1440ea660c7e	d101d63f3872cc6d69bfa4f6d54c49516553aa929e430aa3a82288224ae414d0	dd2e0286957f498668f7e762f2fb38d11d1283c149e42105ae4a331459bd3fcf	bb2070ae1911e0d3b2ce909d36039b0dd1ff42901b690640e98dd482f3109250	ec59e4ab722f768433c337e71dc549caf3339c20aaad803f8ba86e2063d9e95c
220	ffc63ffa7a97552aa757128fc5431e949d7b04f69654ad43d3c4b2c7766d8756	2577c5211812105dc17bacf18d3d0158effe11676ff643fcbae7deed80cbbfb2	41ded5ff6a7376b5fc66473fedc6fa0a4e981e4a1d2fb2ca484e48eb9cf3b404	29794a55ea7debb9446d8edcc408a9a39520df3f5888b0afaa97b4527ca17a19	c629b67fedd475a0e19778905ca93c95c7a52268f5366c31bf6a6d1e1ad4c0c5	c4faa6855bba925dd7e6c826312ef42c8943734ec0a92b8461fe20c4829db30f
221	cb259a22ffe1cb258112dca35149bf7df9d6cf07e3812deffa2a6e57c235e318	2e3aaddd2edffe2467a71010eaa86a1da80282a516c171b20f327572169bb1cb	b57f352e18eba587910efdae544530b08e6e34a18aa4cbb85e9ff9055dcfb521	681f4ec605386fee86ac84170283c92c0073935c33edf573532e45d094109ded	64c7ef2cbbc5a461a17bd8f2d5e3e7ffd8902b494e69630199a8a1c87c480e9b	0e37414807f572387af4bd9159dbdcd92a2cd7cacddd1c3db2c9eca8c53f40db
222	c3c0fa9805463490af982dde76e876e23d015ef8625979b217501380e99aa0b8	be4fba735419d9326df26daffecfd10a615eee41ac7b9adc08402f501a3cced4	48252c93b80b3720cc198d3fa07a0a1145e8b7d585ed82c7bba8c0af7d699ef2	7017437f93dd7abcd8f6122979d7bd83b6badb4fa0122609a911ce6695c2ea9a	ae59b7fce99b3aef1c00778a8bc0537c8c6cea260f1fbca462c98585f29fbc11	6b3f2867c299a3ad95faf7af25c28052708324c3fe1b84cd615ec749ace26549
223	f84e2d1a11abe3b22160d767f2e9a8f20422d4a6151ffde1fda4bda97c7b1be9	1d87aa7b378266f7fddf679450512bf38a1a1923177c788026fb4e7124c2fdda	f128512294f545531ef9c2c56293ba5173eabdf5cee615b9366b6bd2853733a4	26e4775e775e15e142d6ee016955cafa718988644dc388069f332278d88bbc2e	0b79938038026545e97b37da637655b7c0d1b13ed5a3bc4aed69822d1f6c98fb	84f22caaac7750d715d64cb92879905b6a8b5da54cb927dd9bc109117e1f0e3b
224	4a124ac98f7c5ee22b563998ca8fae3b5e082442a232bf19d604a7aabb50c539	c06af143135a9b1fd7a17e89b5c88e4e5eeeaf04c7f9298791cd9dbe140fb347	4a085a8dfd4f10fad511506b6ecbc1475c2f0152a8b00487b2eda6b4027bcd7e	4141837e1baed49c63287ab240f338456251c520ae1434d5fe4516fa2c9d8d37	883171dc24883b51257b44f5e68c12291d467f100ffd8f9d4e1dd7f4e6a2ad9e	56c220b5d8c8d0c8e86393bf9455aaf3e02d1c97f81d2f30823e0808bd5a98cb
225	a6e19a800efcbd42f99c0a02855926d2d668e2d84cde4bc7287ca880ff87f49e	a313523b13529f0ff7ebe10f9db275b0d7b3ee989b36d63dc956d49c46efde1d	0bd55872fdcfcde7088e286d9de7aee60c5a13ce41f91b165fd7e17503e2c746	4013bea825bb3cddbe4ac5c9b2e0aa85e36947ebd74ce2dfd74e11f0ca7236aa	1dceddc2dec5c85b08854169da18000161664b2ade0b7e2a5b711105a03894a4	38511a92e106b33ffcd92b29a92c36fb14b245568d176506682aa65cafd6fba9
226	e0d6e8fa42c5d91c47b7915176a9b7f13bb3cac61b64ad7a0eb1fc29a2e4c2bb	068491bc454ee5a03a9d3743daf0383675b1f8cde3e4e08bf8e0aeab20b5446f	eac6f4c760ebe6ad9f397d3ed1394970ea8d8007f98585e2fd17878f1facdd90	9bcec97ca57f78db065459a2a91cddb415a2b1285bd9fa12a8fe0edc20cc3b55	b94bca481850e3ad33f559c5a75da94a8292a6ee4ba1725fca7a188323b221a5	c7aee0831c06dbf29f1f60355dd3b8840142a85571c2358b016c568dc2fb3559
227	5148aab6c1cb13e8caca35b71798f2868c43468e5fc22ace1ad1a5a732744d5f	1ab449c5e4f32acf84cd3208409b704cd695c4159ad72baafe2d349c317c510b	721d046bdcdef9cd5d017b97a8327b291509f767befd4208ac1e23accefbf4fb	911bb564e61b224fdc071596c1dbc9b0b0ab9bd041cce9db71710c47fbb3a14f	1a64f8867bce6f6363ab73b627455ec5d6bb790f9265cf91fa2bd856309e7482	d90344ec5b1db07995f2e9bc034f13e67b34eb0d5c2ec9c323a386cbd09c1672
228	73d92ed3145043d39e7bb621b789a6ded7e02523c8057131599d461f87630b94	3391f74417b1f7d18b763c84f4012924a8fd811482a650a2feae48796ef5c318	7d43d4e14a03df5bbe956ef7127a0bff76b4a5270900de7795d924803f6a4cd3	2013bffd2f3c9219cabcffefcf219fb3f90c8212c05f75a98f043381c10ab82d	e22ca6dc1066dffafe6de36cd8a2a126eb400c36d123ddfb60dd780e2f3b5f8a	c74cdb1fb1ec7c9043808747319be1f7ea9fac224e3060223ff06ecdc6ba15d8
229	a8c5fc389191e534be9a345c586f97039f842085a9f374acc5e11cfce8deaa08	137ed9532bc5da822aecf3b83e9fee215e93f1a6fc6f9657ac3daed8f38eb0b4	7b8523cf88adddb44dfb52fa6995216b6ad4052bced9706c24fec7c2b3bbe95f	13eb92085088c8f13fcb5a39c88874a233783a6ec3be9d3db75e7766b923150d	49d33bb1c0088d5b16aec40f95b2ae527d6ee4ac59dab2903b962e535a51497c	c0d2bc7832973112b8fc9e4993f05144c45992613c9e7b93adcf404f2c04a442
230	7c500622c089651e8c19c9db6e0309d58b3a0045c7e858c89bcb411f039a0e93	dc376675f970e1fbb5170409c9e45a9cdaf4f5cc8a36c1725171459ce7b2c4a1	feb7fdfbe2715a36cf1ef9452d5beed5c924ab0369c6edf180bb39552378d792	0ae8539a753c776e9773f0819a1b13d5f2c9a226011ea7f0074069facd194954	8fdbde8769ea893f993a36f2e8195df4d2c27e577307d28f5c68fdb80989f299	0dce4a891f241830109a0526e16912b14752302bb8dc1e61259b785b772e1090
231	58d386b8a0e4b96e4a6f9b48d901d0cd359f067b4e4036eb1c9f6eb94a9b5d21	af98b0ebddc9a7a2741bc70bc7b61e83b492605ca14b60873a99a3f6bfad61ec	e9cf3d03d7fe95b8c65de207c102f370d062a63f0db11959d0d3891756f0bd43	91f0b619bd6b59cb233647686360ad16a5623fbfa6460553dcbd3bebd68b50cf	7f708e9221fbc28b24bf2e865c7a688f714b53748ace2beac066891a3b761513	50bc3e57eb77d24d69618ca48d30ca9a07fde25c6e3c057dac0a62fe0b320f90
232	edc0da0ed6bc4170fc81c6920d2fc04ae24c3389a4753e496468b5de3613fdc1	bfa328cd95533b431ebe4372f3a3f31cd559702bf461111ce53a76967181cde4	e9e4e69077c7ba21cde1333e8de379703197cd928bb0c69011d258c767eac5bd	f01cd85aa5e7cfb18a9dc7dfde8aa6a5788098aa7e0d777c81863f59c65a2299	c64d248594603f164494bfb9c29a44bac4138c2044d408b85b1d4b604c31a92e	1141afc9e9969f3227ec614ea588b5ae3d1e345b2d898bfa6d21ea2e8728a988
233	afeaa68b6ebea40cd95de78602e91bcbeaa4baaff77cfd835c40fde31138b0c3	5a943d2b7992779cbc7e237a5dc1489336861ffa5e8ecd6e28841ecd80d63f8e	d1f97906fdafaff07285d65e89af27526be15bac526d7836cae6fde663e9037f	5ed70b59c3817d25b1926350f44c76344bfd862d208e2292840f8f5719a780bd	73775916a61884016e57a78d817f5898a68c7cda3dfc1790da0f433b7eef9865	1dca79e1c6e2fd458d7108d41881795f911d4027bc2a0c5071737928c46eba84
234	07009a216bee1aebc05d5ae26890251526a7fdfbec2f3835d510e44cbfea338a	de96d57d7032d025fa0348c2b72245e866b5be993845955cbb2c579512754ae9	54c4c879c3ea1f16899a01150c53e7ff8373204f48fc1c0e5ee7229a070f1870	354fe9fe4a2ad36c1a42ec9fce4eb994c7b550e1d825be72c12bbfc2e2504a6f	58d4d69be3bc17d6c38e89c9096ed0f16c9b0ff0e5199a0f62c072b9107d89ae	a2e59d1cb2bce6047b7ddb0ddc3685f7ca48bc588629ad42f37ebb0ad73880c8
235	13c4262ff80aed0d1c6b6f38d9192cca384065d23f38381611e8c7a3239d63c5	b70547b08881a10110cda0130a01cb82b3a2c258f6086f669586605059e365af	60d5da37ce585af1283be0d67e514fb78c989090b3ccbe2d8d3b9a3c58b7824d	9b1d76e62e4ba41c8f6034e46b5b4245fccf803b4074f2e116d8f580612c3594	85bbf9023799253b7cb97056cead5100352b7f796c9f9486cf8b5d6c53271025	7bc36d8d0806a68ba959f41307e3f68c90944d384abc830bcf7cef1aea687312
236	bd28df6fd4704bc84e84466130281e775172454c5aed5ac62d9b811036c7203f	855b5d3bd1a6aeb3e7e965a8166dae40638f8865d10b48471c1eab3f771659d5	13f4d56bdec9009dda02d0bfb69acf5d2c00e2f9998375c9e05b193cfc50d46f	325a622cde529d54601434fad113e4b8324e977e150486dfafcf77af56f2c134	3f320a9d72436319b5f2aae67b10107ae5d8df2ca345c740a739e25f0026adee	68477195c62ac53b3cba61d1cdfc8c275e0b8a45c1e217e982771b1111e1ee77
237	a36620f53d30f7f659bb7d08a3c74966721be55ab5d059a65666ee5de6430dee	3cc1baf20ad0d85201366f90e9f84cc69f962f110a49d027291ec8b619b68ab5	ab9fb3f29e6152d1dba7c3bb733c597dcc1a18cfdd60bc02ef225f74a214aefd	10c94ffafc8edac0dae91d09bb6f42e96021785028b65065ce2b6434429c933d	9bdfbdcdd85028961086acc9ac56ccec3752abce821836460c49c74d6dead178	5176e323874799edcb7d659f21f52963638773024e55ecd8d3911233d36ffc0f
238	cd7136f7257c550efede3f2481be7bd5fa713d47309951ca5fd41049b6f6cf01	370f917a3abaf23a7c5d12b14e537d985ad27927f9e02151e0c591c05bca2ec5	524bbb6c0c2859c39a9c3eb6b5c26ca94084df114846531bb0145ebf1068bff0	6fe74c764ca37c0880044991be785aff6bc40ddb77b019d64d4aafaf50b430aa	158937f1ef0b76a54cedcb4c9f581799b5d46751c4074e544ed6008df702d955	a8f7be3b34cbc242bd7d7ec61e1f9839ec9a61c55ec294110b03769363b8a756
239	4ffe40cd50141816c253cbbba0e6709988e6f7278a5a2a477a9db3c55f8d9a57	7473cf81d478053fdedc3c4206575fc0bed2d61c327b29dfb7c289886b1f2a73	864d14eb13784b39f79d6e562696fa98ab7a28b119ee6f542d7ca0b994740d2d	c69d011b69c7496aed4906c0f7eb9dfd24cdaff3baeb1f7d64170b30b9b31632	33164c371c7eb68bbf14f0ff4167085cb7bb6ef70c1d53ef2db390aa85f1cab3	c342fafe2acf379d1561e019d4eaefab0982000085486f5d2dd9817efbd6fa21
240	817d9db0f8238db220f6b81bc43bf1849f29b029a230af6d80376c4825161250	28f732d5bddbbb967a172816a644b652c36dfa05abf2d20e18f9e0ba9aef6a27	be335539f770deb4c00dc7a923991517b4be33388ed724573e3c0f083e84f244	0b6dee531004a7e82004245e3eac5b8242db82b589fdabe547f873ef95022556	d892deecf2874b58bab85e8018ee02c9cbcf083632b8c50853c5219b2fbd28ff	acbdc2b4eaec12defd7ea65b0c73a81ae9e879fb93817ddfca43b1ce367b6603
241	1cd3af88e1bb7a51545f307e822aeeaeded6bf9978a94638bcd9c72f5ddc4e21	034e9bd6520cf01d6934bb2213fd20b86f07b9c4e6e98a9afd2ea2ed4a4eef74	431c83009a08d1e8ccdfa1bdb628f911ef7e6c1707c2ba5bc52a5c273356dd3b	db8cceef132b7a513b55a100514e5b0e015e2cae9ee2049e426b6c3084b7e9ba	4f35da4f6693cd299176ed27d442d0420e71dfa32d4835e364825be13920039e	1fe5f5e818ff100e525964e48ff12d678cb5104d88506eae1f4f47200d77bba1
242	c4ff85da3e496904432e44b63fcd1196efd359ec953d930ef6acc56bca28efe7	ad1ff602a56461b47a61001591f2064fc8988d44848e55b9b577ea91932838da	06e1f61b769c5c07766ab56c0f6141aaf7cb3fd07de53356993e6cf0ff090cd1	9b06140ca4a588addaf864cec5b59112ad89110945461d065309363079d6677c	7f37d64943b22363ca2674c01cdcf1989e3049d8e5589a42119861a3ad2d264e	37698f4db0018afada17b5e8b1b617730ac9826b4c0933aabf8650913c1f08d4
243	cba3f4d2b98d58c9eb75891bf98dab195c69e8bc1853259f1851fb9a1f3bf030	965bee96e38a7ff72f808e3ab75582f186d5116498018e425cadc66eb099bb21	7f6d48836b665b6d6662887a3a48d06fd688b8f47f731845a62105cd3c19bc03	29955fa37c9b9947b2bb1e4a1f6f6897dd5b303133e9c716742d712dc473d7d4	1edfc294e68b973cdc806d573cf88d3424a49f6827cee37bfc1c428fc79ed301	996d68dcf234c4579c92a5dd083b0cf15609145eb522cd701b15ea80fd41d726
244	7d6996d64ec5d62f0e43ba9fdb5e7f1740dafa5e6e68f09f95beb81ed9fe83d1	3cb59ebc9db34ea210014dc5eb64ac2e9ef4c905da9f7be8dcbb0999c881ea7c	01522ffc93e27c22aeb5bea857bc04b1095ba15bacc544a59797da49955dfb0c	758c355c83c4a5bdabe5af5f2b7af1031edd0916cdb93a74b57deddfaed7558c	c6642a8d4fc0ba0cf39ccad71f550f1a5c632109a69d0eb51f0ee62465a94dcd	2a2a6a1c5e40ffaafbdab85d3638bd55b03be7859038ed82edfa04939e53f070
245	aeda8092876c02279de5066776264a6bbe78d7b3ace8f48da54b3be0f288a804	56753e864e5d0c7e5f33a8a49c30944a81bd79826d264bdaf766126d61d4efc4	cd9caf93747dc4d8a9d139f5ecd2a924ad6cb63b50767479ec7ac750553034b5	705190448a81598632a0536c586596645f01f7eb8ed45e6f03185fca8063a2ee	4d586eed8b29c2140fe97e408025e9d91af8102671d9f92c78dc18d3c1a64313	5afcf642a1ea58c575673fd7ed64f440ecec00fa0f40e65e0e5594c3d64ffbd9
246	720408a42ee8a3126d8c677959b5bcfe25a6b93a32f8b9aea879dd8aefc1632c	2b4196e397c2dd2615155edd365a7096ac29a2f9460f5fd86b1a2bbd9a4db797	e0d6a9b8d0fe7725e8ef718e745209172ed154731e80bbf93f4e5897bdb0dd56	bd06d2af4b9c6d75883e070507fbb71c3cf807ad16a571ebec21b169fdf02a84	3579f4c3eca5daa5641b1632a036708e183206e36154d39c7fd3e89c177d4c10	9ee81ca19262b93e0598ca1842f129e9433065d9f80dce6f42552c18b08feb70
247	a50b68af40bd090d2c193d8d740b8fbbe1f5a9cf97eb66d19dd206e6d55583ae	16f5e5733af5ee85ea41a6416b877a3560454285bd26d6ab9ea171ea585a8b8e	2405904c197eb8915f96562728ecf40a1c87b6bf702a56d8c6460b7001122ab0	9bd8506e45245d46adf8d188823aae7dd55b43c76c8ab6e412b403c0adf943e4	c8f1500db1daa994be70ff4dc06af064d08b5b6194186c8669908fe66855c50c	4f887603f63c5ec6bb4469cbe0a8d47fae600c019da6314c1cc45bcbfb1cb423
248	5d87ed8beff9de90258bd6f3239d7b5c363559159f2cc27b141d9c4a0e85ead8	29c514688bd478ed4d385edd2a59c2977574be85974ac23ec4fa8b5a09fa513c	e05c49a7c278a994c770941ab2b2bccc4571cc3e0730a24881a795908b0e6262	504cc5a99900c440c3e700af69cc724be8dc57c794209e19b9914cbece1d90d6	91566142b772198a65ff17b939a0918f9ee21605dcd3daf22d539fac19de2cec	99c4c70867e77943a6c92d1bdbbe07d907234243f2a8ef546e2ddf84687fe579
249	5383aaa7fac7386962d9484ce3d1e07095e5525f8acf7d809bb7cb6709a9d355	244339228c796831f5c8c9c600e03595b17c1744b213ed43d56fdfe711443ae1	d4c2f33358b5ec3551bf655eee074c0d5c8e8d3d6db9b38672751042e6166ca7	7827244e213e4403c1157b232e949d1a2a3a2a60c7a2e05d927326fc3dacc5b5	5be1701513426db81aeaff4d4cf2ce17c3c801a9a9e1581f16b3be460bbbe731	590c706f11a6b0d13ae0c109b846762af71b0de7be85381914417e60cdfb08cd
250	b348479f848c78ea749a150046770f146a02a49b60bfa9f8fec15636f4b5b4fd	5b8d67f85cf1397508dc8ce85460e838897803438583ba93de267a2372141cd7	b5c591abdeba3e6653d6ca012bfd3bb90014394a9afe0ea20a705d5102983977	1fd7e3456483a9b16319435df56cd3237abd0a4aa1c6dbb22b4654e8dc3520e7	a086b1e063e657dfcb2e6f76c720baf45848eef20532897750e9aee5c58fea4d	af46770f93e46972725d246b985acac612a62f08f7ff099a3274611b6be72607
251	aac29a72824e66eb53b72581acf9ad74f0ccd4898758bb0d689de2fb3784d4ee	8e1083d5aa58685156ba9a6d62670b5edf53ca47778c52aa0b6def54b2727c97	45bcb07aad052083efe9791dbe88866d94ddc38067f22994d9df6cf9f7189b60	4da75a85e1c82ae40facf1a236f73719c761ccda66cd64910f66b012a02fd137	dc8233fc2d18b7e6cc36e63cf5ba78a136ca9dcd3fd520a4130dc379f1d08a9b	8e4073270e74bb467242084f705afa8798935d2be49b42254248345c909811d2
252	331b16307b8ab8b7f5f210e74b93178c2c9b5bd2622d9b1474ea605734585d6f	913f01d849ff9ce06680516b812a5b3e5d0d806b6031b54300dd2eac157fcf4c	5271cdbad76a3dc417be932aa0e33782262b4f1d8b075c274f894c43f45fae6d	13e527088bfc76ad3df39c367fec3c910e17e22d5b88b44b7fd0659b0309f279	2b4510f5f824dbfaeb3dce0121533ca9c0e7e3332c53d417a98b6dd90b705626	83c2ef3883d8804bbf771186c9c3d37370f048c35bc89674ebf25c18d5ab3da4
253	3d7284151b372bcb7c388a93f2eb439934a1dd490b04e17b7b46bf01bfd37012	059067eceff6b325425ea080db769f1747ee1c563850c5102e36e792cce23f75	f6e96cf0bb9d90df81717304d3cfc3ff0710a1407dba5b0220dc5cb0c386024d	93886f43b6bbabbbb5cefb186bd755af767afddda78229da7375fc8a9fc16117	84fa6703a42325c08c6616855deaf21a309b7b409b38044a1d942eb44641f03e	a90d525ce655ec0cf7821d14def973f66f8ceca76d25ab88e19c705ec9867e55
254	43e3164d4f82d98cb9f55a2534ced9a690afe13a49ea152579def146e49ce128	a7a82feb234f90d90202f1b53980cd705b652262ad19c8ea3cfec5b73417aceb	42a25c8a548c51c0b743266d9d5a5e32767adaa544a26a0670566efcc47f6773	e67afc26d13830cbcb102237e8dba67efeaf78f810359a2c3490b38a4be917c9	32fe31adf4b783462ca3e8cf11f6c1bccb80716dd1ff01817ca0025c9de84c5f	72fd86c0a3021699a1694e61ea6f65c54d33c5455965858145fb5976b6aa8039
255	14ab817cc2bc1a2f86998726a68ca47a4764eb72cf33e694a6ce70e31d5a3206	a82fd5c97285620236afbc7b95cc897331f93840a20e7220d448a9cfd0b1615b	9cc63547f17fa2f1ac480c00425b9123af181aea75c05577a32ff6485d2b1d57	4dc3c2d080e263091fedd7cd972af3f73fd4c85100f68c01745d6583a8da7e04	77570a46259a0400bb02b7151ca76f742980da32ca47a7623eb895043b15f833	31ca9b7a40a3fdb252fbf7912069eef9412427ce487a87dda40beefd452dc871
256	3dc63efad7524c3443a37c4958a3b2a9aab14cbb2d4ca508a57680dab8452ccd	2a972af987369150716dce73db3342f40e77cfd895230c1dc973ef77ef1b8257	9f66f46290287e3c0bcd1155fbb08294280e79788ab660b57a122cdb67d4477c	1e4abd70ee799638ffc9e474d2560c25d452c3a33e09ef2d2c32943720c09673	735279db612c2590a940c26e8642a1ea3654bd47174a3e697a393fb96458cbed	11c2e131ba1a7eaba032ce77df4a92c5059f9be840c96c5d99b2f03fced32817
257	c3a372ecc74c92ed82c3587cc3a70715787c182c6c8ee1d2280a8c9ddbca8d5e	d010babbe66f0615743e1619af68f2362f1ab3a6b8f1a02b183e2c48eaee4a72	933974e3a17d6a7800e09e23a88067d83c9296f771710cb2d3ac77fca874f545	964e573884a5e7d1d929e794de17afd7b9af1cbab1b983880dda1ffb815ff90c	bf0b8d6446ab9556e1cb3a1f53d3b4b47c235f0e430ae03b68ad91e1d815df31	b23633adee21e5d14b23bab58603d24b0c37278a92d243053a68d78191a29ad5
258	248adb9d701d879057676a9d8e174dcc1e8b7460dd8ddc2d08c18a51845ef7f8	5ed5879f8c737b67a74d0bf5b01fea02fa406e79c810ff13256833e3624c3227	4063a6d5cdfba5ff36c72d52524c19ebb6e528949fee670237aeca350f6c2ad5	6aefec7dcaa999a267e07af340bd341528ae198c6817e7e72800b03cf115d725	1ecadab3bf6f5dafcfc0678c27f3edcd81f67d7c9da6225ee9f5f25443af9b65	d071e1ee40b3938aaf2e982e83424990dbf83e04392323bdeed99fc5fc5cc38d
259	006a81c398e90572b439762cc2d3b654d5d5d9d32f196b53b3eaf21a67ac8371	12c390c4bf2b588f2c282b1c96c54f00a0a4c825130f2bfc18cc73da808dc156	13a796a7e2e60ec2c2b6da01f61af7abf4881b409c47d1a31bc389ff43598d5a	617faa60a1119d05b28c53d1d1b40d0e2be5f9873cc4ca984c4ea88b0a366679	8538d944b4b58575423f019a280f9ac9f9e6379dfc05e9f0daa2db15d0d73c5b	26ddf09983c6e2e632da77a472ed3ba78f5d0d001162eb1459f79481d8677203
260	f4a90dcb94dfb6ce48d486f4da4fc715e0d4326ac4c21d5a1a47854f21c093f1	a6f2134231f44edb3eeb40d0bc614d180a4dfd37f1e68088d44105dc3fad7722	22c9d81c81e7ad4ff78efdd1d94a870086e2763464d0279f6132473b8aca728d	0eff2795d0817e7024c8e13415740709a822087619442175901d233bfa56347e	0a00939833b516b8ec96207b0b8859fb89d2a42893e26c472425bbf6b08eee83	7a8d387f905bee85d3c7bcc4126d89ecadcfea450bef92f9c75428e415be1c64
261	8751a6b3b9285bd6bbf11c459b4509def63850594b7878426396d24f2cdd779b	5c4441f5c26054b7657aa06b4f2641e8cc2f37390eb914a20a3f892ffe86fb7e	9fec68c31d3c21d7f0079dda76a8033ce6cbae5460a3814741ca74f480eed8a5	42a83bdde32567963c7ed2a1389ade8c457c0706b8edd6b5e5e8e20ac983ecf9	5f1b7e6f48c371d4e745501cd020328cad99e824270be7293ce9da89855ed07c	4b47b3f0b7eb40ee19d6a396539d983a4481fe10451aae612ee846b4042099c8
262	51d5d3d573088d714fbf841ccf640f522b92eafffe0c8d354395f89e77ba2d2e	1560c70ea6ece80014ba47faa4eb6710a115326b4b5f43297026b24a8a4af1b9	a2794db15db089c1488419ea8f96d5939e9a290c77a9a5fe32b3c971baf35ada	b29dc2f5de0174ef5ca4f2a70b0e24ef620b09230246f9e62f7a20157ccd5b19	130e6a9c2b71b879e1ce6bcec21bdcfde56567e9c17863184a1f3f91557c8a75	4198a5a967e05958c2a054420cdd7be49a5c387be757c64e33ce8dbc4c60003a
263	b39c063172388d52abe381c9f2f4c8cd8fe9af4c3bde785a2ef90655be5fdc47	1a9cae6087cee2918ab0b3ad0817cd1f4f719fe5ffd4c1296844e7445f81e448	cf7bb341a7d461fe7590b004e969700daed34cbd5369d05a53872d5c199e7d70	7535b51750f9fe34f311b5af70ce5498ec76af2f8e1c232ec189c1332da63f4f	992ef8620c0dbd6b2545e6052f1659f25100f7d283368685bf6838c82cf6a7f8	13542295635c2b4135f6a4f4c69013f21bfde0f7142bdd4047758e2b7037cdab
264	1b2c6db53ba6d8bba9951656fc6d9c068d54bd7829b5f31c853b606e1145e37c	28ce6b0f547358343b9bf77fbfe52fafb943517b20cf28d877e22a0f6fb5f1c1	0398b44302d18c9c575b12dce1052eba9e9808bf70970a868c53ca6fb526908a	27dd4594968492352c1bf63393b8e2051a0cc5f94d6afee27f0bc37e75b97b1c	943f8cc80cc5bcf226eb53e7998d52d84d7a709e33f3b9e02337b5bcaf35d991	2d805768c5556f2c182345af383b05195e3737156ccb1009b59b681651306965
265	9abed7a18bbcf6ac3c2c6b8c3d89f2b2d2b3f19e26d6878de194a03c0e93e6ca	5a9f14c6d521febab2c266a000bdec9cfe898221b6bcccb8054299be9fe5cf33	d6167385a6071883af224bf7f33fbb3821f96f7682e98f50cd2da91ee0a6b29a	7dd8038bdb72ced7128a217d3d9ff2c18aeb64249d0d8e070b71b8d9ec482a9f	5e6a277edc9559b2177d113500b3db4bed54d65721c0e25919afed9207b6fadb	06847e8ae9333fe6cf27a374cd81e302f8acbb54f7f24a9c4c29de3d70af658e
266	bee48a1c3d40a2a37b410e057d56485c7160f3c8444d48a7c28f747d5e684f6c	2b73363d3b73ed676dd206e1166400ab5a6268a225ee0b6e70fa7a529f96804f	55cbefa9a6746855493af6eafc8ca2b0446108540734980ea439464470985f55	16cc88dc67e2d64adcb06af6d7d1c4c7d7821c280d657650a02b8c887b01636d	40b7fa09cba068006e4bc52b3cfc85cea54ee8955364db098f38c82fec3660bf	4511f8a25508d2d6757d7d3f147506cacd0054b657beb2d2076716f479f0deb6
267	d63ea8d3c85683d93da9599c65199f608053b3e1c534d5490a50ac733e2c0283	e92ea17e93cfc19590ad8c820de881eb4c78e7c7f7cd5060c6b5adaba577e580	e10e7a8c7940f098a054f0b1a0b88d72cccd098b754a1847e6e068482c466282	74ac91a41c9fa625b569030f3da696ff0107f8461102322c83255bf5ce9a7ffc	65bcd767ad4e538719da21b593ebcab79ac908d84a19d81e1c372a79fad4d500	e929b93e3aeb4c23f616a8afae94fbfb5533e20a5317125fb7552c807916bc0e
268	dad127fc655620f757e622097474ff3a2f55c66b9d48210a3b10ef2df20a4dc0	854448916c3ab8599e248c26e46f87fb6818d0dd10231caff838bea91c6e4005	0b81f40ae151837425c7a479d799b000bdfe86df7d79338313c203267aa4e576	f6739415b4b469039b97e2bae2b5fc06d2a6d29522248b3556ad077ce99955fc	2ceb301fe06a9558069dc0bfa8f1a8b8fccfb6b5aed521f42a9e8a0648094bf4	3657621284a98ff43ef996ba99cf3eaeba65d0d56e86696501bf6390da6d9c17
269	1229fca0becb5a02a6c0b0e94dbbb9ce426803975b78b28c560d007ee463e49d	8e6f99a7cdcc6d3346e596533cfdff6375eb7dde3e8f01efcdfd715fc2ff5079	3ef1f6a1c080824af74836102865f9e251c1f1e53c3f8f8a5ebc04945dd0564d	095d680604343ddeeb4d78024ab29407c1989c18c5bffd5d7a4e8cda996b0287	577dfcbd4d99397eb8a6bca134a1b7e61cd6eb4ca0122d88d03ac5732d7ffc3e	a7148a56c91ecab31c9ec98894eb80b1dfab638faa5285ccfbccf2b8fc28e1f0
270	c994ca3d3b6e6c7e738b55ad06658103430b00749d49272cb8b4f797fe0e80c4	e32e987b2658db5624a04959250b99ebb06c395a9092ad9f4298c5f44595aa0a	025afc750d30527333007426f687739c3ec3f3c6d7934353aa6e44faa91da215	d27a4aec812eec9ba26993289f63acbd12496d5d3e9e111be27b06d920dae067	f36143f8edddedafb917b795b9246e1b742e62c6d1ae143b74ff539e7a378d0d	047bc546417adcef7d076b9b9bb67e49e1627dc732b84a39e0c20eb07f2eae16
271	2b9494275b814742ccbd13352780b7b731715b35a170635717bfcc3e30c451c8	dfaf6a1aa92192610c7df0e464110e11387479793545643f3579587886554036	e899e70751d01f8815801237100c3a13cb080510951895f22547826320ce85ef	f9751adc2eb99e5a36d566504b9a98196ad083426c92484ce721c0d9b4f47608	5d6fed8e27a17650d812b5a6fd73ad0c08065ba6c8845309e2ec659925b6cc50	687014700404622d2d0c4e50d48b50455947649a49b7affb1c911344fdf79945
272	2b039d8098cac52af7120c7b4da151982e2b5347b72c11382ecff998affc196e	1b83307666fae78158cb3cf367d5aa81275829471f24edf819814c07cbebb34e	4b445e8d593058d64ef128e478c29e3adef7d2414256fba776f6f55e8e47aea7	b5b24bd42dc9f49cff875eac96ccc3f8b887bb505f53ccba2abbde52c34008ba	6c42483c6ac592d8cb114ba9e32c517c363dbe89de3adcbb86393fbee6314a1a	05410161bf1ad5cf76118d698b43ebfd2615c82046649b481dcaaf96def591d4
273	7f132f1dc9e4c892ac25b21910e57edcae40d36384060d134ff2cc98f471c483	f70da8320640005e04a2e86c58157e618c3edb2dc00f2181eef3aee3966fcb27	53e90e8ddbbbc475319b54f7e763b3f99c3cf34ea5638182907fd40a849988f9	5c254c8789a614365c9e407b8585ce770641a917b11648a51869537b53410358	b771acf52d1479d518813ab2f9f0ca31e062280eb6cc1059823fd3b1d8b21011	6d446de851e9b3454131197f1b1b8ffb2c39efd0cbab7aa2f4aa5cece214b8d5
274	b6c8afd5720a98559cada61eb17bb74213f6d0bf18948fe551ab50c650a98232	69dac51070f681fca35d49ebf61dc319b9b67f5395841034e02d95a92bafcba7	d85906550bb5c85f2749c853137f94ee749d6dde639cf6a34b2dad5569c5642e	f4ea50319d0d889f0160464e5ba36e51da5a12cd0515dce60f202d822a2a6157	cb4a7702aa2876266e9eac9ea920d8c2c4aef05d5df6f0702c7d220fcd232287	a703948be0c385b2bf9683ceb986399212397e4b7b3e21c1a65ebf369e298e0d
275	525384b270c719daa92af1eafeae56cbf2b6d15df39787e80a4617364915bd3a	66ac72494ef3dfd157daa2ba9026af88cc59d6a70fb9b48bda5f01320a3c3086	4f840cfb2913c9bf81aca1faeb980213b9392b60b40710176b5eb6d64bc228ab	c7101987a6a48b31fd5a16eb18aec23c679f34eb6ba4267b211c801dc58d0979	4d84ff349a92b1b58d783873f9aeefc9a579a4d3b46c15fdf1a581e083a85dd7	5a5f71cc9cebd9a197deafc54879d0befd35c7cb11d3b8c3c8466349836831ad
276	bbef009dfe2c0e707c2cb44d5109e513ed8cca1a66ad8ca7c2b47575f4e11467	a29cfad6f16f524d07652b022c5e8f016deb447bf5e75e94692d4e2a9c31d0be	ee85bf44b6511efb0c17f1d459953c777b85fd4418fff3275d4b146a17c32e5f	a5c181ab228bea0554c5723bf9881bd930acecb113464169c9d6a89212fe53de	0625523882823c372854ead2f51b8833f90a69787f13775f50ff6eaaa99d9a32	448603ee2e15778158f6c4cf6ca8a7472f301dbf31575014387367fc28db37c9
277	118ddef595362af92e3ee73a0af3ca260ac3a194bdd78f899498b3355a60d4c8	250ffb013d86f2d90dbab4e93372cba84c6dbc8861e79bda374245fd9d48ba08	b6c51b72b3b6b832d09f9fbac1c38000513a2ab76732a2db8ec6823e0fe52adc	fbae52c903a3c6638cffceb44de7af5f336ac403af89fb2ae7992f968b6e03f9	bb5024d39277bdd582aebd2aa4d1fc47356cb2a1351dcd5ca1b081112ad7ef70	88d134b00a7a0a0aefb8fcdacf0d1ca8c75a64f86d27bf2cfe349bc08d57f4a1
278	26595537fb8da92d4a4f47d2a362c9cd0ccbfae5c0e84fd3feed89e21a132c84	531ccd2ccfdf780a427994111cdecb799ad93706bfc7a49ec03e86fa17baba74	4c5fae93d788bb8365fce33f5747ac904e53a0bed7523ec7a877e30b5d3e3253	dc088a38b657a385b75e1fe32109f93b0157c78fb08b2b2ed7a71c40f64eec2a	d0a2d9e5a90962fb37a7feec151ee23cbc75c4762624feaa06f974ec02bdc574	f411ac4a5afa3a7bcc28790e0b64b7be90ea97c1939670b88c562cd13a084447
279	d49c3f7f07bd3f23373ebacecc4c44b2935213d24c0a65b95e8bf8619e9a7f65	438d33e4b0e934118c29cc1c27a0a33169afec8220266ab4b013d0e24db083dd	3a05210794741d6b8c81d0b43d76d3f063997d26044875ef562b5821b100961a	b2e2f9ac7c4ab34783f5b68639df2316bba4488ff19eab1d734826e382b17232	d86013135c1a03eec6a989b46f0b72c30f4014bdcc02806233402bd24e643e3c	0680f724dc495b5d26d914df20eb4e8d3eb3085deb273afc5519d1a35e6c73a1
280	1785ddd12455f3383d5ceb7099dac7b99844fffed2c91c7b1f7ed7bb4da78390	63fd14fa46d4370546bf0c87b7bd07e4048259b0a9675a6479f04fa2670d56f8	cbdcf435465a517974fb7038e39b7a79941f625b7a2102a0f02b28ccdb95e0d3	47304c9e5f500a422fa6fd6cd5905caa78c647bfdeab07dca71d9bd76dab2f59	844d15fc57ccbbe1fc43b181f3ea9f2e63ccbf65cdd07b68c33486d61fe18d7a	3c116cc0ae35f634fb6ab9170e61ecfa498ef58ab2deff913bd3543508add582
281	a5abb2c8bb0720185baef0b9e743b986ce53d9a46c8cbba449c26b567147988c	18765b5f79481369c504080a46752fc087f9beb4d95089c0fb2b6611ddfa23e0	e2288e3349523a0937afec1355c78438afdffa19f93902c1d06f44f42a402c29	1b99bc8d08f800cd6dab6cbd4d35cbbdc54ef038a60dc639126ec3039092a553	aeb3e1067addf37aa4a3fb3022368d7ac734ad77c118054affc1a87b0228090f	51fb6121667b583b686fbcab0f13bc12a92e03c3954222bfdc0267d98b25fe0c
282	ef7899cb7f7763beb87541e246e8d2cff14188e5d42f7695a6e240d9148f281d	23d5c49e18904f790c9755ba24e004bbaf02b435b1ef04703033513b3f155724	3b27ea64a238cd2de9a88c0e22f8a54a72f786a39b8254a0fab2e98af7348398	dbd65cbdde4c063f1c470fd9fda6b4baed19199fe939e17a84dfa76c0a140908	2400247537a791a4a15346e510181067a8f4a406c410e9fbd850578fdde0e891	1dad44e2962f11d2a6b89d55f1afc04d869cd22cb42d6e346cb624130cbcf3c3
283	efaf61f0bfdd3fe36175bf18c3c4a0bd9e6eb903ba9d5b9cc8a3367e2f5cc0cd	f057c0ad9a66df3be65a888478050f67eddb9cfaba70499196749c02993bb0b4	3721af7aade64683151c230863ca4b9e68a6932d8b3f4115330fd2e70672c9b0	16f1d49e2bc0573ed05853a3b98b5e860f833a54b1429cad43e3225f2393a410	d2a5155818f8b4f82be3b02be1e095b96adbd8148047bf38f8bbe85472c6f03d	07326ac4c806eee63125ef7d890393d07982dd55a7a2bfe090873290269002f5
284	cd028fbc3d8c107774e2bc3e0bd81d849ce99d56693df08998f31adee3d73dc2	26b0e2db49f5a10b65c27a69743b4576d7575e3e6be1cd093837b2acc70fbe01	73c40a1b914aa4f5f533cfca6e2f18cea2cb85a5b30ee344e6f518fa10b5a55e	b75b0e5df3a883c5b42a068a88986869e7e4e3a7ee1229d32408ffa9d01e4caa	066f4b291ec4747e6057d0248ad23361c52b491562847eae1292acb17d1eceb5	17ffbc76a043676867ac5dda195bc248ce8a2556875e5e4b771853726d211c48
285	1b1c96c7e58ef71b46e8e2e11a739a43c9f82553d06ce0888f074522859a0ad1	7162ae9e3bded4ed4ab4c5d017bb00738241416e20fd362de809170f3f8f4cb8	45b6cdb1ff8893d50d29e862c403e568b3454c84f7e9015b259886ded26405bf	16c81c9d49a13a216a6caada9bab8a04013add28d8d679e91b04ff363f581fbf	e224e7a5a8f071447c3f0cf9b4663219aca6143e85eabdc3da28ecdcceb5f80a	fa62d4c4b3ac7620e079f40494bc2b4ac54eefe6821838cdff9d2d9436bdafb6
286	055c644e000b757f74ae1cf479baa965207c39e3b50ea088f1ff6eaee65fd6f0	08bd8885a2cfac19411af208646068890295396dfd22ce003181b6f053de580d	d613781fb75dcd514071a5bd8b10168669878118f69dbd0285c74bebd00362fb	40027147d050d7ca6f7686b8c5a3b0826be755ef86b43a924a933c208bfb95a9	3a415a796e3079a87c8213d3bd59e68ac96d73e716e5256092e46c6f207c57d5	25c1403ba1e574edb5c11e519b06a0640e22c5aea54a9a78e3027df868015951
287	23ef9e5a2d5a2393043610ee30f5ea2778d079ad5863ee89637a4bb8fc322098	56e32a591f8065a25a2482b4c99caf1129d9946cf7db61682dd757f8616c71e7	541565925b475e52c4bbde04d4654313b436423fc4f0feff8025616cbe19c899	4b1a769a664eb908c04af280a1cf81034ef6a3ae2630413bc4799cbef752e906	e8974c04403f22d9be10814fd49bdb58b19053c67c806330732d62a4b6301edf	5f6890c2f2ae8f303f1d016536b204c42e10f5ba87933bccb635073bca27453b
288	4d223f338dbe28f15ac9a197ce767ef2b6c67247f00fec22983517e059321bde	fc897b6a5e66717bfd1ab6dad5b7800aba68017748daef2a9e2e459f633adc33	6d6ebcba5899586ae110844c55b420aea2c1db20fb4cc8622ab1744d1aa12d19	b492687d3377ea386a930bfc12fe8466e9e3eaf07d642f9540323134a3545d73	a5cd17ed0559445195eb06f8cf7de0bebc74d95763c88e693ee1c8f9924e1c62	a59b639c89d1f564d9e649e9762748b05e817ba42bd6fb3ec3d65d45a68eae31
289	7a15e195219e9ad334c6f619ab3fd6d8404c4f01ec680232aafc936794b1bbcb	f671f9b5b1a0c368db53ef8623ba916dd0715692e7887ca3d4491649a543adde	989e718815a979d7b364ff406a9e92dd6868de530349c4f717415b4d21256d4d	0a8d52a994969d22fb74f9430fda9b85a9a7b5f29008de2b88a3e84e9b624ee2	82e0165626b674668cbd18caf00821cb38daa6a40fe679156a4d93265b8184aa	098c170f1a68e7cae819332e67a7526315ad3d263b461e49fa60ab3126a9be00
290	8feb6c4889d4f067375cc1d95ab9840b16f4841cdce98092e9c8bd8ed7666801	c7c149ebf6eb3e630dcbb8e3528fb29a16b3d24effa6a924b91df0a59e5827ff	3ce89b22bd9f2f8aa0ae006642ad332ab73fafa59422cfe52e4470a5f6b4aea4	414f39fb3bf40c1f8ca4a0a0f0e9fb2565bd59a1d49f3efdb5074914a0536ab1	44fdf5460dcbab241a9c7e10669337bf361b4a14cefcbcaccb9ad1ebbd09673c	8a78be938a2255cf7fda41e1b1832121d1d5c83d38b55e512a238456472011f9
291	018875c294bd1c415c25a1afd420365dac7a14bd81d7517b2116bf3502256b43	0dcfec9d0935093af7e81ae14272ba20c6f4f4e14ac65524d3da13451f02ab16	3fca0624b1bd0d5bde899e9d6a15e9d8547419657c87d649a626de2ba1293728	ccf9a53ef1caaff1482ccd1a60bcbf018dea85070a7c5356db2cbd0f7229bbf8	48245ab6cca4fd8844def051eaac3b0727df70d0ee6b5f0433741126291775e3	d080d767c6d8d75fb7ada241f6bfef697ba2d95fed1033ab260cb57fc059c524
292	bf3f9d3ac145ef557929b11446c04dffc43db991d6ec28bf7dcb857cef3eedfe	635e355ab35be6891883c533f38f10f3c4ac75066a8885e0e430d55f1621f956	27f69129a53c27286df06daadc44e1ffc08a190de8f45d0e0538c02be1b8557c	82c56a505dd25cec14862ff37de2c36eef7be77b0d7992467dcef41bd1ee13f7	2fdfd8611f7826074732e0bc377340f89f8ef2f05e7ab6361399b76461ebbb6d	20d0bb1bd9309f1454f03d1dbda8c1f31a23c83768dc7685ebfe504cbc075e7f
293	8045d675194bf41ee08408fc10c196f4db3fe45473f5584541d1d1442e1330ed	546332c629706439914851cccd208f6a0fc0ed865e77f7e8b8df2dc1402d110f	084a8f2eb4bc32bdf48a802452d5555ee91b74ca3c04913aac85652d8b112036	07b78626956b8fccf63b45163154c8e0e3d542ee488c441dba1c4dad6678f5b0	bc7fa8dd153e98f3b4931897dc91798d09bbdd3b79320ed0d36241a26e3d30b9	bfd53b08f34c51ca2330050e71260dfd8b2cd6e8645991775dbe77b50d682b35
294	0a64de10865e9b0c87aa1fe862f226ba120c8e3e546c836112ec62d0c307e5ca	2392a27a3f90681e8d9783457d7aab54840efe4e0ca2c4ccb72ca57dde55baee	05152fe9c8ea9d531c0cb6e42e50fc490e101fcf9e517d58eb480ae682e512fe	0920b747469cdde551f83867fbb8bd12a149bd87be48496f6f2b67de33bfe90b	798d852ac30bfa226913e4693b0c5e796725c72a9f68a7bfdbfb48e554849657	93c3e3b81fed6f62112091441e15796095ff26c202837da10b10f2bc406ca4a6
295	882889c32a2190a87d904f366088d25b1cba644b7e0a8011ea85bfc1f2f422d7	96ed9e25cfb26107183dfc5ca879dc2b6b50b4b800da2f1e3de08b7b46477917	bcde6075d6e3161a73fbeed2173fe252160ce41d398d100f12784ced2a9ad2af	da9340d3614f908218ab4ba45c2d7a41f225b8fe7d884e958e031e6ff7ab9325	8cda624c61d458c1a0de038d1dcbd0f8408e41398ff87b50f30b1a3c7a9b9b92	552e305bc748e8599a915434354f4f1808374261e810572c395fc21a6b3e1731
296	b32b330583373a6a9dbe52b6dd880a75e38219b9d7351ec5708d3c53c3b8dabb	f2b326d9d4aec9e1dfee102cad390a4d4026e9702dffae9bafd851844f1c046a	c28364c51e0cb5e710321071e2f2b903e0bf0f3acf6d9dab4df284c229959ac6	682aab2b028861ecf0e00b4b33a8d4b1193440e82ee79599c921803f0778731f	0b0b7f4d3a587a15dca45e71e9c2bd185757a9afee5dc59010e0d2be2a184c29	5fdf1138477fac2a0d55ddc454a040e34ccca614286a0c807d796a8ae8ff9af7
297	1638724b78cbc52787cc1f18e9b7603c30eb955ac09ca8fc37324e14a3503168	9c9ca0f7f3fdb607cfbd084e7aabb0d42afc4dba281874e4af14d848d10fe107	351a652a2172d87405c9b62966a6b8a345b06980ab0208bebdc57875c2623d01	fdbf22a888dd2ec47d8c2586a7f59414e7a07a47588c3f98336b5cd659ba9f42	911668754b3e74448ab4068f62155f3e1380c07f0562d727ddab460a97cd88b6	fe923c1faa46792fb53aa5b20bf84b4d67acf6cb85768e908d64deca0a3976af
298	ee1144784270f72735f348e9386254bb3af460dc91dcac18eda228c770b5160f	91d4d2e8b92095da3366a4ec894c70a05c62b690ffbc188d7b2faceff1c1ffd9	09749288fed43592cfcb881c23539088c607055ccdda1a26b8400be554ecd90e	34cddb3be85446fb5679dd847aa00abf15e427b95988f0cb022ca37382c042e5	4e0bab7913bdb9a323fe6a262dc8469b91506ec4d9d4334e8419672fecc482c3	c1da9c881812a4f439a47c825b97449e596c078683538df0d2600ca470e9f811
299	e8b707ef9d97ae761daf927bb1be6863f7366bf01dec10bcc0442cdf8baff757	0d13bc107d68daf078cc65fa8389e9c0444b83f128ba85b5e2d4d4e729a39aee	50b8dfa94df67e8399b57520dcdc6353297892d84d9ab79e3ffb0a3c4e79c106	5e9dcd58d286a7a0cc1b099ba135f6c53c269f8d257d8879fed040b22dc256a5	55e69dae83a754c95d620f5132db49dde4efce0024f64e7fa20c5a869d1b105f	4ec1160c53bd8bec3a67da808a82354bf77adbc9cc60895be7313ab7603c79b0
300	2a01f6226430956a1569afcaa7adca9f0157328f11a214b392e59a70892b5053	ff6277c76744f3c82676d8b37587cdc5ce951968fb0a25b5c4c20d7e60d18f2b	1b6c71c683c16876b59a791f2d0b7d93b53737dae1ddc6593090c09785fe53e8	65f491ed03081cb21490b640f620cdac38cabce15f0edb2fccddadcee9338e58	7e048c1134ee06fbd0fc6fc0567045f26f3f2a478576c7c0dc152c308a6db2bb	36efb6438a6df9f80b1e601fbea954b0d1abe08add4049eaf5cd809ddbb93dec
301	c82891659acec0de51c347c7a20737091d8e94f6cb1aed364142c5023c5da4c5	7f174e074126d393f0979f0f12a784a3defff32979b5191d65d8d7b9bec7babd	f919daeab68a25b921b204131177c1662e35baf9e05818e1515fa690e6b2826b	6f799eaf3a5b42e9c4e51d79c817b7ca303c2155e16d6989beec8866db80ba26	204fc26a434d1b71c70e10122fec701563087b6541a13bb653e8c45c1e4569b1	a058b3b8ed76559451192955447f52dbd1971d5847f528ee9ec10c09fd209df3
302	8a51d6effff990587fa0a0455b4d38420e3ae823951dafd06418ec2e8532539e	ec92ac49e8d6ccd267a87e7e7bac2ecaf780ab93291a5452ab0d37cda2983a00	dc8e483d89ade7575edda26d2145832a89177932b4de41b5400a27a742906704	52643ef078747be35bef37a45e0e906d68e1285572a54c0ee44e32fb7c9bb6ef	b90b84071ad1c1ebacfce696e7f5e6fc5dc4d9da4d4134c852acaba05208a8bd	1b4323539ddcb775646046e5c0aa2e609018424a8187e89b0660615eb6bc4563
303	868bd5c0fbe6e2afb76dc7e277b4d1dc6fd242350f635680d5462e7c03cdcc92	7cfc9f282a332ff1cf26b2e4a158eb7327a10ef430705a8a1887fc9bbbf25fb9	3a4faf7b6168e60366aeef3203dd6946f9669f7cfa0b3cbb90bf26a7f65cd731	ad9a756b02c19d39ec1a73b4ff53d577e692f98a871161f736dbe4852e5f711f	5541877f176f4b5f11bcfaaffd429f127bd5799190565b3ee3675fb7bab6c3d8	b0f228222e30daddb4a2856ac17311a190ae2b82d26eaaac0da5ef919b84a56e
304	6d834a1502634464a7871dd20d696d9c18875cbd0ebe75a41d8b3bd27db6cc9b	6d814533582d2297e1629879a5c8f0a557a3c5598e4b5c062b1841520c2940ec	f7185dc4bbc84736fe44370d824dd70201f618abb79a629e34a257c4abd2766e	28aac1ea3aba260adafefa62a08a32a850bbead48975bd99c211c737f90a14de	0d64567f1fbab11a4395edadcb6cad0a4d9a4b6897c20938a5e04ced0db77549	b7a55f068b4bfb0d46a4f459b57f553c9c465f6437f5de85eaca44b0b592c3a5
305	bde2889742954d72bad07000f8d50ce4996b219b41685cfe55000d75ca4170e1	55b7803988015c73b5a2519ff37ffc4f8655a49f41e3e14b434d9c892f903eba	ffde36a385560de0cdc989de2b7218043dc26b523976e8f2b2a04f5ea07cdc9b	e1b01f77168c8d6cec6b52332c46617caddc85c6c5363fb6e94a79263d967956	2031b03e4510e404344837703514b6564ea000cd3d7c5cac38c700e1edca3ac5	866a5cf16a4e694294c65c81c75cb7fab2607f03007f4a0d49c6538754d0597c
306	6aa48d4377d3ab4143394c670957d300cef52670a978832b6234c034ec0b2f41	a225d189f222a1899e4d02e1ac0e9aa869a6f170f0df1ca3b7ee7cf94da7e8c6	78bb0b253f552aa61e3a379c7b615f73ce5d2b466ad7e0fcc336a627bca65d4e	50eb51e83fa84cf48e1536c569d52b9586b603eff7f140d9e5ed7c83f8e20dff	d36313e056d4e5665e409f840b2d84152caf5ed94b2baafe8263b8822ba3a0ef	409a7f0bb5ad086bf1da30567cc9ac55de55ceb1d05f67b3380ca3b581e49576
307	1d5134bfb2a6da496b06113eaef8b41d87b0267f301bcfc93b09a542acc7ddcc	61fb823451d9aca486035da1a6411926eaca83f6f3307dec708c5d09c02afad5	c6aadf0f3fa1ad29039f553c0662dec1b9e5ab1e352351e8357a45671ffbf9d0	6e6c0e4a8e3f48397623725eaf5b6b10eb0bb9752dc4371c241f06e579342b3b	167e03631b35369287c0719ff173cd291000e8d05e47e5dc6b2562a1d4ff3389	63961b40bff7b53654ab58d9c9c326d2195df40c525a17d6454cd1e4c123c6f9
308	479985883f2e303eb4d9646f57c7618d019b09da6dccfbb8f437777bba0ef028	7f6576e1aff40d006e3e1dd3273b8d269d447fba3b212b3975568820efb5d9b1	ff6cdd661de7799e6996cc9b6d424bb309a77a45b553ffa646732e567c790271	85d6074a64faf7e1057dbf938c8bb237075d9ee9614018e9b5aa53c68c99f4c6	2c9dabcc5cb19f7f7b12f1b5ea6a7a4bb4e6b92b5b53d0c1d2355768b9325d21	158284db9ef67c0963ce87c05cbe77695fcb4bea8147e5819a9fc9b5900f9ac7
309	47df3910eed0b06678171a06e499194a439f540dc96feeb9a3d8be7f2216bd23	272b79a2aa95af636b610ddb9d383a2fa5cb96a4be62705ba82b567611504269	df6c3b6c1dda8130985b51d345dd5ac25a61131225f3bf30ee65fd3bb587a55d	f2dd71f887a855d4f52bbfbaaf274b69138ea87f3860f42996aa6256b01b286c	bfb3e8b45e8029f2c5e3274c4d3e2aea9d346504e3357b6f6557804d008f6b2c	c1747b6efe3dd0068f12cd9d84386616eff26fbdcb6fe7381251b2ea0a9b487f
310	152464707cd5aaad763d0909ccc0912ce0752d3beaed05901ccdef7125b1f408	ca329e8fac7558bbded59e35fd4633ef70a8c5945c49681a96523a6a46a6197b	d6794ce524578318a4f1f72d41dcbea6d43bf93b7b8aa0b7f0c0c545fd8d8fd7	e813f798203c5853ff1f520893d7683ca059c06f542876430bf1aa366d29101a	bbe6d97e25845087af2552e92f356babb593515bafc1174a6b5f16484d4647f9	2ab184ca206a6fecfffe275bd61e9266e24da2cdf387258e34040d94307989dd
311	f54e42e7a4e40245c009354af1adfe5ab04e11e8693f8c7f8e51be2d862b2d35	dde8ef56f0e34fc4b92897fcbeae359b8c0baede49d16958fd32cb32dff1567d	82bd3bc79137ac1195ce49c7a1c13e2a343fc440fbbefb946004e5f113626130	4510fe639b0a16cddc81a1e1b357a7c823c7b7dfa0d8167b356b4bf810f41498	a46033bc3891b9dd61ea2d1f79cd127d2930756adb795258102289ab8891df6e	048e3de42eb1ef8b1611b9d430585d577f64b0b9629138d691623c65e99f5f49
312	eb2edf0cebac1eb0730d57910cc6e88292dc8be36b14676104a822b789deefac	4f82035a1cd59955cfc4fb2d5d1187d1fad432a9b095d4132a81880f4b7c6732	9f807a1cadff4defa8848caa1aecdc9f7265e37e5e0b5a9f1bb76ce5563ca34c	e1e24fad0dbc50aac7622c14bb7341e5f17b4adc726cc79ad91b8ed9b4081c8c	c54f761d5a60a3717287726b23ba231102c8008e617b450b5b9e4e7985f86000	acc626d17783dcff2af9ae8895aa73a9c365560e4581571078d22aea5dc56345
313	22b96e181c28257b2506ec413127f47bcf3ba49cc263f9c7d83058c926b4ee10	043eb5ba0640688484e7ce2e877fd0af824c667e623e2cefcd86cef55b4524fd	430109a35b975462ad23ae1c5e7e41a7f5403a7c4575ce588f948c35c6e351fe	23dec97c6b44be68cfbe6e3d4bb3c4018509055e1a76a9ecef84d0d89fc753c3	bf534b71a2c0d62ae394fb0a26fe3840f0fd852d012189c96a4d723109f3d3dd	bcfe003aa37815ea6dcdbfbdfd3c22a2c5b712824a14067f120ab8674056d1c6
314	57279d02318a252f6e0960b46c6d70de1ba29513f0e015b083eb6bcdd38490c5	e5e4b3b631b7704285e19b87c23e9b421637f668e5c0b8fcea99bd317ac879de	88d18eb0243e30078056bd57cac878c5e4b744dddc4188210168a13f7c02975b	cffdf9f81b6a4fd8064d2d9d9c67c5c7960f646dc66be39574ad6d39a4ef9431	457227ccf1a70e80ef368886a04e95a96d68f9e9dce5b9377b91de8bafddae36	b1be815da7f4a782fd66a61ad0055a7c39ae4c7193b597690b1c1f50235b41aa
315	840221c333c0e316ea336092684252947b250948756b48f382c3652bde342efb	66a582a0bfb5d9f5c7b2bcc493dc1bfdc3133fdd29d6f05b71aa8dd40286a66d	ab617f30774b5bc746efc86f701bd3f118ddb367c35e490e414abfbeaf59c555	4ec197eff1d422321bc28da1579a18f0cb8394b662a26f24d216e960876d8e44	07bed2960123457da267aaaaae1452d317a39af10436a3162512a762273f805a	fe49088cefb5d7c92154d569f3bc67d425f7520228aa6047f7f685689f9a3066
316	f0f4bb80b4af16b75bc151bda2248bd47a1479f3e42a41048a293ce766897c38	0d7e3a8aa761e0ad05719ee6fbe161a89a44eb2a8b061fcbd66e8243a6a93389	341edb693a892946e71772826f5dab3f259e6a8361153172869a35c0111c45a7	646f9d6ca83c845ae2639eb8c3985b6100d7f14f77aba1edec305cb9efd063b1	c232f7e6ee67f816f814c5915044c05013cfcc352aadaee2fe10b7aeb6cb9445	01911ba0e432f5c5e03e525aa53fb3475d2b3df2d0a6b00381fa4cb604d43630
317	0fe5d6486c4264c1a1cfbc0030b6828c9a3aaed672a1e9f229a633ab9dae213b	966c26a4d622990f934c0d14888d3620c7ecfcb51e897fdd9683c2e6f92088d2	5bc2c1dd4e3076acec0e78a6dc2d195adf9a00568a75ce1db238159a8fc21ec3	14b39dd35dee0e3b73b2cabb179ad60347b3d860d1767c1a558a3a247990f9ce	7b65d876017eaa6c3eb5fa08224494f340266ee0ca25bd70a68dab354501065f	42ac925e1dcc7863a6debf97054c457877b7ce10e80c9683d2f9ff1cffdc5365
318	8c90b6b8d440930a4faf90642568fd54daa5325f0b3f9846163bdb936c250034	ecc54166c32dfe860d6cf503944376770737d9d528d7a60c948f70e52a93f423	6f7944c724aca4739d2df4e774a98c939e658f20b8fa619242a16f93e6c1f9bb	ddb6f7caae4bd0e1f8d01ef679936d174b720e02a078c430654fece407800e32	01c737c595af53d6b9579a0d5bee194394485f4ab2e429a4b384dba93e6860c8	f00c6834a43a8ddcf650995c6ff584ff23ad2365f4b082293c3cfe6acc7354a0
319	bf63b119b2923746c49dca84a73b4bba34ee4d3b57ad9616fa75c729ed5acb76	25ba176842544743de7a8ca4669978be5b68f0fc16e3a61ef0bff3e6b95034ff	75a1b0d8e365d52c4fd03398dbb6137b4c9975f029f7d62b5cff7229400e3229	d9ad6a3d1f89301fb296c377bbc71f76dd5301fdaad23d2040ddbdcdcd9c53ac	586358fbaab827263a62519581eaae6331e0d7051004398239fbb99ea0b56605	838db8a542f4ec51b229ddaf9ab667c3ab880f0940b17aaa804c15860f2939b9
320	2e0f947ca95a83110fdb492f3abc6b16f2644cdc407856796cb7f8c7ebf5b44b	04fb67f86eac1c9ddf05fadce387674ed6cd14b77af55df027d38fbcf0388112	fe8ac4d7afe47f8c7942add8a352182db8804e7141a0c69adbd4c18352f0cfd2	c2b791d2a10622b592e80439be5b038616ab6e98e2a38c8c7cfc8eef637dc457	b9f2ec00e98d67db2d503b20bf24b3b8442d671db505f8fd04ae23bab62f5277	c60e2187ac4e12f23caaeb051d5aa79f3087b719e6bb09a8702acaf70c0e34ef
321	f72177d9f33e014874827280bd8d16d33df33bdb86a1d655e5c32608df0bf164	082f43a488ff5087b31eb8e7624b7180fd8a6cfc43c99f801c9991c4e323ec30	8aebf6a9327623fade21b9868fc8452ea7f70a1bd7ec6b971c2206f097ec6b4e	f2425c942163335be11fbb4b053c93a4c37fd55d6f5387926e0d015735d98bed	fcce88eafc09fb79da179842781b786f88680d890967e8c30738fe7813ed1935	dfabc6bded26bafbb9758238c23df6dc145a5bd40b1020eeff7a70ae9c844665
322	3afbd0b790be51414c730375da9dc2ac0aef33ddc7752a576436fbd556a2a8bd	273b11ab8b92b8e93daa73110537380cd1e9d7217744cb39edb20110ec5d93bc	79fef1ffa3a6dcf996d8506c3e8443ae1008ebd9ab74acdd64fc7ee3e32ce83b	1f3a1c23e4a662fe06ec19c49af0d4528b897359ad2a32223c2f9123dba74c2a	3d3d4c8ce37478d9031a7cf32466fc76489bb7f8124a9bd561dab0ea2f7a5c63	f89518e9fbcb030044742bd21da77f6b1ccd6435b1a8c26b17ea5e0401b20f27
323	51fa86ffb84639af730c531c5b51cb827c5c9708164207ba77cd1027eb7deba6	79d01a1af9e88eb7dde4c87fe842b166cea5aad80e8591786323e224918e94f1	107c6588962a55cef78ebe533e4e121c0f7a960990f067c1b4a98efd1280f400	20d4aa017b7b6c7c2c6cd86a7234383dbbd3d5be134cbf5a5659d1b3d3bec880	e4668c89e13da1d83a8e754a88fb533b63b879a2fac7b8a9273f6f6d4bcfa151	bfc2a52972e7541a4bcb3fee2f94a76c4151bb9f4574ec885e6580f19d74f695
324	58f2b74e1eae1ffd77c16603872447c57f4a0348d50a014df6ecc90c7ba5062d	3e59612d2c2c6d24c672b6801c452926d97e5112ba0479ed50e1f6e919417466	e57546d7821aab81b71b70e52182838413f9c8899d86505607ab6c2cbb2e75da	f5e22efbfb336cd4e3b8a7a596b7125a8a30a39750f65ebd856b4efc6360bdd2	6ce020218e5e37b27a4132ec265eff361f47d3a31fbee6b29bd88255123b922c	b75bee584d7c4179ad9623c7aa88d80acfcfdaec0a36108bb20b8a50120b5f21
325	d1cb11d9f144e46e117d5fa1b903803a6c2556549138906861546be35a667826	13b02466994115dd8243cb0f880a7fa86ea4caa2a69fd11d1932a4d39d949811	f923dff69deae22fc857f9f8674d3967b39840194db5a8a0538a249aa9eed3d4	25c1d1b0ff93e96837087348a80216bbd8953a9803fbe53a58f1b1697c346da6	fea7a585b045c49427034cbb98ce01c0ec4116ec4c6870acbb93d3ee34b21c08	d714306a8e350e2aec75f79ca94d50151a73b5ca5af48ab77b71e805d7afbec1
326	fed8f23a61d4025299a387bdeca74a9e6db2cd0d0cfaac2d57a164f1aa5072d0	965a6ba483780e5d54f5a3b60d32d17af18f34b6287f73f0930c3021773f817e	60a04f482f39449bbd5b520aef255f0444d06a3c9b6ff69e808dc07d198979fc	f9f7387e381010b0d16e46613c0072c936218114af4dc1b01e8084943b6e0ecc	d7136e4950797cf96efc0e69182a39ca0cdc5c0bea0534873c7bfd4fa568407b	3bd1b32ee37a5bbc5c988eb662540fb1e583a988774ee49fa57213fd88358808
327	b7f7c39c020f6bc7f7bcdc935b1c5e28724b0f8d0569cdbec3f7c0cc7b1032a0	b9997dca9afb12244e30dc4a5d82ffba83b005001e0b783874894dbbbeac2b15	02ee11fc5c96c5794bee2a2a69f024f9b45d0dbbcec6a1a42a5dea51be8edd7d	55c7a9b12e62b3e3a4542489b749e59d48017217eea7b15e7d9ad6d9d71c70ff	649438a2754e45e07841c3f080e26fa9b57f3ba60d2c9ad46bc436e58c31d85b	731c66694a2473a0888eedd06c3df5a035ec1ab39107cddd13089a8c98ba5f8a
328	5ad0e1cad76799528798dc3c1db8702463475a73bf2fce7393f2feacb27529ec	4c07cef74eaae5b48c2d9713ad4569d98dcd6cf81f0961689e5a4528c8ceb333	18e103f1824a226219c7f2ffed40e70cad0be29dfde03ef5567145d25ba58342	bb113f0ff3b706f195182fc1b57dc7b8097681fe5eafeea741238cf405191543	3b120603e37bd3d9438ae055a17cfca30292b558f482fadc3997ca18ac8b950a	8ffc0ff9c5fe81158f26ea0e64b8d7ffde255d686f6393cc627482464910fc48
329	4503386ff474edcf8faf06f8632693bb8b05062fb0454e9efead807a395fba31	d7793ead0dadec9c89af364eb3a75d1f3b144d4ee0d8c31ff97c2cf5ee7b7348	8be45dfc08f8fe936bdd400ba29f30f04bd62ace117b0bdffb0764db3d7342ea	d0064641e719c9d8d3d2c9621e7d1a2ec6bea3166fba4c7c3df6159476ac1c7c	01d5a6c5caa25f6f7a5eb194af507a4cce70ddc7eeaa9d3bff7d61201907456f	734c30d4c60120b328d0ff17f0d3df3d61fda05839ecc36b6ac5aefa743b4424
330	0f7a5f52df5f9eda795b227cc48b2b61e9e0315deb978ec76205c56bf5ca9132	7753fb4b937823039967ef99dd1b74c02ce58f366b0d129e6e352478c619a604	e2001df1586f8cacf19947cc3d3421ff91ea0a1b24eb71db9e3f59dc93b21279	494ebab633c6f56d61f651cab95942df71543f224aa9ea8807d1e37b32b056b3	a598dc49bc9943ae7e7bc691370e8a1e913d6095db9bfbd2f24434988a5e0fc3	353774d9599ca92878707c98337db6544089463dc4c02ed078cbe011a580ec89
331	a18d21e68c0670dbe4aa40e9cdb7bf6117bdf77721876fe62139460812e182ef	87a2770afa74adb2ff94357e7fa8d3417166f308364ab104c67b4d2fc6312a69	b164e8048b188fbe3468116589013810f6fd522e0e61132858fa692479cdedeb	eab4bfb92d4bf0295c3d7dea74a7ffbc3cd8a5aa0d960dd09a4bd224f96d11a1	a9d3064c2502e21302d2f12e5b8e46c637c102114ab8cad8e08760be7287e554	a8db6e287b82b3082761a6b2953a6fec38045507ff86ce4e929fd7a6b2c34c63
332	0bf0488df3e664560c83049ad48ae702683f7fe38f9e10d8749f108eaf969000	3300eb1ce08e211fcd4073fba604633bbae22f4deaa01cc684694d6e6092f419	89abce2599e5d50fe901e5c6175b30e9acf3b5a79a9bfb05e345ee2633ea44ff	30ac1f811d2fdf4df5b21f492f3fcaa8199b3022725d8148d714c6f074183bcb	0d019585bb70f6b10bdf2008f8548271827edd323e6dc88d07caf23de71b0697	f764bb8414bc795836fc8da57438ab9c97a6d36ab230bb072ef45b1489ead3b3
333	31740bb46f4d15d796dfdebca2a2fcbdfa4303f537bf10da2a99982a048bebca	8b88eb5c87827c03c190607d938b74a9b6ac785a60f54d877d6165305849dd4a	7f4f67ec697be9e83db558e1a7ab339929f5ee3d36d3035261c3aba2db102163	476ad30320db5cf331daf986bf4d953ea436e98a21a719eb3760f30772ae516e	4f0e63ca92e19dfa318d17a6bc18005484632d7ba0c3f6f47fda07e6eeb9ff3a	81e154c8e03e050b74b3633074ec77cb9e223a5094e57a6b9947e76db05363ef
334	95c65c138e750364319e40806e0b0c4eaba603009b6e236a90ca6b38143251f4	8629907c0969265148f5d3604f7e8f25a083ffa775c728f20905a6032e08f924	41247b0ddb002017387418552f7e8425067a30fb280bbaf166477c24dee1a9bc	8a1b8ac8a46e2c4f3c3dab78a81bb341a0ee5457e4abd5667f4e7dc4575b20cf	3da28ecfe6e156328b598ca6b68ea22f77140f29e42334f3b2713c401ceb19a3	806cc2ef38835dc686c96c8bbb334e38301e02dae0b211a5de2b111ce39a8fec
335	6c7398b56975f0906e43b20d8caf4247475fba0ebe4a9dc81751fdb7466ab18c	d2594254dbbf1f281512bb1f927da3ff2a1a36e6c28e35209928bdef7307e5d3	2b0d7158f5f847c87fac3777d3cc09f51fd732e1bef8e0686bb226e1a964da2f	fc75554e5e8ef06b0e3bfb33f722bf087b0d021988aa0ece75a01794dfe624b7	249d59e409cfa3816867e41f7f4da99b69c16cf165b822f52e4322472803a3ee	4bafb04db3aa7e6c9544169cd67c7c4a7f6fcb253235a76a4b27db2dd1230cf3
336	2522d19b5730b7d3f670782e14b1dd1bcf11914ec3a1e2a5397b016277cae9d0	b9686b9264e0551b023c46817a7daaeda90cc16b97cc224c9a6d6806eb435dda	99eba73c7733955dbfb2866eb3fe6290dc57b3492369e5bc58bb75d3fb9a6061	69b61e58cafebb00b2124619d4301e039d7704ddfb580e7c975a8bc45c3b1b5d	dd76ecfaa61e7eff992899065431b84df07c1baaf73f90d48c861564c6d385c6	223fd24f3c5f9982008d5d928aab1e0ba76d71dd5137bcacd83e0dfe64b066d4
337	6ddd8108a4e64f57832144658e6cf86c2b5d3911f3a79d59a4f4118687969696	99726f141e9dd5f0db21d9e60c128f2641a2c4f38b3abbbdb9d93449c0effdf6	d395310a389f838204ce33c72021dc09fba203d722534685c0a4def559182f83	6f1b2b248bfe9c6a005c95feecf17c15d2b08572ce6bf216227300379e243f3c	fbde357fe84f3753d41fbc72bf2dd2f6e599bcd6ead62515b5a680050c3d5a26	ffd68bb72fdc937b434322751d41979a0e93057a98db997d139089494e266545
338	6b10ce46e06a1062eeeb71365b0b2246492491cb4efadf91b2526bb9a41fc380	5b46d86a8c9f5df2fa14a6fcd5b4d9d1a3dba2f8b949f48ef6fa993732ff5386	ac30d46f8e819a0d56ee783b56c450594b91017180784fc66405ccdface9702d	c9a246bf6ee821579f5eedbf683a82afd6eb33bad117e9a0cfadcf99d7602fa9	32ed726848b3c500876d2b994a81de4cab89a069333300b35886e1ee88526612	4f8abd045a12bc2bfc07a82fab3d4bc24b7948c6e2135ae2fbe82051f6d45091
339	75c979c7247fb918be7fcb2dd3bdc20bf4c528ba1922c63d2899f7dd30ed40ce	9e6126dadd960ec6c760085d661207c3df3fada436eb8fe1a771689e5b7e2c57	c74041bac29d41795807af014940415def1739eaee2f2207eeadfc80ecbf89db	4772c8d1ef0c3fd3368b13b965daf52aa893bb0012852690d2b287bfc15bc453	9bf36d308191897ea4790d0aac444c1e156de7fc3c7729ee679ad5caaf26a8c6	b12876c1f536bbe40148dd83dbba2e04a8b3c469b864b70943c9180339357ed4
340	e554aecd3d375223f9fd896d09f94da72d34d05dd3b891e3b9fbdecb86a5a550	f03571b7f9fc9165fbbca9dd4b397df0b06976e7511a518d0169495a7f9e9589	923e0a51e796e09f79f619abdc2b3d0707ae871d49e620ab730459b8ea0f5135	ffc770efb23f948d7d53ade989fc72b0e0471746249deab4dece0c7563ab2493	8589134b0db61b83827e9610616d3d4907a12958a8e3ff1dc6128254297ade89	e9f56b709bc5c3b98c388e1b21d9f9aeedd7806b12d41253c4f8568727b9325f
341	43284b73ddff7d0f6f510948317344e5e82d09a062b0a18dba58d0f7c756dd32	223d833865ec272ed1a33814fc689d5b98ef663f32b1b46e630dcade49ca8286	c4662c1fb08c7ad85e62587ba2ef503703bc6b1b2934bdbd8d72ce5570724104	d6ffc26dcb2362e245c144b2c2e8688d86b2eb0776764aa0c6e75e51605e9ee3	2b74fded3875406e5458e83c115f7b7124e7cfce0e8587a3fb23255377bf8b2d	49c66d6e7e4bf263b70f2a835754f7af7e4a3bf242012d97e9178f873cb4a5f2
342	ba61110a270f9af6bd7e035026582c3522ea30bd7363753305dc16ccde0f11c1	8857d30c6b8da6c2b16d6c933e7916a4c40e29e7a17e5ed91065cc6b706f8f1d	29b3803c63c63d9bf7333eb9f3f07918d0e3b71bef29d105d3b2b15744f9b18c	48c7e49df8a62a305353d439fbfe65e5159d5ab9d23ba85c3e2d683e515c6998	e1ffd60e546bc38a6908d7fc3ff89bf1b67c99d75e590a077dd6bae2da5ba39d	3f89329e892c161832ae7a4d3dc4d54d729c942da6c2cc55221ac67234793b06
343	ddfbd6948824d1f5357ebb310384900670d03f00d6228ac180ab156a8818e045	74872d580c27d1fb0bd3eacc2b44e78f17575baa822cebebb53e38142e230515	b4a95a5a1de10225d6dbd56682e06a0d2f1b3b009f6aceff08a71164d89fc940	89ec195f138c6d4054fee125a939e0b8f10db50d94b0a7d7888ec56ac446283b	4cbe9b82a2364cb99bf1e71f710c93e726bbed1db3a14e55fef576d42a8c29c8	17db3af2bec13ccaea4a149d2728a7d72fc2a18d8a86fc0cf42d6bfefec13775
344	51a9e9db2315b002165b8d7d4eca2aecf36bf8108ac15cb3566c604c828ca93a	21f790ec91a3c406b16138bded6bc9d750c59803e285e922f5bbb72d3ff1d497	c7b600bed170c16d56f60ad9a4fc550113c091da23280705147547b2cba7b308	0a699cc8cd4098ed82700359af7dc7ce5b1ee3b95e2347bff2a4e4eeb0e74403	71244cba305dd16256ebff6b18acdcba87ec992171ec02ef92ffc15022424fe3	fd9174b1eb59bf411c188e76008cb4c76f0e05db7cde3ab5f4e6be73a6b2e844
345	3e28255fd697c801c83fbdf1bc951e9586eecccd0653893898faa68c8a1a526d	a51f67ec402ea1bfeaf0a0252546986d8af0ba5a27aaa16e63de6f91f28c20a9	ce97d6b5eb628d35e471c34d2f3cc139977fb566fea45c7f4a36416f807b93e6	5a80b517e667bcc43eab6a52038602566bb30d0f2116955770ed2e282776c1c7	5289d17d59909226b7bd09065ab16645e5d4c85ffc688576b0e429b04189ba5a	fbeb4747c8f37142e32f718784a64b83762fe620fb52e02e8f7a8d78af94279c
346	b49e1adbb5f961417bed922cac43c684bb0499ddffcb4130432cf322eadf3689	d7243995302cb3d9d8f4e5fdbc4c33bd48213639696beb70c429652ac79f4e93	5b75acdd4c38c16e19d7283cf67a1e8e8b26e68e73f77fe42afceea2b335c74c	1591b28c231b3d8359de5455bbb4d953d7ad81b9035a8c6622a106fb2927a79d	f21b9835fff1fc232f684dcd7d0febc0d3e365ad873551f3686e723ca79fb979	9197bb4ea42c0f8472930e159ffadee06bd2b67448f0de2c131f9e6ba5ae5204
347	bf25a33d5941522d0cb53b5c5361fbe7c4aa6334adb68a01f14aefa5ebc4c48b	ccf62603fb4eb74229187b9979e178c2a269b88d9c4cf01edd648e600ccc6054	8cb4568e60401c8b11508801bc068de51ae735ce578ad946efb96a67e1bc00c3	55b52e832d46e986319d06b76375d27c08d453af1aadbcd884600e244072ee4a	715e2670372a12d39052ac658e5a651f2c3e6dd2eb3f46cbecf42d168444d9ad	465376bfd1b0972a627835a836428f108ebea6195f108062f1b79266b7d9d5f5
348	eaf97d1e2e387da11aa5bb1e8b9435facab1728588f274070eb0f09e195811ef	e6f4e2499161a1d291f724b585dfd8725b8c2db416098baf45613c1ae7153686	abb85210f6de7419465050fc5cc4e2acb3723236e3d7653a760e85b87dff9e96	80aa9375243b218726b737fe2b4d7430ad2d932af3b150e3cca69b38891c3e4e	98c5c6b84dce847e383af302e08cee6216920fbf7f59e763045322b068d6dbfa	0413bcb4823976e3e4571d5b88e328185e60697c1be71d490df8b491efc480b9
349	0c0fadc5be8b2edcc7935717bd6bb1ccdf576a15a7dc0141f512bbb6d67863f8	e9df418c7e065cceae1811e77e26d05b7c8b1595449122d40a10bc0d9ad17fdb	b32e41934ac5cf383cd807c0f3100d50b2bc13e20d406e9d81cf3514a3c9ebdc	1b136d64ce27ae5da5448bef71cfd798a78d9176b3fe969fc9291f20359df56a	a14f8ed63cd00aba84cf8c1ace9ccee3aeb9bfad668481bc4866a6e220007982	b0247bd7abf2640f3cc78bfef113755d1dd1532dbd1ecebc4a7bd293754678c0
350	3973ba9af252d7acfc5d2cdca3df700c5a60276e99a6bebd583c08a0a3170c93	693964ef8459e3c99c920da6d4f5a63ca3e99ff3b2f69ecda48204846c2a9906	ca03845e13015ecd85ebc8a614aff6f7a01d16b8cba56973648eff35d50344e4	ffe91b297841916fd00dfd4c5cee288811df50bc8ac17548398e9d10707688a9	58949c67732cc06530f11b71b345cf3728cbe2afddc01eecbcc1deb217c327e3	d5612afd0689fa8deeb2662908d0be8f780ecf63f1df9baf1b7ce817328c9e6e
351	b8de3ef7edc855fb533d75c1d81afcaed29eef6e0363e83f5f881518f2cad7ae	379719f0b2dfdcd27b8854916f437474f871cecda787e9e2f7af8b3d5e802b30	47e20aba401c1e426547fba50493af5bd90b1e1b37fee9631efea56e7cba6e44	1232fb0f3f1cd6aa79bfe5182de9521a38f1de5ec599cbcbaeca5107004c362a	6bc15f6de979b7a567a4923acae68268398fd3196e0eda3900b1672519b542ec	f8afbe202057b8b8605328e1265d637452d83378868188d71e1a5ee79e0b3cb6
352	e28a2114eeb625acd658d1181c9db73dab55bd3a068c6f5599b5210c3858d8de	dc2b4e72cee280dffd7eea091152b5e5ce3ca1072b912d5200cb9500e14a37eb	12bf69fb695dec2b95e214a8b0272ae3cf935e485c3ed0504b6cd5036a02ec53	6884a98d0f0e91b86ed4883ec7512d34c8da2591c36ef6d791b0e231ad37bcb8	d317663fea498c9b810a25e46f7b0aa1b7df3852d5e0eb42d88c46700dd6cd5a	8084694f6a0dd6894e0c0198043482049a6bee45747314aa0f5035578321f0b5
353	761d9dc86ea01bf88515d3908e817b3e86c05b18af74a3113eaacba7171abc83	fcdb52e0a530f1578b42ed45164f79a0d6b72c53d21d12d5d1831356750f1085	6ea821fe5a26207504718de12385231dfa88e30f50eb058b4a2ec746dc02f4ab	1af2398362ccb70ddcd6e0f531a9c1eae8d545764dba3a56ac2288bdca30e3de	af80670e17e443a3e390af0b4069bc968563a621176facb8c7f5c5bc606fb106	4136f0aa7baad994d081ddc3928e9cff884d74506431be4b989845977549e067
354	47c694a48cc40300a9c5b8daa1c21a05d6b630df0f617bd5b336609006e6ad43	29d6dca7d477e8ac47657d7b3013cc7df84822844b6b33db05f905ea4d006886	924212d53ae3fc5fefa3488710edca73d4c6b2719373225afa99c2c0ed07f940	f82a77026213abba6c4f1033ef78e23d30af754c6621f9b0bf3503b67a1e0f16	b9a87b6f62f7b44e9834cdcfeaab4efe6c868a79400242ec6067932d5430b3f1	53b183a87429ca3ae347cf97e9ba062e825aedc77e988be39ea487df02e96a43
355	6c361ee0d6d6b5c0ce8c9824d9cdb2c3af338e1c71a7cf71c5900e969708c732	8ec560329e70c8029851776c0ae256c35b08d135382d17117d00356366917a50	07faaf3ddea01c5b2a11a92109ad4881ebfbf8e7dce00a84f634928f179fb80c	cd2db200b4e3cf946abaa3fe3e4ee89155686c04288a7cc41057d211ce417e10	b1ac830af58214e8bda537ffa19bba0e42f8743baab2e9580fbd3a0073bd6a7d	e8ff6b5c3ad3bf4ee5256b1fb0c05870006f5c6aa247e34668ccb6e2e3dec619
356	4aa49213b41a6cedfb06b780eceb0bc339b4e1932c2c2ded5364bc4f5b78f4a1	7a000862b83e7353c9f2b6344a2a3ddea8987173ce7c871fbf39baef041991cd	349f195e89b9ed98627f7dfa3bdcf569de0794dadfa6b852ff6773ad649852ae	5d4394adc7a85378acf947d7a6c60efc37ec46e6c6cf5be3b8d05200d8abb256	c1ce81189ebc5ca5e5a3c8ae5cb9939bd2187aac8dc0190bd90fd282095f96bf	17b8964dc3110131bd9f30b4472620a99ffd75142b858ab0943d86117b2701ba
357	0028144fe57b4e2a8c8b1e5ca4a44f83c27b31938acee7f46bc8ffee5b115525	116a59eae163d2fd45b6229c191fca3ca4aeb6bc626f93128e08980d99a2e684	adcf1fb10bd9f5736b99ca9143cbd5aa111d0844ca26ce0b274ef457da8f9900	071cd8f0b5f5679b49c3201a1c356e35a2344e00ff5d91edc6d243e3d16b31ad	f01ca880d464eb3bf659bb98c3f9e8926f7fe4abcc27b4fa7f43849f3a3941b5	08c89f37ab845deec6ae7e74511301b1426a1ceba27661ad9076ac050c3eacfd
358	d146822e24a3dd01ae73d75cff0abc34e28094e1375f795b55d5a895e615c742	babbc839b6472dff5906968232811c8cc2b39e017ed8ccc255270a727c13bbb7	bb5a17e740f0ac69e1a81697c50b625515b079adb04193f1171b44e73e93990d	72fcb6cca1378212a60bb61973dbe7a1716fdcc0281c8a331aae7751ecf233a6	85e059a72123821a4dfbfb7a2b5cd15e51df25d19acef80d703805338b7e22b5	99cceb8205ed47ab480d23888a54c8435b25f4784db71a5fc740dfb5b17f3b85
359	b183f9bcd51b8368acbef2c26bc51238f0c6fbe2bf04491e911c7c0f08c0be36	691399ad6d6675d7e5b22ae08e4c69627593476cb6a6c23143ed06cb832bf82c	f79f593c891ac1214b8a15532111e42906f304d941cdecf1e2295adc35c6617a	ee405dccdde243ba0c32f5242a17b27d569076e89075bee616f42e71cbc8139f	28775d5d64dbc5aedcd38c485dc08dc9a143e96bb1f99415f6ebf6bb71afd23d	2411163a078ffcba801794c97ad3b4e3c853e2a9dcd73a748c4b0f89a58decc9
360	35016969e03e6d4a37bbed105858827b2fa6b4b96eeee9bf4b5090e6f3718300	8e5df12d28d45c1815e18c5ed26c340af264893f2c8ed49fcba36f5ef15c7c6e	e59f1dfb91ccd631edf1cb9403fc1d059e055a7e467aee65dc81ff0502cabb0f	0812e06924d97478f011657b6d08b35e85dcf7b99bbe22b3a3c94efa64c3b7b8	9f398551a4b7e892fb45dac28bfa68e8cab277bc6f8771fb43ca50a6ae10bc0f	d6f48d78e8dc484e2c5081f1fdae58f95e7a0dc1e81a1a2209ee070dbf3a61ec
361	d97a4e11d969527cb6e0c9f52d54c4fab118ae32d558217efd0b0aa6e503963e	3f8d673a705f33dc39cd38102f91935d37b683db5919c87e589c57b6c420a285	aacde31812c48b22d054e34d1250a6c069b6725a6400e90cc0bc5a6e3562d3d6	4929fd98c0b70523e4883067190f806774c620ef936844a08fcd574678c6c3a1	053ce58fab616b845fa499e334cc47f9b166d7d5108fa7bcbceca60bdda13f4f	875a6d413eaaaa62627d0e1b2ec569c58aeb25a53d5e2cfe5d9e8a7f76d5b52a
362	7d912887b1b2197f45b17a5dce7089c4b2d55a46f5fbc6484f032c4d77a211e0	356904ea971ad53780014d0a03911a877fd7e61d0310ae51736d9eb5e1f1f8b7	18b22ddb5257a78aa12c64e872b5fe27dc9dc90678d04e59a8fb8498518eccfa	bd85c5a170f7bef629e3a4fe11e5ff7e2b7726ab7a1feedf5584f4bb190e3960	f07f0be88c1501835959147fd3270b3e5498d53cade166b13511ccbf74d122e6	be26795c0a0f422934d3e37c42feb8515264716fdbd739452a31773900abc8ad
363	14882649c43b88d530e25101465f5453483af6a314fa9e68d76bee631d5292c4	9a22406063442d66accad40ee5c333cf8217dd1ceba5c7ee758bf75f02f393d7	2d56f6e97c21af87da7faf70e93eb5c35d0d277e447352125b61b28a58d9763d	6f41068d457e9356a1a94bd9876b97d57f0d551a9211d89fd05d3d85e61844cc	c8a47172a7730f544d226a464dd0cd5acb0032989c3aa6f0834ec08f029ee401	786633c0a3c82782cce3ae85b2c14345fd9512b1ea5a5fc2bf49ec2db00c0f55
364	f6886596748590656d07260d6725ffe80aa9661c4f8e20477694b788881cf65a	f69dac5b0070b882d9c572d531b281861919f44295756332cdda6c9d9b6935dc	66e18480f097fcf350e4fb229f2c880bbefb20d535651b397a440f56e20ed467	163aadbc29092e55ae5810e1b34a3303d9e02ff959d22d9aaf3f56119c6bfe4d	bc23781b3e2f3e9bffbf8187346982bf207c1485da3263ba73f9b2051a2c7320	86444d39afdd039b7b9c4c627fe6b497d37bc2924d4f554408540e820f1a8d16
365	d316f0cbd590ed99060819a35b6a9fa220d291cbc57928a142771b854a2e46ed	cf6fa5d88d1c107a532540667a9d93c4b39b67e5cf8a1687aea7b5da21890447	d8ef1e0d098d2ccaa26e43a32b7fd48bb570189618de6acd3718f0b1a84df08d	7cfe3111ebe1b3bc9baf5961612e650668f9108bd53ef981c0485957a270b66a	ec9386d795284feb0030f18c86fe974f5be41f11c7b4a295a935f5187b54d38e	99c4ccb6e5b1720de3575cbbf6c2bd8683ad7d15bbf8953f0b47f6b2c4c51d40
366	21cb9c9abbce438ec64dd11567fab5a065c9b77e0e96e9b453789698fea0e1cd	4b45f21f8c0ae30f9023abd95a1e2a4a170357e93eb04cc8234951ff2337c899	efb22439275c16440d784a294c54fdbdbf7d4eaf6279b910b035ae8c2b73d4f7	566329ec9f5f4f0f165093a54f5feafa91ea5b31e16235e1541aabadf7a87076	60c827871c4c44b15cb989f707f4f00ef86d7729a96e9db3631027d1ea479b7e	7af40c7817e11ba46a65555f710c45e49bf722fd918ff2f7491baf8acdcfbbc9
367	02bb9ffdd337c74f219662ffcb27171a356bc33dad27b97f26064ee317d578b6	d00424a285e02b0590e1ca330a9b6da23b9a62cbffa9ebf068359675d9c2eab8	774eed67c07eaa9eced959bf14caeba65603399e44d57ca259b6677a72b51978	98c0d0ec3d80660b485cb2b6f24fd286ce429687592e330a3f35517a634ad800	ce3ea8fab928630ced80f8c9549a5b2aec4aebee629b46ac3555dfda06336741	e2bc55bab963ccea2ea75aa205a1cdcb6990a5658402e472b8dc0a8ac8464c05
368	8514921ff5c3a13dff24db57d65b14b63a7b9ce8fd5d046572cc1f8cd4df8116	1b3f48e9fb64a0dab22a61ac5bb9d895795442475d6ac5761305b254f8177578	2108760db2c6ec11c97ba3b879436a1e4ca1263b79c34766d2f5fbd4dd6260f6	15726ff20f065c9bb202e0495eb409ea218ae47714f5c5c5dc08e42f84e41f02	ace88e5b021089e4beac056177deb9a2941684769e0fa7c87d103a109dd4f520	0885f8f0f0190a7eda8b75619652505b74939b630df6d58c2104ab41c1173bdc
369	eb2e167c12255ba93b4d12b5996465eb326eed5c89e4b65b78280dfdde510629	e336b4ef6d4c6089fee88f0d687ab329a71ce9143813945113a5bf87e0137da8	8f4546c020eb12c606d8285092b87689809b237696fdf6ffdc9135b1f4a90b4a	84d0a60bf1e6cb039953479768c45ae261205a8316cfa755cfb35b3dbc104201	1365724a6979433e02eb139a325d1d99b7fc5a63c2d4e3071af4cad55057128f	a43600497974894d4c91f4fdbef7e04360f82122087e0fce0de0f7cabf287ff3
370	e62b051c17d8f8dc01ba2ce3865f8a59782710fa2f1201269cda16d687a635ed	cbe4933af1eddf7a3b6011c03d0d20d44c5fdf66f101dc5503829fcef54a365b	a348183fa9c6cdad1bf9c8e195e025054f5ad65605a4f9854094398bb6bfe1be	fc4c94ab629377b925029c62f84acf3ad09fdea5c33ae59f4ec6dcba534492e0	d162db99bfee6b9ec0260cbb440802bf5b2171efc431af4be07bcd5343c3d876	829c238c58c3fb4e4760f09b1d30249b0a790f2201ca5d6715fc5c744670754e
371	8190cf41f0d7333504344db71916901f9dec732bfbf7b3a2e1870b45921eb12f	300ef14c5751d3d57b335ce1dbba857f59e94a7aeb422115716a7e7a3f994554	b550fa705b18d979015d6e7f8f2452b1dd14490ae93bc8c50c2f5df55039d352	c1b6b032f3f2f63e941c47ea2f866be58372e00c79e4acf53d465e92bbb1c820	b3da6a8f336d2b3765d34dd2cbecbf35d561d9753807f06e2a6deb15b6d416f1	1e8c1752685eb12543d0f5b1dd9a577106cb7eb07af286cb5e87ec982feb56b6
372	032c56b52408a5515eec56752b9e89ac670532147ed72f53ce8b697e23429af1	36d1b11a4e0cac77d0f18201e879633da1a294fe4ea031820c5a908b75b81bcb	e80be2c49a9fc6ed510fe5e19bbdc1ca4f8039052396e72fb6fca567efc46887	cbbbace382969cb8b5f83ce875822892520d76e6d72d12b489e068d3f38fb5cb	f6ed75671233a9d3e1c3ee9a5178bf1b2418524586c94a5f62367b8a4ea177c7	93f3e7b84d5777d7f821ad3745f8852b0ea9674e2aa4d60e0f3e9cfdda9f1432
373	4b665122c39846a3592805f5a702fbf96268b9c9f47ed49d0dbb9797742189a1	df1bfbc123dd450475fe8f81277d880913ef7147d81076cf3f4e9a857c4aa070	6e6dff5b4ef5e7586eeea4df75423bbe5a52ed362b93e38d0304b44d404ecb6c	f9f5b92d8255e2fce5e2ea1bc6baf1ebeb9bf6e422ec7a3325bf488893cea499	05cb5154ca0c5a524b0363bc70f216e2479cefb072ab7282e4b84acffd0ed610	778c5fe033b5dbb83129f298a1f7ad8397b2aaa809bf735ef901633a0303424f
374	7cf7dbf484cb94f47fae91bf50e999ebf36b385e83cfbe233e6dea4faeb2b9c8	7696a764f557f95004926cf88920b42ce4a5590e671272f7b48a0b5f2e4fcfc2	1c8bc84f89b50b47eed0da308a359b2d8a8f6e3b20335ff8a410ab69dacdff9b	f0622a960dd6ca202cc56a7d843cc8d183ce3fdef0eb3e89bdc26b969429b8e5	6e28eccc810d4362ade9f36029602431893cecaf53d07fc84ab23d1a0f0eb019	4938e6658cd70dcadef105b561214d085f6ee8a66dc5035e6c1bf88592d4466d
375	7fdc0e17cdf106aba86f89b6487b851a8a957156512407d70d70289433f7db31	a83df006fd625b7aa53463a8d0a5bd3a4f003ba8dbb7b0ca0e3dd68507476f72	b7cd5d52026a6840c733336af9302063ba2767ca3f6456d37f0949ffef946d26	a27aa26594b11b1b3a0f87104b87c0e25e5b2797288f387e6c031ea6285159b2	ac5356f9380f88269c18836976d82fd38d92e9bb32f90e8afb8b6df0ae1a7955	7e6747bb7712b95a590855cc858f236f01173bb0d1a51141121e343d687d2bfa
376	69d1344c65fc13df948a37f9bf83e4cb41d6b7e6e279c51f0aa626b5b25e0369	80d1fc2e0f02d9a903ea4f1588b0505910a143aa2909d4c3a8c4ffbc54790dc8	9250a17d0f23e2a3fbec4f6e40279a97696b0c9f52d67eda78a4b9ecd2a71efa	f36069f1459e747480f11dee8bf04b91bf20603d1af84423ee75f1fb23523810	c0c0811ff0552cdb2b9a5309b2d5fc19d6e174a85c4628e48367113fe7020d1a	2fbcb97002005b4822a332aac771c5f5ab5c16b588a938f07fe46fd5382c186c
377	1129dd1550266f20de7b84e20dac7ca25782851c8bbb09984cd25fdd9ac3d111	0dc22a0cc079f356f909118f3c29b95455236311f60dc3f64482dcf363f4cbd5	6811294595690e18f8e2ee1a907284ec4c9ff4a7d209203bedf98de31eeddb8f	7be9dabad415e2660401fbaa192be65cd5b93f7fb761a56ade17fcc2f5425858	522fc051ecfeacc3a181f4f3ab8bdaa72ae2059691fe6baed87d4ac09886244a	8397888b84f548e4383c6ba506f2958154245fd030534eae5194d3e9d8fcc51d
378	7d6b61a1f96550e4229b332e43385d388e82ec7439b6dd873d89e6ee9f26acf7	22ba1bacdedaafb76d180a45348103bd3254c404797b0212cce6625d028beb96	a680d95579828466b16bf837cd4e1bf405663fe2671862a58d3ae87feb1be45a	13f808e0b6731ea13263e8af674a45a51ea92a7ee01671287e193f7a8e9899ca	000d932c30a5ac61b73a21ee3bf10c07b70dd417a161484aeeecae5ffa59e7dc	c30f2a51a34a6f040cbb07311211fd1747bca4f144af0d186e4669a836cd8d2e
379	d48790a0004b4e8d562becbbfbbcc2b4d7064271a47b1fe5fc1c174720cdeb79	d9b4f0d1d51d7f75d028662326136d42a3fea24039de507a0d43cb01665cc36f	ca2e8273f3d9bcbc99047f8ce84ab33b7c831beb03f6cfb353318b1bedbf2276	78eb145f70f9123887d56d5e6ee9b81e6a4d8394503480cc227e241ede015189	b6492fa4847c03edababc2f7005c7c8e7711dca2f2ec32ef6219effe137e1e02	27b116e96c9f4efe7dcc250fb954197252837348b1cc0d00976756fd6bda7f8a
380	bba5c508868355ec5e6ca2d6b9a76fe53ee812df1fbd56b859dcc0e790bdf005	e3b0da380d0d08b4e9b568e376dc343142454be27eb323dad2639f0cdb1b061c	769affe9ce8bbd1b929c85d685c4fb1572a1b9d46d0446cc181345730ea04f8a	732b8ad37e40fac827dd8e7817c3eef58cdce19ccda408b61a5bdfaba01044c4	7f00b95e2aac2b88ca06cfe7b6297fc494f5427b2d6159e563589409cd402913	e573ad1af97e3a6050d036793dcc6d454453dec1de3e32a08f7a7a35d381d10a
381	4bd08c1007f4da399bde94d7575eb5df5f3770c6564c4990cca78c51f314aba5	380c95b4d1b0d71c46994f67ac7410bc9fd9b7d24b18ff490a7dfc9400d0efc6	92b808b3d96f6f32dad4b5df7eb6ae04db5ffc947630181825bbf78a1decc61f	65e17afbb905396852e696b1e3d61188084bc01cd18836a0c414f0b3843e2504	6eb1ee1501d3f5529ad172116202075e4b2178771a12f56d7942544a31111fc5	9f7af9bf0aae714c5f8913304a780e5c88912715abbcb1892f4fd766a763d828
382	85e5b5f678a9d7326e20133793d506a366849eccca594c1caf95735db689e413	0e007435ffa4338777559666041d8c194bac576e66892d8bc65f785a09009025	b5e2d81106e98b836c24945f7ad009d9fb3a0e523a327045bcab578c93ebcf13	a23d78d84c96a94d86b000e0c7a25cecd77de077307169edbd53557053313d33	f341fc047b6a81df74ebadb856ac5df87046e1705de28f2e349f806917723ea4	d3217c24ca33d5c9b3032fb9f6771fd614ad63ea7dcf5fbc02fc10b801a3c40f
383	5cee0655341426f5d2a55006f4f66e3e759070d2d6b53d4465366457f1e4ac79	6e07c1ea86f115090ff0ce3bb80cb547711928876714c886584be456e65111f6	4bbe5df398c3b40014ba23a1c9d593009606649bb9c29ee8ca27f88287a6dae5	da58cf10e4b067f1b20a1fd7814bd3cdb3f423bcc1d3aca6b73301683f889989	61265248d8460a08464cf6fe0309d534efad10481855f8d9105cef10aed38651	b4638d52cb3d7d7ee6cdc219b8c6878bdbb993966f700103c303a9df9288bf42
384	dab592088d335a7eda9c50d5a97f8433dac5fe6e63944901a09f35e4a59332a1	64c030eb0ae3b0cf47018f062ef0e69ff7b94006d7c9bd1c6b76a3bbc1459563	7b4596267a55212a6fef18dd8605265d03337cf53cdc49d6e38e3ff90114917b	5910800dca547a65320be2b1303b674d251b5a76b8c78d367aa17d98f7de209f	aa78db45d668f35dcfda8978e3ece4400ef26503c522fc7a1ee7f63941b141dc	259d8f0eefa650d3e4f4d4c67ecd7dc2f5ba530a22f688b6b651d9471b7de1ed
385	94979133f86de9e5b33131544beda990afab89d4107a1399acb6d7b350c185e8	bcda25ace30abeb6c81443662c6835e01edd6a9321e192a3887a33d4dbf0b46a	33623c9ae96175d3c72e5b5761ffd5da9ea093084ea140f7a430d4142bc2c887	09b110e48c7cf0ceff5f5311fee9e6121a5f04634d006734a9b67f0363edf39a	7c772c4a6e9fd4edaa0a74089b0617e75c43509e12ee9131dfa6c1c2f0e381d7	b8d9607df809d3a02b0c4061cfe1a00faa9f0f6eeb67741d4f31a29a7b3ea033
386	26cd998036256d7221877cffc18fa0901c11b76e6848367db4b441760c8c4a5a	53efdcbe6fb06c3e2ac1d9c4403efc80528259df16d248ba829ad6acb9823aa3	71d8f605752f46795f6e7b607f9b1457f23aa351898da7fbd9908eb87c21b6ab	3ef1ebc6d0db0fe827a807bbaa1436699d166e895fcbfc93865215d61ec1d2fe	502d5d6089741fa595539e0d6e8027fcc2d987142dd163114c2ae2cf71ec9c3d	4d3e529d7876ca35341ec25ae853bb0840653d60856c574a22c863d15aca68d5
387	3e88c6b34e5ce0a82e531f9845ea38125fc7068f1bd5678df6ab4618f127a51e	0a5bdfb3876e3476175d86e23269d6c0cb203fae94d4debafc173bda95e3ce2e	2e7b846d3be8ee9001abb8b500b7218602a93a0c61809e8f6919fbaf8909c69a	dbb6830f51b7a83b6908c0d136fea576db15a24589b9945b43c86c2001ec6238	62ec3a77647a47aadfd20835e71d52bf72bfa243008f7034c452f12bb36d1449	45f7c4ad0f91621000090207df1357769c4b631faa630ef6f7bd820493492f88
388	04a91119db376a79f93b55643b6679a089f8ed2261e1268f562e87970bf57acb	3c50179e74186ed5308a7e42a25ca9ce2eebabff0cf922fd90ad3909d45152c3	37371e35a3494d31df6a26549400784d9a6fcb59529c1ca213eef8a7a1f7ea50	8768e5d1dcf95d4209aa55dd7d9b22734a2a8cb4aa1480ba87fc3584fe0b0c0a	139ead7f30e7e59943c824ce5a2e66911654b05d665b7c40c705704e0dc8df06	cad1e6bd3cd4d732caf0b1d42e73cc5c90301a4b8ca03f783fe6e6b1e961a94f
389	e67554cdc73f4bf9bcedfbcaefe011f438db90b3b6fd98494aa7418141149d4e	748d1cd44c51a46dad0d12cc2742a9f62374f231c6a0031a4d8d6cfaf396146d	af2be51256becb7d0b09fda6cca10f2bbc69baa523e0984d94dba5c6d8bdc8ff	941e310d7c93c08537b0c53f452494a30f1c06f5d9690b9219c26b8781184122	36c260c84ca7e26e4c10746a5962112518a09ebed72aba1c0ac4bc5b779e1254	22883f8c4e962b45db171b6cabc1fc079e5cceb1ed10c8b17d3224d3e38710db
390	138f066824797aad800cd65f39d4dd544c8d1465082df662e25ad6ee4767b83c	e802eda4f2c5eb2cc2fe96fb91ec09cc724697ce7655e0304209ee82651422e5	49617680819362d3027d3dd1b87786011cf4fb4293d2c2762b6857fd020559ae	e969a2a417b581eb086adef5f3f20446319d58e08e30ac58a3140c21cb63f1ae	711b77a78278c750354cefb6b763be5f165f46142bd09b10c9c4c9842ceecc12	45fe69d83734e6bc7e85955aaab001042de76f197693de2619cac8269b08d37f
391	e25e11ace893ed8fe9fc977d0f9075d576d982f72863961f6689504d9d32ce5f	10dd0740e22a0067db591eb8032248864b1b78218bec8773549e4af115a04b81	c1412d49c04944e0db13db628a8973e20cf8798e800950a2d72ac2157efd4713	ddb551f36d0deb741d31c6b47ed5ab955f0c1ef7e37567be5ef22fb0a29ba8d6	e7f9d0285ea00d11719e1c6cc7ee91f32b1e4a03177e040c54197c1e337833d2	d8e9b191e46ad9a8786ac1447fdbaf7e10775f8ef1feefdb099ba09ee782e40f
392	67868612880fcb956f544aa3b484d33a51ea8e9efd8e2d74b5fec158df91de59	d6a21bf9151b4f52ec1691ff55cddc21b853da69773ec671e4b0c535d233549e	a43430d96c04b83d96d71ffce91f8b787ed3d355035bb434217d327edb2ee35f	e239595e0a28d8e9df788fd6ea6105df8dad07eb8e9a3f8153110a25a34960e6	c721a6ac7bd9452c98b4e2535c77454ade799da30b71b9fe353d64566ba53eb3	03b969bb29717428cb787bd2b8e21dddf08e2e89fce65bfdf989100ef7c237cd
393	6fc2375b59b75750a24355623b381aa92d6e2af9c07d23b0695d44d7bac7046b	2c9e40423d0f991bf00fab6c265bc17a8781352e6ced9f2cb61898a633f67135	19399bc9601e6dd09c24f9874e93c7e9f76023b0039ece8910b87b2d1009f6ca	d5c8023e2dd763f816a63bbcc506bc1b722ecf3539c3dec79f139ac994b2d6f7	17d25b931451a9956fc7253046ca26426a3e0fc97cb8192d180e06951c2156a9	3e21a1193c24b5a4961e65c7b1776d75440dd7836f1ae14599016d9f4531285b
394	88d13bbad43a2ca7ddab1333477889d0ea64874324b009d80199685228225b16	4af89c07e348152f11369a31d61406f097f0ba125a5c3af3d417ed952c5fe0d8	deb6a3c79bce345fb51a38533f3d89416d24bdc6d37b89cb850a0762b3203e39	3a712c199cb4b39ae445a71a8580b59ce53b4c234a9425858a96e2d271131ecc	1b874d609082de009b760b277c01177e8943056c9cc54d5d8fd06052deb7ad73	b1a1d31109776690fad49c6740743f29d2b6d3a8f37c25a4482a96562724ba85
395	000f99dce0c448437f8d787ca8568d59b9e44d1c6932d5ab4e9ce4794c831151	bd4b239c9edc9d7b900a50c578d94b3f6ef672a69ee4e4a1a11861dc39b7ee69	3a0b370e568dd7d5de0bda258661e2539c340ff533178276c58a163ee977b21c	ea650b878c4a3078899a5d92c0430a8f571623b4b8cb3684ce084fa48c3e4016	16f7cdc78ca7fdb5d0b1a095266e06b62c9d41ea12b4f62e135444c2b18b2c94	71046ff5241c3684d9e68f4a301f06b542ba27ee01cbdcb688aec37d36743eed
396	48418939283c25572582ad3a555f99861f8fa07a30c60a544489ec33bf1d61fc	554fda0976fdeb496f7e8b52b4190cfe5643b270a6b4bcf344fc803897edf22a	3c68be78e8e54f5939b608e3c5d0ea496c8b05e86abca670467642decb9f8be9	bdafd39b7555d1324323a18e776be1be70c1df29ae4cd17548ffd2bdf047bb39	421919b5e9a2ac064b6af932b1d7864223fa28ec57d67f55864aa9f2429a7245	ab98830e604b13bdf3e598cca11a4659b32b89451cd4695a814e08d8cd73d9de
397	e0cff14d6c5e1a985bede22af88e60a4709697dc53b43c48349140ab973db8a0	b70a6dd5af404d14c6ef375c31f89cf4047628b773ee09059187705f70b0043e	6137ba08d74b06a5c4c4767113911cea8c06b9dd3f446dfec6449992efc92086	34e096f273d82a62655c5ebc7a9cb495e7809bb95338cdc345844a4ef47afd26	87d40be33d88f05c4a890858b02dad451453435c915eeb0b9c7099ebb7b617f0	d77701deff33df80695540d6cbd80eab68fc7da55c05b72ac79d23a46d9a4344
398	8cff97694ed76da8664a300172da2dc5413b247179cedb55c327e9335f3dad50	d4fcbc7c880f43b9ff2310642b59e2d4ff95521f8ec6c3643955509c65d1a4da	15351bdaab3aa50a922c720a7417292bd2f8161424268b7e5b442abdc30f7281	f9086a60ab7437032692bdb9c6d8d938940300cf5c873779a75fdfdf3b402310	fc1aa12fe335a47428522c400db053f31c18eb7f0382dc75bc9efe89dd04a06f	26e001c0bed2e3b0c85cebc0cd21aea612ecf1ccbf8b1a3569c3135ad628c2d4
399	f212c67d8299464fa3d2001d492858b1a5720c1997a3381c22c7abf3025dff5e	5ba3aa20a0a1fe50349f73931d6793296a9972935b69fb7891baa26097274cae	01f095aef18d1fe828035bfc8443fdb621badf6a8e1bf101c9a1d6e0b37008d9	c75aae9757d11c3b8d9c46a6fce64129715a26a2a5514262ff421fffe6707a89	df6a8209485cf05615c3602d7dd20d5e1fd6e2f191b0a8718d51e6cb3182847f	efbec262e44310a207bf7eb675800dd20b0f780edca2b55d189eb5573750b695
400	d982404bb202eadcac55d7b05430114e6844da6f1832ce812b9da537897b8daf	019bab27ff4634fefe6f796ba60a5a590c05fdfd232b9af787cb5bed54272ad2	1108fbc547c743357a0dafeba40142950af2077291a5b3844963b869325b8eca	99e9b6fc4e63776c50db2dc20084a8a38cfed1bb6903cb36feab7c0a5c312165	fea95b7f916bb465a21e3c871d3ca7e525fbeef73a56cb7379d8c61d1525a948	3537ee7b0d7b132cdf7a7b7dd3fe8ff7625afef6d0845f7a263f88a9500859c0
401	603de458be516a06f9c567390e27b66040a5389372220e72b7f86f9c1e560441	783443eaf35b47c21c16af1baf00426f58bf19c5aaa049ac8ea5571cee90aa3a	1df21ee15b5c52a8107399434e2a8fb1bb81e42954845dac8363536c0f355786	339c2a52e0b838c5f69bd188ed1628c90d11225981f90dcd12473f71ac852ba8	a861b8edb786830ebb61d0c37f10c7bf80ed67e6997d902594e0610c168885c1	c3234be0ea100cfb4971bb5be075bc4f9e81fd6b9a59fe27a87e45c17073f31e
402	daae1c10c4ec05f29c41b0379191ad3e9de875385f0a9eb6b950ea88d3884d48	1e1c27a21ae58b1bf6f831c9a20738d3e853687bfb17fe295b7889dc0dcb943f	8452f77866a08415d46e59044dd850865d727c0268a6839cde8dd6e66b7ddf9c	38108197098ace24cc0e4869b5864b5b4040dd108365d65f2ec711ac8b6e7720	67127ea45a1431de37761ca82ab986e73ea58516880aef0c2934bc423eb0ce47	f2b4049acc60458c3d8ae56c32d1a503bb8785c9f68c09c43bff0af8f779ddeb
403	d03da86e3c1784b43ac16191cc515be9f60b6a20a6065123be81a88c14345950	347755469fc6884f446e4c79e2f5b62ac18c7f7726aef0d3ca1c3ec3534ac6a4	4b89b4e8b4fe5280074e555c1a04bf31f23cdad8351ecaeef25718494cb47b38	4594026c93e068fd2c25c6daf26abb035d335c7cbdce46433669bd2c0a67cda0	352ad83b81cef9df05238aaaea5aeff1874f59cdba3f30bf97757df13d5f5b85	d5db34722a54d836d272de4c19bd59dce3dc048ccb932d4fc7c09feb364bcdc1
404	c2e45f8ebb0d820189b6bed61f2cd43314e7e9c35f9cd8bc42f22829690b1c58	21912df33c83bc4e4cbdcd35309dcd16cf2979ba727b1e60e9509e03acf641bd	ee90e33e8c53226e984b1f9af469835a5bc824de2c4aa33e74c71f4cbb3c0dd7	9f769f26b81f491515134afa332baf59948aff4e6cb02d1cd43c05d7212cc9b8	d3125fe7de7d13b0269e1201c6052dad7df992412a3c411c73abcc5b700f275a	5cfed0166c162ebbc66b8926d7b6583fd757f62c097489ee7a1d4a8451006f91
405	313c2b282c25e10c7c6ed61f503361397fc09ba25ed390b1d344622dfd87eeb9	64df0b6a3b57838ba241227857920274e59961da6fe0885a7a645a49e41d5245	fd416cdf4cde97e54731f4afefc6e68e1b7f80c98c3bfae4736358640e675d1e	5bf4a5a02d537d9c488cc108c853a89b2628d33f3edc08511c1ef72e56c2233a	c4b5bbcaf8803896f40f89dc7880cc0623780c1ab2dca2acdc6000b9b3465071	7142c7af6356e6ccd8f54f132c6e6dd2b62b4bd16ae782c8f6e41589acf3b9f1
406	04fa0dc23c7495e79f0fc5ce66668837fee8af2af748c52526c245aa7c19a6a1	a50e8f26989885d211338f49663192115c17aee98cea213fec3ec4be944525cc	0a16e1dd73d93e0b83b97a0d4b3e0adc1724ead4489ad80e5df7f022f0b81817	9e85a8b157bf82e3404d8a77c7d7d61fb6ead821d4ab17e88178489061bfc87c	689523186de7aa74dc514f3c5852389a580698c0e2724b130f5992559a1401d0	ebae4250477e0a25a566b77538f814e0f6a9858834d92c7706d07b1a3a10a88a
407	ea92719df7619c33482e3703c70b963d28be8a2f464ccdf97d56054f5a6d420b	c2de893d0b7f2f28c4f837222e349ffb351e9b56ab3e0f23d53d51cee43776dd	b01681b3cc102e06543074537bc57b0d3b0d30003857a60d5f6e4b6fba848273	b6da8d46c116e95d76f8ff622ec5e397180907bfe08eb0760a8fec323f107f43	be71e948d7032d02f3afea130f257394716f5e7cf61f6aa03b5d29f01620910e	23db96b9e50f1564180a9a30ba62ba30b23d8a7df1c8cbb7b5de55ec477f3e18
408	e22d57c2cc64b39e1db73e6060df01d83d8dedd2b6e8a1743bbb252e199f29f4	a3034fdde067c8645f77ee24ba842e1406edd87a6d3e1b1ff6b64b6788a739e9	9535578024f5a8e5526bfb4acf102d25700c5295ad19d1cd96aca1034e788542	80fb43bef856eb1a864aa32eff0395ab03fc1598a21e5cd7895d438ee2542a70	0da1784fa654a14f98546439d7f8804fc8a73b6f255abf22bbe21de435bdeff3	8e2a25924fec22b3ca92cde5d74d609a3762971b793c5e31c70eda1c072a0b72
409	fb7baab5541344d6133ff10a9b3692da0f7d71ef59d4078b9b0bc668d225025a	e56c8a2319d8d527958f08dd55c45b702f6baf6dc56b0f7ea8417a1e019a3919	ccaeb6dd779aa1c22188afec3d45547621a70d0d243a42bcc6d8a1ba6532d454	c1df7add3c731a9e87ee3110830b2c533b5bd5af983f488c7bf6d93c9e4f422a	fceecde4f021e7f355ba145a289c1c2eeedc377e1222e49beab3e533c0707857	1a889b9b0356248f65395b09bc84f60271c03ee6245f80c7db77bff819930c6e
410	db38c458a060c50668cf925c93ed8db345f6ce1c39729c6b103504f2541b1d5c	dce1935b156761b313add530ce82b8dd19adb51b5b5506bbd20ba728bfa25e06	92856c00bd81dd1048e0ba31186129cf41b276f76237ccce5bb4a518ec86e66a	ff280ea44501b80d1b86369fda642ff2d5a25a53662a7125f9db622dfc7bdd1a	7da0265b878bc23281273ec0143e0dd727eca4c96b979315e1ec63c3b5dda9c2	1980ce7ac725df0bde14691a4bbf03a9b24a1e261b3992d3c43795ece9f50555
411	81c1cc471a9dc4077524b2810993147c5466f63bb8bfe1da9461dfa4885eae4c	79dc7f578b71223d56fa14193d061f21acd6677873681cab1623478949dce077	35588d65fa5bee61890de206b5d68885e3667eb30a137aba998cc41526d655ef	9463f0517069900c90f5ebe2f722f3bc4639bd04766f4b84cd0352dd677562d4	6db376f31a4f098e5f8175b102c40a0697b0904d4ecd62e0426bf626f663874c	f1c3264bebf15090711f396071dc8ad8d9a83e26aa361791f8c09fa4b8d04e97
412	1d1f7ea00f93400cc4db49b104f46e23aa2a0ae9b5951b4bdfd53cdb2cf36e3c	57b757fc7049bbb1ef1dadd77f85145c71c269210d99e1b79eb2db2250cba819	370de8236c9f90cda893bcaf8487d4b4901e5572875eee921b678ac9ced5fe7f	cbb461e803e72c82c8fe8433dc430ed3b4e2aa7d61931e580f1a85ab756407c4	31af918be4dcf3e9936e6e72de8ad39d5b660f7c1115b3622ae49766439851f4	7f17f7f168536cbb9c36231dd3a39ba3fe4153666bae2395e2008d54c2113852
413	cb5a0875b82ae64fceb288e11ee8c6f108012a4d71512a95f28d5cc92fa7906d	193a51d3fef1dc6574acf3e396293c38e7531f6e36d937e53e88c8604023eaea	aa45f4e52f23f29b29e7925708d6b80af6fb7594cfe3a5e6bfcb4997ccecdc7a	1026f2134986bfc4e5ce6f72469745eb87261451cd0777cab7db8561dfbba2e1	fa777eb42a7caca115af4562230bbac8e459a76e45122bc76db396d9123f1f84	274f1ee559cbf3d06eecc583c29673ad8ac5e01454472638c706944335cd2cf7
414	c421c909aeb50741d29ca439c8c306278540b128c1e607de235c0c7c0d007925	08fb2125d9e154f106b0f40ef39c6c735ec7f4aee41927753c412165f7ff66f4	587237b75eba57cd3d3ba9b666bd87714e0a8c73d249208c679fa59fbcf0e139	66b7474dd42ff0116e2b4cfaa0a74ed375fa34def23ab8527ac688df5d6ddfd8	ef0e5688a87361d8cf999fc4d8639b279d53c3b7d9efbdee3f60ea19e7c5a956	8cd017d54387d0300de8b2d38fb1401a1e51992a07e3ff751f6b9917edf1fb9e
415	675543a0f62dae23bab178491c6d2b4f60988c817ec6b14f1af166614f12564a	37559aa9bed9d2ad11764aa2a8bb565db300317d23ca93a27b640d06ef06dc0e	9239a2b44082993f2db055cc2f08cb3a588e57ed168a12ee8db5f25389bfa136	71ce3591dd636748e67a54a5f0757a5d0d7e4a7de2b57104329e42353dafec69	5b97b03d8709a3c291a6160f902f410b47ca40dca59a0d2ac7f461567c07975f	eb038426221207d1d6248e3b862ce363e9bac3cf1285d25198225c16164cd143
416	209190d2c7224f1bc5bd66bdc7c6be7298a55e251e826016f00c476951b887a8	96fa2bc41e79a3ee9ee01460bfcc116bef36243ef611aacd378b6f8a7424acc5	f98b1f312b388b3280de2842da1eb87c5b884bbd42e95918cd95401fb4e09860	a8bc5500b96cfd4bd45f012404d94f63269d954348165cfcae179120afbae0fc	3ae46c7a428a075ce5f6cd59f8185fc9a80e31bf71927d8eb8d5e8e6e700bb19	a9794e1321de53d19519635bcc2c847c5c4e0cc7663386e9b55f3a4f0f30e554
417	da639ddbc3214a68ada47e35dbb6a588ee138c6231ddcc753c38e5318c0e8d76	c612f9f82e7c5b387349a686f72982130091cdba7a2d65a3976c6e08ff6db5e7	a7a6484446672fb0470c1a71061d21921fdc949be4ec504a728d5ed46635bb20	94905d8b4724523f3afc05550f6e3980128618b50665166d9bf5aa4b04a61fac	6eefe37b09a0068ac88c963790efee96b923914b06dba3ea802db6363e7242ee	b91bc7c0beab57d7752d3cf11c0d2f2afb66e6740d09430d16d76501ee83b816
418	0a1e3879758e4ee766e9146df6a0d5aa74f7eb9cf0c6b122bf957312396d7d84	748f11fe4777343499571ec056fe533b975afdbe6e1d0d0414ae8e965a98f489	50d2e15a7e5372f1bc46ce2fad5fc50739923bce1e7c7d83589d4e14b7fba452	dc55d6b2a7ee8f0854802bbb2682829fded29a6cde7e4b65c579909eafe10215	49a10946cc3dede4b7e445e69ed6341dfb8b0d893a7afab44af8fb50a90b9c5e	a80d32ba46fb944d9c19fd3dcc2e12068a4408c5c7d26251e0164d4dcc0bffd7
419	3c5a81951f82b426ee745fef769cdcb2565a57db1f2a4d00c856fc9271e9610d	0c9e6edce42815c6f2efccbb1c89aaefb81f9c5e356333d026615d95bce70a70	da69984a4d81ec669aefd7e894460df253c630751508af4320a5aaecf6901ff9	32651745f5640d824e493041698a1fdddadd999c61f31d1e4d9c5ebca03aa6aa	66655f9a493ebef1d3fd0df2a5446d2abf48360ff4ec8d07640c5fcbfbfe2e7a	f16c08fcfd703d37d15c42058b82d847a28d82e2c6522f176e553f8129de4eb8
420	8ad0cebbc0bc06bfdaa218862a1b2b2b41c822ffa49c9e4ffa4c57aed603b746	4022add2172c50af173945ad9c486462d1ab706cba6e1d6f797a8f78ca2aaebe	c60f7e69efda52b4ebc84093975f60053d09167b138d2bad7b87e64267c501bc	1c4f8dbb8476278936225f9882b67c99873e8ab4fca3ad0bc1212a191660d523	d1bc5e1851bcb3ef27dbffd0f1820b5bcee6396d9ea4703e04244212e4f643e7	ff8c4cd817a78055f95964e913516d82f548097fb217d42eb04b0d773a321251
421	571ae55fee6bc5d389cad4981d6ef2f26e30ae92d990f945cbd24455a56b2dc4	73f3f33079a9689c374dc7b18528b27fad81f7d798547fac5a787a68b434e852	8981742644b861fbb65722cc73368fb968c5acc084b12d1f47fc4f75c30f7921	904709c79be22fb7876c835bf0f91d4ffd51f6f996f43fc29869837e3129a9ec	2b66061a87d2826d500e46af02b68e55c0ed90226a60c5f95da03d0d83407d0b	7ddce491670116c89090c58d10a1d089747d5aee6f0acee719718ed0ace2ad3b
422	efb4def6046363216e8c68bfea495853c2033d54af3164d3129b5ccd7ec7d82f	cb8686fd69596c10e3a2070bd37d9efd0f7c61fefc58be49bafc98b0bede495d	1dc279bbb0aae96dbf86406fca9c034ea040ef17e6624495c11bcf20d44ac1d0	b29bf7124887ae509efb473c5bcb1f7d1a2c039a53e170adbb4d5b62a9fde64f	18ca957619034a704359170ea8a6f08db5bab82d1ff08efc87dca51ff641d564	91778406701a9f0fddb38218f320b296cea2def89983db84605f82057ab55459
423	f6ca6debaa4845a6ef784a88ab35a59c93e856ae18c8c951fdb6a1e52c8b512a	1f3df66004f315a11c0cde95182e2d8e13e34c8cf19c4834bd3157aeacd8fd7d	1fc83c3448b5ca1dd98d0468313dbc5348f75714371b921c9ce439f455ae4c65	76b1ef98fe19ce3f1d442d36c27dcf61be300556ccd4fab4f43ff0c0f4d66346	f638f4357bdc970998c847425844451ae5620852cebf7866a0a39ec418f82fdb	6da3d86c9af5c94747969ed9aba920ac1e5542386867d2dde9758bdbc5d650b7
424	6621c055ae5f017768aa34fe875274610b11895c726171b572773d804aff371a	f218d8888e35da858997588dd5c88f0c98b4374c527a438eb84b075d40be02d2	9d03acb6047c7148c71cf9f55f1ad1b9efe8cb6ae12560626346af05f477088d	2f28b4c455d0c3c2997fe5cb3d41bea53d8bf33f5a883420e1eb00df0cfdb25b	9394c191457f7108843bf68fa2b7a0815ea5b0a64080e54abe54fe3b783708cb	819e6205b6b3a09dc31d31d41c188bf7fa908f66ed8ce1615a72b1a2629c5e48
425	6277a30f3d40a698ecfbbe0b43462728b1ba39face62b001f7696a07005a698c	e1243b7bdbaf076512fb9e29d1c9f461afaa194353917ceb88503e20443333e8	72d187d7118160335809bf1c82c4fea55998feb74dd48e9e85ebdb6196f1bdc7	f58e36577111359dbc2f21667a0026e9261fd9e0b698d9d25d0e694100a9101d	64c3cb85d14614311a4a2782313fb23bd0022725ab103619ff850256b9047dce	df003b46287240902b42609436a9d50196f7b1e44750a7b3fccc40480b689845
426	9bc7398705b71a320a11c80a9b60a0adb209b0fee44e11998e3d03af638b28f5	4a68f72c57086db66b6bb695fe3ed32f6f67ee2382c6300c700fe835da6fd8b2	cbb7f425928802602ab011e01404470352519fead2dde21911f20a0ec3abe244	97f637bde393464f8792aafe496bc11780f99c942cae1bd34f4424be7d2e5afb	ab2e57b00a0d783a694eb8df476e223e3ac12a9bb77bfb264ee1f4076917bd92	cfc07c7f8125ce97e1669b869c7de3170e7b55a34deb248f24f85edec566cd29
427	054432c2ab7f38054bb4af071b37001ed7e8fdbd1372b4adcb124991a1c2dcff	e80b3bcf30be338095b3850af99ffa0254c9e9298c963df1205d53faf62d9ca4	d392af6ced146d270fcfc5bc0bca9e76c3267988b5c6b08e2fb321f3a2ebdd7a	33cddfa3919989868db13457381e97632cb16a60378b71fb5f38bf1691a68064	7321f3e9563382bd99d8f75dae1e9e78e36cd930c0ea1032acf4a91696271cb5	ec606aa557c5d11d377c74b65627dae71405c212b7f31ec808945d1a64ecb1de
428	6a1e23be06239c4ca04d005be2ed30a1060f4b9caea5e1daaea8d04f7de830a0	aa423a2e49fcfd9a93b566cab039fd2dda307ca65ed7717d0cbdfb1e1a9b1cc2	0409056230afcce32b3253881b66c92d36f3cb0ed3b8255c92070f36d8ff322f	5478c7913c6c078420ba8bee8bbaf7ad96a93085de2b426774fa50b5d9bcaed0	a5a9c24661233b9ceee9d8ac5526b9d3551710675891639e105870c30d530c2a	e4ed626cf2e1da4de4ba9acf427ffe183868a38361bca31a4f75207a5dd42bb8
429	22d8a483186585c66739e3d4eb8b2f559c920d351829266c8b1c5609b4dfb744	e2136b4b6235810b6900ebb3a4f845980479c06c5ec8adfd964829aef7eafaed	009582b0e4d58fd2b9230d3dabfd061eb2f804c44fa56c6c609bc4aa42c495fc	d17fe8a5bf59767eee34d43bf0ba27b25dc920998812a57354f267a757728e23	671026c7771372203a5dcc0a8d2597d13a50e958429f1cf36ef26eb4006b23a9	c2129846fd8bc2256aa7be9096ba8535ad60935cdc3daf031a8eaa9b3930e43a
430	3f9fbb01519b2df13cc227cf0d7c6e90c3af8c62ce78553cb266111167f42c5e	3f1d669ce52ca6e05df5d6838abb260c287bbadfd64e1ea90245ce56c40a1aee	26cdbf8a3d22494e4e531100c61d39fcb1c9e4557600718a9fceca63b819f120	392fc7217c99012ee9e415d2158e4bb91fcde96ff1c6378859ba2077d5f0210f	b5da1cf8496219e39bbce15179a31fbe2c304bbd600772df47161a98c4e9bb71	ae3867faa4736c7c7bb8dca08318dc62ce8d18c3e0a585d652cf1b604590b59b
431	7e7aa410a7ca7bc61d64d80c47f69730dcffa0b2b7b769c86ade58ba9d960fd8	60839a6d9fddc4a75f5bbe6b78c153406b83f792cdc0dc0e322f812a53eaf45b	25029a7392e29ef5ba50c54bedf3fefd4673d171d934f0ba4288bb7dcc02e6ff	b81766c91b36a0844f06e690374b78716c3137b57a4b912127b76cf5b75202ab	11a2ff9084d62c84a796c08ff5acf2caba916b3f9b00d29e89f376e9cb34bb00	0742b8093f1ed8580456196ab0b108acfba074e21aa4617c79d47094daaf9429
432	904d2f9bd605ccca08c551c639c651678c993dc15486f4e477869bb8b8247e91	4b6e8fb2bed2866ee287d9014e1b8cb1592945d707369add1d9ad892e7b43b42	9cdf7b576dc720a6f4034a47916cc2d8d01efdb82c6891f47c96ee816d9831f3	e84f3784b4a8306f9ba6a712f7c8acd499dc4b9ead71b3bf01c81e23d5dd4f47	792c2cb856575f984719a1c896460eae2f7c227ef3fa3b62f0ab3d220048b7fd	eaeb555c79049317e06b9e48e2e3edca118b9fb679da8ba8d427c93082e611ff
433	6712db0473d1311895487eb963abc4cf0b7452c10aa84db2a91b30f40cb36b70	b83d23358a1506c47c7347818575130a0cb05b65c0d1226181032215a0121e0e	40cda760cd27d67e1668ee07e850cdb39cc2c0242f037f75b9109fafc1c909c8	10238f27946d8234388373c96b0543891ba63e6ae7dbb7e2f4598496b1aefcd4	ed019fdd1ae43eb97509027dbf4b5afd16b80d8c5e6628adfb834b3ad181a8a2	4eb6431759c2310ecdfdfd41fec7bce2a5ea297c9e54759034181ed63cd198c9
434	fb75656733f577e96efff3a0c73698b722fc190bcd89765b5e293648ea460f0d	b6bc991719915f11f9a54e8e56a8d5c2285b3474f95cd967735feae108be0153	d186a9f519c21db9e84d90949d93d68f86a3cbef908d7d0f265d63e9e9c34ed0	f70e2e2c6f7300d2598aba08e8bdd05a3fda711a8765bb9a927498ac2ab1bb82	c48e18cf245cc4d6063883758e3c69103825d91ef85258adae1dc29c41c2c335	7eae99a32fe0be2feb1cefd5c445838351c4c29bee115832cc87a876ba7a3d71
435	92dec7b273ae6ac2962155acd3f36772f28533e4d6fa6e6a7510872b39e2c7b8	d0ab0ab25885f4f31d83494c08cf9937188d2c498641328af857f8f0c294c0ee	533e315b6082c6fe0904a97232277d330c254daa7fd642990321f236c6a9e87a	ed286e3fd714d8e8cf9a8901a9250fb49acd32e54a3d4d250ad96181725e1070	a02f9e8eafdf3fbdd2274a7ae8d4f71a57c65a2b46f4aac90c73bbb0479609de	71eef0104f9b1201e7d916f168a131f17dab2139c32f835ea05631f034559b2e
436	9406abbffb427b9f34c64d60ff73979c29c2a2a1a1b8fb9cde608016864fd5cf	36ed04228fd0027614b3dcc199064497460abc42e6720feb19a8cab754a2eb68	5db447da5d0818ef3091fbbd581f1bcfb443b1664303d83a192cbd5951115210	9756566372d3c56821e3f6761efb248126ed46c7639b7394d525bd1556885c9d	4a419642faa4d4177c96bdb036a9d7e93441012eda4c51e3603d33644ee0fbfe	831c2a354262f1d6056cc692ff69dbf474ed56a5641657f5f4fe131cbacafd14
437	ef80fcb0bb4df6fde1311a9ba10992164ed8e2978444e0b79aec2f3053722764	a904cfdc7b89dc852cf648d526cb2b907123443752475f65ae58f6f5a7a568e9	b303a8f45e0c35fdff02d4ecfd20c0d47713d6814d68fc9bb0e3f4b13bf1e143	94cb5aaf21f110366ec9615234c49f522d79f23078dc7db8606399ce3cf1e731	2cb3560a952354e1b4b20909a94edde92d3fff12aea1a1477d336de951d99432	74982effacddfa460dee203efb56021c5d9bd8aa4008e94d277d9a6a9ab0c644
438	0c31ca9852dab798bcb24be3b3cf270e457e2b1ee9c83787ee0c47a53920abc6	d9e72caf72ed8ef34ef25c7a642a4f1ca1824f5825bd719c98ee543b43804b21	ec79774b57ffb1de2db16620bf1711a0642ee5f2be91351258186ef752935aeb	22be348afa6beee3180c27e0a7037672080cda751025dda208d3d2edf9f04431	6c3cb246ac515fe8df1a54fcdc5279f03f4a152c209274e9b137d4b7741a7615	79d1bcd8251b56a817ba9ebe022e236f1462ea9a72041e7c24ecfa74da6aef9d
439	0ae6f4a557a90b343f0d5d0d331f34bc0fe13ae9e203ea2e4dffea5baa34ddce	da2baccfdc49584abfa4bce6b42ac7e12f1c15069620690c43fe6aba3ddab1ae	d4b1040ab31d39389c71468ddb6d30f6af8652c4d0fa09f652627cefc2223cd4	ce29305e898ba3c8e1c4b799998b6040b42cd9e0878d1a970f2ed7b8b4601060	1e52628140fd5c7c26707b005118eae985e9256a9728a20b68e1e42b532f5ed1	34d4e68e6268a0cdb571151c927b93ce659a3f2dcbb009510c27c7b04fc8ebd0
440	ab0bc9f696e05edcde7c5177391c2b8d6aa07cdf7b64dca86f164e3ed4e4834d	1e3b124b4a49c2caf72e532ad38505797aa99b46fcc7b018938f389771605904	db43eebd38384d5c698e659d69c6d77291e7af6cd4e53478cab95f75d71214b3	801a22efa2cc52619532708037580a056eb1dd7960a625cbf77b663e2dbe336b	1061a1877ba0832dd20a4304db1b5e6d39a61b00fb4a4f3519b1082a6e888cf7	dc44875478865bf0491cd62aa2e9bedd18c85157378cfb9feeb9fdcc383a30b5
441	764f23dfe90ee0e6dceea389f03fef5b3c7489751d88b096b805839f4c4f4cd8	4244eff49232a41a4edc36fc441e438b1fc6161f25f68f8acfc2068cf57b953c	a85a14855f73cfc34c21ad0733fb852ab74ff4343855576ed616e9308d3ddfcb	aa98f62944adb1645c5d53678a46851e94edba13080206e44db88fe8d8876dd8	2021cbf32d9127362cc5d458895050028e869faaeb5a20a044b0b9dc344c584d	c30770f3bdc02ab166ac23ff7efa3dd172c466a888f59298592964f5bca778bb
442	61d5e771f54638dc27b4d8ecd66370aafbaa46d42eadd629012cdfe11132e746	78d5583956e6ff3d3309dc3866f2c9f415715356ae36afa4537f2b4226c22c71	82524ff74a0474dddb02ba84180e8379799a81a38848849353a75191903e313c	d67ef72cc6a9319588fdcaec9029e05b96c31caeb225a067511b4dc7ea505b2f	db1c73186c98300e5c2271fa430d6abead357fc356780a49416047972d196bb8	97e8ba118b8721b24a7e75331b0b446a67e545e108890157c3cd0f7908b196db
443	8113fbc384b066808f2ba97fc592de2ffddb05c61d9008c9744053d16af87ed1	4395ddaa2e2570925df1c0dd7b8241f097445180d4edb8bd82c146144295c319	7bab530a66925633862f68e9c954908da714d9d16acef53b270d55e4fe240657	e7c33b1d917ca4d332a72de964b1691841e366a9d611d35108eb489dac3b1ac1	c3561a44612c1d91aa2944c2a433b91199ed6d838889522278993481796991e2	846e52c36d1651e77bc4f8f90aa244ca81bbb234ac9301463fbfef9781e69516
444	47495455553d0f8d5cf1add627eb8b1fb42afb1d36a41f69172a7b17f3842674	a17e867fa801dbea5b6f5d120aed464327a8d1c8969d4199c70e0884690438c8	1fece3bc41ba6010c21842b88f81dcc5fb04fe0fd198dc7457c021fefaa81b37	7f31d0d08f31b6008b467cd967a4d072353e5e84eb72382d4d402c2ada772156	d1522a5eac75db7e561049102571be944a7a87f284848dd7e9c293e1d3bcb111	3009fa10da9f6a81961b6cbb06ef18ebfa409d8088fe5dd2775b49fc9efd3407
445	f491fe26a708fed4a2b5851de557d309bdb68974541e63074d11eac21952c964	21d484f42bfeebbd6d1240db3ce80b889b012e7e9905aaed8ea0c2c02a458b25	11f2ca89a811646112bff9fd73eb159dd69728f21ed9bd1caba531cd52d66d1b	1850a62e23ad0d6a6ad234e1bd5eccc0a446ed2e2003ff6d27569db250e872e4	278939a882c90dd7afee38f7cf045e453c4ec575eba6862745d4c7438d0a0405	a001d42d422106f49a9ed3368404c2921ae8ceff3851bcf0d2668c9695717c9b
446	1215e100d6d7b0dc10b50a5cbbc80a8f6fc37cd79aefe8d3538ef1cff685eccd	e6715aaa3343d8966f5068bc4839603f80dd9a31616a6343a6919d917fcd0ec2	ea9cb510fd2843ce44822e90cd7535ca82fb41e079dddc1637349dbd832eda12	4223c450fc65743835246f2a90a18ece8b16767d47a297c48fa7a7f736f68b21	742e2efcaa22b9451912ccd884a61f0f4aca1cd470b6712111acf6507c28d260	30aa244b57d08dfc7ad2ecd84dde6e48ef5cb81bf9f20c31e45dbea2c33214ec
447	07286e53f8aaa872106d495c83018db70f4bd8f458c596daf7c9567669e058c0	916ca9d1745a289833220b1bdcbf332989a778943d74e63f81a80089e62ae61e	835b4e32e0dd42132e3f1dfce4df9875a4d87f981d2f54eef2c3aa408bf77fc2	77cf96e79d845499992bb2060a798b11fc19b9c8d69a39005ce222bde0402dcd	e8b412291a8d2b7cd981dc5988b4c60d2c39b80a47eada268226acdc87ac91b3	a8a536c2bb9913f18471796ff0bade87febaf40a40ff26021a27096933640cb4
448	af605f92bc467c1ffe05c122c37ebd7c7b1ec1c73b17b0874e98288f31ec0731	7f13f4bc61709cef69b34712f56f972d9b92ffdea122daea6fddb5f618141cd7	672824a9dda7294b196ac3eaa8abf78de0e05c914d713374aa620384d287d217	fc6dc4e04b624dbbb08707b185e32ebede459f72ee0c1e379f01c95bbb17fb85	05ab06e81e62b15c19fee48acd2db0a40e22ad551e4c284649557a521682b739	4e8bd688279660b52a38a64ed3a910f21feb111c5990f976748c78cd3624867d
449	3627a31e21645610bfa4afc564443455db78328e398ca8d48805259d85f1da14	43a2d578ffcd9d8df356b04117c277297eb997af3374a74fdbaf8ffd872e3b4c	895b95f4e941ebfc42f9c2c809605877c0c6a909b80530343a9597e58357882b	d499141be28da2c0eb8b86962b6cd23b2fb51743ab747f2e013a0838a7e7db1c	2d129c20ba4cfaaa944b29e457736ae8b24d3b4f6cce94d6486807f4efad78bb	d534a675ba910504daf6237d4ca46b1a8e186badce9832f4c353d58f2d3dc49b
450	285d5b6c34c4eff8afa6fbd1937bd4770cdaecf5b8adfd390a01ad2db122d265	17e20cec269ffa9388dcb5006a8dd28ab22eff3bb50553e050a9cc386ac24184	f28d4bed131c2c6d7c1dd43272034b2b965c77a2023bbea12b736e175df0660a	ca7b9ee262e6036b82af6ba4df96e4b3a42a27d4d928976c324c74454e2efddd	67b6e0abbcf6a257687b9fdba9cbb6e19f102590c669b0401048b4fa821fdfea	ed61e07fb68272e9e11eaa93f828d15377c397e9838ac2b37d9aade5768747f0
451	be964e0ed5472f93c7dc6dd0c1e3add5209510573380d443a63954c337fdefe4	c8e378951259565c073880e3c4dae1398e0a5f2acc4f2d0893db22e54f6ae568	563afe1ed97908a416030bf8849ac13248f8dd9212333ddc84a71367d3bb6c68	b3dc5d5cfc47608aaaf5e869aae7b54b1b5915176f053324328e68a5d1617587	b475419228fe4b922449a08fdd26d97a54acc11e1dd7bbb5ac4b95df253e2214	c588c7a8e8a0a42f4b22e82c4999d04862d703f9577dfc734ede082e24fd915c
452	714d289ad3775f8ae45080a35504560f030116aa2a0c192da9f8dbfbc38cb4f5	7546c05b8d177cb7b00c5dfe38168934d9f6393f71d65e70250788238486eaa9	9622fe6fd2f5c3ad462c50ad07fd562ab60a45abad733529afcb18537c2de8d5	f7ca3d62ee8f22ba970744bef460a3a1232bce42601a25948887c277b85804b5	0297965fb893f5b4e6bbd9dc0fa1fbe0eae715724886575f522a2d6d44dcd259	6dda03e3dda696a71bfdc4a927e676ec6a5b933f01981a4f7ebde1eceadb6192
453	1b8beac22060585a70f97df10945a3101f3fb36f3e64a4ece5615f3b991dc51b	7b27581ddf6bfd029df648341eaf056bf5cd8c57868090087b6397b8fb98093d	c187f3c96a534b2796cceb68f741d2add948c6c8e6b361f9463fb6556fd7a522	91fcff5b96a3bbcc6c39abaa23a1ee50cb917032286c6294129ef7e116acf7cf	a27ffc8497127185109d0f49d3c49f3d4dadc5ef8b3b01d40411b9b12b038706	fc75b799da028307518cdaea890ccb8b5d53e391a2cac5b2ce067cfe24afaf91
454	239fdfc28187f8b202e1f4af0e4712862320b15d9e9a6e1cf0d2b28f22f6ad04	3d2b1f385f3848845785e8b4ccb112ad44e17450adb55f3cf296b01da3899046	737e60415b91d8cbdefc4cfa941d79a1bab3db45aa6a291c1ced79e6340d7e19	158a2d7126cc4f7f48261895863ca0c165c0561ce03be96bcb008c4b7c1b7e38	4ea4a2e3c50a7cc75e56f33202d8b4855f7326d1ed1669fd43a270943ff34811	8e70b55d5d5eb93cf56c1c1f6f82401d1c0c7db945be114fcef89cafc45ba4c2
455	fa453d64eef0b594d512bc398f2c6a829de1cfe6e606bf6221555e91436ef7bd	365932300e0d95b3953ff5fd1ec7dcf62dccfc7ddf3a8056478094b007990560	c98db7bb43518646392cf043d3e49b63d60f42394848cd34b30247ec4822e132	a058591a9b99e7a66feb0f546abef2f1c2afea023118e23e991dd8e3ed3e81a8	9d155b7a3ca9e79a107f3fdf63470f0e391ef334997e707f41312d76fbd529dd	af1214d29e3477b0e1c4ea40901918e3cfa50c3f972ebb53b91b60587e74aafb
456	0ead089ed21370b0e6c6818510be406f34b88a55e9e73718af6a4397216847a1	7106b621c915f34005400cda106bec5e8ef8a1b7cee4864c402c2cfe8bee2d1e	a4b4d00e9845114c98a8bd71e4ddedce01e20ab78abfca1a7ac1f6a8dab674ff	a19a0baeebe3fbf14b399b861975e42a318288cfcb824cae68c1cd71a46b19d6	dc5856dac9c3b75146280f94e96b86f21136bc15ed8115f6c1cbd20ec497d5ad	432f023e2218e9634d19e5130889e177d89d4034abd6f379bf0c9305b99bf4e8
457	3d3399f9aa73a071e2c75757382235c94d012118d8ea20a6af834229c8a84d8c	63cc83f0801ba3d2c527dd29145f47e6ecf6c1a5e5710f5bf8dc8a920a1e8839	922f1ac2b2ae2256c0d2a1656eb39a3257c1d020c20444ed7bf6ca52e40716d7	4edc9cced9cd617555232a4e035ac35f253e3462b999ade0e1876afeaffcbaa2	f945b164db7ca928e09c0543758c860d902152878aa41b2d0401ddd3ea295d8b	36249f97916032cdcfbe678fc6198e499ab3fc7cdc2ab972978d78e93ed58f27
458	79f6aae7af659024faf098a9f39fb0599b5fc89c79ef40c3461bc551d8b18168	b10f6f945c278707a5aeb9d970e8b51c50f8c087eef993411745ec4b6c131567	95dc2af035ad350b90a865404916cecd07825a5cbe3e534b459c887cc5ec21aa	9a0e5b972b6bb4bab0340774c0d9b7498e012c0ec8285d33aa94e09bf49b3827	33f93e90aeb2f4fc559815f42060a396f9afc41834f0123a0ddd5e5093369c42	9a4259271e04bea544c339a9d8e7e422ef9ed3913dcb878b3a899e33f00f3fbe
459	0faa0e893af21213ebaffa746be0d382c9fff3bdb86d8dc36050933c7f48fd00	9abda2a3757cdd0eedd58a55faf1d712bb204638cf89edca3abbbd0554445426	42b7330cef674fe4fe20eef731036ce11cc924b3cc0638ab28fb19abe255d3f6	21fc933f661c0080d07b9c76cf3a4027075d715618dd440721feea1944f0544e	2acc124878791a309bdb8a72c382f29f56e16bf71a7d6579ad91be332e1476ff	9df50079d0091d1afe716594c5389c5302eab82a4a4360672c39fb2f4af64113
460	e6fefcd8c881d4c5e65a7442977441cf4b3bbfe6b3e74ba58d86a103c6b9f15f	da44dfd130db0810466150d133417c79f643c48df0d0479730e007993cedd22d	2032dac9f4fe26c60440b59b4985921b7f085a21f0c7153911727b62060a682d	8daabfbec83438f28614ebfc585f32552ff9af1a364f13bffbc6e63e3cdc696e	d845696e0a33e8bf5babac4e33d90acf515b7798c17a2bd9dd85b2eb217423c6	f0930d27a42ee28f7da98ebf0b8c75e3f71db59136344b8cdd037469d2e54dde
461	efa1e6b47a02011b7254468491eee58f0229ae771af52228e39f00b241487256	578c979678c45a749fa6a73da7b08b31d25a76e578c1f0a98213e0b04c5dce93	148735e8db23ae508546a04d033de1e52cbf340d3814fe992eebdebbdfb57071	6b3c92b57400779a416ca090cced45391ba2a9fc9a791dabbb193d0757d768aa	2681446835780af0cc65314177d4ae88c6bb366124d761bb5c24afc75f79cf75	9d1a9b2327deaf1051074570d084467947463c23ad88630c6ea8f1c3c2cc4abd
462	e541e78dafde61ec36c6750eb168b001e112efc4cbbbb744ce8adcefb598b475	b901c4b3b36cd60f05689a89299acafd179e6f550ba5fc828a073a70c3cae304	fb8e9439e1db71a9f69e86be1d7e58406d60f152f730a926a82618673918f7a1	a466d4c62ede7d4430e58fe533152742244c73cb5c46e54f1cc82da1d4409869	e5597fcfc866bb54f9086b29f3a8eacfc700e1c43e260fe3014235bb261385d1	e52cd858b1ec588e4a656a9374ff49cbc770b44b0a73e7998f18530cd888e4fc
463	48cb2ef8cc1569b2725d358295dfb3805e1d35e817d4e6e0521a92a3dac40da1	def0a5113740de90e4be480b7153742dbb3b6ec86fb7818a8d7133fb400cbd77	e68c98e2779b9ec04e6fca9cb386d5d3b0c33fb07cdfd487988c2b5e836deaa8	ec43925896491945c9ae6661266ee3b0ca29880c55240f3dba463e7b377c3c14	db727ac41272a400521c6f65b29b041a7a82239296ccf5c7ed02efdb3e43ca46	99bc36e3cfb067015900e69b2ce2f03c7c6ccf246cf3261d19eda94d7eaba065
464	63d5e1121a31f7f8bed0f4e72ec3b63582c87e528211bc51be90d5e76417e6a4	caca8ad4d41f08f6904d8037d6e1966a8b1a7e8439778b7ddaf46a49e80a1284	dcacd97becc96f9ef2e31c78a2be8e3f0c52ecb5f2d4c8623a11adba5454d1ca	a14bedb39c41c5ce6f68bd8d5699f5ac93807dcf6339f0fd7e343980d3953f08	a0cd112a3e4330e250e538e4c9eefd950c71b3165e620a558bbd7c5cac086248	15c4b8a3f5e6ebc2b1e9cd18384dd66a19686bf69551909a2966092673046e73
465	df4f42299c50eaca626b95ff07fc5c7e9829b752cf7b9779e2f124b3afff5ff8	f277c7e69d2a393cb62de0b88ab7465bb34e8461ab2b6e79a39961dadad4d22d	174e0956c2591197d3ad4e80b2bd5dd326946cebf8bf1fcc8d479bd5e7bd37d3	3eb7693fb219fcd1501541b8b56e4ade7eb3fe6f1ae276aea1f926381d5f8bd9	697d49bbe6df0ff608930ba4d5d9a229ca942906c4f70a5d91cfe9211e94f477	e3dc8b83514ae63d2d50f008b4b68d611f01d9e5bae4553852eecf582818405f
466	ee490a86eebeb26c1d61d4c34ee275f8b4da617fe90670df0e66593d61e8f6da	92a36c997236cf75ec79f4cc1f9824c0a7c5c5e93c2f0cd4b6b3ab3b762471b5	d3ee423019102e07a80d9e65f281e66fd1c2dd44e313ebf94cd1d3277c947e97	91dcfad90ff272f1d83d6ba266facac68550da16eb8a4d987c8a25057b736832	cd443451ea0b0f66062e09f7dc889b060e13e00f13d7aa70ce9ff2bd8f2369b4	b8a85e02dfa484044572b1582c6c0a16042590ca071dee40ee2afeddaaf858a3
467	204adb5fe67080dab0362b904a5057c7d093edafe6760795eeee7348eabb829b	c1e44d62ccf17f06fc4e61e29f86b3b3ad52a1706936778ba87b094623c3fc81	d13809254fe72bf0d81d66185e19c19cfd30b6a69207c581f652e15a4ce6c9f7	8bf91feb1a803aba6b2b0cf19d46e67796c7ef3a3b2939a36599d7dfdead6e64	30afb0eb8c000cb7efd55912383d1fc14428fbb2be99a7045b6830b640dd3f2b	2ace8c6a1584fd78296ab3c6125bf4cabe2e2b95029485fc2168b634adaaf6f7
468	44564ddb246411e01299f3f6778ab874f2fe7a3f3fc371e1b9db6274651d110a	9668a26d2f5f14493f6cfe2938f4fecdfa0a0c0ff467fb4f341c8ea0e09b10a0	083862a5b3e5a6676d033cf42d43a4dc5946b73807c6d921f1c53fb891605c28	9dab7e4d64d8a95a1798cbfefab2e233037be7de4a3ad5806bee98eccd47cbb9	83571fa7676f365b22845dab1056f66bf3e5a63146553e4e5275a3eb1bf5ca76	59bb1c30317c27c075118189d9f14c963b1f0259c5d13068c16cd363a05b0b83
469	8c91d324e806bacd5e628285da98ad385796f1fdde00510c07e60c22e6a26025	98d3348d34c2080d7c5d996def6ba8840a7d4c9e9c2c30bb272fa4ec0c6117bb	0b1e9f336ace57b89fabed6d307e7adf1090b606f95c6ca1aa7f69e88e60106c	962d399fd87629df96c401b993792b7281da623ce87b1c3103cc0ccde6358330	9c92c84cfd91d1bb4e95364f05b4ac331dd56087ec07d9511c31e5e25c63ea5e	e0cfb219d59afd4ef4dff77891dcc6a77d64dd6f3c42b943ec957f8f06cbaa80
470	3b40ee50da62aa38643bd75262a0195c46c9bf5ec999518e94ea0bbc1a691dcb	4a6d4e09b1701a57899e416ac115bfa60af29ff28c07f64ab32752cc8628c586	69ec8569f4dbfac6a95a15a73699c79cd41de7d60b3952a5278a6089a221f679	1696d5f1e84a8387fa9a689d146b6e9c04835cd3ff0f176a4b95eba17f68a7aa	6c10440fe6c110b13b535ca5cc1807060f2df7d71d6a656ab883ae8919106b01	58a4b17ebafa52e5b223407ff3fb28cdc6fd9c59aebbbdbd933b41658a76ea38
471	24ce0a1a859da18916fd5a69e64d901a2214810176a1e1a2788245c08b3f9d7f	084dbb98591cfb7972b333d5b42fd8b48e83d5bb06c15af3a1fcad0e49c7452c	85b1688bcec6243762bc5fe53d59b182bd8dfc19dafe7343c2593e5596b77935	9e914a48fdbfb8e08a32a13099293f48d5bc2ee9b2c81fa8f0cb112c0d21ead0	b3127eba3714263efeee247760687825f11a618288fa23c6ffd29b3390bf8fe9	5502dea8290aeccfd4e70a07a2112a7b9c900de8efef68e3a932bc817b45942c
472	fc05f4fa71078f4cc5c4244498705b0126c05d95cf0e045c979650bf9497dfd8	2a1eb9c9882897b3b74b411febb13282e6ac5fcf2ce7fa595a6570d20cf7768f	9231e8da79d2bb2f6892d0d1e40acc06127fa1c6917c9e5c350fd1ecd364d349	7372ac28caf6c9d8345f6e0ed06967fac9e7f26399867ec51cb7b507607ee4b6	fdc5a96ed21045e73b37d321bb1883f78cc7322ac7dcf91809f7a5e1eb18c25e	a20b299cca065d11c63ef7aafd5234aa506e1920a380c2bbd4e85a54591ba268
473	e9d71d8890b05e3c199577d2aea02f5bc642eabf5160fd7be27d5e912426366a	37a2134a2dc4a675ce792f544e817079a2a8c2f4882956ecf9f94bec6657a3f7	6e0a875fb76756ddb026ce7ff3881d50b86f16254adcb44b8541b8abc8694fb9	352f98dea091648d6e4f067622a7601a967c788c24a9c2e23ab0ec21e93ca41d	61ac79eebb15e91ba6ec6cdd9a8285ff4b97b8c4fd2aad66b888b1183a58c5a5	76a62f08d81aad5fa5c878c2ba6bbbb1cf4a6eaa97e400ca3eb94e8f73e7fb46
474	8bfedf1bc85c190df427e108073482300443b285c8b21c2c6770e04e56d8d458	f408568082e99d67b358dae3ae52cd9f6eae113e465a1dc4197d03179b2128ae	aa525ea12ee63a65454cb7a037282e7764f910ba595ad46b1ad1dfb4d3076c0f	3954459e07a06a13e874015836699decbe0192dd09310004d7a90527cf8176db	7fa3eb21229ab42c89f211ea8128f6c23763a2fad567e03c31562cb5df88ffe6	fefcda533822f8e0a0dae79b3b8c08a2341c11c756b4ca4d8181f63451e0bec3
475	d6b593a414fec2b7cc9b39fd92d4c0cef682ff929e4aa229623e8c6d9ab144e3	e631fa9f6b4dd73c71bbb301388bbcbf9bce38270f4c77f17734050bd9d5c174	3fb4337527edb622db0f202725f5386a604db3d28711239661bc5236421bdcd4	6a28f8809ba619aa6c943f411ed57e8406fdf75592ba56566db98ba79f825d7a	e57164d880f47f6e55dd34ed6528e305b3b2024c97d9edf8e7d4d27bf4b38207	32ca72b8ded7ac2b90001d8b927d11fbafafa6d278bd5c169d6ec78280ee5de8
476	713d19769ba2ba1688233d01d1c7359fcf7632eac6b451fa3ae96017cc68700c	619eb98bfd78f76348c5c211799ded1411caded1adabd34bb38197a06bdd43be	9457cad92ef14ec02ad94cce7e3e691c1ab1cea433eba7c546d9c770837b92b7	82667c8e3621b3f3ad15963b378a7ebaaa28a6e4c0e677a43fea958c10ff35ed	60953662b0ccede8a15973bd2b6d440010967b0441f52fe50a43779730ce43be	50aa7596e188f7e6bd8c622d0688e93729ddba1a5fabe0e8d2e232ddd5539d93
477	6595935ae95cba470ca63d3e0bd3f2120449f50769e842bba8f9ca4e96410d8e	b5ec23ae026f59e4fa900bf520fbdb66a8571238571f7aa8b0ad12ad747eb7fb	ebb3bf045d74f953aad4e672e1cf8ffe887a83c7ed2035289939162e62f07e22	9e93d63b583bbcfe9a552736190b550e320a6d56fc826621a62a5d31de881d84	78e909985780ede2a471732814e895034a410e7ebcf0eb29185a82042d1a5235	f8ae492d96e3d4b2978165b1336cef210fc54dd0d90789b1642a6d7653f45268
478	f45403a3b03a3d382808dd3c5ebb8e96c0409460f52c9df361ec6f61d262fb2e	7dae6eb637dafa6dd822ca99b6bd510fc1467539426f0021a245568890c0984b	c5cdc023b07bdc9e47fd09843e141fad188200ecf97e5cdb8ee9120721fea2d4	9e983b48cea111320984aed3099ce5443e95ab77d1650288978442c54a8daa2b	ca5c5ddbff9afe5d2d39eebba546375b3ac3ec3453ec0ed5cf248e9bf17fbe33	23a66e7d234bf6dcf732190398b46081e99e8b03a7245c1e1b428a8c624f24c7
479	e07ce12642217b8358ae358235aed33a0af454699e2607a9b8eeb03b6ca7db3f	b7e55edb3dc893ba5a33689398f6c0b439375f1cfba2a0da8e44de4ebf3fd201	f7b0bccbe64274c3ad2048c0aa9cc215d67b45a03cbbee491999b5e04b576588	f297dd21937f08b5cb0350d01c8db06403fe4e4cf1c8ecb8f7c01f57963073d8	6a07fe0bbf1b548bb3d0c64356d68845654a01f2bb8efc00afb70249fbc3df50	0e060d14c398a1d86af88f223a676d1470afb6ea0a99926565a909f8d6a8d74d
480	05d6cd68d6434aac6eeb7889a2e810c9203a5f73d23e279bbd5211d01b3f5a02	5c998cd13ccdbbb370d9fff26936b7932128740a8ec48562ba2361411f95b94e	1525bc4517b83283310b5fa0b1c55d7718069ecb22f3577fde89f4278872394d	10e45c2465fec19dd7e84b643787565e4313fd3ea1f3eda86129d1600f1ad458	68f4353b72bee1e45a365070c5d451e59298b1ce33caa90e6246ab93d9e50e6d	ac19be9444afd56ad7e7a86639a92a32407ed7284ca6a9bf00fa1a49f1173990
481	4126fffa9b88dfe6686a80e1c9fd66350f65f0140e78abcc4505c25930793beb	c3be5d742a00c2733c2673eb70e9797d9d9a784c3c3412834cabd7b4cd26211a	12c8979fde6eb8774a1e1ce1a32eae6cfe166f0e38ea9be877c4ebc14f27d234	06ad3f12eabe107fdb0b5aa70635fd393945972372a3e9111cf14a8ae2cfb0bd	6191129b7b189da91026b3ca1af35c514ebad2f3923ab88d63a098f6b888d38e	1075c9b0198b9ef9a2608256082b08d13a4ed7d2bffd52d3d47329f07e7302be
482	580e6e830e3f72c2ad70c94ef2bc311b367bece4e75047562cf6309ccbb48eea	3f34d8cd136ac7f92bbc7b15f9520854ce89f65137bec8f5114555d31bb90ec3	52da9a6b5335e287be417a3cfb0a136ca19ba6392ce7398594cbfd79005b75e7	69639ab66e62d353dd493e902321a013b9e919e32af42da7fce0ef0fb8523ecc	a18035d67d5aa15c2d47b8106c9e7feaf4d9f8908c02f7318bee9db1ea8f32f7	22af0f568abdcc1cf0dfbdad1051998f2b269d158c786635d4a7e55145f50b35
483	3f283a0951b72b9fd89a6506eefb44b337f7c87cdb705137d6455f37791ef78c	636c41d10f33d5d6a26c09a68f29f948a6496f948264f1606a584ee056abd577	e0b3e9fe1a401726fd17bb43d7b533f057ddbf88cdd83e2a2639f250ee2ce083	f5e7c124d9b8b39a6e18b58fa0394158b5f8dba62da979ff0b336cc27627998a	f09d0808902a3afb6da4daef2a787e3a28bb6220f0f0d43a6e9341fcb8c5b8dc	a46b1e68b3ea8f77100bfe6fa86e79b625cc6f8879f59380beefce1636955315
484	5281cc9e6137776102ed092b15bdec6b56bc5fb07453d69630cda2afec5922ea	9c69d8016a7d5b665b5fea56fa823f460e7897a21e7f7cbcb3faa86523b4f4a6	1baab41e2a9816889fef5ac683609860f286ecd83c5241a485bf6356f974123b	175f8bb94afb4f3ade627fbedc0a55331b8be8b83428e5a84a5800ed7793c60a	01b0769f21cfabff978e8e8d5df8973ead4c2b2fed8d4986c868bd6b347fd40d	a92eada141d230651f0854dfb2dfde7b9671316c2156d6706e0a000d14f5686c
485	8c3a91b626fd522e783e3572e6bcc4a769c51bfb6953903a1a12acd02781d48f	3990e9e503079728c4214451dd97baad8e853f8a0a73ff834901653f9ba1f5c3	d4d858764d2c7f4d8e992019d9aa088f48011fe9c45c0f9cbce4ccd94a48cc8c	b8721db5511869b654e780ee93593292c6db19e0f80e80db731c7f6557aef448	02a08fc4cc1a540c4a285c20b50c3b0ec33638e88459dcc6618f35fe21d0a66a	cb4025b57faa08f9f1507f99b428af9fdf9878a5dfa60788849c6d540a9b1851
486	84f3dba5da2c786a1254a6955dfec205fcfbb02b25555b10d6582c2780db98ad	d4ca94d301f2751c5f5cd99ff4524e6006e362a1a27cd634fab3eac4914eb487	535383e5e729013528ba8ca9cbb0bfde389e0c3c11e9a2f13aad36696841c930	a14905986b15292e12a1a3a75e076eba4175cbf03738f7e0e0b34b1a88618c56	c15adbc9918a02b8a10292b923a6dac468cae7e7cad7bc8e944ad6e59d1cb128	d0d82b013ea9ded7dd88db1fe7b83802f68d98a32b9ba62c24ebcd361f581e89
487	4ce1e40d74d6edd80386101da9ce4c6733be594379e4f88771e5d2fb9a2d59bd	a93ef1fbf313e06f925ead4f0e257cee7c4fa96648b67a814445602d8475f34b	ed91824dcdc7573b72394a60f513423418f7e2db3afe25e1f14af52ed1b77c82	6a80d9045c08f492c5b80eb300aa577f48f8ae1259674eaae7fbcd852137c298	de5777017c2fc274ca97efc914be74487b94a91c322a15d88239511c25b82412	c403fca56da0575a309308c4a24e7e0aad7b0dd5085ede5f1d153d607b8318bd
488	62ff1d7cdce98661bb4923c6b418eca14dd44a837abe255d85aedd4fe903fcde	dc96bf429f2c1fa7cffebdbacbc9d2521c4a48c3f3d3e46b704d10cdf730c7d4	a382908156741307d8d93445013f2b28b95453ea4525b63a4397998662a5c563	0407291762c83d7d74ffbea59dcd412b35729c98aee68abf91246161ad993d7b	96fe4afaf0d97283921c3e7716dc2805ca581450ec447efb56ac5172b44991f9	9b630b09ea348f749da142811062accb2ec4b3929e104d1f229924d99473e662
489	321dc866c38ba7882dc61701c688d3f35d06a216ec3bd399f22b2e09023501fd	500566d6dba6199760150ee8ff8e812ffa55c419d4d182c7a39e2bfefaa5f57f	6b65e2abf1594aab1ae2a354e3a289de170c4a1e5edb00441abb2697e7da00d2	d2f8ae7feb3d535fece70580440a66348f29776f08c68bad97745a0bc1e725bc	a00329c3c1822cacd00e72e273a2c88fa83d83fa7f0b84c567e88ef9f9fda1b4	43e9256179560a976fcc2da2c618252e8aabdb49342982447a78f0ee4567ba78
490	0ee5b1845d15b3cb7fd89028bcdf14dab471f387b48632e5a5c666a54d4e6b6f	cd86f2d36b7504de05a796cdaaeed59a26690ed000072f17b1d6a3427dec974e	fc72f2b4bb3d124fc3ef39cdc96c35780ec00a6ecafe084f5945163bf8d836b4	1ae88a9860f2581d8a81e0ff22c882414e1f0bacacf48fc99e1b06dffdd622bd	2d14ea2a723bfc6921d0b4154ceb1aace3822154d10bcd4a9b09bbb5416b57c8	f8e9cb9c7777083e4afdd574716be107074b8a1e480a06aeb6997e3d7cb91259
491	26b6932bf65f1029266dbef07542f8a7280088501b89d8337f73bce7ba1d7561	02c6174f37ea9994fd4dfc34ec94c9106d182073dc1e03e038a67b3085d095e8	047d7b21c7722f25fc3ff3f3fb3721b01ea2af6c2b327b56034db4b29ed8d048	5c70990e2b98afef939b23f041bc1110193cab6e12323b67efbc7633ea8d2ff8	09317dcf8e2b73203c834423602722742ae503881fc7d3adf0a2c27cf0d1fc6f	84f501c3801d0999fbe90cbc12f54e793d7e641b8d2aa66c224a8354cd5f8318
492	fe30784e12bcf19cefa4ec9df0ba359950d5e9b9f820cbee7650bcc0be96dfc6	13883eff0fed000cd9647c5050ef38351eda2bcc3f1f876e732cbf0a5b56be6e	093337b1b9e59a88ed32e143e91762a9d7878f2a131401b6a09df3802b277505	ab7e32970c9bf4d69ab63c35128f6bb768cfa38fbb2dba41b5c847620e8e6ca8	adfd1f0071215d63157d880d5a259791881e7898dc26ba7f2e39934b53f27252	2df5998f6bf139c9c67ae6446932216a9e1136dddac0d8a1d583c2e5c82e4263
493	a46a799d4b68146690b98c8239630591f3c3d139ef8654ddf7acc1c86d6f5ed3	b740f205884ab5439b041db6a8c78e461b1674d46ccfd4b2f298c29c8a385588	da58f35a2c8be288a45bedf7c3c648ccd47662ad5ac8c2ee89e992a877e7dd3a	ece2116a31a1adf10cbb4e02df7225be52388f5036911b470bebd17b0430bf8a	f0e27342b1f7d674e8bb53922eabbf6ff8d71bb6975568e8d5d676e7ce54c558	0ed103f9837b292292fd90fc17ad624e0ed27a7c4a29d4202f0e21f142c6e8a8
494	b9fa3536104c9b3910db1c40ab6858899ecc7fe03ef5c44f9efa847ad641d677	d4cee15aa7f768170a88871374e5153b5d96d563fb25592ac4bfa833b1307cf5	528638c82f962189f2dd7e521718414cc36639e010a21c616d26de7d2e05e4e3	f75e04adaab08f03feec648248b7594673ffc97090f9fc2a838a856a694ffbb2	472c1c3d93885b4e008b6f28241ea55b917abf74d4a8b0ffcbb57a7e1cb9d6fe	773bf2a350cd2e571a96510af1ce56a06cf2194b5d4cc11ad32c00eb99c70761
495	09fc8b4f6b18d40dd859a2f3570c237758047874a2df7634b3eec9acde92f36f	ce8f37316adc43b1e03d0a39905c904efed5a2fd967c49918e0e039620240f7e	c71436940509f582c0cc61110d45bea900f9fd4c8cb1876197df9c430f8a572a	f309763dd6ddb570b6e4e8216cf513ae5c4a89e783efdfea524df2d9ddb556bd	2141bf1b1230ec2b9b0dfad67273416a1a4cbc37b51f8196177cffaa0d6da06c	fc45ca6aaf5128033471d8f1f5e4efb1f5aeb189205f48d3cf83651b0369354c
496	930678d1b37eaa8ef5b1ed42c19f608c0acacffadc25e50bfc0c591f138d1cee	68d3292dcacd63539bc28721dc61061b612045b67196008bf9650e79147cb60a	cb0367635ea61941d063d466ebdc9d0a87f2d56c405072f9ae964e5c471201ee	c843c25cb6a3c76f354559f86fb75fea2ac57df7b4642ae0df088b29e8232902	1e315bfcbbde5c1a772cd2994ff536d8ae736c5f4629276d03386c6c0908eaa5	c8fbe644774b4342b7fc5a3a699534a2a4e71c4ed5cc136d1faf799836dcb928
497	6f530400986089d8aebb787b4eec9cfe71a76035dd11a8be34d4987ab1593ada	4ab2c237f145a48499e0d93ed64c46e77c2d0ffa362bbcd00ff4a62d92cee0d5	bd73c642a46b82515df1bb9de9eadea04cefce15b114837d82c688fc85ff8085	6349c2b97bc37bd50f64ef692ba2802ab96573291587cf0abd02b9dba72ed05b	19cefcceb1911e095efd6d3f73d2b91ccb58331db475a72cccc037a0621eca58	cf348062ac13aa4cfcb3f2fad83e3409bde56891c70b16bfd8b1e00cbe27b3d4
498	73d7ea37baef58d02cb4b3ff4746fb6de7a6aed03b051b44ba0f17c0ede89914	1351b1428a02e351e2e47ee43ad2c50bd4fa57ff72f53ff11f7161c17b389820	1ae396ff2c22e1e1b2c840c147b01005a81168e728dc967b12ac1a41c31bee38	ad2da0c4b885fb3bf52aac3e1dda7b8fdb7f557e7fe6e016ce78034dd0ad38cc	6e3d4c772fa0362958442552bdbbebb7c7cecae0db6b4960c827cd092bef8db0	d60a5814a72e04e1c7b00d841a90db838992da03f2123ce5dc5dbb322f40d5e1
499	af003cb87cae522c50d454748045ccd04c5e0f536990b3316381f24e2a7f2e0b	944b6335df43e5f853e87423c7b79dafbd846f3ca088d91cd56da5187578ca0d	d2a278cc8a0627ab5dd784e93d6eca179836ed4600873bddaf08cfc8eed651e4	b9e4570a683eddcac23a6a836260f95503e887aadb51fa5f1da7f5c4e5554938	7c6e3987bbe009f184d18eb63e806a86ac7343be58f59d4be4ea92508fd26d81	a50eda12b11496c67a0152543f9fe45ef06ab0cb4b9a7e52444ff74f20f110c0
500	8878fef6baa58342744600b64b2be31f97917d32e50a08dcf49a12749bd08d70	43c301cb784bda0e44eecf700a575c2962c020ed818a6f5e92679a6bbfdc2867	f97e4f7dcfce83b5bceb356bcd0dd685f9faadbbd4e7ba690c19c9f6163f0013	bdf8725d3f44196cd6d80f225e6aa956be346fe1ff7f78a92091b24244933eee	a1fab3a643b3eda39ca0d7159e11ca6557e0864fffb3cb71b17986dd0d8f7a10	2c531c3930426f6b472d03e584ca52d4cbfd16daacafca4c861334af05c75b44
501	68faf478c14083aceee3dc2579c274939a0c6cdf1fd63858d3160d82256bac38	d03c3e16642e5d80e094d9d1306c0862d9a1da0d14f56665e8e099522cf67c86	61a11b7bcd754b8e0bcf8da58e9a1b1a9ecf15c922389d1a9cfd5aa55075e663	320bace8d2aa1648a5f70f5a4461d330b04111dd2a4089fc5322e2e0ef449b31	bf4b1d3407e06fb5d471c850536882f464992bd3e43e0c468e519b05e9ff645e	979214b863c188ac332011c0e62811b1e7073cb9802dffe2fb690f9b5ed63132
502	7e02037de4e60f44b80894368029e098e9ac60a4b50e75efd4295b3e8a5770db	2538d52da984ee2f80c06c395fea635d32ded2f1f740ae5957f26bce78d71289	abb6bf360da001daf48fbe73d6fa5d3b53c619ba7d9ec1ca13df08615e4c7fad	978906f68a8272d1ef8181e11157d460080275efbee647d85eb0e5ba4ae46122	89838bde61a8b0f80b9b93ffd14ef43b55d7187ffd839a67f940c70a930136ab	b73df56da09f4e6e6ccd64ef4ceaadc2efd73965e8f7eb6f5e7fee49e1c26941
503	9625a6c848a0c659679661806b1c37ae443c82262795a8c5c48054256e0dbeea	a082bfbd1ca0ea5b7a3d878157fca8d8404da82dbbbfba970a8d1b77eaea9a30	ba3b0fc1ebe0fa94e48168b349772b3a1e178277facf2b2817eed9b859d33ae4	c610551433c4d1b85cc1f54d647fb0723ad817112983fafdec6f4b8699fb9b93	aa412d2853ce1b81e3dfd0a9f603d9b04479e056b6dafc19519374ab415f983a	6af2ead9f0001bb1f23a2f45b565454b18a611aa41fde72a3897735c839678d6
504	108ff89b0076c07a35ae51d7976cc6c5a02f286838db03e93ddde8cc14834fac	cef1d7b382dbbc0a583e0598037c07ecc157a539d7782dcd50064ad9ca4c4452	7cdfa2b9280d5fb1fc83c642e23485ec17e513690ffbe919b374553b04f5bf9b	ad6bf4c55cda85580a4eb1520d3d776d0568c9bf9637a06755a84e250f343ff1	fcb56d4c825ef058b4d6b13f093f87f77d14c5bd6bfc410bd0621ced16332b2e	688666e94f1736691c7af84337d6c546ab41361d4d6c8b893e0e864912ac53f0
505	cb6c96a4dfa725661aa0cb63a0888d7cb2d871827f2fb529d42a76515880b40d	94933cb99124dd143c7888726df618c914ed812dd8a9bd4b1b4c7ad80b21767c	8ee87dccfcbf13c3eddcb7fa955c15e90f1a2f176cf5743c35ce36c15d6d8502	d4cb45b4fc2c943243c6fc9dee61c020788c5d303467fd99e33d9d4565a706b0	9f14a8a596de678d9d2dabefea536c8fddf64d7d966c8dc8c16fe181f491a2fa	b382a6a8ba3269fd02398be179a661e6eecedbbbbbfbd929608820c25656fdcc
506	41a413beb116edf8434ac791a0ea42e6051cf7851f7f5261276b7de55f1deaea	ef9fe7d9972d04ad87ee47e262eca4b3d218edc5a57be06b61fd3618382f2313	b8d41fbf8905d25f785e076e90461fb650f19d94790304a35c67c85b1f87b38b	9e8c36b64dfea7bc35df8a3ac2b0f26b958d60ec1e8156b6befe0e11f4edc1db	7db5a540c36da341d151a9d5bb9683cf044e752dc9fcc3570a29a9f64fa69762	7d2fb07008ade39b5276a207fedd13a8d3b1209ee59bb8c974d8104d2f77611b
507	d8486ef8fe2e0f637e5d315b155ddbdbf00f17d8ca207ead57fde3743431c82a	299e928fbf7de55af511452c12903c17af96f69672fb0625a86f6959577abcbe	25b9c3009a2eb89221cec68074fe7f9778bef55bdcb895c0d4a0d071522995a5	8fe0d189c1f5f2498a7cb031a74d5f6356e9198543279126da095e4ae380cb9a	10e17e76d253a01e76e08bc42bd99862538ccfd50b2a232939071eff365822b7	9ee1d85018fa813c40dc65bf28972e9cbd2ebad9a26828822b4876a3363ec70e
508	9bf91c1297db0ca55dc4b029e722797f86356e0edfdbda1ef7833ae57b6c2983	1e314f7592217729bfe9119ff1457cd4eb35b5037df86ce01086ff2966071903	1b1ec0286e883cd23a2783d87147b10e52faf008c36681e18970866106bdfc93	a25f9788051a2833598f5213b778d730e7b198637c0b61d388dc98bc1049631e	f2d90e8dfb0a910b245e1e1f5cdfb529cb02d4f0f2f0642b9f1933abf00ecaa5	ffce8b315ae9a5ff8c35779d815796e3ee1ba56a8260f1ffee372d990d5ab543
509	e13a465adec78b81df4e0fe44343d9ca4e64ab93996af24fae8bd24fe66e5476	8c04f45a79bfa8d204737f701cf18aeff6328b5ccb4a2e701cc45c914ba14c21	ec951829e371721549d5feaa6aaafd12227b5abb8a0a49ffbf694bef4c26cab7	9f1ebfefc6b7f7e385675cd81f426041728da1374e8ec41dc9c74c9fca958380	e660154a56cb3509eb0baedc0ca4cf05fe2f8342f61d254efc2917538670efca	ecbac78d0beb63a805bb450f38f35be467200bdc847542a9d9547c10284d72df
510	9e8e7914577ab5da1efebb68d3f1d5c4854c516815edda48559360950ba68f68	d64a5c73d5efc7904750e7d8313b6bd6cf7b202bd1992de30765be77b889f193	1e89140a45941dea6ed40c7472629c720b9cd4fe289f54d66e795db984e0b0be	db9833d58f3ae4eddcc112cfa3e5250343720b374bd6799bc474a755ff69c846	ea7e457453bf6b1c1f20341cc2537845daf66c1fee00e75e3d9370346990832a	c5f55ba7453b38aa6c2f510a869a8b1668f92b160d2cba0551ec1d9b59386e26
511	6f6f359e345a325e86dc3022113b288c4a304cfe1684db686cef9e8efd49b510	88c483850d1079cd62165d5936ce13a06cc7314d1d94890a883bddd2e51b13d3	3dbca777aa2aec1d134d8d26a6ef0438f1a3501a42eb3fbbf39b5288c48321ee	3b56da86706002dd6ae6e284af1e8e1be4ef79ba742e3ef7bee29baee182e45f	1f41a51d1e98e223df7f6bc10cb39a2523f1c0c0d8d064b567135aa1ec5317d7	f2ee86882e0b0dc6ad3bf182c15abda5d2fdd9600ff5bbeb2d42a21c9715e6fe
512	6c2d995710ff09345a3068cf908be9256d21a9c8702caa6d030b420cbba4129e	92336c187ad84813ce1e5d2edfa05a05182ffcfcbc64780cb4e1849789714d0e	4d0871daf05c121c5e3bae47439150ad720b16326e79d0acfa8e82e87cf2c599	90477e63572100a49860fe3541bbab15f1a5dfc69e910635ecc2b80d806e6e6b	ebdec82c949a1758ef60971ce8253c5eeeb018e3f36a05e06fe2a8728478f155	dc7b5de61c65fdac2564d77da7a11699002e64883e66a6fd200211330dcf7c5c
513	73f0ff466ff645292dccae0c9122323a09b15af381da52386886860e494ef2b6	664f1fc62e36406ceade95c7abff92ab571ca92dbeb42574a82618cf9f6925fd	776e33de098d179095b720a02816661c6202239a979ea28d0ee6812c3acd8801	ca765972e02e25082a7a598165ed1b2162f21a97a1ad0617814962fab6cf89f5	c9cd8ea98fa131dad17c43e04067322e41aea0c98924b48644121378d91f894f	0f2651c0cc2bc193f507b01659fb5081f6d445429fca36bd4a854f30025a203d
514	d2258d89fa931425b5c270ac7a340187b0635a7e6ca254287fcb07394ab1570f	47e40182d80fbd037e7946a0e086ca2c34260991df72285e82341d6355fb9552	18e1399412383fad85b54e2bc7dee2c9130e2b3ef1abf3286d9a1c48bac2c27e	2ffac5f11af9c183d0f57b148a3c876637f0017f4eb10004af5fb322e76ef935	737803e5954e4bcdafb8c155183d4f01cd36c81ccdf682dc651e583511facc39	db8b5b0293fa9b5b8bc1c25b03a1bf2d787daba89ec2444bf177192b3ea26d28
515	4ff889a2fdd20e079c41bacb10ddef0ddcd02b5cab0a4fa7bf08f15d77b1cd3b	d0a58c85623fc93eb4794c02f972704e8929b3ada66f9addb509be0b852068de	d792fb94ace59deeb5fc4b536411563def26295e8621d9f3e6ee558708e240cd	9f176d310bfe5333f8e59b60d0738f6c7bf6d138f0f5e9b13af6ea47714be0e8	53a52e9ab0c876eee38dc2b8624e33a95e0ac4034723c67eb18d3ea0864cfd12	bcf71fb3312e172acb7c1e0739465914f77c75469cae2b5f76e56f993dac1d7d
516	87af860f36c950b1782ba65ffce910a87a0308cfbb93bc9209182c8eb74db28c	0329fe06e50d874210026b8f90a09a810bbbf2c6412447a93f579824629319e2	146a70910bf8f122878e05a0d7fe6aabfebbe484589ba74052138b1e833eb38a	8cb7646bb2a7ed32642c979b88880e6a190dbf128e519dab4cabd8d30183f0e2	cbfe2d2388171af5c3d654acb84cb1eccaf0561b5ead33b3e49bebb3a5a8e661	be5c470e6c31c400d257162984bcfa5d3e08876b86d6f3009ac7da1679da1dc3
517	bb9f59502e7ac69de1112688ba017b5bbda844ebdef5eb57841c3eb9d4f129dd	5d62d0c56e895bdfca00982527a5e334b005b527433ddfec35953abbc73c3c95	0b4825a58fb3f42082bbaadfa435dd46dfe820cb29e78758b8b6230b5ff6c314	28e543bafc129267343694e338373c1ed446ca51bec4f2a506792976facf4389	6cf385bc0b3773d7c34dbc9966e75430bbff4496c00d764e4359ba5917e6d07e	8c49ae8059a8b316aa34df70d422bf325a53035800e01abc4e98b47b02f7b2ba
518	6a6e1494144360c050097dab1eacdab2cdf23166fb638f2fe40fa1b6850482f1	6330ec29aa2d2f3360ee2ab2394afaab45d5afc57397e6fc9a4ce0f5df1018fa	2b95f50195e0c585b69f95dcb7c59b7c65beaac82116da6745ce9c9741f04194	5892d8e0375ac536b50c6c3c04931a7641f1432314a2e0ff8b513f25ebb0dccf	6c61815a5bcace5c790089a0143d789c15f73607b0a78fd0989c318348c29fed	3db468bd564648884c0f28d808c308269797b77d680aa836e68388ad64b7872e
519	a108a9d27eb2cb22716b4a6088f6101bba71130a1163a4995fda162a1d624b65	59197a6263c5f6d308312b1c7aa2ed00fba2f7245f11e2337620431980957a9d	24988976b712a848cb06ab4229c9c2938b2f2ba95ee39abafc540997378a7dfe	79e9d4145236397a668a26ea2aa9315bbfac5a6782ab75ac9d89839fa0054ff7	29f5cd8655b2e2de1875947abea1dffb60bb34e225aee37ea04346d05ffd205c	6b0201568a7d406d18766d980292ddcf7ac40bfed8b822de668d365942d99104
520	006d5dc5661832c269455bc904c904ab0c89cf03ae95c894ca699621dc5d76b2	a2f6ce6d230f50e12075065322122d7362a21dc65a9998705b9eacdae16e7290	f537160b5b2a6e2c22ca3d8323f5b84eab7d6b1ab44dceba5024c88f8d09c155	e5a0bc6b18fa1641b686855bb445dae814784b2521d6b7d4c77edc8b9c1f7186	6616ab01151bb7a65ef0e43ff04b5483777a78a490912a6c29be930a5f1f1b95	ea293ab6f59bf7451a220a60e17fe2cca485b0cc606449a6acb0d03ac7bef352
521	b8ba9e97aec9eb836fbf89f3c77f3df3c6ce50b99c746bf756a8e224af5891e6	217679abb04b1d4c67c00f326d116df26446d35553355d3f6f3449858eeca7b9	9a1f003005c44640c68caf7fffd2c44026b976d180967b93f50e688c361b4adf	519ca7d378234525c58675c9dcdd5c3ca23ff1d2c38ba129f8a1a9e6d6ffe669	50f3fb948979770fa44158e8409ed1824294dafaeda5e7a2ccae93d7b3c46923	652c008781df676a0e3563dc57cfbc9ed16089c69879d3186c47565c0bffc9f8
522	0775448d184287a327856a4cf99bd8b2f233311c35dbc172c7e10f4c7e58e541	8bfe63c78c5cc30bf6af0659cda65702f8a6b7a23084ec672211f283fbffecbe	822097cfa925391f9d9e2b620e934f36444c4ce35abbcac39950d17b2616f9ab	9a9cd5dbcbda218b50a8a9729e30f0a0fd0c53ee5e49c193d4a372647e8deb42	d3d772e8601b72df9303b47f564cab9a75b9fcc625c4f36e608e9173cbbe2aea	470d14ce0126daba702dc173c405f10d2393f3fa6fb2c6dd652298af27fa9b48
523	ff730b7d5db3446711871fd1012006ce9138adc9985f0f7ae6e191264e80a72e	7412bde2b12320c46b75d422ba76b4812ea18f226d5498c0afe9d5b36e157194	1c672ff01c233df4e543223cba3229097bd4287d0d565c60cddbc1a631517bfe	b20cfc84c8ceb03b5be6521bcfc5ecfa981d4533c5bc510e4594cf66a1da7f99	2da79cec55231f69a96935d992ef59b20c8cf2b444a6047057a05818f132874b	d8e1925132f2d931edfc5cdb66265c6717293305348e86777be7260a0375be9d
524	c3eb660cc9b7a63f8e3a540d900c52701fbf05fc03326d18f513dbe67f314692	af06fb564e07f4438e508969b9c80ca9af07b875baa221935a306549289bdd29	f17b25aa42d939bcde955c16716dbe33731cf7edfedb3582d7b7d579c40478d0	f0005abe964d0320961c4087a1f5c74f7599077631773f4b94c965d97e0c6c5a	c7856e0260c384a38aef2237d398c1cf4342756cf61de7bbcc699926dd196457	7417d517274a312e56dda369b842a3c3cc9b431293be2e948dab33e07db315fc
525	25486429ca6664115369a9a97f2efaf36234083f96d1330ed5f1bf5a85ff4d09	5e4077bf2c3cac57bdbdfad83b55e9294661c41bd51859cd7e6335f311dcfb89	411a1e84fb054dfaf6caedc8d45dd88638465cc29cc423a9b775b70f6eaaa2c2	2370c051c5b8e5a4986a1c864b0dba1b32e27ed99a24b771ee5ed4a8751cbc1b	8e7b2b0c35c3077a0ed62d995b49287949f61fe23769240b1fb9c1eb0e36ca12	f9ab6dc2b2f498f9a2e6b47d313b3b16286451b53bb631f43510afa58ddb110d
526	360a064a207ee0c610c0c0c549d1f4b9618d0e2e5c8d5cfa41d36bce8a1813e1	c739e255747d91946f71f52cf17387849fedb7558fa83012a62688fa2cf736f0	9fdf6040440e8304493cbe8a3f3e0d8e3fbb807402a5d235bcd18c04f7698367	2a825233922b4f94982de055002a4758362498cb1a35492b57ca62e0685bd97d	e396c42e8e0a207f2e093cf50a030a19e4815d24d25a0fc48a01f76c69be65df	9621c7ef66f9c150639ab224576fc1a586947a73afe4d9bbc0f357acfc3b84ef
527	01452d5577716ddccc9bb12b2daffc71c8172a075e2a2604aa73a042c5109605	2304ff333c6d5a4cb2690144cd2d1dd80bc255a6ae63ab05e4f2fbe7348c27f9	6cb74d575c37d2efcf376c46b00ce24949af0f7bda83ebf1a8137eb3608401ba	ea5cb6400e00d025d2b091cc109428f6083c9e9c2c2f50c9faeb760470847a07	8a606fc6c0a95886185d43e598d2c6e6d2ccdca89fabfc45c84f9c8cd931e68a	e7c66967453c8d0b79ddf3742b3208d3418a768e592db6e0700a429668c1de65
528	51f81824e4287075af4db3d43e14cdf71a1483b2122b91d4a596f66e2ea47dfa	25d70dddbe87c2c1b2defbe6005ba8f6cbf7e695611174f9934419037d91b6e3	eb66d5c50243b2cad9e211bd2210816fa9d065706ad46755f026ff5525575781	c0cf4d0137b40e3a2e4f9ef674efcae10d8581dc6724091716da9f181b31f12c	7c9e074c54e403266e860df590886c64af9a71bfb0d570083eabc562c423ea0b	ff328af89ccc14340dcfc24164a626e78ab30190b5ee7a8be9d0b270e84d3892
529	1c380adc62dc4b13c0fd8ecb3623ee9a6568477ce361b1aabf527c74e8552cf0	543a9a2fd7b789cc76954d9f7d2b3924f4ad6c0d0e7fb7886391791ff753be86	b6568b9b1b8bb2c42972e24c50a39792637f921fea5d66131de08cd3801e3596	0529599a9e7762ab2d76acec6bc484d26a2d38bb12dfac9e5fb5d2d55289b6dd	fed3843f569b238c448a53aef5b7ea413031187a47a92a5e5cbeb2c4bcd76166	41244a3ebf80cdb709716422062d07fb7d7224b90e506107a06bc6a24cdf43b9
530	8a7f88f4a5c109d12ec62b9825bc862c0eecedc10d56d62c136e0343a8ec75d1	4060b05d22e36961e03575063c45a2ffc966911a759bf25fafded9e5de25985f	a898a4c9929f084e624a34e0d55be64c15830d1fdcc61415bf86da05da3d31d7	4d52215d3f4362b35a7a44cb7880b695f74a539f2adf415745ed3c1fb3b32d68	0f83a8911d38c981139e8ec19784d7da75d0f976a5d60e20d9bb3fe599a57a63	56d53cb20ef79437ec4ffa5f367f0fe2b9660ff3518f82018d76ff7e7ac474e6
531	e5ec29965fce2dc0dfb4300853f631cc375281f730eb4325cec600709def7cdc	385a3f8d570e3c364e9c89a0a4e2556e8e962196c8b26943d46979d1476a66dd	91b39bde83c6168961ad6300141fe5979c3a0111d336edaf844387a29d6e1bb4	d36422a8d1df63b4e28e2976b0a57cea31482c373447031a7319d1e8e63d8ce7	776626128b9e11f2e755cc5af57b631f988e6673662679815fb95e74a7bfc44a	e9d2af1cca0ea5c03937ebc4cc763df8e7496aebebb774488e49c3188bd87ddb
532	835179710a447f70b503d01b2da44d14452703b17b731e1f6d6bde050476a8b1	6a01e3c03d7d86f5bc65fa8304c67cf4ecf7ee070a81dc0af1e083f766314621	05c084781dce855e6cfdf9135db2918769a9b37220664f298fbe63cc9cdac398	8b519d2a1080da70b1064fc28fe885a00cdaee0c9a0dc6d26984f5a4dd7cf687	1722410f7a623b2e197983280b2efe8f8d605d9458b1de275d058ee38e484b7f	cc905b29b85a8c72dcfc779afbad089506dd739f99960fd6f6933584d742e15c
533	97bb767cc5656435271e99eff1ff630437ea32feac1ef29b82eee7303e59dfab	e65bfe8cbce1ce7dd8386ea6095695bee715628c19aee1a4d29860989daf07ed	d15b2c0424f70ac699ec8e937d2887c3d1c9d6c20963ea1d466c588edd7c0ab2	f09d02f8b4d3681c9a96a471aa27023326e2b4b18a2cf9ef0ad194efa66149c4	2ebfc23b530951cf9e3621d5ac82f080a3df2d34a2128530f8d0a14c34bdba6a	aed550d56e03ed1c5e10f621e96b1c24e4902d0431b9bc48086cb5249085f744
534	77806aadf85cfaaeed2745aef87f8faabeaebf35e342c63b4c0e2a4ef1d11f33	7edc274ecf9f62ae02566dd1fd3414da94f4aa6f7cf59310388c2fd1f65cbb6d	14d7f7bea0893e29516c035b48a1799b5563c7a018bec642197edff18911e9e5	b266a18f0de0d6bb37fdd8a8f29643a724a236fea1363aa79acaafe3d9fb6bd7	8385597c2a9797b0a17feed684214395f5e9b77891b47fc7f0e2d4628d91cc33	6cf3181e3184d3c399898096257a51caa959c1100d075d420d1060a3d6ed182f
535	2db7d7689acdb8ea4630a455002d25a09727d11d8c0a43ceb1e9eae688abe33c	424388ef3348459828973c361795506aed82bdbcac5ea91991805a97acffca1c	372bd9c92f940991fa617a4f0fd0946364f7137eabe5ec1cb3630393022347bb	8a911986cd4200d34b6764d719191f63706c5e60dc80ae72f9aafd0eda5aeb2a	bbacae1d9f4b9937d54bd62e5549b6dab4a0ca240f008f739d64edef9cdb3062	16faa6881655311705e3495f772c1745619f83eec03a9aee62b55f0334557dbe
536	25567b86db4f35fd61585eda11b0811d50bb5c56696bafc82a5896f3df0f9f63	3546f6a2fa205c7a3d11e6ce2d2914167cd456024edc8aa43ea93b36ee80890b	3ac2b659de39f514179c7a6cde39d57d028b9e92c64da2a1a8429246240996d5	6f784f40cc874d57e5cc350583632bd071dac837df9429f36e4c110d19143595	2473dc773541bded949b817ac1f94d153d3932e53dce253bf34c6955f25b15f2	7168016360f730c6d8196a2fa6e71fe0bdc3841e2a755e8593a8553d3a401779
537	964f45415f2f4851a3c5e8bbc9d0617ee8f59bbfbeb846b3c1bb533a6ce19098	130773e1ccaf1d2a2dd397e3d0941e8f7d04942a7628eac11f9b2b219316a338	8750764d972d07d7117fb5288cc0c1f5e4c6cfcc9196530ff3a46d5d79c5a53f	692c49683cd20c11361bfd1de1ac0967b37758a24f8888beeedf7fbaef8353de	c5071b250b70cbffa37c976e70f3195120f7a40a3d7cbcbdaf487d1e49275154	91b525fee30b778e569dbcf95911b045ce2e41794302b61b206352b89dd53a9e
538	3e0bbfdc9175d0173c40219dc891408369769715347d90bb9ace900784c6c48b	097b558af33399c42f7ebd97d16f784394b7cfb39fc0027287db2ec7b9a4ba66	a86fc346638100b4bbc006e80c5b8d0af136611e69774c5baea6abe28f49a83a	2fb0d6b234524477d245e704ebe5e2d3e00ca961e5f154ad389a2aef00fe11b6	c8a8e2ef81fabb4122983d0ef430550ca5528dccbc03fb5d3079a77eedf31f0a	1c996608920ecef1899db8a9b85124e269528f3cf52cb68886075b387bbb65d1
539	72acf193ea7eddc18ee3fa1e6338d9350e04634e849a1317297ed68f1a3c1b65	454395eda92529e8ea26a046bbcc76d9871c12f2bb910710dae615eb11ee04f4	bff5da5600f3d8ebf2a9a79885d1eea98838f6987fb3fa77c8105d372b281505	fcb539d2fa3b9413133c332a79ab91228b815dd861d6a4aecb275f66d84d9697	c266b3b721b1c9a96e0bad269c8a1ce85f69f0a9c4b7378aa5bec6be7be91997	c3b59ae68e5535e21ee7979b53f59b303a013a96ef018ba85fcc41cf4638c43d
540	e37cab4083c6e17e1cc66431dcb878359f1dea7a8293693419d5a961fa0e7da3	1381567772962063ba34bffe17340d49311222633bc235849fb0119a73d3e6ac	ec60efc5657506d723c564fb392c9136a3cae3cabb78e5e919333c0e672341df	aa71c99f0e262dd40b5e05c9254d1ebf3a61ecd76e97232ef544ef0072bcb9cc	ec304e03feeb388888a40e83c6032733f8c2074397667fe6ea123de590e3923c	9a3dee4c54e3af5ad31b243d7b3a38ae5d0de551e60e85686cb10ca5e48d7446
541	859d1c4bf858d764764b76ea67bdb7d8903f0d18149e0f67dc2d296df239c85a	b6fc757a3985fce26f943cb96a7f8630ab474b80cabfb6d0649f876e4a589a1f	4daef69e37647287ed2368d77862c7ef52f7fe8b9424ed54a026a81c5322f446	ffd6939ae98675a5c3c0e895e610752bab06ef615e2ae5dff663a562b759e284	c7382284bc168632db1a078acad8d4267961b145df413722a95b7bd1fd74359d	a58b333d59ea8fd89118f10dee870ae24c003ddd8a1aa8a5a765141de0656aef
542	c1f935432fbe60c7ce3ad298856e0b24d081019fae215ec01cab4a0d8534cf05	d68ba048ca27ebd49c6285f7e03382da38958f75ebd216ed287dd39448a7742c	5c54f63ce991bdc239786831b627d44e1f680164a053fdfb1afb0ceb8c6352df	1919ed463252e782196703af28ef3ad6bf5b1d25dbcc4ddcf316339071402cbf	95e6a66a2b334cb0880ea7b2ef050f3f90b097f19e5010f5a17da7be8c2da970	2527ab37b15b2749c1d066e7d0f5cf34101fce416162236530c6ddedcd473cfb
543	df8196ea3f721b7e5739822e5d2edbbb4a8bebbbe47089e3e4b0edc97c647f2f	9fea6ec9e698537396f5dcb62ea6dcae800a649394dcac51c5f5fe37970e7ef1	44bca8a034327ccfd147a5fdc6af8b6dfb0f57e4f95f79134ecb4554e475239d	4f5a7d5a19d184bb3333d96c9e96d979c23ed0a8a63adc65d7be12c20e13f005	ad52980c3014888236a08a92ee9f79de0e5932268a21ad8761c218d7d7cbb97f	3b569deb67dc9a2bf1aeba002d5fc3cf01b45ba0939ac0faa36c42921cf6713c
544	7cb3383d26f0aeed7a893d69f700bda8006b75c7b645f445d2773e075c7efafa	23403a51dae7616a43386bc49a2c3a6024b71d0d5be7bc7ec633fa337f6e10aa	e0e3e1f9831d6be77ab7b81a2725f222974eb3cab5588307dba5c8878a7b9ee7	817d5ee02455f7aa8134fa1c2f73072a49684056702b7522aff4bb2024602ba2	90f04b50c24b3db8595c5704cd49a9c4349c893aaf8a18a49e6f52a7fb8bd806	fca77e61a7f496faed5c23c080f6e6e2bf8db21b9628772cb69aef554cf3526c
545	6297f8e00703843bc04cd9fee5577c4ca5ee439617590333f98e796650594726	6f5003af6cc6c931043e65b4ab88afcc7864d803898dddf38f4310057e80c7f3	3c110068d6803486daec476d9b5d2c027f1c361b3d7c482c4e343ec72b4a3b21	37a9eff0067045eb2e694e0b9758cd7ef6667451730deda3aab4e1741d1fcb90	98aa6d0373d8439aaee7c182341edb98cb600d60012777a92b6a7b78a8391597	0c7a154f4bf7a169601f2be2cdbc3e5e3922c41f1f6cc00433f350fd20701640
546	48921e830507a7242cc997685c3ed1e72c801b37f99a1835ffe57b620da9be86	26f1b0fefeb9f3cdd66c6d536cadd6ac840ad712b363a857a5d012a4999abadf	005d70382a5977e01a0b4b3bc0b7546bcf335fa8f20c93512104f7471b7da59f	de1aceb19f5b01139435d68f608b1f5cb114d13b1c08b068736ecf81daa0d04e	b8a85a37991ddc90451600faf458ce8b6c54394aed49f7e6e862ee2ad1cec6cd	171b676e5745591d29e42c7c6110a8337192b1f80fd759ec2585e5b6a0a56227
547	977cb8a3be377825771c111b2d2a4d46d7c21e12c1ea35f4a09d64fbeaf515b0	7adc0d3ac1692c86562a67e300c4e8806da27d444acf53939a27a3ea4177bc27	e862cba0f607273bbe556f1c75150332f1f2b8a45e73c486d91cc7b10491d323	f601ecd82e836e49eb6f5b8903033bc84b11f81c1dd9c9f7766aa2291a99fc94	4fe9eed705f36f351d1048e55efb1cf4be8642cfe7d40a5d1117c2bfe5d7081b	dbffd9599bbea4fe5d8b29d3a6498d7ca2ff1e0d4fb43e5ae32f28b11bdbb5da
548	857370d3f06cc0594a8c6bf4797332ea50ae34d346a19056bb4abe5e7f4dd8a2	e3cb91aaa9c54e5e9c3e9bc51a4b4b40b78077031bf31f797bc66ff81c7ce83c	f313f2042c73c69d351da30b74ac1acdedfc6b1a2626749bbe0b25a20e15568e	9ea14d935cb164974c3e1479b85ac716b0155fe2255d38c34238042e9dc08f96	888ef11c85000a91d46390a19c338172d36f6f366355657807ebda1353566345	6df4cdd97ccd86f56aa74affdfea99507f6a5db954e1b2e7ec133e01477d11f5
549	0c8300080baa9a77f5ba415a9b320204aa5f67881cbde37f9917e2bc5f184193	315baf9b49e8ef5ebb067db07c41296e666d45707bba042b54a4f2dff33c4993	6bdb49fea940b7bc077c2ac5b18b18b5f639dba8728fb94ce097225fd728d4ed	2845f8e647236c8de4107ae5699655a7288d34d9ba4e440524bea56d83f62490	3db100e1fc7b187a3039d09173cc52bfe4df93aaea931e1f473f06b944b9a314	d4e68f50ed28cf66da6996e8f614c5b220fd91bc951b50e9eca6194306fb07d3
550	f3bdcc9b59fbc1766aff2e0b0a0925ae6a8b542fc6d9679a2b4d434a965dfb7b	12f35b0eea9abf960b45c98846e431c46f5c0eba9d9573174c14447e283a3cdc	0adb5ccebee3dff0ca9d62ee7d654e1fcd56dbf54dd99256a3274c684019a262	750e46a267edd618288b7d7976b1aa878a619eaf2e471a09d2c97049f3055328	fc2375b2e74978630f8cd99370f3872d552859882096548d715ae937e9a41682	f2a3f19fbfe1ab4a3500207e900c902d4457b423165a6f3e52676714c91fdb93
551	5bec04d8c7a684eaed5f6020bc4a5a32666672a717965fc3f65ba7d7417a6974	0853a0e0d0b41a3cd4c77204d912c2f19fb43e0f9fa9c923792b2c96e7d7ff83	801687836d05af3a61c47aac790e1ee7e37d7f9295c4e4316ffd394c01bce380	1ca8582ac487f3a4b5050110dedc1d43540bdb2933becb7b8b78da2290e4f02d	7f7e1ef85e7211c15bc8e221f96b6231b1f9dd29e397d68a43b37c703ad4bba7	2f4766f1f4c70e07ccb4f6adf4d3c6756135abf0e4dc907f09326295802e81a5
552	06018702e198604a41a90d621badf9cf9c5683d88d2fdf6fbc27e85a930c798b	6d7803ee655c343e1b58fc178259c1637870012584e24b06a9bb3c71f8ed1a49	40574767bd3ef101635990eb90147deb5142c0e88a285f39ba44dcd78e87c8c8	3ebba6866927da883d0248eef84301dd403e76688cbeef48c0c0a3398716ec85	a8bea5cff7de19327c8acb7c2efb1f8080f64f9e349b91850b9dd5c273933df8	2c82fff0ef6e1d07ff88e9c2030692db11da1f37b06aacd3b9766104f9773397
553	100e9fd400cda0f18821f3c619b128f8a14ba4b2cb4d8c7231a9150767bea40f	51c06297eda91dd9c3dc5f0e00890a61d9b8a14873958e2c3c1d1e160413ae49	dd6709f5b01d9e134dced33b87d726a318ae785bf7888c5107c9c7059addc1d1	e0914b20e451e50ede5fccba54a89269018123c7dcb86602b26723d62d80d651	aabedf7308be292ec477e0d03044c6269c9a9a1c16369b5d1097804f6c16c0aa	15371d98c2cee12ac7d6d1890e6553163cabaa7e2ef515a31cf3bbd81ea1bdff
554	741cb25a7c5cb1462af3ee8a6080c60ad15e6f9ec246e06a69307069169b79c7	710d4ef30ca25d92fd3b9145acd4c2e2fa4697b8d7da23229ecf6cbaf5c530c3	23515bcc53ee668d11f94b4451059c52d4292dfda545288aadcc4f70c14b9876	6e6ad64045d57648c7facd09cec76856c37d1a93fd6c6e80555e3050b4901db2	d0370f656e0ca2721aeb708dae23129ad85c4fa2a394b84c078427388af147a8	27c32bf1c7198a00ed32656a9aa2eec4205c8398d3014d4953695c8e57039cbc
555	46ef627764e99e776205dce06086ca65f4b0d5dba4360643eeb42bd4615947b1	1b7842f31791cec978c25f2dae1c8fa72517c7f24ffad1e25d61661c5fb7518d	82eddee22fa9e0552b7645b9caaa6fefb90afe3496aac00bcb18627bd697fc37	4425278064f30fda1c4bbac2cb2ea23cfa11cef2ae0ba9e16df71cd66a17cbc2	5599d52356dbb518067727533f5040b4194c783adb806475a804538f998363e0	8b9d66100838eb45f0679ecea3ec4db0d04be60dd1c41db72f48f92226893855
556	19577d89481161d6e2485c39681b3527629741e93530ebeb0ece398734136aab	5655a526c4dffac3cd412c327806af3bc46871ca5f901b6fee38513b722ee819	8b35b3aa7f9185121e9d0aa679a320c7d44755f3652707c88cb65524948ab438	3d6233f9ceb4b2aaaed78f1e30a1f29c082b808cd78736b9d2382571e68ec959	38503bf4439a68492079e82d8e2d370d43b5482d59a1d02f042a0edd504aae86	f8f3d2a06d8f265f1ba550046cade9a4f46d18efe9543a28509e59a6165b4931
557	7521316ca9681804f73039af4e782e581dafd1fbf92a4320e4f5f8c73645b7d6	2fba8966b49f7a51d2684085f1b11b00aefe30d6e09a9ebea291929163aad573	95d537d0e6fb61f95f1d92c7cafd35453b88b31cfb1fb4990aeacb4d447431ce	736d5330f94588e6cdb16f71732f2cd245f7f6511249c448366e9c7fe76d44c3	5b708c5ae4dcec7be914903a11a30e6548ce6d5bc43d5c677913c93acec5d5ee	2d61d9981f2ae8cf646d61663705b1bb937aa668b0d8cf3a83a30acb60f137b0
558	a5105e2c6a565d0d6fae60ab2bf6324efdca52358f55662ae6b73084e4f6c8d8	414998a94096e86022d96c726f43d95c5a23b93e3772c8e5a5b6140f4cf699d3	dfc0f006889640b30f9bc1a4489365bb125dfcf1c7ba389165eb40886cca187f	b658afe696980be7ec60d8a31338bf923476c9c5c8c0c6f98026146d58839b0c	1d905761ac646081be09c3a5316009f14c3eb8f5ea8a96d9fbd313b5fdec9d19	7be991bc0bf9713e6e5b247aa369dbd60397bf7d7ebabb129d700a59476564a0
559	96ff09c98cf733c45fec6cd691d8ff91c0747b7f27956568060915cd927c148b	1eb3ffb1c6e10b7f90da00974e8f366d5b2e242e30a8d99c867d6ee78a911f87	73dcb526f19b87ce618dfadac7e274289abf8e069782e61651e9413a36126f6a	5033a3d8fcb160fc2234a8dd0d96519169d65cd34a24a006e431e036f4d97d02	e81f893bef4bbbebe6b793258ae771789b9f9e017b8fadae54a9259ac36d7527	441f59c56dda026c0d62f05e0efaf38e08fae9c9764ec1ceeea412a87390f2ee
560	67985e034313b3ed4e0688d65749cd2ae1f699a326438d1f805080fbf1471b36	c40bc0d177293f3a05a58f48ed1c1b5e3c65bb7e70fff2ef84410bd959a547e5	d961b89713e7820297f361c45815c5d3ce602bcbbd5afb2b5ab37d3780893aa6	69486bf186f41d4c0819e41e37044b9301937f706f168216a0625b3db074a03b	e8da8488cbe07d56fbfa592f8fe254d36d780f42c074a3f25fc80269268a391a	53322dc791be30721ef4ee93b5f981a3e7ed515c6be44792b5e67d9bf8c5481e
561	32415d02ac87b02c559ec94ed0d9a7ef1e224e36349e140e4039518a77cc98c6	6dbbcc00e526a735f9300df2749466ef54f65d670fcf01d928e7923818ccbb8c	29c8b8c276468f16fea5947a6410cb8ef2eb47449373d52188227bd43399df7c	718a602759a458106148f36881be6e156302aa0e489997d748288952c6ee3b5c	ffb88d1b3ed77ed1f88be290dc6dd2da8e014af2551d722685be2324b5268149	4f2848943bcff78e061cf4d94d5f6e2fdd1d40829661450c145f4b8abb9d5fc4
562	61bd1412f7e37d9a2561ca7c0c0fb84f361869a3d24b003837ff2c799c93956b	5f152023aa10c56c39039a001cf730b369be7130c44031577520f1871be62bc8	2b8dbc902259825305df4a0d2bcdcf12bc1342134ea4d1f716de90b43bd5819d	40b9a6acb4e90299797a152efccc44353500f2200dc3c742e05d06fbcabc5cf6	fd2001ea22aa1b1b5a8af22b76121fea49593557333e1d4f1bcc755dabcb2f3c	77addc34264c96c69c301f6759707848885f2ab1fa11186494a48faa19a2423e
563	84787b706f89c7502c604acddff6296bd8a351a031be35a866409a546ce9cd98	33c3aec956dd10a9255e3b7cab965b8a3f880c68c0a5949a5f1b0d80e9547c1e	3bed0b97992be352228eca16f4fbdb323b307205d896e25a6280ee45994c62c8	0dc4671186588c6e2ace2cb3bfed0605f7a2ac40d571881530b9811d37f94c5a	0ca5f63064bf2eec788330fd7b45c127594edc1c712e8bf564b2ed956deffd85	36a20511a2a8a38659750fe2dbfb77fb790c9fd49b5a7130061aac2ef227ccd4
564	f40778b5c272c042383153e7678aebc26c2f3175fea570db90eac32359609903	8b21cb4dafc3b774b0214aa484ef10e1fc0c1d110d45fb3762594d1dbc978ea4	f6661de60881bbd0e4d542aeda18eba95ca4cddbf07f0eacff4fe6266f90a861	68bb3a5a2dccd547edfc355c3093cd39b6e8929f63f3766265edc8b36d026f95	967b4ea65469e09e61070add90be06ac263fbb0e7e9d5c2768a8b7ac78d292a6	436ebba327ba3a07847b60a902ef6e6061df4fab65872b80a2bd1f0c452552a3
565	cbe8d3d5d0b9b24c5946923587da961f35b155c7c9c4cbac4a7b51fdc248ecfe	ccbb52e761e55aee5f7e619bce2c86caf365c358533320ddd52f5f0dbd56715a	4a5c255d1b02c5aed770998797a67941b6aa9f69f46ccad11a1acdb289b23833	76f3e7e2ba165997374ee8d19aaefbb007e0468c8f3b98b52a30592110e7ed43	b98de941f3e1f64d6c1ef6ffd2e4380b8483af9cd9769fc7740c0a666e392ce0	7c7bd832a930572310830b14164bd483f6104390054d515a709fb6901e702e19
566	297260f751edeabac13b8e604f9c770e6c90819c9e5e89ce06deca020135e5d2	8150addcfb102c1031e9b9eec1b7067da690f450d52142630b0db2c544d604f6	76efea9a650432fcb6997b5ad72dc47d5fdd9fdc32d08625d11bad802496110d	6ce0597ed88153a237f17f2e3cf20ebf3d217e88cbe40c88acf1a8cd71c39c9e	926ea4f3e38a403e7b2b0cf4c674b9a8af91707ebb3e70aa9d4674234e28ddc3	e9d35975b6750764645200f282fa57961e6cc91aa49ac7bf0563a5bb537b214f
567	a9107743a2b51b3c163c79f239243c38d921c1ce13d2ef4684cb4adaddc3dd7a	95cf5f6d1cd840c4339fa3eb0ac8f4f32ba07dd5d070f6081db4297cef1cd8b4	3425e3d21699a0e60127b5f96036e832dd8b31caeaef842fce6f7cc0b65f8d3b	bfa6fafbc5afd1f16992b8eaf0f171b409e40bffc6657080d2df24c437f58761	0ed28f39d1dc292defcfa8bd2381c6d49a597198864f7f38246c9fbc1ecbda40	8934f22d80d88bdb4ce844f00d65e9848df0633a5a65896472f7966aa0043cd4
568	24f92f04a2427b440eff58977a308a65882ca36dec46ac37f51735c83d38ca38	54647d1e40cccc82f3c1980e31866ec6ac82f2b82276eb6b53d236aea9a106d4	ac0a686ad7b23ab4c1b54d1e2853800a0851fe507c48f9aab320aee444a9f7f3	99b3d908a38595a940ea8a8ab9b91f3281fdfcbffc346aeb4809fb1efe5c64f1	52c1bfe801325f9b8afb72876cbaf8c11aae3c5005e69825f71f5ac55190208a	b4741002383e408e9403c762e9f629e783c8e966f534b3649501c7eb0ffb7722
569	20f420b347229d70d7a14f9e44b788e75c4ffc0fd55bf1d447caee80d6409244	70ad5b7d8824e8c4c69202d702785af2c58ec5b1136eda179e4e44f8fd1b2880	f9fb417d29a3caf68c7d36e5eb6dbdf424d6131db90feb218780e69c6e4e0148	5871541d11f5a34554f0805c97956adcedf69bb5cc2eca6aec3c02b1ec0e9b67	85918c216ef1864be9616e961fef607742c9e9d09ee05b99422a0076b46ec565	5bd77d1d22ef147226ac5218a9e1411d002cbe4e7db6b7a380197a99204d12f0
570	b15bd6c45cddbcb1a522130c1fc8cbfaa7d57290cd5365320ca3fbd6e9f3642e	d3abce811d61b6a2d13614cd31564e77ea52cafe54050250e2862368dec9003c	48d0c41853d0ca522e97fc7e4c41a0c82808333a61abf38c5c7f14e649dcbd38	4d332529ae24c124d116e7d26c9118dc061205f9726fb310b307a127be864cce	9e61f8fbabd6c12fdcd5f28d1c539814f057e2f1fdcd4fb41a4999f212f040a1	dd01afb0a51ab8d4d6a1eca481a4a547e32fa38a99f608ead30378f2bcb9e525
571	1b92a5e02d04d49d298e7ca6d394477adb6d055d289717fbc39f2178ce7af989	f8a2f15c9273557866f0aca8c42b6556852c836acb042c4be20fcd3a5120ba73	d69c477ed3626683419f2c3223b059e7886dfb8e6d180ce03719c5845ca9a877	c64ab0fb6902847d861ff1b4561c446d8f9fc940a0fc9f83b2a5143de299b196	04b50cc7ab80917f81d39a75a669e8eb56388d6227a179204d745b788cbe1a8d	d2bd93167661b3e26fe9f3cef447e7d156e6e587b4d131d6b2fa8c2a8b9a3b84
572	57a566839dd9f53c9c81fe908ed287895893b06fd0c49a270482aa9efb76f05a	9441c9878024fe40a4025a7ea1d218016757cea28c9ded4c1d882fe7d3e22b7f	0e19563f66227eda16f08c9bbdfa51092a504f7dada7c554c4bee2d22a61f8d6	c177402409ecaabb37fa0d2685151dba5f35890b32a9046c4e32ce4b3ce36b36	aa35ec66474407ebe90e4d862d47444f16b72bb9e9fd102c5d22362e33f70bd0	4c2f6f3171dd2ed98eb4f02ea674cef51716cd8f50ed1ad12cfccb87724b1d84
573	6c9ccb5c82134fea78cf6537ac6208af3c0d42d7f209a9bf5565d083877e1fce	8c6733d80499cc25ac51996e63c74f1f7b33905a42e79ba3fda09df266e54cc5	fb80d1651944d44b4076598b8087937fcbd203d8894befb9e20ce300345cf3b0	4c123042813bb22ea4bbf064b1518c9cc2c253472ccdc823272c8e091293405c	8e9824e01ad240e7bb3affb8e9d2772a7c05dbd08892c7e2b3646d823fb090ee	cf5aaf3b45f072230714d79c4f1d61984e57925380b711f2189e3dc82051bca2
574	84d48762295084b0d52d4174ad20180980004c42caa58adaec3943a7f4912cfd	428f32c7afc0b8c7d69ebef073ed8f0047bdd895a854d60cc08c90017a048931	9b863490a2cd0c19825e10677c4db07922057d19ae2ef6b329bedca3c5684e93	fc3432f88f4884f2b9e2616fa85d06adf5fc05248bd989d289b4bf53031a6eca	9460999da1df44280b5c38e021d552b0128aae32b61d13e46273247702eab086	c2f74fc25c9aa6a69770f6c2693b01ee3e76236e11f48c9a38e454e7a579bfc3
575	309f41579f8a892ccb4f720d86dbdc2e533add81f5a35e48b66432d59cbd45bc	0f227897a29cf39622a153fcdefcd1f6a5e40f7fd1089905a4770d3fd902d523	fb65966171f2012c5a784ff8d7622e84b760cb12067163baddfa98b44a1f726a	ab76db5f3745f46f912f3eef7c7bf12fe94de9505104d36e35469adafcbe27f4	7099dd780a7403d1f38ef4fa21c396b0cf703a7d03853df616daeb67eb5580c2	08d0b3320a0f844171b4113ffe7f233ee62405ab27b24d480d479d06b3562dda
576	54ab5b7448f26ecf624d8def0c61fb67767ef3aa4080e9bb4cdc1f1d1794b044	0c2846f08119a66bbf3c4a9aeda0b18d99993b4351a4314e7f9f9b39bc0cf0fc	c117741bba319a20c77810818aa1268641fc5ac23a9837008a805e7bf9ff9eb7	60ea44e8fe6a54ac36a9df3318a99b2ace56569a5e4969785c42c0fd18f089a3	c69ec1c723b292d36cd894077736fcc622a4c995ade3a276bf83594642cc2b36	1f17f74a216447b4681cebb486fe2b1a9ed2b2ca8bb5c05dcce594157f309a08
577	e98fe0b4445dff77b5b656cb86e14ad5401d9b47231cc6f256dab9dbfd028919	272cfc757818c7668b1d9a25b00f35a652ece13a06f3946d4853f93e7128ed97	927bab2347b945e25587fdcdb7df5240342a598151526c57875f1a0e8fd12033	7d2fab2bad10567e97a9d713b9b0258775ba160b3e510a9ffea1f39b07ace5e7	96c9534a77d06570f73e5fbde6ba4cd658200c62d30c30a430b47a7dbc215ae0	2ba136fdd9fec3bca1c2d65b8c59dbed0381ae6545a123c279cb94a86ae7cac3
578	4ed6e3ad4e18fcb5b8716d30e214316e5b9fbf57c23d3fb69f50ed47f93806c2	699488b7e63ddd260b2d30282ad7b5e25c144110a2283a2466ba2b220d663579	11c391902523a6413df0313d226afb77c9afd9a5a38993648ddf07891dd5e68b	429c2c9d8eed6884a9b58c585a6ac9c9e2ba3d39b24611f5ea334c50f565a37f	ed9905884b1abd2006f8ce009b887c04327c26aed791cd580586853c85dcdf64	0cbf0aff9501e2fed70f793a90ab75594dbf0704ba85d0014c5953fe522e5d83
579	18ac1a5a22ce3e7f119e583f23c9d2576f9b8d1fe328c5fdc5f9616a0064ad19	45c3387d3910e770dd35e2b13552ab8c0ab008da757df5d863fa3dc778d507f9	c17343bc7867abe52ff5bba456afd2dd1dbca938caa70ac2815a7de98481a00c	b0affeb9241fa344f9ae48dee5558271d8686ad326270c748f396a1407eff46c	469e855d1540266c4c72340ff0bada1b3267f5e65a9e64d58bc67131f87cb27b	a9897d45ac695a15239d0cbab0c4842f0193b3eb48617063748ba88d5d86d8e4
580	66e0819c185bb0dc6829bda2d89137e360c0421bae2b52c5d917f9d9e98bcb4f	1f9bcac774865c30a9a7f5b8577c23d3600a18695accfbd87d81ed7e4b1deed5	61df1f6d4d1518b15f79d6fd81c213f579469af1b1d8a83663ec1bf58bbda985	632b1f609a68cfbadb45bad0122154c798eacc34da84978cc322c80fa2db9a2f	9aa1494c74ee8ec351c1871772adfa3a0882dc203a653381251c6ec13c262452	e757dd95e6fad18ab8e303f8b20292e6f85361194f31d354b3fcde2c97da2d04
581	fca151f1486a28c3b0a5fdf7ef4f00aff9852628ec0741535db967c4e7f5850c	81678f18d360df99edab72291f9e521682b31bb8e09282025b27f8f7c5f1ff67	ab3d4ca87360b353f767dcf0d9251c70f0449fbb711576729340eb23f26028a5	25dd5bdf5be7a28b1f13decdd323f1ebc4cea79a58a8fd3452d5c4f13e6ccccb	bc64cc4fb606eb550e77be150ef9b3d74e4cc00b3828664e3d134a050633bdc4	08fe8cf0d08f734a4230d56bc6380761d378cfb34b53a482671259520d2be76b
582	2316b891f7a44a299fd0b980e5518d48a0516a0129b3199404d7cb16b3eeb605	69c8ac8cc13bfeedfe5a74a8a5c620480074e542e186835dc7552d435f35b586	67a86049b16f92761e70b7d9a1785f5c83a0027dcef00b87aa7b0148353f2be6	22829cd4ff896d52769075af6e48ff769e31c05fa073d73344ec119df2f77d70	f636579038b0f0ed037c7dfb853d457d53cd551644bf3c085d63533fac5fe279	5daea7e5a54d042a974fc3f8d7156d62d784c8c87cad2ce7131d05c1e285b94f
583	4bf3f596937662c4e953ad05e0fbd3ba6fb55aca2eb42d0286436777fd07c299	c5c91b06107610d1713e089360671e869c1611ab0dec7e9376b8acfc2eabc98d	7a3c76bce8649bbbf8495717520036b964a92f267088664660778d8afef856d0	089be83b547615a387e90a03ca5ef2355b1aa7f31fde29e4aea2d594e352c62b	2c7696d6912ed91faf47ea28392750c470c13af1be87d2b88b5766e55c98d3fb	1477d58dca6b809a4730fef771fc1ae809d85b4d0b9cbd2e3c4e8fc74b30f101
584	6774e0f47c0e270d30d51f065ce8e61895610e64ba5de6b82b2bcdc85b872d89	edda7e1c7a0579beb4e1d9ec6b8930163ccfd1585c895842605f9c51c73859e1	e98e4041204210f707bbf40d73cc9c0efae23001919af7ec3c0b7ba7be74326f	722b4443b7421b2aaea1de741ce6dfe78310135ae33a9a68cbd5b64d6bb62194	d2ce383da5794e274684d1f8cc257eaf4cdcd467f4579db84351a17235cb3154	b1f602f53cd7dd73f1eb4eb5dba8e2d80b7b7bfbb53326fc4cf2cef4a421d16b
585	447498e85949aaea61d8729634b02294e4d94c0c737ae3bf642542dcacde20a2	b491ff54e459c83a63809eceb3436134038f0614d297cb31df4bed81a12e885f	7b858fbceea1739d3b3ade45babe9a1a53440eecad50f6a87c9e671473ea5032	2b03831e9e293b6d78f09480af0e859c85512c6287fd56dc5e2e7fb01fac043e	467e282d0d01de94c70bf27b3ff016b4259306eafcd7c6fe3ac9469d05488e23	0d6ae153b7f201d9e8e6c72f27a0a655d2afa240b2c87408cc7b7dd9cdf77c98
586	daf4f4b927b3549d58a16211488446f71f64ea11553a72e653c66d163853a299	73c06b133e5c73a46d17bef4854d85f63d0e1c02d5c7811617dfa933be105a0b	63d4a65eadd70b1700e2e639241b96b4ddaa28047a84d19b232805c2201ed14f	34eb8d48ba0b77da4ece534ba0d296690134f95c505a72b8dc66ec1623b4f6a8	d3e63857b85ebb69a53b5a3ee719a7b0c812d9d68050fc7f87f65f5d04f03138	ecdfeeddcf72ea63975751b85aed98db99aa68fd01506dbd8df872c6b11e8535
587	0b2b6b2b51dff4a50fd1e623b99b8a6977bddba95b1e2803e2553f29f7488ee7	1fdc4f924c304c974283efc924db7063e848c18405b5e8d245149e40ddcf715a	782445bf784c4b4ce0ca856d1ace5d59c38c5c4c3d6c784e565644eb6d4e79ce	81ebae75bf475b22a3657b581f7ef9fbe80834462f35119e84d674673f34e37c	caccac4eb6bc541f87b055ee24b58299b885a94b4d26312e4fca958c7b48f686	8c09a739d85ba6f84f2817d244996fbbf931726b1c321f41587fe611c56c7207
588	22c432439570a813d71480d3ac31608b580403dbe4fc01f00f34cc70d268f5aa	4db5d29882956e11287e0258508641f963ccce9d734bc11f8f1a19ccd62b3de5	6b0c06d58a5c87534e871b627b4b26157c2f6883c66f4591ec9b6ae53273c724	c0afe0be9814ea87591ae9808cfa2e8501041e7612cd9a8698bfa0509ed3ef53	f772f182b1a22bc017d334de43fb24eb64d682e4a5406d38515a031f1fe02543	0f9afbe59ae3c4d90b675a5a59b565a362ddda0c2937816947b6a7b8a813e157
589	14b720f4e0ddced4018c9b8b36c33b2ab21a097ec8694dec2f9687c12ffc3db6	93be476c59b6d35da7b814b7d491739c7b2c82b7297c927b086bf4ee7e177d21	f03c20812bb565731c16a2e7271caa2663685daa2c24be1c22ec2cbd03f471f4	ca657c82aa13210b708b491217159df8c4c260c1cf5e98e79f7a8c840ddfeb4e	ba1ee80e7c08097bf9e4188fa29813a070f7ca00d3047f82d87a4aab5c2cb183	4f33f83205f65e67fe42c8a296dea8bd43a02370f121609b97b065e22a4e4e3b
590	0f4f57581f316307ae49d650894ab3f976d7aeac9663eef37b19376d1de369e6	d3e88c46e11c6c14179d2d09e183f2a70c9ad0695d0d41bf0a8710576d6e18ab	a7214e9028f7c675bafa5c2074fbff3f322dd6431236fd4af73293b479e965b2	7d3a734e3d1a3bbb92c8973609430cfacfa801d6f9aa70476e19703754da520a	fadc105e42c263393338adb12d9a5dcff5627069e658c0017e2db67dcbde86c5	8d18fab419bebfad7e87257658ed0ce93167c8d51bb2dc0349a12c0e8adfffe3
591	592b24009b948ee4b42d83864ab9864cb67ca4642715adef242724f36ad2b17f	2327a32dd2af6050545af2ca57fdb41bf6d9f4d96783b7fcbfca470d952a8e4d	f9a0a072d28ac7f20e22783930a3c25abc521027b032b35361d8bd50ece3f607	e1e704025ec63bd166575d3013a023f73e9f5987b4e1f09742f926420a0f0ec4	ce7efdae67dcbb5df5f8edb5133cb78e93999b8ade066fb349722d7d11966b34	56bea7b050be033bef3468a14a70cd7b1376d7920211e9e819177b15975c000d
592	50ebdab8492593877157d188111200c1f8f86d1813adb3fa11417c16a5243b00	d5d0406db21e1e372125e79564c3d7a4d0ce7e1f7e9293cb9b1573ca5709fa7b	a3755d380862a680ca8b49be00f81e92e7d537747409739c2033e0560e81cfd4	87fc7926dcdf5014b60e79080d87ee6fddbc546432aebb319aed13f113545a2b	2e9afa11803bd8c91243e76b20faa9b62d9b36d357bd18ad1ebe64e38db88234	758851c33276128609c6e3689306be5093412670eb9cc11d42f631a4d0baf553
593	bd8fef282a3c1da0c6f591fa30215d26c9f0c7bc7b0e600d42b026508619ec8a	0ec8714aec78e4647880adcc46bedd407221c173ce7aba0ca25cf5a10d3d670d	bc69e141455a7d1cb1fdfe02d9280c6c694a841616a1f4ed33a25afbe56b0eaf	5d791a0031bc86756373fa0b6059edf8429a71d96836b2ae07bc830b5dc3e516	5ba25d38cb873ab36ca168b00755e9cf0bed64a69eee257e4d6a96b605d818e6	74555ac20852fcc7b234010a55920dd0e6fb1287d64de036b208994095d726ff
594	dc2021c5dee1245d618a5875ea914ca877d49aec8dfa7fbd99926a3d1f7c8db3	e99cb238529dd77d2f46d5808d578e0f4955f4574e60ce71126548ac72e44110	105b3657d56627f9df219b2d54a6eadd53fbe901a49fd0787ff2996e19119eaa	0148705bf5c6753010c642bb8f665851048afc83759c0dcc38c68f51838cbc09	55dfb104ff1228c25debfb056ef12528a1c62cc458505921e708d25d4d1458ca	bd425641d578dfa636411fe1b113b4858e848311c386b0abff88de1302baac05
595	122c4f438f51de9ca02eaded53c880ef2902bd3ea363044ed66c45b73b4c186f	2e0bdff01dc5ebe88b37b2cd941b6115783cfad9268e21908dac005de02e587d	4a3ce6e56f245ed089c91c2142d71a42a12af721a97b5d39dc86a65b948d36fa	ca9bb768b7e41024f27bd376a59819b28b4a74f75aaefa29920532958af4471d	d37220e4b8fca8332b53134bd97295726bc0aa994e6b2bc660e370b4f3e38e4d	5e4500c261fd32ca5f2c510c34333e743f5f1a23f27a99891788adccdb6098cd
596	633736c18743322488f4a6ace53cd91edfa29cf290cebcd7aa78350e67e03382	e925f8946cc3cc240f9048db8793240c93bf6211bc6928430ecc6ea34015c2fd	12d794868741c7c14970bcf6fe8a0a8b434c2e88ddc7fa6e2d03c8a644e43148	b95cf51f1885471c7cc4a6b4c35c26a8b87e0ee02796862302d39f87ac61d5e7	4632222c6366427fdc5e54c6afb7d2db539ffb0fc2e16e25638c90b352169133	64c9b6b38f6367a2de997b7731d6b107be1c97ec27eeb9bab65a1b9d4858791a
597	79d37ec11d1c2ecdb174a959fef269c843e1c3d7adee0d7c7c94ad844ff7267a	797d80dbeb2f78bce435d2642250d2cee8b99e3b64b81b85ac61eaa567bd3563	15f4f7bbd6828691cfe70cbe6d0f6490538b67dbf8196089f48d0fc2effb73e5	d229a0b71e7057d7a401e8afc7c7d3c121d3e18336a30fc3e9b08414f9c8b711	02c3147840d11de3f12a43b017f4e85bac1a3fe3a57aede980932de9cc231169	1bc303867a5e6ef61febb3d0867cdab0ccdec3814ae51f2aa5ca818866ee5d8d
598	9bbaf230d3904b5a1007fb7f668f5e9a7c693a7bef7b59ee402662d7731c363a	10806f8871da036783d9c6e40a4cbd31a9bdb09aef493ffa2accb3c3b646b195	276790000e20f9c3a9959c55864eeaa17602cca605edb675037b2355376e027a	061cb46ceb7782b3a69f8f49fc80e9b9bd587d5f26cf51c3065f1a6124d0dfb5	887f7dab8f10713fa5c53c035ea983cd0f126406e238153fc200921dd93b38ba	da9e85b664291686b4367602a7b84691ee076b8a7ee388f4883fc8141a0c362b
599	6397a1dc0c55ca4eee669886f38c89c3b6cb2c075927959198412cfe416a00af	3466b467f8f6f585e91710df69bbbc580161f9e89c943f16b9e490736746d3ac	f511c4225afa80215ed1aa19e454622556d6db773861304f58e29c97616a5010	35a58ad8177f2740e7576cf55d7ef275b2e1c85e04b0c22c888220d9a8a8bb25	95cb959cffa5c7b0b077d2f0c5ecb2aebf0b5097d71b3bc90e23413d7992c087	ec0a67822a9c9da8f6e77c72b9791d999e3903f3ae7426aea343418c01239a9d
600	516e0f69f1138760e6d877b54007263d98a0d85dd2780fa6c6a53b35207845f2	aa950bf2e248691cee4c49a06f1c27403baf1feec9ff79d3c01d7615c39c2f86	37db4df65a2790b3ef44284a76222cde9cbb2a2a899173d52213670c5df316f3	857dd279dc803950d3cd86e01f140a17f4a3add4255124e1536eb2b2c5f827b9	610e56df2aa8e0186e8e3cdeb339a7b4e81616614b9dc6225e6445b71aa96a8b	daf97ae31a8dfcbd21d5af9769ad3767de5c9f4362b9832e2eb2e76995da585d
601	db3f4d3ff9616391094642660fec5a0b6105116d43bb4149d69bfb74172123d3	cbc765269b6d61c4a70c25c80510d930cb33fe2b259c3d3f53d647bc03e01e79	1217b06f0a869522d397883077a0736e17eb4d967cd10be50e2afe50746b2b03	482cba6be634f7b4e1482a43d2672d358819d681f26ee5cf22ec89d8b719d71b	412171fbfcdcc5284b17359e2cccd4d17c32f2a840ea0a431c59611d3a4e8cc2	55bcd8b980a9d1b6d3fd2903952e14e8a1585721bf255728dcd47a21c6cac094
602	303e8c4d025a6febf92b514c24eb44b273ec8460549beb7195fc9a1cfb242e71	fdc75a1b00583bdba6b9746f42493dea894d2e1448093f433187f4934e77fd53	9fe025874914fe1d6d253bc83c19670ac1ae3e89fc9f53c605dffa57a5b2d5b2	bcb7563cf54fbf60ea8b1ce67d64381cf26d984a75460547189a83374a8d2e1d	589f614930d55357a4459e131bc8bd762afcb337b22b9b4823b5afb4c07ac5f2	50764e32b40956782dcfe703c6ff520ea2ff967998b23ee1908e8760c599cf90
603	f65261157f9c81448e4b3eaa0d0355efda5f214faa86281ff77ffc736a84843f	b9f13fb869d988179aefb81786d94961b0ec6badc0c10efd58d1faa4b755cb67	7dc222455fb6c377f8b59aa5f26505571246ea894797133096aef718e40bf5a3	47d29dd668dd05d63108c3bab6d9b2b18d7d92cc4bc5a670a9146e127163243b	1866b8904c23727f70e180434f393c3abcfc15e96d06000d7a1a6c2359209de7	e943151c085e6453ede14d0fc9555d31f70f46a7f06072278288bd25f0d49fde
604	e309d31b34629e2c1dd093eb5a4e2d5f16b7a486c2ac0ec4ca4714424094a153	0dc25870cd67f77b24a017524d0c67fa44909420f619183362b2e05e516f30c5	9c8e6d9b3aa801bc9a59f6e53e3e43a96a9d9c084ffd595935fb237d878dff5c	3367c3a71ba8e6bc6fba86221aaba1a517fea1034db5dab54810c767685f7843	943b6011927cf3bdcfc614b3551ab8616002b4c8e29010e7021778ab76967331	d84df3654e407964e6e28f34cdd01c5c0e40081bd913c5f0c5ff4ca94d1a2e0b
605	672456120a2ab72e2b734738cb366119ace0e3ad1169e045928064b95cb3e4a0	8d7ef73a5ebb6e21abb74150a1d9c5cf33df75ed8788352414da055644ae5cf0	1f2fbd3fd4efe56c65a3dd5871e9e1bfc7b690f1779ce05b6ca7b38acad68a5a	81136aed45b50edb715c193d0ce019616ac2ad40d6974e9755abfdd1b26f95d6	97d391ec5356e4582e5ed6a46dbbafa86383f26f9e2546b9ae6642667766f12a	512d0d3b8a3f4fd2f86b50dd004ce8e475470969ca54b70ce7f256d661051fa6
606	2028787979c3d1e5c7967c6e572b40354d9c1c1261151ea0d2a7e5d64eeee737	f3352a937b55f260e5648b2b91d4ed8dc35ab14b863cd0c4192e79689a432e1c	b08926d6e95b94132a8e4823ecc37633ed53b2172fe7fc2a4ad961f4159a72a2	a6229621b453f4d920eff56bed28b6f88ea9165b6ed687c5f8550fa05b33572c	87a68be13a64402f9abef4a4f5c791792fdbddac590b19b84910fdd4f763abce	1553aeaee44092bd8dd878ebf9215f81cbacc6d2d527905594e6aeb8a5a8abcb
607	abfef249bdd20775742f79dfe4150d5cb4ab396683b85188f88f7805a9c068c1	760fb091cb35ac1a8eac1622d1e64b0b46260a6e7684f33e14c8da5b1ba83730	ff9435b6706f20b7d99b693cc91f25c0704833e535d193d80a77b61681fef2d6	28ddaa0b0b53c909ca50ee4d4464b6ba5d22ced37fb54fcd3cd8b0db24a61c88	497b78ad17906137406f6deb29ca84b9d185a4c6d43b7fb49cfa2632ab3000aa	9c2fbab32047124939464df708b346606554d1d98d677ddb3774a5e89cbb87c9
608	e99aa07b3094e5eaf7a7fa9cd4010bee85eebbe9cfd262e264f66ac417ce687b	e1e9878d55d1cfcbdde178265ef21945f9db31dddd114843377a4a3d610247a4	7406396f960b0def818bd70cf973a79d76db437834b00bc819c375189384e290	f3fa89f4f5443470e8a6a905763d67a1c3856d3d623a7844bf05c199afc655cb	d773001e2a727eb1b598892fffb9a6048d169a0ab3fa509902abc33029d4c8fd	434ed236add6fc278337d7e7cbaf182292f237e1fb918f9e294be99a9865a723
609	4ed07915de2b902b547a53930aebd1ad93124953704ee0864b48b4f1faa5309a	166e7b57b7498c9db0b90947a1959c64a5a8e47a65541771f6a6b58a0987fb05	28be96ccfd78eb9b8c1117d0af89d40c930dd2d667935e42e8e236e0b5b8ec58	cfe026cdcec1a6c3506c45b5a3c62699a28ddc94ba47865115a694c88effcebb	5f850d9a92f07e9a6e1ea3fe5dd4b63a0e94f6a11a3e9ea965fd1d34e8664c4e	7a9decb7cec572ec0faf660650b3d32c11b0bb783321f4674bb3d8d2ac5ecb20
610	f338c12bccd9123d70736fc3c6660cb18fe636bbed3369de386e2a802497bdf6	14417256a70cd2f9aed8250edcb08f522ff5fda7b212f6ea32fda792b23abfe4	0a88fbec5365d64394e00598f1a55d020e8ed02beee65825a1f6c7e6e815d026	b92f7b84e2b48ccb4dbed5561e1404916af7f3aab73360d601f68fb6a85c9550	5967524c7751448b0b5c80b099c57720cfdd2646c098d964637cdfaa1ff2f2bf	3591f91e1a4ee00063575d08cb76aac85fae4b47ce8c91ce0ce77e8a86159747
611	c3f17788370b67ebc52b0b9752a0f827b02a294572569d39df21fafc37433963	895d6e952a135c6e276c3634a25bd064c213123746c0c6d4713cf769bc61ed5c	d45cb7d071ff7da376fbc83d201e390adf3a198885cea18698973275ef5b76e0	98ca27ff73e78112727f22511aa75debeffb5bae07c26db9533dd42686e74e95	60f622b57864470cb2cdd1d9c361b46804823a14a825f8317c41bda9aae1f287	a0edabbec502de90df70e727c0e75c2873a545dc738f1cc536d2d1b2cd000887
612	7c4756ff1f02f9d175e91bc13d0c45b8dc291e817180350a44d94ec3909925e3	85f91a4704574b9afaac72b7e9d2a5fcdfc0d47105053c84f4f5fb443c816c12	0803a2455c212e3e9dd875286399540ea397c5bd7a1840c34d2d48fe5996a8ad	b6531da2645517d7da7e386cbf4157787a61bd4a13b0d16db1ebc753982ec1c5	e3046c9941a2d9269874ae306821b542f74c801a2c902173e730988d5ed58157	d54e38e3b9f018f5f348d42da53f80b893a073f8b9112898847e5cadc1d0fc1b
613	964b8c4b5d999dd8d2a6176cf01b79c147192db25f8e9c45a89bdb7282c947ac	eacc201620e1c15c960839f2c6cf0a8c0605ee651e4db10b8c01550955335d85	160531dc6f2387183bc826f708a2fab87fd6367229bb97760b6972fb48e50700	4437fd7365fec0bab3f35683d00d049513a17102193206a90a6fec9d67b94d75	70a054d0d6eea6796695b0da659483f2d90bc74e8a30d6dc7b84cc392e888862	dad24b459b35bad84a09c9489ce7baac36e3a545550ab01d1bf8e3440cce0edd
614	2515a77357464a2cc12afedfd79d51889917cc47aae5e6d021d513a1f967cdb4	cd3e1960552f388045ed2e35c43fa9347b4bc13bc0dea67aade01527f9263f26	a956f3ce7bd4c50dc05de3c2e55e674b9deeca06d859155cc5c8836bcacd96cb	b6ae1822a458e008579c02705809c131b76fc6ac64600babb05d395cfb77181a	c36ae2ca327bbf97c77d94172d880278bab080eb895c845d968b6d8900d47756	5ac4308f824697d94f41f113f1e0a27b2eb4750d46a7dd2ae2e6761e345dbebb
615	cd34210d679a74a3c259bb28bfb63cf1a1342c3635ecfdc331298e2ff5740195	c0ee8f760a1a8f3668b170dd073db01b1aec819eff6900ba059e66dcd9fe02ec	b10b70471bfbcd292ac6d4f38c34c30cfda0a9da2085ad079700d6b0f5c872ec	9f2b49bdaca037dde89a46a4d56ab499a5008383b9631b3b96c45d2342e7eb5b	977d1eadc8100608fea68cad1ce1ac243200345abb4431b598266b0c0fd9bec7	90c53bdaf4351e3e47640935e3eb2be613cf808cb8727ebaafe0dcf6a1bc788b
616	ca7dcb448dba9452d078f89ddec79e1232725c5289e3f32cb22b0e2b24aa9306	4c10282aeb9c75da3146937ef687730f58627b911a6a7b2dddb3c2cec7e0e891	e8d9af54ec4a79904b91cc18c0fb272e8e680dd15ab92857c941f291547be05d	ff2a9e46c4178946ef0590061f8cc280d2532908dc183eb128f9c288bd707fec	bec38df214f0a26c77d07900a6763a4267049e9f6a154b124f1995685552c8ed	22170676bb2aebaf1ee977d8acfed03dff625f2a0a5938db7605691749e451b1
617	38ddfd3e53ac95759cec56d0aaaf181c62ca752b76a53aa2cc6097dcffa0929f	c0e2d6103b45887d3b16dbf3cc20c469874acbbef39feb69d0ae91eb27398a98	c261943cd51b34caf9efbfd8de95267423cad21a7bfc1dd6045d9954d9495a1e	52132e49a37b9e6f63ae7f7014f36a8348cabd1a7cdc7606f3cb310c5338d09a	d3df5fd2c53a335969c9d43dab6a1a1ad8f536b0a1f68c45ccc069d295237b22	ad26b52ab0ea4a296c996c38682f5aa521ed4f8bc6354319944bbe9859b437a2
618	2d1b49e026aec183e77aec59bda4d8a90564b2b327ac77f8f0c209ee434a4770	8b8353e6e331b7e67f83def5ca479f3ee251fb9b8f9f9fa7dafb610da9d8c150	255aef0017d2e632387fe4974841eb8816aea15c6989c54f6f767b2349ca8f72	36f58b096fe69bfb6078d86ff7467efbd0cda0ff5dea3cecb8cc2abb37c62b7c	ea0e7759c9265183e0336584a499b065231604bc959ac717731cd1ee6b869c5f	6f6ae48d048a72f8f0a6e89fe25f2395594e6cfcc421440c5ea5d95ce409abf1
619	8cd3ceda21ea965ef293aac580ecf30d67777b635edb17eaad864ceb9053e2cb	f18c7721b305886d54645ee242752102ad28b2868f23eb45c6856650eb3a45ea	5f3f189fbcb62c514e9135292ab3d1c3d7a9bd0a8b6d61edc52afcc1b6238198	b6106bb01b318cb39f93be589bf46047724325b1a20603d8c5feb8b1b161cde5	9501e2d4662ba8bf6f7ec2d115c33e90950f4db1f7c939c898ca379614745546	8a047d32c9145ff845267a5e08d4f054e07867d178ef6b47188c9727d44f4b87
620	da33f11b08a4502957ea52cb17e88eece127ef0db712a2dd3eda6d14fbea046c	c32824a6340dd086e810720989872b1d69448045797fcacd63efb86cedca8029	637ae51ec1435c0f4944f1e929ba48ab647e55dff574e2c26e6c959f3de713b8	53f9b4004c4612e74c617d905165fe1887f59ffc01e37513bc87a76019957b94	f4106835baf826f2311800df29ae969fe87ff73c4fa6a3ea014f291c39cefa48	14c72a3de47a2a81d0dddb172bf75f9c84c0419369b1b2bed02fc2fd75708ba4
621	ad734793bead947d167789207218a0e69c92665bec9bd6569c27feff891c6784	8447e3b4dcc859d6dad4c104caf6e9d5f911171e7132151fa79aba7b15f9f229	841cf58c9fcd02eda67e01e9718191fed066b3f070c29765695ac4ace9ca8250	e3733e274698671065d702eabb06924f5fcf8758b8ddf73351232a830352c3fe	a09a14a34be13fed9a15dfb4509c3f1d6dfcc5f6e302685b49691e084f95cd6f	6ed4e17766315b4e1c246bdd781ad894e28ae9ae65e9af2d9774962776fc629f
622	285b87060a58c2f63158ece1cfe22e5a799911388dc035754cd146328cbafff2	932382b91a6dc189efdf549f3469672228caab04ff160f8ae4443ce4e7ff1863	832b1dacdfa0d5e8837183956a02c6318a02e1350f605ec89f844940731ff9d4	a37c8369250470f22239e94c785046092385d00608872500a65cd77b3610e9af	d86a63f69805bdc0102c6be51afc1d59360e5ccf7dae4a2a5fab01c5384f8ebd	cb0ecf918f7643fdad7cac580366707a07c7b87cb501a74dbadba95150d70ae1
623	fe795786c73a923eefab56460e366f931be49a71e3be0c7eddd4abff03805e83	796cbe31d9dcdde45e5e2686932d7a866bd8f9dcc30767381cf63fdb8bd45760	5b5f398fc74bf1933da294d2dadb3f4b42c2228e55e817dd267e3e5ea5791fd4	a68c0238ffb7f6a5a4903abd20c6586ba6a21e52f1f89cd3bc266f6dd1ac0f67	7afb8c54d372541894166f8c25240ce604d1edf5e070851bcea5730c0d998f8f	bd38f9c2d47f3a730de91d6a5d91579a4a2e4c25df9a875f3633112743effac5
624	0c0fe74ebb86a6602231637fe8b338869f1955ed85053a2d9de0863bb6119779	9eeb5a9795e9c1e771a3b37b0001418256e7418a0d86834369e51fbff6522bf1	39019ba20713241ccd45d572ae20e8657a792b52e12a03ff2a54100109f7cdcf	6415076094c477d0dea67df595bfa7145ae9f3965fb7c95cb85226cc58a9c5c6	95e796f7357d8e93f4904df58ba02d3b6558dfb5d3afc6d6f2fa35ff287868d0	5c6ba341502f6768aed94d6e3256809ec19994e97500f255ec92315b84945f68
625	8605b594c57c9fcaf5a11dfb28e48fbd4aaa98b9ecbd334d200e6b130daa2f1b	893c0c1b3ea06eff442240d318e790db535264b07de127e58429b2391f9406d6	0f4d56c120a0611e0fdc5cede749bd5b0fadf7bd1026804020857bda1e31b9b0	e592a360cef1b062bdec04d07fda9bfa6f5645d316531364837033cab52bc298	41bdcb003ffbbe9edd3bff1f5279d540fc03cfccaae6d6d5bb4a2c8465ed64ee	58132194749303772ce10256bb41987e518a318bb02f0b49892e03670fc5e5df
626	83a19ee87a5414045fe2c810364bccb8fc951446fd458bcd6118721e82bb09a1	b871576cd96f6c8fc9e1ab4505b99c87b8c8b22613ccacbbefbe3c8bbdd61142	5b7a58316fc3bedc31d3fb951e85f08c3ef2374894a59e5136f79c1e3f2d3638	b591f4b94a0c152f612d6ff8b8c7efe57f6215170c4b70cc0303cfae983afd6a	9f403733190b51439de9ec555fd224bf82801256b1726b12ea7907168c1cc345	cc279d9c8bc0ac8856c0a79477e16d1da4033abaa61abeb5ca0a6491422c9c4b
627	d7e0902270856349636900da9877df24d6d630cd58773214cc372d5bdc3a9ce9	9f677b95adaa4373153938df650e11ac15d45b4ece1c4d404b4388758ce0e4a2	2991f2e234e18cf26029bc84512d9434c1517f8d36a0eb5fa4fc01a70f76773b	0b3dd5d7d77bdbce96e8422023ee408094182ee9369295f2a17e48364719e01f	08e58b907fbac49008a796ab26b3b88672f3c13b84f5506d7fa3d164914d58a9	0a0d9265563bf4632eb103a00f2a92e644e064c78304155cc626d1625c53856d
628	41b4441da28f28bf3c8ffcee2c6ce6c644c9cdc2919ac759ec3de2abca41468b	3e6d8fece820468085bdb402cffad48d973ab5180d03a8d8621c611010e8035c	b498a925d077dc923d0fd965fa054e6df70751dfa3dafcf17fd772293b553ef3	37b8ad915755dfbf87e41e180ae51b639ef60ab0992754c7f0a4e9e49b6a7526	1648e430e061224061fbf12e6ac7fa46bac34eb0e99d1f653e6d9f96aaa756d0	72cb10d3aacb6ef6acd35d3c19e097f06db48c5c990dc4fe2fca7b4e7791b081
629	2cef7fd52b3194250390c97353a1b190ce67729a553fe533c8970e27a3d48e00	5227da89fb4bd9d4004830d8c6ab102a6f0ac4ed40719fe733489d865ff72308	ad8398ec65f4a25381d9c391df2a9fa2f62c22086dd089a18b951a655b762aa0	ae00915dc58b571aa035b0a7a558aab24b6c97d8dfee315cd62f6fe4ff3f3c1d	58a632892cf9c632e45f3bf1d5b35ec70b6520db0d8c4238cf763d207d6ea36c	ffc606b25e70bc716afb977675db73daae82529adb89d591aaf4182725e4b5ab
630	523bd9b34d665f2baedc8fa4d4e5b1cccb44b2ad84933ce6c79ba166992533cb	dd664e95862fccbd7fd706da60002c1b5906d2939b2da74eb1c6fd135acb98da	b3d5319303e621bdb960a7ee9db3446c05cb201634b005fbd055c113c5d5b5f0	782401bb72f06833823eb9cb95c7516f9ca9db6e24ccbbb82600b85ddb50366f	1563b52ff04a8aa24bd305c37e07a87facc024286140211bf5f28c92f9e8e22a	bb91fb2885412b3ace212cc76e9805ba0ddc1de363d684aca734935dc16626cd
631	a34e5e27aeb1893d93e7c08f3b9a232c40ae5693b0a416bcf30ac4a7d69cc99f	f54cbba8c6d893a674314f50be2448efd2c89597ddf8de55a4b4fc6f64cc5cec	590ebfa054df71757e98455bb782532e8c804a1da736e3265b0aa5f6da799646	e0c3aaf534faef37545fa27ee65586d759922446b401ca8a15d714e5453269b3	ad7e0465924ba1881d008cffffb956ff9a6c5f8453820d3554a0ea34596516fa	c309733684a455e4b44ba492d8ea6c0567d02717639c7773643515b2c37753ba
632	412184cd2c1de82fc623eb285cd17e635bd37f3cae554158619b5894e4941e0c	f866c8c2868483c91dca0c686f1fde8fe65192f7225e14057aaf75e6c976e53d	42b90213dc3b9f466732d1eb2a760e3ff01b09368266b8db63a7a71288649878	72e7a374227dbda3e33161d4d360a5409b67eb5e03503cba927c5f1064760c69	f1b18adff5d1facbb71c3c5a62632d0ca5a24406247f33f81a5ec73fb7f7a61d	6e1274dca596ec0719873c32cb252ba55730e865dee33bca96ae47261036540b
633	3574454bf12e48c1d70dd51178c0b4bcca89a3337a6909551fd5cd1675ab4281	9840acbc8b567e6ce0be32c805a88fedc5ad9a913b29d0fa4c04d37e60ec3b92	7577a61bd870f40a5027ccb7bb9c3bd888483092510e50de56230ab0eb42c7bf	17bdd01b998d7af9dba1dc6f9bbf4acb7984ca5e8637aafc7169efc5d2774101	7f74311b93b7f5165bec7ef673ade9d558ead4dcedb766edb0dd255d3fba9007	b4af35fb355eac094933e4fb454cdbcf5bbdcaf1503d6ab6a4dcdf331b873f3b
634	3a0a0dffa2c05b7e668b69cfe9355fcfb9d9282e0671a965a6e4ac2316cbdeea	f9bb27417287307a19fee5b5833f0521baf65efcf0053d7acb6f7ce4f1b51758	a306f70471b5f37b35ef0cb7ab514d6f2cef74baabe7f09df12ca4a20d9e799f	2550266c64360bd5da57f928a833be0c6f8d651b7df49f9a1dad409c0e8143f2	7c7f4c9105f4204b026750716932c2bbbedd74acacd50a6b9b73dcb2618f45f7	32436afd8d69aa247d4377f976b74c5337c050b300740bbe4ae385bfa95b1c65
635	2f593d7f147952c287125416769c9543416ca60017bfd861dd93e713be0acafc	c991633c2981786fb2e28605390d87cd8021c1a7071bc460ecf3590682567c0b	47d05657af35b3c2c3cc9484e9c4b952d9a1be82cc24200806f03b615883c691	6d67c5b32c19b2e1b812422dfa5b9e7425d9d067071ab031c64fe20945f5d050	01bd093e9d22f63b025cec8b5fac094364daebb65fc2cabba51facae8df5d73c	57cb4dfea8b68f501f1c2556062b5c9072bcc8e4c7444dd4d9ccb45859ccdfc7
636	3047ad75a56d9c36d044ee58535f8c707b0bfa333141d5ef9c1dd6b31deba6ee	a34bff4ee7c01a5143ddc8108e808e3235a84bd5113452422ada1cd7ee143e67	807ea652b29fe13e1c885b9f827aa174f606efe50015bfa91c6609f6012e17b4	e9467dfcf2cc689101e9a86c941e1b399150d5398343102ab67d3581bee7ba7f	5c40c8092dc7278ac8997fb83fc44a65d26aa1434ab2ee6609a6c0e050d09791	6386df97c3adc3ac8325557f297222f930154fa80946ace7fb08dc2eaf7257de
637	8d4543ce655409b1b8bfad33975b5e4b5c6134ab0d6374ea18a492750360c457	1ea5d5f9f605980e21c536b43b0c5fed3ec101bb74ace69a347906c9e3883952	06755cc0b09209319ee6efe3dd7b45a8740f61ae2eb6d90e23548b2c3112cc2b	61d60731662c9326e2ab824f1d8106edc556619f2f4bea6c517827e3095e31c4	367b6d5f7d8d1ef5095111e542f7d94e72627c2cd3d91ac88f01e795e0eef667	a0f6eed92f05afde1aa296f13c0048c5d0bcb244fea8f0e12b26a9a89baa52f7
638	dc1838e6e06d6099f93961e9e0e910f4d325804f82237bfa56a06cc88f7a2f71	03b7421e28a0bc66d81113d248aa3712687a8c59504ad1060c3cbf05230619ef	36847b0e1cf155276ca94c5a5ab963579424d5fc5052d63c8f22240634e90ab3	a1bf22e424b9b63a0be952e2b5aeb2d70c4eac2db0d0f5e9bcfa3265cf18735e	d0bd6f9e40570935e8688a8527bc80902307a571ff3f9af04cf9377cb2f710dd	88ad7d3528679186928b06a13d9ab84195f19c132d0b2f6061dc3a6418be7574
639	50fc6b078512d4c7ce2f58244b81def45660d7224249c3bf6cc0a9bed0487d21	157ca8d7a9682b1337c1bbf929d54225c10d0a63b621e25ca7a75e5458770be9	23ca8b0474662f300f3b601dc579ddf299b51a9123c9759c44f60f250d9e5ec2	1f2665ebe7fc1a4896474ed36694dd10771b5aa7cb50699d767fbeef562af3ac	40e0c85a17a656bef47cbcc2ef8996630a7dd0965d076fb6b4e8f88cb01c8169	114336458f4e804a778589bf316e0443605db8a0e16e65e7ff16ca5966002e0c
640	5651d62ac4e9a98875460eacc363cc28284c936f0cf3a777008264f502888c40	c82a3e24215cc488e797871ca91e94655506302ddc89adc13e7836fe6210d9ee	2659832bcf35bbaf38181272fdb3ad6fd8b4491ab7feabc7a48d6ad41992fb21	499d34fd67336680f68a4bd868ca30744ba256d45f08e0bcb046bb0f1e561bbb	a108106d7932e6b7ea486bd209fedc8b55e04a72ce173091608b5b0bb5bf533d	d63726fdf999614160929a75a1b3aaa5f3891a4af33f609e788c2f9e2e46434c
641	16e7bc5d2df1157e53db6b04d4114da6bc870f4b0c5df048dd812f1369889d72	97d8624b378800ca1c2886a8ae85234d8c13e4ee441dac77aaea8659f2f6cd57	9da518b7fc11917f322e27f7dea0f651a26891041bf7a997b9ac225b5e67ec65	3d96579d62a414585cb91b07e9056b07639e78becbe8d33e72d6eb70daac2e5f	dc698e7b76f581c371080a6e1fcba3fcea3852c75ac274dab7bec8898563cb90	3e093972b32ab9a0da116e500623f46df70eaa2de9cecced0df09a480a8dd21a
642	189d48d0f6b005e0eca0e529bbb62513b485c0c1310dae45aeb7888177284179	79d1b30923d7464eb86ae8b3621eae97949dbdde649990862c9ca5aca1189b66	0ce872d533c9c90beb927da701b7dd4b31f76f8b50ad4307ad668364d256e4a5	ba60d8347bdb2c9fffe12902acb7348ba9f6de1cd186d90d89fed5fef8da0e9f	5432fe60dd5270dcbb9086d7146f8aab177225f810fb73dd3420a30fccd75a49	77b2a9c4c6025779657fbd0bd0a556063e17eea7227252bb9d02c57315532ed3
643	436593c5bcd4674167f42f001f041a367a70c80ca3c81fa476a5dc861ed242e2	b557835221a288c44a77151953e5baa5c96b315eaf053c3d516a63cfb0591ac9	92b0446493db2c61d7723876521d26238a10ebed5059ec37aa54f2067286767c	b0d171f567da683e1741adc544b49c94d8028955f78fe423dcbdf6ea2cfd45fd	3fb5e78e5b5c0174dc879afa33daa198755e1226b65427729625b3af012e46cc	33543c56e1dfb888aeb28ad9b4d9cd5db87f1ef8b4eaba51a0ddf9605276507b
644	29a8cf83808b38ccb29a264aa7c12b8d7eaa17bf1daaa163170fbeb9fdfe3aae	ae223251607152a4dbe7b847381a9a44aecf5a07ff40f8b40057f58dd7fbd76a	59af7a5a62844a3adb409a4ce37382fae98d87bd17b2ce9756f1fea7a39318fa	208e890111a0a8520154b525d556acc4fc3e4a7cba744f7a95f7a0461c25f036	a7484bdff5f42b4a2b5807d34eead6246b758c1955be9ab5a824bf94f3c9f53d	88614f0c71ceecd74e4df25e8065d01576a5ef7edc8e56a3b24647c84f399ac1
645	6549346eb0434fc31b02689fa7359298e1af2e1b60f8c30bbfa5a14a97c17860	cb75c19876a37f4af57f34758a0557883265729bdf4b243133e2041f780fedcb	72eacf2c1441a67653bf22e5c4d1d436ffb50688ef496577af2d8fca64892c9a	0c33bcc8fdf637d59690127f38e8a83557dd58ce98a9e8539d30446821628ec4	6107d10393e22b281b7ad936d43beabc438c2677a946cbc4073c68a70b36997b	71519f9929eeebd58c303f69ed7ccafddf1713c387fffe4acbcb4d67761570b9
646	6f426cbc7e2a907a6c1c8f1590949d89403dcc2fe9a15e0a586bdc8234fa735f	cc0b532cb89b4bba62467a646af936240217c97263ec93cd9e6894ff5b30adfa	c1a9ddd252a890b615f2899935cea009f612d81556441e3420e60d87377addf0	3e918fb39add80f8b2e680f018190dca14b757da8eb0120a58f66e3ac85dd4e6	d7b2cba97d5862b65e76542bf2dd8a2fc7259336662473a26b3ded673f2e079f	f6eb4f5c405dbad2212b2c97cd2ad3218cb9913fadee4ec79304138c1a23eceb
647	28e977f511aafbe1026b146458046f966e459ffab2037f14d195114e6d2f3efb	9023a04dcf13f17bc88e07027787100298578c01c3593d6f8d85d57708e36cc5	02e20a32c0da790794608a931de6c9f3c836c16c44ebca0d32fa862d482472ad	971747a5ecece9849348fd265838ec49e5a0d75598ad3493a83b33a4bc925057	291e1c33c8bae66cc11bcbb222e1ce1173f220b4e72b159d9682d0b532274562	77891902a07307eae6d000e320fb9ef1af3ccaaf8f5c4ffd4cea2ac06028eac0
648	9bfd340c93ec28b98aa03437a316985a87aace0af384050c7ef973cc0838de55	11f84b2ca15fafa53500b9c1cc8788b28a8bb8279a39398b51d0d007291a00bc	474ad4fa4654b31045113967221405f3a70e2d5cf94eb262b4c455b8dd3efb71	3a37d78e543bb699d22245ec23b998c22a8fac91e8ddb132080f4a71217345b3	f16040fe32e614222a3ac77ce530b8f18d82be1c9dd4a2369b750b1d05c605d4	fa760d95d659d72f74e7838b2e9079bbc8a53f34e40749f976028185766308e7
649	b7efafa9a10f7bd79cc4435e8f2991fac9d4d098b131d9226f3cd9a94eb5e8e1	0600d9b176f92b78dd5d938dd317675292a583783b493090005ed5523bcfbb96	401e59c005592f2289826e0be046dbb381e3676f09f9a3afc5f3bc52b4c5e1c1	a17b1e99be43186b7b885b24a6d8445a11533f79fb61398c33a0411c898d9df6	c78e43ffe2e0a7756e5328351701f1e0346a9ca7fbc09116cfea56f64b2c3dc4	12b0cf415771ac84ad9cc3df929a9fb528a928cd5db36fd2132963c2fbf034da
650	22ff2d4815dab17c01cc982a3baf1cc8af777fd6deb3d8efc06ecc19fedea74f	5aa7d97b360dda0659705aee9592fedd6a83706f4f6ae2183e80f1fc39e52976	111117cc430a09c98e889d6a50ff8fb5a5c03d59d316b7ca71ba30b64ccd834e	76684baf81e68d59bbcaa98d49a5bf54dd976531c5b66f9893868aea8f820762	b296203f93f4d21be24054797dfd6c12c2c668d427a0a196d68d01adb7ad83da	7b7967823b63263bb0ba12344fc310774f2190e598ee719521e14e113f861eae
651	dfb31badb68bf87a76ac52dea5930429c31b0528c3191e7230c8a19b7225a9fb	a52597c37289f398f68c1762a6929103f2ae79ae1b78fb6f5372a500a5b89815	5677feec1cb6325b636263481e0aadc5a8ce0720b1a6d1d0636883467669d7c1	0e7bfc36a994c88da11fe1e4b00dd7e027c991fb43b71f7d6e4b092eefe8c908	5243879ac194f37cb457b6d9b23f46d680dcea6ff753b1260443245d4181a464	85ad721dd9e265356baedd0c00bc7a205688d4149bd51617a4f23b41880c3c18
652	9532001ceb5971b0f3b09e2cc4b181a5214f180516b2b0f37b1ac40e97455d4b	949201b574e962759ddc23ff5c54b3f86f5442ae29fa16c5bdcf16b907d1a50c	306ece1051cd1387d7e95c6b7f9ee5efebc4f62d318e5b1d768b9ea37f26e6cb	3e702115293e01d3ff356fbc588e6a51c4a0c9401cd1d1e81add7b59d8c2eb9b	62b646135a91898ad4846ac5439a42503b4902d29787c6fdb259467bb148bfbc	b47061cceb72b5c04f4e9d020db9b15c138ccdaae00450da477ff2c1bc93db23
653	5383dc751cf0feb6050820a0f03060e34af48862a0b51d2fb676f551ff7cd973	43a5337007c5a25f5f36c5ccbc056322b9d47e93d2ab8b6f1eb56c9c7b71afc8	da3cae6bb5de561a7afd859f0753a246213d85588d3d6d4ab12c431aeced842c	2ef4082d6a9f92ccb987a4bc6720b2e187f9e2790e0f621f7e5d2c95bfb92bb2	edc39adeeae8343dd93b4e054f4280e2b6c1198d98ff18b6d192fc4a1cf6fb8b	b8a303557b6a78a4c72106a08eb2235c41978d720a4f9de1ea5e31891315632e
654	c372c51b1916b46359db01a6c1def83b7862c489bade4304f40cdc5c415479b0	50014bdc026ef9867f84710d53fd80c50e3d71fc693903ac9d46a30d1454480a	7061cbf857fcbbca6dfa19e006205ae38d14f03b1287698b69108323c10752a5	f7d599aa8a0cda42297c208dfe2df9607b684a020ca6ef9cfe7a38a588820fd5	01914f6f8d0247bc0b7863261f626bdfad2251c1a1b314d52960d8be65967a67	18729c7c9d6c00316b35364ad68802c5b5a0e724aa8372d1a41469af02345144
655	55b29017b12d46f095ff653db83d63b98c5d24cd369cabd0a0a1a6d68bbbfe84	8d639adb6379a65c3393af262faa726ceec8308a314d9a2abea900a211d8003d	64441a885dd3ca9b85e427957355b7e4f736de952fcb29b24ffe8c86bdd220a4	a804a979c2f164028722513b000edadd5f67955f74c2f39e34072e8b0a30a435	7dd45e52c7cae21b8583f0ac2fbac1e1502c293e302a782600e9191c1583a6c7	b3b8912527e2db587c42b2b010efa61ffe6f72dab9b9fc67b1276dcb20b9585b
656	2cff57bca4489db1b871c66a5c3774c4d887c077a59098fbbdcb6fc5ff89583a	87d9113dfc525775e038f141b48db386642ab531b0f58c973157c2d682aafeb7	88b5ae8f57f677efd6ece5a32ff61f0857046dd1e49033c48257842732130752	38a6acaca9a3bf3babc23f4e0773d010983d05af8c3a02ec0e519c3159e0ceca	8fdae30c8e52a3540aed6422c110105d2a325d9fd8af59edb16f9426b29611ee	266cc7279c24b9db1dfce906931f7c188788baa5e52e6fb41d3714caf3ff8564
657	f7c76f9fe2c3a2777f74dc2cae8c32a7c6fc207d1e1eeb0b01348daec3aaff49	5d778212f81620e241fb21224795c56c2134bdb2aec3e9c0d93bd8d79a7ef7f4	d861ef93384834ee123374f5112a9183d763389e681176489e019f8283d1e2dd	254c4f7ee89f21d25dc20f61ba7a55af22a16d60db23c53d0f4851979f47572e	d3d7ed904e7be11fd22e477a7a16220703712054c371d63a513d387740be946b	3396e7514b13010fb3e436dd9031468cdc524ebca67f2be6c8e288faf96569fc
658	94ac5e3062ac77e5881dcbfe1211fd33644351b3796c26cba48c6e88a08e0673	b840277ea92fc01543e4c5d6a972eb6b2a49e6b1b5a75281de4c5bf5780ac6b7	33467a15b9afd5534dd1beb86e304e80fbf03cee6caaddceb18c113cdc2bbdc5	089fc3e2cd5eb27e68e5ad9871a35a0874cc0a5a51a76d51ec1c40379160408f	23e505d3ffec64cad021c10402847e0a0cd9dc9ddf71ed513aaf8e380e1718a4	cf03df77fe46af868748e44432a24d44bbd7c2e743a661ee6aa9feda5bd67693
659	e88527bc3e17c0b1aa1c55365d0c9ea846dfd22b93ebdece850a00cfce8f2ab2	398239485a0f2ae7d632c58ad7b16cd81ef647cc31b4e75e35f67238fbd79ec8	65119263c77ae2c61afb22783dc499edeaa813b8afc0fc3b86fec07af8e59c03	10177ccf9b8e81c7b544da49354277b685446877bfa1a8df9ec5611061bbc285	b381ed191779d585bb9b8d2fc56365015ef8ba94a9756a1cf90ef7eeb4e43a73	657542c553d39eecead9126538761456d091961bcefde68623ee7b7f0638ed54
660	09ca712a614d9b028fd0477174ce485a49f4d409e99f6fc0f6cde4b27904643a	21ac5ca4fe4b4a58b1715e9f0defba2bd5fecbd446deebf7edce87a5de1f28be	7b6a7fe39086720eb1072d46a0172e9e3b78f52a5ac0d9672d3bb32561dcc4a0	18a27ba673d4ed9bae931fba61636114b2fa43ddeac4b17ac4fbae6cbee14baa	dc51ffef610df4d67aa0c3f893a2b74dec9587fd36e377c2d29ac4b8bdb8d3c2	cafa194d205cd98dbd657b69d234a4e662d5f060852bf0e65f4f5194dda65469
661	c43ef1318b0e1d623f49fda1c0d5d5d9dd6743d51f81e4943a798a6cbc7f789e	b6a54bbd0bcb523c321b3ea0c6d54f6e14c1b0d4f18ecdcc8957fe774f073a94	2dc30a57f48293925948da3e96d7d7a992e324273e26f5fe55b3b5c17594a0c4	19680f7ab9c7a4a1003a1693817c5f5061eb2e87393cc4616b5dbedc8d75609f	eb0d47bffebea114d2d98110b58aa1061c665e6313694da624a9c2d7756997ef	084ef95a03bdb97517aa779ad742de91f344593c70cdb49d2da7bb1e2949af29
662	44b0f1ab5efbb419f0446107da83a4f80fe74273897fe74f8a37c5110e8778b9	8afc9b380d554bed1fc98bed6d97e38201328bd7253cae32f16b9e51989fffd8	6f3b2934b489874df03c9b4f2907f4860e79ec0f6aef2df17fa33baf8024dbc5	2e895129da3a7c983e05844fa0fce8444b79f48d2ee3e59f8b1f344fdc6bd000	34bdedeb6db8cab02ef4858d5fc4e90c4530988f70b69e9c81f4506875af8472	8907e27e5ed8c4efb722274ac87b9d288cea21892dc2d99272349dd659424089
663	09b2e23b0ee78bc12bfc07d59e061ec01249d19cf86ce95994037b9b68761f29	7d4c13b20c5fc3d5b7aa83fbdab4c223524bcfc3ed06dc4afa9d5508e0103ca3	3474ac5376b97ef1e698a8b2e2d8451fe8d5a9caafa7234c3eb10388d85bd6e1	0b7918970231ef255d4b23fa6cee9c89d1378a138d939ba5e46ed0ddd0f68049	53fc924f56348f3904500c0ce27385de89b0f91c842c2f653a4f9d18fb4b6468	b425d699c64d58c377f9a9a1e8a96cbabd8ac69777a1ec0c754347261012d53f
664	8229f346fb8e29bb4e86aac34431aa277eb68bff6e8a2bc5d065c44b4e79a8fc	6f0e029f301a8ac65c6894d911485bd3c43c394941cd6f2847f5fbcdfccceaec	055c1e63491b50ab40b4ca5899541280ba083a85d3b679fca8f7cd82a8d6e6d4	8aa84fd07fb8594324d366a3b64f04ad312186eb7cbdf6f4caa65b5b98d34cd0	fc8a0e88baabdc06bdb4d6d74b9ac4cb2879cc5b7f89a8cc7412e90da47dcbdb	e84ab8982ca33c84c06d6a43472c6002738dec89f3837f00d6b308199111ee49
665	7645ef47c779a44fcf722f4cf72faceb02b50e3090361de5ea8a98e09c93fa8b	dad952c6c6521dc6e32d955624b665c2365d2ac59d7bcf655af738e1d6e03c40	77f2d156ab16e4f0d5881fb93bad18b23ffb85604712d468360d1a1e5c12e023	123080f224b0dfb90c5fbb356dff3b45488c20966efa57752425a86c964dda7d	561fca3abf5a3c311a0ffebed014331f5e58cd984681b335c416691e901a04ed	3b6e1ee05304e4664d8f80a68b070e7be099ac57edc765b4dc219af56eb1fa36
666	43b4c54093e6edef66a186c62ecb010c71d939a8e3fe32ff22fb4505512238ae	9794038c2a680c10fbe5c7373505aa5e06c33de792520b4c38e8616fb57118e9	a62d381ec2ff3f58f6ace22a5520315eae13aaa0054abfe951ee6983eaaa1e38	a10317de0da3332cd8dc6bc5bd17c15475ce182c7c3ea71f7f353c868b5ee921	d69742ff82fb782ab1178a12dab8ded18655c70afee4216e743d5aa365031c86	ccf44e6e09a2669ad4634870e3e9948a767340de6841d4700b5ddced94d64b8d
667	92ec2bbf05239751d27a18da2ef8412ec5b085cec7e6080a30c1517b3501620c	4cf89527989887b79f6c57831d594195ffeae594b5ab6a44ed509cec933698fa	00e1ee1d041b9090a362690dd2a552e1551abb46a0039e5d972444d4ac3f0829	4cee788927a123bf3b6c0b557d435ffdcb1a46b6a9f91f2e2d19870e948027df	ac1b09de8cd5dba1c7bfa9fde47eb4be0d72294a6d6e752e6da1ca20c297b9f9	84711b3dabb67752983d60ebc348ef75229f8c9afaac25c6c91812b69a7a7d2c
668	aca2e0036bb8274f72af5c1ec40970cc4e0761244fd0832d2d2849ce3781681b	362e4d438c14f66a7aeb15c9836014a2128219f8fd9ac48b3d506d4d6b4fd1f5	682d1197c004de656fd9e0a2065a58ef951b78593f4802d7e49ce24a4d66136e	2d968b6ee874baa316b3a4bc4f8b29dd8d1271c5693e8a7e40234338dcb8fd27	30b6ecb7af909453ca24b72a340487ff6d118d1c12fd64c63d45a3f65e5369ee	7308951aff15b860f07c453b1989a4f1e28bec062a20c7dbcc37105ed66fd721
669	2d8d8968b50e55b5b6aafc90544b361d11d56f652dac0c3cc35ab3e87ba62681	138926c7a7fd365a0425eef021ccc32c4edb96ed19ed609e39a8016750745c89	aa9652edb84d484571e06f5ed8295a55b88ebd609e181128c438efc55606f6a6	8268e8235394b7f1642b6c1e93f67630d0e8d8f5ed0d06208dc51822386df258	8fdb94dcfe6da0d806c6e4899db0c896fca0c980020988ac85c7c26c71b9640a	35dd2422bf37635d0edcb4e79748ac7d3fdd1d905875519fba357fb4df72cf48
670	4a7cde1a06260ef894f8aac5b3b8bee4417b7c988c086f69178ff4485f47260b	b328c3d091cd4a536493bbf863352d6ab263829814abc6dfa4cd28b4dacbeb05	706929563cc2d633e526274054eba8108e24ac124d949b76315a80f4e14c9691	3e12d624b9b2484e5ed24e390a45e4abe7c40ef0843fe0e74e4a6807f5f76a10	798ff674ba81ccf4d438a9876c9d5f27b9b0a3f605ad30bd00224991b40bbeac	7868718f0bacc127b10e46766771dd557cdfc397386b8868792a05e72690d320
671	0dc69c6108457d02b5c9acf909b001969b73afef2d04b1945758b1cb1e2d0d2b	1e3c3b15a5485a308c328f940bcc1b0685c91a18b79bb461ecdb302afbec1646	24825dcc5db853360a9df35fcf46b11394dc78145d15d86397a3f178a9a9ee16	4646f517b624951f5abff373144a2bc1b6b50acfcd675122f5cd63b8e474175f	41eae2e1cd949e7f3396a7cd779ea3b19e85a250b86a098731ff9b61b8bef6f7	08c55419fc630a17ba486d84a8e5f13f1d3cdae843b8c871fbc340a1f7a3c8db
672	e969da7e4c44ace12beea1aaf6bb15456a64184916f292676e8236d349df575c	cb76ea9afb34997d00cba93159f72525731d146e7caeae672c8281a882b7746e	5312f697677423a58cbc7d0060ecb0e2b7a55a835891316ffcc69d367e087e6d	b24b33ea81f85b7b0aa16b5c92ec3f86542a73ed74dcbedd524170558afdb51c	0decbf205adcdf8be5fd77879e1f97fd35b2f3964b6657786488cb08bb09ad1b	e88cda21895a21bc091d86ed4474ff7ed4d89cd7cda800e25271ea5223e9028f
673	21bc53812e8da189b4c89e89e44283d20418d406baa52ec911f07bcfb1e3f677	0ada10b6f9be95d54ca9797c260e84dc3bff74ac6128d9257bc0a4f6f6d0105a	8c14590eb622b15fe24192657163b57e0c00fedcb7241d9bb5d9ae79b256ad46	2c832b432869cdacc53078c3a170c9e97914ce886770e5faaab91f1d135902f4	4114f09f37a748301fea5e5cdae8b15a79720b505608bc52bcdc2f5920193519	c1c3bd64159ab4f2688072cc46eb30f2ab6da7e0ee73fe0db2a920b4f81771bf
674	bac7c3bdb1b9c2f59f66c8ccc13b9bc9f55caae6674cea6b93a68e5995e6534e	14096b26b6e75d95a238e5e38b905bc0c0da63468d58e09b4be90a368258f916	89be791ef2a1c4993186f59291d9b4a494f7b0c98116440de2816224cd775bef	b9a780e05bcd508577d66214d4fce0913953a5f5929f3eff402cd60f296c225f	55b11d491989aa8ba306c7598c8643ebd4f9c38a9791620fb69f43c81e133c85	d53aabc5a9b0e98f8f05142e31030d8244b2f2af415f9440303353cb59fddf26
675	220c71be40651ff5a4a3e308209d72fb8d691df924d45074ef5054d39f28e05f	015572b9918988daa8655a25df335870ba6d79758b18ed060239eb0450fbaf8f	0de879d41d9357d3cd5dbd93a56641694a4e90a03cdeb8645d75492e268ab153	612250f26294b2e566e1059411808a2e886352cfc2b98bc362ebe697d4850fcc	9c4e7c135f6d4137218dc93b61574d12cd41017ac9662e6cfb181ea0d359700b	712de156e35be537c75af437358cfdae82352d80cc02cb375ffa507f39e5edc6
676	2eaacc974a40537eafd71405253c369f017b1f0c6bfe8793af0c16c15166a83f	6a0ef5a126d807bdce0805cc33e16638e62c2b28edf9a6381d705f713fa6641b	2451d1871494d44af72261d51aa8e0c04e5b9e6df45015f4e5e2dff53612ecf2	1512aba4ef2e02037d7e1e03c8c0847ee9b67b29b68fa9f3fad511230409a652	4201d453aa7f078f5fc89501c32ec26fd1b5349907587e689e52e3d9db905c23	5c8f796193216c52664f7e7df797606fb065051206acab68abfc20435ba61a7f
677	412f6ef141f15c95bbdf0cd6636962ad53068ae4f15deeb91e377b08b8f2e5b0	d500ed17800af9a5ae65670ea758c30e98ed28e3fc0dc4dda4e4710c36088ed2	8d5970e6756e72bded9a48f7caf1d3278e9931a0899754f592fb35a39a52419f	bad3692dce04973454998358931d5f198b78643f52c5605a7232288ea6892cc9	0870375bf9c736ece62963c0d7f7e592a81428ccf16e1616503bee3dee603123	779991f73fbbc70cae305c963b8d0125d2f8e4f66d51e048a44c3374cfb2cb02
678	1d98d2550b6a241f8332513b7de3bd795423c47e10cc01598a6a284e24e676dc	eef38442c6bf055eb955610f2e920a11297cdd134ecaa617d0d6a94b563cb280	d269f801223a8adf843d0ed217b2b833e5200a340e2fca79724f91daad716fb9	6912c81c6d082532cc23aa971e835d2d318e203f0491c4b49832275fc888adfe	87889e8be8c5cabe8ac99acca92d0bd8b652894b7f863ab733621ebd1743bca6	db1e95958b6ff8e342a8b113d722da571494fab0daf039a96b408ea58d77e52c
679	9d8d1a9d871e8665df80d2e2e6c23e45d580602f61e805dc6c32d86151db5dd3	65dd4549f81771e6f98a584d3f4bd7bd3979df8c7ffc36047317cf07e723b4c0	131fab7f5c1536161e6fc6f356efffa7bc5d2e2b7952866a83449646563eb1a4	42b4f8bc8033a9b59a20d362752776696533bbd3b3f02f147facbba04a482c35	cd1482be10ed5208e8d0b33f64da54eef82bac45c99edb52007b766516fec279	55a8e561dd36071282ff1293e9ce9ba77634c0fd1dd45270632b2fa912780cd2
680	63cebb6b1e924c2e4792828cb162d85ecd78fef6a312c516ea78db73715805e1	da3a712c848289f8d336070d30123ead1f6c9315c9361c18107f02fb071ff7d9	a048fc427b7b151945872e38e00f52f270054172521f8b48e440160f98412fee	b66c574b2aca38b07cfa468bca0aa98806ae9b35c2a12e44a66f6fb0248c2e8a	0a632ef4643b74a682c0ff6e2fc533c0fc0232fd251fe7f3a7da6e4c9b3ef111	e02174b57b8eeaf1eecd67fa007b3900392a4f35c4e425ade1118c58444b9386
681	3862398c02031b73d1785361b9cdb5bc4d49a041a27db17e2b88d48864b20272	e5267eaf7e84b3717eecc60f36dc39e9e2747e698d675cb1a2ce6c670cdf2078	576d05188fa4d501d031c79cf15f6c29b4dfe1650c2cf9f160d2b8b6fa7cbea4	7cc689b94e4694bbc38c9391800a48bbde6168ae1271ce2d84d49a71e690f996	477bdb6c08d0a09f8727487f173c54aa99ce51e8cc34232f925937693a8b3ba0	860d36c495ed2237a8e8aff738609ff7bc2f7e507972e1f6e9bc5efd22f83af8
682	b860f4ca816540d1028a926483954a62214df22b14b3857c1472e8f3d8f5b641	544ec5bceb4152e09301a7010e57bf3713e7824d1da23385d3d8e0ef3e95dbc0	7cd133ca2e6bc21c81d03d6d450baa2682e47fbd688b57750548e6c504b92c44	8b98d84ee48a1270da0ab946e4a9a19b019e8e8a6a36d0956bd1d574243afbef	800f382d9b5002302ef1fadfdbb05da59fef1a0aa1be49b9752e70ad0a8494a8	5fbd0d28d5d16e9102f5eab8516114021818c5a2d94ce028c06f6fc25e1ef564
683	4fc73fdbbae27e8eb963f39bdd1446308c7d64dbc970bd573844db3d54ea0909	91c79e8603e54acb44845c8c5fe7c4c8b90cc36cb1c539663fa250da96dd119a	3e8940c1261936db1546a1503a9d7d262d5b7122fec72f85ed4ab8f132a8069a	fef03cb6baa217e313e162712e557599add924f4a7bd706edbaaa9260f5b7f5e	c9a428dede559c0f27aa5d4f836605174b4e6ce03a11e6f5ff0d65c1a03bf195	5ba7961290d901b88957637b9ac68840a8a7ae466c1ae4c70bae2902484e8830
684	eeee1513fbef92a2f2de70a55ba733762d3dbdb3625324c9d6be91d514cf5eb1	237b01121b284a694bb1bd5c8f3284d6e1eb9b0356aa6a24eebb4d4341132be8	a4662274b0f1b85a395c5607259744de54c2be2bcf6f940a606c99c91ec4747f	175bd37c65624b9d554552458ff5d0014c07b2742a26a555e6bc8c9e9bfe55ca	fadd201a5ff4968cd6647ee689174f507dcd3fd14164397d5dafd971886cf40e	b31e72a902a46513f100257002b158b5857c4fd89ae590732ecefec4b3bf4aec
685	e947cbbbc5982c1d5c44357b915def9948493dbc1aeb1a56c211a6eed46a8757	e2b1d59608128c6037ac4dce76c02f5ef0c8d2216d9f2c6ea76fa4226d25ca51	89356cfa5c326b3913e762d7e6fcbf6601d8311f9e1e2d884a0fca3fd2d8753e	e5a06ab5579704868610bad6d6924207b27a8e274f6e2865475c82a88d526945	28dede94c4fe9378fbf18672722b229310c1a4344a9e181608a19ab769189d56	cedda38b6668abc43ed3ddc09e7f9d93512509f82fba660d74b042ecdd9096fe
686	6f9a0120ca85e0f6709e2006647c2c12e13ac0a6a894a64eb5141acfae33ddc3	994e44e06ed16936879e0a9f5e9595c8f34a87aa0bdd5ac612912be61bba80e9	b2ff91600903d253302fb97b190476601ff071e38d506f151e72cb84fee93250	a7fcbe78337557bf426f3bbbc81b04eb079a0b7dac7ff9889591648785b9a64b	9b36f40592bb11bfbd6bddfdc08c77b448e64cd0aa4a91c02e39237d7b83ac51	e3563e8818fd80dd6cc5d953f7957e872e22d3989b099d91f386601b36906085
687	1fbd1d3f3eac2c4030e47402535d7878162bcc0771a56362d01af2f880d3e640	1547b9a9b8d9e7c109eec775dbe308b6f68c33ab3782788d8259deba4748de9f	0b51c5a29e1470b9e78fae153012297d39749d9982e6e82ff1f544280603419e	61a62103042d6d8d6c2de11221487c56d11c5b766eedde62384897ba043df90b	b5e62e64c52f324fe4afa7f6fcaa85711427bf92adcdde8f65e8b92f142389fb	9da43a5925dd284d9b0041633381e736cf9b8cbc7b27319c15cca85b4d36b90d
688	366dc210cc00ed5d40fad57c7af80210288c68021db5a1989431a00eb3b2008f	c9ec7fa23e7d22887a60b7a61c5258d585f49ff0b986706e19defc175ca5aea0	f78ea0761510847e8ca0026c9c7c73764619321721d155d951a97ddf7ee89e9c	2e89a5cc3b06c0d1fcda8c3e20a08a229d0538ac80e49be4328adb19acb4586d	b651a21da557dd932c90a8d2b67bb8ee7f98f1d1cc4fb9fb585221dafeab8dd5	85ed6639615e1ecc2c42faf7abe63bd8df8e4a30a65579145fb247c4a0c07b2c
689	d32c7f5778016a4a87912c2a28a5894eb6eb4c1da81b15ef2ad259c1b6acd5f2	1c66b7880e70c518a57cf995ce6a3f5a24f32fdde15218859e337ea65bf3dc1f	bb1bc8e59b3a9bc98781e608501b48a759f1eb0bcabd75a4d631e8fe784e454d	9d40779d99c4c7846b4abd3754bb46236c332249898e3614daa7fd7d8ec4ce09	dfc88fc8c86e96d134d437510e3a370ea62f9fa157e97b3a44144bbf88525c25	5e2ddddb7c0a31ed0e58669bff97f22c2d28215e4278b9a6cdeb6eeee1b9a2d4
690	56c1c85c4873d6a43d4d7415f1747996b221abc72c1fb274865da83e5f4cb5dc	a8d42ce06d4fe47d21bba177fb73e12850bc4eda492f359ee0d1c6b3811f0eb4	927faa592419b4beffb636f51a3a271b57fdb547eaa3978c6efb40236aa79683	a662ae7757c7b2df6b3316d291bda33d753fd0e26713dcb68027d27d61d4be73	72f7ea76ae45b875f4aa0803756b110d536aeb296ea9d089e4e10daabc54361a	dc5b5ee74bf7ec15133cb28f688f113455200a18fb37ccccf63e4025174aa8e0
691	6a788ee3bf57a1587f8585a6f211a5e2ca0b087642192a131a86a8e37b955709	2b9d6235c3968de147ea52615dfbd61077b59e218068445efbfc192ca652b551	59f7c9e86ea4016157437501ef311db7926e918c09f29a22c2b9448fcdedb440	36423f42b2c900091b5df61fe2ce8b3880f63064dc306a81466378eec9e2eb56	3d1558b20cfcbc75b8022b352453ee66e156f03328201b46f057c47ff43b4468	13ac0cba16a84e91a8dd382f493b194002ecf546f76a98cdabf675ceda9b1a16
692	2dfde46df3ed047942a689e082a5280c0eff4d21bdb5dc3a4300216c11576621	c9a6f6b1c72176bce820cdcc67db85caab036bc7a85d385c3ce149bcdf44a9c1	7712f2eece1bcb6a6704b5cac550e0811a79f1c47f0a57cf8aa7106e5d7dcddc	9569a360aa7d766a38df5d45e645a886759f6d3956586fd14fa36bb5d5ccbd32	8e9a0bc06ab522f88c1a5e9af8041e880059bcc229291f4bcde8aa868aee17bd	b754edfbef2c4322e7185da3472258434d3539e8f46ed7ac401130283b681133
693	9bac30adb34828cae2778d52672775d46f913f9c66622eb67c0258f6018bf4f8	21c006649d4f4c7eaa4183d3ae3afb6e35393b928255a3baa4d981ed1ba73910	38a6bbe2d1e20becdaa320dc84251b5335a59a604b227025ba07fc1af283e718	c2845695125c6f0d9de3119372e67b4767198d7e195da94b411965d8d781da97	d261d5cd77a08a1ced36f1a3346b9ba07d49217125bf5d6b5c575dd7b6bfd9ce	e74f002235646123f781438fa400d18933410fc4854adbdae96c35ea6d90506b
694	7872753735c10238dfe172b3678e5dca5a82194f593cfc552301d055218e30c2	17cd7f71ae8333e9bccba8cf016e54750e76636287a88621a8638bf22d535b0f	fe55bcb5faf67632af690714c4fb3564a936ead7462c8b7b4008ce11987b3122	b5bc4a0fa9a530ad7410f39a27210e54183cb9ceb42911f8459568cfe5bb9c31	16c2e651e3384e4f2adafda59740fd231852380950712be8dad2c5705ac73f27	5c3bbefc24d5155e32ce72233b5a6e5c91f46b87dc9a6abbf778238f546ec4fc
695	b14bba74828b40c25dd576cc327f9ace66ad002f4c96f524a428b9601d630cfd	3ee2aff2a529395bec62417ff9cd1f8623a5b419bebc76d7e50981fdbe5e18bc	9bdd170e5e093d61afced3d9d1411e70faceed20cdfe200a99ab56e0807c1062	beeceec3478c6d7f806b459bc6ae874b37893a72b13b950deea957e80ca307a9	ad3781c93e42ecf6c61e7d75f84730de61cf0ee88e771d76ab0170661c56bce8	4e707c0e36a0d2c10330edda94700066dbd697276de9b4b0c652a4e0ee166b8d
696	b56eeeb33b32e9bc634ff26c41c9a07bcf3291aff63633303f14186d115c966a	14033eb994377574faf2c68dc411f40704a941cd8c4adfe8ec53ba460e2ae7f5	30bc5c9745424c2eeb3a1329b9a1ba838b57d9978327cf705a6342f9704ed06d	ce300b5838b701c334fec3342a6c88e8b51a377559e64bee3010db53a0664fa4	65f8410fb2b46d3d139d1b1d7df6525a7876ba464e9a59f55685997f10b9ba60	1c945104d0f4b59f98e1c703c79afb5fc2ec6e6b09a59486829bb2c293636e34
697	8dbe6f97985b028050acb1b19a8585ba9880c67d7d2f252f3c124e6759c5d357	44ee242ad9530e64c9f9a7993b9ae5f724db0d7be5e5f86bc0a7575d2734f988	b11af7966d52508c46084df1973ce5c2683c0b8bb776cf9e53cb2769cb968acd	49a1b3303dcbf2d91f2daacda569493a59e7fcafcc74524124aff961f392533e	d2869318af8c0066d2e7997fcc9f13f8fb316fba20d3c50048055ccea115518d	68003fc92c53bb94bd0b937cac37526fd03b2a28b23460e6624223c4c7844023
698	f86a8350f64607e109589b5b674a58b111f5b4663f8b643a1963fc4ef804a06d	84d93dbce64bf0a0c43447f93ae2dd4f9dfc57798ce46b70724448559ef7cb09	74ac09228a28956f31b2acc0d8a5de675a2b04bbd57b92341ad952c8f8f94502	6b22ad798886ff2f5545a3aab8bcaaa80395daf5578e014a6a5eebecf6f52d0b	926a405f524c1919a33890bb5d8d77297d0f0c5005be841e828a1cc01f61d3be	e97111a2ae090463cb3767af528633d296612f769e95b5a1c10368a6432aaaa1
699	fc3be75fea54841538c0d095ec9ee0e21b227d5b16d6cd6bc26918d5662de109	5f002a2844fcd8903d5f736a13fdfa925705a7a1c041ed3f5aba0e1a66c9bc90	bc3b1ed62e4710660efa637b720cb6cba537883625be18968764c0cd65294a13	eb2b8c2ddedfdf3d528ed102865921cb730dc90c4c4a4901548eb55b778998ea	ececc6a55c5ff040dd286ec1cc9633c73308ff1db149363bb7fd2d4aa85f38e8	94806a09c2fc8ebcb1844233d8231006fab4386bab878f765525d03dcdb29073
700	b523cab23b59d048b3b66432deacb58e16a47ac75f519cb6eaa32c0341a1807d	f370d54b04a385718ff3c861f0ee11a64c34549672efc78effeab113a633c9d4	be7d11ab7034a018dd1c083688491a7ae93c74ce450036f3c2fdc06ab869ded5	685967c523eeb34278813056943c50dfff272ab8a919902b29b18a11398a6e69	abb05e9949a313387a418f06b6b3d91552b080837f220e52c337495220b83a3c	5b53e5cdb8671b45902422855d221f6f2cfdedd1d43ec6818a45c2dcde422411
701	2a6c2334996e567e3cb0931f35b92f594b196b608c937fb2974221b381040f15	8d0240aeeb9b3e40a18e33fc1a54d1aec86c89c567b30dd2529d325d88264486	f1f00329ab3b893d3c08c1f420994dc364e74b0942810383f1cc249a4acc06a9	729c68e205004e4e05a40f120bed45f7373d1f5fd6bcb3a67a6c6a1a0bd91c81	bfe01c7679688f20333640a36493d7a259dc6f894a09cd3d9729fff567319b6e	fb13fae8b43079549b0c009348ecf07cef827cd4b7917961a6c678c77d17dd2b
702	dbeea8bb0a59078e0d737c27cb35e90153cb15f9443168faacfea031bf2543ef	de2f36d197e7e72b1e3f9ebeb2840da98e76d37f55d936c28f494e83055cdc06	99cedeb8989b1944ae75edfe8051b984bf2a0e149e3a7a8da8842cbd97a09fa3	c355ac4552d453e615094dd99da9e82a9286ae350369a39a4d1d062ae1cf04a2	94da5cb874b792abc743c18e5a4e110d40a6dd99c4d77e28b22ee0f0aa494375	1584aa7fd56b6620670f4602407262b5223d10122146a052025ffbe8b77c0c4a
703	53e2d2aad69c225899cb968bb1fbbf6e73bfebed35bc73807bc8163ee4b5ac55	59e549f64091bb5915505e52d920a245eef977128568d3e92b97618561a86f0b	36062caaef4cdc837b88e1fbccf57a1c3243aadd7883728cbc85c2b17c275b31	61c06b2e7405827dd895235ea94b6507ece5d2dcb7126c3544755ad7635800b1	6d0938d50ab5eef16577201326410da9ecc13dd891bad3aa32fc7fa2bca800bd	9ac8dd56ebf2a315a4736214ab64664f080b4ab935fc76420f65b8a496213e6d
704	6f0f56696fc18f39d4001767221e4002f3c30560be36b2fd2c9d3c9ef48bad0e	9fde00c636c633cb4e4dcc9610a8c6fff782e9a68a435f4fce01d20c87cfa1cc	81fabbc2f905633a58e476079eed50e2d80ac1ab86601ed14171a3cb4a7db741	e20230f659735b513ec00b5e52c76bcdecec1efe37040bc86ab3c5a1d752c8c5	e0994fef619a6753f32f379542119e5b8bd851778d35fbca99ddcd8b7a64c2e8	e852fea4ac28ab7418d0b8a3f5423b8440661d7bde5d7d8a8d6f5f6a6d285de4
705	ee6596d98883a0da43bcd3294c6ad4d41d6b3621c415bb1805fdc533543aacd4	a5f5d3e3988eb7476fbd69facf00b54aba56628a4bda8c4bd4b740f0a6f8ac05	a50d9ca7257a6deade3a2d5d84d97f640c03f16a13999a04cdae363f71370e83	f8c0527dfb9c0302dc2736d0b1c8ef50e29c8a33538d03943d6259f311e2ce96	3e1a1b2370192bcd4d9b9ca0407bedfa4aa47c69f3168711513b598482d8d794	0ab85835bfc7d3dc906371db3e03ddd8a9e467da4393b78376a94af9cff0ecc3
706	19f8f5535944f62564aa5bc205e4caa9128d915d533e80efef2099b469d709b8	8a9fd65791f354aac368cd764179bc3ebd11064f519a408c94f0e8c0e9d692eb	d9922648fe8b12d7531d922736381ae39e7befe6d2fb7cdfb900f7c739f07941	b495239d4f8ac56270a2148ad5119214b645186fc69ce6ba9566d08dbaec900e	044bda46a0a9e5ae2d81ce935d7af2ccb191d41314f7b11b99d8f0fbc27d2fa5	88d54555ae3c85c10b9b14a4d9e322b84559cfddf1df763c63896d63f3c5a334
707	1de3441700e6d04dc2b69e07956006c789017ba43ee70946a6d6a7d0e70145e5	1b1850ddc821356716f4b95b62c3572ffdc7eb0bd6ddc6e0d7463087b82d8822	42611d89dc1879097222b57b570afacba649822e2223e63031c77e838afe8659	37d30f1252058d75c76a95764cca52b713604791e42cc477c1c57575dd814081	17b91e95587cf0335dec3d9cd1024f8e130477378cbe6f22f23e6f1dfc2ae52c	b41e05d5efef1b7c87afa861e39889d26da94a6e7ba80d554be67ecaa536103f
708	cf401981f20e207465257b4ceb8e04e8002978901db32449ef49595587ae6b9e	76a41c7a6405cfe23b263e7b7a4232d0af05b0070b1db513e3ef285c31f13c98	ca0f21d0df8dc4bb45edae51cb6b34c5f88a0bf16ac4ce48a25b772a57fb29d5	e7b18275e69674231002c609262576d0aefdfe624a0351af878304ec5c0d7a7c	9fe282f9667ae8b60ca673866362a6d393f3d7e0816f656ac635fe4321da33d6	0e64a2f077ade6ed48403095519d8071a778e6870cb9a4a5dbf8123cf26d6bab
709	965eee2a209b707f2bead9d42edba49219292f9a101c42f50e9652a1cab3152e	62f8cf0a7cdb945ff96f89f64eb4fde55d0a2f50b0ca0c4b4e38c3f57aaba961	cf8b0dced2e02b8568abab552432c5a9fdb9a88a44722f68aa86ef59c5b409a8	df22e04aadd82628233bbc8eb7bc914af526043a72c6ec8ba3ce748bcc317ff4	d69af1fc7967305e6add7779e91a6ff8563c705b73c6bc3a1ed050f5f7a8c5aa	fc4308f2cb0af3ebb854c5dab93a2e9bccf74ac57a9dd24616c9810b14a81776
710	02d637fdc163bdd621551ebb8a335db646feccbd5829ce8366336d96104326be	e08cd4eec322a72df56dd4624335848fda9a372ae8120ce0bd4de47c4c58bf38	82578960ca2b93698f3b5a6e56c75e25204800fe74217ec781e7ae293baa7f55	2615420e50dec48e0ec4c5ddd49763a2402cb89c68f0a08d0371eca377420f73	7e8f5ee5fb7ff9d006d5e0691347ece7828dc0ae7d110d19b77648c8fc488ae6	e0208e808d556fe435a57578ba2118fcd8d610a8a1e127f7c24067e15f66750c
711	9584aa9bdb506fcf6928f52264c67551eccce8f18c6e11c588df53f5621aca69	4a9ca275e15fde4de548f1323e10f6a3d07a816055a6144d80150badba2ae2c9	d6ca3bbcd633ea947461b95fcb978e0199471417516e7ac336d0a585f7828e12	5d6554308494beefff72e74d4d740d034001e2b3329d2c86072d107bee1a932f	87fe7fb302ae531199cb4bde46b7a6b93ce5edf65f18b12cbd9085dcb2554e0b	1ea7afbf3d4e93084c1666626114e0d5d7e7e338e02007dff9c866f6d096bb67
712	97c8eede7f855e96be406f34f064aa34ee7e1b3f005dead448fac83d62b91edd	100876802a799fab88d4bf6db419c03cfd434591b4fe18683c59780d1d27128c	9fdecbdc736e33b7ae8dd734d7456593d6c3f28a04fde274a6a58aeb1e7f6af9	cbd2d5667ff0d837625398879cfaa8dd560335c08c922352124a2e56d9abadff	dd750528797a7214e92c2cac887e55a61468cd5f05fe72d54076802a15b92d0b	fe4c29fd6b0f2678939f36cd656ee8651fadbd5ceb702174ed86d9a98e4dad34
713	9cb6715d278ecadceab11e851d21e0dc4f7a0af8715f59f2f93502c518122350	94ea5adb92d9b7b7764e9e0fa2a08f386f19674da84ec2e4cc5270acc61e0005	86d32248446b01d33eddba959fa51da6fa822d48faba023bf192a9818ca8d272	1705442ee8c05a0e247571b8459e2ff3ea678a484dd1a902d05edbdfd04993f8	443c9dd9f1767c54e39e3f13204404d05416d2cd276c7b369a25ae5a037b4660	881963cb27775619e3e08ff7be92f451f91bebda37282879e294f19955bd1da8
714	f50751f2346db48285ae4b60e0239db85bb09280f1f335d41c9c4fef16d356e0	a764613ce9bc1efb027bfa841f2d488af676695d4fc5eae55f70a5516937a84d	b2594fcf2bebf5ab265e62df2909d40fe6f80647cca2a47658bed4469012e254	2404b80ac27ee868cb9e1d2c121e91e49aa55c297f5e488c518eb4e575776a16	903f831e448f5e25002ed80cd220452e5976e80295cb8299917c43c45fa52acb	4802114e0cfe73f328c97eff1d6ab56f4932f971388de8990cfc8282d68a2644
715	ace768f2823a422263d31f98dbdff5ae6a050336b035150a9affa8ebd9aee9b0	2c8215a8f92dad2597224b306a81520c1adf6894ebe245c72a4572801a0d59cb	d6bee1232cb4f824fde04614dd9f4bbcaac6654676e43854dc46f039a9d03ce5	7d48adb2cc2943667e65c20e2c55b9f64f6b8b60e0b67b9bfd770b3a928cc760	a68ef97759976540eab98af1fa1a3f4777c7bef153064367c36d91b6cf2d2352	885d082a567fc76a615e2d1b8d1a877fafc36f06008cf0f6c41ce08cccf00562
716	53d6469a074802d9f80a06bd75508bb72f60ecedb76d3f4b0fb9c7aad21a820e	fbaf38b2f40559ccf13ad3c110095a3feed1b349ecaac989ec1b72c857411a78	c8f00ac397f2119505acabe333b07d9acb55e641c9336caaafba55f781e4399b	4d9e2f716568bd0446c632754812de150fc65902eabf506b72e5a88ad7c74094	ef0a9a6a0725629b2a3dbe084a4a30d60de18b7a4f4fdd2a361ff9923a274e57	17da98deffa0d23a59402fe0e7d4994ddab759f46677dada8e7b7385a596dd3b
717	1cb43d48217f2138aa98942f0063f3607b2968d39c17d5c08e018494c356e2ec	e297f1104c96666aa1aa975dae6267e95f128296e2640d9c35bda03bd8e8949a	b797e9260ee76b80d9506e8c4869dfbbc513cdca7f0ae8afb6dabb7a71b7b357	369e2733a96ed3a2464b0f6efd8484faf349fe3d0303c7c0076463168bfcc4c9	99a897527e03b0aea7c49234f0874d03b02e4ac5da4e98a2d04f0eb0eff918b6	8cd9e76f52837e0958eb14a114d1fd3aaa2f8c20f99a7b31ee224dbdc6f50e6d
718	07c0db53d189eb6eef5c939a9f3d37552027d94e7f9e2f7339e17ec15a12bcc3	13feee6e23205819c95196f35fce2d218ac1dc2814ba04eaf254be208736a2b1	47ba8d438867249e0c13151b93992d614fc8a2a53526bf1bc3bbe988ade23287	f410e8e40b9751e37fa918df03d30e2b5520a7e3fed5d94f91ba17c9d7b8c0f9	370e27123fb58c869900e041cff77edaf93fbdc7db9c834093d0cbe9427adb99	1c8ab9e4f6b97d60ed7677d38be848b0479e6831d053ae771d6caa975eb3cfab
719	e90c6227bf9e93baca00fcce6da7bfe35c3f7ba7694cec4c38fc9f0994979103	01317ff4da08ad196bf610a01761289cc6265a8abb37e14c22b34b3670eb3f63	9d56863e1cff07484f2364bb4dcdbf4db312c2f852e20cd3e1a9ccfe29f9f0ca	31a0ba3851b47ab71dadf874267fb2a3414075e87430ce94d41928658adee397	71514d4942a301268d9f715172b3e4ba082ff5661dce85582e0fe5036ee5abf3	8a1c01b6e261b00f5518dd346acf2aa635df10b6214025dd2bfe04835627c170
720	c3037a3e3cf624551ea360306040139e565758a28911b059a7a5acf0dd088be7	12ccc69b3f827be7d5868d9cd096bff8eecd6a560e2d0fd85fbc2eff039744b9	fbb198658a4c2e9d1d0523d0f45308949ce19d880cfc87bb326ac684d6c6b388	d38b2cd2e442a00d0711d62d6180955575cb494fbff51316255849e92dbf20ac	02cbd12f3c5216d4e48e5427b1e210544b8e84890b816de1027f71d6a4cca854	95e15ae0f4920b4fea11532e467ae40f3231141d67ee8e57feb65d5ab03cac63
721	aedf341ff97e609172d93b7959a79ea245e0d27de00274881ef8a10ae22c891b	aa2eb0b032a5f69d79b7e52e956cc581f1bc0c82bc18ffee5d30a383dc6bedef	666103e6a70302a4ed78354940aca3b79a14fcc0813b7947a97ad3323385e291	577a91634bfce5e339fa90776e4fa7b6ad8617dad598d494ee408b95bf5fbefd	2f065c4e005ffda9969f0577fbf4cf598c5fffb5dc4ac3b5e24ac6c17340e5e3	b1be1f650d23d07464a2cb87cc922732608810bb18a1a9f88e3386484626283c
722	6fd2f3b2d74885cdbf087c2f733b0d58a20def942e58e6bfb4d7d376a14077c3	bc31ef3d797200bb3d77d247b020d070cd4a90afeda211da4c136a1a6111b499	b5775d85f90b07d0f96988dd30e3911646046ee25caf7f4ab27caefad16d249b	1f2bf94435d9fb0dff0f97ff20ef5ae8f5ec6ca079e2b0c77fbf7ba58775f609	28ba6214dc005a6ef5617e5b58e20b2511a90bc8615c6a5b2495154653199050	8f6d4244cf7d05af999538dfaba47d8c70679f37c2780494d44e8242a5b7bcb6
723	afa1a1e2943e5f361e35ea189e0ad14a4e6c7abdea395dd058d620942542bab2	734c75f6f67d7118cc4e22eb5fc0522e0e41c6c67e5621493be79eec369ee7a9	8ba08dc9b6c87b2e4db20e964f9f6aca868a47f4aa95856cc96260965e754a89	a64570f854fa2364197874faafc7911a7b9e95090c9d6cf7ec2c8d14fac6a019	88a48cceb091bbf89f10c12dd728b01ebd91f46c0b1120fedae11999514e9811	41d6cefe1c8da16abce324ce8b6c365fc60d04dcdac8be69d9f8cb2d4b7f3597
724	1925c6154968a3a948b20f2c97d6e80999239de6deb6e433c9c4da054a1fde45	fc56fbd0502702cc47a2157ec7d8c893d197e38ef6c763db85770c887d42d9ad	05b99c0cf3c198c95c7f1fdd2cc2b0c1b5ac5b0754449a2a240b3f870df3bf80	c5f32d4ed0ebcec35a380aedda7b975b5860fb594a8630590ccdb8ba707c8f7a	53017a4e172da2daf4199c40174ea81948d78a7e2e409441055020b66d08f841	d3769d5ac444704b9500a92f73b5b358cd8848004f2011cdf18fff728643f3e9
725	b8c56e0c270a778b3136711faa81547fe5a210e22795bed7e6c1fb19dbc989a5	45ca7e3daa6277c8ba4e3672783241ddaf9428b4fd053c8c85537b62e328ee3d	4dcd316fe7817b65eeeb7b47709aa8e7055b558f98273738b2b7cb411368876d	647780b632d1f82cb7c2d749d4710a8ed28b87249b2e86bf73c365a3eca0799d	c0bfe486bc442cee47dccad59002ebf09efadcdb8561bba5981e87b1095070e4	7718e6cde72354746f6f3ed5fc2dcfc8c490f2d9c809f363750d440e462d5448
726	d8a87d5c51cc8810c1f20bce9fc033ddfd218e2019e055ec2cb9d509d6db6927	3d78cb45eb5282e2967cd82ff0bb162e71953ff68428ab4ac9ef715b7a0564e7	8748a918b3df7cfc9dc90bbc70e9be989f5a1f19098ce6268d766362f50dea32	03bb5291e31a5b8560b96b6d7af21830ba5fe8fead438f3247e74184bccfb08f	da00e96a3ebac729a11da7674570fb4bd26e47afa795b5b9e4358c9bba27297e	68e9092a4538ad8f18f3b7707c269011cd9176b0ed94198c6f85b51a4eab3fc1
727	eec48d7d73f72c277ad69512eb062b320f23000ef94772a45016780d80e2e968	8cdd4b84aa88aa58f8cfbc1272ae4142cc11e249e73c1152d02dab1361e5c415	0be4ed390c838af0d985272ff34d910d064fe2092295de78b8aa673dbf1bfeae	49e5895c053d51b07cbc1132c312419e6536fb07009ae78d46c8a6f66e5fae60	e1d1934b84724cd02454eee807c40d46f1d5e2d16e9955c9528dd343060f9c51	33ef23a67f0e62c30f99c315b435421d60c8a3d4f15c1733e17487edf8a5df9d
728	8ec545a0a655434e114a0a3fe8229f74b70d6e48cabc6a8afedcbf565c0093d2	ee5dba4e12c78281177f3ba7eb4ecdf40888e22ec52a6a33f3febb77ed184242	290b5ac27b985aaacc75762b92dee56e7df74206593bf0efd3ce65c3869b71e8	320924298f398a1ed054a43546150e85d55e69c9f77ce58aa84492656a9eaf52	cb0853fdcd503cc24fe5f7568631917c849edba56d8b089fc05ff08619a71a46	d40f897cb9f736722ddfe229ba09791ff1ae9de976508c546f5566a7d07336e9
729	a355458c95f6fe112d6de5fcc07e7012dd5e1ca89523c20685d3157fa8349578	8bea9a055ad6474a529e6bea07b038609432b11ba9cc148db4ec285822af8927	bf267bb277d14a8214a98984e1fc606f2aec17463f27ef17123a9bee8989eb2d	375e38e90bcb1e39898b53eea9c51c09bc17509fd6b363ae1a2dd9946e5811a0	e624dc5789b00175a4c9b8a94461350e4ccb235282851b99508387b49bf22c75	33b87ba9547aaa7052afcb93d5443e6d828d6106475e8a349ce4f5635670d89a
730	db6dd98fa687ef7409b72edb69aad624021901335ef31be50b2fd2a0014026d5	c0e68f477936775275c350891aafebeeafe7bc196502b373a43542c63b88e30d	b76f7a4ac8fa449b9f1fddcd4fd9933df70159dbba057a361cc4da1a2ea9319a	de5862517a43188897685fd6dd8bd9aad235049c564fb81c9ed4d49e0fcbd463	fa9e441c3aec029765445b8cfd98aef00acd803ba734d69fdc4b334eaf169229	c0a7509a15c14a4f4269054af7f3d276bf4340af473192cafa50de8ea45d59a3
731	9d79a32c35b02d4e0a15beb6dc8b900e2316d8aefe4ada0960c010ccc125b057	87f0b23f987689a4e74f5101d688cee5b61aebbf46e237dac88241f77d7652c0	a9c4c13586e969f5d52cf1c2232f1d480badc6182f1670f8f671d17956f8ab2e	01a37234a1a031ef6497603d18ec13caa72be771166a1044d76e947a0fabdc65	6a8f4a113dfc2331a3ba67389937b8e831c1d77d7884c7b7e406a40e48dee4b1	74d0379ff47d295a4fc3e35c322005d0660156274d92df65220475710ed8b546
732	712e5d695fca88fc7d5c496105bbb753db846400d471cd0713a4218946aab381	5abbc5a65acca4c8b3763738955283d6f7f725b5c240c1c6114f09535b93aa42	8e24c274e9990710f150bbfcb50cd600038827ace09c8ea8346a95246a741b5d	db66160bc063c3902f60221bb6234879b9e8960d2e7935b84e08a54ccd20340e	65410cb87adcebade921f8c9018e278388602ca91911e512c08b7912abb2c25f	ad09ccb5182549b617aa63d63e8f60224d57916e38e68efffa253ca99094a56a
733	28e56f6e4ed05465d6cc9cea0fcd4af7f1208beb6da13d1e14292627899a577b	7dd308929f86cf8b7bd07f576af1669260e0220b6f85df88d7a0581eefea9486	e1af3cb3520773e67cb6743660a8f75bd9a116b88653a0d8b4cffce0d71d2358	124762e75013bb7f152b742ad27a9f4fb21425156a86c52f22096f02661a9c99	6a92185a369f21f24995ea8af60fe84799eb8e4ddc82be56fa6be6c5d62d4dcf	2d3801a571f767e18764eab75f09b163f0faf2ab6482612cc1336bc9e61da857
734	639c4aa9f9605c981a6a12ceb501faf091783fca15285dbe75da6be261f9a97b	a315add01699aa1b2392fffc5bc01e8867a3201911abe3978eb54b5e8c2b1881	b185438d1975433c3754ff3df7c0c374d02b5f9763f5c4f092eb24de85b93781	b77758474225464ff799056531d8dfab366ed60a3a066f93fb3ff118d5f498d4	fcac52daa5cbff1446dbbb354c5253969e409d7072dac4928f0eb23c939e266c	afedc0ffcd74e3bb717052306552de65923d6f7bd0350637d2bd700050444412
735	77beea520a0fe39ad387d90d09c7525bbb1d7d006fd9f7518f901c7a7a86ae4d	842749d824d98b28212cd859818022c63ccf02d375d3b3caa7343eb222603724	35b3f1b201cf2c36eb0509c28a2747454840d45288805215dabf479265457d19	50690a741f25a58efdcf74c16fc2ab6b23c39bddc1e9f642cb6aad72a8647b5a	5260ba3b3de332c75e5b360f2fc24255be4d090d800edbd2ac05ce0c3eea6ecb	9ce140ba865276ee945c464fcaa51d42c5eaf8a4311f9b4bc01a5365d30b7d09
736	eb13468bfa5ea2b1b9eef31bac6b64db036a418afc4b112842267558e2b85040	b51dee011493ad58258d4158bffde7525571cdcc195449be72720beaa0dbdcbd	989b818b573e0eda15a92fd9d1d15b7f04b8e091aa4f97dc83556715f18f621f	c379281149cf181e20b7bddd00281ebe77d9ad4dcbdde75b245fd76a540bfcad	e020912235b13d497a39bb865ab89bf4021a173c956c1156c1a8c8c02253e7d9	eab10ad426a445456099950df71bfd706c72bc7b84aa25e488b6e9b31911efdb
737	8f81f8089157521a46e5c44c5723d9f62dc4b1ccbdafab40f0ff621dac19321e	ce6147bb24167bf2a09624cfbd3da551fc02142b84b9c3e74b408b86a0d330bc	9a32f47af156eba2342eff7724ebb912fc1c524eb205e08921fce05c561e0f85	d828684cc07d241751bdbd8c8f838ff9edd0cb2b1b406ffb442a3b266a92e6c1	7febba731eb887a8eafe46ea3b1490dfb00cdbecab9e623938dba68dc248f49f	d70cbd4000b2a9d4792349c2124668a7cfdc9014bdfb9abf5f0a1d16e9f9dbb2
738	0e671617ae719b4e20ec02d73116451c00c9e578a314e472bc59510fbfd109c9	cb3926062c6629b5e3817607f59ff31395ad2be928d76dc694c84e1a342042c8	49f031a78c0270841fe9b9aebce1bbcf122515135ae31a8889e559dda696ab74	f33f1d17db1c36b4c48387e40be6c8fc63bd6867bfb9efbec992af88ed4644dc	63e6b5c00f98b47a3d158fccb3fb166c3d0fe7bb58a3d2f3b6c9a5fb6b83ce93	e0286eb80445089f33af0af0d9c428b12791cbf6b5f37e5d3052b3cc5addd0b7
739	7b78c0400c8d69ee78804e10e298c61b9c0a1662ffc843a24a2c3177449aaa8f	48ab5ecb27e6e8357fd7aa38bc4b441e21c9298156cb7b4f9deaaa23a30a832c	0dd1e8f66e1395245cd934401d637a9d59a9a3595d520951c84cd6b119dbf563	a2c7105f99362d16fa4fa4377e31a12a0bbb8507a9e5da9f93fdf5b36fe4fec0	8eff453c3a0fa48996dbe6f2fee1255d7e5a1a236da7ed75f9236bada52a865d	73e5d011d62cef6b143af8880e042c5f07d8f1413e8c7718c133d9ffc236c0b8
740	a5144217970a37eb39bfec0df25902a15cf102ca57e0103807faf4219d1f2bff	1470ee60fd011fe2fce12263056ca9d4281e844ee081f0dec2db076d50c90071	14fa05353992ddc2d62fb18999cb62a1590342ed922d1ab15b943cd83d6e9769	b6690eab61c17ca81e1e33f4cfc4b7fa094da404670eea2f56a07bf2a03c11ab	fc195bd9dc6980b8a82ffe17088d0458ceaf841138b351f8ce264745bc602159	077b048e9ade1a8e621083285cf5668613cec170f4a7878db10211554fc72841
741	785aaaf5429598d8ae438ce67a07c085db4915d284bed1576adb57af137c933d	3d678da647109c65b88ae695f5fcdc85547017fb0eeb34b8ef3576395e60bf41	fd1200cf6e69f58e2421d02e78e5d3be7b5f1dd40069f9709e283586550eeeed	afd5c7dcdba77004d3551d683e6aa4358b819f6eaed568fcbefa52eacd25530d	eaf6da1522ab7c53509828b9f852f26b2e4f86c8faea0327a77d97d4e5dc697b	e7e0a3a2260365d399ce8b8771b6b90bc51cb43f36e23a459052c8b8f296c86a
742	c1ccbebf1219f1c306661159f7b4efef05e7942b76b0cc7a19bc9b00a13c76e5	eff1ac7303dffceb0d6af224f2099e5c3715c211ed28a11901205f4275b65ce6	993214017aa9de80040b498d2c00804db49ce99a771f491fffd3ff8f4746156f	ac9129853a10fbc4e35f46f33578297ff18e9f4c2ed918212b8531e28198760f	9c4ed5edec0104d37e28d8d61d3286437e5409a109d1bf0d9124cc57ca3cd888	eeefa3829ca1f4d2ed320bd6728618d335b85df3728ad192a4f844c39bfbfdfd
743	0595781a4adc086c3b55231cb06a73c77636991baf21b94415347797dfcbaee8	d73bd529c8584b85a24156999c084f69ec9b632b44051702856d456ad636f432	609c1ce0f564e06c183d4a2a7bb52c7ce6614d363730563db6c127876ba03fac	46abaef1200480861633481b4adc333bceaceb8b9ef8f468fe5952474c48d8c2	51679f24948cc692183548af00f6963e2da6d620b124f5751e07c4715759486a	da8be46745a01b79e768bf4801823f7d6d2dee9e62ab63d6c62a56e9152e006f
744	42232dbb476b77280e84152708aa6c0a15ed5786049f15e447829b699664add9	663f39f494ddecf333be1ce17430710f7a9f9a7c3f39cb359ebd50b6e095bb8c	035efa03f4d915e9a03a74447870e6b884f69f7574780f7347854d3968ebf3c8	90cf319f855e7b8f5eca2905013749f99d14564d73fdefccbbb7cc434bee10b9	455da1e5e5f699e0fd2f20fcd74114d97b413f8b83575061c20e90ad70eeaf35	83f009950fcbd3dd2b7eb5349c5cd557b82d0023c937b70e25a609e6a510a091
745	12ace9691352ac9bf9d2e8414d0ca31250cbb7403231a82dc132c6eec2e01ee7	8124237b73548ed71e3703b8880fe420f0e87ee2d9a2e1a5797f7b54c0b4e13a	db58a9128b4919f7acd637e217cef3c8af3f6712a6283aeb35ff9e380733639a	f89871ee149468bc5ab3da746fa7d044413708e67adac7a536bdb445d8b5483d	a673cc535c29ec9452b2be1477b23dedb4d04bfc94f33169a3e835b29416a052	d0405366f83506a8eeb799db0357375cc52c8c54df27ef7f2ac826944f8a4f12
746	dd03cb4516d57f7cdd83c46d564ab4d4d5c23d9e62b2d0f1c33ddcda7498fda3	edc1c67625c35d5942c1ff164db67962be95d9d9f839d4c0bb080ecb4d477874	208a7945a62a262c3c31ebc55e4af548f99f7b551dce8fdc4f90fdb12f0641fe	82a5a7c6a5772ab8a9e8ab9e782d45c30748b10789041758487181b30c612a1c	a055bd5d79da681b10d39e76ade9cf061b6c27fe3962804b71513cf40199913d	5cafb9ec73eba1563085767f411f8c38b56e29b5efc81ed689f0e9cfd42fe7c4
747	ba208f025459ae4f441c610a3e0314dfa37f1353401a934535b1e1d8891cfda4	6939ce84c50cb172b0c97aa1583f8e0518924ffee23675a06659aec9d69249ef	fe89232307dfd3e30a465ac83e3969f0f117a403dfb3b98dc3d70b400779b086	0efabd651ae423b6f1153dae86a6d68539373788954d74a405ec78245edfcf22	658a57759e5e63e8d22f0bce0fa12419ab0e0f522a1378841f41d17dd719f7a0	477cd8e6a69f8a00f2731ec9fb71eb779b758d6ff263048c82bc97e00f53ed24
748	13a52843d56976fa2ac0e025a7ad73a70c1e9d9bbf4718f04921e5837c64d74a	8311480956511900d4481b34e7d38a558d2280d7288deaa98df269c25c01bc74	07b6a82ce1ee35f5e8c0f462e5b5ddb3c8029634c34b8d406719a8af4d2d6734	cc24c77836e703e93d67df4da6dea57b3c9afe1d52be3b3ad7a72981f922aad7	2fad9b3e55a3734d1f226622ecd87caf60e12fc00ef6890ab6100d2857c7fa18	6b84854d7d444014bc46e67f46fc6a354b0d7496f04a792f63a0eb8a1d964dcc
749	dad94f95675319ad0f85d40803ae0d408a6923e8996ac20dda6ca229ff811b6b	8b966ec19ba94c0392d03a57556cf298ba74509a4431e3513224201556479188	9d92c5a1edaaaaed3a3e86ec010b71c550d69b05f4e442164b7eeab19adb3cb7	a615e69aba734e06783530249e51eb2a6ecaf9fa324bc94040881b391a52268b	5029a5a8a45ea5d3cbf1c17158b60e40d902f1d029400b2eff3e0003b4ed6211	298f844bffa349479f6b8590bd850a740ea659d18eec45e16933f8dce305f986
750	51e246a623447b832c70f54df1670ddeb461609f2a141553fc402aa42c55e2b0	2393d5f93a0af367081d7cf7706ce770dd94ff2256739644648c23efe4ea8db8	f95f239b60e1a035f099bc1cc99039001e46557c758c07691e5c04042253cbea	7cbc6ccd01964c1113f388d9206f856f7b94245c4bc64a1257b25e5661ba1b95	bfefb85ab77feb62f4f41164e871d6fe134357ab1b58cde31f36031f4d0d7c5a	a552d61ac2add0a10213e6d67742b7845b9daa53c7025f3568974c1b9ea61fa8
751	93f0e58d2327538ea9ca6f2dc154dfb000121c672d205b9cb4152ddef28a7b7b	6aa48aae582cf408a48b5bf2590ae0b6d76becb618e850a6617e0efe64620e7f	533f52eb3fc7204bce04322a008b6b459d1b158bc75592f71903b2b9bdd63ddd	ebcad03974dc4fbd2694f8fe7367e6b903c98af72baf18e252907f92973ee25d	54a5adb6c9d79c9d1ee32528d737e06307b46bc54b1908cb8ce132f26846a57b	c18b048a11b30eb02a9f3faee808555a0d53ff4090bd658e4025daa767c76647
752	a4f7643922f68ef984254d892d1f6fc53fa8a70d65db54f91c8f867d82635d84	d3e4dd69a0c45a82f792c631c7e2798b273a8fc1a0246a0e60d6aa0e3a2e9c9b	0e3719ace63bd876251cd434302979a1dc23066148b56424eeaeeb01310288e1	7e41c29392159c835f65d86972ec23c2db7014fae99f386ee4bc7e5dc7b2d7e9	cb3bbf3cc8edfcdbeb1aec53759d46070d9cb97fa0e40a8cf40c4104f33534a4	951a83ce5e6978423d78610597283d0b96fd006235bf30522dcb6b2991d0b8bc
753	fe0c781866eadebc0684aef14b287572e5c3c48242d12c1b28c30c04135a7401	29e429159200a610810dbd8ec55eae1f40039950d646468f15109b45a54290a5	102af5ad745fc0838f809fb4f9aeb1c252551604b418e864fc5ba8f35567aeaf	7317a3e36025088d30abaaf860c43b7f9871984f3e0a92e77a674a4cc8b3558d	5233efef608218b34738aec6235d9a47f93f68594929d1ee6b0c5fdec2676aa8	e185fbd02fe8905a9fd216004884e31f91c9ab53d09d73003156fec6f418eeb7
754	a0ab91bf3085e3e5135f387328fb04ed847969c6f7e589f422c1794fcdbbefb6	2524dbd3910bb14baa9fcf98d8a1a2d6a4889ac95fdbec7aaa8993f3c1dcbece	86818bded49d98d90babf68d320c91aa2df79cf6d2ad2df37fdd135a7966d99f	cb25a34dba132826f2da27b4b6481f7fc6cfc721f801431da97ba95ecda81a85	02c17c3ef05d3bb17867b4794aa5e35e24386161a7526861e344e4d915ba77a4	89720a6021b0f9c5d8c981d1005d4c06c976d32512657a449c1fff4f5c6f4927
755	1cf4626a3ef192423662db120fa27aba5ae66fa0840c2a3d6e2b63ce66f0a5d9	3305ed7b303fcc4e1e5368f27050640966c392db1e6831566930c4c493c8efc2	4a75b10bc312baf4444fe942ce5b7dc4c557d1dea85bc1ea4b4bc818922e14c5	c082e0fdf77397f58515127f556bfd929fc09b107be77a7ef48626f1509d9e4f	843cb25ec87958a446588c369c1550a1ed07391c69b9fdc94d8d9909f7b9a86d	3a2b4d196e7495e452aa159e9e9ef5c9c26b95094cf9ea0348b60e0e4bc1bc25
756	4d0ba542fd6deec39fe7eb069e3809fce9799d46012ca951924dfee941ce5bf7	95f6189d68509195760c7848d03d48daefe740610398c76792292adf8d2c36a2	43217686865543138d363ac0ea6b9c7001d7ae79d70ea74ecfdaeeebcb8d6672	57aa325222bdad224e16b70d0e3dab86f9b29efc9c573d76c68acdf69101b6b4	9be123a24dd84cfc8b712f0c33079c653dfc9ad05d204785247357d777454042	3c9ac4256ca08bcd5c7d19351c5550f64b4bbe511bd94d0b187c0150b8d4e595
757	0d26ba78e7b846b6a17a25b20bc287c70cf38cca4638e006455499ba63efa170	c8f412d964d308d359dfa617bbb8d88c20cd576fc4b3f9b30cd22744d5e63647	7beb14d1db09d7c36ca9557baacdaba475b17d18d9e5adca5b9ac2cb86259cfe	c491f07fceb6a12333cce326de183615b681b4b1484355df642248f9f47300fe	6b454fe5f37719dddcecb173a25fc3ab8159c789cf1209b4ccc609fa17714700	d5d7561a2942a380350335c19729a58bb979ce78076bea7023a52d2742a57540
758	b4ab1d78f134da53cc6a8e5dbf4b602a43f83ed701612e2531d4fb897a08fba4	8e5104bacf17bed3c0fd027eb5f21fdebe6b71c9fd8e2c8cb74b818e88334f7a	3085441ed8ed40387dd3f35f8c80648565f4f140fd82bfc89bf894700cfb4857	e2c23d7eba0cee8cb36e9c3310b36cd1bfb38231478349db830d3a384892c505	ec2a6c9de0f4e9bcd56b372d52ac275f43542ba432b93a1cef399b092d309f62	dda38592849cd8df5ed91ec76fb1097ec714acf0107b343c484a632a160e0e18
759	f942fbe30b072cbf6a93df6d6e82c0a092de67e1659a1430e84afbcde4ac208f	805eb6b2ce80262f1a5d4eb196de2b7695eb13599436d2c0ac03a9d4b5eda75e	07400b6902f7ae0c869dddb325168eb0df6b5bda57196824d00fb2af1513c058	7371d01331934cf9edaef2aa4289852b0ecfdc6626ec7ae19698a78e7826f6d9	7f3c73aa90b4cd6e6faf008d51a6777d85c43f78708998a99c0ce770505ba0d3	a188a093a31150e3cf9cfb6db39c7d2f5b929ab766c19415c3b170f32320ab44
760	cfa082036dc266dfe93e5087431a181a56c9b4bd79d218617160b199fc2c946a	2e162cb8cf7a3d143ee5161b91c14f680bfa3f49f2f009faf100047f0e7a02fd	3f37aac1063906156d446ea8d1283152e3da422f78e224bdae184c1bc15f2c66	a694dba3ecd81aac217d8a83f062ea80fd97be0c755b6967dbb10b71277af0ba	e4f1303dc924fe07d3a5f206946da2d427a72e7cb263caed80bdff64d8c78e7c	de7d5ef4c8bcbb232ab6efa8c2923c8b2b364ebd5985b6f95c0564fc13609139
761	7caa80ab365cd431f1f4e5c7528f75adc8711e91b09865c11a60f3caabce81f4	160d3667e36d9ec8b4ee51c92c25e6a8036728367e9abd8aae28863ae441c2a2	73f44d53e9fab830390e0ecf6f93dc196d63461ee93c78ca68120f28310a9672	736f97b58141f0784209e718982a841d1ccd8c07e1da64e748c4d70c7da2a364	0c6f88428eb08c433306b2107aad384bf85564f414b051be3da83db6e47accff	733172385a0d2934718cf42d53333c98b10a1a73d7649cd822a7a703f9e5d9da
762	220faf20fb8d55e9afe540e4f049618ebc970c0715ec5d7bddf2cc1c8d432342	d9be2ba71d5b52f8180193ec247784260a7ce71d4094e71f8b6e3fd520749dd3	1a28f559c5ab21fbdbf1481ed33755942b392c5750dfc88a81e588bf2313f811	e07dfba1b7cf10e376da50342d77b579468d9ba3ed7df24e7ebd7556ff55ca53	1cafdb02380011cb51ab255ac2c96fe7cd4f46be3ceb44ade9e4697b68da43fb	205f1926765d724586fbd6eec839d6c47666d90004c351da8e925db74618ee6d
763	99d27fdc6601a6a1bc3b2c54f333dde3605bc2ae910ca058efcf383bc273b3a4	76ceda1110fff6f7c31328f9013ec946ee4ccc8760dfabbbd6cc9c098fcbec44	a9b4de80e1370d46a265ba80b171ed53367b57b2417a23eb8a07b798f08eb72d	a08dd6f67238f043c9a29081c721fabbf254950ee95eb2dc7fb9087e11492948	3ac8ae1a0d9ebe66c852e55acec4db8d6e62836dbbcfdd5a15a2a072ebf09593	502aba7fffebe9b17c99cf902a9853b8e44cbcaf0a634d224b3c32593f58302e
764	bb65ec499b7411db1de9a765f42e34e29ffce73adb7e63c017020d8dbc707538	1ae30301e6ce1a79cba988e65bd425525ea25d6d3e543f0f49788d327e815c8b	a1dd0bbae83654f0ed737c53bbaac85953a06224915f9ec41d8a5068a1c5301a	3d9e211c8ab265ac428d0cda2d01e38486531cec50c9991f63d7618f6f58fa70	93a939b5fa8605bceb38f2d6a0ea3840f48640906d670334acd2e4f9cae71705	f5a9a9e933c36567ab38fdee0aa8be46ebf9bd1ae106d40a89981ac7e67afc35
765	e11728f3ba02ce618c49ad68e6e62bfde54f0657e87c7369b7df755baae96c86	e2395fa0ea069c893121d179e1b64021464c466ffdfac341b84b46d79a7d5014	62ba25985dfd1ac2aee053f315d203612fe652c73091a7e8fe2ff0255dcf01df	6988881d325d04d485f8900674c6ead091579caeefcfadf23dc6238a4f321269	a8c8d5668125d71ccd36aed5ea2b1e4a10496b11dc30e84e8de6b78ec58b22fe	fb5435b2a697d2b801b71fd870f148fd231dd2322a4c41b84dfa137e7d6c7541
766	031876095ed667d3c6c83cf837bb2486c44869d392251197d752e2e229c4fb78	d92c0a8f10c1ff997b0a0d57539deb182e349c7ec4a53000a9179f01dd322839	be0c4b4a140c54ac90a1b02944ce604fa5af295d65295e28b934601acdf1dc89	5dab9b3e8d27d25175c3cfe18484a25ae0a805b372432d8bb3e725a579a16148	7bbfc14fc7d060ba510b327fddf6644f79110666f54fe365d31aeb9362ca3e10	b4f5bbe7a0f1711164c6ded3edbed024de75267557ab2aec10e32e759a38dc8e
767	adfebac2bd28021752dc6ebd1fbb40e7d6b1e9296001bc0d6e32fb5e54010b0a	fb6efa259c1740abcfc35923fcf1f308f0438a5ee315c6800b3a7540e4d82814	af3c72b6898c32d2e28f21f23e982b346fb4898454c98bb3a764524934d968b6	e2754ab50086e216afa12832c4d50f03e3f4d9f78bfbd0517f24b051c9150573	6ddc274be860e7d863da90649857a0af8aad285164ecd1c10c72bd5dd58faba6	d20d10988d6415cda10111804a583e30296f382087c29ef49e6cf27ef11fd2f8
768	2ca290ae437ecda9f95ea5fc52376772faeea0d548f0172164d523f7ee02abdd	fde67fc4300703463fe4fc39828ec820859bf65a06a1fcdb4904f3f1e292dc59	097f2041d02b584ddaf7909454c70a9ac26055824aa2bfa0c8fea3aa49bf3deb	9a19d43dbad796bc43e493137d01bb5838a82cb2f99ef484d0f46a06b1bf981d	be4853cde8c8dc27db2cc2b05aa754859a6861f3697a9985ff8ce1f2155df861	a4e4131fea5e97a037c7a62845fb3a8a1312d372cb3812202e01efd7ab63d153
769	d9e756f817979536b2f5695cdd75e5fe8e1bab7bb319b1dabed076994ccfb0e1	ed7c7b416a9dc6679bbd615fd352325033a2b4c2533c9a30233e2fb5812f9a38	52d838d109ab2fd1209cf08ecc845b144e9f50e1b6ee3e03a12bdce43857f214	e73abe4970c9b2380febbc61daeb84ceb70ca732324db9f372aa28e674b50b64	63d724f77ee89cdccebafa25cd33ef2cc885d23c737f2dcd661ed86b14b1aa29	95831a78f634aa1e4eccb06feb2539df3b7818e87f809d0c47c110516155932c
770	d4a92557a62ccfd6b189ac37893892d61d1bf5dc4fc89db1c3521e83c8b6c252	9dc5b0f6bda3d913c0fc5f4a7738b5ccee9817ea598b7ded4ff218f7d5f2d3eb	daf24739acf06e92de80c8ffeb6a313484fcff2a767b8aff645760366b19e058	7c5a8471d823cde32edd7c038fee86514e18a8defdeaa1fecb34d2568a0603f5	daa1c62b0441219fcd40ed38a2ee2405df5ac985d85315b4a7f8283f81a56889	ee4dc7855748b5328995831459f94391f45e2f24232b761a50b5fa8e6ac3d060
771	86dd562fac2e0be06e792aef557a98a624c5c1a1acd0fe39d59739e1348de5f4	283fb58fd6f7e1c8562945491eb4ee569991a14893d592301a5303a89393b0cd	9869c6e6bc199e0f850f160dfe0ea60ac71e93766ec3f331397d1b9a8975ca6e	ac9132c6f0c9b679ea35c04f0190a86c43e6d8cf27528bcb6d9ba9be8836fa8f	f6bd977c231965d2d318f23736039d04284e5d6c363815deb855ab3a35256eac	b5aea4bd387a2906c838efa707ffad76bb453432eb296d2768341b96dcfca3b6
772	83bd8ee3d21a8bfdd1e28d8fd7d8ce89298fb7b3cabd9cbfdfdd9ec841f6b8be	6fc258b793d67b7ed407efcf8b57f8a5de494bc69cc09c3ab70128e781ce210b	32f5721b9d318efce6d11501424cc1eefb2953a06008232d3bb656d77fc6efad	b4567b16a2cd1295c872c5db37ab624c3d3faa48963a306e31d2b3d189281fbf	feac42ff277a4760a574efd3f40a4cc9a95e8bdecbe2eee3ea056113e3d75bb4	6601cf1fa5a2e74ec22169a9cbaffee54070b2234f44789fdcdefd4cd6a93a11
773	773ee97e46354025a57688f308548b00fd10b8f8d1d36d7579956af906408f55	cd06c6ad4c8b027da024570c1d6ac0c0cc2c5b7d017592eefdf3aa3b2010b25d	1f62d72284bb4f28158e85eace28fa70fab04bbac22b32caa5532b9c8244d365	83aaa02210b9e4d179755436c8805bb8324d638f0c0fee4ace6c99d995d5babb	8a65a1f9bb8cde2c125116048fa8242a6fe6e84a8e992b15b39f010a14353b60	3c83f211ab84f7225b406da0a985cbb3c80c9a241d00b3da265c7245533ecd42
774	c67e82e9c8029c6971640867012a04f11f5e26aa8976bed00119a87f2e11cebc	b8f6e8348d8fc8bae11c3bb79649948c99cee4bdeccc52d36a4948aab0a44b35	31063cc4f54393512538820a475c9a4478b1c10c9fd45b24e89518cbf8ee15f8	49c4f4af2edca6b400ba7a4ce06ec269254dc9199c7e1f91dda2fd9456d3a23b	494a808fd2580df238f946e507f888df14d09b72d90ca1d0caa66494ee07abcd	c732a8476277cd1ac23edc49efb7362dd4af8e1ba6d8f2ffbfc81134b3f2654a
775	cd92d330d262c01aa7553994c15a23b237a97afc77e6e0e3fad896a42a77cc6a	af98bac92323a4b32dd8e3246a8b48685ded132619093220215bf52ee8b8ad6b	2e5c9b57ea5fb092e91a198d46d90e59cbe8119833d78e583928ccf168539223	b09c22d7be2c5f3f68e210bbc9e5cb9cc0ddf5e51da19a3d4f138076b42a826a	640d3cce8f568e1d1d6f5bccf20705644a08839784bae7883443139a9dfb61a7	1b50e7f81469b1c13a1bdf8052ee0672feebbf777994d8a299ef9a529f3dd24b
776	85192acc345bc09c51a3f1a295c1e2fcd70f738cdab2a0b0f104d6a733dc1de3	efb318e8584d3311a7a5b44a172e8e9e9b27878ed6d65b3c4dad958d7350e834	f94658266101480d8586293121607c0bba299c4eeb95719c83506a25d8e0d33a	81ef35793ef3128817300e254eb7eb81fd34fdd933230d357c962535d63fb2ca	e399bb89944de89e155d051e88423e81f52df0a11f0d05391400db3558651689	51e236b677c4a42b491a445add81f0ce946a27a6bff858fa98292e1e9f5b3fe1
777	578c9d50e30dfcc0cb2d12cacab3480bae29e3c7b98ced835c21f9b6efd81937	58a1da1c112b3b3931fcfc853ae3ea56b24f99bdb09a4ae75fe9cdc75ae36b3b	01a399c9cf858b19c884b9cdc610ba98ea9e7b2e4867726e3921342d29126e4c	48a343ae702ed711ab0f1ac42fe17214dd04b42bb7f486bceadbe44b8de2476a	e5f1fd32d59499f1608972c4acd1c4e907ab9fdc781dcb1701ee4af68a337dea	cf421d481fed2c9e73d6f34d2ac44f0e0e0766beee8337a0d4f360a358ee4d2e
778	7699fed3accd2d096577b9e2e36e5ad5db5d9836c43241de052abac40846ffd0	d1ad6dca2974eb34484fcf6b9115750a531d3a5d151f6d0956510fc5ea9ac657	344f63736e7f17d40bd65dbd0aa2557ebd4877291ee4787a78012cd3fb77eca3	6659115df0498c81d099ee7815cfbbf07209d27721889bd041fa53e0974b1176	11d0aafcce3b308cb8d4b7a09a66e12df621a384d14898283b82fa440f3c08ff	19aeffca263fb2c652f327a7ee83367549daccb2c29ed9a74b77563e09b26035
779	b695dbdf59f546d31c10ce10b0a5ab2ad03cbe4501bd81fb44befe4601d48087	2ad800bc876669656e9435142d88a1eeecfa9646553d36f51322dcd8c30c28f4	7cb0bf54294f2f2628ae9299c6100b054413a2e42e6dba85bd867770ec4e0ef4	c95272dabf9684a50f76a68c5da592cd68eba6242be1ff0cc30f65bc554c3922	cd6268ea684fb5b01682747f8d3ff161702c3482f35bf25facfb8b60d72152f0	981650955d4289031c74d08df8bf79abfcc001118c2b3073a22790eda8fda2e2
780	21cae4fc9a945e3dc6da05fa03af4f7209cc2233a484b2d8a359a4fce09fe071	f2609558b690bfcdedef8f94e58e8c13fc2045309ade70147197fe016abeff7c	0f73b6487ef5b7e55d59babe7dc50f471d1c421fbc80c037b20d69feec29f0ee	3c26edf0d59d87cc92f3e6c0d325d1f548a5273dba34e5e0bac1d77e10091bd1	cdaf654f88737672a9c06a38356817ef52455b6fc6638ed396e0c4465ccc1397	1fcfdd30d30f546ee549651e3400c9bfa82994b5063981d7c74a10b67303a5ef
781	dac303977891f0e004c36c5746e222ab6915bf71924d58b51e0b24a305e6e365	9edab193f22db500b30a96669d9622f17cff785bc2fc9f7956e99ff16368e36a	83eaf1eff635fe9a004b1270bf4491a09b45b6471ab03a38b97d985ce3693020	932dd4d551332b2a02e8be138104168a8e3dec2e965977331e34dbb6dbd2a336	01b9af9ebc1ccb1fdb5b03a2d930c45a6e128e6b69b81358a5b0dd7ce1658e72	648045f7e67775416f3963e753afdadfbf8bc492df0fabe76ba7676eb74de460
782	f391ee9e9e4fdbdc93d5db0dd54511e773bcf99ec396fc4fc53fdfb871364b70	74e3cd6039f43e32e14f0acac98490d43226751d0480dbce78ced4c210ec0330	e055f543468eef3589fec93e5e9a1d3a84dd0469ed44c717b08d3b537dee9196	72212d213dc98338af1d470c8245c92f8eda9603e1e4fffed991e0874e950f8a	976a4fe1b841b3ecc53be23943be75471182d0f032a0164a0caf580cb775f7c9	338b2d81e68f19ee554262c0ef91cee28dd9b6480c0c8174047c527b5f3ca450
783	f6e1244a1ad6a1a73abafeb33c99cace709dbf260acf94c84b0ed7e920c1bc5f	a08c32c0156e5c21bb1258d587319f453ac5fe35635092958ec666ac308457cc	82ee600690e37379a10f74f3774578a4c79ada292e35a73af501e8049b7a9669	e0601f9ee8bd615a92f27c023abb4e6219a79224624b5a767f0e2074f8a06a83	4012856bd62c60f92de10db21dba43c33e3e6611a8a0bf58618132404079d309	379f6fa427584eee76560567fc1b48c05d8498ed25cb3418a792f34877ab7c1a
784	dbc80199e083863a9ddc917afab6dddc735f633762514871d1ee756760a0b2c4	01a326e9e60d441db403e0caa1da31f7ba2dd984a05ae7b6ae51586e99321c67	a4edd7d4819f8abae29f45d3e2fba427bd0636a7807850b233f053a8b6f44319	297ba81e3b291696373c91892d2a0b203e5dee5f3f49e6513822049ef6a64eaf	41ac2c811a175eadc1adff1e7ab5357f8cd37467bf1442ee58a7a9f5d7b4e8c1	10b002bfa1fe296fabd857bfba61268088626f4a5cf80202a46b2e1efa4beed2
785	ea06f71d1aa0a9d49e1341ecd64f5399e080ce469dbbd173eceada2c50f39547	9f0e8397efb7611d52ab5ad00450b672b55f095fa0897335d011d5083360a39f	65d404e42380241a4ee263c0df830e977db460fd1ff8f08850e5f265cd4a7fe6	59f8f49f1c02637e8550c052c76ce1cd72cb7ce402643b84555f0dc01053aeb6	2c814e8307b8e58ac7abf64b82c9ca2754e88c3ce0b0e228e7645940a11ba6aa	f128c7eef7384d5a2cdbb6d181964e7c15280685834d45b0c7c468a9c40e4f7f
786	2ab924a58c3f08adc822eac3b3bce0d3167c067a4395dbeca9d6b4a21600bcd4	0488c6bb4b7b7216891fe146efac41c01e8edcfcb736ba83a54f97e4323f8b3f	3c41f730ec16aa69c0a973076f6d73338ea9972bf2778b0b7783d1bcaf3a5903	3ce032ac729e2d3c5dbf454c139a9e01d9084dbd3067c3b09a8d711b29e1045e	446f0dc4ebc70c4851ca435ce21af33f54271b83e188a3cdca3b3f9f8b1e7626	68dd54793756dff546eb6298d95186679c45e4a30f7b629cb6beb0eb5951be9f
787	f1189fd1f919057d083f3b392769b53525d1bf6abd3d9f316ebc68d317fc316c	f371a45f4cfe8da27c3c9bb4798a95a93cff636dae241cda2e176f319e215b33	338e7a5efbfc3d784b898ed3805a4e36e58faf7ba18f9e90da0037b826e3c7e5	4a5f95333adaedb7a5a43470858ec5593e8c2bf87ebd0c5ee5270ba761cc0b08	4394e8ff53beba94a88b5543ce97fe0b2877a96883b9dd93e35c23d8d553ad0d	57dd3b40b0351d9f7b26cf2d922ad84163e54ffae3805184c84eeab0a6c49775
788	9c3b11d28ce39fb61cfb95e7d451a9ebf591e00e4f3da888ec94b58993c6f1e3	01747b2bf67f72905046dab402acd4cc15264eb227e0bdb8cc040b99f5041274	660b6441cb93e38ec2f0ab80a7ea1cbdbecc81822a7d9f8871929e385489511d	2f0075d4dd4838a8d5a160826fd9b495634444b8888309ffc95b673ce62d1d87	0a70b109abfa63a4c4aaf0918a02544ae9c31e0d2d3756f0ee1ed75eb43f5695	19933cca3ffda816a86216c226695bc01f7aada8f85ea4d269e53e7f21ccce26
789	a6ddf37edf7cdbff264e65b3de826a8a9f85a43ffd068f3323cbd0f9fc9d7313	51ef388eaf511323043a483991a6aae81cfc0d3993ab590d4d333210f636c414	5fc96b588649432339eb14ff5f9059497fedbc3972318346ab23a880797f3b34	87a4c35aec0c0042432d4a694efb798e9b30b09716ab02cf25715d4b51f3eb67	e6465480a248aa3c1e28c02c604e76c186606893565bab482f3b176f9fe96113	aae63b7624c990efaa83873064204e458da2cefc348bffe72362b44ad8cdf225
790	ce22a3240246eff8fe5f652499150e95bd6ad06f3c083c49f5b3c483b05bd9d2	1526942a3dc48a16b8f32b547803f324c7e28125b8ac124456947ac74ee1cdaf	43001ffeb295fb6ca7844824cce555720677603ef355e7a48dc274bcb9ce3c74	ca9834650c2ccfd31ed73db90482ea4c966189e36363914f06b17a40f7e21518	eb5d2c564a19224f29f6263cad72091d12fd7551bfd712b9cb10f693fa8a9455	4449a656ed0130229695454e8330237bb934f7e26a7ffdbb4fd513c919410d8b
791	bb2c7576d5ef99d2291298265a19bcb8688150c66611757d1b5b61244ebe63d0	4d56e2e4b5f9008a916f3b92515a49148f5432065d2474e9588c174b0955d5a9	ca291206d5adeef940595d4faaf47589ac9aba2e5cbf8f060f6982586b0d3637	8834648dcb5dc66ae575b545e11645c860e9ce1262a7e48e20a1aa3ac30d1a40	57865cce81faeb2fe157d522bf7414058efcabd7ad1504ce027f0540b5737063	231b78eeb40bbe8d3aaf41cde63abdf3495b338d26b361d790e571ba64c3e66e
792	0d64c0f4a79c265c9a504cf5ccc661140a58fe7c5ac0560854b0529e7a4a7906	0d56b4dd0b5775b3d6f4e6272c42c31a44e8f69f4223d75a2c5ac16ab439fc22	f9dfa0847adebbb5b1eaf157e59a4b43821bad0f39524664350f46fced1c4ad0	c48bcfbe29a0f5467c6f230abd5140803aed78bcaeb87f988bd254cb5abc4043	06ab27f5e86fecd599b4442eba91c7a9e175eede4441239f37080c65cdc0da08	7c28a2714de7fe9d48d0f81e4e8d9992602f097fd31c9f66022a75f8ba88d894
793	5cb6469daf91c03e9d1bc45c4e7eddfadf6fd6f5e1b32a77366a0968524976c0	898a1fb999b0beab5a86dee4011005dd18626dbcd204c5930165ca41bfac6eed	80e40b747acb8bd73fde47ab91d866788e652fd95bf43dcb0a65e42840f593e3	7f8d038e559ade707e350c18a1d6eef79bd0d30697392113102724421ba49772	4b2f9e0cbedce3c491a1bec12856677f8c19ef626832077bc252492d70eb35d5	7b9783a871c0eb0af6d46d8d08323cc5eff38a0526d70048da83dc36aa4848e0
794	42bba6ce3dc3b3d25e99ab42fcfbe275748d2959936b9978d59c29b2501ee2bc	1727e85a07dc94cac38ddb1e3aa944ea83f3975c588558b8267a460de869f5d6	e8d22b9afc65158c700c6a001d71ab2a5b9e00ebe39dc2612a8cd2b9bdb4cc24	00826276aa4d50480efe0275c441e86d2745092af651479b4faca0d9bc467ec5	2a6d8ea639da558180092e6e315dda2be19ff84972a6bb553b5ef0d7413b888d	00b6b334105be158f2fa0eadab5f93332736d8e9f537bea199aac1765fd84984
795	30058cc0d268f05a127b016a82b0e149e8920b34d88896cdaa6073c179373078	0fd3a447bc0fa3353ebb954558be2f0fc9ce45abd61ed07dfb85a39cfdcf88ac	555ed09d1b85fcfe56c84eee5009e7b6db22ee1ab7f8550ed2cf938e3f50ead6	838d83dc6784f7bcd2f78f7de00cc0776f2f30f0e78d65208f14c06d154d8773	99a5670a44918750175560f8080d6d472cbff12cdd5721a169ca089506c44bdd	e31918ef56f8bf34795fe07683376b8c902ad5630474bd3429a50cb41dd52063
796	7158a45e205a75f1ad7beba1b304139413064ecf4539d6d74ae330261d8dece7	a5dfdabe137e561ea062e7cf91b142675344997b95ee484408e303e6d213e877	0232498d1b725915816a4d7339c93173d464119b8a8c8dbc8586d10a65c6f43d	b03fd84d2bb51cf336a2845577da0dfb729190bf3d605eb5932c848dfe3c35b6	a7592d8b422a14fc86d3ee10694e0d87c1d052f51432411e51578e667f5e87d2	500deaba718d819c780033fddbfd75bc74a3e18a1dd067e03cf81d824a49acb6
797	1d175d358276f9d838c6b6ce50141041ce1dae6a558a51f1961c5704a5085265	0633ecff88ed38f259955d19b622c514f8d1e9f92a38cdc193f4607ef86b6514	41ac3255c3455c6dc213533db7c5e0c7938f946ac6154871a15b45cf57364fad	36b0f09c8f9f0ba737997b190e75c0b987fc73ef921a35dd43e4ded87266bb4d	695a6167a9d2bc54232ed3f53ab0f17ae3d0237ac6aa8dbab305ffbcbbf77921	5d74c4532b4a13855b30dff1fc2f70fd28f88b0c452b3c3926800cd33940c91e
798	5a67d953407844e3efe0658969cfcb71d36d76d77409b3e4c9bbcc88b1be855f	d31fb94373fd2800556870abdc33a64c479360ba28e6c2b7866d773d7413d17a	97bb13268d7a2a295e977e844d5ae3eeb6c42a038674fd32f24accd90cbdb621	ad97792a30ed646af4e8b2592fba126840b44b817cdb3514099daec8bbf9345b	390b2bf05f4600c5f46fb9ff4d0cc22dca3bb264328a0d3acf08cc8a408d583e	5513f7c41cb38ded0a3978f9c35b1a4ce1534aacb9437e57cfcb15b2d66a2cde
799	a5749a93422805dd0b856eca9ba745b9b0c27716bf23227acb62d123dcd82edb	8f2b9c40a27ee095687e9bc94cc0d81041c2095846ca94f61cc5ec477a3f675e	83a7fd2f1d032ce502120bb436f8fa391908796082051e4d5c8c10cf3f01c548	32e9411f85dad164bf87fbac3c4c592705c08f8b37b67abc29e848fc0908e9c4	cd6963df2cc4b583f6f3dbbe5846510658b2d58d84c67a2e074573980e339bc0	4d2b846127c1e009f08482423aff800154a04748b9dc17b56d836de280f5dc28
800	92ac375f5c352dabd13cf93e7aada2ce39a84acfa4f720f9df1c2b53e9f7f101	8714fd2df24780dee8183c71af86d508408e651b955adf5d479293aca55b3b73	3026271d90365c790fea7d53cbb23b3901baef817bae488ee645645a32ea736b	3e424309c8dffbb1a4526095d9b746efd6e1c0e19468be1efa16b7f0baa2f327	d03937525da41e2e986501eeb01289ca881e0137d83f760898139850ce2d2e28	befaf8277d2e7aac7f41826a7a7569827df7445b1413dd0c60630790634e2612
801	99613cb1aa3b34796d1e172aef4c3c7813241eb50834a989ad32802c202a02dc	40533482ca1bca6e06589a66f100d7247f7a44cab2837b4fab987bd8cbd04664	1210be1efebc92ba88489ddfc197c6ec9d4cdb03134f2752cee54f0149d42ba9	af24615133a4fac92070817a483ea1bfa95c3c652a26cbf5443cf3581bdfc916	63f1f0bd0177fc873ed4d5053a10cefe1766859722eb87f1dddadd55553c64ba	341b539d6ca1076d6c18eba50914c027dafddbc0abf3b8628cd64a56185e84c4
802	6ec8b3011ba15b5d7af56aaf670e8397f2649a453d6498e9a6b8b0ec668185c7	df9e1ef22c807c758134b02cb95376f07ee64bf1b9f1281fe49d9d99efe317f8	db733b42665d790cf9f13ff205cdb34d5e33c6a2d3ab8e307c6281ffb9a97d6e	b8dc2e421f9fba58e5ec17e35e8a449c92e9c41ba276b01052421bd8d6645cc9	0811598d72ceae1787b82ce633a5e4917fb591b30fa1f1332ad91904b6bdf237	bb958db0d46e9bbd25890363f855ec6f9fe399e8df2e9efe4d1ba3a83cf5ada0
803	7a188c18aaed3bea512f7c6041c9663b6a14d3bc89689e49790a9178e92b66d2	a23fa508375223039a2bfc19a393646545d69ec4447c8bd41921d92ce42aa985	97546d7e7f32b512052402f309aa974f7e48f2afdddb49fef06bfaa460f4ef93	21f79225b344d763c871f57044cbd8414553c9c2c2cb9bde01f625cd3b923e76	ad812953a7486821bd042a6ddb31db7985888c2385c8c9c02589ee6297b60eca	563a844dfbc9f2945c796883e8ce627ed8791d450729dfbbcf223b107a4b8295
804	06db0a433f27f082ae3e3c3425ea8f69288f92975fbb5510545d2f30b60f5985	ee124ab9dc76afada5b27a275ebfd200b2b96064a4dd136fbadf83b79c80d171	a9a7d88eb3fc39b7424c358a296acc7d8bc904adcce68c02e5d706208b111df0	1176d65767c9eceb4917f0f7a817f7825df1170cd6ba595bee9293babea5c8d6	2bc89e0c74f88eae8821c93e6002001efa73477209ad5b29ee03b4ecf270f881	35b0683735c9dd2fa4518ebf102ed7461d2824569b9677ed3f08ef8268bb60b9
805	e33773bcff5e101dc7a9ab16be8843d8d16619408d8e29ceda394cae867e4b97	7c2cc7834d92bc42d56ff1507c6f65ee79f556451619fccf49cf739c2d453c6a	835d66bd02d2f8e0e7934069f9fe1a85d5617220d4dae4fc4a3924b1af36db67	c780555eacf4883dbdcecb357cd7e28ee09bd9a430143406718fd6573ec2fada	133321007745a90380e4b7b33d065a7cd50c29bb641e6e56e6ee8a5dbcc8480b	0151862fb05b3df2b9e578a1effcc29e5035c21597dfffab3a3c05cbfb900425
806	5d481fd961e760971de87639659333c5721b52db2f9d4e0f4424fe1ac1a4b76f	fb953716bed72e0528437e3b4ff5e50c7a21f774b58eb5f3a539eadfa3bd9f9e	7af18e081b5200baa88fb2dbcb73ec47f88baa8b17e5fb6a84984ff6ebd539e6	dbe133131b2caa04530fcabd7a3ff225652c4fb71506dc3492d63b2dff3cfa69	a91def7aa4ad3d5baf06b31cb8b21b4b31ef07e0b5151d25e8ce52ff554406f6	d6ebeba660f74ad616ad9aab79b80e4ad7e020b42960a949fab5c9eddf32f220
807	99a3a938f790d44c74470aaccabf7184c6ee889cf5f6c8243d859cc452b42b9d	4cc8ef1c3e10079b2b3f2b2a7448ecb22230843b77226adf1b09240fe688f034	c9ea9e764514c97f7b4e33092487479064df92a47f8fef02fb0c6a75f71d4a01	1a1fc302355c2ef88a20300d2253569e790edee5dcc41366b7d3573364beef5a	ca31aca2a207ce10f328c4cba45de4c7e4760fe76fe6b9db1ce32b02c7ee86d0	4fbffd879d86e71301df93ea90e96bed587553a24b24ca8e2ced5d54d78d8a8b
808	8c2ebcd74b5ed3955a05a42cd7e4e0dc68810806c88d0f1197f3f3679f5f3b06	1c29086da7650b54c075f1567bfaea6619026f21922f440095395ec5706d9950	bf44932d447b2f174f117f0f073038651bfd178f30d8439938c1e9f889acb267	6afd788b96c54ce277ebc59e7886d3858bdd622e9bc365a30bb4819e5e188371	196704ee8c0a4a43dd0d2c6debad2e1222ff2d3ade2bf29c2155ba92da61f3f1	05b7724151143f06972188921e9354f523d24923ffc1896e574a353a9b920b44
809	34673ce0a6ec3839a59485f344051d395d0a2532700af0843663c5540f176306	99b7aa0fbee685857d2e4ab742473842ada311c977e9a35ace3e1268bbe68641	0588be7982f26bf451871c3adc646832c75b39a83a90c9ada3ced8b7df542619	12f46c49673eed1e1c8d81bd76aa056239ba09ee40524916cdfddb5a817be74d	5891920ad0701d982239695b3dba968f999727379b19b2fd44edd01e49abd780	aface828dcc7d25f33522e0491373bfd68c300edea03f2c7ebe27527ede14585
810	c4e047e566db759a4f081faafc209f2aab46f4e4ecacd0ce61028103bd07d5ca	d91b5a8135a09e7e6846888321abbefadb6fe51d6143d6faa0b676fe886221a1	3c0bbf54ad9719e5ecebe9f4a751b654590d6c27c2bd0775e25ea3ad40283ca7	9c200c8644bdfec57322e123cb483c0e5031a9fdba5ed7c10911c65b916c5234	fedacc47d1be490ec9f601b212d2d12fd0d4bbb31672811a556081be8ffa1f6e	9fa84325e4bb856140d6a12bec4f735916fffa6f249260e5a5f6ab70642d511b
811	3898cc18aa576e8841b54f29f8d8bfc6665806f8664c4f53005a86834eade577	07b72cd078da421451ec9951e098e823733907b2d59f5f4fba350eee689939a9	e45d2aad17d0a2cee35bf5d0eb9862050f3359ddead9dd5ef3dea9c4fa07a03a	2939eebe6b0e34f3c3477936d6676af6484755579ad1ca9d5e672948b7dbf13f	57837f5e670fa0ccb32527aeaf9b4ed6407e39946f57690289482848656c5047	a3dc1fac620bd68da5c34213c8b4baf9d4252e35296a0ae1dd2702a265a327ed
812	d7eaa84bff4fff74492698dda085d4bc046277dce3624a70b119d2617469d855	3f0f34b1a6daebc1c519a7550307994bb1905172831fa25fb2d50217e0602be1	7ffe5bc08ed9936069b521ba929a3d33d3167e78cca3609eb06e33e8be749bd1	9ad9e348472aa01213934e99620b7facb3794a76e1dc144a7eaa1955c21f8274	2d7c15ce6929a8f24e48cb9ed0b21494cb5154bebf9a8c7aca96e30f0617be1c	bb4e03468671dd93ca91f3565e4ba9e4b12fdf5ee8a8d6845a2ada92a28ac102
813	d599b2963eedb63249694e9992dbb18c8aeda51ad8d8ebbee56ba734bcbc2bec	b4c1c390ee190c777a88376d4c8a153c74aefc8c14d38eac356dff2c6ef8f7b3	a1cb6db08720072e5bcd75c03433cd71182a83c99432bdaeba9130ca7457db34	a133c6c86b9c77a8e69e849181ed38f509f87908d309d052431b4cc1fba90d0a	b2ff8d59539f520c3326d9671c2ee3a9c35faf2b93acb9d0748abf12197c9272	b833725645b5352c862620471b89c1eb5e49c8d69b1ceadea1ecde11a963bd26
814	baa09de76057451a7a293d75cc5c20fc88d031bf0afb68949ab4cb47dc790420	43ccd6b94fe5229362e77a828e0c85d659b6873e5b2866f263c8b1f1ba7dfa60	c9d202a3caa1ae5fdd09910ea55f599440c8e77b040a7482680d78f725f08f0b	875de3da6436eec880b534f89625aa82a88ca2b9f9a78646fd91b7270e088671	fd5d64cfc00fd04f1b11acb3d966c5c52eaa8fef173052fb1a1440ef802f8bb8	c2b699516b58687d14d810e0c1aa8d68209d4fdde91e5201c7988acf87e88e54
815	4c0d321a55dbfaa328149e41c7fc4638046d65ef98d30c45ecd7c7a7869b0ca6	bbf3a1d245b852d7d070c8b144752c39a1bd36014ad66cf42e76c062eb77c535	d08061675e76ee13fee7d162833045c3e63de9062d76d99c4a7e04f7fba3464a	a3122b782ec8f2621be34e901d84cf9c9bce5cf0bb03473dbda34c81d817d533	ff10c40a7c25933f956535c97c95f7c9f50ff54bff7a9a799f4251b07d6f76b9	9f8a004e44fe80e9ba36b22aa86163650b443005e092132708aa8cae37cf6748
816	c293776713dbc2e9b5f87629c0c82033e073803f46d586c45b515d8a182f50cc	926d9d23879ee5c2d1d82620639f6fb89c6e0884e5e475937cce6abd277b5353	bf71f33fb30441be6690fa9dafcdaccdb38e1223aba69187a5cc05187b33c0a1	69c5c1edf7a4e909aa45f68cc002a56333a01efd772c57d6cb7065cb1bb191f4	0e7cd460ecfa067fcd73db0a5eca6728e38afa8c7d825872517d8b6303d4d7ec	cb60fdcd990d4f015a085059ee8ca497e2ce018a88f9b7b04b8c1fbe9245e5c9
817	619746817d8f8884bfb84933f0371345d83570a3e922d6cf5260f6282dabbd18	043be015ccdc0dab3a14c3a43b42992c7a119174cc521df81a30a36f31e5c98b	cc8a2a793d2d957965003f8bb670ddd57a80e70c752c03d4eac1ffa5564ce19f	3ed8703c5244e1d3f6d47e8ee83198ce2eee2477c3b360099bdaf900c2d8c23d	934a2afe1d615708ef0d4b2e676f1cd4a7094931bfd838b26962a96cee22945f	82bae74000c256f6c28ea8e2b956ada448306af4a4fe79d52e7446aacad2fda4
818	193deafceadb1f60c95721b77ba50cb2a80f29a9851f1f43f2c509057c4d54dc	a3adfe00056a1e0ed64aae8d0534782910dba537ba566e74c21be50679955db4	d8ef06ff4d9158aa8cdeee8251a03f9fca0379cb31f5298b98b330636df73a47	0da6d5ceab408c6f42f6ab100a518402a2236de2c37e927c693634739afd16af	d8315b843006f634c3de2b2cce4f273ca9d961d292ebf36a1b11c0de1b9e4960	1c3666cb0e91caddca8e90685d51c8b7b07465adb83da943653b2a2fe20a4d23
819	50365ab7116a0d96acde6507ba796f3899bdd93dcc05054cbf1e4901ff686e0d	80b011bd0bdeac4909408be8bb0af317edeb776ee35eeca84bcfd7ccc771fd85	4ca5f435a7ef6e3fde9d8fd59eaa46b8c0ba16fab01defa48a911d0b27a7b8e2	d640562e0f53d4dcf881616e6620f903f0cfb08aa4fbfa1a2b608412336c8161	196c34287ced68aa6f0d69d5aafcea0fbfe2ca700b46ca1b7ff7b6f9a0f09fc2	60edf72f65dc4fc43f64ca63f76cefe6c129d757cab54e04de27fc1df92ad44f
820	e1e2301140afb8454353fd3389160e44421bf956d7d226cb5b6b47da1ab19afa	0757dafed9b7a2ca36b5ba48b811f10dccbfc19bbd1d39884a35063201cc6ae5	5fd686e99f6124846341b832b969e6de06874a6a027d9d4911538af8b51b8b1c	d4ca48c8ee7046a664359f52ba939ab9907fc712182d41359a0b51093a0c3fb6	f3f59ef2b2d34266ca3deaf7298e264248a093918ae87c97f7c0b12ae3ee12cc	5e4744b7405d8a37225d8489b6619a0e889e1e7b5d7223fee921e21c33568ce2
821	f8cdafb6453d73e5f7fd8d7b05e5f1722bda2abe93864762b37c6cf97a3299ff	5d3614b9b744b5fd3317f665f2468d971ed05d29a48339ccf6f39ed537f7fb23	0ed8a9b699890fca5b9701365c86caaea32c29aac5fda6e8351d1c7eca433714	8b3b4121c79c44b5039853d95f6a860d580e6b1e8dff2de20b2fed9aa76381f2	4378e009ba8c17e5306d0c3db5ea9c5c552cd6f7d2d6dd66f7ad9bf679c6a105	9e438db6b3cf66919fea6faa4e112b536567938279d6ed6bf34886cd37220607
822	bc4dcaced55c98b3d211d3bcf5d7e444e02f7650e4c2ae7f095b94686e9b98e6	44c542aa430c63a70cd1e2cf6c2ec9bf0ac06b9a8d5077ff794b846c4a021d3f	505daa119f608f1b312bead5747e19b4ec1815e53a37d47148fe8cf8dda92e7d	37b65679e1ac8375a9a3e89678a108a14145eb7640b3a342b6980eb6f7c33420	7cecfb841fa051d1badc445fa354b0bc202e74492b6e309996eb080fdbd17db9	d347ca48933e5568edb9c56fc45aa969c0b372de4786f864338cbbd09474f4ab
823	c0638658123861055607b1dfc2517acb6133e2e8c3e70ac434278d09a29ebefe	035d99fe77436225cb297f231f7848430b2e35ddff64c5bb7fef0ee31b175585	9be10be1be203d7969e43f61e587de5615b8d77792f07e2ceaef58674885b612	b8d87db0a4ed9100745e74e50312ba79f9ff02d50038567b28846cb5ac7a61d8	847fd72b6606bfb8c97df4f0575eec20ad2926755b254b2c16eb52021399511b	5c7b1ca1df063d28e4510ab52dc96ac1ca9be5d3664832325c17d56b69d4fb60
824	8572fe4db71d259b45da6ed5d33f0160bac21209f71aec50d701b6fee892f211	7cec7290964ca91b627ec312ba9d7f5f5b9abd89104d03a956471217c02d8e75	dbc3c2e0c2178a3dd8c2d14431f51a73aaf81273fcc02207b4eafdf0433384a7	c4145aed5fac901f67bdbd2338c87c4fbbc2f298b9dbda11f3c2c70c5b22487d	e68eb8dd3ec4476c3cc4cb16163cb63fb69abe10d0a42d60f71943a363e3047f	d7996eddff9441e847d3314eb02a874e6a7da809f8df3bb8082de5435d2f302a
825	00f07ace15a7a916021999835fb5733269194e88a8fe1a15621efb49be07b8c2	11311a0e15d6770a9df050393abb6113510ad4f7d84fb2ec363cef2433cbfb28	15bab4bf145e46c3c9dd852a8aeaed668de268476bb9dc3d0ed1b0445e80c2c4	ff6109e0b102dd41e9624e7edd1a327fb458894a2c256bc3710410339e38e747	5c9fd4bb6bff6b1615fab8c7eca5076b2d3b5a7aedddbb973c942ad29c4686c8	50d7f082f5151527b43f97a4cc536f13064eaefa26cccc7da9fef651be588dfd
826	30126792b508c3da3c6a78e29625f6219251b6db586cbe5476908949d946cf5f	b1d1429b4b743fbf1bc7dbd6272c59618eee47107212d256f2e3ec30d3cc902b	0d4c8f3280a5ddabb514eaa6d1c983c7e40504c936b224f71964fc002343b407	60f3b5dc60f55983a657298d5fa8100e3bae6e3ae9ef23a77d900213e5149407	af42a94ab9d7793d6bc7c29fc49451a47eb1bf2d300c2f9d07960ca1cf105fc4	e8483c0934e71261d8dcce279e517b738fa14e673da472389fa46180b58a7892
827	fc2ecacabc4fb71d99f2d17df4b9ac9cf89897f0b8fda7af692a257376f484a4	3c2a2fe84ed8fda863935b194b0a44f6d8be3fd3ed94618d6b038963c7209f96	aa3b9cf6a245e29dbafdbffbd1b272cb5e486652e6e8168cb22ef4f6884626ab	c497201b024b9cbfc08252f09967ea333273c72fa101f2e84ea3d93a4ca93985	7ccb4ca2f840f36d269cbe09b5c75f9cdbb27c80f4848646c2bac4f029a40783	08a0be8f9c84997be934f7331c7af21a64b41394b39f66719665f2acee14e2f7
828	1511f0760dbec35083373f3c9961610205b4a8e240243f0ec5a1fcf1a219aa72	c914e4d2fed4fd7d9f7a97e09a200ff61415fb06e884bfa75a09e7238dd32e2b	fb1636a5dcbbba600efe3b954766f3a37e638c5abcabe04baa49e45676581288	8ac6ddcc77dbff481918e2860e86028f62a59b4dbd512e2f0c61fe024f34d708	925f4e503f1223963ab401a4d9184241ecdb87f592b141a65026f85352815eef	81c810429c41b03115c0da42178acdb0eb1525d10efdde41012cf3b6c652a0d1
829	0a1fd90d62703737c823a968ac9b16c5b2b7e3189fd5ec95bc8c431c361cadf6	300ec6bb4092ab2c8ed1f41e6076b543394d5990c952efe77b95db9425eef5c9	12cad5211486f3556abcfd32f8df38128b692b8fc2188630d95579b0f34d5543	7d4f1cde03d5faca242e0e88757d170a0e2f3e64d3359d028846bb7b88e70617	066b04be1753b2562ab0599eb5bd59909ab880eced7c577023a9d79d9c81e2b5	d424243e26cfa1a430ab7c84ab06a4dc0d05dfa8f60acc6a69d86639c02b2dc3
830	49e61d4d45f3c1e1d5d0814fbe4ab03ea4b8fc29d3b390a18fbb2a915b931f2f	5fb05302d4a9a153b069ebe1eafecbf179f50a1190f9276df562ed1479b0723d	84deb4c0d4c69faf1e19bff01aecd8789fa034b4385755db03390411d62aab21	f3347f86e992ab9f94606116addd8f83b331c5f3518ccbe6cd111cfbd4c8ffff	d90cb6d635dea3f24cbed9c3ebff210083f55572a7c8d9cf7afd4066e42ccffc	e707ffb32c563fd128b8ddd2dd77391d8d5fd698750f5537f32b86e7b2433660
831	d305be05ae248017915062319d35cd5bee850b5dd8c08d2e9d09de4cc8802727	e1b4f456a67221888568febafa763995eb91fbee751d675e39f95a8f18054b9c	51b5d236a1f03427b128606d8a582b8ca3cccf54b7d23aada8419e3a951e0f32	61f97a7efb84ecee91305a6bd3301721d0ace3c24a4304516fe97b41e87f0656	1d4e76cbd916ec79e8d893d68658c1d3a167ab63e0abccd01d045ee8b66d3874	4afe2f3bd7567ad403bd30ca55278f96e1f1ff57fb0bd2a1f065cea7fbb676a4
832	39bbb079a338c7fa565e8e810f605d11943fcd09d12697d23a1c40093b5b91df	3ebd8d6886ba7232ff82de9d2eaeda1d2beda8dbfba6860bbcc8e578e80dd52c	b389e4a638a58aafa88c5252f78c417604960e6deb2cfe3d56b51664f9ab332e	e309175daf1762d3f78eb853e5afecfc0c303957fa6222a586201a49b33c44ab	59b7c141ad3c6457aa87bb03de0abf4cfa5bdefdc26005d22fd0d8fce88fd155	25a23ad70261cf6fece0f5fa290a8eb459d078749a96a3da98b43c59ae3b771c
833	7135cbc29137cd74135fc02ddc8ee26a4071e72079dc705fb7be9703023d2244	d5b301386fc422cbbbe15c8ff1e34898ef924255c453c49c96e2de5a810ce33c	654400f1561a75e82d83428638ecccf41a0672b714646a3bcc18fefdb34fa53e	6612e2b8ce11d171842b1bf5f7d8721bc8f6aa5e6461dcc46e3524a7aa39e306	3756dc2a0b00b5ff4d9f6aa9ae1c0ced5bb55424b18ca0a58317e354bc7b595f	bd94fe7230a0a271b33f9df1f194f89ea3f855103e05251afae10b28ef5a60c0
834	6c93aeaff8e050573b3a783eb97d57f8f979ba7df3bef35a6a58807f9d2c0c75	dd2ad44d88db597ff9ba3bc67f4cac134622bec185896129760b8b05a81c98b6	038c5c5318b019b6fb66f09517a4fae64eebd7e45e534de0f3a0254b8ff2dfd6	14e5bc2734076992d5352579753d8f812fcb76608694f31d670e2e9c617ae9a7	4dd54094a54be4f9adcba63035ebb003e85bca8c654ff6470f2008c2b06e79d9	63c80e41c515fe68388a7e9deefc3024a347940648cfda64f8a0d4bc6044d83c
835	1521eb28fe4852c0d92a59fb37097a7a24fc6cedbd4b931715f264bbe6135de4	5c782a017fac899db0bae3a796c86961488ffd963dbb87d99315df0bdb088b7d	c523d7989e0c20065f5c3ecacd1a4c74b5e5ab4af648cda3a9d8b8197bb738d0	21df7a1509a728d1a519671ef93a76de044e4aeeac2adcc66238fd8869e4bc4a	0acc7d02107bf1e17eac807aaa173b0cbf58e364c5950de09ae45ee508bc848b	a6f4fa89904933e2e477fcf5d74efcd93a2439636bfe48fab66caf1b0a9c22b9
836	f9ebd12ec5c9b369d7dab6109d71f360d84f9000914ab725e3aa872a52a2cc98	30f963385060f996ebf4daa9cee2dbfa334d7516be0ce4f16e25cb9900a9729a	e5f14115378409a9f60901ca8918a1cb94193d0f5bc3f8c35b955448af2888ce	00a68ad6c89d06a7c840530aa8f30ae810e3066928ae94af1e61a52f924e913a	00ce806fb8a6a3f33616f4dd41e730fb33539a857d96eea812463f88eab64718	36881e40bd50639af5341d4d6938e0ca2db32bdf35bbfdb33183adb68a368eb8
837	9429c931b68031c419a85a0209153bb00c9902b3d33a8beb3f270ed76b799e54	e43444a4111a0f2072414d04bce2f38bee5d28cf1f9dd4587b632458cc7705c4	4eb9fc75516ca772ed37784c7577f02abc213315ec0045cc0724427fc5831c6c	468305ab5b553666cf31ee63cf9f5fa157d99bde715abeb5d84c21f14995e9c9	f91ae519f10ef6608641803176b5528a255140215783df1e15bf486a4ea1418a	f7f35d4cc8e33ee1a4ce57cc302499ee14cf772dc18cb87498d597fbbbc13db7
838	6c3d949da9f85323defdb48da9e041da623bb1cb987daa6764c23b7b53828ced	5b83bbe1f4e830c904e783b2d41bce822499be134146ea54646a04eb8226ba87	8652e9d1556612217315abcb26d548a4333b31d34ca27d4ce4510279e031a6d9	5d045dc84ac6f2deae270dbd8803eb7d63d503f7b716fab878f16c348010346c	24a6a9d38190cf8996921453ce1bdc165ca116624de88d7b7df3f0b63ab7db50	ec143253f7b96c258347197357101a432f5ce442adcde5410c27a9016305c541
839	c8dc378caede1e5d9bebff8fcc12e6bbb70d157ba75e491ffef81a4bf57d8d15	d1f0aaa929e4e81487a7af26e2dcb30d993c2d472e7d468c719741502b567d40	dfbf4eafc98a01ed54ff84c541ce0025e00876c4a49222d34d4e2a98189eeee5	6ddad8f7da720f0237cf16896b195e38de38a7eadc63cb470c658fefb657b382	09dad76c42391122e16eb77257027b7af39787fb1dc6b195125e6e5c49ff23b3	b12cfb4cd61f87bd44130b417e87bf0d9ba0f6cce90cea16b59d5d80b5438208
840	657ecf8bae68489040a9b1cd77c51e330152f58059eccbf6a8e5e375a89a2144	2f9ea7c84d60abaae70b8aed56a7e89320987803dd77ec809a12bec75a27c78d	2b0b2509749cceaee1f2a8d0dac383f80bc4a76e22f0bf14eb30350b0b76ae9f	ee98b5802044f3fceb39af63c4a1e0a55c57f1edc5475c12a05902f7ca763084	90cd644d3507d441a14d4b51d9ebaad97284c3152f4833ecef8ca1428d93989a	23d68fd02d3de6bbd703f5b762aa65b8af83f7cb7b106a795b66e689ab5d3c41
841	e0ea41f0f0d98b1b17f4f62e68f9e9966ff75172b96783d9122ad3ef3c474844	aed20b783cebf528e85d9b5a33b1928297e18669596673bc41c9e9c9ca447500	7d15623848f505cc03b5f87dc71b9d5b5fdef8f0c0afd8b0da48fa5641b48175	f0f835b0a14ffab19b4b884f4e1e8e6adfd2ce269c1247b222a39cedd7f5c724	8aa29d7623e6aa3d900861dff185fec7aa97e3426ef9cf6c317f59474eaf5134	0b5632023c5ef095df28ce5f1cb3840a2781c42b46cc7dc8bbeeeaeabba97e30
842	67faff6f6f069797cefc3adc23c9413ef80bcbc9a884a4d03620dcdc6cf98d7f	ec816b783973930c528064100edbe4955240d829644015c0cc71894bf69836d7	8f8d0551a9a14478d9ed18f5d7ad4f0d147835924ce83d864a62b1b8d34f8577	925bc30784e8be8d6dae2eb66c3a6c5eb344922e7ba1b88ea885b0926375bbec	59ef52831cfe9951ebd877d63dc1bbb7d9e207dc72708a2f6fb92f2f18c489a6	7f0bc844a3cd4294e5070976897329a1a0728ea24b0fdc5e1f5c82078d0093cb
843	e97ce078b0dff903d4545ef9ac2627eb85c4fb393e5eac4206665d6c9ad0eebc	bd490895a8b3b8902a87f2f11d371714b3d35271c5202b28f654620f6f3963bf	1ba86ab6d8227e5dfde9e9cfc21a7525ea10394fd52e6b961a90f80a9f344214	d619eca5e42cb44315601e7db424a62ae48cc2cacede626d372019d169a42d40	294c49205e3fb50697a5f7ceaf0b861e7f9e59d113a8e795093d3c4e0fa2ad6f	c4ee044ca415c52db9b2ce7652dccae73041064d9d2716a6ec5373e7d136f45b
844	6d80a2c74419c5877ecf184884f49250e4dd72880e5548d80594a8bbc0ea7c5e	ed11d3ca6b2cb242ed93018fc9a6992b971661d5b6e93dcc647132c6f8cd2484	30e160a394f3d68fea2dfa1aee95622946d521415d1dd71d00b8aa807a2c844f	7d1d829d9c4ef179639ea6ec57d1c0738b2a64eb5d8fc8de37642ae9924580bc	e104364582574db67383c9cc1248ce35452a2c1092c4b79c29540585764a680f	23a66843e412c7af3828d8a97ad82da00d0d47069365d9bf1cc342e469f361a5
845	c8ad12030028013c07d302f5e843f6fa769214ca0986a89c04c8825558ed1812	3b3407e9fd73e08ffa168d413a1c016a525c5a51b480accc9680302335695611	47264be1b743152b97366f9cef20333d12332f55202175797eba04debebe1594	71d038e4cddec3339dac070a0963e47e1fdac91aaebee327021361e9d21aeb9d	4d625b82cc1692b04ee3a9256b1ebe2d5d864e5589aa4d03e940b4c40e0be127	4c500b23dd344e37fade466b9fed448587fb0c8d83482ad2ea23fdad593dc814
846	b1e9bf1691e6788817bbc027d03eeb4a9d7d946cc0d1c0a4b5929d3a06095a79	6e7ee71c6ae21551dbe6253d3357b593acf405548fa54d7e6b97dd94fd103075	7a1c0711ee6afc91a555a7a6ecad3d012fcc37ba2ddb49fbf5f08846d56b1641	4a9d572893df492baf8ba7a329fbcf88dddf70a03409cef1ebe6b90ac4c5b121	68e44fbb3981f75c26056b3b8c65169d73bfff5646ff494317ef012a33d92f0b	dd39c3a6d1c43ba808c3bb8f83cea36a8761680cd8a92a5c8a148006b8cf783d
847	5f65f30b27d7b18227d7b60d1307bc96d2b5bb4f165e091e0c933cd3d528a358	6587b1142ad11b0f9c187b3eaacd472061b8de5d7a9f6c0e142ed6afd83e9766	8f6c5005c0666b0120ecda89d466c866ab9f9f2911221c0d24bf9d6395cb96c8	938a85bab77e40a90c64ab4c99d3add59202c23267722ca3ed657da430b91593	7b235711ee7500079d71da899c4da645dc502d561ccd7f036d22a9d4a72e6d90	8666def34facd40a37812adad1f05e39bf4789984b060828e7bcb957ab5b1b00
848	14e0c5d111684970b66ca0eafbddae0cb1e71173e24ba33fc904de2efd9520d1	3bed0cd1eb6632b0ed15b430b56fcca81c70fa163c6bc7119bdce20f7fd002ea	102b8ca9a3a405a31aac94aa5ccf4fc503bf39d5e6e89fb5aa9bb7b0395e5471	c0d11e3b4531116cf498c18ef43a8e4fe87565631708f03d611549302e055bf0	8e46b3a4860a9592de8acd931604ed80c57de0ff0fee0e4865a1b5f4ebc98842	8cee49d65c90a595097b270af65c6b244b2105372fd8ec917d43aa09a7bfa56d
849	fccbd89d758f224eeb7e3966db8d68c06884381216ed163e26529e214dfe803b	9431037ebd079cd911b8bfbf44221eccee578e2266523a2bf8144c1aa9eddacc	48863f2b6e66eecea9558ac09f982d82aeee04eb2f45a77a1fefec6e0f073e10	3a0abbd12932db05a0aa0df54074f2e9056368dd653aa917c7a6086257e49719	9b9801c6f212ac3e48b2a2c8322cf57f4445dfca59d2d701c7443251884bce47	7d479f66e90f7bbb0c70313feebe2bf0168d93cd775a7118de202e77121b5286
850	68b8679139c47622bc005dfe53ada177ade61f1cf47438a6c8ccfed21cfd3e16	e999176634d440b02bc336d71c9fc465b1a8e5f647090b228708a843a4631d49	efd7ff046559fc4d9f4274d89ca91d25197f7afe6f74c496c6dbd1ac10028d99	9cfeeb84895f9af6bd5134415b12273fd080e0e2b2aa3848065b671f907a820c	e17a2046814ad3741ff3ad1f94802632a036f942f4bde121d7f94a340cae982b	31b6eec39bd1d1af6f5183db41943d2abf731f7603f78fe5864f2162132e43fa
851	d2e311ddb155d1c06480b1e73e218e1d78fa950fbb6ff04a7dc705137bd673eb	960c2c76bf3b7da63b40812a303c63bab41d0bd1005865233fcba286ad094191	db1386abc4b8609da761a6f595d28f10e322c171bca88625577b231a5a411766	cca6d038d61f66d8af3753443358670720ee914a564856cb01182ad9752f96d0	091184e85416855fbc06efa67c50816c90a8f7e95ce915a5261e29f1662e179e	f6d29ed808ec538262ea77ca3be7b1610f1de83795b274827ce1de0efa93aae5
852	87bf93ce5c7e23d334173d3b737ce0cd9006c1f5675f39477d919934abe9238d	3d674edd539f3615aca96ca231af4eb9c7e7afb384eecf22500cbac0da935980	d45a52a01bc8b74f033d6ba32150679bea4e37701871c2edb715930f236eafcb	428dd6ef69b6d4442ee6db79f459317abdedf5896e3f799d8b251b5301d247f4	69ba104155707b189906d7372ced73c862fbb5981af26f3a6fe3c861567ab04f	b469813409b526c35c39986f4a438470e1f688dde0830260088c13911714658e
853	3c372b0aad4c0edfa8dad6d439b26096382a3d484fedbf0c2dbbf1c9aacb9036	38b71014aedaaf2ce70048977542c8cd2d11111dd2ef308c22b21846262a7f70	8659f609d4aba4fe37e29c206b5b057c8a7c2eddadeaa8d1cb0ba9e45b9ee16d	69df77b0a9aef17e4752a70b045a21d71f29ec61462107e006fe56f225fa8a83	b41464c9a8624171e3ff6882fb220988752e3727334d898fdb33503813c7c8c5	0cb8f59dd69fcdfc56f1c00a4e8e3c9b29d8f63af46dbf30cfb4f7ba672df62d
854	1eb2a1543cf78bebe71a44670174c7f2a0eb0cf2b40f776bf446924979b3fce1	5a38741e933162eebbd334024476597c2000054e3c50db8ef2ed3ed344b4df1d	00dba37f3342fb5e5a5be0caf7ee92f9b318769be852dc21c7141f7784ed9259	1cf6745b484f172a7304e6d8c63566f92c5880f4b9946b2857f1a84f304c8e35	13fc5b5e7c3d877557e0c784e8dd7d39dd5fbdddee67da44fc35b78d634011e2	8245ac9444a94798686f8ac7c18c4ef388c58405c5987495374ee7235e33dd70
855	191a556ee945b6e40da6241d8c21fac0d98b715a80147916b0852a936ea1a377	2d9b8cb4bbb292cb11c84ab2139c042b2fc61246dfc5db93cf677d818a617645	61a21fe453eb3acbb2e0f20b1c8bc4f5ad4656fb27c7fa88374ea87e193454ff	42bb4a42e8727f5772626a307e8dae8019aa51e14c22e3a795df768312c07765	2734b82e5a1451304fd7cd6609b44e34e4ae082ae7b0e015ead790f026dc5485	a7416ea5081327c76528220e79771493ff47534cc0673c4e98927c612549460c
856	eb0da45e30cffab105710705026c15f0d14801a8ed288446e6c98c860a901c97	b99cb7716f4486dfd3cf4e533a16ad3283977136b8d09d6bb7b028ad569035ce	525cd674f419b43a8f08d1ad96168ac3a3b631ae75a6192a9edd64ad73c79755	d22f0ef61d93e7c87c958d9f86f6e691223b996be4d67050803bec99d9b6ab39	ea70f5fd555b24370f45fef58712a82300084cd775c9cbf683aebea7ecc3504d	541ed1fdb4f4ce60ede83b0a4e032ca8b2b0fb920d30aa890d5f791b233c157d
857	17ec082a5c334023bc28576c7311e652844ea007e6449f28e7af934cfcd0593e	7098049cb8202534526afa5fe82242d1d07fb77fdb84c92cf5624c0f4c29b363	a5e88ee239d69e0849436d6de1f28d2ca5e96978c6fd030b3a38fa65fdb38aaf	6d28711e9840fe5cad954730fad9a8ce8e7492df43e71a1bcb5f7daac1efd728	79cad8e4718f135906c0f1c1af55e58067929bafd43906c1565e547db40f480e	6c453d3ec9ddfa1f718d89d4c39d5ca1886e8451e5f8cfcc36091e6fb6106a79
858	2d32fe5194e7c60c442d518e7474f3b1f8ebf240495056cc110fa30e713039f6	261b0498640bc00251e2fb24f3b9dfb6a511d6cbd438105c8997716c54b704bd	0d47e760165d2741a59bd312b963f57fc9082a19322c04fae1c5635ce2db2db6	c1f86d6f5d08d0edec8cc005f22a511e9f1dcb3895a15dcaa9319001a7ac0eba	dc4a3a584e839da424ff7004d7733b088332560a5492837134fcdfb606177c34	81a6f878dff417b3ed55217fe933006ae8988dad76705fb645bfadcc8e0e1584
859	9e54a42dba3d4df74f87c2e13dd58337f41a6de3f9f79f41b46fe31db465eb28	0f88c75c611a323ab430b85fc0b2edfca21a049f0f4030e79f0a63d9240190e5	efae3ba7c2650133bdf40678e80ae8ff645d9a0d216b87d6b9b75f0ae2acc4f9	f8a95677298dcb9b896852105436d43631f2c1cded4b7da4df5742788f52f141	8372dd85fb42b66d26105f579b7aada4a6dfa491513222d66f4a77670e3cfc42	57658018d2d81251badc56438cdf33d5645124dc6a8a8f0fddbe9ee1b21696fb
860	88b92949fc8c92dc6792d08513127fa0003604b5d1a9b6fde1dc9c00dd43199f	b3d8afc420fd3301d837ddd2de3a4c1d6e9d053f4eada66f2a1bf19935f6465d	a87ac4278a4a266d3d4b4f3706e0ce28d57fa89669637d1dd0df5d9dd544d0ca	63212b375d030e4b9f43d583c255e4c13572bf8f6e84ab4868e4bc3b65ae9d22	e439272208c4c519002b88eafbf71b9a04f9d6fb5e9de26b184a56d9ff7328e5	5a5bb63495ef3c9c4c77e38299eeeb426b09f1e3cc87d198ea97139bce31b5c7
861	159abf8e692dd9c34819f9c9231a870f073dc79645326a72b0260531c7f5ce9e	f8e2f8bfa534b1a5a25194c5a212fd6f08e708962289d277f5e2a74e2a5b10f1	773426e2434fd5cae028f3a97dce1e46cebab6b3c731bbc2348e22c255477106	9bebcb65e81aab9799840083c1520d541649035631d4c56b24af703c678d23a4	806044c64ab643219fdda0f38b79842be192dc0afdc33e4e5f31703dbef16b04	171fc43e8a5f105dfd9be57f6a085273ffd468bfefc1ef8fa85f396cd1ef6798
862	3ab646d7a7ed9c15b9dd2b07f417c808692e6d3be28e423c597d34a69d0280b2	ddcc9544fe48ae132bb0324e96493770be1c7a50551688347d8cb5dcea25cc7d	a560d20eb5c3b382ceae8230fa00243ca16c045b2a2e1c9489de8cf74f530ce0	3e432e1a06cca05f850154c6006b5cf2c271923f8929168b471269c359db18bb	8f5d00cdc1f07041e47c97fa948276e2a5249a6fd0a39e892a73cd44ee737527	abdfcea8ff9fecc1bb63b53cbeaaf426f42f196581c7d280dbeb31fda34c3acb
863	d11388cb8e338a44912013d32dd960a0a8365c10fbe1f082f62a9e85363d7411	25598b00f6a9ee259eeb7a9aff7529e710d3276a9d7d7af905d9e6438139b2af	a579a5d42acd7014d718c5306ae91fb2ab1b74d8d82b3e1b982643331f7aa7f0	ed7f475f4deeb2215894d715c7dcd84f62c29e38e8f9cc5637d55a5b2a5b1d7b	811d60e66bd39063ece4d6502835f9437fa702eee5f75c34d7c58b7c58625da9	78c4d4d133a7ac4309415bacd002316a23bc746cefb9e1914091f840c69f3217
864	d57bd0565b0f311e32a680b4443a9b31ff660b70c1680d40df2bf349e913eaf7	6d73dc17829afc419c7332604337756d9de0bffae1df877ab3913a011c343426	ae9af592bf60a10850568f19caa47f8a8229b74a4ddc449155db94794e7ff3da	7f1f8a9e86917244e45026bec3a6293818ee89d29f3408d574f13f235db28059	dac80d0e94213c2822e41e15d2b3fa6c7b1aedeec1442be1319011b8c3b9fe43	8190a2a669dc4d5a44d8dc10aa93ee331362ad8590c9453df49634baaeeb35f3
865	dd34d9bb646c4fdd1f7d3ba9cf05be90397c50dc56d7d4386940937d187b5425	97327f2a774c400061a23b58421f8f8ccd33674d2937f922881bd40fba8094b9	a27646336d5f04d83b7a58cddabb8b9afc3d6b24d95666876e356a684ab03d38	0c995e4dacb67a6aad744c45a7ac34c87bb53e3d0e5e475446d591b15452f1b5	09098deaa82a1c8c71a06c4023fb35051e4f5d643fe92a03d1e6931a0eecaee3	a2eea40a7c528139034b18bbc357201479c01e5cf7f5155e0fb86ceadfc706eb
866	e1e7f2cb74a57f3db3d2ce18b4ec2c9fabb81e40c87601d779e185150b337c3a	5475c521764753041354280ae979cb5f44a52564cb602ca288dc9dee9ba03956	5dc01fef5ce2e27d2081396553b0ac5700a17832976ee8376e6bcd5a04bf1f4e	3d8f3078963dc937206329ed1780f4585acde5f0ab66a13e4536286d61015e8b	25e5bedea81f567a74b179f8895fc5f2dbe4c2f75ab72a35e810e17d7f165b9e	bfae5621f7a71af43e5dce799c1c354e6e34392318aeb3bdbdfadebec9be1159
867	ce12606bef944ae2c7f588a52e534badbb7d823d355e17777180e872a5a01396	61086506df39ac71bcfd16dee828895bee75525caa675d68753cdefd028257db	158d65547a973858f12051fd2a14b23314356b079652b2aeb75d0f16e4e3101c	679fe14c6c88733475ad917657d41af730e7c236510c1e037aed9f2122559671	ede72d8f33d08cd251d11a7cc98f26390ada651ecf9420fbf8535d83e3ac5d4c	704b97686c50bc27098d6b4dcb99ae08804f55374e56604079aa4316bbcb16b0
868	ac36c196af798856211e22528aab578cc0b6383185af3e783b4dd19f95c9052f	6673fe4d563d90d3b53013173f3ec45ae81fc61e6694b52c64420b302da09eee	bf9e05a57dbb16593d3aff73562673921de02b269365269de1a2998b8a9c0682	d2276b2a16f69ea0189c4d8d8132f2d330db7624767e59e1180da39cd199930f	d5adbfd5835c9d888a3886493226979ad0ca9e5555079866d0c40ff0e3113d4f	8c4010513674c5e01b6bf2f00678e6b83057e84cf3576631e99e8be91ec73893
869	6d0d9074db7a1304f7fba4be2b84e5fdc9dfe70e825df45ff12dc32ca60e9629	4591e7b6500ce86b277a1b247f1670b4f401c6a1629e628afbbf6c16f05e98c8	f2832c21ac59f979c812129039af31e7d3f9ec7720fcc4e71d8972df733ea003	5c8b92b29ec3e8cef5f4f4a4197655399f53bf78551c21cebfeec25319f969e3	a8e512ea5709bba281e48996da235e50e61de3ed0ba7cc9b24048504bd3d73e4	e3a72d1f9ecfffefd2ec54c7cdb4a4f2262c4680e0d8b2908f3dbe13251f84a6
870	8043a7ec8da1ad4c86c9b02d975cfeffc455a975e767b9a73fbd59c944bae417	0e315250f33159958ac852d98834cc1133568086b1b6ce6f6637577bd00c4eb3	897f345e28261865644e8e89ec684003953184256fdca7837bcb940da298a3c4	c1104fc25eaa856333d28ad1d2d8c24ec4aab79adfebe20feed0b2185b3ba442	fbc1c8d2af49b8b0430d8cfca94a401bfb0a4279044415a92a71d99ea7aad248	e5dd71d73880ac70bfa2d58cfe673821de30e853d633e5f6611edeb794ad0ca0
871	ebe5513e74a95f3284e2aa9904a74cb2607a09a0456c2eab14b7aaea436f242e	bedbdf3868fc2da605f02a2aba653ee74d113366fada07599bf7a1eda9c18095	0d63ac5868f035aeb51a17097a235091574afb846b6080e6da3bb72e771b41ac	078d0e0620b958f6a02195cf7ecd3bfd53f836db768c9d793615839a8ebab310	56aca0b67d270c69a2e4a4e305d03e0c272a628dddeebcc507c3c8c42abbc597	cba7356af3ec786f483340ba9db5ccf806594dd5cfa8e54c5890dc45ffa2257a
872	c1fcaa78bffed9703a3c699825ca6fb59b3f1a5f936cb6ead96aee7b7ec3393f	7d0f198a566aa46dfdfa8771596cc383c1afa50e61c2c4f60f4c76ccf32d1ab2	95ea8fcdb779c9261254877bcea29533426ff6cd9efc15378d8e481fc35a5638	1a8e0a569911297cebe5d64f496b2948841e95a5ffee4bcc825c07d8d3367821	f21a393da48cbb73617b625b8550918e53339cb22bd4fe66dab7578022695d8b	0dbcec4a7b7e76393ffe6ab0fd0bd6ba0de797920fad33220bfded878efaa99b
873	953fc9f6705f23f43b8218e505e025f21a715a767e3c9388a8e9a93e300cf959	612cffc28877c32d97b3a6734749ca8e5e362a6d8bae10556f6e5d0c680e1bd2	9eaef7ed086cded094daf62d4da402a89beca3612ef59e36446abc51b1a1a0f5	74237574accacc7bc841b2c6670099227992c5048721d2a2b705f72162debde6	e60ec9d99a80a08ef99884e38a056c6c94a02e862127139ab75f8d7cb91732db	4303f096a29a5d57591814ade03308e6e9951d805bd9de83962cca7a6da47be1
874	3eb0b16b72a6c607db2c5545617f810ac31af7d86a520946a038afeab866fa55	b8363e127674f2cb7804cf2829e10e4cd76e33491453c947a8a969fa9be3af93	71adbf8e634113ad559c0a848eb519c3f3ab67d86602622a7c604ea54edd79c3	686b01523e5330a90902ca1cca998e5c1b483a87cd5bec35d46fdac888234a72	9113c047ffe9a8e8ada122962751ea3f25d6b4c17e53ae55c76ac321b67fdf1a	64eae98a3f5dec8aec8d1860d92d5bc96d00723fb1c9559f5067bb575a15cfdb
875	33d194e546a28e81aa2a57ed36eab29d30ef8646e8960b5dbb48a9d6cdb29f11	a50dd57f3e850c47847555049be8999f306eb8f54cf5983dc6706c3a450e5bad	387a0b89183658dd0f97415fc9aee3883ea692c158e48463dccff20184e83c59	9393b44c4395c7be873815638adc6cce38a967736cdfeb8ea4a3915035510246	afa58d8c097db97e684a69f12dd43dd9dbf1a533d7a29f19cad08bd6f6dea99c	1aa0c83d93d0c6307adf2bb11f4227ffb303ebd49262a00794075830fe41550f
876	1f62b2c8a04c2bcf639d89b575fd35aa2a94e8e9dbb9ed4ecb2b8e27740f8fde	7859ed728aba8cac9d386498be00e19a51732169df53cf9ea8da556ac66740f1	2565681c08ac86177f049cee03e20dd3f40890ef9e9f0463a67899699684f2e4	e0385c35277387cad533a27cd9889ab4fd454f161ed60164e331e2519727eee3	0f57ae6b36525a136d983d4f2f54f36377d26b095c04355cd1eff2872d512ba8	d1307026292e30f46c53c2928433f903ca72d592761bed94b18d6923e403e819
877	0cf929ef5f636bcc288221249fa737948acbcacfed5433c009d682059f1aca75	f2d36f829919e370f596241795e94f2530fd5226720c7b3763d2b23ed9f0bdb0	0636a01c77c84f9d9eda03cc7c7d55b460902e24535e1d15d515264788437680	0e5f6c7c781bd9a38425d5994b601307c9f50bdc7e32f2c181dd608033dd2281	570dd47d0d3f94cadb74521c87189241af43327c94672f474fdffdf6d3b56b66	fc7c2b5fc0eb38b540516b4c8fe623612bbc6da6bedd845c388bc7a3ba5e85bd
878	d23a89617ed804b3e1a9b65985d841ded3a601beadde9411ece2e880f3c9ac49	8ff1fa4c85a6de54bf84b553a6313bb963fdbd46ecb9322e82434ef12dfaaa6c	5d24bf29d776fdc15fac6cbb091790347e3426f35ca6360b3416a52afe88c0a4	a23399e1fad8785d476afbee58bc162d3b288085ee12a9268fbbff3ccb06a560	a92edcb029a12217a3582574ebca2312caabd72b7ae8de4d7eb03ce922ff7c23	57fadf70e63586de15a61d0061a9d522f1d6c026acdd52ead8748ae38f070f32
879	236627d3ed1aed20622debaf1f6d05cb23e08dc4a5fa5db2ea9a35c36cb9b5c5	c06d608891d15d1157b4faf16dcfb8f28e018f8965de1f7d508e1b8c1fb2a840	165c4a258741b5df00616f22e32add3398d771c8bb1fe872e56a24587b97aadd	b349068364ab42205d9b68e201f4d8cf4d66808e6878b6bacf30574405ad4111	be90862f8cc3df555520e0600e53394c4b743eb15ee55d72b7b9c88a12426a98	79a23acfffc5350ddd3a152b86514b9dc82886af6b0a69444417bd38a4f51719
880	6263004c55a9df2005def9153f9337ca513e642b93a090d4fd8e81477bcd3a54	d8f20adcba1aafec78df3c077c9341cf14bddaa7663c526256ffbc4641477b97	c162bf1be472a7a4b541387eadff962a3125bd6d48f29dda0cca8aa12e63249f	ba97906a7c17e56248b1bd8135b123ca488a17f730e16d777e88a267e9ad85c1	fccfe3ebea9de3fd6ea610ccd4261395355ae3bc43994593999a30fba84e8677	b4869c7acb6a7bfe617b87dbf8aa5f0b0b85a2d74741e031868b4a628c039f98
881	196575f02a893d276045e20e96938b4de83c47ada375ce5923e26cfd40838418	75f5d2f422ddf9b8a67e4ce3b131f874a914e6d6957383adf1584368617804d0	9528884c92715b740244ecde731a55f160afa81715a20e6afb8cccd91685e8e9	b11e64deff8e7c0279675fbc6cb404afbd6d88f19a10489a8aca405f0002ab70	34477a7f9cb3c57ac84f9accf9bfb520cd752db09a808063d47913dca2db68e4	3c12ebe43fa3af953916de5b571beb9ab5853cf722505d5930159eda45d6614b
882	5fc334eaaa649d167c91d6a97533ac1200b06461e63b20f85d98ed4c2aeb7ca8	f0903b92d9ca2cdbfa30f165c0b2062238fe035f36c401cee97c098b7b7aba99	3736ceeba8b7c5613fecd71719504be2c2e4a27036f4cf5941679cda21883cb3	7c3628980d86dee9136c13ff7c12cf464943cad23063cd043af2e429b040dff1	ff06ced132f16805833192e6494765e316b18d8cfe822865a74ba1c1fbf6ee94	d06284dfa4b027f9d94e9f5e612c1279d38b02c875915fd7298c8f19ea0e4432
883	2f09ac73c2d2aa39aefe90f7c2c3f3127700ffca52440402fde1db9447a67148	dec71cefea004f253b9188efb778937b2dc4bed09d5fc32b107ac339f83a01ba	b7395747f89defce1016a123f6c444d8e1a1f90c192d32c241cd4fd38a71f773	1f3994b010369471f2af3316e1661466579cee002f255311fbcef3176162bf61	e45585d83867e4d0a35ff40ec3fc755ef3c013ec9601b9c6438fb67061e2bfa4	d1ee45f0a8adcbe8edebbbb7433a89f3208cdd529a10017c44b0f3f55cd90151
884	ee941d0aa7ff8a1d18303f0761f36db2296e91fe8955c5c775756a8741bed4ff	4f8a5b0ea47d3c86f4cbffeba6b271680cc0c265dc7bd4b3a115e50dd89ddf6d	ef3247ddd1850099453aa9db757a226461cac5bf9b98481e905439fe026ac00e	588143557c0c00f736d9e8e8743dd4bc60879866044c0e38828a8967088dacd0	67313014fbd1318943a7cd01b2472d3289c07eb6a38c4649ff68b8ed8d621f1f	d4d77c81777a3f599835bef942d8647e67acbfcca39bdc015f2b0420e8c04108
885	b1b6318dba347cd89bfc90a8552bb7c4ce5853afb7328b0b6e30cb631aa6f948	7f45633f0607efcafdec9ffe69bd8f8a769205ef46712fb36a891cf60d76c6d0	ab8e37348ab69c357224d839561e911761e055d2cd2192cd6c2fa269e3826e7a	5bfa3e64006d46ae5378a5faeaad01ea38d98f937c47c4a7d155b929b779dc8f	e03b1c95b559b59a6b74fd0aac416113dee179e907d4e644e7110f58e6b033ef	84d9d74dcd5b974b33d15807c89099d889daae33ca1403fa8b11f353e380f29f
886	6d604768312317da8f342eb12821d72c3410812eb08d6ebdca2fbb546e10be41	63fb848447e8b5dcc03861a88af99d7f90ae9ea1d39e8efbf18ea4e88820bd34	5d4c0fa646370c67794a7e8807229ee0ea7a3ceba4d76677537f082d23fb334a	a3cc989177c8c380a807f4ebe813ec98f8fb12e2a5a64b9c185e02d03949604b	affcca50ea49d7d32e66b79f7314ffedcb402d8c798fa0f1d0f2f8a24b3a9727	5b0ce4425457f84e666aafd584685054043de45781828bcbf5a5d8fe17920015
887	3737f37e21034dbf87865eb03d9206f2b2fbd4cd402db5f5c58faef690b53bf2	b2f7bfa436e73064382ba7fe1b9b54dd27630058b423b6401a11acc12a5bdb62	107fcb4fc891a71ee637daae031beb2a1ceb7356628c77a05f3eec40076a6f9e	6a7f76481bfb6d8e4b83d1eb913424e4e1b41cbe562800a11577a60e923df9fd	6a9ad56dc772dcdd4e9a774b5eba0cbc34d6006baf11bf7fc7e5f0bf18f056ee	3e960ebff6f1deb7e41d81ad0c0b966ef618eef8189f76c068b0f16218528913
888	630e0946a6a7d55af2554e94110d2d53c74c71e1860068267b74c04a716c4894	0d8529a2054247a0c22fb107582e2e57ba88bd31ac53e87e7e447f217c43bb81	80e635ed30fbfd90e2435f395887cbb85fcdd519542c2f66be0e4a315c374d14	c3211fa7f603d6fc8d3dffa9b80ea37963ff84d3ea06b27d66a4c652968ce6b3	a426d414a8e165212c5fcf5ff271b60afcf57201603dc60cf60232e1b287960e	e1fafdda686d085414302e3cc9978e53482da55271d258dedba387dd60111f30
889	b70c52fde589d12e9e6ebe40a339c048102da081b006a05a9d3062d08f59a070	4abbf89e3a96e7513464d57de0e50d793513eb3be89a24958425d8348a55a2be	1330e6208b0ff7c055298aa5643cf94c3ca350c54725ed3b4e287d44ef038ea7	4d6d001eeada3a94e8e87452664d7ff87211fd17a038302d3176bcbed47bb9b1	b65e1239d5a7d0d49667e4f99bcd27f87bbad91e102a4852cb6b6e515b499ed0	5699055e8212f11046fbefe7b8b32ebf4e53f0790094b79702ede14d3c831a3a
890	fd2863e68999286a19a1a15544f85627bd68e48a6f76698b6e8a65b382065254	b1b4cf31e380738c21a3a7fc3186ae2d5cd4c2967789b87926b5c005b1ad25a8	28cef41e462851b1246132a1e4d96ca94673de09f022a64fa729a012ac17aaf0	4b5f8c3e282120179340931043aa2f7788904dbed1b610fb3a20c7b57602fc84	6472104ab9b802df5e86d48d259c3233c3432674e5838f8232c812312538de72	bfe46d38a292ecf7621069e1ee6131baf5199ee54c2a5960951bbc34b3c7a03c
891	1987ebf0cdb47767b79a5367dd3d5919ee01abca2b29f6923751e2566348b18d	17a74696f2b68853175ffb81036e885b67c63786558898f444edbfd853048706	b51fe41c663c413d4b4f101fde9064ee5d356ff548904f4941c00a582f974989	593e80281d5cec165f044e42f6bec6620449213aa6d18a5effe737ce717d6072	9227a25f7015ffecb48507c2dbff2663403b4e2ecb3759c2f6607015f657c117	dfe89323954822c1ef0d53d166c756819d9b93b64ce53c6135258f48ba142bdf
892	9bf5a6983672c2352c299ad22dd8d5977a47a440ac41f9cd51a1ad8f9c1f224e	bd8b276b9648162e93b4861dcb540d167f85a538a7064ba783ac1870b89926a6	e42c6d1bbdeba5302103aafd11edcb3cee02c4389cfe4cc1643c0074eaea1d6f	97950c70068beec57d903765b2addb69349b7a01dddc2db5e800e20e1675137c	892a210de1244b5c98315b4915c2e8b433f8db31f0c3c9b9e4d18d291e16271c	b467ce1bdfa49ea6bbcbef104d6150f212f91830149188898ead4794895ffe25
893	12fe5378e40ba47121498e9bf105ad3cd66f720542a77491cd49a8a460032849	284e9d17abba9be44b865fe939f2fe94ece0fab591a0392055344067b65ce427	dc73871994a2f37bed24aa2349fe5100d6ab36f7fa51a544da6b7185d561da83	69cbd60cd4ab16c182fb2a2028f57d52768cfb14b072c93c954bac95d1d7a2a8	1cec10ded0db9feabf82396a271f8ec2ec407c833db4f6fbd1a1066879e14833	1c8c6d29cd22d837bee17d6ca60f190ea2197aeac43b5c1dd6e5d2e777eefb49
894	ee96baef2d029a6b48f5a797f02677d0b6ec7157348b474481d52968955e8b1b	f363a8dfac0d886037421adba8c06bc4a5990823a028e047158b84300daa9613	c2f7d672a1b0b28aa62d25f227a9713ed3e84976492e9be9834f352afff1e6b1	89e1ea39102a9a01600c22512678c7956f36e1576cd416104d0f70968287000b	515240414f34bcd868b26fcd9188f9011ffcbd0876fb1927211b6cecfa3ac482	ae5673f8a582d4d8db98c2d8df488a3f4fe8502a08c2319c480e38208d75a3df
895	5953545aff838730e1af6b0d73fb2663914d61a01fafe41763c1b47b6680bf34	a8fd84d24c4938bb757bf7585ff7375171d9899580681c8ce5b40455f387b4e5	3c1868866efc57fa0062276b8c174198ccbaf5637cf189e3ac9214fa15a2ff68	82408120ce7a9ac59c9166bf7873ff802d5621173b9f7482ac90b406f209e3e5	a8cc62161a9e933b7f4f9f77e3b78b94934cb6fa191befaeb97f293448030c8c	1aee3333d684f0e5fb13daf54afab796d71f8d3593376be7007578555d469f7b
896	57d00fd3872b777e7e7ebd887e3f6e6c57ee8a56e63a26e92355424a79dba04f	1a6ad63fd3b5f5d38a1e0b56ada4a4f60ef85013c7afc01ba82359b7e1c1683f	c042f9f70ba1aa6386cc18cf5e3e6f275369494f57aa71ff1bac92d52658a285	c5ff4fed2e08c566c9cc04957152badfc28224ab7b08ddd3961ecae3251f3e84	0777bc0b2f0538e6d04047200e66c437d0b207dbc38331a09961ab30ad494ce2	4096f5e69a00881c6acbb4073c3a582ce05c645b56581b45efb2d8eea7f16460
897	0e21dfa08088240793a0f3c8a546a1db623ea697bbd9e610588d1c7f8803e2ff	23637fcace93245209792be19cacaec2b57721ac22a07246b35ac8af26533490	53f84c4908dd434a3f24a6e147943732dc4c8bb7caddb877e75adbbeb21c55a8	56d73eb253c671b1536c1be96eb843ab1e389033dbb82e1fe807f07bf7388ef1	e966aad530d0d1f5a2746ec6fa0d4f6987ffd514bf255415e2a3a349a4e11c7b	07f7f449a0adc858f0f7b7eb7294c2a58b5c1f0ade706ee1ad565c90f5ebe36b
898	335bcc1a5630a4a34c175068cac64a50c669a007e0523a3f50ca63bf13a4d627	723e20df85403a6206a7ad4a4f260c093067871c9c4873cd2631eb3a313efd2e	27f77941995ac8809e72910bd0e23f9743815efeede2994a75490a3f6595d481	fc8af4550aa8c76f17bfcd25b65acfff995c27e50aaedd452edea53a1682a88d	8027bf985a677ef59ee153c6f2b0f6f2e4d7b5da90616d5746ecee19ac87e07d	2acb5902f8e8a37e1320b3c9b43d5538e2a143a1694564bf1217c8586ccda5d7
899	0cd918d0d1972f9f58e1481980b5d5de0cf55c8893345d9511b592daf76f1d6a	15d1d0e19d8ba9b4fb422a81a37442c4a79406773988c487d23f7d183ac0ad8c	c71fd2d3e51c11123e7c73f98682c43e841d10b74d9644b00c8d1f2dc652e197	045fd412350cdb8af61c2cd32d65539a5703d18cb599807951e24544f85cf655	f46420031d7c5d4b6828e50d93587fd772da99d0071742871f78b92f876eba33	2f1db14a244794676dc9a4e237258fee46cf9b1e8f307f5c710c4b8d48fd390b
900	a8cbc52d04b431f2b9cb9d3fd55f1a768ea1a8bfcc02b50fe197f94d0aad2f77	48ff04799c5e2730a44b541b786eac198ced2bdfb5d7ec9ee2e0528a4e1a5f30	fd2f42af49b795124faebb7f0185c0b29acf8ed54cff1ec74d4d6f14948dee87	5dbd6c34f8c3b15f96336c00a48d8561304beb6b9a9fba38d1f2c3dbe33aebc3	d8eb5e1e6f1795fe04a616be2320dbc188a523e395a46740361656ce03b40549	86bde1bc0c07afd023f9bd27ab9a8b5ddb127c489d00b1e41eb675fbbfc7462b
901	493f4aee4518ff33043c8461f41194a9a6354311a939273f44a66ddbbb0d9fbd	9d2e8365f4f0608b5181cb0db917ebf320f0693624c869ca0a3b2320951819fa	851bd3e7a904b2cf64f6648fc0e4250923b6dc973381ddeea2e8c88072e25a6e	0f222b105798732e6f9d00b53cc6df9f5dab16bde41790e42d9e54540b4dd9ed	2454e29b86f213629c72b966f1f9a1bed7d63cfb023e3d15b140fdd8f7e491fd	8dfbc879c3ec5baca27628e89f17b2c35c35144d0c777954fc6e3bf45b929b50
902	d7d5b20c1c04eced34a3a32e2fa784efd3b546f9b2844c4b51c05d3bc2b0913a	f81c1d14cc014e0e79a93cb65c45b620442f89d0292170279e0090e540897e58	dc7de00bbe19f2edf4cd9c2e3374c73d96d08f9e37f3ba35b9f6d59383654e8e	25d8d300f02774aef1e1bd73079f6e35ccf37f0075183b4fea6485d308fc4946	b9b774fc0e7a3721d7643231ef0441f9e732173889422650153822fbbb4e2bcc	bb8e0ea33d95db084d45d4d28b2b864a64eff173fb21830ac0cc4fc146baa682
903	117fed6c30668046604bf03b3adc5d5f34963d7d32cf4450291c3810b409b074	8025b227218d575e2fa77af0225df18e160a13d055707fd264d0ee569abef825	80f6ba8008c1addb80260989efbde34545822a8cc74350610f8bcd1c0f1efad3	1a163a37d810d6f5511da7bebb63f6bea2e2a8f3d9c852705611d15d0fe20533	3322dc122b6d4204fc6f3524cdeb19a29654ae2167de0bbec214af6469a063ac	855bb1f6c99bb9f4ca32d53e9ca47903ea9f4cf08e6eb1959458a28d7c9e60cc
904	572ad91cf8f8e7c289fcc5f508b5e22327719dc62a19ed2c8a7209725f8472cf	a1077272018dbf1d20d31eaf0081c975134fc5234e7b5fc12fdcbf0b13026502	58a7358a0bbe8e85e177de30caac8dcb0b46798adaa5ea1f9a1b4d4159b9c669	ba4a9ee67689f1d404e5da62da025edf5cc590d7c2d68441ce6242a3090b33fd	2f32aa05d70b270b90b76aaa69b6627cfcd6eaa3cd408935c209d41d3d17bb20	6c22906b778d625b8223cfd7e7fae7a128d5a3fac826da3603205fac69ebd565
905	949a6188b2d2c5bf100d3b3131a3f5c6c1fe83d2e6321d88cbf60bdfd6fdcdf0	150a8619c9e578aa140f7f80ac042093eaab56d31f04ff92e86ef1e437f9ea4a	dc158265c7a85a2faa94eec293b0adc44163d06a3e6273a79fd11783efcc8f07	1ebc42aad1575a2610982a6c67dcf6e789f1c177dbf3c59bcd339719450f1bb6	394dcb2599912a372bb7febdd25851645002dee886c42c7cbbfd80e4649d8c0f	6f7405d7ffe15a5a5eb96419466fc43aafee948182c7185d4cd19746966cf786
906	d12d18054fd06cc5e95d2c9219a382a5a3bf2e7f7f54b6b1fe5120eaea725963	d8fa970c85210a3c6b9b0c492db7c40ccf0711ce83f80a2d781ff85def801756	ded2dace2985e33da92bc83681fabb8708bdad38bbbc19d10f70833ac4c5804b	5236db00aa24fc3c5fddbbbda12c57b1c729cc38798fbdb20d76c15aca6564f7	7a4303178508c060b2223353c522a67e0d88318dfefc8e6fab29505bbd2ba379	b240687372cdf032aa0044014abc69a40d50108adb05b60ac9c98287afe95a43
907	26cb48782b6c4ca57d88a9621ddafbe3361f6d64d4da222d8bdb95568e6fbb63	0274888b281a08d185a4ed4731e7c502d122166d86071d41468c7708bac74356	6d024219b51d403af65707fe8f2de8c963a6a18ea98c6b0c69955e1f0e8bce4b	3d7989e405f227fc9b89b2308e01cdb0b2422c45d58b5968e36896036470245f	b54b3c9fe6526ca6cd22d77fb2f2e3c203b418cc756ee64879613a362febabd5	703150daae62037e1d76259d571a229715c3cce5c9d6e4206dcab302a3b8932e
908	f3f536bf35181de9458ba9ba371a88e1f73c5e3a37d4b9236d102b964c898bfd	9ce78125535551835a889bec1856b35c128d8bbf3c1004fc2d702434205a9a30	82c4a9bf8e83da1e57ad6dbf7507adb9829bb7368ec98334bb2f2854201eab1f	1a9cc137347a4cb58a015afc18682a18177216c07158ed53d9bb60406f2d9cf3	a89c78a83db39311caf4c8e7e16752bf2a83cdf6cc76b02b2354d0a9f554affe	a5665860e07afcfe31eaf9984028fdc91c37fb8fee4dbfe101bee1aa10cb1528
909	8b62fa0ab46e77e5969f3363968fb5d4bb43da10d4d94e33a7f023b203300fac	03905d86be2655143cb848e0a5e85b6d59399c7dd46473bff47743a80a9dec6a	c3bbfc392bfb93d772eae8244ed1ede0dff8fb8057e3197bb1b0aa596895bc07	e8d2ef9dc91eae3e934bdd9d1f3f5ba339fd39f0ea1425e10a5e21886f154d8a	e81251788ab07f9c81e49017b77658350ff4906dabbea65e58f1fa1addeaae7f	fd4c9c448c761fc2b7bd99f6f5360e5579b741c60ef1869dd53068ea2e764602
910	a933ce8a9acc142aac55f12c83258aac6d3c1a11a90d9fd4b47a6c7da38cefef	a811dba0e43d32724a3ba0aad4d7c76e66ddae0724744d883cf107b4c9468af3	e5dd933d2771d965fe6d1f7cc45ab3e5eb5faf7103c5ffde5afcf8c9f3d4ae1f	c8d3828ac9c7d973a5350071328ce9226e52c67add4ac85662ab896c299d02b8	af5c2037ff30017c6b280c96d880300a02a94ec9122c03e7f346e16ff6b49001	c84c5797a324c5dcac46b7743bb77f291b500a7bcbba6a66b9872841d2b26ea1
911	420fc860a1ed32dad2283fd5e34444c5a35a858878ad3be24605d446ad503f6d	08a4d02362617189457ab9a3de3dd2761f325c113114656b8d04a86716125ad5	54b440f85d3341906fe9c5a0eb1dfb9ab762d91ab5982a8a90049086797a99ab	5e109a0276aeb68f6c14e5111de6026e9440b0d85ccd0326f33bc0061c545a9d	3e3ddea691c81b6f2dc668d6cce9b6b9220f14f85a84e6e59484291c79bdb3cb	8b3ec06af43ab471f472ce0662738f98f2450c366a6b7249bc37c51de58cc5c4
912	bcf3f69eabf8127a5bdf6500c605d45b33c8a80b3c7638444a0fa773d5401594	45340850f44ec02bb15a622b4ebfac966743a3f3c884bb78c6c7b3c258093c0d	a0a73ff5fd6c26ab33f52914eb29dcda1f862b4d115bd177a2f2ecdc36f25407	06b3dd59623a9bc45a0d896f007050cd350381a56acf390799378cddadaf7a40	bdee2f2b96ff2e76d1249c149353a30fbb5b96bfbe42f7f7306923905038da17	73e0133e1a4866a89824479debc3d2fbfded25ec42baa7df011e8e410d584f7a
913	3daf04dcd3b3c9b8c430f523b1b3bb585a5682be30f6faeb28463053e4a13a24	cd24ac29c42fab0139f361ac2f4ed5073634a4b1c13b132ffffc54f6007ac89a	4137a83a936924189396c3f21273e908bab9744b8fa233352843cf917b33fad6	b5cfb732aea845232f778f49c1379509b49693e055036ba07e7969f6f4ea7dbb	58fdbec5ba36df2b163a6c3fb1dad9f3b57bdaa99337b28c1371f6bc198a98f6	e2d0c4e35cc35b7e8eea8dc325c6ad2ca0efd7ea212d6de38c7114f30ecb47ce
914	63c513d343db4d38c499ee6b7448fc0955224f6aa362bb1bca11c6168887ba0d	ed9cc328d33f5ec286e1c0877f31eeb6794ab4ac8cf7e5ddfb575a15a0e3fca4	a64d252b24e579000c8798548b1c58ec53906d60a7e9e7a75370b15a78fa35ae	fb7eb992d53e8c64d02d0969ad8c91edc851ae05bef3caf56115e598d0b66faa	301f200d26a4ba9be633c0039116e3e0a3c8f56c12446e83375b9eff54845978	5475edae081d21a5e5887c966e01f24c2e4da70bfc4f1dd357d9d06db1885bc7
915	2f4a82ca26b0f1272d32f90105bcdadfe80c6417529897e735c39d0f1beebc21	2027f8b7fa0b755fd4dbc50fd6687fd731bf8a7cd54f24c973351998af264028	de82dbfc3e6d368cd3845e1c9a5a2dbfd67616e61ed1f48a19b699767b3165fb	e610fbf5b4e264c4650fbb39a142e530352613b1645f018d8877ea0aba94b309	2743bd7c21e32a8ec69cd558f2cb1afb597dbe48a3c75ceef61e05fe30b930fc	ad61004d38b4538f6793295f759d54044273d60a48da6cb1239124f21dfccead
916	1235a0778d2d4a69993a5f2a637389ca0c253b156da69b4955ddb152cd115097	cac48683215a301ce615616f7d034b1c02ec7e71923607ab140a71730086ff54	ec5b89ed5d147074e5c140e8fadd4cd8c092c03fe8d94eaafba527b482790043	b8c54fb6d01a268a74ad8680e1e5a92925ad7d4a7143dbeafff9c071112cbaf6	c034b29f77ed6de4d48eaba0b711814b7eeaa041acd43e1f938db2c6903632fe	dbaafe5d9612e55c68639950489f2159ceb78498cea4bed143a4511c727c9caa
917	19f2823aab51ad04fa903ac79b234f66cecd7ba67e032595c8b12bebde8d2a9b	6ccad59639597e155ea7e9f7acfbea010e56c099f5904adddf4173267003e8dc	fbae3e8a9c58f7b403fb224a8ab95e763fbb259bda3ba3b97b14be4f26b8dfac	8d7dec5be1e1866455df6954f51d33b7ee461021ca26f0690a28bdcb3a492fc4	d829f6f8ad94225ca1799b81cbe12b2c32f5b8acf7d4cce79a24486f592526b1	d963b0520802583a9cf4fca7598c5521aa2d2a2ea2620fc183e137aa8daa6271
918	abd901526b4aaa5385a637c9811b63397e743f36c1dae70e1c89ec448526fb25	7c59655df7e5e7de5f2ea53baf32be187885efa7fc1f0d15ae4fd9492889ad6f	d2dedcd1186dc5acb31e56ac1bc7597649d748b7e958315586be78ab6bfdcf42	5eb3986856a957fda13fbd1f8f752cfb8642e25625da19db16d93de0430154fe	18c6bc8a883fa9c833d7c7abd57763959035af5bc2d988d28cf2c534288e4084	843f1e36344566a33f14c86753d6e1480fbf474ea743702495915291fe850109
919	bfcfc21e50261e3638b6274abd88885da88f191369fc663c118f860797c326ae	8f384cffdc44591b5b1f4ca47a8e954a65c2c3eeff05a0c18229fb7debccad28	3558d3f8d3d399e13c44f0178e53495c51e98bacc21754270b33efb9c4eb962b	86107b709a999dcaf28291316e8558b42a78067fb25530b14b3f4ce5f250287c	9e7c7af3ba9a39ffcc15235f71c4fdde6a40b942e35a6084bc363af18d4ecd48	8036e2f45ad6b998aa06ebc3c93b7b3b7f2c77b520027fdf41a23972c247445a
920	b3eab69159d285d06b96c4705dc7644e5e24025e69ef88f08e8a0213c4b47323	5a0511465879e64697e7ab0e3dbaf2ca939cda781b12b5839500b11faad7484b	26460b0b10ef2c71c500f3ac3adbc2a019be727522c6183a5f4fae551ca0d240	2c2d289ff1fdfb789fdedeb0fafc0909b169939f4a6ac191441062fe79517a6e	3b8e8bd5bac28ad6d18bfe0d2ec1cc08999ca8fec91004ad844bcd4fbdc29c66	4760a4af17c16c5ff0d518447bc2cd94fe721f9be9ba5e13566c568a65f53f53
921	94db6fc9aba398efed9b4d5286e4fc820be18b8a5dedbc314139747f031a8f5d	c5e76464d7a196712305d166efab626bb145187e39864204e058c089ed9a514d	152bdcb381ad9071c536dc243ba7a883a32a6e6ab32a98025b176803c7376356	7b319d1671c2c540c94591607a4639a0e82258c286cb31ff87b92c8298153b46	506ff9d1a0088caffe6785be8e7c9f76477d05cb23261c0f3d6423f9cb2f46f3	e5a02d35c9977eeb94993d2908f1c127d8ce4afb7f26cbf8f201eac289e5f82b
922	77f590b28283455851bb669fb5f47ad95dd0fc3aee9072c6226acd0dac3c49ab	8a2c9c3a888609a08c5a852a35aad01eed1315946056b3de4e0099fc0454dc7e	6dda78d6feebc79c17fc95c2af1a3a2b2cb74a5aff2419ab4dd55d7637f08a75	c6c6ba6440587d1e2e0ffc2fc194f81095f99f480fc87cf21895d8ef418acd94	104f33b6701bcf877548dd78119c78cd25ebb567724eab1929b49343b1198b35	c3e0ee0d02da8288ce804796a9cacf1eed44392101aa62f6cf7d5bbc45ee522c
923	1bfa0e41d29a186b5267991b7bb8ad4c4f2e3b0522575af3ea40e8d69781e3d3	a31722a6b877c7b088f9f0a690a545d88e6f73b3d6b7cd2649b4a491023c85ed	b181dd88888632797b80f1ce55b343d90bac46ce1b8b6e4ed7ecdaa9f34eaacc	dc871ba687e405fbdc3ba84e069139a84bd6990daf5644d04a8e85da1f051986	377bb05c6a863ab9704113820058c85bdd9e00f77d419ea3154fbfe9a7afe6ef	f3b806bf455166b7dfd06b1a6040d66c96efaa296df757ad4ced85aa35f68434
924	0b10db37ca9d6dcaaefdf1f4af4ef30707019a40840de394fbb6bbd1772d109d	d63d375384937bc000fbb93bd063954600fd41bbfe8fb009fdb2a3b772273b39	c9f0d38b882eef528f70fcf72a3447e7ab1371f28d8cfa4dbcd60efd8f5918ab	d180d4f86e0b2bfd2fd325845322a4fff1c3123f0136776744e591313f035a47	d6275b5dc15ac56d71211a30b2fcbc1a8ce300e3032d7b0b76b2a867d0d559ed	190b34d2011e41e017476fa3aa2a15e0ce412aa402574c3ab68fa927fae440ce
925	522c1e9cb2579c7db375aba20a40e81b515220c00ac9cda889107ad9d2df220c	cb5ea92a9f12c44fe1d0bda40965256698ae57b36b96d2d36b4f90c0c2479845	19c00042d76f88b94c6d61bc37916877eca077914e7bf70ff49ef6e2984eff7a	ffe57d70f01b657ef4df4cceae394f93e06b5e8ec23a4ef260db580120f71c40	375ede9742c2eb6f0cea34ea5ea41b34018f3ecb734a18793b089e86f1baf052	f536c1553e5ede66ef9532b114b39340cec3f014ff75670f26a2baafbdac872b
926	74c35305b3cdb608edabab289c0a9469dbfee5c08388e17fa09c6510a5c73a7e	165b633d18ec026721171f9dae98204beb69cc7c52a3a365f625f45de4714c3b	9aafbf6298d002fae01ed0eff6f0bf3de03e7f2a31df7c3467ab61cf1daa94ee	c85a28a4d3c08045e748c5f0875fba77969cd0a9f73df629e9de2b4fb364df06	5753046ddf71046fc25b6307263a73365d060c14ffc568226b291f50e0e3ae6e	bd39202b8343009243258cc268f0e00386199e9a5857564cd1e638d5c877049b
