label	root_state_w	joint_pos	joint_vel	body_state_w	joint_pos_target	policy_obs_history
reset	3282a550c73bd70a5d487ae5dada85dcb72b43f6491c9d9aa34ffcacd4b5019d	a343492ab24fad7d0e9ea596e3a13e1a9714a9520c9036a17eebdde0b062865a	2f803d606273abfe49d189bab481a7e16662b088619cf3a50576bc04e0062333	d1ad505be9427d4f6cc548a5583884c856c4f839c29b7983f538fe19176411cd	22395cd071fb6a5a8b0ffeb055d9e71b673bd014412b96d97daa13a679b1670c	b38690eeabbf076ace6b5de3962d2d4fe1d2b3299627a886e0a13641d11ecb38
w0	6314011fe231628857403b7e099df342fc4ef42ceba46df822a6fbee872d0b1e	4cade05c39f33ef55c1b8b1c2aaf2e0806016097f657bb01ce1cedf0dbc64ef0	2622d5b12caf1ed73060433c643b426688fc7392d999132acd075fa3c79ce6d1	1b6abcdb91876e4f125074808c63c8c70d80dab38fe9acb0707b38c4064cea19	198014b6d83f68b7d5e454ccec07d86dd46be1e4d30d1ef1be9022e82d0bfa81	128951463d5efb41e0a2c05c22d7ea2adb9121e1ab8b0fa93c6699b2fac7ce1a
w1	71e9959681018210673c88058de89cccf16c67fa392cca90f58e62a111699972	c733897ea38d0ebc18e271bd336b2b61147c559961450a100ae518bca6d0aaaf	ae1c13f74f26ea1b0b0db5797321f61cc2569caf5ec3d8d57e9fbf3fdda0d011	583d91485e710e6bfb60d8e77fa7ad73e837bf081dbb6613508621f7b2317a67	b52ba2e228655905ffce3e8da465b79378f13c4173290be37e15017c141eb63f	cf3996042797a0f6e7907f78f3f7f249f9bb7f04cc2bca130aedde8255e633db
w2	85f04b10ca2ca174e762a561a4bbd7623da543495bb8519039b089f2bfe83fa5	b8f1069446e8161cf538ab6eb5664064c7da1b0d6846284df582a6aa726b017a	f15cf0398e70e50251d45f792dcfd1df92071acad753292e0971cec81e98f1e7	2837b2dc85d994e3ae3a905d6148cb45d035a5c4b845e9a21e6aa38f5e186414	df4ba0b13ec818293446fe4c4db779238227c5b247d0d1b0a5122578d522a77b	55505a2cb9f18d1c0f2e159e051fd4a7dfa322914134da1c027b5907292fbac3
w3	c77e4c84634d7a35e51164c3b2daeac0e66586b6892e06183900efef9cfe03fe	c955f03a74e08e6d6463f0850ee47703bb9dc1154999fb6e8a93380ee4c62a52	792cb2063327f032ea1dc1cd4072357fe41b477f3494a31ba9bf3959ff4ef0d3	24630287c4dd1d9e8d288075dc37dc131d8e2d1966ae0e3e8fb8f846e8486dd8	ca45cefbd7f550cae5622ce196531fcbd20215ba51c41b2f4efe235ecb524ce0	0e4353e73374aa39eaa8f42f159f7e4552d3e015b4d22ac15fd197963176d0df
w4	3eb8f212849d1d0de7a363e323b22d6b924e1dcaaee9cf29ea90c0e171d8cc7c	e5bcddfd389acb3f74f95cfda46e1e0dd46f00716f08e7e7aa26edd9c875ae7d	242b84a8bbef97e3f68ae89148523e09cb533f14b2880eac17bc01e3b6872db1	c3c4fce327919a62319f57f7dfae543312d9cbac9013c7144594b71185c1254b	07edaaa211ffb733fea50bf0c589f4ad2ad895387726cba807e774d5b1e48489	bc2aa41edc03db8fc9302bf1564bfb5e62d500c9ae11e702ac9371d7c7720c5c
w5	9aac06fc8486af14c9766307099fbef6d67a6eb4a657463c1fcea2a16289cf2f	58c970fd3eedd62886fd9a7da558c110da512429a69c502547d8a5d49d8d9eeb	685b0dc4b9feda1d24193e5fbae6bd655db6a1cede4827730fb2c542f5520d2a	45219023549e2fbe75c08b5b7ad73c33994f65854404d13159c437d0fac78fc0	16157453610c1725734d6b42c663fb8b165816778c635570a4888278408f0826	5f5392de1aa4906201ca53d00e21d8214a79cc167e995235ba28be131f1c0f35
w6	6b105537dbfd6c54de920dd112bdcd1255ef6bddb56700bc95aad1072526ec46	55d3418d5714da891d876e5d28f7f730d56983687e8e0c2796c50da690b81130	322488b2a7dc991a001d0b79d906f4fc19b4c6863c3fef920d271abb25cfe168	07a685b249348df30013ad2276a65e8b56cba6f465b3f7b09e664c9b7c02a985	38057d05571fb7998a6d4a8adfb3966f3488d12dbc7882abbbf9ebe3a41f4f34	3f53df08cba6b610e696c639fffcb68f788c6942b2e1a2b371fcab8ef80c8b3e
w7	05cb4dcfb527c070115498e7633ad9f87c978e831a63bb69f6651c3b92598a77	c9c8216f9d593a5ea228abc3e6380d85059d228c9e027a4559096b34dc706f9d	5cfedffc7af4d80afe0a78c4b2b5793069a5455d9408f9bc6d08d322314f4116	0963b808e759bec09a6639f64279025908cbf3386b63b943efc567a8322fb9ea	e63830a6df0c9150c0a9b5c035b89d606b50a4f8d903e1fd41b3bd2bd498eca4	330298db8375ca3f5bf1c806617044f1bb221905a4f5a135fa63f0634fd72d75
w8	e65e0b46b241a5e911f7707a6bc95ac2c0baedd121161471f6d679993ce05a13	225ece825a80e5b40a072b6b0a018f341933de29c9792c4b9a5989fabb279437	351f69c2eedaa7134af50a7977c11bda1ed2f3b3b7fe9983e760473938f699d9	8091c947f45d190e39d1926023d580018a56d7a96b64895f34501e76fdee4e90	d8e36ec910c319c78bef6bb5b5e7d357334c3d0f5c4ead48934a2f0e4bddaacb	41fff261696979f748a5eb9e29e85340f7fd36340d5ac00dfdaed95f3ec75c7d
w9	c038da0bb0b96fdc218805c0d8135cd79847f29e2a6b5c7ae5f9b00c01a5c8ff	f92d323fdd0b12529ca1f19f48756c918b985e98108fc283fd24dc84afbcb5af	0255ef0d2ba7b3e27a2681ada5fc1be76afe66dbba642b89500d0fe1aa7c6852	627e106faf58f90c141e08a6b9b6f61987267722f11497b156fa67a8f6d7bd1c	8eae92451e773c5d1e92688a496017cbc1af6359b10781f7f61736bf0a7a9b06	5d2bd56f121773263206f9a5a0adec04ef71538d631853e707947e543651cad3
w10	aea1a81c6e7cfab1a8f9ea3399eeb40b3e775433c55b196cb9b945febf61f4bb	f837f263513a90a7c6d420c4e62560143c68d00cf330fa8a41f126a9003002a6	3dfb23868451a96f302b0019d7eae86d1c6ee88208db8b368eda1d6384cd4f6c	3c3f43c5ff9874662965955db030b33f3ddfb92049d3c1893c2ac7ae4f1a604c	a6a36434a61e718f612cc6449e18cb2e4c5e2160460fbe655ce843263ea2d722	f9f1fcb55f2137fd80dcd885389f4fb3e8da83c44a054dc2fd8b8b9bed25f343
w11	f9dd890035a352d40f06935e47ffd4685a09301ff9d3a360d447d183de215282	4f6c290f95bc75b2b9323b6ddfcc11075d5d3b87c68eeb183818cc52196dce48	da8798b8e77d8220b46b154494665798d8a01cb118e1e955da5d1dd64bfc4650	89f0c3544174987f95885dab9676dd359295ce6fff5864d17577cebfd3aaed50	dc9c3d1879bf02e07dbe648a979f5b65e8289d4afe277803cf310d63ac479206	5e1df89412b966687ef58983367699cce16b18699f3c6bf333c7eb573aaec10b
w12	b8db091ef4109273c5fbd1f8158ebabf4103b5294bfa2b1054a7ab86aa583c40	43b4b5aedccefbdee443b49f3ade256a7f15c55c531eb1db27e0a35ba12b13ee	66a4a7133e0d4db2f40fa2526c9f0c3271f53af36bbba5ab8c862749650a6ad9	dd0932dff7e95c574e322c65474db76af026bf980f347ebcea1570116050e8fe	e07fae1619a87b694eee36a507c2820e8bf2c7e009b7cbcb4c28d32ee65bb034	3869acaecefeb3a450bb29d36a437c41cb63f7636bfb6242b52a17a9a06b6e9f
w13	ee29328e2cb9f47845ebafe0e993cc12ff7425b407abfd1993d43cd7fbaa56d1	87d6b22d14ad79a9133b70e7ac82750c16e0b99ef6fe330b4c31957c8318f21f	5e355d21af2c1bb9cd39aae15cd9f05af2ba2a1c48fcb2ed414576aaaba9e309	36a309d2032ea5e080107fa1a69649adba1d94492193718be5ae31551949245b	1adf66af9ebd1ccc0feeb695b1fa15fc2c58dcf1d174a56cebeabed9d906a010	347377632e7baae12eaba554db59b31ec169f4e72e25cb44c04594632375acbb
w14	427259960165099a225003ab8e106af1c7620aa70745e6347e3ad7ff267c7193	bb709f0a1b7f7ea996e996c67d28329517fab0fd8cfa7da73ff1214063699e06	9824b6d596ceb752c5df6bb2bde2724952771e080dda0c9b078403db046ac1c8	360a0313a1756c2f7bae7a03c0e3bfaaf9399c732f78073505b2ca23ba37ac21	9c6659618195dbf5af155e035dbd2a2913825100f4f6265b3503822a7530fd22	f6e45dbb8ca4c97c8a35e9f41cc9dfbd96660b33faa63fe6d235db523a2b8434
w15	e2eab4f1f1b6dd19f1c4558eda7659698dc8f5eb14bbf510700a0a41db3b76f0	7715913bf108ffc83f612bcce775522fcc8161d913f262da45c265e349dde01c	c74e13a4b9ffff96e428bdf02601d5f409089cd399087544bf2fec38c1f38fa1	f9e2288980a20c2f3393ded5540a10fc56affce3b5848e1fc05e06625324749d	d1a9545dd64eb6af59c2856a621846c3877ef0df7e72d83bb2d51fe6e4bb4a1e	99eb1151f3129875d0cf365fa69ec33c3559ad3f350972f38b26478a7dfa2f03
w16	79ed0d2dcfea71a463cf0b6f2da965dc5fd01b8d495aba5ca208ac4aabdf7288	f8e5e6752df780d823dedea5c5b519e310e05b73f396a1105eedf36374bb2f56	ce889ef4be7a002565f0192d77e66c7f41e6754655b4c9252c1f676bc02f6548	1c67dd915a278003003813cf101f4cd236135b5da3793b0aff702c09fa3077eb	7565e3ba2adaa8fc4f190e12b97587dee655ba7c8c0a6331e7f5ba71e190db3c	47570f5ab9c6cbf00fea532d58f7eed120e2196d2e32075f32354d2c0501aef4
w17	fe17a89309995390a5adcae890ff72ba7fec7831a4729fd0fc87b60cca3f5ffb	fcb358f7500da0c442b337fc3f79b4c0d2be7d69612093e1bbd336ff0427497c	1f83d649eeb6ef94e9e6e5da078526c95277f33dc798486f139e45bd1288a05e	371402dc56c07ff2774f73aa34c6ca9b2973170dc79bfe8fe7d598c53a269cb1	8b092602f2e13076d9c89957a346f3449dc1dd1e204b607055d8b642da87a253	5accca4dc0e06a423194d97a23ca7d4bc03c5565542691a3ddace1ed386bffa9
w18	4c7c03a749fc5d9f70267753a9389b102689c33021345e848379152669898750	bbbf8be878cce34f7e69a75f857a0b0e5b9a03ffb63444b8f65c910cd7a1dd91	fc813a6637c3983f8beb314913ae8971fbab0555e8496e3f67bc93185f81d67e	8f01d4243c06266fe2be877aac3bcdbed579b53de506ec4743f84790a73afb22	641b6b2cc3c68b365cf6819a4cd8561314f323e02adb4cf675b2968b314083b5	a9f12ce2649fa72c09cbdfcab81145748c2ef5a6cc07bfeea62b1ecbc33fe4e9
w19	abf0b140d2cc46e70ca7559e26dede797634e2964b3c6a5e1f9a515f3d76f177	5955d4a8b0fc5150711f4a882ecced7fc2b9679bba548b020d1b91ea703a5b49	f1e2f301cde23e6d45bd97262121850557642e2e7817d2519406d2965b04bcc1	a6cb56fe7a68d8e839d7d0ec8e4e07b24efd5b9d936c6c3f262bb6e32ff4ca17	547964fb039ea180306fb635f2ab459504b490f1e933feb947fb1330782e5a42	a5f1906ac3eda2bb8d095cf6d00d60ee3621401f85f8b12a5526f833029df15a
w20	767141651043006e2dc05af86f4c7d4bf1e38561affe716a40fc06c01d72d7b2	9d29d99e6b9c1382c10e9e3444362a6d14d0333ce54882823fac2d4af1b75e83	352fbc12650d8b8ddab100d4e2536916249f2a44b4b92623d376f708802d954e	53dd608b4cdace29a98d862eafb4af7a827ce97f2e79aa4afda4be2766c8ae77	bb159d8d4e544fdfd1cce8ddab78f84a90a6af88708caf0a75c467a44d526565	05a08c64f719c806e253bce9cf91544af9c9a4b7190cf784ae8d88b6dc05df8e
w21	5026259a9f1de1471260285f77d349583e1b31b0ec44a313ccab89a70b34f225	d7eef4ab2d5bbff71f7b5f2ae102d807e44c9e3abe65e45fda75a9d041aa16b1	3d6e8b80f486b1c09554d09c5b8ec8327b7d2ceaf724d3873fbfccfb5174f096	43485fe27bd48ad7715f7a6be96be1e6978a8b2d73222df0ddf7acb236bd7cef	942469f3e3d92212ada730b54bae1ecd7118b35f14121d2126c18702ac7c68fc	7056e984cebb235d232870166bc00b00153078fdcce3d3b995d48972a2081bd7
w22	d551c013f1924438c7c046330dea7f2e091c4460497a6847e96966cfb9a5ffb7	8d57626d3119f675746c5a97ddbb24882f2fe37c384c892eb8e996b5ab7a9b4e	628206203d978305d83f8dd8cac4bc7c8811396906e81c92e45dc68f97aeb548	e11e8e4f2d20808acfd813cc986cc44010598e934a7bb6c1485c805803e149d6	89ddfd04beb7394d62a4e3c5dc1069ba01a2bdeedd739ba56c25713b22e20232	812cd0075ad02445496df14f517ea32567b965bba29a532d76ff0d26d08e9f4d
w23	3bdcdd2d56f1d55ed1e7d08f7f928fba8b27baa8d9d916d634daaa6285eb6f6f	be8d283d46d4f3c090e29d1d5654db3d3c1209f51649cfb03d4ef505806eb323	1d2fc2bdc1f160185ac21d260b765c66e3f98f70b839f065373e85ddd9508973	3519f8eb77ba83681fc4d73b6bc4ce07eadf221c600e826510deff90115aa141	15e91d9e0ce6200d53e6a62a20f6a23b6da1c95e6f5ec26a54d3be2ac3e129b1	cce7e81bbac19dc0fc9fd41b16f292091efc53d3b4221c1eda24938228e8f45d
w24	f02b5b9d959bd2ee8c47fd74f0fbdcbe2b1b3e690eaec443389efb21364c6a0c	1ab8ed108874cc35cb10dafcafed23a5b6c2af05f0336121fda911d1e733875a	fffc2ba267508586b2451e001a6c15460ad1190a799ab025a63edd3f123cf68c	43606cb440600c0f4ceaad1e4ad6055018123f25f97c22c0552d7188fa4eba75	54adafc2a11b274725a6361057f5c62bde9cef530454aadfe3ed76e95f220334	8d159e045f33509158cd43d2b3ab8983dce5de59d1c5a2ba10d15f12f5e84726
w25	60bc5e10424af856aeb84dbc57bd1ac11164be89fe6e64b2f87b5c7147c05d65	cbd4d4ec43dc8c7914de3f9a7b2588417b251a2f15d5189c03b4fc0471b57a95	898f2dc999c81a5f200992b67adb48697e0cdada2feb635fb012c0df8f6331cb	ad8209d33f794904acda9d4e2dd958cdac2f66c0908515147e7b6ab5b4de29e6	f6d1c02b110bce38cd9a397eb2c9425a4bd7a8ed009988476dbebfb54ce8d4a9	1a32c8e717b1e6224e6ee63b27b9d0c3b4bdde125c82c5f0c26050f3260c7546
w26	455460f0e45b745352b25dab7f55dbcd21a9e76161aba9f2215d497c82e72d10	100064a46af2744d0ba469dfda3381b972fa277cf36f289337dee81420fe8e61	36d14af4bbf975593c69d173efa6ad8eb4386c2e9b67d8fcb5d01a633234a14a	04b80ce76ba7014e711748035fc11813ad29b6e3e311b724b505831c197396a6	f64468174d44bb769c596b4bae7426b119671b65fd37bd8dfcff35fea3cb6856	4ce9bcccfefbed12b7f1f72bf5168b962d79ad03a571026569c7991b3b3745ff
w27	a28b0a4ef3d9c278a5cd443ece068c253b005b9ac8a00f718d9bae9da01ddeb4	80801aa071466495bc83640772991ec745eca52d3fc9bb0b18f466d94519ca7a	868ad22686d547dc50c298aea22ba4668ce213caaa18ce90299c949ed1c90413	5cf15ebf48b6de09acd71fe79496e645287fc94302b6d3f86bb5fb7af882f75a	d741d25490f1a9c22d009880de6d9c9043e235b288db40b2eac47c6f679c2627	b02272ca959fa7a78443cc16b4ff582cc64f0119b218596eea2f985a17b50766
w28	26e7756a9aed18cec07e4d5d5d9c8dea2ffe41dc655ac3f2b73ff606fdab58ba	125bb7b71d5e0d85434368e94d546375ae98f9c6c632ccbb54cedcb95e03d195	47f36db122182217bcbdb225f3c837c21ea2345d21ede7cffbde807591b3f84e	7b96bc6e19ce7512d217868a26da56c757e683e7b7d1a0e5b1bb71f31978e46f	96a46025a14223db5ecf1f0a7ae0ff0aaa6bf1fee8f869703f902e0d09b6bafb	07601bc62333aafcde9334b9c1cb9b57ba03abe3db9084290f832af2714bd1a3
w29	1a318f7b2f1bab7fd532ab49dee06d6dea36cd7dbe10673dcbc54ca9fc1cf03b	f4fecf4a6e261c63b4d2a5b52afea03ac779eab250a4d7156840ec5f9ad85b0f	6f8408ad1e760b277a1d01da61c50f3356a1d324cb497c73f87a4f7bfbed9e4d	7d1474f5d9ae8489a8676e090e0377a4292fbfa45c56b0a8de9538ec1754629e	cadb85030ef8fb43950ec4cdbe1b6f2590ebe8700cffcc207b47538f56f3054b	e42b68c2fd318899fde8b3fd58cdff41d569dfe6ed02b1c8bc69da6aa1119e36
w30	9d7e688a9877d58cc4fa8408f6ea33530299eb5039c915c21136aac08a40bde6	c808315ff59c03ad3f23c560e267718110eb9405bc5d327441741e80de823a21	78958454afddcf4b0c93378832d962a57dee3c2b6fa6a5a0853c5e78c79a8d4c	9d0fdc59395e7cd35e1da30b04136258cfec2909c723c7992019fd82534e9b43	b5f3f20bd305bd600b659f8a43fe099f7c92e49d1dbd62278e47afd27402ac96	d82a0ecc6fcf5f82428773531b17f9d2f7f357debdaba541d2c0d738bb357ad1
w31	0e6eb092c3502ff08c512533abc174ae48dee26d14ef34d0670c014e1bc75856	6992808736d20e8d5fb66c36a83c957b5a2212be2f780dc980acaf4e25d668d1	224ec7570679f387ea570268e200767092444999f450bad8a362359c7881bf7d	7b10f38066a34cf28c69c62f51473dc3c6de3eeb1b1f7ad1ea971d9f26a78a2b	52af7087614ba7402b91b5a5e50e9ef4cab05cd2c8747b63c1c1b83c8639be9b	e855b982e07d1d19519d9d85784b503aa6506ffa95963c7b3b583537f8d3ac25
w32	b900b8d13b2ffe2b49a1eda0a0a2715ab700a4bc168c8704d00ebcc66ef0b770	59174c219b5a6fe6225060caa1a0157ec1ad655e9fe00081058b2150af12e35e	140dd93bebab02d9f60dfc478ff0416f7b79b18d49688d4ad24078a5b97c6d53	a84bb4b7c929789092f00b7af8d2a247d62b22a8734f9cde1bdd643a870e1734	9288dc159cf9063f41ac82944ddd1e754058d4b319e06aee8198e75de07ad366	c29cafd573aae3a4a5f582fd38aefc4ae9c1c57295e88cb4af667a6ac2b617b3
w33	31881d5f347eca4a0de5c050b01ddb99808e242d8067c4f6f1e24eb150db2789	7da3795f2a3440c514ec6709783b8c29fa32049f6e1d1be61576853ec66f4c08	7185924f35d5d2299e38254965a7b2218108eded7daecb2b14750ba33fb7b82a	28b5f3027f79cd75acedd133edf6d7b950290ca0d938e7d45e14a332c3467c99	bef61f278121cd2f3d4c61ceacd0c74885cdd345cd70d94b49878b57f53049ce	c2f0641eda566d6c61fd7d4858509211ea87f56918c809ee834448d2af520ab7
w34	6db2279b81977838bfcdced371752805d4417d1d2e5daa47e06035e6b5d3e0d1	03e9191fe03f57fcefbf44f28fc44fd2d3980cb355bc787faf69a08cba9df1a0	0b7dd6fc2be255423bb9842f44163a237e9e75224392e4cf11d11ab1843686ce	7ddd1a585dafbd11e415c2e9335646e19a045933e3d034b428404cc3de692295	8ae881272bf8f11aaad5b8a08260ac843615ff5959f638b22d03da9333d9539a	0b62bc90baaf83c8eced4b23f050ac20b0818c91469aed50fc3853f5d01aac17
w35	2d67019a5b8f7c105da8ff5db24eeb5d305b804f7c2d77b35b1220128c0020d8	54c5739bba268cbe7215829bc9ee30b256a2f3f605f1c27315c54acd580f1aa3	d4bb7b678f67bc2004223ed1e8350ff400a7d2b17e41b4680609a5a412eaf8a4	944a38c6cac0c0b06e8afc9d00a4a962a5e66a71cd63173e2db8b6d3c8ec18ea	38951d899d9ac1df790edbd8d6d6fd89556a90972e77a39350d49d49328e9188	2cd66d1602efa9f0cc32387ebd0dcc8344d4b71f786ec6bbf0d79f9114b2ea2a
w36	ae4854cbe183cfbad7599b39d3310560ffcb4046c5f727ac6564f67b10f24f4e	5b4a828f586e1273030a10df69f732898fbb8236256c99c058cc00b3858902ea	48cb896dbdd161a7ed984576a11100c38240f894bb466d9eccafb1db602860a6	0d40965c3cbe9f98ac875c3b95f179842b99e796e8c58020221eeb8d4813ef11	516ac8688e4a088fe768f0aa3f54ad24425b6833182fb78cef6e31b68e77b225	2c840d988c931d1f80bc504516d015aeda18aaf092c2ebba7162b3fc9d9a041a
w37	8d944b94cd82b1afb617490ba25421ae9e15dd833c5f9d05de6d30e79737ac1a	5da8975e03341a5a3df2937b4a892dbf23c3ba935659c995f63318a1dcd4d1df	8f052ff5b7733d0fd0bbc9a45d716b40472c9f3031245509f0ef3e65fc52fa25	84045c75f77b69dce54a00e8f139910de2ce170857c15175a7b337157393e438	bea1c6b3c6e344c9df369c60a6575d78701bcef3294b21018c198b694bd87898	1724b1d1641afebdede7a7b099f4bf2440543a75921f581cc70735e4835831fa
w38	a2e0e6622d0e76ced47b527dcb6078fe2fbf638cf469af7767fa98c4518b4357	c6eda7be979082a4599cd68832f06753bee7253c57d97dfeca8e6106f5b570d6	51c00b3a9adece0127ecec3ada233a38b04855e6b34a46f53e3c6ed56f83764b	d9c222e70db29bd6a90220e52683cc7576270c05a0b1973e819120f92a4d6c4e	d4b1e4803601baf6f7ccf9b1f2cb6d77d583300127ae49671c86f9da06b36e1a	21915a6b9777dd5e9a621abce099fd08ab289657de119f6a0c88202b38ce085a
w39	722b4bd40d2491f543df367d0d7c81314c7f361806e379f3921dc95ec95af118	beac68f9aae991822fb208bbb85c30cdf2792ebf7dc3728f51e0e1f389d08781	f114287a3261fe4ad34011c9e8d356eb5cfc8f36e5d8a874a3d7cda78834485b	dff9a7738be0c22961103918d98b7fb6629d0eeca873dba4a541cd7e08b59a2a	1ac8d6fbcf2abf4893c0d306aa22b067686f0f5e105e64789bd97e3198922032	060f7389f66773b0cc90baec8854fe1aee1f304fbf4d5acd8b19388a0514854a
w40	a3e8bec83dcaf1ba469f86f95a270c209c8d9541b4c41d36369343717b2135aa	94844056410ebaf7cbd6fc47d57d5764d2667a012ceb3a78f4eaf717e0d0a910	3ae274aa40e04f02f7cad5a4be7856fceff7f8f9bc5db76dd58044c487095a8a	ec31b46fed773720e7c0d2e2474dc812036b5157869c47e2930af7848c25d9b1	2fcc2239b3f532b291b5e13ce522ea64316e81f0420eeb8427654b89112d6b48	89f2a3d198e3a9df5d669e918421b64d1bef64ce8fe62e0224e18198cd49c115
w41	1c41531c0921e84cd019bb10b0770de3eb760fd5150b04dc56021c895027d988	7866c67ce4bb7a37546c29d0da74901cc7dce03e44d32d29f11105c39057cb43	aa58c6363ea65ca7e59a0022458785b5c6cefb49be5f67b124be0f692c1cf2b6	bd2f90871fc02f16cfe2438ee1cfc05aedce2ffa2db5eccc3770491f501eabe2	9d68320126966bc917b89e88bdc16752deb06d52179f3e7b6830ea484c2a328d	78ffc82d003f6cb4c276ced33e300c31ce84b31307f177a04e47caeb113bc108
w42	6f3eca86de5f3fbc20d22f66d6bf01f225022f97582efa6b84ebd6d19d92fb32	03e57f8e83384d098ec8cc7747d6408ae7eff6b5f9b56a796c5885dbda43230e	a529c9681eac4e3dcf1e11a83cd75ccae27dd27305278f986fa83c4c8948fe88	45a1d00327b25c953a28c2dd43106d685545e77e3ddb635f15771bf58ad6c748	2c192f47864b4aaec7dba90e7f0f9f359abe7c42bd30cca310a1ee8c74393f5a	2e4fe06725cbc9c80e9cb464c1ce0bc0fdfb222a71249bd931120dd7591d3f7c
w43	bb8a6e5ef24d6a6b059c34139987ff3ca1fb589a70108b4061ccf4c0ffbcbcc5	ac06f645f15c1b24304d16a9245bbac681103d9cc0e9419f1b0ee7f728e011f6	f020ce117ed644180cb6204007560ca5251b3c10259de8e9368794d774acacd0	b50a1b9934a2c908fff41fcc304a93d4abdd2c4e3f435649b1371c40245d845b	2f32bac6a0d9b96a0553c9ef11c633df77de5167ebd49a82ea9b9929cd397c08	62fa936a586b0444fb84db5dd87475faed70eb83995206709910d0671c41bf86
w44	9b7523b93525df97a2bfb75a31f0d9d8f83ecba67ffdf9780c7a3caefed6048b	e4b42910ec9a1a3825bd8ecb6545887233d8eef25536b14b4e2e0c5a6902ed9a	4ca15fe410ef706ff54f66b848e702b245dbc372882bc8e2d6352aff66a51a29	82f509d37caca32d79443c094011959e096a60cd73b2c52d1c7fcf4ad0e0621b	93e3185f2e6e5eef7aa5b4243b73ece3744ccc4931ef46bd4be3252cf1205ccf	edb1db512d7cafc6eb1298cc3793ad4e2cb4b0aacb61e5b98518256b8724c520
w45	58ce67a9ca47fccaa292d8cd5e0ef4c9ca3974ec211f462fee88744e39a26841	439249578e98af7c56c57c8832493afb3ca01ea2f56d7ebf503da2633d7511e3	e235b96fa82eb5123d912c5aa3f8a2be954265e0af78e757f87c32edc5b65989	a1ce03a57571845d74db84e013df2cfe5440da04c8724eb3f15bfe5044166152	5d1fa8091684854446736586a454b83b574042830dffdc79196925b8cc72dd8d	244ee54521527b52e9ed1038cff9192f0995e490308f75cfafc4e72004de0b03
w46	2290f5f94064b18c67031516da1ac9a54b0f90b18d52eaab1b8be544c0dc124c	be4f8d33682ec5e957bb978d4723c7e5dd460acc8a3e78f07c48e59c48151d37	de61a774bb6bca0357a0c232d7590e91c1e2d3fdb9ba5b091f266c435b5ec89d	f2e4ac443973b7fb93d72e4c1166207fba13345da770288796109e91c07b8e50	c6701e1b902f44d78f57218b137a6fd8f878f097455e8726de56d6751fbee675	13b7cf438e47d1eb35c94e3cc7b78117d0ca589beccdbcf0cd34e45f7d5aa72d
w47	721afb4578e3fbffbb70ea46287c996a2062f6af423375a987eb37e3be844e92	1d2bc4f25091957cb7ce771e9330d0ce99f30c4b8e89949abf5a24546c5bca31	b268ef7bc35001da9bc3f4958f493ac3afe90ded4f0354cb3474ff6e5e753c5f	b6220b24b85c3aef6c78fb48744bdc748eb779bd21682dc5a488a2de77b34de9	de8fe9855c4858ed85ba6fe14f3d1bf8aceb7ebf05c39b6b185152de5f570547	602b1f3228f7d44b5611f4d249eed9cbce1f0aa3d354ab11b4a33f26516cf657
w48	f0d0ebb60dfa7438e6b901330cb9e135c3e1f660e805a5e99b1be1372756c5d2	05bfb47cd4c10dac749f296f5ee860e5bff763e3623c5bb4329d107a0216a757	5c6ac9bc7c2ce2d9577654612241a274dd60e58638d41f62c39038aea745f07d	d1221d2daafe54213a2f7f8e5548c0a4374085fbcd4af685af94b920dea87284	02fc6e865689eaf76babbaeae42a585b35b35c4a831c7c9e68730268ef989bad	8b5a44ed379c6886a59c96bc1a075fcde02c88bd885903d163636931a2154259
w49	dddfc436052959a3ac9d76517695b76628e3c942557e961ed06fb1d465b0ebba	cd36ddda4b4405b34f9988561a133bf14ed9e50fb91374a28d3bf10b75333dd5	0ca3ff6796bb0e2cb9fcdae9b061b719d8687660b66312961c507bcc83cd1f00	384690821e06e633b3f27ff0a1d243e99946f4183033ae9d762c5ae9de4d26f1	d822c6f3dd9c91ff9dda9411f64e9c64c2ab0d415e849deb5e5940402eeae3b1	72c72cc7ee5d175ea8b49dec590973950df385f621dcacc9e9332050a3abd99b
w50	859caae8e030a3321b56e5dbd3906eeb45a0377346513e1ef1d4bb329fbfd7fa	606b7052516a56c80f791ff0e513e7ec34290a9c875e2f3b08cfacbb37c34f6f	db05967b71cf3b1baa98d90791146f8414b531966c5fe389eac7588f4318369a	354f6345f889ca34090e11fabb3937cd4c68ecc4681170c4e5a84d040be7fab3	04c5ff70cc205111f4d3c525234d137c949e126856da257bcb5eefdea393fc97	892048798ff880e7fc68d32a24682f7560f771bb1b993a3d1ab1ec580e9b76fb
w51	c19abeaebfba5820583b74c9ac3272c44e17064a94c6f623c97190f38364ee1f	cc6daa8fe9f6edb56cd11b9a21968fe0994b505f651b8960c68de35f289954a6	5e3387e11b7502a35de0f5afd68a3edd98b52a7f00936ba4a8441997696fc88f	82b5c4cf4f34d1e60aaf5b639f8ee10fab81ff726cb8ee33a18f3be2ff001426	6742426025611920c63323fdce12b5e36c03623554d86fb415d03de72d0ae2dd	e6bbc28577e4f9f59b79d84bb4102c8259fd3f846078504da5a69cdde58388db
w52	6e2d2265e5e2c756693729e224c58cfbc16533cdf5cb80f710230bb75a9ec447	30ab37a4b917eba6a55972dd71b207181830db116eac2eca51f40ec7eae21f9a	58f634c983114282c6191a919a97fe42cac5279b3d54524ee893943a568c6276	0b637d15b0497dbb29a72cb2be1bb2f8faa327325ef816d973abff047b834632	0d1d9d54377a61395d8cf653c20b53cb2709ce7932903af9cf4d17aaf97d2887	c12f6387899343442e9e5e04a4fa283e306e78ff46bed7f1ae6e5c932482a4b6
w53	9f31b8f72c173888517a23a70cf7af05c5b998ad3529bc6b2c612ca76db7221c	10e167aa75008fbaa46e077cc8ee3b8163d738e115de200bd1a96f0200c9a3a6	f15176e257b6f30a3cba6f7e4bb4a953c68251d41ebf50d71dc8be1f61e00264	95790adcbb9402f68bee57bc84e7e702a4eac0298e379c4232153aeaf8a896b4	cde537ca9286399b7257fac139b56aea511c16a23c74d1ada7e68ee8b1bfc7e6	599de37ac2b034a7559498b2df50cab53e9593d6d4b5e2dbc59b8b2527a3b862
w54	c0a4809a5897c4f42bee1ce6902f79bf060105ffc8bd7ef42f0db01f63a2a8af	cabd61e5aff31f822f73632db5a906c5b4a15e80e0face8116bfd261d9ae6644	695e8b4552d9ad17db77c3349bc0a06bfab3c25cb1735f001815b9238cce77af	0740b9998d92484d5ea5dd394a65b7e5ecb36cc60ee69872189ccfd2c93730a1	30b4b58dcfaab9d3bbc0a88b9941e4f299369c415ef716b70d6ba08699996cf4	c3187f9d298205722e9cb711948a5adc57371472f03b885471a730b77e6bb098
w55	f1704b71e2e4ec5e390d2b29d0ed46747dc81fa385ac5d5dd488d8242b5602c9	ce7bebe8ad666e4a30bd60be6ef4950cc4f5b1864de9894df9afb1175ab883e2	2d2b7ae612ac6fb7b94a99a2262d14e2362c61b83a481ba23295870151338a54	a54cfa0e4b7b73330b49e7973c092d7405a0c0d43d570ef15e3865b4055ad652	e0793674061838bf87adf403051c82541cb8aadeaf30e3b44945c421ba3aafc0	e6479580a40dbe7c40cfb170861f4ea519bf3685c3e1ef4ee0b72f2180beb025
w56	cf97c7b2dd67871c0804f685d302c9868511fb2857115af05daed7db425a8837	f1d7e6152fe92671973c459c9dfac072e38fff7ec5f538e22316606b3f7684d3	b272d838e9f4884a4eb83c422a46fec78b72b41f7e81246ee531133a4d7c851d	238f4b5ee0f5bb1389d90198c7c0c564cee58b8b8afa9dad16dc375f89edd6ac	7fe285065de29f45d5cba58945d17a5c75d613caff506df6ef92c28c0d225686	946aa9916dd2babc89e474f29c897dd5693320276222ddc9bf9f8211442c566a
w57	cfe7218055cd753f49668e615e5796ab812b2db4a3309f13b8ad87130bd71ee7	8dcadcad840e20b2ebb3861cfd94a41b970b70ba10e77682c68eaebe1e0f092f	6b6c3c81ff250198c19e752d69737713bee40e95620df3bb24646cb214e4657c	702b9de833ac4939a8d48613a64db72838c824e9f5ab81443dafbd3b20c2619e	291d05043ebbd2a730dc0dbe37297ef01532c1d9e776c352b91b90d0c4dbd16c	b4093c399e4f8df61ee17ee5ee56c8c027acd9095e4cca31588e366364a2eebf
w58	2dc3b2386230d3e6c82222a79786d2578c2a2e506748ffac3e67aafaddec2ab2	2a80a1a37fa2d06da5364a8c0d5a11fa3d447307cd4a58f6347f5c97b54a89f9	fbee8c92d5d96a49d4bf5cf6ee721444167f564a5b97ef935324dc5ef6bf979a	7eb82633a742c711979c557e7ff29f377411b09bef27d9da0b4bc1f949465268	2525d2fe48fa9e6da75d488e130f88d9911b1ef7b6055862fa62c4aa23c5439b	daae3891aa828b2a310f6a5bceaa4f2a42d574863ddf8197ad0b48fae4f1124b
w59	fed1cc8e267e18087ca6c85117dff99411c9e0a388f1786dee90e20fd647320d	5612170db2765cc945a19a434ce7e9ecbee299082bbad0e7e15ccd65363de7c3	fd1707683a4768aa3568f9e23ead713cca68a5c13c962e4bf17f57fddde3b783	4482d3915b15ad64da0d17a843933c01daf59bf0dea32842d48c0db00aec1777	830a5cd4d02a9056f6f62ad1bcaed833de49e0c8d13eb6bf3ad6cc1c08f9c687	5de946bd5935679944dbfee735c985770eca83f03694caa30968e31415ec6df7
w60	91a19271c79d9e821b9f13a8a0e251e251870e9f8cfccc9b73e203bec5e4da17	a791952a77fe22251b64529f9c66fe31bdce3c3ddbfe8dad562e86e33e1168cc	7e8ad77a9256b6163746fe38b7fc54f87d85525592d4329daa13a977e03863fd	a503ba5a9ed083c4225e1cefc0b79f02dc33a403b7da23f4109cb3da223ca8cb	6b7e9e2da4421b83505436bef61a359e2aae144b1ffdfbf97556e4531c33a9ec	bfcc94ba6aea8f87755dc0f2aaaaa36f30bd468827fc61d5409d86d0b17e1ae7
w61	e2911c8d0c7ba152b0e3a3e048a918fbab00f5027a90e8ca909cc5cad3461de5	174ed63f56811f38a01c67ac5c3c73ea8e3b161307b78f30faa1555411913799	07964f073c4cca8405ca28917351b1b969e873e74c79f07025ddf3820a8ba8bb	13eb0771cc2c1fbee2e8a17644ce9b916c32ea71d4604481aeb46b7b0034b42e	fe6bc47656de88eed8308524b90bf5a198533eb325e42bf0bd752edf47f53209	cf2fc726390de54ac5f59f7c42d77c343cf0898b24a19c1ba2ecfb9e77882b32
w62	9dc6326f35b6994659523d622e6f61f791f8531022f3f44362d4b954f2c83bad	45625919e00bf196398ad4c269607a67e5e1328a37b12c457d7b6f801df784cc	d6a0fbf395c2f1683c1f5dc78455f1f9c6e016a21ffc8bc98f8a681f36f2a19c	20d036eda6088ba90ee3b46c494d663203d8f1dee939d8e1195c722df3249181	4a73df1ded46b34d35a4c783cf17a6671459634f9fe4cda4a613940705f64aac	2bfe639f55f1f23aa2ea4cc58aa710bb9a186069b4275975e48f031fa4e03b3d
w63	dc8642611c948f5a83d69055fba519ccd251bfe21e99d7746b763d2d1e2d21c0	4ef2f53998aa02b809747053ba9c87412625d449cad9edfaea986326fc0cf5c0	919e6af81dd14719f909f83e03c971be4574867392830f8f065fbf12ce16af4d	ee615fbf1261553f567089e46f50d58b98eb34677665525d373a2c801412af1f	7ce54674c811b66a702f4b7d54e0d61747e1f509e21bc1d99a1fbd4cf04b98c0	9d87daeb9245f8e604c12ab433969607b3371bcb729a0532f6a922be803f7146
w64	f02e2035412a6b415443b24f25b74cff995a07140ea510c12462ecfd8f8e5f6d	7cfb6b267ac3a32a2ab4466942b5a4733bd9b3464efc2c6e930b3a097be05c8f	7d6f10d51a7f042088d37e1e9b23961c05916affe8806eee6854e06d41c0a389	6fd2131e89341f1478b1ade6b4ad4b723d607b714577c8f6c0bdd6e77109fe03	0157dc3204060fc356391bc5ee21a8b59e0568b1c842e33fb8bccffeabda9fe3	4f3f03be668150be6410a6b3443c00119894ed9cf46e14b13268804da4a50c2f
w65	3f3c2793534564cca87b14b1849dd80ccb08d7e95c6170561c1c2cb78aa8391a	52983351385220e283fd541aad11eb3d331c9129d0c345be3a13505e4b15b56f	44a82376fad2f08889e556338a808367236615ffbb85739e8553f8a5a4775dd7	be9eb31dac53d56d39671cae89b1ecc5b3b1c074a4eca48a39a38502500b2a43	d07346ba78195ae7f51358014fc607107e25e7b67fa80d68240941ab1ab2affb	4890b179bc606b13063f2612405ea4dd73c8437f51d65be858d3ed20f447c904
w66	9cbc0a01d758d363a4c1c5876c918bd27fc7266bc338694398ecf999523e7f73	ba362dd0cd2f67121e3ad76bfa6e44edaf07f62f52fb994690bd0858d718f078	39204eb298eaea9f1ec1bf72bc7f1a83bf7b927bd1f648d6047950b78657bc7b	2b2f9a42d04d4d295bdcd09e7b9a18b9efa15f94108cbf27c6a7a9f43b8f5703	d39e1b00fbf2c7e19f0d79b29a08c6516f05e53c722077362c3ce564e6577b3d	1db6230fc9f4aaba7d6a0c602cd26dc8c716e6257c0da82ec210377b1384b2ba
w67	a7870b9b3944817e96b20c90bbc2f5059627329ccd647ac9fa0b87e81279b9f0	b93ed40e35a82da51dd85330b886d511a32f1324d166487170c8c47c972aaa26	3af68d4307e5293f4633f1af9356e2fde16f75b64047fbd8b55eefe94f8218de	3e5a51e92f5c42a5eaf361b476f17484a7b0fe94ddca28d9d7c05b86c356f45c	735cfb560c0ffbfa330c06315458c15f9e21647d37701288ea45056a862919d3	e62f05abd9455da3f0f92a424c8463bc04b4b56549d0999f034830ab5537882e
w68	33f1aa7a41c88c745bca5a92fb5affc1f97d8171a9b54da07f0f483f9382963d	1cabc241e26bdc762ece8e50947dca08543e5e595bd9718d838c094eb062649a	9f0489e6723ed72f3e084557bcfee6660da6628118f5693073f912a17975e73b	5ea22faab4f9690bf5b177ecb329c6ca45123d01f53e417582bf5b15e8b6dad4	4f18e9b6217848708fdfdf28c51a285e5ba1d5cff2c833698dfed1cee9c9efc4	1a49fca2c879ac0c4e6171e24e828e4dcd3f56cd804806093d6840ecb3a89825
w69	90e050f7def7801ea2d352c6b00ebb3d33141402237dc04db128db00448f11f8	1291a4021901929d0b756d581d9899ddb03dcd2035e63af60c79af785f5348ef	15eb919f31ab245dce80bd8aef796cc1c602ec7d223763bb65d05ba531a4b7ac	ce17b1a1a5b2a2d5006efd93b39d41cf836a426ba6d1d7001f1d2de84056dd95	fff0b838c9d9865a5c008b6fb5918c3460478e7c46fcffa05acb0056607618c6	f8ea6237f748c93a78cca90608d143950bb7393ba013993b67cd3a60f24d3e00
w70	3f61edf56514b891511376ace588fe2b86d3ace7844f1f45549d3efddcb460af	92464714ba25318acf8d136529374fdc06ae92ccceb28311c48a00412acede8f	2e5d560b0b6b6519a28342dbafe489381441be01a6e0aad66b561eba01292cbb	40ab7fecefe3936208b3dae4ecfac9ce158fd36bfb7a6223027fe75bc7d4a33a	e33ca4434e2a3e84a6f6a388f437d256ae9d64e0862fe40be0420bc646916f67	4c07c6daf30d70d65b7a5fec4985e3066d931f859fec567b32bec9a666fe9b73
w71	da7a6cca879dc89f6004db65945f09d7e05c2399faa79154c0a3ca3bbb8231a5	abdcb5227f0e58b6a86db0d2e9ec47440027f6e229f3cf52dbe426ce99d0dc1a	12de3a82430ab108b62b31ea25247144ee0f09898333fd3ad28c784bc87ce846	ecacaad3726084e8f614b9a11f09f64ef9488aa087c972f6b975d2b0589e1426	a8c9350046602e7ac5bb142bdb59a4690327ae2032b2304eb80e653a26782c14	b9d1c398ded8397aec487e5b09e16f814ffffe12e84b614ad65d3eb9598ca91b
w72	e9cbcb7adfcae9db2e8f3b950ea115adb0ed394336fe0df3c7b33a63e9925890	ca1d257b0154f7a4040885ae7b274d86e1d86519ba0b724d9e0a519d042f539c	715a723466864a6a12a445cdd0cbaac2dbbde8cd74d378cb915364a39a761557	c2a0f83981dcafc94e9ce8ec0ebb0f346e9ece79c08078b964c8afe5205c0657	04e9ccf05c9cd13e200030c00d4345ea2af898781a02fd9e6db560a38d53c2d1	57c75d0cb9dd6140a1e951ccb0503354f4b447c1c69b563a6bc8d3a5eb4b8eeb
w73	0320fcd3bc604ebf99fc07ca54c41e61943d5f2a149d6fdea8dbd4cbce2c4588	80a0945626ab017d59b72549d3120aa6b9968d5560b1ddb26bab5a08e7f1268b	d99c7dc9b9d54e17415795d71344649b487cd1ac1bb9338d1e95f2f0ea0b01cb	d25fd9944df209ec1ae83c8e0f09f255ddb3592d0c3c5d515d2de6023babd6a3	5c21ec9b498ab279b6b3598da548c01f43664c43ae73d65eae5337755df1df2b	46324b794847cba757dd0f6b09d6bfb2676cf39ea3d70f242d7673c78a62c15e
w74	51742436f0e5f8bd29c379f775f070211f64986baad41c8cbcdca6d305a2a4fd	f0420b53082300e854147b46ee4a4e62162727ae968ea7a4e8d2b14c7d07d3d0	2ca0991646e8d68521a45a16d075585632bcc3f34259f3e5c8cc8e83aa3d3721	d67a0554e23336cd5d1ee4c92bfa661656c14c0f504049897783d0ae6ef2013f	8ddb244a153347286ec261ba104d63e583bbf848b0d24c32669555b74af0aead	1a88bbf698c9c12e37f5e9f10444d77c6070f4f1fafb835b6d7539fe87fec30b
w75	4deed819ddcec507587e03c596aa970f0c8c2f5b00701f8131cae4f90b8adfc3	1b19d6a445a83c219b715d7a5ecbe5c72e84b26f9b4bd23d9453c400298baebc	893adbb616642311c09dbbd0b217749906c70bff7c0a2c29aefaf64ed439e49d	4510228e771c7f81ced2d60540783441938fdea912ccac39d090e3b5762e07cf	46ef15fa75e3e951fe8e1fd937a201931db78e018f7d10691b34860f0c97eeb7	885b734170611b7aba1f0b22bb336067e245f64378d522fd718eb7148328de50
w76	cc2f9e2e73abab3a5cb0ed25f5db51f7e7a9589ec7bfc28d91b8a46aaef68a06	6f0fd34101c47a1ad195f12428fa59c0665f48aa22d51e3a857a61cb079a11dc	5fd237f6557a278124bb0e67eb7e47e510c078037d8cb526569860d6c8b63681	5fcdd3282d47bc222004884c7a89e4a1f172cdc996c95e5a94adc4a3432a15f4	446465cdab1b90d6b51910b67dd111e455e69d8c9e20e42e3310bf930bd8b3e1	5b184a04e4f9df37dc69f89d23ef4bd40dadd765795700e83fbddc5ddbdfd142
w77	26687b8fa7e74c45073fbbdc04001058cbfea1e39673ba5e57eeb2e250058170	c78185366e081e5a91465669be0c62ebe08c58b08bed830d1e2dc1ce7633f221	bbfa7a577cbe605837e7f305f1b1b76e3f6128bfcfba28c297d24cde9834302c	7ea819debc1dcb3c5ec9fa254ae27502126ca4a32057a5985f113d1b95084e94	d4ed95bec4edbc3c1aa58d4bd3ca4ed65fc4e66e3aa0513f9a32af1ffbecf9e7	0d25cfa0f77e87f410f01eed56ccf427f69f5268f7a462425326511d2990054d
w78	e9bb4dd2e4413cb5c8e4afb8c5d94286aef9649b118f38768a3b917ef6899d7e	152155df24f5040da4d687c710fa48d7c979efa48bb7d630e7bd5b4908451de0	33bd979eb0936ed00ebd58bc0048ea04a4fd20a695b1f6397795919f9e164ca1	b01e2105a7c57779fb9b8dd451d7bd5f7d329fdb1a49290ccbc0583c51633f5e	f85160ccf6b5804ec34c0803e9f347f5314b74d220277dd5a39c96f5f2bf3a83	2065980edfe303eb6b45705b3fd3a1b49061da72c1bbbdc1c3afd633eeb3aea6
w79	535dc413e8c4d1122c4ad9dc6e71080c9d6273ba42ce01aefa92453f52424dd0	5016c36828e4a7e0ae65a776184f75ac7ed8ccb8f59520e62deb6c752255a006	f6bcc7a350e5f4f9b988ec75f32146be1b5e7d38c9d5946b62476363fcb84d03	7db182013a2b72f2ec3384463bf45ec6805ffc6d39b8b8a55ef010ced9893cbe	0089a87b6ddc9f57a14e37372da6200bc82fba6caed6748b5100c65adcff1917	dbf6eaf2753b56e00bdca62cc34f5f538ff133a0f17ca490fbccb8360e44dd2a
w80	f2e3421ade48a8cfab3f10d8a6b35b64258d7d5e083cd635f13c820f61fd22bf	44f4ebe74f329ed34f48df2badc1311e99dff11bb56a30e8741d1ca4652c2c54	b3435bd4a3efa37b3a61a3edeae8da0283dd2b804bd024877ee5420c1a48888e	b16702829c0348889eddf44b893d7ae809f76cf9de2e0c52bb098060df7e2d53	01cd57328653d79e67503d4e3b93a3a638e2e9856abe4acbbdedfd62ddb4a7af	25464b35b1fdc1b29e818729e194254b6a901a023ed7d48605224023ee246674
w81	c8c96d41a71602a9238fd1a2a580662ce5cf5934f3e3efb8fbc1d8673d414dbe	f599d1a6838abe362f5da5429e91ce4ec9381f2137b316f0f93a7279f7721ad9	dcf9c410408b0886dac13c6acd13920950c7135c22d5d67a6c73a2e1f7c1ea17	bf3c680ed30a24b6a86db21aaf90048d735e8517ced5925a31c1ac7e7b7c0964	8a62d38cd27e2ca449750b678eeb516ba5d5e4eb330938562d67de186339c861	c3c8750177493fbce958e006eea3dce39d5f1bbff1e35eb00680019c5c2b26cb
w82	50f93d5003efdae53e02806495ac59cb0676aaa815df274698bd358776eb2b79	91e735d24dc3b3f0124a97ce0389e8f09cda6ed5a18e560736da9d6bd553c740	e4ecb4bb17015a1a1eb1a248b2441193c7572a354f15d30337dd3faf8275e5f8	818bdb7628a764fb2db3cb26418640f675f8ea7fd8de5e4bbc47b1705e7ab252	b1ab83dfacf996186f7ad925aa031c49188c2c51ab00589b1d485f3b155f744b	8269e664a4e3cc0629616e448ec816beaf97ac1d119bb576c4f7308d254fb87e
w83	41a30ca343ced9b6ec3ddd717e7d66f91f095124c4d6cbd69bdac943caf516c8	9eb9c937df59a13852a3ba1a501edf672a9db2167d7284fcb2e8119d01b63f49	67ed1d0ad864cbde60e81de9853a2f79288bdc387ac5449bc0a5a5a6c57e82e5	16c73327bb48adfba7b68c9a8345a8804d1fc51a00abcd60925beb578e083e78	024f91966325e576e855ba544a9a93dde68aa0bf21fca423c1ec0800af3dafc2	b139a37f10ac7f977d720825ae8b00dd232ce423687b514ce5159d38bcf71c6e
w84	1492953df726fd4df7f95c57b2fc3d9bfd9e2838e62b7b602d62e28f65464236	cf5576efe7aa30f8bb7c6301058ef5af834f59e9280b24b689336a10afb02358	4122747bd9ddc4d49a8588a159c2894ee14585b41190339682154d4a951a2468	3bac0ece88f89f8c94160cd707a9c56eb0f10205c81c35edc7ca1214091eff80	c58e11ef8b191c3820da462522999cc2973483d98939570187bbedf65a4771d9	5c904fd8557ae6358d700632f720544bf0d1883b9b4bb8c24d444ff1715d3226
w85	4658356af39aec720b34d101cbf6e976ba4af80a3dfd59720747c8d734bed984	5ca75af2db1e1386ab97c978ab48f6df899c6faaf30f94c0eb589b621ab6cbd8	88da0f59c2ad47e13fa70455ae1e6ae46f10b331ca199447a31bdb9d50b9547d	6ca1eda19bcf9347fa56e7a052b54b9a6a0624303f6c3720009eb24cebd53167	cc006a4b8023eebdcd7320008b7189d4a1aa91c8896f414855bcc6a576921e6d	b53a3fad4c9634714778611abb715c41b7aad9079ff09bd781c8aaba1f72a2c5
w86	ee3444331d665b73834a0949a28d6c254c57cea1f6f416d825394beabcfd05a6	2e6e7d71758b11ca589da15b9b7682d8b095511513f8b01de565225776928d24	74fe8057ea16260381009ab3ad4455f25c528efba7a15a547f280bd15a5fd95d	db9fe5b27748fd107462f4968aa0ee0c0e2a5176e6da29f1e6b717f96b062434	7c025d1efb032e4eddd88c5d03cfdc8d43a19f5448899debe5733faf3bc9185b	94ce365faca42dd6cf2ac509aa65c4fcc1f6181bccc2486a9e8baa771dcf88a2
w87	f099351315eb01002ad5fd6c9bbd109e119705842619c3d48a35cfe1c476fb68	7a7aa15dc666cbff9846800da7b17e2abe627373d69cc872a4077c547aab72af	edbcedfbdf3405dd413104273a3bab0ba93a9efa1b45c731acc35e3330e4d78b	533b89a5640dc91f216ff533be72e8d0a3a4c26ad02de25ed603925a2f8570f4	32518c22d13ff29883b086229f89eeeeb61cec0ff5bb78d3868e2ee853157dd5	db5ac56ea8afa76fe099672856761417ac31b60e11a036f75c8a04e27c92babd
w88	28a854fd741f3377b7792bafed607ff7c3c56c672f901c91d0e633227f65d3cc	d6e734112b00ad3f80dee7201e792e8357ffb8161c44b0d66b8d676e5d04c1e2	f85e649667a4cf7507521de4fe6e822e97d15d12830027e4daff970dcac78dd7	9785e04aaeeea159378c05845c5542f7117016dcb827c3f1e1b182aa832b5ce7	cb29e49ca24c84c723d89b028d1291858e7ae24ec8666713d50066726a36dbb4	cf837297099e28ef3930eb1362ae646e4a95238d8e09f5f09d2c4cf21300ffbe
w89	724449d3cca01bcacc70bf9a43af8e7e7a191cccaf3a2815736fb25abde5df1e	7d935d790c626436dea432a86bf07bafda4677d0840a4372287fe9a0ae211484	93f999725ceebd3d23ca1302ae79e3e7f1dfb594a737aa0751c1d3808b51de99	7000376cf0e9533d1b8f8fa96f63630134ebf444c2378280bc83972d6f160baa	fe3fcd4dc64dce434dc01227e254732b711afd1b4b0a6eec5a114ba6b18ce835	b9b41e42b43f8077e1c4a7295021a218401d6f31e5ca09d794ce75930a697f3f
w90	b99ff519eccb8f71c635dcb2438586ec41118a03dd6b580f378547ded488773a	2c0443ee46d1d5136581474cebf5a1bf5b623b804e6840b58c0e6f3f7faf0586	fac7ee596906255214c9ca818d4565c298d555933cb60084e8920e76bf738db4	c6d48a03d1eab8ae924bc96c9a10595b1041b81d01c0e09dd6e8ac55bd7ed730	55bf17c912ace8e9aa597a377e72b1e10d06ab6a87f13713a79b85116e561d51	bd45ba19d7a9e32c4a9f896524153a74fefb9047ae9eb44c8f006dbf50ced6f9
w91	e8cc47ee03cc675a1bf86e9375ec6a10f1eee4162ef4848cd8fc32d34bbf1b5b	45bf23e3340fb54d25b5744f9ac0f6b3f0ce65fa2c5983983e55e5aff9d032e7	23d355fb3792db32d1cc85eb9daf22081a0eab80fd975805ad6b62f5b6bfd52d	c85fb731f01182e45344aa078ce51b3d24f56469dd949990e6db785c4b9b10f8	084b95103221ec9bce070d21971e0b084a64036597203a960ff31ec0ca4c720f	8ce429f37bf829e1775f3eea284ecb35142e3799aeb0053d2fcf5a06065fe033
w92	297253a56ec2f0e3801432a79f6a76f6d0e642c5c15b9ec7ba8d4d807a72780d	df31511d0c90c48b63de3528026d7fbe649be05f2c9788a558bd73ec3f9b141b	ee0bf90e83cd28f0fc252f42b39c7b9445d7d9d4bf747f66594bb65bf20d1b1d	d699ec2f18d4606e349782ecf5250fdce555af52ed0142d62108c0d7179e8b2b	4dc32272d6fe95f7590d1e8dbeb2963eb492f3e9bd912c88ae1075d9f897d477	edbc77050a7e5f61286f63c4bc192fdf6336dbc8aa56df2cdd0438d024e1fbe2
w93	81623090f61a63d9635a755c33792dbb71a48bbb1d3bd9cd44821b24e1c8d1ff	25f73b6f00feb918fb25391a7a30ef8fc932dc42f9f63f79a162e104658abf8d	aac03141da6e7b90d9a15ac9c6f0bafe97bd1d1f58e0e4cf0171b0d002caf671	a46339acecbdb394ea244f846fa68d3ccfdd6c3814eb51d56e00516aeb8ff4aa	60f1baf7e8c24adfc710f915436e26c27b36a9e4c677a7b96016b5a741d87b9c	0716e837856c5ffeb2ee0e66cc33089995eaad789684f579423f098a7d8dc7d6
w94	45ff3094f34023c368d145dbd9377ae63b5328e9b4926a2f604b93b6e112180f	adb3776b520211b95771de4ec1b890a8687a029573ab5b5507e47502ffccf957	7e4b3b00f9b67db2608222d0fb6d957541e0d579a14902d35157352e18e44681	3df80c74038e745d04a497ff648f3a63a14949a042d387fd03ab998d4907cf0a	71e9b4eecf937e362a94cded8c7ba2960debb68df1b263b3a09523e465d41a43	33d399e05f7bdffeaaf05153183e5b42e929ba1a32a479aa7147ad2a4d387a7a
w95	ec278c710b0d8e473d0d8c86584315ab9270a18ef852abe317847661ab0ffda5	e06184a8c20fbffffc10991d2bdc585c0a2e92db4c1b99ee6adef3ccd1577f95	ef4acffc100309d174f6c5596deef7ecadacbcaaabf68fc064e916758699006e	9e53c537e7dbbf14894e04402c4092e7eee23e34819fc48f0bd94daf6ad68704	31bc8cd765892ae9b7ff9307771fd09d6dc345b56e4ae346137cb5f7f2d08287	9e89844a1aaf8b5ad1bd5fdd9c487edf7a3cb869dc722a5118b82b4fc1cc160a
w96	6fd0a5a1f450e7447a6985c817357c46960531bb86645291e350fb66b5c080fb	83caa800bd7396e510c30cc121b9b9e1abf97b6a0893954e9dcb21284dbd7c18	694ac1d0c61b082fee123b69c92c9f827f19c93cd6e3924022ad3bcc743497c2	24905d0d63395bc86b8db20210175a629be7791628b61870a28eaf035a7f145f	d4ce67bdf1272cf228265b73cebc8cf688efd8b66e1e785275a68e58237f6e93	bb0657eb86dc69ac2b3f04b20577715b80d8d386bb9ee9b67bfde396a196f99b
w97	4d79bcc6d34be8e34388ec9e7bd649950e8aee89888ac1bb97def754fddde6d6	192d48cea79d9f9c8e5e8c3d9b3c38b3284b07488d1c063c3cd6ddb1eb4dbefd	b456bf82aaa7f8c66701aa3e42c8e243624dd89755e5f55db06d269f0498282d	bf110299152420e9594152e54a78f851f2d020269dba4a50d737870a7bcec320	50227a4960bfa307f3bfb8764027dace138f97cb515d446861828e8f278e8058	e6fd4b2f469cc183a5b8004a03c858989f59fd99ce11369049da997a86f245bd
w98	d9c7eb5556332dbcf645f3962d794faca97da5eb0cb2f9805d9ee1e8fbc664b4	6dbc6e677892509fa4c77d67356151152febedc66ef8d83483ae0584a1d9ee11	4fdfcba045948df3329d4fbd3e047879edb48bd3cfd443bcd17d0b59da731d65	c265d711acb1bc7d72d73490050f16ca1eaee33589d8cd0a543254a231c5ed97	98e987b14771694dac60e8077c54808057a9b8c34d500e69dc3ba2db413dd4bf	110f55cb3fd5ec15bf19e864d25d9569f7725fdddc44cd0eb66f3986536cc217
w99	082e0fa0fe878f31dded4c179dbbce06f1262ac49fdb75e544703a55df86e89a	7f3326c520455626ca3b21f8750d688377b10469da1cef240be7b6b4eb16e0d4	a60b0ec1fd84e8312e0a954a0a12248fad53731dfe65208b1e084faa90949fcb	63bc16c09275f5e7fc5a5bef5619271fe48a36c40ea37812fc2d79d8db549dc8	58bd8b81fdf195be7aa1a408939a873d41a9fa71ee815afee9905067479de739	a0c637d9806bac87008f48c9105da8a1bf3412c2528a2299386f4fea4914b9ee
w100	422e90d422f66d389ba9027f854973caba79015f4dc5d3ae4581cf910043f315	515e763726747299bae607c3336f21c80f718dfb5f867b6ab3c1ce103d326d11	345154a7866d9537a8d7df4f28a53b6e5b20052389df48f196c674240291c1af	7a975a1548788134084bdf168c8d9ec1db1412391e827040e73e5b21d688a3ad	23806343fc9b9a4fec33b094813fa9edb613f16f23b22d39bf86f6f19e31d552	fcca6fa88812403295495fbb8c1ced48470698182189719e6911acd3cdb0ddaa
w101	823ec8389cd9d99b9524ee5b6a6e6c4d01da931fb1689791591ea08472186cbf	0c03a26271019e9a474438a623e8586acdf77a036adb09b3384cd2d95323667b	dc832a70aa48b1b5f2cd4cce0ef8c7c2576b247ac118883fce529a80be7d9ff7	56458ace3e70ff66f098d56233fa4120abe2c0a2b0f5c3ea5aeda586c2384d69	1297bee1b30d329422756d3a65154074d42eb71e01c8255bd52ddb5858d53ccc	8ad3520c989fe2d1e5ee13e73d447f6da532dafe08b5a7c0e3bf408d0fe5998f
w102	69f6e1d7eafd4595758cd9ab0546e4f19d6eadd86220858e4ce46029350f0a79	37745bb5277b21000aee8c3d6b49322151143bd84b70863fda5ce8e25a037d6d	2bbdbbcd5fb3aaf3d8f930a6129673c8cfaae2bcb56ba881b1c4a59fe5d0e318	8a807d11a4091bf51a6ec79b5f6693ae7b260435060283e0faa1a9314001126f	1f1f8dbfe441d2a73d2079ff6cecd8c47511307eee562ad71fd6d507b7979fc9	40e3beade5bd8c9d30f325a02e42aefb9db3dc7aef2e070c0ccd7c85ec18dff2
w103	93ceabd91615bbeadafa8e43826bfa2d73da9a8d5bde72e2546c1df614d7a44e	6bc08bdee303b71dcb355e1944bd974eb74db74192556a7a2b7150dfb4273eed	68a47ea59996d5c9eb8e6096902bf5ecc82c844bdc4ee0179372795f53b1224b	c4b62b25be8e033db2f8ba262cf6b17887e54d7263c50de37de5132b76c898ea	7234e85b944a406eadc6ca9ae9409998c8c5a30fc27aad637e3115c06d33a046	1a5972817218215647df5e8a0e9f4a7846a6fc9b5aa60e6eee2f46af71cc257d
w104	4d2ad19a4a680bcc4d8077685cb527877458e67c81cacd1ad491f670b4aca706	3665e2ac798c2c8d119eec5060331931363f14a916f9337f3e298bd7ea5a6710	a82e50b35a6fa41148335efdd6d453bbe0b5f7e85cfac55ff82e02fb2279e9e3	6d225f33dfd23622b172d395bfc87aacb3be46fa10e3f558257cc3a90a586cb0	67943eb097d6d23f0830d948bb25f2b4073bb3a0bcf71a5bcb4b848033fba20c	ffd21621252618a583975b80156af82aaf461a53b64eafe4e4ce28876b2757b2
w105	4973e769fc742a34669b55f8f42db6c04c01ff815514ef6fcdccecae2aaa4342	3aba86d38af5be515d50fb4e243d37171afda584864eb063c767fc400d466fe8	d5a97088f4d820bb6e0890c789d25c4f9d918820e98668ba9817328dc9e3d232	dc433f0c429b9d260920368505e6880f920cc55184f33a991b98b1b8fd1f92ce	a79ba4953dfae5f7d8824a0d48ea3c4da9fec87710acc24473a010b8e3384ea9	6bc76464d32d94fbed0a22f45e947af21172e7037751ba1fe5f3a8d6d03d6b0d
w106	4073734dbc7e47928269bca8e7b650d9dade7fb5f8e708d6313d8dfbc7ce9d30	f4f72fb33ab2a495d91e77025229b7655166540b8f163775e0333d0f73bc2750	4f8629594ec17ab27391909b475501998a7e05ca164697402d14d21237cfdbdf	aafed935d9504470c6d7ad07358ab607a9ab5e9ce1dd4c47adff1a6683214bc7	4c40765cc3df0cb39b1df6481b70b28a71ebc517262c021dbf939933dbf67b84	0b16c206c38defce82c6f3bda948310b40f0e5c7f48697995afe4bfd6b4f4dcd
w107	3b3dd6ce91517eb0bbf363340afd135888fb044e6e748683e466b6b52fd71cdb	cbb758d15e1d25750d788abe4ad4aa164a9ce6c5928f274713ba192f215a5d0e	cc1f209bd48aac6dd044084f24334440058a0795bd6ba21a17162b96df7aebf6	42a0d6c9211c14b7cc1fd4b2676c5a882fc7e98a6f5a2b3475939b16ca159b74	4b317d1632193a0323511b9705ffc44dca01e3de105c6b1bea978519c9825dfe	3fc13d81adc1dde1cd97a952ef5405e56d0cdc3591067163d5438631543a9db2
w108	65e70e755310ec2d67b16ca0c5df61f89df1cbd077380479cb48ad11da32e13d	7124a7a8704caec4eb4743dd5bc6a4dd28112f803e66ce0b09b8e694a779fa41	e9f7d89afa9da515b9ae2b659aab4fc0efe903ae41ac38f9c72c7fc3c9fd6dc3	41e87374ddfc03f15bf354b45ca8c67dca3cde8aaed4206f78b7f057c2b78ece	d24d9c49fd94762e0405be743ba5898e68c52173dac8834e076d661c51878708	ee9473af0d74d277bbdb3743d81ddd71036d763ec985458ee286e0ac031e5e63
w109	d593aac032bca2036cc8cb7f590490ccf5ddc93b4c17a876b4e9a9edb354e7f7	248aa20f1afd4a912b6483a835908eb047426b6dab24c1bba50fc84ca35a331a	82f98117a4d5f8b0b6de97c58834a82dd8ebf6fcda30b178503d95c56f1961d3	2c4525fdeba5331aa5f52edca02471053694a91b93d48b85f394dee502ddeffc	d762a9919e9a13bef74aacf87dd739af44cbbc7d12185ef451ecfb7380f1f9a0	0e76fd12a18fe84ae43a210852d9e72791cf59689dd6e49a319f009da4d6914b
w110	cf4f1e217facc25780e102900cbd128855d5ccdea58649af604d9b4c439bcbb5	a1b3c5d75ed1ea152bdf94e6ee56515097efc90227c6fefba72fa9d927e7e9cb	8236ee9d76722d2b8cdbb9acdbcdd9076dff27c6f1e44e490d7b3ebf0e285abd	5cf3b0ce918f8a955d399e076f8b114cd11889f03db4205a6191f1c7703204d4	b4cbd40e2a0bc26cafd367caa9e4d1d44f4751f19942c98ec1eccaeba5723493	5c1a67d3f90d4938b9b8fb4f626ce63ca356691b3bd19adb9cab1dc5ef568a1c
w111	44a51946a9b25dfbd8c5ecf85646e2365f9e2932e41aaebedc9d48ce95ce7756	de3ddf3eda654ea9f393a0d05a1023640215ad41ffe508e50586d4860e6441f2	8ded1bfd9ed7052309ddf0bf58808ec9be3ac7f4f49b462daaa329f69782524f	c44fbdb798d7abceff97df566a4b897c2230a17aade1372509fab939f0c6f16e	1fefbc04eb092caaca357fc944cefda651018a9a027f20b47abfa2dafdebd402	3ca95f9fec9558803ed21f311d6ae065020bd10429eceffb5e72742355c3d386
w112	d4df1247262c1270f5cdb90aa0ffd35be56369707b76652d30e1fe91bc17cf1c	709b01571303145e5b9901d1da13351f52572825c4a2da3d60341435b37eb20e	f8258edd4d6d8bb29a76616d337afdffc5dc9fe3c922225631feeb07e68e7e95	c8b701ce2622aeea8bcb11d0c037f7b5654bd306e9a52038a2b497c79f335927	33ad82b5c32fc015b36933b266d12801dde5820c096210f682b40b07e0222a19	00e0e7e79385053d297ea8c991b01a221d3fe919c49d143b356ed3ca25b4f2f4
w113	77ce7fa2888c5d40802d9b39a9ed7bcaffc31e5401095a398a6ecf632d026a70	864514530b0fbe4077b6f62d6204b459f911cd073979a8968cb336872d9350dd	22391032c38743e65d95bf1be49641217702e8195cbfde5d2f02db715dc7e693	291da44aeab6f48d3c253bbf6aa51cfcd470c67af3dbc063fafb91761e0637ec	2384f6b04355e3d5812eb4033811dc38991b342e8fc479b0500e8fd1aad9793b	2de860de24de7eb947196255fd6b000f13b642313caec87e1a40798bf6e6b2a6
w114	033f0f03aef61c766c0392da85cc1d54603e30beadd1a5d4e003637b0c75d456	2795db0417f812bebe9a3ce5729a55f75273299b01c04c969dc42dccd31a605d	d0b3f8e67e222f99aba60f2fd893915f57a2532b5b90b85414fd567824820342	72ab68662e68411aec3ab093fdd7f6ffdf1093d7fc45cde5040b966b8041505c	ce009e089d3786dc8b10f3ea3e51f55625ff8e98a2f045603afeda44cb4579a8	3a7afde7ebee8fe89353674367e8c45d890e6c38c3c6a91e268dcf802a3bebd5
w115	5e2b675ca7edfd176e5a7d2aff7aa672d44f8185ba6e305fcbda75073cefa8ef	689e1b403cc67be9590f401eaf46d076a3b23f77a3305ae2b68df77bb143837b	b3b8f937aa29324280070386c893213959cb971195c77629df3902980827de2f	3a6fe4fa2c30f973ee8e47c321f365123cd56e5e8f0a4cc0e37e951f0f86a57d	e12cafdd7ca538ec37892546487b90d8015f843795d5f64c61791fc6a2f76c83	f66c339933a6e51dc17c252a36d48bd25ffd9a524bbd1bff1a22dda2418b1df0
w116	ff206371fe53e2da3d4c78e88c4ba12407ce1d4c2b31f934be4e66e3ba6e4316	a33ef77e3587ae3fae6a39e104f8f6c70dc13aa9200da28dae43c555b2617170	28d6dcc9b2f9168cc300e20cc8a3d7511c69897d4f2b8aa461a276f0b084c079	2fcec667c1c02872898862f92b5333758d8def79ecff8b2ccd208deb8b6d62e8	41ff5b8a0c42c15266f4eeb4d7fdd68f085d1f18798171761801f19cc8dce3c6	69c702cfb4de9f06232f8c68afefb1a4236de2c4f4ae9d0b6557b1830631cf77
w117	ed54f35213d2f3b86b6366c5c3cdf0e14ba09b600731bacd7d60fcb639cb7f18	4ada88377652119f07c01c449fb82b93dbb716b35df897ca883de0a1f0a4e2e7	76e6e52e418e2399bf026812a8cd124a2bf088c03d4a1875aa8f77e167ece7b0	f87dc685d28f0d95711cb037f47d32527119814cf9dd96143a1b250d5a524d5e	69a5c7310a33da9a1c57cff2c4f37f9269060f3c69380da36681994123c88861	a3fa0d24edd41f5253d013b63db1fb27061eb7b2fd2e3395e4bfb0308a76bc0e
w118	ae219e22af20b1eb1f92a0a95fd90e68562b493291700f4d903facd9dd1f04e8	17d9d98718f39abaf70853ebc8f1eeefa0fb96d3f59b2ca9bd5e2eb56e33b859	336f35d66c78e845eca23d7ae66861a5062a156cb3ec9667b26e5a593349455e	5db334c2703e4d6d82145558e39402fcf1b7ba3f7981c81a097f3620ee09242b	558016b4e6cb1ce9f5d07a32164fbfc2b019e2e1ac4eac9459dde1b29e31bd4d	4b4bc28f535803a83f9ee733194841c7c9b523ac559c69b6b64d00b9276b61ae
w119	957e5f83039a84b73f949d4a40083f374396cb9fe0df8e93f0264461ede35819	9847888ba7646de41e60b37384195b23d86069f7a5254430bc9f0c1ae8530207	75a9aa44aa6024259bdedf40a89395566cfca36b704553b5af8dc8336c42e83c	cb554852db064f1a92280c7e49cfe66215fea5b282749c3025a605594122085c	9935429fca08102ab51ecb46aae22b6682a57ac176243b79c93060abd1c297e0	93f08662961b4db8cfd507fa0bf321a44f29f45dc90c4b952e5bc9746bb38f67
w120	9ecf40ae176b100301b6d79c97f7c1c2bfce4a85c89f0cb434275e3395c0f2e5	7e516a72e88d064bc746c8376cf194378497691e9bcf9c7226f2aecbaa366c36	cea8132fdf43a527defd7b1b67aa3bcb17200c7476dc5662c29d92e6b3b22583	eaac56e249c0191aabfa82b83592c7b9f2281d2c278432afda353a9e1506fb51	2176bdd4f774f44185ea69b78044011b990384c841ee5fb11fa3fb7ea1e5ee78	633e474ebfd699a5e37b5570cd3a733ae3196e04cd2252be5f79a67275031441
w121	914f5d79cf94052795ea737f68b2d64e485a8d3aea50e96932ed47d9aa2bdafb	ddead60d2e7c934af93557c3aa1314457379c2558fcc3e49352774818c8f49fb	d50318ac052cd8bb6c2750d3f74247cd179dec43e3f496531ff3252fd2e54565	2b12643b99855890e05b4e2c03e502c38bf16ff6467b83e3bb6b8700a93e00f4	78683ee9d548f63f7d13c3073ad55907dc29ce51a88c0b7575ad25962d7f3142	bfcb03cacb5336d10c690bab4fcd9ca3ea8f9ba5740dcae36920f4889a0e2b14
w122	a1501c248deacf8450a35a35476ed7dc919da377d3655b87a15b19ae25257073	0df99d4bebd5136f0009d1d6f04ecdf756d457d882a37f06dfa518aee9a402f5	f5e023032f9174fd50bfd211ec51b8785d3a3f3c70ef9976bd8fb44149a88d05	5c15e035e1cb0ae1cd7d406fdd86d6d606c28f01eac2a114ba4cb725a94f7ff7	777b8982a0a8b88056db6851e17d7ee0d8038b943d9391d368429482d2303151	6a8baa017a7a57ca1d32312f652f4eec1b36d6e5390f488250a9264cc6e01e11
w123	1fc066ce5edae5c10d1a1c5e2831bb306b3312b25a7ee5e92758b4e33b2d65fc	3ce8993be8cc39408142b75e9e6cfd67964197b1424d08b90b6f54e8ef16a4fb	3ea1873e19fd59d1740a20f11c1f6b13e2d9a2a4d1c8322092566bb2102e5279	cedddc07cedc425a1f1ae1f63b8b5f7cc35534953f80cb45bd71cde9cf062b07	8dc9db7fa4533430d68bdf4fcfc4c264de862b9e03eff576ffe98740bfa7bd28	5a9fed175fe10b098ef9e3face49cf641c0b6a06453410ed473b1131f2a67b4a
w124	df77820db1a5a999d2f86d554f9b301aa4ee66313cf6d3701be78d552aae8c79	6f250f7eb4c91b8b9013870ed487d0cdeb7c49cd8a6cce9e00c57bf153a534c9	bad5752efff810607424c6be001c9e1fa7275ea85f70ed7dbc98979cdf1bedc4	d803c977ebd09e8e3776f2b933ec6616f6820ce83ff54f9e3ddb2089691b708c	6483a2f2bd78499a91a573dac68ab97e54fc8cf65700373c9130b30a26350ed0	e19b8faeb0a48722b451991dd332e360eecd3f2930c6ca9452d4164acd4a9e4d
w125	e4565012cd14ef8e5e84f79dac465e8a033f5eafb14d79f468c94a0680b8c34b	12deb7d7860d5e2a78106bb4c5978ff479d6eaeb83e2a9cf89e954f8c41c5109	19bd146b9efcd3a4348c02bbc6caf499e0cad14af608ebf6f722b852f1205867	d437d2a5bfd7f540ec9a6823b11b5dfc8b5cc74bbb1865e70485e6ba5a388d79	33841ef46c6e4d9ab2f2fe060a3ca278e82b57e7995dca4ed125337819b9209d	b00c90604e5aa9ec3cce31d9faec49312069aabffccf63fea1d7448980a14291
w126	0ea13f4a435923565b86d122a2c5fefd614c4055bb4e2022f285582d21a86f1e	0c8143f8b20a2503c7b64f46627b0d642cd75be27b6cc4e4afbc72860d7c981a	778e1f5ca6a03dafff51b182265935828e16496ad5ec1dd0b7656577a17acd45	5134795fe33aee00253c8accaed7e87749077644a6d01908b65e468c2a9c1e46	9d6febf90ab4f9866134599b25569734b64c7d1b5e8e57c4a8d4fb87bfdd9888	1ab04bc80b63268a7385169b5c528f1c87b9fbf37475e8b94c02278e7a6e541d
w127	22901e2dfcd61f63af1f323ab4fbada4c8a96baec076e516c22f8417966f5771	993659221eb972338c6cc998a51fb68f6f457ea847c8d6700b11c81941d4e2f2	7cc26259a1b279ddaf2e2d87301611fef7ed10ba32197b870e4cec646dd431e3	6d9c2c19ed89463619cc0622aee303eb7fecceabe2d27451d72e5f6cef2c1436	ff9f5591da3c7e15c3332e06fd2446688686a4749627bebd64fc56c930345fe3	f834bf65c825d1ff64af7a04eed8ef857ee81182f9935be85b801df6d3505acb
w128	8fe829fcc8eac86dc26a548d2c132027e3987c1083e2fb490b6652218cd0d34f	e1f3ba38fb77948f9ece069d1ef878969863f602f79b055126f0b90753c7b9f2	3aa1b9fa99757974a0281d1609eee78ef2f9479b11680c780f8696c0f36885e8	ee705254bb87877199ce86d0ad6379178f06491233bc02ac9f2381755aac9ef1	c3f8e707e59900851efcae41c9ec1f681078a391c8fb01ff5eac161ad6df6b58	1e03cc2d3de838342c58dbd7334b9141ee61d6f804f6186eda007979cb6f1740
w129	d6984438c964ab6f30ad0b2b00b5f56c0193e828572dcd460e8ab689615425f7	bffb2c4906631f88719725714fd042c3542029b2c91fe82ced851ee411037fb2	7bd3af911363d8e023342cf22fd9683c4885e81f6b28c1bcaa10841b210c2101	3372e4bdeb5c58ceaf0fe973df08f6f6b7f8ca88d92e73510cb6f72d50e61ba1	c47ef2124b946cb1507eb44d5294629dc43549569c8d4d5faff586eb55269cb0	ec470457f4b79a58b12e7f105da0b37fc631aafe33cde007091f8200d3cd77eb
w130	7fa2f0ca20e70e95ff16654814432f772afc9335c8c47eb508e78bc506b099eb	f6bb51f8cc907b5bad55907bb19673a77c9cf274a30e04cbaa87d035d80de186	5c41b7fb8b1315e3a857dc2ffd817ac946f56bffd2b5c3e6687b397d1dd7c9c2	f2bcce3a7956c82e7625e77d963730332a644b759a400cbc9719e61c248d836e	8c3f66bdbdcea27168cfef9399a6cf3f7c1b9491c1c0fe092440a3028163188b	ba4a8af5e3e5f0b2292fd8d60a8a71219e352dd93064e79cd458707d5eada3e7
w131	ca00006b92ad5a49aba191f09501c7af1c82567115e1918977a78ae91468510a	fda14a257c5997dcae5ac2cb2563da6282fbc9dae42a7728dbb409f4a09b3009	4a0924c8e0f387375a6cf72ee8ff993ba66e77295f5ea01eeeaf873f0e687106	c8c8315b189d3413d6ea9e041f9c7dbd1b5a0a3093d4228ef3dc93c7ff1880f4	294e7fa75bd265647f558302a5d566d97b6b4482b431ff7a592a2efc8de45191	8e9bb8f6a516556f037b3081271b0ea2bb2b67c5ed62cfd323a1762da4840cc6
w132	381bc00a89e559ca3978561299efdc4efc9149182f389f37a27bc354d2d66a6a	76b3f2eff619e9c2290734d7f98c6ceb37bab30965162d6a8a796e3138046338	eb0c4295eb93b080a48b2c0280151f968fbc916738348dda81d13f2973fccb22	b8cb013a2bee7e3101d6ebd43fa1cd241a8d31d1d4fc349db7a9b3708929e8c4	974f39319e5cb8c2f4514586bdcfcd798c4507f51fe666648d4209fd694ee135	9515ba4904075daf10f754351797fdbaa34b4e2963be0420365fa37eb75120db
w133	fc7508fc9f83c449faa46f2dfd7972b5aaadd8413f5e516c5afdc7d84dee68af	76c2324f38da410f392d7e48f90aa573667323be8ccf5fe8055061e790156129	b16f4f079233563c03edb23cd4db3799358e38718ff3a59555b6240367cd5e9b	5bb3b619a108e637e39f86ec842937677f7c46528d53c0917ad3a7af060e557b	f6b0d59e1e541a959a5cd929e4e2910bb722b76a005f7828c763721bd7a0f05e	710d3da7006ff9b99827bec086f4725abe64681995d0de1eeca5706ecc3827d6
w134	c82fee0bd0a430c0e0afd9a6a29e6a8cc57c2130ec26b039e584a443ddae9745	cab076fe9bce245fd5384b3301d367eff9f17cf40a94c5f81629a0612e781554	e44670dd1b8133617bf74aa4dd6bf7f41b3b893be821435f732fbe1dbe1b16b6	91a5d0052f8619fcf5d60dd8a0ee6382870b1bc56b93c46247c3244da1d3520a	6c4c46181107f25d1721b8db04839af78aa2f769bf5dcb30f45d6683030e8762	a37be3b291f3671b65cddfa5a68f1952bff124d8d635bd4796ddd958810a07e1
w135	06a9a5064fb1a7b995a4ebee7107b92a16a70217216b4c510cb2e67c3e1c4e03	05755ae30552a276b0c68dc6bc1f36d0f89c6bbf5efe588b4457017b29f59349	268e91bf8fa264ff007f56877129ecc24551f829a3236274a7e23e8419e577f6	53fe97324d31ac50f99a444f950e76fc60432078f7687b9a592f82ce7ce7f24f	e56cccbb8d1887bc863a22027d30aad1be708d74ff4796be11a6e2575217eeb9	dfee6440e1a496877d327c99317ebda57382eccb9ce3044b97b7a1ace04b37ec
w136	054d97fc9b30a14759c652228ba5547d9372ebea5225fe1e44c3b4aa1fbc610f	da6cc3e71acc13a77f06d9e28c4f3757f899345284b6bfb4674662228253c685	77ca6c233d445dded60722a6571d6fefd483af0a5eca0ed52294d454530b775d	c9967af43d9a04b6b8392165fe6ab82f4cf69e98f281ad9bfb8c178b37e35aa1	413d217f6877ac98760c05307a2c2aa99dc9c707705bdcfd0f782852d154f0ef	c5eb345fe49133205a409d2bfcbbca0b0a4527efc8d735c892d2035b0bdcd766
w137	b5ac1d413e923f9c4494825c575fb4ca2668b7426dbbdda7ff87b992f362066b	d3a156445fc85d1682f7429d156409c308e94c5891604cd2c44a7187d57ab2e5	e3efbd344c8bb5101782c1dc65eb8a21e96e447e2169bb69966e29021d4c1169	9704f22ddfbd8cbc6ae79cfd9b715658d21fcfda0220b0534f607d3226ebd942	ef577cdeeca0f5996cd1e2a56427c35c094fb6f2cabe91bb987339d885efcb98	4b07a45b84079ca0550463b2b1a4791e59b24fd6809a4effb9402fba12f44f53
w138	cf509fba063346c40d29a4265125b3f8f18c0eb274556f40e73ae27d9acdbec0	58040f2d6b9bda85025fd08e005e5c2053b421467b3c94d81a4b206f2fcbea08	78bca6f4abd2c099692e699f3b824562ecd5f61c87ebf4c3e603c338a81dcdf8	561e913376ba0e271b35515a31d0b47acaa6fb7cb15d91c25e586c169eb77dca	7cb4c21eb0f6f26c3de3ba1792e3c018a8ab42eda0da1cd2590174d3a68b4dd8	0ecc588990b247375dec771c8e05c2b98e8782725af5e840088a20af63e6c551
w139	8b4eff3cc6c0090b2eba90caee380f1c5dabb4e30f526f6fc260b476987140cd	9d49f4364f2f771e3f64405bff54cc6371edb4ab590f9d44df31e9cb96de6244	c52a0321c4d15d08dcd6f77b736962c8686406a97ec742c238a6daef2d4eb667	296784cd2d57795dc3510b276aa4f3c28288e3dc56d514519725c59bc6790c33	164d8c7959a75d6ecdf49dcf34483839bf427d7451b14bb1695d39384b0a806d	1b5183934e23032de72948a20d0e7c7c6bc8664bc50e9d63ba23671e1c2935ee
w140	b6997977f775e14a897e02bca06c567fbeae394e96c706fb10f71a64e4209572	98360fb2db674f63c60a19bdb54924c7afb679d863ecddf5ac5de2a4b5825261	e06c31a726ce8bbef16383fcc0219bbcfdad83c51fd6a166da2d5f84883ddc1a	94a540457d4d07c7049695727d1e263ee5ae643058b70ea05be2d3ecbee89083	a5bbe64606f92e3ce0e8dabee34ad9a33e5ae7bdd410d2d11f54ef314cf3bb20	d52c7f2ca2f36d402afda16b749bd92f6a48ea0826346f6b0d7c9443cb4bd554
w141	4a80680618bbd85e379ad576c1a17fd690a80d29bd19fb3390f19cdd1c28046b	bdbac693a680954da7d641bcfdcce94158da59f2badba427efdffa92fec62c6d	c0f96f05e1915c98ebb77c1a675df46cc3b02aa0cc6cc75b5745b7d45086e21e	4e064fe55bc7c149f764fdc4eed5631cfad9c959aae86b56a453cdfd9c070f99	3ebc191170b926848448abbbb1bca5b6e7ed63387fbd9682164308da48d0bc06	029603cca8700ef41c71646170200ab954ea46ccc492e1a4626e499c00299e44
w142	a8ba4c2afa04cd2f42b305ea754d2c52f2c8e550b3411e28098573ccda8243de	dd043edb691dabd9e26997628aadbca8736f49bb0a05a612f24697cf91688b23	ebdd68a4dc237ac711a97a5fdff11d1eb202dfaa142835322e044730547abcc5	a7d17670543ab3694649a1577925dbe77c681b68fc5594ae21aa356ea59e9f8d	5b337608f81bf3c506dbe7a02ec95d37a807722e0a57b0cac48b7c6fa58b9e72	2f6870e58b9b7b1b52ef5b28ecd5001a009cb7a1bad554bdd51231ce369247f2
w143	749e8c59638b427757f0c28267c69c7bbb09c7059018b4e9fcad60f0390c9e1d	07ca88063b6ec41f3da965ce089b8caf4d9deec4d22687c1e77a4421407d2f42	10b434630c62cdbb060682e5070a2202aedde1e0bc973e5b939fe44f0b2e3c26	64524c2926ccf304c1d659bf87d4830dedea4be38ab101f32653d5ea983cb33c	ab57b587f351cc3f4be53297cd68ccfe5e11325162256d0cfcf107969f7f4569	0041ff52b6bba605a61e47b5ae5e412b6affc84fa568b15b71f47675e4e2f02a
w144	eb1d17d8b0c91f5077dd1707ec043bae0523e9996dfad389edd371a65085ccaf	a956b6f6ad31a418c851d41fd0435499728874e794fe035a951cc56c4bbf0161	d997546510a7bc89aca7ab8f5ea8350f688a41abe4a66ab56c49db81422f8be4	d00545e74291207c41acdb59fbcf2e9312b09a28530cccf801ce7f2363b52cd1	da1cf7c60ff700f8ba13406662c7a12854d42134406b4d27c0bc2e6f12dd9ba7	bce71c2060e031adfa8ca099c6941520f0852717a6b515bd7a62525cc794dda9
w145	5822a1d68cf2eb03b7a42a1fe904e08e6b510825c69bb50fd4b5cdebd6ee7325	7e2b3be23a8248f5c179520e4ff61d00f6279d138b4f91f8cc33933471d39289	c4649ecb217cff388689eff8493a8f2e39d47b1c603920cd3f5eece228064986	804ea261180658e87092d8d535efb9a52adc7b7fa44eb6350d48891c365ee94a	8245b6c73e8b85e9ea6873e3a226a585554b9894a52b45d2a5c8db2e045a9bdf	a228ab7a2da910125e9bd5c565295efdeb2a5fe91f5d09ed2b18871543f6fd23
w146	cf539aaddf035780083c698bcb3ab0e1191336e786ed65523fa02c37a8bb4405	77bf57bc7e9584cc0f6a5e10a50bf3bb7da0f9840f78dedfbeb42c1a1807b7ab	967d0b4ce977b5539579e95c7ac9490de10ede1f9a1a5d953b02891a4d566595	666129285f5c3e3cedb2c6b305d9d15ccd910ef56b17a6b9a5ddfec3a4125cdc	d9b86214cddfd2e0ee2a32357308c809d9a0fb481ed13feb2fdf4a4a99d94a2e	72afa68c38839ae731d559f3d112efd6bb7fdb27005712213d0f0cc11e813866
w147	cefc1afd04ce9cb78148be3acb3d67d58d80425c5ea8735e10467624ac2db29f	4d351b66516eee556aaf270002c79ab462da6b63fe7746397dae97b8d840bb69	65ef12069d189ba4bd854550627c9d167e9cbb5c9e6f247ec442c884391583fe	6c3e2777926dcf0b28143c4437acd81d2a8435259eb9701c2ae3f82b010f0e47	aa57f1fb3991eeaeacc110364aed664357786f9e746c0313c1140f1c26ab45ab	f242e8c14dd61a592602d23c848ef7c1e8dd7cb04039f890de28a137c94da6e0
w148	e53905603280a48c1e11efbb4fc6b53c2c9c33b188e1534162ed7d84f54d20e2	d9f0548c3b4ef706140ec5a186aee848bd06a1b5e47edbc8f9d182bbc9972434	d5a5955c9e07bead4a85587e24af5976c92e6e35a6d3f72c09b0733c64bcdc80	c06904f071b7d45c8a287926e8984e134a8de626394d00a9c6fb93eacdba6e4c	3d9e52d1e33438f24c1ed98bc1e766ce8500ba0483e28eeda26babf5376c0c9d	d85a24fc5a79f090ee6a81f261093b31c8979f822454821daa5ca0816dce9f1c
w149	958e41f94397821a04bd27bb067c6e34902b4f3eb55b87326baeea5b6f73b15e	f9d3cebb43e2236ece0962173c41a5511ec51fc255b92ec6808b011bd27d0500	a21dcd685c82530830cc592b3cc36fa33b4e2a3fc2793d60394ead84771056ea	e6c82af708d1597dcb8531e3dd03be8491280730e7451d9a6920c304d65ce578	943c3a8ae8220c2ee0b1108963004617b003adbbd880cc3344aa7f9806010858	62840505fd5b5a5c9aff7d41847b5c7927c28a0702c71d40d5db534a05fe0720
w150	a9a2950cbe4c71ae0df2c50c6798b285b708192809870d7d0b3e84466794e957	432ded39a31717f081e66f485c06bbf458f8320aca0238992445861341ec6b1d	9537c354918147fe1dea0330dba0beaecec1b5294b71a46a1fa247d4e794144f	62ddcba96c69afbcafcc5ffc3df46ada3b2496489424463c7d1e85ff7ec39f1e	6ef23454e4ec6a6971570ac64e2a16f970e94bcc7081d69c1af02086d33ef3aa	f4069b9135c3d1fd0b58960e171b8973bddadcdd7b211158578ba032482dae3e
w151	b003d68b16a10876abf0a800bfd8e1f235788cfe36841c24cd128972236cdc6c	58e31e33c8efe0a1d999b1738f12ebeda83104621664753685f1f3f358d81586	55a3425d9cf5790d3b0b0f14e00879f13bc93169ecf404ef8e06c7dd10b31c65	930d3266d023d07fb045698c3bffa0c5faea6309bb6e707ba6eb3dd41d02bb07	24d900e9664a6c6e8c79ef0efcb80940113062393b2be3cada9b291ba39e7a9f	d449fc37877fe1535e497aff5b3e8efc01bc1be0746dbe14d72a885f8c8632a6
w152	7a11eec3f860eeba4cf7e268ef68fc4cd3dddbd88522f9b612c4dbb13b1ca44f	f1c7051cfaa2b3064c98dba19c5b9f3eca6a2bdb7728eeac149eccb851231fb4	177b20ab655efe6d21c7caa80cba493416f83c72fa93ee92943e4307e27ca858	d75c731cdf18b01dd830eda3b328fed395a248b799812b9c89b486c223a73ea0	f897d9cdc60ca59c1a4ac2b825dc826a2bd8e6244ef5a2cde4cfcae706c7648d	9ea1f805f70d177490292c69935f410ae258498dcbe764131ad633f76624089a
w153	6b326fdbb30972065d1694895dc41a3764dc0061acc97ecb2edf398814f8c22c	6f55c394748191e85ff991363394dacd118db47601950b84dfc705e8099c10a9	3d3ae38795cdb7cc2b7bbe90db16c27dc9c2eabd957e32232e4cfa6f69cf3b65	0aa7305064bd4d5a670829d819624c29d42be24ab755546c2f01fe7d5fc81403	f9326cad849c4ac7e9ff45f46bc00032eaa4f611516c697f9531d535c6e7e703	724b9484ee89526163e96277de6b67a4126c9987b3c78ddc0f18476d5ed249d4
w154	2bd93341e5d81be75d8b2cfb755b47db33cd7dfda958e75dc602faec4074c870	9db290fba64f279746a827776f187120bf15d65e18b877814eae6a4c82f81487	57c85019ebd560345857e9d8ef7e4b8e226acfda8f55dfbd4c780da5ca22fa91	119b45516717a22f1b5ae8c2588eed9ed0c65f0b649d25e6af618261225f2f50	709df5ed57a61b922c56d56c90d3dad937039309cf05e65c9986e896ee3b459f	7e004e2861b059fa84c3e0125ca902c22e5e1ee62e9ed42a369beffb693eda51
w155	eeb541f0dbb950766c1b03c13f24126b08cfc5443689b26c17c2eda8f6a0040b	ab2d7599bf12abf40d8102328255915544b6929945c849cd620b0bff3d265490	9e11cd6d85b6e311a04e36eeec39204e775703bbd67aa91b5efb50646a7fa1ae	6278f62466ac056168ccfc2467babd700b217479befb5349a3bc1ee090a4f43d	c7e8eda07868b0633649624ee6113153ef6bc40ebae0acaea9a295bf1f0295d9	044825a149094ee3bcca46da81c9a58be8a36990f6c597bf53718da1b3bbb24f
w156	0cf3e482608968c632a009c888e91cd1fb8c601a17cdd3c0bb43cefceae93bd7	561e7d06c416bf9b4acadbc293332acac7f0355864a1f809bbc01e2b9feb25e9	0ffa2690ffcdd24f65db8f4a665f7df9b097e718ad9c0cefff80908c048fb1a1	fe12d1d56635dc60525ce15521bc87ee9d1b9cfcf269b8a260d2a73ad819655f	ac95bb0ae4513d3d4483ff5f62a4a1f24573d36cbed917fe5b4d2d5bdad0c569	1d6bbdab6fcd3b47a1dec06f8cfa805ef95e0700fa25f0b9c947a8ae90c867ad
w157	4f206863e1c04d80a2c44edfccaa5c87c40ef43931e723e123a18a47bdbce028	431bacb2dad0e8be68401a3a89c8e543f191cc2fe83e23b88300067a093b23c5	d0524442e9e89c66e9136022ed6ed2bcd0165183b24093638a7ba221a076d2d9	5a6d6c48c4b7706f9f3249af3376e2ae234f49fe16f8eeed2a71c702c0df0d66	1e33fbe6c95a200179ce2a3b322914015b38726ac3a3d0b17edf3438883f5c61	92a91536c40bd510af3a7d869bb6ec60a2b7dd0c199adcaed1f5fc8efe781fc8
w158	2b16994642acea8df3bbbe9f5614df35e02928e4c62e020d4fc6cf62755c3d5c	273b7eda2a3cffa02704527359b8cdc6305eb454714f2048453ac677d655cd26	f4bd4dc8072ed8a8937101f3f28e07cfcbafcfb4ba794e53d3e5d9c0c21605e8	226c7224748d20057eca0df03484fd9ffbcbff0701f1231ed5ed65c5aa76ed0a	cb718817d80a756886be99159f384e915e7750b04a359e05ba783b2fc41ec8f6	d4a30d037c56abe3eea3e1c376fd2d618d35d22bd5d7d0d71c0bc40bb3cab3a9
w159	8d712025567aaaa1d9c7404946cb63b8348984066f57383fabcfe2db759ff4aa	e3f2965eb7fe9a4c0c9bd5f15a54464230bf5cd7ac34a9c47151fb97a120a878	c0033fabc19aa411b36f3d750fc4c2daadafee8709b7cc0e80a28dd9434f8d41	a7304f48208eeb27b6265bfd7b65f84de833bc53b0c4ccdf9c78e44b36ea64e7	1f7be4b9e270ff6a2e275f02cf44b4fbffe7a89f9a63eeecaf7d5590c6b6172a	2579a13236c43c0202fc394f694decc344977106d86fa8fb79b71dad9dbaa0ea
w160	8109b53b08b0234b7cc1b8797e6570c25a5d5a9581d241fee80a8331d8219ef5	620c97a7ab9bf03356a32683ccedece87fadc430933b475ff83cf46e2d572835	d57e640b2131a2a86c500ab338c89058ebf3912dd04a68e9ed5183898d0166b8	861c9f1ecee779beb47481311c273a744bb8d5a312bea231232cd57d059e3775	02911a46599f4fa90e7f901cabd74729e31249305219b48e7f8fb40507213c2e	ace18d8a1e5d266aa9ce3f8d6be209a2419d889540437b9dd4682af28b4d576d
w161	91ce88ecbb4e355c5bb8f608d863b0c84f171ef4a439ce2ac6c7748a81a122ef	10056112c77d4b94a9010ec49f9b39481daa9dcc1ccbf354fdd33bc963dd3a65	0e3e18079e12896bddad9bc206c2f841831a9cdf8aa11511e8eda0bfd33dca58	d5ee5aa626c25bb3a6a9712574ef48f9cb77ab99dc64f2b723a7b1e079550422	2beb4b27f3db5e84842ca103ce38cf6c4c508eb05043adbe3a507238c22fe9a8	c4fd09fbaf35b769e378992555c756963784202c7b664d266d2ebc1c56624be7
w162	29a04b4769a9b5e16f060b8d8d83d442e4e61f143826298d0035c2cadaf94554	b9540daa9fc5a2c586eb4bf9f4ae81a756e166af965c9885cd41caa4eae692d2	48bcd3991c9145431f4615308ab625c69d6603780995ac801a14ef30638fb1d7	55df8bd817a2638fa8e4453873e8e55add3f004af901ddf6f2fdbfe8a634eb07	a87f847315330e2dba852d5212725340d697e9be20b33ab2c6d539b646ff77ec	e7ce29c601182c10eb3b6232ccc728992173582d11ec8c1fa8bca3ae92161ca6
w163	0647e7016d1d11a8b09861910c1de933d91a58a62e3a426b2948033a3498f03b	d2c83f5e8a162d163d7353942676632593d345679fcfe5b913dde4c186b92af9	f94888536673522c9fc8ae21f70644d5c9ff5fd9e77bb176d720a40f28b79f98	3aad6a221ea47ce800c8987f2d22e42f00e4ecca3fd8fe6fd9f876e1f270df53	88c12786b406500b47a0a01c4d917a8d76b33dce68112523ef5b225e3469f32b	0198d531fd04cf7965b429dd7df7eadec6990fa3106206a2249130cc22ab4532
w164	a77a986cb0b07cccba27c697076593a4fd1b05d83c214e0daa7029dbbaf09ef6	364525c50b7457180ba3765ef934e678a64ef20dd0cc2a8fa0762448f21258a1	b71594d7b1fbcd3c351f1e74bb98c215fa316485d5152a92b3df24875b2a8829	22b619209e4f1633e9faa8c273581f8bb655e5fbfcedc1f03506cbc5d65c8463	098c83eb4053e5cba0be6d6f66de3b0598ca44c472e19347e0a3b5885e4efc26	2c0ad052b0384d47fae98547bda7cfbb87cf6b909f29357b4fd01eca1729c42d
w165	6b5ad4be5ec9e953e73e554d6aef01e0de4f5f8eb88de8b1130f3d1ee07652b5	9ce4ffdfc98b234b20a246fd3df528aac77a64eacbe9db9e9ce367d9a3e6eb90	f6d7b6653eb2ae8e0b7f3af247baed81dd4a36441e536570061b9ba4d08d80dd	60a21d95951c2d8395c4e82ef442b0fa153485e263fc44dc5b62973f8a6596fb	d22529e88649754167f14c513b8e608166b3402f26f8af42e105b503009ae31a	3a0697621de4542d9628b35c25df82d484b781dbb65cf8cfe3cdbeed6f3b311a
w166	b3fbbb9f58d3f4d8337ecb8da7341aee7820274b785dabea6191aa48e3db7004	baedfc3d9a36e11956dc0108d9cdee39d68a4cfb16fb1e178ce4b42cf8d12e2a	da117146d0d23776f970da05631852dbb73dc5d7a07f2f5a63f7cb66c9b55f79	0141815615079207fd2dba2b54cbc3b72762bf4c3f9eaf798fda3fc9db8c3827	a7b0467a7d33f9287ba5daeb8c8310a01635210596e776472bc0d6f69f5c25ad	f42abccc99eec650526581a73abae3696d4caa934f2e2ea1804ff498b233ad66
w167	5f89c6bc39a2d3a3452b8ab8f9c2be8141e7225eda70a6df70b1cd6d11d60ed7	4b671bae3bb2539f6c6da7c9b291d01b061f3b1697739cc8e4a7e741d55ae8aa	2e6bba64919bc629ddd0f539c45ef6ea84832d968f9c274d292a734b7206f7fd	74f2ee8d6c3860f7ff74f83a2d0ad00aed5b7fb09531e83d18e8125610be2811	79d3c7446c7f12f76e9ede265626b31e22620ec99c498a04273ff573ea15ab58	3d89a01f314215a03856b22c5414e3973e5a617a77ed2119fd02de5fb850f3ca
w168	225c9b5e842cce40662634863e2acac39e899579d2e41ca64a87eff42ec52dd5	ac3979606d04f5810593851d349c017a9569fded36953109fcba542a1daede34	4ba7e80bf68bc320a49b7f0a84e7c397b375b29f071e4b8a7ba895648c0f03d9	7d21a58b6903e40da6a5e545646eb5b5dc4d476aa1418322e23e3a8b6d5a3bf6	d91bf52f43499df07bf29feec4bea03e3153f6ac1d221993c1ad911346cb5440	23b68326a8b3b9547a68c665f5252caa5ee2c682dc8dfca19e1a88733fea073a
w169	65c840d9a9bfc57a5e2000c45d879f962600cb19f28593c25d58ac5cf1e16afb	7fe6cc42b08f2a63e6e919fd55c3d1fd784f4119da473d5188b8a77690a7edec	bd1256b9e794090323b50025b299d03a25049302c3113bea5589243a718ae277	7fab6b8959644884040b1755ba187253bfcb0b8d9961ee228664d86edf816ffa	f36132707eadb9ddbcb6c2e07a88c6d2c3b35b528ef1f3ef16e18ae564d1afd4	c5b255b0a1dcc945b2f220641936dd88f21189806a87e966d79ae6a927610739
w170	a08b936efedf94cebf83d43e031e1a4fe433666015e0d39868a778fa2142c334	f6b4f7bdaab1078a9903e321fd1551b1da0e7c706cf8f5f8e33d4e5306025431	c3f1124a1cabc5cfdaea65e9dc7b9cc4b677149d3a86bb4aac74854668c83d5a	8554d88cd4b05ec908280d039330205c78d0da55114c77594ff1e4ccffc064ed	04dc0f51f254e4e1eab1942ae855ffd097b2631696c0ebd10eb9bacf1262a355	b7601e251bb2ae115b2ae6adb136bee30eda0379817e9260cc219bc76e9897fe
w171	155a3613684cb6fa8ab91cc498fc827814ee98498418a0c89f71eeeae3cad2c8	89af80eff5b302df0a309ce5fc652670a8ff6aab44da13e09e41f12007dcbf3d	ae7cc1f6b6733541b16c29b259491119a1ae551f81ed4141e0fc552042326b48	a32676af0c2701f051d9e4cc32647af49e4c9d277de56e8810e2aa1cd45baadb	d1a402facfebb44134b243661f1692a89cd593917e2545cdb6f5888148771726	e3cabe5884820f64a9d8bae0e10047431b8c8d3838f565086abb09a90a3d7fe5
w172	ccaeb39290fcf3c37cb647955c42710c832f1be15a5f75e410dd2c8687746a5e	97ea16f55fe86282184558a1f87758a7f973be9b523a254ea775b9e5b01d7b16	b3b35c5cccae626110a618858fb994de692e6e3ee12bbeaa9c74d36ce5282275	5e221e8ea2fe8329c94067990be30314637f3316ad14cce711ad84128465a898	2f4073aaa836ba8daa8f28d4ac9b567774a41c524a073c8c587e3a64f6e29d5c	5cfa3860646cc4dd2b3a1b840f3b10818078db72a4cdf8b215acc8e7e22330c3
w173	3bb412994b8209e830a50e8f46e878f19d53f78e21949d61c63a668b498210fa	9c837ba61f68c47830c1e65680fb4714d8c97946f2ec76847ca03a78eb5f7e53	9934c4496ed27bc5308c40363820a6a3130a42e478d440689c7c0f6a00eb0a37	8cdb036e4524c3a310156d0f05c5f8a822665c576f821ff917beebd5010f0230	3cb64bf48da451e2c9a758f0d8fd34c422d0bdbee8a745f37e7df5d8838e84b4	8a812383d4157a95db92bb0ed30ff62af0b2e4b76e352a24025e2d3e17eadedc
w174	32460d5c9930f52018fde5b3d848eea604165400057dbb64faaa96f72c13a96b	c8a7fac0e1232521be36df7c049370fce2ca140586bae77bb2986246a44f4099	10d144cf744bb0c1c96884633d90140a83ebd534a2cba919e02cf47de3956de1	67dfc942b6eb5ee2b2648f9e1b30ee1659bf78eaa4eb8fe57d7e36528e518541	861b2d0b57554f5033e5448c46b61791c1b472b755aaf6c12eb089ccadffd4a2	4c6cf5f50dfc29fb064afdebd3d87465f4b642d9cb6e31733931039d223b3a0c
w175	11064664df343e804268617e84dec5f2f576f94c41ed2394dbd8ae7303f96a9a	dcee0b570f70d021573f48d847f73b7071acb3c743ce2e2ac3b45ec0cc27799f	2104439b3baf2c3ff7d18b7492d13c9940fbbf01543849f80e6b79674583a97e	6cbb7d9f50bb64d79dfda5958213b27a7d2e55ce46ca5700fcd1114402a8605d	8710fd4f688b12f59d99a609379aa75d930260e3607d9f4272fbaa01463a4ffd	133ba9f6a786d756b615051b7dc74f0fd63a059e54f3fa0575a40ba0b3649456
w176	c41c3f49f27241356444cc7167c6ff3df65e00019529cc88ce882eaa8915fcd4	e07aabc65a2fc86bf7e7fce8bc37dfc3b05de5c68b4879cfa70c10d32ccfda35	9ca144a853a130848aeb413d424d514b412881f12f86c5df0dc60ace6faa22e6	b24f48dffc841416b722adbe700a0e916391c056e242eac0c7e32ed7644fd74a	0ae80f151481d03ca20ec4199c296905a1c0de0f62988a4ea6c46641c52d5e98	03cff1db76a0bf3fd4f3d06c43be86ec361df21bfe75702bceaab2534cdce5a7
w177	4f7c118f18b75a5b03c78539980538735dcb30cb6a780f957d229e0e8881046e	7b087ed50877e4406dc2e42ee8c42c0a54865d99adf93b989920bdbd8992d8fd	a54a21e7fc9618bae461df9ecc1096f5706f8bb64de1684f5773e583423cb11c	af4a07cef9d3dc322faf4d46e690dc841adf29507ffcb153ed101b856f35aef2	fe29989603ecdfdf7589287499d65251ede41a0f2fa4b39131173cf574815436	9f0c6aed5fc8978ba8ae9586d535acc9b1ee4bd5ea7332576181dfd6b9a5f535
w178	0c47dbb7a348eb198b0f6f62859d9fda5a61a631441c0ef058129b70ce0543d1	7246bae7c481f8a0bc26f52c2e91521c947b51493a40245f842d6e1017a8608b	f56754ad989cfd2ff5f43b7bf0dc8cfdb85a0aa9107912d24c8d1e3a64c8b55e	987102ba5afcb89d4b438a14078b2fbe420d47330e819a33c69329b22ed287cc	5bc4ac975bc1eb119862b1bc18a05da7e5082ed7d8af7c02b5032e7332b01ab9	0969501aa154ed7fc53defdb983f0e1afa96d41015a9c549c0fd508919ab8adc
w179	a8cd91ee855d062166fcca75ff18ace021c2629eb0a0efbcb3ea36b842103a54	5444f306593c60c69507b0c6f36955c630cbb2868196ef714007d9891ff0c887	688e6955065ce3f4b1e8d5c192d230b4654451d39b4b57a96f36abe78d15597f	d18991e073bea3fb42d87eb1bdd3c230f3e3a8e5955b540f3f113b853d539ddc	121cdd3389b608b7e50c7e3f059744d1a2f26925aef4ec710ec7700dd5f3837e	6b9153bd28a1c57624e4e572b475ab89f7d23635ee3ab3a5f8256577f75b2cf7
w180	584681fc7b78d88a6e9f5a94064d73e46b39b77a263cf9aef8883620d3b2c969	97c6ad2ad9dda129fa7fb2744c5b67d31a82bfa99e3ac9af0383ec4ba3ca8997	51912a7488e156ca395890bb827e13ea0053e3785816b4ad2e0d58c3cf55c3e0	3776ed7f35773e8d503374d8712f26ef23f71afbfa321733eb32ca6ddce70557	aa50a30d666673b9859f570f5167b8d2bbe2eaf6e1df0068f8209c6b7fa7f0d6	07d3543acd83d0e7ed812ad77df20fe46a8f3b5c44211795d1fb9d5bca492ef9
w181	87c0834478eb09ccf9ce138b326cd2c1e49dd3444791937b3ba8706ca4c1ceee	d3eec42fad5001a3c2740a50501434a991842b6a2344b3056262c55efb12e741	e20df4083c025eb01ef8fef5687e232c4b6e2213c4d77391cd91a6893c5b41b7	bc36b8b2a028be644f713b128a6552388960d8f9f58e3b5bce32dfa59ad139f9	3e0a8cea912cb0b54cf65af8a43558dd38829caa0293499b0e6550ee3190e1d1	e78a1bb4b26637bf13664dafd04b8d99616313363803613d1bea59ac1a3ca825
w182	835733e9867647fb9e0e6e4b128ade10e3bec67451b1f51b3b3c426a722226d3	4bce1b53ffb05612f56c49452c7bdc64937c467a4598d54d384410d8865eea8b	d9afc4764ddab66230acd655dc9d5f1aec48bce235e4b977005aaf0e3b3bf9bf	738ac087b430fe9a136d8e5a31dcd4f1b519f18269bf90d49568711e1d919ac5	5791aa588316a616ef608554e120ffd55f00deb04df26197689dbc227d7aa0ca	a7a934698a0a3cac76baa3c6f523e4d3129a5dfc69cc0f56fa0d7d84ba1e9d3e
w183	c629ed4f020e59052de1cdbaf597bcfb1d141505ab2aa719dd23b8d0c55716a4	a4ca4a763967536246de0cff1a2663e6f47077fd3b8f37b551ad1aa29a0e3a3d	85f781b35da31fae6f918662dc46f3f11161dd07efd3f01a350faf889e3fe0dd	bf4a5b3f8f0453b4db58c5474c06732b61373e103db4e7ebb0fa561f64672a88	4ad7eceefde1ff8803b9f7084e2125203808000c9e8961289954ee0c0cd2040d	420d06ed3ac298f0dfd934227e2b1f420ba396b5f044087c350ac8746961b585
w184	729fca0cc8fdd4716e09571217592fafffd3726398deb3bfd2b4d63fabf72e11	f0a4e70c4042b21820835bde4551c67a3f0182f51cd423973d23a073748b0e55	bc5f072ccaadd464f62603991dbda80481f172e7abf81270e3f835b57bab8b70	4e1eb6bd957a600a0430bf30f273141cb694a383c811d94acd7fa1b7c3daaa98	20c4cdec87e5a91494629e2f41f7edcc2e3cb79dd77dacda3e3729ba4e8ecc61	fc7fe1e8d52854036dd0e2f49298b390871489f5ed4abf6d6ebda288a4ea97c5
w185	f46abf45268ac67020b9976eedcb7555fea6a1094abfafe9f250557d5e714d0d	236aec69aeeb759af591c06633db2649d38a43943cf0849228e70af51215bc11	f80a34dac66ab0701efa11ccf0527456fae6d630c972a9586df98c63dbb765dd	6c2d2ac8767130d18fc73f4619663449fd25b768405c2d1530b52fda61634a03	bb4ff5830674675568f761a09f3517ddb64a737db13ad7f7e638c6085e25acee	bb2b1d5794a380eea88f16bf62594abb20eb28261454ddfe93960cdf31b32219
w186	f82fc2e76db92d59e964d318426ba42c1dc7d0478846773cea7b023b38e66dfd	ce58f7880f2d9e0ac66af0fb2f537b29656016a3220729dc8f44d10739ed4490	12d3321d6e7697dd20a07e5f40ec125a5a9a57eb04f31185f3cd3e660fc2bad0	869d1e549252ed17a637687bca785a4450d8f0279c2c8f7684009efda3c35080	1cfd831c2c3e337ab75f2b6dc73493cb3af019a1b244e36a8cb408f679450526	b0b072394db424f29b71f5c79cd85f0afd4bad528d914f745472d60980d31c43
w187	d8cbac891daebc142366e3575290eea33e7a4ac80da92acd338933c5c82e4a31	3258b6c1f81225e936a28e27b3fdb08ba4a0019a3b830c84bd8b4ab5f5d14d91	b1c5fe9ebf575110c5001b665ebfe19df7cb2ed632b68ffe2babfc779ee122f8	1653f5f35cb3ce7d92ac422675c90c0aa57d7017a2e4c138cbdf40e5d2fe4269	3fdf0fbc7ab0bd72c96ba59279f682a3f80959f09ea37756a21259aea9ec8b3b	5d9a44c4938dea042507fe8dab14af53ba6ded89e4be4d456c8d15e99057588e
w188	15ee41c49117959e8e332b008019e5c0cda38e0491fc811f69fe32fbb4e2da48	7f8ffabb7936b5fa2c64212a4064f9e09de701b0c99a324a1ee78efbf57f0f9d	949f79589d30344664feb6f1d2aaf4900fc7204d308dc61b42203bccf0515ac2	48790e8e255315adc6cc83864a61f2ac94c3c3b99a7c7394ce3bb95eb0473a1f	c859217cafdc7bf20b631099b411824afd863feb55cdd65a1945b24c3031e44c	f360716a5014ef47bca7a7e1d0d8a8f5574bf8c869b33ad7837d438161816881
w189	cf540bd806c690db8fd8a641f8c5a94338cc0ef82b47848ea7c926f0e19dc829	93a0fe8df646a87ada5e541516aff164c90db46c8fcaeb06a157a880cbd56fe1	7008818f3fe9895bf9d033dd49202852127b9912b7fe3c76c4c136acdceb3981	3f5a59ab25665e9dba9775c114395707fa846de5a60f6f7a78ad2bf6a10faaf1	c4175fec61cec944f4826712e2f83fc4bc67adc468f1dd13a815c64dfc968aec	45e5220fc017e32a6d6cbfd6a51e294958ac6bf5a619fa83d6b3286b92d2656f
w190	176af40f423b265cd61844dd0f64ecd8a3fe268e25d61094a35f654e66e7fb57	d29849ca7913963946f377f7fa1937c972a2d99081948dabbe68e6d4fb762904	3c19c2798cc9bf644cf337d990d4830bbfad5c423c3aba1c6f42065b8bb8bc98	5098db5b4e4e4f326b0fb9642dcd112bf12e0940842e9ae168ff4f371b0fe566	00ab0573e0ea31c9dcd71171e6066ec08c85b4ad31f053bd814b88cedea08733	4134a4582e9738a0a3712d77be77bf0416c46cbe789e9c9f70cd2ca0f92c5450
w191	afffe9b7faa2e71d2c17bdd9adfdab58119e1351aaae88a00f5af70be7d936d6	054f8772fad1910a3d17bc6d0f45dedda0ccaecb1e88d6894c886c75eff6a8ba	df2bd30b7421849daee6ea08969875556e7c7f68e9cf1276c2b08e37a161636c	559564c5bd7ac61187ee609a3ad0207f437cd3fec45e567bcecf20c1e7c23609	60374628420fafd0cbb8b9b4fedde57eec7e41df22669990b1a3bf2b91d9ab20	24b38528d96d0559b838186632fd35eb8d96867153d6c18ad505887c1a4d7c7c
w192	e6cf31d97d320a4b11ebd5b77495bc656a237ee7b458b9104241bfcd0efc3c29	ba01b09554e5a352ae61861329ebbc8e42eb14a35308eb694b6ce6a443ae0b1b	972a20b84138f926ab34cac1371eeccf46a8148fa1fff9a15bfbba7e9d1a97a1	e47e6d955de0a12b85a8336d186841ec1f99a903d6f2dbd6d46fb60c4e1b7e80	1f2a601db37b3e6d9456f6c9a84bceec78fb546b2285760f8fefae788e1d30ce	5343106711101d7688c8c11d4685748cc74dbe8ad985491df3d4c36fef414a74
w193	7fc396a1a4681d91481fc4466f263577cf766e3d35932916dda3d071b3a96cb2	30b6687927b7453214dbec8e1adbd8b6c5017bc8bc6dc01446402b8b91845a22	e5b531f1154beaa6ab13739dca8ac80b38aeeca68e6888f2428f85aa45cc06dd	79bcdc2366c974fb554bd33cb984eee70ebc07e62580b65be6c730ad45f76119	c8cfb9ab71d3a45daab607b71ada0fc45e01879ecdbc71ca71c2feaccc72ddd4	4ea30ac339abaff3169d9cbccc44378b72104f1f65031367f5c4c1594f5c9133
w194	084b591daf6d179e12032d8eba0a46309832fdfec2e61b58a7a63d18a078506f	8b45e1e6fd014379e1fef71b621c5274b18b78b5344fe7e66d0c47caa6481111	3186129901b2cec14780368f01c1057ad2bf7b080330606065143e8d0372076e	248b6b58ee1a160714c58cfb8192ec822d5f1ccb4cbfd2246a9749d1443967ca	4ee9d350836ae7068934a385d1ec937c5c8778b3bd169e8df49ca4d395757417	a17bce547a99e6b1e3307eefe0e4d517b50f42a7eb785b2831537d9d1f4356e7
w195	9af178d6c66a396ae78359794b55c4a01f7ef4553ea66b199ab9fb9f8b2c282f	fd70cb7fe2b25e930f99e3c10bba92255e54624fbca34cd3777534d6ba8738b3	be7d6ca0750569b0a4fdad7e9dd33b8492f3f0c14ff44b13d4a9cb5b4d764240	9910f49060a5ad8d8dbdc0576d9b1b0595948a38d6e999e9e796655a84c5bb59	7c77c1b61d078cffa602c5be7efaf55213b26ac8c2d3c46cf78ef2cc51540386	34d404221f5c26942eb03dbf5c22e2a7d4b045ae84a1851bbc3123f587796451
w196	f1d9b6c61f2158fc28a3e5d3ab81c41493619607e9551bc6bb0f3cecec8c40ec	9f3d4145515ba3c07f1940c46e04f3831c8188e0f3a5674d7a8c5d0ce3cf0e73	627cf9bebc6ca91a28e3e8a18163b48d4d88754995290263e744d18d2cf30a14	31094cb7cc19c231c65b584cd2e61635da12959db650a2cf822f2868d7476980	840550f223de1d1885f25a3672b1b133faf6968d8554f8527341457bf2eb398c	dde9e05b55756d039c6ef9ca3cf3eb756628d2c3f0e096ab2ba8908bb7fb8d75
w197	bd7ffdecc0b2c9b77ccb98fbc9b4616e7dddab15e91ba3eea745a116f44b7894	4ec5588aec3f2e5da1056d88270d609d761bccbdf44eaf8ffd9c7702bf24ff72	7c5576aa93705329b1c43e95cbfac6badd18ff5e84ddfb5372702cbb42e047b6	5de4e750c3d1b2832aab543c9e15713d74ffdac36d51b12854f60ba0331a3ea4	9a20255d9abc7c73ffb4bd9701ffd2371c083ca15802fbc909983d15384de04b	735094a9f972600c092b9f81237e46789759b23da3b762521a0f79a6d855b9b7
w198	24b56735d555647d95e393a37d1d7d634a7adea0446e59d7778941f477ff6481	bc0caf0c2390d995523a7d72c0e8b799cc2601e3988aca500f3d906d059edf68	650db7475d1c665fa65b50e4e45ef26d7498f605ea7a3a41b33f52d4483e3679	b1b8716039aa82081dd0b9012d4f16324f94af6db564a2889213ff9e4168ba6f	64b1b13eeb0cfb34d9b5e9ecf830ef586fe09a3048b178a84b4c55310e1e3087	08b98dcd5e8b296851d49e4be3266c7856f7a577b435747560b1bad7b620f669
w199	144c74a7aabe0f20de9f25727053132a09def8784a1ff883d3b62ba47f05d327	946e5c282c25b35ba1c5f3edd0d289eb211d1b8f3ce5f53bd09df9ac95a00dc7	ae836863c6065ed83a1dd12ac9d5a8997298dc8b48ce63c56c455b529b0b5458	812eb426cd7d2747f39598cfae5e23981aac8ab8f99e36b2df07a7e2d38e59f2	175367da615beb0ff87d63d7290811d61cc511745c8a9fb6f41da0828e880edc	82d571e652ea3efaa9c17dd4387a9ea43899709746dadfb70b7e8e0bcefe1f01
0	ea7edeb6c0e4160f77a042aa38ea4efd85583c09a2dc45469b4cb8a07f525e6b	c92b580a3eb1dae721545c19690eed95087653fbb13427884209d649672bed07	037ea98affccb4109a9776cf0a102dd4106f43a8e3dbf4c586c4de8803534475	aea92469d45dba47036048ea3217ff40d245e379374e66ac1696242d2ab9e5eb	5f64e8bf7dd8fb406c475a468a586073a53dfc186f0c0890c7306be3f61fb0ca	a0df367e2c4572173c7574f725a561ca6e0c12410e8d5f3180ea2d7f66ae6023
1	2ce8af213d2978deb5c7551d69517e2c2c09c544ca4343b030e8b21646939980	dcfd4fa0d8f06ee3c44239879b1d6e122e30fba17dda8f0b2918a0db8d82d077	6a9f2cbc5b63c6da77252256106dda2a3150003a6c1166fbdf5ceafd0164c084	7920bdc4988eb35a2c5c57ee868fa149c15d586e152f8d1c74caa89ca09fac9d	2e6815cdc1549fc78f953c7f35ead34d0300e423ed261eeb751c19045abb3e12	c7f6d19d8e216d153119df1f4fc3353b53ca8dd5e631d008efee253ef49b66e3
2	fac870ccf779302270e53bff25dd22e73d35317791274f8347c5ed637d70749f	0b75fcd34fd8ad0cdc9b6fc2e912583c4397a9e44bf0b869715794b28634985a	c10f38e8316244f9b02c9bf85cdaf7e3c0bface0bdc8a8ffed6f1e318cacba73	5f0221fe826d453f4847a0526b1721c494811afbab86a9feab1feceff1d94b43	3afad0251d1955f85f039663cb9842c9573e90721ee2ee131a62d1f0bd9994e6	5676c2acd9c73cf4e2b36885bba43d9d0002d963182f4f57cbdb6ae760bb9857
3	3b8dd4bb65f11f2d0eb8d5e1047f3755ce2e57639c4e82142c42ef9daf105b15	6a6c06616a89b8d7af3a6a4c0a626eb3155019424d55f550b26e986237bde37a	d517cf524704c2e9dfd0294135744c35009a1c149bbeb35d09070ecb6b32a564	bfd5244dcb166609f9c83257bd3ee9e5825f10c2f38673586850242511df38a0	6f69f982f1138b90fb7b44b14066410e1a3cfe8137d3b9b20ebc3620cc71cad9	422dd40fb9387fc177ff261f65565b6034e11c0b2df5420f2bfe1b9b79c524c6
4	a48baf658a77e7c7612e8081da5d2788562227a844c6ea2d3f84bb3a7955731b	af07ee437d9571d5a36c43a8e8fee88483ba6d3fafc8b70b099b48da894fa5cb	4b47e1176b5199d3a903b239f5ab602a0ef407fcd617e63214e797f018172b5c	236305d882dd9e8ab852f6526f46a35ee7947468ddacec0f20773132a0dd6e8c	36276ded322c02289e056df23d26769a5cf8f669753a5a2578dd92fa5630b5c5	2ce0d73d7a871e39b33bc462b1326ba5055826b8fd2aaeb2948cac4cf3419953
5	588c2957143418c890952c109de3a34272419fbee21f26665b5559afc1c00c97	5642a0a4c5f9ff9e645481ad63f3d9eb95b8027e048a82811e8474e6715ea9ce	b3d5f96ab700a984f1d61eb91c4a48f0d37b155aa3fe01777fe1ff73f9638a4e	f390f4fbd1fa541bec1da97716f0765f7e0bce553a1b2b278a4897954477401f	cb9c2e2d9a1a909c2c901f97c8b8d7c6350efa992df194453c740594cbe3d260	668ccc8f2c4f075e13f1d6dc6581e2f317b3f33a4fb9ee9cefd57c9c32d23042
6	38f3e9f214d565e37bc694e359503dabd9d47d2f6aea49722652add97eadc340	945b8b9f1b4c1f0eb991b338616f27229c94d3ea21851e9e6e601888bc4a2d9c	d8bd62cae9ce2ff498843f3cf0cbdabe0e455ba8c66cc4e93d5e51c7dc4ebcb9	7ec18750b0383e9ef5aea5408d466c08262768eb4ae463bd099b8072c6987f85	0824f619ff0c2332db1401c1435a4df19862fb9b19acc82d312082cbc9f21ec0	a5bbca59fa42451ef766e396f88f9d01763728056fac1d9f541309a334753736
7	70fb548911641ba3c88366a3336366e1d60c06379803cadc7b4c6304e8505d1d	7f090b705417a4fc21becebf2d93a624f65dc53e91a4388bcf60d6a7fe25c7d0	553cd6364a9ba3e2c1a62dc74e01d91d3776787933148248deb16d3547b16ec1	5df59a212940ba4f2f8bfb22b09346f549cb28f4de29f6140600707aec9895b8	2d4989a72995787477cce1c2b73af19b12619fd9a8273a783ac2d4450dfbbcb2	86afc82cb3cf0db5b2cc2b2ab22fdbc6958fe35066f45d82c539e1b4eb067d2f
8	41e4e79bb701203fefe6354079177ff6cfe960b8010dd1e330215d3b160aeab4	f72a435382e219bf0814fa140754947bc325c1216eef9cbbf6d3d6285a732dbb	1ac4c2158dc1dfb71a61728efb37d07bff8b646b53c84b44d967e7f0e0e16d58	e48bd7cd4cb798b3b46a27e0d7e6822fb2f698126b4d276d026ba37f2c51bc06	d3e979d35e45c3e4a4fd326e9b31dcfd7c40a8db1b0f7c1a449bf77b3e3cb182	ca1e99444fee3004ea6d4dc7741079478df7ee81fb85dcd5cc5d7425bfb0c735
9	29501df1595e0c427363266b9397a5088e5f63650d763cac5a8db3f136195692	1de8ada156fb33c49a9286d66773c9a110bf2d59b78923e8726a17f057013d7d	9f75ec8bb297552515766b9520a3d9fe4eb62da65eaecd794e79a54c0c1aae77	62490442a976d60b97bba675fad273de3e31390af1cd90a9d7062099f58d7ab6	b7d06166da85f08f577e362f139b6b138a3623faf055eecf43d2eb1315a83d26	d961a2105d7ab7a153eceaed76be20293c98e9d8b1646dfb9374b472580bb4ee
10	83bb9118136f76b56ca17b9085d269436354a27e662b8e1b0c16fbcb95d71529	602b4aa9870352210a73267f9f4c97fdd9b39b4d2b9b0bfdd43e81759f4d0271	c4944a23fc29180015f416259dd5c44389a1ff535564bb9fab80ef29ed799b65	5e3005f8bfd88603259522148cd48199715350516c73d81aafa4094e316c5e5d	7571d59b6702f5c31e9c5c14be13eca9a56ed5c3fd8c87a934f867c3202b70f5	27ef26058d80b2860c379e94c6afdad6b6fc2c9fb0c3062e2f9f6ea6cb6a492c
11	b78c3472fa36a76a4a7314c982cbad3673b23f79d95480f302d3206d1d6a164d	c731273f809c1819032a1f94ad323baaf0d5209aa087fa22db4b8f9a01270681	5d66320d9bf875357777512c7475393466a478e124127c73d5f778ceaa717607	02ef72fc5e659bd5c67e58f4202c2badd901600322f75b90b487200bf5e89a00	875ce32a8bfa3caafa051f2749b0bfa75c92a0272f51908ce6ed5eda60b1ef9c	e2807826d0c7e28a49029f1235032e7726f9a29eb94e14dad6471ecbd6ad5c12
12	e622abd3aaf0cd1f86dc824dd642745e4937eb25769021822042902904f1d340	765f65212f7bfee6a36145d1f98107f09e621d796ce670eb7f0876a35343a39d	30d68b00df4e20acd531ae3ab15acee78ac642f3be294dfb7a1778417eb27f90	de5ade574abbd2d8ba8bd24bb4ca1c782c73e583a147c5f53540cdbc1d75a91e	63093ba411e96f0cc33b3350a63de7973bbd8be522970402734a812dd5764334	b0a343c171848f995fd4109cf40f51d207791389661f1dbe4c97331b9a211b2b
13	a448e6e209482824c237f38398dbd14ea6fb4c543b5ef3d7bef3af4b0ac1ecfe	04baa55dead71a4c872c75cac2eed08a49f40fc215124338eadf85800ba562b6	64c1060d3bf51ec280d0f14ecb31c9a932f8c83db41695d4aba590ee5de01af5	09e220a200036dc6772630906f760276c9f7bd66227eb0967e4e57cbb10c6098	9cb055478f968a9e200bda15f112c8223378243dfbae242b925541f94e63f1cc	32a266908cc3328e76280e61d29227b84328c6689a0d78e7fafbbaf5970c190a
14	9206558adcfb1b16c40751923bbcccdacb13dba64b6796a0cffda9890bae2ff1	fa394033324decaec0d39dde9ceb8e7507c4c78b1bfceb2f183b92e2dee2719b	ec5c3e7c992d1add7dbdc848f9d3630cc08a033dff8c0a83e04868074fc7fe6c	c2fc99e0c4b0d2b96ce22b9ea4b2a85840d0f8f9ebf0237af47f72703e7ec6bd	74ad422aee1eb02d2b1f516f7078351e9f85c2f58e0b80d25212c7b873488cea	4b3ffbfe81a71ac1edeaf3c7567c2ad275a677817cb3a4889331c0f6e4f5a9f4
15	666da467c094db59e1498484322da729e8c5c5d563396b8ce9e53112b094928b	f8496267f330a1b89effa5bcd4a7853fc9065522f4bbd3568fd11f6263ec6947	4413e9cceafb422a38910f69c1c65f2971c41a5ee53ecdb9bc007e3feb2233fb	fd93b4772a62a898f4f249809b2269bd600e00472c9e0d119f13a478c2ab5c26	d36dea843a10514efb1ab412475c5bffe70abbaf4b70d226b2bf207fe4465e6b	1b684737d3e56f449ae881c662b45062e113d837bf31d50cd3fd579e6ac281c8
16	00a7fc3713ec23351c297b062ac5e0e1d7e23a4587f6a6a99904caf4674940b0	aca2eca0c37469514b31d8aa5cb6fed589488ada2f6900101e08d3e23d38e78f	68e1be28f06d04e4b47906b9bcf7d1d14a0d3e9cb8b8fee89886a0d70104dbc8	e4aa1283accd659ad5d550a25ab37987fe9f6f93eee50184ed7806d62ea2f0e9	393eabce9c7b5a8ff8318f9c0fa21d1a9cef8d6a1b914fc1cb40e601de8ad133	77cdf60b67abd4ad013af346e4fbd244f49dd8f697e43365fc49390f2f8ec31c
17	ff098ec8d42b2b3708eeed3ab600c44a41bc640424822a818e50c8460f5087f7	10488f2f4bd146c96edcef29f071e2c82cb821a15ea93aef81bd829c3e76fe1f	da5a376506c9880ec80a164a39b49101644590d23e07b2997275291ec172fb8e	d7b5865232a472522319a7744132cb22fb20aaba39b55553c226f5a9493694d3	b2623ded7f1283b1216ef94f4902d009184b6442b8fd4c9a12fc6afa131c92f7	c31c37e69b0a4dd64ab905724249cd1f502ef31f1b27b3eb5f24ce8429fefe5b
18	a2f6e22d933c13b472e4785972f6adbab24290350cbd768a0624a9eda5e4da98	a0db5d2631ed8bced98bffd832bc07b88a33a2cf41d49c0224794ab16c4dbbb8	576dd5a01fadfe5e4f5624568dee1d17cae7a4f1ab37a78f04377b120c71edce	8a7a3cc7c5edd9001e3dec212a25ee35761616ba1048dc0019938ac45356339a	dde81dc0f489793e0d0a7adc40bd342394dfc40fe9ec79f8ce696bba88ffb432	722630dd76d70458699271959c3977cca985d2e2e008108b31ba7a5b585af5c8
19	7d5e475dd0ebba502b2842d85948ecf434d1797d283a99a7f55452fe9a65c5f0	b0b1523f9f4f20dfa3747610067a131896532f44b2ea237a64894e8de08eeaa6	a23c16e804b8ea82046ffca64dc308257e4abde9328b9919a99fea03a0afb599	cd3a0ce18d16e8891efe0d4e66e600199aa7ff147838b79a7631fba5f57363b9	62c5761ccd745815c35f020b6397abac5a7c2587ef52c798776bb7605b222834	656f9456c03182710af869fdafd6d64e7b4af55527773a9e7ea5bbf6fd1ce30e
20	008b2c3eb88c4cf915e451fa7712ee9aca21664196775efbf4716b1e2bcf6b9f	5bca2dc250fefedb541ca7219784634d31cf5af3e434c88b6bc8a3f4cacad074	77077688d075d1c26bfd5967b0a3e6ee92c6c2e66620fb505b4939b19199ab47	8472ac9d9a3d67700f32de7d9c9f7b72579a31bf761860e02e35b720595734dc	0942611460c235acd1b163672e248a3ad49999024fd268050e8745667186a17b	c86541d7f249cd6998e061ca037922b9feb6bd7c985db8f71cd35f9be4d6513b
21	15fe361e9716909b1a74b31fe548ccc128c7ed18af98f7498541561b52a1e2cc	cce8af7c547c260b6c2ff5525e20606054593e3a2a7fa72a679133b781aeb8cc	925ec43cebe6689ab2873d41867d91bbc4fff3b03307834a24f005500bb3ae67	b339192a357ff957f1cde8826b1f2febbb0c18f70c665162c6416fa7f42c298c	d41d11703168178a9b5631f875aa0f6f85bd675165f35bf0a1cd7a62dbcd156a	83512cf2f6766f070485594a424a4b03e64303c68d6ddd027bb8e7104319619e
22	2f21bb24650055078de7d3f018d7721cf89e11849f036a799f205b80167fc16d	2941c1ae2989fe6a13a15844465dec77886550f1f6ee679756e10d308ae48241	767445401835f61001783a7ab03335ecc5949b40bb879a37c1f3ee0affc06227	9f23df346243bb385e3e29e5270ea76508a79b133a2fa3b43d513fe039525f76	4046c616266e09c5c096f7a5453bc5cc8041926611d22c7c1adaba73b7ee53e1	0b5ae87ad98f5bb5782e5b5fea314abd26e1568136bf8f7adcc01d234faaef4c
23	c49cf8168015afd5f86535c8750909596e1e6b6c4957cf7aadf45414106aa66a	37fe22944aa55cb3a6cb63fc4fd887b7fc9fa81b9db31fdfa9fd45b2006d5c4b	20d7b34c4f6c2fc2bda30455556b3c4ea7f7ac6714e4f50cba3c17893d1e5dca	f65bf25a0b32f9afa52059b16f7716b7126f58ae37f61275aa8024a0db4c8cff	8a5ef6269db970ced8793ef2f9f9c571dbaba7b03a7a977b142b3321a1c796c6	e88c3974bf49383e5beb59d17219f4c8b4e2b3e486db1ec97984fe8d467b2a9b
24	90c7bfe640e848f13a92ccbd02bafdc544b1cdb9e125b5331ca2ab606f11e2f5	f5d177566ae5a2ce546cdc4382dd2cb7466269fbb095eec5b83e84a632fd58a6	30f9b9646b2087603779abb71d2d83c970040464dec65005eeb67cc553b79d76	f8ab7136d315e188e31a0a376479ea035d09a1ca53e516588c40579df976356f	eeb294236121c13f678d7841277f3406a3cfe8475d8a1141d5c7f01b0df88eab	014a5a868736f4075cc3ba17284fc6da9574129ccea77b0e8e38d5abf64fa598
25	3c3a31fded1c4e32d1a4df497f98d2eeb2ff1c2c443f21dea8ab0ee431e307d2	2d45b4e380075606dc87e06cc8c317174a8f1055e8ac7a7474ec79d38961ee45	d12545527108757d6c8fcd0b28a19218da0fd195c59f389722f1ac7215d39fb1	bff23c453f6dfe879b97a0b87e0d99a032e015a90f0701417bcc4c4f24b437a3	6057c1df99479106ffff6e1c2fb3ca92d7e1b60523ac30a9aba0c4b19f19e47c	47de1e5a70aba16f5a940a2a94d6facc6044085eebdff271f01d5bebbc018b35
26	7d1be6b9dd8217374a836c53ffd6303186257abe0480ac925e74271b7657238b	d2260e8f13bf05eb2449b5a710a4c3eb149e61088176c557f58a71af4d41d044	04ba93696aac0bf4539cd37181dc730032e853f2c7f6cb4a0424c4d78c2672da	0e650748820a371ca71d7adbc7545f1f4dc6e346349fe922f79dccf0bb09a1b7	268d739371d954b2d70137cfc4352758b79d068b949cbf6908b04f5463961787	1e5f0e2ccdfcc312263dfc3781a7bc6c1d6cdf72c5d170547ce2f5d5f05248a7
27	202b17f0dd249cce2272427d4c6b04b14c55ec30ce41ee6206e9cf0017826f8f	aa41bb0fcc615ff300e269e2605430f326c399aa1fbc00b7f2062f77c8425fa7	e699561d4e2c42490e169ad4fc0d30e114ffb8e903bbaf0217b7b39e9a8a1f93	fb8edb54206249bb73a7e2675916e474fdd51db0dea6a3c9c36ecb1c94e303a3	2f220548fa3b1466ff1da8ea4b7512de4adaee5cd74e6fee97b5421d26393a10	ef18277f2680adee5d751e9503adbfb66c74823819343b4495ec6cd60e2afc07
28	cad3f3b24d76310c31562d369d09056888382a22bfe4e0faa132f9cbdbaa7563	c9cd4bf5cbd7e309573eb70181b1715d5f40737ee77cb109c0712c1fa16d6dc8	de540953fe95d440563c5df86d21e789905ea4ced85c831a50fb0a5c50e8d5ad	ccf3de2ff58c7040bbbf39cf7d7704517854dcb62da0142b5634183701440336	14e674911119346cf4c6735137a415981846ac246f9d573f5e54266a61b6ec6e	f2d3d175790f28e0c000f54a3352b6f5509b99392791fe68627c8ff34daa5f50
29	f4bd4b833b234557d631958263ca5c90c474480db015bed0c158a576ac4bfc5b	b6f1e05f619a8a3c6aef4b536f4ff53534403ad1c8bf4d256d59e41bc2bd29f9	91630d5788ad72b61ceaf6fcb3345b3280215148c7448dd26763b9d4221a841c	33264af11b83c0324d190d2553035625b0eb8e43d17280792bee7d1c3f4c216e	5b41529d2b2f79c89d8edd131dcd4ed88773136b85c737e44cdf8c04b2848295	8d7ca7b63a5a31cbf0133793c8ece8b8b2a533bc2d8aa306531172f4325fca54
30	226c2107860cc9e52ed104c6dfeae1c258353434767bfc31f3291f122cae0755	09f9f931d8da4d9f43d3501e7a7d00511a3944076e5c811ba39002536c7f379f	80307541c4483b3904d813e15e9d902b7e82933ef63f13814cc56975a078b904	a3ce961ff22dcf9789ac8ea493617c1990158ed130f969cb6a639d65bfac1c28	e4420282da9d6d3afae0b594dd669f3b76e754e7e37da4b3e707f03f2f6a93d6	9d3fd2f277021fd53415a54f4c7a9140cab3b66bdc1622ba2dbc966656404e63
31	9daddf1a535e80045ed51cbb2e06edd41f36de45b64aa36b110fbcf9be9aefed	d01a4398e82ef1381d10c33951d03908d59818eb220cf9f1b86ec2f89455823c	0987d9b1f47a6e5766da555ab2f8f7418b74fb1d04150f1fc687942f364261ce	655452cabb53e2fe37f7c72573edbade3abc7df9dd3d35d795970124da757d2e	776772ce7b63893e06ba2636efc6ac910923a691dfdf52c11fe8c744033b1d66	734f7de953d435f15bbc5a41941e7897447b8e34ebb417e2496a978c7579d513
32	62710919aed003ce981db4eb30e8c6baf93fcde41d431e58170d35e1cea1d5c7	d3b7084818ac73f2bd4d064ed0a7bdd2622877865dfe6baa13a1baa2e6454b8e	f3dc95af68a688730b8324392cffeef6b6b3a19a923d55210e7877d784e2cfe9	c720135ee482b1cc6703ef04feac075f3613adeec80eed87397a3d0cced5dd18	50f5d2a4cd67244f5a5d9420ef65795acdf8640ebc868e36ae1a7e7fdf0e5e65	50f9e40ccda22d480c2a81d3c0b9c449630f793c7a04696cb95cbe0b5c02408d
33	a604b44203270492ad90de979f929837c45d96887b9f0e2a78e12cbf84989dd4	5086903c2169971c7be57001dbb5642dd1e728b40c174dfa93530811f5ebc75c	a54c872ab56d694d8f32ec5c80908e99d724cb32dca9cee54b636f9a6a11b97f	3f19065b02170626eabc978e7d554d9dc9b978026fe91de7c924a3a0da195a56	392baae47f91cc9113c72adb45b6f171f1414bbfbb88c87316e74230af74166e	15447ee7a0136f18a70a74e1078eed68c916e1dbf67769674425cd85c22e0266
34	e613a761befc9602216170e6c53fcb41dc3b7552aa93d6e060721e24415ae9aa	476a737ca8946e3f26efbf903d3443c45843a65eb3144d4636b482d76fd895a7	05e52e9d29fe0d71ce5fde5aadebad68d5577fbad313ef03488b8044fdca1a07	75c41e4761f3504d71ac74c0e85f70702f28ecf701dc5f41a13cf93cd7449dc2	69a587a63113cd66d8b3b106191fe3aecdd02d611b3bf156ca52db78776bf0dc	8970c7e7bf47112b626c9f9e17f48ffa3bff332923df65ad4ba616b99fb6aa1c
35	3718bafdfb8f828ab6e150d48814aec8e1bda1dab87cbf38b48f949ed668080c	927af75af2b7f4672ff86fa55b65fa9737ad9a75ebc6894b826fe975ab0d2766	60c62d74432698f70d07f1b082d407141fdae8853299adbe258b139a6357a11e	30b78574e9220bc130ae0fe0e6c1f21c3920ed2c5c4b003a416540105112c32e	80ed445487626a60fb9de8222f824bbf2a67e6eb907b2b3c152361234e9d299d	f46fa2645b571540561bb4f1809c5cc7a411f20388c7885afd64b73f06d920be
36	ce0bd786257c84aeb050c50bc8ea6caee3b2cc159775cc7295c85df0d99524a5	439d4481288db796ce813388d333af7f690eaed7c218d3956f855e20b07e92fe	5d16706edbfeb9ee7bd7229d1cc7217ad785de941ff14838ba4eeaab51aabf41	65f37c4f2b525850c4cd4a48c1765f1b83e7c596a6d51aaf2b419ab6fcbb6a5a	a314890b0177212c645511d2d631f1aa628af62d973f8d568b531052f2a960f9	7b779c30480071ed23e7b4cdb33fcef173d88538760de805e7f44d74f5593a5b
37	d7e9cacb8afe31826e384d177b3a73bf185bf1b8fb12ed80b222182879820291	81359722fa77000957722a71d8bacbce5681798f811ae595a96c8481201567e9	7ed1c5a2246db48e5d09721ce5287d09187970fa0f6aee41ece2fb148e4b8cb7	39d37d8405a0b18f9ebf14e65cd3b3f09bd51baef8ed2fdf7da243220c3de957	be124400452694e7a2a14edcb9405c7dbbf9e7b8ac0e695fd80adc84d473cf18	5ac035c46fab797516a3686486aa8920b1dd18ccdc6a7162c01c42d88b262150
38	8906412012d9b1b52e83bcd3d4af89fa68c2079798c5739d235be71da971f07c	8e5b13bc93ae69d5ea811906591441185648592404ff63736bfee1177776d546	59982bc2aea50b558dac378fe66cbb8a9bc65c9e37361348aa7e53e86dcaaece	e4c1bd482b415dc55afe34ae6b0ae7f9cb2d96d313b4734950f8d0d29ff05ff7	07c99c39ad137575201c1976e87f3902ca3128b2d15e450ab3581f75651f2549	beb869ca3df02d6971f3337444c54474ac612ef2e483e7f59e3f1fbbba030236
39	4eb52b859d8dcb7aabbb37a49205915392c9a0e3bcf7ed147b295406f9d779ab	2eac7d33ce820c65962a5759c5540f0cf7cbf35c7b3fe15eba6324b7d95a9fa7	7b00d3ca31c1efa901157559938fccdc52f1ab0d2fb3add79b78fb38af7bcc68	348f217899afe5d3cd87e2c7e161747fa77e81b2d0a1c78f84185bb29e9164a4	5e7b32b7858c36f676c05fd143698fb71cc393fe1a747a558847caebcd73f331	e7ff7687efb6020b6b28b6f69ce5c175edad45910533a9e784413b37601dd030
40	14598f9513279a551cd9fa09962162bdab42511fef0efc614fc4490826870fc4	04810fafdde07a7ba8d61959da683d0b1de7dcb017d0e71c0d1003dd4390addf	1ce33150523b59f086c7f7de37828c9679a24ad2e9a7c76f784a6d3b7c6f65a2	18a8ebd853ebf4910507fa660dc29c7a676b1f64018dadf571eaef681c8f552b	d2fd9e0d11539a34f162f529fd54a4b425a1a176eb3c66af478edd7db59ac0bb	4c272fc130c68ac19651131dc6cc6cd038e145c70637c37de9393782b68b6528
41	de72905135409e28b0f933c41b2651edb8daa9447c6d70673287693681073112	32dd3f2dc8716c46d7c19611ffadd5db807555259d0f1ee14198b2b979600670	25255dbb25af7f519b6beeb652c45b64bdd61b69f0f442d06d3801505016a946	4d4d50c56878125ab688ecca7801908401a1c18fcb5a3e99814aebb4e3967653	fbaf8807dee2cc85a07de5a2a15c2ea553968c5e6c69c85689a426c794e515f5	4c093fbbb65df7460a35b75b51b0f2f44b5b7360542234820fdf159243b9be61
42	e4f163aa7a2961db14be6c6c3bcfb6cff01c091abe8584d8c00607a832954b0f	1bd1805db04c062a242026a925edaa40cccdb0789d6e35fc48e03e07854ffafe	11f10e52a89c7b22ba79fa89d8aa66ee5ea09abe842af5c3ea26015a7859f99f	00896c3acebe3135bab988e8a8071f4de39a46d96bcccfd8e2f72706affb4159	0fb7c217246952ee183ac484b4aa63e9141d57abacd3adbd22dcba5703b19231	a4cca4316d02669fc7aadaaf2645912c87a210312d6116a96131297ce4e89827
43	9fbd7e3c37fdef27637320aa7a2424c021fd52a6d8da68885408a575f6327426	6285f99321a48eacd5e13fcde7c45598591c78aa528621b9a10816bb20879d61	e48212bf7c00cf8c0de2fecf429e61d097c53b7ada4ed738fa5e25c8aeede9ba	08ba245d3e5ba646a37cf13811f159856367668b2fe3b9028f19d586493043d6	23f31c96b40f0ee4bbb0982b0bde47fca7c728280143ccc34fd4b9ba87761767	258c56373da4f2295523aa90ca32dc4d1a122b7ef9ce35a9e33fe2129d7e3cf7
44	18d3935d6ae59cf0a62c6f6d370f715c082d35d4046c7b1c2db13804638909c6	d327cf911df889ebc94b05d9f32cc0a09de1fd83c80ab760e9e6cc4cf893ef83	0e54cd3ffd26093b4247b52527695fb67078d77184df9aa8eb63628c122660d2	3cdae74ae5dc00f4ef9ebbc806add31ab12a1fdbc32e7fe28de241a0b6da4291	eee6f780fc00bb394353577f25f9210d0e4651cce59dd70b9e76e6d44aa81c65	7e26323efc109c8b7ab68ab87e8e5f555683db3d024cd0fa1ceafb16387961a7
45	45c9edcc0497c8c0cdbda38efe1544b207a0939d48d64469b5f97f32ae58a930	f7133cd6cf7143c53612b5b07e3d7a6fedf6a428e590a9a4715dc811f89b71ee	21436bfc4cba262d2e002b5c864e6712a9eb63dd50eac388ced3b5029819ee81	a4c903585f2ae7de417c42e291236b604e7d170f95d99fe9156aa2845ed35d4e	dee4174760a5b6bde40f42f47a612eb7ffb5f906b158413ff1d029b6b5948987	1dc6b60d425b0d1f1b2af4b6677bf6b7c7bddf4c0aef6176f4f010e28bab6c2b
46	c80e4d80d96174adca524cdc1711a4413b3729874ce73b76a8d4473b8d680e1f	5a4cc9cfe5727554016fda30e39b183d9c602a494f69246687e2b6e3d45a9044	095e56fc438402710ec5b983e7d0aa1110f2d0a8a2407a1c778a687673060ffe	ef678465271981d7126202ac260c79dc68b1f667ee5c855be0c4cc6dc98fe12e	10345335e710b099b8ac1f0980f9e722dba165557c17cbac4411f2c3d1afda80	123f6026bc357eb82457d45069ffcb8d0e222b5130e6befbb203182b47832009
47	bb3e99ded1b145da5238d6f15c741ae2beb649a7bfd989025922b85727f37604	190c0a9a8d006d227be0260ceba130bb95ab68bf4616deea12fc005e919cfa8f	1b12a9ea1a30efcbe04900a2051b4aa0b2e06b29ffa9e5997cecb0ab9409e8f7	cf0cb246d71f1dfd2dcb740c36b4fa6c090c6a93dfc3bd4a0085d58581df3e07	949514394380ffa7147fb5c49862988abed25f119e4cf1bb81161022290438d0	4c8abe0399d185900c347a935277cdd2d633390a205b757b12a029de2b91a2ba
48	466c79d0d5ccb8ba92eaa07f9fb0850ed99d84d87ecbeb90489c91b6c3f3eb31	a0c4cac800997778cd84502a1123bff5953b7c72f8c9df69fdb9fe4cf859a24a	15f280cb6d8861b95799bc5dfd09de761357b8353a5175e538f55f843b046305	aaa7680540a3bb2c9cd7d1147264e5aa7d98e70d5e9eb787e8f5914b24f0fefa	4c7e63fd2ef14c3c69c14b6c0a15f33dd1ce2d16744369cf319d702c124e34e6	5a024e780e15ab09023ceae804af68649dcd58a7d59a92cd86cf682d6cc62c06
49	eefc32d3b58269cf007dfc3c58bf6f925e9c00d2cdce5b9a9c5f93cf9f2d2619	1cc476d50ed35e78b88030c956c34c4a69b1485fc09c32ae7e38a896f941b706	9ea212bbbcff25fbe47b5def4999a76f92cb2a744cb095793470955d24743965	74dabce9cc701d36f745ffa46bfa70fdc73f101bdf77afea2bf8290635592c7a	d8a26ff63cba4b14ec6c9dd2f89eb7d71cfbbf76e9ddabe208b97518615a5a4b	de6f59dbdeb2f6863cbe61358f9b1bfa1e11f753572d122a103fd415e34e9d28
50	27a0dbe574b488d044191d66994587dc2dc1511773be896e44c49fdf41ca57ba	38e3f5e43bc84edb0ca6c6a85e8262e38a42421fcd5b32e43349d786fe1ff01a	37093f3e8a9e266981ec88cc2c5e437e27b6a208ec2bb6de88bb63feb5633347	a3590748da07a519f27a5abc4fd6c7094e535609c587debdadcadf95664c76ca	a9c4eaab645ce290b0b2702e6406fcd7d818567066584504d445dd71a369dce2	595588b72ca92e99cca49a7ce6e288e6bf4c228618115d359919c1cd24ca1ba2
51	6198bc4950ad1703701a1d8366cac12f1497c64c7948412d96e4003d32f9cd48	959257a644e01e25094a85810d0d3fe30fd06318a464d852816fee0595f7b1fb	0cf4ffb11c84895dc6b3508e27e46a64121b4e0d23027fccdd58f087c0550826	9bae27c326de2c917cc44f67edf1e8ac82af906b2242f4d21d259048b68876a4	51c896d01b74fe6cdc555817b26b472c22ed2cae4ce7fd4d9409450a57ef05d4	bef96ee1319693e761e5711ba2e4238903ae7be000e8243d3cf8c5595b9c41d9
52	91bfcd3dc6987e33101cb151255db532b54c8572ddfe9ee35d374d6ded5efd36	91f2a6df15d3a75fd34f448b1d716aa5eb22dd87f0b899beb76124e412b9fbb0	25388a87ee9ea2d3bd1a6800916e7ad71a45f2206203458ae2ed770a4978b512	900cc10317fd0c7e28b2512859075aac84dc9283e6b86902426a69e6a908a4d1	f3001d8684ae998bf4461d8ce8e32ea6797c4390bc12d6fc76083d430f2adecf	f8b4784b30bc66d8c2848c8dd4d96689a7f06d2df35b0deecded90c759d5fcfe
53	dae73c2745d73aa042fff33b56d8b33c9269e104a4ae7021232fcb605f2dd3f4	d8da2ca245180f766821c5baa14f46126ab32cbfd9e0910eabc6ec3c6e54a1cb	08dbaa94ebf80f3b270276a671ca0f8a150ecdb047afadf4046cc838b8f21050	82f11db6bbde30ca98a349a120c70e9bb9e2b888f8a60c21e1fd63bcd93bd4b8	5df476f202d255fbe6978db497626515529c1706fe5b6673be522103817828ba	d4dc0b9a5354f8abb837161a05d4d00bfbbdd6282a042320f76932fdeb3735fa
54	5a1f6c8315f5169088ad03bb17cde249b3c8b3d7d1e3900eeb99dc79fffe46f3	e2faf0373e93dcd13384442c53979cd9f91a6e9f7665906c11bdf6320f25bab5	75ece33c75271827b9c3da4b87440383b506a74b972cfdafca4084c3392940ad	2b1953a1bb5c37504c52471a5409ddeaa4d7d383563d5f2e7a4b069d662249eb	5e75394d1ddfc58a1b7997a9aa5ca5aa25b6f71cc58c985f1a8403102fd96552	9a2d00d570ae86994b09aa82c31f4d5cb678acc583d8e104e8bf2a14aafa6f62
55	29d7fbb9214ff95dd0a6b02672a642d7834f0f9029c417850349dc4e6babd10e	422dfd754c27a0664922f9221aad03d0b8add9ea2c352dc59abdee83227016e0	1205c9e9c315a7d3141dc30f03287e539428269e05299104b5618f5473e755ae	1e665973d8fbcfd9d1a602fd19a9953e4b09a7ad02e9580948d8b5bd045ae0fb	fbf13188d395f68a37d4e5f1b9eeac395e5d4e8cf193521171fc8f567ce0d994	b16609b8174a64aad4bda242dc3a2f2788920e4d8a91119d11c9b165acaceae4
56	b7f8740b02331ba290d5efeb69485457045269144eacb0add61f2be5782540f4	ef3cc760d073eb5b85a0c71c925bd4ff2dc3c0e39688ec1d45485f4a0fc661e9	f2c76333465ae9ff889475c8c173774953d01ef2d589aa2a9152b53d0d58bd84	22d4740bed41bb3808451b1a9a1057b02d35e3eaaec7b313f287d14e1f79e988	8ed6accede6425a5d4a90860430bfafd328ec435a2c80e20a303eedf04a1bd92	b8778258466784ec6ad040bb89b9f33771e207e2e9857f2566b5e617684bf7c2
57	fe216d9c6fb4b0d5585fead646f6e126e01267b6c6f22067fbffdca18a753ea6	13982ab63664920644f33f37d2869cf85c8da6f8bef6f9eaa91125df34a38d77	c85c4ade535bb566d00f8c735d72ffd6e071886eb85bbe7a7a72dbeb8caa967b	2cdca40f53038ce7a12741291783d1752591871d80be9ad050c45df3b716443d	30c003835002a8d2462598ab1bc3bf5276821c4f44a003ee725df3f9db72a81a	652e729536952960c3a9a058142b77829ca4551cc37f618f41a7663b68bbff73
58	ac3477251c48210dcebc4eab9f27283fc1a20a8e2e65e2024405adf0d04bc163	ffb2116ffb1ded74694dad86faa56fbfcd848390b775c5318ec533fb24fdbf0b	d31e1036ab9faa7c281f350f0f09599a0ab4c65314f8c5a5f21e6cb71c618240	18a568dfc443b25387eb9d7b58b5a6fd35e55f884f0ed9edd26255a5c9f0f9ec	96b6f764edd881b433b779a6837734b5ff501230fde48fc5f953b0dd879dd34b	3d5b5ca60be97e55073d229f7dca1562c0697ad51cd40794f0b0234593aba25e
59	38eb305d2c3ff4c3df29c8fe7d02e7d3172d0f7e74162a276bda109a09d6d9eb	fb4fb7449cc9604d8460a755b51c92dec428965fc8cac1f95b94b945c13b4cde	d02d121e673389a9eca6d5bd7405a5419d484df272a330db167b1de4db5242de	3315a65621c7ccb39d7f87707f5770a40a9dea866146b7c69c09e982f8910126	676d0b2db5f17c7754992ddc4217bb8353f4bea927a315e73f1b4c6361201271	a49ada70d6b01713585264c622e7914ccc0bbc9a7c79968a7f22957f1c2b502f
60	b7e2c7b40e241972abf7e0a796f4194244014efd307b35e04aca026d7ec78b72	5a63cc5a7839785b49958bb57bfcc424a5aebfb7f8b5e493b33093d68ad4336e	27f71b5999ded44f43d12c9dab2ee087afb33b51933afff1ebd73129fd3547d8	4baa4bf3bf8d52becee6e62711222e95f6e0810797a433617df778d8ef4edf27	67778dc6f07a35eaaab7eec32d34cba773aa963cddb4dcd0c55bc1f017f96fc4	4066e45cad80a8e2b78afb6c7e87a14704607323a889b13ff082565433dfecd8
61	7d8e25229557523bb7e352705058be80de5bb380067427df0d8cc88053618f1a	591502d66a8bfe74b1d0fd9684cbed2c9722168c5eeffc419964a265c5251a12	3637f6f9fb7118096a2188888e19c23b1f633da13d668623112862ed4cbcca8b	b290b77eb658f8b10721345706359d361fac630a33daae847b506e4371eb6b83	64ab919fd79d1cd4a8ba74b88e47ebfc099b8b9a01861c52805b8053e279cbee	cfe0cc5a032dade961679043fb90737c1d150d141ac13db572541d3230a2cfa5
62	928f71b6cdd5d4f186bcb2c2b370ef5839bc6b09efc54390d52d8d9adbdc69b5	f86bd4cb8f6805a29ea275cda84eb21702eed43a9bee6c7b0c01dcf7d9453c29	d763b2da84fb56558ff5230d4d7c1cf1836857c702ca1e7f962036f960ad802b	e4964cdae6150565d2095601e40c7cb47bc592c3ef49f846d0b6c6fe365f9809	1799cbd1ebe76e368e5e219f1c0db3bb933fddf85d936de15af28e37c09d2a50	8bfe624de0e744afe26847997313f7634781dab30635b69ce3d374e72fb53d3b
63	d4ec8a6b0d5cd2819b16fd1667d6cc671071b1ca5b63da5312df13d8aa5df391	fb168449a6afd2d7e58b65b75d4bfeae353cf33b380570b6f7ba496bfdae852c	b8f8d604bbc2a4ae68931f4026cdd33ac6d327e4e9ca427527c38551e8451327	41df7bd2454398fd511a7e975d580f063aaaa0b13ce765c7ab8fb1195199d871	77eef250026df942c6ab1e024c0273725bed85da2d98713e90f50463fd097ffc	3215399383eceae7fd65d3e5283026a7c897c987729283f738db97163d62ba48
64	cf3fbcf193e02fae53f98e53262c36396778da2a41c931e5f5341b2d4ea92f81	d70841795db04b0eaa388116d70ab4b66a4cacb50877a4debaaf015fd53ba6d0	061c29ed45cec13e3abeebb6b823634dd735a7bd5c01e5c5121327e498dc4361	404836bd870232ddc7d5c04eb039bc9a197fb41980df1d2f10634c2bf800da42	1fbab73df7b6ebb8ad65c6ab1241e278620b4d03f8976ca8144f0eb1e0e7941b	7b748ccbfd06bc34dd8be2219d89bc9855a4db431a44518923916d94e96493ee
65	efaf6985c15412275d84f8afd146c8b977cf2bf483260d72d377177628933ce6	a2fc47ad9a4a1a4e5459a7ec525c388f54117121eb1eb99a28012cd2cffaa80b	1bae12c239b253fe7f2ce7c7f987864143bf341f68bd35dd4f52dffd172669c9	a08236bdba43af57ae10ea2515130d6a45e49fb5127a386571238b6eeb8668bd	6729473ac5757fd765d45df13c9d9947c6146ef3a6593283be444dd25a172297	3b47c62acdb7b86cdf2aff6233faff522d0ad4fdf428ba24a86102d6f6746a4f
66	b29d52c4449c8b2c92fd5206fe82b88980f83c00585f5b6a50d5d057d9687268	53923fbabc4b054ce8acdcc7a3dd6bcc719639216474e0563c013f85e2b7c2f3	6c7d217c1d2aa45ce5de321b3d56687f96da4dea39bc60774b91feb1a7118683	2e270ec5621acebedd5e35a6c8900a1a616633b5cb68da12dd96aff72f736477	015ee33aabee37d09edfd4f02088d8b5987e7b5841d6fd6205ba82354383b839	bedf9838e2e4d451c44d68c3e157167f404327a19bd99087ac241ba60db756a6
67	e2cb46c1890bdf42f0607cf8cae0d915611b811828bc9bdff5031d9dd873457d	e4b7ca907415082dfafa23b1dd1f70968bd42ee416135274b3b0f5bbc6b11fb9	d28f99ec71fe2a8cc4a0d583e5dabe824c0badcf6b4bca8e33285c5ad6d77b13	277f84a604199b430d0bc4341de18f5fb462013f333c07d967d9561b8d8ec8fb	1989d7c186efbf60eb786cdc924157aab608855f42d70659e564b4149fc7fc49	3a3975b5b4326100fbb104c8b84f2fedee7f2d94069674684b9cad1c81d8d9b1
68	c1729eef0205406692c891c27ce734aa1fa1784e869c4a66c254fdc3e8e700b2	6916a98e5cf43d6aae93c290cab65429fae5cf5404323cc977bd0d5526369888	4dbf2a50e04e359ff2d4f629412d1a222ddf65a8f3e993d31055aaac341e1a3b	5e8b86e453b710ceec42e6f55c29ab6681d876f19dd3e5728b4afeea355481d5	474479b734c91b8edc2fbf46a67fd940df91bae3bb836772bac116883d6fe092	3b15bf9b476321c655e6e3e43ad04406869a233b6a169ddb257902cdb3db5ee9
69	514968f5ad3cc64bd19e89a1ceb565986baf1ce1767632793cc6aec51d945453	b4c51ec05970e00bccb8847f6038f53331b90d5ecebf1ca4a551d6faa7d71481	7f1bf521599748fb70951442de8d2556f81f78902e7fed02f44e5f79f866d119	ea4e3519c9a449143e0774cc35f6658ce37368b7f11b1e7cbf128d74bb6e91de	ded5f4e88bc9d99631180bc784c9aa2d4c89663fe4eeb78e892cad1c3bdd71d1	d6b928d3cde8771af6091844930c4f3d4953432b0f8b29bc01117239d62be007
70	1787879f32c90494c6aea1504aec36d71a581bab2fac2a4d6ac4fffe2140730c	7766a1449a9e52805096a2aad44c8f4cf3a082cfeb64702eac64b1b7d5317a3a	88c5faebd6fc40240407337afded74b8fb6a378c779f88380ab127a9042f247e	1c9033f3e3b35c5275e80107a3caefeb0cb4a2a9b8661d24b4d510c2393ef681	255980c94540ed557f214f2c69f5e364e0ba4e79ef2ac84af7fad6d32eac6043	001da32ac096cc56b58d9464e8be5417b551685709fc0f74f998a4aaac8a45fa
71	062600e84b1c0597a5abb19451304819d4f1ad74de39d800efbe3f4ff1517b13	89a5cbd0761f6731028b42a31a6cabe651a4f3f7008238a81f0a7abe81583270	401ce9fb3bf56f0b4f5a8945dbae433ae4607183d892216fbc066bdafb0ab951	a61bf456a314000d59fd97f35d61c4103e0cc62b08e2fb073e500be2e432c5ed	20f07f43057206172e00b951b9463f077b2b0d2bdd5880142520e5c98ad1f174	6bc8893926e6413522734bcbe8150a39a8e7be3ac0e2c7af932cf54efc66f6f1
72	b9cd99f041f828bf6462000e761a92b03f262a883fe062bbe443fe4399bcfbbf	d040d6a8d419ca565b50649695b365ebb799d9d96c220dce8c4b63fe24ff7e2f	3a06dd4c65c8c6bc97bf34eb8a5eb630a4a83741c6a662a5f5cb30ad4048d774	d3db79520f34370521c87f65ca3883c39a7529b147232b9918d180ec365684f3	c8c7579e307f353d35a3f0f27ac819a28d4af1d492ae406d6442fbd00f3e568d	9b4cc566d32a6bf5b026dd941b37cbbb5dadf9f64d72879d22e425492e6e8804
73	a9c892c25f62d307b48a97c2fb970d402bd6880617e4c95d4c42c67afabbb1f3	0aceca186de6237e26579dfd36eea08bb2f9e961b9a65352a77fc1cdb976c22c	d39004b4c1de883dc97c8ea11a348778144720c2312d7abe65a452843ae91441	f070ce1c36de75a1f82f6510f1db771d0e43d8a1f0366a615a42707b427eb8ad	2867374caa3b7551af300372db805f3876a6f4966c1ca551cdfbc1881fcc1b82	c57e2690d6524b3ace72949373d453237ca25651a68ca182254d5cabcedf9b04
74	0654d72714f760676757751f480827557fa75c3fffd612c4204909b5f521eeab	1c4a9df88bd20946de7f9409bf142afb5011e53a7d0a4fb87784e842d52afe02	5afb75d949c692c267e802ff90c72083d7532c6dfdfe0821d3308eb38327186f	3784852b0d9cfd82b4dcaba8f8cdf7445336a4f8148f5f621b92c006a6a80d67	6ae9f99c6baf688b89cf2457dc932554e82b5754d1c18136a5c165adbb80ab6e	15aad40e1dec89d0b8ad2d21f626a62d1549ae47bb2ac5d15f70b6b753f6da1e
75	ccee7243f4488d3e3e9d15056aa74c840dddcfa5b33a8bd86e6bc9626ed0c3fa	fb284a9a3b1c065e660ee1ec86acd000da3a7fab0c47cb4571059ba5b13245e2	6c5e9520c144e7037abb5ff4529f6299a0950f4c3f508337bce772ac6b2e0a11	8f40a9a2ce32429d777ada1b2b95fda28cb6d809822a0c80b46a2cd71a22c641	b6d9c356a089c6851a4039c185b92cf51fc60ec9d60a106e1c6c65fdf2d99af7	35a04e876b5d2587928fd95e15e8608c56cf7e2e2b57a173f8ca1828b46fd9c1
76	fbf1a426949adda7c855758b36c5cf411bd618c28734efba1558e4a1e5c907db	31743ae841782d1c7be43111750fd6d18f61b89866ef07b2aa836600291218ce	b6127554bd7d6e9f7d0825c0384171514af4cd70b3fa20f63f97cd145cbd8875	ff32f6bbfb9ec15385133ecfa9dd7ca768470d6f148530269f34d835388e9943	6d9baff7bf0015713675603a4c014b1a10547390e5622431d5ec4a35ca989544	24bcc140f989b43911e82ae1a0c30ff9c0e8d063929382a747150dc421401670
77	d22536ff71553938666d86ef01dfc688f81ca805f24044534ca6d55472a8c778	dd14ffc81859281fd7c63434eb03847ae874579812d1814a20d662acce1c2f69	717e54f8a4b4d42b219a8b464193019c178006793b763663cfe0667a995499a2	674509d7bfa7b45360e39a34a3c8b40ae4952ddbdc094cae426a09f5e5bba336	d6396819a1df8353afb19b5a4389f9967daf80e28680616c21978a040e98c2ce	c45d1b64ed0165e38bc20cb403b508815adeee22b11d0002a4bfdaa72f50f6ad
78	870d1112eb54ea7c056d0d29f6a0d8d77adf7a576c5c87cc1c0e7d79a753a426	8fe2fdfc8af8b23e9efbbd40dd2c49972147dd660886c366758d771f1e02d074	542ff220c7fc43ed29b9ad887e785c474eaaeb88fd8f8c9fd91ecdb9e81b8b00	8037e6fa823ae12bae3ba9563843e9af961bf67549945b26bec6e340f95bb3be	389c3ce673b2c41a14c56dd097e765df0719244e170f1c8286c4b8a5a11f9872	5bd245335bcbfbc7aeb28aa3f40eeccaee45c1601eaf2b885758a898efd7c407
79	6bd1cb7b8e05c0716f043d5fae9dfda762cdbf64cce2426e60a318dd2ffb72e3	c62f95f972bf66cfd427dbb62a2fd8603b8b6181661c351b0c3d27fab5de31e2	30d8a719a6edd632ef46d3bb32fed286ab3a500af1299d23091d72f2cdb70c38	68b278de61b8f962905ebf879c2d82affd232a028a8e4e9c0c98cb096d928f18	175ba27085b93e3f47e7001d24fb46a8c0cc9822ce74583cc8c8c238d2ea49f2	de30363a7efeba221af915534a8a0614c74da914fa9c9645b7d69e09c4e52249
80	78b78c8684c74697f79e816a2f3a210e1287894fb6c35755e1478f7969bc6290	858c3fd34a8e8369554992a7228ff03c8d127db290788f05fbf67c0f902ae0dc	e9d27f599f435ddd4a0f4ab3de1b7e08cc5ad230ff1d19cdac09f5d0f99407b4	2a9fceac75f3a77ef0c53feada855604dc737dc196ce26a915077db33d38ed8e	10b00431169a2a27f0357cc2645ff34f3b2fcaf833c80bc89464ceeb1dd343bd	a77f6c4c626773bff31245f3190c141ba2eeda158ce1f1988982aa9b6851077b
81	53a9ebb8635665ed2184411ece2fc96893499d4d4608b44ed09401fa62d93161	d7148e312dfc210814e2ae5589bbb8bb22274c11c0986f37bbc3c6f105682542	6a6294341807f421ec65483be721be2136fff738ced7feb3d476d632278aef70	b7caf228e41881b4b8de6cc32421f7df329984a33fd50e837c29ce2aa90f4fc5	9eeb7a245366d8c451760b6bf4a2ac65c5f2945172df9afdad498d36dced4b30	169df3a2c9b4f8063055ee78ff4987118360c3c0d19ef7ca257910c39d47c05f
82	0a7400e1dbee791e2c5f74be6f54c0c77521a9a2b666e3c6e6f682a39f861da2	5adb1f83eed4a7a33349db2652a0d8e39ce2d5b557185e173d384d8dd590098b	e3b901a4ea975941766f0ab93e9cccdc1e77818615d5cf6d15de64d68343ce1b	b57b3d605bbfa40258d11f055034914ba4456240c4a803e671f6cf5696639994	f569550ebb90d8e94b8c8e2e33dadf49c0d6a967283927b7f5d847c6791eb367	db214b42c67282f316b4ea09e63efaaab6811bb5dabe0c714b13e6b44c12ccf4
83	cfd5c625c8facf4913cc4b6d9525be0f0ca32a16d29ddb740a694b53ccedc6bd	c41f1d3510d93dcd04c198410347216a314f34c4e197af690f56160fede73c81	cf0b6dfdefc6060d86e2b07492cd1a138cc3c46d682baaf68a4913591fd235b1	2d9d796d0d7c8523e53a8d7490a8de03702c254e8978a9e5a8bcddea4175f3e6	7ed2cf60fd486243dbaced4e9295594784bdd137f1142a37fcc9c1f27c987241	60bc0373c8aca0771fbe1ee1c6c921e9dfa5efe960df9ea17898b52e89e0368f
84	0953b0159340ff3ae104c169f545e7fa5febb52b803fb1d253dfd197ed798630	b7e412992519f2895088f83c2737ac7721f0572fdf22886d2675f9aaee141129	9f55c1cdaa752579436b1f59e2ca19dcffed117b14bf0917be87d373d428cbcc	314d1e1bddd043413720f74132f7234d6e46b3a26e009dde948e3766f149b802	319b23ba7610bf76bae3d131fcaa0d32f1244aba7db4762273974b55ae4ae9bc	c0c86745675e3291ccad0c7392e1b8adf7985af3d1098aea8f0d15c752483640
85	96b6525bafe4dff99245a1d0c4432d3bea6ada875e9172007489c04a2300afd2	72b55d46939125806a4585ba323040907b79fb71859c0c31f8f496ea93443671	7c5727e4c51f78934ab107371aed98f6b8fd18e615d48317b7847c8a81ac9dd5	d9528ae3b6f0a2e8fe5fbd58d638c4aae76e3dff13ee4e55930f71ebae8d277a	abef899a76c96d2fd2ec290305dbf2b93434d1c50eabb0aa12a1201bb5e3e02b	a3ca5342bfa5fdae4039f54f6476bcc83a2b57312eace79132fd7bc2bb633869
86	601eaef9a89f09930c6f9303c8ae44209b6a48c2e097ea5822acc495819dba05	1c010eb8eec4c0caab001f7ac8a44d6b2667afdde02b41d5772ea7e7d36e15cb	f14c6222263a52754570273583f2e014596cdc57516af3c5129385073693996b	0d01e7095161270386a40cb2b17e9a1650b27bdef8d2dd7d3356bfe66a25deca	05847f3509b912b48ae67e7940d79411c82d3f2a9b3724a47ad22894ee978a74	7847025f70f0ce9483e9141dc3228f24c0f15d908f5f967f20996be9e8519b63
87	e69127549c5f09cc2fbd4e4f8dbca82b4a8f041c7ceb50530d26f0611b1ecf88	216bbef2d58b43ae6b9a8e90202ec6b6213554a82072295a5a8c66044de8478c	06b30ba49e51ce210ad440fcc9931e2dda98a4a7ba6867c39c9d90a3b9364fbc	8f4503575581aa81dd1bc5e2ab76279aef51637c93bbba2ff25ec717581a1e7f	34cf29930a2a5a353e1f3e23a7b2d3008edb077397a777da6784f5187e00c329	942f61bf16793415625d89bc4e44beeac5048ad4f4ba110247a784464d4d6104
88	f0bd9d49218a9de0f1ae82870c6a9fed3d6cdab091bf869ca9a1d0860f079c9d	8641549d9641fef6095892c487900c4e0dcf376c7f0b7cc01a0b2ff80a90f88e	d89c7b00fdbb2aa4724ef067ed016a52398938e4b5add5a115fc37eb3b846ef4	ceb619622c356df1aa51c5ab4f1365bbc16597ac2c9e7363247c1669d232d931	f462097e8d88861881e34d5f12d04632c3f657e190f6da438b59e94c8a654e6f	47f8467974918cca936ef987aa89f72d950d4bc88ed6baa25cf7043be45995bf
89	4dcb9d80360469b511f5a86ade3284f73010f693dd54a3f85d5f6a22cc9d1c65	32ddcec4d8b28f5a4c5b8d9bb4709393670a6253e7547f01054d2afce47a567f	3bdd460e66019a9b021f5a2d29a41eade0efd0f8b65fdeb23c9dd215cf4186fc	e9282e7bd3a7d18059bf12a3fda5453365404c7006e43bb8997616559a46fcc2	3421d1c85ead490d437b725e75cbf0cbb806a038b696e72341173ab53602b136	eccb485e9a918910a2860881ab6cbb8a543a5f3769579949f2b25deb330eddbf
90	1160cc296b0621efb71ad79140f5de91c7f92ec04c1439d98eed61deca290786	1cbe6c858bb3c1e144ea4a8f8c8843b0bfc068bf568fb08d71c9498329c24fbf	20550177fd1244cb4aa15dbe0fe059bf070a26e9b5b574fc2f7246e8c8d2c676	3fa0a003b072c8b517a70db9500119e71237cb09235a54fa2d86991f0bef7352	40462537533f29a91c7f7e911d1d9d1663e40862def555e00aeada8a733c1607	174e2ea2e50df2f490067dbcb3822e1c4a4177f7724deeba48fb9f1139506af7
91	07ae1c95a0431417eb1f4fde9e622f7789cf55be6c11041f407a2b9c8160b91d	60e06c50735b368a271cdb135f56c4933f348cc2e7ee85c78a0f83fa1c507b1e	00009a7265ca295599c3552a0bec3f99babf45a606d78b25634d523289eec420	8cc0b0ef932133fe041b9b3ffa2ac9c02b1c632a2942b0cab0899033bdbc94ad	d703de77d16a75165b9ffb8d5d0521679d26b746107ee13687ae3bddb2163ba0	e0f91da8c98c6d8ae1a51aaf2ad932049ed8cccc3e1804572a60161a5d72fe9d
92	90c73defa374ccff389f24bca9739b99433901b6b26be575bceefec1949d45ee	a6cd9169536a9787bf6fa8cbac0122f0bea237fa37c4b8bd1f9b265439d6c034	21fba8d065ef65aa743898784bb3c6dae6751444eaca898dd050d4ae8fef855a	f67307c9d2aa596696baee3645581ff4a9a894fbcc66d02ee2705ff7c365c766	ed3d3f3e6391ff5b6359d6a77e5421664e48fcc7c18cb45174999bb7bcac928f	b5fde44cc53b5e7c349e2e4a7957912230872bb201ecb094028748776ebe7ddb
93	28e6174c45d8b746114d4bceab3d161d1ffef2e17af6da32f97e096b3e5851eb	dfc49bb64fe6d44222c51ce677ee9aaad889c4890867309288855b83260a9874	ea3707bfa1375266d3f82bb1104bccfebfcb692d66ec4471849c5eb3e53d5259	a21bc3b373bd16cc65386ea1872b73b8884d8d02c7f7577f48b953abad0483a9	692f3c5a0b0a59a85f845449aa4f8a7a9b086c29cf418fb640e9e9b04a4f9e21	602fe6100191b7a5c644b13b8a0551c52d77394b9aaec866d11b0f3c16096e86
94	5edcf7f634c83841597652d57ffbc2d8cbd806df9551511fedb59cd408889efb	1e71052b30266506644c40df2b172ed6af9bc75adf004fd36a64a042d4cca887	0e3e79b032df5cd71f1699f73c407b27eebd771bb7a638d8a28d7868c292a1ad	bbaefa3892df158336915974aeab32adb09c8ea335269d254f3b3cec7635d91f	8da91329de2ab32d10ae4942895cce9b6acb814b85d163da21ba7776dab16865	e5dfc32e8b4671a7354cae650d5f516f344c487b2e9aab10a5ee5d2ba824b2ea
95	9f4e882f87179d81a4c9864b0ea1741cb6a9cbdce3e2538df070fb7b177d4227	02327892da3f9834e9c1b437ff90712f66a213b482d02e8f4f45b474eb5c2c87	c0cc85cba9efc5266f92aba665a9ef6dc3ebdf305b27fc0730e42213be65e30d	16d11d7be5bb92d4cc01b2af764d347b5933544e62c42a849741213444d7f925	600ea5747283a51a372ecd28eacbfbac3ee65f3a29b80742e9a616e5a67d0ed9	50bc5309ca6b9c89ba5409c36f1dfca28dc5fa1977bcaf26e99046cfd3db5417
96	248e42ce7e00bb15df3006256dd9ae00d293e158b8d01f3e3d54ba0f30dd66b5	b229719d6c5a04f1c9a4ac7c2309cab155d2c37b4902bb0a56c026c088406f90	559b624e87066d5240720836c1b922b4712ba03d7deb5fc1670fdb03a8e3604e	c6cc5d6dcda8bc0f69728846451b3e656c257dd84fc02d9b17894b86a332b810	a635ce4c99d4510e120f2916accd11ffe8c22289924093cc4be95545e8e337f5	0e79393df1e26dc6a53e9495b33bb9c17b4b8223761c385075361669c738a013
97	5bed69d58c7977a58032e75567d51c47887f7dd7455e0478c25e6ee403e19630	0dcc579fd2fd185e9418451299a63fb861771bbe55972b33d868e1b06a9019dd	bbcd45d14b939a490f880a5d3918cc39339bb808c26a3bda644725cbf384a49b	9dffe70b4f76bd824a1b56d179e3529687f556d4e66acd3e4d864a82a72a49b0	785f694c4df799837c3dd95f910de83aafb680f2c360c3dc5f43d1ddd213d650	36dfeced5e750ab7b4e190a15190fa47c77c71d2029e495075c6b7998c3ca263
98	aa77bd69ee5601f3aec7f33a76e6b6201566864cc7053828208f23369a330c47	aba7704e063f2d4a4dc7990b511823451ba1e97aa1d3e9b23dbb4df8d4f99662	30cb6ae962fd3f7d60f52cded94f3b567095a04a5d547f369129164fd7f6067c	3af4af4c39cd9753b01fb9aa325de1b9ab1351c1712024b74f2c13de78ca8cdd	64d4c6c189851fad20b796b6356c733fb300b5b543745d54ac262d22f996ad1c	177160d162d9bec4d4f13420492338121a92d85511c86bfb0f98945376ded00a
99	f4d64d6f7b4fa7c32d3c89515950097a027b80ab88beca9e5c850906e6ca79e0	3dc44745f2bc4c97d937d120f0f484fc2550b1d4ce2d9ba6e58fa51cb6e6e627	52eadaf966549a8c12f1e41648cbea16521f0a60f889b2a928c89758b88443d8	f6c20012d3225088b0f8a0c536b4f1c64997e5ae6ddad36a4c4648d60cb05c01	ef1c1f1a86cd8f6b6e6332df2de191e66203608789443af05e66308747ec2935	2edaee54949feed250684654334e2c0f26b55cb92f328b20d3589fbf2b4ea6e1
100	4c6afb8ca98d8e2fef61f1a75b73a058a8e443ddc7d7fb8e9b2d07dae49ba276	aefc0a59efc67e1807cfc704c112a8baa82fe7f860f224aeba2150053e6b0ceb	2d0d1b3ddea0aa3998cb6f06e85bb3b6d05d0a70afd95e8f902ea2cc8838cd7b	4f313200cf3782fb3a57189236f20d371b0a4c7376f8f046a7dae94d09671c04	bc30352c1ec8f2477e3e9fd29cecab8050736496faaedb4021024137342beae1	026502312f857c0645f3b9b8e3981a6d6abeb6756c368e36c0faf854b7066eac
101	670193ce166c298b7948b6f244212ff953ab0afa46c0dc7d596b129d04f5f40f	907dd925f1dc6534ab70f07a35ca67074fc2b95de04a7d8bb1feade45f6fb324	6b934bb2862b7558630e768136c7c65155cda22b38b93c7537aa1796314e709e	46e90fcb767c12fa1da3bd4c94f064e935d55a95b0b8f6697c911d8519672bcc	2a6a15c63b9619cdfc8aeb81dd72901885d1567404631046b12c984712d9f53e	d5d56f3d6aa67e865740cb22fd5f22db00c2221ce817d0e5ec2b2ff550994f99
102	8a2e764b97410feac10f52ae1b56c5a2cbc51d812e7b256d9445393752a4744f	ddd6a674d69e6cfc52b2b0c618f25e7501241f8264767868396707c1ec748f62	c8cb2a3bf1edcf5c4300ae67488e1ca1a042573f9722daf8df391be579c941f4	78555e219f6b54579ad490f291ce7a21d3c355a73a189150fdf89b0daf580c1e	2afdeb580b1145a1f338d4ea6c8d79e8ee23be45abccf8e51928e28037bd5505	61f21c848d698535027a86f548dae67db3146d883c9fa7cd9aaa5b2c391d2951
103	5ddd06258291116e9136ad244fec60e2a0a73b13da8b0193e18815739c452173	e53b28ac49560286b068177b935a95545592280b0fbf05c3fd9f5cc563bc318b	a279a8bfbc0c879ce70e3a9785a1c3c9bc9ea1d44be59ae389be956d43e023dc	f3e5f16ec9d26c72aaa30a4b1160a4958db977cf4fdd00ebeac5bf9161da517f	31133a866e56f08a7e721a7af1148c3e9d75494585f723b725a41293ecf8d278	59d370e367889568162adb46bddb63243fcd91a06984fd30f1647d36e846d723
104	4b559a5717a733a668aa26fe683acc3bde44e07928fb32319764249e01b8844f	c31528fe705a3388d8a81cf54e0fd314ce27628974882f9a96111f49f29ec04c	748ce2afc915e0eebc48132002197111a895b0428f10adefe9b7e0d1947f29d8	4a3a7c155d630c6244f682679e046075004e48a1e88ecf0f284cfb6e4802561c	7f99be2ac80e2f28225e1cd7b8d280fcfc171003be2a66bf89d0c7ffe235e274	da43ffcbd2baafebb41699f432a06ac3a939f75c4471f9c9cb4e18d84d7041f1
105	8ae4ce1afc01c0c96d8c357ae5173ea7eedca3f3b68e77da45f94970fb005eac	e49770e1921a97794f64d0a67ab1f4ddabe367bd72ee4e58d88d0433b79777c5	b5813bcb9b7473a0c17e828da212969e0d3216a200feb9af90462f6707a88dbc	519c258afa390f5cd20677d6155f16ef4d48f22c37935389e9c9b1ab65123051	66802f5deaf91ad3c4655b6a843ee4464d7fa7ebf67d8bcd6d99cecf74b8f42e	b0d3e0d10c77e6285b678fcd68c73a71e95b0fe815bcba18d2a02d55d05cc611
106	fd3ff4be1f125c622dfb08d984d05ca3d1f7e6fa0a4fabb589383ada79f67548	2848cd9c4cb158ae2ef1cd170304d33383a2e671d63b3d2d3949eb939ca959f5	3a4fd3f1ac9bce43d0aab61add91d872cb50a6796e06296c16839d2723375370	9347ad08288cd0f3f03913a69c7ce5d3736f84bbe1b2d4d345395cbfca0f9518	f392e97110fb6ae4b498d9375a47d8060b521950fbb6e77a3b8cc46dfaef9247	fab4a01baf2f49b4ec68801b22c0b79711365844b08a392b33d02171058cf971
107	1e5206a1cf9224fd2b2dab596e56184837f4494aff44867a17d7327050ca454a	76b54beb857b5866c1c247eb06c1bbf606eb725db5deecbf1bfcb4f4be387c28	8b50e4105135b852c007dda3a97497220e4f1ea3f16d255712ea3f7f0696b29d	753dc5c68198e8e582722f108c8b39aee018453984fa77694d8efa4548caa6b3	c637253e14b3f913772e7af451cb7372b8078ec985bce66d4996ecadc6e6f515	678552835a2b0a20a179caa9e52f29f8d0715fb385a20fde344a6ffedb40fc20
108	894fd0d42c471dbca5449f5424f63d5a60a5617b71d72fb8eed09f5d6804f20e	a7a0098b00dec73fdb01df4e2919325c0d6f1ec6f6281ffd6ec84a01b158d952	c21b31c5a90271dd133f072f6c66a906395eff1ad75b32b026d9d354fa51b8a1	068ec1d5902dcec7da3c5bff2c8b755e6cd86330c54e922eeb6d47619413295f	148f26857e2e90bae5507b0b0640bc561fe8e5c2fd22febb3ab09fbe70500cdc	3a1a02efca84968b587374729e78cf7f935a3712a82a8203a807d66dd3177b6e
109	b2eb097524abd7616e468213fa80c66379bb5036b8f599e3604fe0815feba389	ab8f332921662c760ba9a230a7ce38a321087fa0223f4ba48063e9ad677be7c7	1df0d318e96dc02371c729cd9f5a8980d3a7e2ac645a135872e3dc196016af51	0ba52c9970fcc12ec8544ebe7e2537a7fefd41fd74eefa7707ee6b0976b82927	d779ec35a3b520244221659c426068089c411e602c8512d6a1c3e38861232f61	ab29e555a8e0ce7fb5cd676e66431ce52d30f1bc3118dc824851717e831e0882
110	a93a827aded63ee2b1dd1fc719c8b4bc7de7d63a29b7fa783555a33d271b57b7	1ec9f63c714ecd0f57f59ca3b2929a229aac904d161ac87fea2afe8559eef9a2	60aed3e88f061405312c7dc163587ee0ebda5b085c42ee04a00ffa53e0f43d8c	43eb2e7a0e6ff73cfed9e7883db93bc9a71cf042b4a920969fc1da7497e6ce33	8f8265b9de3e5a37a832ccf35ed24fde69a3af7dc5519b09f7ef8f11e9875b3c	6154d4ea2de365fbacbc2fe31aceb17da230394421cb2243edef24bfe76cd778
111	3897ac67b2d1498a8cff162d9042f09fb6422aa43ca472fb04fc2bbebf6290cb	7d6dc9c589d736d9b6541670321a2ec39159752b333b2be988a77dc96c9ddabf	e4cacc6f9e0232190b5f83a9ac37af4e081b3a94697cc5e820704ba0f5526642	db31323911f2c59bed0babc6923ccb4501408769b48a38011a268ee1766105f9	fd9a856e17c292c72d56191c9ae61997ba72c541c358e493c435f11289fae007	14f7e1e3d976bc7da79ad0b746b72a6ea6b90cee32790d8da6ac0eda57f0e011
112	d1684ea178986f5ab172ae6ffff0f34f9b5c3a7b8da3a1a9ffb1b0a77a0a3703	971e986a533ff5e407c92ea7f7b42ea3de0e8de52d56b4846e00b7795db57989	7ee1d929333a1aae697cd3d5c15a324a8ad202a16230d21ec83010e6627a9e1e	b4531148a654ad1187e4678b5f8201c98bdc2f7353f4e8113ab319cd871066bc	1718e169ea668e1a127850d51b9891571aa5b0e7db2bd28bad15d9d6ee5124bb	1aff5fbcd1458e763c5c5bcc174140926e0f50f7fa81d27d99af2e2502fd1893
113	f483e1c0230c457b0884fa0640eff6ce3c077e5f57a9d417b3b6d780d79ab15a	4c9d4ee29bfbb2f8f5e8e534c034f3f7482a41b27b9c961a2e1f9ec2c4ab709a	dab8b91651625d5c92d014d0ea49c1d8e813db6bfef36880623201d661abd3ce	1672964598a2f4a94748de68eec925bf0c370cf58cba781765ec7665eae199d0	6b171961171e3dd95254a2e599459fa2de1e31c145b5be2e3bde507045da7c4c	39828bba9268fc35fd909b42cfbb8b52a24ddcdd5b3686557f419c18f11498f9
114	7e2073801fbed65941138c3c6ee246bd8fc1f9e20dfa5d0faddde32e4be194d9	f8d5a7c7026f63f06af0b2440f8ed7c3f4fa91015c011c2ad3e3c88b2af5d856	611e1d7a4db48db6063b4dd3ee3d132af820253bd1191f76225faa902c19ef2f	aaf1afd996fe3c252f8dc9d3f3ae2279ff8485c06895122f38f04b5000a987e6	cfe446e663e04e97c312fba2bfa390b6529c3dd0945c304e7bd1663b1c9805c8	707118b03833078956f8ed57ee75f15f33b859b2e319abbf7e349f5cb039b4cb
115	2a9a8ec861bf08749e3b1c29eabe6a23f3705bb5f376bca61903901996fab3db	38ef0db39b0f8767d3a1fcf87872d93842aa2e7e81c00ae4113c2b6f2cd18277	9cb09f762b195183f8389cab2217dfb4344b0d7eba559f07d87c18c4e195de01	ab1239cc71e62ed1fc317e113066edfd90c60e49fe963a4b319a41c8f97a73a5	f2ca923589000eb5149f2740bd1612954ee22d5ad532858815ef7017dd18289a	772e7d1cb608fee227f296510898568ba50851962206777b8d206f7625e92051
116	fa79194d0dfec85ed6c974b66cdc2ab4020257f5071cf772c1722024c96af416	a34460644f3e0a1a8f512f16f6e0751476838c94617ea01a98410bd2aec8464a	6f9f19f45df7e985ecccff263feb268e3639887dd9bcbf20f1f86bee6b12df2c	36874925e6332cd5e10119b643cba138edb9aa721f99996487e22debfd6e5b52	ded4d856682f50ee10dc4c09ff95a8df2b26b935e430af5c6eef3b794139c0e8	76c25326dc93415a1e2be14490308e16cddbbf729438249a99a950fe957f16fe
117	cd1aca95ae3961b3998f468323ab9288d8f485dc53a172379ba0940398b04583	f032b3f2df7dd1ecdddc9e6605eb97e2fb74a62e2fc1946989f7fa5704cdc8e9	b0e9240f032265b75dd47555fc4573c4c01db38f8872a61fe6929c6891c68a44	53a426933182375a29d092bff4747f364fd6bbdb7e67c4d602a21da5d36efaeb	ee436b3e4b79d77611642d791cd7dd79335cd9d26283d02e3da5959944091475	785dfdf7e90ae347f115ac0ef4a067ee10a209652ad9b5e30d1b9c91d131bc88
118	cd700c2344053ec8d68ebc5bd249e2b6d56d3cffcda5f8f4498e8039998f69d6	b1f47d3fc8af7b0af9168137186b3e8bc99d845aab806a4624a8c56542b6feaf	23e9753ce4b45ed0f514a2515064847a4e5019d57d504379cb17ac3be1cb5cfd	258149326054949b4c5cdb7c121d5868b73b88d15556a9dc468c4568be41e1fb	6f242cbf288b7982bfb05f81f5485ee574980ef7aba631cf81f74cd257dd8b40	e8928caeb5c9a7e10bb708e732fdf82e740e41f9fe936aed578dfab3a0865fc8
119	78c8f4cf2b0d7da1447020fa3454451d86e8657b4181af45cced640152cae268	a8a7d0df64808a7a351ae84b2c57c2b478322e71626362f14187744db555be50	93f4985ff20a2dbfb035ec5761ad126225254510537eecdfb7abfa9f3d2d095e	a35177aa2e8e1e42fd66e15388d076ea04ca0ace25fddbe0d5e17ed932123879	990199d63bb5a0f76a8f4c8b60b9ad2554daead049935da5ecdb71afc969bf5a	3bd1f447c3475c80b588cf7332d8b177672cb0eca9ec75a0ab75a112bcc88350
120	9f0c041740bf5a6bfffff3aca1f0daaf0c2624edee17a59b3400111df99c0499	94cf559ec8136ec275cb5d68b8357892ebeae58b15b7735298d60ea4e0007efb	6f509835effb4f4eb79205a525fb6c4627fd574e97e6fe04c8c6b62403ac5769	e6226cf0301090638b065a175ba4d59605b62cd12de79de9235aedd398cee8dc	5df295bc4315f5123f005c0b8e9eca6dd57772aec3dae8a73437dbba6b0da47f	6c423f6ff59ce222db954101f8f21c44c97e0b5b17619465b01bb5789aaa0b93
121	46478f1f53878f5e181eb29bdad1203c7f9316def71953e94ec7bf1ae67f7379	f0fb7c1149e177145d6a34dcbbbd799509e7184d81911a91235c6c4acceaf5c1	0cb16edd077da2bcd1e4c539d8a1e74d9f6166faf402110e31e72c52b648b741	21a9305352d572452f15e58bb3a182348047b4a0f0b31f630138846c38dc474a	121629cdb26112c852dcaa3d156d2ae2cd09dfbd545d5f35885f55567a2b3363	7fa57601eda3e6913f14c1197b965dcec75586d6a565a738294baf781250fa86
122	74ff836f875755306f12060db81154fdb89e1dba70a8d680e6ebf8de64b75dbc	3a6df3e83fb7b2becdc1b092ae610e662d33c54fa134162bc2bafad4f3baac32	dd972ecf3d2e064fa2aa09c2dba35be5dc9a003a3bf136dd14f300492d08a041	4172637e47a1bfedabe55acd610c2c3c1075d9fca897f54920c3d41913d928b5	08ebe710705d9591e5faa7e6abbde32aecb923d8d3d39203138c6f9b85d29bc3	63e611da221caaa1792d6c859841d6ba7fc0517e6c10a8198074ab275b6225b9
123	dbe53b272e213a8bb46c1fbce98e7014790adb7ab999d6d50c45ab4371cae804	186148991621d2f0aae694d5ef6f3ce8fd13d0e4ed533961fede7878dff04eb2	b250399793bff8db90b2f53d1a154e043f8e2be8288213d169613a4a98130bc0	ac3f05fda6923a06cdfa4e42a1f1c087c9e21f78a3ccc32eb0a773710ecee760	529817aa490cb9b71e376b4fe7cb37797a0dd37341b0ad95dcbdea27c64cdef4	767246541d2214330c798340d350284318d6e5f913b7a0d2c8ace35442a530e5
124	6f45a5adb182c317152a95256187d9592d4b7ca2a88e2a321e55b0c3d50993e0	ae9f0e6d0637be562c94bd504e5dcfffc7ebfe06f39971c6ef9e544e4e8ab094	6b987ab2146203adeae91d76c42da2bb3468547b1e3072c305da6567b0e670f1	6b7f97d927f60482d039599728301fb24b8bd15288767a99aa369a78cffc5c49	b572295344ff21b67a432355d6ae031cfaaa98d5b127524e97ff5f3f8e7e88f4	6b7d079699db965e891c53c615576e3c390daba17b7afd963c7c41cdc0a29737
125	3ce59bdb888c8ea6e7758c40a6f9ab8b46e42ccc20594bf788495acff67cca9d	25d22866b513e4dd71f4bc5050b99606c99454ecde078727879f128672938dd3	acfa5ef38c553c394e3106e12c8f51385d9ae62794da4737c219a472f030a09c	71a063c362c730bbf62b4544b242eaf19bc3a2f57bbf604ae5fd76c7cfdf0d7b	31a6cbfd95176ad0cf0aac382630902e809eaf18f0d1547dc4d49ee080aa6d16	24d918cd526167d6bf0a93f1c74256b5681e754f213ee24a6bbc9437e8fcb60f
126	f8cac984a46541b805e5c87e3f512bd59dcde7d35ee46e8c9ccafe103222c7f9	87059cde50ca61fc3ebce8f25e12445cd5f6eac4c3b0f3c1a0038ef53c01a141	1a9eddcaeff4b39eaf32705b470ff92b00bf208a1765a911f7a212a0e7f7dbeb	85b451eb33c7e99897bcb0d3afa65ea41eb95b201999dea165d7d7f1a4b0b578	b8d0e33b6825066a3f2206bde10ca189441cf79e2368b01f84dcc3e0fb20db9c	96d46190d524e4be181afc64989d5d0f14719d4ff817efbbacb87dd4ee78d06e
127	074e76475e3e3498cf82e2e29c212c38a7a0380140f38f6d9b80236be202194c	40938f1f0f1e2e2a41c457e341dbc95c29336ca21d689b3acec7f45e40186e46	45b19b84ed174c3a0052d2b356156dc8ee79f1ae092a8a248f9bb680932c6a88	58b9720e8e624990bd37b03f7495b9c30337d2583338a3f833af8698deaef228	c51606aa7cc65058be819977bdc7bc35e3a12fa61896bc3794559a22ca47eb3c	03ceb2535e6fa746438e3533b434abce9d4e174000145b35e15cb37dfd1b00fc
128	c3c40ab5f7df6eec7ed8526d95e74476110258a0f0b133d84b410a163fc6a965	cf4ea0119bd8088f2af04b89481c23329e8c90135d80913c70cb8f81c5b86798	1301c6f9375c2c5f37d43a603e671d5d38b3504aeb99a054055aa8f73c701ccb	b6f1b386b152b63376a84896d48575ab57c98fe1ead5f2db2d0da62152cde9c9	8d564cb916a864167d9543436c605d1f0d43c0da14b0bfbee13d33f9f42ef649	37ed82d3d015864c5fd3e1b523acfcab43310c8539661449653159060c99b0bf
129	d7725abfbb328adfc057279b202b3d213888bcbe883224544ba6dccb19c9257a	2c5bb2c0ba46f595cebbce5be8a9aaf0c0f63a3e03d3dae1ceb97ef149e1a0c8	a5d2521937829838dc17cd60070fed6fa60204ffe9ff5b86e2a9f1a6c37c7f82	a6e64ab3940f057f43fb2b9626204d1705fb44217d1d372fdc0d560def570567	a09f7aa4e87f9fa41770e7cb86e6389001f32e047ff3c744d873eaed91a5d3e2	dcafec4dca03a9728cd0a2971c60e8bf601d7a3cd345596e63ffc5bba97d7430
130	f2f5acfcf6c3fc9cdb2b9e48a90d16a9dc364142c40c3adfc5df99ab7a647fe8	68f607cdb42e4b2558d3a2723e2335927c162a95b30367a331dc4cf598fd3a03	2e9f0ea3d04e735a35969b1b303ba18fe158e535b48c2153f391e01c3af0cbec	83d837d86da2b8f6a63d43970417fbc40c1f132a9ed40aca4c995d245145e872	d8e83f51a09dcdb08be63aa8129c060285c0259f4216a98b869430f1c3e70f91	1bcbce161566a01e9539b92248e3a2030a19235d52952bcb77de9f40d949557c
131	6e883f299621b4c72e2418c955ed187bf35bc0c847dbb7ede742ea370aaa8303	d24fa10b1fd087cb95ca8b07542bcf846924437d54b17fadae174ad34ef94706	0561d75a06d53d8a9b0a3d69166cc0824dfeaa7cfb0988e01a7f373cff71905c	1ab868ff2322952768bd68827d85dce555188e5e7c6f22cdbfacaf7480101359	1ecb7ecf34568765947f360271374d6d683ad36ee1394b3c0bc61557fd3309c2	fee1dc7fb42e704bac33ae61cc925250e92e0e17b731e4ef2bb4145a51dcd166
132	9ceecb3e7bfefff3e88f992dcc4d7e5c1c6c414f2697a0bbbddcad6be34215c3	e966af481be15ec2f032b6263659b99f7037f0d35bfca9e0fbd9400375c5114c	6b07cf0a9b0c78d3cf8d3be93cb215e59d9a2276c7dae487381a326708026c36	90c3b67f9ddd10f95242b7f11841a55c0c554ebe0a575f44a6e80962558bb926	fd405dacf6cd23c20b7084bd614d6a579ae5747df03020cb5fb5fd3da560a174	2d7150faa029fe9205b4112db0847cc12c4743a4831f15ad0dfc454f7daf80e6
133	6140c1bb4f599c1519efff128fb2f27f902092ebdf18ec009fbd04147d512386	7dae6298f1ebb3b316a82c10a8b1f3013e0b509d708ae8ef9a5d7098f1c13046	55efc8f3e84e9acaa35a090ee0a48d289bb5229fb96a4f4cdc7c6d6efd681387	07cc4f015877b88bc019e94a41d2b6960b02e39e69a829a602c824a7531d881e	125e958bdb4decf970f3c3a4e30d13d4c7686492d7909eab77ab7e07fc7bfa0c	b2475cc818e33eb41dff52c43c27d0ebc2d6a5b59da773b81bab6f7e370d86fb
134	642e5d280c4d2cdd36b7f33a06ce3335fec43155cff7c09ec5e2e23e366e5153	11d2df26ebae5f0d116703ad9a3825798ff7cd7ddd67b0cfdf8771afa38e154a	9bbaafd6ff1b4252b0ea72e8f1efaeb080d10af097cadfebcff6d909b8702975	5edd58b31da624cd63b0b7d4b97251d52edacdf57b5c9a7f0da62264b408a80e	6519d47f4f2f8169c5848e9c365528cfb2788c6044fc6acde66cc281f7c98b8a	352d508ecef760401f1d946a6aa38000c2a86fee47518b2db814d1a88969e1a2
135	cd7b9d3235fdeea36a021e9fff08411dbf54136c6b92efa4f1b748485531b04f	5f901a4d72279efb08df27d750bdb2ce8e44dee3069391d153929d8f2a88bf7b	a690071df99406ef43d7d5b184b4723fed92ae896017d448a806f9fbd52d19b7	097eac3d6de5b3aaa88d658f4fd5ddb93312bd3c280bb40f3f7db6136b5a571e	322b14d20312f00b5e294aa9f61ac6ec9d1c15bc96467b23524aff83f2c26c67	bd20abb72df7c21228ef3f2b40d34635a590054c5f4c840d6566b55cc9731f13
136	0bc794057302b6d0839fe09307fd9ab348e90034d6b07ddd2cee09dccc0431c0	cd5fc150a70f0eb5e0b03051ccaf51180b1a88b4c9e12d53e0058f8c405eca72	c1d9d25d874ec85c7e07ec239e41dd57eb77958847dc34ab9e5cd2e969362aa0	66f06dcd5b5acbc234bb3916d7812a5294b68bbe1eb4f257c7d2eab31bd3325c	33310d26d34323b700cbb75fe90081db786be2097c36d802be29108b556b78ff	9e073029cdcafbc198faabf885b96c7c84f1462b21255b859d303c7ed0e3e695
137	54ac932ca230788a36a51923f2d08f8dcfc45f72e0c9a5d3b6174906fe6e4879	6ddaa99b0b3a9fa7a2f73236b8f25e433a84a82b417cf5683bad1613943d7d4e	9e4cf03e4ad6ff7c10fb8249810bc5b875a3c26ef772168e4104840fb7a60356	2231a2b8c480ed8abbd2f611a8d5bb3d1bd5fe9661e6b818d5e214e258183039	9802c1546b49cf13ca49e4eb90128ac2c35da53a11b50e25ffade4fc08421fcb	b874680254ba8e17b739cca2ee6bf498f342f48bc9d0004abc69241d3edae610
138	74c67e56962822d8c20490cb92a68d6c99eb1f8057e34219419400dba63e3bd3	b89e5ba6a01a1e0d0f4a840faacdce7392d118c3c757d424aa62ad165b8e4d8d	6f5e5b9204d95a29f06c1ab6e54b09689d10cdc81bc42c4e5160b523c263d27b	1f4d716f4d67a887bd814bc356b933cc8a7efc950713cd0bca17914c6dfeff61	07b6e2bc4b5ef4a32cb1a58addc1aa8b87554f592c8d24205585c761148cbf06	8c7c92a014ebc8d477d7d697cdd9d9978dae0f7ec4ee7f09552b90bc7fef549d
139	59cc4a0cb2ffde4ecb9a60eb623e62c6840a94d0923b1bc3e46973718bec9cc5	15710dc40d3426bf0dde4827510363531a4696b3a75cd0e5ba416601505a52ca	b608ed97cbb579977d388e684ac1dfd14e5a8164180f0550a08a19c697345614	075068730d72471206166e860ec687a15f937293fe4c1b1c747cc13ec1b4e379	7bbe56fe39339618f73604d5121db50812fa85556ed96e1021e593d75f41d615	acb1ae74b480bd3737348f2cf629e0e0827e4ca310788ca015065ec9001ee738
140	a4fa4e37986b187e79aeb5c3ec02f11288c3d865a6a1a961478028ad450b86e4	365ebd66940e61464924ee092989815258ad87f2862a10b0e0690700f9afd37f	1155591944510f6fb40b46eb0cfa43e5ba05a28fc24563b079015422302e2dd6	ed732e7e4b7760d55079cd05c6991c2d566af418e02eaa0d5c7908a7f6e26318	a1de543ae550496f7dea6f336fdc6c1067747d3f4a26860e1e55b2e766e8c05e	b563b3bbc946ed8ee22fe9bef5d25e78b648c2e1a719f3c0366e5e23399423f5
141	ad755dbcde39b32cb93ca4176700da09e9d42ef8e396e12b80cf93faf5f0d885	6a14d6eb117221dd219b0bd087668ff7b7333a13393a5594202b2776a260ed3a	0db1daddc9fdbb1818baaeb0e434aeffd8000d2ba01d82edffb83be552061518	4ecd98cfaa84967a7f18b94e6850c3023ad8364f3067d267f3438dd78704a352	ebf8c70f32bff0f9070844b02a34df783c7c556b212101eac4d7e91c98029c43	4ba749891646ac4d25d80d47e829c3e586ed10651d924d1be7d223f16b5986b5
142	c6fa07e61fd0bf81668fa850c185b3dace95c6233ff25de82ba9945174788903	526606b934d8dd11d2cce8acfb2b8fb883d6a55eca43b35cf68c0f9b759605f5	9757d9a6752494d41c85a1a1e07b8db5fc4bd4c860f6545ec490a82d3d5abeaa	d0e489fe6299af3da16e0a5284b46a7e49df109997de6b0fba9e9b2a5c89bc80	2d43d8fcf784441042647295ce19866ed56ad14d5967b56158a18110c2bcdcf4	bdd10b2ad75b64b129db12e059cf07efb92a75db7ed57700bbbca9156523b3cb
143	b65b803f180dbd9bcf22244b418acfc26ab0930dee9f5a912a0f36c6c8ed9fd6	87971eb6199cb27c2acdca28d5c47547684d7b4324403ae5c2d45bf12c84c1fb	51aeb33feab3fceacbd1f65952f7e16e8ea4b251680cbd0aa249f46a73477688	53372a12a01a461a699b72e75cc7a8b268707b2ea4fb903a07f0c9f0611f3d9f	b1a5cdc596ea77b20f809330cbd31c954e49f20e281b4564ed740e8009262e5d	62539960f82ff3ce08a387a62318586884fa0efa5f60be56aa2f2ed410bddad3
144	2dd10a61decc0acccf522b9f00bf2b2601292375a3a475d8ce40b6c399011b6a	74794703364b2a63868835b66a2b45170d57590a28436561c870cd61658da60f	00a9b3e7465680214fe676c53dbd131d053dedffc2905eaac003c1df19b1b334	7f404f00a8f87df71ec3d120bb317d3130ae57598763f8dfd33a580c6d0e834f	e148df5cf6f82c4305f2cb10adb989cca48dbe2c78e36e0b5dddc591237951c4	f1d5045a796c4df8a5b27f6d90d55d7cbedc870cb1a924fdd991acaff6dfe85b
145	ffd584ab0bc27442c4631fe3b6bcc9f38c48ff99bd102c26a560e6fbe836de05	9280e944d63a8968050d481604c5b63297ada2d9245f618bddf0549a21d0684a	d468dd6c8313ecec23d1caacb17764f6241393dcea172b61352ef51a3df39adc	58b22dd306ca170476696e70fe0e4b83c63f9ac3b9c5f45bcfcf93254da6b990	b527d055c25c23420ba3a865a4091f335d42620cd7b0ec07a74fff4bd51c25da	b10aac685e4d8b62ef2456c424e652f15ecf339fdaf38e6d52b47a0077a385dc
146	3e07db17330082c0e5a6c79f7c5109754084457dd752d96773a084654aa4b717	485c8eeab564553971039f109c040bbe04b62befb4b50fd1eb7410d5c15c3e2e	c3165488fab5a1014bb2bda425ac49a467eb95794dad42936b5faf5089fe7911	ab9188b1678318c432cc76ccbea7729a49b51ba89fd49d09fb031c7424176538	9892dbf828fd6e182939e4524690015765eed22a4806459a7f5f4728000bcf9e	3daf68ee64a98cc4a1db25cf0aa9e7fa96cacd361a7b5ab263758de79b5f7d71
147	ffc182963599adb2e0df2ac25fb95aef63f2b5e297c7c02bb7107020ea8be891	5bf9350e96fa3df0be8473ea573313ac25730f5df96c83635251f6d56431f5f7	f050787ed01d3938c429a99a5bfe56dbe02f9dac0c30bf4f2bdf5b4af2ba7b17	9b6d95a67f0098f2e0f21a76d8a005e95931ef3b6aa742ef047d980e4b5c45f1	10bad2342503de8aa0cf3c7f5892cb1c9de63bdd7ba6dc8f7e300c784063a2e2	38705146112585a0d47c4f368066a2617aac69aa4e7bb658a8db71a387c6aa1c
148	8ebd6fbb307db800630ae98f40eaff276cdcfeccdaffc660483a724794c3622d	ece620a594602319bbf9e1496caef9ab9618714e972d80a6cd22cb0e350eb33f	a26fc7cad3fd014c5ad91b6377a6766117bdc3e95718be51b3c0b136dd666151	c2dfc97807a9ccbb93ffb9d4ded3dcb407ca3ec8d6cea89902e026b8473254cc	8ef315889e3b9e4395b61db5b784846f16a1ae5ceb0329b88fb074d292bff502	9cebaf1a0e5c23f5e45dc077d7e7bc48cc35c614cd741ee3e6bf92d146e1bf4c
149	fb84968a348f20a4a36c635ecc91ec9cd630c0711dbe683d10127b1bac01f2f0	62d133b8ad424f0f5ba9a9ed36d8531846e4ec967ab31afe208c13e9c54dd1be	1c2c5166b7762acb6c3f7db2fc79530701d3d2088ec04c16ac49e9079cc756fc	0c9e9f85ac4690a94d7d946d404cf796358e43e3a1c5f1a9aadbad871583978f	d88522cfea2a07511d3bb00fafc3e8970ce1625ff742ff40dfd9f1b5d465b795	2c0e43dfa93b30b6e7d794ebef379aeb2fa94ad5ab800859156cc76dee88628a
150	cb6396e21f6051880862a7a5a37839e7f404f1ea78a2401bf8c9b078f8464e17	d68e911917a2e60e5131ceb95d591691cd5754950561e6c8c17a29f338fec0e5	7be033877b41e9c161e3652b6fcd9b0d30650add3ef4a23a554ca350ef1614ed	3e8c49b5f4bbaa6cc74ddfb706b186b40e0e7dc51500df0b2d7f49ba18cec7f1	d2fbb206e93c5a26bf7809c7bb2ac43b63494eaaa284c8bec3d8c2ff2ed7b347	848601c0e6ecda88e56dee83089d754980a77cfd1202af4e05e21781770b3ebc
151	f8c856460abc66d1b41bca8e210604a24bd693547a8e1aeebd7ebba47a8f652d	ab6ef18a8014e99ed0f1807f101c4bc391c88d236352a94cc9ac7842377db01a	592209416ba9e8d963947a04c42b5f02d04df74b5afdaa2027eaba5136f01455	9f1c027e9e1b4dfaab3f2f435daeb631f2bcc8dd5fedc0cff16eb257208122e7	9d9666fbf20e336af666138eb95f19d92e3e647b0e796b4c83e0e41fb943c221	7293052c83ec6be6df856e61e1bf7edc3c66115cfb45a48de1935d8c2f705a99
152	0391d01ab180385770b47e3c28d4496988e639d18648a0feedd1b6bd0023c567	d0af406de759451beb0b1cd1c19f7620efea111b40b7c9313f22b23cba1a6a16	a965f8beb2ab4abf6ff2f477b6c75d4ea37b5ff3d0dd23585e9edf2327b4630c	2273d7bcedd961897e31eb871b34ab7fa5cd54024df6ad07b2fe04a7499df6d2	87735a6776b314255063f7329bdf1633f5036adf845af53b194fff3bca09f15e	d0a339a111c492a464dcb1ec79fe758c5b1eca1b029a25420ca75981fb6e5f9d
153	a75677460003224361436a7e4ab3b4c6e5dc25a4bf2b24821a00bbe075da1c91	5a2bccf9a6d1809e212ccd998cf801716212febc34843ebb094091eb1098d79c	340dfc1266c886be5680b542ce16030c400d9a1d37907672b054b01b0f5501f8	3a88d0df1e0a0d33620df3d17891f4c50fd7b06f69a8cf1c2dafe2b2491c4f68	293aed0263ad1e7e8e7d8163106e5d7d696ff56621b604731bbfe880ab40e9eb	19ef2ccd37ea6500de87d1e448b3176a05c5c4da8cfe52acb5d5088e7d509e9a
154	2fdfefe168789c592eb1789ba8762d9c4089f416bce987331e5e173456e4ae6a	a83e3699701ecee5ca8df83aa52248939d5925b91535dc5b1b34fe6e17f8986d	5709547c94ad7644d24f83719be2c4ef3110f8295ca51eb1a359866402668754	b9af8ef9665ca67dfae153d33638d76fd7e920e5958a4c902805469d86401598	9e0a0cc3e10df366dfd16212b2a24a39141a5dc5421f73170252bc8ef2d70c2f	4ef252bd4a055a6eaccd94d1f1937903a482d73da60c68866b74a3abac5616f3
155	da7195e9a587f9286f58e2e0b4055e91887c393bf84217f42df92029403f6747	1c46e7d498fe3c3f9c413a502174a06dfcb184bc5b8c93ada62a52ed12a60a3b	9c0dd100f4f8724f1da12cf02428b928e7d56e346509622584854e1fdb785174	79217c883902a2354e58ae8bc74fbe784f8362a7eaeb362623c7ee5a2c5f9430	fe7424da11120692f5560e04e8d2c4b34da179fb22060b07fe2d79ea12daf8e9	f82f2b61e52001af6e5a014918466556dd01b1aefd4c9359170aa170c509453f
156	e0a96e2c93551a8f8740f0802ece92e36f3bff6234c273f138e3f0bc68451b8a	d8bd866fd89942075032a6ff6488f14c2b61d021454e27f5adc220c96f3b68ac	c6f62a009a03dabf499b8dcb04afab75155735869faa8d823b2ebbfabc14e3c2	5ee0a7abff91563f9bb32e5a22b8d55f9ca28472d0a55214fca0f8685306552d	72daddc5f4cc970c57b890f27f42d32631907eda87501f70bc670e6c1a0eee0e	8692ed2027befab342cedbcb9610f555fc01f3af2d95d7aec97171d82e680187
157	0581eda288ab15d30bf348df65ccf015403f684d15e5a8e3a545f6692f096ecb	91e7dae3f49893266f0e5b65dce8b31fdcca5750a75dd4664c3c90d21aa2a75b	f29eb706785bbd86481b52eecedba75196c53335a2986e9ba7bf566ed103aaa1	6f637b676b38b42bc664a4930da5809af484b378ba7f944842ce38ea370814e6	0ff0bb4ad97887724bb529487d1f7d300babd994ce43821bd8227faec050b270	faa90aec7459329127927022e741c9930d9765f6e799c613384e5c5bc7a81b3e
158	7428ede68de691365e8e3753c56dd9d7ef4bdaf2250a1777e1d0628107c05b40	64a563839f5f165283cc577372646940a9bbfbcabc7a7121b52b6cbbdae48663	3e2bbffc92706a92b5d9dc69428df2f7edb5e6cee7e78eee241c0a273350788a	e209f2dd028bc7a8ec91c3a6016d3339f4dc08bbedc58afdd7a1506fcc389fa6	34865a3fddf33078bf660cfe626baf823cd5a378c5b5952196efacb74d3edadc	4c21011b2de92f53d9dd8c143da3674c9fd2c975281bcd627253cf4f9187d1e8
159	df7440c6ef105b09dde9253cfe856fe7a8060015011f34b9888d3a72b13f0a8a	b438b23e17c42b99de3179ec80688e2a0fa8a012b6271fd65d0d9aa8228afa5b	e294d57806c7dd897c065a76f2e61e8ca4f258dabf3e477c00c161b569f63246	1fa6334652a4706d2de8f4ac4fd22c2dd1898b813eee35cdf0343743ca938c50	c5e49e58eaf6fca62a2351c716debf2200b4a720c2eff6e9ac2d944cb3618dd9	780644dd5aef3fb44e554297365155b0213a17926829abca6de53f448004fe73
160	f5f65dd09d254543e08aac78ec60fe06952e478307a09586751f3326b48b5fa7	af5311e52fcf1ee2573f0dd5a1dfe04b08e91ab8c0075e1b1763dffb0a5ce238	1a2550304d8432ee13320530c2f804ff8ee5bfea787d1312568b64b939c939b5	fd97d10f62bdad436edee842631ea6e0778cfbeef97a6f7457e26824ffe7ccd8	92c4f13e893669590bea595dba73dacef5de03d64d10525e97856b7d559ce52a	dc948d25e1b8feb3ca78d8e2b7d17f860bc274a417a3d881892b116435773a8b
161	33f6185775f92c95ca4c204439e12330e8f219a88add43b97af92687263a7166	cb1416bc4c3d3fdb71731a83168ea7427a87f7c0134f1c137087a0bed4c5fdbe	7868b620748e38f3eb29263399dec33b38369bf3085f8ff4433378da0f865c9b	9dfa8915ea37b1aa668a6ac0b54b5b8ecf06709b8f1e132afd2eb1f53c47e147	3e6b94af432be93d83314f1c3c76e3fd6b7a91ac8f8e2c731fc9d21512384d8f	2048d2d0487477f1cc45d33ccb20080d98440a519c7c477ac3482662813bf5ac
162	b1cf4248731d9f7ef5b024f6e17d8e6b0d18f0aabe82a782166e72cd9abdc1e7	74f737f57d86342d78905ef63bfc3b991b7cc8542f378f5052edeb0e75c1b29a	bc46b5dce13145fc040a157962fdeaab1ac44c0b7b2430502de97bbfe6febf30	9a563c07a1beb08cf3301a3ef9c133eac61474b123844421feadf94fbd747d51	6636a130f0e9face6d88a8577833ee780633533b827ba71c9e83c61d83187cf3	6248ccc4a9be755e33db67e58a6fdcb1ee7379c86acdc3174cfbf253d8e4c51e
163	ec114aedfac4778c7084cf55cfbd18a8966f4211c48e61f3030fe1677c3f2916	3f55a4ba1a509f3917a8b7801adc35d68c4e8bb11ba4edee5da0ce685b80964a	3384cba86d40ef33c6be0eb5f659cdcfe65c667e174c5331c317a73941cd4a02	86f339ca10e4eb5ed8c58c3c89ac1234aa707ba7bb737f5f23ec38ac3325546f	8f6015a424f6b4ba0aab4baa8e70694106fda75728cb84307ee80b3d97419fb5	2d10f54b6c942af4d27348fe74096f9e75a19967ffe1aa0b6462c607b58e4493
164	74e311f021d90a80052bfc814f5cadaf31218378a8d5b5fb7d11b689fa0b05a6	2d1b59502f4ff5200b73f0f5790d543da0314b937710fd0c51eadd6d1b36db7d	2c2bd98ef6eb2d29aaa51f6a3b6edec2655905c9df040b3c1d6f94f23b39c66b	c44e5faa13f624dcdad7a71ef775ef0d838010d8b003d39ba8011a0281102e7b	2842870075a4f4a0da1712f5a6fc2242e058aaf59627a2cfa7eaa65fa8666211	4698a40a409ba34dcfb6069d43947c64dc741b56880b99f4bb5fcabdf7c4cf90
165	241f58cb3bd1138f9b2d8e09c92f0f39bea6e2487ce2fd8506bb7e1af5e3952d	80846767c64d12e742883356379025cec50c3b1ddf7625dfe814dc7fd77b34c2	0b932fbe9bd4c9d53af39fb10b815373e50559df6ba5a7288c631352ba31ddca	650ec7cae64e44551d91eafe51ef51e12afdb7dae0957b226c788aaa282e66bb	fd8bcd5ff8225059bb2fa10e8bcf4404110ca7a08c63e72f89fc9dce479cab41	631d01b67f9b04bb1129f976dd5937c06f2b901700eded3c56d2d987d58eb49e
166	ce25732f6f4fa60fafea78db69dd665e41545004c0d6e9ea7e1dc6f736ec543b	8ce6eb98d52c42ae038544a2931a8a0376673d5b9838cc298fe56e9d9fb09872	44fb991aeef2eb8142818d768c824755437579073664c27fe3ceab2408030f54	b5548da083ec3e8501bb49588959be2ffec860f90b96510ec79a73ded575ff9e	a6f2f958b94fd0e34fd199840a60fe0eb726de256065c1eb069c8589d92a2fd0	cc655be6ca01746071a1c9b081da94d6274b1900cb6369c722a86d1864fec135
167	02c3f5bf6b1cb83e61c962144e92fcce26e1461012419c3e95460bc8ceeebae8	71f4943195fbd23b9a807e06fdc43b8766f296a28908de9148c5329d5df79168	bff487b1a32435ee95b7b2dc70ba2436c1e1cce3e51ec0cb43f2554b952e3e8f	dbc7f7d112a40084157600d2f345ed939ea1ce01ce19d327f3395f2c90f267e0	9b8304a6f47c9a62e8ed62f3982d17f586f8da53dc727096d205e6f584dcce45	b6443b55e011ef2738d32048518ef86f6022672bf2e5c89a27d9d58d9ff9e408
168	608fdf3c035055eb174c67e2e1dc4d58df0964bc459b99c77b760453597c6cad	ffac40bc8f8593958a104ff89039c6534ff94cfee6510053f54d1489d34685d3	c462c4a53acbb43f25daf25386ab5f29f2c19cca499554a5ea1e1254e2189892	18a08b04ede41f93b74d7e1cb420639d94d745632e6358d12c88b3abf5711d82	3488c5177003465c74bedd39988c1107f957e2be90c871d356bc919cad92dfcc	05cc4ffcf011d350a8bd02e8425a10b51d24dbeffb1dcb2eff4880d46945f1c5
169	0b5a6387c1163b1c78af367453beca435335814bf88c891756573b31876d1045	bf49c598aef8d90127c78309b4cf833c5595f2cb14c0b8b9fa403a92cc704063	175dff6b14771f9899165db8674cfa2c6c5affcb2d8264f7ef45c0b8977863a5	b7cb48700de7e18865696663533eb36bfce4deea91e71256e404e08901779559	565a3e079cf2eaf7d52902d1abd83bc53739cb670e99a796d8a8eb3094b31d01	a79be7f27ee68ef327cade1749102a9c1fd28eeb7493478846f540564e020111
170	3afc958e19a66c894cb0c350a1ea1c4cb6c8f09c7d1aee6ab409c29ef0c38fd2	d8bbb475f08a3edba46d11ca0a58c96aa5468747fb1deb81c17c1a884bf67d05	5b820f953329ab8accd68a36dfbaa6b1128be1215f8e3edb206f50055b76283f	856672e303f1bc7795738ac25d50ff91187f97819cf12cebc2bac0797044f209	4d1853edc3ed9dd7a72a9fa2a70ce2f505e7521e26f74d5ed74334df7a5e4a40	eed51ec38f30319b2579cdd7f20f04d8d9d1dcd6ec462c52a12fcb5500c798b1
171	cd828aa5d99947a3057f81ca1f07eb5188d5764d3c1c5f793970885a425746f0	d7373f4487d0894aee6116a18dc3b504d6493cc025dec27cedc639c5ece4d8be	60da02710c21e6a86d36ced9dac3f1c00a9c2c6c44132f293899efc2ef3afffd	7e8d31fb0db4a8ca761605d938b59802259c216d3d6fe186528992506a517087	27f135977462d90308a0c5d9c1c047e64b704e4a2e819bd6744f11c67aafa216	0c443f038927040b281b11407bbd4826cbbdabc91138282c972660f3c48a6c6f
172	c469a79150c0ceb25e712b996c02f5a8565a1dc5505afdf36de4d8c09d20d78d	6d07624988945cecb7d32857fb27c82f2ef697454436f4b5d4dff3e552ddbeef	f7f09429a97394b7e40b7f903724c643b2515f3906213801fd95190da341d98f	12ae09660c65c359d043f73e83868a8112e92f927d07878b314754f9196e9fa5	ef4a17045466e60486ba23449ccd8d075d23649ca8412cc3ec011885179c1f8b	1ab1697753788b0fa6a593f6830d197f65f7711c97d3e3bb3cd85f0bb9b0e650
173	268597b91f768d8f5409e82876ffbd5e38e61f77dd08df81e22a1142df37d7bd	38262ea7f6c62bc67af362ab4b690fa3087df5affe7495abff9445f7fd284c54	e3d9cd5aebc86fe82a7483dbaa5d71738ee2e1b34f80b336f10127ff8f9b6c5a	8cd5d79a22d3b048f79ac6da22181769e5d1d3cfae6e442525723aa44307f55d	7e6aed09bba0db97dd2a4a133f1662444ae98d20fab4840f7c43eb6101f0258b	d5af17bf5986badd141ea3ac5097eb68a79cf90b897086a720ac628880c7024c
174	51b5c0317c7714599d2b5c0741dd8c3ecfbf80224af36714f9e608a5a498597d	95f685389bb3f5b7309fbd1d88afecb9a341de022b0671de772991996c9d0df6	baf3f486ad5d3e506c8da9fa8ef633ea55d16659d0d1af45decff13315a97fe2	c2e9dd8afa887eeba66695432e0f87ce76533ac9626addf2f0ae3fbffd868ac9	5c5459705f3e3a7bc31530caf6703912f28107da245c918ce5fbfa96ff5b3ab5	20a6f293c784f1c909e8f4f0f722559548f8a801ee5faa5569bbb041ef8ceeec
175	2636906d661e753924adca5376b29a62be4a4f6dc31cfe05bf403d78e6b6f000	e724a1ab0de219bc7d600c89735de1f99a6e8d2797b30f2cc73ab6f9c5d0f640	79f4ca516073e39e790b4796a4e76e4159942cfbfc348c60c42c72b31b45465a	3c1f90e8fc8b6c4fe1d81519d5897aaf01d76f8d89dfb2879029f355618413f6	5dbffdaa399595978735c542317faebda38568cb28cb3804c85ec3b038a1c76c	db915b589f0ec69a8fbd4e11a84b6976905b0195f6de64ee1de268690698df50
176	0a899f4d8f32cc970141de4a66d3b23bb84e28be3cdc560fd9a5dc94b07eca04	9a1263d8bdf0cd3f4ff7089b34fc874b759d14e56ae9c3d829ab9c3d9aaf22d2	8da914ce7aec65ce07b6862e54329cf9acd30437b4a3041bfe9fe8eca8e0337c	cf05ae4b0f4f695aa0bbf1b7fb92310d0101772a9182f0e1ee5e6f32ab81aac3	e203d7eca9f711333a780292a94960c88543a79dde4cc16e9a4572cf4858d0b9	916ad1810955c02157331a596ddee748b0bfd14d2694222947e5f9315c1f6904
177	23d77962419390f479a87862fb64b08469a677e6108d2b69fee4009b5a53d3f0	737dc2bf1515d1460bb03f1bffe23688ac78a6111fef771126a5a988036fb518	5d87bd53f479eb27f73046ff6e9ceb5a8526427d6677230bdb5b2f38cf363e92	599f3a3aad3df6bec97ffa93121ea423b7793de9c5d8a7f478cd5c9aefb8ee4d	74020df5872416f2e029019a05f8748485d150e60817db120a984fb2e1b83045	f2dbbed814339e808def7a4b60436aa8e019eecf2727c1b5a17a232559dd5357
178	4543f913c0f56bb34b23b6a2d3d2fa25cd47c11aca7ca9c0018661d4c09f2e4b	d1edb79c326c818d797f36b63e17050722e6504259e7ce87a2d5e8d94753e979	4e85bd7dfcebbd792c2427489a4b5c16a774e1453c94dd1ec00fc614dda04992	1fed667bd5452d8f55acff32bfab77799a319137d8eaf62b886934a78c505c41	73b8871af589ed825d75ed614f9bb703f1ec03e91a0efb27ca073dfc7f486bba	dd3d5eec33e9dd430dd9922d28d790da54103f9f9e7fd80ec1c5709c94946a95
179	1103f2a6d714e58e5e5ec254630bc2e50b5e29bb31b1dddeb4ae0bd706ad07e7	124fe543b17c3439f8642e7797537d7091ad0156f545e499d5969c914ec37667	d4137635d684b424f5e66b13294bd4d75f59ec7ad4d06c4dedd6349b175ded85	45da9b243d54dd4b6cf3289662ced3eaa46da5c2cfb6354e40d0464ac93d7414	496d8c26f6423df2ff8eb3a36e652304aae519347ac05ac4849cf9e261c21f21	b8605b282366f08f1c37ae098c8253d76c4a371d68de487946021af80abf67e8
180	0d1b5efa36a03b5b0fb52f2e4da84a077b16bbf79f696d45aa0b7c21472f7043	6c33aa3b98f7bda396cca57894de5335041d7832e3aaabda3dd1f5cbf13abb1e	095e27453663f3ffea0e2b8b91d438c0c7951065a699d072e55ef2be8ef90d91	bc91e347c6ace3179342d8eef20c9d343d211c8fc93e3acfda5b399c2046964f	fdf52d6690958024d28615ab1b2fa4c6a035a1f7ba3234438880acbcf342d069	7ef91aae2ee12de317da9264b6dccb9dffe9cb083172e9ef125d1f9dc18f54f9
181	da54cdef360595265d484da9c5494259ed2ea04097db1c96a238f7e9b12473d0	537211b290a2eef9177a708dd3c262b271896d59081af9f801c031e2901cc861	bd894764dc3636cde1c9f272a9686a3e55ab7ce75d3813bc64410c7e4568bb05	925abf1dfc9631e5ee2268bf6e21fdcd0b1ae9d1d45cfc6c9fb27bfff4c32ca7	749f17f671ff0d6374d7d19e0a7499459fed40261d9ea6fa48678698bb360d2a	3bcd8a3af537481e9fc62c4861a88c7ddbe37f385f8af488c9cd0e0d44af25a6
182	f3f89300d6d6229982e518c3e6953f1b5f0cba2cdebf8e2d8d803cf26dbc1495	fc52aafccca5e59deee8afe0464339ac6faafc6431044d2ddfd76052035ad783	6b3c6c7f206e4b710c66ae7ee9ea496b7d4bfb9409139d090c682a0d2c12e53e	9c03f1934e8a06072bc920633ea71f286509ee17d3f001129e998a0e94d58c48	459c2a411762e4085791d02af31458a04d06aa6c4c0f8d2680a64091b8db24d1	5476908c3533a3d813f645d4bb5f91ecfad92a3cbfbd7c5d59b6e39adbf2f4cf
183	06dfa9c740b1bbfb24ad1c6dc090e746c6d1fae1ea6f8b4d07e67be1a2be5b7e	517cb5d99baae627c2e581c38e6966939dfa417df22caf78e37ecfdb36dedb8b	4b49d78e6c19e74ae227b2565c60ec40b997e644a365aa2907667216062998fc	acd1b8b353d3bfadf999e529dc52fc95faf77908b0103424f7dba27804a77a94	851f65a533aa4b96f99afbbde11353e96e755c20b4f0080574c6e79d1de5d7b0	229baba36c23d4039b4616a1187246ec7668d9ec2ffa1dddb0df4918eae2f06f
184	533c7806e993a9f9f0e27379104c73e33494e6d9ef8cb1cf72d349ecde1a0764	6716bb182daec3276fba88276b4e90041894fb8836d29a10e473b927cbf60476	d7570821952b02b4650a924390bc76de73140fa67102183d25c75a06b6b71092	05139ae45dbcd9f4cad8ebc34cd3126d9b388c5b874381a89774b5c728e9974b	7f7ca97f8ac52d89cccf8ca71b7a15eb01885ddf13bf6fa8925574057e3f6148	97e7133aa977f4577341062af5472c83d42c8b9ae6aa6fe37d9efde20eb3b543
185	42724dbf15de46924eaf5a66b31fb9f4ea67276da148d54ec6a45aa2c8ffa552	cc4c2c0e1a3f38246eb64309e69d6ded3b03ca8fc2728b6a69e517873379c516	ad4ef47ecf35eda27f0b1e83c8b470ed8ff103572eab02cd28901688fa60d26a	59771a1ec53def468460e048ca3a05330f025b6223adf57923fd3b7b682bc2f1	9c3d7f0f9a314b0c8d010da403c508bf1f44705e7418ef1eb998456f63053bbf	948d80f53affc3da3e215dad4795589670cc16501fd0cbaa24a6a59110752265
186	9b79b3bb5dfe4632e2958df8ce8cbd17d727ecf202a9de112f3f8f7273c39dca	de745c9fa0f165fb11136a58402c2551785335bb72d01d89a1eff7508324549b	cd017a8eed320e64e2ba1c14c43a986dc6a60d806f6ffddc49d708c31e3169c3	cf61dafbe6020e228693d73904e807291441bc417f6f40444f1c2aeeabbddd0c	089587abd7102b2d28ce3e3a7136c913ec2782b82d3f222edd02fe90dcbce650	0b7f8502ecbb9aad56fc1af7367c3eff8ffa94073e16b59921acc47e33de24b9
187	5bf4b251dd356389e49f953180deac2fa2d5d3dd05098d3740b44505e9104ecf	60e97649d87e26c7e1c1174634fd968ab3a76a3391e63c848e315c829987c5e5	c35bc3545571a1e8fb81930ad535905521476ec1ba5a8aa82af467547cc93563	6af13f82342c91841af66e44af8cc7de26c6a6dbe267fef4b8bb524d671112e2	d164418b51c1fb14dd07326b872cd223adc5759af9397ae6dd8dd52570129f5f	ef00ad9b7ce3e6535be0ee4e553ca17bc235b37dcaf375fcb593f0515adaee11
188	4fa36cb0c6874394f248c592342514d78e37ff1d2d3cc0e5353b568db7e66d63	90a41ae573b9126a7332fa9fabd07e848d60c427a08302b203f13399bb18123e	502be7fa0937173d9eed06002b2e068d420fc2eb8ff20c69a62de5e8479ea8a7	3a2dd17ea7328764e2be0310af2fd96348d8bfae647e207bede5600e49ee10cd	ea78c842248743947f2bbf37d1fc5ee8a4b6ee9d6cb16f6f1287ef41c93cac1a	862b0e93a1bf4137766d0e068bee69ec77c54d8a7051a60f304231172522a714
189	d47b5912a60cee7cfe5ac8ff6963ae6b3bebbf0c97c5d1ede2e7be26b1303599	4ec2b9034134f383b15e484227df8e3103f8d394f08f69a504b9e568a659e5e1	be5e944a4483147e5870f4e39c28084482b1af1e69ba27d7b3605d97132e20ad	9040aa0e97ff2a2170eec86d4c76b24997f3ead4272960cbb77e84d121079043	e217d0a0644e93e45d603585cc4648bc4abe3fa58a5c0069347cf5a9de6450f3	046f62f58c794e5e7ea4919769cd45b91893e23ef9b632eca5eab08e98ac687b
190	02097fc8fd6c705009496148fcfb8ca7249f1ad9ac2fdc269646a5daf6b2f054	a56b048f12a85cbb7178bd3882fe865ccaa4cbd5c6dec2c157d84c5d72d57f10	00dc91fcaf6d8e0f37e93bd7a3c494f7b03834da3262a123e5f2a9a81902ec57	3ce28ad8852030ccc82bc66ae87dfd1928a955b7e5ca44678d8877ea33d57329	927baf2bfbc3d736984e38d75b083b04228f4fdddea21f20e6ca0f085e49d5f4	9126900ed41255cd5fa00b75ed24b2b374050d19074a330381a96b25dbceeb69
191	ab21f4c1fd7b9196d2bb350f39d7cfd0abe7302f495a4d1920cc2ce28d57f64e	9b35da59f68e026dfe2c6e11aee47d1beaacee53ea49609a7b35b59ef9404452	88e6140e1ff1d3a1e28fa3f24039f66c4f4d374c11471ce1689024c717bbac65	242e1dc28e88d7a3039faacc758b82250c931d28cb58ad5ccbc7e88a612a14c7	d1e52efe9fc12feb9526a450646a5b834ad2c2c1d09c80165a63bdcd52546bce	e17396868c128d1abbfde011707d50d3e75ddc1f98b6f746b356352ad0332e2f
192	cb39d8497c2acf139d774ce1452a4605fc8f3dee86266fd5bd0a05a77fdf7ff0	20d60b4c5b47b87338a1d94afdb3bd740e6a98c9592ca70915ab5b612bae4d53	77b749da520c1c584fde7da687fe84d71f4fed07be22ab6ccbc04a1d1c3b277c	a3d432dd551161d6e9d34c366ec90e893e5806dfb3a72b9e1516104c09e29be8	957e3f0130f56714dcdcb59c54212d7a2dda79008bdadceefa6e3c503e276c7f	4c81e1d61ec9c873fd6861f643d655ad76883dcda814225a1ff09e8a1e4a18df
193	07db9d95182fe7fe48a8889a50a8d4e7f1c8f2d4ad6c66d225bbeb44b1ba4652	350a4012d3a0ec185b2ae90c287210ebd63868cffb56adbf62a7064c1ae354ed	2d91cd1af3ecebaedac4db6292fd8a426e145a713d24b0860239a6099d54f02c	18c06d5efd48590cacb2414c5d9e2b2075af102f6903f8ec71a0b9db726be239	9bde82b77b7a8a31c94d6053593c62413acc9aa81a90dd18abfdc27896adc6b0	4fbe6a7f1f1ad28883b81d12d1e7a4f1a71371cd41d75123c03a28e5ce64e79c
194	bb7063d50f00af735e3eacbf24162e749071d9f21cff6febc18213b3b79cee44	b3239f6c4797a771866a0a5f790c075ae6add92ebc0e0d1d6ee26d893366d47e	d6c4c8290afd4306e16dff979e3726b909be060bc149636ac3f32ffb3c5ce931	6267f3355446b904e5c1f1548449ab92ace1f25da9e1a43b41f55b9127ffad93	6da89ddd17301e11b8d1514768c6659a3b02fae62afaff88fd83b76a9417cc44	9040aee4f9ea4e2958ed3c072d6f5094aba18484df1714fd7b237304aa5b29b7
195	2509f61a32a7069158ae8d03e92304392ad285d90b2fe4c89e33ea96293e0054	81808f738df3148d53eeafdeb06ecb72578a90e9e0e9cc05f3a5f5aec184a827	9a8180774bdda8c76844bacb2bd0c522f1936f58dcb3443ef79d66917aa1015f	0b46b05476dbce98b667f38176ddeead0863524ee25b8504ed9bf6d1cb07854c	3fe86a7e1482e2b420d72a5a16fd0994b3d41eb3120a773aad05584d4f1bd1f6	b81f8106490ccc4d00820a70d7d843e736122b025aef9b414064e61e6418dac6
196	fdf044da82535b992a2e58b6541753af1db649c15e3a8171ca42dc4284ebcb54	e0c9725d883d8a990a91f3b763369c3cbddf6ee51f9792c6ac51e0216304fce1	aeda99d373de02e12b5721094a48f2f5d1c28c0d6566262b7379696957dc66b4	ba334018fc810ec0ea51b1be088a34de185bdd5d3c5fe0ba3567fee9c0eaf0d7	b65a09ec52c38b0119e8cfc8d927600b3d33b27e7dc1ab651813746dfbe5c826	16f16c1d846cdbee78ba8a1941011a8637afdc3ea4c7e663006eaa6a9b79c0f6
197	b08bf4ca683ca161ce7ca53850f66242bbbb0ee4b1ed40923f76292658e8c7aa	3280d765e0093b6f1b71abdf064bd66be5775653b61c4e742bf436e9d4ab59b4	5f8d20925b565eda14b97fbfd13fcc9dae1f1f00a6e57679fc7f97f6b98f5bca	e980115aa6eeed352239a1730545b2799c6347a37007c74c7c805af91c5fa79d	eae793023df54b886a9fb53bf0e1d9581697e4e1a14bd3633def23b1d0858d68	aa612f001df546d696a70a8645f727684c107a38397bddbc9c3177faff0ca762
198	4ff9a51ca7c2b3ea1ebb6f0851388f78e81041eb354cda8de2061780fbf2dbd6	819d6cf449d262dffa78726f464e843eb5aa693c3fa995a8b7786730dbf006cc	9f71d3fdcbc6e90b83da66feb7f05d69eb488f5efd95c18ddce66556a333d102	bb0f5afa56036cf375ce0e12fd134ab6811b674bd580965883eaba8b0d5acd19	1a43b669c68b88b42cb23e8dac710154a03666c87f12596d4719c77dcf3607c8	06b0f60a1d137811bee45e22def863027bfec0debbadaf3b64767f1831469fe6
199	4a42da3da26d2fbbdcac048e2e3fedcd2dadba0216c3b03ca1743f506c5e808e	6967c67f866be52923430ce1c267fe097ae2bc37e420c0b96628111eaf47e7f9	0226d83db8da16ab530f25cb4ee639003ad00b2ebf036ddae2f91317426c30d1	369a8dacf7adde12571f93fd6713647fca597779f1de9f8056a8a9d9fd4bfe15	a2f67c13b53f9ecff9fe5cdd87b736b4389bc38b54eeac90b899ff5b6dc88039	caf37663f0b3193002c75fc1f3641343f25d608e4c5e57fa74a9c4e6ac88b65e
200	e95f1d5336f41f5b630ab4eed1620dbac27313c1a3d4e800d38c10fd96dfe20e	970c8df222f5ce9938c0b0629e9ed06ff60844df0f0333eb542e06382ec1f738	002704dd5dfca64f3080084a134acbbbc53d97f42dde22cb8446b7365a58f3c9	135106c8322d8096825fe80ff28b264fe9734a6b72bec95a1cec7569dc700c89	f8576a678ee64012f096867d12539c228f4af968d46520fe55670820d89e56c3	9073e604551de6efb40b983f943183055bcbddffc6e7771ac62c3d61dad2c22f
201	69854e719cbd72eacbc320a6c9e84e90116eca582a6b569daeaa9d58d1071472	950e1045ee6eee3be6f462c347e0e21836129d1a36923ea219430227abb9c21f	1132299cc48c11b144e1063594ca7f5e8b1557eeee9de28a5929f16de1537a0d	a93b9881674f9c953f3543f8359c8f49bb3d5cef3362a454b90c8a3686b4e98e	c8712432aae3acc1ca68d62be51d386a809ef65e9698c2c421ad46630fd97c9d	93d136a6c1cfc85ad219a1c3c1174bca987ecbd932bf6db621990562aa38eea0
202	0f81b1e15e5d67a3f425f5dfdaa5fa570386d7c50d24d5593476adc691e14b5a	6caabdde5ebea94885915ccc6ec4d21591be310ca4a81793c991b8df38961201	cbc66c8db866fe989f9e317ba9ca1f0964cf9d177aaffd808e9c545c8d4a0a3e	f55963fa940a69faee4c910b5868ee78858318855a1f5b73c1d5723735d69602	40c8682e4e22fec3f2eb5adc00a0ff1e822c1d030036beba25d22fdf8c024d49	4c6235183d1f2f058397cda1cf1582217b73e4c4aa7d2b1e229c4ebf5f51179e
203	8fb5e36f5295ea8b9963a324c65bbc4eb0a74d1b057cec2e23580d17317b9976	53164a89ac4ecbde0f1811fb16bef141f7c47ec3364907a5cbced2fd94707924	ca7a6cb95fbaba23bdfb31bbd6b786ca1a38ce0b9cbbf2dfede442208dfd82f3	c55c1fba5bff58b70e181bd80ac7c457e9d9811b745be335ce265260a7cb9831	b4378ef85ba90bb855396055539c1e735fd3a8726e7a8de55948ba2d7d496cd0	daa0ccfa9e9d0bd50ec2bf6b74a567a7df7fc16d00fa8524105e3eeae126e634
204	4cff63643c6173cd97ac280ed12ff97d56dfbc57c7e5e1775f8fb1dd2ff692ad	81da2c761b1df8bc6847b695be466e6468765a916c9da85c4e37b421e464149e	06fdda2a17fe86b9e50ad8fa9004988d4c6660b50844d39e182ac6c267cec026	fe5e17f6c8e00bcb1775cbf7ccc0e78f58e2d86cf250c2332db203eea0883233	79ca348272dee667c0f12efbbe7953afed19060de98b04d53efb5a1e05687343	20adc8a2c2951a5f80cbb457efd61036516e159935c28501894b0b096ef61ab4
205	90334adf321cb6d2d56f783b132100ad314489d340c13a8cc743e14874a96cdb	85c9693b98743f696dfa63079a302e2bf0a21778efcbe66d99911a4e34ffa008	78b84357727d64eebf9e416d5b3870da19bd96f58da5b085a9ebbd6ac776d1fa	a1394168d48130eaae4820bf7439b07dd3b6d944e931d4a53e3730a257662d4b	415fd0b23604dc24845e3d9ceaa282fa22bf7b43880567e5abe8c5a77466a4fa	c6f8650e928766a4303c72fcb81bd3d114d0689a5043a5e7c17fc72ab71a3c7c
206	9e12e5eed8ef24cfeda2cf958796951ea46523576e799f8537a560c6552d7896	e9d909e7bb21f96aaa9fce31ae81070901ce4a98f29cbbb0e0d5074cce604a94	143780a3e34b26cc3c2c87de37207f76079bf8dca633741d0ddc74f432061c17	1b7849f636a26f84d3db349f9a20d181184339c8d19664f386a2861593f3870c	c6e48553800a569cd9a11f5ce18a6bafac81533302ff9505385e80ff194d81c8	95dec584f98fb36906be813f9fa57b24ed147a22f308b456669dead8b4bad868
207	f5d428d02e9058fe580535b7531729e6f812a25634eb5d3d77af4f19abc76aa4	db2012ce8091aa018277acfcd122e34df906f83fe4fe352b08fc0aa74061e738	e66b9b22dcf4d78a08138ecf2441d8ef56310c2011ce68838657db00cd1a92eb	465016118855829690f9ae9d146a1618784fc78d18470db7180e1650808d0dcb	31f8c8e608b9b8d25ced426b5fcbcd977fe536181f80c3be9ddb751c17e84e15	c785cd1d27f1d5926cbd67283f0c73ce47e6d1e0b324e4a49ce2ce0d42bac962
208	453d460fd728ecddb112f3cc88191d7d111908ea1f222107fefb17f4c48a7a7f	56e9fe6c679e537291a608c0b6220ab6b16926910ae0ad712258a3ac3f7e00c0	fd8bab14a732b0323b464e26e02f54b9328899e83308078dea2824b1fe64aec4	1abebb7ed2cae2ad05eca3771cc7cb9de20e6e0283d7fb16d4de2142b960b401	6710e771802955d8cf390d5d555af3f6ff3c6bff613bce6dfe7c9a97d69d85f5	3b57717eb5166ea526777b4ebe6e8c109e30c40c5fc91b880477a275c97a361a
209	4eb4818b9806ad6e1644c8fa7d7c0764f1ff133bba808e429a26c4638e870ca9	b39c20dd4e1c4d03086a150d4d69973cdb4ca9ae850e44b5e4fcfadd3a873876	f72c02fe3cd0bbb2284370c4a98ee6a8935497d02b0e60ce278eea656dd9a2a9	d8d03ebb13f5aec5f327f03742b051a072762a3d640f574aae9189c32abc50fc	5cbc221500178585989334eaf884349d7f247c5b0b1dccbb429cf0ad677f0b07	135ae314abf601085ac7e31b0550e1ebd09fc2a72a164f3a0e3ee414b0e1201b
210	c0a00960c101dd67d5212fa7cff272b44be433cbb4eda068a2e20ce0e41b7746	c0ef4a17367d2e55cfd1b615d172c09602fb7d155a27e2661fe635081ba47186	60ba4c2e491f4a7a5d82b2e133bf72fae508abf3c60dbd453ea7769becfaee2d	320dad429324e69eb7188e309a50ca9a3e85a72891baa3bcd9baf4a757f31d01	d13d32f191eaec129b891c94963cfb03c26e7cd2445f51ea17de1c4078a5ca71	f3f8d80fe91c887cfd6183d6ab3d31f91e898913e42b591e8bb3208c8aded090
211	f15335a52715412abfbd8a8064558783cd85bbed5d51be9af33bf30b62ec5931	337295292406c274c7f396aefdffc385a94ff3fe29b7bfcc14892274e50a5d33	881f8133989018a1ee5ab55ee809c8a10ccddf674aa1ed4317ab457b7963b812	bc83f817c45e14b8dd62aa6775c684b273f42a7322fea2f976010922a5f021ad	e81b93962922d6039e665514890a3905a54120b4d504dfa701fb661f479f14d9	2fbb46acdda4cda3a9dac1a0335f400082a6633b416da35ba26e72859c008a3f
212	91957c2684ac3b0a43e6f4bca79420a79350ba765d5d565a9437fa1735f58e45	7907e28c4ebbeeb67cb920c846c9d5e7c2e969e0df635c351ae3e6e519d66547	f4957f0106e7acffb3f6a996a8b70f3e2f232e6608ed1de565727c78120deed6	e7ab538de6f51bb18cc2084be73ae8459d91a9a45595d2701ffcc23e8f9a61ac	50ec4ff77b22ce3b3918c30b8df9b430a3df9dccf8655ea20322bdbd1f2d8449	bf3aac6d0947ebffcc05f80332f8dc520ed42fb4bf18d7717fb8da7b3fb5fa5d
213	eebc2080775e145d9f1b209b6c8af5b9e061f45a40ee6063a21214063bd217f0	d544510c122ab1220de336dde42c4bbf3158b42b75559440793d537f20dae48a	57756af263e151e9a596ffd28a53a07f722116133db7734fc99ac76aced8b1bb	52973c5e6a2e5c9186fce6c95c26e37cbc11b0652f0c49685ad4b62e1b53dd73	be962a1cebf8fab4bb970b8f240b094b157105efaefc417af46b635730810c97	7f120226f72cdc6fbd76c0e6081156ed1c1671b9f8e612b0725ef3deb14e9909
214	a179df12dfc825d64b7db6cdacbf3b008e5e25ff06a616d680912f835c2ac8ad	0176287dd55a065b4a27ae0c244f5a77f263f8fccdc70743c1bd9824a857e7c3	4d2cff0646c2e52b52bad190864b7e857aa7fbe85c19c33f1655b911f6db4c8d	7b4a21eeb57bea234e21e34a803c8c5a33e90c145f2a88027807074c1dca74c0	c2a2bd6b20876803ea12e648cbe16fb8f0014bd31dad131e6fe8b6bf03494fce	46b8962d28b5e4d32c622d2439b731c35fa80bcc5de7e9e131df0588ef51737a
215	320a65915d3381e1911e29720ae97f07584c6f3e2a4e875e7fbd7852a38680b3	058412a97842d489302ba234a4e3de0ccbd1d40ce0b1cf383a7d90e120dbae29	4505b3e46af58fbfbf751b89b1b555e6ec1b639caff407a0d6a9dc74cef3f19e	6b65cd2b8b38c2e3fea872b7ecac2521cb060a3cc4c2424d3f243b6f046f355f	4020f52463a1ffc9192e5faf72844960037cf65ff177238d21aa0376c10be3a2	5f3f8dd6f2ff167fbe795110c2098886e2c4c35923551f42286c2c9e3f5950d2
216	d867c4760e694d0951541bcb02ae5e434ceb90b40331a07f405fe2aa7a5860fa	136193d0294859fdd0971e001476ca8814504cbcd8ed6132f3152c4e7c00ac0e	d25cc0c717ebefdb572e6f8b0563effd803be5f97610b05456d96f6dcf9e257f	c54f9410a911588e82f054ab30f8cd9664cbe36bedb45ea5d4ce08bb35495ae1	4f071fc8b8954668962a70b643199846c0facfd141b681cbf11d942123cd1bde	3a91adbd32850a6bf69a3beccd6525c0cc5b421002f390151b5c3948212e6e52
217	9b2fcdb10a27099a0966d81f7936939e142577cd6601ddb90cf6bc22a802dea4	8836b7d83f541b97764498868f39fa65eae8fcbd30ddd7bf4cfc9be66c489cae	b9ef155a900e755fc2c2d51bb08329272baa5c2c2ff3904969d3b5c4fd2c4e60	8d4c8a2768380881c622380ea1e27e8fb98c1a9efff2e909fe52511988338ae4	216c7c9e6cfe897097ef5cfb80d958566bae96ec7e5ac769f266e17235cd44c6	2d1e2cd7f27c1e04059b7b66f3b71d3222120310bc5979ebb34319f068e595e8
218	90af35afef499f720c0bdbc162bba6c2ae78a0b714259bf7e2e61b31ab8dadf5	023b8be468b06f9450b8bfe920f08b1f144006c22213eb070a5a61818704bd37	23b32e31a8b783643164576e844cfc08d39d1c10018214f8b92fdeb875feadee	cbaec568031ef7f09579688273c8fee62870062cd3f1358f0173bcd6378a7adb	daa75c7be04fe16642ef97d0660b739d27461b8ac1feaf891c0fc3b1c3be69bc	1b6e23ab879dca96015e93dc13d32952c6ea6b40be777725663130548647ad1d
219	b2c898e2fc47ff21fcd8d1c7a3379cd06ed4eb7eb88f1f60fa18aad11db3c2fb	60ddbf6e6c7f82f4917b1bd20c32a348fa46144b3508c82e825e1440ea660c7e	d101d63f3872cc6d69bfa4f6d54c49516553aa929e430aa3a82288224ae414d0	dd2e0286957f498668f7e762f2fb38d11d1283c149e42105ae4a331459bd3fcf	bb2070ae1911e0d3b2ce909d36039b0dd1ff42901b690640e98dd482f3109250	ec59e4ab722f768433c337e71dc549caf3339c20aaad803f8ba86e2063d9e95c
220	ffc63ffa7a97552aa757128fc5431e949d7b04f69654ad43d3c4b2c7766d8756	2577c5211812105dc17bacf18d3d0158effe11676ff643fcbae7deed80cbbfb2	41ded5ff6a7376b5fc66473fedc6fa0a4e981e4a1d2fb2ca484e48eb9cf3b404	29794a55ea7debb9446d8edcc408a9a39520df3f5888b0afaa97b4527ca17a19	c629b67fedd475a0e19778905ca93c95c7a52268f5366c31bf6a6d1e1ad4c0c5	c4faa6855bba925dd7e6c826312ef42c8943734ec0a92b8461fe20c4829db30f
221	cb259a22ffe1cb258112dca35149bf7df9d6cf07e3812deffa2a6e57c235e318	2e3aaddd2edffe2467a71010eaa86a1da80282a516c171b20f327572169bb1cb	b57f352e18eba587910efdae544530b08e6e34a18aa4cbb85e9ff9055dcfb521	681f4ec605386fee86ac84170283c92c0073935c33edf573532e45d094109ded	64c7ef2cbbc5a461a17bd8f2d5e3e7ffd8902b494e69630199a8a1c87c480e9b	0e37414807f572387af4bd9159dbdcd92a2cd7cacddd1c3db2c9eca8c53f40db
222	c3c0fa9805463490af982dde76e876e23d015ef8625979b217501380e99aa0b8	be4fba735419d9326df26daffecfd10a615eee41ac7b9adc08402f501a3cced4	48252c93b80b3720cc198d3fa07a0a1145e8b7d585ed82c7bba8c0af7d699ef2	7017437f93dd7abcd8f6122979d7bd83b6badb4fa0122609a911ce6695c2ea9a	ae59b7fce99b3aef1c00778a8bc0537c8c6cea260f1fbca462c98585f29fbc11	6b3f2867c299a3ad95faf7af25c28052708324c3fe1b84cd615ec749ace26549
223	f84e2d1a11abe3b22160d767f2e9a8f20422d4a6151ffde1fda4bda97c7b1be9	1d87aa7b378266f7fddf679450512bf38a1a1923177c788026fb4e7124c2fdda	f128512294f545531ef9c2c56293ba5173eabdf5cee615b9366b6bd2853733a4	26e4775e775e15e142d6ee016955cafa718988644dc388069f332278d88bbc2e	0b79938038026545e97b37da637655b7c0d1b13ed5a3bc4aed69822d1f6c98fb	84f22caaac7750d715d64cb92879905b6a8b5da54cb927dd9bc109117e1f0e3b
224	4a124ac98f7c5ee22b563998ca8fae3b5e082442a232bf19d604a7aabb50c539	c06af143135a9b1fd7a17e89b5c88e4e5eeeaf04c7f9298791cd9dbe140fb347	4a085a8dfd4f10fad511506b6ecbc1475c2f0152a8b00487b2eda6b4027bcd7e	4141837e1baed49c63287ab240f338456251c520ae1434d5fe4516fa2c9d8d37	883171dc24883b51257b44f5e68c12291d467f100ffd8f9d4e1dd7f4e6a2ad9e	56c220b5d8c8d0c8e86393bf9455aaf3e02d1c97f81d2f30823e0808bd5a98cb
225	a6e19a800efcbd42f99c0a02855926d2d668e2d84cde4bc7287ca880ff87f49e	a313523b13529f0ff7ebe10f9db275b0d7b3ee989b36d63dc956d49c46efde1d	0bd55872fdcfcde7088e286d9de7aee60c5a13ce41f91b165fd7e17503e2c746	4013bea825bb3cddbe4ac5c9b2e0aa85e36947ebd74ce2dfd74e11f0ca7236aa	1dceddc2dec5c85b08854169da18000161664b2ade0b7e2a5b711105a03894a4	38511a92e106b33ffcd92b29a92c36fb14b245568d176506682aa65cafd6fba9
226	e0d6e8fa42c5d91c47b7915176a9b7f13bb3cac61b64ad7a0eb1fc29a2e4c2bb	068491bc454ee5a03a9d3743daf0383675b1f8cde3e4e08bf8e0aeab20b5446f	eac6f4c760ebe6ad9f397d3ed1394970ea8d8007f98585e2fd17878f1facdd90	9bcec97ca57f78db065459a2a91cddb415a2b1285bd9fa12a8fe0edc20cc3b55	b94bca481850e3ad33f559c5a75da94a8292a6ee4ba1725fca7a188323b221a5	c7aee0831c06dbf29f1f60355dd3b8840142a85571c2358b016c568dc2fb3559
227	5148aab6c1cb13e8caca35b71798f2868c43468e5fc22ace1ad1a5a732744d5f	1ab449c5e4f32acf84cd3208409b704cd695c4159ad72baafe2d349c317c510b	721d046bdcdef9cd5d017b97a8327b291509f767befd4208ac1e23accefbf4fb	911bb564e61b224fdc071596c1dbc9b0b0ab9bd041cce9db71710c47fbb3a14f	1a64f8867bce6f6363ab73b627455ec5d6bb790f9265cf91fa2bd856309e7482	d90344ec5b1db07995f2e9bc034f13e67b34eb0d5c2ec9c323a386cbd09c1672
228	73d92ed3145043d39e7bb621b789a6ded7e02523c8057131599d461f87630b94	3391f74417b1f7d18b763c84f4012924a8fd811482a650a2feae48796ef5c318	7d43d4e14a03df5bbe956ef7127a0bff76b4a5270900de7795d924803f6a4cd3	2013bffd2f3c9219cabcffefcf219fb3f90c8212c05f75a98f043381c10ab82d	e22ca6dc1066dffafe6de36cd8a2a126eb400c36d123ddfb60dd780e2f3b5f8a	c74cdb1fb1ec7c9043808747319be1f7ea9fac224e3060223ff06ecdc6ba15d8
229	a8c5fc389191e534be9a345c586f97039f842085a9f374acc5e11cfce8deaa08	137ed9532bc5da822aecf3b83e9fee215e93f1a6fc6f9657ac3daed8f38eb0b4	7b8523cf88adddb44dfb52fa6995216b6ad4052bced9706c24fec7c2b3bbe95f	13eb92085088c8f13fcb5a39c88874a233783a6ec3be9d3db75e7766b923150d	49d33bb1c0088d5b16aec40f95b2ae527d6ee4ac59dab2903b962e535a51497c	c0d2bc7832973112b8fc9e4993f05144c45992613c9e7b93adcf404f2c04a442
230	7c500622c089651e8c19c9db6e0309d58b3a0045c7e858c89bcb411f039a0e93	dc376675f970e1fbb5170409c9e45a9cdaf4f5cc8a36c1725171459ce7b2c4a1	feb7fdfbe2715a36cf1ef9452d5beed5c924ab0369c6edf180bb39552378d792	0ae8539a753c776e9773f0819a1b13d5f2c9a226011ea7f0074069facd194954	8fdbde8769ea893f993a36f2e8195df4d2c27e577307d28f5c68fdb80989f299	0dce4a891f241830109a0526e16912b14752302bb8dc1e61259b785b772e1090
231	58d386b8a0e4b96e4a6f9b48d901d0cd359f067b4e4036eb1c9f6eb94a9b5d21	af98b0ebddc9a7a2741bc70bc7b61e83b492605ca14b60873a99a3f6bfad61ec	e9cf3d03d7fe95b8c65de207c102f370d062a63f0db11959d0d3891756f0bd43	91f0b619bd6b59cb233647686360ad16a5623fbfa6460553dcbd3bebd68b50cf	7f708e9221fbc28b24bf2e865c7a688f714b53748ace2beac066891a3b761513	50bc3e57eb77d24d69618ca48d30ca9a07fde25c6e3c057dac0a62fe0b320f90
232	edc0da0ed6bc4170fc81c6920d2fc04ae24c3389a4753e496468b5de3613fdc1	bfa328cd95533b431ebe4372f3a3f31cd559702bf461111ce53a76967181cde4	e9e4e69077c7ba21cde1333e8de379703197cd928bb0c69011d258c767eac5bd	f01cd85aa5e7cfb18a9dc7dfde8aa6a5788098aa7e0d777c81863f59c65a2299	c64d248594603f164494bfb9c29a44bac4138c2044d408b85b1d4b604c31a92e	1141afc9e9969f3227ec614ea588b5ae3d1e345b2d898bfa6d21ea2e8728a988
233	afeaa68b6ebea40cd95de78602e91bcbeaa4baaff77cfd835c40fde31138b0c3	5a943d2b7992779cbc7e237a5dc1489336861ffa5e8ecd6e28841ecd80d63f8e	d1f97906fdafaff07285d65e89af27526be15bac526d7836cae6fde663e9037f	5ed70b59c3817d25b1926350f44c76344bfd862d208e2292840f8f5719a780bd	73775916a61884016e57a78d817f5898a68c7cda3dfc1790da0f433b7eef9865	1dca79e1c6e2fd458d7108d41881795f911d4027bc2a0c5071737928c46eba84
234	07009a216bee1aebc05d5ae26890251526a7fdfbec2f3835d510e44cbfea338a	de96d57d7032d025fa0348c2b72245e866b5be993845955cbb2c579512754ae9	54c4c879c3ea1f16899a01150c53e7ff8373204f48fc1c0e5ee7229a070f1870	354fe9fe4a2ad36c1a42ec9fce4eb994c7b550e1d825be72c12bbfc2e2504a6f	58d4d69be3bc17d6c38e89c9096ed0f16c9b0ff0e5199a0f62c072b9107d89ae	a2e59d1cb2bce6047b7ddb0ddc3685f7ca48bc588629ad42f37ebb0ad73880c8
235	13c4262ff80aed0d1c6b6f38d9192cca384065d23f38381611e8c7a3239d63c5	b70547b08881a10110cda0130a01cb82b3a2c258f6086f669586605059e365af	60d5da37ce585af1283be0d67e514fb78c989090b3ccbe2d8d3b9a3c58b7824d	9b1d76e62e4ba41c8f6034e46b5b4245fccf803b4074f2e116d8f580612c3594	85bbf9023799253b7cb97056cead5100352b7f796c9f9486cf8b5d6c53271025	7bc36d8d0806a68ba959f41307e3f68c90944d384abc830bcf7cef1aea687312
236	bd28df6fd4704bc84e84466130281e775172454c5aed5ac62d9b811036c7203f	855b5d3bd1a6aeb3e7e965a8166dae40638f8865d10b48471c1eab3f771659d5	13f4d56bdec9009dda02d0bfb69acf5d2c00e2f9998375c9e05b193cfc50d46f	325a622cde529d54601434fad113e4b8324e977e150486dfafcf77af56f2c134	3f320a9d72436319b5f2aae67b10107ae5d8df2ca345c740a739e25f0026adee	68477195c62ac53b3cba61d1cdfc8c275e0b8a45c1e217e982771b1111e1ee77
237	a36620f53d30f7f659bb7d08a3c74966721be55ab5d059a65666ee5de6430dee	3cc1baf20ad0d85201366f90e9f84cc69f962f110a49d027291ec8b619b68ab5	ab9fb3f29e6152d1dba7c3bb733c597dcc1a18cfdd60bc02ef225f74a214aefd	10c94ffafc8edac0dae91d09bb6f42e96021785028b65065ce2b6434429c933d	9bdfbdcdd85028961086acc9ac56ccec3752abce821836460c49c74d6dead178	5176e323874799edcb7d659f21f52963638773024e55ecd8d3911233d36ffc0f
238	cd7136f7257c550efede3f2481be7bd5fa713d47309951ca5fd41049b6f6cf01	370f917a3abaf23a7c5d12b14e537d985ad27927f9e02151e0c591c05bca2ec5	524bbb6c0c2859c39a9c3eb6b5c26ca94084df114846531bb0145ebf1068bff0	6fe74c764ca37c0880044991be785aff6bc40ddb77b019d64d4aafaf50b430aa	158937f1ef0b76a54cedcb4c9f581799b5d46751c4074e544ed6008df702d955	a8f7be3b34cbc242bd7d7ec61e1f9839ec9a61c55ec294110b03769363b8a756
239	4ffe40cd50141816c253cbbba0e6709988e6f7278a5a2a477a9db3c55f8d9a57	7473cf81d478053fdedc3c4206575fc0bed2d61c327b29dfb7c289886b1f2a73	864d14eb13784b39f79d6e562696fa98ab7a28b119ee6f542d7ca0b994740d2d	c69d011b69c7496aed4906c0f7eb9dfd24cdaff3baeb1f7d64170b30b9b31632	33164c371c7eb68bbf14f0ff4167085cb7bb6ef70c1d53ef2db390aa85f1cab3	c342fafe2acf379d1561e019d4eaefab0982000085486f5d2dd9817efbd6fa21
240	817d9db0f8238db220f6b81bc43bf1849f29b029a230af6d80376c4825161250	28f732d5bddbbb967a172816a644b652c36dfa05abf2d20e18f9e0ba9aef6a27	be335539f770deb4c00dc7a923991517b4be33388ed724573e3c0f083e84f244	0b6dee531004a7e82004245e3eac5b8242db82b589fdabe547f873ef95022556	d892deecf2874b58bab85e8018ee02c9cbcf083632b8c50853c5219b2fbd28ff	acbdc2b4eaec12defd7ea65b0c73a81ae9e879fb93817ddfca43b1ce367b6603
241	1cd3af88e1bb7a51545f307e822aeeaeded6bf9978a94638bcd9c72f5ddc4e21	034e9bd6520cf01d6934bb2213fd20b86f07b9c4e6e98a9afd2ea2ed4a4eef74	431c83009a08d1e8ccdfa1bdb628f911ef7e6c1707c2ba5bc52a5c273356dd3b	db8cceef132b7a513b55a100514e5b0e015e2cae9ee2049e426b6c3084b7e9ba	4f35da4f6693cd299176ed27d442d0420e71dfa32d4835e364825be13920039e	1fe5f5e818ff100e525964e48ff12d678cb5104d88506eae1f4f47200d77bba1
242	c4ff85da3e496904432e44b63fcd1196efd359ec953d930ef6acc56bca28efe7	ad1ff602a56461b47a61001591f2064fc8988d44848e55b9b577ea91932838da	06e1f61b769c5c07766ab56c0f6141aaf7cb3fd07de53356993e6cf0ff090cd1	9b06140ca4a588addaf864cec5b59112ad89110945461d065309363079d6677c	7f37d64943b22363ca2674c01cdcf1989e3049d8e5589a42119861a3ad2d264e	37698f4db0018afada17b5e8b1b617730ac9826b4c0933aabf8650913c1f08d4
243	cba3f4d2b98d58c9eb75891bf98dab195c69e8bc1853259f1851fb9a1f3bf030	965bee96e38a7ff72f808e3ab75582f186d5116498018e425cadc66eb099bb21	7f6d48836b665b6d6662887a3a48d06fd688b8f47f731845a62105cd3c19bc03	29955fa37c9b9947b2bb1e4a1f6f6897dd5b303133e9c716742d712dc473d7d4	1edfc294e68b973cdc806d573cf88d3424a49f6827cee37bfc1c428fc79ed301	996d68dcf234c4579c92a5dd083b0cf15609145eb522cd701b15ea80fd41d726
244	7d6996d64ec5d62f0e43ba9fdb5e7f1740dafa5e6e68f09f95beb81ed9fe83d1	3cb59ebc9db34ea210014dc5eb64ac2e9ef4c905da9f7be8dcbb0999c881ea7c	01522ffc93e27c22aeb5bea857bc04b1095ba15bacc544a59797da49955dfb0c	758c355c83c4a5bdabe5af5f2b7af1031edd0916cdb93a74b57deddfaed7558c	c6642a8d4fc0ba0cf39ccad71f550f1a5c632109a69d0eb51f0ee62465a94dcd	2a2a6a1c5e40ffaafbdab85d3638bd55b03be7859038ed82edfa04939e53f070
245	aeda8092876c02279de5066776264a6bbe78d7b3ace8f48da54b3be0f288a804	56753e864e5d0c7e5f33a8a49c30944a81bd79826d264bdaf766126d61d4efc4	cd9caf93747dc4d8a9d139f5ecd2a924ad6cb63b50767479ec7ac750553034b5	705190448a81598632a0536c586596645f01f7eb8ed45e6f03185fca8063a2ee	4d586eed8b29c2140fe97e408025e9d91af8102671d9f92c78dc18d3c1a64313	5afcf642a1ea58c575673fd7ed64f440ecec00fa0f40e65e0e5594c3d64ffbd9
246	720408a42ee8a3126d8c677959b5bcfe25a6b93a32f8b9aea879dd8aefc1632c	2b4196e397c2dd2615155edd365a7096ac29a2f9460f5fd86b1a2bbd9a4db797	e0d6a9b8d0fe7725e8ef718e745209172ed154731e80bbf93f4e5897bdb0dd56	bd06d2af4b9c6d75883e070507fbb71c3cf807ad16a571ebec21b169fdf02a84	3579f4c3eca5daa5641b1632a036708e183206e36154d39c7fd3e89c177d4c10	9ee81ca19262b93e0598ca1842f129e9433065d9f80dce6f42552c18b08feb70
247	a50b68af40bd090d2c193d8d740b8fbbe1f5a9cf97eb66d19dd206e6d55583ae	16f5e5733af5ee85ea41a6416b877a3560454285bd26d6ab9ea171ea585a8b8e	2405904c197eb8915f96562728ecf40a1c87b6bf702a56d8c6460b7001122ab0	9bd8506e45245d46adf8d188823aae7dd55b43c76c8ab6e412b403c0adf943e4	c8f1500db1daa994be70ff4dc06af064d08b5b6194186c8669908fe66855c50c	4f887603f63c5ec6bb4469cbe0a8d47fae600c019da6314c1cc45bcbfb1cb423
248	5d87ed8beff9de90258bd6f3239d7b5c363559159f2cc27b141d9c4a0e85ead8	29c514688bd478ed4d385edd2a59c2977574be85974ac23ec4fa8b5a09fa513c	e05c49a7c278a994c770941ab2b2bccc4571cc3e0730a24881a795908b0e6262	504cc5a99900c440c3e700af69cc724be8dc57c794209e19b9914cbece1d90d6	91566142b772198a65ff17b939a0918f9ee21605dcd3daf22d539fac19de2cec	99c4c70867e77943a6c92d1bdbbe07d907234243f2a8ef546e2ddf84687fe579
249	5383aaa7fac7386962d9484ce3d1e07095e5525f8acf7d809bb7cb6709a9d355	244339228c796831f5c8c9c600e03595b17c1744b213ed43d56fdfe711443ae1	d4c2f33358b5ec3551bf655eee074c0d5c8e8d3d6db9b38672751042e6166ca7	7827244e213e4403c1157b232e949d1a2a3a2a60c7a2e05d927326fc3dacc5b5	5be1701513426db81aeaff4d4cf2ce17c3c801a9a9e1581f16b3be460bbbe731	590c706f11a6b0d13ae0c109b846762af71b0de7be85381914417e60cdfb08cd
250	b348479f848c78ea749a150046770f146a02a49b60bfa9f8fec15636f4b5b4fd	5b8d67f85cf1397508dc8ce85460e838897803438583ba93de267a2372141cd7	b5c591abdeba3e6653d6ca012bfd3bb90014394a9afe0ea20a705d5102983977	1fd7e3456483a9b16319435df56cd3237abd0a4aa1c6dbb22b4654e8dc3520e7	a086b1e063e657dfcb2e6f76c720baf45848eef20532897750e9aee5c58fea4d	af46770f93e46972725d246b985acac612a62f08f7ff099a3274611b6be72607
251	aac29a72824e66eb53b72581acf9ad74f0ccd4898758bb0d689de2fb3784d4ee	8e1083d5aa58685156ba9a6d62670b5edf53ca47778c52aa0b6def54b2727c97	45bcb07aad052083efe9791dbe88866d94ddc38067f22994d9df6cf9f7189b60	4da75a85e1c82ae40facf1a236f73719c761ccda66cd64910f66b012a02fd137	dc8233fc2d18b7e6cc36e63cf5ba78a136ca9dcd3fd520a4130dc379f1d08a9b	8e4073270e74bb467242084f705afa8798935d2be49b42254248345c909811d2
252	331b16307b8ab8b7f5f210e74b93178c2c9b5bd2622d9b1474ea605734585d6f	913f01d849ff9ce06680516b812a5b3e5d0d806b6031b54300dd2eac157fcf4c	5271cdbad76a3dc417be932aa0e33782262b4f1d8b075c274f894c43f45fae6d	13e527088bfc76ad3df39c367fec3c910e17e22d5b88b44b7fd0659b0309f279	2b4510f5f824dbfaeb3dce0121533ca9c0e7e3332c53d417a98b6dd90b705626	83c2ef3883d8804bbf771186c9c3d37370f048c35bc89674ebf25c18d5ab3da4
253	3d7284151b372bcb7c388a93f2eb439934a1dd490b04e17b7b46bf01bfd37012	059067eceff6b325425ea080db769f1747ee1c563850c5102e36e792cce23f75	f6e96cf0bb9d90df81717304d3cfc3ff0710a1407dba5b0220dc5cb0c386024d	93886f43b6bbabbbb5cefb186bd755af767afddda78229da7375fc8a9fc16117	84fa6703a42325c08c6616855deaf21a309b7b409b38044a1d942eb44641f03e	a90d525ce655ec0cf7821d14def973f66f8ceca76d25ab88e19c705ec9867e55
254	43e3164d4f82d98cb9f55a2534ced9a690afe13a49ea152579def146e49ce128	a7a82feb234f90d90202f1b53980cd705b652262ad19c8ea3cfec5b73417aceb	42a25c8a548c51c0b743266d9d5a5e32767adaa544a26a0670566efcc47f6773	e67afc26d13830cbcb102237e8dba67efeaf78f810359a2c3490b38a4be917c9	32fe31adf4b783462ca3e8cf11f6c1bccb80716dd1ff01817ca0025c9de84c5f	72fd86c0a3021699a1694e61ea6f65c54d33c5455965858145fb5976b6aa8039
255	14ab817cc2bc1a2f86998726a68ca47a4764eb72cf33e694a6ce70e31d5a3206	a82fd5c97285620236afbc7b95cc897331f93840a20e7220d448a9cfd0b1615b	9cc63547f17fa2f1ac480c00425b9123af181aea75c05577a32ff6485d2b1d57	4dc3c2d080e263091fedd7cd972af3f73fd4c85100f68c01745d6583a8da7e04	77570a46259a0400bb02b7151ca76f742980da32ca47a7623eb895043b15f833	31ca9b7a40a3fdb252fbf7912069eef9412427ce487a87dda40beefd452dc871
256	3dc63efad7524c3443a37c4958a3b2a9aab14cbb2d4ca508a57680dab8452ccd	2a972af987369150716dce73db3342f40e77cfd895230c1dc973ef77ef1b8257	9f66f46290287e3c0bcd1155fbb08294280e79788ab660b57a122cdb67d4477c	1e4abd70ee799638ffc9e474d2560c25d452c3a33e09ef2d2c32943720c09673	735279db612c2590a940c26e8642a1ea3654bd47174a3e697a393fb96458cbed	11c2e131ba1a7eaba032ce77df4a92c5059f9be840c96c5d99b2f03fced32817
257	c3a372ecc74c92ed82c3587cc3a70715787c182c6c8ee1d2280a8c9ddbca8d5e	d010babbe66f0615743e1619af68f2362f1ab3a6b8f1a02b183e2c48eaee4a72	933974e3a17d6a7800e09e23a88067d83c9296f771710cb2d3ac77fca874f545	964e573884a5e7d1d929e794de17afd7b9af1cbab1b983880dda1ffb815ff90c	bf0b8d6446ab9556e1cb3a1f53d3b4b47c235f0e430ae03b68ad91e1d815df31	b23633adee21e5d14b23bab58603d24b0c37278a92d243053a68d78191a29ad5
258	248adb9d701d879057676a9d8e174dcc1e8b7460dd8ddc2d08c18a51845ef7f8	5ed5879f8c737b67a74d0bf5b01fea02fa406e79c810ff13256833e3624c3227	4063a6d5cdfba5ff36c72d52524c19ebb6e528949fee670237aeca350f6c2ad5	6aefec7dcaa999a267e07af340bd341528ae198c6817e7e72800b03cf115d725	1ecadab3bf6f5dafcfc0678c27f3edcd81f67d7c9da6225ee9f5f25443af9b65	d071e1ee40b3938aaf2e982e83424990dbf83e04392323bdeed99fc5fc5cc38d
259	006a81c398e90572b439762cc2d3b654d5d5d9d32f196b53b3eaf21a67ac8371	12c390c4bf2b588f2c282b1c96c54f00a0a4c825130f2bfc18cc73da808dc156	13a796a7e2e60ec2c2b6da01f61af7abf4881b409c47d1a31bc389ff43598d5a	617faa60a1119d05b28c53d1d1b40d0e2be5f9873cc4ca984c4ea88b0a366679	8538d944b4b58575423f019a280f9ac9f9e6379dfc05e9f0daa2db15d0d73c5b	26ddf09983c6e2e632da77a472ed3ba78f5d0d001162eb1459f79481d8677203
260	f4a90dcb94dfb6ce48d486f4da4fc715e0d4326ac4c21d5a1a47854f21c093f1	a6f2134231f44edb3eeb40d0bc614d180a4dfd37f1e68088d44105dc3fad7722	22c9d81c81e7ad4ff78efdd1d94a870086e2763464d0279f6132473b8aca728d	0eff2795d0817e7024c8e13415740709a822087619442175901d233bfa56347e	0a00939833b516b8ec96207b0b8859fb89d2a42893e26c472425bbf6b08eee83	7a8d387f905bee85d3c7bcc4126d89ecadcfea450bef92f9c75428e415be1c64
261	8751a6b3b9285bd6bbf11c459b4509def63850594b7878426396d24f2cdd779b	5c4441f5c26054b7657aa06b4f2641e8cc2f37390eb914a20a3f892ffe86fb7e	9fec68c31d3c21d7f0079dda76a8033ce6cbae5460a3814741ca74f480eed8a5	42a83bdde32567963c7ed2a1389ade8c457c0706b8edd6b5e5e8e20ac983ecf9	5f1b7e6f48c371d4e745501cd020328cad99e824270be7293ce9da89855ed07c	4b47b3f0b7eb40ee19d6a396539d983a4481fe10451aae612ee846b4042099c8
262	51d5d3d573088d714fbf841ccf640f522b92eafffe0c8d354395f89e77ba2d2e	1560c70ea6ece80014ba47faa4eb6710a115326b4b5f43297026b24a8a4af1b9	a2794db15db089c1488419ea8f96d5939e9a290c77a9a5fe32b3c971baf35ada	b29dc2f5de0174ef5ca4f2a70b0e24ef620b09230246f9e62f7a20157ccd5b19	130e6a9c2b71b879e1ce6bcec21bdcfde56567e9c17863184a1f3f91557c8a75	4198a5a967e05958c2a054420cdd7be49a5c387be757c64e33ce8dbc4c60003a
263	b39c063172388d52abe381c9f2f4c8cd8fe9af4c3bde785a2ef90655be5fdc47	1a9cae6087cee2918ab0b3ad0817cd1f4f719fe5ffd4c1296844e7445f81e448	cf7bb341a7d461fe7590b004e969700daed34cbd5369d05a53872d5c199e7d70	7535b51750f9fe34f311b5af70ce5498ec76af2f8e1c232ec189c1332da63f4f	992ef8620c0dbd6b2545e6052f1659f25100f7d283368685bf6838c82cf6a7f8	13542295635c2b4135f6a4f4c69013f21bfde0f7142bdd4047758e2b7037cdab
264	1b2c6db53ba6d8bba9951656fc6d9c068d54bd7829b5f31c853b606e1145e37c	28ce6b0f547358343b9bf77fbfe52fafb943517b20cf28d877e22a0f6fb5f1c1	0398b44302d18c9c575b12dce1052eba9e9808bf70970a868c53ca6fb526908a	27dd4594968492352c1bf63393b8e2051a0cc5f94d6afee27f0bc37e75b97b1c	943f8cc80cc5bcf226eb53e7998d52d84d7a709e33f3b9e02337b5bcaf35d991	2d805768c5556f2c182345af383b05195e3737156ccb1009b59b681651306965
265	9abed7a18bbcf6ac3c2c6b8c3d89f2b2d2b3f19e26d6878de194a03c0e93e6ca	5a9f14c6d521febab2c266a000bdec9cfe898221b6bcccb8054299be9fe5cf33	d6167385a6071883af224bf7f33fbb3821f96f7682e98f50cd2da91ee0a6b29a	7dd8038bdb72ced7128a217d3d9ff2c18aeb64249d0d8e070b71b8d9ec482a9f	5e6a277edc9559b2177d113500b3db4bed54d65721c0e25919afed9207b6fadb	06847e8ae9333fe6cf27a374cd81e302f8acbb54f7f24a9c4c29de3d70af658e
266	bee48a1c3d40a2a37b410e057d56485c7160f3c8444d48a7c28f747d5e684f6c	2b73363d3b73ed676dd206e1166400ab5a6268a225ee0b6e70fa7a529f96804f	55cbefa9a6746855493af6eafc8ca2b0446108540734980ea439464470985f55	16cc88dc67e2d64adcb06af6d7d1c4c7d7821c280d657650a02b8c887b01636d	40b7fa09cba068006e4bc52b3cfc85cea54ee8955364db098f38c82fec3660bf	4511f8a25508d2d6757d7d3f147506cacd0054b657beb2d2076716f479f0deb6
267	d63ea8d3c85683d93da9599c65199f608053b3e1c534d5490a50ac733e2c0283	e92ea17e93cfc19590ad8c820de881eb4c78e7c7f7cd5060c6b5adaba577e580	e10e7a8c7940f098a054f0b1a0b88d72cccd098b754a1847e6e068482c466282	74ac91a41c9fa625b569030f3da696ff0107f8461102322c83255bf5ce9a7ffc	65bcd767ad4e538719da21b593ebcab79ac908d84a19d81e1c372a79fad4d500	e929b93e3aeb4c23f616a8afae94fbfb5533e20a5317125fb7552c807916bc0e
268	dad127fc655620f757e622097474ff3a2f55c66b9d48210a3b10ef2df20a4dc0	854448916c3ab8599e248c26e46f87fb6818d0dd10231caff838bea91c6e4005	0b81f40ae151837425c7a479d799b000bdfe86df7d79338313c203267aa4e576	f6739415b4b469039b97e2bae2b5fc06d2a6d29522248b3556ad077ce99955fc	2ceb301fe06a9558069dc0bfa8f1a8b8fccfb6b5aed521f42a9e8a0648094bf4	3657621284a98ff43ef996ba99cf3eaeba65d0d56e86696501bf6390da6d9c17
269	1229fca0becb5a02a6c0b0e94dbbb9ce426803975b78b28c560d007ee463e49d	8e6f99a7cdcc6d3346e596533cfdff6375eb7dde3e8f01efcdfd715fc2ff5079	3ef1f6a1c080824af74836102865f9e251c1f1e53c3f8f8a5ebc04945dd0564d	095d680604343ddeeb4d78024ab29407c1989c18c5bffd5d7a4e8cda996b0287	577dfcbd4d99397eb8a6bca134a1b7e61cd6eb4ca0122d88d03ac5732d7ffc3e	a7148a56c91ecab31c9ec98894eb80b1dfab638faa5285ccfbccf2b8fc28e1f0
270	c994ca3d3b6e6c7e738b55ad06658103430b00749d49272cb8b4f797fe0e80c4	e32e987b2658db5624a04959250b99ebb06c395a9092ad9f4298c5f44595aa0a	025afc750d30527333007426f687739c3ec3f3c6d7934353aa6e44faa91da215	d27a4aec812eec9ba26993289f63acbd12496d5d3e9e111be27b06d920dae067	f36143f8edddedafb917b795b9246e1b742e62c6d1ae143b74ff539e7a378d0d	047bc546417adcef7d076b9b9bb67e49e1627dc732b84a39e0c20eb07f2eae16
271	2b9494275b814742ccbd13352780b7b731715b35a170635717bfcc3e30c451c8	dfaf6a1aa92192610c7df0e464110e11387479793545643f3579587886554036	e899e70751d01f8815801237100c3a13cb080510951895f22547826320ce85ef	f9751adc2eb99e5a36d566504b9a98196ad083426c92484ce721c0d9b4f47608	5d6fed8e27a17650d812b5a6fd73ad0c08065ba6c8845309e2ec659925b6cc50	687014700404622d2d0c4e50d48b50455947649a49b7affb1c911344fdf79945
272	2b039d8098cac52af7120c7b4da151982e2b5347b72c11382ecff998affc196e	1b83307666fae78158cb3cf367d5aa81275829471f24edf819814c07cbebb34e	4b445e8d593058d64ef128e478c29e3adef7d2414256fba776f6f55e8e47aea7	b5b24bd42dc9f49cff875eac96ccc3f8b887bb505f53ccba2abbde52c34008ba	6c42483c6ac592d8cb114ba9e32c517c363dbe89de3adcbb86393fbee6314a1a	05410161bf1ad5cf76118d698b43ebfd2615c82046649b481dcaaf96def591d4
273	7f132f1dc9e4c892ac25b21910e57edcae40d36384060d134ff2cc98f471c483	f70da8320640005e04a2e86c58157e618c3edb2dc00f2181eef3aee3966fcb27	53e90e8ddbbbc475319b54f7e763b3f99c3cf34ea5638182907fd40a849988f9	5c254c8789a614365c9e407b8585ce770641a917b11648a51869537b53410358	b771acf52d1479d518813ab2f9f0ca31e062280eb6cc1059823fd3b1d8b21011	6d446de851e9b3454131197f1b1b8ffb2c39efd0cbab7aa2f4aa5cece214b8d5
274	b6c8afd5720a98559cada61eb17bb74213f6d0bf18948fe551ab50c650a98232	69dac51070f681fca35d49ebf61dc319b9b67f5395841034e02d95a92bafcba7	d85906550bb5c85f2749c853137f94ee749d6dde639cf6a34b2dad5569c5642e	f4ea50319d0d889f0160464e5ba36e51da5a12cd0515dce60f202d822a2a6157	cb4a7702aa2876266e9eac9ea920d8c2c4aef05d5df6f0702c7d220fcd232287	a703948be0c385b2bf9683ceb986399212397e4b7b3e21c1a65ebf369e298e0d
275	525384b270c719daa92af1eafeae56cbf2b6d15df39787e80a4617364915bd3a	66ac72494ef3dfd157daa2ba9026af88cc59d6a70fb9b48bda5f01320a3c3086	4f840cfb2913c9bf81aca1faeb980213b9392b60b40710176b5eb6d64bc228ab	c7101987a6a48b31fd5a16eb18aec23c679f34eb6ba4267b211c801dc58d0979	4d84ff349a92b1b58d783873f9aeefc9a579a4d3b46c15fdf1a581e083a85dd7	5a5f71cc9cebd9a197deafc54879d0befd35c7cb11d3b8c3c8466349836831ad
276	bbef009dfe2c0e707c2cb44d5109e513ed8cca1a66ad8ca7c2b47575f4e11467	a29cfad6f16f524d07652b022c5e8f016deb447bf5e75e94692d4e2a9c31d0be	ee85bf44b6511efb0c17f1d459953c777b85fd4418fff3275d4b146a17c32e5f	a5c181ab228bea0554c5723bf9881bd930acecb113464169c9d6a89212fe53de	0625523882823c372854ead2f51b8833f90a69787f13775f50ff6eaaa99d9a32	448603ee2e15778158f6c4cf6ca8a7472f301dbf31575014387367fc28db37c9
277	118ddef595362af92e3ee73a0af3ca260ac3a194bdd78f899498b3355a60d4c8	250ffb013d86f2d90dbab4e93372cba84c6dbc8861e79bda374245fd9d48ba08	b6c51b72b3b6b832d09f9fbac1c38000513a2ab76732a2db8ec6823e0fe52adc	fbae52c903a3c6638cffceb44de7af5f336ac403af89fb2ae7992f968b6e03f9	bb5024d39277bdd582aebd2aa4d1fc47356cb2a1351dcd5ca1b081112ad7ef70	88d134b00a7a0a0aefb8fcdacf0d1ca8c75a64f86d27bf2cfe349bc08d57f4a1
278	26595537fb8da92d4a4f47d2a362c9cd0ccbfae5c0e84fd3feed89e21a132c84	531ccd2ccfdf780a427994111cdecb799ad93706bfc7a49ec03e86fa17baba74	4c5fae93d788bb8365fce33f5747ac904e53a0bed7523ec7a877e30b5d3e3253	dc088a38b657a385b75e1fe32109f93b0157c78fb08b2b2ed7a71c40f64eec2a	d0a2d9e5a90962fb37a7feec151ee23cbc75c4762624feaa06f974ec02bdc574	f411ac4a5afa3a7bcc28790e0b64b7be90ea97c1939670b88c562cd13a084447
279	d49c3f7f07bd3f23373ebacecc4c44b2935213d24c0a65b95e8bf8619e9a7f65	438d33e4b0e934118c29cc1c27a0a33169afec8220266ab4b013d0e24db083dd	3a05210794741d6b8c81d0b43d76d3f063997d26044875ef562b5821b100961a	b2e2f9ac7c4ab34783f5b68639df2316bba4488ff19eab1d734826e382b17232	d86013135c1a03eec6a989b46f0b72c30f4014bdcc02806233402bd24e643e3c	0680f724dc495b5d26d914df20eb4e8d3eb3085deb273afc5519d1a35e6c73a1
280	1785ddd12455f3383d5ceb7099dac7b99844fffed2c91c7b1f7ed7bb4da78390	63fd14fa46d4370546bf0c87b7bd07e4048259b0a9675a6479f04fa2670d56f8	cbdcf435465a517974fb7038e39b7a79941f625b7a2102a0f02b28ccdb95e0d3	47304c9e5f500a422fa6fd6cd5905caa78c647bfdeab07dca71d9bd76dab2f59	844d15fc57ccbbe1fc43b181f3ea9f2e63ccbf65cdd07b68c33486d61fe18d7a	3c116cc0ae35f634fb6ab9170e61ecfa498ef58ab2deff913bd3543508add582
281	a5abb2c8bb0720185baef0b9e743b986ce53d9a46c8cbba449c26b567147988c	18765b5f79481369c504080a46752fc087f9beb4d95089c0fb2b6611ddfa23e0	e2288e3349523a0937afec1355c78438afdffa19f93902c1d06f44f42a402c29	1b99bc8d08f800cd6dab6cbd4d35cbbdc54ef038a60dc639126ec3039092a553	aeb3e1067addf37aa4a3fb3022368d7ac734ad77c118054affc1a87b0228090f	51fb6121667b583b686fbcab0f13bc12a92e03c3954222bfdc0267d98b25fe0c
282	ef7899cb7f7763beb87541e246e8d2cff14188e5d42f7695a6e240d9148f281d	23d5c49e18904f790c9755ba24e004bbaf02b435b1ef04703033513b3f155724	3b27ea64a238cd2de9a88c0e22f8a54a72f786a39b8254a0fab2e98af7348398	dbd65cbdde4c063f1c470fd9fda6b4baed19199fe939e17a84dfa76c0a140908	2400247537a791a4a15346e510181067a8f4a406c410e9fbd850578fdde0e891	1dad44e2962f11d2a6b89d55f1afc04d869cd22cb42d6e346cb624130cbcf3c3
283	efaf61f0bfdd3fe36175bf18c3c4a0bd9e6eb903ba9d5b9cc8a3367e2f5cc0cd	f057c0ad9a66df3be65a888478050f67eddb9cfaba70499196749c02993bb0b4	3721af7aade64683151c230863ca4b9e68a6932d8b3f4115330fd2e70672c9b0	16f1d49e2bc0573ed05853a3b98b5e860f833a54b1429cad43e3225f2393a410	d2a5155818f8b4f82be3b02be1e095b96adbd8148047bf38f8bbe85472c6f03d	07326ac4c806eee63125ef7d890393d07982dd55a7a2bfe090873290269002f5
284	cd028fbc3d8c107774e2bc3e0bd81d849ce99d56693df08998f31adee3d73dc2	26b0e2db49f5a10b65c27a69743b4576d7575e3e6be1cd093837b2acc70fbe01	73c40a1b914aa4f5f533cfca6e2f18cea2cb85a5b30ee344e6f518fa10b5a55e	b75b0e5df3a883c5b42a068a88986869e7e4e3a7ee1229d32408ffa9d01e4caa	066f4b291ec4747e6057d0248ad23361c52b491562847eae1292acb17d1eceb5	17ffbc76a043676867ac5dda195bc248ce8a2556875e5e4b771853726d211c48
285	1b1c96c7e58ef71b46e8e2e11a739a43c9f82553d06ce0888f074522859a0ad1	7162ae9e3bded4ed4ab4c5d017bb00738241416e20fd362de809170f3f8f4cb8	45b6cdb1ff8893d50d29e862c403e568b3454c84f7e9015b259886ded26405bf	16c81c9d49a13a216a6caada9bab8a04013add28d8d679e91b04ff363f581fbf	e224e7a5a8f071447c3f0cf9b4663219aca6143e85eabdc3da28ecdcceb5f80a	fa62d4c4b3ac7620e079f40494bc2b4ac54eefe6821838cdff9d2d9436bdafb6
286	055c644e000b757f74ae1cf479baa965207c39e3b50ea088f1ff6eaee65fd6f0	08bd8885a2cfac19411af208646068890295396dfd22ce003181b6f053de580d	d613781fb75dcd514071a5bd8b10168669878118f69dbd0285c74bebd00362fb	40027147d050d7ca6f7686b8c5a3b0826be755ef86b43a924a933c208bfb95a9	3a415a796e3079a87c8213d3bd59e68ac96d73e716e5256092e46c6f207c57d5	25c1403ba1e574edb5c11e519b06a0640e22c5aea54a9a78e3027df868015951
287	23ef9e5a2d5a2393043610ee30f5ea2778d079ad5863ee89637a4bb8fc322098	56e32a591f8065a25a2482b4c99caf1129d9946cf7db61682dd757f8616c71e7	541565925b475e52c4bbde04d4654313b436423fc4f0feff8025616cbe19c899	4b1a769a664eb908c04af280a1cf81034ef6a3ae2630413bc4799cbef752e906	e8974c04403f22d9be10814fd49bdb58b19053c67c806330732d62a4b6301edf	5f6890c2f2ae8f303f1d016536b204c42e10f5ba87933bccb635073bca27453b
288	4d223f338dbe28f15ac9a197ce767ef2b6c67247f00fec22983517e059321bde	fc897b6a5e66717bfd1ab6dad5b7800aba68017748daef2a9e2e459f633adc33	6d6ebcba5899586ae110844c55b420aea2c1db20fb4cc8622ab1744d1aa12d19	b492687d3377ea386a930bfc12fe8466e9e3eaf07d642f9540323134a3545d73	a5cd17ed0559445195eb06f8cf7de0bebc74d95763c88e693ee1c8f9924e1c62	a59b639c89d1f564d9e649e9762748b05e817ba42bd6fb3ec3d65d45a68eae31
289	7a15e195219e9ad334c6f619ab3fd6d8404c4f01ec680232aafc936794b1bbcb	f671f9b5b1a0c368db53ef8623ba916dd0715692e7887ca3d4491649a543adde	989e718815a979d7b364ff406a9e92dd6868de530349c4f717415b4d21256d4d	0a8d52a994969d22fb74f9430fda9b85a9a7b5f29008de2b88a3e84e9b624ee2	82e0165626b674668cbd18caf00821cb38daa6a40fe679156a4d93265b8184aa	098c170f1a68e7cae819332e67a7526315ad3d263b461e49fa60ab3126a9be00
290	8feb6c4889d4f067375cc1d95ab9840b16f4841cdce98092e9c8bd8ed7666801	c7c149ebf6eb3e630dcbb8e3528fb29a16b3d24effa6a924b91df0a59e5827ff	3ce89b22bd9f2f8aa0ae006642ad332ab73fafa59422cfe52e4470a5f6b4aea4	414f39fb3bf40c1f8ca4a0a0f0e9fb2565bd59a1d49f3efdb5074914a0536ab1	44fdf5460dcbab241a9c7e10669337bf361b4a14cefcbcaccb9ad1ebbd09673c	8a78be938a2255cf7fda41e1b1832121d1d5c83d38b55e512a238456472011f9
291	018875c294bd1c415c25a1afd420365dac7a14bd81d7517b2116bf3502256b43	0dcfec9d0935093af7e81ae14272ba20c6f4f4e14ac65524d3da13451f02ab16	3fca0624b1bd0d5bde899e9d6a15e9d8547419657c87d649a626de2ba1293728	ccf9a53ef1caaff1482ccd1a60bcbf018dea85070a7c5356db2cbd0f7229bbf8	48245ab6cca4fd8844def051eaac3b0727df70d0ee6b5f0433741126291775e3	d080d767c6d8d75fb7ada241f6bfef697ba2d95fed1033ab260cb57fc059c524
292	bf3f9d3ac145ef557929b11446c04dffc43db991d6ec28bf7dcb857cef3eedfe	635e355ab35be6891883c533f38f10f3c4ac75066a8885e0e430d55f1621f956	27f69129a53c27286df06daadc44e1ffc08a190de8f45d0e0538c02be1b8557c	82c56a505dd25cec14862ff37de2c36eef7be77b0d7992467dcef41bd1ee13f7	2fdfd8611f7826074732e0bc377340f89f8ef2f05e7ab6361399b76461ebbb6d	20d0bb1bd9309f1454f03d1dbda8c1f31a23c83768dc7685ebfe504cbc075e7f
293	8045d675194bf41ee08408fc10c196f4db3fe45473f5584541d1d1442e1330ed	546332c629706439914851cccd208f6a0fc0ed865e77f7e8b8df2dc1402d110f	084a8f2eb4bc32bdf48a802452d5555ee91b74ca3c04913aac85652d8b112036	07b78626956b8fccf63b45163154c8e0e3d542ee488c441dba1c4dad6678f5b0	bc7fa8dd153e98f3b4931897dc91798d09bbdd3b79320ed0d36241a26e3d30b9	bfd53b08f34c51ca2330050e71260dfd8b2cd6e8645991775dbe77b50d682b35
294	0a64de10865e9b0c87aa1fe862f226ba120c8e3e546c836112ec62d0c307e5ca	2392a27a3f90681e8d9783457d7aab54840efe4e0ca2c4ccb72ca57dde55baee	05152fe9c8ea9d531c0cb6e42e50fc490e101fcf9e517d58eb480ae682e512fe	0920b747469cdde551f83867fbb8bd12a149bd87be48496f6f2b67de33bfe90b	798d852ac30bfa226913e4693b0c5e796725c72a9f68a7bfdbfb48e554849657	93c3e3b81fed6f62112091441e15796095ff26c202837da10b10f2bc406ca4a6
295	882889c32a2190a87d904f366088d25b1cba644b7e0a8011ea85bfc1f2f422d7	96ed9e25cfb26107183dfc5ca879dc2b6b50b4b800da2f1e3de08b7b46477917	bcde6075d6e3161a73fbeed2173fe252160ce41d398d100f12784ced2a9ad2af	da9340d3614f908218ab4ba45c2d7a41f225b8fe7d884e958e031e6ff7ab9325	8cda624c61d458c1a0de038d1dcbd0f8408e41398ff87b50f30b1a3c7a9b9b92	552e305bc748e8599a915434354f4f1808374261e810572c395fc21a6b3e1731
296	b32b330583373a6a9dbe52b6dd880a75e38219b9d7351ec5708d3c53c3b8dabb	f2b326d9d4aec9e1dfee102cad390a4d4026e9702dffae9bafd851844f1c046a	c28364c51e0cb5e710321071e2f2b903e0bf0f3acf6d9dab4df284c229959ac6	682aab2b028861ecf0e00b4b33a8d4b1193440e82ee79599c921803f0778731f	0b0b7f4d3a587a15dca45e71e9c2bd185757a9afee5dc59010e0d2be2a184c29	5fdf1138477fac2a0d55ddc454a040e34ccca614286a0c807d796a8ae8ff9af7
297	1638724b78cbc52787cc1f18e9b7603c30eb955ac09ca8fc37324e14a3503168	9c9ca0f7f3fdb607cfbd084e7aabb0d42afc4dba281874e4af14d848d10fe107	351a652a2172d87405c9b62966a6b8a345b06980ab0208bebdc57875c2623d01	fdbf22a888dd2ec47d8c2586a7f59414e7a07a47588c3f98336b5cd659ba9f42	911668754b3e74448ab4068f62155f3e1380c07f0562d727ddab460a97cd88b6	fe923c1faa46792fb53aa5b20bf84b4d67acf6cb85768e908d64deca0a3976af
298	ee1144784270f72735f348e9386254bb3af460dc91dcac18eda228c770b5160f	91d4d2e8b92095da3366a4ec894c70a05c62b690ffbc188d7b2faceff1c1ffd9	09749288fed43592cfcb881c23539088c607055ccdda1a26b8400be554ecd90e	34cddb3be85446fb5679dd847aa00abf15e427b95988f0cb022ca37382c042e5	4e0bab7913bdb9a323fe6a262dc8469b91506ec4d9d4334e8419672fecc482c3	c1da9c881812a4f439a47c825b97449e596c078683538df0d2600ca470e9f811
299	e8b707ef9d97ae761daf927bb1be6863f7366bf01dec10bcc0442cdf8baff757	0d13bc107d68daf078cc65fa8389e9c0444b83f128ba85b5e2d4d4e729a39aee	50b8dfa94df67e8399b57520dcdc6353297892d84d9ab79e3ffb0a3c4e79c106	5e9dcd58d286a7a0cc1b099ba135f6c53c269f8d257d8879fed040b22dc256a5	55e69dae83a754c95d620f5132db49dde4efce0024f64e7fa20c5a869d1b105f	4ec1160c53bd8bec3a67da808a82354bf77adbc9cc60895be7313ab7603c79b0
300	2a01f6226430956a1569afcaa7adca9f0157328f11a214b392e59a70892b5053	ff6277c76744f3c82676d8b37587cdc5ce951968fb0a25b5c4c20d7e60d18f2b	1b6c71c683c16876b59a791f2d0b7d93b53737dae1ddc6593090c09785fe53e8	65f491ed03081cb21490b640f620cdac38cabce15f0edb2fccddadcee9338e58	7e048c1134ee06fbd0fc6fc0567045f26f3f2a478576c7c0dc152c308a6db2bb	36efb6438a6df9f80b1e601fbea954b0d1abe08add4049eaf5cd809ddbb93dec
301	c82891659acec0de51c347c7a20737091d8e94f6cb1aed364142c5023c5da4c5	7f174e074126d393f0979f0f12a784a3defff32979b5191d65d8d7b9bec7babd	f919daeab68a25b921b204131177c1662e35baf9e05818e1515fa690e6b2826b	6f799eaf3a5b42e9c4e51d79c817b7ca303c2155e16d6989beec8866db80ba26	204fc26a434d1b71c70e10122fec701563087b6541a13bb653e8c45c1e4569b1	a058b3b8ed76559451192955447f52dbd1971d5847f528ee9ec10c09fd209df3
302	8a51d6effff990587fa0a0455b4d38420e3ae823951dafd06418ec2e8532539e	ec92ac49e8d6ccd267a87e7e7bac2ecaf780ab93291a5452ab0d37cda2983a00	dc8e483d89ade7575edda26d2145832a89177932b4de41b5400a27a742906704	52643ef078747be35bef37a45e0e906d68e1285572a54c0ee44e32fb7c9bb6ef	b90b84071ad1c1ebacfce696e7f5e6fc5dc4d9da4d4134c852acaba05208a8bd	1b4323539ddcb775646046e5c0aa2e609018424a8187e89b0660615eb6bc4563
303	868bd5c0fbe6e2afb76dc7e277b4d1dc6fd242350f635680d5462e7c03cdcc92	7cfc9f282a332ff1cf26b2e4a158eb7327a10ef430705a8a1887fc9bbbf25fb9	3a4faf7b6168e60366aeef3203dd6946f9669f7cfa0b3cbb90bf26a7f65cd731	ad9a756b02c19d39ec1a73b4ff53d577e692f98a871161f736dbe4852e5f711f	5541877f176f4b5f11bcfaaffd429f127bd5799190565b3ee3675fb7bab6c3d8	b0f228222e30daddb4a2856ac17311a190ae2b82d26eaaac0da5ef919b84a56e
304	6d834a1502634464a7871dd20d696d9c18875cbd0ebe75a41d8b3bd27db6cc9b	6d814533582d2297e1629879a5c8f0a557a3c5598e4b5c062b1841520c2940ec	f7185dc4bbc84736fe44370d824dd70201f618abb79a629e34a257c4abd2766e	28aac1ea3aba260adafefa62a08a32a850bbead48975bd99c211c737f90a14de	0d64567f1fbab11a4395edadcb6cad0a4d9a4b6897c20938a5e04ced0db77549	b7a55f068b4bfb0d46a4f459b57f553c9c465f6437f5de85eaca44b0b592c3a5
305	bde2889742954d72bad07000f8d50ce4996b219b41685cfe55000d75ca4170e1	55b7803988015c73b5a2519ff37ffc4f8655a49f41e3e14b434d9c892f903eba	ffde36a385560de0cdc989de2b7218043dc26b523976e8f2b2a04f5ea07cdc9b	e1b01f77168c8d6cec6b52332c46617caddc85c6c5363fb6e94a79263d967956	2031b03e4510e404344837703514b6564ea000cd3d7c5cac38c700e1edca3ac5	866a5cf16a4e694294c65c81c75cb7fab2607f03007f4a0d49c6538754d0597c
306	6aa48d4377d3ab4143394c670957d300cef52670a978832b6234c034ec0b2f41	a225d189f222a1899e4d02e1ac0e9aa869a6f170f0df1ca3b7ee7cf94da7e8c6	78bb0b253f552aa61e3a379c7b615f73ce5d2b466ad7e0fcc336a627bca65d4e	50eb51e83fa84cf48e1536c569d52b9586b603eff7f140d9e5ed7c83f8e20dff	d36313e056d4e5665e409f840b2d84152caf5ed94b2baafe8263b8822ba3a0ef	409a7f0bb5ad086bf1da30567cc9ac55de55ceb1d05f67b3380ca3b581e49576
307	1d5134bfb2a6da496b06113eaef8b41d87b0267f301bcfc93b09a542acc7ddcc	61fb823451d9aca486035da1a6411926eaca83f6f3307dec708c5d09c02afad5	c6aadf0f3fa1ad29039f553c0662dec1b9e5ab1e352351e8357a45671ffbf9d0	6e6c0e4a8e3f48397623725eaf5b6b10eb0bb9752dc4371c241f06e579342b3b	167e03631b35369287c0719ff173cd291000e8d05e47e5dc6b2562a1d4ff3389	63961b40bff7b53654ab58d9c9c326d2195df40c525a17d6454cd1e4c123c6f9
308	479985883f2e303eb4d9646f57c7618d019b09da6dccfbb8f437777bba0ef028	7f6576e1aff40d006e3e1dd3273b8d269d447fba3b212b3975568820efb5d9b1	ff6cdd661de7799e6996cc9b6d424bb309a77a45b553ffa646732e567c790271	85d6074a64faf7e1057dbf938c8bb237075d9ee9614018e9b5aa53c68c99f4c6	2c9dabcc5cb19f7f7b12f1b5ea6a7a4bb4e6b92b5b53d0c1d2355768b9325d21	158284db9ef67c0963ce87c05cbe77695fcb4bea8147e5819a9fc9b5900f9ac7
309	47df3910eed0b06678171a06e499194a439f540dc96feeb9a3d8be7f2216bd23	272b79a2aa95af636b610ddb9d383a2fa5cb96a4be62705ba82b567611504269	df6c3b6c1dda8130985b51d345dd5ac25a61131225f3bf30ee65fd3bb587a55d	f2dd71f887a855d4f52bbfbaaf274b69138ea87f3860f42996aa6256b01b286c	bfb3e8b45e8029f2c5e3274c4d3e2aea9d346504e3357b6f6557804d008f6b2c	c1747b6efe3dd0068f12cd9d84386616eff26fbdcb6fe7381251b2ea0a9b487f
310	152464707cd5aaad763d0909ccc0912ce0752d3beaed05901ccdef7125b1f408	ca329e8fac7558bbded59e35fd4633ef70a8c5945c49681a96523a6a46a6197b	d6794ce524578318a4f1f72d41dcbea6d43bf93b7b8aa0b7f0c0c545fd8d8fd7	e813f798203c5853ff1f520893d7683ca059c06f542876430bf1aa366d29101a	bbe6d97e25845087af2552e92f356babb593515bafc1174a6b5f16484d4647f9	2ab184ca206a6fecfffe275bd61e9266e24da2cdf387258e34040d94307989dd
311	f54e42e7a4e40245c009354af1adfe5ab04e11e8693f8c7f8e51be2d862b2d35	dde8ef56f0e34fc4b92897fcbeae359b8c0baede49d16958fd32cb32dff1567d	82bd3bc79137ac1195ce49c7a1c13e2a343fc440fbbefb946004e5f113626130	4510fe639b0a16cddc81a1e1b357a7c823c7b7dfa0d8167b356b4bf810f41498	a46033bc3891b9dd61ea2d1f79cd127d2930756adb795258102289ab8891df6e	048e3de42eb1ef8b1611b9d430585d577f64b0b9629138d691623c65e99f5f49
312	eb2edf0cebac1eb0730d57910cc6e88292dc8be36b14676104a822b789deefac	4f82035a1cd59955cfc4fb2d5d1187d1fad432a9b095d4132a81880f4b7c6732	9f807a1cadff4defa8848caa1aecdc9f7265e37e5e0b5a9f1bb76ce5563ca34c	e1e24fad0dbc50aac7622c14bb7341e5f17b4adc726cc79ad91b8ed9b4081c8c	c54f761d5a60a3717287726b23ba231102c8008e617b450b5b9e4e7985f86000	acc626d17783dcff2af9ae8895aa73a9c365560e4581571078d22aea5dc56345
313	22b96e181c28257b2506ec413127f47bcf3ba49cc263f9c7d83058c926b4ee10	043eb5ba0640688484e7ce2e877fd0af824c667e623e2cefcd86cef55b4524fd	430109a35b975462ad23ae1c5e7e41a7f5403a7c4575ce588f948c35c6e351fe	23dec97c6b44be68cfbe6e3d4bb3c4018509055e1a76a9ecef84d0d89fc753c3	bf534b71a2c0d62ae394fb0a26fe3840f0fd852d012189c96a4d723109f3d3dd	bcfe003aa37815ea6dcdbfbdfd3c22a2c5b712824a14067f120ab8674056d1c6
314	57279d02318a252f6e0960b46c6d70de1ba29513f0e015b083eb6bcdd38490c5	e5e4b3b631b7704285e19b87c23e9b421637f668e5c0b8fcea99bd317ac879de	88d18eb0243e30078056bd57cac878c5e4b744dddc4188210168a13f7c02975b	cffdf9f81b6a4fd8064d2d9d9c67c5c7960f646dc66be39574ad6d39a4ef9431	457227ccf1a70e80ef368886a04e95a96d68f9e9dce5b9377b91de8bafddae36	b1be815da7f4a782fd66a61ad0055a7c39ae4c7193b597690b1c1f50235b41aa
315	840221c333c0e316ea336092684252947b250948756b48f382c3652bde342efb	66a582a0bfb5d9f5c7b2bcc493dc1bfdc3133fdd29d6f05b71aa8dd40286a66d	ab617f30774b5bc746efc86f701bd3f118ddb367c35e490e414abfbeaf59c555	4ec197eff1d422321bc28da1579a18f0cb8394b662a26f24d216e960876d8e44	07bed2960123457da267aaaaae1452d317a39af10436a3162512a762273f805a	fe49088cefb5d7c92154d569f3bc67d425f7520228aa6047f7f685689f9a3066
316	f0f4bb80b4af16b75bc151bda2248bd47a1479f3e42a41048a293ce766897c38	0d7e3a8aa761e0ad05719ee6fbe161a89a44eb2a8b061fcbd66e8243a6a93389	341edb693a892946e71772826f5dab3f259e6a8361153172869a35c0111c45a7	646f9d6ca83c845ae2639eb8c3985b6100d7f14f77aba1edec305cb9efd063b1	c232f7e6ee67f816f814c5915044c05013cfcc352aadaee2fe10b7aeb6cb9445	01911ba0e432f5c5e03e525aa53fb3475d2b3df2d0a6b00381fa4cb604d43630
317	0fe5d6486c4264c1a1cfbc0030b6828c9a3aaed672a1e9f229a633ab9dae213b	966c26a4d622990f934c0d14888d3620c7ecfcb51e897fdd9683c2e6f92088d2	5bc2c1dd4e3076acec0e78a6dc2d195adf9a00568a75ce1db238159a8fc21ec3	14b39dd35dee0e3b73b2cabb179ad60347b3d860d1767c1a558a3a247990f9ce	7b65d876017eaa6c3eb5fa08224494f340266ee0ca25bd70a68dab354501065f	42ac925e1dcc7863a6debf97054c457877b7ce10e80c9683d2f9ff1cffdc5365
318	8c90b6b8d440930a4faf90642568fd54daa5325f0b3f9846163bdb936c250034	ecc54166c32dfe860d6cf503944376770737d9d528d7a60c948f70e52a93f423	6f7944c724aca4739d2df4e774a98c939e658f20b8fa619242a16f93e6c1f9bb	ddb6f7caae4bd0e1f8d01ef679936d174b720e02a078c430654fece407800e32	01c737c595af53d6b9579a0d5bee194394485f4ab2e429a4b384dba93e6860c8	f00c6834a43a8ddcf650995c6ff584ff23ad2365f4b082293c3cfe6acc7354a0
319	bf63b119b2923746c49dca84a73b4bba34ee4d3b57ad9616fa75c729ed5acb76	25ba176842544743de7a8ca4669978be5b68f0fc16e3a61ef0bff3e6b95034ff	75a1b0d8e365d52c4fd03398dbb6137b4c9975f029f7d62b5cff7229400e3229	d9ad6a3d1f89301fb296c377bbc71f76dd5301fdaad23d2040ddbdcdcd9c53ac	586358fbaab827263a62519581eaae6331e0d7051004398239fbb99ea0b56605	838db8a542f4ec51b229ddaf9ab667c3ab880f0940b17aaa804c15860f2939b9
320	2e0f947ca95a83110fdb492f3abc6b16f2644cdc407856796cb7f8c7ebf5b44b	04fb67f86eac1c9ddf05fadce387674ed6cd14b77af55df027d38fbcf0388112	fe8ac4d7afe47f8c7942add8a352182db8804e7141a0c69adbd4c18352f0cfd2	c2b791d2a10622b592e80439be5b038616ab6e98e2a38c8c7cfc8eef637dc457	b9f2ec00e98d67db2d503b20bf24b3b8442d671db505f8fd04ae23bab62f5277	c60e2187ac4e12f23caaeb051d5aa79f3087b719e6bb09a8702acaf70c0e34ef
321	f72177d9f33e014874827280bd8d16d33df33bdb86a1d655e5c32608df0bf164	082f43a488ff5087b31eb8e7624b7180fd8a6cfc43c99f801c9991c4e323ec30	8aebf6a9327623fade21b9868fc8452ea7f70a1bd7ec6b971c2206f097ec6b4e	f2425c942163335be11fbb4b053c93a4c37fd55d6f5387926e0d015735d98bed	fcce88eafc09fb79da179842781b786f88680d890967e8c30738fe7813ed1935	dfabc6bded26bafbb9758238c23df6dc145a5bd40b1020eeff7a70ae9c844665
322	3afbd0b790be51414c730375da9dc2ac0aef33ddc7752a576436fbd556a2a8bd	273b11ab8b92b8e93daa73110537380cd1e9d7217744cb39edb20110ec5d93bc	79fef1ffa3a6dcf996d8506c3e8443ae1008ebd9ab74acdd64fc7ee3e32ce83b	1f3a1c23e4a662fe06ec19c49af0d4528b897359ad2a32223c2f9123dba74c2a	3d3d4c8ce37478d9031a7cf32466fc76489bb7f8124a9bd561dab0ea2f7a5c63	f89518e9fbcb030044742bd21da77f6b1ccd6435b1a8c26b17ea5e0401b20f27
323	51fa86ffb84639af730c531c5b51cb827c5c9708164207ba77cd1027eb7deba6	79d01a1af9e88eb7dde4c87fe842b166cea5aad80e8591786323e224918e94f1	107c6588962a55cef78ebe533e4e121c0f7a960990f067c1b4a98efd1280f400	20d4aa017b7b6c7c2c6cd86a7234383dbbd3d5be134cbf5a5659d1b3d3bec880	e4668c89e13da1d83a8e754a88fb533b63b879a2fac7b8a9273f6f6d4bcfa151	bfc2a52972e7541a4bcb3fee2f94a76c4151bb9f4574ec885e6580f19d74f695
324	58f2b74e1eae1ffd77c16603872447c57f4a0348d50a014df6ecc90c7ba5062d	3e59612d2c2c6d24c672b6801c452926d97e5112ba0479ed50e1f6e919417466	e57546d7821aab81b71b70e52182838413f9c8899d86505607ab6c2cbb2e75da	f5e22efbfb336cd4e3b8a7a596b7125a8a30a39750f65ebd856b4efc6360bdd2	6ce020218e5e37b27a4132ec265eff361f47d3a31fbee6b29bd88255123b922c	b75bee584d7c4179ad9623c7aa88d80acfcfdaec0a36108bb20b8a50120b5f21
325	d1cb11d9f144e46e117d5fa1b903803a6c2556549138906861546be35a667826	13b02466994115dd8243cb0f880a7fa86ea4caa2a69fd11d1932a4d39d949811	f923dff69deae22fc857f9f8674d3967b39840194db5a8a0538a249aa9eed3d4	25c1d1b0ff93e96837087348a80216bbd8953a9803fbe53a58f1b1697c346da6	fea7a585b045c49427034cbb98ce01c0ec4116ec4c6870acbb93d3ee34b21c08	d714306a8e350e2aec75f79ca94d50151a73b5ca5af48ab77b71e805d7afbec1
326	fed8f23a61d4025299a387bdeca74a9e6db2cd0d0cfaac2d57a164f1aa5072d0	965a6ba483780e5d54f5a3b60d32d17af18f34b6287f73f0930c3021773f817e	60a04f482f39449bbd5b520aef255f0444d06a3c9b6ff69e808dc07d198979fc	f9f7387e381010b0d16e46613c0072c936218114af4dc1b01e8084943b6e0ecc	d7136e4950797cf96efc0e69182a39ca0cdc5c0bea0534873c7bfd4fa568407b	3bd1b32ee37a5bbc5c988eb662540fb1e583a988774ee49fa57213fd88358808
327	b7f7c39c020f6bc7f7bcdc935b1c5e28724b0f8d0569cdbec3f7c0cc7b1032a0	b9997dca9afb12244e30dc4a5d82ffba83b005001e0b783874894dbbbeac2b15	02ee11fc5c96c5794bee2a2a69f024f9b45d0dbbcec6a1a42a5dea51be8edd7d	55c7a9b12e62b3e3a4542489b749e59d48017217eea7b15e7d9ad6d9d71c70ff	649438a2754e45e07841c3f080e26fa9b57f3ba60d2c9ad46bc436e58c31d85b	731c66694a2473a0888eedd06c3df5a035ec1ab39107cddd13089a8c98ba5f8a
328	5ad0e1cad76799528798dc3c1db8702463475a73bf2fce7393f2feacb27529ec	4c07cef74eaae5b48c2d9713ad4569d98dcd6cf81f0961689e5a4528c8ceb333	18e103f1824a226219c7f2ffed40e70cad0be29dfde03ef5567145d25ba58342	bb113f0ff3b706f195182fc1b57dc7b8097681fe5eafeea741238cf405191543	3b120603e37bd3d9438ae055a17cfca30292b558f482fadc3997ca18ac8b950a	8ffc0ff9c5fe81158f26ea0e64b8d7ffde255d686f6393cc627482464910fc48
329	4503386ff474edcf8faf06f8632693bb8b05062fb0454e9efead807a395fba31	d7793ead0dadec9c89af364eb3a75d1f3b144d4ee0d8c31ff97c2cf5ee7b7348	8be45dfc08f8fe936bdd400ba29f30f04bd62ace117b0bdffb0764db3d7342ea	d0064641e719c9d8d3d2c9621e7d1a2ec6bea3166fba4c7c3df6159476ac1c7c	01d5a6c5caa25f6f7a5eb194af507a4cce70ddc7eeaa9d3bff7d61201907456f	734c30d4c60120b328d0ff17f0d3df3d61fda05839ecc36b6ac5aefa743b4424
330	0f7a5f52df5f9eda795b227cc48b2b61e9e0315deb978ec76205c56bf5ca9132	7753fb4b937823039967ef99dd1b74c02ce58f366b0d129e6e352478c619a604	e2001df1586f8cacf19947cc3d3421ff91ea0a1b24eb71db9e3f59dc93b21279	494ebab633c6f56d61f651cab95942df71543f224aa9ea8807d1e37b32b056b3	a598dc49bc9943ae7e7bc691370e8a1e913d6095db9bfbd2f24434988a5e0fc3	353774d9599ca92878707c98337db6544089463dc4c02ed078cbe011a580ec89
331	a18d21e68c0670dbe4aa40e9cdb7bf6117bdf77721876fe62139460812e182ef	87a2770afa74adb2ff94357e7fa8d3417166f308364ab104c67b4d2fc6312a69	b164e8048b188fbe3468116589013810f6fd522e0e61132858fa692479cdedeb	eab4bfb92d4bf0295c3d7dea74a7ffbc3cd8a5aa0d960dd09a4bd224f96d11a1	a9d3064c2502e21302d2f12e5b8e46c637c102114ab8cad8e08760be7287e554	a8db6e287b82b3082761a6b2953a6fec38045507ff86ce4e929fd7a6b2c34c63
332	0bf0488df3e664560c83049ad48ae702683f7fe38f9e10d8749f108eaf969000	3300eb1ce08e211fcd4073fba604633bbae22f4deaa01cc684694d6e6092f419	89abce2599e5d50fe901e5c6175b30e9acf3b5a79a9bfb05e345ee2633ea44ff	30ac1f811d2fdf4df5b21f492f3fcaa8199b3022725d8148d714c6f074183bcb	0d019585bb70f6b10bdf2008f8548271827edd323e6dc88d07caf23de71b0697	f764bb8414bc795836fc8da57438ab9c97a6d36ab230bb072ef45b1489ead3b3
333	31740bb46f4d15d796dfdebca2a2fcbdfa4303f537bf10da2a99982a048bebca	8b88eb5c87827c03c190607d938b74a9b6ac785a60f54d877d6165305849dd4a	7f4f67ec697be9e83db558e1a7ab339929f5ee3d36d3035261c3aba2db102163	476ad30320db5cf331daf986bf4d953ea436e98a21a719eb3760f30772ae516e	4f0e63ca92e19dfa318d17a6bc18005484632d7ba0c3f6f47fda07e6eeb9ff3a	81e154c8e03e050b74b3633074ec77cb9e223a5094e57a6b9947e76db05363ef
334	95c65c138e750364319e40806e0b0c4eaba603009b6e236a90ca6b38143251f4	8629907c0969265148f5d3604f7e8f25a083ffa775c728f20905a6032e08f924	41247b0ddb002017387418552f7e8425067a30fb280bbaf166477c24dee1a9bc	8a1b8ac8a46e2c4f3c3dab78a81bb341a0ee5457e4abd5667f4e7dc4575b20cf	3da28ecfe6e156328b598ca6b68ea22f77140f29e42334f3b2713c401ceb19a3	806cc2ef38835dc686c96c8bbb334e38301e02dae0b211a5de2b111ce39a8fec
335	6c7398b56975f0906e43b20d8caf4247475fba0ebe4a9dc81751fdb7466ab18c	d2594254dbbf1f281512bb1f927da3ff2a1a36e6c28e35209928bdef7307e5d3	2b0d7158f5f847c87fac3777d3cc09f51fd732e1bef8e0686bb226e1a964da2f	fc75554e5e8ef06b0e3bfb33f722bf087b0d021988aa0ece75a01794dfe624b7	249d59e409cfa3816867e41f7f4da99b69c16cf165b822f52e4322472803a3ee	4bafb04db3aa7e6c9544169cd67c7c4a7f6fcb253235a76a4b27db2dd1230cf3
336	2522d19b5730b7d3f670782e14b1dd1bcf11914ec3a1e2a5397b016277cae9d0	b9686b9264e0551b023c46817a7daaeda90cc16b97cc224c9a6d6806eb435dda	99eba73c7733955dbfb2866eb3fe6290dc57b3492369e5bc58bb75d3fb9a6061	69b61e58cafebb00b2124619d4301e039d7704ddfb580e7c975a8bc45c3b1b5d	dd76ecfaa61e7eff992899065431b84df07c1baaf73f90d48c861564c6d385c6	223fd24f3c5f9982008d5d928aab1e0ba76d71dd5137bcacd83e0dfe64b066d4
337	6ddd8108a4e64f57832144658e6cf86c2b5d3911f3a79d59a4f4118687969696	99726f141e9dd5f0db21d9e60c128f2641a2c4f38b3abbbdb9d93449c0effdf6	d395310a389f838204ce33c72021dc09fba203d722534685c0a4def559182f83	6f1b2b248bfe9c6a005c95feecf17c15d2b08572ce6bf216227300379e243f3c	fbde357fe84f3753d41fbc72bf2dd2f6e599bcd6ead62515b5a680050c3d5a26	ffd68bb72fdc937b434322751d41979a0e93057a98db997d139089494e266545
338	6b10ce46e06a1062eeeb71365b0b2246492491cb4efadf91b2526bb9a41fc380	5b46d86a8c9f5df2fa14a6fcd5b4d9d1a3dba2f8b949f48ef6fa993732ff5386	ac30d46f8e819a0d56ee783b56c450594b91017180784fc66405ccdface9702d	c9a246bf6ee821579f5eedbf683a82afd6eb33bad117e9a0cfadcf99d7602fa9	32ed726848b3c500876d2b994a81de4cab89a069333300b35886e1ee88526612	4f8abd045a12bc2bfc07a82fab3d4bc24b7948c6e2135ae2fbe82051f6d45091
339	75c979c7247fb918be7fcb2dd3bdc20bf4c528ba1922c63d2899f7dd30ed40ce	9e6126dadd960ec6c760085d661207c3df3fada436eb8fe1a771689e5b7e2c57	c74041bac29d41795807af014940415def1739eaee2f2207eeadfc80ecbf89db	4772c8d1ef0c3fd3368b13b965daf52aa893bb0012852690d2b287bfc15bc453	9bf36d308191897ea4790d0aac444c1e156de7fc3c7729ee679ad5caaf26a8c6	b12876c1f536bbe40148dd83dbba2e04a8b3c469b864b70943c9180339357ed4
340	e554aecd3d375223f9fd896d09f94da72d34d05dd3b891e3b9fbdecb86a5a550	f03571b7f9fc9165fbbca9dd4b397df0b06976e7511a518d0169495a7f9e9589	923e0a51e796e09f79f619abdc2b3d0707ae871d49e620ab730459b8ea0f5135	ffc770efb23f948d7d53ade989fc72b0e0471746249deab4dece0c7563ab2493	8589134b0db61b83827e9610616d3d4907a12958a8e3ff1dc6128254297ade89	e9f56b709bc5c3b98c388e1b21d9f9aeedd7806b12d41253c4f8568727b9325f
341	43284b73ddff7d0f6f510948317344e5e82d09a062b0a18dba58d0f7c756dd32	223d833865ec272ed1a33814fc689d5b98ef663f32b1b46e630dcade49ca8286	c4662c1fb08c7ad85e62587ba2ef503703bc6b1b2934bdbd8d72ce5570724104	d6ffc26dcb2362e245c144b2c2e8688d86b2eb0776764aa0c6e75e51605e9ee3	2b74fded3875406e5458e83c115f7b7124e7cfce0e8587a3fb23255377bf8b2d	49c66d6e7e4bf263b70f2a835754f7af7e4a3bf242012d97e9178f873cb4a5f2
342	ba61110a270f9af6bd7e035026582c3522ea30bd7363753305dc16ccde0f11c1	8857d30c6b8da6c2b16d6c933e7916a4c40e29e7a17e5ed91065cc6b706f8f1d	29b3803c63c63d9bf7333eb9f3f07918d0e3b71bef29d105d3b2b15744f9b18c	48c7e49df8a62a305353d439fbfe65e5159d5ab9d23ba85c3e2d683e515c6998	e1ffd60e546bc38a6908d7fc3ff89bf1b67c99d75e590a077dd6bae2da5ba39d	3f89329e892c161832ae7a4d3dc4d54d729c942da6c2cc55221ac67234793b06
343	ddfbd6948824d1f5357ebb310384900670d03f00d6228ac180ab156a8818e045	74872d580c27d1fb0bd3eacc2b44e78f17575baa822cebebb53e38142e230515	b4a95a5a1de10225d6dbd56682e06a0d2f1b3b009f6aceff08a71164d89fc940	89ec195f138c6d4054fee125a939e0b8f10db50d94b0a7d7888ec56ac446283b	4cbe9b82a2364cb99bf1e71f710c93e726bbed1db3a14e55fef576d42a8c29c8	17db3af2bec13ccaea4a149d2728a7d72fc2a18d8a86fc0cf42d6bfefec13775
344	51a9e9db2315b002165b8d7d4eca2aecf36bf8108ac15cb3566c604c828ca93a	21f790ec91a3c406b16138bded6bc9d750c59803e285e922f5bbb72d3ff1d497	c7b600bed170c16d56f60ad9a4fc550113c091da23280705147547b2cba7b308	0a699cc8cd4098ed82700359af7dc7ce5b1ee3b95e2347bff2a4e4eeb0e74403	71244cba305dd16256ebff6b18acdcba87ec992171ec02ef92ffc15022424fe3	fd9174b1eb59bf411c188e76008cb4c76f0e05db7cde3ab5f4e6be73a6b2e844
345	3e28255fd697c801c83fbdf1bc951e9586eecccd0653893898faa68c8a1a526d	a51f67ec402ea1bfeaf0a0252546986d8af0ba5a27aaa16e63de6f91f28c20a9	ce97d6b5eb628d35e471c34d2f3cc139977fb566fea45c7f4a36416f807b93e6	5a80b517e667bcc43eab6a52038602566bb30d0f2116955770ed2e282776c1c7	5289d17d59909226b7bd09065ab16645e5d4c85ffc688576b0e429b04189ba5a	fbeb4747c8f37142e32f718784a64b83762fe620fb52e02e8f7a8d78af94279c
346	b49e1adbb5f961417bed922cac43c684bb0499ddffcb4130432cf322eadf3689	d7243995302cb3d9d8f4e5fdbc4c33bd48213639696beb70c429652ac79f4e93	5b75acdd4c38c16e19d7283cf67a1e8e8b26e68e73f77fe42afceea2b335c74c	1591b28c231b3d8359de5455bbb4d953d7ad81b9035a8c6622a106fb2927a79d	f21b9835fff1fc232f684dcd7d0febc0d3e365ad873551f3686e723ca79fb979	9197bb4ea42c0f8472930e159ffadee06bd2b67448f0de2c131f9e6ba5ae5204
347	bf25a33d5941522d0cb53b5c5361fbe7c4aa6334adb68a01f14aefa5ebc4c48b	ccf62603fb4eb74229187b9979e178c2a269b88d9c4cf01edd648e600ccc6054	8cb4568e60401c8b11508801bc068de51ae735ce578ad946efb96a67e1bc00c3	55b52e832d46e986319d06b76375d27c08d453af1aadbcd884600e244072ee4a	715e2670372a12d39052ac658e5a651f2c3e6dd2eb3f46cbecf42d168444d9ad	465376bfd1b0972a627835a836428f108ebea6195f108062f1b79266b7d9d5f5
348	eaf97d1e2e387da11aa5bb1e8b9435facab1728588f274070eb0f09e195811ef	e6f4e2499161a1d291f724b585dfd8725b8c2db416098baf45613c1ae7153686	abb85210f6de7419465050fc5cc4e2acb3723236e3d7653a760e85b87dff9e96	80aa9375243b218726b737fe2b4d7430ad2d932af3b150e3cca69b38891c3e4e	98c5c6b84dce847e383af302e08cee6216920fbf7f59e763045322b068d6dbfa	0413bcb4823976e3e4571d5b88e328185e60697c1be71d490df8b491efc480b9
349	0c0fadc5be8b2edcc7935717bd6bb1ccdf576a15a7dc0141f512bbb6d67863f8	e9df418c7e065cceae1811e77e26d05b7c8b1595449122d40a10bc0d9ad17fdb	b32e41934ac5cf383cd807c0f3100d50b2bc13e20d406e9d81cf3514a3c9ebdc	1b136d64ce27ae5da5448bef71cfd798a78d9176b3fe969fc9291f20359df56a	a14f8ed63cd00aba84cf8c1ace9ccee3aeb9bfad668481bc4866a6e220007982	b0247bd7abf2640f3cc78bfef113755d1dd1532dbd1ecebc4a7bd293754678c0
350	3973ba9af252d7acfc5d2cdca3df700c5a60276e99a6bebd583c08a0a3170c93	693964ef8459e3c99c920da6d4f5a63ca3e99ff3b2f69ecda48204846c2a9906	ca03845e13015ecd85ebc8a614aff6f7a01d16b8cba56973648eff35d50344e4	ffe91b297841916fd00dfd4c5cee288811df50bc8ac17548398e9d10707688a9	58949c67732cc06530f11b71b345cf3728cbe2afddc01eecbcc1deb217c327e3	d5612afd0689fa8deeb2662908d0be8f780ecf63f1df9baf1b7ce817328c9e6e
351	b8de3ef7edc855fb533d75c1d81afcaed29eef6e0363e83f5f881518f2cad7ae	379719f0b2dfdcd27b8854916f437474f871cecda787e9e2f7af8b3d5e802b30	47e20aba401c1e426547fba50493af5bd90b1e1b37fee9631efea56e7cba6e44	1232fb0f3f1cd6aa79bfe5182de9521a38f1de5ec599cbcbaeca5107004c362a	6bc15f6de979b7a567a4923acae68268398fd3196e0eda3900b1672519b542ec	f8afbe202057b8b8605328e1265d637452d83378868188d71e1a5ee79e0b3cb6
352	e28a2114eeb625acd658d1181c9db73dab55bd3a068c6f5599b5210c3858d8de	dc2b4e72cee280dffd7eea091152b5e5ce3ca1072b912d5200cb9500e14a37eb	12bf69fb695dec2b95e214a8b0272ae3cf935e485c3ed0504b6cd5036a02ec53	6884a98d0f0e91b86ed4883ec7512d34c8da2591c36ef6d791b0e231ad37bcb8	d317663fea498c9b810a25e46f7b0aa1b7df3852d5e0eb42d88c46700dd6cd5a	8084694f6a0dd6894e0c0198043482049a6bee45747314aa0f5035578321f0b5
353	761d9dc86ea01bf88515d3908e817b3e86c05b18af74a3113eaacba7171abc83	fcdb52e0a530f1578b42ed45164f79a0d6b72c53d21d12d5d1831356750f1085	6ea821fe5a26207504718de12385231dfa88e30f50eb058b4a2ec746dc02f4ab	1af2398362ccb70ddcd6e0f531a9c1eae8d545764dba3a56ac2288bdca30e3de	af80670e17e443a3e390af0b4069bc968563a621176facb8c7f5c5bc606fb106	4136f0aa7baad994d081ddc3928e9cff884d74506431be4b989845977549e067
354	47c694a48cc40300a9c5b8daa1c21a05d6b630df0f617bd5b336609006e6ad43	29d6dca7d477e8ac47657d7b3013cc7df84822844b6b33db05f905ea4d006886	924212d53ae3fc5fefa3488710edca73d4c6b2719373225afa99c2c0ed07f940	f82a77026213abba6c4f1033ef78e23d30af754c6621f9b0bf3503b67a1e0f16	b9a87b6f62f7b44e9834cdcfeaab4efe6c868a79400242ec6067932d5430b3f1	53b183a87429ca3ae347cf97e9ba062e825aedc77e988be39ea487df02e96a43
355	6c361ee0d6d6b5c0ce8c9824d9cdb2c3af338e1c71a7cf71c5900e969708c732	8ec560329e70c8029851776c0ae256c35b08d135382d17117d00356366917a50	07faaf3ddea01c5b2a11a92109ad4881ebfbf8e7dce00a84f634928f179fb80c	cd2db200b4e3cf946abaa3fe3e4ee89155686c04288a7cc41057d211ce417e10	b1ac830af58214e8bda537ffa19bba0e42f8743baab2e9580fbd3a0073bd6a7d	e8ff6b5c3ad3bf4ee5256b1fb0c05870006f5c6aa247e34668ccb6e2e3dec619
356	4aa49213b41a6cedfb06b780eceb0bc339b4e1932c2c2ded5364bc4f5b78f4a1	7a000862b83e7353c9f2b6344a2a3ddea8987173ce7c871fbf39baef041991cd	349f195e89b9ed98627f7dfa3bdcf569de0794dadfa6b852ff6773ad649852ae	5d4394adc7a85378acf947d7a6c60efc37ec46e6c6cf5be3b8d05200d8abb256	c1ce81189ebc5ca5e5a3c8ae5cb9939bd2187aac8dc0190bd90fd282095f96bf	17b8964dc3110131bd9f30b4472620a99ffd75142b858ab0943d86117b2701ba
357	0028144fe57b4e2a8c8b1e5ca4a44f83c27b31938acee7f46bc8ffee5b115525	116a59eae163d2fd45b6229c191fca3ca4aeb6bc626f93128e08980d99a2e684	adcf1fb10bd9f5736b99ca9143cbd5aa111d0844ca26ce0b274ef457da8f9900	071cd8f0b5f5679b49c3201a1c356e35a2344e00ff5d91edc6d243e3d16b31ad	f01ca880d464eb3bf659bb98c3f9e8926f7fe4abcc27b4fa7f43849f3a3941b5	08c89f37ab845deec6ae7e74511301b1426a1ceba27661ad9076ac050c3eacfd
358	d146822e24a3dd01ae73d75cff0abc34e28094e1375f795b55d5a895e615c742	babbc839b6472dff5906968232811c8cc2b39e017ed8ccc255270a727c13bbb7	bb5a17e740f0ac69e1a81697c50b625515b079adb04193f1171b44e73e93990d	72fcb6cca1378212a60bb61973dbe7a1716fdcc0281c8a331aae7751ecf233a6	85e059a72123821a4dfbfb7a2b5cd15e51df25d19acef80d703805338b7e22b5	99cceb8205ed47ab480d23888a54c8435b25f4784db71a5fc740dfb5b17f3b85
359	b183f9bcd51b8368acbef2c26bc51238f0c6fbe2bf04491e911c7c0f08c0be36	691399ad6d6675d7e5b22ae08e4c69627593476cb6a6c23143ed06cb832bf82c	f79f593c891ac1214b8a15532111e42906f304d941cdecf1e2295adc35c6617a	ee405dccdde243ba0c32f5242a17b27d569076e89075bee616f42e71cbc8139f	28775d5d64dbc5aedcd38c485dc08dc9a143e96bb1f99415f6ebf6bb71afd23d	2411163a078ffcba801794c97ad3b4e3c853e2a9dcd73a748c4b0f89a58decc9
360	35016969e03e6d4a37bbed105858827b2fa6b4b96eeee9bf4b5090e6f3718300	8e5df12d28d45c1815e18c5ed26c340af264893f2c8ed49fcba36f5ef15c7c6e	e59f1dfb91ccd631edf1cb9403fc1d059e055a7e467aee65dc81ff0502cabb0f	0812e06924d97478f011657b6d08b35e85dcf7b99bbe22b3a3c94efa64c3b7b8	9f398551a4b7e892fb45dac28bfa68e8cab277bc6f8771fb43ca50a6ae10bc0f	d6f48d78e8dc484e2c5081f1fdae58f95e7a0dc1e81a1a2209ee070dbf3a61ec
361	d97a4e11d969527cb6e0c9f52d54c4fab118ae32d558217efd0b0aa6e503963e	3f8d673a705f33dc39cd38102f91935d37b683db5919c87e589c57b6c420a285	aacde31812c48b22d054e34d1250a6c069b6725a6400e90cc0bc5a6e3562d3d6	4929fd98c0b70523e4883067190f806774c620ef936844a08fcd574678c6c3a1	053ce58fab616b845fa499e334cc47f9b166d7d5108fa7bcbceca60bdda13f4f	875a6d413eaaaa62627d0e1b2ec569c58aeb25a53d5e2cfe5d9e8a7f76d5b52a
362	7d912887b1b2197f45b17a5dce7089c4b2d55a46f5fbc6484f032c4d77a211e0	356904ea971ad53780014d0a03911a877fd7e61d0310ae51736d9eb5e1f1f8b7	18b22ddb5257a78aa12c64e872b5fe27dc9dc90678d04e59a8fb8498518eccfa	bd85c5a170f7bef629e3a4fe11e5ff7e2b7726ab7a1feedf5584f4bb190e3960	f07f0be88c1501835959147fd3270b3e5498d53cade166b13511ccbf74d122e6	be26795c0a0f422934d3e37c42feb8515264716fdbd739452a31773900abc8ad
363	14882649c43b88d530e25101465f5453483af6a314fa9e68d76bee631d5292c4	9a22406063442d66accad40ee5c333cf8217dd1ceba5c7ee758bf75f02f393d7	2d56f6e97c21af87da7faf70e93eb5c35d0d277e447352125b61b28a58d9763d	6f41068d457e9356a1a94bd9876b97d57f0d551a9211d89fd05d3d85e61844cc	c8a47172a7730f544d226a464dd0cd5acb0032989c3aa6f0834ec08f029ee401	786633c0a3c82782cce3ae85b2c14345fd9512b1ea5a5fc2bf49ec2db00c0f55
364	f6886596748590656d07260d6725ffe80aa9661c4f8e20477694b788881cf65a	f69dac5b0070b882d9c572d531b281861919f44295756332cdda6c9d9b6935dc	66e18480f097fcf350e4fb229f2c880bbefb20d535651b397a440f56e20ed467	163aadbc29092e55ae5810e1b34a3303d9e02ff959d22d9aaf3f56119c6bfe4d	bc23781b3e2f3e9bffbf8187346982bf207c1485da3263ba73f9b2051a2c7320	86444d39afdd039b7b9c4c627fe6b497d37bc2924d4f554408540e820f1a8d16
365	d316f0cbd590ed99060819a35b6a9fa220d291cbc57928a142771b854a2e46ed	cf6fa5d88d1c107a532540667a9d93c4b39b67e5cf8a1687aea7b5da21890447	d8ef1e0d098d2ccaa26e43a32b7fd48bb570189618de6acd3718f0b1a84df08d	7cfe3111ebe1b3bc9baf5961612e650668f9108bd53ef981c0485957a270b66a	ec9386d795284feb0030f18c86fe974f5be41f11c7b4a295a935f5187b54d38e	99c4ccb6e5b1720de3575cbbf6c2bd8683ad7d15bbf8953f0b47f6b2c4c51d40
366	21cb9c9abbce438ec64dd11567fab5a065c9b77e0e96e9b453789698fea0e1cd	4b45f21f8c0ae30f9023abd95a1e2a4a170357e93eb04cc8234951ff2337c899	efb22439275c16440d784a294c54fdbdbf7d4eaf6279b910b035ae8c2b73d4f7	566329ec9f5f4f0f165093a54f5feafa91ea5b31e16235e1541aabadf7a87076	60c827871c4c44b15cb989f707f4f00ef86d7729a96e9db3631027d1ea479b7e	7af40c7817e11ba46a65555f710c45e49bf722fd918ff2f7491baf8acdcfbbc9
367	02bb9ffdd337c74f219662ffcb27171a356bc33dad27b97f26064ee317d578b6	d00424a285e02b0590e1ca330a9b6da23b9a62cbffa9ebf068359675d9c2eab8	774eed67c07eaa9eced959bf14caeba65603399e44d57ca259b6677a72b51978	98c0d0ec3d80660b485cb2b6f24fd286ce429687592e330a3f35517a634ad800	ce3ea8fab928630ced80f8c9549a5b2aec4aebee629b46ac3555dfda06336741	e2bc55bab963ccea2ea75aa205a1cdcb6990a5658402e472b8dc0a8ac8464c05
368	8514921ff5c3a13dff24db57d65b14b63a7b9ce8fd5d046572cc1f8cd4df8116	1b3f48e9fb64a0dab22a61ac5bb9d895795442475d6ac5761305b254f8177578	2108760db2c6ec11c97ba3b879436a1e4ca1263b79c34766d2f5fbd4dd6260f6	15726ff20f065c9bb202e0495eb409ea218ae47714f5c5c5dc08e42f84e41f02	ace88e5b021089e4beac056177deb9a2941684769e0fa7c87d103a109dd4f520	0885f8f0f0190a7eda8b75619652505b74939b630df6d58c2104ab41c1173bdc
369	eb2e167c12255ba93b4d12b5996465eb326eed5c89e4b65b78280dfdde510629	e336b4ef6d4c6089fee88f0d687ab329a71ce9143813945113a5bf87e0137da8	8f4546c020eb12c606d8285092b87689809b237696fdf6ffdc9135b1f4a90b4a	84d0a60bf1e6cb039953479768c45ae261205a8316cfa755cfb35b3dbc104201	1365724a6979433e02eb139a325d1d99b7fc5a63c2d4e3071af4cad55057128f	a43600497974894d4c91f4fdbef7e04360f82122087e0fce0de0f7cabf287ff3
370	e62b051c17d8f8dc01ba2ce3865f8a59782710fa2f1201269cda16d687a635ed	cbe4933af1eddf7a3b6011c03d0d20d44c5fdf66f101dc5503829fcef54a365b	a348183fa9c6cdad1bf9c8e195e025054f5ad65605a4f9854094398bb6bfe1be	fc4c94ab629377b925029c62f84acf3ad09fdea5c33ae59f4ec6dcba534492e0	d162db99bfee6b9ec0260cbb440802bf5b2171efc431af4be07bcd5343c3d876	829c238c58c3fb4e4760f09b1d30249b0a790f2201ca5d6715fc5c744670754e
371	8190cf41f0d7333504344db71916901f9dec732bfbf7b3a2e1870b45921eb12f	300ef14c5751d3d57b335ce1dbba857f59e94a7aeb422115716a7e7a3f994554	b550fa705b18d979015d6e7f8f2452b1dd14490ae93bc8c50c2f5df55039d352	c1b6b032f3f2f63e941c47ea2f866be58372e00c79e4acf53d465e92bbb1c820	b3da6a8f336d2b3765d34dd2cbecbf35d561d9753807f06e2a6deb15b6d416f1	1e8c1752685eb12543d0f5b1dd9a577106cb7eb07af286cb5e87ec982feb56b6
372	032c56b52408a5515eec56752b9e89ac670532147ed72f53ce8b697e23429af1	36d1b11a4e0cac77d0f18201e879633da1a294fe4ea031820c5a908b75b81bcb	e80be2c49a9fc6ed510fe5e19bbdc1ca4f8039052396e72fb6fca567efc46887	cbbbace382969cb8b5f83ce875822892520d76e6d72d12b489e068d3f38fb5cb	f6ed75671233a9d3e1c3ee9a5178bf1b2418524586c94a5f62367b8a4ea177c7	93f3e7b84d5777d7f821ad3745f8852b0ea9674e2aa4d60e0f3e9cfdda9f1432
373	4b665122c39846a3592805f5a702fbf96268b9c9f47ed49d0dbb9797742189a1	df1bfbc123dd450475fe8f81277d880913ef7147d81076cf3f4e9a857c4aa070	6e6dff5b4ef5e7586eeea4df75423bbe5a52ed362b93e38d0304b44d404ecb6c	f9f5b92d8255e2fce5e2ea1bc6baf1ebeb9bf6e422ec7a3325bf488893cea499	05cb5154ca0c5a524b0363bc70f216e2479cefb072ab7282e4b84acffd0ed610	778c5fe033b5dbb83129f298a1f7ad8397b2aaa809bf735ef901633a0303424f
374	7cf7dbf484cb94f47fae91bf50e999ebf36b385e83cfbe233e6dea4faeb2b9c8	7696a764f557f95004926cf88920b42ce4a5590e671272f7b48a0b5f2e4fcfc2	1c8bc84f89b50b47eed0da308a359b2d8a8f6e3b20335ff8a410ab69dacdff9b	f0622a960dd6ca202cc56a7d843cc8d183ce3fdef0eb3e89bdc26b969429b8e5	6e28eccc810d4362ade9f36029602431893cecaf53d07fc84ab23d1a0f0eb019	4938e6658cd70dcadef105b561214d085f6ee8a66dc5035e6c1bf88592d4466d
375	7fdc0e17cdf106aba86f89b6487b851a8a957156512407d70d70289433f7db31	a83df006fd625b7aa53463a8d0a5bd3a4f003ba8dbb7b0ca0e3dd68507476f72	b7cd5d52026a6840c733336af9302063ba2767ca3f6456d37f0949ffef946d26	a27aa26594b11b1b3a0f87104b87c0e25e5b2797288f387e6c031ea6285159b2	ac5356f9380f88269c18836976d82fd38d92e9bb32f90e8afb8b6df0ae1a7955	7e6747bb7712b95a590855cc858f236f01173bb0d1a51141121e343d687d2bfa
376	69d1344c65fc13df948a37f9bf83e4cb41d6b7e6e279c51f0aa626b5b25e0369	80d1fc2e0f02d9a903ea4f1588b0505910a143aa2909d4c3a8c4ffbc54790dc8	9250a17d0f23e2a3fbec4f6e40279a97696b0c9f52d67eda78a4b9ecd2a71efa	f36069f1459e747480f11dee8bf04b91bf20603d1af84423ee75f1fb23523810	c0c0811ff0552cdb2b9a5309b2d5fc19d6e174a85c4628e48367113fe7020d1a	2fbcb97002005b4822a332aac771c5f5ab5c16b588a938f07fe46fd5382c186c
377	1129dd1550266f20de7b84e20dac7ca25782851c8bbb09984cd25fdd9ac3d111	0dc22a0cc079f356f909118f3c29b95455236311f60dc3f64482dcf363f4cbd5	6811294595690e18f8e2ee1a907284ec4c9ff4a7d209203bedf98de31eeddb8f	7be9dabad415e2660401fbaa192be65cd5b93f7fb761a56ade17fcc2f5425858	522fc051ecfeacc3a181f4f3ab8bdaa72ae2059691fe6baed87d4ac09886244a	8397888b84f548e4383c6ba506f2958154245fd030534eae5194d3e9d8fcc51d
378	7d6b61a1f96550e4229b332e43385d388e82ec7439b6dd873d89e6ee9f26acf7	22ba1bacdedaafb76d180a45348103bd3254c404797b0212cce6625d028beb96	a680d95579828466b16bf837cd4e1bf405663fe2671862a58d3ae87feb1be45a	13f808e0b6731ea13263e8af674a45a51ea92a7ee01671287e193f7a8e9899ca	000d932c30a5ac61b73a21ee3bf10c07b70dd417a161484aeeecae5ffa59e7dc	c30f2a51a34a6f040cbb07311211fd1747bca4f144af0d186e4669a836cd8d2e
379	d48790a0004b4e8d562becbbfbbcc2b4d7064271a47b1fe5fc1c174720cdeb79	d9b4f0d1d51d7f75d028662326136d42a3fea24039de507a0d43cb01665cc36f	ca2e8273f3d9bcbc99047f8ce84ab33b7c831beb03f6cfb353318b1bedbf2276	78eb145f70f9123887d56d5e6ee9b81e6a4d8394503480cc227e241ede015189	b6492fa4847c03edababc2f7005c7c8e7711dca2f2ec32ef6219effe137e1e02	27b116e96c9f4efe7dcc250fb954197252837348b1cc0d00976756fd6bda7f8a
380	bba5c508868355ec5e6ca2d6b9a76fe53ee812df1fbd56b859dcc0e790bdf005	e3b0da380d0d08b4e9b568e376dc343142454be27eb323dad2639f0cdb1b061c	769affe9ce8bbd1b929c85d685c4fb1572a1b9d46d0446cc181345730ea04f8a	732b8ad37e40fac827dd8e7817c3eef58cdce19ccda408b61a5bdfaba01044c4	7f00b95e2aac2b88ca06cfe7b6297fc494f5427b2d6159e563589409cd402913	e573ad1af97e3a6050d036793dcc6d454453dec1de3e32a08f7a7a35d381d10a
381	4bd08c1007f4da399bde94d7575eb5df5f3770c6564c4990cca78c51f314aba5	380c95b4d1b0d71c46994f67ac7410bc9fd9b7d24b18ff490a7dfc9400d0efc6	92b808b3d96f6f32dad4b5df7eb6ae04db5ffc947630181825bbf78a1decc61f	65e17afbb905396852e696b1e3d61188084bc01cd18836a0c414f0b3843e2504	6eb1ee1501d3f5529ad172116202075e4b2178771a12f56d7942544a31111fc5	9f7af9bf0aae714c5f8913304a780e5c88912715abbcb1892f4fd766a763d828
382	85e5b5f678a9d7326e20133793d506a366849eccca594c1caf95735db689e413	0e007435ffa4338777559666041d8c194bac576e66892d8bc65f785a09009025	b5e2d81106e98b836c24945f7ad009d9fb3a0e523a327045bcab578c93ebcf13	a23d78d84c96a94d86b000e0c7a25cecd77de077307169edbd53557053313d33	f341fc047b6a81df74ebadb856ac5df87046e1705de28f2e349f806917723ea4	d3217c24ca33d5c9b3032fb9f6771fd614ad63ea7dcf5fbc02fc10b801a3c40f
383	5cee0655341426f5d2a55006f4f66e3e759070d2d6b53d4465366457f1e4ac79	6e07c1ea86f115090ff0ce3bb80cb547711928876714c886584be456e65111f6	4bbe5df398c3b40014ba23a1c9d593009606649bb9c29ee8ca27f88287a6dae5	da58cf10e4b067f1b20a1fd7814bd3cdb3f423bcc1d3aca6b73301683f889989	61265248d8460a08464cf6fe0309d534efad10481855f8d9105cef10aed38651	b4638d52cb3d7d7ee6cdc219b8c6878bdbb993966f700103c303a9df9288bf42
384	dab592088d335a7eda9c50d5a97f8433dac5fe6e63944901a09f35e4a59332a1	64c030eb0ae3b0cf47018f062ef0e69ff7b94006d7c9bd1c6b76a3bbc1459563	7b4596267a55212a6fef18dd8605265d03337cf53cdc49d6e38e3ff90114917b	5910800dca547a65320be2b1303b674d251b5a76b8c78d367aa17d98f7de209f	aa78db45d668f35dcfda8978e3ece4400ef26503c522fc7a1ee7f63941b141dc	259d8f0eefa650d3e4f4d4c67ecd7dc2f5ba530a22f688b6b651d9471b7de1ed
385	94979133f86de9e5b33131544beda990afab89d4107a1399acb6d7b350c185e8	bcda25ace30abeb6c81443662c6835e01edd6a9321e192a3887a33d4dbf0b46a	33623c9ae96175d3c72e5b5761ffd5da9ea093084ea140f7a430d4142bc2c887	09b110e48c7cf0ceff5f5311fee9e6121a5f04634d006734a9b67f0363edf39a	7c772c4a6e9fd4edaa0a74089b0617e75c43509e12ee9131dfa6c1c2f0e381d7	b8d9607df809d3a02b0c4061cfe1a00faa9f0f6eeb67741d4f31a29a7b3ea033
386	26cd998036256d7221877cffc18fa0901c11b76e6848367db4b441760c8c4a5a	53efdcbe6fb06c3e2ac1d9c4403efc80528259df16d248ba829ad6acb9823aa3	71d8f605752f46795f6e7b607f9b1457f23aa351898da7fbd9908eb87c21b6ab	3ef1ebc6d0db0fe827a807bbaa1436699d166e895fcbfc93865215d61ec1d2fe	502d5d6089741fa595539e0d6e8027fcc2d987142dd163114c2ae2cf71ec9c3d	4d3e529d7876ca35341ec25ae853bb0840653d60856c574a22c863d15aca68d5
387	3e88c6b34e5ce0a82e531f9845ea38125fc7068f1bd5678df6ab4618f127a51e	0a5bdfb3876e3476175d86e23269d6c0cb203fae94d4debafc173bda95e3ce2e	2e7b846d3be8ee9001abb8b500b7218602a93a0c61809e8f6919fbaf8909c69a	dbb6830f51b7a83b6908c0d136fea576db15a24589b9945b43c86c2001ec6238	62ec3a77647a47aadfd20835e71d52bf72bfa243008f7034c452f12bb36d1449	45f7c4ad0f91621000090207df1357769c4b631faa630ef6f7bd820493492f88
388	04a91119db376a79f93b55643b6679a089f8ed2261e1268f562e87970bf57acb	3c50179e74186ed5308a7e42a25ca9ce2eebabff0cf922fd90ad3909d45152c3	37371e35a3494d31df6a26549400784d9a6fcb59529c1ca213eef8a7a1f7ea50	8768e5d1dcf95d4209aa55dd7d9b22734a2a8cb4aa1480ba87fc3584fe0b0c0a	139ead7f30e7e59943c824ce5a2e66911654b05d665b7c40c705704e0dc8df06	cad1e6bd3cd4d732caf0b1d42e73cc5c90301a4b8ca03f783fe6e6b1e961a94f
389	e67554cdc73f4bf9bcedfbcaefe011f438db90b3b6fd98494aa7418141149d4e	748d1cd44c51a46dad0d12cc2742a9f62374f231c6a0031a4d8d6cfaf396146d	af2be51256becb7d0b09fda6cca10f2bbc69baa523e0984d94dba5c6d8bdc8ff	941e310d7c93c08537b0c53f452494a30f1c06f5d9690b9219c26b8781184122	36c260c84ca7e26e4c10746a5962112518a09ebed72aba1c0ac4bc5b779e1254	22883f8c4e962b45db171b6cabc1fc079e5cceb1ed10c8b17d3224d3e38710db
390	138f066824797aad800cd65f39d4dd544c8d1465082df662e25ad6ee4767b83c	e802eda4f2c5eb2cc2fe96fb91ec09cc724697ce7655e0304209ee82651422e5	49617680819362d3027d3dd1b87786011cf4fb4293d2c2762b6857fd020559ae	e969a2a417b581eb086adef5f3f20446319d58e08e30ac58a3140c21cb63f1ae	711b77a78278c750354cefb6b763be5f165f46142bd09b10c9c4c9842ceecc12	45fe69d83734e6bc7e85955aaab001042de76f197693de2619cac8269b08d37f
391	e25e11ace893ed8fe9fc977d0f9075d576d982f72863961f6689504d9d32ce5f	10dd0740e22a0067db591eb8032248864b1b78218bec8773549e4af115a04b81	c1412d49c04944e0db13db628a8973e20cf8798e800950a2d72ac2157efd4713	ddb551f36d0deb741d31c6b47ed5ab955f0c1ef7e37567be5ef22fb0a29ba8d6	e7f9d0285ea00d11719e1c6cc7ee91f32b1e4a03177e040c54197c1e337833d2	d8e9b191e46ad9a8786ac1447fdbaf7e10775f8ef1feefdb099ba09ee782e40f
392	67868612880fcb956f544aa3b484d33a51ea8e9efd8e2d74b5fec158df91de59	d6a21bf9151b4f52ec1691ff55cddc21b853da69773ec671e4b0c535d233549e	a43430d96c04b83d96d71ffce91f8b787ed3d355035bb434217d327edb2ee35f	e239595e0a28d8e9df788fd6ea6105df8dad07eb8e9a3f8153110a25a34960e6	c721a6ac7bd9452c98b4e2535c77454ade799da30b71b9fe353d64566ba53eb3	03b969bb29717428cb787bd2b8e21dddf08e2e89fce65bfdf989100ef7c237cd
393	6fc2375b59b75750a24355623b381aa92d6e2af9c07d23b0695d44d7bac7046b	2c9e40423d0f991bf00fab6c265bc17a8781352e6ced9f2cb61898a633f67135	19399bc9601e6dd09c24f9874e93c7e9f76023b0039ece8910b87b2d1009f6ca	d5c8023e2dd763f816a63bbcc506bc1b722ecf3539c3dec79f139ac994b2d6f7	17d25b931451a9956fc7253046ca26426a3e0fc97cb8192d180e06951c2156a9	3e21a1193c24b5a4961e65c7b1776d75440dd7836f1ae14599016d9f4531285b
394	88d13bbad43a2ca7ddab1333477889d0ea64874324b009d80199685228225b16	4af89c07e348152f11369a31d61406f097f0ba125a5c3af3d417ed952c5fe0d8	deb6a3c79bce345fb51a38533f3d89416d24bdc6d37b89cb850a0762b3203e39	3a712c199cb4b39ae445a71a8580b59ce53b4c234a9425858a96e2d271131ecc	1b874d609082de009b760b277c01177e8943056c9cc54d5d8fd06052deb7ad73	b1a1d31109776690fad49c6740743f29d2b6d3a8f37c25a4482a96562724ba85
395	000f99dce0c448437f8d787ca8568d59b9e44d1c6932d5ab4e9ce4794c831151	bd4b239c9edc9d7b900a50c578d94b3f6ef672a69ee4e4a1a11861dc39b7ee69	3a0b370e568dd7d5de0bda258661e2539c340ff533178276c58a163ee977b21c	ea650b878c4a3078899a5d92c0430a8f571623b4b8cb3684ce084fa48c3e4016	16f7cdc78ca7fdb5d0b1a095266e06b62c9d41ea12b4f62e135444c2b18b2c94	71046ff5241c3684d9e68f4a301f06b542ba27ee01cbdcb688aec37d36743eed
396	48418939283c25572582ad3a555f99861f8fa07a30c60a544489ec33bf1d61fc	554fda0976fdeb496f7e8b52b4190cfe5643b270a6b4bcf344fc803897edf22a	3c68be78e8e54f5939b608e3c5d0ea496c8b05e86abca670467642decb9f8be9	bdafd39b7555d1324323a18e776be1be70c1df29ae4cd17548ffd2bdf047bb39	421919b5e9a2ac064b6af932b1d7864223fa28ec57d67f55864aa9f2429a7245	ab98830e604b13bdf3e598cca11a4659b32b89451cd4695a814e08d8cd73d9de
397	e0cff14d6c5e1a985bede22af88e60a4709697dc53b43c48349140ab973db8a0	b70a6dd5af404d14c6ef375c31f89cf4047628b773ee09059187705f70b0043e	6137ba08d74b06a5c4c4767113911cea8c06b9dd3f446dfec6449992efc92086	34e096f273d82a62655c5ebc7a9cb495e7809bb95338cdc345844a4ef47afd26	87d40be33d88f05c4a890858b02dad451453435c915eeb0b9c7099ebb7b617f0	d77701deff33df80695540d6cbd80eab68fc7da55c05b72ac79d23a46d9a4344
398	8cff97694ed76da8664a300172da2dc5413b247179cedb55c327e9335f3dad50	d4fcbc7c880f43b9ff2310642b59e2d4ff95521f8ec6c3643955509c65d1a4da	15351bdaab3aa50a922c720a7417292bd2f8161424268b7e5b442abdc30f7281	f9086a60ab7437032692bdb9c6d8d938940300cf5c873779a75fdfdf3b402310	fc1aa12fe335a47428522c400db053f31c18eb7f0382dc75bc9efe89dd04a06f	26e001c0bed2e3b0c85cebc0cd21aea612ecf1ccbf8b1a3569c3135ad628c2d4
399	f212c67d8299464fa3d2001d492858b1a5720c1997a3381c22c7abf3025dff5e	5ba3aa20a0a1fe50349f73931d6793296a9972935b69fb7891baa26097274cae	01f095aef18d1fe828035bfc8443fdb621badf6a8e1bf101c9a1d6e0b37008d9	c75aae9757d11c3b8d9c46a6fce64129715a26a2a5514262ff421fffe6707a89	df6a8209485cf05615c3602d7dd20d5e1fd6e2f191b0a8718d51e6cb3182847f	efbec262e44310a207bf7eb675800dd20b0f780edca2b55d189eb5573750b695
400	d982404bb202eadcac55d7b05430114e6844da6f1832ce812b9da537897b8daf	019bab27ff4634fefe6f796ba60a5a590c05fdfd232b9af787cb5bed54272ad2	1108fbc547c743357a0dafeba40142950af2077291a5b3844963b869325b8eca	99e9b6fc4e63776c50db2dc20084a8a38cfed1bb6903cb36feab7c0a5c312165	fea95b7f916bb465a21e3c871d3ca7e525fbeef73a56cb7379d8c61d1525a948	3537ee7b0d7b132cdf7a7b7dd3fe8ff7625afef6d0845f7a263f88a9500859c0
401	603de458be516a06f9c567390e27b66040a5389372220e72b7f86f9c1e560441	783443eaf35b47c21c16af1baf00426f58bf19c5aaa049ac8ea5571cee90aa3a	1df21ee15b5c52a8107399434e2a8fb1bb81e42954845dac8363536c0f355786	339c2a52e0b838c5f69bd188ed1628c90d11225981f90dcd12473f71ac852ba8	a861b8edb786830ebb61d0c37f10c7bf80ed67e6997d902594e0610c168885c1	c3234be0ea100cfb4971bb5be075bc4f9e81fd6b9a59fe27a87e45c17073f31e
402	daae1c10c4ec05f29c41b0379191ad3e9de875385f0a9eb6b950ea88d3884d48	1e1c27a21ae58b1bf6f831c9a20738d3e853687bfb17fe295b7889dc0dcb943f	8452f77866a08415d46e59044dd850865d727c0268a6839cde8dd6e66b7ddf9c	38108197098ace24cc0e4869b5864b5b4040dd108365d65f2ec711ac8b6e7720	67127ea45a1431de37761ca82ab986e73ea58516880aef0c2934bc423eb0ce47	f2b4049acc60458c3d8ae56c32d1a503bb8785c9f68c09c43bff0af8f779ddeb
403	d03da86e3c1784b43ac16191cc515be9f60b6a20a6065123be81a88c14345950	347755469fc6884f446e4c79e2f5b62ac18c7f7726aef0d3ca1c3ec3534ac6a4	4b89b4e8b4fe5280074e555c1a04bf31f23cdad8351ecaeef25718494cb47b38	4594026c93e068fd2c25c6daf26abb035d335c7cbdce46433669bd2c0a67cda0	352ad83b81cef9df05238aaaea5aeff1874f59cdba3f30bf97757df13d5f5b85	d5db34722a54d836d272de4c19bd59dce3dc048ccb932d4fc7c09feb364bcdc1
404	c2e45f8ebb0d820189b6bed61f2cd43314e7e9c35f9cd8bc42f22829690b1c58	21912df33c83bc4e4cbdcd35309dcd16cf2979ba727b1e60e9509e03acf641bd	ee90e33e8c53226e984b1f9af469835a5bc824de2c4aa33e74c71f4cbb3c0dd7	9f769f26b81f491515134afa332baf59948aff4e6cb02d1cd43c05d7212cc9b8	d3125fe7de7d13b0269e1201c6052dad7df992412a3c411c73abcc5b700f275a	5cfed0166c162ebbc66b8926d7b6583fd757f62c097489ee7a1d4a8451006f91
405	313c2b282c25e10c7c6ed61f503361397fc09ba25ed390b1d344622dfd87eeb9	64df0b6a3b57838ba241227857920274e59961da6fe0885a7a645a49e41d5245	fd416cdf4cde97e54731f4afefc6e68e1b7f80c98c3bfae4736358640e675d1e	5bf4a5a02d537d9c488cc108c853a89b2628d33f3edc08511c1ef72e56c2233a	c4b5bbcaf8803896f40f89dc7880cc0623780c1ab2dca2acdc6000b9b3465071	7142c7af6356e6ccd8f54f132c6e6dd2b62b4bd16ae782c8f6e41589acf3b9f1
406	04fa0dc23c7495e79f0fc5ce66668837fee8af2af748c52526c245aa7c19a6a1	a50e8f26989885d211338f49663192115c17aee98cea213fec3ec4be944525cc	0a16e1dd73d93e0b83b97a0d4b3e0adc1724ead4489ad80e5df7f022f0b81817	9e85a8b157bf82e3404d8a77c7d7d61fb6ead821d4ab17e88178489061bfc87c	689523186de7aa74dc514f3c5852389a580698c0e2724b130f5992559a1401d0	ebae4250477e0a25a566b77538f814e0f6a9858834d92c7706d07b1a3a10a88a
407	ea92719df7619c33482e3703c70b963d28be8a2f464ccdf97d56054f5a6d420b	c2de893d0b7f2f28c4f837222e349ffb351e9b56ab3e0f23d53d51cee43776dd	b01681b3cc102e06543074537bc57b0d3b0d30003857a60d5f6e4b6fba848273	b6da8d46c116e95d76f8ff622ec5e397180907bfe08eb0760a8fec323f107f43	be71e948d7032d02f3afea130f257394716f5e7cf61f6aa03b5d29f01620910e	23db96b9e50f1564180a9a30ba62ba30b23d8a7df1c8cbb7b5de55ec477f3e18
408	e22d57c2cc64b39e1db73e6060df01d83d8dedd2b6e8a1743bbb252e199f29f4	a3034fdde067c8645f77ee24ba842e1406edd87a6d3e1b1ff6b64b6788a739e9	9535578024f5a8e5526bfb4acf102d25700c5295ad19d1cd96aca1034e788542	80fb43bef856eb1a864aa32eff0395ab03fc1598a21e5cd7895d438ee2542a70	0da1784fa654a14f98546439d7f8804fc8a73b6f255abf22bbe21de435bdeff3	8e2a25924fec22b3ca92cde5d74d609a3762971b793c5e31c70eda1c072a0b72
409	fb7baab5541344d6133ff10a9b3692da0f7d71ef59d4078b9b0bc668d225025a	e56c8a2319d8d527958f08dd55c45b702f6baf6dc56b0f7ea8417a1e019a3919	ccaeb6dd779aa1c22188afec3d45547621a70d0d243a42bcc6d8a1ba6532d454	c1df7add3c731a9e87ee3110830b2c533b5bd5af983f488c7bf6d93c9e4f422a	fceecde4f021e7f355ba145a289c1c2eeedc377e1222e49beab3e533c0707857	1a889b9b0356248f65395b09bc84f60271c03ee6245f80c7db77bff819930c6e
410	db38c458a060c50668cf925c93ed8db345f6ce1c39729c6b103504f2541b1d5c	dce1935b156761b313add530ce82b8dd19adb51b5b5506bbd20ba728bfa25e06	92856c00bd81dd1048e0ba31186129cf41b276f76237ccce5bb4a518ec86e66a	ff280ea44501b80d1b86369fda642ff2d5a25a53662a7125f9db622dfc7bdd1a	7da0265b878bc23281273ec0143e0dd727eca4c96b979315e1ec63c3b5dda9c2	1980ce7ac725df0bde14691a4bbf03a9b24a1e261b3992d3c43795ece9f50555
411	81c1cc471a9dc4077524b2810993147c5466f63bb8bfe1da9461dfa4885eae4c	79dc7f578b71223d56fa14193d061f21acd6677873681cab1623478949dce077	35588d65fa5bee61890de206b5d68885e3667eb30a137aba998cc41526d655ef	9463f0517069900c90f5ebe2f722f3bc4639bd04766f4b84cd0352dd677562d4	6db376f31a4f098e5f8175b102c40a0697b0904d4ecd62e0426bf626f663874c	f1c3264bebf15090711f396071dc8ad8d9a83e26aa361791f8c09fa4b8d04e97
412	1d1f7ea00f93400cc4db49b104f46e23aa2a0ae9b5951b4bdfd53cdb2cf36e3c	57b757fc7049bbb1ef1dadd77f85145c71c269210d99e1b79eb2db2250cba819	370de8236c9f90cda893bcaf8487d4b4901e5572875eee921b678ac9ced5fe7f	cbb461e803e72c82c8fe8433dc430ed3b4e2aa7d61931e580f1a85ab756407c4	31af918be4dcf3e9936e6e72de8ad39d5b660f7c1115b3622ae49766439851f4	7f17f7f168536cbb9c36231dd3a39ba3fe4153666bae2395e2008d54c2113852
413	cb5a0875b82ae64fceb288e11ee8c6f108012a4d71512a95f28d5cc92fa7906d	193a51d3fef1dc6574acf3e396293c38e7531f6e36d937e53e88c8604023eaea	aa45f4e52f23f29b29e7925708d6b80af6fb7594cfe3a5e6bfcb4997ccecdc7a	1026f2134986bfc4e5ce6f72469745eb87261451cd0777cab7db8561dfbba2e1	fa777eb42a7caca115af4562230bbac8e459a76e45122bc76db396d9123f1f84	274f1ee559cbf3d06eecc583c29673ad8ac5e01454472638c706944335cd2cf7
414	c421c909aeb50741d29ca439c8c306278540b128c1e607de235c0c7c0d007925	08fb2125d9e154f106b0f40ef39c6c735ec7f4aee41927753c412165f7ff66f4	587237b75eba57cd3d3ba9b666bd87714e0a8c73d249208c679fa59fbcf0e139	66b7474dd42ff0116e2b4cfaa0a74ed375fa34def23ab8527ac688df5d6ddfd8	ef0e5688a87361d8cf999fc4d8639b279d53c3b7d9efbdee3f60ea19e7c5a956	8cd017d54387d0300de8b2d38fb1401a1e51992a07e3ff751f6b9917edf1fb9e
415	675543a0f62dae23bab178491c6d2b4f60988c817ec6b14f1af166614f12564a	37559aa9bed9d2ad11764aa2a8bb565db300317d23ca93a27b640d06ef06dc0e	9239a2b44082993f2db055cc2f08cb3a588e57ed168a12ee8db5f25389bfa136	71ce3591dd636748e67a54a5f0757a5d0d7e4a7de2b57104329e42353dafec69	5b97b03d8709a3c291a6160f902f410b47ca40dca59a0d2ac7f461567c07975f	eb038426221207d1d6248e3b862ce363e9bac3cf1285d25198225c16164cd143
416	209190d2c7224f1bc5bd66bdc7c6be7298a55e251e826016f00c476951b887a8	96fa2bc41e79a3ee9ee01460bfcc116bef36243ef611aacd378b6f8a7424acc5	f98b1f312b388b3280de2842da1eb87c5b884bbd42e95918cd95401fb4e09860	a8bc5500b96cfd4bd45f012404d94f63269d954348165cfcae179120afbae0fc	3ae46c7a428a075ce5f6cd59f8185fc9a80e31bf71927d8eb8d5e8e6e700bb19	a9794e1321de53d19519635bcc2c847c5c4e0cc7663386e9b55f3a4f0f30e554
417	da639ddbc3214a68ada47e35dbb6a588ee138c6231ddcc753c38e5318c0e8d76	c612f9f82e7c5b387349a686f72982130091cdba7a2d65a3976c6e08ff6db5e7	a7a6484446672fb0470c1a71061d21921fdc949be4ec504a728d5ed46635bb20	94905d8b4724523f3afc05550f6e3980128618b50665166d9bf5aa4b04a61fac	6eefe37b09a0068ac88c963790efee96b923914b06dba3ea802db6363e7242ee	b91bc7c0beab57d7752d3cf11c0d2f2afb66e6740d09430d16d76501ee83b816
418	0a1e3879758e4ee766e9146df6a0d5aa74f7eb9cf0c6b122bf957312396d7d84	748f11fe4777343499571ec056fe533b975afdbe6e1d0d0414ae8e965a98f489	50d2e15a7e5372f1bc46ce2fad5fc50739923bce1e7c7d83589d4e14b7fba452	dc55d6b2a7ee8f0854802bbb2682829fded29a6cde7e4b65c579909eafe10215	49a10946cc3dede4b7e445e69ed6341dfb8b0d893a7afab44af8fb50a90b9c5e	a80d32ba46fb944d9c19fd3dcc2e12068a4408c5c7d26251e0164d4dcc0bffd7
419	3c5a81951f82b426ee745fef769cdcb2565a57db1f2a4d00c856fc9271e9610d	0c9e6edce42815c6f2efccbb1c89aaefb81f9c5e356333d026615d95bce70a70	da69984a4d81ec669aefd7e894460df253c630751508af4320a5aaecf6901ff9	32651745f5640d824e493041698a1fdddadd999c61f31d1e4d9c5ebca03aa6aa	66655f9a493ebef1d3fd0df2a5446d2abf48360ff4ec8d07640c5fcbfbfe2e7a	f16c08fcfd703d37d15c42058b82d847a28d82e2c6522f176e553f8129de4eb8
420	8ad0cebbc0bc06bfdaa218862a1b2b2b41c822ffa49c9e4ffa4c57aed603b746	4022add2172c50af173945ad9c486462d1ab706cba6e1d6f797a8f78ca2aaebe	c60f7e69efda52b4ebc84093975f60053d09167b138d2bad7b87e64267c501bc	1c4f8dbb8476278936225f9882b67c99873e8ab4fca3ad0bc1212a191660d523	d1bc5e1851bcb3ef27dbffd0f1820b5bcee6396d9ea4703e04244212e4f643e7	ff8c4cd817a78055f95964e913516d82f548097fb217d42eb04b0d773a321251
421	571ae55fee6bc5d389cad4981d6ef2f26e30ae92d990f945cbd24455a56b2dc4	73f3f33079a9689c374dc7b18528b27fad81f7d798547fac5a787a68b434e852	8981742644b861fbb65722cc73368fb968c5acc084b12d1f47fc4f75c30f7921	904709c79be22fb7876c835bf0f91d4ffd51f6f996f43fc29869837e3129a9ec	2b66061a87d2826d500e46af02b68e55c0ed90226a60c5f95da03d0d83407d0b	7ddce491670116c89090c58d10a1d089747d5aee6f0acee719718ed0ace2ad3b
422	efb4def6046363216e8c68bfea495853c2033d54af3164d3129b5ccd7ec7d82f	cb8686fd69596c10e3a2070bd37d9efd0f7c61fefc58be49bafc98b0bede495d	1dc279bbb0aae96dbf86406fca9c034ea040ef17e6624495c11bcf20d44ac1d0	b29bf7124887ae509efb473c5bcb1f7d1a2c039a53e170adbb4d5b62a9fde64f	18ca957619034a704359170ea8a6f08db5bab82d1ff08efc87dca51ff641d564	91778406701a9f0fddb38218f320b296cea2def89983db84605f82057ab55459
423	f6ca6debaa4845a6ef784a88ab35a59c93e856ae18c8c951fdb6a1e52c8b512a	1f3df66004f315a11c0cde95182e2d8e13e34c8cf19c4834bd3157aeacd8fd7d	1fc83c3448b5ca1dd98d0468313dbc5348f75714371b921c9ce439f455ae4c65	76b1ef98fe19ce3f1d442d36c27dcf61be300556ccd4fab4f43ff0c0f4d66346	f638f4357bdc970998c847425844451ae5620852cebf7866a0a39ec418f82fdb	6da3d86c9af5c94747969ed9aba920ac1e5542386867d2dde9758bdbc5d650b7
424	6621c055ae5f017768aa34fe875274610b11895c726171b572773d804aff371a	f218d8888e35da858997588dd5c88f0c98b4374c527a438eb84b075d40be02d2	9d03acb6047c7148c71cf9f55f1ad1b9efe8cb6ae12560626346af05f477088d	2f28b4c455d0c3c2997fe5cb3d41bea53d8bf33f5a883420e1eb00df0cfdb25b	9394c191457f7108843bf68fa2b7a0815ea5b0a64080e54abe54fe3b783708cb	819e6205b6b3a09dc31d31d41c188bf7fa908f66ed8ce1615a72b1a2629c5e48
425	6277a30f3d40a698ecfbbe0b43462728b1ba39face62b001f7696a07005a698c	e1243b7bdbaf076512fb9e29d1c9f461afaa194353917ceb88503e20443333e8	72d187d7118160335809bf1c82c4fea55998feb74dd48e9e85ebdb6196f1bdc7	f58e36577111359dbc2f21667a0026e9261fd9e0b698d9d25d0e694100a9101d	64c3cb85d14614311a4a2782313fb23bd0022725ab103619ff850256b9047dce	df003b46287240902b42609436a9d50196f7b1e44750a7b3fccc40480b689845
426	9bc7398705b71a320a11c80a9b60a0adb209b0fee44e11998e3d03af638b28f5	4a68f72c57086db66b6bb695fe3ed32f6f67ee2382c6300c700fe835da6fd8b2	cbb7f425928802602ab011e01404470352519fead2dde21911f20a0ec3abe244	97f637bde393464f8792aafe496bc11780f99c942cae1bd34f4424be7d2e5afb	ab2e57b00a0d783a694eb8df476e223e3ac12a9bb77bfb264ee1f4076917bd92	cfc07c7f8125ce97e1669b869c7de3170e7b55a34deb248f24f85edec566cd29
427	054432c2ab7f38054bb4af071b37001ed7e8fdbd1372b4adcb124991a1c2dcff	e80b3bcf30be338095b3850af99ffa0254c9e9298c963df1205d53faf62d9ca4	d392af6ced146d270fcfc5bc0bca9e76c3267988b5c6b08e2fb321f3a2ebdd7a	33cddfa3919989868db13457381e97632cb16a60378b71fb5f38bf1691a68064	7321f3e9563382bd99d8f75dae1e9e78e36cd930c0ea1032acf4a91696271cb5	ec606aa557c5d11d377c74b65627dae71405c212b7f31ec808945d1a64ecb1de
428	6a1e23be06239c4ca04d005be2ed30a1060f4b9caea5e1daaea8d04f7de830a0	aa423a2e49fcfd9a93b566cab039fd2dda307ca65ed7717d0cbdfb1e1a9b1cc2	0409056230afcce32b3253881b66c92d36f3cb0ed3b8255c92070f36d8ff322f	5478c7913c6c078420ba8bee8bbaf7ad96a93085de2b426774fa50b5d9bcaed0	a5a9c24661233b9ceee9d8ac5526b9d3551710675891639e105870c30d530c2a	e4ed626cf2e1da4de4ba9acf427ffe183868a38361bca31a4f75207a5dd42bb8
429	22d8a483186585c66739e3d4eb8b2f559c920d351829266c8b1c5609b4dfb744	e2136b4b6235810b6900ebb3a4f845980479c06c5ec8adfd964829aef7eafaed	009582b0e4d58fd2b9230d3dabfd061eb2f804c44fa56c6c609bc4aa42c495fc	d17fe8a5bf59767eee34d43bf0ba27b25dc920998812a57354f267a757728e23	671026c7771372203a5dcc0a8d2597d13a50e958429f1cf36ef26eb4006b23a9	c2129846fd8bc2256aa7be9096ba8535ad60935cdc3daf031a8eaa9b3930e43a
430	3f9fbb01519b2df13cc227cf0d7c6e90c3af8c62ce78553cb266111167f42c5e	3f1d669ce52ca6e05df5d6838abb260c287bbadfd64e1ea90245ce56c40a1aee	26cdbf8a3d22494e4e531100c61d39fcb1c9e4557600718a9fceca63b819f120	392fc7217c99012ee9e415d2158e4bb91fcde96ff1c6378859ba2077d5f0210f	b5da1cf8496219e39bbce15179a31fbe2c304bbd600772df47161a98c4e9bb71	ae3867faa4736c7c7bb8dca08318dc62ce8d18c3e0a585d652cf1b604590b59b
431	7e7aa410a7ca7bc61d64d80c47f69730dcffa0b2b7b769c86ade58ba9d960fd8	60839a6d9fddc4a75f5bbe6b78c153406b83f792cdc0dc0e322f812a53eaf45b	25029a7392e29ef5ba50c54bedf3fefd4673d171d934f0ba4288bb7dcc02e6ff	b81766c91b36a0844f06e690374b78716c3137b57a4b912127b76cf5b75202ab	11a2ff9084d62c84a796c08ff5acf2caba916b3f9b00d29e89f376e9cb34bb00	0742b8093f1ed8580456196ab0b108acfba074e21aa4617c79d47094daaf9429
432	904d2f9bd605ccca08c551c639c651678c993dc15486f4e477869bb8b8247e91	4b6e8fb2bed2866ee287d9014e1b8cb1592945d707369add1d9ad892e7b43b42	9cdf7b576dc720a6f4034a47916cc2d8d01efdb82c6891f47c96ee816d9831f3	e84f3784b4a8306f9ba6a712f7c8acd499dc4b9ead71b3bf01c81e23d5dd4f47	792c2cb856575f984719a1c896460eae2f7c227ef3fa3b62f0ab3d220048b7fd	eaeb555c79049317e06b9e48e2e3edca118b9fb679da8ba8d427c93082e611ff
433	6712db0473d1311895487eb963abc4cf0b7452c10aa84db2a91b30f40cb36b70	b83d23358a1506c47c7347818575130a0cb05b65c0d1226181032215a0121e0e	40cda760cd27d67e1668ee07e850cdb39cc2c0242f037f75b9109fafc1c909c8	10238f27946d8234388373c96b0543891ba63e6ae7dbb7e2f4598496b1aefcd4	ed019fdd1ae43eb97509027dbf4b5afd16b80d8c5e6628adfb834b3ad181a8a2	4eb6431759c2310ecdfdfd41fec7bce2a5ea297c9e54759034181ed63cd198c9
434	fb75656733f577e96efff3a0c73698b722fc190bcd89765b5e293648ea460f0d	b6bc991719915f11f9a54e8e56a8d5c2285b3474f95cd967735feae108be0153	d186a9f519c21db9e84d90949d93d68f86a3cbef908d7d0f265d63e9e9c34ed0	f70e2e2c6f7300d2598aba08e8bdd05a3fda711a8765bb9a927498ac2ab1bb82	c48e18cf245cc4d6063883758e3c69103825d91ef85258adae1dc29c41c2c335	7eae99a32fe0be2feb1cefd5c445838351c4c29bee115832cc87a876ba7a3d71
435	92dec7b273ae6ac2962155acd3f36772f28533e4d6fa6e6a7510872b39e2c7b8	d0ab0ab25885f4f31d83494c08cf9937188d2c498641328af857f8f0c294c0ee	533e315b6082c6fe0904a97232277d330c254daa7fd642990321f236c6a9e87a	ed286e3fd714d8e8cf9a8901a9250fb49acd32e54a3d4d250ad96181725e1070	a02f9e8eafdf3fbdd2274a7ae8d4f71a57c65a2b46f4aac90c73bbb0479609de	71eef0104f9b1201e7d916f168a131f17dab2139c32f835ea05631f034559b2e
436	9406abbffb427b9f34c64d60ff73979c29c2a2a1a1b8fb9cde608016864fd5cf	36ed04228fd0027614b3dcc199064497460abc42e6720feb19a8cab754a2eb68	5db447da5d0818ef3091fbbd581f1bcfb443b1664303d83a192cbd5951115210	9756566372d3c56821e3f6761efb248126ed46c7639b7394d525bd1556885c9d	4a419642faa4d4177c96bdb036a9d7e93441012eda4c51e3603d33644ee0fbfe	831c2a354262f1d6056cc692ff69dbf474ed56a5641657f5f4fe131cbacafd14
437	ef80fcb0bb4df6fde1311a9ba10992164ed8e2978444e0b79aec2f3053722764	a904cfdc7b89dc852cf648d526cb2b907123443752475f65ae58f6f5a7a568e9	b303a8f45e0c35fdff02d4ecfd20c0d47713d6814d68fc9bb0e3f4b13bf1e143	94cb5aaf21f110366ec9615234c49f522d79f23078dc7db8606399ce3cf1e731	2cb3560a952354e1b4b20909a94edde92d3fff12aea1a1477d336de951d99432	74982effacddfa460dee203efb56021c5d9bd8aa4008e94d277d9a6a9ab0c644
438	0c31ca9852dab798bcb24be3b3cf270e457e2b1ee9c83787ee0c47a53920abc6	d9e72caf72ed8ef34ef25c7a642a4f1ca1824f5825bd719c98ee543b43804b21	ec79774b57ffb1de2db16620bf1711a0642ee5f2be91351258186ef752935aeb	22be348afa6beee3180c27e0a7037672080cda751025dda208d3d2edf9f04431	6c3cb246ac515fe8df1a54fcdc5279f03f4a152c209274e9b137d4b7741a7615	79d1bcd8251b56a817ba9ebe022e236f1462ea9a72041e7c24ecfa74da6aef9d
439	0ae6f4a557a90b343f0d5d0d331f34bc0fe13ae9e203ea2e4dffea5baa34ddce	da2baccfdc49584abfa4bce6b42ac7e12f1c15069620690c43fe6aba3ddab1ae	d4b1040ab31d39389c71468ddb6d30f6af8652c4d0fa09f652627cefc2223cd4	ce29305e898ba3c8e1c4b799998b6040b42cd9e0878d1a970f2ed7b8b4601060	1e52628140fd5c7c26707b005118eae985e9256a9728a20b68e1e42b532f5ed1	34d4e68e6268a0cdb571151c927b93ce659a3f2dcbb009510c27c7b04fc8ebd0
440	ab0bc9f696e05edcde7c5177391c2b8d6aa07cdf7b64dca86f164e3ed4e4834d	1e3b124b4a49c2caf72e532ad38505797aa99b46fcc7b018938f389771605904	db43eebd38384d5c698e659d69c6d77291e7af6cd4e53478cab95f75d71214b3	801a22efa2cc52619532708037580a056eb1dd7960a625cbf77b663e2dbe336b	1061a1877ba0832dd20a4304db1b5e6d39a61b00fb4a4f3519b1082a6e888cf7	dc44875478865bf0491cd62aa2e9bedd18c85157378cfb9feeb9fdcc383a30b5
441	764f23dfe90ee0e6dceea389f03fef5b3c7489751d88b096b805839f4c4f4cd8	4244eff49232a41a4edc36fc441e438b1fc6161f25f68f8acfc2068cf57b953c	a85a14855f73cfc34c21ad0733fb852ab74ff4343855576ed616e9308d3ddfcb	aa98f62944adb1645c5d53678a46851e94edba13080206e44db88fe8d8876dd8	2021cbf32d9127362cc5d458895050028e869faaeb5a20a044b0b9dc344c584d	c30770f3bdc02ab166ac23ff7efa3dd172c466a888f59298592964f5bca778bb
442	61d5e771f54638dc27b4d8ecd66370aafbaa46d42eadd629012cdfe11132e746	78d5583956e6ff3d3309dc3866f2c9f415715356ae36afa4537f2b4226c22c71	82524ff74a0474dddb02ba84180e8379799a81a38848849353a75191903e313c	d67ef72cc6a9319588fdcaec9029e05b96c31caeb225a067511b4dc7ea505b2f	db1c73186c98300e5c2271fa430d6abead357fc356780a49416047972d196bb8	97e8ba118b8721b24a7e75331b0b446a67e545e108890157c3cd0f7908b196db
443	8113fbc384b066808f2ba97fc592de2ffddb05c61d9008c9744053d16af87ed1	4395ddaa2e2570925df1c0dd7b8241f097445180d4edb8bd82c146144295c319	7bab530a66925633862f68e9c954908da714d9d16acef53b270d55e4fe240657	e7c33b1d917ca4d332a72de964b1691841e366a9d611d35108eb489dac3b1ac1	c3561a44612c1d91aa2944c2a433b91199ed6d838889522278993481796991e2	846e52c36d1651e77bc4f8f90aa244ca81bbb234ac9301463fbfef9781e69516
444	47495455553d0f8d5cf1add627eb8b1fb42afb1d36a41f69172a7b17f3842674	a17e867fa801dbea5b6f5d120aed464327a8d1c8969d4199c70e0884690438c8	1fece3bc41ba6010c21842b88f81dcc5fb04fe0fd198dc7457c021fefaa81b37	7f31d0d08f31b6008b467cd967a4d072353e5e84eb72382d4d402c2ada772156	d1522a5eac75db7e561049102571be944a7a87f284848dd7e9c293e1d3bcb111	3009fa10da9f6a81961b6cbb06ef18ebfa409d8088fe5dd2775b49fc9efd3407
445	f491fe26a708fed4a2b5851de557d309bdb68974541e63074d11eac21952c964	21d484f42bfeebbd6d1240db3ce80b889b012e7e9905aaed8ea0c2c02a458b25	11f2ca89a811646112bff9fd73eb159dd69728f21ed9bd1caba531cd52d66d1b	1850a62e23ad0d6a6ad234e1bd5eccc0a446ed2e2003ff6d27569db250e872e4	278939a882c90dd7afee38f7cf045e453c4ec575eba6862745d4c7438d0a0405	a001d42d422106f49a9ed3368404c2921ae8ceff3851bcf0d2668c9695717c9b
446	1215e100d6d7b0dc10b50a5cbbc80a8f6fc37cd79aefe8d3538ef1cff685eccd	e6715aaa3343d8966f5068bc4839603f80dd9a31616a6343a6919d917fcd0ec2	ea9cb510fd2843ce44822e90cd7535ca82fb41e079dddc1637349dbd832eda12	4223c450fc65743835246f2a90a18ece8b16767d47a297c48fa7a7f736f68b21	742e2efcaa22b9451912ccd884a61f0f4aca1cd470b6712111acf6507c28d260	30aa244b57d08dfc7ad2ecd84dde6e48ef5cb81bf9f20c31e45dbea2c33214ec
447	07286e53f8aaa872106d495c83018db70f4bd8f458c596daf7c9567669e058c0	916ca9d1745a289833220b1bdcbf332989a778943d74e63f81a80089e62ae61e	835b4e32e0dd42132e3f1dfce4df9875a4d87f981d2f54eef2c3aa408bf77fc2	77cf96e79d845499992bb2060a798b11fc19b9c8d69a39005ce222bde0402dcd	e8b412291a8d2b7cd981dc5988b4c60d2c39b80a47eada268226acdc87ac91b3	a8a536c2bb9913f18471796ff0bade87febaf40a40ff26021a27096933640cb4
448	af605f92bc467c1ffe05c122c37ebd7c7b1ec1c73b17b0874e98288f31ec0731	7f13f4bc61709cef69b34712f56f972d9b92ffdea122daea6fddb5f618141cd7	672824a9dda7294b196ac3eaa8abf78de0e05c914d713374aa620384d287d217	fc6dc4e04b624dbbb08707b185e32ebede459f72ee0c1e379f01c95bbb17fb85	05ab06e81e62b15c19fee48acd2db0a40e22ad551e4c284649557a521682b739	4e8bd688279660b52a38a64ed3a910f21feb111c5990f976748c78cd3624867d
449	3627a31e21645610bfa4afc564443455db78328e398ca8d48805259d85f1da14	43a2d578ffcd9d8df356b04117c277297eb997af3374a74fdbaf8ffd872e3b4c	895b95f4e941ebfc42f9c2c809605877c0c6a909b80530343a9597e58357882b	d499141be28da2c0eb8b86962b6cd23b2fb51743ab747f2e013a0838a7e7db1c	2d129c20ba4cfaaa944b29e457736ae8b24d3b4f6cce94d6486807f4efad78bb	d534a675ba910504daf6237d4ca46b1a8e186badce9832f4c353d58f2d3dc49b
450	285d5b6c34c4eff8afa6fbd1937bd4770cdaecf5b8adfd390a01ad2db122d265	17e20cec269ffa9388dcb5006a8dd28ab22eff3bb50553e050a9cc386ac24184	f28d4bed131c2c6d7c1dd43272034b2b965c77a2023bbea12b736e175df0660a	ca7b9ee262e6036b82af6ba4df96e4b3a42a27d4d928976c324c74454e2efddd	67b6e0abbcf6a257687b9fdba9cbb6e19f102590c669b0401048b4fa821fdfea	ed61e07fb68272e9e11eaa93f828d15377c397e9838ac2b37d9aade5768747f0
451	be964e0ed5472f93c7dc6dd0c1e3add5209510573380d443a63954c337fdefe4	c8e378951259565c073880e3c4dae1398e0a5f2acc4f2d0893db22e54f6ae568	563afe1ed97908a416030bf8849ac13248f8dd9212333ddc84a71367d3bb6c68	b3dc5d5cfc47608aaaf5e869aae7b54b1b5915176f053324328e68a5d1617587	b475419228fe4b922449a08fdd26d97a54acc11e1dd7bbb5ac4b95df253e2214	c588c7a8e8a0a42f4b22e82c4999d04862d703f9577dfc734ede082e24fd915c
452	714d289ad3775f8ae45080a35504560f030116aa2a0c192da9f8dbfbc38cb4f5	7546c05b8d177cb7b00c5dfe38168934d9f6393f71d65e70250788238486eaa9	9622fe6fd2f5c3ad462c50ad07fd562ab60a45abad733529afcb18537c2de8d5	f7ca3d62ee8f22ba970744bef460a3a1232bce42601a25948887c277b85804b5	0297965fb893f5b4e6bbd9dc0fa1fbe0eae715724886575f522a2d6d44dcd259	6dda03e3dda696a71bfdc4a927e676ec6a5b933f01981a4f7ebde1eceadb6192
453	1b8beac22060585a70f97df10945a3101f3fb36f3e64a4ece5615f3b991dc51b	7b27581ddf6bfd029df648341eaf056bf5cd8c57868090087b6397b8fb98093d	c187f3c96a534b2796cceb68f741d2add948c6c8e6b361f9463fb6556fd7a522	91fcff5b96a3bbcc6c39abaa23a1ee50cb917032286c6294129ef7e116acf7cf	a27ffc8497127185109d0f49d3c49f3d4dadc5ef8b3b01d40411b9b12b038706	fc75b799da028307518cdaea890ccb8b5d53e391a2cac5b2ce067cfe24afaf91
454	239fdfc28187f8b202e1f4af0e4712862320b15d9e9a6e1cf0d2b28f22f6ad04	3d2b1f385f3848845785e8b4ccb112ad44e17450adb55f3cf296b01da3899046	737e60415b91d8cbdefc4cfa941d79a1bab3db45aa6a291c1ced79e6340d7e19	158a2d7126cc4f7f48261895863ca0c165c0561ce03be96bcb008c4b7c1b7e38	4ea4a2e3c50a7cc75e56f33202d8b4855f7326d1ed1669fd43a270943ff34811	8e70b55d5d5eb93cf56c1c1f6f82401d1c0c7db945be114fcef89cafc45ba4c2
455	fa453d64eef0b594d512bc398f2c6a829de1cfe6e606bf6221555e91436ef7bd	365932300e0d95b3953ff5fd1ec7dcf62dccfc7ddf3a8056478094b007990560	c98db7bb43518646392cf043d3e49b63d60f42394848cd34b30247ec4822e132	a058591a9b99e7a66feb0f546abef2f1c2afea023118e23e991dd8e3ed3e81a8	9d155b7a3ca9e79a107f3fdf63470f0e391ef334997e707f41312d76fbd529dd	af1214d29e3477b0e1c4ea40901918e3cfa50c3f972ebb53b91b60587e74aafb
456	0ead089ed21370b0e6c6818510be406f34b88a55e9e73718af6a4397216847a1	7106b621c915f34005400cda106bec5e8ef8a1b7cee4864c402c2cfe8bee2d1e	a4b4d00e9845114c98a8bd71e4ddedce01e20ab78abfca1a7ac1f6a8dab674ff	a19a0baeebe3fbf14b399b861975e42a318288cfcb824cae68c1cd71a46b19d6	dc5856dac9c3b75146280f94e96b86f21136bc15ed8115f6c1cbd20ec497d5ad	432f023e2218e9634d19e5130889e177d89d4034abd6f379bf0c9305b99bf4e8
457	3d3399f9aa73a071e2c75757382235c94d012118d8ea20a6af834229c8a84d8c	63cc83f0801ba3d2c527dd29145f47e6ecf6c1a5e5710f5bf8dc8a920a1e8839	922f1ac2b2ae2256c0d2a1656eb39a3257c1d020c20444ed7bf6ca52e40716d7	4edc9cced9cd617555232a4e035ac35f253e3462b999ade0e1876afeaffcbaa2	f945b164db7ca928e09c0543758c860d902152878aa41b2d0401ddd3ea295d8b	36249f97916032cdcfbe678fc6198e499ab3fc7cdc2ab972978d78e93ed58f27
458	79f6aae7af659024faf098a9f39fb0599b5fc89c79ef40c3461bc551d8b18168	b10f6f945c278707a5aeb9d970e8b51c50f8c087eef993411745ec4b6c131567	95dc2af035ad350b90a865404916cecd07825a5cbe3e534b459c887cc5ec21aa	9a0e5b972b6bb4bab0340774c0d9b7498e012c0ec8285d33aa94e09bf49b3827	33f93e90aeb2f4fc559815f42060a396f9afc41834f0123a0ddd5e5093369c42	9a4259271e04bea544c339a9d8e7e422ef9ed3913dcb878b3a899e33f00f3fbe
459	0faa0e893af21213ebaffa746be0d382c9fff3bdb86d8dc36050933c7f48fd00	9abda2a3757cdd0eedd58a55faf1d712bb204638cf89edca3abbbd0554445426	42b7330cef674fe4fe20eef731036ce11cc924b3cc0638ab28fb19abe255d3f6	21fc933f661c0080d07b9c76cf3a4027075d715618dd440721feea1944f0544e	2acc124878791a309bdb8a72c382f29f56e16bf71a7d6579ad91be332e1476ff	9df50079d0091d1afe716594c5389c5302eab82a4a4360672c39fb2f4af64113
460	e6fefcd8c881d4c5e65a7442977441cf4b3bbfe6b3e74ba58d86a103c6b9f15f	da44dfd130db0810466150d133417c79f643c48df0d0479730e007993cedd22d	2032dac9f4fe26c60440b59b4985921b7f085a21f0c7153911727b62060a682d	8daabfbec83438f28614ebfc585f32552ff9af1a364f13bffbc6e63e3cdc696e	d845696e0a33e8bf5babac4e33d90acf515b7798c17a2bd9dd85b2eb217423c6	f0930d27a42ee28f7da98ebf0b8c75e3f71db59136344b8cdd037469d2e54dde
461	efa1e6b47a02011b7254468491eee58f0229ae771af52228e39f00b241487256	578c979678c45a749fa6a73da7b08b31d25a76e578c1f0a98213e0b04c5dce93	148735e8db23ae508546a04d033de1e52cbf340d3814fe992eebdebbdfb57071	6b3c92b57400779a416ca090cced45391ba2a9fc9a791dabbb193d0757d768aa	2681446835780af0cc65314177d4ae88c6bb366124d761bb5c24afc75f79cf75	9d1a9b2327deaf1051074570d084467947463c23ad88630c6ea8f1c3c2cc4abd
462	e541e78dafde61ec36c6750eb168b001e112efc4cbbbb744ce8adcefb598b475	b901c4b3b36cd60f05689a89299acafd179e6f550ba5fc828a073a70c3cae304	fb8e9439e1db71a9f69e86be1d7e58406d60f152f730a926a82618673918f7a1	a466d4c62ede7d4430e58fe533152742244c73cb5c46e54f1cc82da1d4409869	e5597fcfc866bb54f9086b29f3a8eacfc700e1c43e260fe3014235bb261385d1	e52cd858b1ec588e4a656a9374ff49cbc770b44b0a73e7998f18530cd888e4fc
463	48cb2ef8cc1569b2725d358295dfb3805e1d35e817d4e6e0521a92a3dac40da1	def0a5113740de90e4be480b7153742dbb3b6ec86fb7818a8d7133fb400cbd77	e68c98e2779b9ec04e6fca9cb386d5d3b0c33fb07cdfd487988c2b5e836deaa8	ec43925896491945c9ae6661266ee3b0ca29880c55240f3dba463e7b377c3c14	db727ac41272a400521c6f65b29b041a7a82239296ccf5c7ed02efdb3e43ca46	99bc36e3cfb067015900e69b2ce2f03c7c6ccf246cf3261d19eda94d7eaba065
464	63d5e1121a31f7f8bed0f4e72ec3b63582c87e528211bc51be90d5e76417e6a4	caca8ad4d41f08f6904d8037d6e1966a8b1a7e8439778b7ddaf46a49e80a1284	dcacd97becc96f9ef2e31c78a2be8e3f0c52ecb5f2d4c8623a11adba5454d1ca	a14bedb39c41c5ce6f68bd8d5699f5ac93807dcf6339f0fd7e343980d3953f08	a0cd112a3e4330e250e538e4c9eefd950c71b3165e620a558bbd7c5cac086248	15c4b8a3f5e6ebc2b1e9cd18384dd66a19686bf69551909a2966092673046e73
465	df4f42299c50eaca626b95ff07fc5c7e9829b752cf7b9779e2f124b3afff5ff8	f277c7e69d2a393cb62de0b88ab7465bb34e8461ab2b6e79a39961dadad4d22d	174e0956c2591197d3ad4e80b2bd5dd326946cebf8bf1fcc8d479bd5e7bd37d3	3eb7693fb219fcd1501541b8b56e4ade7eb3fe6f1ae276aea1f926381d5f8bd9	697d49bbe6df0ff608930ba4d5d9a229ca942906c4f70a5d91cfe9211e94f477	e3dc8b83514ae63d2d50f008b4b68d611f01d9e5bae4553852eecf582818405f
466	ee490a86eebeb26c1d61d4c34ee275f8b4da617fe90670df0e66593d61e8f6da	92a36c997236cf75ec79f4cc1f9824c0a7c5c5e93c2f0cd4b6b3ab3b762471b5	d3ee423019102e07a80d9e65f281e66fd1c2dd44e313ebf94cd1d3277c947e97	91dcfad90ff272f1d83d6ba266facac68550da16eb8a4d987c8a25057b736832	cd443451ea0b0f66062e09f7dc889b060e13e00f13d7aa70ce9ff2bd8f2369b4	b8a85e02dfa484044572b1582c6c0a16042590ca071dee40ee2afeddaaf858a3
467	204adb5fe67080dab0362b904a5057c7d093edafe6760795eeee7348eabb829b	c1e44d62ccf17f06fc4e61e29f86b3b3ad52a1706936778ba87b094623c3fc81	d13809254fe72bf0d81d66185e19c19cfd30b6a69207c581f652e15a4ce6c9f7	8bf91feb1a803aba6b2b0cf19d46e67796c7ef3a3b2939a36599d7dfdead6e64	30afb0eb8c000cb7efd55912383d1fc14428fbb2be99a7045b6830b640dd3f2b	2ace8c6a1584fd78296ab3c6125bf4cabe2e2b95029485fc2168b634adaaf6f7
468	44564ddb246411e01299f3f6778ab874f2fe7a3f3fc371e1b9db6274651d110a	9668a26d2f5f14493f6cfe2938f4fecdfa0a0c0ff467fb4f341c8ea0e09b10a0	083862a5b3e5a6676d033cf42d43a4dc5946b73807c6d921f1c53fb891605c28	9dab7e4d64d8a95a1798cbfefab2e233037be7de4a3ad5806bee98eccd47cbb9	83571fa7676f365b22845dab1056f66bf3e5a63146553e4e5275a3eb1bf5ca76	59bb1c30317c27c075118189d9f14c963b1f0259c5d13068c16cd363a05b0b83
469	8c91d324e806bacd5e628285da98ad385796f1fdde00510c07e60c22e6a26025	98d3348d34c2080d7c5d996def6ba8840a7d4c9e9c2c30bb272fa4ec0c6117bb	0b1e9f336ace57b89fabed6d307e7adf1090b606f95c6ca1aa7f69e88e60106c	962d399fd87629df96c401b993792b7281da623ce87b1c3103cc0ccde6358330	9c92c84cfd91d1bb4e95364f05b4ac331dd56087ec07d9511c31e5e25c63ea5e	e0cfb219d59afd4ef4dff77891dcc6a77d64dd6f3c42b943ec957f8f06cbaa80
470	3b40ee50da62aa38643bd75262a0195c46c9bf5ec999518e94ea0bbc1a691dcb	4a6d4e09b1701a57899e416ac115bfa60af29ff28c07f64ab32752cc8628c586	69ec8569f4dbfac6a95a15a73699c79cd41de7d60b3952a5278a6089a221f679	1696d5f1e84a8387fa9a689d146b6e9c04835cd3ff0f176a4b95eba17f68a7aa	6c10440fe6c110b13b535ca5cc1807060f2df7d71d6a656ab883ae8919106b01	58a4b17ebafa52e5b223407ff3fb28cdc6fd9c59aebbbdbd933b41658a76ea38
471	24ce0a1a859da18916fd5a69e64d901a2214810176a1e1a2788245c08b3f9d7f	084dbb98591cfb7972b333d5b42fd8b48e83d5bb06c15af3a1fcad0e49c7452c	85b1688bcec6243762bc5fe53d59b182bd8dfc19dafe7343c2593e5596b77935	9e914a48fdbfb8e08a32a13099293f48d5bc2ee9b2c81fa8f0cb112c0d21ead0	b3127eba3714263efeee247760687825f11a618288fa23c6ffd29b3390bf8fe9	5502dea8290aeccfd4e70a07a2112a7b9c900de8efef68e3a932bc817b45942c
472	fc05f4fa71078f4cc5c4244498705b0126c05d95cf0e045c979650bf9497dfd8	2a1eb9c9882897b3b74b411febb13282e6ac5fcf2ce7fa595a6570d20cf7768f	9231e8da79d2bb2f6892d0d1e40acc06127fa1c6917c9e5c350fd1ecd364d349	7372ac28caf6c9d8345f6e0ed06967fac9e7f26399867ec51cb7b507607ee4b6	fdc5a96ed21045e73b37d321bb1883f78cc7322ac7dcf91809f7a5e1eb18c25e	a20b299cca065d11c63ef7aafd5234aa506e1920a380c2bbd4e85a54591ba268
473	e9d71d8890b05e3c199577d2aea02f5bc642eabf5160fd7be27d5e912426366a	37a2134a2dc4a675ce792f544e817079a2a8c2f4882956ecf9f94bec6657a3f7	6e0a875fb76756ddb026ce7ff3881d50b86f16254adcb44b8541b8abc8694fb9	352f98dea091648d6e4f067622a7601a967c788c24a9c2e23ab0ec21e93ca41d	61ac79eebb15e91ba6ec6cdd9a8285ff4b97b8c4fd2aad66b888b1183a58c5a5	76a62f08d81aad5fa5c878c2ba6bbbb1cf4a6eaa97e400ca3eb94e8f73e7fb46
474	8bfedf1bc85c190df427e108073482300443b285c8b21c2c6770e04e56d8d458	f408568082e99d67b358dae3ae52cd9f6eae113e465a1dc4197d03179b2128ae	aa525ea12ee63a65454cb7a037282e7764f910ba595ad46b1ad1dfb4d3076c0f	3954459e07a06a13e874015836699decbe0192dd09310004d7a90527cf8176db	7fa3eb21229ab42c89f211ea8128f6c23763a2fad567e03c31562cb5df88ffe6	fefcda533822f8e0a0dae79b3b8c08a2341c11c756b4ca4d8181f63451e0bec3
475	d6b593a414fec2b7cc9b39fd92d4c0cef682ff929e4aa229623e8c6d9ab144e3	e631fa9f6b4dd73c71bbb301388bbcbf9bce38270f4c77f17734050bd9d5c174	3fb4337527edb622db0f202725f5386a604db3d28711239661bc5236421bdcd4	6a28f8809ba619aa6c943f411ed57e8406fdf75592ba56566db98ba79f825d7a	e57164d880f47f6e55dd34ed6528e305b3b2024c97d9edf8e7d4d27bf4b38207	32ca72b8ded7ac2b90001d8b927d11fbafafa6d278bd5c169d6ec78280ee5de8
476	713d19769ba2ba1688233d01d1c7359fcf7632eac6b451fa3ae96017cc68700c	619eb98bfd78f76348c5c211799ded1411caded1adabd34bb38197a06bdd43be	9457cad92ef14ec02ad94cce7e3e691c1ab1cea433eba7c546d9c770837b92b7	82667c8e3621b3f3ad15963b378a7ebaaa28a6e4c0e677a43fea958c10ff35ed	60953662b0ccede8a15973bd2b6d440010967b0441f52fe50a43779730ce43be	50aa7596e188f7e6bd8c622d0688e93729ddba1a5fabe0e8d2e232ddd5539d93
477	6595935ae95cba470ca63d3e0bd3f2120449f50769e842bba8f9ca4e96410d8e	b5ec23ae026f59e4fa900bf520fbdb66a8571238571f7aa8b0ad12ad747eb7fb	ebb3bf045d74f953aad4e672e1cf8ffe887a83c7ed2035289939162e62f07e22	9e93d63b583bbcfe9a552736190b550e320a6d56fc826621a62a5d31de881d84	78e909985780ede2a471732814e895034a410e7ebcf0eb29185a82042d1a5235	f8ae492d96e3d4b2978165b1336cef210fc54dd0d90789b1642a6d7653f45268
478	f45403a3b03a3d382808dd3c5ebb8e96c0409460f52c9df361ec6f61d262fb2e	7dae6eb637dafa6dd822ca99b6bd510fc1467539426f0021a245568890c0984b	c5cdc023b07bdc9e47fd09843e141fad188200ecf97e5cdb8ee9120721fea2d4	9e983b48cea111320984aed3099ce5443e95ab77d1650288978442c54a8daa2b	ca5c5ddbff9afe5d2d39eebba546375b3ac3ec3453ec0ed5cf248e9bf17fbe33	23a66e7d234bf6dcf732190398b46081e99e8b03a7245c1e1b428a8c624f24c7
479	e07ce12642217b8358ae358235aed33a0af454699e2607a9b8eeb03b6ca7db3f	b7e55edb3dc893ba5a33689398f6c0b439375f1cfba2a0da8e44de4ebf3fd201	f7b0bccbe64274c3ad2048c0aa9cc215d67b45a03cbbee491999b5e04b576588	f297dd21937f08b5cb0350d01c8db06403fe4e4cf1c8ecb8f7c01f57963073d8	6a07fe0bbf1b548bb3d0c64356d68845654a01f2bb8efc00afb70249fbc3df50	0e060d14c398a1d86af88f223a676d1470afb6ea0a99926565a909f8d6a8d74d
480	05d6cd68d6434aac6eeb7889a2e810c9203a5f73d23e279bbd5211d01b3f5a02	5c998cd13ccdbbb370d9fff26936b7932128740a8ec48562ba2361411f95b94e	1525bc4517b83283310b5fa0b1c55d7718069ecb22f3577fde89f4278872394d	10e45c2465fec19dd7e84b643787565e4313fd3ea1f3eda86129d1600f1ad458	68f4353b72bee1e45a365070c5d451e59298b1ce33caa90e6246ab93d9e50e6d	ac19be9444afd56ad7e7a86639a92a32407ed7284ca6a9bf00fa1a49f1173990
481	4126fffa9b88dfe6686a80e1c9fd66350f65f0140e78abcc4505c25930793beb	c3be5d742a00c2733c2673eb70e9797d9d9a784c3c3412834cabd7b4cd26211a	12c8979fde6eb8774a1e1ce1a32eae6cfe166f0e38ea9be877c4ebc14f27d234	06ad3f12eabe107fdb0b5aa70635fd393945972372a3e9111cf14a8ae2cfb0bd	6191129b7b189da91026b3ca1af35c514ebad2f3923ab88d63a098f6b888d38e	1075c9b0198b9ef9a2608256082b08d13a4ed7d2bffd52d3d47329f07e7302be
482	580e6e830e3f72c2ad70c94ef2bc311b367bece4e75047562cf6309ccbb48eea	3f34d8cd136ac7f92bbc7b15f9520854ce89f65137bec8f5114555d31bb90ec3	52da9a6b5335e287be417a3cfb0a136ca19ba6392ce7398594cbfd79005b75e7	69639ab66e62d353dd493e902321a013b9e919e32af42da7fce0ef0fb8523ecc	a18035d67d5aa15c2d47b8106c9e7feaf4d9f8908c02f7318bee9db1ea8f32f7	22af0f568abdcc1cf0dfbdad1051998f2b269d158c786635d4a7e55145f50b35
483	3f283a0951b72b9fd89a6506eefb44b337f7c87cdb705137d6455f37791ef78c	636c41d10f33d5d6a26c09a68f29f948a6496f948264f1606a584ee056abd577	e0b3e9fe1a401726fd17bb43d7b533f057ddbf88cdd83e2a2639f250ee2ce083	f5e7c124d9b8b39a6e18b58fa0394158b5f8dba62da979ff0b336cc27627998a	f09d0808902a3afb6da4daef2a787e3a28bb6220f0f0d43a6e9341fcb8c5b8dc	a46b1e68b3ea8f77100bfe6fa86e79b625cc6f8879f59380beefce1636955315
484	5281cc9e6137776102ed092b15bdec6b56bc5fb07453d69630cda2afec5922ea	9c69d8016a7d5b665b5fea56fa823f460e7897a21e7f7cbcb3faa86523b4f4a6	1baab41e2a9816889fef5ac683609860f286ecd83c5241a485bf6356f974123b	175f8bb94afb4f3ade627fbedc0a55331b8be8b83428e5a84a5800ed7793c60a	01b0769f21cfabff978e8e8d5df8973ead4c2b2fed8d4986c868bd6b347fd40d	a92eada141d230651f0854dfb2dfde7b9671316c2156d6706e0a000d14f5686c
485	8c3a91b626fd522e783e3572e6bcc4a769c51bfb6953903a1a12acd02781d48f	3990e9e503079728c4214451dd97baad8e853f8a0a73ff834901653f9ba1f5c3	d4d858764d2c7f4d8e992019d9aa088f48011fe9c45c0f9cbce4ccd94a48cc8c	b8721db5511869b654e780ee93593292c6db19e0f80e80db731c7f6557aef448	02a08fc4cc1a540c4a285c20b50c3b0ec33638e88459dcc6618f35fe21d0a66a	cb4025b57faa08f9f1507f99b428af9fdf9878a5dfa60788849c6d540a9b1851
486	84f3dba5da2c786a1254a6955dfec205fcfbb02b25555b10d6582c2780db98ad	d4ca94d301f2751c5f5cd99ff4524e6006e362a1a27cd634fab3eac4914eb487	535383e5e729013528ba8ca9cbb0bfde389e0c3c11e9a2f13aad36696841c930	a14905986b15292e12a1a3a75e076eba4175cbf03738f7e0e0b34b1a88618c56	c15adbc9918a02b8a10292b923a6dac468cae7e7cad7bc8e944ad6e59d1cb128	d0d82b013ea9ded7dd88db1fe7b83802f68d98a32b9ba62c24ebcd361f581e89
487	4ce1e40d74d6edd80386101da9ce4c6733be594379e4f88771e5d2fb9a2d59bd	a93ef1fbf313e06f925ead4f0e257cee7c4fa96648b67a814445602d8475f34b	ed91824dcdc7573b72394a60f513423418f7e2db3afe25e1f14af52ed1b77c82	6a80d9045c08f492c5b80eb300aa577f48f8ae1259674eaae7fbcd852137c298	de5777017c2fc274ca97efc914be74487b94a91c322a15d88239511c25b82412	c403fca56da0575a309308c4a24e7e0aad7b0dd5085ede5f1d153d607b8318bd
488	62ff1d7cdce98661bb4923c6b418eca14dd44a837abe255d85aedd4fe903fcde	dc96bf429f2c1fa7cffebdbacbc9d2521c4a48c3f3d3e46b704d10cdf730c7d4	a382908156741307d8d93445013f2b28b95453ea4525b63a4397998662a5c563	0407291762c83d7d74ffbea59dcd412b35729c98aee68abf91246161ad993d7b	96fe4afaf0d97283921c3e7716dc2805ca581450ec447efb56ac5172b44991f9	9b630b09ea348f749da142811062accb2ec4b3929e104d1f229924d99473e662
489	321dc866c38ba7882dc61701c688d3f35d06a216ec3bd399f22b2e09023501fd	500566d6dba6199760150ee8ff8e812ffa55c419d4d182c7a39e2bfefaa5f57f	6b65e2abf1594aab1ae2a354e3a289de170c4a1e5edb00441abb2697e7da00d2	d2f8ae7feb3d535fece70580440a66348f29776f08c68bad97745a0bc1e725bc	a00329c3c1822cacd00e72e273a2c88fa83d83fa7f0b84c567e88ef9f9fda1b4	43e9256179560a976fcc2da2c618252e8aabdb49342982447a78f0ee4567ba78
490	0ee5b1845d15b3cb7fd89028bcdf14dab471f387b48632e5a5c666a54d4e6b6f	cd86f2d36b7504de05a796cdaaeed59a26690ed000072f17b1d6a3427dec974e	fc72f2b4bb3d124fc3ef39cdc96c35780ec00a6ecafe084f5945163bf8d836b4	1ae88a9860f2581d8a81e0ff22c882414e1f0bacacf48fc99e1b06dffdd622bd	2d14ea2a723bfc6921d0b4154ceb1aace3822154d10bcd4a9b09bbb5416b57c8	f8e9cb9c7777083e4afdd574716be107074b8a1e480a06aeb6997e3d7cb91259
491	26b6932bf65f1029266dbef07542f8a7280088501b89d8337f73bce7ba1d7561	02c6174f37ea9994fd4dfc34ec94c9106d182073dc1e03e038a67b3085d095e8	047d7b21c7722f25fc3ff3f3fb3721b01ea2af6c2b327b56034db4b29ed8d048	5c70990e2b98afef939b23f041bc1110193cab6e12323b67efbc7633ea8d2ff8	09317dcf8e2b73203c834423602722742ae503881fc7d3adf0a2c27cf0d1fc6f	84f501c3801d0999fbe90cbc12f54e793d7e641b8d2aa66c224a8354cd5f8318
492	fe30784e12bcf19cefa4ec9df0ba359950d5e9b9f820cbee7650bcc0be96dfc6	13883eff0fed000cd9647c5050ef38351eda2bcc3f1f876e732cbf0a5b56be6e	093337b1b9e59a88ed32e143e91762a9d7878f2a131401b6a09df3802b277505	ab7e32970c9bf4d69ab63c35128f6bb768cfa38fbb2dba41b5c847620e8e6ca8	adfd1f0071215d63157d880d5a259791881e7898dc26ba7f2e39934b53f27252	2df5998f6bf139c9c67ae6446932216a9e1136dddac0d8a1d583c2e5c82e4263
493	a46a799d4b68146690b98c8239630591f3c3d139ef8654ddf7acc1c86d6f5ed3	b740f205884ab5439b041db6a8c78e461b1674d46ccfd4b2f298c29c8a385588	da58f35a2c8be288a45bedf7c3c648ccd47662ad5ac8c2ee89e992a877e7dd3a	ece2116a31a1adf10cbb4e02df7225be52388f5036911b470bebd17b0430bf8a	f0e27342b1f7d674e8bb53922eabbf6ff8d71bb6975568e8d5d676e7ce54c558	0ed103f9837b292292fd90fc17ad624e0ed27a7c4a29d4202f0e21f142c6e8a8
494	b9fa3536104c9b3910db1c40ab6858899ecc7fe03ef5c44f9efa847ad641d677	d4cee15aa7f768170a88871374e5153b5d96d563fb25592ac4bfa833b1307cf5	528638c82f962189f2dd7e521718414cc36639e010a21c616d26de7d2e05e4e3	f75e04adaab08f03feec648248b7594673ffc97090f9fc2a838a856a694ffbb2	472c1c3d93885b4e008b6f28241ea55b917abf74d4a8b0ffcbb57a7e1cb9d6fe	773bf2a350cd2e571a96510af1ce56a06cf2194b5d4cc11ad32c00eb99c70761
495	09fc8b4f6b18d40dd859a2f3570c237758047874a2df7634b3eec9acde92f36f	ce8f37316adc43b1e03d0a39905c904efed5a2fd967c49918e0e039620240f7e	c71436940509f582c0cc61110d45bea900f9fd4c8cb1876197df9c430f8a572a	f309763dd6ddb570b6e4e8216cf513ae5c4a89e783efdfea524df2d9ddb556bd	2141bf1b1230ec2b9b0dfad67273416a1a4cbc37b51f8196177cffaa0d6da06c	fc45ca6aaf5128033471d8f1f5e4efb1f5aeb189205f48d3cf83651b0369354c
496	930678d1b37eaa8ef5b1ed42c19f608c0acacffadc25e50bfc0c591f138d1cee	68d3292dcacd63539bc28721dc61061b612045b67196008bf9650e79147cb60a	cb0367635ea61941d063d466ebdc9d0a87f2d56c405072f9ae964e5c471201ee	c843c25cb6a3c76f354559f86fb75fea2ac57df7b4642ae0df088b29e8232902	1e315bfcbbde5c1a772cd2994ff536d8ae736c5f4629276d03386c6c0908eaa5	c8fbe644774b4342b7fc5a3a699534a2a4e71c4ed5cc136d1faf799836dcb928
497	6f530400986089d8aebb787b4eec9cfe71a76035dd11a8be34d4987ab1593ada	4ab2c237f145a48499e0d93ed64c46e77c2d0ffa362bbcd00ff4a62d92cee0d5	bd73c642a46b82515df1bb9de9eadea04cefce15b114837d82c688fc85ff8085	6349c2b97bc37bd50f64ef692ba2802ab96573291587cf0abd02b9dba72ed05b	19cefcceb1911e095efd6d3f73d2b91ccb58331db475a72cccc037a0621eca58	cf348062ac13aa4cfcb3f2fad83e3409bde56891c70b16bfd8b1e00cbe27b3d4
498	73d7ea37baef58d02cb4b3ff4746fb6de7a6aed03b051b44ba0f17c0ede89914	1351b1428a02e351e2e47ee43ad2c50bd4fa57ff72f53ff11f7161c17b389820	1ae396ff2c22e1e1b2c840c147b01005a81168e728dc967b12ac1a41c31bee38	ad2da0c4b885fb3bf52aac3e1dda7b8fdb7f557e7fe6e016ce78034dd0ad38cc	6e3d4c772fa0362958442552bdbbebb7c7cecae0db6b4960c827cd092bef8db0	d60a5814a72e04e1c7b00d841a90db838992da03f2123ce5dc5dbb322f40d5e1
499	af003cb87cae522c50d454748045ccd04c5e0f536990b3316381f24e2a7f2e0b	944b6335df43e5f853e87423c7b79dafbd846f3ca088d91cd56da5187578ca0d	d2a278cc8a0627ab5dd784e93d6eca179836ed4600873bddaf08cfc8eed651e4	b9e4570a683eddcac23a6a836260f95503e887aadb51fa5f1da7f5c4e5554938	7c6e3987bbe009f184d18eb63e806a86ac7343be58f59d4be4ea92508fd26d81	a50eda12b11496c67a0152543f9fe45ef06ab0cb4b9a7e52444ff74f20f110c0
500	8878fef6baa58342744600b64b2be31f97917d32e50a08dcf49a12749bd08d70	43c301cb784bda0e44eecf700a575c2962c020ed818a6f5e92679a6bbfdc2867	f97e4f7dcfce83b5bceb356bcd0dd685f9faadbbd4e7ba690c19c9f6163f0013	bdf8725d3f44196cd6d80f225e6aa956be346fe1ff7f78a92091b24244933eee	a1fab3a643b3eda39ca0d7159e11ca6557e0864fffb3cb71b17986dd0d8f7a10	2c531c3930426f6b472d03e584ca52d4cbfd16daacafca4c861334af05c75b44
501	68faf478c14083aceee3dc2579c274939a0c6cdf1fd63858d3160d82256bac38	d03c3e16642e5d80e094d9d1306c0862d9a1da0d14f56665e8e099522cf67c86	61a11b7bcd754b8e0bcf8da58e9a1b1a9ecf15c922389d1a9cfd5aa55075e663	320bace8d2aa1648a5f70f5a4461d330b04111dd2a4089fc5322e2e0ef449b31	bf4b1d3407e06fb5d471c850536882f464992bd3e43e0c468e519b05e9ff645e	979214b863c188ac332011c0e62811b1e7073cb9802dffe2fb690f9b5ed63132
502	7e02037de4e60f44b80894368029e098e9ac60a4b50e75efd4295b3e8a5770db	2538d52da984ee2f80c06c395fea635d32ded2f1f740ae5957f26bce78d71289	abb6bf360da001daf48fbe73d6fa5d3b53c619ba7d9ec1ca13df08615e4c7fad	978906f68a8272d1ef8181e11157d460080275efbee647d85eb0e5ba4ae46122	89838bde61a8b0f80b9b93ffd14ef43b55d7187ffd839a67f940c70a930136ab	b73df56da09f4e6e6ccd64ef4ceaadc2efd73965e8f7eb6f5e7fee49e1c26941
503	9625a6c848a0c659679661806b1c37ae443c82262795a8c5c48054256e0dbeea	a082bfbd1ca0ea5b7a3d878157fca8d8404da82dbbbfba970a8d1b77eaea9a30	ba3b0fc1ebe0fa94e48168b349772b3a1e178277facf2b2817eed9b859d33ae4	c610551433c4d1b85cc1f54d647fb0723ad817112983fafdec6f4b8699fb9b93	aa412d2853ce1b81e3dfd0a9f603d9b04479e056b6dafc19519374ab415f983a	6af2ead9f0001bb1f23a2f45b565454b18a611aa41fde72a3897735c839678d6
504	108ff89b0076c07a35ae51d7976cc6c5a02f286838db03e93ddde8cc14834fac	cef1d7b382dbbc0a583e0598037c07ecc157a539d7782dcd50064ad9ca4c4452	7cdfa2b9280d5fb1fc83c642e23485ec17e513690ffbe919b374553b04f5bf9b	ad6bf4c55cda85580a4eb1520d3d776d0568c9bf9637a06755a84e250f343ff1	fcb56d4c825ef058b4d6b13f093f87f77d14c5bd6bfc410bd0621ced16332b2e	688666e94f1736691c7af84337d6c546ab41361d4d6c8b893e0e864912ac53f0
505	cb6c96a4dfa725661aa0cb63a0888d7cb2d871827f2fb529d42a76515880b40d	94933cb99124dd143c7888726df618c914ed812dd8a9bd4b1b4c7ad80b21767c	8ee87dccfcbf13c3eddcb7fa955c15e90f1a2f176cf5743c35ce36c15d6d8502	d4cb45b4fc2c943243c6fc9dee61c020788c5d303467fd99e33d9d4565a706b0	9f14a8a596de678d9d2dabefea536c8fddf64d7d966c8dc8c16fe181f491a2fa	b382a6a8ba3269fd02398be179a661e6eecedbbbbbfbd929608820c25656fdcc
506	41a413beb116edf8434ac791a0ea42e6051cf7851f7f5261276b7de55f1deaea	ef9fe7d9972d04ad87ee47e262eca4b3d218edc5a57be06b61fd3618382f2313	b8d41fbf8905d25f785e076e90461fb650f19d94790304a35c67c85b1f87b38b	9e8c36b64dfea7bc35df8a3ac2b0f26b958d60ec1e8156b6befe0e11f4edc1db	7db5a540c36da341d151a9d5bb9683cf044e752dc9fcc3570a29a9f64fa69762	7d2fb07008ade39b5276a207fedd13a8d3b1209ee59bb8c974d8104d2f77611b
507	d8486ef8fe2e0f637e5d315b155ddbdbf00f17d8ca207ead57fde3743431c82a	299e928fbf7de55af511452c12903c17af96f69672fb0625a86f6959577abcbe	25b9c3009a2eb89221cec68074fe7f9778bef55bdcb895c0d4a0d071522995a5	8fe0d189c1f5f2498a7cb031a74d5f6356e9198543279126da095e4ae380cb9a	10e17e76d253a01e76e08bc42bd99862538ccfd50b2a232939071eff365822b7	9ee1d85018fa813c40dc65bf28972e9cbd2ebad9a26828822b4876a3363ec70e
508	9bf91c1297db0ca55dc4b029e722797f86356e0edfdbda1ef7833ae57b6c2983	1e314f7592217729bfe9119ff1457cd4eb35b5037df86ce01086ff2966071903	1b1ec0286e883cd23a2783d87147b10e52faf008c36681e18970866106bdfc93	a25f9788051a2833598f5213b778d730e7b198637c0b61d388dc98bc1049631e	f2d90e8dfb0a910b245e1e1f5cdfb529cb02d4f0f2f0642b9f1933abf00ecaa5	ffce8b315ae9a5ff8c35779d815796e3ee1ba56a8260f1ffee372d990d5ab543
509	e13a465adec78b81df4e0fe44343d9ca4e64ab93996af24fae8bd24fe66e5476	8c04f45a79bfa8d204737f701cf18aeff6328b5ccb4a2e701cc45c914ba14c21	ec951829e371721549d5feaa6aaafd12227b5abb8a0a49ffbf694bef4c26cab7	9f1ebfefc6b7f7e385675cd81f426041728da1374e8ec41dc9c74c9fca958380	e660154a56cb3509eb0baedc0ca4cf05fe2f8342f61d254efc2917538670efca	ecbac78d0beb63a805bb450f38f35be467200bdc847542a9d9547c10284d72df
510	9e8e7914577ab5da1efebb68d3f1d5c4854c516815edda48559360950ba68f68	d64a5c73d5efc7904750e7d8313b6bd6cf7b202bd1992de30765be77b889f193	1e89140a45941dea6ed40c7472629c720b9cd4fe289f54d66e795db984e0b0be	db9833d58f3ae4eddcc112cfa3e5250343720b374bd6799bc474a755ff69c846	ea7e457453bf6b1c1f20341cc2537845daf66c1fee00e75e3d9370346990832a	c5f55ba7453b38aa6c2f510a869a8b1668f92b160d2cba0551ec1d9b59386e26
511	6f6f359e345a325e86dc3022113b288c4a304cfe1684db686cef9e8efd49b510	88c483850d1079cd62165d5936ce13a06cc7314d1d94890a883bddd2e51b13d3	3dbca777aa2aec1d134d8d26a6ef0438f1a3501a42eb3fbbf39b5288c48321ee	3b56da86706002dd6ae6e284af1e8e1be4ef79ba742e3ef7bee29baee182e45f	1f41a51d1e98e223df7f6bc10cb39a2523f1c0c0d8d064b567135aa1ec5317d7	f2ee86882e0b0dc6ad3bf182c15abda5d2fdd9600ff5bbeb2d42a21c9715e6fe
512	6c2d995710ff09345a3068cf908be9256d21a9c8702caa6d030b420cbba4129e	92336c187ad84813ce1e5d2edfa05a05182ffcfcbc64780cb4e1849789714d0e	4d0871daf05c121c5e3bae47439150ad720b16326e79d0acfa8e82e87cf2c599	90477e63572100a49860fe3541bbab15f1a5dfc69e910635ecc2b80d806e6e6b	ebdec82c949a1758ef60971ce8253c5eeeb018e3f36a05e06fe2a8728478f155	dc7b5de61c65fdac2564d77da7a11699002e64883e66a6fd200211330dcf7c5c
513	73f0ff466ff645292dccae0c9122323a09b15af381da52386886860e494ef2b6	664f1fc62e36406ceade95c7abff92ab571ca92dbeb42574a82618cf9f6925fd	776e33de098d179095b720a02816661c6202239a979ea28d0ee6812c3acd8801	ca765972e02e25082a7a598165ed1b2162f21a97a1ad0617814962fab6cf89f5	c9cd8ea98fa131dad17c43e04067322e41aea0c98924b48644121378d91f894f	0f2651c0cc2bc193f507b01659fb5081f6d445429fca36bd4a854f30025a203d
514	d2258d89fa931425b5c270ac7a340187b0635a7e6ca254287fcb07394ab1570f	47e40182d80fbd037e7946a0e086ca2c34260991df72285e82341d6355fb9552	18e1399412383fad85b54e2bc7dee2c9130e2b3ef1abf3286d9a1c48bac2c27e	2ffac5f11af9c183d0f57b148a3c876637f0017f4eb10004af5fb322e76ef935	737803e5954e4bcdafb8c155183d4f01cd36c81ccdf682dc651e583511facc39	db8b5b0293fa9b5b8bc1c25b03a1bf2d787daba89ec2444bf177192b3ea26d28
515	4ff889a2fdd20e079c41bacb10ddef0ddcd02b5cab0a4fa7bf08f15d77b1cd3b	d0a58c85623fc93eb4794c02f972704e8929b3ada66f9addb509be0b852068de	d792fb94ace59deeb5fc4b536411563def26295e8621d9f3e6ee558708e240cd	9f176d310bfe5333f8e59b60d0738f6c7bf6d138f0f5e9b13af6ea47714be0e8	53a52e9ab0c876eee38dc2b8624e33a95e0ac4034723c67eb18d3ea0864cfd12	bcf71fb3312e172acb7c1e0739465914f77c75469cae2b5f76e56f993dac1d7d
516	87af860f36c950b1782ba65ffce910a87a0308cfbb93bc9209182c8eb74db28c	0329fe06e50d874210026b8f90a09a810bbbf2c6412447a93f579824629319e2	146a70910bf8f122878e05a0d7fe6aabfebbe484589ba74052138b1e833eb38a	8cb7646bb2a7ed32642c979b88880e6a190dbf128e519dab4cabd8d30183f0e2	cbfe2d2388171af5c3d654acb84cb1eccaf0561b5ead33b3e49bebb3a5a8e661	be5c470e6c31c400d257162984bcfa5d3e08876b86d6f3009ac7da1679da1dc3
517	bb9f59502e7ac69de1112688ba017b5bbda844ebdef5eb57841c3eb9d4f129dd	5d62d0c56e895bdfca00982527a5e334b005b527433ddfec35953abbc73c3c95	0b4825a58fb3f42082bbaadfa435dd46dfe820cb29e78758b8b6230b5ff6c314	28e543bafc129267343694e338373c1ed446ca51bec4f2a506792976facf4389	6cf385bc0b3773d7c34dbc9966e75430bbff4496c00d764e4359ba5917e6d07e	8c49ae8059a8b316aa34df70d422bf325a53035800e01abc4e98b47b02f7b2ba
518	6a6e1494144360c050097dab1eacdab2cdf23166fb638f2fe40fa1b6850482f1	6330ec29aa2d2f3360ee2ab2394afaab45d5afc57397e6fc9a4ce0f5df1018fa	2b95f50195e0c585b69f95dcb7c59b7c65beaac82116da6745ce9c9741f04194	5892d8e0375ac536b50c6c3c04931a7641f1432314a2e0ff8b513f25ebb0dccf	6c61815a5bcace5c790089a0143d789c15f73607b0a78fd0989c318348c29fed	3db468bd564648884c0f28d808c308269797b77d680aa836e68388ad64b7872e
519	a108a9d27eb2cb22716b4a6088f6101bba71130a1163a4995fda162a1d624b65	59197a6263c5f6d308312b1c7aa2ed00fba2f7245f11e2337620431980957a9d	24988976b712a848cb06ab4229c9c2938b2f2ba95ee39abafc540997378a7dfe	79e9d4145236397a668a26ea2aa9315bbfac5a6782ab75ac9d89839fa0054ff7	29f5cd8655b2e2de1875947abea1dffb60bb34e225aee37ea04346d05ffd205c	6b0201568a7d406d18766d980292ddcf7ac40bfed8b822de668d365942d99104
520	006d5dc5661832c269455bc904c904ab0c89cf03ae95c894ca699621dc5d76b2	a2f6ce6d230f50e12075065322122d7362a21dc65a9998705b9eacdae16e7290	f537160b5b2a6e2c22ca3d8323f5b84eab7d6b1ab44dceba5024c88f8d09c155	e5a0bc6b18fa1641b686855bb445dae814784b2521d6b7d4c77edc8b9c1f7186	6616ab01151bb7a65ef0e43ff04b5483777a78a490912a6c29be930a5f1f1b95	ea293ab6f59bf7451a220a60e17fe2cca485b0cc606449a6acb0d03ac7bef352
521	b8ba9e97aec9eb836fbf89f3c77f3df3c6ce50b99c746bf756a8e224af5891e6	217679abb04b1d4c67c00f326d116df26446d35553355d3f6f3449858eeca7b9	9a1f003005c44640c68caf7fffd2c44026b976d180967b93f50e688c361b4adf	519ca7d378234525c58675c9dcdd5c3ca23ff1d2c38ba129f8a1a9e6d6ffe669	50f3fb948979770fa44158e8409ed1824294dafaeda5e7a2ccae93d7b3c46923	652c008781df676a0e3563dc57cfbc9ed16089c69879d3186c47565c0bffc9f8
522	0775448d184287a327856a4cf99bd8b2f233311c35dbc172c7e10f4c7e58e541	8bfe63c78c5cc30bf6af0659cda65702f8a6b7a23084ec672211f283fbffecbe	822097cfa925391f9d9e2b620e934f36444c4ce35abbcac39950d17b2616f9ab	9a9cd5dbcbda218b50a8a9729e30f0a0fd0c53ee5e49c193d4a372647e8deb42	d3d772e8601b72df9303b47f564cab9a75b9fcc625c4f36e608e9173cbbe2aea	470d14ce0126daba702dc173c405f10d2393f3fa6fb2c6dd652298af27fa9b48
523	ff730b7d5db3446711871fd1012006ce9138adc9985f0f7ae6e191264e80a72e	7412bde2b12320c46b75d422ba76b4812ea18f226d5498c0afe9d5b36e157194	1c672ff01c233df4e543223cba3229097bd4287d0d565c60cddbc1a631517bfe	b20cfc84c8ceb03b5be6521bcfc5ecfa981d4533c5bc510e4594cf66a1da7f99	2da79cec55231f69a96935d992ef59b20c8cf2b444a6047057a05818f132874b	d8e1925132f2d931edfc5cdb66265c6717293305348e86777be7260a0375be9d
524	c3eb660cc9b7a63f8e3a540d900c52701fbf05fc03326d18f513dbe67f314692	af06fb564e07f4438e508969b9c80ca9af07b875baa221935a306549289bdd29	f17b25aa42d939bcde955c16716dbe33731cf7edfedb3582d7b7d579c40478d0	f0005abe964d0320961c4087a1f5c74f7599077631773f4b94c965d97e0c6c5a	c7856e0260c384a38aef2237d398c1cf4342756cf61de7bbcc699926dd196457	7417d517274a312e56dda369b842a3c3cc9b431293be2e948dab33e07db315fc
525	25486429ca6664115369a9a97f2efaf36234083f96d1330ed5f1bf5a85ff4d09	5e4077bf2c3cac57bdbdfad83b55e9294661c41bd51859cd7e6335f311dcfb89	411a1e84fb054dfaf6caedc8d45dd88638465cc29cc423a9b775b70f6eaaa2c2	2370c051c5b8e5a4986a1c864b0dba1b32e27ed99a24b771ee5ed4a8751cbc1b	8e7b2b0c35c3077a0ed62d995b49287949f61fe23769240b1fb9c1eb0e36ca12	f9ab6dc2b2f498f9a2e6b47d313b3b16286451b53bb631f43510afa58ddb110d
526	360a064a207ee0c610c0c0c549d1f4b9618d0e2e5c8d5cfa41d36bce8a1813e1	c739e255747d91946f71f52cf17387849fedb7558fa83012a62688fa2cf736f0	9fdf6040440e8304493cbe8a3f3e0d8e3fbb807402a5d235bcd18c04f7698367	2a825233922b4f94982de055002a4758362498cb1a35492b57ca62e0685bd97d	e396c42e8e0a207f2e093cf50a030a19e4815d24d25a0fc48a01f76c69be65df	9621c7ef66f9c150639ab224576fc1a586947a73afe4d9bbc0f357acfc3b84ef
527	01452d5577716ddccc9bb12b2daffc71c8172a075e2a2604aa73a042c5109605	2304ff333c6d5a4cb2690144cd2d1dd80bc255a6ae63ab05e4f2fbe7348c27f9	6cb74d575c37d2efcf376c46b00ce24949af0f7bda83ebf1a8137eb3608401ba	ea5cb6400e00d025d2b091cc109428f6083c9e9c2c2f50c9faeb760470847a07	8a606fc6c0a95886185d43e598d2c6e6d2ccdca89fabfc45c84f9c8cd931e68a	e7c66967453c8d0b79ddf3742b3208d3418a768e592db6e0700a429668c1de65
528	51f81824e4287075af4db3d43e14cdf71a1483b2122b91d4a596f66e2ea47dfa	25d70dddbe87c2c1b2defbe6005ba8f6cbf7e695611174f9934419037d91b6e3	eb66d5c50243b2cad9e211bd2210816fa9d065706ad46755f026ff5525575781	c0cf4d0137b40e3a2e4f9ef674efcae10d8581dc6724091716da9f181b31f12c	7c9e074c54e403266e860df590886c64af9a71bfb0d570083eabc562c423ea0b	ff328af89ccc14340dcfc24164a626e78ab30190b5ee7a8be9d0b270e84d3892
529	1c380adc62dc4b13c0fd8ecb3623ee9a6568477ce361b1aabf527c74e8552cf0	543a9a2fd7b789cc76954d9f7d2b3924f4ad6c0d0e7fb7886391791ff753be86	b6568b9b1b8bb2c42972e24c50a39792637f921fea5d66131de08cd3801e3596	0529599a9e7762ab2d76acec6bc484d26a2d38bb12dfac9e5fb5d2d55289b6dd	fed3843f569b238c448a53aef5b7ea413031187a47a92a5e5cbeb2c4bcd76166	41244a3ebf80cdb709716422062d07fb7d7224b90e506107a06bc6a24cdf43b9
530	8a7f88f4a5c109d12ec62b9825bc862c0eecedc10d56d62c136e0343a8ec75d1	4060b05d22e36961e03575063c45a2ffc966911a759bf25fafded9e5de25985f	a898a4c9929f084e624a34e0d55be64c15830d1fdcc61415bf86da05da3d31d7	4d52215d3f4362b35a7a44cb7880b695f74a539f2adf415745ed3c1fb3b32d68	0f83a8911d38c981139e8ec19784d7da75d0f976a5d60e20d9bb3fe599a57a63	56d53cb20ef79437ec4ffa5f367f0fe2b9660ff3518f82018d76ff7e7ac474e6
531	e5ec29965fce2dc0dfb4300853f631cc375281f730eb4325cec600709def7cdc	385a3f8d570e3c364e9c89a0a4e2556e8e962196c8b26943d46979d1476a66dd	91b39bde83c6168961ad6300141fe5979c3a0111d336edaf844387a29d6e1bb4	d36422a8d1df63b4e28e2976b0a57cea31482c373447031a7319d1e8e63d8ce7	776626128b9e11f2e755cc5af57b631f988e6673662679815fb95e74a7bfc44a	e9d2af1cca0ea5c03937ebc4cc763df8e7496aebebb774488e49c3188bd87ddb
532	835179710a447f70b503d01b2da44d14452703b17b731e1f6d6bde050476a8b1	6a01e3c03d7d86f5bc65fa8304c67cf4ecf7ee070a81dc0af1e083f766314621	05c084781dce855e6cfdf9135db2918769a9b37220664f298fbe63cc9cdac398	8b519d2a1080da70b1064fc28fe885a00cdaee0c9a0dc6d26984f5a4dd7cf687	1722410f7a623b2e197983280b2efe8f8d605d9458b1de275d058ee38e484b7f	cc905b29b85a8c72dcfc779afbad089506dd739f99960fd6f6933584d742e15c
533	97bb767cc5656435271e99eff1ff630437ea32feac1ef29b82eee7303e59dfab	e65bfe8cbce1ce7dd8386ea6095695bee715628c19aee1a4d29860989daf07ed	d15b2c0424f70ac699ec8e937d2887c3d1c9d6c20963ea1d466c588edd7c0ab2	f09d02f8b4d3681c9a96a471aa27023326e2b4b18a2cf9ef0ad194efa66149c4	2ebfc23b530951cf9e3621d5ac82f080a3df2d34a2128530f8d0a14c34bdba6a	aed550d56e03ed1c5e10f621e96b1c24e4902d0431b9bc48086cb5249085f744
534	77806aadf85cfaaeed2745aef87f8faabeaebf35e342c63b4c0e2a4ef1d11f33	7edc274ecf9f62ae02566dd1fd3414da94f4aa6f7cf59310388c2fd1f65cbb6d	14d7f7bea0893e29516c035b48a1799b5563c7a018bec642197edff18911e9e5	b266a18f0de0d6bb37fdd8a8f29643a724a236fea1363aa79acaafe3d9fb6bd7	8385597c2a9797b0a17feed684214395f5e9b77891b47fc7f0e2d4628d91cc33	6cf3181e3184d3c399898096257a51caa959c1100d075d420d1060a3d6ed182f
535	2db7d7689acdb8ea4630a455002d25a09727d11d8c0a43ceb1e9eae688abe33c	424388ef3348459828973c361795506aed82bdbcac5ea91991805a97acffca1c	372bd9c92f940991fa617a4f0fd0946364f7137eabe5ec1cb3630393022347bb	8a911986cd4200d34b6764d719191f63706c5e60dc80ae72f9aafd0eda5aeb2a	bbacae1d9f4b9937d54bd62e5549b6dab4a0ca240f008f739d64edef9cdb3062	16faa6881655311705e3495f772c1745619f83eec03a9aee62b55f0334557dbe
536	25567b86db4f35fd61585eda11b0811d50bb5c56696bafc82a5896f3df0f9f63	3546f6a2fa205c7a3d11e6ce2d2914167cd456024edc8aa43ea93b36ee80890b	3ac2b659de39f514179c7a6cde39d57d028b9e92c64da2a1a8429246240996d5	6f784f40cc874d57e5cc350583632bd071dac837df9429f36e4c110d19143595	2473dc773541bded949b817ac1f94d153d3932e53dce253bf34c6955f25b15f2	7168016360f730c6d8196a2fa6e71fe0bdc3841e2a755e8593a8553d3a401779
537	964f45415f2f4851a3c5e8bbc9d0617ee8f59bbfbeb846b3c1bb533a6ce19098	130773e1ccaf1d2a2dd397e3d0941e8f7d04942a7628eac11f9b2b219316a338	8750764d972d07d7117fb5288cc0c1f5e4c6cfcc9196530ff3a46d5d79c5a53f	692c49683cd20c11361bfd1de1ac0967b37758a24f8888beeedf7fbaef8353de	c5071b250b70cbffa37c976e70f3195120f7a40a3d7cbcbdaf487d1e49275154	91b525fee30b778e569dbcf95911b045ce2e41794302b61b206352b89dd53a9e
538	3e0bbfdc9175d0173c40219dc891408369769715347d90bb9ace900784c6c48b	097b558af33399c42f7ebd97d16f784394b7cfb39fc0027287db2ec7b9a4ba66	a86fc346638100b4bbc006e80c5b8d0af136611e69774c5baea6abe28f49a83a	2fb0d6b234524477d245e704ebe5e2d3e00ca961e5f154ad389a2aef00fe11b6	c8a8e2ef81fabb4122983d0ef430550ca5528dccbc03fb5d3079a77eedf31f0a	1c996608920ecef1899db8a9b85124e269528f3cf52cb68886075b387bbb65d1
539	72acf193ea7eddc18ee3fa1e6338d9350e04634e849a1317297ed68f1a3c1b65	454395eda92529e8ea26a046bbcc76d9871c12f2bb910710dae615eb11ee04f4	bff5da5600f3d8ebf2a9a79885d1eea98838f6987fb3fa77c8105d372b281505	fcb539d2fa3b9413133c332a79ab91228b815dd861d6a4aecb275f66d84d9697	c266b3b721b1c9a96e0bad269c8a1ce85f69f0a9c4b7378aa5bec6be7be91997	c3b59ae68e5535e21ee7979b53f59b303a013a96ef018ba85fcc41cf4638c43d
540	e37cab4083c6e17e1cc66431dcb878359f1dea7a8293693419d5a961fa0e7da3	1381567772962063ba34bffe17340d49311222633bc235849fb0119a73d3e6ac	ec60efc5657506d723c564fb392c9136a3cae3cabb78e5e919333c0e672341df	aa71c99f0e262dd40b5e05c9254d1ebf3a61ecd76e97232ef544ef0072bcb9cc	ec304e03feeb388888a40e83c6032733f8c2074397667fe6ea123de590e3923c	9a3dee4c54e3af5ad31b243d7b3a38ae5d0de551e60e85686cb10ca5e48d7446
541	859d1c4bf858d764764b76ea67bdb7d8903f0d18149e0f67dc2d296df239c85a	b6fc757a3985fce26f943cb96a7f8630ab474b80cabfb6d0649f876e4a589a1f	4daef69e37647287ed2368d77862c7ef52f7fe8b9424ed54a026a81c5322f446	ffd6939ae98675a5c3c0e895e610752bab06ef615e2ae5dff663a562b759e284	c7382284bc168632db1a078acad8d4267961b145df413722a95b7bd1fd74359d	a58b333d59ea8fd89118f10dee870ae24c003ddd8a1aa8a5a765141de0656aef
542	c1f935432fbe60c7ce3ad298856e0b24d081019fae215ec01cab4a0d8534cf05	d68ba048ca27ebd49c6285f7e03382da38958f75ebd216ed287dd39448a7742c	5c54f63ce991bdc239786831b627d44e1f680164a053fdfb1afb0ceb8c6352df	1919ed463252e782196703af28ef3ad6bf5b1d25dbcc4ddcf316339071402cbf	95e6a66a2b334cb0880ea7b2ef050f3f90b097f19e5010f5a17da7be8c2da970	2527ab37b15b2749c1d066e7d0f5cf34101fce416162236530c6ddedcd473cfb
543	df8196ea3f721b7e5739822e5d2edbbb4a8bebbbe47089e3e4b0edc97c647f2f	9fea6ec9e698537396f5dcb62ea6dcae800a649394dcac51c5f5fe37970e7ef1	44bca8a034327ccfd147a5fdc6af8b6dfb0f57e4f95f79134ecb4554e475239d	4f5a7d5a19d184bb3333d96c9e96d979c23ed0a8a63adc65d7be12c20e13f005	ad52980c3014888236a08a92ee9f79de0e5932268a21ad8761c218d7d7cbb97f	3b569deb67dc9a2bf1aeba002d5fc3cf01b45ba0939ac0faa36c42921cf6713c
544	7cb3383d26f0aeed7a893d69f700bda8006b75c7b645f445d2773e075c7efafa	23403a51dae7616a43386bc49a2c3a6024b71d0d5be7bc7ec633fa337f6e10aa	e0e3e1f9831d6be77ab7b81a2725f222974eb3cab5588307dba5c8878a7b9ee7	817d5ee02455f7aa8134fa1c2f73072a49684056702b7522aff4bb2024602ba2	90f04b50c24b3db8595c5704cd49a9c4349c893aaf8a18a49e6f52a7fb8bd806	fca77e61a7f496faed5c23c080f6e6e2bf8db21b9628772cb69aef554cf3526c
545	6297f8e00703843bc04cd9fee5577c4ca5ee439617590333f98e796650594726	6f5003af6cc6c931043e65b4ab88afcc7864d803898dddf38f4310057e80c7f3	3c110068d6803486daec476d9b5d2c027f1c361b3d7c482c4e343ec72b4a3b21	37a9eff0067045eb2e694e0b9758cd7ef6667451730deda3aab4e1741d1fcb90	98aa6d0373d8439aaee7c182341edb98cb600d60012777a92b6a7b78a8391597	0c7a154f4bf7a169601f2be2cdbc3e5e3922c41f1f6cc00433f350fd20701640
546	48921e830507a7242cc997685c3ed1e72c801b37f99a1835ffe57b620da9be86	26f1b0fefeb9f3cdd66c6d536cadd6ac840ad712b363a857a5d012a4999abadf	005d70382a5977e01a0b4b3bc0b7546bcf335fa8f20c93512104f7471b7da59f	de1aceb19f5b01139435d68f608b1f5cb114d13b1c08b068736ecf81daa0d04e	b8a85a37991ddc90451600faf458ce8b6c54394aed49f7e6e862ee2ad1cec6cd	171b676e5745591d29e42c7c6110a8337192b1f80fd759ec2585e5b6a0a56227
547	977cb8a3be377825771c111b2d2a4d46d7c21e12c1ea35f4a09d64fbeaf515b0	7adc0d3ac1692c86562a67e300c4e8806da27d444acf53939a27a3ea4177bc27	e862cba0f607273bbe556f1c75150332f1f2b8a45e73c486d91cc7b10491d323	f601ecd82e836e49eb6f5b8903033bc84b11f81c1dd9c9f7766aa2291a99fc94	4fe9eed705f36f351d1048e55efb1cf4be8642cfe7d40a5d1117c2bfe5d7081b	dbffd9599bbea4fe5d8b29d3a6498d7ca2ff1e0d4fb43e5ae32f28b11bdbb5da
548	857370d3f06cc0594a8c6bf4797332ea50ae34d346a19056bb4abe5e7f4dd8a2	e3cb91aaa9c54e5e9c3e9bc51a4b4b40b78077031bf31f797bc66ff81c7ce83c	f313f2042c73c69d351da30b74ac1acdedfc6b1a2626749bbe0b25a20e15568e	9ea14d935cb164974c3e1479b85ac716b0155fe2255d38c34238042e9dc08f96	888ef11c85000a91d46390a19c338172d36f6f366355657807ebda1353566345	6df4cdd97ccd86f56aa74affdfea99507f6a5db954e1b2e7ec133e01477d11f5
549	0c8300080baa9a77f5ba415a9b320204aa5f67881cbde37f9917e2bc5f184193	315baf9b49e8ef5ebb067db07c41296e666d45707bba042b54a4f2dff33c4993	6bdb49fea940b7bc077c2ac5b18b18b5f639dba8728fb94ce097225fd728d4ed	2845f8e647236c8de4107ae5699655a7288d34d9ba4e440524bea56d83f62490	3db100e1fc7b187a3039d09173cc52bfe4df93aaea931e1f473f06b944b9a314	d4e68f50ed28cf66da6996e8f614c5b220fd91bc951b50e9eca6194306fb07d3
550	f3bdcc9b59fbc1766aff2e0b0a0925ae6a8b542fc6d9679a2b4d434a965dfb7b	12f35b0eea9abf960b45c98846e431c46f5c0eba9d9573174c14447e283a3cdc	0adb5ccebee3dff0ca9d62ee7d654e1fcd56dbf54dd99256a3274c684019a262	750e46a267edd618288b7d7976b1aa878a619eaf2e471a09d2c97049f3055328	fc2375b2e74978630f8cd99370f3872d552859882096548d715ae937e9a41682	f2a3f19fbfe1ab4a3500207e900c902d4457b423165a6f3e52676714c91fdb93
551	5bec04d8c7a684eaed5f6020bc4a5a32666672a717965fc3f65ba7d7417a6974	0853a0e0d0b41a3cd4c77204d912c2f19fb43e0f9fa9c923792b2c96e7d7ff83	801687836d05af3a61c47aac790e1ee7e37d7f9295c4e4316ffd394c01bce380	1ca8582ac487f3a4b5050110dedc1d43540bdb2933becb7b8b78da2290e4f02d	7f7e1ef85e7211c15bc8e221f96b6231b1f9dd29e397d68a43b37c703ad4bba7	2f4766f1f4c70e07ccb4f6adf4d3c6756135abf0e4dc907f09326295802e81a5
552	06018702e198604a41a90d621badf9cf9c5683d88d2fdf6fbc27e85a930c798b	6d7803ee655c343e1b58fc178259c1637870012584e24b06a9bb3c71f8ed1a49	40574767bd3ef101635990eb90147deb5142c0e88a285f39ba44dcd78e87c8c8	3ebba6866927da883d0248eef84301dd403e76688cbeef48c0c0a3398716ec85	a8bea5cff7de19327c8acb7c2efb1f8080f64f9e349b91850b9dd5c273933df8	2c82fff0ef6e1d07ff88e9c2030692db11da1f37b06aacd3b9766104f9773397
553	100e9fd400cda0f18821f3c619b128f8a14ba4b2cb4d8c7231a9150767bea40f	51c06297eda91dd9c3dc5f0e00890a61d9b8a14873958e2c3c1d1e160413ae49	dd6709f5b01d9e134dced33b87d726a318ae785bf7888c5107c9c7059addc1d1	e0914b20e451e50ede5fccba54a89269018123c7dcb86602b26723d62d80d651	aabedf7308be292ec477e0d03044c6269c9a9a1c16369b5d1097804f6c16c0aa	15371d98c2cee12ac7d6d1890e6553163cabaa7e2ef515a31cf3bbd81ea1bdff
554	741cb25a7c5cb1462af3ee8a6080c60ad15e6f9ec246e06a69307069169b79c7	710d4ef30ca25d92fd3b9145acd4c2e2fa4697b8d7da23229ecf6cbaf5c530c3	23515bcc53ee668d11f94b4451059c52d4292dfda545288aadcc4f70c14b9876	6e6ad64045d57648c7facd09cec76856c37d1a93fd6c6e80555e3050b4901db2	d0370f656e0ca2721aeb708dae23129ad85c4fa2a394b84c078427388af147a8	27c32bf1c7198a00ed32656a9aa2eec4205c8398d3014d4953695c8e57039cbc
555	46ef627764e99e776205dce06086ca65f4b0d5dba4360643eeb42bd4615947b1	1b7842f31791cec978c25f2dae1c8fa72517c7f24ffad1e25d61661c5fb7518d	82eddee22fa9e0552b7645b9caaa6fefb90afe3496aac00bcb18627bd697fc37	4425278064f30fda1c4bbac2cb2ea23cfa11cef2ae0ba9e16df71cd66a17cbc2	5599d52356dbb518067727533f5040b4194c783adb806475a804538f998363e0	8b9d66100838eb45f0679ecea3ec4db0d04be60dd1c41db72f48f92226893855
556	19577d89481161d6e2485c39681b3527629741e93530ebeb0ece398734136aab	5655a526c4dffac3cd412c327806af3bc46871ca5f901b6fee38513b722ee819	8b35b3aa7f9185121e9d0aa679a320c7d44755f3652707c88cb65524948ab438	3d6233f9ceb4b2aaaed78f1e30a1f29c082b808cd78736b9d2382571e68ec959	38503bf4439a68492079e82d8e2d370d43b5482d59a1d02f042a0edd504aae86	f8f3d2a06d8f265f1ba550046cade9a4f46d18efe9543a28509e59a6165b4931
557	7521316ca9681804f73039af4e782e581dafd1fbf92a4320e4f5f8c73645b7d6	2fba8966b49f7a51d2684085f1b11b00aefe30d6e09a9ebea291929163aad573	95d537d0e6fb61f95f1d92c7cafd35453b88b31cfb1fb4990aeacb4d447431ce	736d5330f94588e6cdb16f71732f2cd245f7f6511249c448366e9c7fe76d44c3	5b708c5ae4dcec7be914903a11a30e6548ce6d5bc43d5c677913c93acec5d5ee	2d61d9981f2ae8cf646d61663705b1bb937aa668b0d8cf3a83a30acb60f137b0
558	a5105e2c6a565d0d6fae60ab2bf6324efdca52358f55662ae6b73084e4f6c8d8	414998a94096e86022d96c726f43d95c5a23b93e3772c8e5a5b6140f4cf699d3	dfc0f006889640b30f9bc1a4489365bb125dfcf1c7ba389165eb40886cca187f	b658afe696980be7ec60d8a31338bf923476c9c5c8c0c6f98026146d58839b0c	1d905761ac646081be09c3a5316009f14c3eb8f5ea8a96d9fbd313b5fdec9d19	7be991bc0bf9713e6e5b247aa369dbd60397bf7d7ebabb129d700a59476564a0
559	96ff09c98cf733c45fec6cd691d8ff91c0747b7f27956568060915cd927c148b	1eb3ffb1c6e10b7f90da00974e8f366d5b2e242e30a8d99c867d6ee78a911f87	73dcb526f19b87ce618dfadac7e274289abf8e069782e61651e9413a36126f6a	5033a3d8fcb160fc2234a8dd0d96519169d65cd34a24a006e431e036f4d97d02	e81f893bef4bbbebe6b793258ae771789b9f9e017b8fadae54a9259ac36d7527	441f59c56dda026c0d62f05e0efaf38e08fae9c9764ec1ceeea412a87390f2ee
560	67985e034313b3ed4e0688d65749cd2ae1f699a326438d1f805080fbf1471b36	c40bc0d177293f3a05a58f48ed1c1b5e3c65bb7e70fff2ef84410bd959a547e5	d961b89713e7820297f361c45815c5d3ce602bcbbd5afb2b5ab37d3780893aa6	69486bf186f41d4c0819e41e37044b9301937f706f168216a0625b3db074a03b	e8da8488cbe07d56fbfa592f8fe254d36d780f42c074a3f25fc80269268a391a	53322dc791be30721ef4ee93b5f981a3e7ed515c6be44792b5e67d9bf8c5481e
561	32415d02ac87b02c559ec94ed0d9a7ef1e224e36349e140e4039518a77cc98c6	6dbbcc00e526a735f9300df2749466ef54f65d670fcf01d928e7923818ccbb8c	29c8b8c276468f16fea5947a6410cb8ef2eb47449373d52188227bd43399df7c	718a602759a458106148f36881be6e156302aa0e489997d748288952c6ee3b5c	ffb88d1b3ed77ed1f88be290dc6dd2da8e014af2551d722685be2324b5268149	4f2848943bcff78e061cf4d94d5f6e2fdd1d40829661450c145f4b8abb9d5fc4
562	61bd1412f7e37d9a2561ca7c0c0fb84f361869a3d24b003837ff2c799c93956b	5f152023aa10c56c39039a001cf730b369be7130c44031577520f1871be62bc8	2b8dbc902259825305df4a0d2bcdcf12bc1342134ea4d1f716de90b43bd5819d	40b9a6acb4e90299797a152efccc44353500f2200dc3c742e05d06fbcabc5cf6	fd2001ea22aa1b1b5a8af22b76121fea49593557333e1d4f1bcc755dabcb2f3c	77addc34264c96c69c301f6759707848885f2ab1fa11186494a48faa19a2423e
563	84787b706f89c7502c604acddff6296bd8a351a031be35a866409a546ce9cd98	33c3aec956dd10a9255e3b7cab965b8a3f880c68c0a5949a5f1b0d80e9547c1e	3bed0b97992be352228eca16f4fbdb323b307205d896e25a6280ee45994c62c8	0dc4671186588c6e2ace2cb3bfed0605f7a2ac40d571881530b9811d37f94c5a	0ca5f63064bf2eec788330fd7b45c127594edc1c712e8bf564b2ed956deffd85	36a20511a2a8a38659750fe2dbfb77fb790c9fd49b5a7130061aac2ef227ccd4
564	f40778b5c272c042383153e7678aebc26c2f3175fea570db90eac32359609903	8b21cb4dafc3b774b0214aa484ef10e1fc0c1d110d45fb3762594d1dbc978ea4	f6661de60881bbd0e4d542aeda18eba95ca4cddbf07f0eacff4fe6266f90a861	68bb3a5a2dccd547edfc355c3093cd39b6e8929f63f3766265edc8b36d026f95	967b4ea65469e09e61070add90be06ac263fbb0e7e9d5c2768a8b7ac78d292a6	436ebba327ba3a07847b60a902ef6e6061df4fab65872b80a2bd1f0c452552a3
565	cbe8d3d5d0b9b24c5946923587da961f35b155c7c9c4cbac4a7b51fdc248ecfe	ccbb52e761e55aee5f7e619bce2c86caf365c358533320ddd52f5f0dbd56715a	4a5c255d1b02c5aed770998797a67941b6aa9f69f46ccad11a1acdb289b23833	76f3e7e2ba165997374ee8d19aaefbb007e0468c8f3b98b52a30592110e7ed43	b98de941f3e1f64d6c1ef6ffd2e4380b8483af9cd9769fc7740c0a666e392ce0	7c7bd832a930572310830b14164bd483f6104390054d515a709fb6901e702e19
566	297260f751edeabac13b8e604f9c770e6c90819c9e5e89ce06deca020135e5d2	8150addcfb102c1031e9b9eec1b7067da690f450d52142630b0db2c544d604f6	76efea9a650432fcb6997b5ad72dc47d5fdd9fdc32d08625d11bad802496110d	6ce0597ed88153a237f17f2e3cf20ebf3d217e88cbe40c88acf1a8cd71c39c9e	926ea4f3e38a403e7b2b0cf4c674b9a8af91707ebb3e70aa9d4674234e28ddc3	e9d35975b6750764645200f282fa57961e6cc91aa49ac7bf0563a5bb537b214f
567	a9107743a2b51b3c163c79f239243c38d921c1ce13d2ef4684cb4adaddc3dd7a	95cf5f6d1cd840c4339fa3eb0ac8f4f32ba07dd5d070f6081db4297cef1cd8b4	3425e3d21699a0e60127b5f96036e832dd8b31caeaef842fce6f7cc0b65f8d3b	bfa6fafbc5afd1f16992b8eaf0f171b409e40bffc6657080d2df24c437f58761	0ed28f39d1dc292defcfa8bd2381c6d49a597198864f7f38246c9fbc1ecbda40	8934f22d80d88bdb4ce844f00d65e9848df0633a5a65896472f7966aa0043cd4
568	24f92f04a2427b440eff58977a308a65882ca36dec46ac37f51735c83d38ca38	54647d1e40cccc82f3c1980e31866ec6ac82f2b82276eb6b53d236aea9a106d4	ac0a686ad7b23ab4c1b54d1e2853800a0851fe507c48f9aab320aee444a9f7f3	99b3d908a38595a940ea8a8ab9b91f3281fdfcbffc346aeb4809fb1efe5c64f1	52c1bfe801325f9b8afb72876cbaf8c11aae3c5005e69825f71f5ac55190208a	b4741002383e408e9403c762e9f629e783c8e966f534b3649501c7eb0ffb7722
569	20f420b347229d70d7a14f9e44b788e75c4ffc0fd55bf1d447caee80d6409244	70ad5b7d8824e8c4c69202d702785af2c58ec5b1136eda179e4e44f8fd1b2880	f9fb417d29a3caf68c7d36e5eb6dbdf424d6131db90feb218780e69c6e4e0148	5871541d11f5a34554f0805c97956adcedf69bb5cc2eca6aec3c02b1ec0e9b67	85918c216ef1864be9616e961fef607742c9e9d09ee05b99422a0076b46ec565	5bd77d1d22ef147226ac5218a9e1411d002cbe4e7db6b7a380197a99204d12f0
570	b15bd6c45cddbcb1a522130c1fc8cbfaa7d57290cd5365320ca3fbd6e9f3642e	d3abce811d61b6a2d13614cd31564e77ea52cafe54050250e2862368dec9003c	48d0c41853d0ca522e97fc7e4c41a0c82808333a61abf38c5c7f14e649dcbd38	4d332529ae24c124d116e7d26c9118dc061205f9726fb310b307a127be864cce	9e61f8fbabd6c12fdcd5f28d1c539814f057e2f1fdcd4fb41a4999f212f040a1	dd01afb0a51ab8d4d6a1eca481a4a547e32fa38a99f608ead30378f2bcb9e525
571	1b92a5e02d04d49d298e7ca6d394477adb6d055d289717fbc39f2178ce7af989	f8a2f15c9273557866f0aca8c42b6556852c836acb042c4be20fcd3a5120ba73	d69c477ed3626683419f2c3223b059e7886dfb8e6d180ce03719c5845ca9a877	c64ab0fb6902847d861ff1b4561c446d8f9fc940a0fc9f83b2a5143de299b196	04b50cc7ab80917f81d39a75a669e8eb56388d6227a179204d745b788cbe1a8d	d2bd93167661b3e26fe9f3cef447e7d156e6e587b4d131d6b2fa8c2a8b9a3b84
572	57a566839dd9f53c9c81fe908ed287895893b06fd0c49a270482aa9efb76f05a	9441c9878024fe40a4025a7ea1d218016757cea28c9ded4c1d882fe7d3e22b7f	0e19563f66227eda16f08c9bbdfa51092a504f7dada7c554c4bee2d22a61f8d6	c177402409ecaabb37fa0d2685151dba5f35890b32a9046c4e32ce4b3ce36b36	aa35ec66474407ebe90e4d862d47444f16b72bb9e9fd102c5d22362e33f70bd0	4c2f6f3171dd2ed98eb4f02ea674cef51716cd8f50ed1ad12cfccb87724b1d84
573	6c9ccb5c82134fea78cf6537ac6208af3c0d42d7f209a9bf5565d083877e1fce	8c6733d80499cc25ac51996e63c74f1f7b33905a42e79ba3fda09df266e54cc5	fb80d1651944d44b4076598b8087937fcbd203d8894befb9e20ce300345cf3b0	4c123042813bb22ea4bbf064b1518c9cc2c253472ccdc823272c8e091293405c	8e9824e01ad240e7bb3affb8e9d2772a7c05dbd08892c7e2b3646d823fb090ee	cf5aaf3b45f072230714d79c4f1d61984e57925380b711f2189e3dc82051bca2
574	84d48762295084b0d52d4174ad20180980004c42caa58adaec3943a7f4912cfd	428f32c7afc0b8c7d69ebef073ed8f0047bdd895a854d60cc08c90017a048931	9b863490a2cd0c19825e10677c4db07922057d19ae2ef6b329bedca3c5684e93	fc3432f88f4884f2b9e2616fa85d06adf5fc05248bd989d289b4bf53031a6eca	9460999da1df44280b5c38e021d552b0128aae32b61d13e46273247702eab086	c2f74fc25c9aa6a69770f6c2693b01ee3e76236e11f48c9a38e454e7a579bfc3
575	309f41579f8a892ccb4f720d86dbdc2e533add81f5a35e48b66432d59cbd45bc	0f227897a29cf39622a153fcdefcd1f6a5e40f7fd1089905a4770d3fd902d523	fb65966171f2012c5a784ff8d7622e84b760cb12067163baddfa98b44a1f726a	ab76db5f3745f46f912f3eef7c7bf12fe94de9505104d36e35469adafcbe27f4	7099dd780a7403d1f38ef4fa21c396b0cf703a7d03853df616daeb67eb5580c2	08d0b3320a0f844171b4113ffe7f233ee62405ab27b24d480d479d06b3562dda
576	54ab5b7448f26ecf624d8def0c61fb67767ef3aa4080e9bb4cdc1f1d1794b044	0c2846f08119a66bbf3c4a9aeda0b18d99993b4351a4314e7f9f9b39bc0cf0fc	c117741bba319a20c77810818aa1268641fc5ac23a9837008a805e7bf9ff9eb7	60ea44e8fe6a54ac36a9df3318a99b2ace56569a5e4969785c42c0fd18f089a3	c69ec1c723b292d36cd894077736fcc622a4c995ade3a276bf83594642cc2b36	1f17f74a216447b4681cebb486fe2b1a9ed2b2ca8bb5c05dcce594157f309a08
577	e98fe0b4445dff77b5b656cb86e14ad5401d9b47231cc6f256dab9dbfd028919	272cfc757818c7668b1d9a25b00f35a652ece13a06f3946d4853f93e7128ed97	927bab2347b945e25587fdcdb7df5240342a598151526c57875f1a0e8fd12033	7d2fab2bad10567e97a9d713b9b0258775ba160b3e510a9ffea1f39b07ace5e7	96c9534a77d06570f73e5fbde6ba4cd658200c62d30c30a430b47a7dbc215ae0	2ba136fdd9fec3bca1c2d65b8c59dbed0381ae6545a123c279cb94a86ae7cac3
578	4ed6e3ad4e18fcb5b8716d30e214316e5b9fbf57c23d3fb69f50ed47f93806c2	699488b7e63ddd260b2d30282ad7b5e25c144110a2283a2466ba2b220d663579	11c391902523a6413df0313d226afb77c9afd9a5a38993648ddf07891dd5e68b	429c2c9d8eed6884a9b58c585a6ac9c9e2ba3d39b24611f5ea334c50f565a37f	ed9905884b1abd2006f8ce009b887c04327c26aed791cd580586853c85dcdf64	0cbf0aff9501e2fed70f793a90ab75594dbf0704ba85d0014c5953fe522e5d83
579	18ac1a5a22ce3e7f119e583f23c9d2576f9b8d1fe328c5fdc5f9616a0064ad19	45c3387d3910e770dd35e2b13552ab8c0ab008da757df5d863fa3dc778d507f9	c17343bc7867abe52ff5bba456afd2dd1dbca938caa70ac2815a7de98481a00c	b0affeb9241fa344f9ae48dee5558271d8686ad326270c748f396a1407eff46c	469e855d1540266c4c72340ff0bada1b3267f5e65a9e64d58bc67131f87cb27b	a9897d45ac695a15239d0cbab0c4842f0193b3eb48617063748ba88d5d86d8e4
580	66e0819c185bb0dc6829bda2d89137e360c0421bae2b52c5d917f9d9e98bcb4f	1f9bcac774865c30a9a7f5b8577c23d3600a18695accfbd87d81ed7e4b1deed5	61df1f6d4d1518b15f79d6fd81c213f579469af1b1d8a83663ec1bf58bbda985	632b1f609a68cfbadb45bad0122154c798eacc34da84978cc322c80fa2db9a2f	9aa1494c74ee8ec351c1871772adfa3a0882dc203a653381251c6ec13c262452	e757dd95e6fad18ab8e303f8b20292e6f85361194f31d354b3fcde2c97da2d04
581	fca151f1486a28c3b0a5fdf7ef4f00aff9852628ec0741535db967c4e7f5850c	81678f18d360df99edab72291f9e521682b31bb8e09282025b27f8f7c5f1ff67	ab3d4ca87360b353f767dcf0d9251c70f0449fbb711576729340eb23f26028a5	25dd5bdf5be7a28b1f13decdd323f1ebc4cea79a58a8fd3452d5c4f13e6ccccb	bc64cc4fb606eb550e77be150ef9b3d74e4cc00b3828664e3d134a050633bdc4	08fe8cf0d08f734a4230d56bc6380761d378cfb34b53a482671259520d2be76b
582	2316b891f7a44a299fd0b980e5518d48a0516a0129b3199404d7cb16b3eeb605	69c8ac8cc13bfeedfe5a74a8a5c620480074e542e186835dc7552d435f35b586	67a86049b16f92761e70b7d9a1785f5c83a0027dcef00b87aa7b0148353f2be6	22829cd4ff896d52769075af6e48ff769e31c05fa073d73344ec119df2f77d70	f636579038b0f0ed037c7dfb853d457d53cd551644bf3c085d63533fac5fe279	5daea7e5a54d042a974fc3f8d7156d62d784c8c87cad2ce7131d05c1e285b94f
583	4bf3f596937662c4e953ad05e0fbd3ba6fb55aca2eb42d0286436777fd07c299	c5c91b06107610d1713e089360671e869c1611ab0dec7e9376b8acfc2eabc98d	7a3c76bce8649bbbf8495717520036b964a92f267088664660778d8afef856d0	089be83b547615a387e90a03ca5ef2355b1aa7f31fde29e4aea2d594e352c62b	2c7696d6912ed91faf47ea28392750c470c13af1be87d2b88b5766e55c98d3fb	1477d58dca6b809a4730fef771fc1ae809d85b4d0b9cbd2e3c4e8fc74b30f101
584	6774e0f47c0e270d30d51f065ce8e61895610e64ba5de6b82b2bcdc85b872d89	edda7e1c7a0579beb4e1d9ec6b8930163ccfd1585c895842605f9c51c73859e1	e98e4041204210f707bbf40d73cc9c0efae23001919af7ec3c0b7ba7be74326f	722b4443b7421b2aaea1de741ce6dfe78310135ae33a9a68cbd5b64d6bb62194	d2ce383da5794e274684d1f8cc257eaf4cdcd467f4579db84351a17235cb3154	b1f602f53cd7dd73f1eb4eb5dba8e2d80b7b7bfbb53326fc4cf2cef4a421d16b
585	447498e85949aaea61d8729634b02294e4d94c0c737ae3bf642542dcacde20a2	b491ff54e459c83a63809eceb3436134038f0614d297cb31df4bed81a12e885f	7b858fbceea1739d3b3ade45babe9a1a53440eecad50f6a87c9e671473ea5032	2b03831e9e293b6d78f09480af0e859c85512c6287fd56dc5e2e7fb01fac043e	467e282d0d01de94c70bf27b3ff016b4259306eafcd7c6fe3ac9469d05488e23	0d6ae153b7f201d9e8e6c72f27a0a655d2afa240b2c87408cc7b7dd9cdf77c98
586	daf4f4b927b3549d58a16211488446f71f64ea11553a72e653c66d163853a299	73c06b133e5c73a46d17bef4854d85f63d0e1c02d5c7811617dfa933be105a0b	63d4a65eadd70b1700e2e639241b96b4ddaa28047a84d19b232805c2201ed14f	34eb8d48ba0b77da4ece534ba0d296690134f95c505a72b8dc66ec1623b4f6a8	d3e63857b85ebb69a53b5a3ee719a7b0c812d9d68050fc7f87f65f5d04f03138	ecdfeeddcf72ea63975751b85aed98db99aa68fd01506dbd8df872c6b11e8535
587	0b2b6b2b51dff4a50fd1e623b99b8a6977bddba95b1e2803e2553f29f7488ee7	1fdc4f924c304c974283efc924db7063e848c18405b5e8d245149e40ddcf715a	782445bf784c4b4ce0ca856d1ace5d59c38c5c4c3d6c784e565644eb6d4e79ce	81ebae75bf475b22a3657b581f7ef9fbe80834462f35119e84d674673f34e37c	caccac4eb6bc541f87b055ee24b58299b885a94b4d26312e4fca958c7b48f686	8c09a739d85ba6f84f2817d244996fbbf931726b1c321f41587fe611c56c7207
588	22c432439570a813d71480d3ac31608b580403dbe4fc01f00f34cc70d268f5aa	4db5d29882956e11287e0258508641f963ccce9d734bc11f8f1a19ccd62b3de5	6b0c06d58a5c87534e871b627b4b26157c2f6883c66f4591ec9b6ae53273c724	c0afe0be9814ea87591ae9808cfa2e8501041e7612cd9a8698bfa0509ed3ef53	f772f182b1a22bc017d334de43fb24eb64d682e4a5406d38515a031f1fe02543	0f9afbe59ae3c4d90b675a5a59b565a362ddda0c2937816947b6a7b8a813e157
589	14b720f4e0ddced4018c9b8b36c33b2ab21a097ec8694dec2f9687c12ffc3db6	93be476c59b6d35da7b814b7d491739c7b2c82b7297c927b086bf4ee7e177d21	f03c20812bb565731c16a2e7271caa2663685daa2c24be1c22ec2cbd03f471f4	ca657c82aa13210b708b491217159df8c4c260c1cf5e98e79f7a8c840ddfeb4e	ba1ee80e7c08097bf9e4188fa29813a070f7ca00d3047f82d87a4aab5c2cb183	4f33f83205f65e67fe42c8a296dea8bd43a02370f121609b97b065e22a4e4e3b
590	0f4f57581f316307ae49d650894ab3f976d7aeac9663eef37b19376d1de369e6	d3e88c46e11c6c14179d2d09e183f2a70c9ad0695d0d41bf0a8710576d6e18ab	a7214e9028f7c675bafa5c2074fbff3f322dd6431236fd4af73293b479e965b2	7d3a734e3d1a3bbb92c8973609430cfacfa801d6f9aa70476e19703754da520a	fadc105e42c263393338adb12d9a5dcff5627069e658c0017e2db67dcbde86c5	8d18fab419bebfad7e87257658ed0ce93167c8d51bb2dc0349a12c0e8adfffe3
591	592b24009b948ee4b42d83864ab9864cb67ca4642715adef242724f36ad2b17f	2327a32dd2af6050545af2ca57fdb41bf6d9f4d96783b7fcbfca470d952a8e4d	f9a0a072d28ac7f20e22783930a3c25abc521027b032b35361d8bd50ece3f607	e1e704025ec63bd166575d3013a023f73e9f5987b4e1f09742f926420a0f0ec4	ce7efdae67dcbb5df5f8edb5133cb78e93999b8ade066fb349722d7d11966b34	56bea7b050be033bef3468a14a70cd7b1376d7920211e9e819177b15975c000d
592	50ebdab8492593877157d188111200c1f8f86d1813adb3fa11417c16a5243b00	d5d0406db21e1e372125e79564c3d7a4d0ce7e1f7e9293cb9b1573ca5709fa7b	a3755d380862a680ca8b49be00f81e92e7d537747409739c2033e0560e81cfd4	87fc7926dcdf5014b60e79080d87ee6fddbc546432aebb319aed13f113545a2b	2e9afa11803bd8c91243e76b20faa9b62d9b36d357bd18ad1ebe64e38db88234	758851c33276128609c6e3689306be5093412670eb9cc11d42f631a4d0baf553
593	bd8fef282a3c1da0c6f591fa30215d26c9f0c7bc7b0e600d42b026508619ec8a	0ec8714aec78e4647880adcc46bedd407221c173ce7aba0ca25cf5a10d3d670d	bc69e141455a7d1cb1fdfe02d9280c6c694a841616a1f4ed33a25afbe56b0eaf	5d791a0031bc86756373fa0b6059edf8429a71d96836b2ae07bc830b5dc3e516	5ba25d38cb873ab36ca168b00755e9cf0bed64a69eee257e4d6a96b605d818e6	74555ac20852fcc7b234010a55920dd0e6fb1287d64de036b208994095d726ff
594	dc2021c5dee1245d618a5875ea914ca877d49aec8dfa7fbd99926a3d1f7c8db3	e99cb238529dd77d2f46d5808d578e0f4955f4574e60ce71126548ac72e44110	105b3657d56627f9df219b2d54a6eadd53fbe901a49fd0787ff2996e19119eaa	0148705bf5c6753010c642bb8f665851048afc83759c0dcc38c68f51838cbc09	55dfb104ff1228c25debfb056ef12528a1c62cc458505921e708d25d4d1458ca	bd425641d578dfa636411fe1b113b4858e848311c386b0abff88de1302baac05
595	122c4f438f51de9ca02eaded53c880ef2902bd3ea363044ed66c45b73b4c186f	2e0bdff01dc5ebe88b37b2cd941b6115783cfad9268e21908dac005de02e587d	4a3ce6e56f245ed089c91c2142d71a42a12af721a97b5d39dc86a65b948d36fa	ca9bb768b7e41024f27bd376a59819b28b4a74f75aaefa29920532958af4471d	d37220e4b8fca8332b53134bd97295726bc0aa994e6b2bc660e370b4f3e38e4d	5e4500c261fd32ca5f2c510c34333e743f5f1a23f27a99891788adccdb6098cd
596	633736c18743322488f4a6ace53cd91edfa29cf290cebcd7aa78350e67e03382	e925f8946cc3cc240f9048db8793240c93bf6211bc6928430ecc6ea34015c2fd	12d794868741c7c14970bcf6fe8a0a8b434c2e88ddc7fa6e2d03c8a644e43148	b95cf51f1885471c7cc4a6b4c35c26a8b87e0ee02796862302d39f87ac61d5e7	4632222c6366427fdc5e54c6afb7d2db539ffb0fc2e16e25638c90b352169133	64c9b6b38f6367a2de997b7731d6b107be1c97ec27eeb9bab65a1b9d4858791a
597	79d37ec11d1c2ecdb174a959fef269c843e1c3d7adee0d7c7c94ad844ff7267a	797d80dbeb2f78bce435d2642250d2cee8b99e3b64b81b85ac61eaa567bd3563	15f4f7bbd6828691cfe70cbe6d0f6490538b67dbf8196089f48d0fc2effb73e5	d229a0b71e7057d7a401e8afc7c7d3c121d3e18336a30fc3e9b08414f9c8b711	02c3147840d11de3f12a43b017f4e85bac1a3fe3a57aede980932de9cc231169	1bc303867a5e6ef61febb3d0867cdab0ccdec3814ae51f2aa5ca818866ee5d8d
598	9bbaf230d3904b5a1007fb7f668f5e9a7c693a7bef7b59ee402662d7731c363a	10806f8871da036783d9c6e40a4cbd31a9bdb09aef493ffa2accb3c3b646b195	276790000e20f9c3a9959c55864eeaa17602cca605edb675037b2355376e027a	061cb46ceb7782b3a69f8f49fc80e9b9bd587d5f26cf51c3065f1a6124d0dfb5	887f7dab8f10713fa5c53c035ea983cd0f126406e238153fc200921dd93b38ba	da9e85b664291686b4367602a7b84691ee076b8a7ee388f4883fc8141a0c362b
599	6397a1dc0c55ca4eee669886f38c89c3b6cb2c075927959198412cfe416a00af	3466b467f8f6f585e91710df69bbbc580161f9e89c943f16b9e490736746d3ac	f511c4225afa80215ed1aa19e454622556d6db773861304f58e29c97616a5010	35a58ad8177f2740e7576cf55d7ef275b2e1c85e04b0c22c888220d9a8a8bb25	95cb959cffa5c7b0b077d2f0c5ecb2aebf0b5097d71b3bc90e23413d7992c087	ec0a67822a9c9da8f6e77c72b9791d999e3903f3ae7426aea343418c01239a9d
600	516e0f69f1138760e6d877b54007263d98a0d85dd2780fa6c6a53b35207845f2	aa950bf2e248691cee4c49a06f1c27403baf1feec9ff79d3c01d7615c39c2f86	37db4df65a2790b3ef44284a76222cde9cbb2a2a899173d52213670c5df316f3	857dd279dc803950d3cd86e01f140a17f4a3add4255124e1536eb2b2c5f827b9	610e56df2aa8e0186e8e3cdeb339a7b4e81616614b9dc6225e6445b71aa96a8b	daf97ae31a8dfcbd21d5af9769ad3767de5c9f4362b9832e2eb2e76995da585d
601	db3f4d3ff9616391094642660fec5a0b6105116d43bb4149d69bfb74172123d3	cbc765269b6d61c4a70c25c80510d930cb33fe2b259c3d3f53d647bc03e01e79	1217b06f0a869522d397883077a0736e17eb4d967cd10be50e2afe50746b2b03	482cba6be634f7b4e1482a43d2672d358819d681f26ee5cf22ec89d8b719d71b	412171fbfcdcc5284b17359e2cccd4d17c32f2a840ea0a431c59611d3a4e8cc2	55bcd8b980a9d1b6d3fd2903952e14e8a1585721bf255728dcd47a21c6cac094
602	303e8c4d025a6febf92b514c24eb44b273ec8460549beb7195fc9a1cfb242e71	fdc75a1b00583bdba6b9746f42493dea894d2e1448093f433187f4934e77fd53	9fe025874914fe1d6d253bc83c19670ac1ae3e89fc9f53c605dffa57a5b2d5b2	bcb7563cf54fbf60ea8b1ce67d64381cf26d984a75460547189a83374a8d2e1d	589f614930d55357a4459e131bc8bd762afcb337b22b9b4823b5afb4c07ac5f2	50764e32b40956782dcfe703c6ff520ea2ff967998b23ee1908e8760c599cf90
603	f65261157f9c81448e4b3eaa0d0355efda5f214faa86281ff77ffc736a84843f	b9f13fb869d988179aefb81786d94961b0ec6badc0c10efd58d1faa4b755cb67	7dc222455fb6c377f8b59aa5f26505571246ea894797133096aef718e40bf5a3	47d29dd668dd05d63108c3bab6d9b2b18d7d92cc4bc5a670a9146e127163243b	1866b8904c23727f70e180434f393c3abcfc15e96d06000d7a1a6c2359209de7	e943151c085e6453ede14d0fc9555d31f70f46a7f06072278288bd25f0d49fde
604	e309d31b34629e2c1dd093eb5a4e2d5f16b7a486c2ac0ec4ca4714424094a153	0dc25870cd67f77b24a017524d0c67fa44909420f619183362b2e05e516f30c5	9c8e6d9b3aa801bc9a59f6e53e3e43a96a9d9c084ffd595935fb237d878dff5c	3367c3a71ba8e6bc6fba86221aaba1a517fea1034db5dab54810c767685f7843	943b6011927cf3bdcfc614b3551ab8616002b4c8e29010e7021778ab76967331	d84df3654e407964e6e28f34cdd01c5c0e40081bd913c5f0c5ff4ca94d1a2e0b
605	672456120a2ab72e2b734738cb366119ace0e3ad1169e045928064b95cb3e4a0	8d7ef73a5ebb6e21abb74150a1d9c5cf33df75ed8788352414da055644ae5cf0	1f2fbd3fd4efe56c65a3dd5871e9e1bfc7b690f1779ce05b6ca7b38acad68a5a	81136aed45b50edb715c193d0ce019616ac2ad40d6974e9755abfdd1b26f95d6	97d391ec5356e4582e5ed6a46dbbafa86383f26f9e2546b9ae6642667766f12a	512d0d3b8a3f4fd2f86b50dd004ce8e475470969ca54b70ce7f256d661051fa6
606	2028787979c3d1e5c7967c6e572b40354d9c1c1261151ea0d2a7e5d64eeee737	f3352a937b55f260e5648b2b91d4ed8dc35ab14b863cd0c4192e79689a432e1c	b08926d6e95b94132a8e4823ecc37633ed53b2172fe7fc2a4ad961f4159a72a2	a6229621b453f4d920eff56bed28b6f88ea9165b6ed687c5f8550fa05b33572c	87a68be13a64402f9abef4a4f5c791792fdbddac590b19b84910fdd4f763abce	1553aeaee44092bd8dd878ebf9215f81cbacc6d2d527905594e6aeb8a5a8abcb
607	abfef249bdd20775742f79dfe4150d5cb4ab396683b85188f88f7805a9c068c1	760fb091cb35ac1a8eac1622d1e64b0b46260a6e7684f33e14c8da5b1ba83730	ff9435b6706f20b7d99b693cc91f25c0704833e535d193d80a77b61681fef2d6	28ddaa0b0b53c909ca50ee4d4464b6ba5d22ced37fb54fcd3cd8b0db24a61c88	497b78ad17906137406f6deb29ca84b9d185a4c6d43b7fb49cfa2632ab3000aa	9c2fbab32047124939464df708b346606554d1d98d677ddb3774a5e89cbb87c9
608	e99aa07b3094e5eaf7a7fa9cd4010bee85eebbe9cfd262e264f66ac417ce687b	e1e9878d55d1cfcbdde178265ef21945f9db31dddd114843377a4a3d610247a4	7406396f960b0def818bd70cf973a79d76db437834b00bc819c375189384e290	f3fa89f4f5443470e8a6a905763d67a1c3856d3d623a7844bf05c199afc655cb	d773001e2a727eb1b598892fffb9a6048d169a0ab3fa509902abc33029d4c8fd	434ed236add6fc278337d7e7cbaf182292f237e1fb918f9e294be99a9865a723
609	4ed07915de2b902b547a53930aebd1ad93124953704ee0864b48b4f1faa5309a	166e7b57b7498c9db0b90947a1959c64a5a8e47a65541771f6a6b58a0987fb05	28be96ccfd78eb9b8c1117d0af89d40c930dd2d667935e42e8e236e0b5b8ec58	cfe026cdcec1a6c3506c45b5a3c62699a28ddc94ba47865115a694c88effcebb	5f850d9a92f07e9a6e1ea3fe5dd4b63a0e94f6a11a3e9ea965fd1d34e8664c4e	7a9decb7cec572ec0faf660650b3d32c11b0bb783321f4674bb3d8d2ac5ecb20
610	f338c12bccd9123d70736fc3c6660cb18fe636bbed3369de386e2a802497bdf6	14417256a70cd2f9aed8250edcb08f522ff5fda7b212f6ea32fda792b23abfe4	0a88fbec5365d64394e00598f1a55d020e8ed02beee65825a1f6c7e6e815d026	b92f7b84e2b48ccb4dbed5561e1404916af7f3aab73360d601f68fb6a85c9550	5967524c7751448b0b5c80b099c57720cfdd2646c098d964637cdfaa1ff2f2bf	3591f91e1a4ee00063575d08cb76aac85fae4b47ce8c91ce0ce77e8a86159747
611	c3f17788370b67ebc52b0b9752a0f827b02a294572569d39df21fafc37433963	895d6e952a135c6e276c3634a25bd064c213123746c0c6d4713cf769bc61ed5c	d45cb7d071ff7da376fbc83d201e390adf3a198885cea18698973275ef5b76e0	98ca27ff73e78112727f22511aa75debeffb5bae07c26db9533dd42686e74e95	60f622b57864470cb2cdd1d9c361b46804823a14a825f8317c41bda9aae1f287	a0edabbec502de90df70e727c0e75c2873a545dc738f1cc536d2d1b2cd000887
612	7c4756ff1f02f9d175e91bc13d0c45b8dc291e817180350a44d94ec3909925e3	85f91a4704574b9afaac72b7e9d2a5fcdfc0d47105053c84f4f5fb443c816c12	0803a2455c212e3e9dd875286399540ea397c5bd7a1840c34d2d48fe5996a8ad	b6531da2645517d7da7e386cbf4157787a61bd4a13b0d16db1ebc753982ec1c5	e3046c9941a2d9269874ae306821b542f74c801a2c902173e730988d5ed58157	d54e38e3b9f018f5f348d42da53f80b893a073f8b9112898847e5cadc1d0fc1b
613	964b8c4b5d999dd8d2a6176cf01b79c147192db25f8e9c45a89bdb7282c947ac	eacc201620e1c15c960839f2c6cf0a8c0605ee651e4db10b8c01550955335d85	160531dc6f2387183bc826f708a2fab87fd6367229bb97760b6972fb48e50700	4437fd7365fec0bab3f35683d00d049513a17102193206a90a6fec9d67b94d75	70a054d0d6eea6796695b0da659483f2d90bc74e8a30d6dc7b84cc392e888862	dad24b459b35bad84a09c9489ce7baac36e3a545550ab01d1bf8e3440cce0edd
614	2515a77357464a2cc12afedfd79d51889917cc47aae5e6d021d513a1f967cdb4	cd3e1960552f388045ed2e35c43fa9347b4bc13bc0dea67aade01527f9263f26	a956f3ce7bd4c50dc05de3c2e55e674b9deeca06d859155cc5c8836bcacd96cb	b6ae1822a458e008579c02705809c131b76fc6ac64600babb05d395cfb77181a	c36ae2ca327bbf97c77d94172d880278bab080eb895c845d968b6d8900d47756	5ac4308f824697d94f41f113f1e0a27b2eb4750d46a7dd2ae2e6761e345dbebb
615	cd34210d679a74a3c259bb28bfb63cf1a1342c3635ecfdc331298e2ff5740195	c0ee8f760a1a8f3668b170dd073db01b1aec819eff6900ba059e66dcd9fe02ec	b10b70471bfbcd292ac6d4f38c34c30cfda0a9da2085ad079700d6b0f5c872ec	9f2b49bdaca037dde89a46a4d56ab499a5008383b9631b3b96c45d2342e7eb5b	977d1eadc8100608fea68cad1ce1ac243200345abb4431b598266b0c0fd9bec7	90c53bdaf4351e3e47640935e3eb2be613cf808cb8727ebaafe0dcf6a1bc788b
616	ca7dcb448dba9452d078f89ddec79e1232725c5289e3f32cb22b0e2b24aa9306	4c10282aeb9c75da3146937ef687730f58627b911a6a7b2dddb3c2cec7e0e891	e8d9af54ec4a79904b91cc18c0fb272e8e680dd15ab92857c941f291547be05d	ff2a9e46c4178946ef0590061f8cc280d2532908dc183eb128f9c288bd707fec	bec38df214f0a26c77d07900a6763a4267049e9f6a154b124f1995685552c8ed	22170676bb2aebaf1ee977d8acfed03dff625f2a0a5938db7605691749e451b1
617	38ddfd3e53ac95759cec56d0aaaf181c62ca752b76a53aa2cc6097dcffa0929f	c0e2d6103b45887d3b16dbf3cc20c469874acbbef39feb69d0ae91eb27398a98	c261943cd51b34caf9efbfd8de95267423cad21a7bfc1dd6045d9954d9495a1e	52132e49a37b9e6f63ae7f7014f36a8348cabd1a7cdc7606f3cb310c5338d09a	d3df5fd2c53a335969c9d43dab6a1a1ad8f536b0a1f68c45ccc069d295237b22	ad26b52ab0ea4a296c996c38682f5aa521ed4f8bc6354319944bbe9859b437a2
618	2d1b49e026aec183e77aec59bda4d8a90564b2b327ac77f8f0c209ee434a4770	8b8353e6e331b7e67f83def5ca479f3ee251fb9b8f9f9fa7dafb610da9d8c150	255aef0017d2e632387fe4974841eb8816aea15c6989c54f6f767b2349ca8f72	36f58b096fe69bfb6078d86ff7467efbd0cda0ff5dea3cecb8cc2abb37c62b7c	ea0e7759c9265183e0336584a499b065231604bc959ac717731cd1ee6b869c5f	6f6ae48d048a72f8f0a6e89fe25f2395594e6cfcc421440c5ea5d95ce409abf1
619	8cd3ceda21ea965ef293aac580ecf30d67777b635edb17eaad864ceb9053e2cb	f18c7721b305886d54645ee242752102ad28b2868f23eb45c6856650eb3a45ea	5f3f189fbcb62c514e9135292ab3d1c3d7a9bd0a8b6d61edc52afcc1b6238198	b6106bb01b318cb39f93be589bf46047724325b1a20603d8c5feb8b1b161cde5	9501e2d4662ba8bf6f7ec2d115c33e90950f4db1f7c939c898ca379614745546	8a047d32c9145ff845267a5e08d4f054e07867d178ef6b47188c9727d44f4b87
620	da33f11b08a4502957ea52cb17e88eece127ef0db712a2dd3eda6d14fbea046c	c32824a6340dd086e810720989872b1d69448045797fcacd63efb86cedca8029	637ae51ec1435c0f4944f1e929ba48ab647e55dff574e2c26e6c959f3de713b8	53f9b4004c4612e74c617d905165fe1887f59ffc01e37513bc87a76019957b94	f4106835baf826f2311800df29ae969fe87ff73c4fa6a3ea014f291c39cefa48	14c72a3de47a2a81d0dddb172bf75f9c84c0419369b1b2bed02fc2fd75708ba4
621	ad734793bead947d167789207218a0e69c92665bec9bd6569c27feff891c6784	8447e3b4dcc859d6dad4c104caf6e9d5f911171e7132151fa79aba7b15f9f229	841cf58c9fcd02eda67e01e9718191fed066b3f070c29765695ac4ace9ca8250	e3733e274698671065d702eabb06924f5fcf8758b8ddf73351232a830352c3fe	a09a14a34be13fed9a15dfb4509c3f1d6dfcc5f6e302685b49691e084f95cd6f	6ed4e17766315b4e1c246bdd781ad894e28ae9ae65e9af2d9774962776fc629f
622	285b87060a58c2f63158ece1cfe22e5a799911388dc035754cd146328cbafff2	932382b91a6dc189efdf549f3469672228caab04ff160f8ae4443ce4e7ff1863	832b1dacdfa0d5e8837183956a02c6318a02e1350f605ec89f844940731ff9d4	a37c8369250470f22239e94c785046092385d00608872500a65cd77b3610e9af	d86a63f69805bdc0102c6be51afc1d59360e5ccf7dae4a2a5fab01c5384f8ebd	cb0ecf918f7643fdad7cac580366707a07c7b87cb501a74dbadba95150d70ae1
623	fe795786c73a923eefab56460e366f931be49a71e3be0c7eddd4abff03805e83	796cbe31d9dcdde45e5e2686932d7a866bd8f9dcc30767381cf63fdb8bd45760	5b5f398fc74bf1933da294d2dadb3f4b42c2228e55e817dd267e3e5ea5791fd4	a68c0238ffb7f6a5a4903abd20c6586ba6a21e52f1f89cd3bc266f6dd1ac0f67	7afb8c54d372541894166f8c25240ce604d1edf5e070851bcea5730c0d998f8f	bd38f9c2d47f3a730de91d6a5d91579a4a2e4c25df9a875f3633112743effac5
624	0c0fe74ebb86a6602231637fe8b338869f1955ed85053a2d9de0863bb6119779	9eeb5a9795e9c1e771a3b37b0001418256e7418a0d86834369e51fbff6522bf1	39019ba20713241ccd45d572ae20e8657a792b52e12a03ff2a54100109f7cdcf	6415076094c477d0dea67df595bfa7145ae9f3965fb7c95cb85226cc58a9c5c6	95e796f7357d8e93f4904df58ba02d3b6558dfb5d3afc6d6f2fa35ff287868d0	5c6ba341502f6768aed94d6e3256809ec19994e97500f255ec92315b84945f68
625	8605b594c57c9fcaf5a11dfb28e48fbd4aaa98b9ecbd334d200e6b130daa2f1b	893c0c1b3ea06eff442240d318e790db535264b07de127e58429b2391f9406d6	0f4d56c120a0611e0fdc5cede749bd5b0fadf7bd1026804020857bda1e31b9b0	e592a360cef1b062bdec04d07fda9bfa6f5645d316531364837033cab52bc298	41bdcb003ffbbe9edd3bff1f5279d540fc03cfccaae6d6d5bb4a2c8465ed64ee	58132194749303772ce10256bb41987e518a318bb02f0b49892e03670fc5e5df
626	83a19ee87a5414045fe2c810364bccb8fc951446fd458bcd6118721e82bb09a1	b871576cd96f6c8fc9e1ab4505b99c87b8c8b22613ccacbbefbe3c8bbdd61142	5b7a58316fc3bedc31d3fb951e85f08c3ef2374894a59e5136f79c1e3f2d3638	b591f4b94a0c152f612d6ff8b8c7efe57f6215170c4b70cc0303cfae983afd6a	9f403733190b51439de9ec555fd224bf82801256b1726b12ea7907168c1cc345	cc279d9c8bc0ac8856c0a79477e16d1da4033abaa61abeb5ca0a6491422c9c4b
627	d7e0902270856349636900da9877df24d6d630cd58773214cc372d5bdc3a9ce9	9f677b95adaa4373153938df650e11ac15d45b4ece1c4d404b4388758ce0e4a2	2991f2e234e18cf26029bc84512d9434c1517f8d36a0eb5fa4fc01a70f76773b	0b3dd5d7d77bdbce96e8422023ee408094182ee9369295f2a17e48364719e01f	08e58b907fbac49008a796ab26b3b88672f3c13b84f5506d7fa3d164914d58a9	0a0d9265563bf4632eb103a00f2a92e644e064c78304155cc626d1625c53856d
628	41b4441da28f28bf3c8ffcee2c6ce6c644c9cdc2919ac759ec3de2abca41468b	3e6d8fece820468085bdb402cffad48d973ab5180d03a8d8621c611010e8035c	b498a925d077dc923d0fd965fa054e6df70751dfa3dafcf17fd772293b553ef3	37b8ad915755dfbf87e41e180ae51b639ef60ab0992754c7f0a4e9e49b6a7526	1648e430e061224061fbf12e6ac7fa46bac34eb0e99d1f653e6d9f96aaa756d0	72cb10d3aacb6ef6acd35d3c19e097f06db48c5c990dc4fe2fca7b4e7791b081
629	2cef7fd52b3194250390c97353a1b190ce67729a553fe533c8970e27a3d48e00	5227da89fb4bd9d4004830d8c6ab102a6f0ac4ed40719fe733489d865ff72308	ad8398ec65f4a25381d9c391df2a9fa2f62c22086dd089a18b951a655b762aa0	ae00915dc58b571aa035b0a7a558aab24b6c97d8dfee315cd62f6fe4ff3f3c1d	58a632892cf9c632e45f3bf1d5b35ec70b6520db0d8c4238cf763d207d6ea36c	ffc606b25e70bc716afb977675db73daae82529adb89d591aaf4182725e4b5ab
630	523bd9b34d665f2baedc8fa4d4e5b1cccb44b2ad84933ce6c79ba166992533cb	dd664e95862fccbd7fd706da60002c1b5906d2939b2da74eb1c6fd135acb98da	b3d5319303e621bdb960a7ee9db3446c05cb201634b005fbd055c113c5d5b5f0	782401bb72f06833823eb9cb95c7516f9ca9db6e24ccbbb82600b85ddb50366f	1563b52ff04a8aa24bd305c37e07a87facc024286140211bf5f28c92f9e8e22a	bb91fb2885412b3ace212cc76e9805ba0ddc1de363d684aca734935dc16626cd
631	a34e5e27aeb1893d93e7c08f3b9a232c40ae5693b0a416bcf30ac4a7d69cc99f	f54cbba8c6d893a674314f50be2448efd2c89597ddf8de55a4b4fc6f64cc5cec	590ebfa054df71757e98455bb782532e8c804a1da736e3265b0aa5f6da799646	e0c3aaf534faef37545fa27ee65586d759922446b401ca8a15d714e5453269b3	ad7e0465924ba1881d008cffffb956ff9a6c5f8453820d3554a0ea34596516fa	c309733684a455e4b44ba492d8ea6c0567d02717639c7773643515b2c37753ba
632	412184cd2c1de82fc623eb285cd17e635bd37f3cae554158619b5894e4941e0c	f866c8c2868483c91dca0c686f1fde8fe65192f7225e14057aaf75e6c976e53d	42b90213dc3b9f466732d1eb2a760e3ff01b09368266b8db63a7a71288649878	72e7a374227dbda3e33161d4d360a5409b67eb5e03503cba927c5f1064760c69	f1b18adff5d1facbb71c3c5a62632d0ca5a24406247f33f81a5ec73fb7f7a61d	6e1274dca596ec0719873c32cb252ba55730e865dee33bca96ae47261036540b
633	3574454bf12e48c1d70dd51178c0b4bcca89a3337a6909551fd5cd1675ab4281	9840acbc8b567e6ce0be32c805a88fedc5ad9a913b29d0fa4c04d37e60ec3b92	7577a61bd870f40a5027ccb7bb9c3bd888483092510e50de56230ab0eb42c7bf	17bdd01b998d7af9dba1dc6f9bbf4acb7984ca5e8637aafc7169efc5d2774101	7f74311b93b7f5165bec7ef673ade9d558ead4dcedb766edb0dd255d3fba9007	b4af35fb355eac094933e4fb454cdbcf5bbdcaf1503d6ab6a4dcdf331b873f3b
634	3a0a0dffa2c05b7e668b69cfe9355fcfb9d9282e0671a965a6e4ac2316cbdeea	f9bb27417287307a19fee5b5833f0521baf65efcf0053d7acb6f7ce4f1b51758	a306f70471b5f37b35ef0cb7ab514d6f2cef74baabe7f09df12ca4a20d9e799f	2550266c64360bd5da57f928a833be0c6f8d651b7df49f9a1dad409c0e8143f2	7c7f4c9105f4204b026750716932c2bbbedd74acacd50a6b9b73dcb2618f45f7	32436afd8d69aa247d4377f976b74c5337c050b300740bbe4ae385bfa95b1c65
635	2f593d7f147952c287125416769c9543416ca60017bfd861dd93e713be0acafc	c991633c2981786fb2e28605390d87cd8021c1a7071bc460ecf3590682567c0b	47d05657af35b3c2c3cc9484e9c4b952d9a1be82cc24200806f03b615883c691	6d67c5b32c19b2e1b812422dfa5b9e7425d9d067071ab031c64fe20945f5d050	01bd093e9d22f63b025cec8b5fac094364daebb65fc2cabba51facae8df5d73c	57cb4dfea8b68f501f1c2556062b5c9072bcc8e4c7444dd4d9ccb45859ccdfc7
636	3047ad75a56d9c36d044ee58535f8c707b0bfa333141d5ef9c1dd6b31deba6ee	a34bff4ee7c01a5143ddc8108e808e3235a84bd5113452422ada1cd7ee143e67	807ea652b29fe13e1c885b9f827aa174f606efe50015bfa91c6609f6012e17b4	e9467dfcf2cc689101e9a86c941e1b399150d5398343102ab67d3581bee7ba7f	5c40c8092dc7278ac8997fb83fc44a65d26aa1434ab2ee6609a6c0e050d09791	6386df97c3adc3ac8325557f297222f930154fa80946ace7fb08dc2eaf7257de
637	8d4543ce655409b1b8bfad33975b5e4b5c6134ab0d6374ea18a492750360c457	1ea5d5f9f605980e21c536b43b0c5fed3ec101bb74ace69a347906c9e3883952	06755cc0b09209319ee6efe3dd7b45a8740f61ae2eb6d90e23548b2c3112cc2b	61d60731662c9326e2ab824f1d8106edc556619f2f4bea6c517827e3095e31c4	367b6d5f7d8d1ef5095111e542f7d94e72627c2cd3d91ac88f01e795e0eef667	a0f6eed92f05afde1aa296f13c0048c5d0bcb244fea8f0e12b26a9a89baa52f7
638	dc1838e6e06d6099f93961e9e0e910f4d325804f82237bfa56a06cc88f7a2f71	03b7421e28a0bc66d81113d248aa3712687a8c59504ad1060c3cbf05230619ef	36847b0e1cf155276ca94c5a5ab963579424d5fc5052d63c8f22240634e90ab3	a1bf22e424b9b63a0be952e2b5aeb2d70c4eac2db0d0f5e9bcfa3265cf18735e	d0bd6f9e40570935e8688a8527bc80902307a571ff3f9af04cf9377cb2f710dd	88ad7d3528679186928b06a13d9ab84195f19c132d0b2f6061dc3a6418be7574
639	50fc6b078512d4c7ce2f58244b81def45660d7224249c3bf6cc0a9bed0487d21	157ca8d7a9682b1337c1bbf929d54225c10d0a63b621e25ca7a75e5458770be9	23ca8b0474662f300f3b601dc579ddf299b51a9123c9759c44f60f250d9e5ec2	1f2665ebe7fc1a4896474ed36694dd10771b5aa7cb50699d767fbeef562af3ac	40e0c85a17a656bef47cbcc2ef8996630a7dd0965d076fb6b4e8f88cb01c8169	114336458f4e804a778589bf316e0443605db8a0e16e65e7ff16ca5966002e0c
640	5651d62ac4e9a98875460eacc363cc28284c936f0cf3a777008264f502888c40	c82a3e24215cc488e797871ca91e94655506302ddc89adc13e7836fe6210d9ee	2659832bcf35bbaf38181272fdb3ad6fd8b4491ab7feabc7a48d6ad41992fb21	499d34fd67336680f68a4bd868ca30744ba256d45f08e0bcb046bb0f1e561bbb	a108106d7932e6b7ea486bd209fedc8b55e04a72ce173091608b5b0bb5bf533d	d63726fdf999614160929a75a1b3aaa5f3891a4af33f609e788c2f9e2e46434c
641	16e7bc5d2df1157e53db6b04d4114da6bc870f4b0c5df048dd812f1369889d72	97d8624b378800ca1c2886a8ae85234d8c13e4ee441dac77aaea8659f2f6cd57	9da518b7fc11917f322e27f7dea0f651a26891041bf7a997b9ac225b5e67ec65	3d96579d62a414585cb91b07e9056b07639e78becbe8d33e72d6eb70daac2e5f	dc698e7b76f581c371080a6e1fcba3fcea3852c75ac274dab7bec8898563cb90	3e093972b32ab9a0da116e500623f46df70eaa2de9cecced0df09a480a8dd21a
642	189d48d0f6b005e0eca0e529bbb62513b485c0c1310dae45aeb7888177284179	79d1b30923d7464eb86ae8b3621eae97949dbdde649990862c9ca5aca1189b66	0ce872d533c9c90beb927da701b7dd4b31f76f8b50ad4307ad668364d256e4a5	ba60d8347bdb2c9fffe12902acb7348ba9f6de1cd186d90d89fed5fef8da0e9f	5432fe60dd5270dcbb9086d7146f8aab177225f810fb73dd3420a30fccd75a49	77b2a9c4c6025779657fbd0bd0a556063e17eea7227252bb9d02c57315532ed3
643	436593c5bcd4674167f42f001f041a367a70c80ca3c81fa476a5dc861ed242e2	b557835221a288c44a77151953e5baa5c96b315eaf053c3d516a63cfb0591ac9	92b0446493db2c61d7723876521d26238a10ebed5059ec37aa54f2067286767c	b0d171f567da683e1741adc544b49c94d8028955f78fe423dcbdf6ea2cfd45fd	3fb5e78e5b5c0174dc879afa33daa198755e1226b65427729625b3af012e46cc	33543c56e1dfb888aeb28ad9b4d9cd5db87f1ef8b4eaba51a0ddf9605276507b
644	29a8cf83808b38ccb29a264aa7c12b8d7eaa17bf1daaa163170fbeb9fdfe3aae	ae223251607152a4dbe7b847381a9a44aecf5a07ff40f8b40057f58dd7fbd76a	59af7a5a62844a3adb409a4ce37382fae98d87bd17b2ce9756f1fea7a39318fa	208e890111a0a8520154b525d556acc4fc3e4a7cba744f7a95f7a0461c25f036	a7484bdff5f42b4a2b5807d34eead6246b758c1955be9ab5a824bf94f3c9f53d	88614f0c71ceecd74e4df25e8065d01576a5ef7edc8e56a3b24647c84f399ac1
645	6549346eb0434fc31b02689fa7359298e1af2e1b60f8c30bbfa5a14a97c17860	cb75c19876a37f4af57f34758a0557883265729bdf4b243133e2041f780fedcb	72eacf2c1441a67653bf22e5c4d1d436ffb50688ef496577af2d8fca64892c9a	0c33bcc8fdf637d59690127f38e8a83557dd58ce98a9e8539d30446821628ec4	6107d10393e22b281b7ad936d43beabc438c2677a946cbc4073c68a70b36997b	71519f9929eeebd58c303f69ed7ccafddf1713c387fffe4acbcb4d67761570b9
646	6f426cbc7e2a907a6c1c8f1590949d89403dcc2fe9a15e0a586bdc8234fa735f	cc0b532cb89b4bba62467a646af936240217c97263ec93cd9e6894ff5b30adfa	c1a9ddd252a890b615f2899935cea009f612d81556441e3420e60d87377addf0	3e918fb39add80f8b2e680f018190dca14b757da8eb0120a58f66e3ac85dd4e6	d7b2cba97d5862b65e76542bf2dd8a2fc7259336662473a26b3ded673f2e079f	f6eb4f5c405dbad2212b2c97cd2ad3218cb9913fadee4ec79304138c1a23eceb
647	28e977f511aafbe1026b146458046f966e459ffab2037f14d195114e6d2f3efb	9023a04dcf13f17bc88e07027787100298578c01c3593d6f8d85d57708e36cc5	02e20a32c0da790794608a931de6c9f3c836c16c44ebca0d32fa862d482472ad	971747a5ecece9849348fd265838ec49e5a0d75598ad3493a83b33a4bc925057	291e1c33c8bae66cc11bcbb222e1ce1173f220b4e72b159d9682d0b532274562	77891902a07307eae6d000e320fb9ef1af3ccaaf8f5c4ffd4cea2ac06028eac0
648	9bfd340c93ec28b98aa03437a316985a87aace0af384050c7ef973cc0838de55	11f84b2ca15fafa53500b9c1cc8788b28a8bb8279a39398b51d0d007291a00bc	474ad4fa4654b31045113967221405f3a70e2d5cf94eb262b4c455b8dd3efb71	3a37d78e543bb699d22245ec23b998c22a8fac91e8ddb132080f4a71217345b3	f16040fe32e614222a3ac77ce530b8f18d82be1c9dd4a2369b750b1d05c605d4	fa760d95d659d72f74e7838b2e9079bbc8a53f34e40749f976028185766308e7
649	b7efafa9a10f7bd79cc4435e8f2991fac9d4d098b131d9226f3cd9a94eb5e8e1	0600d9b176f92b78dd5d938dd317675292a583783b493090005ed5523bcfbb96	401e59c005592f2289826e0be046dbb381e3676f09f9a3afc5f3bc52b4c5e1c1	a17b1e99be43186b7b885b24a6d8445a11533f79fb61398c33a0411c898d9df6	c78e43ffe2e0a7756e5328351701f1e0346a9ca7fbc09116cfea56f64b2c3dc4	12b0cf415771ac84ad9cc3df929a9fb528a928cd5db36fd2132963c2fbf034da
650	22ff2d4815dab17c01cc982a3baf1cc8af777fd6deb3d8efc06ecc19fedea74f	5aa7d97b360dda0659705aee9592fedd6a83706f4f6ae2183e80f1fc39e52976	111117cc430a09c98e889d6a50ff8fb5a5c03d59d316b7ca71ba30b64ccd834e	76684baf81e68d59bbcaa98d49a5bf54dd976531c5b66f9893868aea8f820762	b296203f93f4d21be24054797dfd6c12c2c668d427a0a196d68d01adb7ad83da	7b7967823b63263bb0ba12344fc310774f2190e598ee719521e14e113f861eae
651	dfb31badb68bf87a76ac52dea5930429c31b0528c3191e7230c8a19b7225a9fb	a52597c37289f398f68c1762a6929103f2ae79ae1b78fb6f5372a500a5b89815	5677feec1cb6325b636263481e0aadc5a8ce0720b1a6d1d0636883467669d7c1	0e7bfc36a994c88da11fe1e4b00dd7e027c991fb43b71f7d6e4b092eefe8c908	5243879ac194f37cb457b6d9b23f46d680dcea6ff753b1260443245d4181a464	85ad721dd9e265356baedd0c00bc7a205688d4149bd51617a4f23b41880c3c18
652	9532001ceb5971b0f3b09e2cc4b181a5214f180516b2b0f37b1ac40e97455d4b	949201b574e962759ddc23ff5c54b3f86f5442ae29fa16c5bdcf16b907d1a50c	306ece1051cd1387d7e95c6b7f9ee5efebc4f62d318e5b1d768b9ea37f26e6cb	3e702115293e01d3ff356fbc588e6a51c4a0c9401cd1d1e81add7b59d8c2eb9b	62b646135a91898ad4846ac5439a42503b4902d29787c6fdb259467bb148bfbc	b47061cceb72b5c04f4e9d020db9b15c138ccdaae00450da477ff2c1bc93db23
653	5383dc751cf0feb6050820a0f03060e34af48862a0b51d2fb676f551ff7cd973	43a5337007c5a25f5f36c5ccbc056322b9d47e93d2ab8b6f1eb56c9c7b71afc8	da3cae6bb5de561a7afd859f0753a246213d85588d3d6d4ab12c431aeced842c	2ef4082d6a9f92ccb987a4bc6720b2e187f9e2790e0f621f7e5d2c95bfb92bb2	edc39adeeae8343dd93b4e054f4280e2b6c1198d98ff18b6d192fc4a1cf6fb8b	b8a303557b6a78a4c72106a08eb2235c41978d720a4f9de1ea5e31891315632e
654	c372c51b1916b46359db01a6c1def83b7862c489bade4304f40cdc5c415479b0	50014bdc026ef9867f84710d53fd80c50e3d71fc693903ac9d46a30d1454480a	7061cbf857fcbbca6dfa19e006205ae38d14f03b1287698b69108323c10752a5	f7d599aa8a0cda42297c208dfe2df9607b684a020ca6ef9cfe7a38a588820fd5	01914f6f8d0247bc0b7863261f626bdfad2251c1a1b314d52960d8be65967a67	18729c7c9d6c00316b35364ad68802c5b5a0e724aa8372d1a41469af02345144
655	55b29017b12d46f095ff653db83d63b98c5d24cd369cabd0a0a1a6d68bbbfe84	8d639adb6379a65c3393af262faa726ceec8308a314d9a2abea900a211d8003d	64441a885dd3ca9b85e427957355b7e4f736de952fcb29b24ffe8c86bdd220a4	a804a979c2f164028722513b000edadd5f67955f74c2f39e34072e8b0a30a435	7dd45e52c7cae21b8583f0ac2fbac1e1502c293e302a782600e9191c1583a6c7	b3b8912527e2db587c42b2b010efa61ffe6f72dab9b9fc67b1276dcb20b9585b
656	2cff57bca4489db1b871c66a5c3774c4d887c077a59098fbbdcb6fc5ff89583a	87d9113dfc525775e038f141b48db386642ab531b0f58c973157c2d682aafeb7	88b5ae8f57f677efd6ece5a32ff61f0857046dd1e49033c48257842732130752	38a6acaca9a3bf3babc23f4e0773d010983d05af8c3a02ec0e519c3159e0ceca	8fdae30c8e52a3540aed6422c110105d2a325d9fd8af59edb16f9426b29611ee	266cc7279c24b9db1dfce906931f7c188788baa5e52e6fb41d3714caf3ff8564
657	f7c76f9fe2c3a2777f74dc2cae8c32a7c6fc207d1e1eeb0b01348daec3aaff49	5d778212f81620e241fb21224795c56c2134bdb2aec3e9c0d93bd8d79a7ef7f4	d861ef93384834ee123374f5112a9183d763389e681176489e019f8283d1e2dd	254c4f7ee89f21d25dc20f61ba7a55af22a16d60db23c53d0f4851979f47572e	d3d7ed904e7be11fd22e477a7a16220703712054c371d63a513d387740be946b	3396e7514b13010fb3e436dd9031468cdc524ebca67f2be6c8e288faf96569fc
658	94ac5e3062ac77e5881dcbfe1211fd33644351b3796c26cba48c6e88a08e0673	b840277ea92fc01543e4c5d6a972eb6b2a49e6b1b5a75281de4c5bf5780ac6b7	33467a15b9afd5534dd1beb86e304e80fbf03cee6caaddceb18c113cdc2bbdc5	089fc3e2cd5eb27e68e5ad9871a35a0874cc0a5a51a76d51ec1c40379160408f	23e505d3ffec64cad021c10402847e0a0cd9dc9ddf71ed513aaf8e380e1718a4	cf03df77fe46af868748e44432a24d44bbd7c2e743a661ee6aa9feda5bd67693
659	e88527bc3e17c0b1aa1c55365d0c9ea846dfd22b93ebdece850a00cfce8f2ab2	398239485a0f2ae7d632c58ad7b16cd81ef647cc31b4e75e35f67238fbd79ec8	65119263c77ae2c61afb22783dc499edeaa813b8afc0fc3b86fec07af8e59c03	10177ccf9b8e81c7b544da49354277b685446877bfa1a8df9ec5611061bbc285	b381ed191779d585bb9b8d2fc56365015ef8ba94a9756a1cf90ef7eeb4e43a73	657542c553d39eecead9126538761456d091961bcefde68623ee7b7f0638ed54
660	09ca712a614d9b028fd0477174ce485a49f4d409e99f6fc0f6cde4b27904643a	21ac5ca4fe4b4a58b1715e9f0defba2bd5fecbd446deebf7edce87a5de1f28be	7b6a7fe39086720eb1072d46a0172e9e3b78f52a5ac0d9672d3bb32561dcc4a0	18a27ba673d4ed9bae931fba61636114b2fa43ddeac4b17ac4fbae6cbee14baa	dc51ffef610df4d67aa0c3f893a2b74dec9587fd36e377c2d29ac4b8bdb8d3c2	cafa194d205cd98dbd657b69d234a4e662d5f060852bf0e65f4f5194dda65469
661	c43ef1318b0e1d623f49fda1c0d5d5d9dd6743d51f81e4943a798a6cbc7f789e	b6a54bbd0bcb523c321b3ea0c6d54f6e14c1b0d4f18ecdcc8957fe774f073a94	2dc30a57f48293925948da3e96d7d7a992e324273e26f5fe55b3b5c17594a0c4	19680f7ab9c7a4a1003a1693817c5f5061eb2e87393cc4616b5dbedc8d75609f	eb0d47bffebea114d2d98110b58aa1061c665e6313694da624a9c2d7756997ef	084ef95a03bdb97517aa779ad742de91f344593c70cdb49d2da7bb1e2949af29
662	44b0f1ab5efbb419f0446107da83a4f80fe74273897fe74f8a37c5110e8778b9	8afc9b380d554bed1fc98bed6d97e38201328bd7253cae32f16b9e51989fffd8	6f3b2934b489874df03c9b4f2907f4860e79ec0f6aef2df17fa33baf8024dbc5	2e895129da3a7c983e05844fa0fce8444b79f48d2ee3e59f8b1f344fdc6bd000	34bdedeb6db8cab02ef4858d5fc4e90c4530988f70b69e9c81f4506875af8472	8907e27e5ed8c4efb722274ac87b9d288cea21892dc2d99272349dd659424089
663	09b2e23b0ee78bc12bfc07d59e061ec01249d19cf86ce95994037b9b68761f29	7d4c13b20c5fc3d5b7aa83fbdab4c223524bcfc3ed06dc4afa9d5508e0103ca3	3474ac5376b97ef1e698a8b2e2d8451fe8d5a9caafa7234c3eb10388d85bd6e1	0b7918970231ef255d4b23fa6cee9c89d1378a138d939ba5e46ed0ddd0f68049	53fc924f56348f3904500c0ce27385de89b0f91c842c2f653a4f9d18fb4b6468	b425d699c64d58c377f9a9a1e8a96cbabd8ac69777a1ec0c754347261012d53f
664	8229f346fb8e29bb4e86aac34431aa277eb68bff6e8a2bc5d065c44b4e79a8fc	6f0e029f301a8ac65c6894d911485bd3c43c394941cd6f2847f5fbcdfccceaec	055c1e63491b50ab40b4ca5899541280ba083a85d3b679fca8f7cd82a8d6e6d4	8aa84fd07fb8594324d366a3b64f04ad312186eb7cbdf6f4caa65b5b98d34cd0	fc8a0e88baabdc06bdb4d6d74b9ac4cb2879cc5b7f89a8cc7412e90da47dcbdb	e84ab8982ca33c84c06d6a43472c6002738dec89f3837f00d6b308199111ee49
665	7645ef47c779a44fcf722f4cf72faceb02b50e3090361de5ea8a98e09c93fa8b	dad952c6c6521dc6e32d955624b665c2365d2ac59d7bcf655af738e1d6e03c40	77f2d156ab16e4f0d5881fb93bad18b23ffb85604712d468360d1a1e5c12e023	123080f224b0dfb90c5fbb356dff3b45488c20966efa57752425a86c964dda7d	561fca3abf5a3c311a0ffebed014331f5e58cd984681b335c416691e901a04ed	3b6e1ee05304e4664d8f80a68b070e7be099ac57edc765b4dc219af56eb1fa36
666	43b4c54093e6edef66a186c62ecb010c71d939a8e3fe32ff22fb4505512238ae	9794038c2a680c10fbe5c7373505aa5e06c33de792520b4c38e8616fb57118e9	a62d381ec2ff3f58f6ace22a5520315eae13aaa0054abfe951ee6983eaaa1e38	a10317de0da3332cd8dc6bc5bd17c15475ce182c7c3ea71f7f353c868b5ee921	d69742ff82fb782ab1178a12dab8ded18655c70afee4216e743d5aa365031c86	ccf44e6e09a2669ad4634870e3e9948a767340de6841d4700b5ddced94d64b8d
667	92ec2bbf05239751d27a18da2ef8412ec5b085cec7e6080a30c1517b3501620c	4cf89527989887b79f6c57831d594195ffeae594b5ab6a44ed509cec933698fa	00e1ee1d041b9090a362690dd2a552e1551abb46a0039e5d972444d4ac3f0829	4cee788927a123bf3b6c0b557d435ffdcb1a46b6a9f91f2e2d19870e948027df	ac1b09de8cd5dba1c7bfa9fde47eb4be0d72294a6d6e752e6da1ca20c297b9f9	84711b3dabb67752983d60ebc348ef75229f8c9afaac25c6c91812b69a7a7d2c
668	aca2e0036bb8274f72af5c1ec40970cc4e0761244fd0832d2d2849ce3781681b	362e4d438c14f66a7aeb15c9836014a2128219f8fd9ac48b3d506d4d6b4fd1f5	682d1197c004de656fd9e0a2065a58ef951b78593f4802d7e49ce24a4d66136e	2d968b6ee874baa316b3a4bc4f8b29dd8d1271c5693e8a7e40234338dcb8fd27	30b6ecb7af909453ca24b72a340487ff6d118d1c12fd64c63d45a3f65e5369ee	7308951aff15b860f07c453b1989a4f1e28bec062a20c7dbcc37105ed66fd721
669	2d8d8968b50e55b5b6aafc90544b361d11d56f652dac0c3cc35ab3e87ba62681	138926c7a7fd365a0425eef021ccc32c4edb96ed19ed609e39a8016750745c89	aa9652edb84d484571e06f5ed8295a55b88ebd609e181128c438efc55606f6a6	8268e8235394b7f1642b6c1e93f67630d0e8d8f5ed0d06208dc51822386df258	8fdb94dcfe6da0d806c6e4899db0c896fca0c980020988ac85c7c26c71b9640a	35dd2422bf37635d0edcb4e79748ac7d3fdd1d905875519fba357fb4df72cf48
670	4a7cde1a06260ef894f8aac5b3b8bee4417b7c988c086f69178ff4485f47260b	b328c3d091cd4a536493bbf863352d6ab263829814abc6dfa4cd28b4dacbeb05	706929563cc2d633e526274054eba8108e24ac124d949b76315a80f4e14c9691	3e12d624b9b2484e5ed24e390a45e4abe7c40ef0843fe0e74e4a6807f5f76a10	798ff674ba81ccf4d438a9876c9d5f27b9b0a3f605ad30bd00224991b40bbeac	7868718f0bacc127b10e46766771dd557cdfc397386b8868792a05e72690d320
671	0dc69c6108457d02b5c9acf909b001969b73afef2d04b1945758b1cb1e2d0d2b	1e3c3b15a5485a308c328f940bcc1b0685c91a18b79bb461ecdb302afbec1646	24825dcc5db853360a9df35fcf46b11394dc78145d15d86397a3f178a9a9ee16	4646f517b624951f5abff373144a2bc1b6b50acfcd675122f5cd63b8e474175f	41eae2e1cd949e7f3396a7cd779ea3b19e85a250b86a098731ff9b61b8bef6f7	08c55419fc630a17ba486d84a8e5f13f1d3cdae843b8c871fbc340a1f7a3c8db
672	e969da7e4c44ace12beea1aaf6bb15456a64184916f292676e8236d349df575c	cb76ea9afb34997d00cba93159f72525731d146e7caeae672c8281a882b7746e	5312f697677423a58cbc7d0060ecb0e2b7a55a835891316ffcc69d367e087e6d	b24b33ea81f85b7b0aa16b5c92ec3f86542a73ed74dcbedd524170558afdb51c	0decbf205adcdf8be5fd77879e1f97fd35b2f3964b6657786488cb08bb09ad1b	e88cda21895a21bc091d86ed4474ff7ed4d89cd7cda800e25271ea5223e9028f
673	21bc53812e8da189b4c89e89e44283d20418d406baa52ec911f07bcfb1e3f677	0ada10b6f9be95d54ca9797c260e84dc3bff74ac6128d9257bc0a4f6f6d0105a	8c14590eb622b15fe24192657163b57e0c00fedcb7241d9bb5d9ae79b256ad46	2c832b432869cdacc53078c3a170c9e97914ce886770e5faaab91f1d135902f4	4114f09f37a748301fea5e5cdae8b15a79720b505608bc52bcdc2f5920193519	c1c3bd64159ab4f2688072cc46eb30f2ab6da7e0ee73fe0db2a920b4f81771bf
674	bac7c3bdb1b9c2f59f66c8ccc13b9bc9f55caae6674cea6b93a68e5995e6534e	14096b26b6e75d95a238e5e38b905bc0c0da63468d58e09b4be90a368258f916	89be791ef2a1c4993186f59291d9b4a494f7b0c98116440de2816224cd775bef	b9a780e05bcd508577d66214d4fce0913953a5f5929f3eff402cd60f296c225f	55b11d491989aa8ba306c7598c8643ebd4f9c38a9791620fb69f43c81e133c85	d53aabc5a9b0e98f8f05142e31030d8244b2f2af415f9440303353cb59fddf26
675	220c71be40651ff5a4a3e308209d72fb8d691df924d45074ef5054d39f28e05f	015572b9918988daa8655a25df335870ba6d79758b18ed060239eb0450fbaf8f	0de879d41d9357d3cd5dbd93a56641694a4e90a03cdeb8645d75492e268ab153	612250f26294b2e566e1059411808a2e886352cfc2b98bc362ebe697d4850fcc	9c4e7c135f6d4137218dc93b61574d12cd41017ac9662e6cfb181ea0d359700b	712de156e35be537c75af437358cfdae82352d80cc02cb375ffa507f39e5edc6
676	2eaacc974a40537eafd71405253c369f017b1f0c6bfe8793af0c16c15166a83f	6a0ef5a126d807bdce0805cc33e16638e62c2b28edf9a6381d705f713fa6641b	2451d1871494d44af72261d51aa8e0c04e5b9e6df45015f4e5e2dff53612ecf2	1512aba4ef2e02037d7e1e03c8c0847ee9b67b29b68fa9f3fad511230409a652	4201d453aa7f078f5fc89501c32ec26fd1b5349907587e689e52e3d9db905c23	5c8f796193216c52664f7e7df797606fb065051206acab68abfc20435ba61a7f
677	412f6ef141f15c95bbdf0cd6636962ad53068ae4f15deeb91e377b08b8f2e5b0	d500ed17800af9a5ae65670ea758c30e98ed28e3fc0dc4dda4e4710c36088ed2	8d5970e6756e72bded9a48f7caf1d3278e9931a0899754f592fb35a39a52419f	bad3692dce04973454998358931d5f198b78643f52c5605a7232288ea6892cc9	0870375bf9c736ece62963c0d7f7e592a81428ccf16e1616503bee3dee603123	779991f73fbbc70cae305c963b8d0125d2f8e4f66d51e048a44c3374cfb2cb02
678	1d98d2550b6a241f8332513b7de3bd795423c47e10cc01598a6a284e24e676dc	eef38442c6bf055eb955610f2e920a11297cdd134ecaa617d0d6a94b563cb280	d269f801223a8adf843d0ed217b2b833e5200a340e2fca79724f91daad716fb9	6912c81c6d082532cc23aa971e835d2d318e203f0491c4b49832275fc888adfe	87889e8be8c5cabe8ac99acca92d0bd8b652894b7f863ab733621ebd1743bca6	db1e95958b6ff8e342a8b113d722da571494fab0daf039a96b408ea58d77e52c
679	9d8d1a9d871e8665df80d2e2e6c23e45d580602f61e805dc6c32d86151db5dd3	65dd4549f81771e6f98a584d3f4bd7bd3979df8c7ffc36047317cf07e723b4c0	131fab7f5c1536161e6fc6f356efffa7bc5d2e2b7952866a83449646563eb1a4	42b4f8bc8033a9b59a20d362752776696533bbd3b3f02f147facbba04a482c35	cd1482be10ed5208e8d0b33f64da54eef82bac45c99edb52007b766516fec279	55a8e561dd36071282ff1293e9ce9ba77634c0fd1dd45270632b2fa912780cd2
680	63cebb6b1e924c2e4792828cb162d85ecd78fef6a312c516ea78db73715805e1	da3a712c848289f8d336070d30123ead1f6c9315c9361c18107f02fb071ff7d9	a048fc427b7b151945872e38e00f52f270054172521f8b48e440160f98412fee	b66c574b2aca38b07cfa468bca0aa98806ae9b35c2a12e44a66f6fb0248c2e8a	0a632ef4643b74a682c0ff6e2fc533c0fc0232fd251fe7f3a7da6e4c9b3ef111	e02174b57b8eeaf1eecd67fa007b3900392a4f35c4e425ade1118c58444b9386
681	3862398c02031b73d1785361b9cdb5bc4d49a041a27db17e2b88d48864b20272	e5267eaf7e84b3717eecc60f36dc39e9e2747e698d675cb1a2ce6c670cdf2078	576d05188fa4d501d031c79cf15f6c29b4dfe1650c2cf9f160d2b8b6fa7cbea4	7cc689b94e4694bbc38c9391800a48bbde6168ae1271ce2d84d49a71e690f996	477bdb6c08d0a09f8727487f173c54aa99ce51e8cc34232f925937693a8b3ba0	860d36c495ed2237a8e8aff738609ff7bc2f7e507972e1f6e9bc5efd22f83af8
682	b860f4ca816540d1028a926483954a62214df22b14b3857c1472e8f3d8f5b641	544ec5bceb4152e09301a7010e57bf3713e7824d1da23385d3d8e0ef3e95dbc0	7cd133ca2e6bc21c81d03d6d450baa2682e47fbd688b57750548e6c504b92c44	8b98d84ee48a1270da0ab946e4a9a19b019e8e8a6a36d0956bd1d574243afbef	800f382d9b5002302ef1fadfdbb05da59fef1a0aa1be49b9752e70ad0a8494a8	5fbd0d28d5d16e9102f5eab8516114021818c5a2d94ce028c06f6fc25e1ef564
683	4fc73fdbbae27e8eb963f39bdd1446308c7d64dbc970bd573844db3d54ea0909	91c79e8603e54acb44845c8c5fe7c4c8b90cc36cb1c539663fa250da96dd119a	3e8940c1261936db1546a1503a9d7d262d5b7122fec72f85ed4ab8f132a8069a	fef03cb6baa217e313e162712e557599add924f4a7bd706edbaaa9260f5b7f5e	c9a428dede559c0f27aa5d4f836605174b4e6ce03a11e6f5ff0d65c1a03bf195	5ba7961290d901b88957637b9ac68840a8a7ae466c1ae4c70bae2902484e8830
684	eeee1513fbef92a2f2de70a55ba733762d3dbdb3625324c9d6be91d514cf5eb1	237b01121b284a694bb1bd5c8f3284d6e1eb9b0356aa6a24eebb4d4341132be8	a4662274b0f1b85a395c5607259744de54c2be2bcf6f940a606c99c91ec4747f	175bd37c65624b9d554552458ff5d0014c07b2742a26a555e6bc8c9e9bfe55ca	fadd201a5ff4968cd6647ee689174f507dcd3fd14164397d5dafd971886cf40e	b31e72a902a46513f100257002b158b5857c4fd89ae590732ecefec4b3bf4aec
685	e947cbbbc5982c1d5c44357b915def9948493dbc1aeb1a56c211a6eed46a8757	e2b1d59608128c6037ac4dce76c02f5ef0c8d2216d9f2c6ea76fa4226d25ca51	89356cfa5c326b3913e762d7e6fcbf6601d8311f9e1e2d884a0fca3fd2d8753e	e5a06ab5579704868610bad6d6924207b27a8e274f6e2865475c82a88d526945	28dede94c4fe9378fbf18672722b229310c1a4344a9e181608a19ab769189d56	cedda38b6668abc43ed3ddc09e7f9d93512509f82fba660d74b042ecdd9096fe
686	6f9a0120ca85e0f6709e2006647c2c12e13ac0a6a894a64eb5141acfae33ddc3	994e44e06ed16936879e0a9f5e9595c8f34a87aa0bdd5ac612912be61bba80e9	b2ff91600903d253302fb97b190476601ff071e38d506f151e72cb84fee93250	a7fcbe78337557bf426f3bbbc81b04eb079a0b7dac7ff9889591648785b9a64b	9b36f40592bb11bfbd6bddfdc08c77b448e64cd0aa4a91c02e39237d7b83ac51	e3563e8818fd80dd6cc5d953f7957e872e22d3989b099d91f386601b36906085
687	1fbd1d3f3eac2c4030e47402535d7878162bcc0771a56362d01af2f880d3e640	1547b9a9b8d9e7c109eec775dbe308b6f68c33ab3782788d8259deba4748de9f	0b51c5a29e1470b9e78fae153012297d39749d9982e6e82ff1f544280603419e	61a62103042d6d8d6c2de11221487c56d11c5b766eedde62384897ba043df90b	b5e62e64c52f324fe4afa7f6fcaa85711427bf92adcdde8f65e8b92f142389fb	9da43a5925dd284d9b0041633381e736cf9b8cbc7b27319c15cca85b4d36b90d
688	366dc210cc00ed5d40fad57c7af80210288c68021db5a1989431a00eb3b2008f	c9ec7fa23e7d22887a60b7a61c5258d585f49ff0b986706e19defc175ca5aea0	f78ea0761510847e8ca0026c9c7c73764619321721d155d951a97ddf7ee89e9c	2e89a5cc3b06c0d1fcda8c3e20a08a229d0538ac80e49be4328adb19acb4586d	b651a21da557dd932c90a8d2b67bb8ee7f98f1d1cc4fb9fb585221dafeab8dd5	85ed6639615e1ecc2c42faf7abe63bd8df8e4a30a65579145fb247c4a0c07b2c
689	d32c7f5778016a4a87912c2a28a5894eb6eb4c1da81b15ef2ad259c1b6acd5f2	1c66b7880e70c518a57cf995ce6a3f5a24f32fdde15218859e337ea65bf3dc1f	bb1bc8e59b3a9bc98781e608501b48a759f1eb0bcabd75a4d631e8fe784e454d	9d40779d99c4c7846b4abd3754bb46236c332249898e3614daa7fd7d8ec4ce09	dfc88fc8c86e96d134d437510e3a370ea62f9fa157e97b3a44144bbf88525c25	5e2ddddb7c0a31ed0e58669bff97f22c2d28215e4278b9a6cdeb6eeee1b9a2d4
690	56c1c85c4873d6a43d4d7415f1747996b221abc72c1fb274865da83e5f4cb5dc	a8d42ce06d4fe47d21bba177fb73e12850bc4eda492f359ee0d1c6b3811f0eb4	927faa592419b4beffb636f51a3a271b57fdb547eaa3978c6efb40236aa79683	a662ae7757c7b2df6b3316d291bda33d753fd0e26713dcb68027d27d61d4be73	72f7ea76ae45b875f4aa0803756b110d536aeb296ea9d089e4e10daabc54361a	dc5b5ee74bf7ec15133cb28f688f113455200a18fb37ccccf63e4025174aa8e0
691	6a788ee3bf57a1587f8585a6f211a5e2ca0b087642192a131a86a8e37b955709	2b9d6235c3968de147ea52615dfbd61077b59e218068445efbfc192ca652b551	59f7c9e86ea4016157437501ef311db7926e918c09f29a22c2b9448fcdedb440	36423f42b2c900091b5df61fe2ce8b3880f63064dc306a81466378eec9e2eb56	3d1558b20cfcbc75b8022b352453ee66e156f03328201b46f057c47ff43b4468	13ac0cba16a84e91a8dd382f493b194002ecf546f76a98cdabf675ceda9b1a16
692	2dfde46df3ed047942a689e082a5280c0eff4d21bdb5dc3a4300216c11576621	c9a6f6b1c72176bce820cdcc67db85caab036bc7a85d385c3ce149bcdf44a9c1	7712f2eece1bcb6a6704b5cac550e0811a79f1c47f0a57cf8aa7106e5d7dcddc	9569a360aa7d766a38df5d45e645a886759f6d3956586fd14fa36bb5d5ccbd32	8e9a0bc06ab522f88c1a5e9af8041e880059bcc229291f4bcde8aa868aee17bd	b754edfbef2c4322e7185da3472258434d3539e8f46ed7ac401130283b681133
693	9bac30adb34828cae2778d52672775d46f913f9c66622eb67c0258f6018bf4f8	21c006649d4f4c7eaa4183d3ae3afb6e35393b928255a3baa4d981ed1ba73910	38a6bbe2d1e20becdaa320dc84251b5335a59a604b227025ba07fc1af283e718	c2845695125c6f0d9de3119372e67b4767198d7e195da94b411965d8d781da97	d261d5cd77a08a1ced36f1a3346b9ba07d49217125bf5d6b5c575dd7b6bfd9ce	e74f002235646123f781438fa400d18933410fc4854adbdae96c35ea6d90506b
694	7872753735c10238dfe172b3678e5dca5a82194f593cfc552301d055218e30c2	17cd7f71ae8333e9bccba8cf016e54750e76636287a88621a8638bf22d535b0f	fe55bcb5faf67632af690714c4fb3564a936ead7462c8b7b4008ce11987b3122	b5bc4a0fa9a530ad7410f39a27210e54183cb9ceb42911f8459568cfe5bb9c31	16c2e651e3384e4f2adafda59740fd231852380950712be8dad2c5705ac73f27	5c3bbefc24d5155e32ce72233b5a6e5c91f46b87dc9a6abbf778238f546ec4fc
695	b14bba74828b40c25dd576cc327f9ace66ad002f4c96f524a428b9601d630cfd	3ee2aff2a529395bec62417ff9cd1f8623a5b419bebc76d7e50981fdbe5e18bc	9bdd170e5e093d61afced3d9d1411e70faceed20cdfe200a99ab56e0807c1062	beeceec3478c6d7f806b459bc6ae874b37893a72b13b950deea957e80ca307a9	ad3781c93e42ecf6c61e7d75f84730de61cf0ee88e771d76ab0170661c56bce8	4e707c0e36a0d2c10330edda94700066dbd697276de9b4b0c652a4e0ee166b8d
696	b56eeeb33b32e9bc634ff26c41c9a07bcf3291aff63633303f14186d115c966a	14033eb994377574faf2c68dc411f40704a941cd8c4adfe8ec53ba460e2ae7f5	30bc5c9745424c2eeb3a1329b9a1ba838b57d9978327cf705a6342f9704ed06d	ce300b5838b701c334fec3342a6c88e8b51a377559e64bee3010db53a0664fa4	65f8410fb2b46d3d139d1b1d7df6525a7876ba464e9a59f55685997f10b9ba60	1c945104d0f4b59f98e1c703c79afb5fc2ec6e6b09a59486829bb2c293636e34
697	8dbe6f97985b028050acb1b19a8585ba9880c67d7d2f252f3c124e6759c5d357	44ee242ad9530e64c9f9a7993b9ae5f724db0d7be5e5f86bc0a7575d2734f988	b11af7966d52508c46084df1973ce5c2683c0b8bb776cf9e53cb2769cb968acd	49a1b3303dcbf2d91f2daacda569493a59e7fcafcc74524124aff961f392533e	d2869318af8c0066d2e7997fcc9f13f8fb316fba20d3c50048055ccea115518d	68003fc92c53bb94bd0b937cac37526fd03b2a28b23460e6624223c4c7844023
698	f86a8350f64607e109589b5b674a58b111f5b4663f8b643a1963fc4ef804a06d	84d93dbce64bf0a0c43447f93ae2dd4f9dfc57798ce46b70724448559ef7cb09	74ac09228a28956f31b2acc0d8a5de675a2b04bbd57b92341ad952c8f8f94502	6b22ad798886ff2f5545a3aab8bcaaa80395daf5578e014a6a5eebecf6f52d0b	926a405f524c1919a33890bb5d8d77297d0f0c5005be841e828a1cc01f61d3be	e97111a2ae090463cb3767af528633d296612f769e95b5a1c10368a6432aaaa1
699	fc3be75fea54841538c0d095ec9ee0e21b227d5b16d6cd6bc26918d5662de109	5f002a2844fcd8903d5f736a13fdfa925705a7a1c041ed3f5aba0e1a66c9bc90	bc3b1ed62e4710660efa637b720cb6cba537883625be18968764c0cd65294a13	eb2b8c2ddedfdf3d528ed102865921cb730dc90c4c4a4901548eb55b778998ea	ececc6a55c5ff040dd286ec1cc9633c73308ff1db149363bb7fd2d4aa85f38e8	94806a09c2fc8ebcb1844233d8231006fab4386bab878f765525d03dcdb29073
700	b523cab23b59d048b3b66432deacb58e16a47ac75f519cb6eaa32c0341a1807d	f370d54b04a385718ff3c861f0ee11a64c34549672efc78effeab113a633c9d4	be7d11ab7034a018dd1c083688491a7ae93c74ce450036f3c2fdc06ab869ded5	685967c523eeb34278813056943c50dfff272ab8a919902b29b18a11398a6e69	abb05e9949a313387a418f06b6b3d91552b080837f220e52c337495220b83a3c	5b53e5cdb8671b45902422855d221f6f2cfdedd1d43ec6818a45c2dcde422411
701	2a6c2334996e567e3cb0931f35b92f594b196b608c937fb2974221b381040f15	8d0240aeeb9b3e40a18e33fc1a54d1aec86c89c567b30dd2529d325d88264486	f1f00329ab3b893d3c08c1f420994dc364e74b0942810383f1cc249a4acc06a9	729c68e205004e4e05a40f120bed45f7373d1f5fd6bcb3a67a6c6a1a0bd91c81	bfe01c7679688f20333640a36493d7a259dc6f894a09cd3d9729fff567319b6e	fb13fae8b43079549b0c009348ecf07cef827cd4b7917961a6c678c77d17dd2b
702	dbeea8bb0a59078e0d737c27cb35e90153cb15f9443168faacfea031bf2543ef	de2f36d197e7e72b1e3f9ebeb2840da98e76d37f55d936c28f494e83055cdc06	99cedeb8989b1944ae75edfe8051b984bf2a0e149e3a7a8da8842cbd97a09fa3	c355ac4552d453e615094dd99da9e82a9286ae350369a39a4d1d062ae1cf04a2	94da5cb874b792abc743c18e5a4e110d40a6dd99c4d77e28b22ee0f0aa494375	1584aa7fd56b6620670f4602407262b5223d10122146a052025ffbe8b77c0c4a
703	53e2d2aad69c225899cb968bb1fbbf6e73bfebed35bc73807bc8163ee4b5ac55	59e549f64091bb5915505e52d920a245eef977128568d3e92b97618561a86f0b	36062caaef4cdc837b88e1fbccf57a1c3243aadd7883728cbc85c2b17c275b31	61c06b2e7405827dd895235ea94b6507ece5d2dcb7126c3544755ad7635800b1	6d0938d50ab5eef16577201326410da9ecc13dd891bad3aa32fc7fa2bca800bd	9ac8dd56ebf2a315a4736214ab64664f080b4ab935fc76420f65b8a496213e6d
704	6f0f56696fc18f39d4001767221e4002f3c30560be36b2fd2c9d3c9ef48bad0e	9fde00c636c633cb4e4dcc9610a8c6fff782e9a68a435f4fce01d20c87cfa1cc	81fabbc2f905633a58e476079eed50e2d80ac1ab86601ed14171a3cb4a7db741	e20230f659735b513ec00b5e52c76bcdecec1efe37040bc86ab3c5a1d752c8c5	e0994fef619a6753f32f379542119e5b8bd851778d35fbca99ddcd8b7a64c2e8	e852fea4ac28ab7418d0b8a3f5423b8440661d7bde5d7d8a8d6f5f6a6d285de4
705	ee6596d98883a0da43bcd3294c6ad4d41d6b3621c415bb1805fdc533543aacd4	a5f5d3e3988eb7476fbd69facf00b54aba56628a4bda8c4bd4b740f0a6f8ac05	a50d9ca7257a6deade3a2d5d84d97f640c03f16a13999a04cdae363f71370e83	f8c0527dfb9c0302dc2736d0b1c8ef50e29c8a33538d03943d6259f311e2ce96	3e1a1b2370192bcd4d9b9ca0407bedfa4aa47c69f3168711513b598482d8d794	0ab85835bfc7d3dc906371db3e03ddd8a9e467da4393b78376a94af9cff0ecc3
706	19f8f5535944f62564aa5bc205e4caa9128d915d533e80efef2099b469d709b8	8a9fd65791f354aac368cd764179bc3ebd11064f519a408c94f0e8c0e9d692eb	d9922648fe8b12d7531d922736381ae39e7befe6d2fb7cdfb900f7c739f07941	b495239d4f8ac56270a2148ad5119214b645186fc69ce6ba9566d08dbaec900e	044bda46a0a9e5ae2d81ce935d7af2ccb191d41314f7b11b99d8f0fbc27d2fa5	88d54555ae3c85c10b9b14a4d9e322b84559cfddf1df763c63896d63f3c5a334
707	1de3441700e6d04dc2b69e07956006c789017ba43ee70946a6d6a7d0e70145e5	1b1850ddc821356716f4b95b62c3572ffdc7eb0bd6ddc6e0d7463087b82d8822	42611d89dc1879097222b57b570afacba649822e2223e63031c77e838afe8659	37d30f1252058d75c76a95764cca52b713604791e42cc477c1c57575dd814081	17b91e95587cf0335dec3d9cd1024f8e130477378cbe6f22f23e6f1dfc2ae52c	b41e05d5efef1b7c87afa861e39889d26da94a6e7ba80d554be67ecaa536103f
708	cf401981f20e207465257b4ceb8e04e8002978901db32449ef49595587ae6b9e	76a41c7a6405cfe23b263e7b7a4232d0af05b0070b1db513e3ef285c31f13c98	ca0f21d0df8dc4bb45edae51cb6b34c5f88a0bf16ac4ce48a25b772a57fb29d5	e7b18275e69674231002c609262576d0aefdfe624a0351af878304ec5c0d7a7c	9fe282f9667ae8b60ca673866362a6d393f3d7e0816f656ac635fe4321da33d6	0e64a2f077ade6ed48403095519d8071a778e6870cb9a4a5dbf8123cf26d6bab
709	965eee2a209b707f2bead9d42edba49219292f9a101c42f50e9652a1cab3152e	62f8cf0a7cdb945ff96f89f64eb4fde55d0a2f50b0ca0c4b4e38c3f57aaba961	cf8b0dced2e02b8568abab552432c5a9fdb9a88a44722f68aa86ef59c5b409a8	df22e04aadd82628233bbc8eb7bc914af526043a72c6ec8ba3ce748bcc317ff4	d69af1fc7967305e6add7779e91a6ff8563c705b73c6bc3a1ed050f5f7a8c5aa	fc4308f2cb0af3ebb854c5dab93a2e9bccf74ac57a9dd24616c9810b14a81776
710	02d637fdc163bdd621551ebb8a335db646feccbd5829ce8366336d96104326be	e08cd4eec322a72df56dd4624335848fda9a372ae8120ce0bd4de47c4c58bf38	82578960ca2b93698f3b5a6e56c75e25204800fe74217ec781e7ae293baa7f55	2615420e50dec48e0ec4c5ddd49763a2402cb89c68f0a08d0371eca377420f73	7e8f5ee5fb7ff9d006d5e0691347ece7828dc0ae7d110d19b77648c8fc488ae6	e0208e808d556fe435a57578ba2118fcd8d610a8a1e127f7c24067e15f66750c
711	9584aa9bdb506fcf6928f52264c67551eccce8f18c6e11c588df53f5621aca69	4a9ca275e15fde4de548f1323e10f6a3d07a816055a6144d80150badba2ae2c9	d6ca3bbcd633ea947461b95fcb978e0199471417516e7ac336d0a585f7828e12	5d6554308494beefff72e74d4d740d034001e2b3329d2c86072d107bee1a932f	87fe7fb302ae531199cb4bde46b7a6b93ce5edf65f18b12cbd9085dcb2554e0b	1ea7afbf3d4e93084c1666626114e0d5d7e7e338e02007dff9c866f6d096bb67
712	97c8eede7f855e96be406f34f064aa34ee7e1b3f005dead448fac83d62b91edd	100876802a799fab88d4bf6db419c03cfd434591b4fe18683c59780d1d27128c	9fdecbdc736e33b7ae8dd734d7456593d6c3f28a04fde274a6a58aeb1e7f6af9	cbd2d5667ff0d837625398879cfaa8dd560335c08c922352124a2e56d9abadff	dd750528797a7214e92c2cac887e55a61468cd5f05fe72d54076802a15b92d0b	fe4c29fd6b0f2678939f36cd656ee8651fadbd5ceb702174ed86d9a98e4dad34
713	9cb6715d278ecadceab11e851d21e0dc4f7a0af8715f59f2f93502c518122350	94ea5adb92d9b7b7764e9e0fa2a08f386f19674da84ec2e4cc5270acc61e0005	86d32248446b01d33eddba959fa51da6fa822d48faba023bf192a9818ca8d272	1705442ee8c05a0e247571b8459e2ff3ea678a484dd1a902d05edbdfd04993f8	443c9dd9f1767c54e39e3f13204404d05416d2cd276c7b369a25ae5a037b4660	881963cb27775619e3e08ff7be92f451f91bebda37282879e294f19955bd1da8
714	f50751f2346db48285ae4b60e0239db85bb09280f1f335d41c9c4fef16d356e0	a764613ce9bc1efb027bfa841f2d488af676695d4fc5eae55f70a5516937a84d	b2594fcf2bebf5ab265e62df2909d40fe6f80647cca2a47658bed4469012e254	2404b80ac27ee868cb9e1d2c121e91e49aa55c297f5e488c518eb4e575776a16	903f831e448f5e25002ed80cd220452e5976e80295cb8299917c43c45fa52acb	4802114e0cfe73f328c97eff1d6ab56f4932f971388de8990cfc8282d68a2644
715	ace768f2823a422263d31f98dbdff5ae6a050336b035150a9affa8ebd9aee9b0	2c8215a8f92dad2597224b306a81520c1adf6894ebe245c72a4572801a0d59cb	d6bee1232cb4f824fde04614dd9f4bbcaac6654676e43854dc46f039a9d03ce5	7d48adb2cc2943667e65c20e2c55b9f64f6b8b60e0b67b9bfd770b3a928cc760	a68ef97759976540eab98af1fa1a3f4777c7bef153064367c36d91b6cf2d2352	885d082a567fc76a615e2d1b8d1a877fafc36f06008cf0f6c41ce08cccf00562
716	53d6469a074802d9f80a06bd75508bb72f60ecedb76d3f4b0fb9c7aad21a820e	fbaf38b2f40559ccf13ad3c110095a3feed1b349ecaac989ec1b72c857411a78	c8f00ac397f2119505acabe333b07d9acb55e641c9336caaafba55f781e4399b	4d9e2f716568bd0446c632754812de150fc65902eabf506b72e5a88ad7c74094	ef0a9a6a0725629b2a3dbe084a4a30d60de18b7a4f4fdd2a361ff9923a274e57	17da98deffa0d23a59402fe0e7d4994ddab759f46677dada8e7b7385a596dd3b
717	1cb43d48217f2138aa98942f0063f3607b2968d39c17d5c08e018494c356e2ec	e297f1104c96666aa1aa975dae6267e95f128296e2640d9c35bda03bd8e8949a	b797e9260ee76b80d9506e8c4869dfbbc513cdca7f0ae8afb6dabb7a71b7b357	369e2733a96ed3a2464b0f6efd8484faf349fe3d0303c7c0076463168bfcc4c9	99a897527e03b0aea7c49234f0874d03b02e4ac5da4e98a2d04f0eb0eff918b6	8cd9e76f52837e0958eb14a114d1fd3aaa2f8c20f99a7b31ee224dbdc6f50e6d
718	07c0db53d189eb6eef5c939a9f3d37552027d94e7f9e2f7339e17ec15a12bcc3	13feee6e23205819c95196f35fce2d218ac1dc2814ba04eaf254be208736a2b1	47ba8d438867249e0c13151b93992d614fc8a2a53526bf1bc3bbe988ade23287	f410e8e40b9751e37fa918df03d30e2b5520a7e3fed5d94f91ba17c9d7b8c0f9	370e27123fb58c869900e041cff77edaf93fbdc7db9c834093d0cbe9427adb99	1c8ab9e4f6b97d60ed7677d38be848b0479e6831d053ae771d6caa975eb3cfab
719	e90c6227bf9e93baca00fcce6da7bfe35c3f7ba7694cec4c38fc9f0994979103	01317ff4da08ad196bf610a01761289cc6265a8abb37e14c22b34b3670eb3f63	9d56863e1cff07484f2364bb4dcdbf4db312c2f852e20cd3e1a9ccfe29f9f0ca	31a0ba3851b47ab71dadf874267fb2a3414075e87430ce94d41928658adee397	71514d4942a301268d9f715172b3e4ba082ff5661dce85582e0fe5036ee5abf3	8a1c01b6e261b00f5518dd346acf2aa635df10b6214025dd2bfe04835627c170
720	c3037a3e3cf624551ea360306040139e565758a28911b059a7a5acf0dd088be7	12ccc69b3f827be7d5868d9cd096bff8eecd6a560e2d0fd85fbc2eff039744b9	fbb198658a4c2e9d1d0523d0f45308949ce19d880cfc87bb326ac684d6c6b388	d38b2cd2e442a00d0711d62d6180955575cb494fbff51316255849e92dbf20ac	02cbd12f3c5216d4e48e5427b1e210544b8e84890b816de1027f71d6a4cca854	95e15ae0f4920b4fea11532e467ae40f3231141d67ee8e57feb65d5ab03cac63
721	aedf341ff97e609172d93b7959a79ea245e0d27de00274881ef8a10ae22c891b	aa2eb0b032a5f69d79b7e52e956cc581f1bc0c82bc18ffee5d30a383dc6bedef	666103e6a70302a4ed78354940aca3b79a14fcc0813b7947a97ad3323385e291	577a91634bfce5e339fa90776e4fa7b6ad8617dad598d494ee408b95bf5fbefd	2f065c4e005ffda9969f0577fbf4cf598c5fffb5dc4ac3b5e24ac6c17340e5e3	b1be1f650d23d07464a2cb87cc922732608810bb18a1a9f88e3386484626283c
722	6fd2f3b2d74885cdbf087c2f733b0d58a20def942e58e6bfb4d7d376a14077c3	bc31ef3d797200bb3d77d247b020d070cd4a90afeda211da4c136a1a6111b499	b5775d85f90b07d0f96988dd30e3911646046ee25caf7f4ab27caefad16d249b	1f2bf94435d9fb0dff0f97ff20ef5ae8f5ec6ca079e2b0c77fbf7ba58775f609	28ba6214dc005a6ef5617e5b58e20b2511a90bc8615c6a5b2495154653199050	8f6d4244cf7d05af999538dfaba47d8c70679f37c2780494d44e8242a5b7bcb6
723	afa1a1e2943e5f361e35ea189e0ad14a4e6c7abdea395dd058d620942542bab2	734c75f6f67d7118cc4e22eb5fc0522e0e41c6c67e5621493be79eec369ee7a9	8ba08dc9b6c87b2e4db20e964f9f6aca868a47f4aa95856cc96260965e754a89	a64570f854fa2364197874faafc7911a7b9e95090c9d6cf7ec2c8d14fac6a019	88a48cceb091bbf89f10c12dd728b01ebd91f46c0b1120fedae11999514e9811	41d6cefe1c8da16abce324ce8b6c365fc60d04dcdac8be69d9f8cb2d4b7f3597
724	1925c6154968a3a948b20f2c97d6e80999239de6deb6e433c9c4da054a1fde45	fc56fbd0502702cc47a2157ec7d8c893d197e38ef6c763db85770c887d42d9ad	05b99c0cf3c198c95c7f1fdd2cc2b0c1b5ac5b0754449a2a240b3f870df3bf80	c5f32d4ed0ebcec35a380aedda7b975b5860fb594a8630590ccdb8ba707c8f7a	53017a4e172da2daf4199c40174ea81948d78a7e2e409441055020b66d08f841	d3769d5ac444704b9500a92f73b5b358cd8848004f2011cdf18fff728643f3e9
725	b8c56e0c270a778b3136711faa81547fe5a210e22795bed7e6c1fb19dbc989a5	45ca7e3daa6277c8ba4e3672783241ddaf9428b4fd053c8c85537b62e328ee3d	4dcd316fe7817b65eeeb7b47709aa8e7055b558f98273738b2b7cb411368876d	647780b632d1f82cb7c2d749d4710a8ed28b87249b2e86bf73c365a3eca0799d	c0bfe486bc442cee47dccad59002ebf09efadcdb8561bba5981e87b1095070e4	7718e6cde72354746f6f3ed5fc2dcfc8c490f2d9c809f363750d440e462d5448
726	d8a87d5c51cc8810c1f20bce9fc033ddfd218e2019e055ec2cb9d509d6db6927	3d78cb45eb5282e2967cd82ff0bb162e71953ff68428ab4ac9ef715b7a0564e7	8748a918b3df7cfc9dc90bbc70e9be989f5a1f19098ce6268d766362f50dea32	03bb5291e31a5b8560b96b6d7af21830ba5fe8fead438f3247e74184bccfb08f	da00e96a3ebac729a11da7674570fb4bd26e47afa795b5b9e4358c9bba27297e	68e9092a4538ad8f18f3b7707c269011cd9176b0ed94198c6f85b51a4eab3fc1
727	eec48d7d73f72c277ad69512eb062b320f23000ef94772a45016780d80e2e968	8cdd4b84aa88aa58f8cfbc1272ae4142cc11e249e73c1152d02dab1361e5c415	0be4ed390c838af0d985272ff34d910d064fe2092295de78b8aa673dbf1bfeae	49e5895c053d51b07cbc1132c312419e6536fb07009ae78d46c8a6f66e5fae60	e1d1934b84724cd02454eee807c40d46f1d5e2d16e9955c9528dd343060f9c51	33ef23a67f0e62c30f99c315b435421d60c8a3d4f15c1733e17487edf8a5df9d
728	8ec545a0a655434e114a0a3fe8229f74b70d6e48cabc6a8afedcbf565c0093d2	ee5dba4e12c78281177f3ba7eb4ecdf40888e22ec52a6a33f3febb77ed184242	290b5ac27b985aaacc75762b92dee56e7df74206593bf0efd3ce65c3869b71e8	320924298f398a1ed054a43546150e85d55e69c9f77ce58aa84492656a9eaf52	cb0853fdcd503cc24fe5f7568631917c849edba56d8b089fc05ff08619a71a46	d40f897cb9f736722ddfe229ba09791ff1ae9de976508c546f5566a7d07336e9
729	a355458c95f6fe112d6de5fcc07e7012dd5e1ca89523c20685d3157fa8349578	8bea9a055ad6474a529e6bea07b038609432b11ba9cc148db4ec285822af8927	bf267bb277d14a8214a98984e1fc606f2aec17463f27ef17123a9bee8989eb2d	375e38e90bcb1e39898b53eea9c51c09bc17509fd6b363ae1a2dd9946e5811a0	e624dc5789b00175a4c9b8a94461350e4ccb235282851b99508387b49bf22c75	33b87ba9547aaa7052afcb93d5443e6d828d6106475e8a349ce4f5635670d89a
730	db6dd98fa687ef7409b72edb69aad624021901335ef31be50b2fd2a0014026d5	c0e68f477936775275c350891aafebeeafe7bc196502b373a43542c63b88e30d	b76f7a4ac8fa449b9f1fddcd4fd9933df70159dbba057a361cc4da1a2ea9319a	de5862517a43188897685fd6dd8bd9aad235049c564fb81c9ed4d49e0fcbd463	fa9e441c3aec029765445b8cfd98aef00acd803ba734d69fdc4b334eaf169229	c0a7509a15c14a4f4269054af7f3d276bf4340af473192cafa50de8ea45d59a3
731	9d79a32c35b02d4e0a15beb6dc8b900e2316d8aefe4ada0960c010ccc125b057	87f0b23f987689a4e74f5101d688cee5b61aebbf46e237dac88241f77d7652c0	a9c4c13586e969f5d52cf1c2232f1d480badc6182f1670f8f671d17956f8ab2e	01a37234a1a031ef6497603d18ec13caa72be771166a1044d76e947a0fabdc65	6a8f4a113dfc2331a3ba67389937b8e831c1d77d7884c7b7e406a40e48dee4b1	74d0379ff47d295a4fc3e35c322005d0660156274d92df65220475710ed8b546
732	712e5d695fca88fc7d5c496105bbb753db846400d471cd0713a4218946aab381	5abbc5a65acca4c8b3763738955283d6f7f725b5c240c1c6114f09535b93aa42	8e24c274e9990710f150bbfcb50cd600038827ace09c8ea8346a95246a741b5d	db66160bc063c3902f60221bb6234879b9e8960d2e7935b84e08a54ccd20340e	65410cb87adcebade921f8c9018e278388602ca91911e512c08b7912abb2c25f	ad09ccb5182549b617aa63d63e8f60224d57916e38e68efffa253ca99094a56a
733	28e56f6e4ed05465d6cc9cea0fcd4af7f1208beb6da13d1e14292627899a577b	7dd308929f86cf8b7bd07f576af1669260e0220b6f85df88d7a0581eefea9486	e1af3cb3520773e67cb6743660a8f75bd9a116b88653a0d8b4cffce0d71d2358	124762e75013bb7f152b742ad27a9f4fb21425156a86c52f22096f02661a9c99	6a92185a369f21f24995ea8af60fe84799eb8e4ddc82be56fa6be6c5d62d4dcf	2d3801a571f767e18764eab75f09b163f0faf2ab6482612cc1336bc9e61da857
734	639c4aa9f9605c981a6a12ceb501faf091783fca15285dbe75da6be261f9a97b	a315add01699aa1b2392fffc5bc01e8867a3201911abe3978eb54b5e8c2b1881	b185438d1975433c3754ff3df7c0c374d02b5f9763f5c4f092eb24de85b93781	b77758474225464ff799056531d8dfab366ed60a3a066f93fb3ff118d5f498d4	fcac52daa5cbff1446dbbb354c5253969e409d7072dac4928f0eb23c939e266c	afedc0ffcd74e3bb717052306552de65923d6f7bd0350637d2bd700050444412
735	77beea520a0fe39ad387d90d09c7525bbb1d7d006fd9f7518f901c7a7a86ae4d	842749d824d98b28212cd859818022c63ccf02d375d3b3caa7343eb222603724	35b3f1b201cf2c36eb0509c28a2747454840d45288805215dabf479265457d19	50690a741f25a58efdcf74c16fc2ab6b23c39bddc1e9f642cb6aad72a8647b5a	5260ba3b3de332c75e5b360f2fc24255be4d090d800edbd2ac05ce0c3eea6ecb	9ce140ba865276ee945c464fcaa51d42c5eaf8a4311f9b4bc01a5365d30b7d09
736	eb13468bfa5ea2b1b9eef31bac6b64db036a418afc4b112842267558e2b85040	b51dee011493ad58258d4158bffde7525571cdcc195449be72720beaa0dbdcbd	989b818b573e0eda15a92fd9d1d15b7f04b8e091aa4f97dc83556715f18f621f	c379281149cf181e20b7bddd00281ebe77d9ad4dcbdde75b245fd76a540bfcad	e020912235b13d497a39bb865ab89bf4021a173c956c1156c1a8c8c02253e7d9	eab10ad426a445456099950df71bfd706c72bc7b84aa25e488b6e9b31911efdb
737	8f81f8089157521a46e5c44c5723d9f62dc4b1ccbdafab40f0ff621dac19321e	ce6147bb24167bf2a09624cfbd3da551fc02142b84b9c3e74b408b86a0d330bc	9a32f47af156eba2342eff7724ebb912fc1c524eb205e08921fce05c561e0f85	d828684cc07d241751bdbd8c8f838ff9edd0cb2b1b406ffb442a3b266a92e6c1	7febba731eb887a8eafe46ea3b1490dfb00cdbecab9e623938dba68dc248f49f	d70cbd4000b2a9d4792349c2124668a7cfdc9014bdfb9abf5f0a1d16e9f9dbb2
738	0e671617ae719b4e20ec02d73116451c00c9e578a314e472bc59510fbfd109c9	cb3926062c6629b5e3817607f59ff31395ad2be928d76dc694c84e1a342042c8	49f031a78c0270841fe9b9aebce1bbcf122515135ae31a8889e559dda696ab74	f33f1d17db1c36b4c48387e40be6c8fc63bd6867bfb9efbec992af88ed4644dc	63e6b5c00f98b47a3d158fccb3fb166c3d0fe7bb58a3d2f3b6c9a5fb6b83ce93	e0286eb80445089f33af0af0d9c428b12791cbf6b5f37e5d3052b3cc5addd0b7
739	7b78c0400c8d69ee78804e10e298c61b9c0a1662ffc843a24a2c3177449aaa8f	48ab5ecb27e6e8357fd7aa38bc4b441e21c9298156cb7b4f9deaaa23a30a832c	0dd1e8f66e1395245cd934401d637a9d59a9a3595d520951c84cd6b119dbf563	a2c7105f99362d16fa4fa4377e31a12a0bbb8507a9e5da9f93fdf5b36fe4fec0	8eff453c3a0fa48996dbe6f2fee1255d7e5a1a236da7ed75f9236bada52a865d	73e5d011d62cef6b143af8880e042c5f07d8f1413e8c7718c133d9ffc236c0b8
740	a5144217970a37eb39bfec0df25902a15cf102ca57e0103807faf4219d1f2bff	1470ee60fd011fe2fce12263056ca9d4281e844ee081f0dec2db076d50c90071	14fa05353992ddc2d62fb18999cb62a1590342ed922d1ab15b943cd83d6e9769	b6690eab61c17ca81e1e33f4cfc4b7fa094da404670eea2f56a07bf2a03c11ab	fc195bd9dc6980b8a82ffe17088d0458ceaf841138b351f8ce264745bc602159	077b048e9ade1a8e621083285cf5668613cec170f4a7878db10211554fc72841
741	785aaaf5429598d8ae438ce67a07c085db4915d284bed1576adb57af137c933d	3d678da647109c65b88ae695f5fcdc85547017fb0eeb34b8ef3576395e60bf41	fd1200cf6e69f58e2421d02e78e5d3be7b5f1dd40069f9709e283586550eeeed	afd5c7dcdba77004d3551d683e6aa4358b819f6eaed568fcbefa52eacd25530d	eaf6da1522ab7c53509828b9f852f26b2e4f86c8faea0327a77d97d4e5dc697b	e7e0a3a2260365d399ce8b8771b6b90bc51cb43f36e23a459052c8b8f296c86a
742	c1ccbebf1219f1c306661159f7b4efef05e7942b76b0cc7a19bc9b00a13c76e5	eff1ac7303dffceb0d6af224f2099e5c3715c211ed28a11901205f4275b65ce6	993214017aa9de80040b498d2c00804db49ce99a771f491fffd3ff8f4746156f	ac9129853a10fbc4e35f46f33578297ff18e9f4c2ed918212b8531e28198760f	9c4ed5edec0104d37e28d8d61d3286437e5409a109d1bf0d9124cc57ca3cd888	eeefa3829ca1f4d2ed320bd6728618d335b85df3728ad192a4f844c39bfbfdfd
743	0595781a4adc086c3b55231cb06a73c77636991baf21b94415347797dfcbaee8	d73bd529c8584b85a24156999c084f69ec9b632b44051702856d456ad636f432	609c1ce0f564e06c183d4a2a7bb52c7ce6614d363730563db6c127876ba03fac	46abaef1200480861633481b4adc333bceaceb8b9ef8f468fe5952474c48d8c2	51679f24948cc692183548af00f6963e2da6d620b124f5751e07c4715759486a	da8be46745a01b79e768bf4801823f7d6d2dee9e62ab63d6c62a56e9152e006f
744	42232dbb476b77280e84152708aa6c0a15ed5786049f15e447829b699664add9	663f39f494ddecf333be1ce17430710f7a9f9a7c3f39cb359ebd50b6e095bb8c	035efa03f4d915e9a03a74447870e6b884f69f7574780f7347854d3968ebf3c8	90cf319f855e7b8f5eca2905013749f99d14564d73fdefccbbb7cc434bee10b9	455da1e5e5f699e0fd2f20fcd74114d97b413f8b83575061c20e90ad70eeaf35	83f009950fcbd3dd2b7eb5349c5cd557b82d0023c937b70e25a609e6a510a091
745	12ace9691352ac9bf9d2e8414d0ca31250cbb7403231a82dc132c6eec2e01ee7	8124237b73548ed71e3703b8880fe420f0e87ee2d9a2e1a5797f7b54c0b4e13a	db58a9128b4919f7acd637e217cef3c8af3f6712a6283aeb35ff9e380733639a	f89871ee149468bc5ab3da746fa7d044413708e67adac7a536bdb445d8b5483d	a673cc535c29ec9452b2be1477b23dedb4d04bfc94f33169a3e835b29416a052	d0405366f83506a8eeb799db0357375cc52c8c54df27ef7f2ac826944f8a4f12
746	dd03cb4516d57f7cdd83c46d564ab4d4d5c23d9e62b2d0f1c33ddcda7498fda3	edc1c67625c35d5942c1ff164db67962be95d9d9f839d4c0bb080ecb4d477874	208a7945a62a262c3c31ebc55e4af548f99f7b551dce8fdc4f90fdb12f0641fe	82a5a7c6a5772ab8a9e8ab9e782d45c30748b10789041758487181b30c612a1c	a055bd5d79da681b10d39e76ade9cf061b6c27fe3962804b71513cf40199913d	5cafb9ec73eba1563085767f411f8c38b56e29b5efc81ed689f0e9cfd42fe7c4
747	ba208f025459ae4f441c610a3e0314dfa37f1353401a934535b1e1d8891cfda4	6939ce84c50cb172b0c97aa1583f8e0518924ffee23675a06659aec9d69249ef	fe89232307dfd3e30a465ac83e3969f0f117a403dfb3b98dc3d70b400779b086	0efabd651ae423b6f1153dae86a6d68539373788954d74a405ec78245edfcf22	658a57759e5e63e8d22f0bce0fa12419ab0e0f522a1378841f41d17dd719f7a0	477cd8e6a69f8a00f2731ec9fb71eb779b758d6ff263048c82bc97e00f53ed24
748	13a52843d56976fa2ac0e025a7ad73a70c1e9d9bbf4718f04921e5837c64d74a	8311480956511900d4481b34e7d38a558d2280d7288deaa98df269c25c01bc74	07b6a82ce1ee35f5e8c0f462e5b5ddb3c8029634c34b8d406719a8af4d2d6734	cc24c77836e703e93d67df4da6dea57b3c9afe1d52be3b3ad7a72981f922aad7	2fad9b3e55a3734d1f226622ecd87caf60e12fc00ef6890ab6100d2857c7fa18	6b84854d7d444014bc46e67f46fc6a354b0d7496f04a792f63a0eb8a1d964dcc
749	dad94f95675319ad0f85d40803ae0d408a6923e8996ac20dda6ca229ff811b6b	8b966ec19ba94c0392d03a57556cf298ba74509a4431e3513224201556479188	9d92c5a1edaaaaed3a3e86ec010b71c550d69b05f4e442164b7eeab19adb3cb7	a615e69aba734e06783530249e51eb2a6ecaf9fa324bc94040881b391a52268b	5029a5a8a45ea5d3cbf1c17158b60e40d902f1d029400b2eff3e0003b4ed6211	298f844bffa349479f6b8590bd850a740ea659d18eec45e16933f8dce305f986
750	51e246a623447b832c70f54df1670ddeb461609f2a141553fc402aa42c55e2b0	2393d5f93a0af367081d7cf7706ce770dd94ff2256739644648c23efe4ea8db8	f95f239b60e1a035f099bc1cc99039001e46557c758c07691e5c04042253cbea	7cbc6ccd01964c1113f388d9206f856f7b94245c4bc64a1257b25e5661ba1b95	bfefb85ab77feb62f4f41164e871d6fe134357ab1b58cde31f36031f4d0d7c5a	a552d61ac2add0a10213e6d67742b7845b9daa53c7025f3568974c1b9ea61fa8
751	93f0e58d2327538ea9ca6f2dc154dfb000121c672d205b9cb4152ddef28a7b7b	6aa48aae582cf408a48b5bf2590ae0b6d76becb618e850a6617e0efe64620e7f	533f52eb3fc7204bce04322a008b6b459d1b158bc75592f71903b2b9bdd63ddd	ebcad03974dc4fbd2694f8fe7367e6b903c98af72baf18e252907f92973ee25d	54a5adb6c9d79c9d1ee32528d737e06307b46bc54b1908cb8ce132f26846a57b	c18b048a11b30eb02a9f3faee808555a0d53ff4090bd658e4025daa767c76647
752	a4f7643922f68ef984254d892d1f6fc53fa8a70d65db54f91c8f867d82635d84	d3e4dd69a0c45a82f792c631c7e2798b273a8fc1a0246a0e60d6aa0e3a2e9c9b	0e3719ace63bd876251cd434302979a1dc23066148b56424eeaeeb01310288e1	7e41c29392159c835f65d86972ec23c2db7014fae99f386ee4bc7e5dc7b2d7e9	cb3bbf3cc8edfcdbeb1aec53759d46070d9cb97fa0e40a8cf40c4104f33534a4	951a83ce5e6978423d78610597283d0b96fd006235bf30522dcb6b2991d0b8bc
753	64e81c6c59dda1bde1812239d800749b095869469ac9958e65d461d118d04bc5	b1ead2f2c35932a515736dbb08ac534f3890a3dd33584e4a2e9e18f5d2db33c3	1ec32be2138cf13c902420e931840b7f252cd7e0e45249f6cb63b027834881d1	f4e6658d0f545802aaec080224efbc8aa40f00c6221776aef21469f4a980f094	a53b274e1adcb57eeea97a54541f7ae9553c1b13aad611b3cbea8c716928a7d7	a0aba944a85869a15e5326c42462d5db1971fd16f207c44f5cd663dd27b05e01
754	13178923da94adbbbcc731e870faab558c7371286e2bca4a55ee3035449f8755	632bee84be2d2eae3e01acf2c84fb971ff5b7adee429ecd3e38e55bc43bb35ae	da72c685753e746a548e5199e7b1c0ae2086a8ef7adf637da915c2f762ffc3d8	9f6521a7da3e05ae0164438e0ce43f93ae81041bb914ece20899749e437dcb1f	f24c533c28aa378744494f115740e101714bbd544bcf16ff1d6df8c85e9e94f1	3baac9f2fc7cd0f41d822f8997b4e325f57692d20d94a1155efff3f1e7085a84
755	9b4eaf8dc6adfd647b51b245a91a484e069666be5c7bb21d0f45246394eb6890	fc325b914eafe05cf0d4ddc7fb34eaf440d158e9067db22bbda81d6a51f7c23c	0d2d2256788575f5879d9cc092d9ebe9251c7a2923d1a2ed545c5069a573d70e	0e7b001a469e08d9733bf698339e80b9b23b9d86342d6887da999d1d457f7800	cff58686db3daa87f5404ee64bec24a69ebbcd0d7c87b03cedef2aaf2749ec06	a9f726f9ced563c94e7ab440a3b97eb968d053f6088432c9728b2e3784af0558
756	9bdb41d94dafade333fd9e90b0c476f9ffad409034f656b0a21a314430e2ce7a	f432e3957b83e3302d20050422eee37c0979f1dae05a3ecd6990c1c89f63de40	ac4bd308d5f7192b995c760b6e84980905b9e064e720c59f43d1428fe9ceddae	f68c76862bbdae0405c2c43742752646d5bf8e827429342e6748698ad18f3a10	2551f1cdd0d89d5b835bb51a38a6e2cce3c880b5ef35bfaf2c8c6e6e4f4d84f1	e09dbd04eb0c3d1929650aeb5c744bb1060e8eab529bc531de533234df762f1c
757	36ea08cb31f3332a0dc75fa30439eae059cfc1ac7373ef1375c5706421c27439	ed145b46a5f4d7ea006d968a64f404a1d0c99818552cd68824b6663c3f1fa10f	cdf6d79b002d5acdfc30575379e079302543fdf8ccae033fb49549a4931f5d59	1a6e0b31935bfd0ad06b58b88cc3809d588cbaa14e344c32342ffe51a86cab0f	ac12853f893f5ffa6efb2b63ee46b6f6238d3e2fe0d0e6cc630296b5a407ffd8	c71f2a235947b0615be522c1c75445f766706ebcecc9a7681d8696a4422b1363
758	ab11d7eb77503101ad14644c2bbfa9573fcbc7551127f1d5fd89fd4775a391b5	40bd1ada110e9a9e24fed967af244dda6ee7bfdd2f3d55a47a45002fa99e6700	11433c726f8902ad710a2b14a6b217737fd97bd5250527dd3ce27a941adeeeb3	ef891d26180d82a584f35627cb66d91c35642baabdd73deb73eec09e856ae0e4	ecc995c9ecad0f4c76a9154fd335cb00985a224e7deda7384f44212cbf1993b7	513e586feca62bccbc0f3264179c5cf216e759d7ab2d13ee7d3228d19ddc7924
759	1839ebf4bc89fef46327bbd1ee3d33d17abe42a8da5ae1f6844994e14446e2ff	5f75663314850108cf616cb086bcc7a1ddca1b6ed835325eb9f2edbb4aa2fb1c	0ebbf9ac31fd82431d5df275b0829203217741bbca3df362d429f9c06350646c	a7b56f28f5fb7b29b7b18cebe0d6da28a50581fb5aea597d86fb18551e92e77b	9edb9636c5e2d7fba2f354f6882873a432af017d57d36e6e43be13182beec95f	96be0d7d3fb8f4b10ee3e6fc7862dc16804b0c265cd137b72bef5a0a965aa825
760	80d0637ec4a991f85dc6f0443de897f855f4995de27b6e26b613e1571d01bcb3	ebf10f67a5f7143328ca839b8d35c9fe4672d6c44b8ba322a6c1fb5085f19cca	c78ad0974af5acc1d8466e6ce71ab32aa4a543a88aaa28dfbed9cc49d26c645b	03fcf06ca73fce8e5351746eaed2641857c3626ca4e3bf75296f9ed37540b9f9	b70aebfd7430572de4f10daf31adaf2906942090239d1b5c08b2da2a06a9cfca	b3e1bcf3913a551224045956c4acca8c06d04f33cb182d2a98232932fccbdfdf
761	ae8141dda37bb4a41e411a0f621057cbd0c839cb825432948b2d5f5981346a85	1f5bcb60e9983299920601e24e629af92129257cab1486dec396c8985227745a	56817fec64f332b92080bd2f5f232c0c957f569789b2630f9969f1f421077ffd	61d8173d270797157f136a0f461eeffe80648267de241a234049b14376486625	f01e581da1e07d9bbbdd2da6953ae0b5dafdb1164ede9c84f3c95ac696d5a4d5	407ff74bd4322a5488cc694f68fbac6ded842cd2bf5ddf6670a075c40988c338
762	c51d713809bc36d6b8cbac07e62c8e95ca4c0aba1721102baba431b9df28bad7	f6f558b73d61e58fe61292b484d5ed8d94f8f93f19555115c26d448bae98af8d	4c1ad11a4375c6c9e758caa95e441ab86a15978620cb6510fd641d5476961017	b456f0df813a96ed7ce748f476214bd3f50b33585a53acd2d263df35dd77f56a	d1987280b8e9f1e149183ccca4a47fa4d22bca665672869dd43ac870801cd90f	34062f28c9b22ccdf64bc168eabd611f52274d7a2ee659f7b564def437aa4c13
763	64bab9e5f69d5e32919d9c65861d85228df221529c4052dd17e0e77857137bd8	fc5c1f3c78ba0ecb7169b01dc097b9805f6fb1905f2829473aa134a619a9f06d	3a2c9eb612645072a52fab38759436e5119056c3fcc68571bc6884f163985004	46f52de187582ba9f42877d4a3d7329a7f8c7bced27ef3cc4b6b91aaadf7ad66	51a05304a105b594d05a934ec83f0ddafbadc2ef84b7795ed22de75280a05e9c	984c16e5dc7150cb46f22864975c1cd956f2187bf4be01b751f07ad442818a86
764	11b48035d2ad6d397b94c4a61870eb329b16acc1071ccbc9c86bb8a3d3435668	d1bbf7427e7f7b223feee486f54962d58e8f9c02554a944a224636fb8f8c0580	f52f8291694f43787ca1c828513b2d7ac10b7b04d3ff71f974099ffa38768168	ebd21e1538cf9f53d95b088f49c4b4293e99ff1a2fb2bb1cc7e6a80afe3b61fb	93bf02d439f10dfde1dad0a45a39fce0b43b113939cc0eba4aee54d384fafd79	ba58963e63ebb58c8807b6eb8d74a4b22455396a824ce4ce7df31a44c5616084
765	22e6451a54082efbb7e803b6d4e7e5f4436eaf89a5cd3fcdfe2e2c1f987146c8	265cf2d05364641f1e1b45a986da4b84b69d89ff24daa1cf56e0df6dd8aeee2f	daaeb92293895a7f901981da178523715526576c4d2108c512478413a4a2e63a	e6f73430acff2aae115181a68933967fde28ef77c3a53aa700ca7d72a0246c0f	e887b4ec966ed9552664acf2ca71da4afe739cb497f56d6caf5e49442d7bb816	4eb6555453ab284149972ac9431ad3b54e69770ff0f48991a6ec2cee931cad6b
766	776df94be5910694e501e8fe27b2c61f20793ff6266a1ad6ce4895367160f07d	94ab3a32dba2e9116f027a4a7418c9f865aa134128291907ae962d400084108a	4b8a7f89e77a9503372c2d9d6ddf1fcbe08767354032fd1ddef3d7335f12b2b1	503e46f27cb649b3dff6ecce78a0696c3c54dc8f831093455f39bca902cd23f1	f8fdbf645193d4617c1cecf81ebb5b3e0e019aabe2f513f70bca9ed78a6d8f0f	69693aec2040c9c670dfd59129c52b15a73ea3660b14709eb0d9354d530fb3cb
767	95ead4f7dc4e07d242d31b5c0ef44953d83c13e5953b36197c6514e491ae0e6b	492750097f77ff86abb924386f56386d0bd0550667d85405b2e173a9ad9e65c5	3ef56f8b731ec2a5d454c9d2dbd14e8ee67a91703384a99f3fd485cdd820d275	f747c6b293ea19b450e5c33647ce59e29cdf4377f64254a9dee6471834b78e69	58c53a03c5c838fe0b03efb7d6ffbfbac826861d6280c83eed0a07a058c68492	88f95f32f600fe2e23179e0ae927fd651960e6690d9cd39834c2dbfdda63ec67
768	3dd308107cb2b4970d548ce3899c56d1ad47d1b7bf05e3fc50a235b840a188b8	032a7e85a674b71a42f0e2f1cf17b52549439833c60fca172e3048b5cea7c217	385d3571a18e187ebb1f4f2eb1b2118674e978c3526798371aee40e82e9e6065	cf409531a18596a98259aebb2f6a6208690ed643ed11128d52d4e14c9f10745d	12c24e975ad8b9ebeb6f9450d892552d497b652c9f363f9df3fb8d20ece414eb	0bfda0f7f1e2a456f82f11ab48efd2d550570808612c95433fd9d1fd10753b72
769	b975261c79521b00438c19e8fd280012cde3442b82b482db38f680367116dd70	99bd7731fb470ca1a9070f83ff69aa426283970d372b5ea722fa536600ca2b80	edf3955e59a8828e67f3b54f557984ddfa7bf5cc823d3480c69870ef5ec65b2e	9b8d4836e0c84b069feffe8d2f3b60e5b1c9893c425d5798cdd8f916b765d391	b880a2135f0928a90c141a472ceea794c66328462185a7bdc177637211d53e19	3f3c83101e46730bd4a7596121a890fdabcba30eb3b1801d2fafad35eb4ac67a
770	f6dc3c15bae1d673ec9a1b0b9a3d1fad542b6b8402dc302fef12c1594e86b70c	7d7156f6e4a31dfb8382871b7dac23bb9fb9203107db554c31b1f9d5348e3c0d	dfc9508d6460f162fe146ae9e1ce0248903716b85c1834e6be32c581517e6be6	62f8f621812a4985dd8925dc1e6cee90c72e08590a5020ed90e0847a2a082276	260b80c006ad70348dc40fe8e42f70af3630d91f609669b8a8e512ef5e917700	0732e29bd3bb47c535faf1af5e2dbedaa0485f4558b8a93727cd7e09810cfb77
771	2dcffdc44f6f0505000fb3f8178315d2af0568edc4cd530c9aac55412513176a	e9ee223808518b433837a31814a22f495e25395df1f16096ae577455b97049be	6a2cc84152a1a6c51133bca32e306ed69915cc43487dbc3df223270c22e4ada4	74d721b8294abc131af12d4acfcb352df62fecac6a5a51c16364f85d06f59495	ed1a4f39e3744dcdbc543ae0058ef1f91c0af4c5c04f47beb333f207f28d0938	b1101d86587e7272ca83e6ade2d83e69145169c38a02a683696f9333dc607bca
772	5cd01f56d3d7713962f33c96da0a2f59d0a23e1f05660c8fb8664bbeaa217734	6fdb16da7b6680b5577db07ceb5611c8e79fd498a132590b8b36225c8a89985a	0d940cf7b561a527c9b22af249fe2769b78c88114e295fad1c0379e7a4ed2ca6	cce1caf0f77733e5759bde7edad4f5cd962c49d08caa49fe1b1db818e48c0df5	570cb72bef906559a054747fd1c5de526ce6842b4cd23bdad0bdc6129ce6cf56	8db6a7ecb682cb521c0e6a817691b51b444ad99e6b84a9a8e2d156c64d5c7eb4
773	c1ba671d1d651c2c421f07f7e9fc36596c1210619d344cf01420eb5163a53dd9	594cbf7d5efd536a9e191a4c33fc3901d99eb080440d8eeaa78efb995f6467a2	c610f410256f878f2e3a3831226b485dc4f9fc444a23c45c58b512b7e494cdae	7b26dc3a27b957903931cee33d9a797407279a1ca4edba40abe4f45ab610c691	f12f07e6e2620f2bd5610c30d2865310fff1bfafa9cbefc038a8fca6cfb5a228	b7c0ad3aaa81a9624061515121161dee29fdd5fc29a8171cc876febbe2ba0875
774	b07e8abe7310285b8f8165bec779d1449158575804010a5f9db3d666f85d4e18	4e37ee8d602b9aa617deb8a398f62fe018c2cb061fc610a73c37dcd5dbdb90a5	0585827ae3a2709e0a0f800eb2a6c4bdb8e4082d5b831b7730ab49d92b382dab	69ce52a18a4a5ef0aa3ae9c392d82ba2e2ca70e762500cf2f0cf0021004676a0	ed7f1a66dbb1323162bb07abe579531f1ec07ca0b0993915c50a1c342e8d4233	2cbe5e88475d28a618f50cecc2d37198906f2757a64d825ce2853a8dd0d1c788
775	84b347fba2d8fa0a9300fd25c7029dd92f901b34800516d21dc1de3c1835ceb7	d82ed0d6d14507bf03e810312d9bc7797c39ae92e30a83cb469b7d6538f2333b	8901b1566e8c7be292efdced2f5ddc61c50750a15733a8a8f06f981f8b07055d	d8cf0f8b2d86ca39c03b144aef81d385b3cf46f1fe5b7f5d310d484b1064c503	70b912bba2de576d53e61dde18ad8691f97034eecce243e4463ba90942022657	d8ea4f109a8626eaf6e61a9c73098aba5d4de0dc691c611d24580323a3f5291d
776	709afd35dc40c7bed82ce1a90c483654593546b1582390061f76fdb45d11109c	e4df6a543c2bd25ab3009c3db551207e071415e36b2cb1ebfdfde74c0e8d6f6e	05f260dcf938d6556acca530f6031cd269dbc7388991f97239d3437e1db135f4	47c0084b89dc8069f312282e7c5b576b663e1c42184110deed98078803b5a135	990feeb4237155488513b01e146ab285503a75dd83b33a481d54ccf2809ae716	ce8de61c03bdb047b628da47e61e820f7fd5f405393deb412d7b664401ce1fff
777	5c826104e7a5ecdbab1e7496429ded0319a9f1708de6d6836a1b9eec5e277557	c60fbbcbf2251490c673fdc505a36560d39571249e23ec05aab5a493555314fc	cc7a963815409bd2aa5bcc30c93087046bf2f429786943d4b999fd32d3d90b93	04f027079f987a1dc2382d835e602176935c564ebedbbbad5a91f69899967127	f5997dad7356de3f1eb7d56ceb678cbbbd4f49877ac8ef2eeab155dbb922933c	25f46bd1b9e3d599ef10e93126c834759c8f77e72da603df4d73ee737a6c9bc7
778	a18dded541950a9b7f40a42fe4f75fb0b8d3f2c84de734ebd84c7af4a0a4014c	036a0113c63dcb4e87f3fe3294b860394fd6ba900595f82586960e4627696b36	5930b0e6f9a6103d63ceac37c17e64639445943cff8eee3e66b21238ad796896	a50823c82ee0c6fff4c977240f17dd10160d2ad7d337a74cabbffb025ebb68f6	2036fecfc3c39e458247902b3942c93db7d5bcfae48698a5f9518452556d99cf	6fc2be903423c83effe0fed8fe73989580f2c30466c668e235e0baa1f5be8a10
779	7e292cc7803702b68a0747816c58ed77a963b73c99adf280d7a87bee2ccfe6cd	3b8867852fe7ccb6246ac242fb1e1c528a5a00ccfe51c3a1110d27e8d291ba5c	39ff0df4d6b65a0c39fc26cad3b3aa0393500f01688d33324bf7b81f18008150	57720ea885f246973b8015836ca0abc328687ee20919dffdbd84827856670124	d2251b1b9189b65ef53e331884d77897e88d3df7f9a91bfb632f4a2ab062c513	b3f2f2c40e8576641835d47e7f3f194b71f24fd31963f357009e6585e073fb9a
780	98dfad0d9e324e243b578010fc0bb6f74b0ef4c72d78ceee9156041b3068eb2d	92603beb37576eff2f9f1bf3106aa3981b64a83acfd43d1f9ab49072945c8dc2	e608cfa468d0bb47b33af71966093b76a6a2ec26849c7389a4124c83c5f4c2ee	d3990123f6c30bb9595db21762ff2575a77d024225cf573e3db99b313d2144d8	800798da976a0614f57e7bd6c15810613682238be997d1970ff865b65fd7a0e4	ecbf370738e579a7312cf25cbc8ba9894de24c484b27a86f213940abd255bb4f
781	0412f0d7515be26dae18560fae83b9dbc5db827eb5d3ce2f8760fcee0ef21171	465156846a4965c5d9b47ae4fe0c52fd85a8b9f13c7153576d67add0beca40b8	af0915c527e4c208308b844dc67007afe2d0ca7f5607199d01da3f084413711e	0e2b13d7f792502c92dadb91f76e5cb56a70d2579345e60830d1cb606b885a8e	1aa22fd4761ba877d2a6838eb4a5258ddd1ecfde0ecc5441a487eda12cc177d4	01e7163a3f4a6c7a65b1f927f6f4cb3c1cfc258c71839eaa259b05100b718ff9
782	36eda9e7bcc0b86ac24420fa9f72059d557204b764560b606030fe5965d886fe	1327889a4d5c767e31ab6939028b9c03a2b0b9c132aa6c7ffa3cb6fda5a75568	9e9354324a50f121b25976353300b2395bf044a084016f7ea00c1ff7bd07bbac	2729c6a8519c345416ebdf4ddd496f6e0316b2b290207ec691621490ced71d2e	089c14ea18d180281afe351712677d561d809ed6d4017f2dd995f122c2c6ad76	1db145bc8a886eb71524945a4784222ae25c973984cf4b471c4306974f78cbe1
783	23fe7a88e1a9e8f66e45fb3bee26b9cd4d075db9fb01a78618e6cc3b9ce4c456	6e980806b79ca3edc7be70380c399025cd716d56eab77fe86a4b912239fb8aca	38f2ee46e3137667ad88b5c00da8f6f4125db4b07a7ef46dcdaf7ceab553e16d	d2f8d09da05fd4016e1393c6ed1006562c31a5c656fa015c6f9a2f81e5c0190a	32aee6bed68de39d38900c77dde6f483baeaf0dc56de3a24f71bc1f810137f94	f020d1380988c4c32edb8a01381676f433c716bde00ad2a00cfc4b95bc2745d6
784	4ffabe08a37ca09849d3791b9945290014d4c5b2a8c84b4e88127d29f22befac	3ec16e66f92f240b6ef14a2d9eac12ede1c32e805169e816d8162d3c5e77fb37	f9b80c9b6e368209209565914bd60c008cdaaae46b6664ff8457fbf204999ca5	b3c922c15d0c97322b462d64272d2c9b885ae606d20c4175a384dd3e99bb61e0	253475d4fe83571e98f6775b5c5894630b89a2b4735e5d6c40f6169fbb257f00	a48c9267321f605f0a1fb22c2a7a0eadf6c0670f59632b36a3c976c143ba8aad
785	23cbbe5bdbc3d5ade5cb624a6ef5819df97f67ac9a05828cf6a045810d62e16e	65641750a49a5442f1242387a24bcf2dd93755d6cebd6077c9fe3d7532263376	d564073b2d768572a9240d457ba60e8a6d9e7653eba92cfa615a2988a35e8b72	df17200147d99acf1705a79fa52d6a75ccca8af87722503b358c9d256cc481d0	57b2f0a1677bf08f799b2f346de1cf1388127f41e90fa4dbe3ccb4e63c06f9a0	d27987246313e0a7b25bbf815e9e5f5c9a07e35f145c5c055ab80d3461e8c267
786	65d52540530e0ab3162b59efaeb0d137ede323d78a783331bd0c8aa35dafc915	72a6e02c3380ee6e719bf4f88fa953b25a0567ad6af9031734bcf07c777f0a59	2843ae5738f54f283947888bc6bfc2c960175eb8326e4131cb66fb788cf83e71	40c4cca24a5485e37499e898a483602a19798c4bc30b2eeefd456c2e9c7bb6b0	73c148c029e28d591c43461b4be1a51de997e9ad5069548690ceff7cf3083fcf	b0eb39456c9c097a87a7fde031a51488d4d8a2a31efdeb8ab4a5cf58140c1ebf
787	b36156dbbe4c01c4eb2ed74f6e5473e64aab6a63e9238d4a35a7bd2f81c6b2ba	7439dafe15703143d31d982a4bac20a7d7e49bdff1afe3f80a520752fcd5b65e	eb579427636e9ddf8634a7563d76e6c4f8cf87f4a183385cc1a45a3cccd473b2	7a8427d34b4759ea2ac8d5bd82f9afa3ab2196c8814e1ab7955bd10bb59b48ba	16afe1803b3cd60cecd16998984a65a30a99f28eb672d68e5c5d275ffd3c2792	ba0e3be8835fe16be6c1b552650bfdedc600631659af7b5ba6f146edf8596d40
788	1fd3ae2fcf89f38189abd6f4c04b485fbfc272efad879c3a9c9d4cc0c5a188f4	f04672ec8e7c28729afdd69fd4a634f95c15c70a1e67dfef4aa13757c19d0793	f866b9dd44acfce54fdd7bed0d95ae06de3a16af368ea0f04daa49ea5ca80c41	f6c46d44f05a844d34e034ab7496a0837bedd0842167123c5ffd252f11730348	ac0aead642cef124437d535cd963b7a18e022f473f774c7c3167b88382dc9ccb	0dabcdb4514b0a7af0202538d27f627a6946f9a653a9441b2117b66b2218afca
789	5ab92d313a564cda9fb23f8b04d196ce0a9da657d291bb9ef12c8dad508c9603	247a754a5ebba8bb3936410f3ce0d343d3681c84fb83bff4f9a42bce5ceab351	ee62d12f83e8cbe03f73cb6fe73613231caef9df602b07a4a4fd1e3f65301344	b7a809ff6e45d4ec0eadc7adb0aa19db04e5f5af807ef834cd07f93c93fb2243	8f11529a464207af70c19bee6536cb0038af0353de533f863b2afa410c38dfed	76c3758ae8de83060c4612306dd7cebee7ce67e7e89b5f0ea0bbcf8c231bf47c
790	84271109a03c380c8211d85915694a34a2c25db712d32d6751ed72754a56faaa	45e0bca8b2002068505cb22d57a903245e23f2f2a49ce846c8f5064576b1e07b	bb2424dc53303171bf40fa990c68d452b84ffc361379e7220355471b793a3fb9	3fb425bb5bf99ff83513a767165f9cd28025fbafd96cf72264c15401d4cc7987	a7d0d8730e47579c16d087d65afe8bf22540a31503eef0ef78db5f3fbe63bc55	f78a2a621e5fe391b5384f5657b33f44830ab754bb266824c9bb3182ab7c3ff1
791	8531be748f863cb764b0adc063260a4fb1305334901b201730396a7202506767	7845c3c4b94dfb127f54d85052fa22c49df5d3bc93e472db34098b0239db72a0	fcabcc4ad11dca6c0d2c96fdda3bab413e9cd130711128aa4bb548a59074cf6a	8be1401a25166acd9ec28fdaf1d303f5208fbe9282cd98549602e051e9fd001c	840deebe1cb9e562eda96ac5c9d59e43941fb71f99b6f5b591e0c96daec07b97	e9d61262fcd4aee7bab8c0904ebfc49536b763ef01034d5359b60b1ff22c9406
792	fba38b03d145a532faa70bdbe838e29360294bb1c4c69132cd3158d6370cd34f	a835007bf1e9c21bb078dc0d06060f08862760f5f054752dbb5d1a875cbbac14	efe48fd2994ea0f627b12fd77e5ba41043087dd7de9e5f8e41bf4f72b5869f97	afcd9ef602cd13398de8da5f9f4be6be9270289c0b764bcbee7ef3c8d4279442	4cc0849a115f3e2c6729c85277499912238eb42ed9aaeeb0c8cc10a572370228	8ffb543ae4c1abb0c1392879b6a74a9bdc53ad527e3b65f4cf8f410102a16aac
793	91f2470cfd8671878271e88b0c3204e3fa1dbdbf19a6202449f99921218a95e0	409df1fe71011c5e7553e48d9f3ecb663f6a4db38d29690a49c3776e6ac752cf	ad9a49c01ad7040cf0a7af64394a3080e31d842550693c898b23d37d0966df5f	e964c741a43159e9813f49500d8808f5a643502332494e3fb5c9b3759b4de493	39aad5fbb37f53bc603ce1fb602609cfd224b70e0378a4f186fb2d79b54f9034	ab99902323888a7f2ae7d6d5252b18c44365ad1359371044285b624d74700984
794	a8665ff6776d2a325a357ce33b7f292c1924d978b3b9b390d4429d4df33ae982	131711d6502f67b907a62e66b60d2ecd9e809418a579e06ebd2a1fd014fd50c3	3d2a33abf29bc997f5b44847ff09ceb6127b0dcb824add803bf65c07b307df12	892e573658f43571e3835252f607a8f24661ca765b7e8f63a1f9d9b5c81e3262	ecbee8c5da084cda61b5067a68e3baf1f6bdbf39b0cdcaef977d28e806c950ab	bcdbbd699b03d7ec80a371ba89d6ad7f68bfcf4f5c13f818c9117392bbdaad58
795	d79375bf155db22efb85630ae93de6f1edb5aedcdfa588a864bf82366c51122b	d70cebe3b027e255e0fdf73b58a20cbb849c00535c6a04fb21f02168dd74bc4d	cd2d494505df85880b1281a00dbccac8069f8ada9b4f576939a2832b487d69ff	fd48c628ee7212d12ff695ded49d874ea4c9e6165ae58fc76a423c202a1c3c0e	a21f03871dcf22d08517fc8314f4e4c65dd7d8635fd5fa7b2cff20334a201803	5575f4d51c65da24420540d1fc15fcec91fd7cff1fee05315405f31aad2e2031
796	1182b3bc6d1a4496de399153557d4d9407151bccca447b1b482af3385bb2f2d5	45b3e54a02be3036eba2d2c6db05c10adf0d37264c442c2982d1a35af638a75a	55e4809275a506bbcc729475e56a54b07fc04ef76f69e2a78d00c38f7975c2ad	7c6624de91b368478b4db3445b467c436ae82b1975a995f3fc5e510b703e3646	5ae16acee1defd42e0b173c8bbdae119c518372af8bd165da161c60141bf8c74	8d13a305aad5f64443794e75c52dd602450f327f118774820d034f3aca83584d
797	7f066f7b77f22c4c0bf51e7939ef79f78db281881df5f8e5d7bd1c1b55439f46	22de01f6d5d459062f9468135a5cd5ba0aa45ea68d337d16b2717dbb8e945e1d	4653e95f2e849f8d13c6e7dc0c94a7402104310a426a90d1e060ac9f9e629d40	25f3fab5f13864a9b033d9e6bd7f3e218ec517c2834d3c96f1bf369b50da4d7e	55898fe8cc4b4ae6250283d390e5dbd9ccc42340d1e28ffe0e0410f92ad57a17	6d479b7b691b79c97b88f152e423d1b404ac41a7606dbae5923c0de695ddea19
798	a7655e5f164e4ae7eb79ee174a92d34005b647690fbc72fbf39683b82c835665	396b41e3b27659b849117f007e0044cab888a22ec512fdeabb2035491812b897	fc9412668669a45a4c87bb9f39b4908620212719174d76a04d8bbc80eeb1f5be	588c85d85d1c4ad282c0c79776e53d490c342b392a6f6d74665c0be744decf84	a10cc918119a828ab7b18d94c31f7ab5e3949ce7ada2fb776ef6607d24437840	1c8906e2492f7c26e68328d80e145d66bd6641d796aa88ae244e1d98d349b271
799	73b852a00af96621a0313d32e2377d5946dc48d9130029fca47ffe356d2ce261	089ee459df80d9422ee1f7985ecf88b1ec4555383bd95ad39e00126beeccd2c5	056924ccd8d6af975075db5e45956fc5cac613fabb75ad309fdfe7b6d4da6634	50f9c38f7dcf90d5dd836ec01f81b9804e15d46ca9aa65efdccf937b813d2597	3fab1d3e4ac0a70e11d0c7094f19c3ff3ae3380e9db786422a899f6879c5e08e	c8df9776c4c607c943ea3677a97b62482e758f3d502c68133aeabe175df2fecf
800	2ec43bd197651fa3b3a0d4f9cf6707ec54b6f4a163dfdc1cd34b75d03a48db5f	7f7af54a10f3c9446707b08601ef7cd1c9a8376dbc79cc2b6b40c21d3e4662aa	ef1490b77823f2a3eeb98a0dcd9a32aa2dbdbab9e9fd2f10a0017077a84b6cd3	6986f03b860a52f6772a98e81c2b5972ae93e74af10d6778addc3dfd781f92c7	16ab92563e000a0397009e4a50dfc0029bef1bbb1df8a3e636f9b1b387b6ae34	be9710e382ca04236abe10c038b5fdd9951b6c29eb824a836e79d2632ffa11f4
801	f0fcf43c70ac5d617e6d4ca2c2c8f6727e68cd0e792152f6d9420597259dd3af	12009b7add64a22d1a25592c89b653e4ab2e25c0d1b3c5477874a06a5432cb30	d1cba08c8025d780c208539f6098f9cd396533ec46b252222b68abaf9b3a1e26	70cbb75e2f584008fa71b7c024453c5eeb0bc98d2049a41a760d8bfb4ddc1a5c	d546243731411cd83462135ee7b77b691ea7b8f4d97dff039646bbad83dc81a1	2a3706dd0b08b9525d1605fdcf75963bfba5a29d03aed601eddc1db0359e516f
802	58fa88ba12089767248d914656fd49da7e49a887a4a12e5a279000fa26a1f5be	3da99074213b193518e9e300b2ed976134ac101137b7f43b03d15bee306080f2	a3c2b3478b3f5ef2f4fa5f36783d82bd9cc1bb0ee70011f2cd6f5ec98747de48	381e078ebb446a5cfc0d775330b66c5ddd316aaa2e9c71d6c7f27450efb4b352	1cf1073187fc28a5121e2080cee9d819a3468d1288d30597017eece02c666795	5fa039a7ea4ac64669827bc3146047a7d5455bcea0089868b4ce1f928df398d4
803	eb0d6f2c2df0a0be46688e9b228f54540aa9518237cb2c6f8ee5f2c4412d83b2	8cb9a8eebbdfd4452e2126ca13431dbe3da4c52aa49f0216109d8e6b0f228194	45bc95a1612d7b7f2e64403e44d579604d804ecb5c656259e9635e97a251597d	86383c8808ae8cb0f179709d9461eeef6f49be5fa1ebb4fb9bf68f55e42b40c2	7a45c3fd3d101c44ef513d60b0e8d6c38685151f93df81d22a1dfb9839149afc	0885e295518cf4ed1d5438f74c033a4f7a1af48ca4867e70b27404e7b8caae9b
804	589021141e20d0924a1e12571e274210d0a88361496e58a64ba2d8b681111b93	fcc1f527f92d1c9f3569b894debc1c1865c62a2292f1a35297fc891fea47c752	9dc357da22d710ed610c7ec304b0a6cc5eaa829339e0262808a86b3010b72881	db102ba8b983d20622548bc856e9b7998c33a2dc8c3e2f677cbdd6de4093ae8c	8f3c1c010a8fc589c340c58e89d9c05871803126315ea42c9300b70a31314173	83df8c784890ba29a49ad32469cd79bb08bc76a7ea17ad8d4fe5be68be14748f
805	4176e0949de7b6b44313dc9cfafe94c208badfdd8f387ad9cf35a3ed3c4120b7	40d209c9357096a195db709d44f7ec589556c57140fc977c2bc4dd19a944d7b9	8a9c54ea238221986e7e42437de80d0909abdb7f859fc15306eefa4751199870	091d92452c5f1dc6081a7a60bfbb21662fd3b9d14a71e416346d29f65ebe2981	46cb07c8fce4047980de2f427514b7a5b66ee9aeb9e24c9e645595174cde1ef8	e035a0e07bb9e3af3267d9062ea6da94de3093b3c2a6c0851e97bd4a536ffe30
806	6a79f503f090cb6a1bfc80079f90ac5990607290fa0cefec609f394f4e7e02d1	9f50236d21fd44b33ba98149e94aa92bf66323df8180a6e34308fee1ed10dcb0	99e9db23130434269bf2409e597571ae19797ebb3afc266581e5caa0ab0e5b46	5efc04fe2862feef427f4f1a0958b239dbd7203f30229d07e42f1a140c396f44	e45af4c4a5fa99ba68fbc9d1dbb26cce30b3fbc41e51ca015a309d07d549f015	ede0f13b15826bc1bd7908c1d57c51ad86ea0ad343531f99b1513d6156a458e4
807	460aa5b6f0c88f3c90e03207a07f4c559eeefec4a359e500ee3295eeab401111	34a07d5baff54b7ac701e2dad45313b80f163f37088c4522c74aa571339b5747	c2b0577f2b6563d8a9dd3653201429ad6a1f20ad1bf6052f7d48854d69981af1	c0f28ef79cac64ff4967b061092c82cdcba6b8682838369b796bcfd2592e70ed	9dcb504caf73f3e0b61dfa871bc7dc6c63be1a280f5e9e95381cd8799ec001bb	debb4c9fcb7eefbeebffd2b9db306c59ec9da1d2252e2a44f4ea107cb814ee8c
808	ebc41f8e7a59fb1a89255b7278f3a20fb48088a9ca2fdb62c5e50bf5b74eab47	9fd6b8f18b12584c74b6f0324ef92ac60186d25d54623fdab7ed37f7f4c22149	537b052563833c3eafbe31e5657b8e15b9868d391dbb620a0121b24fceae8d25	ac4d9471c9487de2d8e98dcf0611e49172632f598f1777967bac4949900abaeb	b3594261a98a16a45263243dc1de4da82a2909376da573afb0ea8601acacf020	e2559082994723d7cc2d8c271caac5a29063a563c28ec034c4d5100afb2a8f2a
809	d8ae1cc86701540daac6d52f38be2dd236ec886c53d13f66267929ebfd1f661a	51fee2964ab8b27a570c472a7553189e88c9018b9e621e55ab9b882a6b6bddd0	59f6d0d1d805f01daf8235c446f5249ef79ba9b79faedc722f8b2bd2f3ba5776	1ca54a02ce8585400b9c9d0993c59ace3eb2529269386c83fda93c4e61ee3912	94e3900201e9a9abc5ed8e316a6472db18e660a7db70fbbc7239ea593b2d4ae4	b625ebdaf18dd9583eeb1449435a08710018f65d9fc13ae5b1eb7573c964b43a
810	17a64b2b2584c700ce0bda7b9a0d01c54596d3d9f0991a54e272fc31517da49c	5c1f8fa5716951e02f67b11c94da8c46daa29045c597638c6b9d15d6e64bfad3	58ee3d110fb295fc4e11ebf1d44d0442afbdef867d511dcb324ed397aa63e26e	fc522a71f907b1c446071446f5adb0a860bc380bc619e79e56df730e0409f489	4d9752a11816955b035bef9d04f49a883770eab99c118c37c73dc173e495f616	5dd3cbc1334b58b5c847df4d2f2f344fec8fddcbc50431dfed0f113e1d53181c
811	1f56d69d30f18d2b0469a8d6f8b5bd310cab6f887633e83bbf645810add8e8ad	11cd3668c406375fd4febf262cc8c9eeff693b5a334ada91070d1cc4b644d974	38c9b28578a94bd3f62ddc9ef3feefb9d34c2f677ffecdc3f39e8991ac670756	f2e00a98873c7c5be9c91c5f7379a66d9df77051675c57a0f604f85bfdc812e2	f4141e34d0c5145a0619d5b9177e1bca481935085612137434619aed94fab144	4b2dbf1990d3a3c376314edbb5701ef83f985cfa304bed7d72c83d53a590d042
812	559c3751caff1137a3bfde8a1262f85a719c9d109455599e18fa971fb68eeced	4bf3d6697305868b31b58521846172d35acdb0f6bdd95dddd5ecf8a6599ead10	d83eef2c2396aa4a6f02ee3f23af828e35b1f033b349e44255133e7c483b1299	eef9a22e60dedd35d6c250fb5c8c34103642f1101778ab2b941f08daec90a66d	93a5c2f7a1a1135685a7830d318508ff51741382ba982ca449d15688af260bdf	979b0d7716eeaf0505e7d5447660a42675f4273340bae0857f3e43aa5e8e7a44
813	0eb470b50167795466ab306f4a39e847a054116a8c22fbe8688ad064a57708f3	56b17abd854f04a384cbc6ebc9cdfc7416f60d1d4df475b1f025baaa66d62c0d	be481c5ae41c5a0ebce45da8de31fa3e1886db0cfc2c52267ec5a83eb2f73111	f4b31d05dfc11ce3e1d8a08f19e56899138342ba84436d10e26fadbe53202ec9	c0982a7e50767f9eedf946fe0d9e969ea5cf6115c64fb12512259714726bace0	770835f6d00ed1a98ead36daf6eb272a04074920697da83e41d697c6ea4bc3fd
814	2fa186239d527c80c7b0dd30b4bbe5b1c599dc4dd156571671e0b47e7790f55d	c875472a492662ac45c84a7e339c11b440bef4e4607cbe47e6a2144f85342620	d67d977b6ec43bd73f6554cd28549a44badbc4ee7b518f8ac6fe3b6ddd7ef946	59cc9b02a60bbacc78d2acef58f407c3b8437f562cd85999e98fa7e2d052a2c3	fbc0c96f9421d569f5f34c4d0842ed2ad4cb85235e3c34a8db5ce9e25b02fd45	c9eae86bca317a75ec661bb29e646bec9403f0384a9529237f4768abc5d4d802
815	15c1080a39dfac323ddf54518fca1a8402e7b383f0cc8224d6b000a7a6aaf3b0	9dcfca26f76e71b9f471f99fef18a1a1afd129e5222297e392f689e04aad4840	4d5bd5e6cf8e08cd95542b07762e1f3f0cf4629389e22b11d769017c462c1978	9c5dfa4554029c6db67a05d5f08ee8018828a76fc8e80e08e15dbfb276b1337a	6197656464cfebe1be5a00f76947b97c290cdbf6e5261e50c5b878d73bb461fc	0609d16086feda4fa6447152b4cd9fab138409dc923f2c23539c2e9b7af31c26
816	162be80ddc27e036c9881a0c01f47706525fabb7580b1fcb2548dcc772eeb33e	73cd817f53727b529bdae5398be60038bdf68f736b73d72f65f3cf0fc088211d	a3101543879bd2aa7905ad99bebcffe727d3e5760c1ad5d7d8f3999289a7fb3b	45cdb8bf5fe20377df76bae5a7f9941a6c406d37f1cf451feb25df3ce9041876	68b2a4dbcd0261eedb99448d1d2390867b375708202c10489c19448298cfc075	62c89713b1ebf82c36e0c9764a08fc99ed0901a0465e3d667c4bfaad3a069d33
817	ed1b81d3201a72f4cab8e95d54c0f7fcd87cb957a5a0f02c409303291359a281	9cd54ee1580e48d9191f0fe43eb3bc692baf99f3ce2f176f21e1729ec96515f9	e021af271803e8d3221f91d7598770d3ed10e530df3ecb6212966e7f95b86345	34e533763bc5935a35435da40116f5cab85847bcfdcca49f99686633509fe59e	e13171ce798deff4c4662d4da0ded3c0af92a14f91a529fea4018062c8562293	c9063b2345dde119ab7317a69b51cb2191b5a293dedee794aafe34b8c69fb33e
818	874b49e2be342f9084498b9be63baf796d163e7632e59a4e663fa86f1fb49157	c42550d7bea827b57b367ccaf130d4efeae3240a4e7fb9c753e912847b3bcf35	9168b5401f674a79f3ac05d05a58d5dc03649f306f4a464888b2b8c2313269e2	4fd3753dc85db044a3f83017c43c62da5a3d8ed7dbbf965364b0694494f49498	557569412533b100bfc72be5d91e95f365986c4c8177ab6bb00ec99b1573f1d7	6a45709dacd974706f741b527f1f8a713fb20d0cbee928f22153f41d23e5939b
819	d390bf5dad93ee5fd05af5846c11d46e485b021ab99c72910b2548879861741b	93aae7ec7064bc1102fd4254ddb25b42c5283d5efc6bfe5e0482870e9b6f9f96	89e04978ca33e77af9783c2f0e0f7fddc8d0a9467f3be19d1fbc48391fa0183a	594223c8f4816159c9ea666274bd3686cf2c1004c8e77b98a6d610cd148f435a	39a3a8ed9e340a3a1a0edbf92a4d46ff48adea0bda3a844f4b76e48943602271	2593c00e1ca468f2a81036c6b8860f71adedbbc439859df23bb1f081ce677842
820	936869b1ac1ca83ac11af1fd93b5bb4dc01d034a7363c9e743ed80ecd6f1212a	6a8f2cdf1217eefd0e3b3e49b9340ab813150d532108b3b0d209fb8beb8fe6e3	903c081a2bda5512f6e05cf5e389bab9f7af03859cf72f55a85d5789e5c1aabc	20e2e57747370225929289a3e34a531e9a7274fa083c88bb27eb09dfbc8de9a4	f2edb905979213b9004307c14acbe24a14af0643771c1120fdadfb05edaf8f1c	1fa32fb4e39a92f46ce9c34d8773b80c749702450e96f6aef0e66bf4c70a3a30
821	70ad2b59aa789a75bde81951d93d323b69b8a29212f7085b321399d4ca0ad647	5f1b416eb07277186553b5768b287d11efbf3c906f0c3f1be60ec6b1b56c70d3	9278ffa5a7c67a3977f4baa73f677e35e77fd474111067eb8c7094d4f5f9c23f	2b031ded27c1f0b994a5210d7cf4490982d67f2151d74b0eb5b31bff5fd0935f	13a450952b248c7aaa51626805031b682998dd5291473c3324f2bb815c4b2c25	2b76709f8f7d00ab87fd027ed2bc9666b38bc662e6492f67f64b75b02e64a199
822	58d588102ce1e5701595d14da02d6717eaf7ba54403b569dcf6f9cca83b30e7b	a73ed3b233b721ea35108dfdbf0407f0dad7c08ba68762478f0b3acd38e90e70	c73f21d0d3e40ea2929f4c151ebc19239977e054606330adb4dfacd0c062a71d	66aba0046e5ea2aaebcb1a391cbca45193bc5f72c8ff4a871305c7ab642f584f	4dccd57bfb97ac7ecc8d08034ca64c3552bdf66d23e488bcf4b88f26452036ae	2d3dacc08e51ef5bc1fd06bbb316629a619fa97176efd201326f4ae4da221953
823	f5d364edda6bb62a26e062514673c6c82496398af8faede8864a62cfdfb5903b	a92c9091c07bd1ee6319c0696c5026bcb247c5e5585e3c251dee12fbc8cbe268	9aed0f10a994afcc1d9b78517bde494c7331d417e528e9aeb7237e4939d159f5	535a41fcca9c1d696a6ce6f217e3cb3bb5bef001b66a55725f3b1666970b13f5	ab0e950c6c12f0244b10734eb3f453de408a094dc8f10e045e0b4fea8c240e05	a66b3800455bc6dae9d7009feeeaef56649d7af7c2d4afcd70785ce7a931e436
824	5f6a0fee9fc31694f110a1d8b1d386796cdefd31872ab0be37764c10cb0ca05b	d0d231a94bf7bf2f25ce9dd1be4b263bfc8700a5e158a3f82e43a3d0627ff321	ce2838db6919b2f41b7498c2ed8589ae6d273074eec4b0eb1c6dadc9b49d28a7	fb1ca378cb8779e91ce3a826cfabdb471963599e13b0312321885b039f8ac858	c108533146138704da2cb1a4794976a8d301bb407b242f635202945526245407	dcfffad308de2768c0482e69f915a162f9c31ec63405414b2b9a59b693cc3147
825	16ae5a1ef6082374601f39fdde03401a64c0721039d994af179490cc171f95ab	b9807ae82257788b7629202baf8d3192c4bab2974d3fcd8de35d5f9ee3a51c82	7f9ff8c8faad224fda8b80d80e51fef6a1b05bb111bd83dceb1361fcf319c979	83c871bdbc644a0567f4708344f8d4c2eb9d0aba467ee3f2c2203d224f63e54b	5783f75c7de49ec30c11d3d02fbc7fc46c41e1a752ad069aa266717c4894299a	8b23874a41c7d66c8239e74270d8717e07eac6f1c768729e81252ef824e80de1
826	844e575f5868f4f1a2a188b7ba1177675a22e3d219523160eb136e4c66efc9d6	399d7c5842691bbc3e732de5e35134cf71deecf144f96dfcff424f5c518c57f9	9119002fba34e0b2bc8bced2763953b475a73b55481e260edef9642111ad9d09	30980cfcfa0b6e5d9c2ba3f40909c54bb492e117ecdc265333a2756c8f3753cc	099943b6cb88a4c19ee6f607b16b4e756f197a7ec98d00ac42bd5486ad8982a6	15be5b7d496344b118e5bda78206f7ca44425a79ddb4b1231d58686a074610d5
827	5181bf121e9bd18178ce66ff2e665334a656265faf90b328327d56b62bdb71a5	dde3a7f22c2a6a6eb56f462dfed247120d036afd1010622ab1c3ea62fc676402	867a6a354f04b3cd7f53a8438ac997de0333c5422f5b3427b0470eaae39e9a7a	40353534d51cea21388dc086dd951b27ebb35ee17d5598948ceb3447b6a46cd1	ce33038150b43e80ea0206a4e8e6738ed03098edf47640f42027dcb18950954b	b86d73877406813082942fb373d1b5a4c39ff750bd4033716ad2bb823ffdf9c4
828	8f466d02aba7c2a3fdd2ab0947cd3264da581f3bea909cb4dfbdc897e1ecb1a5	9015aac72cc211b63b363d4f93179be6257befebfb71b2ad24211a76eda154dc	0873ef9d2147bca52c0fed6821177ea547c237e74108abbee77770486e22ae05	1b2747f1d7b680a834c42263b47233aa8a0305f6d8afef56d486f4feaf85544c	8537957c795f7e6f96bb4c39c7fe55bd869949e39240dbffbacd1246b5764168	fbfa301749d35428beabf73ab5b56506b3467bae358147d67f8d33feddf4b6da
829	800c76234b4c9aa4008b85b5c843e640fecc256b618f483b363776780ae22a67	0967f70e7e514fdac968a56faa232afb1fd60f78c610279e57ae74a76cac0823	507f98c6db8d2494dd9018a77ff00ff1fb4ef4c8e6336554460012c0bfeec37f	0e00929a2b121b36c35d68143b41140fb65d8dee0fd7db71236eca651c9b893e	3be4d2c9703e7b7bdc1a16a30531f830f5ad6c5d6f8b51560fd5f19f095cbdc9	2e8572feaa8246a581dca4c5c8e2a8a213e802a566c4c6b8ed580b36b1817116
830	9429166db3ea7f6802e06aae675758ccaacdea27ce882129c818a83111aeb980	1075e08938768f2eee94616ec5417870edbeb74366b4fa1bc258eedaa3087e64	6944a26ba5191df1efb4d8a9890734d223d427aed2646960189d2a3c68b82f4a	16ffe93ebf2f886d06dae770e1d87a4bd5f460754c19e3fd05a9617fec69f2fa	3498a89c0851a5a2dceaeb9c50c01e0ba087e7bc8fd36eb5c5388544ec72c7ea	a5196c841a0634474d7cfe9614dbf6d485b09419e6290e89ddc2173e1bec6448
831	4be6f6142658daa7a02960b8f5be40bd0fb50bcf28e2a85d2eaebd6fb214c9e9	6280ae18770f5aa3bcebc8b05cfdaa551cff3fca29180e869be31856a3548377	2dda1ab4634e51b80f81a010d5c60ca62541b431a7d49ade12c5bc37f1a71adb	0f287b6b40e2cd8e290a6f7393a850f96b894cf2ef88d5d0e80037384bb27610	8b58146f88fcc0bb7628c93d29abd9bab6a3fbeda61b134c32bce03080a13c5f	f77d82649e4dc036cd4141cd5be1485a16e877e481c5c82f10b5076de0bc7d32
832	6469012d09677fa4265438f8012d8eabe9f411306f3032492f486429dcaa8746	017fa79ec9e638c62620318645dc1d536a5edb1f97f1b15ed3d408b906c326dc	e1ade0e319821cd7ec66141ea52587024f0039900f906db920d8c6dd01337b01	686ce599651a1dd8c5be8a8d6e1b8646b677ae0a16d2e493150d7280c700e72a	c4a08ae3ddadab48983a95320c951858953f2d98943c9e6ebca5fd956d194e11	97e92a50ffc4b8ccde1cbe55ce12e18c5a5225bbe4abc380c421370ef04035ef
833	87e363c4fb2e8788235e596fe6e3ef20391c27bf858981580d1eda5cbbe4ab32	4feabcd9215b51902f9798c710d0b6f2c9b52cb32490b5c0bd1a9f1a040e6208	2f39ad07edaaad66ff5b2db43d465f46605992f0aa665d71dea766749faf083d	5941b9fb12a470c915fa5236159fcc7201920c128da3b499986c64b5d8494a3a	5d31999065d3fe43c7cec6e65db77fe6eafaa2fe1a491617cfd9a238bc8cf40c	c15be57b547ef8a915cc772f4e9e0e63d77d88d946920c3e4412757228aa32a3
834	591b9aae83c24c584def03b338edd9eff3c6aea3f673107a03afc9e312ce5b5a	a6c8fa99d9cb0c4d1f6355b753dc3195ddd9341cb0533bb58e932444003ad880	6991ec45e734a585c3895f76757b628e2696279d670d3d83bc58e3e52e612c82	930f6ea64387efce9a4aac126b4bb9a7546f50fd39a784d20e3d77b940c1e91a	f422110a7bb7b15cd6696923d9c92ca925377c632f87cd98319913b14e1a7c0e	e5703d061eeb7cb41ac4eb3c1239afdf0d1e23d6d77cdc1871d0f633114560ac
835	013c7c2d1db629e9034269333bb6c74b532b7a1b862afa6e8258711bf9d0e106	0fb3778cfcd6b76e35dc087f5fd315c47b8fec48a87074d8f2709cf29e148ba4	6030ffdb2cc060c9834c61e0983498c8ae3447af079262709c450c4a3cfdf19f	3dd082fcac16b32dd292e352a86b3ccc34e34c37a4a6f3025e73c3ec8b28f745	b3d6309c1c1da5b43a1f6fa1e9c5195042eb11b1c59582dc67e02274f0158bae	b4f83aca0330dacf91b7790a5325f982f3f346492d516dc51eabf5b38b82705c
836	0836749e59db901819c51df3b7c3e307c7afae640bbc76423c42a82cd9dcbcd9	012f9915da98d7f5af513084331956d55386832896798b9110211a1fb2553f13	48cedcca235c0bf4d74627e5da16c3ebcd26f55ce32506df3220ec2ac7191962	2b121d13cabfd6664f42202cde4fe66abba5791875bec2ac330b7bc753405651	40a7e5647c9b9adf382efcfea64773925e2050304581714035fff51c91702bfa	923b4f490cc2a860f2b239a059e9ee946bba46f8792e859557abee7182b70f43
837	5e1431b3f4976fa48a755d947384cd1e9a2f0da90ebfcb4e7f7063a9f1c1f732	9c9ebb57b56fb99d882007112b90c45b7570684207f695f34fd9351b36ed7d81	c9a03c910e872a1d216d3ce08e8891293fd03e7cb36d0909ab9baefa19d6d7c1	efc256d1f43f05360d6021be6fee752785f2768a8d9a8deac0a714bff0900129	9893db0c39bd27d712b2b6e104dbdcf03ccd1a04ecff97c0747d35ae9aa7a1dd	79601b50aeccaad2d06c1688f2d395c3bbe260aa1be12d2ec0c8859c43c0aecb
838	22e882a21a6b1bad9b21c248ccb2c98475ec99054a5a643bc6e0573384a08fe3	34919a7ec88d8988f149d609ed39ebf620d94f390dc82e723cb370455ea8b6e0	aab00ee41c8f8f83db2b5e358e8297f99200957418ce05c924ad749109dd1085	029a5297b2809520e25ccbc322f044d88d0ac3af0a72e8e597ba86668cbe73ec	5c5bd18ded095740a8ff16fa65fd1746fd96bfcd459c2e007e883288a462db29	d5fc3579c4d0182e9e7f371ddb02219787c01630c9d381a0aa9174c334eb07ea
839	a0c88f6173bf190fa5afa308f12865dfe1a0800318f5e50f00524e3b601d515d	750217659c7088a25ed93b712cf14fccbf154c36b8a50d7fd10faa4c1bf61e6a	903b6e94f69c8e6e8a9d99e04b5e78b6316d4d1c9a3601b3d1b02428970644da	d498ec118ff9dc4b65d941f2851bfbeb9f1a5ccd9797c62505f53e02afc21e54	722360f8fe8e507d566c0a3b85677c0e824faa19fda18f3ab59797182167c544	996e03ef8797c76194fe010c11637adec05726fd5b7436509c0a550c259baa3d
840	b2ce80212b631bca0feca963e1c8446ef25aec6145616a45451ed29f44e9d3c9	f3e6f85d3af4d2868300318d893dee422f03283d64a03222faeca4732ccd82c6	cc8d6eb427ccab04400c33360ad78ce541586d6982a3c5b4ad7dd97a323bf664	e3bbd117cb8a48622dce075afaae6982bff02e4cc1320cea99b61d7cd40dc652	15c82221a6305876de04e339fc6b873d813c1c303e85c819c856d1848a3aad81	b260612adc15404740cf639205ae57bf003c45044f694f27c1eda99e40c755cd
841	9fbf6eb2349b4c2f662d093185e56c1098210c28f73d30f67f503223e0d80576	aa1584afbc0fbf5f3edb336216857213c3646b1908e869337668a36619429237	6916d55b157ab24a56b89dc0618831f92fed1882cbf2739547e293a9bde3071e	5a10d75b6adf1b7cb66dd1ea7bf22b60a349a4f8ddf6ae97e6764b2498578833	0a61a557d84f3de24ab28e96daa89e88a6f0758bf4aedcf953bf3197b36f114b	1e5ba645c5ae3ed59467f02641c4b34466c4444780d74d2d87e7ceee383563c7
842	192f2df338e7c2986d855885004a066d951721f25ad36121b73d122c29a1e0c8	ff5c56e1f7afbaa9f95f18a2461e7ebef955cbc851a8d24e9a92afa40d7a2efc	fcd5c9a4a7bebd053f70152a566ada5ddd8220a816a2d000d90fe16d45e3c8ea	bc9b1ae0015e4c22378dd7c4600094e13fed911950109aea941f0b0eb7514155	cd26e9a5321294aac7ab4e4f3e0775027fbf7793a53766f8935aeea2df0f675f	f6d2ed10c7164b7b6a4501ebc27ccc9290144894fcd370306b44b3ec7a1ca586
843	1eb8c002ef18b12571a28eeb8072c90d4e99612e87b88b38510248af9734648a	a82c846ebf2ca743b8ec64917b8a21acf1b49022c7f5be767e01c490892ce253	419b063c069a780848e224febe065daf66f3cf959cbd1b8781cb393a20a96c7d	e948d712e158ad1837a005f34d065f538955c536700228b1509a4fdaba1a1db5	b6516406c6b269f34cca7231f5eb158c2bfcdc75034f3c829152152d9c222abf	0ac3f4716572c36992255e42b49befa4615f23c148a8d2ed49b4994184ff1433
844	e7b2e990b311a19100914b33771a287c0f134f8c933359a69a42cabc9b241222	284c117f14003efe9de9740503858ff6e378e0e92fc1d16e160ea1ee278afe58	a0f3de6adb5d5088a0da776e457ca6db4459e921588daac467dadc28a15a0154	74565ac3a0272e2493b1b302aea3f147c58e542f2001c6995bd4b8f9928644f7	12095ec77f831a1945813a13cf9b7b094e152db58de9cc0fc5b99853d07409d1	550413bdfeb54da4116c730b6f985afce371dd6af363f068754f41700237bee5
845	12322f04023e59663cacecb6f9cf7af8b895bedce9b41d1d2d22b72d34c6d792	aca068bbd238d10a6a44ba93b8b4f1ab9a9927b6e1b2eff8518f0cc5e84bb9e9	1d7cdf8b35ce96738434f5587feb8667c670475489196a707625c41ad374c4f5	0ce65d7e7090d95f0d40b96275f477402bc78dd8d2a256cc65b8d08f4d95c91e	372f51c3e8365b649eaf8a1e32b9a3838b5a01d8559819572781a8d12597bbb9	e621f14140e9df89773eadfa53e2cadac097c0be28e5e0cea206461741ff592d
846	b67ffdfcd4bc2eb7d33402ea5f5fc64221b6676e1e003184c9f00501ee8a8a69	fcb8139f83978c99a028846959c705e758c8508c598a5788e60011535ac2ae45	c4d8b83528e2aa58cdd5ed5a17bdccb0b2923e413d2083603cf15905ac738e94	019557ffb1a8c98f571903b0416b31d7a184150a41634128516b211da7019c57	7fa443b60b57be248d203698131fcea62af6b41a79aa8341dad7555774e714d0	998542613b9beaee28d7f4b9543b3976e863beca9c7b2800baf85bfc3bc830fb
847	0c48bc920a9a4aeb8a2c3447378acecec69500f1abfc1fadb34708bbaa0ea7ed	175a00050fa2c600c9dd69e458c1b619b1630e48d963cb0a3624298e3310c64d	4829fdd7031101f9d11580346c100879917dbb8e132a092b50ded73e3c5f0744	4ce663fdbb242ce03f2cf45fd9b6ab68ec3a6f78ab9497047497af7419d96704	78de8d8f6b278ddf910dbc5622593e8cdd43603675904cc1570aa376b1c485c9	e687272cbb4ccf1d958c2524280f9213534e5cf8a05ab8fb4f0da22dd5386b33
848	9731ae8d37fd7f8bbf5b64a404f6ddda38e7d400d1d03fd44207e19aa29d39c6	918744ddeb4e86567282013a1e6b4ab96760381e83e17ac45fa1cbf1a7bb7cd6	5b2d89f2c5bfec7e15337971335b31902c865d3c1aa56c6c810398954db1b7f8	248d4f1530b3312d8dcde809094c4b4751a154e392567d6356fce210f523e790	97db16ac60ba2cd097e9c1ccd39347fba9cdaa159e8a87b3b028fcd590cfc549	e8f7f63590235b620cbd801d498e31c30f013dee47756356f0f54c1448fd72b5
849	c42fd2c83e15f2bb48d83741201ad139c61f9808aeda4b11b15fab81c1a89f72	c94bd61e770f7af80a116250370fe9d5e2eda784849c55ef63740bd25f5fdda8	c224caf10842bd02e3b470c7c6c53f5f7c901f737623672bbde60c018ef72559	4c5017771d1021b82d1cfa5d5a8471acf53eda2849f5bac71f0d1b35af8f3f47	9aa58bee149c41c9055ab0675784f8c7226fbd435d880a0da4f8a43792b5ec8b	415a782eae0806be0a3543387a0abe39a7fd00a177d5991f97641839c3cb349e
850	72815a2072095d673e0e580d2c65b29520320677c7aa91e0b0f932e3f05e5d4d	aa0e048e795f5f85694594087fc5edefd6a6acf6dbd90692c211a8519109c535	86ffa30f32599d03ec62e5d6d8cd3b701847087c039b53e763d427a8da3c942a	cd4fd331e42ecc8b8362c4a80929ea1f76145296cec8965d326959a3d0a54d03	a115b21ecd9c9441892bcd3dce496f2511b6ec5424423c19dcb3e514dcf2e85d	61a02dd08f696472acf2884b7a6a2e370c64a36bc9be9d9783a853373f494082
851	9fe46d0a9290fae71fe67ad563831c0dfc259d720ccedfb1fe96ef9a693862a6	d01482c526439834b7e8cffc1efd3d6d9d542928444b1844931ca8a6a62e675d	ddfa69a802fc16312421511bf76faaa1b38876dfba20413053f118b4f77e3f14	93d8a918063a03c87c7d7590cdfe5e2883c38cf9adf2adcd44c887ef4863b025	3003b10712516292d7e196b9180cf00bc090b403a5539315677fc29d35de2472	5dd924893534b4546f4713fd1a82207138c201b20aaefd782d055eac00d39fc1
852	db44f0c5709b1dbb96a2cacd5784f4d937a95b3ec3a3ee8f93229170861667a1	3b342d05435b4d9a1626c9226039362c08e57e607e517cf20905bbbcd632d622	b3f8efccd53e66270a70c19324e4c8028b6d5c3ef7f8f133abc0e2294bdb81a4	dd34e39f5f9d64b0f3f39daf235dc10cff20411386d1af11c7922534f70e9ab7	5bfe8a9db551011cd4eaf7582ce486bee25169e684a60d8c429254a23e93bb39	2cf725ef6cd5761a27894cd343eb262e9d793580e52b1ba240d172606ea50de2
853	e5782733b93357eacb8fb2759413127da494f0fe1934562b8954995a02f9aaf9	3d68c96bcaa2658f67d7685eef3fed5e4133bacf33176d47ba45ec0be2d9c78b	5399ae5502cd08032f13a974117856fba3fbbb38ae45de7d4f3b7d26ab6fc26e	3f2826aeadbf5a0f3b54367850df9f560801381165c256cb73d7e55ca016ad22	74dc3eaa59e09395e55c9f168f5529f95af6b8b1471d0c105525aa8443083ee4	1f6eadd4df2786d99b84c3ddafc89b96ca403fb6ccceee53d047df4022e96bfb
854	ed9b6cea39790f84afd77836d9cfca74747fe3a6ed2050da2de7575bf295e902	0af51b845d212cbd9f78a6eed36f10801ec231ea7d09388e1463e1873ff6852e	2c077d3b3a368ca91dc72f318e1545f3a1b99f3b0a24aa3f3df354db68d79568	37a7a292f41ea7c10c17ffbfe2afd9b766405c9ded7bb7195c05b5fd15922353	5d94903b43daf96b32dcab7165446df4d0ae9bb2546d50facab39a8827d5ed4b	a8692d2f980edf7699d8a0825d9b06b8b2e9a662ba8ed37c4049b8c982b6130e
855	cfa7ce952af65651204aa53ad94589248c0d0d14f59fe002552fbb8ca5fd023a	0ca9190370ee4abdb3f632996e2bc63073998f22ac9198ae458641f1c2f82c9e	9bd29e958f9e30168c7a4d52f966b8a9e1d6d181558487ace0ca555900dad35c	a0c41e2ef896dc2bbf7a1513b7a9f6a5de3cf51b801342bb4fc2e7f56206a27f	d8bbbc6a0cb5ce59a9acb0332b0e085ba509ceb6be44c81db287def26f53516b	d9fdc9137115b99ecb30c4b0f219f1cc6c74eafc17218d6baf33d3ea1833817c
856	fc6b13705399808f4ab4d80eab0d39bffa2f8067efdfe9254fe71f6c20c23796	32691c603b8b021fd0f5c4dc009d32470ff978ec5e2df53b48afe1159e28a397	ed8e9a6887a3cebfd71fec2e662e4a7989e4d62479a43b5e0a7ee3552b929fb8	5ba918f9e9cc4038ce3bd68bb797ce4e4aac33fcb1503c367945bdc88ce03e27	f6dbc110045a29b2c5936fafdf7f8e52167fa5e9a41c7e68943ec66c2a1ed90e	663b3f29e0c22aaf99070b40ec7d8132a2c72fecac71e58f414d5b87ecfd8cd8
857	3f04d63ab88952b07d3bb9e668f3fd8a8b6d0e96e72a64fc56590b5582b8d1ca	fd97b38dda696f9862aec414876f54ce68d82351857fa9ee38843f02b8eae44d	7835eb8a52eb9de1dd0de0361e556c42db584ed373b9ffda236da0b3ec074995	fdac3a0e77212170dba5145bc1c1f8c4e0fae9d8955da5b48c26ab903fe69012	86dda2f1244084078478c4d6b58002f4cb1ac0a9886e6bacb213cecffd613fcd	436107eb1add0111dba7ae93fe23d2f18a883847f7588c1bdc875046eed590af
858	d5c54847dd0c35fb1a981650c525e9550404b73b3fc28354faba70b25c7166c2	63faa229cc18593f2fae48e74ee47161377e505a724feb7a6ef4b8875a14e76c	d18e8cdff6cac79a94c5a463ec68a357c760f1c4b775eea085907c4b01384bf1	831f360c9987f0f84b76eeafd4744e39eb502924bd1384b0014947e069d82cd2	13ac814aa4b293bd6feb1d3fb974238a492b156e94213b9286f78dcb2daef500	65b26d896bc2595c9aa311f59bde3b0aa56f9caa116a087c627fc3b32eedb0e9
859	6cad04dafd5495c8a0ab90075d6227b4781358fb5fc237ac443503081223141b	a703b3f400247ce5604b38777d9c67b35bc1605895ac1b1a7a0a1d6817b7072b	9d5184dd019045b307067537bd27769623ef403c1800b068e246e24a2a226321	afcbb0761f7710c2938479f249d037404798d4b4029eb1de22c1e6094b975336	d9c18c44a5062aa372682199680fdbb8eba85888bdcd37996ccfe6fe656c8994	bb3e590b1533b6cd2ec891c23372165baf9ca2a065008aa3d598a4495cf219cd
860	3cd1e0ae8697043c2690d9e6a213ee54ed44967d532ee00b5a7e0759a1a9158c	a100718b5fa1e9bcfbed27ec97a3d1d3037377ac935c2116bcd6bc3a54c4dd9f	3b90236938258cd4849d784f76caf8a6301093544a5ba19da69ac68e80f615b7	16504af0ea25c002b630f5311148901ba66a066f31fc75280abf6736172de51a	00b7b5487755ed5d061acd70dbc1fd917b5fa2499a4d3e43307335ba6829eb36	baff73ebca671ae0b82eb4159c75a949adace6266ad95cff9ae2533001396d1f
861	787d5aa12f0238cc2eaecad6b283fbe83bfefff831fed2e548d21b86dcbefaee	49f3b401d3979439bdb855b364155aa07949f1efd05cc7abe4970289a20726a6	45870c1645e3317fe7ee7db3f3b2164c98eb56b28702a6a2e0c7b9a7f0c867db	3e1a3b9b0a90f5a96fdf03f23700dd2e9c018569b6a4ed6edc6d52b5c3256338	5fb367b249c68db7a14f9e70878c53b3c3ca686c88c61330b68ed08ebbaf7210	87254656f07c933898fa55353d04787fa0168ffa89c69056dfca21fa387adbd7
862	2191529d7be9e07d63376e094975bd5820e7aecd711a2fe75e95acfd773e5fb9	1ce661f88bb12a4f0f9924b2882937d268880ba98add09f95f47c88ecfc1ae17	8495f1bb83b5835aa6e9aab4a89752752157cd26a1a1458900fe48c78d64117d	17bab480680c4c95a772bf263d236293361dcdcf7744ac8d4fc9d552d9327c58	c3f2448a4e7bd8eddaadd88882bd5e5cbedcf2c3c44ab32acf832d1eb0c2fcfb	19eea157109bc56a73b41c8aa1b5769995f8db1209241488fb9301926172cc1f
863	1666d49ac35e7d24c6f456aeb19d9396893bcd01a13cf44580cb178a343a8759	2ce306bff50176f0dfabf361eedab17450e0c5f99139f54c19b49d129851bb7c	7439ff68b5ee00364f65c039cdc6673744703810ebaed153cccb6ebce827e5f0	4886becadebb4facae6a971d94067ef51d67f480fe71b858445b4690b4b61228	0fba6343592c151815a8abb7f545d0986e135685faccebe7ca00d44cd2aea0ef	b6c290a5dee3aca6501d16bbe473e23e1bf1b6c1092c0cf3d879a07d9ab42438
864	3a647926e35f75173cbf62b09ddd8a569a3b1e451c482260864cbf92e2c7e55d	fc15cc5ec246f58fc807c52a552508e1df603b23d61e22b339b6f96fd26edcf1	2a46fb65c7418d452eb5345ad16d228248cf06f723cb5e1b6defd8f3d56157d7	e2d1cdc9b7d02e5b85a6f4f7066ffa74b659e25af465441b76174d6787a39266	aa1a5eb8a6ef13fe6d7c7f566cab28d808a10c4633ed4ddfcb8cde0c7a874054	a2a4510ef817bddbe198d8acf2833fca2fc23c2a8259fd5938b3d2cf608fce09
865	bde48b5526c8d68231093b5bd1f48aafce8b39eb464cc27d1fffd79a835eb701	bafa1a6c1072ab286e6517deb450dfcddc3481cbd77953e90a62b49accbb34e6	d1cd109874e4808ef75c9eb5ff44aa552c7df265b6ac92d4575ea785d6051aad	6d1b53f1741b35b6bbf878a0bfe54a5c83ed9be9a26c9021a9f7d9bb7218613c	7231de97b1f4fc3be340cb779a6a9821ad59230f68f8d62384d59c7bd452144f	c0e74cd3942a156a9b3876bc0dfca72acd1bd0295b1d489a675a150a864e22ab
866	f40757c137df17908e44be77bdf37b6202c5c4285a38a53d6b06d6d86d60dfb0	b46f2f95d2322aadf3bd9ca9736107285885097bfee0b34189c2d58c248e5ab8	fd1ce3d4f65b6e2da769f9dffa795cd3e3da58b45474245b2982735a442ac443	49d64f6895935a2910292b168b4299bcf725ee6492da6ac5e949e1c4876b6273	cb98696df709b6d80c84f8cbead6fc9bdf27a29c18808fac74ab92da0cd8cff4	3a576104a3e5e8da54368f2e9c3a84918ac4692ad23241396596d27cdc3438ad
867	f6b2709661092ae422d7f6bbb5811e2eb05830fefd5ef1101b808a17c51270aa	79ce39e479451e15812816996bb6126a2b76a7e58f9685d11487946e10fc8a39	10974affe84fc53954d10230408e9c9063ec0c829d385f03a1b88aefff690061	bbeabecb310371773aa9e32e84f43b0986fa939a3dfc1a0e131891a72dc6dad9	c458c90f4ae2e13766af37aeff36945171c2de8ea141f4cc7aaf3f14d2eab9fa	d2adfab4e3417d36ee900bab25d13ec9f394f59ed1733a4cea276d4ded9932fd
868	ca0c60f9a3a3f3b97d215067b7415530cfbacd12000b7c39b8b73b471d30c867	49726c33a8eabfc69be4a9333c291faff6052f123b3507bcf27dd1dcd8153702	d60f88a5884212a6a91c82156529205a8fe4e01e25bcf7a98977e7ca8250af7d	d78dfa376691766604f863d687370a7c46af233cf3ba09537d056bbdcb48a0ed	85a719bc2e4ff916877f98463337fbf6420683d640a68ffc6d00bc2520742946	36c89a13424fe9d3834bc4ef0f04d187b99b6366e7cc7421b5e9cfc040122ca4
869	f84a684ee0d8d76259c88e0c4c509e5a9dfca1a09da50fe8ba411e4d1159ebf5	cc2611815e98be108180cea69aceb8040c55f8bd669760e0154360137317e2c7	aa9dc915763178e88677ddc7b2e1f459b9ad83c2520bf72bd6fb4c64d310ced8	a32d94ea87f3fc7ea08b8251791376b6a8a45ee46a66ee2fbb3e8493b21c88d6	8346ec8324b9bbcb97fcbe6fb2c52ac73e3fac71e87b66da7802ebf999e8f35b	88780b2b2829539ca8d500d74c520e614c18cb1324048bd238143aafc51cbe8f
870	4058d8ddd0a97fa89de9c61bba102bd116e09ce4b262346195079e27937382e7	7671fd3f38cb09772211801ffb665354e76fc6e8f355671efbf609e41868131e	a507d150d0fdd87b47f5834c7a4fd14e704ce6ce6731d38949cb0dcbdb0dbd9e	f3b4beda130fe3b412d65d1169d30926ab6b6c6a10dbe7fb62eda45efcf2b457	45492c79a17200b30c75aa929199e3e59020842267da1ac195379bc291f1386f	5bf3730e5fb9d081a1cc4ee034a0cb2b55956edd05b79d11e2efe0b665c394ce
871	be44afc7b52eca8e7c69ae24af8e703a5929cd9493699a6b67f866d65e9555b0	074dc6ef543f48cfe1b8046c18c1bacb1329c14c37a9252f8383c34f4cd52781	387097319f38b16412c705f86da84ff8197026a4aa1982bb231715182b8e4d33	e490f06c6e51a67c6b29bb840f79809022b89f067ff4bcbdf60841b617547145	f1494cd8848d7663721290a22dffcd298b4b0405ebc1e3a3a372218a586cdad0	1a90bc7c2699aac85d5ea70876c9e7bdf5e3b9ad1a18140d402a72ca7d317dd7
872	4fe03f0f8c5712963f692ba945a4bc7f64916ca5ed19036bd4e8ad30ca608c2e	59295389e90dcc53691dc63f299e0d97269482c98203ae8d07378e17306fcafd	2e08efda5f54ec0931b7efbd28307d09fd54e1d1bcf6d14cc58dc9b57541d0ce	e8f4cafce9e515f5889ee9733a48a10bc4de4f546e3e390e7713c1e499276bb1	82884d4233f0a348174ed4f4c0aaff6d76b7d8c38d4bbd34b51df540feb6d252	261b37844d839c03526995c7f6547df7a2be2691a9ea91fa9046d0272c0ad931
873	72c605b9919fefe4c64d3532389261fde8d9e18eef83a366dfbd5b745c460b25	5fce9ddce3323443b0b37caf6bf616ddd484f8276327af5b508e73bf72ba2be2	7bd7247a1fd710fdceb7b96d791c355c3321f23b5280cec67295c97a065811bc	ffb7046e051d443a02f2eff4047dab021e9d8307e05d95435765d89d402359c2	fe2891236690560a832908840540a5e6822a877b5178039a14cecb85392f6140	f3aa6cbd08055d10498b38d3b641ce86f52a6d521cb00e0f142ee2ccaa031fae
874	7eeabeafee4aa1a499ace1ddb7496014a733f197daec5e6b9c84e20a04c0bef8	0eba8863055b34450ef2ea1150fd238459e46c8d08d157a977fd63864433c937	e926a42116f2c2ccf05b3036b512663aec53090f734fc9207c2d9dcffe584ca0	91a3c3fde9ccdeee565986afb558678ee9bcc5c529c80507be996ad153c537d1	41a16b199b9cdab67017915528dc77d1804db1b9a1156309b4c52928e00f8be5	614d885820e6fd741709489dfd516fb0c31bb887c3bb7cd3eaebe3521bbd0a21
875	74a4906ac85cd1fbcda81a567abad6a8c5662c0da59370ac49e0e2eedcda6e0a	f22968055dcebb680a4629f869df9fddac32e3e3281ee1c45145ce06b3cc3c2b	fec62e27031de942eeddd7e3c4d0d3a01c173224d7503b5c7628648e3c01229e	fb971d750baffef604d8c3e7f37d3e0c7690c315c7a4760e5634c52a05d8af71	1696255f1e8c1cab961c6bba48c4987c9c5114f4b8b1b3c256b19df48725d482	f6c6905edbabd851e74a8d1119b22f5a2fda05e3d98ed2f6cb836cf1eb9b1b86
876	9ba1acab6c1c0fd461286b3909732c927368e4d0807af34145b9a2631abdc373	48cde879ab6bb748ea98bb466328c86d42e6cb3b1f938ebb704592c222200de8	f9841c3d73ca2a0cb80d07a438d3e26fae23db5e32695e62b8bdce798426a746	62978ac1a7912ee8f8595a26fc59238e9a11b1d81fc8079ce460da819bbe3fb2	b69bfd6916e7e810dc495447c2593e16b86ffe588f81bf6d9020801b1a169354	fba1aa247b85811c47b251102a95f3bc41407995b8a89c7b0b69e59444ca3a3b
877	e17238400be9671974c5a254d2e8477303f3993b17269d0eb6005f5be96eaa56	73fff19f23fa07c180c5b02cea39d9f7ffb9b274d92065139b3cb1a211a8aee5	8083f25702af5a4995ce94d31b362cd1985fcad349d094e443553225effd06fd	a1e8bc92bba3c690c41c37bbfda1b493bf8e95d1e5a66bf8ba67095642cdf453	a3c40e5e684d887329a5acce11750d78045f87a195c6263ab8dbc3091a7475d7	b5384da4e6413076287cd44e3dbb1e01fc87dd1beaa851a7e28a96253cc2fb65
878	09baf557d78425f62758d14644153733cae5281eea501d62d5dbd9278956b063	221846dce4069d1800ca166c016d246b963e41d78446db6dcb3d0af891d6c964	8e0ffcd766afc6ee17a39086eafab41f2d16d9bd9ddf11496e72f9257ed296b2	5a783b392ea26ab89989ccf2a1b9b6899d2c01331cb6e22cbbeb89e32e2cc29e	41177b2bbfacaa684c7436ae95481ccca79bae3b61a7e300970e42040764ee12	8c4ddbc8950db24b33c1cf103b25866496d38bd2b11cf0b57ed62cc82ca97f52
879	7bd2f205443909ca5319b6601eb90ab49b32d19d88a49b633933f22c0d830726	78dfd8a86b688948c181d11005634dc970c00b0c5afe14f07263b3e26287f3ab	35259bc7478af27c1a9c07736ed9390d377935102fdf48d5cfd2b3e52e2960c9	4a406618bd10fbfdd008260891b202846bd0aad4756158db2f66fe9f41e3ed75	b8ea752b537f0e756468e3afef54aba30d0e64d239961a81fb00c91cd39c4fab	2691b409dee35e1584974403e5d2a716f0ed2539dee935a51039f70ad673f9b3
880	a22e0a625b00c8f39ba55fa5394f3c05aab6bf2b625d3ef1667a6aa4640d3a75	b5bdbeaac62e01c0c779bb152930bd32b468cd45dc24a58ae3926c073cc76995	8cf38c05ff4adb86035a227659c786f9960bf22a80a38eca86c238459555d9fe	6f611169dc70151314785c1ce113d0480a29f09afc2b9ef5eb83faaff235daf6	20f6d5ede54ba60815a5190371a05f1d2d6f35719c971463bf103da357ccca68	3525c241b23163a181813f2fc88a62001b876b5f9a7a5eb60e725e6478ec5996
881	eea137c922705daba0ad7efef8dd16cc4d15b6b6f72382599cdc0cfa5138682d	e44a0c638efdafd30f2fb12046c426538d583e53cb9ffcda417ce7fb1478df3f	d0ac8a74d7a41755d519aa61188e65ebd3597605d571e13ad408a6f8af0ff41a	4d91d6e6a7956e7f65e7b3ff26d485c1f222ebbea3745880a65163780e3b6cc7	1657dac73303d2c8aa31c46fe05e4e5ae183fa9c9e2634ae94d8ebe12cce18df	275f18a9b5ade6ab192cc797b02344e54e0e59049e34d81151b16828aa91f9cb
882	746e2ed4f686cd4aa4fe88fce95fb49227b76ff1129146c47f728c4ca44f216d	0978a79801039b4d9800c5cc9936fbcb9955ddc0e1f6203d8a77002873ecdcfb	1326f62b72df5751de96de8982cafba01581953efe5f583b8365de00278c8c6d	9ad5f890b23c37aa6675dbd741cf0ebea0e1692812cd88f300d655095cb1c5ef	6a8c2293a2221e9f471dd2734be52e7795c3716d3ad88c0b9223c3f93a69791a	98389b0474976e516d06b40008620ded2135cfd3bb6cbcf2f40e3753419d729a
883	dc54f558ecdfa196db8d26df0079233ba5fde8e79c53140fb841372b29198602	4cf7016274b7c41f1276eb224b1065d331b59a9be58a44f284dcb5e8b82add3b	681ea85ecf35b26b6ce1250fc1767084982926858cc947b39ad8effb6b08155a	dab74d43b4268764fb42deefb6f219247b62a65c201341e7ffad9e1c5cb1663c	bf73cd185777ccba9f54b2f60f76f62e8cd0c8787b7790d2949c6b8db34c74f5	abdc936884cdcc0ab4cd547fbf680400a18a7bb97e4af2d1b2f93c69757a9e68
884	1e9daebf3fa3d3bad5afc3f447608295fcc3c215e81d2f4127384d373f07d57b	db43d62c3133d608d707134a3c65519452a6caeedbbb1f197a4f880c71270215	82983fdcc66b89c099cad419fedd3bd86861b4531c29421c5d70712df4c42b63	ccda5939b59e3ba485db1c3c373663c7cef8397d46104d68d3aa4678c0e6fafb	87ec47bb558088e2731a5cba51b5fa6a8812d8ec2dc930aad06822bbe208133a	b0cee407b0700130fe0fae4500896f5d058660bfe0bffdfbfd4d26e52351091c
885	0bba9a38312e6792c6daa484dd7c94cd7604b62a628f199a2d702216d7df5d62	dfca8e73d7292cc80589c28fbc42eec7b9284972158f052eb7cccdd0fa5122e7	762ed0c5ffbd308b2a3c9647be3fa6362beb07f9a8c83b5033973b4a43cd00d8	f8fc8b2160e31ba243ccc0b648da77608738755b76fa3f77b49701cab6f1dda1	49d4a16f47d48b342b0c622527a344a0806bd868c314702cccb3b3281ddb9e62	bcdee6c2cb38b127d239dc8b90181ec8f0b3e7185fd3147f280228c181ea8f72
886	e86ae978699824c09ff02262ac36981686e18d4124d434c4ae7e942a54b59a7b	dcb1f758b0c1864ffd34df760c4bc9613197cc873a4772c6b6dc7b7f736763bf	ec6aa509c709998d3e9857adbfd61b2531d926f2b2775e5752c861a8646df360	118acd3d89996132b3b1f762ae339c6c43508c6c4bc250a2e4108731348d7ea4	561df101fafafd14d6eea88bb089faa37cbfe917d03f33016b2cf30df7f6bb7b	404ac505e1778f9cf6af4973591135933f9e277de1ee71dec0147aeb41e3f0c6
887	aaa81b7414efd4e200dc625867ee41e0316782d82f82d073382c0d96497e99f1	f101647eb155eb9642d2ebe3173bbc808a1c1b32c6e66905b80b92e78cc5f5b9	e84e061d3fd7831c9b1f828e1be2f33fb0c8a0906596e04a70c37a378b82ccd2	7a62379cfbdf5625623185815b236283d5e620e82f9a67f4308979b084cf1882	29e21ee66422a1a6dece96658c16f977032e9a1c8741b1eef4348d48a8b9c040	19fda03f4ff315854f802624780c17f78e5ef8a71c3f0af136a14ad5cb108590
888	53d17ff119fe81e8fdc74bc1b9aef6106887965784a2a42d0ca5e8a6a6c8b7ef	1555c611fef6d84c5471c1408d95b38f517315b2bbd3610d79d2c7165a1e1c81	4befcddf476bc4b535b5f614e9da907754698c0d0787e0682e2b7c4efad2efa9	04d51503f53411f61714af07a75552e115294c2976cdb001d8b55ac5c6b6625c	acd0a47be921b0729ecba74af6b0cf1c9d129866d0718aed128aee689bb4c034	c5124dbb169d1a7d569b39a34c4321a65f3201cb844b1c08deafd5af6456d2ea
889	7a0cbd14e7db79c98291e0fb461f9542b62df8d2ce3e37fba371b47572df5a1e	9d64d1c99f1d121ab4e3f85924139a5dc437e504d0c80d2ec3958291ad0ff8b2	bf01d034f430e6d33346a53a9049c2a84f526a56885cba5a073c0d912c37c14a	09d2f12ee1855ef9e5398cc660f6f249f1b343f47deaf10a173dedbe6e9d4914	42a3c04a3fba8cd7854e44c63e4bea8a49d3d2a4ce48d1662b378afd45bf57c0	cce87924dadef9c83669daf36f85a77a293804455838a63d79042561aa353edf
890	8fb5a94c30495123485466d37b1c47c9c49387f6017487b35def82715b8a06ef	db281b97a07414005a2025360bc5feeb6773f0c2bf2596be798407f258c85d28	98abddc279673ac3d8c6221e66fe9fa8b18f3d81bddc84c8bfbe3754941adb06	6270a845e2691fbd6f4bbbe116d8f753f6f84eff2100252d29a70d2e53c51f4b	5dfe57dedb5a5becf0a557b942ed7a1e3d3a664488e8aca78773c71be0588945	e063a11a4d3e14f44278bf9a0bf4b4c088e76f4d840a5f1dc12da7f47fb5b252
891	b4e1aeb3732b01cbbecb257de3e29fe8ca09a30c1c1ba92e7b29e193f27ea997	7edceb5c51d9dfa8881a61eba4ec76d7599f274b0c5188e76a4972bf7e214928	235581ff138b4f98a0d6cb9e4aeae44ead9b185a4e235d38c7d38690a8075eee	053557d728fb1b7f68fd25185b9083dea8475c181a3e9e69d4a5df9353ac8aaf	44ca166dc76e9bc9f2d721a707d06de838ad8553d529ae48fba050b5985a172e	0f04074ad3670edc74ac683339414614a27bec4d4c052f729cb5005f09f9a625
892	8aa1dfc44b37de6f4dfa49b57d212e190b361d8e81735914306735ef754d9cb8	3615932b12693db7c205390ad74ab3a54409269b43c6c1b03846a0ffc27199a3	8f0d5d8ac89cd6ceb5b49e0b06ce1c7a5168db91234ad5babc09094928167d8f	5bb26e0723ce556cdc6429c97e2045bf85410a152f36a61eac92b1daad2ac402	fdeec18ba3b411b0dd51a894ad39d3c4c4f4255c1f5649f105248e6c420e5a1d	924f49945502931ce967db37af628d46405469ef9e27d6480dd4f0af747b4ccf
893	3a1b13a73141c324488d041c5f1b054085d37d2c5db79a4bedae308857e028a4	8caebfeb414bd53240d196d192ed30c45c338ddc4ab60da6edd25155e49c1fde	b82e52e655ff1b6d153c6dd8e60536ecdfd962d64444fefc6a3dfd5df96f9339	24b8e1b9e35a776d711d9b9bcb8d4df96e371dc194c77f013a935647b935594f	203a4f58289615d2a6d96925d95440936faf12f9c489451c2936ba60739c7bd4	d8e8e1c1eed6870f018f7978bd6d1b60d074cc54fc1ecc96cd270974bb6e9387
894	5ae9b593496849627372237645c6f1e7bb622228e23273669f367b163fd346f9	5191571369fab79e0cee44a504e7b4e9acae8625855345133275151b78a4b433	b1e1676d734dde63174f48cfedd8b85e3e70f7b41df6407063c7494dd0b324dd	7f951c0f27f9ea7f5c81526f21df307726d1ce70524ee2075ef7a32a1625861c	b5a0ab659c2a62dc3190123427d9c44839824ce7496ce78c4cfc5e8f81860be5	37f44c32247539f0b3f5f3a04c4a90744cb532cd28a7e424ec591019e18e11e4
895	5169fbca988eea47926875fd9402802932ee22994505d9804d05c18a15a927f2	5fc79847e324110cafb8bbf0fb1fe370e085bdafa0ab2204b5a8ba4e0c576180	b2760472530dc2a9a9fc542a2dc1cc48d4a39882c7aec4935c82776245943f17	fbbf9b6b29cb54c148eb6125c8ce28e6cf73c1f135bc6e156dc8d0d596e9e120	02b0c9e1e0f85f6bdc87773bd6f79412654dcefc247038ba6b9aaa7b65bddcaa	fe3fc7bcf043974c2b7ccfc346b272c7f5e5c68416e3950e06ffb2c9293afc31
896	6c255d6ae7c0c045ab97771d706d06b484976f89f7dfd2d7a2c49f1894847b1f	b7b02f0b2f190af9438052d0147ceb9419a39591a911a0652328783a138f1077	34baa11efad07018260f5b94d3c3e5859244156b9fe92c1481cddeb76de79202	4c9280635f3c6c2a6d7e9f92d8a5e37c541e6c45851c5e6405e9ae845f02f2d5	bb1d8a9504b6c57a1e609b24b728a99f60123e56e1e0c4439e0a162ecfbf7857	3ee374c808edb56f2f8e3319397827650b35c1a18986153b219a4752437a32a4
897	05392d8b32cdb8f1a6e278ec1ef5a3838ec4318c84deb0b0fcf53d9892671c46	4f2cc7dda2d09ef8cc395dc502cf8d45068c9615ef2bdf8342c20a8ed27fda46	b0e5aebce16138cb8fa44752f6b767cadb1127ebb34eba3d34912d3ed12ab1db	18127b6d22b4bd93bd7a2b679ecbc025cc09099474f81d8425883da7380e763c	d4e49cea96fe5add1d0616ff095372e2730a4c6029b22ad90bfee82966245e85	eabd19a77229e887c7d09e880676250b21a0a8932ec470abceac97365e9a173d
898	e7128eac843640fe1ed66e4387ea7722b1f4abef983743410f66009525ccf1d7	0172588a0e81f3ea140ac43cdccac799bba2f63fa9dbff5741b60cc61102defc	4b30f9186959f492c7d5183cb46a20adc25083d15f27ba6b6def8dd9acbdcdce	e47be54ba1e504b70d1b74635f2c11b51c444df0925c5afd277d9c070f023a36	23be9b72a1cfc43a514ff5e13a12df181e945b2a1b523e89a258e464e05112f5	2ceb98953d901901aefe22115e1fe9cb4f52d881972769de1d206e10efef8b5d
899	0d4783dc5a13f8ba6eb2880271a9fd049f0c6c8c5017a08dfd6b4e4459e2e01b	707389f880528f70eb1f31f156f811aa2848b703acc2166105eb51dfc867aca8	cfc5315ebac1b330ea91966508948fa6d9808326aa3e08f27734f32213ccbc89	7a44665ff505e839ab739c0dd1072e2c29a5ccde37e586ff9bc33f9663c989a7	a6eb15c3b6878b2e0c4ef1ce3edfb837350757c30051f1156cf3571d35b53eb3	c8e957cbc5433f951ab01c6ee21791b1083c520470792760e030b005cf2f10e6
900	573fff545680d6bda78c336a8574d471a3ed0ce07483c78cc8dc1384e5291ace	475fcdeb5b6396c40971399dd8e3539c0b952090a84f52c3c8ee41c0f133ae47	bcd191bb10bf352a380adb9253abdfde69eee7bd65d5b41e8a42dd77e602d53d	34050fbc0718f90a28b0280eb2f8d23749b86b88b40ed50177693407a7e58907	ff0b4101834a4af9488ddac7acf92261c9f8edac9df0f68680240de14e73d658	71bd493d63087e1064d230a208b2195e30d5610b77886e76b693d3b3bd0b5f66
901	53880382c9f50d5b12a9b09b8b152b523ba1c86350e96a0e83988070ff4dd7ab	c2e74e820c0f2ab3b30d4a5374f8037b86a9986c56273943e02351182d119ee3	ce72b853660d6628e744d6543cb604e6c11a5e6e2e69f97a850f78c7a00adfc9	ae661dee840839de5ca3fef60495632c5b9c49ff820515c58aacc31916603f8f	0c270a22d349fe70bd239721ea25767fcfaca2d07243b7b47ed453bc7bacec0d	fd8deaf3143cd406eeda27e009e48f6f2e90e98b2a9427ed9f5b7ce43bc77ed2
902	13856f649b5395e379ca4cdd8feb326562715604cda19a7586efcb63b489aedf	5fd7ab2dd3fb2b0776fbef8a5d48c01b46e74052057f0f7e7d7dab38f1a90fa9	7fde629269346e652e9edf21da4a1b80c130f7ddbfe380d956833a7beaaae52a	2c1cbe67ab38446bc611c86b3aaef2be5270a7fe540501f290f6ecbd1715e104	050b594975a9895ea35abe2fe1357dac8138eb1e0d8b4484c2b05372753d2557	1ff927635b75c80c9889c6d47c4b0ae44be3668c7effc0b4194e9c5e7b05aa37
903	d843ad0a3de97b348cecc638cc6c41a6a641b494346a999b6e70342b5482e736	5afbf380de660da3aea53b4ee2c40989e7c80fd60fe2408efc68676fbf74055f	ba25c35d33838c23a9c54d1129a97f43de5f4269b1c0bf191f1505b645a9920b	a1b0198c391c7b31887218bf65540109cbe7ec0898dcd6addb73470bedb14f8d	5a434a5d842643b054eb1f68d8527bf1a54d8ceca91f5ef7da5648e4a9292f5e	1107383a3152eaeb3e95bb1a0fef2977cc671d7b3d105d61670c0729e84a892c
904	6926e58b85c9488dbe0ebc6363a5b31ac685a102e500810789a7f0b9133552fe	91a2e718db3327ca5da522a21ff748246fb1c232aaafd4cccdde39e02898ec6e	7d434c47a1393026f7f1bda0a5da069d9fe68895fb6fc91d5ff4e9978ece6432	de4be93d1b8b1219c4e5d253ad5721f78e51fa21f81ba89e15e3e65a6f88bc99	355a28c4c4539fa60a3ce80a4baa3704e0aed45f49041972dab391f0999dc8c4	0288fb2da15a832e752246acaeb42cb24969926ff5f86c05e792416954ca2331
905	6f20094d87d8466d8dcbb87d770123b75cbdf9c5565f617bd716ad1add167c27	d380168c68daa01b6c60e09adf3ca592363359d4ee30558fbccea60b1c030616	00d308a697d5d92aafeae7f124aad8928dd08a6b41c7be440fc2664e5432c0f1	5b1f2a375a0f6094d065a5892b8b6acd50715c12a53ff26b880d58adbd967f6f	11345ece0d37f3a1546e4c28a3857096d3c4b5388238a41a5fa4338aa174a0c8	51b7a86da7a579b9b50819d61de2f68010993ae824c006f4efd2b1f71a1f67c4
906	fc2061528162ecdee6dbbd9ee22b7b30ef2e27430b6dcd52a8d626e5034fa6de	3de7e29ce4cee8dec84ee9a576185cc2c9d09fdc961497f790f968e34dcea2c2	57853d0fe951ddfcd58c573370696c6a27b41ed5a2dc40b56223aefa2229ff2c	72a93028af53f57a0cfe18b4d27aafc0fa3d2021367c8b6de544d905c63321cf	ee18d241e2c871f62060d9452153e9882d733185b2b741df258fb9cd5fcf0c21	c7e53eca03e6cda9ad07b019629bb895491865d7297475c9b1fbddb902dbf16b
907	38c5eb89765666efe661dba845bbb98d6f99a4e2597a3acb29f9104b37362009	7ed9712dce30a2e24bcfabcf86ccf8e0d5f019b5ea67071f4c0370c36a64a2c9	00e3a8c1ef32a3a18b2dcd25b224f0017bec018e5357d7401e81d41176bc0e14	673871b2b8d6454a6af46e3c147b99b91e5cd8f0d3be474dace831bfd4b21c9b	9b46b66ef8893ae8e3ef210a5146253c986ee79cdd377ad083b0dd9c5dae434a	522cc97840b404d003b52fc5e65931634025361403940d6f4ff7726473c305c1
908	ee686c3d6469028b894e92c9bfc64c4e07af2e78d37cf6d6c87c05541594e845	57381d2e5428e3bc5fe3e47fa45c98456e2089974314c02de1af7c17bf5f8f20	9329ba5bcc3ee035931c816920ed2bf9082ad93ad32a23a360c0d044f90f8858	b2d7c7e5f3b2ee6aa1d667fb0913670e0842c1fe2f1d9d80226ad992b77c5c33	a1bd0ad6b56c80e490513c5a55f10f3d2f422af569f8fdf7851ed67cda518fdc	87ed970ff70789399ba7cd388ef4f22880df998bbfb4570b632c404fb9dd6f27
909	1a263c60d88486a417959813e94d6e5fbb5f1c2217a2fdf11afedea6784a1720	a947212e4b6f2dd5e406cbb196c6e5b94a3994d8b894f078cc4b0bb39b8a0411	372c03921686e7b36bd1603b242089b1f9e827bb660b8091c216e934d45b8e36	d21c4d302b3425c0030afc84623a12f80986961a70296edfca60fd359498e082	1bfeca136adc75d4ebfd3c62e203b0d5b2f9deae9c019300e065e3f08ee854f8	fc20e67a6d6adfdc3f8fe6464687bf19c1433fae6c5f44290b1d4c085ff3a51c
910	3a6a09b5f4862098300cecf10e5dd2333a67844e1c7e25e4ad068ab1036ec1a7	d298b09d213aacf63a84449d9cb7fe038da84012e2a139706b5ae486568af74b	6bf34b4149c01d138a35d0c43e78616cb106a998563e7a53f6fc110a0305043e	47caf53dba7facf51c336bce9648b17d648f1bc933e4ddb6abe2908fe42ec392	565b0e4e2e2c4313545a7f231772dfbb03f51bf2962920c5d6e546f604b548d9	406f20ae1b9f37c053f9753ce2ef795405575ee81a0f6700693ec86f0ee59e3e
911	1114900e5cde95b4e4936ede42e958cb661e3d03462ade9941229d20221c33d5	64981e88cb92e5598cfa8fcf92a381dd873a12183a70fa5a1dccdd2c0af6ac19	462a207e2b4cfb826fd44f7c2f718e04ee21120435d7637812eb5169f873ab27	119a9f5942d834afd13fccaac34de22814d4e317cb16ad99a8cd9d34e93c5d32	d01978ed2aa2a868dd94a0cdc563c6ac79c9ae1c6786f760058f949fc468fb98	2631a099e230292a06cd61a7ac7262fe17c243d56c1e526276839191acf20b5b
912	cfee9bd449df11c267c1bfed70bf5f86b32b29ad10def5688b2ae15cf8ddac78	c14f94042fb8b9f6874ccad77ac74270243e2f2c5bac6838d6dd0ff6534252ea	90633a53a1b42e71961df19778735eeac89195afd3e8982dca976d1f9bfbe192	bc4627e91adfe430c10d4aec8dd47ea12f2bbe62f4fee98af4b7a65aeff610aa	a70af0b5ca411e9d15cabec22f362ed68f844e9bc6066e15e4ef692efb33bf0c	ba332d4f5cea482930240f4e80ff8ebeb0a7b953ebb488502ecf4e8b87ed4db1
913	eb1603791fd04bad59ff0dccd8f256e06432c27b277a8e1f7ee3edf64ea5d85d	fd58b60549968197d95e45a36697d6caf906066345acbf7fec844eb397d6421c	0dc767e50eb8e199b0e0c83aac09af920cba5cd5f7fcd7fe46ef77ea2a31c001	da0cf9c0e94f6fdddc8849ccc488232b00bf9659043a593f2ea4d52b846a31fc	797a2ab8997e08f59cb0506ce5465304ffd5d53e2d260395b7b430e31ebc7933	3f64761d2fc9bb4815998c569ea635efa007c3004b70b483aeada2b1b94109bd
914	0b27ec2a9d8b57b9904d281520b558c2356f62e93e4acf7e839dbf7297434da9	60e9dbbedf37629840ca43d8dbb266d5c7bc295c1952be689d7b9c35c7ef899d	32b2c6d3ae99f45fa718965b242434896737a12979af9dab56560143851be0e2	a80b6736be0312196b1f1a31656adbe46189b7665f34d0026436fbe4ab00289b	bfea302a10de0695c608e54865abce5942f5b15648b6714727dae3ba276a1e73	91416b11d66f85f3b77bd56adb2f8322f75484d5cb31dedd30dfd1957a6bfaac
915	f61371434d0e4ca17003b628a1350eb4f82821d9d860efa5a5ddcdf38fae472a	8ca476e1a91335b9b17f018645f7135623d1e337f1a242fa46f85e9d77809ae0	dfd4d6587da387244f0fc8e4c432266ed8498b4f19b52fc73c007c34babff6c8	7e41e0b70ef9eaa3682d96da05235434cb5d8da94951bc149ddaf15d057a725f	3ec8a055f6d9d081f224e03f707eb285817355f5a109b3ca27cf6d314f76ff8d	ccb4fc49bb716f3a3c46ee0aeea81607d711913234de4a8308044af492ee220c
916	c9f4fd0df135facd5f4ce5ae657e1c94b6ba1e08531a350742aa536f21d3b013	12c2d44c9a195a06d7f1d0908f1ac205f4983350d5323a89025e5672fdeec899	230e8c958ef196fd1a8f097c8b1b2dbcc0edbc30569ee3aa42b4e79384cc0aea	c8d930ff10e21d26b74ceb369312e9efde7255dc1b4cca6d74c875f6826a531e	22a4c670b985dc4b3c2ec77defce65c40c11e1fd5530c1c82c7fd5617b00a524	0c72804760272deefa24a9c3efbd7b3921c133d89fbde73932fca8d9c1ea88e9
917	352de303d070f887ef4b7adefbeaad0c2aac8dae52952e3ca271a654ed78b846	03d967bf6793a2e2b17fde29336a5b46bdf598e3599b48618b77a404486fc5bc	fd82c9c509045b66b62aafdc0664834f4596faecdecc11f346f150fe5d00bcbb	e48693599261ebb78b4a6e3abbc18bb395b77e74cf15733d3ccc7ea68e834445	8ff8f4170c559abc4f7862cda3c2282ee6429bf6041f0bc7ad168f10b5626568	e4ad542a895c363c88f4f62fa2b69298633c51ed842497d7c655a3847f018645
918	a67db0d372b022fafe3ca713daffcb4aad74e48ca1cc422492a5780b7f883b4b	18b081477dcfc0d55278e3abcbebacfaef6d899db6f6361f1cb37b90dbfcea66	2204ecdf7410c1e97575c7b33901e05985d50cf0ed85ed1ec4b7da1589919f54	87535d4442a25f02b85351708fc71094e250806bd27683936c4ac7543febc54c	e8957efc05aa182fcfffeaafc3995b3994ef3089d58dc949f54c94009306acca	a27e2ae6c470fb18f6aec02c9d381452c86aa0bc50e6e25e127d71fbfa5433e4
919	b3131d7d733b0ab01bb0bdd8466ace43fa1979bde7d542a2074879676da00bc2	3af689e6166adc199985927dd16c2b41299b5bcb1193734971566676cdb25f90	d4af2fbb81a2392fa1ebd23008de8243369a83d9bcee117d000019db6756d172	818c28522a78f451b465d8db2e0d69bd5d643d0c446c70646a775425e766e177	308279b34fa322860ace227fd63c543c462aa24c43ec6e0cf07d7fb9636b4840	475c599c2163e7242671a2d944668d8d55fb03a2f665af77724e9da0e2f0d1d6
920	df10e3e49f6ddaa0c4837f589579129e2bfa04d438b7f962ea3c0a100fe5877e	4c74cbf9b8c1bf19e557c7a09a4db115728bbd0b8e9f59ccce58a6ce7b4f106a	f0b05d3aa38c828876dc14c0e4363b5d9652fe92db238134a64daa12e27bcc9e	91c6a16b0baad488b20f7c0c3deec2cd6eeeb29b05c30bedb41c0cf869afc2b3	58cf6e6e05cff335cd85e4b37afc15b7ecb52242c5dae624bcff61a379cd3f05	f85370389419c815626f9b9590132ff5c4fc842655c9c210446052b17cb79776
921	c67626bef8f1c78a9bca8bd62fa9e6d3e3aa9d918e3621ae72b6b9099ad97ef4	bf0036ecb20bc56e56a32c45afe7ab9198f7ca87589bfba62d36a99b7e361411	72da5d691724c9eb874870d7934b53a985bff9333cc09a66d8416d0711673d3c	e035fd79113a13bd7083704d14ee7b0bdd090a7f954a39c7441cba2dde52fc83	6f30654783e0592caa6194ceeb08557aa94aa14aabde4d228d628a6e0b3a08d5	e5ab926c24b407be80c6fe89bc8835b13155e88b60df4d8243845fa2d11eb5da
922	4b921fc156daaa615d4e204f57282afba1865032c5808574f8146b47de1acd41	68142f30d08d1e0e47954143cd3c3f5679bdb641157aa142fb89c14c11fe5cfc	45771bc3653a28f382118fc1dc95431b90dba86c179db629fe8f148e855b840f	59722ea2166048a929ae862ae0a0832630766d4ac29bca97377389ad545f0029	f16c18d5b789cba07afbf8a12d722e14ed51797e6a85bd25092199fc62e29e87	81e45ec22669d6053367fb465e795f2c3fc8ec7f7267ce0bc6f8b17b2d453734
923	0e94be0a405a85506b50ac4a953d198a2666e61505f0704b3cd970c63f77534e	510c6041e8281c53e67c69ac12929e445cc848e92c8b1f13971886beb6d327e3	332f45d045f5e67722fbd245607b95ade5cafb03b0c0d8aa555db452c57be2da	4eb8d833d60a238433fcb3cb5f3287d7424b7de7d572ca9cccabee7b925c2b60	a850e30d3086017e5e38e9cc9780736af86f3fd2db7d9e4676d55d97b6ce4954	a5e223a4b49714569be78c562a52d0953162d0fcbdfca68e3bab728ab35db451
924	c4bec36fa3c979dd276586ebe792d5ce46de799f118f17a5d8be6a1e6dd657d0	c08437a5eeda9b32f19a4d4395ccf79948d3bd6ea939f5653eb97a2abb551df2	69522b0db4e0b97fd6546825ab37d6213300e160eb7d34723ee40659f8bc2df3	8537bf99665f452f6f6cf4f20ea3ae7eb3d186d0f76ff42690025966d45d4b54	b9253a2a800c43de120a5a791964aeea060d6d9c9a426eed5316e49ea1cff34f	2337740396f73fcef94ef5c899fe10c4990bee5ed0bde2c8093eea031ebfda08
925	7bf3fbd8d24734f8d1a99acf8688ef6f901bee2f9d113dee25e4b78d13d1a80e	1f23b1b226a5ad2089075beff06324d35f66d22dacbd3170d75cfcaa00e7b453	db53a52af893f3841e7e7e9cbbc903a1f5175f3de29ed8fa02db76533dfde09d	da64a40170efdef0082d7f9b246fa34702509b16f4095435a19ab5141306350f	eebf296b3e00eaad50b36a490642686c9bf90137592753c547510ee53b161789	301d7516e92539c5fb3c2c1335aa8bc284338fb1ddb15b15b6ea23bd08b2dcd8
926	697191e35b06be8422b5f1c01582dc1eafd72ee192b326457d4beefb9ba75216	a7a80c270f3206b90383a987da9eda2aaa424392ee42aa3ff48a09edc081f386	dab997ff07c1880698857f619f8b2b67b13d792c379be2f9da3908d6a6095e56	f97d6837703536ba57dfbfa45683dfe39c1ec5595831aa0f18ade1900a6a2b3d	b292e31d21bfd1fcaea622887e3265653e7d725397094f4fadc7f7de826e7acf	bce213dc72014678b3027eff6a0cef7ff2229888e5bbb59991902fde1657d908
927	61244cb77851ce6efcf59315d0d2e1feb1763ef1423f9c2d103756c9238ac7a8	4dd804d29da48be3506115bf4c5e61ad3fc3641cfc3db395b2118985b04861eb	6bea22300b17d5ab273962bb25c975f684e290d40e2a27d4dc1a635bf4018896	9ad19b3dc10a5cb2b963c2e716b1628b11138df995bafa0ab51e8f12b741f076	0e8f9ad5320d8a2b9528eea8a6b7101c2f7f5f67d11cf50e97ba802633872af5	d560e577589ff8b975b3fbe15940f7f82e2e9080f233351d81b92ad0d0cee9d1
928	7f630696fe8adce0ce5e41a4c823ddfa50f82763f89378950228f8d0f274fb9a	da2355f13ed0e11ac20ad2f5f531136de4d671caf481ea891444f8cf2189e058	23ba3d3cd7579a850af2efa1691f07648b12f9414db628ce8062d06a19bebc1b	e2944e32606d2921126e2ea5f0aae83ed0a1d743c384b791d5052f45e12cd1bc	a8910146cab2a78245a4d9055ce2caa02ef529a7948c4200678c7cce1449dfe6	1635221695dcfa45776026bbfb0ee6d4cedd1c6b8fddb8d3488adca6c8a5ca0a
929	c0bdc33cdbb949f9f65fab7856e4b4a5eba736a829f565a9e0ee349b8ad47176	0f6b752225abfaed7283be3ea08e9a7d64250e8d797bc7079e2f261a687372d4	600301d711fa59b7c8207b2b12a6969369bb666755e9a4eb73cdca2769126da6	376d6512b43bfd40e42cb13866aa758af4cac0b8bd0f3b8d78817398f3fc7bca	d65056ad5e5dc49435711a96cf9a0fee6584f67ce3a39c6c27f18e1ef7f59a20	69098fb2f0818a19951db76233a9a591747929cd15d1e58027769d565d496967
930	be0f29be6c291ed0115e8ff6974c4976c373d17855d7b634bf8c12b331a62d34	8f065e8af0c46c2edde794dfd42b83a6e33c76a2fc8970ebc8ddeadd01381ad1	15da356f6da56b5111d9bbd87e60ffe67c6382c21c32a66f45108ea611d596f1	b53aefc9159c965f9b541a0be0fbaa860a3e1ab3487ae1c8a5c974b8c35febbb	44ae73bf2365554577f4498c59607cc75c12b0b3630f0c13b6952c5f78d7684a	512237b3b76374be67aa1ea91e9d4801e294d17fde9f98b267903c0cb46d673d
931	a31500a12ac448632af98b56b2ea58dd49fe411d7c200af54325da9ccb0c0c2d	8943ea1e2f0b02354fe733cbfceb1f05c525f333e3187fe2326c0a4c8ee44531	9e1583da4092a8756424a4a9ac6ec4239f0cdd251cecf21c1b3ca3ca5ae69807	4ac84116f6e92149970b951cb58c018da9705f8b8bc3fd77a494a5a1616f6b62	66a20eaa832367e8612cf722f22f2119c42eedc3b46705c8f865f45ab4377e83	ed662ccff750c9a3dfa4817d71f1549ddf95f8e7fd19caa3eb66096a916f84c8
932	56ae2544bc91b54f0d2100d8a5750ca0928559e0fb8715444ed6f65dec5b213d	022678cacf33fbae31c2aebfbbc50ec681d459d9958fd4ef6afc94c01f83b0d0	8593aeb6679ff455ecd7aa6da40eac3c793a70be2fa5add8be3fb02607aca874	75013e5385d6043735cef8cdef815e3c895a397f1a94162b39ebb9a4b7ac24ca	8ef3785b3e2fdc441a70e9ecb41b1faa26913f5933713aa4f2aaa7e31221b88a	9b210499048009115f1dad356803bbc6ef41d1f745259e9ab00dfdf06066851e
933	bdcec798eb21823b93ca7565563f651294cecc8803ee954a5a7091a252c0c23a	467f7ee69b3e05ce2ef55536ed6be9c8f682b843f849c800af3aaceece915494	f02e736fb9039c08b283ba74eb62831df851165532f86bf7a82d6c08bd5458cb	406b7b44301df9d0221259cf731ec40d9bf41fce2c3137b3d9f85eb71808b9ba	080b17baae12b2a62700bc01c5de41888e32f2f476d5f72209681c0674792ebd	f852650eb57d49683f47d28f62b18dd1e6187843f2d0bfee83bf229a01c183d2
934	0157ed913d9b7d01d5ecb1fb19ad5196b2a877fb65cbd2ead36fe9cab4718a80	1fc1034d324bce8e1b097b90591db39daf8f250417825592d8240a649aa09a13	fb37aad35c68e67fce6f4e77705efb31ae03d0b092af5f2ec368de1751e05095	cd12d92491e8a1ff39b3dc27e7518449149912d9fd4bfaa798f56f3877b263fa	e143060b67592164979955a1bf8f4766bad99b5cd501b936b6b03e2305430fa6	f50ed3f0aae9499646f5cb749769110410c795b7d08f30191a1c2536bcc0dac6
935	05101bf36c938407a00cd1a64ae511c9f1b8ce5245449e855f2d68b2cdde1526	04a10e41a16b908691d8d9faefac05abf2e74a1c9a20bea21cf1819a9b225cc1	9c3fe68abaec382de7e5484f795c630be6b8d47f670f433a995e0f0d873ac7e7	ee9ba9bc858a46b8d1c183a9b30f0438852da1640a7571b6c93a7e83ade80b91	2b2fb4de378905a66bc3a5453a7514b9f597e58d4c47ff3f511540bec10261e1	2698fdb5bfcea6d956270fd1bac5073b4eaaa0dbeaa319624a4c992417e7aaf1
936	a5f34eba073f1efb436b272ee60be27854b2a4ad0ec2c7455677ae83aae64ea4	82279a3db59848162f72ae5db377b11d5b04e47c8adcaac715b4ff0a7f764415	d9af5bfbbcd83219382ea27df9bb158d60585adfcdbbc86266f4c1e36c55745c	1544b35ea087192bb961118adcc11253169fae861bc4ea098cf52839db59f8cd	8045d7e05db6086642162aad6c832036296227d876918e8222a36215015ab55c	af0833350baf6404e47255cc0914c79290e1b9d6b5112dd10854c6054dc0e7e0
937	757ffcdf07c788a61ac2ee09c55992b6517adb84e5be033a978b704fe543fe21	a68f7dd607d36dc4487091f8c47790e5c8717006ca75d6d1d325d75e68f3529e	6004feacb3bb0c7292e1a81d2f2d20e0f5cab1ceeaff0ef20f46487331e7723d	7e14dc5b313cf9d5a7a76abd08f3c1e824a030976d080ac61512b9632d14cdd3	6b27acd664388a0a67960b9e9802cc291e92b195d1b129daac0003fb8e9a15c8	69cdbaf24550bebf7acf1cdebd0be00ddadace0ecefee5f9bf384b32d8d2cea2
938	b80044ae56f7ca7badbd17281435be03ea415e08b0251d6a7cff5ccad311a72f	c836ec01d3b4ccca33832df8188aaeca03fd13d293e1e421ea34d23f3713d249	b4c62e7ca4f95405ceb87ba7483dfacabf992d3c3cf07a66edf2d314bf3f9003	24ea16d260d04615a2fce5eaa9a8feb0497fe091965c8b7fe741c757a4fee21a	46849ddbe6e522341e0a9f772f37c19b78e8b66f00c34012859b8923a990362e	40831ab70dc8d5fc9450c2d5f3949a758ede1a343ad7f45bcef83015cb15bd2c
939	9dda3668a0a4e2ef0c05179129f30c62105eba991465d9789fd8bc2a2b8deeca	24cb14611d810b9a3548c18335afa21a872a8a224b6d5072fc2aaef252ab8a95	558078c52b96fdd92292cf600be035e10bb27880f8ce05b9376756ad7af45f4a	62ffead3c154462d4843cc2305a66ff6f9213ba29f4563fa0cddcf6ede34c7ee	920d10b7bcb21e3b6564071b4743d5089b2a416f80d3a4fea2132e60096b7d75	bb5e78e7a49dd8b3c8011bd2fef2e586db7beac6832570854be9a64414cfb4ea
940	2bfcab8fc96162f970561009cd5b6f92d6480d53b68956d76255627a8e7dadd6	0a0dafd1e1c6d9f06fe83417ecfcde77064e5c2290a41d41fae2ce5fcadcf76b	ab56a8b03b1a3ab9b5527735ffe5f52a1404640a935206ad89cd10009d3553e9	ccf54910821497d36759e517f63a4c5eb481f13bbfd4cead7c072faf631a93a5	be64d5d231046a593e93ee0ee6d7b747e76e1d138d5ac488e0ee299c7e98dbd2	acc4c0381ac916705e9bf878e2171e5dbb26b5a66f64eb3b1dd9c5428dccccff
941	107b4c8c269d4531217b550287a37f9b77a46bb5cdd8b9a08216eb156e7dd285	39942fab49d912ee627cf3c534da870899ef0bdeaf987b228f10291d12d6fbe2	1b5059352f0a31a5c950f86a1fc09912b14e3ec6c33d17a2065c0c37584f2bb5	6df6423aff0abf4fd463b1b5cf6301b16a7fa59714248ea53bc3506f5c937669	4ebcbef135551adcf362c0fa6782908503b8ef9b0b540bc853c9f131597dc633	3cb22b9c914e647aa5b07e90dfbeb9372eaca35b848801a8292317e57c8759b0
942	9bc802d55eba8ab9162d45a684d42c760cf6c925e265fbb51edfe5502983c090	0750fd6842eaa80d1065a1a2916e9bc7f2f915e01e60746504efc1b5c4ca6cb7	adce13a2998714d9353f2a774a834715525f3fac794347004a254aea280bf347	39c962720c84984396253748b1b0608bb5e2a4ae8355686973be87ec3c67a8c0	2367cdad8da5eaefcf92ba5009b2432e7eb7646890bbdda91845a89bb59fbe98	6f8b598a19366bb38d1b6744e92e77ebca6acd228c69c2c519dc7441972fdefb
943	0f5a79b65cf721b66c601a4c06827418fa7cb942315bcd2170c45425295e8c20	2ca39f31ba3d1aa8a3187dd3d04fcd013363b929bb6e8ecaaebc006924e998a7	a855be5d20f8c64a6428dd280384d1a8097c6318bceca2fae121e20c1149b107	6ceb0403138a887b91cd62c81d68d5be3fd3637bb58ccd3e49c941019743ff8f	09947359d1b58c4404407f436216e8e4f18a9d4420c305ad67246c304da5a656	f5f181f3846ddfa181e81e246a8d83091a627739bfbc6ffd5f18da1f74fdf9d5
944	9efe6e7d44b8d8f5be8d50081b0afb93f77b1778333411cdf619ee78d4edc7b7	23420bc0346a9319c1d8ad58a5944590326007959f43625da5abae9954a9b6b4	75b084ac5408fc451d20645034f9c13ef28f9162660cbb35d159dad5c116faf5	6ccab64f5064d3de620fe92ef043dfdc1001d6a9315afd7e0a9aebe90f40369f	ebd95b17b627c5857b895f49b016ac24ada2e5272ec243e13086deb2fa9a2a6a	83bbda2af0a9e8652a4be0e41a89b616d2758de6761d95a791c970481deb1ef6
945	eacbcbb4436ecdcaed35a044f261570c6d28ae805f99eba2baf9d47fd99bda63	a3645610099783e41eff939708685d8e0726c2410bf88b9caa8c633618dd833a	f45044af3404957ba4b3047607fa2503b8b357968b0a1df6b559203db89cc7b3	658e919bee800115a0c42937a6416285de44ef22bba31ce99dc2fd9e4f198f7d	875938c53d2d0c1b9650161045dfeb61cba7a32b40d41193ac648321917dab5c	a9a0eec82c3eb53b6f41138c9759d96a851c4702df770675cdc5d6e1255f1fcd
946	165dade0d0214655332011bb18fa95f7dd00d3bd47466f9d79bc41f056c4b2b0	5bb960e43d943cedd16f2b57a42f1a6a0784f345253dc9fcf559ddbb166cb451	83ff08ea034aef0d925a5a36cf46e78c62516efa530ccb1e7d0d6b9fa64fcf9f	5df4d82023f20120a979121c07186b15cc87fe627cc24829d187b9d43f45ff80	c82e61b1a22be2619364acfd906c427ceb1c9f262782aabfd2ded9447d47c90c	6037eb03ea9311529ffdc326b242e577b54cb779490929eb3230c0f155ac6975
947	930622af6c6e2ef120dc7598123f70dbd3b3ea8e6ee2aa8e38d0b171b78d852f	3759c3956ff47f9e730134283ab6d8231ddc9faaaebb0c2fc648a46741ad5aaf	0e76384303696951c1bf748c4ee5dcb3b5377f11a953f9829a9095b8ba559576	9c617ef380e81d932a6c296d33aa076e961003e5191ba3399d4e088102f5c5aa	42fe3029c38051c746525551c9a6929406a1b464d1d2733ed647f07d2c017279	9c8d7665786fa030d629aeb628ff432716826aa35408d0d6863c4f7fcdd9c0d8
948	0f96802f20cd2ac4c47794a8c68b117d6ce3c6f3d00b6c6faa71b35b69852d76	5409973a35b4ecc84ec77407ca180cd9f38e1ab7dad277a6029c3b2395969d58	d4c956385f1b4f8ee1c9fcb2de22b31346fd8a24ef0bbe221ce4c0be0b22367c	90bd5502ed8733ead9279805cfb10b452f72c3a522d92dd929f687aae9bf8e70	0b12a362f3af8703587f380e4fd3954cee827da6fc0cc18a0ee9c23622ee15e3	b60610fca6e324fa66024c26138164222ff504296539ecd2223b275d0ba837df
949	f9aa84cec2cfaff4f5008c94f363561d9767afe9075e1d441fb324dc4988d90e	1e7488dbab3b8cd2d16cbbff37365812666063ba42208c49b48d0d073a68bee1	e5e00d7481dfb0806c41e5a373b42587dfa5aca6308ef5452da3d0cc678b469c	baee3e305714b5d36c181bd1225209a7496905f092175d2a54371f4c7a96add4	8188a9c7a27192c541a30af046d745653d98a78be3d213a6070e5c1dae4e7e4c	e0f13aa85b683cffe70ded7b99ceff82507aa4c67fedc8188820921e35385d6b
950	205cc002924d7237b9d74ba9aec769e6d093945bcd1ffca2fde4b2df7f069173	a6934a0186320a4cfad8489ff130a743b51a0cb9b72ef20a39b42dd2ba7b82f8	826cd7678fbbbdfdde53ea66816e1e0c7882b811d6203d1da0fb62b8251666d5	3874cb4d5d4460e003523cb965b7640e38890f31e186c1eb6eb7430d0770ec40	4089b2e035858a112d5c1bfcce492ab23d2d09771ee7b35d319dc62b20a27003	0462cc02174455fe52cc933542b4647030276f55f6a58b13d40f7cbe93138d29
951	d4d71f840673ff5479bcf67dbcf060eb7b6c9ce6c9aa8a1013a960a80ddbb809	b3e3e4c7f08d17edb497d9ae1861bcaafe30eb2e88a3764720faa3b06181549c	9007fe080192cdbe8394ffcc791e63d2dfda6b427455fac3b611d25943293134	b821d8beb80c4a54d370ec9ad749693b907b3817d2797fadaffc16e039c2c1cc	3f0d5c2f04322fb41dcdde737a8b5d50e14bd089fe585a86b93a842f9bf00d36	8281820039956d3b1d8d7cd3362b698779f72d072c8dd804bda95ea6a03ff4eb
952	508aca9f24384034508af7273b4d4a81b8ac4f2c91e30f244a5aded00d04d533	b19104f5a345a086e7bad914ae7e852ecd4ac3b39a863e96283dcfec293f688c	44154dbe5573ac54de78aa017c954ce2d7aee73e228107907caf97345b47fa53	6f3485002d02173a8c2c7b28c16378e8c5b218184a0f4c94d85e96528ebe5c17	3b49e79972c94886fef5c10402654128acb1cc1ea217767b888eb1bc8a6ea0bc	84673bb635be3508bc912b3c74f57f828a5db64d85642866f9097c03f880a5ec
953	039b7aeee8fd4111165f0806196221e40b57b3864fabafa23721e92ac5569290	0e7bfaef40d9666580a807155676f25a632480ce1aafbd8fc0b5397b2fcc2707	6794b327f56bcc7d2951e74b735729192de7c93e539b9c7ce1081fb2b28d103f	488027a427eaa2b5da3a5fa9bd624656e9859aef3172bd80f80f5ae554b69f26	6df53aacc3888e7e7e0996ed9e18478f01494d8508789ff2e1bbf14caaf286f5	a8e5835944d7996ac06de7a7f9b4f59b95d6b6a8a13229d472e962e7a4f3122b
954	c5c1da61e2f67663955483c320060196c99b86f81df7f7763513dc0e0b1c46f2	f697b814a5ccf03b0a3c8bd89cd62cf51836e32fcd6c8cd737d6eec8244809ce	9e16906bb4f625a02c6bd96c50cff3d7267e8a3a99f44dca453073fab0c13dec	7c737c2c087b9350d5bde2259828e52d4ff7586690df9e13473b9555f5e0ee74	019e7cbb17a2e37e654c20606938ef55a49a2b1b0b0bf45665f40a0b141339fc	da5455b96698b9dabac94be6407aa5b6c2c1d69dcb1eb5789acacf78319b1ff4
955	5a23df3e5a603c94ebf83ed46ebd7083168eccf862b4232402e432800c49811b	5f1f4bdadc06b1c9f75a6193ce099adb31e5a136f33a0b4badd085c02c0729f5	26cdbb461177f7b1a86e9a715aa47f13909baebb0e6b4d60e756fa1255d59db6	f23cae49dd0da6a36d3ac6439555b0c64d44bb3cba9d925f619bd9cb83a4ff12	badb3d96f13ed7b75fb1d177796c1a1980841714e3eed188a2419ebf3ce5e5cf	327a0be1ca718d09e891b67d49c0022f968c1659f033d71abe1ae48af56fc6d2
956	0d635019669d3c761059f79d37929db6d3ecd3f3f8cbaf443131c536caf0949d	5a46ab9742041769705ad9d4724e048b60139f156f9033fff200ec3a5ed949d4	8d8d029c24b473346506d8107458542f5aac543feb4e7a996ead01250fa745a9	f4ba84115345e668a39839b628f2887a10147e1960f7f5c55b5dae5a585a58f8	e618b3becc11ecc2c48b8e25258862519b030c93110cf8228e1416045c2278ff	996456dccade4ed1516a652e55cdb8e6661cca4beb196f4283447256652becf3
957	d998ac94153f78461fd22aac1c31f63d7bb05ad7f6a4f70000c6356b37b70b49	d4235347420a402c93991bc91c743818353ce3a9d36f322d6d05a89330a47e3a	cf8faa476ce162cf5dfb7c37d6bf2801ce356a58b708faaa30825ed1925151fb	7ef9cbbf761d220c03b8b12ba6b02696b9f6ddd29e85d1967384db4b372d3859	854c2fae35e130193964447af17fa7b6ec1cfa80d6f0098e89fb65a3bbce16ea	4943361d06c570df572b3cf242c2da3d0222f21185d88cb37ac54491ee544727
958	c63e6ce91ed6a87a2e1dc98620f4c88652276cf55b460b061e46d1d4f33eeeb9	bbc5393ca92d35240cbe51b3b7269a59e6b9537abe4f702be155bea55df7c430	1c7d0b1f2d2474410d1a32b7088a38bce37957a70c276263985d74c42dbcf8dc	90b237732aac36d5a811779804799665e5fed8138d6b74cecca4f319f2a220f3	76de1572221133fd402fa77bec94727444466d8b7c4227fae0401bab8f01001f	1f168e93095a9bef3096b1f53862a9cf2b40ae811a972c92502a8a654195fc8b
959	4abca0276ee20e611f6ec74390b3dca074248eb5c09336065b1c56609b3b0df6	31780eeae1e93bb55a05c54460d04fc25f5063b0b1127e38bbc5d081881deb05	802f30ebce8c04ea983aaa6f729a5f8521675fd0e3e132a50f0826f90149c9f7	3e290efe00a18cc2e69b09dcdf083a32c9fb1f6b3d56b6a70cb2c978e6f6d7ad	817ed76461cb122c07515db66b9d87c34b876bbc855729320e542f1625588bc3	fb6289a6b627198a5442aae2a0a413ca6e66b2e6a396ffe172d4df1ca41766b0
960	748474bf7bba1e7a2cdb15091d6c07382d8a6601584b46cc2fc257f932b4c304	83e6020326e2b69dac37a74609d3cb7d11da4a13a6044d7aef1007d5bf682619	dca8b8b03791a58776da648f8433d8d9851c42223b9b897f716b9a5703e7618f	d02e1bd54dd932f339dbb69d3b3d384028adf8d6db2d541bad694294d50c0e11	107443237a346a9f955225211aca61b9ce9f540477e40d62687efe16b0441e49	0510a56c783ec81f56fedc4020a7e9fc2bf22324a7cf9c86a3c7753c5e84ee84
961	c23365f1d9329b2d841a0ce7a59ab11f04b4856941ca5a0a12766bba846e87ed	f7376b5d4e6a1d88abfbe95999fb7c88215579eefe586dce28a8968dcf253de2	fcbfb71fa6f41d61f4d12438cba854ce4768c6d3979f06a6474df98b6160774f	c362fd2f5be31d7ce8016bf05fcf65f65cabee03b585286af25f0931c2f45590	9d8ad9dacaf52452859aa0367e4881428bb25e599086192e71d8e4b560285cde	72f9a7822da2b55454054731cc95b05522f9a69176311c294081951585cd6e6a
962	9f7416399b3cb962fa3d418423f3ba8d7b9670aaef7cfc47f05939770183fd37	38453699952502368775e6b3ff39eb2f5f7db81ea954b7f3758c5f6c241f83a5	07633ff13d31cd257210cd233eb3883fc3e5adaed68c9ca7f50228ff294e8e46	42a183b8184224641c68fcdcd89fe023d4eb73aeecfd9dc4053e50f7e47a2e3f	13bd4c6a2255e81e445118f65f0b3cb3f3c6310d853e3f246183a069260cc04f	417db9e92b3f6bb677b97a8275fbb8ba2602e16427c3115927b5636443831f3c
963	52286cd2e58ed62adcc34ef1d33ff7491e2f5070e7106eeea23a42e9e1e6ff74	4699bd585a1e738697b881ffe308b013dea53559daea4617a94c8b3cdca4d7cc	d1d88276721a496bec796225da90adbee94f263928da295da4929f7803a559df	d4ec809e7ba914d4530a7ec8f029f3e1f002640e6a828fec0d442a9a20f7bbff	dc204529a73514e5649df88b3951a6d7b8c79f875bce325b1e37fee93e80520b	4fc6419ea6782fe875c928360ecf09d678b53e6386c4144d095348e2d0ba036b
964	7cd2ea7a24e6fa4d3c1fd5b80038166e6e71d30e634da2f1747ae52655c18f25	8cfafe571dc28ed07dec7088205647cceced7166742a865fa7c6e3c515e14bc1	01621f88ea332346b3f7a3cd607b6705e69b2eb425247617cf79dec59e083f0a	78672baba1a6461bed0839cce54894b5189e3e8ae964b17ba2f38a52227f5216	273304ed10abee133677ceadffe5325e7362ecad2c58579bae520c59d6eb8606	4f55a14e158360c6f1689b262c88f0a6ee6817dba6a7aaf999e2c3eb7c9a5b4a
965	685cc91a3a0375c49c93c5d8228b16b416b49c0577b467d30f26a2792b3a489e	88273903e241d4b4921a71a75e197af25fd790766488263f6735caf8a8f83dbe	75370fe8c00390ed01df24f2df8f44ae4258a5ce5444f90ad790ee5973dcb251	d2726c8e168515cd9246c247fa19ee7e70c13dfdd7abd0bfa3c25f01c4471a5e	60a0c1354d128cd217ecea1ec3bbeb4748499e16812391c6b8c13cf83db59fd4	7daec5750ef74fc45a4d061011b17b32a8f1e2a7181dd1c8f87f08f2c65c38ce
966	4990ff47e3c7e1f78a3a174f01559fd6366ae14e5a5cec0c912b7f597de600d3	71f7fec29fe2cb8bfb6051c7cd811a554f2b958e60719d37eac26fa256b97f4d	89640210f2d09e87f24ba5278f5b99f24dccd220d4dda053a2de129379085859	e34dbd369dfdb4eea3c39187a7de31ea1563f87d5312c84944b6acc163977b21	47ad64b052f419b0cbf3c24537e5fc46a2299dfaec4693b4f81921f134114bec	51fa030ac6609d76cb4d9780d8d8bc9343edc7d1269fdeb2e92c81d27cf84669
967	78c08bffcfa0a221f0a9b54bf7e8372b178f57f2c68bf8a17fb3760c27011b3a	6912a823bf1716bb2adc8f907cba5af401fa16e0647298a8f414487c55f64392	b2cf9f0031f715357521b4b38a088ae6a66d0b33d638eb1a6dc6ff07a38065c8	c81b68783164f667c2614a901c64c764a6cf22be46f38b9a83fefaa93f3df8e5	785236fd851b112fc8a970de26aae379bb185b93165689b1f689763cb2bdb017	598e86d36b8a0bdcaaec95ada001d5743959a29fc7204b27eff7608a69218f86
968	934a35d1b9dbfe3fc0aeb8e179cfd106e077d589e6c92b1851ebd3337d74ed01	99777f03587c59f3a005b7977039e9352333e4b48cd2821707dfa64e11538f2c	6aaa3d5620a8c93ac224c5ad6b9277039e7b533ef2e38d0551bf70323d6d493f	2572a33b6036a5130e80ba1a8fc48128dc7ba51a804d98eb34de0c67ce3d2944	4389039df64c8f637afe756647e2214ce339bf750aa077032af915154b75311c	7c29ced7cfa672e7d73821190425077c8ddca120fd4ba3e2d44a68b55fde0f1f
969	303818ecf0af25d5942f538dfaa1f5b9a76adcbfe56117b450e1650249b917f7	7fb378fc2f9f7b8166b7067b607540af82dc4142a62dab3f6bf7e227e6a7eb2b	5f75377ce89ba19d4893c0a1acdd65941fcd04c4d5e7e3e35ff257595dde8a39	2c45c450bcb2ac40c6696bbcff792257d0e3bae7ee40c4ba336cc55ceced8d9a	35bd9c14c2890fce83feab17c7b8bb975ba9ad4aa1003db59714d1c30f128792	b12af7e6ca8baee1db55b8836e082e044941faae3095deb7261462a901e9ce47
970	8bc8cd6a83debf10a5b052f82fef0ef12fbd7cc46cbb0e03a18ba346cface53e	75e99de9165e8233aae09952e309f700b3013fc69063fea5368ed1f4799db365	6e58264c604357379e76df1b1ed49f4eaeb5a7af939722eea6366c34bfd2718d	75b9b989928adfcba84e202e5c6a6820762c54a2e2b31553e74c365bccdbc84f	532c3cc79088adaf92122103a3b330b5aa3f54a866468fd6830034e30536dd06	6718c5ee7d5b64c2af8c51f6e55b158c7165abd303b1a91a9d570c0e8a57c4e4
971	4e4af4e8ea201dec4a1ab5004bd2a231a7ff0b72c3c8cdde02f6c08dfb6075db	373dc7931bf414cd782c6fe0ecdcbeca9772c6856a63016b7ffa67754141aece	014d534aa6455fb707b52d0263886d72ee355091c6be88eb59fd70af86bfdc23	18b7765ffea0cc64c8301c069e6b87162ca3861c5db59f910c52e63c19499863	2fc7fde3fc41c2acbfb93e50e480cbc9634b09fcb50eb25db7ee4548b1084879	6032dc753bf3e280a598c902f1999506bc19c3d7223b261e9221f1821ab06724
972	3c20cfb2659ad5d0faa972830d0290ea5b8d207821ffe964cad24dc43ecbdf79	7c6eb4b9c95a2edfbd26c3d28b504a4503fdf300025082b95f9e0891d5b5ac72	da4f40b2e5b4cc64bab27796de205fe33e22d8124d37bcfcd38f1290707fb271	369c4b6ea37df0db4f842f8e37e14e453613c01d07c7e857858e3613185a838d	10f84738082f7af2a98a155ca00cf42f220b9cc5e3b5911cacb6f57f4e340000	6f5aeefb30b7af4ace2b1fdd0edd3afadf91c3e4b078b4bce15c498114ed0e13
973	b7271ca7ebc75d40430b5823b6503056db751da186ec1727dd0894d2940a3a18	732015ba33cec7438554c5a3f5eaf6adf8edd7adf8a4792babbb57574f515b46	1b701efdd07e3f10c65be7f4e6fe2f245f3a5a69ca3486496bc96beb2dd757f2	a01f01a1861e4718106c79f54b68d64121c504f70c5d8ef1becd9e8df30f7dbd	a773a140396843f9d7827229a02736d881af1c23ff0091b2149ec5f25cf6de4e	2c3600070a0abb7e607f5c18ce9ac6d92f896bd2e4d65ef69eece8d59e2a66ff
974	d856c03f149c925ad4f1f5357da0d2bfa42f82abdeb3fc5eb2309e874d774a94	18400e8d622c3652b88af586012985c010a1539a80904c66a9e198a5d3b9a355	2710bdc06dd998e5ee412fe765dbe4518f3617e21845c61c05a2f538254ba795	9ab19eb6a67a5b71a9b431e65049bdaad0bb594c698364f61e386bec6b36fbff	79586d71fe2cae9d37e026fccd2d33475cada07cfd16fb28bf4cc0678d49fb03	e8124d05a6934db410502a9409f4afd8a9f2fa6cb63710fb6b612e31e0fb2fa7
975	5c15eff038f7d0c4d97c419fa6077024d46295ace3cbc82fb4f1ff4175c27bd0	35a3789b73810e56ce096b7ef75bcf16e2c8e31428ef4c0469277bad3b0ea5a6	4e3eb37b22d0368b8fe18175993741168962c892d16af0432c7add466957e33f	2b68e033b2928252ebd88ac2c412b6773f76655dec2cdb6547b1b1980284d9e8	0447b2ca6dab2703f0bf515267b7eebb9b333250e32119b294265ae87342bff6	a59f772e4be35cdea4459e5004b2cb777b533692187223c4b77cd97350e075eb
976	7e52248e1978393ecb54f81a54e1941b867498a11367eea7481142ccf3e36c5b	14da7b044d7bf8861574bc0bff554fbd228844d1f83f3343e468a6e1ea2b056b	ea795f3b329507a0b02afc0dfad8724ea0be678d32b161550e39ceae840f0757	92c3a07202c13fc3db3e00667a4c40bcce0c2c9d48c624667d567bfa0b3d43e4	efa005471ab77eb71f6b1270599e4a18e1a047a1f2f4e2f36beda72be4e01ca4	8a7c133f48e57fc701e578abc84d7a6c24ce9f4b1122b09cb1348f15dfc389e5
977	ebd39fd8235f8263470368cc59509eb8aaa177e810a9c2883d4372e1c5e3dfd8	2e9b4226d55085c09cafa9a3ca16178f83f47fb16aaf242fdb40ff776cbf465d	8da06ed490c974711821ce7b2fff4177d68191eeb5d68e850f5ee04e80011078	2b6ac54bf1d71b0d6b27fb6e120cdc8c34caaac91664762b5c156c4fd595c571	d8854f44172ccb7c3af08acc3dbe34194d46072862f462227ffbd7a0cbafbdd4	91e44ffcebfda664be349d9ffec853455f2ddd17d9107e9da3603157756f8b59
978	6cb7523c39aa659b068b1025e3137a5591c0462e819e092774597dc1fcc817b8	6031efda59158b3304e3274abd94da207b21d27cbb4d750111e19331a733858f	500825b69b931d96cfdb42b5a83af6d543d94c3564d7b4b7ac55f9ceb5d8018b	0163a59ce049e0ea6b3ddd7349e5b30fad3e00c6050dee2146fc50d65fd4a8da	2d8f063cf3d4282f5baad60581c31a1a90c8ecefa86c662f77234176ab9b1d00	832447e2423c5b444b58b5d5d91376e59dd1560950305dc26625822af6edce92
979	f1fb293eaca1310a62713aca507e9854469c999b82b42c2635ab8ac97b18a157	6baf61ff2539810f541781b623ebec7da02907abeb2207c55e98597bd6f069ae	cfdc9e617705e92d584296fb0174a7c47486e6183ca05836b4a1febac778d2b0	1e46e0713c9b6fcdcbe0d76719edbe494476cd1ae745b5b0ac8e7612b1d90d85	aed4f36c3023e2fc3b6685c37190b0cf1701a44e701f3ed80f1f311b7abe050e	42625e4e65ce5f9d3b972dd0a59e2c9f6d3e43e85727b50fddc28823596b7fa6
980	24528a95d790db31df473165d922d312e7115cdc8758a3bbe131f7c29ef1521e	96a852217fef20d4439b8b74a1e5691d5a0d76ec8d1121570ce0aae90acf68fa	40732d0aa7f2a7c6e8394382376867536320211ef36e9ff04240b1127e9d1f73	9bb9d52aec7d382ae60ac2bc0c35a362c479cebf807232433f2b408e25f3eb14	273e8f6b34ff3e8db6b1c864e2ab36d7ae9ac655cd97180849c4859f297dd9b5	cc50bc746da63f2f1a9ebc9a4bcb43ffe443cefd040dfaf869b5f7f46645085c
981	4b37d4b36236535ebe9c6acb37fed22aefcb2b66a79786ac928b52e7ebee02e1	7fd68862637626678a129310f3272533bcdc51ed9fba68731aa0340f0b2c816c	2c3bc28fa657a0c5415fe92b1eb117350ff227e2a784d6116a401a634d4684ea	f9de21c2e150388cdc2d63c55eaffd0c6b02783b375f0b2322a7b9ba8d3f1de0	079c8d6d42213fbdc956633012b7815b16a4e2e51948394a5179a0f97f798670	5f95be5afbc2c4c76fc4e8869d9e600c7ebf6f5c00442a66ab39d95215aaad75
982	ce50348ceb934be57d03344b9a31ebe34015572c7f702a639a289ce92d2d8375	a67028a6934b3f377638e928468b80d82e0f329571e8ff20bbc92eb5ba3df43f	e29682e2671b43247080147ee122969f146bfb4a3f65155a4f77bc03196a5e8a	13038696377d08ca4e5edfde3f467c5816bce451569d40d4970615ec5d2f918c	1511ecbabd5f94c6ca4becf04e69d46e39081587972c66683e66f33ae5fe11f5	dcd847be87d4705ef5947fb9f08f4b2f455ad0bb095e30ea14c235ca5fafd728
983	83d822158b674119cb69613fc577306464f0ca6f2cdbbc233b620bc187b0b00f	97cabbc3a44641d2834f2b93590571e511eb7aa49049b04fb222afc688dd0626	7ea87b3a660043f3fd3e1314fe489002510597faaf8c496f6dbc24cf48990173	56b44d267a05a926db1d36c0b12f80c04128eeee44ee4bc8471c53f8c9871c14	136153610d53fad84327099e665c8adaece6b68ff7b1d9208f7ab117e78347a3	26cc36855569108f33a6c6a4622a96ca1071ed1334c8dfa269e4517d4e527454
984	26af746ddf4e00dabb583dcd64c20cba3089b3c27bfaf2640d9a53ea11873b23	da8062da107e8734f523f52001f24e47dce50258ddb5c60a5c61fa737de62e24	bbf3d4c2aaf0053806317c50adcd5e9ec58e53efdf5679af3e9e16e1381cc96c	0c764358f117a3fdb175c233d376ba76f9f0785b109a31864cf195016a94db41	5ac26c0420ce7849c1fce5a59445cadad4a150807784fc7d0db9859959659df9	8c09aa1477b7af7f4540eca4720e94925dbc9fe38b2f9b0a75fe69474401df09
985	4d18b85af84c72e88c0f33f5351327a6ec71956b001e9905fa5c0c5c8b09a560	7e4653ec28b8f419761c71690c562522cac45ca77837525beef3a9cd9f764f61	ae3952c52d771e70e12447d28035b928c4c085974c06a030204e504a639b9375	6011770d78ad624693dcbd6ab5dede7920a13e3c28aaffaa013db46d0834dcb5	224ead2b3868890d628496c4fea1b9136d8dacf1522e70750f667a55c6e3027d	174d6d0aa2a911bb91b7ad8f4ead4f9265170e744ef91bc9ab51357f6a380e19
986	033cf1754207e0fce76a885074fc6bda4db1e2348bbb077d3a92ca5276c57c4e	f05b8d9d36ba2dfe975e21fe98c80efb1887348dd6e3b7f2666db80ee0a9999c	9a8b7ad826cb9cdf511733c7823bb2f3e9c9e75925dbe677e060bc4f0a9f399c	9d6c57a561579748a5c93b95ffc7bc8f993751cbb00497e68bdcc07a0e922743	115ad9be0794f53cae07525885f5633270e191d97eca1bf543ba9d8ea998e99d	ff777eb6de1dad4d8103628837bdd4691bebe56d07f9ad77f44e6f2d393c9467
987	1267bafa28b6daadce3aaf8153194b44a5344dca3a87dfa42980188717a533a1	d5ce3265e0d7f811ad380ac8f55d8a39fba17b3dbbae0b0faa6bd61b129fdab9	50535b589205f393440205e4b7f4b6835e82372db076724473223f2e031ad95c	a17af414a23a4d6cb7ced946c1c19176f0334261c2c8d11eec5c7107ebb642e0	933d6411ceb8c65272f01507f19e5b751d48a57f350872b63f8babe04e6e87a5	c5aa76003b3367975e69877af39f196d58a2b2c7606b47e09fdb617eac76fb9a
988	aedf8efe244503e10f902172c550578e77223542275f83d1ab33fa56aa7a7113	d82b723acfc8cf4a673d88170884a85ea1b61cd6ca30996bc032dadaec04da40	68fc3cdfaa75f96fa2e0de4182fd14412db5e89305b962482ded9b68ab18d73a	c82a3d16878860211d147e56623b1f95db56c419d35194de5b0c5b5bc658a848	369c14c216b944fa8198e44d459fcd68c5c6b613fff8cdee903cf1873c1fdf59	338f24be5e121c65f9e32180877710c23bb0da3d3130243eb9c9e96e89cf7eff
989	e6b8b32ff4dab9ddf363240a38f902cb082616bdf7474e9633635c2f2d451d80	4b95c60f097363a7d31cf6ab7fb7745dc0d9c31611ee6643e12a7361d96fff66	b79a3b9c81654a56efece6543e78aae45daf64cfd63992482ceb1d613da170da	e441d865bd733f5f9af987544cbfe1bd36006608a92390349a6245d974c629da	6ca749d0b42d1b095a9533ff49ad78fe70087fb7827bd11a8ca85ebbabe6d676	0deb721da66b9b4297264d2e42f72f9d0b9c1a0e23151a20065c0c34fe3375dc
990	3f32b299b64217b5dc4d8779cfb734d32f560f15b95279b6811cb09c92f5d6c0	3de1dfebb15a91aabf487c90a544650f7fd2b90f532e330d79e3b6f34323b812	82b8d03e3254baadb5e1f2f51b0b3e74174e5db2e96ed4baca4cf301acbe2b6d	574934d3a738824d32dab5ba3a6e46a376c1ba535d3dcd7bff1689ba27dcca1f	fb0de1b02f92c0c072f7a0addd25bafa2d6772e1f497fa7731cc9fbee7a0268b	ffe0171d8b903b302244b260e86ddb417a937864c124a7e0608505a1ffec6c17
991	b4f57f6bbe72cf3d8f6b0c4eefed20434f31dc19f6940a7ac75190a90e54d59a	4b4d76171a8b09fbf1f7680a771fa9f4f643f02e7995395d22e4605cb12c14b6	95eef34e91c9761fdceb58a3b5dfb1df9a91b395aa6c63897e590efb381a4639	54e5bf53408daf1adcd328ff5f4d4359a0adc17a48641cf93fe19ecc611b904b	d0e007e0d7b4e29034f52e9b997d43dc1760dea6aa3a62a712f83c07edbd0dd0	51bd4551d7f699a601957b6f637a0f7aac4551294d4a3a5f1c91e3af584b0758
992	b910f67b59c32db7418fd99f046eed6fa29678f126f1be6ab2d52304c371a7a9	bc0318e98f3d3fd380cfef48a133c31ae2851a954dd55af49c86b14001aa7bb6	9a9fc8308556ded2de401bdd68d0507170c8d0b6e6a7be0e0e9d3d5398ef8d78	9d28e4049e75cc1894bad6dbae70e6b7f483dc10174761182ce997be97d3508e	4547ce92fa9173910df014503dac0cf64629d7ea89a80e560674551fe57b65c9	efe079d7bf890ae6123d0631ee001fa1d50eb6db7f14aa30d173606d3eb20660
993	2688790bc605270b33610838b95062d42037c8996144c81c512b9fc2560f00e3	4fb4395be6279e594b494fbc59c770d08b31344c4da6dc66df9544e266023f75	74a8b9d85726a11881e9fb90e80773cbded65e618b567b421a06a1e6ae3f73b4	dc2b66d5b74e247ac9bdfe7193f72bce71c28db7b3d18a3c6ed5baf9a84f63f4	d69d545845a3a82a9427db2d0d02d073501b3f36da60406abfaf2d506b6474d4	9af7263da1b07cbb637bbe426fcc6d5b4058a41186297639efa6b64aadf2f9c8
994	f15c0fc704b38e6042489abad81cbd296e8ed00f451720629d986be14cad09d1	e65fe24b16d7c6d95af3d900253ff279c0f3d634695628f744e2f68770aa3a78	e668b454ec45a0a6715ae94cb8776a74522b7be697c57755ebbc64fd1bf24c26	7901dd55b6f00844299e069159240873f74ead3aa9a50cf8b6a9852002e04f24	3c2eeb72484aced3ecbf8594bcefc67a97b547833fb378966be9c6618bc34512	a4da0253dcb4167d59633d7a5782a1af8b92f80d421e4867d843342703251e90
995	71507d776be10f48a1e2c50cd0e32b2b47dd035b8ad4d31514bdc4d8afd4e6fe	9ee305cdf40be58eaa0c47b2c4461a61d74ea5bcf54494eae85097adbe797c2c	bea30e98e0c30e46c34347f355c119acbaa7c163391849149954da4fcbfb8886	0f28b8bd1a3cc82d59d7cf2b95b2b9d33313e9023648abb97d5a371f5c4a5267	220ba2bfae6f6d5cf4d9b70a24177390f702199f3301f1436dc0d0a7e1e5d4a0	dc3b5361c25f6c62a94b457a9c9211b1bc70356653fdcc3496d8a62834e2d592
996	3bd56a3f9fb1432b2ddec49aaa14ac9fcc814e79002e582900ba991d2c4b9c75	57ab03a4e81b3a4812ef72774e7b18da6613a30c519f032add205b3f380fadf3	cb6b3fac33a3ebe5e7c2fa5764b61279249242c4c12bc22189cc088225734625	ca0f694254316254162b5fc1bd98c85c6b5d22e54a84f600460e624b73887839	15020a7cc5a412dbe155f8dcd6c5ea082b44af6e9b7cb313af5ff81baf924394	f3d42f221fcfea6523dcfdb191647950270203b0be5c83503a55d1036e2d8078
997	66294126b45267db9134b36b5526a5526483075d12059833182b3d2b3a331ed8	400cab2f19e61681287973991d982a0f3f49917b447770fb6b71d3497e8f0c95	6763468fb67e99e38a675fd1ca768e98ff3c7e5cfbd4edfd71b59d263305a358	f61da7364fc9a9c5bb2ec569522529717b61dde134fda3d2ba4d53cd288a65ae	0f4f9437200100e89c1bf2ba13f8a25d7e98c0d3e0dbc1ae3f38f1d978d4f7d6	934f9852ed99e3da455b5638b0e7fa3300d49fd05fd6114ce890de8b05c3e00e
998	34710c8d00541003320368919f806ec3ba3ed293762f31b40fde98dbdb114638	c193a83dd24029f09370aee4d14b656fb4f5d0b742ed5ee365898d66ef8e80ef	e000f9bbebc36aa6de58ae6932df00286db546369d75b3debd6237e9b01fccb7	66eb74c2c3772168df9b0f4c960fdfb513ee3eb9704a4c72718e92c218df9aa1	8af8b580f7a5743e2d84e7b34fa4bd9d37dc230f875b1c06629d7e867bc71f5e	73292938c3ea415e1d7e401f0d0d9629e5053c8f08629d011b927b4509f6cc03
999	4f60164ef8cc21c538609592dfe8a148454247135094ca701d875b1226487b23	edd4022c99b1854cca749135e73a6abb1549bed455971144c0f7c0b887407503	2c12b0c7d557b0bf92dd93022f31b68be655a39225afa4cca92193a05edacc84	28ee4953cb5ff16943ba08770c6dba5330bc6fd1b48d806ed10f1dea8a7d6506	4edec4fb3e028941bd9475b8ef05dd2ab91c4932888ca8c1dd12d78c215c69db	dbf7d0f4e905f5670cf7dbdf708f8a9d5d87d99fee38c528e8c1f9877e99dfbc
1000	9a5a2ad848b7024ae3d2602cf4ab7b9a4da028b04446ab196acaeae695a2d614	2213c2b42a2c1413304f4736121dcc55ad4024154c776f61a9bfe907193fcff3	1480ef1a720bea85eec4375e08b20c14b9fc7b4ae78198e7112ddec72b17ed39	41cca0b8145bb44e52523b1ad64f2b1868ef0d73a893a34e95566ae839ecccf5	9648adad95f1deb8e46291348164e0917ca62214431704d19176f7294ce7e7cf	6dcc7e4624b5d41060c7329afb52c7b64c0dce7e748b6d05328b036e2f315e56
1001	1520745dbcd17748132351b30964a9e5161b74eb10a080d9c9bcae963ce8e744	f57c219fcba83d8f6eec22888e108e837489f7f44a323eaef5a02669154a679f	9d578da835ab6dbd437768a4cb9c722c612cf0cf3628cbe1908c32a87cdc9921	8f699b6699f99d849848257f7efc011b31722dc63294770cdf3d44034ca7957d	2318824673301d31cc036b0397a8be7e29732cfb0c6707152d8381e5a900850c	ecb5f45c944acd09449e9c569d34d9d9f5d491e4a38695533693c7e0da7f4180
1002	04ddb46e642cac7d06222c2b4816c9ec9fe70062e4bfe9e53a9efcd5d9d05697	c59b045c4d9a60cb9e5b06685d1765d7f098b57aaafb529a79a30c153aac89c1	4d788d9465a5808afb0df4fd85b3874a960933003a0c8b7e4ce01d28ce9e3b61	a8186665f63a6ede9e22b6917f8d15946cc7e8b8f751b62b2b56801dbdf27f20	3868102f7880768147d6fec7fffff684d4935533bd0225db2e660c71fb92fa40	9a6766564339e6e7741078219e6a66dc50bfe93d2cb88fe256758f0c0c55979b
1003	656192a4e3dcabd2afa4b53a00324b4805e18aea4c45369c47f3f0046f0fdd36	d336ef352b03cd124678257d52b2a0f1f820a0cba46c388e4996717da973bb69	db0033004aea2ceb1bde9d4664b17f29538e4e3866fbadec407b9fa7a19b3e1c	37ed9ab51f1852f633c3882261e44c53e26066976381151add3c8b1b30ffd91f	89a7e0b3b94de0d0aba752162f7f3a1b76da798699a6215bd747a6b5212199b2	df10c2639696893c1bcf609673e7ed715a9f713f711aeb80134d4df52a13784f
1004	b9bb1bf1fc96d3d661b7a353bbe3f562cc6e9ff0af03ce7ba87db38d07cadeea	b7369a60f29bdb9772b11624d1053ac69dd8183bf7ce8ce1c3815b67bdd1eb2a	cf4441b32e6bad6a9a39420900de2909161e34ba860fa7388e28f2b2f83965a5	34071cffe6c681cb4c3c019ef34831adb56a110c44f2ba2e292c8cc55a1b7cbb	b9fbc8ed7a2fd6b8b8bc26e6b6a15c0c9879e4397021ac26bf861a18e7d4b87f	03d43978c74fbf4a36d5d0c42a2d075e27f457d0fb7b4faeed1d6145c86a44a6
1005	c30e2e71e2601d99d4cda1fd46aecabdb139c680ec5a62af346ed1efdbd02e84	138e0bed367bf82db0b6679d9ffb696d874fb9cad40e589e672efaafd9157158	5464fbc835d221d028032a9258cd71229ea8f7aad117797f5cfe651ff7d03771	6fa954ade03931d7a4a06820250f8fb22109acf861c7d3a54a2589ee531e9be5	fbb75d577b188b2ad03a51b7fac733d0d64218dc858315bd19cfaf5c26ae4cea	03b324fabc8432dd4744c0ff17e7b5c998c294a54a39f8a20bb52a83e2092039
1006	efdc51f5685f1b67fb00da7f690a499cdd5e9da43feae0970b4384bb951f592e	923757f4a7da8e73c860c70b4e8a5f6a90b41786c0bbb249c467b6b0e31fe82c	32b7e3103b995a9f5aa9a2ab22507fc2734976075f80562fc695ac4a0fbcabb7	980e44c9e62dc9de66bd27cbf5fb508829fece85d3a7a8569f34d557bd496595	4d643a2452ce010a174e687f28f5b2b308f3dd5a1b8e5f106e8e2477b3e9c9ec	08651426f085cb5be40cf190a77fa92a9d29172dbe50a966b9521f396809a7a3
1007	8e1216d4eae5a4c914de771f75f677e5c02703a1a9acc7dc2043e018b0e50492	5f2ffc5a56615759f45bd2775f259c5f78d46e6cc7ed4ce662d7a7c97e663290	c1affdc681b7dcba47d48285398574c990d2e2e6d0024a61ab0d1693b86befc2	90416ab795b8407347d58cfb9ed9b30abaef0a36915f2f529ab894c83781de51	5dd346f2e4de30439a6aaf93cdbd8ff903d6fb56843beea09ecca6e987606213	3f98cf5f96d72203f5fa2611f9bd5419b08341b588bb91f8b3deab7d3d78f267
1008	ce756cb6497e7b0433aece4346e2b61364511235c9cba9b9caf081af857ad449	66300c8066ecc9a7f3a3dcdd6c6b7a0bd17a3bd84db6d270b83418773abf1627	6bad869859dc512f603a7749c1c3b57899d5e10f413cf264043e7bf89c45c863	7d9b96ffebb74611de222b51055d0e468a868bd476ad47117b7961ea68415a25	f6f7f30698bbc067f4a4202d56910cfdfcc074b6f1ac7d0353563ec5dd1cb8ef	4b9be5ce06e37cb8c472aa097f42d24a8361d813cb29519c020482d8389cb6a4
1009	a724c0c426b3ff9de6479712b931690ef1d3ba14737370c289292d1ce753f5fd	2af304fc7a52567068a3821ec8bf18385f3eb350d7ffeb24df9a4063659b5ac8	2c522ba1cc2d49d2bb6d9bdad966b8eae69ddd0e1991688043378a2168eb9a24	a30a9419ebfd55c2fb2c84b21f783a658e3ba1847cc2dfefdbb2ade857669996	a01876c02154a0bc6f439b0f56fd255a92ef08063c74744a7d7c68c890fad8f0	0561e52a465eb8b14cfafeaff941475a1e6c63d59422146e68fe2afb2097bafe
1010	d6d60fab7316b256baba6fa4710b6bb403b2b30e00f410c386587fa679296f89	4d7448d16bfa23205d7072e0fa2c45511ecb80c0f8eca153bcbcf339533b3a89	108b294d201fee37a4943fe4859f291e65f556e199aaacc072602ef171c5b8c2	03344214e456c0542e94826218033f231ceda3cd783ec114cd211990fd2a4725	2f5b5375bb83ddd0b5bbc2546ac97a7bfb9587136954e7d50f4fd5cb96b03a45	f0970bf1117192d280cc1370c8a48ed354c97d03c6f7553cefa7daae6d5791ca
1011	ee1d11818e3d4e60a0bbab1c01f6c0dada346c5625a6f53bea8b39fdb22c2d12	772a29665cd59899006db1bd27556bf1ab4981ed549de0e126197ca0ea64d5cb	cd1cb44d66688ef8deaf1f8e9945a7f98f9f7b43095d063480674990922478bf	2050eea49e0931d9a6cbbf53a5462da87393bc263452bd23dcd37c9b836144ec	8899f82a9a47828774e82b3a709b47d10800c29af663e028ea3dbf558b3ae3f1	bd3ab2ba4822f4d8de8c2c54ca67bc1dbff334e09ccb0f171dee0866077af4e0
1012	83309708fd3fd37d981623012e03b301de46226ca2ba053d815ef6bd46aacb51	576848dcf0361327d90b7677c151066d4c452590023c2b8f697d67fa4e56f3b4	4d7f73713bf06362604c3de994ebd4c52c5632665f787410a3ad86ebb9b63c57	3e60e49f8f38b582a33dce36e023700faf59e7c5e1041245d856116ee38220b8	12fa0f48f620a67fbae18ecb32156df32c7714c6f83772110a80f0fe1c79fb5e	5fa8f840500975d4a5de7d33d3e9f3291c15bc110e322f663d284cb292f39346
1013	37f41d7ea9e6709988d6ab064a2c0832b6263c52de36ce8dc062114579a6cc2d	c9222109e57692c25775a9978cae9c092dbeb68c7f38ecae086b196d465ce86d	457a985540d797cc0f4dbf6a5ac3db2eed7595ce552fc629f5359bb6eec888da	882e7f0010c1c5e49bf02271770b8e403c64d3377899088b663c15ae4e1a5256	bad68daa56f45bb8d46251f03bc26cc209d72a9ccdec5f28fe30f2c774a93037	b6261bcef168a5e588f0879628bd709fcae1362ecc8b1481612194f58d793547
1014	ed0fbbf3aac8bc5c913790e9f4419ec424b8eb23adf763b5010819b273b6eaec	a05592613381a7f1b5c1303c8a2271509ed01377b756b6762cc6dd9dee43e203	c5e52e4118796b32560257c0315bb01db208c90588d998c1b8b223721b7a3724	2a9533e03b5b6b2328ff9911c6b449e796fb17562be7ef16103495587f92d54a	c70b321eeb9034ee141a6423ef16b1c9bea7ff86935a7b525efc6933e9c36d8b	26ba29b953b67cd21f895eef3d056353ef3694a5c5d8ba7a13cf1561c99adbf8
1015	b34a27e84ee80a6903b4224ad682fc4b4185940257430975a279d5e05179f4bb	27d8db03f42beb0ec0388b22e945f26b779bd824983af7ee643962c23f9868c6	7fb6a8a5de6f7a3aee555b0e0cd07e9618720da6b29c82bdd4a8d929f49e606f	196804d14591729ef462a1f5cf91769305f52a7fd698a53c4c4729f2ade4e737	58efce5daec42a7f4d2ae9f3be450f57694159ff74b6d83ef987f2ff9c764022	ac80cb86b51f7331ae86bfdb6b6c4dcc2dfcd7f083ebfe0469c2eb1c25528789
1016	9b6542d83b0201540950e60d46e5037d6e21c827752d1ae041bf05d5f2bd223f	da45bc436484c6b81e28cbab2011f6ba0907db85deaff7b8d7cc80372aafef91	25d8be8f7036066d056c55224939bf82bc50bd4b0e1fa1e0402e570a0ae7cfa1	f257f67084d43ac659f3e3940c081d3bb4a3386f59ef46390dbe4f9fb6fbacae	918699ba31415d1b2bfb9d1ff364b1d7af89fed1122995ab589ce6e150d92990	d00f6a978237ab273dd96f6da0629047f55e8e3e64a90973a4123447fd672d29
1017	e2c6701b4bdc5282731b1c39554519f478a91fe2bf1dcd5929b57f37f272142a	20fb6d5e564bbd06f1a96f899cf7ac65b9288cc8c0a1f750eab3ede3764a7ab0	48307e66357f97807e140937d7f55ce1aba4dc09df67d9cf8585fdeabcc723ca	db99640f0f959beedcabf6f770594360c8430b89687853da8b6a92120683dafc	db2366161bbaee54c9468dc7ec520d9b3f2bdfa4a7a5f94481602c10046bab92	b378c11b0b56ff244ad11a22d37dbec0a2a630eb6c68eba85b587769611fa180
1018	6bb9ea109d509e51bc1b26a46543dd070e261eea3f59270722cfbe089ac7ed2d	e0604fd58cb957857e7d46c89dea80e5519a85fed491fb9fcdddf76a150eade0	75bc801a21eed2801506407ed45941a216ff074fcd64c2400adc2743ad4c50b0	2dc8cfe7a131994a05e46d16f301a55152de4330ef882aa58cebb14563f24b24	5f2ad46919d3e297d69935a37c3b5279646c3b829100a4d25076ef22527c4437	32b313756c0b0c5e43c621cc38b86273c2ee576788a9193d62f4eefc20b1b717
1019	b8f67ddd8216014aa4627575ce7e894db8a917f76ec3a367c29aa28ce2759927	42fb4529b5d0acb51fbd18b8888e5745ffb9f3c8e48560ca2fe8d99468d1468a	6018e8a3cfbecbd049e346fb49506c21b9da07e995471c3eba5d4e4ff5093f74	8fccff310347fefa19f4cf1e56d78517c8e01d8e464e14631db159ab1c77ceb1	3f59d513f51ae397566a1d239d0a1b31adf584fa68069b6ed56b69ba867feb72	3e2ea1ccf5db584d8783956951b48e35e945485893bc30c23bcf994097f220a8
1020	3ff89f6c20e104a5fd8434b457fa54cb8b999a9320d08e3320cc654bc5c69802	ccd0bf0a708fb6790fab3e94fe74ad37fc999242344df9a1051debb6b308ba65	37adf990fe25d3121af9b47b9dc5d3525565900c6cc8d886147d3eb3d5ddc28d	3d4c32072b2f1c5601ebae502d22f07d2414e0cb6b9fd4445a164a4bdd61e3c7	898d93ca75cfa0d225ec76638b10ba75b96da8caebadf8af72317a716acb1d96	477f02402e534aef9e594d0d4d9bfa2bece5f45a1c1afdd642fc98ee4dede48b
1021	cf2e5b35a834a18f079f82cc0512aa33a8ad50c5d9468ef0a2613b46e7cf0464	724088b0f1bf60fc001ba8068270762ab9b9e70ce61ccd67ba9ca7e401c5a4d2	b40656cb9a196da9df8eabe17930d2da4db4cc528f941dd81a9ba997e12d7bb8	2405d8a897d8dbd40d3b137f08dad5814343198325d521359bd9477e3a0b34b5	45ed93a66827d95752bbd9d259ddc04943ffc6662ba5ced12c091a3b04a77c62	cb620ad8582265ddf418113c187b6d6f1b1cb8f4c6bdd92734ef10829110fac9
1022	ad636b76e65fb4ca12a37870edaa6fd932fd56fb71f92c5facffb623f56141f2	05599ebf86ab0ba8b4a370549e65ac36dbffe61beaca89cc3637ed648686c322	f3c5c1af3b4267b1cc58a951c40e183b9517297f88388a6dca824a5ad632c80e	9348fc8f23e29d9b20cc14ffb3286158d23ac6c815efdfb832ec3df96135873e	2faef3c1d2f23c9f84a48c9113f6bc834e9e3ea76a51937c791bc3f5648c68a6	10d060919bae2fc8a387ced3de26285bf695d1242e6b7c5967ff40ea16bc7692
1023	9b0b5572105fba480d7389b8a59d6f1b4a2d1795a3252328ba477cbd08ac052d	7f59dabf65df86e3ff9b16a9e526490186a4528ec84a45e77614699f0e03704b	a71e77ce6f821b9e3a92a054c6f89c7d7b433d6632f4eda5a384d98eb4a5759c	5d3bec0886a20673bd55f93d52bc5208644bdc8a60a263509038b31e65d3fad1	8d9c620267c11a857347d16bebdcc728de9c1da474efa9d782a4ddb5fb57442e	161662a7160b0cb43c24b2a44ab7609844473ec7a94026b5b5c23fe0e4179f7f
1024	5e8d1129ae3913fb12cb46a1250b91327fea1453ac8588995ebc61c27a1d2fd1	dec867078e61de56581ed41534e0222188e8896e3f48331099a11779796e3b1c	3b3178a20465c764301e8fdabce952f64a2e32f01c2ebc0ab3b6ea58a3c7e702	757649351f394eb957e059ccd7fbeae6e7420e024966d34a8d1c84fa19de95b9	b52e6675655ee60ce52e0459e62912f0a192674319dc5ae4192319acbea969e8	512694753ff53a74e2f348337e5520e715044bd3b6fb7adc58f56d62a5a16853
1025	68fa31b7b866fb63b920c96632714950d15405d627f07802c5397ba834b14efb	2c22862e78d4ac61d4e973d5421aaa3f0daf29e2031a396fc21266564eb6689c	74c9e211a1e31ac72598ef1e75edb4bda84716329db4fa9f5a96f073566a0727	e651b5cc8c208ba116e6f5d3ed43eafa1a4d8013dda99615b23087148c17e397	49fab6d27381f0054f4eb4480e805d426bfcb5942578735eb8b5feb402d6a4c6	a536b0c7bf6c0da0b71b8ed355d2e69b0ce04bb0675177b160129c5ebed3adfb
1026	01185b1db4d6a6b69e43ce1078ffbe24f549a0a0889710b7a6a049f85295efca	2945467183646f79b57840de11f87d183e47145a539c114ec7948a306a0a3b47	8b5c56bd071c1cd6dee6f4295b53b395992c2bc53492a08b7045c1fc355b5b39	d0950eb072c1f5df115f42e0a2a9b7f5896389d9c1a498532eef43847d7a8cd2	66ce554cba09f5821ac8b0077edc572171e18b0dabb036e256d15ed9058d68e1	c4d9e0f6853e30e93cfc0ff3f753217612298d5a968c4ba881a7c5bbdca21b3d
1027	c528dd01778ccc58ba343cdb91ed8008e604458e4a1aea8edfceacef72edd9a4	f2dc502dd21e22ec64d4de56b2eb4e4fec27518d29c98c8ff28d97d6dcff02dc	add453a149e1e0d7d8df7d2885f9f81c48021bcbaef4f7dcd27c197128f281a0	0047b351bf61b133676c38fabbf3b2884da8b538c20703540dc81138db9eb4aa	61406fbc5f8cf3bf18ee321f303d92d0eaa604af531bcc937c1962fc7b755627	48074201defacfaffabb80b4a2df38bb1ba44a4a6c294fca96d0cc9d7583c0c5
1028	320408d715f9d03e92211a83989c738cec59db93895b2e609a41c387c16e9707	ee5c1608582614fa6dbbc438a0096994a8d17653b75dc383d13c2334f59b4b46	a6998a72ae87c5815b6b1850b9713084e34136c0c3934caff2759c609ef029db	27d9642b19b940fb52b2c8c23ffe3cd63eb719d31db0b1e93ade8237390d229e	c8cd886d391dc86fae9aa68445e64310a4b00d2a7bab24b20f952cf9704603f6	ba7732647080f5333940f543c81425ae13e30d45f8d989db8f8c678b00ab4111
1029	d6d51223d1f99b2791d147c284adb5ec31bfd7d444a40d7abf23709adfbf6646	eb315095c99beaaccb2568fb66816bb42367a02bcb0277d0ba5728e5bc17e81c	e7c08aa0984420caefe9662f125a15ab86f2443b747896c7de0dbdab823486ad	77f46acd2c25fc2beeb53da46cac5c11ee03b747bf2d65f6aaf20260911356aa	ab783eccd5842ab05296e2b7943a67926d697cee506256fccc6cafac0b09ff05	4c6294e9a2663e96512f441820873af3414ac709ebbe99cd52693594747fa5d5
1030	0ec88e4683a71684d5eb2a3030b8d2c437ccc51bf18c06e0c58665eb98ac4d2a	7504b38e11f972c5315a29a857132c7cfe3e1afe73ca3e8a64e9f663a6044516	67ff775c210b6d297ef4e0c0deb738bc195d3b5690685d816629d1406b737383	3a2a12f0578c3810a949877f597d2d34316941b65a8607d9c5f4963f593eab46	b26f42e1b1a4cbbd562668b9fa751eb06027d386aa9e846f26a4f0f894eaab5f	d812da457f48b4fc1dc8482064c8b1be792fad1e2001c828e72be704f3e852f1
1031	008f58717df5df1b77933f4ad90cd5616a4ad93a998c6e628fb712059502678d	4d469278da2074721d4a2338321200661ad7feb6a69bfad4321d8b68ed40d104	b9733aeffdeef78df6d089803d294a089920a96577aba7edd45f7243baa8cf65	eb0132c100675ba794b1a6c8f08c810df0be7ae251c0022447e196f3e2d84a9e	c632f29aed9f0521ce33ea4775f6a12ce957f230f3a87564661de2b26d802e43	26e34788c2e2a44fdb7941a9fd93052a7447be70a6549fdf99a52a23c36cb793
1032	f0983acd7c0051539f3469fd79a9b7208d184c142b13370130a8621e07aff3cd	631d5e87f7f95987864eb69fb3b8332e14460bbd93378af06f4e45a41e560e80	2af0f1aeb0452909f37befe3d275d0c3d51065a1663813cc406f19f2340cd745	6a7e274f654578d08931ef8e0ff4ea7745e8bc424e84712436fda13ec210a593	a0a0a44a10a6f98ce872beb6a2cbc5023d6af6741ca7c4ef12ca8f7d21b25592	2f95f65451b6e180792c506472bd30ac27766329c6ebebd56fa0d91bb11849d8
1033	d8d8bc7491eb91edd6ea7dc9a23450bcafded4286bdb964c90399853fe278615	9977dd39a2055f38fad385b9025c1259fdf6c882f82851cee9c867c04a0c1084	b8a06eeba3905e2172a3865b909e752160287a0a55c99dce6c101c1daaae4967	7cfbb8fc4f282f34b26b4ea018edab4d996dfe9b0ff050381600b2d2397caadf	293eb46e317fa0736ff5ada80c6e21822995109c0af9752f7d3f8a4f7b5f129c	afe723a24d2bf94ecc3b08c6f7a0b49b266b712498dcbcec7a1490a7315ae36f
1034	09e0cddb66d4b2c9f1a2e97b8121ceb8f9a7af2166c8137652250ab3dd318ac4	4fac8ffc03fa6134e14ab6b2611d0db8dc8b95ce10ac5955430e9e660cac99c0	d963f763fd5d3d5f63a7b1ab611e03de360eb375635f47684b075fdb2fd10302	4e5c1da42b4f0e6d2dd765512e57f7fc2d6477b764f6229c84624f04f1614aa5	693fb687f521e1e648098b7a1fe265911f1836c98b83748904cbcb31bd4ae9e4	6ae17a35e065322a0a97283ba750a3fc18879c76201e4124c851c16bae1c52a3
1035	24999f7bee1ff0f6b813a60ae9a7ca5beccef21b4892ce2d0e2543490d049020	219ae1135457093b58a56225c91771fb92632747a98afece1477e4a1c27fae5e	ac71df14f753b890ef9d50cbcd9514ea3f2de8bb6e1f721b454e01e5396bad69	d4e5246a4ed12325bd4196e36de966395a1525d83bc2610593c10a9c59191bf9	bc3275e5d77fff979529b8e92c851471255c5d929bd234658265a1d0cda70f50	6bc4caebbf7485bbc6f6117414df5dbfe23eb642b2b27ff42d567d91b89615eb
1036	1529c7ab50249107f4eb7a68c199f7bffaac794729c9b7cbdd15a3342a0a47f2	8866e01e1cd25d8eda9542ac346f473bb892509621da461cc3fe84906fef91f6	0770db8a96a1eb14d8b159f7ee260b90160fb465fd301c148f27451a961d76ec	b6a8b9d0f0a2c5ec668ab5bd09d7913c5265b1e50d39153fb3069842e1eefb8d	ca3e94b04241f80ce16def6b6c3216c9041902b1b96e6abc688c3c1aaabc66e0	82edb7f7f1c59ca1ad0f0da6160798b059b2d69ab94a468acc9e1324cf25d601
1037	e6828c73ab9a655dac1e4fd8323bdcc6b943fd4edbd648bcc416084d92d322b5	8499f590ca1714469e71a8856b01068601df43af3241fd0d0125da0b653b15c6	0a8935eea1c9e0ccbe47fba8b1eb163994a6364f0c50d1b689db944624b9d477	eee834128aa84be6fe008e780dfe9274c26b49bfcce48270d60a2a2d35b99c1b	a72b4645486edf4bd492bace47592ae8d05d1027840587bb2bf602a9f558cd74	69eac9ff56a79a64c3a7c79c7eefe7d1a05f8f9921ebfcd0b7de25d3efab6e68
1038	94273ed6cd37c4f5a00db2e393e42feb3b2084eab6510c02151f1434f5e43681	787ac2f3238bfdffc6255b1e5cc9c9d4dfddf2b7853d0cf24098981f0ed5e1cc	e2ee947c35bfedb6e51feec0212a31350977a91e5cf24470a1d3b845f7b1610d	be69b69a8bc8155dba89f29a6efac8c517f18cc5f945e0b7a9d4483755527cc5	ff1cbf3b3dd28c0d06d56f5bf40bb0aee27faf148da765a66e0d0fcf848b362c	5e6bb611b453ab09ee48839a921280d2d79cf916082ead9cd193b1c4b6a5c709
1039	8422b291b88614281abd2768d3493b5ccafffb8aebeac5446e191b33569e4993	aba7fafd4af087ccfb482a72dd2bca316bd10abd911ffd250741149aad4982b5	43cc68438acb6fa138c075767e4a55f062e5da456759ac35626af092bfa2a4e9	13530edbcba0e4b4ad25831a7ca52c527fe6d5912105a69727b71564bbe0f61f	b3d0ab9c884bb62cf9c0a4519a6210810091d4f47f180bc7d286e143c41da4d1	64a9efeef5757803f154ad7c34b8dc0b59530978d8cdea910b7abb243a65b21e
1040	b58bbc24e190593ffd01de174011e31495743a9e360470ade7e12e53897e57c6	c2a15bd0cccb187520b481f743f0ecd1123df517ea13ccc6a935e03db9698711	dae62141ad95364b00c387a4b7af928b5fa37f034b059245f4bde8bc25cdffe9	aa270f2982a8029ad17961827a4dd09734f53391dd71313e76081b6dadfd59ba	96d196618ae60f131c035bed6e6637ad1a956f05f8c4fad02600280d4fdff25a	7790c89027839c9f15596bc0348e3b6e2221d7b5c75f9f76efb7d4e90425128c
1041	5a275d46b0290ea650654100e79d9b5a98a5cf71460ee04b8b57739729594cc2	ab99b8a17c3f9a6f70d8391598b9cd68f607c9c1ecf259fc1b392ef5c0f6d488	0b582924130494ebb8b7f30c4dde33f9ecfef1a8ee77054deddf6c6ffa1700e5	cc66caf70a3098ac6966aa9e9b4c1a410316de6d5d925c0604b8c869e2225e99	8c60c0ce5260143488d97e5723f9c468d33cd309d6803542d40f84fa81b3b9f1	64b6cb3eb419f2f26c46827aa4f8a1972f086417a7cfb6af8b6c73398387855e
1042	43be4bd84dced410e5d8b23da254cf48d96050dd1454785b04d4fdb6cb27c300	340b97ddaa6798b298b787adbe1a5ea79705afa5fbfb2e888db955a231bb7d2d	215647e13a44ccdd882ce59e2454155a48a5d0264d0f2b7cdb0e276da0dce805	14797787c298bc0c086ba4457bab32786564c4bd8f57ad3cac09b6836e03e006	2e1c297801d6de02b897a9efa9b9871ff7cac6e1bdaad666dc203036949bc162	60fd52e0024c29731e55316d848eb8eeb64fe5bf24262f6bcd15357dc9b9d59e
1043	258d33dcd828eb9db2318cef99845f043075361edf48dcf3fdf3dc9cd4396f19	3bd1813936fec30141de2ce3733e0df19ddf95f9d2f3acd78970794b11b96e54	67a7fcb52fa34890e37966fb9a669da3899b51c531fa8b3afc6b52fe90ec85fa	eea221c2facf5dc196fb6a1c7c69db43dda55d8ccd1cc3d26f8f5eb99277a38d	709274f7114993f2edf2f6330ec2f91c3a1e4ee35da0a1f827c594f0774a7e09	c487b112f719ef49027720fe28d7511d2dde51d6e69bde607cb6754e655c6177
1044	3a3f608601d6f48536ed2a687e1ac47f2063e975dd6106280abac65209f0f820	49da12fc03c6f98ad24e5bbbf583e58e88eed17e61cea71b330facdb67876df5	d616571de317917f6cb2552dc9d530a365c8e8aa59dcdcc85d5553662dd4ce58	2a349dc9ccf698f0fcc4f1ccb51ca8fea357b4c2ca089a7b154531e69cdce469	1acee3bbee942f5b4074d20a064b934c0ff7fcb8b7c5db6d8c7c8200f54a30dc	d1cfbbe11a7c4466547c1912e9ee88507319bbf0416ab7fbedf15bfdc92c48f8
1045	e71bdfd989484186b6c928419c4d10734c123e4b1ef03e6e46a701f96b686bc9	ee214457253cd50b82ee3dba31fd9b035d91d11999e78066e42c8649c8772164	b900f962b205141d1db39ac9e82fccf11f9a0425032fe6d0f216a190e4341e93	aca7bf343a945154c9d962c3b0e3522927d0aff9b12b0b619d19e083282f88e3	0a7ff41c59ed2e4652f97dba7c58bea5b4fb79dc2fffdebe7eccfb882dd71a76	47af03cf6c98690c451ab24696e6fde9c62e1ab74bf7c35ba615780adac2d4b5
1046	8cec45c22fd0dc613170dfb87401f49981c64aca938800b66144e747a9e05f85	6ba302548dfa6afd38602307d09b77e6adf98f7db8e06b5fdaa823202179da76	c8fa669fc2ed35cda6e0e8d10b2a66c20d1a11911fb1f990a6d8b3ff466c4ba5	b72c6566f7c7fd55982f9a83e8d80b97019ac3f64fcd760a42cfb795343463ef	1c08325acaf427281d493230b7c21b42b2ae5187700d716716c0fdc666d30526	a6c78d54aee3cb1464b7a9fdb2b1498ff9dbad676d225f9436f2e901da2fe48e
1047	fe28480d5f832104c88cb8c4aaf08a2bf05f234652cb74a2e9eff258b9184e8f	d0501325bd27220e41e8e519a41663757d5ce81a1b651bfce66fdb4002c5cfdd	1705384a3c817aebd117f44701175fcebd4c466bf54f137baaf45721a71d3399	2cfaa457d6a9f0eb8bb7cd23c8fbd2580064b5c26fecb7062c29c0de6851d396	be63796592e4ef0fdc419a5db53c32a85f5488ff7461f14539b8ef6f427be465	2d6b9da043c79e70c89a89c592d45c37a477a05a82d1213c4abb7ef6202d9a3a
1048	bd18c29d62ae87dc2659f94b383c19680729b7665921ebd49027cc1cada45395	abc7bd6c076b0a7f8eead467534f2b5550aabb61779bdb3070e1f411bfbbf08e	e22d321ce314052a6fd0e44eea7134529e8f716e2b3d78409aed00a07af73e50	ba3108274bba0b7a6303a8a6ff93b799a59d059bf850228e4014d859fe9f38b6	e5bb99d6f6a70500e22be2491f755aa8851c6082161caa8788c09de3e56b00d3	11fef59d87069324abcfc69fd4c7bf10a072a2757c41e6bfe97c12ef7d20aa87
1049	b51db785ab9a556e36155714195bc43d9fdbd43f19136e0d6e815ce4acbcfa8a	44531d34f2ff926bc202f3b30b3eb216b11491ffe13c1b59b295eac53215f6b5	b8d41217f36a8329a53c88a815aae7ea1fc7404691776c142641e90f9fc30213	6800bcc07ad9adc4c5c0badab8c6a36bf2567d3e607d9e697272ba5064a572a4	e41f692329a897cb3efa45bed5c381182bd83011e579b9e23b5a52dc307bca79	93a89129290412c1170d3c6010731d2520fe84bd48d5003f7c29250f272a8363
1050	8c22318dbd03f54eb5aa665799f9ff07b9b29456bf4475020f57fc5c16e24643	879129a29a4e10b70b3b61cf840380725c95577058ec49503b6f78a393e1d4be	aaeb6f33210754609bfd239a751e5193f9a73bc52a44ea5e17c46c50e8f761dc	3a81e600a9f8eeb35413540dbbb0566b92985539c4d0405027ce2aa1f6421cbb	36356e73951eefdf70b26ae376434bc9474bc247f40e82cc5eb52dd89857a2d7	350d8cf21120001186613b0eefc91459f1caa8c6fccb2ab0a51e8c9fd2f4ffe8
1051	eb51ea590118583d6a157c86fbf08bed4c417f9b3ef091b48551164f4f5fc97d	6cd49d52de0f8518a4e924c4cbfa1ebf033c8acc2fdfca646ca4bc9f1d4b0600	71aa3186f29f24941a7c2fea8f3418b5b81e8c88d59067f73b1522331b88bb9a	f7b553c319027684a1bde8a35429a78cd417f8e51da87bab2744d2230d8cb90e	bc0021b6df2e27a013ce13fb7d288d8afda96ed78b461e4c72cac78b091ea669	f3da719993325336296a304916136933d5797355c1ea4142e804ed2cf67addb6
1052	e56e960290a613c4c33bc21c82a82e926ac6d0bad343a82c51219bd850936bdf	da770322062a9001b24ff64f1f886be1b88f4c85ee28fd8948572041e8208d59	0e66f9a817de3262537eeaf48fccfc56d6012c0408fba14d607fa8353493d623	c165357e2b7b276442abd02083376116b23c2148b09582c355039b60f1737e55	e646b0ef7941f4b1eb8dc3eb0cf01e0a694c037c8ba9b5eb49ff8ef5c76085be	a4302e3378cfb1c93a20e208729ac68f9870bcbff8c9716240d3c3bf5c2df4c7
1053	171b73b2e06a712d342dc0e63232b611390056c0adaab1133af9083433b8ff7f	99d0c0f95cbff3d80c380b3fd7cea33f7d81ada5a513586145eff691d9898840	0e1796e51c780397ca57491502d1d7c66388ee1e0388911b6e1426023238a773	52392b78e7a564c087021db2b0515af6c87ac7b1e26611d4f78408d5fd89a51c	df35a719d2ea36f671ba9abe35988668807e6af33bc73ba023e22d5dff21af09	becc6a78ffe90c5610b192efe213ae06d1cb24124a7c4f2039ff97bf30fdf80f
1054	18ce27196b0fa5529becb73ecc1439d36e85a5b1c3116da240a570d66a73bd9c	799f27a31c6f9db2a6d339bd7b84ce82f619a478c87db788de6e81d7285c59fd	06aab9b5f3cf361f73ddf66ca3875d616422b4600adee4a04302302cced2a9d0	f83b725e56bbd6fde30d2aaebb869e5423e1c305f1b27b006df0946cbd93b5eb	7de966b2a1cf9a23742dc7356645a613db96e707f7cf479c538fc9aa4e8ed7c7	2b1b89eb1586cca6f94e271f4bd72444975b5ed822c06b5fdb38db9555976583
1055	fa396db28972e85a1b6cd5a81f4bac1c771da2b7c1719cf0300b3fe2d7a77bec	28b31a4058a76fffe5b3ae84d2c364c48283dd855d1b5953ea5ac52a27b668c3	78e1681ce52f9aa7f925f634592d06651240feacb6640c47c96a5f22686d46aa	e3e22cce6b2eb36d0e4b538801c9ff21de595623843775d1186ee03dd058f85f	e8c19e88937045d86ef139d7b565d65ff1da89de40d7bc5f64d2e4448481ac14	eb033bb01462828e96074edbd991e9c3f536ff1f5da3604f112679a2aed1ff52
1056	dd41a9751f988763a94eec21b40d0d77e8210a8301437b2935a295ca8e1505cd	20099e42af1217b660908dd774f5be812c4c0c2cd7e4a76b6c9cab3ff5ebee2d	16f227e572797e07ef8bf7cb4c3bfdf0e466922a3d98f82799684d5736f38069	bbb6ee5ace36b4c8e711ff12a4a785dcc70a751274b80a9ce37c788b29b1badb	1974719c9e36c013c559a0e830140ff18d233c95df45f5977fb9dc1edebc36d8	7d126539d6bcb57d5e7c4ff529452eda46f577d57cf5ddd237e95788a1aeb3d0
1057	797c5f0a9fb5603f20dd85afa5edc188e486fe56a7a94e68049ed442e073d6eb	1225a8d92829613f4eb660e3fc645507dc93afacca76c5a19e86c251740e154c	f6e7c71a07dca938e5c0d2cc07d4bcac91ecb60bf7a2ade8c2a5e311331afe5b	c181fe5536f33eb846fb9f3ba5eea72bdc5f641ec5a5af9c33d94947ba45ba9b	ec569f3ef508f34cba75b40a49ef2bb88a7aa8166440378f45d1c71b0ca7df4c	5167d0978b4323a24d8e9e79f5edca48cf842ccb9e18f4192802ab0b6f84311f
1058	99bafbeaafe0d6141cccdb0d53d418169c9a48e60a5a79eaf46b49760f471cd1	8795568f69606f199b9ad9f777053aa001450f484e2a8b89d4d15f5495ccfb22	60f526d7184a52f2b5329a67134f4f6010c14103a6696cf7c6347bf94f65bde0	62b96a39e45774667931566a228eaafbc77a300f46599ae4f1a90048cd42139e	b2a40c148c74c8684ea857830790301a36c05cc5cd14f6f42c563189d38709da	b53ff96e7fcf4b9c226360adaa418b7f56a8386d869ff796506e0bd543a24fbb
1059	2d5e7d9954fd5d39e600ae236d19caaceb44197aee716320378738bf2b27a1f6	91ad0adc96a056a141cd1f75a3067bb38edfd853ff71bdb98f526f7fff77c939	621b3a6f2a4f0c819676057943656e531301299d0e8771377331da2bc30ef8bd	42d461777dd49d8d5cee88036f9590bd050c1f65e650a41144c5eb6bf8a94665	129ca7a3d1f67b6280c9bf326107d01ee09ae6cbb95e898b7510e02b2d451fc0	245a03089904088138176046dd755ebf1ebd506ca625660a795152900133fc87
1060	71a10175e1cef4c528803230d0b5871bb020c059ae892688c408ed8f4b50e5eb	9cac99b86343be78ab434519876d4e8cb9883fefed0eca175de7ee387eacfd35	1243b4b0f31db33f9e579fff7a7392cc938aa6a6d056284f3144dafb0b955dda	a0e64c6b1babfa3fe20046427e8218c7c9f94bbb7644d266419e87e4b3c918e9	6de39bd702ca6a3ee87b2bf46f6762440b8623bb2ab56dc6407152b7cf3afdde	094f24329bfbec5aca5eddec653a447c16ad556b26fdf182eb44bcadca349b58
1061	331a9b737609a2a4021ed041a328fe57c9c4b1d5304b5a932b962569020fff21	0655f15e7a218b10b42a1bed46bb517c73199fda37a8849d6e7cb6e389d7010f	f490dc092004f28785f113741db21fb8de4c6b0d001cc4068397afe6828ffbee	f95d41e114e3d4e2aa95481335bf6a3c722786c4dd7ccedc93c56a59b2e6839a	5a7ab8aee383a2c2b0e4f6a4ead924aec970abc788e6e654ab6947af6d78cd80	48244b6bb3c91fcad34bda1585b186e64700f7cb6dd4c93d6a3603955e5c1be7
1062	31e6771d708d8eedd24c79ea999d581420029d956909265745ff0a494115c060	09caf02f4522985e276aff8d70cecb6378572e68e19ac7f47ca609bd34b1704a	cff2f3ec2605dc8f7640e247eb2adb4c913fe9ec9d95f0940281227fa9b5e56c	dd8bafc20d9eea385947850da9b65f1a0f8d421f0115aedd0c2701eff08cba89	28f4e98a58ee72ec3bcbb54d85ac32921f65c64e13dd80051692782a1faa90a7	c1faa0422c4ff48a30a566d90d681f8ce00defe12ec5026448ded2fc4c23fa13
1063	c72ad66c156396ba359560a63d84b7d44665bf79527ac456973d779e6022c8e5	cd0cb6201b07d6af7d361ae4fa3dcdf00c28340b64314ca2d3816374f529ab37	f5f68211c5c957e4390e3acb0ae6ec5ee23f06842d80cc90ca9b5c6f830f613b	e7ee59ff17c5ae361858bbbbdf911b51d9f9f947e715ab9fbaf566f8c4733f8c	241df330d2f9a2adc1ca00c3ccea07e67c906173c554fc572a210379af786f7c	953e721893d72ea4f90a66a9a8d172e2850de66426603421b26e8033665a20f7
1064	0e5ebc3155060a2d93bbab72e244aa4a546bf3f3916bb8760b1e693e3486cc79	9a152e4a85d8d438f61ab16a63b47077137fde773c6774fb5395fb88c1ea5ed4	56d41bc54852888fb1868e20e34035ec2b4d9189395e1db4aced1a2d49ed3ad9	2fef851e214fce8196e1f33aca2e845c5b1e179e94e9c0638cf11110c46c4f73	6da48b9808bc49aac44d005856432a40e19bdfacd9f903b995e92d9aa41d4491	f36e24754c24991e225c5cf79019d50bc4a178aa35182a32b4678faf2dc298ba
1065	93259bc98a1a12431f36062c37ac700001acada120e5354ea7c6e55dc3afc7e6	55da4a27ffc75c75f41b11561da52fd7a73dce8ca2ba8d890617f2192f1085bc	6b87327778dcc77cd72f899cb01f5ae884db4d8cf46a77d767130b016b77e1c3	2ab53c329d2aa4519f556c362a50fbdb59cc63bb9498d7056f1a0dc4205ed7f1	797ffba9e318794c8d2953ce3528a4ebc01f9051f709436c77b24ad9ea2ce1bf	ad60e865754a9a5949f5bdfce4cb8fb8f31ea93bb1260104e336b65ae06f38c1
1066	2028b756c5275463ae713d13fe12211620370d9820c1b3b2441c8abae6511d87	d1ef7dc673466740ad846da965e731e19abdde3ef0627dfc5168b7d74351ee38	1280f10f3689c16cb1cc61f22a640155a015da08ce4e9925b32c53820925ea60	bc2c90a5120a2ec09420dad71c48dc708a3d69d10672063254ce781138f32449	38d8664d734c6daa13f6d537d90e23d99f8d446466a18edea80d55692f6cacba	116d1f54e404b8d5a4fe52472e17d56af4b55c8eed0f51334316511e013f83a6
1067	8ba4fa7cf53817fe4da3728666f85c0d4e6a162849d6ed865b02c8e5f30d9bc4	cb2a3281938b0dd01657745e031b10e17ff36fa3de29a5b776a2b0f257a45738	ff6ff39b457972d9c81d2984a87c238780c1ff644e1793e8b2fe74e5c58cfa0a	e83f0b1e01f5079b65fb1d26a2ce8b1ffc911e62942aa181ed2d12014b959019	440c69525d00e840a96eee908c5b0dc4ee408344b59a44eb6dd1ba9ddd00f8c7	29564bf36e24a939bda75c846cd88849b0bacb949d1f4ab50e472b09d8cdf4e5
1068	cb792cf7660d6eb2e72757659ced78701e361e1cc2c7452c01b80a2aa08d9582	fc3be9fbf1b8aeb550cf6e7c1275f7a7780e1837120da1f8880b454c96a97c4f	31449ea7ea8280c3bb29b9130189de71e7df890b9e5a26cc5defbc831ceec931	d2f2539100a4502b086e539ecb66a42da5ad0d736e9b9a75fb7855f265e7ccd1	0dc1e68a443e025fadf7f7dd3edb8d4df7b8f8e93ad0f0f65e456cc5f4efbea1	ce74e288d0cacae30acc88002d2589ab37a74ac8ae2f6304922769797db962d2
1069	b681d7c544a9ef30e4c3e97fa731f7bb43943fb5ad56840b1ffe009ea51ce37c	eb94de57a2f13f28517a00ceb3f60de311c24fc0bdd0ac59717dd783b0be4e63	037ae26cb28691ae6ecc82b8b1bad5a3416e9f2147f8861c58db556f3fb08c78	7b428f8173b5f4b02369fac69d7fef2e55af69888da3a0c9647098ba2181994e	04840fe1ec262a4991349a6786328356c493665787cff5bbd60ed12562cc4d51	f628ee8d8a5bf0266a9d7debb2aa6b5fe78dd89ae74c8782a7de41118628c3c9
1070	b28849fcfae7727dfbd6b62dfa08ef87c8a9b0c4159809fce5df90df3628440f	ba7a158b0683f62665375d6645a430cc0faa548de2e47bd8fc46effd43590d5a	e3a294f4b16c0eaa512d8e753e6db3c62933786cb6fe42353398f82184f7d3e4	574de3abdca0563445b7809b722940e88c3d26dc2de98103aed87e02450d09d3	5562270bb1ab8e3a8ad730d9f4022efefe2065192c0fc5ceb25fe0219439532a	b88a46ee4e6eaaa1c968ae42e565e9f32ba538fe16f5f2b2e607c720ecabc546
1071	afdbf0bb39be37c4d665bc540a1f490ec38d4d3ea9425c52119d7cb3a364a946	04e32de9781b78d66059253b637aed116d69086974abf8f1a4547ac2837df861	bd2e11f1a016c2168f535e166120b12ab4cca905c32810e8bcceb001092bf9af	9e361bc545871b9ccb9b82446a85e5d4e6e433e2eaad3d449ba55d3375ec9039	624f883ab8ef0ad15d64259b2dfe6daf4d1ba1d78d0a2c79df8c2fd227cb2b2c	7d423908d5e490952f1324304daa85115ce3cd676cf02c933c1d72a3e0668240
1072	df6d3dd293a24494604f36e70736deeb721c475f413ab18e3a4b0da5d30c8485	7b364d0ae2f20e60a8bb072e2c59860b875de089ed43ead0ea5cfd7c2b955dd5	7512c057d7f87463104432a5dd61479ae8356d38eaf66840b61b9491bb4fbffd	6ffc2442186f666cb63f47632de09d9c22e83816c65176e527097fce08d8d927	88ceefc638d4ed5b881c2394fa7bcc7e4480ca87014ea2607fb49fca9be925aa	ee2ebc2b1edd5a7fd968399f85e5c4e6dfb94f7aa107de456a3eccf8fe9a306f
1073	e0b51b884c557f862d78140390fbd3b8a6e9c6694648d5638c7cb72891fbd833	5deaec6b48995c482b2044645a509c559a078a0f30b27d9a11b5eaca9fca892d	ef66df95894578c43fd654af7704857daaef2e768e9341a23b098b60bef68795	32f2ccef220e4cea81fc8bf7a7f58978a49b4d62f259337c20f93f9919dd7c5c	b5f7814c25b6923974a1bde8dec66f061f2166a53aaae76ad9b351e2bc5fddca	af1974af7d0f8d93523b4af47de1c5aceae535697037e0eb21759ddd81dfff55
1074	fa59b48fe73a9277ade087c4f74748fa16b16a87970c21e1c70d7eca4917de30	c30fc4964d49608233eb535b0a7b677cb5bc47d7710c7e4b7e045214a0f3e19d	c5c922de19bdd917a5d82e4f93f87dc76393ab90248fcedf22f40f044ef6ddd1	ece96a3d12a12f4b1ac8d0ba17dac5e5d21babc5857b36750341bf0fa3f3f375	7c30f7ffec95bb623471a2d8c42588a72f7ad1bc6e03ce4b77fe27c983edd47b	69c50af23f3fedb1e62c9f5a3b22c5529ebd1099828c962194f18afad344e1d6
1075	858271f93f4f42f9e07d5c4ba0e6cc2227a67b947a792bb4c22886da9383629b	b1f877ccd1e09fc6eded6578b7e0faf348e61d7eee92dfed2e9dcbd864346b8c	cf46908ff64537d95a647b813996bcda3ccc34d9f556281d7c94c03f8770794b	53ea8addcafc156c68b9d775a4ac0dbef7812b889355b19b2efcb89489fb21ee	9cf51ff2b2e58e4b7fadc80b50f2277db6e6d7526f1d9b83f1dc119b14688189	25911e650f2b9f1264916090c35513ecefc484fe937bce8cddba2cb8ed173972
1076	a736e8cd57e9f9650237cb3604a22cb3dba090a9d5fb3d7c23ae71dc199d8d5d	2f48387000aae30a1b333ba5d5094359a1ba143c0dc890ad4d0c5850f5baf917	ab0d1d6900dd36d60bf3b7ba7586fb12d9c20a4bf897b8e26c17e294b2fc909f	6cd6ec1cf962043fc4fadf4c6fd4757b8baa1f187b3c9c87902c5498940baa36	b7b5f1a85e6ffa8ab66aa1381c6740f48fe4f03b4e694f9597d417781d7cf402	b03c962881888a1d6744753ffce7dafbb659e1f3e47cd4048904b4c79ad985b3
1077	3f4f707eedf17038f924b214d217177c607f65cd8d3cc54e6240457bf05801b0	acf1d8bb665ace301db301921da8700f87c243b221cd61a81395d0b0432558b4	1763b7eede8f9fb788b2660db75cce117756ce7813c5560b6ff065a8fb4c1d48	3c0f29aa1c0ea5c6910ebc81d856b21089b5919f60b2ceaee6cf6733e6fe8790	b05a6c6357a12849ce6755720d2657e124b1a085949b4e8c39e09982018c3ad1	2d454b528c07acc0e5b28325d19cd50c2fbe94cccd764fca94fbf24435e9ce05
1078	0d9a778b63ddceebcb0b6b5213838c0996eb8a826bbe7ce170649da771839963	a2377a6310216d1c3568f0eb281c97b65b651f14ef32d19714e87f0e7456834e	7595f2c0b2d70a116d6eac47fdd55e866c5828cd34e95eb13b34044f70b79d30	8ee0f0a7a7a9ab73d7365bc4d22a2d9143c4b7f8c4544eaaac3e981863bef610	41b1d1cf6582f9bbb328c8d213dea1dc7e68ed3f832663749b795c3da696c79b	a60fdaed6b3bb99ab68400dcd7506450b1af7fee330a30b21aad7ca08fd239be
1079	ab62d679947470851330fb8761b7c60b7a2125e03c949c7e7a31c7892f5eae09	39a1d40ed0333f5a2585c1c0ff63d709973ceecbec27a6b3c6887daa9798c727	ea723b826da14af45a3d7be1e75d44537a20ba0d7db9d3532221374d69a0155a	c72b67b2bbeae2e9fb42f324ed97cc8980d3cba914ebbe8dc4cb7adab3be0700	700e6aa01c697b227313a7793e6da7f200740fa8b70970cbc6ec7bd8bc2263ae	851fca1e18da8ad72a6cd701200f9c28432f20e3b7c98d21d53913204b0ab964
1080	ac6adb8c612a7a9f4beb77c0187497e1f0913cf64cb658c9ef986803a6014e92	be96ded79880e10c079a06748f227eae5e401a3fbb6b554264a93474a7a685c7	1344c4ccfc93f8f4de3336d6faef56cd8fbdda2aa064db32371eb5f44be4f147	54b71b2ce9cb1e0100fce0bd2abd95bc6ea417160f41cb43c8be5d5e78fa4d68	0d4ebd642c98e200f2853fdb61ac29cb9db9e14ad0c69817c61724a2adea9434	4094d636bc5ea67c1793d7955934eca21fb353cd245e39d98e7e47dabe529847
1081	199c63a085a5d9894387039f8764b0db7bc23288ff1c6c4b3272aeea3d66c36f	8b5185a6bb43265b6c5fb977891ea3a608e387b71767ef63fe641f9e2a8f539e	d7ce672f1e347d3be017c4ba3c07d05fd535feab37e2e0fdc3096cb38255f8b1	66f0d44cdaced6863e836c3a4bf79a8a0171e21d410b22cc2a9d0bf806b6c7c2	b4d37ce1b51d4286b95beb64724b41454b727f98e6d9cf1d140774c9af82bd5d	24e34ce1dec43657dd4206ab7d5d64f9b07ee160b048a48b8b4fb7f48b005a41
1082	78c6a59148cc5c907973026188bfc04eb2bf972dfecb003b3ec026ede089bc82	f9a326f9b8aa04365e8c73f6da96515f2ad7f118a6cee3d2e169579524ad13a2	812595e279cc8d972cfd2465ca6a360c43cb6a085543b07a3271591ee77cd52a	d71aecef5456822579a4a6a15f06d0be7846a0fbebf4ef6e35e4f1472639de4c	748a7d47a9b9b3c729647d4181ef868bd03f1a22bfeb3c4148ffed4717cbf878	56fdad258de3a9a638a1319f6a3430a473c1d6a723ef3aae8038674004247ab3
1083	19ee4063b55332c17e28caa8a90f9b2887ce17a244695300832e5452d8508485	92d095922179fc599bde3dfda31594c508e089f80f39483a37fd38d598af8bc9	f696e7648e0fa768778bef16d90693849705f0550d6bd85555bfb0cb05084016	41730538f519c22217cc756060a741d0c92851cfc1a27b6927ed8c13ed0e41dc	b17a79395bda4a1bcfa7ef30719ead5f3014d305bc0aefc3707108e3d5e1ed17	db5c283cbbed89f3723566ff031c781c31f5cf74488d820745480c5cf046d974
1084	29f7ea364efeb4e5ea9b0946970cf63c7b6618754c514c20e478b32ab987c235	aa1d71bdedc27f523a89dd9748504441f699b2aa81bdf46b86f68f0f72fa739c	3a9ba6a00cee3d1c9d388182c58267b45035277bb3ef7930595b2a53f1e3d438	8331bb1ecad4445c1754c3ee212fca67b2cddb3f2024ee09b7462702ad2b173c	b4ce70613e74b49b84abd2de4c2c0723264dee43dea3e6b9de37a3374e1dbfc0	b5abaff4a163b567ebeb40205fcd2b77635424955d02bc3430b67f7350d130ae
1085	74acbe486a337d35b2a1b22757c681e6d0c045b80456afd6fa2eee4b5aec519d	97d3264bef3bdd2625bcdbb1e7f6546a660084d93946156a4e24eb420f725e11	8bde78329e489edc796045046e5019c3967c81d5e9c188659e5002f0b16cc677	cd54b6754356c4c5e80deb061bd11f8487447be92fbbffc7d388a30ff2e9e1e4	d8be24f6b4f4eeecc642b9cfedc8a7adfaddd9a4e62f2bfcca676dd692fea3bb	4e42d95e2dcf088f4f690dcc6403af696038a10b452196c31f0649b4dcb4ac6d
1086	d0fd31f30a06f16f5b18528a0c654a22826ee1208bbb761f4b35b2bcf2c87ecc	b706b8e0d67f3243790e79a16db72e58749dbf26e86725161fafda733bbbfa7d	722dbe7d6c0815b46d63417bc608e751af7f755537f357c209c27e5afb149eab	fd09687d7aaa69217012dde4d9fb246d0aa387c6a8e458b913a77475e4fc22ca	0a7705b259743e518a1ab1d78b12c997ccdb2dce7e7082accbb86749d7089acf	dd9432266515716372c0a519d7c849d2c3aad9de3e9dbbea6b367d2253714faa
1087	289e48e8c498495f8c0ea1ce78a599bb447f14dd68e2a10fae172a265a1b5328	3c1158c762a49f9f3b6ae064d7fd6f255ca996e8e43cff510f40217dc84ee623	79733e1f78036a781aa17be793f6925906caba6ab4f520e3a5d019ffca095dac	aedaa16b947b89328eb56da5df27ff16eb8f3853d66964440d1e61089c37b865	1855340b3f17808270edb683b96723ec16b784fa36504ed3973db405e5faf375	027ee05c735aad4dcbde1c248fc3056e1caf0762b9d98c06540eda3bc6d94564
1088	e73750df253aad50dba44b81b8252c5cadd9b6fc5033e0c13addf0cb34ecf2df	73f8adbc7ba24706caad59de917194f2e1848bd1aa7c0ba077839628fd8ef2ea	21f6df4153294696bf8f804699188348e10af2b7b4414002ef9eb42214f772e0	904af42c606832ab7929d998a04532ed95d5a5e7bbf6e75c8d7abe4dd42f3216	2f3d1ba659a37a5ba6d3e3afa4bde9661fc20a253ce518e0990233f5503ab544	65be3068e601671c1a4bf32e7bb016447609099a77303b5b459a4016ebb0ff55
1089	a2993e65f089b5d6c69ceabcf39329eff5a8d0321739fc1b3d28f7f164bc26cb	a960341b3ef195754568efa536e236598c04429fa4c950c1e991443a8d5d79bc	7bf0e09dc27212699aa993712460f3ce764f42d0db2c4e88774daa37e02dbdb1	afa78734bc634a0133e1efd8d9e8936f272f7d9708d30e81c2ccac533f55b733	4930e04844506de347bb18b04b65d4bc44e2c546a4410dceb65facf3c85b004f	3d4ef5d757408c60f88ca4c2b5817a340808f69254755d1608b933bf66d683b9
1090	002c26a06696681661e94956783079cd19a75f32d2e7d6ba87a554b51f40f877	b79e7c8481407139831b23a93c5c11ca409332a905618f9754e74e751dbbfe3f	c787fe8d4d24541559bbd38c50a834cbfc5ad6ce54cd5056466df3314e059b00	207b55da0f72b5c6e0bf1aa7ee023d5490e2e125970295ccbe55d12c78f94680	c2f76540ad7a3e50effb1e5205191bd396082f03f88fee6e59e5e77837900409	b56444942fbf4fda5ff460bceed53f7add2194e32a134ae14b62222ac323acab
1091	8a6dbabd9280191a62d6b09d7e012eb0d0d5f7619834b6929be26953292208f0	9d11cb1f824630bdf819890b626f5e1906a5454a256d19ce6d2c6b320b0b4f73	88ab70cea4e6fcb4814cafa543691247b042816759995ce476a23a16b62fa23f	95245c7ad24a86144c8c17be0b647cf2fd9409bd9162f7a88791e93f1636a77e	96d2bf8dc2c0b5081cd33fb838f3618fd1d3687022c284f6e070247ec8e3fc93	80d459bac5e6c27b3636c2864f0b8506a154766df0a53f2ddf1b021bae5f252a
1092	2403a109f9d37fba3f9711e28eb0665167d0439e4d1836efd1f84a6bdb2cfe75	129acf264da50e8c27854945af551683d1dd8d92319522f504e9abd9f203fcd2	b1f9716181bad9b92ba031c8edecc4698452d2d65f7cbaf5624fee41b9f9f7e3	cc50f005a2a2e0f9f24079f614bfed55ea0fc6be49fa3db0a16e0f4ea09aae16	d64ec75c9b89f5bd0c3d094189273906be8dd64988cf9dcb9eee0b858a767e00	a8b66da4a54350a1a62ae1518c2fb047a693bb786c80c67d4dd55e676e7f06e6
1093	a65f2e28ff98395d5c8251346c39c8d6dc10ce1c065054729df946432d0f1031	10d9a316e9d32640d7bef9d9f7d063447335506244288afc90419f4fba547b72	c1e420fabfb6c4c16b8d0749cc04e8130650adc2da644a19ce20db587d388007	79ba8a0a6459d72078dcd2603d44375186b98d82eb63845850b27f50821fe5c1	3aa51dff317fab79c286b160730884849791b89bf0f6b7f924b3eb34af544292	54f7a1e7a4b54cd4d1b1b8f219b7e5e59d76c909746a9a041e71b3e17c185dde
1094	d9dd67a4c1aa6dc13832b98fee2f256ee6d9a5c26f9da43ef36dabc92317d20d	8e4488290bb1da664be7b890bb495987ea94b2ded393b3afa3f4e3e60b8e43c6	9352ff8b6b9060be4c2793927fb52af68b683cee74feec6968be7e5a2e6c3268	a94eeed3e078279963e7d6d6c92e45e689a786957c3ca243d49368e54114c5e6	2d9d7a0d698c036f5faad34d6d392a22e6594fbf2adf0fe1fb648e9cdc27e78b	ee477d40b521ad1d3c21c8568a74a96a7eafe268d8cfb1e0cb57f8aace68291c
1095	b98520547a2d682a50abe34313df3076d77b1dc67afb148aed57ad656d85c9d8	2525816be3e64afcf896636a704711d7b4c7410545bf7448d99d356d18477418	48f92e7f8679b061c36f95cdd9c632dafcedc42324cd5a5c40e19d1df60fa7e2	5c246d4cb07250bcefcb1f1dc5cfb7b1c29545a4d6f5efcc51109748fd001932	49d5ee5f4187db800287ca266868205339373dd69d5341880b29d587608d17f9	457a4a3ca55f54c89b68d94d2d764f02fe0837d26191134c182d804db75a516c
1096	8f0f8f8f9f4a1a2f00d862ff5aef2fa6842b60a45e94332e8cc18eb2761d963a	1b1f24c2213e864988c0c61486d1ecfb11f025952965edf1da4d83d5be0350a5	6026701114ebbcfb2168b8e5e8c7424ef9477689b43837194ef37edb6f646daf	0b713c4366904a67d984cb5a18e3b5b53e83367c60248314ba51364836c6a2f5	1babd8c1e1d772f0c17ea41ab10d8204b2095fde91a350375d991914c6405389	fbb53da879872c2307e4ff9b50ee54b36d44455fb51df78af85c6f237b496c87
1097	faf68639402f3c9a0fe740488e0eb207c870190c29f1ffbc76ec039d36cc6b1d	9512b9978f4da9c0288e6c7e56a24b8887fe3ef37e4544d0e3f64c413bc59534	29b8a7a6659b5891972f469c885ed170028b9af48d288e87042b8f8696079c10	6a9882ba945127a764dedc2501e7d97ee784ca2969f7d8e74a962307e67c3fdd	baac826f4fa5416fcd44ae2737b7973cada4465b819ccefd27dee8aef248ece9	f6943c9c2b7e4b3de982b1aafb2296bc18e7e2767ae006776ce85098c750ad6d
1098	fda2e94fdb7b5060d9a0c9d8d35506efb5ce684db734e7e405e2206108801a0b	9d433c5c7065fbe23f30347c3bf361db0570207c4a0285a0b79484dd3d20376b	6ad0861b1462906802ef66519297c04a75e8b24c9e8fdfba328fcfbdbe2a1762	57086b16c91ffd7f289d5039c9d55d39cbf4a3509c42039a9585f315f3527c1e	2f04f8a6fbabff059cce9347153e65baf923218d5bcb9f46e60521eb09d61107	9a68d022eaff745e6d58bbddf64fe34bc8972addbdc4871b0debfb3cbcf8b6b5
1099	5c729e4ec5df0742324f127b3002ff56fa40726fcdaa5d189c50ea09d3b62799	c8c3e44b46a482db0cef8ce9ac00f19553f04687b35b40e7c2a25c5cdb59c0de	ddf5c65eb4854b6eaee73129d97f3c1be3ad10e4528e81e3488a97c0e281c546	2abd84b27fc48c2a8e6e54abd870e27d436067b5b34b587293c46a9d77da4829	a2240ea1fbaf584330b6a3bc1dd344cad515fc7a615728b1a99155e79c2c0255	0ca70c11b69cce13bdd65468fe7bac73fc90484ca766c00db4f9db624204ec62
1100	a7a330d39420acdcb161502cb1fda34fb38d11edef63a4f42d633ecccc4e7d3b	bb9eeb76b8e4ad8bdd8ad96eddc17969f4bcbc8537e561e10cbcbda2423a3716	03e902d3b6c34388241944ccd8694eef38f7c5222a7d4f0d5bf556d680dd122a	4f1a44ae868947824510b296e50cab94dc009a01e4895564490377a2860c8fc3	a5f6793587acb50d0091b90f2377f02e53c082b48086b7792d79fab629cc8b31	a9a8e3ca51403363d08c512e69db68d4094ffd81eecceedcedcd783e941d5561
1101	555219cfb01a5493c2809f8385b7b11010c2ef8a9fea7777144f6b7510842906	2ac3f5532484e57bb3e9d0f0eb369130108b6461438fc063b16df9b30f8e8ed4	9b68d0c8945f32795a3c62c3c5ae6f40502baa5e265bfe806ec27702a41f6814	ca796aa6598abdf2860f431caf610ffb717401407997be38c26925a1b43a8d7b	a2164af721f74bb01e828043ec9205db41c880740316a7faa8ee2cdd791f0022	a542c68d9b191e32e7eb2ae27806e100260accff1d891babc09f66b9c139b7f0
1102	f8c476ce590ffc0af8541877e13971692b70b0872ca630760553797130713923	45d2643ea2d837b48889afd2a4118109269c41060c82cae5a9656f2fe6553742	042bbecd6be1b917273cf9bf2a7ceff261cfb0e9280047a05727cefca055433a	d44f8015ecea39b251296381e90825f9325c7e4b71d56764667a51bc854ffbaf	d6083b8dd2d201694eb902ab33390b38df3979029a1870f2b75fd72233c75ccc	a88d8e8369f887c8ee8cd9fca3345a6318e5df612e501f99bb5dd13c3fec3ab0
1103	18b0e4ee99422efb6b751a4f931566300d742753f8dc7188b5646012db693429	0c84ae64edd69e969980987e34151593a506a710cf25d68ceefe3fac4a71eda5	fa524518368f3764fb030dbccbbc0ddbb5b42d3fde769bff3d2c18a3b401c2bd	16cf1ea6613b253c379015ac2dc358fbe787f4c003358f09628f7eb66a1e3515	447071fe2df32dec7e9150b86e2110f05336e23e4bb4aed25347ff5fe5628c4a	7a38cb24d1c76eab41e1f959a3214d7d59ad744b3d70dd44f332c23f30c67bd1
1104	086fca915911eed5095da5d0d4e8ec4f629f47c7ea3f438bb810b7a785e57ae6	950e04eae223a1af11980437d272c9934c09646f08d6d2041cb10a43d56a79d3	c4bceae183024b6f30a1fceba6c78b965d48777a80baca47e064bb4fce738cfc	bb71989f12908852042cb132ea42140f74b80fb4993f5f11c300f4f39cd4c2f1	92ee1d512a62eef1d246bbbc02163cb090ed88d395a8568b2675f644a471e9f1	9778592d12a48b5405c317e3398dd7b4c8e6b8e36e4117efa118602049b35918
1105	fe0da388e2896908bfb2f1e2afb372483a66d237b4dad886c3fdb0315b4dd298	25c0786bef0a4d2d2369e4e4b5f7416f4647f6ee18dae8a204e4d3c250d1e4bd	2f6f1deff6effddff6c7367873186a00d0f5f8b391d877c3630791873c2c1845	29a1fa1a7c209dfa0981effdb5817ceb180377075756d2c1abdeab44d2f1655e	305fb4ef9a802266b8a4de8aefdfaa98a6195bce5527956cd672d13a0f1da9c8	290bdd31fd4a1fee5bb43282595b707cf9171b2e08f616f8208f76799741b9aa
1106	4b344c6780b158c3f9c1ad9ae88a723d8e3344c3f5c14a9e152713ae12911424	2a1282588904b7b18236e4083d6cb5f7868c7fd3ebbe084a1a6316fe8a578657	475f6d53381566f427c08b795b47ecce8805e774316dd10704da3e42ecbd0477	270dbf2e04c484fe1b9560cc77472680dac26c4e006d98018a9a4c85bf0164b8	0078af742694963dab29a1c531d665d0da7d3a9e5ad51d8e91f0bcccd77c7241	ff61bef52c3b12144d7a9cd76fd61fde274aa1f82c53cf24c9ac4c8feba15ba1
1107	32f280e933f7f98a7ef1b45fc3fb90d052da4e17ac0f45cdcb0ad2f9c861afcb	2fb9192d23be2e50b66be1bcd57e43b40e964f3a6468dcdb623cd73e58da0647	7a748555221a0806549ad34f1d281c301bec5de82fcaee4aacd2252ab82a397e	c6951319fbbc29b68fa99341e4d1d20cc3688977f2c682c9049c1d9aea04307a	6f8c8c2f4c83c47eb782da7e2bc4a862b47aba7abb0ef33d303d44c7f308f633	1b5921b713aa637e277e5e3686f94c15a242a3608d95b937b9f8acae2a02add7
1108	d95604775adb2cae8212ea7eb643afa23cc8c1f330aa68ae14dd16faa68cfe92	2664b4ee53f7560267b3a5f7eab0b9cad4e22fa2c5434cc6c3904726db6df1e4	f09281066aca371ff47775b1870b496f984204a5778223104043b241edcec104	0cee087cfa1449354ef484ab145c3f3704b43683e0c0b389769203c1c137f42b	1f3ff04a9a2711759b952390566d8720d8071737121ebadf870749b7288df6fe	f90e02a179602198c67621e3019b87013da357716133637fc260ff8a9b06370f
1109	84da1d7bfc28edf38ebb03bf36b62b308566e01e78a6c87d063700c02cc5052f	4a3a376a65f52f3e1d5323deb2a1434f145cff55cd694bdd14cf6bdbe2accc4d	b42df3e8e59b4a8e356f62fce88ebe7529859692cccc818b66afa1e86d05b026	712865059d85e9888aa0185c7a0b21e9ef7465a41752e9887e6fdb7494b938a6	f3f72e363a983f2d2da704f39bf9ab07bd9ff87bba1d3c304ea61d53245ff3a5	bf6508012645755ddf3efc8a1d76a82a9db048a380622d49fed3ae274f72b016
1110	f77a769c97eeb0f377c797d00769e227c3a98d365e5065b57b7417ded7c31543	de358ee9f3fbfddf6c3390e8d71de9161b6f3f46f9e8ed4acbb4f7774324e113	4d8f8d3a477e64f92bca0ca7d6881bd6d70be0872ad02673f70e5986c1f47735	a5e2b44d1c772af5f2e1c76ee5ea471859cd4eba8170c0038eedf71cdb851847	b6367bc31824f94eeab61041c9b402082c69b60f344443b71dd16eb4aab92824	8923ee7ff0ac30a1fd437c2424fc0b9ee70c785d8ec6aff69fd707385bccde53
1111	15237ea074976a64b8ed46ffff7c46743bc52fb9e74964629c1f143d6c31d191	772d38642ae16f578eb8d7347ab839e978ef1994672783a9eaae25c9f409888d	8619fe59a6a90367d3201f8ba1cec95857e19d53e9e4739406c71fc6c2d7a08c	aa2e0a2f5c245c62fd9aa8203920d8164ad8c68dcceb86dc97d77c505163d70b	ed8c2657a00b4d80f100226afa72fcbdee7c5f52bf0dd3b3c38b1b8654716485	57728dfe363da75508982c94debc3fc5803ca50f70fca67fd31f8185f8c553f6
1112	7ea5933640b57ce25fe1851b30da7019f753263a6e4f97527878d7415522b57a	9e91084aec468e6c61b46d1863b854908c2e7430a859edf16e83debe350e82b9	c01cb802b78105671ad55681cbff2a8d7b9fef047e2c6bd8df7867a871b0b0e8	5f0303d94c6a6e166b432618cdd4999e4ad161760e5e28b38bbd190aca096452	3bc4b77770dfec82ae5e9deca785c4e668e07ff9b1199620b133ac23d4885ba8	424f86e0704abe507f87a7a04a507c3ed9a96e911d8c776cedfb408c2ad26e0a
1113	976482c3d4805656c3b7d811642e99e6f23e1676d112cea028600265550e3063	ad6d4371cdd04e43903e7c8c262bd84fb36fbf11958508cab76089b3651a7fda	05a4d4b2b818da9add73bdb932c997ad7d7f5b773331bcadd74c0b432d215251	2ce282087dc28709767d8ecf55a1ad1815217cebcfc2396a65b2b3af2e77de2c	3d1c8ebbfa62a0527f629bde0208ac3ca331c768cbcec54a3d7ca016d82e22fc	8837349b8fb0949496c0691efaf54f8d52e85eeeae9c6daaf30970b7f75987dd
1114	d470e31d14916eb8baa41c2281451fea410480cb40b11bc908c774e779bd51b1	48d128b9e04b719498f3a607c956964fe87516a5ce4a5ae7c52d6be2e8f9aa90	9f85210821f8cc661f8ee6279c7944775c09050d8bc1b63a9dba5dd69941e63f	7793f8bfec02e249f7c3371ab96036180991488745eb516a0cafbb22d6794081	e4eff50fa149c57c094b2b120d145ce8700c366ee253038725afab1705d8f055	3219186516f1b909887a4b1b95365859b75ba65020735918603eac2607c200e4
1115	7cf0ad23a71ac0ec0dd57017ec66af129b094e70076142f2f8c6752796b70458	59198b07e1e04a6acadbbfbc74269910178a080d28d313de140c2f3ebc91ab54	7a51c025e44ede498ebf427a22f3b100cd92aa4ce2a52b308336e6607b3d994d	d85a8ff7bf16d0ce993cb1e09d2f76f8e66f7ceabc73c4497bb4ab10becb5b2f	85fabf0b1476d54afe3ef7681f2f4de6f427693d1b8e8d3ca4a4b70a30873d35	fcf4248f72cf01d94b27b3508235408fd369d43611d3d242248c75d6499c0cf6
1116	3c3e8eb49d53650897baace83bf341ac13202da19679ca383447532fac443034	b760dfd9f649b9e8510d17c2d3900e04f091caf250274f64d6f433747fd8e87d	5b7fc9e6569171003cb1a6766ab6f127dcbf98f078bede299584124d3f270f69	e81de48babb4aa83f5a25ef87e77739a48e5a3b15b9993433f46ea3519f4c60e	b61828275a4a438372068431f2911e8df560b71812238c5f6bc613fbfa79126e	67e35fbca97dce7079604f33fd7f5f1b4eb7f8a5608475648deee613445aa704
1117	62694afc822099c0c6106783e5e8dfb30cf778fb7007f67ec975f3070d8817a4	cce88d50191b24745c6e1a25b7bbf2d04912ed7dceff3fd1cf507bd1685ca4da	8292add9062fcfd5da445884cb194c57f1901d41dd4aa868f02711838c9dded6	94de2d3af23beaa343f4fa601fa90dd12991e2fe54e7a1532cb856c9ee5cb8c9	5f6759829688d5337f3a3d2a85f9c7fd934fa73aa02172af9875bb1c9f3c683d	077b5b520d58d1fff7cd5b2dfd548f129719c55891cec20d07560beeb417c00e
1118	ca3baba931f0cbe8d6bea5d7a07ed8a5fcf3d2db8572b7113537e512eef76532	6f4ecc5a41d2e89f7263d34636e60c4d44c2437101fb4c317c66b44170d5bebe	dc73f685ab9796be1a351e898bdd4f0a20e4a92994bf259f52201052e5ded900	6e8343afac861def95ae5d64db52f2b639fce43c5a5a6d2775d6a1d1f82ca767	ec588648177da77e7a3f4a0a8f473b33ece1bf50addf62ed1d8606649c18aee5	a1b8dec04136240376ba838b42d6daaa9456415a8c3fbcbc1933e6aa45d36407
1119	b3d18fad55067b80e67c06dff0a703cc6b85ef49937451f8f4d42616b99212e8	030cac6e37f38b9e62ec651b25079262d6f1e0afe90047d445b8a6c276097d45	eb353ca4165efb4c3a1ac8424e474e58637d669b532736ce92fd58be90135723	42738c88f806a43a12a9417d06fece598cab27f9506051fee1901579f9aed83f	9ac7a614d73b1f06d0b8eff798a499eaf89f135a0b81e3649cffbc65fc2ce3d3	dc4e79a377642e7d48496114b4422251af8f6d043e2d0a31d8c46758931a29bf
1120	dbe995d00c192c34ad39f6ed1be1feb2f96b7ab5c36e6f72668ad2fd94462dbf	0d84fc6c8249e290fb6ec647be0be8ce2b9d34d09d3395aec263bc957b517389	46d4e3e7cbb8db6fc654b43f971f4e45f78e5aa8350984f49b31d5d67f80301f	6f54518c849b7bbce7aeadbc455b7ccae935d4b4deca9df8ac72b77a95ad6b9b	c56b5bb4578d2699f9c59f179aa9aba8377299c10e0f5942b30784765ea822c6	dee88e63d3db65219fdc308b841a18291fae2a6cf752e749649d91fd7ac7cb8d
1121	2370d35a5738a809032ceeb262e2c3da572262d9f626377753ad445a77a8f375	d1d909c9f8234a95ba66aa7cf51c0af62e4b674da18218774e4de9d6fcbd937b	49ea132be6f92b0b8416ae264133294f2c23f8d88f55f2ae0c778217f5157b19	4b5f5b9afb1195061d6dee41f0aeea8060d0f1f05586cf97ee360399eb8ddb6c	6c0b1f52422093470c3838fba94c0bc4d7695f15f2fcad6ae230ca7f095e52d1	2a9c515a6c6f6a2ead8ec4411c3ccee24d94a4e2c51f058fbf96e82d3c0d863f
1122	8c65d1b6fea7b2c15dedad5a4aa5b7755556867471ebbf42623d6ac6107e2ced	fece0345788ffcf175833ff6bf2f7adac170945a278668fb59d06e28f7d2e9d4	fc74a92920c83e7c35d9f1c1703a81fc86b00ecadc7cf027b5f2382e77ce1283	9a503ecb5d3551b413123bd92b722f1f3e3d3796afc0cfa17e2a3bb6e99a7921	a5218a597d350e5d656908c40365d9eba037f2b984c93c59cefecf3989bba620	c1999f186663d8932cccb5f9c00c53a0fc6c8e0b9d40342fd2d0664dc2e71daf
1123	bfa66c1227b7f1d5d542a4dc6841343e92902336557eb38b84e66a04091f817f	bf75d443fe9ca550562b00c69875b810e403a8c2a46d5b89f1bdb8582f1901ea	bd1ef018337617c65647dbcff300322df70dbc4005e4fd68715adef4f6c2b07a	f7167bfbc61a661a9851b6a7f2b8541f8aaa505857ce2a3cd787a09d0575fc6e	69289e31b6cbc51fb48e172a3e6d865d25ae609f01c6f728ce40553cd0385340	5faec40f14a3819cc7435a88cd305320ca2583144af80b0205fe0ad2d413458f
1124	988944ede7909a1ad888909be54308d7c2a1bdcdc7e8e77ea2bf66bc49d206a9	195f7441c0b85ca9998563a250151b24429469b23648c61f8c1283b87ca5b4fb	c43b60ebb3f540461470bbebad2796a1f93a4472b89dfe87320b04d1832ef4c9	3b6dcba7b44c327798aa29db8cc0ddc64e38140f4389fcc20515bedc95285562	088e83dcd190a1095bab7460375c6d10aaab1f3a2555967666bc919f84c9c9fc	487c5268bf7ec727a44dacf72d76078fca0821fa40b304fe2a9b69dd5a5fdff1
1125	80b52783a636db4572a6c33bc0fc291ceaeda55953356ccae8489c89848a82ba	544a7312e7ff4da1f6c644cfe0865012b39d2a7fcf3e67c15adae483b16a82c6	43cab5779937e5e42008387c5666ab7fe57ec0ee2e813b60bfb2f1ee01358627	2d60a1a8e2628375d1a20d115f9d859e49512e4345c4ce55a649f0a88feddd7a	38f1dfda0a9c35b5608e9cdd7c9e8bfe54eca6e28b6447a591c65117fd70c19b	f8c795ff673a7c0d72733d9c18c816b18f809241b81dbcb521ac732a5b95c310
1126	096df2326ee8ee926990ab6e110c19b6286a83569fb23f98feb4c9465f02a7cb	3285d62cc536871899f2325ea9915983cc285aad603a7dfa5693b04a834b59e7	48366df0671fd1bb1b7ecce2d59be66835020099e19b09dfea7b61656cf6fba2	3e3df98180727624834024a57fd90c1caa505e51daa04991cb4f1f1e3473f036	51d3efe70550142baf7c54e0792123abe3d1c7f5b2a6bd6a41eee7cc531ce293	9cb330bf9e32b7733b2192b1c10e46522372788c76c5497fe231bccb87159791
1127	9e3bf61fd058b8a121b861784d7e3d8aebc8174e30c9c086a03ff61106460c65	6ad842b3f2a3c69266d5420c1fc1704ced68706c0ad8a6e0a587acd5b7ec0ae8	c002f39d8223fac007e7c2319fbc74efbb165854acee200f6d73e94991f5a6a4	ee3c6a00cbf4f72dd1be42d8c68503efa62eb36e086e18f1a287b47edd76098b	2eab404ae186a18f98f11c8db707f401285f0f76d4232539fbf35ad20e6e0434	79cbe7fb56baba929a4b2e1b6c91491c9a163d50f85654ac75b990f23911016f
1128	3f5abe05ed3420c8cf0bb3ecc7939c7df142c62d761b721f59b46f27ad31d9bb	3ad787b45f91f67acc2c25d5d506b18999f736da441715758053a5b3e4ecce93	7f6b5f73c045f087117d580bed96c815f7bc458566889dbd7d83a1e9f9732bd2	563ef05652a4b347259fcae2a32c659a537079617363a15af2e18d07050dd7d9	4b252ad0704371684d899879474c1b35f782bed25a7a433f2f0b02dfa1cbb368	322e439dd0670f0611332d4f80d259d6466146ec95c35252bd9ddd155bc8b29f
1129	037d2c1dbddad6078ee277bcbefe4fe6e480c56c0de62f508dcd338e7e2a18bd	f2bcc6add2c9816e0e606e765ad5f398885aabcf2390a8770740186d0a97e5a2	3701a7ff17ffee1328cc9d23d4be962fbb5cf7879804b1c173cfccaf0efe0876	b37c4e22ed1a167ae803cc77106b00d85bf92d25e434e7672d74af96b0f078c0	ae382e0efd8f746568218e27af3fa2713d6f734eb6cd74ea43a1792e1a696777	f3049cd71ed0628fab9336f486611169df4ff6b31608988850047d5f57403101
1130	37d3b33dfbe799276c53812e767bf32493212a6b7d7798975a183fc615f6220a	c8d42cc03ab58a3cf5c52aabc0a2b03f154badfc567a14c9b57c774aa18fde1b	ef9ef1f28ddc251c09f009accf865d544fdb3d6b6fff0b3464564c1fc2d918fc	acc1f8d84b1e4e2f4ff4ef8c81a8a6e373b89310977fd07b90c55af6706ce1b2	2d16f402af77fd0b45c9d5584a22686626b89365a223cc4e60fd5471d461e405	166ad204d9675456e69bf9ee5005f0201d0fadb55ba81d8f136cd4b758f2f664
1131	151a4967dadabb650e5798d67d3d2d02c14db38409b3db84359ae8c9f6d1ecf4	df7cca9373772e702e9f092a52c24f45307ba79bf7efbc37b0f160f11e7ed484	7d9af2c7bdeea8820e7ad81f1ad937e4aeb8a935825312ca2fb07bad01491406	3b917f374345117d90c5b4e46515a03703fb3e393c23698ffcf61396b07fda1f	a389d85e6143edf1e42d1ea1505b0493236d8f14733aaa346567b4e143c485e1	3720fa3ba428cd597fd6784b431db38aa1b6dad19d61754766c74d54c1eef73d
1132	ec79f033698ed997b0015c3e88d47d2a4638e04b11d9273723a7ca8d7a643a53	a82866eff14a690d039fdfa4a8ff135460f50a1aa95f793f228b47a17385ad5a	23fe6ed84dd87499273e21e521376ea96cf27f308f576d9bbe79bcee49993414	d8fc6776c22aaa71a9fb940125d64179f49645783fefbe812a159c0b9337ebef	53ac6ac5d846f596538d44df65720662180b2cbad7a70fdde65e6fd411cbeb43	a38e0d0c356a159b3283d71ec3af8d6221153edfbdff07fed9d976086d6b0a7b
1133	09c15d99d1b46350d0d10994606fc780c83df8e65d3224c044574f45cb56a04c	4846886c832fe85464fd5d71f6fe86df3fd00168c623a8be2ee887675dd1199c	b538e6911db3eaf1fc773a2dfcd556ccff017e153f56065e9a2fbb3b9680c48b	6469bf34f79a0fb649429c6569f1f43b1a56cfef72329d04bcefd24ca9882c21	f18bea57ecc7d0c4d8ec1ad573a4ee449636c80f99615bdb2ee5a6a2fee518d7	84ed1abe6e2fb5c53cd89a617766bd5ba13db581d455a30ed875db3608d22c49
1134	5f0c656a93dd79bc4eda35ab3b5040f663ebcc4c0704ca27cf5ee84a902bdb5d	2b61ed7bc34ebcd049c7bfcb959a6cb36179f92e3e76e62765182ccbf9e2a2eb	bb41333fcdf9d143bf0e4f62675840bb1be2baa4094b652d66d2879e14d19ed4	5784955e44de5d88e43df6cd150e4b890962d98d3dbae52f1599ef3b4b30d33d	d79541aa2461acc01d29505cf360d29e63af74c0cf633b3d453960d43a9aa399	7e0e3cf4d48d8237f5c2d99d9a810ff5dba87718f8248bb9a58aff3da918c63e
1135	1b78cb8f7baa93988769c776135c1c25619385aded93a6e476974d8defef035a	1204a82c16481b574cacadc3d319c71018a07e43cab17ac0ad0f379170ac8fee	e4af08edd3558761ed75e6be9040d0544b528ab224a5a967e79fb66fd379af3b	80c30062f96c2ed2b0993fb251761892227b8709983fc0533be0c056f4b14cf3	ffa702a88094e2f4b6703ede1b99ab507305b80891466891f5e8da5c1eeb697b	1de03e6e7799145c42c9ec3008dd80df645e9e090fa290fec58a4bfa5f46af50
1136	348333256bf9742a18604a29949cd35b96f32739c5bc7e5ea571e6ae9c6dcb3c	5e8b9d0ed218bad46914291d02c23c75efd3c474055f687e71d6899dd45293a8	9587f38bb3702cf459c2b57eecca686e4b3dc3fde2d83d43c989aabfc83bc69c	0a9d922960bbe800046e40bc448c2f5ff7df8ec1feb3abe063b049f8c2778093	d9a8aa612114206e657e54ec4d9794ea783c09208ff2079c004cd96e9d56aaed	b59e95173fcc89e37df654cba8cde8dab88894f8aaf14d2bffba076d11d9dfb9
1137	e6d304339b09145a31a8e0bd204779e3e066e9510691084993941d680229c9c5	95abadb20c33f1242640f8bf708ef293a90e6f162d2df072a23c0b1fc855d4dd	0b9e3cfed6fbf65566da83380089e7df311580569b283798205c2eed6cec11b2	3b5e7b339b6d7f74fc6285706af3e7b3a32e5511aa5a86048993cdc85ebed9d4	f7d2f2e8105520304f1d6e05ba47ae7552f2ed765ce17c6ead28fefe9dd524bc	18e454feed1760b9ef4a10a64dcfd1b5fa3a17a517ec0adf43bf71999102a3d4
1138	dcebe4c388fa3cc92b0dc3bf6457228c98d3f3d2eb7daaa6edc7cee897537199	1d9f1f673274b8cf56d2c86f99a88fe3d3c9db0de05bf164710e9804f2fb95c8	b5a346210d972808839a77f630c42b9f2ad913e2ddde23fff20a3b6d184d018e	f899ee26d5a9bd8f57279a294fc7528bcf9a34576bd06d596eeba0663b9eb0a5	63629b9434120469e50614637223fae29d4aa9fd9704a1930142b4148f5b1bfd	dd43e170ca5551f98cac4b484fdebbf77ea1ab22622e6c0159aa00f4811af264
1139	baa3e82c9041d4ce2d263f6964e1d87f8ceb84ba2e5613bdfc18c8019ea8b96b	c3e256d31c3416daa90f29872fdae79ef6c7bff1ad94df256e495c824dc8924f	7c50adf0d7be55ef27f7aa4d68ee3a741fcc9cbb73c847a7dca5e14f59d5f833	1fee96e1b82bdec00020af15aa0db436f85c44c0a43576399f895311787c9e1e	ea0882b4e656d8ac3ca908a96fe670cd3e22a18a2255bed7046f72ab4fc066a8	67783a55a0b19d89692f96e01ac1643d5cf4f35c4b806fc207f7341c2f45bf89
1140	1c84dc3ab8da7446644e83a98b6bf1ba6819f77c7dbc9d3e86649dca34b6e6ad	7b47c5f846b5bcd3fdcccab5719d3fead5afcb29928feaa899b78f4213f2d1b5	b7d7dd09e7005a5827007636541a5fa0f08b58693abbe37f4e040f22a2353757	205a00672d229ff016d3efe3c61dce6077c82c272845af20342486100823dbeb	0389c4bd0c120d66023eb26a521d3964fd4dc8f60ac90953c12cb0a5323eabc3	b39b72452a31c15ff4b9d7a17d416ed946494b792acb5e76bdf49fedde8c39dd
1141	0337b37be45e5b3b70bb1a591d7cf8ae6b6e92919c7f1fa8692868dc4bf7cc22	7c0079d8667eb16a09987ad087022718b92ef714591dea86b908660f85a8376f	71b7b5a05d98e6bc0d9630a3792bf463ca6214c1d28df84a3a48bae5b33f37d9	1a2192312648f497849e95c03bc7f403beb0aee6c37778634bc83473de3d0cd3	0e73899d95560fac670e45929ed016554b4472a68be3574f1a20239ae6c8cf53	728a4f99331cfa4e4fea7eb5955192ceaa6dfd9a176a5edc2646c88bb2f3858c
1142	1000da5fe7c672489b6b3b3cb48d85b735a532ecbc1167b592c104824d65ecf4	a0dde7b9c839b6c6b582b4afc94d4f4c48c7aeeededca8e976fb8803a4335a36	ab7f89c0cb8be9e3e23a6e77163c15c38b80d72bb82c81f173fd6e92f2d1ed9a	b59ed08da4664f1ceeb843d61278415739b9a1552b46fbd0895767672bc34e5c	8767c4da2b4b2150e31be5bb51451b0d2d20f014d2f3dfcba6ec4d78a2f89b11	97087a1f5cb0272c806b9129d18ca42864f81b7b7d14364dc796107c5a52b740
1143	a9b8837a41235da2b349a3f09e6cc02a2cc48e4b8d1933cc89332737db34a436	05d8dc2e633bad70d139d51d29e7fd4bb24155e3b582fd2d330443ffa3f22d96	770869b23282da66372b3d4221a2f9257cc6b350cf5a184c25a1d89b8c57b0e6	3e67d4597bdfe26bc7f27a7d38133c7dbf664beb361a1e055f4ae03ba3ec9885	395100f337a7f9432103cb97c8d65cb52658b6e5c32ce29223e7e2753a41b864	cda8c02b1bd0e331e321dd27416ff8dcdff438362e306233ffa868fdc15b9541
1144	821802ce1557b6b05ef90f5b1cf799d79152ca23bbef8e0c61f18bf61a21da3a	b49b63c8eea5aeb0001f420e81d368ba84f09eb0cbb65abd0c0cb717ff4cf0cf	ac12b06293f798a593fd23717f25b20b30b1bb9a02615b8602530511abb4a434	443514a83fb99b3343207ba7209ed1b91008fede644dae6e391bb0a86f573bfe	058a864fc5646332fc65f60892fdc293166f6265dc7a5781f9a2cf0a7e5f740a	0a776672b07bb383780ea6e8bb21cc7107c956b8ad214c499bcaf6c6065e7c2c
1145	600522044ddd1bdd7be7b54278f3658c80fff5149e8a67d494820e1b7384370d	33e38bd6a29b338f5729d0d8389991d381f6f42038905b90463b9569475bf52e	f53dbdb3d12284cf357ffd6774817cb9f864afee68db77dd25ab0d63ff87b16b	08050f6eec5764abb64c498ec5ce1a68d9b8516f4baeca7af05b100283796166	fb6f9db35f5a9bba6fd0d1fd5ec35e98746882d9ab326549e68cf3c46b664166	7a5687a8b3013871b427ecc4a6e0319045428faf0b83dc87db4b015558a72613
1146	ae4d34019fcd1967ad675e6220e263ed62547b38c07ab75821f7e9cfe35a13bb	e63e3f10e9e74069e2c66b0d953216ce4a5775bab76e4fe504ddc663196774d1	0975e9d5bf2a29d7d90deb3fcebbab269d0480426a0f96ec7493abcdba6c8d08	ffdd395c71b9ffec4b8882b5cc6069f77d0b94d60316e0ff36f9b9743416e8be	cd6602f67c66fe35979808a23cb7681b6e0c683017ac177db4f9660886cf6c41	09c2bf055bd6919d460e4d144315d9e86d1d7c4c175370faf505513b6abcadf5
1147	23747fc65225e154a7b712dc94b85c9987a7aa86831d6af98951dee4a60cb26d	364dcd2e8da660b0e60598b42f4f19936a572368edf615c7713c82b0cd45a232	fd0e461b8ba11f1729a52199471d2b2f19593d1336f7c3aaaaa0d887e6d636e9	b103f98a76294a8aba3a37659d2c06c9e1f5c6ec2a7986a578c73b9bc84e005f	9184ff1251c7f22475356be65b9f658844af49f8a664a73a52d4f23e2daf836d	345a4eb61fd47eacef9085df100b91ced85feb7317586c9bb39521fdfde3a8d0
1148	f87db0f8fbaa904f693472a8ebb7b0b87e9d8d7879e4086f94b11330ccfded19	187f34f67fb2ccf8e314753dca81ebd2e8fc6b200697a0e144529ceb31d953b3	6d7017e720a030102534e634adaad4688efdbe03e115942bc5cc81142dbfdbb1	cbdbcf097c01dd9ea0139d8e342e62e062bc606ef301965eb287b7fe285ec76c	98829969d451ff483563bbb9d4aa619a055641e56759e8f0166ba249982fea8b	11f669d5d292f5a6387c50a6220536e0e6ee10362d2bd9e29f4bf95ef37ded69
1149	0f1c5749aa7a689e50856a703becc005d6bba71491fa91a5597ba08c28f6b090	7e0005465a267f257c95eb9821091b6dfc108a182077019203c564bdeed3258a	369051897c0f5b5083483ba0d105a11d5949a405cb8966474261e0a71f90f275	d4e80b16c334fa4b60436b9741d36f4c20642ceb8e8bac60993fd1c2613ade52	d4bf7c4aa9ebc02f1af8cc3cfc83ffdf9123f458629e0ddaaea6cda68f2f94cf	8ab7190c35bd3278a28ab701a87e27b5dbb4e11c28e9533f04fd740ebeff66e6
1150	2308e1f3c9e85db5f10b1691f211f82d6892b38c55189be8ed5b56d21b2f4f3a	bcd3caa35c8ebc19cb10bd7e2eb94903f1c27ee599369fef0980fd6abe644461	7f09e025277c7b265bf25ff71a4a0ebba4876053ae865d5816905370197301ba	1c0b3ede28852a3a96b554cc8bbc3cd6eb593cfd585b794d3ef231d3d60bdb85	1645d6ba35e24d66d1adc9fcdef2d1fdd1da3c8cdb9bc4dbd8980c07cce0b567	094bdbedc4ed28c52660bf97082b7553fe15a64a50013005dcd43f964bb15d61
1151	3d8178df70941adab6ac9e79eabf7451fab0fb58453e859934377f999d2ed72a	f8eafc30286b74bd66721f5711b006300f0b3bc9740a148dacc4c7a59c76f083	0f34a2c9eedb578af3a7eab298b5947256ae8f37f7b70d0f798c4f78a7ada05c	50349f129ba7f11892d37ec918622921dd4c846cd19b2afa99ff7d9d44d550ab	3f5a80154454f7b5066118748c73f3e587a31a1ad1ecfd2232c236638963d380	3c160e4b62cf46ceeca3d52356828f80cb9448ee91520b733236de4b290e63b7
1152	67f50e9abd4403c2c8901f3b32a2d1d2b401124fa2e6fbf6645a31c536ecb92d	ee4c792cc25ccc75dc3f2cda093493eb0c44d863e6ad12f43e5c7ac7f44ff467	7f6d2027c654e3f86c102e5a490328f9ea77eeb96e68340a2618b2764a6e3f37	7706c75d291c12fbd42892acfee5bbca05b620604916fad158a8fc28e65d62ce	78675c2f404b7f889c577fdc8eaac93979268d3b6d4f034a7c947d2d5ece008b	334bfd1335190d7db99fbfd383eeafc3b184482dc8045d852cc776c242dbe741
1153	928b72b9683f919c7e8e1d7bc9085425a3593d1110979ca1a0492d14aa8edd89	01ea04ad7d6c64a5e77eb1d12b731a85428be2364fa23bcdb7d0f78e6c8c4f78	0cf6788fce8afe8f12be1fc2b0c7c52f4a10bc0363424eb5d8c1e892122f7fcc	53f4aca7af82857bc7a19df35b0f792421a1a32abff268c3ab78063064878bb0	b10fa1c67a09233f118922046d9d6bfd7e212cb70debf01f860903241adcd131	d4b958b638e6058fd84ecef385e2a72e61a30b74cd09c4cd2ea76ec9032d6376
1154	d8ff80e8157e2e7b3f25e3cc70afb94b6ece5e205518613082be0188c8f09af8	9f5acc47c5389c37208df9660da0d89a53c2f0b4a681a7a4847960d2f5354c3f	653fcdd95c7e6d34d08023b42fe53ebff89ae54fbf6243a5749f30df68b57094	10dc4052c88db289be52d60faedc7920a690d20926120afc98684e1fb3b09433	d9b664294f563f9d48baa1334133b0f3929264cebc322e2de2a873a1cc728cbe	15d2e1f8a9333ec98104090b59fd24191a8d8b50458f337f00f7a776608be672
1155	e374c8d188063c3a7eacf4c10c9986b7c65d0e392da0f630ca360f33accd12fa	6aaef91560419035ecf88bb153ffd582e25a28f0943fdfe678d9a4bb597608cf	076cadab891dab4a55ac9bbcdd9f1255b443d6b0e29588f8090285a2af049a27	5e6dfe9b95a3393e14a0fcd4fa07e667b9e8a7ff5a7461e161c27042b7cc3efc	f831e1b7e488d1f4f507b1da812c99f3af4d7ece65f219d6b7f0e977caeb5d8a	8bd68b35f265f6dbcb938f0ce278fe0f87d7be5a89afd1c89c4cbe5c1beb50e9
1156	8beabb006cfb58747685688c5c218d145673d088764b6a167ea69cc95fcbb6bf	367bb6d130df3648e488c9790fb224c43ea7dcf25172f31466af50d8246833fb	6bc13f1ab703d46554756c7d8c9b96efdc981dc7d09c2fd1b7f5816a1e916407	0385c19e0d7a6cc67805f4d73c7c0e6e6210bb323920f3b67b3d4a015a914043	33597752f3bda6bada19e5ff35c0a5c6e33deb152328b3f77cf2447cea37eb93	ee2a75958e29b4838667e8f0f59578508f27926fb6cdf4c59a800fce5b258e85
1157	8d23c03bdcfbb1f3e0473a32aa1104adeecda088c4030f6b5a3b46511e225cd2	2bc25da0b2eed0eeb193b5856d293e08847df75d955ad2428559c335ceedd413	9d73d90421129e7c800df0afbcee35133b58b60ee4adce4f9ede6fcce2395383	c01d7882e2e69825f776da395f933a6addde2d5c6536f4f7d0167f13f16bbfd4	68942bebc8689608085ac78b863f48ad760d3fed379bb4e9aa44a6a6985d71de	649c5d7c72c5c2bf911f03e1cb2eb420e589e8af87fe0af718c03e59a49ea396
1158	5c200d069d4f02eb6a6e37da15a7dd3ba976168ac54ada18f4df5c8dfa91e2c4	5de385d95b0faa7128061a139fb0d7828e4639e241f6dc33a8d76ebd535b3a9f	6b2c831f433a6f3a98ead4f782d04f8de2fa24704738bcdd143bf90dfd45acec	aded67b285e61c0eca1e45bfb28ee916cba93640c00c3ebebfb0aff2ff4a2baa	b0728f62131b2aab456ad4e5de03409699cefe8c70e75aca17a887567d51d70c	57f2b639c0c196ba299fbe611ef06acac48f910d2f986c9b30e59112bdfd04f5
1159	4359b779161d0003abaafaf62fa02c779157b527b8aa0d935e42ba178ddfd74e	4951cbba051d1f18576109497a60b45c9fed6318208ebb4d72f52c5865255422	5b9b845f411ec2ed867b55906019f2cd41020d93112373e70604d2f823d8f13c	2bc50afd912470f80966f13f2981a2f75533f9cc015d71792cd5e9f4577d5fa2	9bbf1ac4ec5a770f2ea1f29e2ebef4319f48a7d86cef3c98bc8d17c35e773feb	ff8e6f94250d26bccfb8c69cba388395d2c25b18ad9839aaea99fbec8f44e20a
1160	ba6e5213634aba0fd61a191b60d86dc422399a043e1c69b6d05d44756b51e6cd	f094c00fce0e468b3596b56edd0d667fe4f5f08cffeb51b95417169c21eddaaa	606866de52a07ea8f1fd5315233cb32f56efaaf31ed83f394095a9b50251a678	465e18ed3f5a644f66c90be20f9acadb3d399405764bd020ef94681299ce7ce1	f91604310c199be82526b5a9f2018a8bcfa4458db7441a8f1e8ac961f75e3722	c8f7d035b70bbc931d063b1b83545c184a453f2704275704345d992e3ca80976
1161	cefd4eb189bfe37c5a7594bf98c2ffef59e520c561afecb003cf74f6b1a8a7e0	4d998bad43016a71728233890a1743f32ebe96f6be814e7597d3afd4fef98753	cfbb5e6f15383f555520c43d2133ff06db96477d96f82fcb2592e10acec87d7a	20b0980cfa27543e22c0f03b941209d22485f43a99f6e81e678cf6e2463d393a	e906baa51aeb7a9d5bf9002c4a5b40e663a80a69c3a60532096103105f270434	8c200794c1a6194334915fa560aedfd31e03845bd686a8370314c39c359a4d00
1162	2f891904e07ebe74e637f9c1d04ba0973ce2a3140bba57bd86058ea2c08059ef	28c11101cf4071718dd074f69a1f003fa19234bcbc438cae0bf5dc0a04a1ea6b	e92119324015b2036064723ccd42af092b7dde48adcc5288871bc918f4b23a0e	faa791a8337527a4728cf5f516cc72842ac44d3e3c98b5d4c4ee9edbfd9d1e38	0950fb0d8808217a6fdfa56162834e9a3a01f4978faf8a7d3cd5c0b309403c37	8f0ec60f454d024693a9c36fa6fffbd886f2051c3665e5c259e101ec3d33bc3a
1163	4feebebf32ddc62e7c636528133fd3e41ca5c5c2055af065ceab1f3ac1303a6c	dbf6f172cdfee8770f85cb29344234c3e637384014b6d8cfd06dfda4d68d46b0	0b9bd5827006f6b49993f6eb32eb5dc649b608d7efa320dc5eefcef8ba7a0817	1d4bc53c73b085855948109665b6c40ec03b872cc13b15a7e244913403420e4e	913f5e5e3f96151d56b191f81e114b33d694a4031eea4850eb7da057f32ae12d	37342966a3b0d0ea6fe61c40ed0d3e20798c29c43b22d1fa919accf24fc93a85
1164	2bd7c0431450b91dcf16e20521380b988caf202a5fb7fde2c6163a294d0f7541	903137b922c33ff90a95511609783154a2c2e80cf1f6b03797910288f16695fc	97a71c999c9597666896566f02fd10d030c17e6ecffdcc85ec3a7ffcb0fdb547	7f1b62f6824cc9f13148f289dce8dfcc8ba6890fe4a60eda3aa8a2107a7eb362	c867b4d94bffe0aa9ec4df752d97b2ad7b941c0e19d89390429551118e18b1cc	c07d8a0bfc22583e5f699cd2dc3794e7f673788589a72b6b1c0c629de55775da
1165	059322eb17aeadf9052b607a9eb3fc8d8f9ac909bacb19f137942deec6c0c4da	971a20301615eed798df55d4d3386ebeed72c4516cac47d8971edb47f7eef9b4	49a159e5cd545a2b808f6bef84c9c7652d2c25377490cae881d6647c7cb6f8ed	b501f9324e68eb316ca7128df5b9e0058dc767d02683110582b3fb8b2aa170ae	3f1b900edb56521bdbdd0f9ad064656da2e789adb6d27de4686f42e78b7699f7	efb54e41f05dc3a040663673fdb71a2e0d7ba04918a4c2dc060450c97aa8964c
1166	e8be13603c2c6cc10d60415f5cb51239801cc6731731c058c12c405d7cb68f8b	303fd6618e24621398a36a2e99ecba86be3be000c39ea7defa74e4d209cf4625	f708bda1f6fc7ca714688dc8e74615f9b783a663f0ef1468d5a22b2da3bee619	08168af8fd91105c15ce982a69c495cca241702be42b3424a6f1ec2835599b00	b89893d0f8f96c3086a6426e6e4a0d8a3a1e2277457f72dff23d94de3c59625d	283abf21ee7bdfd0c641363118eadbcd5fbf5864f878f340faf83fb7c68f3304
1167	cedf0360b64e3b58858b8ee1fc6d8deaa9400077791f83b1b8ca0e41dfd6c908	ff092ff43d2198a0ea89f624d66367a83ab8e717f2618ffafcaa829496ed685b	510e682bf07381064d11b1837373a00b5dd0c78509200a11a93d81c3ce92c76a	578707f5ea32414470a7f4218751bf7708a538e8fa6bd6c16642bcb9b85f92ba	a2873ab2e36a5bab61be7dac38324b28eb66fabc97dd2f415973025958241ea5	c1c5d5d776abcea8d1cf5ba494ba08ea7ca0d031aa51aef752536a8164b22eb2
1168	0a542ec73bec1b8613084dafecc0d7a38b121176078f14061250ef5bb42e83cb	c20392bf25a97f1d4cf3a4f7ac29c74134c97ce4878da14642478d258a348b27	6593da39c03eeaee0533a1bc6d62f04594a49da61c2ae19063fee6e469eb95b1	1a3c26ecc0828d9a43eaedd82e8047466d87938a8317164aa8e8b6cdd13bd3d4	d7ee80db04d5aed305c3f908e511bf4855a09f40d7acf9a6dea9d72b250fa8aa	2d5780138429faa8dadaa41dad7eab72d8b5f0487dc6ec7abe3aa0f12baaeafb
1169	3e9eab1dd9c83b78b08f2c0ffdfd1df39c80679780d612084153be6e622e6b5c	4edc39c67f767bf41b57a177bdb7b2e9f8475ed54e57bea05c6d31e2a4b4f339	a7b6f87b728853f2627140f6ad0785bcbbbdf121bea11b59797dfe37e9b6c571	c5389fe57b888ffce4216cf81101eb15ff795baa83364e44c23b65869fe4055c	2e8e2d8051f1d8a8fa51d30667ffe81ba2033f154ea8ef840db18b1d86be4c17	450c5e2af98c04355c7b1e9517c46ebfb8e33a8d69433af3609c823ca27a5255
1170	93df44be293db0faa91936a9833cacf79d7718ae4f83d0a9a29cdb98600fef87	f85a60ec709264b28795e0a0877695b5b11aed691268c8ec3417a34ea97fc5cc	59f85a8c528f49b9e18b2fcea73da3deb3c0dc75b4c663baba35e1e9f187c595	09289263309cb304874cb9faeb9ff0b4471dc4c6f5e9cec61af79e827e1413c6	daec50484cfc551cdf3af1ef77e16965e171b4690a2f952fbae880871d22ebbf	6fb24e3a4c723449ab517293fa2e485ba90e3c6c150330c28cd173496dde43e1
1171	783a0a6d7787e2bd3beee0b506625597d83480b36ceb98e886b8e376547959a1	74b7dada048d9ebf4dbb72fd5b3acd4cb747c42ca67070c2cfa8ac44bad7670a	020d907be4c3a0b924fe13ac770732335708f56dc5e35e99d0e61548fd0f3646	0535913a56e4959ca7130e7c36c0684b2c49a1dbf8b8f436dd7c624100bd33c4	f95c1c314c8821c9f4f51388329db144d91804235790ccaebcc3affc9534e933	e7bf995af58f7bc80afd5197840ed299c5f742300f7b88411b8af20aa1309a0b
1172	5836d898922b3168915a92177e72ecf53555c3bed223183eaac02866c9da2143	4b5a4c4969a7a13f9b5612f5391fc18c4ef9ba916b6b14f8fb3d2a44edba3a5c	c8bbbacf82d576a25d9d0eab2071de56671f4a6bd057df56ab0fe5c9669476d5	07e71ca3928a3b5b60d46222c19b93ff2ca285ee3bd4c425b03f14b021b05658	995340775e93f4167bb39bab65caae4fa97c175f97d47220bae54997f89bdf81	52eaa0b5389270e306966d13f098550c97b0a821ed2f52112a411af03729e134
1173	d577f182e41de25f1335c1a6218312fe430ad005dc39f3992e204a6a71bb1ced	51e444fef43ecd58d8fc9eef36c2cc7ea98b35dd3825173a9c47e5ead01f48f6	41aedc5bfb05208f706f93d29af02a9fa28069d7f11f7f43019f2399eedcab5f	302181192325b57ab8b0ca8b63b37a8419b63088ace27a1b535e1b245d2ca50d	bc658f82952fa600116b16e879597db2ee2f27b0a597141bae4a9d2922c5f883	62a7d0ab5bb01c82b2eecf1305cecb19090163def9c4f2c09a93fe5dd77738be
1174	94b8b601f4d9319093454b659a3715b4e03c55f9136653fbfed2f8f39ed52814	ed9c0e2adcb4760dfdc2a0c9df7d656339f8352749535ff0f549d6263c4795e6	305b58843b897ebcdf265c46b3232dcec42a9f9d0d4a57398d5639ce9c40634b	e1f8b20e59c0b35ad06ded6dbf9a61531cac3336359867d260988fe29f83634e	76cefe09f89d15dbd39df629a58e37a368f5d33dd32edd6e1ffa7737186e3a56	c40529ba05247b1e94576f6772bdf2ff9f35623d91858b20531bb37ada751e18
1175	0fa6eaf44b27988fb7415b5c8ce66f0661867e4fac81e41e3ed3790b009dd49e	da0275d7777e45aedb15c0598bab40e3975e1b6b771e13dd90d20d9b9b047997	54a0a00d37002a16e434126841d4f680a60f3fe74a5991f060c04e186a6610ae	effae928983949bd4aedaa93d830953b93e4c2b61dce5f8558feb9f72beb2202	c05d6f49b609dadbda5ff190e6ccd1769d3b16f6c710a91de9b6fdb126218558	2197adc349ddf1d3a44f000df0bfb87b1b58685a0afcaef2985a3f5c70f06520
1176	19507b4da63cdc3d45fc36d0e78eedddeb52908e3c387f9ba3b570d54cf08a3f	3f0d155d14179054558c71a24100195531e317aa827e17c41e3a4ebe6bf9e77c	17b00b3021b0b3b2e07d1088f8e22d729ac8a418cb37f90d871f64b966c38e56	68c387106e13d4da163e29a9d3ea868680925c16da39f80bd9efbd64a03cbf31	9ac1c1fd450adf72d0eab25b7b662b1fb094c4cc148e75e1e714a71a3e2198ba	5f607d3d7f80d22043eb600d384b804b7aadab441ac81e2d04719e2c418c572f
1177	eadaa865bddb1fdb830beaa11262fc931f7c0b05900d9ba9c625d32b59d9d77f	9ed27635dd4292059afe64ae9ae0df79288a55b030000280ec9ac072ba619a03	44ba3a6ccda749b74ee5135ef1cbcf797fc0df37844a9d12cb4277f3847dc26c	0774c96187b44a77171be8e1c79ac1da53270729e5dda2a0ac5d052480632bb5	e4fe1d4d704117324a48e44d1d51176ef29aa981a60bcf61e326399f5b957cab	73638286e0f524b335fb565482b22a7ed0e24b6551cb06809e91905069d49463
1178	133cb677661a71e25e63641fdbb685bfd47a1a956fe8cd94772533c10a98605a	dfa2af1dbbc1d427bb6577ecd61b76bdd0309ee4e72f959ece45e7c3b6aec6da	02813cc09c0cb608957ca3155678800e0c3367a9656bebf72f97a2a8aae858eb	a1e9936f17b82a76af1aa72f69c5df32eb5845ff8975a6b77c819f409b60a4d4	bd9b48bf362bb0559536ef16c6a01b64862bd7b5991292297743cc7bcadae5b8	e1a283af30704bdf97955908a6f5bbd4f00cbc98f4fcf4e5f450615e53cef0ee
1179	297a5f8fb6e813fe85db6688bfa0900a8d2fe760abd2a01d233fe9abf3780436	d8cc8ee5600936fa6fc135658cc0f9b3d87607b135e330617ebe0fb3358c270d	3ee8344e0159fa46be48090da614ea85846da5ac0da695450ac473259f889418	ef4849b1de4208f539b104a03d07e67e17719d6f2ce94841b7d9e8bb30953a00	42f8af879a3ea87e97e6cdc940602803931bf5eeb19883c5a3a51eadbc70030c	f9c8c88dc97805d4aad951dfdf119c12b6d989228b5c1a9be2dcdcade527abcd
1180	030b41704951a06727509e04c4ed03836f9e10d586fff5a4e7fa0155b6e22347	41bf68c9f3f1575942851b9b5927ae16d7140bb15f4e14d9487c3cc71af9d6a2	ce31a2b1694ca4bb79a79ce8ab775f430a6126be29a0e6532bc7c5b121fcc1c7	340267db3417a4a371b388b7a6ddcfca7ba68d0538b95a2f4dcca5ba95a3d886	db712af007115586ed2a293ab3816872e24c12a4e6e575810d31829349c51305	14be7683de1bdfd3232524160ea581bf747bb176968fc4de74a78f5fc7a092f1
1181	1f3e2bb0495632e94103dedeb9feef13f2a48a358125c0a99af651a5f9ec534c	c2a3c84923f74b5de921a25f55124f8a15a422a1142c055ff3ca6c14a3557533	b937af6c5e409d6ba169d60d47bfd5f00b092904b198c9c03f48a6e257f546ee	225654f74bae6a14b8c159d5d877048f8e57638b5c1a7f35e6dec717f260adf1	80f795a6a01c197228c514af1eba8cf8d6f76470f0419be0ffd2e5da41e1d3c4	822385f54692e46e5259b294dd551e391b788cb2be2d8711fc471b200630c2e8
1182	0340d6776b1d96b04411c73f38591951590181fc2c1b1d7b47ed26b6fff689c3	11c8f11b2b92aed6fff70b26ac5f886e961da716e9184203a0c7384203f7439d	a39e473d3e81dec945c146171526496d468c760e9e461870e082853470c92d18	cb79868f551805fafcb7e978bb6455e99fd94031649064ec94789dd29c442271	4e2babb05f7a466ae0c3ce473752f74cc26411ab933b0cc9309982ff293088b3	0486b96d283aaf0f90441fc1f0694cb3cbfa72e2e8656865b11e6190dfcac0b2
1183	a59671f111c094ef1f0873f0a56c1c67eba68da99ccc296ff02050ab74468df5	3bffe068300a78cc7c6e819516c995334bcecfd37ee6c33829f2acfb2ecac14d	cbe05035baadfd15b0e6899fc227fdcae4907d228ca2cc8074d3bc1a5ad2beae	f03f940a35ac4f109ef68dbe94e3d6c6618835b299aff122108ee941dc3ac2ff	a1ed9cf54292d9717cf68f077f5a15e681bbba502da81b1733e79da645b37b47	fd46c428fed77a5cb0a3a16b4c8f9da4e68bda309d57021fe2a548d0a2efba89
1184	d11d46d899ba8300e016f3b22fc1c30f48949e8a8fe5f0dfa3936b0b42274ed2	2906d9ce28bf68fd78a15736aa834a3ea62a48ef08b0e4261f26d9d31f66106a	8ae62ead126f9312ca30ef24af06a3e0b4581459d8afe78b27e9bef0d5bcb2f1	06fada10a38b77e1c82f35da41effcf550d142c28fb0594a46043797701a3dc4	aabd0c26a02b3d91239ccbc5063acb08a2963ef512eef2db9df142a5c0d158c1	ab579547db863dc26715a8430a382ffb4d6d9f7c4c0346fb0cc5c2bb92c690e9
1185	48f0ca3013879fcd3a3b423becb8a16f82f06d1d55f7c03055ff5ca05944e078	67fe5ea14fcac48cc4bc6b2806e63af4985de8e659be71a8d88e459db762b49a	755b39ea17c5cc70c77dae1b4844d09a90f6421d20da3d36130af20aa2b64fb1	da389640c3fddd2bfa6cd94fcc8d4fdbf988159216473fd915d738d8c0558a56	48309be5a29857eb7d1f1841d0bccaffaa74339b46dfb8133049a56a0b69b35e	2262869e41bfa6d1fbfa0e1f747e81016b43c36c09f2d4216a22c532f66269c7
1186	65732a1a0521ec6aa714c7171963696516e328d4d0303e5b853a7a0d88c3c33c	dbd28d8c8af1035d271c5225e6b2aa26a8e3f2c7422daf49d5877ec0e50709b6	30159c4bda72068bd00cd3c58702071eee6fc42400d08307806ed5ec0d2671b6	90b269226c9f787096b5756f02c467cd997b6772729e1dd1e2f6e27d94772591	056390eeca083592cd6bbab4f1b77f6e65536075a33e85c859826410c64e3a52	7577563d92bd953f9b7cb07fbacd5202b85059e5910af50f8e28c4cf351cd413
1187	2ce60ca01426a6cce0f5e9adf630bbba72a1e67cb2416d6b9a3ffeceee816f80	16837e6ee70ceb6f059c264a1c89abbc27f37c9d0e64b93fe19db9f6b78bc08b	547fa117cbc4d90560245128d5feda0d9a68b439fb2ae3a61e84b3b4475fe1c9	eb9e731146287807008c8f8550c07a7953a11cc12163f5fb7e8e70a16235f87d	b6d4371574dd33f98d90c4e800457bcce60d02c0a5da8d3dd41281f4d27a2cc0	d86bddf199e0a24b46dc4c038e625436f28d8d03ea7dfd7cddc928a765e41620
1188	3d355498f3f8005a276e07f4eeaa5768926f7b132d332ff6e657f8a32501b55e	6fde3ddf73c06155aab7f5d652bc291f96d21941a298fe154276b6090325b324	88938b401a5a0f0141e79dbd7a92295355d31f6bd1b7c90f68098848e675479e	ad0ae1aec0a18e985f8fd11f9346a02aff77081c215b7db3cbf0df89fedbd5dd	2a51ccdc5be6e05c9f5bcdb96b3b17da7a449852f473654401021dcd20698412	85f13b83b399f1da9181b321247fd1e47d6f72073f80ad040f6ffb9f6c6ede38
1189	ac5bc1cc4d0015661a12897f8d143cb356e1854d2ff6404e2f75e1e84c6adba2	aa03abe2a9045380999fac084563c03ff628b3a737e401ea366869ee02dfd4dc	aeb89d86611e663cea3ad06e5e2afed82590ea83160721f1a5c0a47ce7faba16	ceadf16efb98acb482067ae8a9f74cd6dc34ab2f2935e1da843999fdd2f11301	c6859016f25d7802ce10ecf47ad40350e1896d25cf53a59b3c9d9ab45e939834	6a7a078dcecf473b7feb4aa6e28cc411c4bc80718309052fb6a98c89e6d7196f
1190	46824101e82042c18700c664a6bf4748f808ba1385c74641835b908e707d7612	1b14ce42bc1873c370c5a3cc84a860cf6469c427e638d0518773f91554ef36e3	4a060150f16a1d148741bc91e5b54629860e3300c916f66f2af47efe2f191a46	aa1f66d9b383155bf59b53c5bce0b3b6599906d408f938229b1fc8fe61fd467c	4891096f1c0e46fa6bd0db16166e0a9d2d4c437d58b14b7b6cfe6eb13499c556	0bb68f71acd8925d63e85a73bbc91ad3aaaeab05b105c8a4450729e09a336e9b
1191	8ecb825ac811943a3e878997ae4b550b0bea769dacbdf03f15433b904ac25c16	65b0d2dfd47359e65591caa944ae171edb77afee26898b1de0d33bf37164292e	228f7d35e055136617a3e9c44b3b39d8dad7e3ec459bd04a4b6fbadc082cdac7	118ff433379898d3027e30d9e88da3a4c94fbc64f26a6f88d4bccab5913f5502	17732d1d8f824ba156d88ab163cd0e5e1cc0235ccd56eee3cee2d51ab766a8b7	ad19ef80bbd9cadc5356aa8b861c48b1f580c32341d34aad8b014c90461ad0ee
1192	bcb3405675c93b720da55b4843930a9dc87abde74ba664dc95086fc274796fef	955d2aaadb480955bf974ee727e9ee92cb489b02bf5d8143459fda09950c770d	249d779b176329082b5635175412694cc395a4dbf429560f405c0f737aa00f98	0cd7374090ef1b5b32819c5bea546f8723e53fb45574b51e6e832c4ebda23a36	32766c43f2eba86d92ea7224cc35fc63a4ab185c102a87bc841b570be6496023	6944cb99ba10de115e5e2e4e702eadc0ffccb4d758dffd2e2d67f877b3bf1302
1193	af0c8b583f2c723493bdc90a7850611c7a8b93b5c3afeb49a2c3bc91e12898d2	5004624f4724d4fb6f19d300683c600e31217a432de841f32e03bd937bdf4bf4	d7d2ed77d4d462614ca1fc3b353680d338cbd6c2fcaa4d55afa627bc87a77a16	82a259e2fbe4cec1a0c95fb3068cae685a66fd4a9f367d63f833fba91cf52404	97b777cc0c1c212953224abc8e150aba0e19912d8873204fd13fc8cc833d2edf	abed03f6bed034df59108e76dc8130c14e1febf06c453e181a9c78145051d25b
1194	855d292564f84344b41b28126be814067a285dae6a7093816e2cfe7fa2ba9c58	e750ca9b8afc01cfd003cc16bcfdc182e499fe92cb4ec7d0b86a876588f44da0	07dbf2dda3516b40e0619920431df1749c3b32358074c75f464bde9140e9b8c9	baa192c1099d3c1819e9d1ce39882be7fbf32f73e1116ff43abb33db639e1457	921da3c42511d120759d21f55dadabc58bfd619efb619c60fa38b4471e83a1d9	ae86310b288b6a5daf7515192e19ba50b60efcbb11f981170fdaf98868da6ca3
1195	52c95f40000d06a20412e0c7b38eff0525e5683b8dffb7bc15576fd7ff0451a3	2ab10015446b65859d735a712f8e93417a3ce256621bf5325afa926bde0aecce	ab1a97b92490bf495cab9268901e9c840f30ad147c4f6639cdac0f197db151e8	6b86a518c2f2b646eab614792d14715f50b46332f70fb656d8409f7fdc7a17b9	04bb4b29f6b9019410c7174ff5f22fb3b1d2c27f05eedd3192c8fbad20b64771	1954b2064478ebc868ed96154c5957dfba1329043309557d0a0d73e0ff0c22c3
1196	86b50cdaa46af40e49302157d6e6079c1d5ba7a71f85871496a4145fe431b005	87aa9d5efd1f5db4ccf5d55171afeac652e9dea6c14db91ceba3125b6e76c662	2371744561043970ad87a961380fb0be4218e8b7a85531bdfba8f27fc7c44858	06b56112df31bd9cf1b950d418b4d2b9edf5cc174a4d394c8586386d2e43c3b7	fb47551c936579c22b9c6558f0420dde80b31d94a7e1612d8d3391ded377ce69	be1456b3ea0ee6044a6918b7afd97932e4b5fa0e3286bf3b4febdcc9078debd8
1197	281210cee3ff823337f68dc098b33b7e9396a75f7f3a774eaf0dccd6ee01b3b5	a4edf25ff776afe83265d9d5cc2baa29bb9950c4557ae532935d13e97166f93e	dd70da50f1f62acb604ac4849ae3c22b9c39456a0971379b85ebccfc0e7b7e57	1e59a33c8fb85df10e90a4131c8e71573402cf8efce57f0f3b0a4ca4c4204422	518f153ea0fc653e3bab5a540854f6d10527b57ee682ab722f8a96b0cbac7bf7	3de33427b02e900f4c94ffb7079ad67fa25365775623aa5d7ca1868eed59ead4
1198	110efba8f6a086c17b77823b9233b992093f489da0613534668db2436147b7aa	2f7b84f4e8b14fcc8a08e3e07a176c79737331940e8309003272ea8a360cca06	44ccf00ac7b4b277abc87ad4952ab21a8d52eb91aaa51de1a280e41a27f2db37	610c3a20d28179dd7456f57719a651ad6adc7fb87c42b83f1e48d00639043281	c69187b4920833cfbaf978545b82a8a830e1946efa1573924813e2dc1ae095cf	bf71382097432756f3f1cb10e22f6d2be280cd5ed394ca8ed6ebf11ee9df82ee
1199	2ae16e785d2af1017f913772d271ddd78f57876066d5d7e3848b4b8890f98e9f	9ee01dcb3957951056157d909023f4160134045a47e95e7f22afbb90ebd9a32b	9b68d460ba4b3d425b32725c643ea65690bc31ae4dadc072aff7b5bd5c4a0e8d	9e6d2d0e467c014b1324d76308690d2648aefa859632c137e98a19bdfc830e73	1b205d2d1c2615959cc0c954f55b8337734a89f70c0f9a02248e908a48f5c9c1	76b01ac069a30ea06fbaa6747db62b6598532b0709d952fbf0b2ea1fdd63202c
1200	f2d04a0a831adbcb7fc48ef7f69d2ece607990a424059fe8a0bb7701407d3889	3a08bf1572a89d6f5a03c8cb3b7d4a5d1b3cdab7db67bbf22e54380406e1fdb6	2082b950b214536be6b038b3de84bcd4425bce500385c31a88f264cb5df870b1	37eb77051f6ca322f30cf3c2f316a658c7d3cda87b4fddf1b8d8f4e9c78d5eb7	8319a12687c4b3b8d919665abd8bb5f024c29d434e947ee132fdcae295c61bd7	ac14beb600010fb47f712ad4327953e531075189188ba4410cac99e110e7596f
1201	226e0adfd454d7bb7dcfaeb7136e19bff3e9e6b29119de3c5a05a3fedbba9bfd	076542850a3af220bdb4774fa6dbe0be51ce142fb46bc210ffc7900e888142c0	9f51fe01f024c0d0d524eac22afa7d1b9c520f7166a5f63d3b3ee5d116ec00a1	19e9355b326704419422006d5818417802f2dc5020e8cd1414542c6a7d03c26f	8016a94f2c28a2b20bd31833c4b008615fb50ee21d2010dee71c09c3cfa150a4	d81c3013aaf37d7fd5dc8df0e31018efaf8b8f2c802373c106e138c986ef2b91
1202	f53b7112dc81f12263a6fd6082e9cde336489653956276760ae7694be5fda33c	bd43fd2d123ccb430c236ee0f7d9f74701317efc09dc5e932f1c36317f349764	4ffa02ecd3d2206d495c7c2d8a7e0d9c867acb4b6d1b26cfa69f114ec4fbd366	0058e359b4069c951091f16076ffbd9570721f0a117e63d05c7f279bcb019940	cb689273137724fd60cfe5c84fe7a0334f60aa2e8fb6b7bfdcab9d77ce5f521e	81276196558320f06f7646cfd0526b901a625703e0d6028bfafcd48c3b5059d4
1203	ad76315dc332f7f3932b37dc7ad950e70dcff8ec3c3509c12c35f4ad7bb56e43	5ea1af1cf4a29f20795d65769584a3d332b50a6b61b81df5f7b81f47a5228b61	3746045d775fc456dacbf4618e7a773d243268878063fb0f22762627fce77888	74a47ae52a408daf2c05dc04ea39bdd7a86cc465a0e8bb9ef3dfadfebe30bbfd	dfa3c9bcd4a075e8373931c4c166b60fa04582c0235ab1611e7f31d614a046aa	6a721033d5da8757481ba4093c6f433ff8b86a11aa6908c8008df9884fe02550
1204	d262c611a6d50ef6645b9b70b10ba333f2aef6100fb0cd716ffbe1fdc7e62fa7	a7101f653a4ce928101bb867a806d0883db095c56665967a56eaf5677adb3a3d	01e408b1c0348eec80cb04a3616ec637215bc7b86d2b4c937ec7569e27a14440	98013e32647c58f6fb61d5ee8c0fcde0ca029b6e0c452a9ab2c17a8952ca0892	56e546aef619d897e51df35eb30c19069041d9e0f37b3aae34a366a3b5bda386	5a193e41bb9fe759afc530b86984e65949aa4243b80951e7f5d2983a585f0702
1205	f1470c45315134433e9316c08e41d07ffc0c192cfb894a8188c2d2daefb30a46	8de01682d4cb0b57b7b661f3d1185e1b139ef196ecc99bff02a2788572382c7c	64f85f1b480eb2522cae2692e8b772d663691f905eadd95a1815d76eb5bd0e64	ebfad7c74588979157b735f53ede6299beddd3cf010c6e7330310d56319bce94	41f3eed6b29efc97b4c1a6b35b10e3c0630a3b66ea8973e7bc9b20ebf09ef595	72f610040a75a57064fef6a83c370b551966fe8af12d3670c95e4f125bc17372
1206	d5883a4b0686404c4e17826fe56d5dbe45cb18d5652c4f3443542e42c79374a9	0823894b49bbaef96d352f7d990594bf9118ff8b5a5843b9ef164e1e4321b36d	474339a354cad777448cf1de2fce14c5910384201b0b5e236616a9766fc75077	68cdac233a093597b723425eeaf8bb279cf6c0d63cfceab12dd457e03e8586b5	2924cd2264cbc1f77d4354b8949a836ae7406c30bbb631c8a614ef3302921553	6fbdf134da879773b72afa607d8b4f3a78cc36674be99aafb45488ef5fe5a95d
1207	f80684d14a06d5aab07dc9f55714399da57e7ab5189670fd8b2334bbc48420d5	3983957d5d9377db42a34a772993f35539a0e61c1816993ac15f53854196bd2c	c7b66c4a1567d52a79e782e5fcd1af1e2cbe29197bd4c9c3a4cd22529fa2ded1	f6a05e5a6127b52607643acd61b30e8e0d2e65ddc543eb7655c13fe2bc966528	03b7e7b9f13524b16d18f6909ee33a3d3d5f61bd0beed8558b272cb472e7235d	94b3eea7267967f335a20bf8981188a9af250bd80112241d2eae3cfbd69d7baa
1208	8a1eaae203fe9c40e4f7c0bb22337221794848ace76efeb80b6fef90a0994f27	84c43879e71a5ba251f8e9cf399dfb5290430228d2dc266f15a936e3ee93d7ca	ee8a2a858a3c072566a36fc7053418399a960856fff3935b08818291079931a0	3307140aa76134b16e449da98ec1d73f6559f12a8cefb0d8792f62c940002f72	14595968722f99367cbbbb22c3799f8a2d0e035472ca9e4f87c86bab40f80ef6	8c0da434470fb14a5627bec19de201ab38a46c47b8406b19c5a8179c8038ba9a
1209	e0016da1897c5bf9546e9e79f21b033f14ff616ed51d7d87255cba709c4492c2	38834f8aa1870c5a29b4461ab0589ec38357395b9ecde66ded93822913c653bd	d7688ddb34b7ac064a061b8a29d27a00ee5967a4d6f48501a94cd3712a22ab22	58051b0ab31fe5b5f0714fee7984000148a0dac3ab503508e136780fb51bcade	4e49352a22748267714c905272103531e0dc1c1202a3ef995129ffec49e14f29	8b8fddf0cb5a0075f45be181c958c7d0f01941a7918339a02d035aa81232c06b
1210	c700bf0277da17293285d9b7a4aac131dd655178e00c68cd7c1975fa00a1b0c7	4cad6044d161095aab71bb8d3f2503a542b17ad552943e2a32ebcd780399305a	7a9710881311d1b038945d21bf992c93cc6db7dcb9ad6b44e77e925070f65df4	f9c966310d724c002a4b7e17cd8e2254e27573612469900843bc68a6860a9986	cb0959e33cff14a9a5033207007beb4089fd372c834b1b7f023cc2ab6bba6f00	d18b1a1bda9bc604365f0d1d0d8cad3e76d859b32f9dc090d0afa7c96ea82142
1211	a0797c4fdbe9e3ef0cec6a8492ad11731c98b1feb9f9659b76ab49dcba4dedb9	a4f8f8786a7133c8ae7e42e60fd13c761fccf374e7fa879c30a9afe9600982b4	fc949566ba0890cae85500b933484174994750a144c281336d6d685594ad755b	8c7940b3e77e05fe3a1f5ef0f22750b7f69e8b9c44b65f32c145bad32c70b56f	22640e3dd69c413a1f53b458d362fe7216a298e6f523ef34b2402098ebbe24f6	27ebc33ef14dbfcec542a3150bf4148f6ce29b68eee4321da8368b7a76516a4e
1212	dac0a50d7354d49172160a6254c70c27fd54648e09e75417e63cc4f5de654852	a2f3e82e180e94757d19d94dcb0b0b366c889256fde7ef8cc610d63e71babfeb	6bfa02f8a3842f4a4e387c1e3088d1432a0fbda438732a3a214d55a7ded7c6cf	1372da49046cc41181ff8f3993704b0ca9bd3150dc245e02b1158b2876930d28	765e5f638b59d0013dc09750b01e3905ad10b5b433d415524d1ebe3c16918588	3c97e527b0a5fe2706774fdfe9bcf248daed79254b1a177e32ad6e4c35c660fe
1213	532a0c85de6e8f86c412edfe12da3b7db9e4cc4a9b068095053c3de750518694	80087a0f2b1c546eec48abbb95502829f96d9cdf2d996c11149c4e7658a81c50	a58edb690f61e5066315d8528984731b21020b1ce8c1ebb8950c34daf1f7c6c8	742055b1a246b782f27164465b46d0f24565068275109e907d75799816f2654c	5f353cd931bce6c96a88a24d24914416085abe4a12f012c8148f565fe09aba52	6ed9360970a2941d53eb3ffed2ed11cc121c788af40e36ee10393c88a5e52b94
1214	a2df9806e854e89e1eea1b6f501cd7f2e5acf9ee385def282ab00a6bb746b1ad	13144dfa1783f6656894e92d98cbe25f71e863f35be65d9b8aeab30ca8259d99	40e2a530ef905c5364d7fb5f7a91265591e631f48571a76a9f9899ee1f7f8363	bf0b9546e8498f209f99617e00d87b23b17daa9d0fd8c2d169991316208db358	d939256218745a35583cf4c9edfa7f7c869bcb7e7546a1ddf7ebafb2fc68a1a7	0aea64e54a67b17d725d36dcd3080644b015353cff5b9ecf13ea2129b03e2923
1215	c15aa3d0c7bd9e32cdf29ed9f2544b5b2d675e9d1392e9cbd90bd8d918a07cf1	7ee8d43f01ea8fc6b5c63a6f217078df47264f09c5ce7aec42bc2cc9712ea416	9d4b0f0d6b6c423e5fa10f8ab50cb662a3fe4536adaed0557783396316d5a455	ecebea808ac9aed4a70e4c8a31dda127188c20efd4f5d18050dd94263dcbb155	4eb55a6000ef55d8d56dc2b1eda8294fcfbab81e6aed7e1c71b1d72b9ca25341	29bba5f05cdd1e7075375c8893f28e35c0971dbd9a1f12d44c636cadaa285790
1216	1eb1577d5ef3ca85c430d60738b46f731fcd471e3ca2fd41cffeecd39bba671f	d476952704b2dcbf5b0bcb139823817726d965407e9d832567661d3a0c9690df	26f46f670602bc80db9df562167267ca30bb6e136a9428e4c48e20ef97389136	ae0a437a788d79552e5599ee6375516d40a4d6b5f502370f8acfb66ba99f6b70	3b6ce5eca01dd7b0dde52b6c12a75ba8f9198c8e548ddc9cd718f9cccf202856	4808648d8c0b4ffc5ba5909dd3562fe3cff10e76c934bdb98eddbf2f860e8726
1217	f0e0b4132567d6e41ea75ef8b1268e0bf2b365762e2f8370ae796fd0692ee65c	e3d4f7a5e37cd5f46f21f180bd21c363977edba4c4706ed4a6e49e0622c50eef	4e77eedbbb18ad3154ad67e5fcdc60ad3d740cb2e982dc5a538d803b09475968	c233b680b4f5f5d647c18500d6d792e23c0b2df852412a3b0eaa8db6a59df219	93460100f2818e60984d095bf43cc9ed814436e78e9181743615ffc34f6576e5	884a63223086db1cfce408a283bb8c3fb9f85bff4ffdc4cd7da540c97b5b6733
1218	640412efbbc844024f7a18ca45defa4906ea7ae3d6b99074d71c528bf25a09d5	e38b1d402acce69542e6a68e55487ada748f2ba689c288ccc2e1310157ed09af	22d1425e17818188d704c954447060339b0455b6fe057355cebf93f75d7c1a5a	772a8a8e3c9160eee91916dadfbf84331632c817937d5b8cb56089a14ffbf910	1a70caf2b89e392770357fe7123dbdc304dc0ed766e5ec10f7a20abf3607d996	b68ea956e0b859233240ef580258e2e1720df42eefc03257c7748b80168d30a4
1219	82e26881b558b074d0c561606c30cfcaae4e732fca75a5c5b71005590141db83	d8505610bf3044f0effc0de8bf41c175f71182dceec243022ca6e880c8ea3953	f878de38d52e5ddd1c02c698f9a0b214da3061f48069d86200450257e4421b79	0a8c4dd8eafa98948785263d16b8cd59c7c3875f388e3a775e3c63b28da835da	564eb6abf976d2efcf65c2a2c8cbc2e42a65072ebd8f449dadf502670f837d7e	f5c5fe7840e3c22591a7f569ab4efef58f1fd29650a93bcd8c9c2117e17ec3f4
1220	9478f7cd6a65bd2bbee2c32b3f48cc966e6df822ab1156c086bb441acd3fd0b5	8f0b83d64486d2ed4abde0242d224545b559fad30ccc11ce2e5ffc4561c3ec82	04334666e0967535b2ff22e94ec681ae34874bdfb3663f664efc6ef1588a1d18	9b5efdcf77503dfaebe667c00ecdac8f1e3222732ec5e3215c936e3a64ce48bb	26b89bb8c75817869220ebc31b1d20d719acd5c8e9feb7e3225d35e7affd9a88	ff744d23be9035f6ab2c6875aaabebc7fb0e50972c45e0f7537d7a0395b29545
1221	1871b6b97b96fb98b4469f2f62a2bc44ead9922e7cf501f13ea9d872177e3e12	8160edca16a02d366853d0d053a0f12ba935752203dbc577df83fc402c74116b	850e1e4daf66ef18bbb284118ae9c23f5970c94e5d2658e59e417947e6a66c37	b3244d1e19c1eb098d59fec8b668cc150201674f5ee94ec91806f0a7c2df892b	3e7d879fe05aca1cbc2f0eee1f18722cbfebf18e9e3de018d3f53da59fbef7af	b1289745438cd8caa0855990cef54046f43bffed373ac7708feb92e21cfedb56
1222	7dbff97327e192cc1d6ac65654dce5146a071c570da7071367bb8f8c3f725dd7	eea891d739d4d1491b4781d97fc7c3fafb3030ffb7c58a21fae18cce42699abf	7584122f71ad85a307aa10987e43b49561f67b9d6d171c36b7df4e3357ec5143	0745d041e36ea55076f7efa380000c03bf4643e265eebd28f1b1298a98b50547	e834d89145052cb52f9890e3eff527cb57aacec107270881c27a9c4a1129e021	25a856fafa34a1c287d60b84cadd326d605917ad0c4e1584e7c450d2b0a8efbb
1223	20f22c53a677ac0769a560278844ea7f604294a3e64dc512b70bc64abfdcdb49	991de47ed4f38e483fa561fffaa463e3b7a7dc2df77e81f33183581da9e5362c	c68f4bf3757cdff427d1d1fb8efba23cb43ab28a30ce10035f3939322f732867	c71fd19718079b379a8606a09b38a5291ed2e605c0c42a9628b600822b5523ce	00364bdfe60d0b76458ad1d237431a64a48c1d01124e6b010cb28c680a1f1b0d	fe418643cb6c0fc518a26398f56b924a3f4d7fd1ecd6a007372b3c07402fb229
1224	7a9c604ef95cc11d904fcc90504ea6f3f9dcbb574a9a35f238ad063e0777c563	771a0137cdf6af2dfa3d370e2878c70f71e029be504ea3a44c52e227727777a3	f150c92c77f7f421bcc453093533248813bf2409329fb88de42dab3e814fb913	ca8d32e845602b87d79973f84884cec0c774c5338580a6833875fd6d6bf71600	a26252156f894415b484c4a6a62436ea86b1bbae863feffd75db331f15c79189	e42b103078b1e72f927a5164e5757a1c4153caddc9db972b0d74237e21b0f650
1225	3322f2a442586bec433924b5e96c5ce0618349332ecaa3a3d97c9b2a6e1da08a	8ded4561e4b90ffde47dc8934d8b20bf4f2215fa904883415da7ffe40b504d55	767be1515c74100b4a2a4acc7a95a592958d168951d2fc3c9b51ad485bb11e58	99582e68c5710cf97d82e687e038772428216d243e5b9d48149fc5650e74551e	de70eff1cff902e6f10209c162a225d483d855603e25c753b2fc9e4b56d1f4a9	54acbda62c1e687ec84f72d5cfd9c521e5fddb2e4dd0c6a61fa258b3f8d29e96
1226	d00238094e362775a2a197885a743c967787a1254dd669583086fd24da99d854	ccda486efaf4c487a270e79d62392fe9bb86d3947826148798b70c99ea8ec276	d88a8957968dc3d6386794dcc9e886bd1e963b5d63c77111ec3227c562659552	2a49a9758f45a1a65071d03ab921bf1cf9335e115472a26eadc3031480452db9	bd83246480610270a560b10ae423a22886ce6f3944a51fa0ecb3759b89579a2b	4ad0c58ca27cdb3756bdf37c3ade0688162786386258ba5fe9a0ffacb3a77ec2
1227	a520fe42e3d2c31989e3ed97149b2564eb1b86a75d6d8b91cf2d34244af04c01	cd83425ee850e305f9e69a177606b3cf6a8a2b9fa7cc7a19043099ea40ec3852	20e5a95032492c0814cf6e1e9e32330a9b088c76e68e9e0fb05c04924f4e0801	b6e97687fae512ea13c97d82050c11d24f8fb28f71097aed152173002fc44d9e	5fd5c2cc65c9c14aa24dd72a8f538f15c3d307f34e95865af1776833a5296fe6	0c4764df67f2af2f5f471e5100db559342e6bddfa1aefb17febef01a6f02bddf
1228	2e298023f071591d5fe1b5ffba6cfb1ad0c078c1ef57cf63e7babee349867e0e	db91cddad771d742518e686848b297b6aa561a38ccdfc0b7334281c42807d25a	8f040a6cb53d9bcaa58fb2496faa029b0dc819ab00ffc1d3f1705db353c287c9	7db3a5348e10f5eaca72996c8614d2dc98b5371450814bd3d0a7c55dfba13615	6adc652249cdc332e89ebcaeacf7ac76282d384666c914f2d837d77f3b882072	d1fc32fbdea517651c0b390e143e77e5ecf71baae6f443f636b36159a9c5f913
1229	276c9e8ce3e9b23529d2f1b6dac9f8b3414b59944fea79e30a31b4812a74b3ee	26810a0c4b0a1c2ebbfe0e8c8715aa74b8d3c59686ecc05381b010d0ba03eb6d	4b0969abc2781aa2cbcb3b82a47f600a61b851b6a68ad9a6b21a33148350356f	c118bcb6b26674bba7cd6d95412d1a6da1865f25e9fd261e1ea083ed721be667	0a70f28683013a84df39a9af8db028a254a4071bb0484985917f6cb76c4f30e6	23feffd99aa35d57551b4b4631ba04dc26ef55269f56ac89d07659ab5ff00bd8
1230	470a70f1bff6657a8d829a5be863658b265c2c847bac9a9503a669afee64c07a	77a64a0db283eef148551eefb3a9d4f3e6e1b19a2715291e71f29f67c924b74e	8a307e79a5a51972b21b14d6ac1860194738c0d8d54fbe1422ce023c44b48021	55b4af475147f15c7cc976acc758f3818161930ea4eea265ac8df444c8a1c7db	684dd61331c5dc1224c8e1169c0193b245878c00e54530d4f141d9123b38c912	f43a4191e63a121d78f7a4e08f1d26fc359681ae49c0309e69c91615e17c2ed7
1231	bceb3cacf5b795467eb4abe75d281ae6a1c576c300289bc8d6cce6faa7d61b89	fe0097873162c2801994055499f751296fc2482888676ac157a8cfcd2197eb8f	1aafa26385262c5c5bcd514c163301aa3d26f391792b72179beb157e7138ff88	1d29eb9bac7b3dfa6e4fc629c1b0b66642fd72285edb9a49139b265a6de90452	edffdf57cad3413b5d9dc3a5770e99f4594f58f4095afe8d9856225ae844e7ed	b010824aa1ff4b427aa2147d752caafd016676f64f9b08fcd0a603b7526d8fb3
1232	14fdcb7f904d61fa2092c0145d253844684b775f05b18dd5b3720d9d5ac81d69	6f68963a201ea45b651abb64bd952b402472ff9ee88b37d7b0d4ecd1a401f1ae	ee5349758a15a2425d0d8ee86ed4aa4cd7861055be829e30c6e2662a5612ec65	a974c67823ce0f807ab2ac610a0bc5ca4dd05fc882375bbc22ca4e7246faa6b0	d231b0fb87d4657fc0fc046301023ff2d0fe160eb656c285f5d86df981552123	d2d3f8fcb88b187a2c16f5a6908299409172e67ac26efaf62f381bc07c311e17
1233	e435527545acb1f4f1373a7c7b19ac4f46b557ccdfaf168d8c346fb5b9a7ac92	1a15ba8023f29d28a95a204a16620037a307e34ff53af108f39c86a0f1356c57	7261af1a9bf9e10be4bbb637a0e839268f97ade5fa2307fab4d2fa31e2d50250	c12fff7c2d23d05c1ac3320810fd525746136b6f09c625bd13f0ba9edab1d8a7	36824ca22c3761cccd551f8db7b0d054e4812e253b6f59278290fd7d9cba524e	d148924f19ed03b25b8623ce0e31c56d8c5d9ced490968e2db2c38f0a85ade05
1234	05ab484ed77cd4ce3289bf2a3071e3538ca2e425abbc0bac86dc2e837fcaa096	c763f12ce33f1f4322352e55cf5d9a5439e593e6abdc7f37109882d268b3e34c	c71f7f6f0c14ab18c30191f12cb10e7a8681edb1f7080102eb996901ddb24f11	463ee9cebb87259756120b8b346d25494a5c8e779e75a291a63d83616c49f867	11422037ad38abe66d8028e92d69e45c3e387a998fe03072ef3a2717de01aed4	5f7ec9f595877a442ecedbbe436e40fd04603a191f2a300a80432d91d33b6936
1235	b69b7f7b53a26d055cb2d7eb9acb1c5a7fe17801eab3fd13b0eb5c34ae4e8500	4a2db3a40cca5fb90d9c2a125e25d86350f9cfccfde12dea0682131d5aa001d7	9de4f1da71e24628d133aa547a08a5d5a286138e72b1e09b0380b4c5f6d622f6	2a8538c17ea7de771851b14e2bbaf39c1026d019b7de60e8cd5ade53933242eb	50af4cf0d385cf22676cf4b9ba3f25e75e18e7cd0a0dc61929b958672f75438d	a7ece9854dd70ab00759e670cb3fff1983ff491778bc9114d2980f5fa5aaad9d
1236	ad81aea1a19cdbf6b77697e9d1ca4ecef804795e00174f50e72105fe9a7fb64b	263a4ba196142c4cbf01342695c8fd9705a6a33694dddf196f2980a9f5c1e341	c277a19d215d7b5774b18797051499b769c3b9801c5dbee9a7e83613425cc2ab	e1b8eb572d2d3602dca9dd45417ed69d7ca1b3e3a2539e87ecfe91af3d21f288	890b13dc04fd76bf059a9e87ba855707e501bf9bb8582a9075246b5d28be2a24	5f8b42adb2ce5e3e3b608b44848a99ff9606de13e729a32dd72c43d72cd67f95
1237	2e3dd8ffdea97dafad89d3503c7b43a8f06a1078ccaabcfa54c2df41cc0adc5c	489be240c8be4f01b3111f218d85fc33be4c4667685034b73e0691000a3b96ea	90f23ffc233ed9e1bc5f6d3805f0fa31f5755c64742d8febfdb526feddd5499c	9b403113c01af091e5319ed03cbae582df8ff3de5364600cf85c37bc614136a7	5026698b7953892549cee7c49ab80b1131ab765064fed60846a627e481549004	9cab22155d9c773c042233be9ad568ae6dd4af47da141d8a2a58e211e849e4a0
1238	bf90bba94abd3a081b6f8df43e4fd0c481b4b9c8ba005297047e7e73f7e73a40	ac2ab946029dee0e936755b723b271dc3a80b2f9d1a445597c3aee66bcb7072a	cb6f4a99e95321a767e7c396623ce579f7cb55ec844a3194ac7a32c22f81521f	72b2f3a68c5e16c91cab9043b243882d29812d4b5e22d8f6a8829a5a1126c1cf	76b029a0514a85db72400f05b4ec3d48c4a3fd62e096d2784d256c76f86bdf83	4c263c41d9cec1e5d8fee3a73dcc7c472144eee5ee5a6be0146d8fa93bee849b
1239	67f8e4523bc697d3c1d34ebe16942c0c03c4537005ba69115588785604da23bb	1e881f0e81de58e14b1e2adfbba16cd2ef2e8be01f1644a84f4f4d10de910598	02eb6f164431a0669508f130795115c519ff2dea31f579da01cf90308b28c310	c89dbbb08ee4e14a4347d601f3e536422199109ecca00d7642665de016157b48	f451384162a0555f3eb0e42274f024f59d84b391fbd3b20c3edf1d410afc41ed	c7e50c35743f97b7fae7e2afbb5e6c332f6311d97c389393bfa817aa020a7c88
1240	3d906d624fee0ab223207def6a11f2b331499636f135e7b707edba5218881d1f	f9f534b0415e1af3e3377322fedf867006ecb6a9120e1d106946c43fe20eff5f	d93967fd7276c1d8e07fa1030ce29033408d1cdd83ce5b6cbc7e7a3ec2ec2795	041353c0dfa7dbffb7dcc4d7d28cead4c0be957e76b180a6aa397e85b5f2e5a4	fb5263fffce83af7cbe406879b47e7fe20dd44914d2ca41305b53e72122cb345	416c1aed989ee27cfaf705f4c04ba28a95d05b4150561e836df2ca1e5cfdb89d
1241	4f0d88cb587162b018aaa7f3d1c62c2a2ea51588f067fc27d8fd033f0d9cd503	8244ed66bd909df8aa1f205bbfcb159855d1fd5c39a9a67a4ecc763c033d8396	82522e3b2e24f16d8c9f2e9c3de5e551c944caa19f65099a61216af75cf49a40	b3cbdd83d05ba80454c2d92d013dde0de06c8be4a4bfc7b340c61636b1648d04	4f9b867f71191a4b6f828b68bb88dde0be306c109815f71c137c4bc9d747b56e	fe705b03bb33457271ea2565e5f90524c5022b894440157728ab05d3c6a73b3d
1242	386959254db122c4cbb6962b760d91095ccd5e53f9cce40f1c253d53e5fbd344	bac93d19796d95e0d1ba65bd879f9d876adf4cadc03ae0cc1dc14ac3452d4e93	8c54d943fe256c7ab8ecd9dd2973664ccd83c2b9a05cc263ba82fd51800acf80	15918b62f84c67365f08a6f3b5e305608f3768649cd369dd2ae0e26cb255a2a7	88af0b09af530f29786a5f76c2fe0691e04b90045ab794aedb282d7603b90cc9	98ec31b92fb48b9ea6bb9b72425dac03882b661d65d512fee51e0cb1467e399a
1243	3361aec9e29d7847f3083038f726f254b7e8ab51159b712cd7d919c4bb073346	735e5b6747cb0ef8b9183fcdea76ae1c2bf831bcfa9a27aa16f3615d367febba	ebbaf736e09a5b365173570d3a0c0faba6bb2b7a1fa2bb76833bd0ec45208efd	0d87cfdf1628ac4da3de5839b0114890ece23b66fd02806fd3dc5faf49dc6e3e	25ebadb5d1f8d2229797b04736487ea268160cd7b91f57e2ea1799ffb48ec6ac	639b004b5e30611c02e57374a8b5dac2fa309491911bbdf0254ed6523edf1956
1244	7638f99b45c6976aede043ca6d9b5dea7d0b217d67b8598cdf745ab86556bec9	939acfcd2c464d944047b4662ef6c0611a7f6f0498ba8e4be8418b5fdfa7a2f2	a70848041221aa2cfb80b0980954c31da4c7ddd27d37915748e9b165e76aefb1	16e1a75167fd954b4ccf3eb59a2f4cf80acc2f3bff464e49e868edffe9ee6769	9c5ac01775e4a5c2223a82505eb1420590c8a0fd11c2fd457a02290fcbe9c6e4	70000ef29c947314a82149882256cc59cc64e867ccf221b263b2f7609f24244a
1245	e42f27553ed468011b3a563c5af73690d749f8d4373b7613c7da3f6ea53fb3a4	7b825659d887c8e83421d60922b713dea48470d3301628b658a9e3d79a11890e	1fe18a167f887833d983effa2ed9be0ce7b0c711784c84cbc0ac9dd2a9ae6903	8bfb647de8a5f527f964036b6b0998d4fbe0b2ca7907051ff29cd27bf15b15b1	2d5590633ca4000eee5c426b6b25a023ebeef9d92e6e388f804c15be2687853b	d1feb1c8c6a15d1c2c5cabca1a67b883bbe3fb2fbb541ad4e294622607593520
1246	7c0e4340c3944477f81c9f5d013350b059079e80ab20ce8c7b1e86a13c619ce7	dacfd607af619765714c0f48555526cbbd9e79827b3ec01d8f89fcf4ec7b5704	bc6f7c61a279894324180c44a26be3bf5d21e8d09f18d2ebca50d5810c39db54	d98e437b82ee89a3ff6a565859ea97b0d0eccaf3e59efb7d640fcc34bc065e08	505c5ed51abfb085cd6a1906308bad3e4d8290ba95a3d0d0b66a89095e29bb05	657d1441046df80c3598a715183af2c9c087002d0ed705ee24eb0aba6d68676d
1247	baa93bb0e157d803af9f0a14616a384341dd42a4e8a81df7841cb6fce1c92823	e0cf61fd7be0e463c5675abf70947a48a9a699a4df977b501b5ff832fa73e8c2	7fef06ff0ef215d8e30249d3de81979333cc8ce704c3af79583ce4a00e3e4792	370d83946e91743f4590d8e104e8f3cc52f8489f0ef263d1faa2019260a65ed0	5682e4799af8571735c3a1f88d0adad31e0029d590915a8594c3a015bea94c17	2004d5c2e42bcf2126a894b2caaf27e03949f60184224f153992ede2118626a8
1248	aeb5a01c1e51094e11ac8c241d6021c68dfeb630aa1a37ff1e5acea4fc7438a6	f1f342464aa941762daeaffc1c31c9a1867eb0e050c1a6df23983b0399331596	9e32e366bc068115478fa4fa893410d38d501cda94b6cc79065fa1b77c52f45b	6ea40b281eba7e6865fe803cb66ab436f578ac7ce80d47309720a45ce303ddb0	a480d34a5724218eff6470e25329c12cea2b67550816412f35ee46e06402604e	62e9347c73bb5320349d6cf1d91e28214fd4bf8890fdfe05a4d5db71b43805eb
1249	6f2391933482d33b0c45b8452066ba8f3164e95afc03a53e4779c1667538d63a	a7595c947c61fb97b05276135bf02b9d80a6d0c89b5f2d5a30ac7bb1215ae6e6	b55107b172cd58d8ce5a84e3d17a2298699badf06d237c63e3582db54aaa633e	d9830f58765f4209ccfc578e213e59c8f210e0ea0ee9fb5c2c333ce5753c4967	47142280b6d09941e46f918397fbd5d4ac89cf7b5e64024d54245849f7fd65f2	f03cf7e13c982fca4e686c5ede65714280610c6764d1da543b1da9af12dd15e8
1250	9e36ba0848226d60bfc7a7bdad6c3c5604a7917c07191c38a6768ccb4c470493	5982655c7f1aff824290ce44cf5708a6cb9a04e7564baa53405fc517de9d50da	915dbce95433431a5ea6a2f56e3697d955aa79ca6f496903109251071ec8b97f	c030d805104d23e4f4284758974b75cf978dc4220fb688ea0d874d794e3bdc02	c04fd75953a409bdc9da97ea5249aeaf718b80e1bbe914e69e20efbc5eb8dcdd	e3679a35f194c1e36b8e84e39f5e66b954e7e8bb938f51601d19c444b41a97e3
1251	36a63e48a9fbce464318b79c2a904c1404368be9d7b5708e9f9d74ee3de754bd	87101259e617e74421d83956e0e8f31f6e8124408a546a081dcd34c3a8fcdec2	dbf5d8456508c7af46ea3301171ebc025e3e46e391684107c565cc0556eff014	bca89ea52d8945d09234fa1076b9ed0484d70c5c1a1b03c63f4b301c8c082458	b34cd9d3f0c2c55f7898a816e74110c2eea95c07974c7a3e5aba94b58f0b2830	3ad2d5e5d7ee0df2fdb4933edd470ee6642670e1b6cb96f2d1aa66cab43e19cf
1252	c643bcb42149e99dafaeb056b3098ffdbdaab290829109dd5cbf2e15025dd002	ddc6f0191696460006b968d3a689036e3e0c8fa30029270d15b93b44d3b05cb9	9dbbbeb7253736767f05b0f60b5e1138ec9a27a29d0ae85389f506e1b4e51cac	7fed041530700e0bf0518c80534afd47f0e2a3924561b418dd072b25852c3a7d	099e9a43752aba1bfba3de4e9e8d9c74138af211b405184c06f07886146eec0b	0e9bcdffd4bbafe622b34d81775d4e05457285d629c0c41f7c7a86b68a482ae8
1253	52580b6d566ef8d30472198693d1713afb02387dd38ac1a0451e9c3b52be7175	6befd2e73c7040b4d64b564ed5c6dcf672e4953fb5fe587f4b576c118259006b	cdf9429c3c73872664cf156508da38ca2bafc23082dc26844ae97bcb3bdbdeec	d3dcc94f6a890fc59c1d76d063f8c298bcfc4fb067c2a08f65bade3364e21101	446d8d70b45b57365e065131ca21b4f8991545011073848dc895a37f33a40b32	cbf52ecde63f818b9f1c18073be681bcdcf9fe63a4eb6784cc17047267167e78
1254	211a0e78d8548fb59c68b9aae862cfb770b37952abd6f8be41eac8d33484e4dd	db5f609016254263f5c0be92216663708b0914491a877e0261ad14a0dac25853	b8192dd9562c4f0f0a502862e93714dc78e823b180e5cb8a3ec745f4f4604a12	220a12468173d741aee6a745254f8b171d312a24fee4eb55fa1bbca922453446	815f569120a74a61b982c53874f253f457e4d68f65590aa0dd601a1a65b98368	d2a049afcf574712fb643b7d1f329f8c88b01a95f39e86f8e6b6587a47e476a0
1255	c6a4a569fec0121fc95ada20ac3f54f2f5aecb54879f851f5cd1c88e4688c2c2	6e6d1273962249e5c377b1f991c5a94411eec6e02fb06e305d8b5ca89aba08d9	619eb5f1032ebc8d2eb1be112a010f2d33f01e5040395accbae5629bfdcdc535	f09fa8583d1c1ee44743d06bbb5630980b5064696e93e07f7713ecb4a49d7ce9	c460c5fbf6842bafafb2c35a8c36c5439a16a2eaf90636d030bdfa7caf970a83	5767b2eb7877940a979dd99efe42424af123406ba327e97f4264606e1f874d49
1256	da775b72f8d22bf021ffba37f6de93eae07bcf2958e52b0b6915e36205dc4795	cea8d065c8ebf9a3730f471ba351a40dec6fb57169d1ef26484d36f127dce51d	53426cf0b40a2f2d939accceace11927b2897d2dbfe71f97f5707fd40da500e6	65140c715fbabf2c9929265bd9ad2515718d69b5bc5b2abc1cfa2bde523640b6	b27203123a9e53d28368508757180eef9ac8102f6ab56878ae71376fb9b637d3	e152f9742fabb06d949cd286ed16902be25a4eb764dc9b9fed647f5bff6e4425
1257	e4e33408834c575d66cf8ed1817e5cb7246e51779eed004487bc2748acc771b4	48249bd578aa89a678b407d0795e9b5f7f985ee753202b37fbcc384bd475062a	0cc5c2161b692df3bba41318135ff58ae45f30875c2e15f096cd125bae6e843f	5d2d016e298799c89302debdc25392ae8331938dbe21f4cf2802c035bc4dc24e	50759404e02d39f02b60a84dd7c1c142511f9b83d34b628bf513d14169b512fd	c1c90fcc5d097c1358b9552de073819c1fa73ec8e8847d6dcf569d62e6e8f6eb
1258	57f560200d58000cbdc789c38a2e8bd46cf9b9555ae0e90646cf579d49e1d21a	68c4644c5d6ab2a54306bc0e09d9bbbd005d18c5f81079b49ec279e34ccfb6e1	7b462e4daa6e0b3b1e07f9e500a03eb8592d9af147aaf4f10fcb44df2ccf926e	adfe9514ea881f313f653f2211b6572c746f6875a613831c71194ee49488d2eb	fbfdc9c165f9bf53d8101585e7ad6107ce6141132257edf52ad88b2fb2b3fe4a	4c943f07f1dc746360d8ad539cc25845ee616f5415a3b9bd6e6cb75fb827d7d9
1259	c974cea18c80b0a5516759feaec117a4b3e2c857773b4319117c268107fcdaf0	555b8418658f5dc2b5aba380d0c9bdf190799026c2ab26e48f89290aa9c9c81e	55a2fcd90505c4ac7811e1af69f2f440d7cc918bcb1a41151b7bfdc7786645ae	4bda101dc68b3aba1febcc9a51f585082603bf2c125557a266bcfb20d2e71cfd	49915f6cf0f9831880b489cce99bca900dc2c0b5d9c314c8ae5ac3f0b438c246	2a48fb260ccf29c28a3e3c89a83a75e0304164b370bc83b4345af53bebd09f61
1260	c2a6c5a43c9ebfff1fb29e0ca064b8a359cacdf410ef4193a88c75d6c72a6282	2cff2cebf9292a0d872c392cc2f0faa21147cddc1f1685fde744bebf8d6d6ea6	9211fe79012bd2a602ea4c1d10813d23af63e186c7fe3b25be9f320be6bc5516	1f38f2a11f7e25cf6d85b9f71e763d22c4359a6f6c4356df5cef5bde1cace344	1140ad4b0724b1276d91421dd2e4b1a6e0514ab70938ba4fa3ef8b32f6128d89	8217767dd23504431635e7edb67b8b598e571c7ce75d8f7a71ff0fde1d3cddb1
1261	95fe99e40829a02e4e88d248096a25772c22bd457dbf07caad908ab93f97d1c0	39904e884f47574f3d9fd92e89525bc5952f0d0e79d99ad21fb6552e5683b01c	d91faa1e1a360af6ee519135cf5ff38642ebf7fc76e045d6b081ddd7bdb84759	752844ee4edcd4aada7f4b84e6517cf5e2424e6584c7c14383da4b31d000f5e4	2b082f4d658334008835358c7b06b70ef5978d1e7b1731039d4e934a2ff9e8f5	cceb8ddfbc9095530656ea348a3e63f207f69ef7299dd2adeeb6bbe7c9f40b86
1262	a4cbec08ca9fdbc68f33342ea8448568b4dcf8e921eb653097a7d6a781eec2fd	087602a43cc7bd012c3fbd438eebb20da0bf829a7ffbbe490ef689f69fe6b78b	791bcd465a83cce90775dc3e89a4bf1b42a0f895b5482c600863c164d74e1ae5	dc04bdd18547ece6318c986a29eaf6778fd25743e63f30e2ae9e53a0a43dbeb8	ec9d264352aa6aa1fc2da66c65c72942afdb1c653d8505b5af9eab102ff08c42	7b98103a9cfab773858fd74259748980f42a0bd36a3e937ba2ac15c675cdc9e1
1263	3658fd2a3c808401b07a32481e0be1d33062de640c21b61e126eb2055f6753cb	fc8000cf8c9abb88a7b5d343693234bebba7cb99f15f9d44ab1df7db1a4b6eb4	752189deae17f10b791a43a03b7dc038de5c033a120f401a429e2f2710c3ec95	1e9d7ccfea321accffbc86850c1947c74715f6da34b4db897b7c163827444bac	184cfc1e934954cdb2761da612960c5bfc2fc1740ae5464d6bee42497004bb3f	34089f9448618713a070b30798aa18dd1e6f39a9ea6bd5c71a8eff36e4e67b8b
1264	24df3f9cf9480f2a3cfce6c5ec82e5b2939ffc735f438a644478fd03d2bdb294	9e446700017ec484d57eb7e87cf5a862c27fe55cd87fd29f75da74952d4dbca3	6882aaa6fdd7159fe62cef0f842d777e344437f1ca990b833bbc4d5f5a6304c6	fa67cca650fc9eaba106df798a2ba7d62a4e10d766ef54bb33261233189d7bbe	dd5e82bb902024fa8ad7c5400d9741ca7fc910a51cb92961be1705caac0b2e14	478d9bd024d4f377dce22cbd9a9dca0d325da9b67bca6104c3262baa5602d28a
1265	1d7381bce83831563c0ffa88530ace11fe60fad41c475229190297eacb28c7eb	4b70c21d7a86d80f8fd9ee9f5d1e6616fe5ae2d6f664c3e1750756fc649a75c3	075d6a0c37cda59463d9a41f4a0f5e6a55e412b915b03e5d422b46e73cc8774f	86f203690014e37da4773e24bf571e6deadd61616a2d21c01e0843b7213cef30	3573fde9e1cd9841dab59dbf325e0ced64c16d81c583b51b6b42f0a1ab76fb83	1c0ec05df496cd9933da851ee0546024dd77f0807981183ff4a67040d43616fa
1266	0c3304df835ea191eccbc54fc32043706befd3603848c9c231c87eb1a477431d	8d84429595f02a74af083449b1edb1758a317851246f62d7e11d3675b17fb58b	8cdf814b8f5cf55d96c7958e5c6dc2aa30b5503a054f922b5fd75d4d72df65f6	e7aabb9db2b4e2fb3069e1e0e7ecccb525320c9eff09086445be37cbdbc86bd2	1716fd77b121684297a1e0ca2d131d5527dba4f9743079184806c28abe2570a0	862d6cd70b5cf7b2058e2f48baa4b71059ad9bae7252b8ba6ac3b6214c94e62b
1267	fe97d21aed23a3d74aceee83794a0c09b194a9ac7eeb2f3adfb54807e463fcb5	bf47f3451bc507165bdc352dac96f3257fc5da0dc2ec7b4baed23e1fa030666f	9f83866e2d8cfde88619d50302782c111a192230733c84df775a6de5e50fd3b0	0c17b89a571791ec01feb2dff52d2b2392c7d6c6e95834beafd01f304ca76cf4	6f90af27b97873378db6335f92eb73ba3dd4621840f69528decb877f996b53ad	9985d194b57ee77261c8c0faf19a32ee8497b575f542014bc7059bcb9f55c951
1268	0fef57c3cf8be9d74c1f893cdea695cdf876333c2c1775eb1f75988a65cdc381	5efe13c2907f84009250fe7c6cf8cb6b8beeaf2c1db9f70665d45e68fd94d264	29157392740d42f07eee30abc84858715626e6c7196cf1881626a0a5320717db	c5659d8d2e24713a3a1a70d89398b9c032edfff9a676f659dd52aba73b49f2ec	a846b4fb304152892271c1142d65c2615e68738850e44db322dc3278247646ea	1c7d4b9400ff809d9a4667f3d2a928bd7966f2a616fc6c03fb8d158d6ee7ca1f
1269	125b7e7e2db52512dcbd6cd86fd57ebd4e58b47b4182af401d025ce69f8ea9e8	94668c60960b3c7ab000864a8e97bd978eadd8bda680f48069ea677a6690e9b5	8fe86cd2d81edca917ebb903881778b64b6eb9b893f5ea971061feaa9dc1ff29	c1202f21f3ada0868334b16d2d6d4282e43e1c1ba29c34ec2466bd6678954add	09aecc47c3a2f4cb9915cac0bc70fe74cf67ebe956fc3c0bd0c262f5a739f2af	ba2065ede7d58f3a361d41f5daeaa721c80fed59946b2a9439f92274b26fe9ee
1270	2b0f77fe687c63b9edc912a99b3c942f86feb897b7cd128059a4f4ce228563f9	2b63862cc7a961a07f8f754912b0eedff4b51185542b8a1df1e3726f910b600f	909e9c68aeda0b22ded7c480834adfa43b4fdc2290cae3574b6b11e9e86055fc	2cd7de7907867bbcc9b501da11acd0eb2d987fa004fa188d3b1bd95ca01fe9da	d8122ff78dce17b9159bf6520b11c6fb4cee85009292c7dd920a57bfa3d00e38	92a316a1f9f51ac4ef7aa5e96d52a939bcb34c0fdc2cb708589570c03d9d6425
1271	30f5423caeede771d53927a38fead0eb6c1baac28dba03e8f67f30910e13569c	c6ff432434007a76f0f30aeb9f1745d58183d80556bc47bc3da17cef81a81ab3	0013816793b7bff2badbcb7cafe3ef99d26e3993a134129d2db230903d334a1a	c5166cdf1d00e84bf2fa82ec4c71e2e7964ce92c6d10c64d24b27886d292d1f5	4e3ee9e84cda435f3603d73770b2da492adbc2baf67b0ece2512d7d03ddc1a57	e8efecca725ff41a0f6fe2ba919dee16a6caf198822d289570cf9fa479779b87
1272	d15e66c300e55b59bae913d667b486ab88777debd9db1ffaabfad2a1c832d142	296bd5fc9978ef65e55a71787a136ed498926eb4cccba3b4c83301372f5e3f7d	77a3ef22265e3ec65476f26ad6b446e12765e3af3ad61e46706ca9a9edfcdbea	084ce47e7689b3ebfd73d6a222de00d46f1dff6eff20805f9f83a67b3ae3b932	32a43111197a13f9a15ce0edc803a3e16b0f9155b766288df7e469ec1f329e3f	f1357cdb0dfe9ed82a58f2083091aeed6d5d3590180353611b7f483595b9fc1a
1273	68a5e93433b3cc7ffade17365babba591feda821668dec5af1921f67d62abee3	9f56135927915500d00ab08325fad457f5adaa8713eaa9943fa1d6f0fd832e5f	4b2628c5304d308bcbc538ff5eb6aff6cfe941da157a2b376a24e3c0261ac3d8	cf0bf95d57b784cebcc6605d2fea19a860eca95301d750bfb4430549a04f5ac2	abe49e832400ebb42954d4c31f90f431e854dab1875e7394bd5feb6bbb47ffcc	9dba0382f3e1699371eff5e70ffac029e5f92c4994537ec0c08e8d51c5486565
1274	238bd231a4ccf382140e18f44581127f4e7b730674e19824ca175820724afec1	020adae2a8a89dd3a17c840d3f5120e167cee4c32b28eb8dfe6da366b1ecf1f6	88c0b48bcb9e13c3e9bf1847ac45f6705d779733ccebd885ed289353a718c437	7136ac504d7110186dc014597cf567a80c13b92ac8e69ba963da8427a0876c79	a936ee5d53920191426ed1e7653bdabf4c525a3e9b223f47b79caba770b18afb	271a9ba68db614bee9ee4e0ea963c6eba4458dacdc8151956497862cbb66e5b9
1275	f41ddf4b957bd297d2e7631c5a1dd427867316b7553e50885fabc1d5d08de028	6e9226bc842f9c5a425546438ea1cbe94a819490b9bb85fd7f4dbf994e7bdc0f	a6661b12a835a381e61203866417e499a3a09bed09f7f472fb267c92fc1dee2c	b9122dead5e32e42b9a4bc21c21edda58282f4d747a76348569ef61703ff8f6d	a1a4bba205326cc855be942c73013faf76ba729929e38e470f4d170481f6ab4b	92aa3cd6e8bf7c0e3d3b5b3e6b0f5764216ee04231cf1723a38fa40b96cde710
1276	5c378972771854cabce568c21c80546445bb0f5390a1e446f712b9288e9a6fbf	70ce73c848dba04c15d36328783adbe979581586b8dac9d4596e9dbccb684994	fec7692fdc6c9cda08c772e21fbd9e52b19a9a0b689f86a9514ec555185d3693	64805b8e921e384fc15fa9d0a29ad50d1e33e848d5871bff685a54c7d1a5de9f	032d13b4c575e39a20a9a84b124d4145befab5e2b6ebae6812fb16574913a891	2f46333a6a756b5ff92d6bf00beeb489481c020d4a1f4b0f69e7bbdaa220c152
1277	da53ee4df60e41cd18e3d1a79ac5de7077fe70bfaaa5910f82482bde6a0609ec	1943384ded4e65ef23f103408f9ffd163efc743ab6bd32b505607be9fcc91d4e	972aa93b61aa85a393ea90da48c4bd6ee0fa5b52196c2b653f7b9d99007c3bdf	4d8090a194c8f32510fbf045794183d47a19d92d38baf3e325b44127b01ac30c	3c8614ba4d797dc3158efd7430b789ca7e37e6d801d3cb1aaf9209d2740b0f4e	b470b747397b4ceaf47ca8a271591bba5bb8c4ff0f384c5a68666af4bee03e64
1278	e4275e1101e5d26f15d5afc18b5078d0d360c4b0b3bcd079b7922872e2b09f6b	f1819a2f2daff0894088517fa49d91b81ad505755d8df231343722f0c25d241e	4043537534570d3e156897d8350c8cb3603d69871fd3d17f8acbd7b62e2faf4b	95f7be7c58ca734b026e23a87a9c13e2f6f3cb90d7929e87cc38e3e6ce655869	6aabff9851a8e91b075bc3d81df20fc21d7f9b5884f15ed4c33b0f276f5bffc8	5ffb0ca3dd882b07b997589133e9970b0336f6ca57625448ee1bca129c0c58ce
1279	1e0deca1d1a1960bea4a7c568caec8e5ebe97c93a5f677c126e8eae9fc70adee	31c87be1a28ca5e1ebb9f7b52d6b9b7b46e12bdd304e4a68eb54a071a4da5302	cc8798b87406ea7383db931af83beab3e16123f7b8b0b111116b6877ba4e1053	8974d5114dab361a5d4e0359ae5fac8734ab33bff794331e4e1a8458b7d2dade	9e1a6b41e5a0b0706b8d0e74e86e0ff468f6f17de835d49245c9e5cd5d0bd98d	8551e26af6c51e4ad352c16001ce07c766f2250bb94036a5ba039f2a66aaf1f6
1280	b62748296e1208fb57f573259e2436bb402b3de00088021dd5e6295baed99699	a98a908ba7914f6aeb1b4317321b83a0e598a0e199d9e18b7fe3289cfe3e1c9a	02abef934709a3b7d7f6a2ce5feee82546d614fb05a534bc516cd1414b279f4c	45dc6f05113630f5f656b7b76c71db1d2f7de3d2c78c6a3540a626ad86386e24	7a6f6e110580b732d0eb5e4f41d34f18531e7188bd4adf506337f3ff7f0384c5	75026a6e5faeb660960350831b11f4802d15588bcc4f76552ad4167df94e71fe
1281	9997d1256e619d9551e5a520785fe1cce2f1a74c4d407ead105fc8b857d7ff45	8bf1fd879eeb79163847a3040abe9cdeba8e946676e57d9ed804706abeef8ff8	6c2bfa3905d893161562a0b3c9ff87544d098043e25d1f9618493f9812064c37	710ac6c34426cf22f60725e301a5b697bce426f5439a86ea1b10ccc3890af9b1	a155ae222bba926d7106332d2e779de34badbcbfb8c277b7b131b28a1cfbc327	e08a9a2d5f6419b4279768d56a4915e191ec8f551c5404b95f20e22ea60dfc85
1282	6e7eb77124a85e1fb805e06ad819f02dd54ec532c3f7b6f0c46dff36fd2b1867	aa2f520e7d752f17369dc7f987423b73a51731fffbe7342eec7e998194d3c8c2	7fe73d01339f2105e94fa9b5fd7eb12f91795788b450392462dde39de6651f56	a5b37d8300310ea1f1dbafdb16160bce65f417268a7dce0d06f54e549d9bf055	59e4d420148fc06e3000a1c159403c3e33b80edf32fbc0547d00a542ed771342	66fd3982aa0b10ca8407ae7607ad1aabff924a0a3e4a32e08d0e60e380b251ec
1283	e90fdf4cdae1071a7dbd49a4f6bee5073effc84a7b2903e600c7ea63ab295446	c0d5713a728d6eb53c59e5e891ab441be9937d440575987449489664fefc86d7	0a5d1f015a4c51226de8a8af0fee5a697a4ce40f4e6107927cb1a46292c4be4f	e6a4113cd6982371f6b4980341558e8d161779a168b3a01afcf6a87b84342bfc	8764420085596a9c755b9fff6c28fbc82ae0195bc312934c4478a076eca75df8	3726e353942f8894a6df06a9b2fddea40d0e3254724d4058d319b39315af9b0d
1284	2999dbce4654cec29ac1fe2b9fc8579cc9ede57f6fe6f2bc05b6d8fc1b345e20	bff91f2f029020f0a20a1ac67481ab9af3fa5bb45f5a0da29192afc3406e5c58	b56499c26acd0981c315e9e768800c89a3c0646866d26caff235bf40eee1d0ad	fec9625baf04d464904bf9a2b0ab75385a1f3d44b2af7f2495e689aae378d0c1	7f8249326421576dc66a91eeb9bdbf22dc0240aba67719aaf2a20160e9a7551a	86cde1bd83bb129958d2f9437bdaee790ee7e72f1f3c57815fb8d05525c6dd36
1285	6531255fc2f95893d3adef87995cb5bb6fc5c100a3481d358e5ae12c86cde869	0cd73eb7bb5db23ce7f35b8daf439aa9615b5961ee0aa943b31707e70d21e79d	4b508cf2056b993d13421e23734776a4fd7dba1d843b03f095d096465773ebe8	357907b50f541145bf2e82b644790b4c3fc2874fe787bf02b5962a864d48533d	ccf430ffcfa1e46321b42785607d18be7b2f5185d6f63bbe8b1e45e4323cad5d	3afff45b5fab0e1cb938e2123740fc4b94e4167a5c2b1388126d86ce9ffac94a
1286	3addbcdc3ab969775a14f978b4078f23bfe1c2c9c80777d4121d22cf851c0097	4f319f77138d61b9f75463f6c941e44b2e8f66d75af211e346ff25cff3051035	841e771a920e075cfc2e624da5924a205dd2c16e0954da7426128214c0146eb2	804a6017382104dbd2a087633d1c5bac61b5b6adc162974aebdfae20b40cbc31	0e2eddfcfbe2a87910a13d6a2e985e8affd5f37836fec3944f68128c50bbfb87	5afeb64b9cb068fd2af0c95f017aa4952d187d1641d49833fdd907203a9e6a5e
1287	1451234dbed360ad42fccb2a2c9ddbeac702e2fae328bf1c9755a53f864668c8	79004a9cb887d7eb5a781a5f241616315b03260c4f8b24ad85ffbf6c4edb7eab	c051524679a12114786bc88011b9643b5b04731df143065c58fe92fe54aa0a31	a1c1e716b6b4971913a06d20a166f99790355af9baf72a369646251af1b57c96	2619dff07546157872a20fc579564359895856ddfa17c40df757b47dcd24fa22	7776fb1b3d3079823e4f1aa31651adc5ddb0c63c9475b69ad37bf29d23859e81
1288	c58a38af84398bd7e5d9d723d2afb2ae1e0c2f94893fef13cef439be97f95f08	6263cd98b30759f58091ec81f88d3b4df098c37d2196b05b49345bdd3619d4d4	afe846ab5bd483b5fb1468391d0151a8fa6682f3b73701242d4e9f1111c7d7e8	2777fba1e77916db1279edd2555813f7bb0b466187572ebc009f19c37879db5a	887bcc191bb75f871e34c8cda74960f3f9fc9b0847ca95c15331b37ef6b868f9	8d6cfa7b68e34068de88987bdc4c815b40413247078eee761314c580f0b7aa93
1289	12fe881574d70163f8549e729b73c79f76fe174e8fd1bf8354c93a148f6f8d5c	eeb381d0912ecde5855320813f7327feb155f8130bd1b2dc610bf9af6a0162cc	f704deaf1e6e4c3daed78df1f6fd529a3d2bc6e61d243e9a278fadf6b97ec09e	3940b3debee4d57f6b3f6304557ebd7ea84a26bbec3cd6cd13cb38ebfc41a292	c595eb4b1d72a6faed6d66eb14ea6d20055aa61f5b420913f2a445bff6fac500	5f1d681e1bebdc9fdd7dac7905d890962a9e59ba3658ab56979f05ea6a7a294d
1290	0a8a768abff9db9e00f6bf8a285363abf9c89805b2f16be1449ad47f190830e0	1b71b4580dd15dac34926704af86cc5565f7c0aebbc8f77346dc96d968e23a4b	f1687f43eb1ee102cbd3bf84d6904c0a37d255c810e72fa802aff5cc56db8b61	45ee787a53d450c447e0edb3ed7b11412ca5b2909f965e5253184caac9d37bd1	2ed5b55631a55b0bd38985d1618a2c35fc9bb8faff13a31d667298582e518952	352817f2984a5f37b31ca2a4738f59dd1085a6cb7856cc9f864cc38d1fc20c7a
1291	213f0e378b3929130806bed8ceb3fa917ff301357c21bc8df94b69328d8b7947	f0f5fdc647802e9f047caacdc45fe0b5f378c10c12c130017d5681de4506dd13	f0fb39b2776f4dce8241864161332b21df693ae535d08399b85e30105c318c1c	825c2e3027894c7286751e8cc90300235e246efe8d57d032148cb580bcd41609	219d0e9b8d28fbdc2c7fb0219ce23114139e0f0e4c42207397cbc98cd213aed4	b70c2aca96c390fbbc2149413a366ac17e761be2d5fbe62e55d6cd7abc202111
1292	51bf26918f0319ceaac9d54d50e5f785805c90794265fcd5d2893f064442bbe1	5111f56dc4e14f3b878c9aefa9646e71c22e69e780b62a2325e4634a5064a536	ec7ec70401a7582d23c7971b5576d74342d0bb2f181ebef76f9e455ea9e7bf8c	15892f8a57ea67c11a7ef4837fe67752b4689c23ec09e31f687e3a3fc915478b	12360d6442fd279f9c0ea4783afa938d3e0e9254ac6dfa1fbcfba51f71c00f8c	1932daca10e7aa144f97c5f1d8ffa2324146b882b4ac9607f113991253ca4b9d
1293	a06231d0f4177b26e502442a1637b6edfed4762ef997aa1d2c9a13f8e90783e4	86f1db93c11dce6398d22392fb3fd5c426239b4fe5f20caee139dc72c0a5e9e7	37a9b0a043af9018b0d70eb81d50a43313b1ba65b305180e057a2e3d8021b529	e0ff162a801af4e0acf33214677193aaedb0b9682385f04d8c73257df070a441	aea7db2bf377770e7453c3d2a3248bfec0531f894cb7ec3410c89cd4584d98c5	b0c0d7d754696fbcf220462290572d860018385ce687c76b4388e66d95bb5fd5
1294	c329c03ab5c8bf9e434f7f4441d9cd227e0e19d65f530159fc332a0c23a9c33f	86a5e0cb5d5314552e36d9e0723242fda9a6bb94cf5da42a142c71dc767a67b7	df4881bdd29fa1b2a8ab1d0209c78a9ac65b73dc01e1d8f8a6623383be6e9ed4	e660a79213d7df2f8f2a9abfc884aef98c1376ecf4e863119e8b60347b3e5f15	f27eb7ad845849a40089bf7a8384f786819cfa81f07d5d7be4ebee2edfdf3751	b387964653222fbd3e92936b72bb26cb2c5bfe5f11ed5b921847e68bddf19318
1295	1726e977eb2537f543809c70dc61353c9bcdd4c273e198fe930c52888ce681d4	714164568e6cc4212f9c83027359bc18445a325f058eaf0e1b96a20884e9a12a	ad5d32e4cc0726aabe4e6b7613cfec720189eb5e06600f107128d66a01b2b33f	97a861a548d7503cf777c06afd758d65533e8a495ed7030d3d56e1d56c3f6f2c	797e26aeaf69a014fa63468a5e981ab71702f2895552982ecb25c7d3c6f0c8b9	0459a85ababbb1d983b8fa1ed188b000df9403d2de12ddb8efadee58a42d09c9
1296	42a4d30a2e9eb8ef45ffe8486a114b5676f34726d5d2c7a3f5665d97aecd75b7	2da33ccd60f4ca2278a24cf0fb1cd82360c2fc6fd5a7a767c1cb86e68f546b49	f92f7a2c99cd3b7619942b29cd603475c2ba6ac86bc0139ca80bc59f33635bd7	ff5ab3e04722ea90ba031d3bdc797d70deeda31b945aa1ec0734bbea47e4ead0	cde2f1887df8363a8fa9cbaf5a941a6adaea50ce974497c812401ad8025294f0	3c7f3c0a83cbaad340c7c4d8396e674274a6fc637d4c31923daf8c713c491612
1297	98197ec073c62d944aa541d6dfbc6daf3209b24725422d3f5b610e33c5cd91a9	101d4e1866129bf9a7ff85e2b458205dbf8984151501892cb83cd613ec775eee	0fd9e2916c5cc7e7a3c3699c5aae5bacefa2d09035713a7d7095d246a933a9f2	26b18fea2da98a0202ea40dccedc933dce5181f7b1ac79a98e7b79bbaaef0a4a	effe77585e535deb109df7509e96725d8016adccc7a082c2200a3fe91de97a71	906e7c22992afd9ffe385c474e1ac891d5bf1f02bab7c9ab405f6d6059cc3549
1298	b1c0ac5140bb83b0fc71af7d449daab3346a1cc448fe85210e9cb7058e023c16	bb3e089254134f0ca79bd54bdebacacdf0c724bafdcf528e527c635c38430450	67cc6ac1569045fa9fed495e483267b94351819150b28be88b20b8e0f1c67724	c0ad2af170ad892305eac52c60174fb4fd6ae9e47f85bd3af87d8d6bb48c0c0a	a09d72bede5f56f66075dfa5e1c592d804e91bdc382597da0f89ebcf12b986f2	268afb18bda93e57e9aa1a2b8a9ed353d8201150a534946b2198fd3609460463
1299	5e079ef6535923d630c59502d911c86edcbe6793160319652e8b63f9e105862e	d1576279057ab99ead070fc8a8fc843f15852583ed4ac79b795d51d87d2fdad0	e1b8e3089701e52886e977e5bc742fe83ed0f86f03f48cf6786381f0aa0ef11f	a6c48ec99537087cd47bd25fd76ad9d0bbaabd53c2d51bc8e943da492a643daf	6657990db5d33d714398b7dfe2e8bfe66861f2dfe0fdc7be1fbff71e83f66b1d	0fbf31abfb631fecc2969d1875c1f892da616588889ddfde14964c0e02a20f9c
1300	f3feff9cc8c69add3a8c0e4ad89a08b9793e21626e1682b3c9086eb65e886c1d	47c98395acaee6fe4ceb19d2b4d0113c859722dff3624b5b2c717c529d1c9b3e	a094bf94b3b9600a31ab966e90727bd11b2e37bd0c6fb60bd6fc07aa5444c06e	09bb01f8ce9bcf6084b734c66bbbfa04080fcd9c81aaec6d439febe7316191c1	46faa2cd0db67ad0824e4e14f876b796549e3e7ae88e652f0aa8f045e807a2ac	aaa99679ecc7f7c4bf4396409bb156fdafbd46a436aaa03d7a5bcaa412176dd2
1301	fe3da4286f115a6812d1f3395c4dec84186ba6e3d238e4ca1d02751affddfb47	f1f19f373fdcda248742cb8d2490d727177e2f9177f428ce4e4079ebe00d317c	18b9b76f3f4b5fd500f6046a9168204a8775d038c374060505eef61bd98b1817	2b4d8423961f7afe852606a638670b94753b3126a0f740acd2bc92c7f4eded0f	5d6612f3ee4628ebe377888516e4ca75ae23e336d9b57dfc28ab9f24f5007206	5731706cec3d0867a58980bd6d38cdf162236bc262538b3ce9e31eb6d7b9b7fa
1302	670e5797cba13875c3bc2af9562e0e9f15ba6675bf71b3a842603c75a4be4b04	d330d09658ab009a8c6de320380bbf11627d6c2a52563c12604fcfc7ecd0ad23	701dcff966fc4c9d7413ce5be86144ad8a98f7b0a6b98c1f1cd321c6699a5c97	1c91319152bd7e1d353af9d4ae0c967f07d9a99ef66132a63738001eae881311	aad05d26c66f72a51da54b23ee374e5048c4c90fa1bef9a3ec192e14ee9116c9	cf0bfdf227dbd3d932cd940413861e4e3bd91cbb005f56149d0d25b899bf0bc6
1303	9d550916cc5752300dd43de7f14e8b7c6cb7c3994efcc94daa79350018333abc	3d27550a81e368ac045497b9fff2e8ce4c453bf8e779aa7d1997a0bb00f5493e	fa2d89b49dcbf9fb411a1f9f44979763ee373e40b835ecc475610963161bdea1	a91058f5897d245f4dc6b12e8bf25cab3c6dee6d2293e4335ab0934be25986fb	b1ce91d09d04456d481ccc3cf827815b0bfd1815380a2be61df3cf5259275744	6a3f3e6df3c9232a48191c600c5942fcf7402571934af9c3ed4a3f33363b1d9e
1304	c4fa04294f8b176342099b91bea57921e82e4429d8f75c5346f949d2cf982692	99a8197ac5c13d16e65549b5373fb6b1dc99350c82f531d88f046864c438cee0	838b92f6c28471b99c0a86572b63c43fadb604931fedd410b0ee4f4af6982a67	28a873961ca6316f12f86896a842be62e5d3b16b8890ebcdae8416137e0eb855	7da0e16c8043b61de310e6ce57685a053286e34c214d8061d44e6b089b031ae6	128020a77251f62fb7d951ef80794373869c652ae5761dd1499b56b61a04f24f
1305	07caf9e978bd9bc463fc1dabad327f6e80bd24dc15eca2b5c6dfb47c15c263a0	0b9c07c7381095397f192a892a8c61b3c1acfcef3ba00fe4dd30718b9f3326b4	0bcf89788ea85ebbb62b98c254c7d1ceb87950ea3d57534392d1d125bce28e3c	f730fe6e6dc9ff2be89941b3a4d4c45fc092e2f29493ab1d631d00e1af382c27	cf23887a1583fc35324a6a80c5fc1d0b0084988f671cda0991bec231d2b88560	697de16f7e28d64cb4eaad47a7f2fa6cd3012711fb3047c9042cd1b69682b65c
1306	345a4cad189e9fd99c6fd133d18e537828e4088710b1f29e1cca40dab213ab6f	7ea06a5a4eab9c9283e5769e05abb3bd0bb4f7e207bfecb65a47ffcb92f6bc3c	26ebef7e4cca5195f6dc65e87fc81bffeb740f886ad9faafac5ecef536316ca1	31efc6ff57174b4b20c7cc4d43321455dc548e74d0b7f4c87e81a0f7bf250f45	4423068608f03e5a4c7a67629bd63bbd9c567cff219a789d83bcb69c41477bca	baebe84a581990dc49ad58b55773ee2fbafb063fa9efe5519c1a84119ad0a4e5
1307	c1ce00f3b24ca68e101feae6412b524abcb389d721fa4b8d462c81a7435e06df	94e0a4d3c26ef84ebf5fcac63034c3c3deb37ef014259a25477c284c1842473f	7dc28b6bbe964f7a57d5a762fa4b0f9a7c4e5d321d23cd8afdf9845732b31869	1863f9c3123f574ff62a9807f0bdc87af54a25e43c58a2c12b4b15ecfb0f3045	21e67b35f78c96ff4477366f7b90e1fff9be0369c9cc81179d278a55bd42ca09	7b85eda29353642f3b40d5376f23f5829ca7e9f00275b4aa8ecd7221a275d2ea
1308	7926ef627123bba19c5111a582132c3eac64438baea71b286fb5289a0550e523	ac613dedc036ea79624606775f4375782d6edabe1c01d69a0f4f77d8fa64216a	b166526020145de7c975b4ef931b85807744df0ea9be22a6b0a2234ceaa32b5b	29ac555efcd61182ffccfe24840ba93c18a973a551184f8d4ba8d0d58a85ee40	c4afcc31bc276fa20cdda41a0959f1c44e76c8bb4db6c987a2e40323166081f1	6540309befbbb69692cb8ae987f7ec54b96cccdca9e9b308c0573812c440ee8d
1309	d683b25837c9d93fd073e527399e61c9f162be8029fa5f44b95ae471fa2e983d	d86174561b644336989298f89cefc77d96c513cfb5ab7714a49314e2706bb9d6	4dc600fba137a49425b0231d6a801779ab20a85ed66f16356a9418d6cfa07806	1f38b48db019e54eabb647a102f7adb11aab1b4211f5dc00a088a5f7e359b93e	8ba301b0fe257f398ac2cf8673bc8dce44b03df49a54685b549bd2ff68f9cdf4	c72ba0382d276fad64f0442e844ca705cbd7ff77632d35dd5eff6b1ff9db7f78
1310	9574898f58f12c977414701df235866e2712ccc1c1ccd716e4f1e9691a57501b	27933b9df5c961b57d3c99225539d4d9934965b2f0907e0b9c76f54d44d99d44	c4671e31409b7bbfa4021db0f1fba9e1621b88fc33168c841fe65c18ae13d637	9aef5a6dd9efd00490383983320da95fc45d37cbee0a598adf3b10189bad2e2d	c6b48e2aac349d6270e6aae745f05ef1a616930c1ed5042f02c82ab6c35f5592	4bd38019e9c1144017a3593f5856d40fc5df214948f73652a26f1b99204ceb09
1311	ffb3dc857a8fb2f9e33bcec845e2c7fcf30bb3968b4a3b184834e8c28e434822	f7b96a2bd54b5c66c3e204b18fe36e78bd47b217d116a224c64a5bb86f755e35	2afc641d3f779986ba6ea0ea44b6a341d9fcb473e1d05b166485f3a4c849b5a8	e903e4f05b93d53d96d0bf2fbbbf5b7abcb78fca229fab5ef11143e178706a54	b39db61688d036183b8ad61c59d658751d7f8ad8ee571ae292882ccc7de0739f	87fc7f31d7f0f2a19656053d8c1e59ecfda47ad6f36cdfbc307a91bf5e419bf6
1312	0c011d7c857e49ed8fffb38c8cc2cd624be536ac5000fa55bf8206b25242f697	915f90e85301e75cbdb5f38f448e37631247310982a0b4358013bd552393b05d	9628410881f960a86a95ef7735fa121b37a48e5b9257862567e7fb756a44aa29	ea60d2dfaf59698526f5ebf6c56aa04b994c3b885439d5477abbff12d30ac9a6	d8bae0f57c4cc8dfd432bdcce82b76221abd393796d11c1d352e0d20ed314d72	06627f4b9ef448ddb7d2d9a70a88e97d6d64e626f2c4ea42ab30944026b36eb3
1313	1804b934e6af64135be8692ac0c6d08331eea778f350b8612e3f5ab7263719d3	f9a9a0a2c62017ce38b2d9ae2376a6b9346f78dda2cd511661a9844439ed097f	42df349de22bfd7fd8e93969c6b926d22c7805eabb155afaf53bcb62763071d1	336651353cd593b6d6f9ce457778bae2115f51a1ab9fde2b4a0b0aa53fff3303	6139e4786a81e9769fabe810ed759c69f5daa200b74658d67794442f14dffea8	0aad158161ed031ad7eec48f4f9497ce3065c2ff1a2a62ba3047e769921ae5dd
1314	7aad58a160da4e068e49a0911a8982f0b4dd59f2a8bf9b90d505794a2d1487dd	e5a22f6306adb1ab3b2db2e912fe127b144448b434897f8be6236a02f4710899	0b72e0191de136165fa39fc489e2b9f985c55d5fa53ee2086131371ab6998108	c89dd265c5ed0876bcedabbcf983af59c8245845bf21bd269042fae08208cd75	37d1ca3cc85d905c6210fc62c798767a8828e96fb5902c632734c15f1beaf081	dadd7b404b033a617c1f02964259a6fccc1e16550bc2a2cab8cea571fcdfec3a
1315	4975d68457ebb2a5a44bcafd8d54e233e2a439e39834eb8adc4bca429fa32b51	aff156bdd0427d5de3feb67e4daf3aab1268cfdb6ab90fedc9d6cc7950775929	59f8ae34c1162787ef083f4c348fed3d22ae8d758036b8a8513aa33f3d22d3d7	00e8a521b9fdcb312e5d9b14d363f41073167eaf08d6d60df18c7f84c597cc13	b22b6b90b1e42383fefcb6ed5832f7d139394ba51be962d8404781b2ef08ce05	a52eb2a1638e36e60be3c8d2c58460f83ebbbaf2d17dd8cd52e21ce4cde7c7f2
1316	2dabd3fac244a38f0c133de9aaa5d5a623f78f0ee3a975eb8aaf298118a0198b	69073b7ff0dfca300fb7592919151f76af88a731ce07e98cd96eee6f7fa3c6f6	bc1460ef4739bdf070fbbcd6dfa288ff29face153cdc59880a9b763dcd5ab77d	ab1a3d9ebde6ecdb2d11fd0d64c551cf635e3ba228a3ad476fbdb448302b8739	b8b276d49803dd8886b08c04c5e5a5e6c0b7141cb00e778e1b1bde1a8eccaf22	ce10a746d3a0a4ea2e8f1b869908f87969b9419dbcb494ef9a1e7494f7f62ea6
1317	e465649e2ec8817d7fc3b6e18bb096254382f2accbf5e624b7342359db4eb2aa	69b5615ef689dcfaae558dbf7263f788a6e5a858af4e3bf53f9c948c216a4a06	5d84fb8a80c2c6657f4ff2270a570ddac0743c16a7519b08ea93e0ec4dc199d1	32c02d37d844e78abb53a94ae448c1a77dc512b7bd37699729d6e981faec4b26	4648039789bffb4d064c990f35eb94125471b9f9883b5d6bc716a42b696887c6	f6f39db8d32e705f514238a477e63528909bd60e787cfa31aced6626e90dd0fb
1318	43fb00123a5aa22e44fab320ead6bbe654f7ab03f217b5fbf229e41d5620ba2f	3a3eb8b86072a1e49af97b15dde80d1444918eee8bba0062c6c7005d5a21fec9	e5c16d7a88b73b9b31ab8ecae3307ae389014b20c5753900425a5b2fb2e26f6e	69c658493c69bc6aeabdcd3c3e46d4f47ee3b142dd092beb7ee5cc5d2102af19	7d9a10ecf8fac259965baace0f5989e728e268e8b1096f2012340d72c937fd0d	38b9b6458820d6e27570099768e8f65b2e5cc6059030e214eb991c39646af9ab
1319	f379756c9337208245ff89c4586d906386d45ab2b6cbb14cfa8e3c89818880d6	77bb74bd60912b73a280fd727c89accfe23a6c917300b564ed5e7d7e33ea4459	1a40a7eaaa5e6e173499534e11b32d069885a1a0acd239433f5c23bcfb38ae7e	7cdc3ffa3d19eaddcc19b9b821fb08d6c914be3c486e4163e7b79d2cc799c740	6e9350a37f4958ef76e9b6abc4fd688cc89efac46078c7da8f4fcb15343a431e	12750cfbae9fcc6898ae76a67f53e7ca2f5dadb7deb13f15385032eb0c1cdb7d
1320	909793ba84b8a423f62a4999f12f4754d97e7c8549e0916409bcde9f0aa30c37	a77dea22626f5603b0ba148c62ad7647d9b5390d6b47479d8d3d22137396a3f4	5b70cb70e3d5ecfc830456e48739255063c4b7fc3f8ef5afebacb01550e82d77	479a0e5cab8b628d755d93196b0d66d7ef7a5ae0a859093f7a9209c750bdfcb4	3e10594c3492f22115766ce00d6375377b877047ea95d857559deb96ff8e9149	38545b3fcde9d10f2caffa3415d3f9b57f7e45d533a2b29b132710e3872b2d09
1321	98b827669ca018beed0b605ad1c0dd91ab956517a9d7086859954b810b880b11	92a57a27ee7588ae40491b29583f504b3d2b07b36ec0375c82acbacdbc8b158b	d73b81b6ffae37c83044f7e622af6597400ffd0cf2a869cf3c8465c8380e8798	6a4d5eeb9726719bf7c2f974c2cd783814399d5e170ad942eb1189665ad862f4	f093a84a46133a494c13f511d0d552d07d161d5fa71ebbf62bbde6d57a1b5052	4aa7e111422414614bd7cf8e511639e0f3ff787e046ecb4a86dbe66f41c92751
1322	65057d548d6cead1828130996a14d36ce6c8a41183068b033926f81cd6bd776f	7e58eda91ae2577cf489c6261b394e00a3b900949eaeb41be62cc5cd50033ad6	cadca7363f15e0b6189941c2ea86f5e026fbbece4cbbeab158a0f248cd89448e	b9eae5c19c55e231af3cdb1e62e0de9b98498ab099b16a29e2f61630f31a78ec	6250d16b80706a660351e48af5b1f19ab929900ac0a9ae08740b178c015b3c91	b9336426f5cf94adb067ebce5b66bacb0ab9f80bfb11ab9fdec45ac011f093a8
1323	aae519e30c7e4cd5434bf414f2db02dfe149fe8321f59fa159d7330e718a5ccb	eca63e168cdc686093bebc341961c18442e8d6d44d9bb9e7c83dede7364769e1	8edea6c563edee9609b9669e59d36360ba18deed11b63a05a09204997f7071bf	21b84499ad0b2be2ea561ec321368ee6ee478669c30d8791bcf143b94db43074	364c7973b131e7affe82fbe66e3fd03c6d4868d44a24727e2ff74078cc228c22	42eeab9f9082ca94ae1b115ac020d701cee70e27daf538ef406bbf5903b0db72
1324	f515f8960e04b0edecf823745f58345af93753ab4d1382b7244f83f6ea11cc80	60b8d741d5877fef3921947e54077a76526271a36e8cc9ab120b2a8c9229aa29	483a78856918c71ec7d0e56b71fde21eb1fce7b1a11d0b595c0c9f3038c11ba2	d0d572dad2b2f896e6f38bded686ef7d0e233f8c6bfb6598a9f6a1008bf41094	430e69ebfdf130114cd3a155c3d0aa5de60bad5d0a55a078190467f3dc23c0d0	8487cbb93c00756a647bd6b5d3f542c5129693734265d274917bf3769b3fda23
1325	0f44abcb99de16d7a81b0d822f1123660aadaac3ed001e0f64a9be551cf70078	38c34ecd8112dd327c34e05f383d9bb423f78ecec7a1db79fa9b7c9ee7e6ebb2	bc816ebb2a89d64b8022179300ad0700cf0ace4cce940a743afe7c556aeafc04	217709ce6c73183274621d72b5fe4229eb078ed290250bc1dc0189d62ecef239	5b8967d95f0acdd9fc680a6b8faeda710a75b3f646fdc82fdb753d1fae033dcf	40d9d870501023aef98a6acdccdce0a620dd3b62e09f14ef3efa641fb984dcfe
1326	a20c03d04be2c9990f54f75ea8a89fe8a3ea2453fe646f371d6c97fd1ef80a6a	6b3c1b1b9efad60c5b3c5931419a0d29b173a4f297a61ca6b13d61a4735b2d73	d1bd7f2ff060a1617d57bafd1c6b01c70a052e5662dc3e07d30506db4b9232ed	6ea62c75ae2c188857289177a3e4ee04528a09d264f2c3248a416dc1e04f0fb4	f406a8c1a4c2993c38716d7e6b214d4669568d0b6688f4f6ea02134c27f94a04	21f54cc883438b5f2171fe82dbf079c03b04b55c2bdb30dba0eaa130e94af3ac
1327	4301f4193f41b56fe6bb3b6e60f1b74722f10e447efe78d7ca529f012af53cc9	3db861ebab01a275410f552316d9ae042d0a60d6f7f8313af06f9779b6884584	79fbbd8c8078a7e4d58f998d5424e4dcef1a763a5f7b17ba91a614bc9cbf3712	4859bd4857249dae0ae39346bbbe038a3a730701c149d6ca09cc73da4b96bd83	d94b0f14d8e711514f27ab568b9d46411460287af618b8d05276f496fc905304	141f4cf8434c4f484700a480e469406ab29e9917147cfb49af5cc239c5ea54be
1328	b17cd176938660a2b3bdbc86f5203ebb64021ebc41e573682069e3eb11862f14	c4d212602449a63d63f3d82dcfa4cf98cf47532807cda509f583c1af494ed672	be32d2e787c5e7c5f96d03d6b750dc708ae335d861df34c21d345ef9bce36d15	21f504f03391884c70de19134cdf0e8407c41ffefb5d3b795c59f6d6cb11e3b3	12219f3d307fe236805066f5b7cc828b230ad62aaae67a41abb96891f88077ce	d57d19ed24429bfb62fbd88dfe9da0ce39b8798bd1b96e354176b529b2400706
1329	299d53b62005cc2410e88067c659e01c60672abfedca4a56f07f099ed743b17d	72594ac4659228e3569c24a0e818a777be28ce643accc5fe595009d1a7ab242d	3270ace2e380db42eec03152eb7b9408086ee2557de7a28bf614f464162c7040	c4d15d905444790e11bb5fd85caf668237796dd657594e93b3d379ca6653c4f1	b303ba34a6c56e6d1d8e6d6b24f9513575a78cc6fb0b6c20ae04c1d7e74b9c28	f39ef9ffe1b3f55f34b8179055bb267e6c402528856324ee5333f1cfe19905cb
1330	dbbec3f6b09645af74799ebefdcd5958ddc071433bbb6bc46d92530e141d0708	4305b1264938de7691adf94f1511e4024efb88318660d03ed2ff434e74de0df8	060f8fe28e1cc3e21f758fde0124fef1540a19f53f0b43484d3873a2ec5eb331	4a567a2734909d0bda19296ccb23ae0ce790de2c29e9335098a3dee1bb0f48c3	eb72b58b30553915426da824889f1654e5023caf8b906d7346e91549601d1a2b	5b922f23ed2ab7521faf497b5f74c737e623fce8d4f45d09343a774772eed677
1331	f32501e25ef951a9e9234e287e44044ae9bb5bc9f080ddb7236bda00c8122a4b	37f70f066d2f9bea099f56c61cc4925ba3c62cc9a9ee04017d090b20e6e4b586	d02c6423be24d17853d49d75bedc59e7059cecb76009c8153a1be129172f1748	f1849039b450b2b566bcb81f5e4cb9e3c43607f5586ab235606bdef2c695e9da	ec04ffde59b48531073d83ac77f1facf537bd9ee188a1cec283b8c8b34b614fa	c2df8883ab87c3e3b6c4add1a2d803c08a867f59fe6d97bf522e93f9400ea2ca
1332	23791375f58adfce2487d35e037a9352e5fd207f4d9bd7d562419b5308dd8513	685d286721263dc2f2b63dc714820de2d4e37855e3ecc61b7317b5f0caca659a	a4b86e4d099367558c2bae9b3d6bbee16ccc52edf5d306a11f0c5fe429e1d612	36deb4970507be838ed6d99fae0be540125f1189df5e90d48bb7dc9f8b60b8fa	2056708689ab90989b3614fc914d43a29c4e00b3896d8cc5daaa8657ba1fc672	89ca443af39b6b001d16254971a7bf0f147e03e07e67c8d034d237345d17a510
1333	817f35a0c40e85590f9661849dda839bf5ba0db8b2f644544246c411eb2ab5e7	e940542a8f61be7b4dca7ddddbb785149572bb3087e8d449e59823a2f9732b0d	b78e7c3381cc8d90621a348c9c27d99386f63ae7668ceacb7aa0cc477f2ca5d3	9c6294aa3378a748f43926979f159dd6bada04ac19fdc5e0575f6341b85e8b0b	bfd160d27553c48ebb238870f13aa17852469cc4f6950fb9f6cc0f214c4b6665	071081e74c0ec7362da29a6920bc4008e193fb76434b7606e7a326a9245d0290
1334	0347998d3a9b1a4adc80f20e3f7e7ecbde2e066e367f5018e6023ba8532c8e0d	f39aeb9ebf34cea7024a94024a120fdfed173bdb92fe0be114e9b8bc5300d9ef	853af63e81dc5c08734603dc607c4dde3eb19e9ce08007454614b2d876ae6145	72d7caea947930f4efecd33d25b754ca4634750ac6e99a829df928dc535e5aae	daaf1420a6371dc439bb326bdcf234b63158b9d6f71fad0533ac4e294a71257c	56f5133bfb9ac5f3f2f7cc421f0e3e0c472beca785668e65d0e0303a275d81c5
1335	53332a637ad00096da8ab2ab9310e365b61f3c10fd17ebd7d17cc6744422ba32	c02fb4170f80b2eaffe82f81729ae484b313caf392649915f9d660e8c812ac58	cd46f50500e243116e746dd29e26031d84d1ffcbbc137c4f7954633952900780	cece86ee2a20750502a23da87edd5c371e32317f98195f259ac9b6cbafa49866	291da59ac7795ca47a0148785a2e8d358d89b842091698af2bf4d312e6685f87	4e46885024f57192994e723a52ee5a51bcd2dda2fb9ea4183deac1f107466772
1336	84b175b41b5b10466a1bd0322030f4a761692aaee9b2a0a2cfdd4d36de343a37	1c4ff19a7280983d202621f851bb2f95baf57dda879d851cc046394369ae4301	ff156082cb66a56d303c916f8cd37b28bd4ca418c26fcad3f985217658099a62	9d60799da62dde3ade92485433d8169188ce323eef00016d56792942520f9ff5	3704d9d4ff350a96585eab57fc393167325fc8da09899461a511fcb6a4867fd7	c845805eb985e955fc06e5c4284051e536fa55e842a2f276627abb9971c1cf96
1337	c9ccee61837f5f9212d2d9277f26123d548a04e92c5caffc423b37c2236f2e19	9a0574c595b0fa430b5e7b86fcec231ca818dce491990a61ef0289c9dc293ddf	d27b6ed33a907fa3ba411017a7bb9ee3422a3eac6152e90ea160b4ac6c0d9d8f	7720bc6b69002930c194c80f15de6b3e557456bdecf09ef9834032434653b688	c5af426b37a9bed4a7e3071e1cff09ffa2e82a33e93c1c657a4cba28faa42ee2	b58431ddca464d8dc8f439caa99925d80c38eb56dac629c5c8c40f69b2f2f111
1338	67fd67162929ecc1851e238eaabe77d61935f35a00487a471c605ec6a88d40d5	fb98bbd5025e9722f7c5d54573eb4015c33ad813fa36fa8f6cf77f326329fd92	a3b166ab3e0a98cfd1019d1d2878496550890e86385993361409d04f5722067b	811377afe2d0605dcb9db726a83fc9f6f35df22e8d6653f07c940f0d39d9ece1	cb9ec13e047ca2a1ecf00716578af1b95aaa1b724a8c6275f708c957dbc62d13	38fb28301377f9203dc0c93e551c930bd2cc53e4a45329084d8324125311021a
1339	898faedf602f286648ef4e8a0f99a0f4e41384c70bbee081f3f244408047556f	91cc21597fd13d1819022a5d47098c6223a7b3662bcec7d0562bc2a665031f48	2196e4e46e27197f8da859971206cca2bb3eb9bc99a6998febe50b447b365a09	baee5e847c50f64b2267f2abf210abe6ff211eee02b8d8cd5f09abb2d8e6a555	6102598838e2423bcc3aafe884f85c7972e5b13e35070d1c567c47bcf23f8fdb	d58af69b382502693f4b3260d0987228032d12d14c5433cd9bab6d17753804b7
1340	67b90280366ee6cdb8f19100e325f84bf1d4390cbfd864296a31083cea383992	2af32ec1fdc2b03db8c27cc3a1ecb095707283d5a5b7e3deaec750b7fdee8b5c	4fef06239ee0e2c558853fd7b7f76c82a1d065d67af9171762785ca10bda7a86	4050dd3e83c6df3901b52dee82e01ecc8ddfd2da5719563e076be270c5b9c19f	a3a7ed663ecb6394ec51762401a1f1aebc76647d510f8065c5d1b33b6f157def	6db8977bd6cceb22b0cebaf6ce3856531c87b1cd0711c413a2aadb7542e2a780
1341	4951caa3fad588ef3b7f1d8fa7689f340a84a57ee0a37362d13599cd6140cea9	b22710c79e65d2c097847f7f9416348eb16cb917ba9b8e0ae20fcc4081c11be2	2aa76be184c4017bb632727781a34f1eb169b9378faa9e25279afd1cd9d7299b	a986c81c4217f1525a591b59bd947cc1f23a6423be5ba49866a3c3537ccaef24	16d46c4d205116851242f9799ceffdbfdfee268fc11e448b30d2611519ba98e4	fb2c9befcde77a30623bdb9c7aff024f457d96c64269389285844e6b61074373
1342	c1218281b62abfee627afd8c0c2bede34dfd79a8e787790cdb1252101d19208e	818dc34fb7e50de5e4de6d2eb9140791cd496e99f61f76c50ad3553897fe95b2	e3b57687e1fcabf6ee710187b3b50459ca4a9e937ab7818809680446cc86464f	cee18324742df7ae5054c8d5e10a66c17f660d99244a8d2dbe743ef7b197d71b	ea7178a07375e4427d5f55c23d8a26c5c0fac7cc3a040da940df4aaccf26dd36	832631088d444bccf1bd1c2fc2d2a883114fd0143349e673241f66c74946c1db
1343	b9d32d9da00fc4f1ff5edf6ce4311a2a504ad6ef463dd0b610bd12c14dd25904	39662bf46a9b34bc3b83899eb031ba4332b5fa14bb8806f1ea3837469fa1f69e	0da27d19cb9b3cc2036d95d6b2eab7d09fd6740770cde3ad9ccd913c1ded5df0	c89b9b2dd5e92ae6b619373d57bf95e7713bdf946d609df02067bcfa395bc352	09f240b916f7871e36fdd68efafe329e0664c5bdd21c364e2ded5c5363375d4e	0811ece577a6f456a27c250401a7d3e592e01bb96562f31ce0ba093f88dece45
1344	f354cffba4bf91ce10b614846eb2f5d2f68584bad8c7a86a3423577fd7f03a11	9af14181135cf9c0f97993b9559185da72c82ab43f4aadfea1b02fc1753bcf28	06db19cbd86db5ab76f31d176c56678f41c3d26382a3f110ba92d11d7e5afd17	ec2bcb5340cf26d574797f6f43673f69076fd1dbfc91e10275c6549e188e193b	e29d185ac52108627ffea99efc5f78f1a22530519c42e74a6c43d7955b2e781b	44bdb8c2ae4f6958d48b03eaaeed70d520ae53ef473a597e2014efc0edcd3af4
1345	8492ff0cbf512fae8e01ce79b5b4ffa6572355a917429e5813a10051da8f53d6	728a7cfd56412c1bdf7940e83a6fa47daa134417c9fb9bd6b7a1e330d69d149b	ff01ceeac0681f675f2d7fe4cb6c34470c51bbcf18e116cfb42886f0590098b1	23a0d9f09215e7390b25a42e97636cc28a5588d94565befe4d9903d7006c07bb	74c330934fbb3a7b286fc559a1483531133fb2ff98fa701edb9c32267f285cf1	649772f926dc72ecc460ae185766dd33ee9bd09487a50525f01097929958c0ca
1346	5a09bc13c6d2aa480236b77abd8e7a96f9b28c03cc286fc0a01c43428b6c4715	4f130ec1432a6f486abf6a798bdf147fae9eea8c7f5b986aeee7e9666ef0837c	a20dce6ceea400892474a4d6f1c6044f63d069bb38cbd39664afded8658a02e4	b2256af001ee23c20d4ff789b2cd0952f81deb1db7ba10cbc06f5792b9e22fae	c85a1f20b8f57794651daba4bcf373b534ec4f54ec5e4528c0d1896713bdb77f	e0ed0cd89128766adeb64850e85ab9594001412afc826738270f9a7672ed9eb0
1347	322cf36d7c73694392dc42495e0e62edb00e161d2f942ad33f7d91efc0c3d9bf	0653e111d08acfe3b7958d0160781e77313810d53a8a192b8cb7e3b605a57c06	1b70af4720059a0d27507bf886fc4c741c4bbb65d7eb03b8496a2c3205ca36ec	9e4d3e07756a002430c729a49cf80371d078dd6ff900da7f21973f80aa353d21	22c2317a359224face3e1babf1522c5efba815d30a746139aeaca04cf2d55e14	d0f0df589c1a6579ddaaa56d9ba55667d26b9981438b4f0f13c53659b2ecdc51
1348	962f3d7bca5db24266a9da81176c4cdbea61df86c15ad06c54526711a17bf782	05d3929fe22b6bef839938c275a0e3a81d464c8f7eeb6131357bb0e6a0fe0683	a942c31e76ce60e1cc1d684fc38bbf1ec0af9c1a478c9d312b4b7317156173a3	073e29ec32a37efddce8b3f00ea630c7fbb4a3293abcd98fba310ae1bfc8f027	42d184743142585ab281c1a3318784f554e105abfdc7ab508abf5be0bb510e05	ce8469a5926ab9e374a7399b2f6c00a3abfed5b45fadfc3a82e8e82bfb2388e2
1349	008057f561791c98ab5c82e249e4eaa5495a7abc2d721ea863c9b1151472f284	cd390f3fbed61785589f885273b97bafd3262b0daad98da01aa313abb2363245	364737f000f0027859e8276df2d1f866114ebdd0f26b093cef5fb603aa62ed47	4692e143edb7c0e9b023a608095130f1ce3686dea6ce78d32479907de3a650db	d60a3a7e9ef0cad069d077407d9bdd1142d48663ea9f5c9d86a0fe325762942f	39ea7f8c5f1a76c8ae088ac6ac7fc160edef0b42917243448607cbc502811f43
1350	730feb57100d6a671ea2fcbb874fec02acd9fb3cc2b66e004018b49b5c0b9265	b509452eab68d021cfb481f1089b316446b4d025fb4db74f8c46d7f94744a832	1aab09e275dbcbc522e3a39b13e4b7c3b6c6c8061aeb664b2267e706252b0d82	2260c6c688b1203dd27742c47a529ebb163e38e1a4fbf9e5d0efc74c54620550	f5cbc976a778a2906e546bd8ee7aafdc07302b35931ea8658e7be324dc17bbb0	ded46fd0408935d1ed712724f6ee18490defffe3f84f93bbed90fb367eab82b3
1351	b651c611797fe22e053400b5068fb2884fddb13fd31d708f7082d92798132740	d1eebb8257b86b7c4f58bbd4dee08852cab89c69261c17f7b278cc90a841472d	1fc283eda6bedd76a022083d8cc55c32f39ff60ba0db7edb38ceefa3278df5a1	3e666e38a10f7d462d137a2dd7e0ad90a0815099ec3e940942d017583956e6b2	72ea5dfd05089021142d47b369448fa51d8e592265ea65db385f8d88487e3afe	f15ddd1b5edb55358fa48db4b97e47e4fbd260a2920f44d8a557768c17026f48
1352	e367a225daba0cb13c602794fbfb1c69a0a2726ef131149d81484054b4db81d8	9b749fec69446063d3a741f082b90812f05230ef13b4c213ce213ab265cbd4cf	dcd38df81334b17dae443fcce6fd3e2492cb848739bd44ae28c84e778ca6b974	ec787344ac6caf66fcd747d45aa5379edc0a154d868e653e8d9d372051d3e4ef	a5ac94dcee2afacd81b2dc0a234435086cfbecc1a4496cba2c6eaf28759a744e	d886648ee82a89ec78ced9263b8b2cf04de6cbc982408deb9b35a104b79e4214
1353	17f24ad3c731f3eb8b37b68b0c9b1439a3d370d875c130c18ccc681fc15bf645	a6700a1bd3a5fda4268f2c4dfd40d502972b27fea0e48023b8403441d3492b3f	35d5809c9424a66bab32c09d6b9285da7393529ff087b6b35b58e5f7b8d37391	ed0ba15953865d269bcb1aa3b65cbebfe5ad0f0f8c1bb764ed301b7f898ffc7c	4096a6fe816cd7e9ad419ac8cc672658b1f900c1a4e1d6084bbb76352ae4d101	e09d8dc6b8f3a75b13e3d800af2b218680f23edb7d12b5fc451aadb4dbc33a1a
1354	3aa0149edc8ab7a008d7e9ba8c49e72c22d71062999e0bf6cb5d1688af9a82f8	5424ec1f249ec4b98ebc966364e41b8c774e2778814750f6efb5ede2adda7127	c1bcb0d322ac0806e6a3e512de955642bf1be6168b67537a7f1a3c16b286e10d	f122d83e6df13e942940239edc1c62eebe1181c8368f5e80ec81d4bb2d5d4494	3e37a6e6678e00f1b6b1465dab768d88e0dc5f757388de4d5440c0ad1abaf0d8	63ea0a1618dfc857437c4cd3923f0bf6b02fa827958234071a5529970e5d3f4f
1355	f4bc1c1491ad01ac5b0689f669a6b0fc0075796dd77f9095aa110d7488836906	dfca9e3445141e572ae13b9f5bd62e48ed777131a511c886af0d875be236b98b	78e33f555e2db603e723e49f35c0ff9ad4bd593c4443a9017160a43e372bf206	054ad733a917ebd50a5a5de8bfd3479e96136ceaa77f0388a508e1f2275ac64e	8cd17547d95a4b40a420cce516fdf478731fa8f8aa6d991209e7f903bbfb2cd9	bd28cd02ab1b13496e85e6da1d0f542016a5784e89b46809ba6155cbf6d3df96
1356	dbd2df8246a0bfe979432e77eb53e0525d629100345f878e15429bcf4e682042	75fd0b7c48e352fa00cbcd8028f0e30b36d42d5ad14ae993a2263ff59592a361	214d45e9c2379b3445699afb6c3e2f4055f51992b2976a91891ff9126e8a1492	94fd7063c83dfb51a3025845aae123b908fadbe7b38eff3e20304e7dc2aade26	ca8c975629f9509d21f839c6c72b0be889d40197e30b543a7a6855069f4b4027	cfdc2d352832cfce614a9a3633e9a4eca3e6d0e64084089b3fa3ae041f7723dd
1357	8bdd52cfd702620b616adf18e87acada0bbbf3eeadfafa19f64d2fd71b7c8b18	5b80814bfac84ad6f43f54b1c904776da711aa2556e29ffbddd9cf462d830212	d404ee0a05313726fb53add614e55b427d22cfb5e89322c414fb662fd74cdd5d	e4dd80a84e830cffef71987da0a476347a80cae83c8bf72e224868711c7759df	ea526dd0e53c94544d9686310c1a47c2e45e66bbb8687105b1476cbc0f7d6dea	ed91b25cf858f5a4b8b2fe474ef9c9b915dd281860efd260267be5a87166b881
1358	5c78f400c6ef3ef896febc9b4169ca73c1deabb3739619634fe68f83ef98c8bc	0d678b54e3f4c38c87adab35276743666507d2a2c9ab6b0b41b4cd8ad223e7d6	94bc7becd4290c1d8b4060c2e569d88e4eeb71291b7ae0e4d0a2e1cb6257a044	cfa7f6de8c44970dedbc87ddfeb9c64f7ea20c28a815aa76cfb807e4b60a7333	9b0ca25493bbcd8c60abc35ee6d6e2ea2ae02ea487979eab1741061b26d3ffc9	e1ad4bed2415845f2e807b5f44aa2766f66ce1a578201c87af40f8e7895b7a38
1359	45ceba72e9d9bc00975bb51af7e4556ffa07ff9d93d87d0f85592d32f97f9d3a	8ef672ed6fb457e1801e9fbeed3432f880441397d2cc22c52f4284c6a42aacea	239c90083cfef13cb88a3fd659ed6d8252746ac3552536e5140c51823e6632d0	2324158369a4b4ae7854b40568aa7a0ce9bb21bdb34a21dd8253cb8985ec249d	d5dbc2b5d3784cc9a1f8d139b65a4ecc5f8d45b01a8a515cb344d37362a8185b	77ae0617f5f5cf6e683ab7b9e6ef7c0c9e747a83836abf45149ae9bcaf279273
1360	969b536863b3491e36e350326d4e7b4f4f62ce4eca1cf3b7079bc1a8a304d6da	af8a9970c62d59a036965a9562a85b3cfcbb7d15b9bfcab44a6d189e510bf058	c664bd1df8e42f8edf45eddb229908603f4d7983a4ac007429957a2e5d959fc0	a95b731f27141f6ffe4d582fb0e203b4b3d44e161a05a4f6f0567f999f2a049b	9aed6358299ae80073cc16cc8949d2fd7b4daa4cde6670e104b73a7845d1ad3e	19570e2367d8b90d5f30be19c33eeda9d81d25991cc4ba3e38443015b6ff3957
1361	75674dd3680bfbe8a29e14eb198a658683512fd1cb133ae5a975aa5c1c11c078	2c4261fdc56e9f8f2f2b22496e9e53204b8d1e39210fd5edaaae6113c74aaba2	d3c8810d766b150d5a152a1a1fb56c8dacf1fcf403853f81700cc8099d808777	337b8c20cc152929090a5e24007a9debbc0643b8da35c3b2e0cbf3b532c0ea00	da195a76d4ccc514771809729b58498aefedb795c2ed44fe7bbe2abb837c6e0b	5cbea8f41f3f552fb1336c4b359565d7c522ce871fa9f4edd6313c0230a09a47
1362	a2ea485c27e9ddba6a3ffa195283e929c76e46b66f3184b6d94a7d96165916bd	f85ede0b41fb806e96840dc98145e04a1f233a48387710c5b17ff614d2350a1d	0151079d849de69a21b143b3b545ef2147d8cd31f61ca6bf580449cdde835311	e96680b6593e6e886e0e743f23cfbaaa441f5e940bd10eb02b135824dcb87644	49fa5042cb34fd95e5c166579215546dcf8144a0d61b0b5d3e07805b5b339d05	f4190d98d45b6c29cc751083d9d9545369e74e85b67e931a0e4f690c197ae89e
1363	f0c118b0061523b81fb3db461d2f92c61ee25fca81b82ff3ff7e9b1c3e2da68a	c88c7b3f9aa1fa4b922627a08e1b8e5c8d3c839ab95378fdaf1394684c02b076	e076986b44df96b32ac9e8a7194a176bb8679d6779fe0e880918ec0a41dc9934	ead30ae4d6127ec68f6b0de68023e41b7ef5a93465bd3c625c9a41d34e778d9d	29b9a9bf2c4a4ef8756b7e354d9a0f9d21d6b524e0cf9da20493d8939b583f1f	c1a7471ab65d1eb77aef6e58b93a9befe358487718a954b2e44b7ebc65a0a6e0
1364	319f4d615d653f510009ef1199235c9f0551c869279856f18882afbbd823b216	8b5a678ee3ef0be39a4427ef8a572d8895c903f38a20b53590a776fdbca6b061	af8b9dd003454a9bcc192b0735c9436961eb381f8dccaf3c6572e9ae6df818ef	849b83d6b542ec11292bc0e91554f833bd947c50305fa04516eba2d7c000db45	8da507071b89ecbc3a1885a2ec27e4359450a185671f5c94cc2619880d5505f5	2a0d847f103a7dd516397f1df0c7f1ab95a917ac706bffe4ee878d6ec75a5b83
1365	16ebc780755134dc454439207961240822d5b866bad812024c065ad9b4d90262	6f932fb6928ecff142cad393cda4eb3180b77551a25103300f1cd82a93b77c16	f1cb8d7f930f0313c5d1ec71ce4ab6a5ef420523ff963004fe25ca6b81c0053b	5b112fc29a241f7d7360955231142d0d7e129b44f59cf6efbbc1cec77af50cc8	1a70ce8d741db772683e6661cd8b1fa9da22c0fce0c057c461225708efc7b541	5c5e8ed2e0a15cdb30bfde2b015a560df302f30c54c02e5b5a91916a53d90ef4
1366	50608e771babc812fb8e935f88be062c4047a854b03d216910322ed57e801e12	0ef25b2f31b4b31c415b146758be07468b539fa9923b37f6b5f97779f5417d3b	cdfd620e745da6622fd54b15be05221dad40694220b06a1083254fc8b1c8ca3c	b53e8b58153d11b00024e5c46a911155b89d0541891e8f29f526dd0994971e52	bacac1453951fff26410ce2989afc47d1f9ae27fa5f7a485bc7297f24cf760fe	0ace8ff0aa33a08b3b0acd9228d7af92546c4faf8bdf3fd3aee93c4ed2f420d9
1367	468d29589bc3231aa867780d43ce30ffb7efb84c70da45dc0d48d02727501e05	8e0e715ec5725f1394d2b602cd7ed3dde48d241d5d5fdb17585caf637b9f5066	742360fa10763213b289673da3ed3a0703ddf77f8e5c21dc02c6ed8c0dacef46	208585eef6818e278325921ac6ce4c97b83e4d5fa707ba6f94728a655e77f321	2a3702aea16f2b4076f0e202aeebc88c17aa6cf7f854401c508ec216c7a22d8e	48f755dbc6228f94d79265267fb7262e2f9c5cb8bffacbaa4dd4d7c9aae96263
1368	c4a303cac2be844cc5355099c239f48f3342672d924994a6024e18d7d0737af2	f83025bb7941b2f1fd44eb5d5e36a90fa11fe54afc3f77cb0ff3e802f6f2b1e6	ea5800d3858e7d2681d52fb5b37ce61e4c5fe606fa8b57161b57f53f0c50139e	ef7fc4185b717059acfddee7f7a2fea1ee046b570c0c33c23c3ed4bd77661d5c	bc6bbc251ed39ee295a626eadc112e2c0e37474776ec9fd5369f8358915e0c08	fc2569e37fe55bb0a70fb9f20d6fa793ed0b2eb085bda22f1f600cf7dc786428
1369	7363734ae88caa8fd3bcf338d269a0341f86392a9da1467afa05061fb6976082	ccfbc4350017f438cd02af515512696a5787af4a73bc350ff69b1a29f8d1871f	8b08126b40c3b22a5d6c61668dc533073d6453e2477172fd1474cc3b2090b04f	4c3148454636ad41837d04826d72295807602c32de782d62563635970227a46c	efdbf6ac19b3b163e358b9a1bc7756c7711724a94f138864ef5d8cec6e1879a0	bd1d8fdd51e907830197759fe6faf3f4ef37ddc2587ce90021cba9893d67a920
1370	8deb5e494e73286603edc1b3eed92980d8e2287e8c024b685fbf02d9a1c990a3	80e7875062928bf86af824d7d891fc5416f57f49074075184c9c8959aaa885bc	488a8375343a44d294038a0bbe99cae36b2fcb865ad59c104fc895340327f8d5	9dcd0779a3da0f278d898928eb1914390094943055501c41640eeddc11a27542	3fd78123d180dfdcbc64a5e5dd7a8c7b39962bed7754580c48f57440decc6a2b	ad0e95952a5b1b558493b0ecd3cc30429a6d397e914293a7c3f1cafbcc38129f
1371	699b03143b8e4038e37da0437eca376b23b2bc020c4d3a2153435ed7b3bcc4e3	b0d3b9a12816baacb037079be502030fe9fd4922878aa46ea29d008496829e8d	181ba88b680f70f74b8bd773ec108f6e38b63a6e1124a83615b18d3b7b6d236b	1166a95e67e7031b52d5f81db3b732a999fae44400db5e855b74c46a8e00513b	e670c83876dcf8f302c38fa4e9f3b762264fff33dc6f260b5b05ad5fc9c73f68	6a6962f163d6cdca18768b659ef730c9e35086f0751de66efdacb28ddfccc6dd
1372	380ebc25e75a6cfa6e6b99cd3937be5036211efc6cfc8ae178f5f8ec98904d12	0ad663b8b1e0f398e67218b9025c4cc2ae2f01879f1646483341f49ce20a8a1d	57cf246e6a59fd68d9ced7e059d0b3fad5e440c824e2906a45ecf915935a3d00	7aaa8581533fc86299f1ea79b95fd38be5e092c1050de722dfadf0dc7a7aa49a	4da13030b54a7ab3104eb1458450af0290be95c196f9b1a7431498de1fc549e8	167d842282a5d90dc11c22591705ccc659ac1f6112c5ba4e14c994e39500f435
1373	1396c261225cbb236eb09dcebd05364c3be8fe7fae6b155b7ff3350024b89ebc	24c944c33005d9676fd392e072ad074211834f3bb0ba022a21a732edda4e820f	2f614b34fa81ca6e6369ce29d032381da1030f4cad999a7746d0247f724432b7	a6a7540c6fba9ea675254acfef6a4a573a4c35cb75b5234669b49c7026914ea5	9042d41dd7544cd23c4a4119daefaf8ecaed282af06d2c7dd8082d958a90cb2e	dfb2ff5f55af686e27eff39e0cfd46ad54712bcae2d9f7b20fd8feddd74b805a
1374	27fc81c608a2734ff470eba9d4c64403e9d63be831694b8094cf2e9f611b10e8	b16cc5e1a6b11212e84cf2a4dd5133bdf7f7e3fbd843a2cc80431e3272463332	281a80a983c7266bb780c7f74671fe0665c4c6e2cb10b115af03392bf28d8219	7dbc09963d5a45fc1312493ae054f3c20de8dcee8313f3743b9f073ba0d9b637	12e6723aba2d09d219df22b826839982d66fea79f494e2831e0ab1d4ba01691e	05fc85e3861334709472a125708c24f5b109e02eb1f6bb7240ed9a7bfeda5723
1375	4fdcedef0b260bda930f0b0e1aefbe77559cecf90adacf23e463d3decf9a234e	47e95113bcc94c2f31e2cd6471e3e7de98beb3d33da7accb3b73d7747ef068fe	1a7b30838ea9548f42c8e23275a0ed2231c9ea48888e569903421f01ac055c88	a525974e5fb71e61169ec7d13b720012062652b096155a090041098ddd6da74b	686d8f3b19675c99ca9f639646d6d430e0fba85f08c8563641e2bf190fd390c1	f8c46cecf165e4d5e72dd9feaafb7ed60fa796ced361543570192a5e59d90a56
1376	f79031137538ce2c21c518f2ba4094e20f8dd4c9f9263bc7434f8fdc9839c9f4	0e64b0d7c85d0e61331665b05f6484c109965ebfef6caeac09c2d04dc2c34578	a3554bcc61a1cf43246587b8ce9a240b89a596f836e3c3032ad3bee036c82186	1cd81f6847b1711045e7cfd849aca02f76797a83e11affa17387f10e1b3be486	e7594fd46abbe985c135880f267062f7da8881a238f67a48709af408cef25fd9	b61e8b41c82c92afc3bdb192e1c3928e53cc21fbe20b97e7836c069eb553f6e3
1377	27fe4e169483f7f48a086068ab113b2715f6c6d2350007bdac9159f8b734e7f6	da918c00240a8de039e35d681195783cb7ca5ef0ccd99f8aa7761cc79d31e775	eb52c3e741c2e1b9ee02db3a5650669c78d83b61b624fe2da1c348a9b58ebad3	4d608cc838b99666437d23b66f0adcf88275b82528dfc78c98893f7248987f74	5933ab5cc288ed3ec387c2c71b44225f4e6f93dd5dc3448a30fa2e91070fa972	47aab805b7ae0cee0633ceec8739257878c0afdc7a3f9811bc7ab849f491556d
1378	90b23e59768a1cc5621a8df03ff5fad0e09ceb9d856664bfc07128870f30ec69	a49c99c98ba4321cd8c1c689f7c8ed62e606b92b1787ee9c67c3fb4d216c79a8	03aee98a95324b04b5c4317f2223fb8ea4f57df43a7bba6211594574f70a80e4	d5aeaa5c05f76394622173917e814250c50b26f10787edc02c579d2e018d40b3	68c38cb874dfec023862f091915b33fd8f44713b4cf5c3572b78f22a17e147a5	7973729640dc5f2f787116211147a7fe1ad406c8f685f0f5aac1014fe4470c4c
1379	52ce0c9091d82434378aa47cebb8a5b7e17745c1a05d1a5e5d771e1521cffcca	df22c2b27b414aa25a8a39b0f6d9233a471cbc144af89435ef5327f76167b35e	cfa50549f87bb417541fcf37b2049c87081815ee5598f4887e579263008d9a0e	e875e75dddc4bfc06e9870f0cd507259f8e89d4e9133b5983293d3176829a274	e88b71a2689bc6037057611157e73fe004797ee2ca8b64c1aae25668b557f0d5	93b6e36f707f091f36d154a45243b8959d549fff7daccdf02639c5a7ea86ea55
1380	98c016c6faecabad716fde4974a27a4fb9e8fa611b1502a302b8436e6913501d	80b67d59d5c100379683ddc34566e8d4f3c3129433da58b6a9504265bc910f8b	42e391cffdc2632d8657a680fda58a05b3d6c23295ece25f6b039bd57ace01fb	0474e422ee730ea7cd0561f59ccb7764dd9f4c4d7672826b01b62f068a1811df	5f77a6b68bb6d7f4fe0276e37e986973fe9dd07a435925f271b1e694946695a3	c5e9f064393e7f787d9c8e1b242669844a96c2e84c45814c6333970cce7aaef3
1381	d6774971032f1a36be879d2628bf8472abe3119504ae8a86640c895e2ab21826	52317a36ee1ac60f1906221125b9e0319f67eb38a4510bb6f786a914a5bda259	b675c1a1df4d1baa814e1036a24e5e286117886802b6843629945961eef30715	bdd62ea6883a921c73f19519500408cb4cc8ca8c2a0e825744c04c87949bd15e	bbb128c06652ca8fcbe7bcae542566f4811d8298214678b470c0e8e9aea2bb68	e81c1aaa63f0c6e1d2fbd9a22c9d30a4662693f6564e0dd51b4f466eb50045fd
1382	c70ccac56d7987f913de3fdf7f5848ab8b3f1c6188238142385441461c4ad418	c6221bdfbca5762ad69ea29724ab5640fd36707d62fdc53992c6f1614d65fca0	669012df54ff27d336e2a87572454208118490e4317bff16537070956d8ac06b	a9dca4734f8b4c58f607d09cb4fb735ee7824df8f42eff200ab82fdd105c2557	dae062ffe72c073110d8abc42b31ce36497e7232332d5883084ce1e90feb42e6	2c0ad7fb1f896ecd883637201990d0e5f093a854afd3f37bdf92719e7d23197a
1383	101124d0fbca10eef75eeaa4d8b10597752dfa89a290a975597df85aa49d480d	fe5b2d75dec30835910f838c70b39447af3c0879b15b2ee821319b287f96d1ff	8555fae5885151e4e468a8bd79e2477c9432aaa0b689f68c91704693dcab935b	311d541703ecd7710a626c2b635905fe6d05ddb36e544b014cd42a7d7ee33dd4	68a0c16f4a7079503f29c01299ff60877000e73f906560b5b970df968bcd0a12	54664e0af9546e485f2c918609cffab2eed5dd8487dfce5366e3084bd8082923
1384	9a526bb7b3d4c6a9b783abcbc9999c906207daf3fad000554356add44099e8cb	bdb704c9444e3bace1b6be97c3eaaf54c83f53dec79b2545c8cc3e5aa33560c7	c8dfb7e09a31c5fcf17dee8852e286a1de648c09d3c960cb372e40d53b0d6f81	88c3ef30c55fe476a909647bf315e044e7b7e775f1fccf6884dec0e4f8d462d4	253130272456eb841d2d181519f07019008456c58fa921ef6eaccd9999edb233	b0e2a37a3964705be58ae83380228a388530ef5eb9669c903414a60ef3fadd73
1385	7dcf0cd76e21f10f16a91e2741de906fff9244f786edc11d0b1c59593f8a39d9	f3054dbea1cd63dc050a61dc697ed2772d544d07b2e0796cbd9e4abc85fbecfb	61dcbccd52cb7e8bb4a75e2d78ea03de80ae158c2e2a7bae9b0b6024f044b73a	ead1bfd4a542ea7cd16327b539f840cbf89217dee3500aca67abc8ed68f4979e	5af6a38d6e953eed5d1130f9e73c7efd4c6a5b4f7d3c7f942eac15656eb0981e	32cfb9c83a43cd61346368d12f5a21a52eb5472cfed42afdd3c5ba6e112be789
1386	ed3c111fee2222f92a6873b1363f02a63d04960d8b3bb2f1642e319936105985	b7d428739e804b98748d042424f908a0b48035eaaca23103c5975a2c842c2789	6ed8eba00f7f66841c0328200dd766baaba0970daa51d2b7d9144b38ae3409ac	e11ea93f061cd1f2057aec4ae09b2633bb3fcd42ba8544c53c2a1c0861d7a9c0	b36594182d37adb136c6df0628799dc32f68f3a016bacfe49259c7c8f79365ad	5dcd6a150fe72f074179bfe2aca5020b67b1de87541d0460e19a208a90026407
1387	15cacae887184720b7c78cd65003d3d1db02a205d6ebe8b893060d5aa75565cc	e9b09d7bfa1a1a50c7ce3c1ce705cbe089535158cc86f5627c28ecfec24539b3	30f1850413e49b2008bb83504b03cb0783e962fc65658a28fb1986957b2766b4	eef0f88f34c735a504fb0d68793de05fc9dcbdb06e1421a77467de28c30d4a8f	7393c824f94aa5283f3f75ad6e47b2fcb1c17c140d9f4b699166de24d4a4a34d	1227aecdff6c477bf6bc66b644a1471975688188a2ede97ee285a91de300d734
1388	8eae57dab3f36b2c3aca53725c401537d2690af632c1f347141461f40fe47a98	46d78585601d9b80bf5fa9e0fa883f73e17d9a0da74abc8aa740d14b7b9b4fde	2c2a00cb8e8ec72bf35d414a1e6172bc24137a71e4c29e7f4774a183190ebe1e	cf54c90a328b312489aae5f3c2b2f65f031393a43d0d89702fefcdabcf9e6f14	42e6b60c73c81445ff42c20b89d5459c23a6a61fcae156ab44ec9c2ebf521b2c	b0cf41f04551f43d0f2a8cf85a98405f1714dcc948e4b9a9b5ee41dd47338df9
1389	f5350b4fb6c4901361ec498761c126e57c59957bccac40600f1da14cd467d9a3	f1df1f608fd4d6c53d1496a377ed327a80eec984e5ad90b52bb005d05da6ecc1	98771666807d2d4e1d8994ea1f2ed038c76572f219f0dee381a860a8fb0ab7cc	e6bca32ee8609da42f1438546094be5352a1dc44cef20e867f7573251205f642	83723cff7e2156a25ea035734894209731e85a8b0d82e6a3116b2b4ece45045b	a56a1f54c7150b3dee7e1f0a1b134713ca9b85e07346432e99df99ce043ef9e7
1390	a84399a66ea794be82e95d34c4d468219e9a0175342e2639a189bf218e58c8db	931203c8cb02868b136f7677a23f3515e8c55c1bd3b8e6db0ef40f8f780a0a92	40d1a5585ea233be06b20924428b59e52c2f7a11f333df0ad088aab8a68450f3	a5e3db16f52e3bb1df01e913b1922e30a933c0545acce2ee1e2febf584f75946	cca96dec305747dd4a81a4cc80c889c5e1aba6f3c6a7bd0241a0067dce133131	e0e1dc6f362edcd37d598ea1a3f9e4ed9bfad6ed656d1905460e0915ed0bd789
1391	b1917a2b5669f088051af4e6092c7cf3d39e6b7cb81e1f1258255b13ea6fb177	7cdc19f92dfe7a7625740eba27a3d6cdfd1144fd69f09d7836c8729af23c7e7b	5c6a6f81a92c90a7067bc9bda5a5a6167b6b3e0fc955e0d4f94a3a39dca1f71e	5813bd90f1dc3fcbc97f1608dda35ac726aaa81c34e8fe827605cb2d97840c29	b68b5dc7bcd1d8889f9c4bae0452847bb80ed8a19339dd5d938304c76e204dc6	7f380a697d8a94f5ed85a54fe9723b3fde9c97fc713591d8ff13a984ddccf782
1392	995042aa31e2d2f6ced060ca89666ba827ccd36b5e0f2824d1dff45e73770deb	5d6dd9566538f1c1a43434d5549f7da955af4d489dd60c946460041bb6fd3429	bcaf2dfaf1b9a658aec26d090e6db0d6b79382c0ad5b3e1009a04a4dc5b5b3ca	41936e614eab5b13d5fa45658d7fd750e53805a0f60e000d8cb38931320b096a	ab080fbb914813baeb91aef8b33f70364d2b56f14d0bf43cc6cac80fc4c75414	bf2b124a3d3fd2c4636f054bab115d10ba11d49a16392f63b9005a4aba430131
1393	238663b3f53d21ac4d7fbd4c30570537e6250fefebf9fd29f94bfba7d1a7417f	ca516aec7f8880c0af45f1a71104d5ffd99ff422c2fd93ff535c303d9cd274e1	980bcc0d64d77bd2ed73f2d604b8add9d8e55cbe69bd0ed514577840bcf8b254	87fbd3b230e2ad908e1991e971f7a120f37eeacca23ae9b4279ca1ea8fae7170	df35978fe962833feea34039757e58bdab80c88207c5cf8c4844b5552bf36d1c	36591a5f8d6976330ff26eb92c4920cc537f117d79b87e4f8edafa30b33e2ba7
1394	c9bff0c5678a1ee247ddea1ffad2de52791db3cb4500f40e7e2f677224f8592c	083cd5c3d10c31a3dbe483bfb89b8cb94d45e54bf010b426d43cdcea896f142e	a9da98fe70a8a5c566b6d0fa4e022888a72c653397a0576289672fcb7adc70fa	05d10c8776328b03b8602e25d9042564e7ed31d6f1b80e362e98b411fa6af727	86bba053e5ea88c26fe3e9a51784d3e6edc34a688f0ed03df5d8241f95a1de02	b97034058bc1ee86fad4f97a949f40ff12a1e19b9bc5517694207945f579c198
1395	06a4339a13029fef934403c6aa6805a1f891381d4ae00e0f68a37a8eece15b1b	25de7bd128923021b3273d39bb794f7b0450e182763e49c69d8a0c05a4a49c30	5c2d9ff52f854a3ee0e0600c961482efa1d12c3e4ba32bd11d81d1a301213169	d96545cfabd0e95be1972fe3d535d1e46ea74e82694909147c9f3f6479dd6a26	1ec45b7cc9f5f8977ab48f06feffe57367fc81d352804defb554fd08264a5960	e319e722a883f635224cc94504300f8352b48aa1f73a671eac3ce985aa27e5f8
1396	44687aa57dab011f333b623995018e0eb4f673d2885742a84f4c301962913312	6e21d5ffb0ddb6f3431b6a34ad0c2d702b96d998a059189e2147442e7cdb537b	f7a4714240dfe7d368effac3d425625fc1770b74765c7597651ef3b8d00a9769	a013f84ea05b2096b54b26b1d75a19e1549bf9bc8ee024376c096bf6ea56a628	2c9a2e7f0ee02c44c59ec954561ae697e9f012a7f343e7e90d9eb1bbc03e7e4e	9c39e1f26c8ad74e621d9e2cace51e3064cebe41de774488efb88e8962cc68e5
1397	81275861546a89ecd95df906514d47434a5a39954adfe7c93da502959e4788b3	f8580b1729f1f587d4adaf548bcd6955c1c0f04c5969135e0e94d383e0551f85	f5dd1edccbfdade5cbf100d5066b75927e5e0a1607da197e6aca8c79022d4fc4	d872ceadc4328f2c383702479885095f375f81575b54961000f9131c90f1afdc	9a48a33bd4bf0caf610a6fb81c79ce13791876ae8999667c053058eac70e96eb	135ebb6ce717d7df2d3f9525525f2862d472b3eae34f64d218087a1a56e4c31b
1398	98f3d814da3fd9e2f11995875441295e21910cbe23ce282978167be7d42381a5	d393a363655cc8c5b2bd2dc3bed043cca9a6b8ec50accbd633bf4e4144ddb3e4	cb8739d29fed84ef0fa5341b6f95b104e569808dfa07d033a785cc392d10af5b	e74d59fe6ca10401f2fcf94a9d855724b256cc57a460eff384ac4e1a57507e6d	ecf01a202f151197d096ff162dc6d19c150689b2a97ae4b68d6d0773746b455e	93887d23a38c88b93d56388696886d2a9167977f97fd763f54c6ae5f25768d32
1399	a944cf938f2219f73d4019218e31b3ae94071d3881acd05a67b6d372a00f56da	26b98682cab7b3f43ec641dc6f9063c7557d1c7368ea4db0504a68ed21886e03	0f8b859cf3c99fc61ed6206d91c5137ffa2e072ba421b032957352badefd80fa	bad5f389a76b6c2dd3e63333a14be0ed364ca17191d49b28dc304032fd96cc9e	00c0fc4f13538fcf1e238b9004d2ad52e35a64f4dfdfb6c49b6275ee568dfc6d	5cd315ca987e2ab4ea35ffcbaceca76d2736a16b4829f72d3c308e42e3d1a605
1400	4ea75b0af3a250b99ca8b932a0eaa2ac8929ab28cdce667f8e7f75334f392953	4de435eb988f0916c307225a1a4611dd90a1766b0db68b1214a9e6147f9cb918	f4963f2161f000127f28d1ed7c4a698399bf40cad4a3dfa4f8094f8e2042d4fe	1d2bd641ebb3584c04bd9449ef0b8894f4b5a0ae8bac6c3bded0eace1826e772	500a6a854154e68fb8aa69564e49785edd162ff065d0a0c3ff42c172ae5e6015	c198803fa8615f4d0e42e614fc3359f2acbbcd821df38a590f1f481abeb47cc6
1401	4990756420c0842aa12d35877b1e37ee1f25054e3e0a4cefbc6f908b595c1906	0f91807381a921f62a0687a405a20c62db7f63f46ea3501a17f94f810de017c4	dbf87a9682f6f9a1d5b5b5ad0e619b83ac1c44bf7efbe190b8309af16e02c893	59b79bfb51b250a62f332f30313d1f49744c20136bf393910446ca7929ae539c	dabeb835f70616471e0dbd13d637544237685cf0a1e2eaa6348ecfd44f27a02f	6417b815f490ccd3caf0c0a40ee1b0edc1832a4ae72c2f170244ebc71b341208
1402	e7ea360234261122b6377a568c75df290fc9b14d13d4954b4dc050f6def9c90e	c017de4c2203febca90d627fb1bea461733ce7b9c6b884616f0ce16375303bfb	1f378116aa33d92ea869bcac97974652831750f7056ec5b96df4032f353d4ae6	5e9e709f3f9ddcb4a5c9926acb2d9b5e8aa806ecea852a4d03eedc513c6163b3	d8c4f6c883cca6acc0e360ecd09ce76ff0107759c1280827edc09f701142917e	de3578c551fd06eaf339b8e615715222d981f712477159cdef3e91a69f1a50ff
1403	d9a63d2e451721a749a4bae07be88348f57adabba37532b6f6603686fe6fa282	2937f6175c9fbdce65cb9113bd2282f76bc52da8cb12d92ae8061c5759df78e9	d3c8e61b4556974540e585e5cdb23cdebe0ed61a8160a76eea9968bc7582e76a	9c35de133c03efd30cede57bd3e188c0dfa87f072efaee1375da3f43dcfc6819	dfe12dc4e5d00fe9ae5032400532e2577e2b5e67af1c90aab1e36b2e517439e7	82edb90593d6d7057acb50180cbac429dec503e0b0ee0f3a1a0e12226ce6b98d
1404	71e7902aa266d21ac4e7f3aae045786a952922b87832d85aa74ee42e135d7157	cdb04b27fb7a9f824baa11c8774256a10e8f37e801bf5ccaff30c49be2b7870a	2014104ad093a49bd79dfccd17770c97f6ac0d7a29472599d77bd8b334d05233	5814f59719e00e7ca66633947f6282606ad0aed2f1f5101c87d6355e5577e9c0	aa8cd773c6e139cb7b3382d9cf635e418f74b452da2e800209b246d15bff05d5	8ae49fe6958fb93ce89a5063a4a03f8f976019338016522f82dde393f7991336
1405	f3af8c76e6e99581d8efe77459b1fa4757b8063469aaeb238d7455906a3c9e65	6e52d82380c6d80f406c362700c2e6032f99916258212fae3b37850994418ec1	b9abb9d5ce880ccad6d70b266bfab74a84c75d9909ae9309e096421dd0be6c0a	ce6e2b59a7058a06391f5bd92a2821a9b65542ded1d0e212b93b77438031050d	a6558cbfd71ce86bdcd74336764c2dac91813628b271f6bb9e9875bda42a0bcf	30f731aa5cf613ca4815b569b4dac2d67568e5b9409ff71e060b232202c504c3
1406	e485b011bd209708cf811969202489b429b400af7eb122ed1daa4e96a4e2b98d	58e5b4d5531a43690103e7e1467a2a8adab6fd4d547d5bf32100797489693ce7	14d2877a1601236ce1510f1b60c111bba5a97da793f9cceb134869f16e95a74b	4c86204b37d97ca1e8a19dbf855b10f60a5ef1d910ed9589d504d2f89657661a	1c01617acc337b4cb0b988e9d8f30ccc4bebbf2305cfd77bfd33dfa07c40d68b	a22b66ccdb2995b5eaa012b6570a9d0fd1334606d36a944fcc5cb1ad3d622135
1407	90fc3db03cc2c5ee539547c9548460c2ec72b0f161c331822b9d8d6837cb9a6a	7a8651cae775c2a794e37616a19a700d4b25e6f9ce2796c75c583a1b259d68e5	de442255712023c1ba9f49dac15a3028b1d5a6cc0dcbaf5d67458db56a604585	1f4dac17430a2e4177c86def860b06e67757b294d9f7c663d967e90158312170	8cb5462d6194580ed12553c626b51a53d7bd65ffdc580d1d2f30cf95af6b93b1	e42a18ca6269b3717d6b57cd746639b33976117974e68f1848daf32c53735065
1408	3efa9c1c3c60d8e11ba02f55c8b1f4299d559724e0690c193b057b4055f21a2b	c6644afc7c416e1d085b4569c624c5f6c32b90c93e0b799091aa054814377daf	dbe6475740934f18a41c8a9f70e125b1e1d47cfa9dbce3d723bfa6f63a7a6d08	e7c952e20dcd8ab14473dc3fe03f037865dcefb44ff0fb0de79039602e232e08	bc50f47aaf45654ebfbaee7ee3e15259dee2b85a2c2b9e98894ecf153cd76ddb	45ff78e428fc818ae25cc07ef53dd6526eca61ea044685bde5f94716baf7c726
1409	4140ecf71051be46213ddd9642c0aeb9d4fe38b56daef9b3ebaee9b9c20ecf5f	686286610a5594dffb660879138b9dcf03876502bf669b3d323bf4e0c45618d9	f9a9a3dbe261dd8f3b4656af21f23a2f97ba1ab860a48ea4262b94eb82b43b63	25d8797c03eb60765303d35a96d134b08789bc9a7a0f81e14599982d1bd39e10	632aed2668f6274ff5442f78a138a561f6968c43393b163d6af259d677b3cf1f	39ad2455258cb57d8881f5fc7c4417396305601cd0c04fe7b0c889036ff73ddf
1410	bfbcd6de8c58234a21037357f71808c29f11fba0fcd303ed0b45455a51e5751f	f96213dd5c299fea1d66dcf3785caf38e278430a977da60b81fa119b277346d9	b5850f2817b77b0dcb869fd01f95865c808b8921f62f2e7e01bae1d67ff3987d	ed30d84f90b3ed77849cb513d12af00c0bcfd2376e5fe46248c52e27c3fda034	58b1498727ee8d5888557496e462bfd88459b9e351ed5767000e9e7a4817c56b	ac6802a3b2b273fa062e4fb64b725c40fe8e5a4014e286c6507ae2669f4c9bfb
1411	786a9471ba1ba5456be247d540ef523baeccac11077e8403ab71d4d39c0dc324	65a9fdb61fdeb764e869721c74483bfb37b9ab937e15eb5159527aeca181dbbc	3771613e1b2f94352e2915c922ce0b03b572f7188d98ef30ce392bb3aceb05ae	8d893fd6ac976c23294787a61acc7cc8a5727eceb93ca559f782ec18399cee4f	d40d4aa0c4a15b0031899d0e377f5da7ef6a0852e88a874202d0fc529d23a95a	ef4baaaf1c5676eb6a6b8adf1a89b91a056cd6056d5049f510709d6ee3e61e72
1412	852dfb78f366fc97cfa15b7681a724816ce7dd829a1be945a09e0bda06185cb7	422329362345e9397626726d5b7fab95b4b8d027a15eec22df2c4df798292020	1e702b10c9d8c8fd3cb391f038b6fbcdd2eddcbd5813d805733b52c14ec3a21d	1d3b61e19f02512ec6d5a357dca4b449365fb2b61f334e61e8cfa9e4795a540a	25a9eb318d76a002627ba4a648b48b19b4623799e02e56d90dc828361e2ff4fb	a26b7a6c5c5853f908e54f95f8d61b517b7693010deef9932afcfc2dcaa90a94
1413	750e11280b03a6cbc66ad6ccda8cac8cdc6d943572e2f7b57c91f986a8656428	1d52c4d27be59dde5cb1e2049c52945b4bbfdd5f1e05e3c2b65f3ee69377d303	7ee5e5b02d46e1816c25080564a29fe3c3697e6e45edfb878acf37230f1e240f	ed3adbbccc00c73d447682765260f233fb64a91f6f5184f44bc40c3429c4f952	8f1ad3cd85940bf71af93a934297417196939cf6c0546322ee0cf3bbb5d947b9	8cede09c5e34b37c6802c689fa2d3f1d6f7fb0f5896f77cdacb737739251a9dd
1414	b731b05e19435db04e5f27ee3e55b7ccffe0858a10577c09767b7c6a87c3637e	6d7cbd6039c144ee2a0278e72f5e5b9abb013f299f0a02e332f8277f5c30f38e	9a2c4180606e64caedfa5659eb6e97fd462136dacd367a16ed5c2502772e880c	fbba07d7a0401746e8367aff2ced0ee2bff7fb9eb060ec712695e16b247e8189	6e66de17d14c76af6d70addd2d496a9b69e7da09a649ff2da0bf67ef7de27e0e	a76eb7e713a9e5893a41c66ba47d4f0faef8e733c35cf29592c1eddb3b4c147b
1415	21f687624d384b6fc3f261bc5ed3ef233fd45579084c1e4bdbeb619a93b524e4	f83ea019ff4bd717c6e61f7d5a4c43c14b852c1ec9158d80d07f14cce3455a49	cb5a404ae31130d6a62de0c44685a2099a44c9cc61d0040b32bf4ec35caa32d2	34f697adcdc2486050dab59fde2926a068172d449da2305dbfe76436041dcc10	a63547e432e9899805a092b47e1d887af09ca4528292d1e52baf7b02d1ed74b4	283d569abefcba8fa1a42f4b86e61f963dc7b11856a5bcb3cd664d09c5bc8dbe
1416	53504774a944146ef6c3779a2079957e37b42b8c88cb1c0f5bfdf66cc1cf415f	04b8744525af4b4c8655b4061a791d314e9758c1883b61257f851600db68872e	1917cbc2defa26237c650abe6318829e3c37d19f0d228083e49efd90b6b91c21	90bbd2031baa8ac1ceae9b05af03387c7e731155b598a2758e322259180b37c2	dc9097ed70cab7bdf692cf8134671a3994abc12eb19a3eae73a9021983dcc136	cbf8e56ece2ed2ccc51e66cdae64f4bbb47b90ec3a231346ffdbf60083778340
1417	b17161bf3cc778f1b8615166f7beb58884bc5cf5e1d31b91caf312b9366b1806	73d2020fbcdce428bc82ed6673e34df9e9e1afd8a963c80deb24b5a7127657fe	21f8cbfdf338bcde08e881b8861675ecff57597ebec20b060f985fba6ea4d85c	3ed6b3ea0daf4ee0ba753c51cb99a494f3b69c49c9dd096913240be6f6871055	c11478128dc71a0136ceed113cae57aabb7eff4ceb2c9b0435a835c1066ee03c	bb1fe073dde447dce37382a98cb97c5a145c2be82e5dd631c9df37be8b1720d9
1418	f9510ed706b8ea076d8778468e243a27a287cfa36ada5783a8e72944d9c0ddcf	8714dbc92607d379d5ce1838b34a6cb0c98f5881686d4c075d6520193e96031a	028cdd80976e750eefc82be079dff5416ea249795b08afbcf57ef367b59e0851	4fcd67c786a378dfd39936384430b3584c22eff83440e28c8bed5585ddf84b5b	174e101e2a7268545114d0eae5878e7520c1f56ec37a7d7e027972019302150d	bc32cd5b7fdd79da590706b9b8748b91ebf43543dabe1c76e63c7c1720285b9b
1419	eba8daff14c4e5a64bde7ce43b7afddd84aae24676bc329abefe6a90c2525e21	e7929ed43bcaac210c5a9e7baeaca5309ab860418b70dc641f58d4033605c2eb	df80e2157d70a1047364481e584c789445f6a0038804c3fb0a5f26e988552677	74a4b49a31b12464bef969de415e2151a3350644c895f1f4e7e9778c83ee5e8c	4cc26ff1de4f1bacc369449ee9af3679afaea999c20fa2696a0f7a9630005649	b73de57c0be178481cd34328b22f46cc7a1582166a8d60a9689a5e7318b2cb1c
1420	4fdd72ddd549e4884a02b226c5fe068f5494d063a233caa333ddca4b7ef58585	e6f55d6987f26a229402d9158e4f7569ef6bd3e1b46afbc8b774f3d3ea7289fb	e6cd14e27404e4f1c004a8bbdf93d1435503fda8bb610a68a2ec6489cab49669	6a40584e7f45d020ce12ef17879839ceb266448e73edff62a37d81ba8c037f4c	7bee6bca3c0c966d359ab2e4d6a8a4867f90e215eb4a7c9c5f0980af37b156da	6fb95fe6aceb913926c4eb2969a042f234b9d91ec15f0e510b492aef48b5097b
1421	a0a5e910f86ce326d1e35eec9dbafff99bc147e9ad1e6e4c168278b7b8f56ce2	5fe9febb7b9e0ac1e37f64e6a325bcf2fde0ef6ade463f644487d5aca950a739	39afcec96bb37ffc0bc6dd30c7d284632a7afc19763eb46621e61f84dfff692c	4191b0204f16a41dcc13478c20f732e7e2a0e0d68382f6349ed55652a4b5f384	6ad1ebefa6a5e4a4a0722e53f4a3402e72be1d04ee84182449119ac8ec995caa	f1689ab69032c1bdff9f7d82503e20089cfc1a3e53aac02c79b5471d428928c6
1422	9098547d7f630d4faed0f6164f93ff81ef7f3cdb17368b227c648542aa2da0f3	b9b78754ddecf756057ec8a61fd0cdc0c7b5ac9b47545fd4b6e1bdfff6ad0ffe	61cf5a994856c7cce9be2a8355d4b87760d78c1ec8b4edf5858820db73ec37e6	6f2848308c4b00b10fd758ba958a4f33b5e283961d5b985b859e96028c096bd6	35f62d312ab20bbfa9cbcb63214c7f100b6f804bc584a1c0645484a672c9b451	d493117a095129c0a6153ab983c817dba8fea8e9236496d9aaa4ce7dcbd91d9d
1423	4da72e7987a82e5e6bfa8c77df6c4b91926947bb51dee418b5bdfd407df40ed9	3bce9fa1afd67ac86eff964339f81c1e5cfa4189292462e87172a73b2b3919b1	83040a7e6962c2f65cb1418568f9e038e6821cc53d135666af52b070c664ebdf	5d7002c838879304fdbdc7bd613289455bd825cf1df41535ac67a1cb42da984b	5a121a27456699c6550c4f398b87690ccdc2a0a076a3b2c2d84b0bd28a264880	635af01338ed4fdf8a11a6afc295ed48d4ef7b3c9e7b5b210e50134e37ed8e37
1424	23dcf74f4097fd7a429cec6f04e44ac46b9f199ed4779e5416c1e41a01b54f58	6a6b5fde4b66095c5864db8b0cedc2286817f0ea4311792faaabe1dc68a723ad	4acbbd3f37cfb3eb7bd2c55fdf52f91abe75e1bebb957715a2f1218eea04fb1f	e9f65eceb958f1f1627e015ed932f2ff46f02df0ebbbb35b2400d7e7de5de281	5be7f8c44aa46a751be6d382899949545a5708a1fa2965bdc466568b04f2052f	ba07238560da0041d09cbf63c7740012459a66a7ee4415d373aef6f77278a0c6
1425	f338d62529a027667282f75b561b0319a75ed873955655b80409e39173283852	7039d42b724504c0a102c95ab258c98dcba56957308b690a37fad26e71761d59	018da9080a8ad5918693a0fbe1392167f24b0277fde201b2076699a641e9d3fc	118e7841300fff6eb32b4592ee7fef04a84ac7cee1a65709707806b16aa02ec7	68ff9a99a3d4107a02442e1d2f1228ad44175e5b12c0ebecf3dfcddf3747489e	cafd6d1482082a99b3246909131cda2b1c78dcc6f6fa6f1e2dd2943f319bfabd
1426	9866c80ce71d8cf7dcd6f40e990c82bc29d0f246d177203e02ffd0052a5a2ed5	d1231ea837ed250871c1d3a66f19c036a64e1f9215913841161b48d14d47a13d	54f3ae600aae99bad42d1a53ed387c1c619274f5fd088bd70300f6047f7be543	1011d67df5de1a86f553c5d1480c71b7860ffa2235e047d56cd160b5fdedc752	d7b2d034a0b158928e13406a14a3504fa767f993b27a34d23d0e24b8d8132d65	bdfef2299d58a95168915790c83ab2baa5acf15b5676b3be4bf22cbe010dfba1
1427	c7278f90d0fe345134de45de28ede449b95e06410dc189b6bbe023d245db34cc	de58fe6bf59bec74b78762c53187cac0680ac07ea942f230a3a2c6b7dfb1172f	de635ff79204f1da19fe3c3c0f5826eac3d58dc666bfe309142399d855d454a0	ca98b7adc67b323c96f987bea21bca31f37c8a5a2b2f063f47f5b3ba10da06cd	f7b6c0de2172b183b862c54e2d887388735231b2a62b9acf7b59cf44513a33b7	8abcb14941428b5794179f6e6a6af45169a501cb8181665133e1d23ba501a619
1428	f13347a24d8dc37777fd5fdf722ffd0d60c7317c74f837d2604b5a00f83b50f9	07191444240ea1d3592c079cc3566e55f18d5c1644917669e1e61f7b3e76ac39	0e6817d4c02016666af28185139f8eda2dca461db18837f33e730a7761a38034	33b16dae4f71cc821f78d7e4042525c79b00defc686366b52f71833b07a3a617	e6fea9619bedb2ec997527ac653603872dc92e7bd2f98ddacb0f217515da6ae8	d80d0ea1e545f225c2d09cde6f46c81d0d6e35d14a4311c7d5e9d85f4de5d24d
1429	b3a6ff39aa19231a642f4020a160b48ad2972b089dbf05e713092d40dbea740a	9b27622b3f533cec9d084bc2abe4e213970065124c1929117e4ba317ee9a40b1	e2f2a7488ac6c8b2acbe88c7bbf86d2ed8c3957ccc4b9e2cda519c7e47120c2f	39f37a20ecb4a94bc322620aaec87c95a0597d0a2f4b55bf1a69ac05437dea50	f6995bd9846e355161b9b4e038473679791a72189dee329a03d1d3f565657a4b	19297ed3a4742b68eb3b95852779cd84ef65e9f2c3da9e530ee259c83c3edd60
1430	15eac7e4156cfb730a991db7533df400b2c804930bb3265f35512f6961b397d6	cc78ef7f74e75fd740e252830ce8e89418f43b118e1ab16aa2c256357102aa35	4afe4e12844195c5833a0b61b271f4031378e04a813a3041e76930e3d3c67e41	617c7931d0377dc3057b1a3c5bd9af2fa828a056da599a4359541bc0d5f4d147	c22cefbcd50531d9e980420336b930aca516bec5699977b1023088beb6a22804	77154c191f09807365dd44f9fc3f7044a54107f521bef48646f98a518c62224e
1431	7d20a7256619532814047108fc564106f324116dc7b28e09868b8e17c2e2b1da	c57c2682e9227723466ea8d38d1b6ff2e1159f1f50be8fec92de670f1500f25b	6473831285197d61eb62763496f80fb0694427862ea20371b4bf3497fb5d0cf8	f5afe7d4e0a8155502942aacfeb5ef82d390a302e814ad720f0632da093b3e88	54ae37693122dfe1c4cd4aeb13d9c248ce1b950371a10cce7771a305144e5506	1abce3c0082a9d807c53ee850c97b385f1a307d16326a049d720cdf8ac987e5e
1432	105320735295bb0af4ba932724f34084ca9dbacba250d95836ce9aa0b9278d18	a142f8e963039978a4730368af2dce100edbf8d4fd9953ad438c1362b33c2f98	f5bed298756c53ebe2141ef1229dad35fb5b0ead8a34b534c81b8068f3451f7e	8c46c44c23eb3bb145534613fe2d9ce141698e7de7d60d28722efcc4b650384e	c7ccb15891c2106924e49437590f72f98936081379d53464eddb2d31bb15d32e	7e91258f31a8d8ab0ff608a2f5fca720eec5892ad47ebf514cfaba55cefe81b3
1433	353dd2fd05bf95fa2948282ed7de55b86bb7821348dc33098ea2eb492fb66d94	8d734c10d573532bf00db72b02a75f7e2231e471f4d5f07f7e0268a228c4dd29	79a621e0a265ae9206fcc7afe2506f29c3554a9b5e161da47526d60afc466fd0	b51ba149aaa8663c67786adb7d700114616a36fff0af2587265fbc776ae1a267	bba3b228a95d8cd0598189b46e401a9b27af37b322ffc3305d7fcb559fefd184	754b6b9c9448be66a7f1d0e38e05da617fce2d214aedfb4951d0e5f3ca6a12a7
1434	e31ada39db3f706ca5ce0f17e25d21db4447c0ac3617eeb560ade153e03507af	68846bb47a2138a5d545d833e65316f0713effe0d7bf986485ac391ab01a18e1	c06fd665d07613c3b68b54bf1e819c8445649d2a562c0271e0d79a90ee84b0d0	141cada15931621f417f4f98ce655f9046e19bc4debcd272587623e6ce24e424	36af5c4a79b6715a61b755fd479830799d346c7ad9778403ca51505c04b642ab	7b1c45ff5a52f23683ad7ca393b570f4e0dbf9bc722198733287f4394837b80c
1435	5865f0cf90e523aeb85c1fe942e09aa3b8c74335c70b73712b48bcea724285df	e132e992cf11a4530584fa64f996eb98a79d24c752e32cc2b6a9e38d30d1cac7	e3cfa7283631b6ca99263518a6af13650f085a1baf1be664fcc5b62b3de8b159	5255c8fe09ec897189151f6c948371720e80f4e8aee84330d1ee5d11a026cada	aafe6efbd14b6f240e66397c4693ee6b63c656c1386a7046a053a04a12a1cd6d	0b2623992fe7663d5fd67b3fd1b9d0d34eac73f5aea0b1604969f7053744d63f
1436	624eff2e39c87bf5c593f5f748f9705d5a8f4a5d74321f3efefe2c4e841fd0e0	42e1b9a2a67f1ffd598eb0e5deabffe6895d7c3261c1495a6fd475b9c934ff56	af12d514ed3841a1f0d00caf56344f75152517e51f401b339a4276908f1cb529	d3afd3fa70946388d74029500bddac020d9b33985ccf547a2a61d10c16ddabf1	b6475a7248c05590198aa14b62c9aec23f35ef59c38db1843c7f5147a24b6f78	a09b9e7a0b4c236b6bc48a0eaf957d76e509f75a78edcd648c82175ab3611947
1437	2c43ca7688d52354bee5f24f0e304d4b6a447f723c6f259294c8753f4d81eec4	cdb4b0440d59c4789b9a0afe09b68573354e87ccbc31c869dda37c0df68a56dd	ab2a661f4593a0f4e77f4c8cca9c031d20cbf173bdd75637a3b64935cd6f1aee	ed737178b209ba68550efef74cd9fb85c43882269a5398ea03bec7c11b9385be	8a3b9c3229fa56892a3151f78c82065adb7df87e011e69eb96ba06b67a7202e4	037cf9139cbf7df2a7000734dd6491dfd343de8e9fa7d802f3ead61671fa40a4
1438	9705d24eddeb9ad258e92eede25181f1b752215b267dcb1043ba5c44e267be07	4c70a8c6b19bbcf03521f0ba0c94225df03db49f55d45e8756e3f0795b87e9ca	0f999221c38ab116e60fedbd829cc1ba0d1830c898568847b6c9a6f2a031ef06	aec5da10c9054dd891672acaee8004e360c63c6086953129f35412518eb25d09	1974aa18fd41119313b2c5f734c584f2baf95d5da006fa899920a84160ad17f3	227f223ba9136d6aab7a55d66702229129ca263b2ff0145ea565c3b62c3454ef
1439	c114ac1be6bbea28eb4cecb3b2415a26c803517fdab3520489c34f25706d67f7	a3c1bd4201ba250035c8a78a450da9b01a383851d95938fd979e3d6aec61b4f9	a5e51f19bad3b536f421b1a439e341fb84fddb5a22b6950e7b868e916da39ba3	b93abb788dc079649b4b5d952b2da745dfc3a82a252363820b335398152e7faf	6f2c36059fa2a3519b25f5fd776ead9b05d66bbb06a5990beba3ee2ebe2beea7	e58ce7ec0472d94266f83e7f087a661c478a2c0372ba83b88d21f1c575c0053b
1440	7a2cf0d8f6fd857f9f675981357d6cc6630a236ae11452c89ff3dbbcca6efdf7	e3a5d0f85c4c493063bbf8c35c31ca7e44e50db5db2a85b6d369746b6bfea7ca	a2e8faf6bb36717ebe2c5f485be81c38a94868e930b5019877061aa6749f3b81	7f3c311439ab3e2df560e6f20deed8a9c1ecf9021b8fffc1d57186fc39ca23ad	b9031c9aa4f275f713bce6503cfe2f8806f1083444e8578f3a7ebdf9d9eec7ab	4063cadddf859668f06975097840181041585171f19cbc24bd2d93c3c706558b
1441	35433d25261084d721249ee6f194fcc8cd383e4d88878f7cb4ce81063299ba8c	f4d2546eac1a6e8c21ec284799a142cb2bffbba1466b8c69f1edee24e6b72ce2	6a02d0a728a1ca1207335d25aa6e95bcfc1eb4f5529bee33b5f3b62f61b82444	d64e105d733992549d090e1e0d173600f77770d2e9f4b5e8bc090ba429e57e92	f31d4c0a24b07deebc4cf1b2e5883c93ff736012530adfb241ce55bd0110441c	2ec982b2080aaf9de503c20adda4106b4f073dc0422ac3491206bd0e0ab21b21
1442	6fc6d4c2ecc82a8d98c8ca75620956aa03144bfc80f3da7d31d11da23066890b	78c1a1ba194e425036349cc80c9ce068d4a045130b0e389d0b2a523129f1428d	3cb500ff8b4e983a6a05a585af2917578fbac98361aa647bd547d0a774925df9	1bacc32b622158e1a8f5412835950a69d62eb0a0ee194b1f3818e8378ad80ca0	e95d581ce6c667bff6de57bb4cf392d6d625373c43e6f393d98029de4b63a1b0	a601e565dfcc9b785210868823a59e6b0ffd57bee31d2cc86f0d0f98308c9bfb
1443	f76cc170c7394b4fb6941d7742ae6e240580935dff04da3dc2921dacb0e85938	1bb242d579911f6395218a83f229a38257d727719c4cbeff3fa4887f83d5bf17	37cb889157e76c4cd4e81909a4f50e87cb009f748bf6a422cae37c71ecde22fb	a5001608b2874dfe13e5b348ca5e04085fc0e44cd3e85816c513b5b65b0e2284	0ec7a5f9c706340412fea3376f7193d090dc9c92b7a3a89685841e515b80ad27	7acadfa208aea1138b785b23416e813005d4c2717afda368914dc493002afc4e
1444	04643f1bf048f0769a25b547ace17e331e7c5e873b3c45f9818916ca8fee8eb3	c536c743845db6e1545907acecfccf75ee3cb75723d94a77feba852c4ae3ba98	8b6fc4d16165cda1d4664dff169a72b26466d05001e0d14d848cf33457576b5f	40c974b69eacdfd7264bf7e5392169c7f377c7266716d0c9619fb72401d599bb	b81410b21262097525b6a0a9d472238d1d6d0614c59d9e90938c1db0ea454703	a6f4fa8bfb77c3bc7a6e9475290dff30e17f60501f66b0bbf5fc823ab3f80db2
1445	d6cde8b41aac6477dbf49193094fdbc74cc9c06f75832d103e1b12d0c9cb6b8f	1c86678fb0d21aadf3ec666d3f2f581f38bc9ed28eea86f641060e00e19be31c	bce2c611f6aeca42231a4cb8d5bca192aa6c3ba30b8abbeb203dfbe2993de58f	60b0be4d18be060919d5b38cfd678f079bc04fb92e8822c70447cb3e8f24fc01	196fd288f3b4cc07b4221754ed59e993b20cb271391f1277e8b181fcba97ec0a	5ae2605b1933862e45b1721cc21a44849a72899c39070edf1623447c6c811c4d
1446	e149cf99bc2abb97c82b4ecf89c67ac19676e45de1c16d5b3331323486f88079	08b3eebb9db9b0d6533fee900ad63341d782315c054f33f600d911e38fdbd13d	11a10f3daeb81c07aadf10dae3259528b2e0f699d68f3f95337d0279e56dd8f4	43c7aca3287d2a2c260f0726e409bc87b8da153d62777f6bee3ad40686b9107e	4bd00d0bd7750bdab96424927284da9e2713b8b4fc78b64fb047a7f031c4b3cb	b52855a800b622a13c47afeaa2d013213082f54242f4cc4fadf1a7ecaa7ac85d
1447	ed913cdfcb77c901b7c40e7f34f29ea7f7de18d5b2675f185638346485551829	a6c405aa266b4ce5219a2bfe6cff4ee7cf2de77c4b77d64df19ae387dd5bdfaf	c9a02fa5bb4f201d72d35ce1362e58cc4407acf40b276f58ac1ce39ba3c87d95	2ed36b3674ab6a8ff570c6b67fa142055f6ce4a06eafa7c0f166511d4ced2de0	96e9012351a746ac5a11b557787baa00a9be58e5748ac1b4bd7788f8ca1b931b	1596bede30d21f499629a9998aac4a01d94dbe59140dd9b04c89d7964b9fb771
1448	9a4fa4ba8cbec520e3535710428e178cbc5fda705d7f9790d9aa2e0cb86ed6c8	e0a79a24d9a20804d26a3da97ae4e4d4eb57727abfeb020bc36decfd0fecd21d	383df700ab35d58e04846cac6c11a91d458aa3f68861e3a596b6efa0530b886a	730d8a6cd5a2f45a813f122270dfd95dc849cf82a1071b50c7c8ca26bacf1533	55dc60b1b105a177f35b3a985b765d1849b456bc853a6696f874a8ee1025e17a	5d293627a971ca1c2f46ac87a101c497b5dfa5f29df9c52f4cb2cbbd3bc2da24
1449	d188d6ca64d4d67e794a8dd3318e05b3981900c317da8c3d3f63dc586be13ac4	bdba445e02fe8710c46e3cd731760c1aedeb2b7a05fd71f962d042a048faf095	95f7cf44bf0c2c464fefe432fa2aa27db07eec4321eb287fc38878eeae611294	505652d02a961b30a2c9cd98935172b3a42d7f923c0338ee661b3c8293115151	c61f1c9f6a5da64223b6563b1378ff757154becea55c1e7a69445bddfef137de	fab10c1cd8e52f97d73f3ed2a0ab2f3ccb25834a771083ee4d09f669902fac9a
1450	2223ea36aae04e6a83510631ec133b534b94fa75c025bc4cf3b025e4854e0271	75628222de6dd446c951932e5bf8ef2b5df17551a903caf4320004751f26b10d	ae56757b1f7525dfd691ba86bf0f0e894a034248fb0139ac36250f4d3f68c801	34cea56afc5ff192b0a5d9d47b359deaaef293f20aa80574cab0e5cd8881686c	2ce958a53d04a83608cae6d57af100bc433dfd9bdc7cd4933f30708c8ad6010e	553980f973b3275df37c5da2f01a27a47adc3f026edc19195528748d77e67005
1451	9cb262a78b0c772a90b6a0368aa6a2318af305b26be6aae12b2c759c1cf46320	54cb2168f47da97bd5c84ddd5bf213c2559e5232ae2ab0d1b44c04e892a69491	a913226a7afba4aec98b11aaf90b9752672fad0d4eb9cf085ab0f4baaf73badf	14a78bee0b644955478afffe30287a1551f7332bc16ec3c87bb86f13b93acfaa	c922313c85dffbed1c6ea7ad22bcd2d157e65ad648478d756825c68066790545	60e887a425ce511fb678ccfadc53c841bd282a407552258ad733d2764914c161
1452	853ca989b4bfc1d6848c2a44239dbf33a6e15d1dd0496590ad7fb25393e1a919	3342732a81028999990840c44f14071bc72b8558c141256ecd3e92f4c46e942a	73a2be84af59d87ff866e54e177de143ea17627e7873f2f200dc7f736117845c	0c65ee4e70e83a51c0b215887f43f4e11f72faed5a0cdf503772eaec35443e09	f165063bcd5fd59b8c4115e3243c05d12a9f36a0480aeded8fb19adc01b5e631	18ef3d1832a744ae08ba9d97c3ce848574c2d995050a8bccb2e982d6c982bae4
1453	d6a900c3e78ec7471f35c2fffdd17f7a6042481193ed1b1d1bcfa6fe24f4c20f	67be0171d5035c9c6c8c19f57ff33c14cf55f05998cfa807007a9964c55221e7	ef8bae087789fc208434de293eb58dbc7df7be3821188e3beb1d985ba0c3efd5	7c8e3ef783a862f7c97dd19d7a4b00347221d5ce12e03390870ebf6495d977cb	c7ed724cce783a82535dfc347c04f5593261cbe3321bfeddbdd8178cebfecf5a	f2f22330f39c23195a6a40efd1b36e7906f1e043efc2c0f7b8cd3698e7864af6
1454	a301938d6bde273dfeb7ef9da5643422fb6afb59ef85a6fa80570a759cbdd7f2	99a4e291c0f414954410d8a5180f45375a653cc73c358aa7310e31d78e27e028	3d7461ee815d59dfde2fec2fd743a515201e5aa526b92f09a25c0ff2c1b0f996	e38798468d5a4e5e26477133db15e26a4c56031e4669f0e0a7c87a39eaefd8ea	433220ce473fec3c0cca54b275ddacabb902d68f0ad0d44bc08f326bf74a98ba	41b8d7ed2164d9e6767475eb2dbcf447135159aa23d0f9a333944f608a35ffca
1455	6047e8bf6e01cbc38e1d666df032b2a492709c1965be720232412fa021161ccb	4b8032158b5493d36f56c3ad72530a00955006d67e2e828270531f29ab66e2e4	8baaa96ed79b37602ce917bd9b4837f31536e09ecc123bf981b952aefb3605bf	be75241f0eb40e5c21103ccd23ffbcad244a1cd9677dd6d48bab6782fa896458	ee5e535af693daaac0b55df8e82adb424616549e25432af80d89ed9fb154ddfb	1b7ae362b9c154a49298f89ca2ab0865cb5731219f86422d1bb87514d5ffda97
1456	6d0450fe6a3ecad8561aafc715df60a610faed02f92f712dbe2d76abb671c38e	d208c8bded7e08bf5a77cc849ed5edea6d0a13d3b280da53b43e0c6e6f80152c	b102111cffecc73fa9410fe85a976053a9a81504a459c2611f14e76bca4e6511	e21842bd3d68353425b00bb3ab5b30fabc5d86f8dc20fd8ad2090a8809333c79	290bfc19058df0d45ea180abaf13048e7989e5b7ba613e20bffa8ded37492d9e	1675651ba5d02a8b07e29784039ce211425da3f3a4d1b420e710a774b0d7da3a
1457	4790ec59a9dd5f0aa4f95d0523ae424e5f607a90b35eb3eab28fa72aeb41dd43	8104f2ddb50dbf333ebcd0a552af6bdb4c4b6807373bc45e2278825bd660d272	f7f23f5e5322160ec5b4962ae99b69cf9c5699fe72f8771abbb3d5f918620d0d	5f930ef8783231582d5afde893f00ade2fd5edba81d8eb4d0464d56c37741d57	3390cfb592c4d8ebe5a205fb5e38c8b251de28408d31c76624008df9f2bfdae6	3b01322379ef0a3dd7cb52cf961941846aca7bdebc0b2e14569387bd71ff4d4b
1458	1be4b86f0880bee400571d24752c7eb66c4ed4645600ee1fb550bf96b062e0fe	907f93d915a65e7adf7afb017a65a9548159df42d8782284080d5f264d93b6ca	286ab666aac35e9536623945705c356dc5d55c5bb76cdd3c9f47d02f7a95e041	725e29ae37e3dce8fcfd1821e7b3ed4ce94cd05537a42a4328ecba07f769d4ff	2b4562f110d2bf4fbd90d93bbe75969a0f3dae065658edb872e1a119c34fed13	8399af510a6e6d122d8cc04c24e05f923c57be9bcf0550630c4d98ff52ca8517
1459	cddda5613955e34ed76d49f9182e0b0a7e2d5df597e29fd300e8129ba843cf0a	f54528c7457d524580c421caed31796f844df250cef215de642c2dc0af9379fe	aec8ac285779c5e526109fca69cb2dc8a87fc35dbde3031d36ac028f1ea40b55	11c50785d679620e7b2f1519cdcbf1b46dab4e7d905b451e0eb186789e661aaf	eb9e06cf391bed345269e99b6b7200626c0f9dbb35ca74e35c8e6839f1bc95e5	a13e8342b304125fb62f6e7a64e7280321cde952e4ede1d1c4f9167bc5643b64
1460	ecc4367361b6e3e09b64fd9e7016df72c68d7c74bfa58ca39e77b13c9dc870d3	8d070275d4e9188b594f5e570d828392e58a51850469c09e25e2548aa94d6291	a0adfaba0a50085c0b430a80ec4907f90702f4102b18a18fd23c02c1c0f9a037	7417a709a85fe4d4a35f065ab5b8c9873d23ee07ed9f6f95b160e7532563675e	f099fe9dd296b7b6ae00719ef7e3900520be536fae95a3c1897acd8981b1cfff	ad5518085e643eb7ad3b0317b9fe92faaaae8b41953bf0d25dbe6da1f48034b9
1461	d0a47d220086bee7f2cae8c3b85350d1de23d31f4286b2966325a6c85cd9226a	135b9330b356204070c8955aa0a76c3bcc54feeb1bc308410dff3b873de06d75	e65961211b645a9d5015acfca24db10a3d2965c51270904e930a95828798c0ef	7df1033f20af08f422f3a01bfc0e7d9959260b65dfa8375c4072544c40f7e36f	5ac8f9895603c8b6845ae629f3a42691ad87c7cc7398d2883f98ae3412b63cc6	9d0fb338d8dbd41bc28c90acc3bbfe8cdc14af57cb43dd4cdd253faf91dd13f7
1462	33626cbbcfba84edd51b1c668b16a70c3600e9e22c90bcab89ff838d95bfdad3	56954b45c6ed268a93533f4a5efb2e96aca584a1f4efd4d016250a6079f57376	934c4e07c938726b3384d2509914ed5b6b4566f605473e3dc6a2957e30d87926	a2f1f38ed2475edef7954cf7124c19bfcf23cc6271dc7f0163d7a0d4e38c90ad	c76c5c1ce34c08cdfb2f92b5e93c90bc77172af299fbbaba9de85230536eb1b7	030bb2242df1b78e2b4720a3ea7b5115b42832b38074f22b6918800d0ec84c16
1463	bd9a73ec9ce8cb09537bbdc6cebdfebd283bb4a20710bba557f3a8bdd9759b71	88863bc27c2713f939850044bf705fb3212a54381960d85008756c3c492883d9	3b6252c6aae04fc8df7ade589b16faa52d2a1d85f8d27b7afd36cb628961c125	25b1f8862a53a6c30717c20e63a77a6ca34e068d4d2ff7c2aa7f54ba9210dc25	84d9cb269602759af31d1018f9277ba2443f0de3317fb4561fe5dee48c75f4c3	0a4cb170bb4afcb863254bca053c15dcb846c4afa94dec924f90d27497a86c50
1464	817aa526a6e352bbe2355f7dd46d4f23aaf7e40cc307735f2fb97a828e048499	6cc7db605c021d5d375a4843424d0bafc30a206e82e0924293c5810524772ec9	4b193dbbbbc17edabf404eab9ced4a0f2774db429363e6dd79ac5fa76f4f8455	d36711a569be4234ad90c7294110d5347a8eee7a62867910d346d52196e50661	619368f21aefede50de95c0eaef7f5fa8b9682e3ca84d89492e4166bb89a339d	ebe74829ed11b5cbe5014797da9563062e53e9f6b57c0bfcd195a7dc6a2bd8dc
1465	8297a301072dd6f1e64be88aebde7f72f60a7e4c838906bb49a7d477d040b405	6a98483f04383fa3a55a570d185c7ebada1d862d16fb9d6146ea4fe98ce8a55d	7256eb5007d0cfef82f69ec09d53bc132fac0e97b3a28eb08d4759f4e6b9901a	6ff14e5d1775d06813e5cbc090dd77d468c264eeef3296027653c372a8793ed1	f008847705fa92f3aeaa0ffbcef7952105566d8e18abbf42a3cfd73f16f0860c	d5344aaa37bf6606cca16648a5a3ab41140d257ea60bef0e90cb9639dd9a1c0e
1466	fd076fe62678f50c9c17df02d39260d1308c8df16bbd26919f3bf9ba3d527422	95045b06108998f8955b3cbf1fbac88c73808a18dbad7f1746ccd4e80c191362	4196468cff6205a371b794e26db1fe7d99b308add507c257dc9e66de0f708ac8	3b99b9b8fb0272ec5892913086fae5861b9b2cfd98a7a2b652bc246361e736fe	389e67253328fdf74f40112ac41dd393a5dee77c40d064725f91928b189ae0af	bd53189802338ecc4329964cd2882a566130c4ee554a025e5a094a01fcce930a
1467	844b38891202179da4b00ec67837351b31008a0c0505a2762455b8510f79b8d7	010bb711fc7eb742522980f127418e3f3c504ce63b37913990e057e6a05fa39e	67b011e90762b9b067e197d5e79a51fc712adab691b40613b87dcae3684bd9c4	99024cf72f28dc90b48a406fa7bd6a82fa7e123a3ccfb8790e9c7b7614a0f46c	f0f7390113728e0c6cccd187a70d4d1c2deca9b550a58edb35e04ec6f497f76d	30047c8925cccfe2bfe40296cd1ab70822abb73ac6d8ad6ac6948459c0579f92
1468	48ead753f9efec2a0aec33f180be68224f4e53554cae93e5e5d06ebd28de7c73	c27cfb75478c87a4d72ed6cecedcc41cc4e1766b1dbc92d9e26412bae884384a	d9bfc2f57b09f860b7d5cd495ea5e70adca2ef4b92612002dd1b960653e716e4	088e0cba4f7216f989976ee309703263f3c2151efac74bd0f1eeaf0e13c4c727	12f0066ea7e86d9da3f77b586c36cce3289eb7d139fb06d3a3f12deca14859c4	3859d16978ed175c93ff9767aa399c9eac7ce547e6c7a626534a660742ec4fe4
1469	f180740198b50ee868e8362af50458c356b82749340e5115c5a1ce1c45d4a7cc	a84916feeccd9a60346a45a29802b56e589f2a314681eb61bffe015988b34971	e59fa0a00fc54ac31302abaa468cfa1f60e8c5c9e0acbb0d56cb9710787e08fe	145e4e25985d00d08515565436a51c1292efd5b776aed575556f97a1c4bef60b	b035438a977537c7c72a46285ef4f472162448fa670ea407277cfda1eeb6dad3	d4fa8a83dfc5d23bb11b8daa5595870498c7c26bc7465014afd4bf459e0db997
1470	9039dde3faeb61cfd5bb575aaaa0a91542c404c9ef4a51d16de8b82eff2699c6	b50fa34c7dab5098117f8dcfbcb315c33880dfd83fc86417d01517ccb0fbc869	1f83402167f3cce42b94a01577eec02557c8f190a183ea872f3df27f3b7c0c0f	05aef8df307f60d0660391d0e895d727e7f69459342b86e8357f6edc79e41130	58ac0bdbde36674c5526f616e4b8fe434b8bddc045ff75c31e95847a1fc8e4ae	b33871d864741a3bb40902ae3b0ad3f7fda541163572d8faa0f774a13bcfbf3d
1471	f710ffe7e816828c1630358a4c988acbdf1e9d0161797065b3ac9c305db65710	f296cee81d1d6b520f1fd3e492b80d93a52f90d619bcd01931dd424e81d75cec	4e3cdb2357cbdb58f65649092afb11cf008ecf7c9eb9f6591156f9e563b29bbb	39cfd335bbc071c5dbaa86f598588d48989365a6a966d94c6e1dc452cbef9b59	12e88ad6f8efc0229b0b65154335afbeddabb7d736ef0fc56656d8c99d138db7	7d3b18ca083a2eb006f7c3b9a4e15c6137cf46b5fd4acda7047dfc48ce2f57d5
1472	438b6a68435555a995a000ac06303e69e62fd72affb3aa9e737c64dabd4a36a7	638094f090930e29e6486bd639f5af25d75afa0326bdc3820c8900a6b0fe703f	c4be0286a7dc55e95e5346e5e0942e2c3137ed24c00c515498cbadaa13bcf33b	1bb4255611037d338a9105d9681a2312b4914e584fd65d3117ff495cd6c376df	cf88266c8109c8db8b085c98059ced6989f5419b09444888bfac083e2b51aae9	4cbdd6dd1792ae6973d59eb989290690cf2547f77780d01f0155806bf39dda71
1473	c8e5ff404d08a21fa19ea82b26246eaf999c871e0087616cc97810f1d260db7b	e5c250a72e43566d2e39321881d63b18d742ca60d428a6d0ac6d2736a83e34e1	a54a56de845385e4684f3b0f2549a43dfb40f1ef64f08a221427ceb24dc8b5a1	be61398dc2c8ee2889689a647b2035c996ce685c5e7a2b013d86a1f09926fbe0	1545990f148aa454d4c41f8f0738e1650b57c8bc2f18a4ff26965cccdd69a148	affbba512dfcab8ea17d4f471e8b1993064b97de1d4981008d5530cde0d340d7
1474	03c8f0e0014dbf3c90fcd9524e4fc332187569598d9c7d3bf1f159de47ce234d	c246be767708a3202ba556dfe0710754e2d4325548cafba1ce23eaaab02218f6	5518cdd8b73b4ee43b9e2ebcec3475cc7bfbf556390bda4457671ec44c4ebb59	47e35ba502e63d093eab9bd6cc5a77016f5a1ffbfe666becc83d8c03b3374b50	a0e8794c539b2822ec557d568e0af37c413864be9b408f13b3048e5eac435dd5	67147a12a7c30af864a8b6658e06adc1f9a9d8de0e0670aab81395352e1b6bc9
1475	a07f612965b2899449736d2b4ebfd132e83f35cf1fe25cd65d27e77558993c30	76b0eba1ad84421579a2881c93e69b467413a36ffc84df1d25aae902a77da930	20cc439087e1609a91f6e3d339fe39822cf738098bc86d48c4766ba1826a5ca5	1190067bb7f99baf7d9865f11f18c681097ebf63f9f0ea600d31a36cc48d3dad	cc0d0208a0d81437aeb600b54ec7f89c3cff15d3a0e271b4967863286152c9e3	93e6f3f9a923c987d9f8adefda9e9012a34111843da352a9bee121c34dbcfb84
1476	89dfaa6a6a4615c9faae82640a8dc87cd8219038581fb2842cb23ec124291561	48c6650ff8012df129af64401339025e09cbbc75a19d95d72a5ff766636be352	79f9372eb87afefdb8ea420dff2ca24330473810ba9521984f4e49d173d4e937	572d6463876f79e12d89edd4c13010d4991f60db51e1cdbdcdfe7d4dd2c8ce03	a6572c8723fc0d035bd344254204d07aa5b3433b17e5d2df5480e7c520a48048	f1af911c5c3c373c94e32b15590432ab5139e7947238b2673337e5cc758d642a
1477	66b1a38444d8f5958a72d28df4cd8e7bd7e5fd6d6de1c399ba5e50f0d435cbb4	e2b4032918738e8774630d309f8976bacb83dba9a2687380507231a534d01cdc	c0843550ae750d08cb824dfb202cb4f6a360cdc7a6beb02f4db65519d2a6a051	32b2415c3c4999e1a721e0aad2d1d6c458c592aa5addfffcdb40a93ddb4f81fc	f25322574ae38f7bd4e5cf080d86f2e51295994cc2f6ac90cebc621f9e35e202	6e55649ef45b8aa7fb707d3346a6aa20723df808857890e84c52ab9cb6d3d990
1478	14523fa13f4cb27bb4287bd7398d454909c697c0cd31f2ff274bcbb7d37ce018	f323ac3f069425e2fd7adf5cee89aeec5cd7a7dd4d788e016f44c6c4b59b9772	ea97fbd2ab1156f19651f897a4615b3b35191899623a749bbe9d23d8d4b8886b	b66bf77a90552a84b6035655785e07bd2c98ad35ba0becb6a1df15a95844a711	e6e167839ca2780d4775c67ecbfefae3c853d7b65c9b9d1f774b2d87bebe7551	46368fc97099cbcdc327e64dd02c659a6405e38db7daf56df37580e31e60bcc4
1479	ba214d0a9fe97083442c6f50e8a3e6b7634a74d1b59346a4d6012fbac4fdeed8	b7bfd8a986670f6d22bb6a7fcf2078e5df0b2f44fd3d85a9958acde732bb2510	2a8256c04f3c25eb1c07a628945329b0c80aac037c8e490f69a0c8c8df13cab9	71c7e8b75b1206ddbcf582c60d0ba5640d5739a495e09b4521f069dc2c2415f4	7f602fd30f2625caad065ac9cb00bfa34f4c55c6ddb1d967f4c0a73bb8e7b7e0	fbb4bc210af49091b67654fde9ad40e6606d6d254236bfa9724277c5953f5342
1480	64f52a8b5fa09244bc9338f129355d118bbeb5de8d7ac28ed7a7e213b7502052	481b4d957e22b1076436dd6f6e13040934747eb16782314c4939203b4ffaf659	c16f6940d03136cd3790a3634ef6ad4a05d1f2dca5905d3e6011920766adcb0c	eba75976a9115e5568d6273f69a3b5ac69c982b6811b98d6c9b99ac2c922b52a	1cd40651a23bc36eb17d581f82051c07efe85a91f42bba36bdcdeba611664f89	e8c27e99ae96327f5d5bc1c1420efcc256c35baec62a9f3de2c2c4149b0f5816
1481	449643ff7dcd99c1adf5e4fb8bd4c82c4872a8a294c123dd69103cbd87f8b39b	503e2875fc0651eeb6582c2b28964aa39d5d328cb53de7f4fc6bba80fff21def	b3a3a2ea9427c1f91fb88e358ba78b41bb70d1dcc24306400c90cf9e95ee03ec	952d96bdf5ded8e76260971d8f97ed45edc13026473c6c0d2ecf8807dc8b600a	502ec3d205b92a5864629b6259e2b789583f151cb63c92f1d1c7d595df64871e	2d1b45cf092369d8cd0fc1de1f3b4bff6b05621b727b81b655c031d01de8b43f
1482	207115cca04b77fa457e86638a0bef47458aba6a9d41f24ef14ddc577a4cfb0c	eca4112dbf292836f9f543d7f896fbbd44782388cafb0eab5dbece6cd7971607	4831901b844820ee66e3daae65a910b89734ea4864169850dfc88f553aed02e1	c2fd4da59e0beb50e695e2054c9acf2ab37310ab6120603acdac7704ca6fbd7f	5f345f7c176abb5c818c43aaf06b6d3f945f1ea8995b224f80ad11bf4ecde326	379c34437b9fbc72b7939b349e675edc1f71d2ae6c194fdaaded3973961cdbfb
1483	d73af071a1a42185c8dd758592778a39b85f16fc6c2d3f9ea587256b803adb7d	ff05850eb5e6da2c5eee37abe2a1dabeeef0689b9a833fac900ca503cb673b3b	aa7e2b7d9188b2be294e5d6899f3a7d25250be7282cf22c13656c7e53e36d5fb	f5f20a2da9bd7151986704686c532e141c739ebb8c8357078e9fc2852fa72fbb	5d42162c59e9cb0b369959ab1dbbb2bfd48dd41b186927fb88d963be201bd4a2	2cfad210cf619a147ec23a892f8cece61926562c81afb61b5b53c27e31d5d306
1484	e336c5b1c82311b38930a263e30f5821c4928b86133b30ae7e6b9115e13bb427	b52f3b30b55215e390a63e044e10b59594dc7ea4fbcfe446b46735d4d6f94eac	15229bc7ce4c7068408ace4e3e6bc31df772afea32799e851603d0921a57f329	99ba4f0822241ead384fbfd90e673d9521f36b9ba93b021d5faa790c7961edab	edb147e70efce3dc33d8332231bfff2dff294c4a2d7360a79ece2be7d0fd89ce	fd8f528a5f1384f05e7924a11e8437fda12bfe1ecdfa0e022f2c49c1b0c2b485
1485	bedf77e84b979f3a692dec25e086417aad42c21880b0698fe3223867aa20dd08	4fa7eea5ba28e5acd0d0aee1e360287b2f512ffacc73711ec1956f88e1d51029	d26e5d15061bf705ae9c018cc85e0cb27ad132b3a0511715f686932aa32c31ec	408de5c47851e9056407d9376ed5392962f884bc932786151ae74caa04052eaa	366ae959eacb4b40ed7c331a51a329ead8c5895d070e970e5e6ae39b987283c0	3bbc74429ce45850f534b343fd3172523fdae83153b683ad6faf0bd96518b936
1486	ae3cb75ed3c3238e2470064fbf0d7b8057fca919aa8784482ca2eb9bdeae4785	05ff7f2faad27a8486b15729893bf52314ed84f31d44bc251c99b75baf7be797	029c43b448978409d2f4cecece16357a106feb51a76520df6a0a69ed24594887	fcfc18bc016754df6fdfdf7c7cd7d044c34a0bb443dc6f3763939afcb78bea5f	44c1322e55e44069377ad444374f126c9c6e21a82b26a5980d16b4d778f305fa	1a2523e452675967c7cc434f4fb06a2b3b418763b4c11ca2c96b0c1a5087f23a
1487	30a86c24f1749094e6e5059bbd99fa1ce0df36b116299fe4a0c9d34666a90f1b	8406966def7ea94438292e637e90df4c3df30b11cdb6ca3427570925a8031e3f	30938632f0ddeb99a73ea0caba4bbb3ab2c7995bd67e489bb14ae6bff577e4eb	bd956f0e8277a91234d72481a33f372843b24c0b4d5d12d47c797417bed607a7	94fd02b330dcb15dce9997b271a1a4ef9c817ff50dacb089209a70092486e3b5	36beb6fa9de7a8580acf3043afcb42b6f0950834954101c99b6f271366371ecd
1488	fa0bdb23a79fa03427c857713690833a6d6eaa3ec3735b5ebd5de53e02c9fbb0	db7f4b5ee6b69edbf732fde40bf871e0f4ea07e27c5273d6c138ec34abf665fc	b9dd051c8566b62799534002d062b2f7e7529cae9b54b8821acfbf8e13b71d63	8ce6b7bbee5602aa83a8efa4a162730eff4dd1fed7189e50ca800d7aaee96d6a	fa60d3466de21857dbdd654590a7f90870125118d3764559ce938e4fa1e6272e	df02afa7e70ecf91518678a89f1b9621be7520a584a8121449851ddc5740d312
1489	037466b39a6a00cee1f67b607428e0a2ba730d7e1cfa45b37768a40c68c77a56	dfeae4629438e71b41fa87ca63c878b896d2254c81108463019ed6fcfb02ca07	f1c1f20a298a1d74c678b7b408e4872b9ebdfbe1e0a202e9b37632d056d214df	31b3bd2cc55b269ba4a647460f0f69cc08a558974eea4e1134a73523e476718d	22a485f3e291992cbe4e69dfb973e8e3760858b0bf037e75fb8a2ccb057ff583	e42cf25c60de5d538740d266d3aaaed6af76b363c3b10f685c19f8c3848fac37
1490	8be7e3467f6e94dec3089b5a7d60fcb5c2335705b2c2c269315ae33e803785e6	b7a87b3528b481b3444e5f0bacb7370caf1a479163229e1a91c2f21f63679a99	0e718e1887973c58605a653af469a7cadf438fc8cfb132f2a0cab4caf6df46ed	1762f37cf3a5cddd2c0583186a7f2d44844dd3fc9587bcf6365cc44e35a7aa4d	2c3fd0a80d854ab1a7dc1794cbfcc483efdd0d4dda3e5c338f9c1cf803334493	82655b4280d13f5ba3a43bdda0fce62b26e92a8d06cb9cc3dcaee218f849ec39
1491	aaa46e485340bc0192c85ac7f0e36b2c9b8e99f0ecc73aad6e5d4c0d3ffc3585	b02af661db83c1b9c0f860dca3ed6ea0371aa0c755ba4e7137954b5344c8597c	60334ea6b765da8fc3ec7b7abc6203035d6b90df5524c863c836d133de656154	86deba965e164fe57c7d9695f6315cefcc2e50481cf4c97dad86fa903427e777	2412c9bf07237d6c757c2189155fa7e7bd45494ebdd23cf02c66d56db739b87f	82b6442f7e7d335765e48cea08333494424282a14155859993df07271a2bc65a
1492	e189d6f6973c5bf8ed05e054b97e858c66e76e6b81caea8ad6e9e899ade399cb	0b1f0b852df54afa43e18bcba0d0bae2c2190d50a0ae05c1a61de7820588f8ac	6e6229848c7229965829f6e84e21c5717a24ba37cbdbc9e5d48bedbe8906c687	18a6f83349d535e1f87878d2b42e2fcc1db911b9261dc0309e8fabeb9a8fb85d	4928fcf9184ff39f17b24dee939c4e134d652300bbf2546d4eca5c4498f16e34	1781e0eb34e3e1a059e31da80e602996b75734ca6e83b92a708bf57a1c4e5bb3
1493	d5239e6cd9082999f5c68809cc0f1f58b94532293bb6d42046818959f1d2bf4a	6b19ceae4617d774c9fc00e1f6a7f0695ed565b49dc65ff78e8872d1873b75aa	270860506d03415f57882c5dff9a742382f7a72a4ab0cb64f3ee52367e5334f8	8c88a1a813f1faea0bcedd90ce242297f4bf3bca6f8e26ccd40f995e5f34f168	a7cc0f61da1e1191a7807f5c7c4bd47d9cb083023ba57c3a06f67549eb4abfcf	ea59b9c5f0c01f0244a98dcf5039bb7f347d69db4ff75c4914bacd2481c998a3
1494	007d0840fc5f5c490908afeee8454b79fa367a4c96c27f125fc2805ee3251e82	cabcf2090048e7f7707e44925afc8d1eb0b0c9e889b2482b8fac00d540e709e9	091318aeae8f1a58b3bd7c94556c6933312d74f54cab0800f447d5406ce5bd9c	60d5b7d38630f7ecaf225c3a75a0f3a7e137551e4d4506874c91c1f59e679e65	8632f69ebcc4f12601d13a74c66b12d15d9708bfdd5f992d6b95ba036103155c	0a058464ebd13151998ca92f2694f2a68c3456deca2e129a62925b5b165b58ed
1495	dac9a26ba0f5bf8e757fb356fa945e319a23aac168eee67e351380f251f41588	d850667179ae13ae21a1f6dbf81511f9d6f183d1ea14122df531ff73c3fae7d7	78442a88f27492f52228a0248856a585a8097903167a355c6de324ccd652079c	b2c920124a4cac7c483f6c8efeb5cca97416f4bcc17fed404ece08555f713a58	9f5bc7a0253b8e68aad95c4959784830812eb4004041fec643422fa6e94fd203	dfcb6a945c9af9ddc65938aa8931fd82d284bbc4d36c1feb011be7a0bd2196d7
1496	ca15e51e3100fd5eb2000ea251e17a542545390b243e090aa359e0c16d442a7b	0075922ad1341e3c774c64458cbb5046c41ad77ada72c4062e65daee10f26a95	741a980dbdafaf309dd610f0176ab6438e934a71671fa18ba6b9bcaaef20c967	43a3fde6bd004ff822d19818e0a4a30d09eef604941ecaab45019a9660663928	7ca212ae1248dae53f9a794faa29f4dd52f93e09089374952358084f60c06778	a40738b669dba67d89ecfdc319fa55927c6cb651e4fa8df3eaa7a2cdfdc6bf88
1497	2333576e4d844c38a711669db828d4fb601ae559f222d69354395850f1caf2c5	5d95daa8e51181c86304fa729e4ae45fee3ef52d944bf2e3ef6310a3868019be	2d7ef09ba592174a69156db3046e6c80b1ff5f351e5ff4cb7cfc770eba89b9da	8cf508b8d9007c929f39ef6a6ad3908b36d0d84ff41cf12049b309e1a96cfb62	642e476eb85d2848d8d967cf2c1b59b565f3c795c9e624b7115cb2ffdc5926c0	482d4c33d6ed1a42169100ca30d6469794fce18da1d31e4c4b77f675c2ebc114
1498	f8fefe798b52c4b391ec07b7e97bae21f248ee5d21f17df316d8a2bd14a0e1a2	956c8d14123c825c9af5ecfe7edbd675a7902cffa47c4bed73209046349d25eb	e8b590a2e007899603ddd4557966d81071e63dbec72ba3791af32ac6bf38a14d	b8c3aefdf790aea4d5bc75c5b43955a68e057ae65765cd5f8760aa000879244e	82e1a1db2b160738475d96e58a2be3179baeccac6be80ecf89c5aa508b2442ff	5671ba39479791382da59ba9eff202401ae1afb65be90ce3cf540d2b94a8cf43
1499	c09453e5086388c3d767fb108ce48188c447ae45bde938d79ae9f2f89d1a4298	d53f9e1e321c41c32715914265052ef5a8282be26d5f36acecb245fd7d9e93ab	f9ef1a377847ba203ff389d5ac2c5616d741cee84fa9694601385cd604092a12	376e1260b3107683d45ca895989149e2e66edd52197ea63481ae3d8b0e68bf59	e2f49f18cd729929ce1c19c766d6d266397d2c36d3c849db6f3108e4fae82586	4d49018b23e885de5c95c3a0d5222334e7ef7672d61c0d08bbde6a71153ecbee
1500	57821bbd456966dddeeb746d802b986ad554286a7d3f087a43a0816a4470d2e5	920607f5ef11a5f798e44a1a26ffee4ffb7f7f7071039849237325a3f3a74c4f	39983c860657254c0257768a2e0faae83ffcc0d95f8b326515b9fd28e2782e25	12f92522c2a048208757350895c7d1e9c50513c124295c4979b0d52678c18ad3	12e4a66df02136f3a9b77887e2b4a1e2617ed01822518559109531c22cd72a03	1fe7febe03a693333fc03385602fbb29c2f6b1077de0166c548cb2b1db4c2da6
1501	01f05466e59aad7bbf9cffa51707270bd07148a64a045fb7b4f10523344ea6f9	4554086bc753fba64a565ece967edbbc4c86f28c80937ba2873b280f9baef2df	3cbc0e440d20fcb8817966bc33feca83b1751e25c351f7f5cc39b8444d785c0b	a03a7b7968a39bb3231b00bf1ea72d7fea2eb3bae604014cf3d76f53df9341f5	729d3f41d4fda0924a6962cd98651fcbbfda00ff0991cb7c3792b1935a0cae88	35a9d51c23873646d45800c9214326a70c66008fe346682ac4f42e7a20b2353c
1502	a0e836f56dd4de0aad8a21b492c121bca766bdc7e122d17ccd8e6cb68a382771	b64dfa1086efa7d90077d2bbd59802bba2f964778e21bb25e41348c0f3f58dba	2f96669d94ec8189be4adcc7a690778f663109e368681d63789fd7b258d7b815	b4f29890dad18e5381a4d310db96ea0149e01b5aa5e951048aa2d254947440e4	ad889e2908fd61a4b7f190ad207c6c9b0d78df1aed82ee8df540335f45efafd7	04a9896034d4f468619eb80963450acee3baec6a91b82580dc9f91d15aa61b92
1503	5edf102833e11a99cb4b89462e8f59254c5fde8c0fd9fc2e62f3b790d284b0f1	37d59322464094e75f39a1603af3dad047c29e4771a7199c3fdf39b6bbc0fd93	3a9620f0460da0c55e8005607cc3b4c8a289cb40cd6881c4e3701b1db36eacfd	11d24ffc7b5511456f1e7416c5f6a29b37c1d436b24bbdca14bb16244304846c	798388b24230d2e4e089b19da5ee8e57922261121d90d3e867328ba9f6c38926	1cd0518acfa3a89011be1a0c85ff0d6f7be49117002d1787d97272e332845849
1504	90b7ab2033112b4ed4f7a728e1e388228841ebde38f7b7422aa811e617390846	7e0dc390156cd74a4a4cf2fe31902426fd44d11da15d8ae9a5e2fe2c409ee8f1	9bbc7a55b28c3556f8ca58eee044aaf39e7ae2416d990be840918f559238fcf6	2f9799f2be42936fa5063a263d01ae71ee32853f3939394d8519c59a07fd3025	c0dcb85c96c89dc4cbbd472c45b14f7d4a6c4b5098b4eb3ad4336643a095d356	6b972d4697bf71528420c850e59b54d1541bb5608e85900fb299a63ee133c6db
1505	6ca255dcfd3c457544a9b92af8bff6ce065ad1daf0c7fe217250ab68eaaeb8b9	f2446289891fe3b1286523a836126896ce319e2829019615fe33e6774ea0da46	1e832c756d31e503573ddc475fde2c9cf950fb7ed26037b283cd02fad2b5611e	fbd03723550c133b96a5ffb3c5ae3b850f0deff013cf8f46ed94f7eb0173e718	3d976034020beee316ff7a5fab2773a767be4997df75f3e17c4efbe4dce01acf	be5243250c185250c10d0cad2f16dd5001cce78a7da8285190fc9f7ea23b5260
1506	9e76bd48dff0ea6988c25e4e8fc605e580f04da941edf5c07182fb1bb5b5bb2a	3a77fc640bddc09832a14c9213790abe1c64dfa978aebb818e548ca7f87f6934	8f47d705bc9d2243717cdf070843565e9a55434db941636111e3a49d3bed7537	2c165b29c7f4c9cfe9b7aeca2b977ff151f2fd6315afbf228afe786f359f62ec	a14820abefd727e9254d90ea49ebd1f4e5d54670728a654a40be551ba081cb36	5e7f87fb40e7565ff5f196aa3f05471e3fb743fcc3e5cf5828c94d6c73267ff8
1507	9e88cb8e4d66869d0054fb4a4d23ae3a65b2ef058ce6645d9d2f679e6ef92151	d9ae20661a92ce0473c15c70f66421631ca41b40f18b1b328dac6fea56199cfc	a7218bf37356e9b33b5d5628111471d7aea9c9fef47e4439284eaf1a9963f5d7	74041700cfd5647ef50cb1469f2ee96b7b0a51c511e39315d544e9cca43e1ead	65696423ede080ad3d12686532379144d122ba9cec67f82d1f9c48252d048f60	d83001eb842c27fccbecec29db7c7a5b723f7b1ab06f565c4d671bfceb819130
1508	a094bea268f77739a84d349aa70dc594933faea41199a07ccaa3a749ec0e7a8a	c9cdac0e20cfd72b86e334252e27b5838925f5267474c7f24029f8a05d0edcf4	3ed892538e5b78870ece4d82d3b361bda30fc7a918d1df099fae8e248a28f7a8	411b8d7e7d1c0b0f8e363dc6e49557272c470d000a5d5b8d7eb800b436a15e3f	dfe87d1617e979ac135da250357f3aa21ed75386f3363c6b5500c0fc0b3d5fbc	f0133c70c5cdb534a3feeb86e1406eb074468b2d5769397766f8461fc307446c
1509	b93cf8fdc1aa06a45511f1110f146445922fed01ccc810cbe2bbc16447223eb7	17ebf2ca379679046199eb36f7f61bf89b348fdbf4c81cbee7fc9afc25d0e02a	b9ffb42fb73d65862004a89dabba6da07c627d1944d4ded5c808cdeb8a3eaa91	fa6bca5cb06bf48ec9a7f7b47e63f1b1aa0d847368ebc595cd2d69e057c2dbb1	a7d66d76d6f121794dda8ff121362a0956b9f2624409f20a2e8af3a0a9220492	21d1a3c4c0b3a19f4c317175a0631e0dbeda7ee4b437ab3eb48aff654c957d05
1510	66be1acfacd8e8136d5fde09407d36be5f7ad03a5f6595d600c9f14e44fa625e	7de2eb8d39c568b2ab4f7f93644e31bb3ee62fcf5faf045e583d0a429e9baaf6	b9859be07e4cff2d49774b41eac268534a36a766c57e4b6cf9b53015464ec4b9	ea45224eec602b718f0cb9f18394f7a111c355c09bfb2947829eb4fd1f26e88c	2a53a4889fdcbcf641185c82ddf615703931a8759ab7dea997df6fb50f62c4c9	4c04ba04171e7c027c8a12a5f6431b3af1189bcff4b36f398d2153a0bab30055
1511	c54c5575b95b286bc31b95fe5e84b079ed25549d0e1c8707899abb39b11bdee9	36c993d303748bd7bc234a17e163576add1ce1f04bc50c5c213c714f7f7fa1c0	13a08ad07adbd9af3c0bbeefe11d6425d5671d847b919bc2803adf6ba2e2f38f	78757659e97feeb95340a595a9ce4e2e490dac30db60b90d1d8ffc5a52090024	8c515e2e594ac1a600a4c2873de3dfc84fd6640d988422882c2a4c9f04c961d7	e2ae55c151450f377f2751208eedceb003151d7b16fd8de8c273e8675f5d7adb
1512	33d338b6f131182f085901cb0bf648d2a6c77c30aad73b24282571fdf71c4698	1a7096d17a9d621dcfb6003a0f3f26dedb4d76c71cfa6c66a52bf6eeb17b66d6	c28fe746e42deb3d248fd9d75b13d794dd3c5ceb6f4b16adc63414be1d309c20	f953614c9b30f56402be8ddcbbd0aa16a27b15e9739ab3ea5f68a76f52fde119	c38623cd1cd2c71589ae1c912393a18ec78d19d6eb56c72b26af15e32e84e4f7	0b6ea7fb8fda9fd5fcea0d9f1c23994898667546f8cebd15824322089a471e23
1513	4dcf94f97c0147dd0a38bbfe0a0b015c17e84262ec95d53341dcea6ab9cc9535	e2d13132e10a1b55a85c657354c6452d0af04bce835cc00ff074644285ac1bf0	071781e7bf8be9a83059c9dd91b07e8934b2a66e9a7bb26dd0a34290babc5c27	285b437dcdfe0a5369de18752a058f02e2733c637379df13012be1a046d8147d	d5eb4edc6b100e47ceaf1209e8e9bc3ea0c6029c968f624f91b0023a05262631	8a53f0924cd344c6e8d1dfcabdc05bc6c93b8b15bf750824573dbe6c4270bbc7
1514	d4c170f33e6715983c66f623ab9621928a4a2d5c05c35fc14d339bc59ef0c04d	96a3f3047bae39e2e4e68e9dc57628aeacc652462a1a3401053b89a5b6be292a	105e62d47a81cd69a622359acdfd0460c2c81c1e5d7facf77c7be2ac461dae71	22af2a9a42cc7d1a4ca1b8366d27d4b35815bb1d2c5afdc3bf1223b9302f4d17	1d9bb1ef582df97df01f3b010e1a6d118c310941b5f3208dc99a1f627454d0c3	f9c485aa754d578aa595679e7e8a6831869b5310cf5afd2a3a7a5cf47352cf29
1515	4393f3f08c0162094681369c545aaae627d1d0a0f00da8a1f88dc3bf144b14f4	e4b531ac28e070eb4755937c2cc3c59554cbb36540530c7580028991b42d6689	15dc6a6c85c8d90004f5167e76e41160d9e7787a9bd87f60bf463399c7bd7e30	63e3335cd828ad94e7ed89dbb561b19cef23d4451e32ad13b38b07966e187b99	dca5c0c85980344472dc3ba3e2088ef537693979f483fbfbb457b0e54b826981	149ab667d1578634c4db33e0da42c2fb5d7b41169402a9e7b2657ffb83185cf5
1516	f9cf1681370fedbf503c8fc8e83f6b576898a73b31ca6fd092691d7f946ddff4	84b973aba385684c3f3274e42ecc0ef6bfc625691398d939cc14611a42cd163a	8c4e3fbdf6c901abba72b9f9fb27862f8626c48cfc23ae6e0a57e97eb13acf05	d8497e2e8356d67fc84e9a5989effb85c126acce0da743d7fa8be06fe3c57bd7	77438165a9c3180dfc4ea504cfece2185264a0177b704064a6bb8bdff0e6891e	0a5358071a5f2313505c8a2762fb23adeacf0ee66494ff646cb1f24c265664d4
1517	e2ce24b0c419cb88d044b8887e615a12682a153893c443fa887052efeda0b3aa	309d34e4cab42da6d203ffbd5475093ad01efe64025b54cbb885706fc1f77faf	63e865b9098d45edf4b99b8bc5a61611067c5ddc271e3cc926890651a8a7de07	752490b345ebcafbeee4739a020604910dd053e166817cd693a7d9822da79896	16673d6d42444438e3850514dd2676870c0c49d618a31c9ad48f582a6af4ffa6	bd3eaea0769999f2e6b081362c83367054e5788935f9ea332f82e30942943634
1518	6e35c64010817b3811fcd12127566f59b8de2dca32ccea1c801fc920c245a174	5ecfc6a6f1b41ba054f1b82e690c523d9d2cd94abecfb111ee5e8b08e6334f1c	c25af7716d8abefdb7b0625a376d6e0b1594d9da45bed77d621f0f553eb34c50	77c9c4b8cdabf1634007e1a0f0801d48f1915902c5327724ee05e441b1beb86c	d3cc2b7d1def48276da5b6f8e05cbceb5fe85e4fc3a7b5336a4e6f0f3fbfd3e9	200d5daf6cbb2195a6bf9469a10c893d0e7adaf8cf050b45e58eaa5ff5f509e7
1519	fe0959a7907b474ab99788bbbb8939b2853f4b13540458b39bf3543505ec5aa5	6bf07cf7189ab3d7542f09aed526db735243bc17f1e11b2acf2beaa6d528b7ae	4d339c0a15984bc75f6d9e25624d2caa6f7372de7453251fcd43b6b997911204	5466350fc62cac5a08a07afcdd137f010e2628dcb7f5c12b2a73452962e36e93	6a1e996a1bee4131382cade9f19baf9f89f94abbfe7a0a66ce4e2ad61defb209	00c05a592432a60d7fec5150cf2edc7eef09e293df313554bbe0c6c73c934634
1520	b6c5f6ff22498c2b66c223013759d3ad7e662f73bc7f2a90ccbc348df5a203cb	b61c7ec578be31bb01495b9bda8fc8ef3d0d301997622e320e5a9573d5ccc162	fec55fe467239ddd5267288f35ae82d51e27257f8d755f52244bc2966b7ea165	c34e6be4b99f389afcdbd9f70f03142f246d949298758d2de33707eaa803b17c	e58cfccf902c9b665f911794eba23a0b521d425ff5dff6b1658c0b94e26a5ed2	73b046acd844330819769ddc0fa0eb46a34aadee44b8121982875d90dddaa3d7
1521	551cbdef4b55f2ecb9def6011cf024184b220ba9435b0417d0106acd37611fad	3af013505c4c62e43402634e54167967ff7cdcd413459c2ad0ca805092d65738	ee0312c64e00ee98455c6d4e43cfacf2a754a04aa158afc9300041f6e3b5f345	59fb44af54bddcd9338dc968d39e67af77fc10cf3744ecafac417fd1b5ce95ac	ebc670cf85b4dc28f7374ed5b341bf007aeeb5a13bb1310506733b4c5dcfba9a	9b63a5f0066a54b3a8d28c1ee2e1cae983fae7489e1c95a6130362a29f1e1e68
1522	fca5e42353f2e3ab1138e9717e3ea595e0d55c808f07f51435cf03601f387f0c	e0a162cf41e5345b295c6583eda3decd101e9284c00c0c63609c891a5b827ce4	3b748ed5b93a56afda9eed2361ba247fddeae1091f36cb7271c089d5c94ee662	c547875d6236d056320f60b1d48da02390dbe5c23edd1e46b2cea785f3b8089d	776492a5f1929628dcb503e8514620efc84cccd774f3a53305ed5eafec4b39df	ee31d87eade199647416950587f14c08e01db1e893f4126b430862791dc6cdc0
1523	f15aeb2a01b441444b7b21f409018dd64af019591e33925284bc3a65433dd0be	2de4ca0e5164da2221041c9e52decc2cc172ae5515058f7de90534199905b23e	3d5014ca7d38e05189b24a3208288aff98efd1145ac8fb0a4f61e2096fb6da46	42f20d6e2dbd90840ed89855e37a59f83eada9aa86f390d2883b5a99ec1bc4cb	37d25cf8220d4b7aebeaff0b887109fcf2db69206d6660881d479ad570a936a1	cbfd74aa48e5fdc887f603f2c759fbd58e471c25810cb1b8b8b52a2c1c149345
1524	b1a4180a33581bb12cbde14cfec49c438ff76c7190c793be1f44376d59866af1	3c9d11580cb516aa5cff19ac9b96f8c3e1f53035f7193e176de3e418af6cb121	d8facb11e0e27c76fdd6f5ffee492d2f1001cffba94b6243c04bed64f5c70d76	0aa36d65b6912fbea7bbf3f448aefe6b80a6e2283fb3ee4e6430f82265ddfb39	9e6a980282c7c6fa4eb86c4eb9c0aa88efe9c943ed834277a198f1e6024c3d14	f9efd44276a1b257eb20df0cde628d7b25d1405052953b79a60378396b15a5c4
1525	33ed7b125a10510107a957c96c8c6f657186b173e7fa40c00a19713af3863ee3	9b5b91cd83b500cc5a5fc116d10f0541787aa27997bbe5d9fffe0ef03300b942	3786ac02f1770be62d671bd6203803695b6bdab9054847b4a5bbfc1dbb6a83c3	6f86f47e0eb47f1349966060291030ba86b00b08cbd949afa728ce40caef6132	899642f9eb283fea5916d56dd4bf6380c1392e5fc2cf52fbecf97c7c296a145b	7ad8e74338ef8601b2e1a61a1692729aeee401d24e692669ed9c6de87d3aa6a4
1526	a761c63af77e069b775984abfed4114f750455971b55ebad2828052a857656ed	11140ee5d0fddd0278c482fffc58692822cc7ff6b1f4b3fc239dd5f681989a96	1864850d852f533914163c3a690cbc36c8bda39920faa061255ee05885032d7a	25bcbb414d608b4301f4e346be290646df0eb047e2e2bd77a94d079cb3673dd4	ca88c0f01128f63486ce370f9c7529aa586502ed3dad78a6d7562c2d3a7526c3	ca378ce4e7e12b8454a8b80f8683c174c8a8aecdf1d61b415d5fe8c318332a1c
1527	1bfed2e1086592d4e90fa8b6975d9d1ce441d007bf038f9cbe4be36c1c678532	8ecb528cb773eb7099cfaf6cf26abf656022388301041fd21c7f8d72f1decbcf	87795b528e359eda0f0e0e999d7cc3869f58cf36b8f05908123cbd60a7973dc3	27c975ca0862194526f929f79ac84096f4cd13a77d81fa072e76ce6b627d588c	3e85d8ddf459a7f0d35f3723ca682f8f5a5a5f5c9132d33dcc748c3161899d38	63775c8412f59d687618a23bdc7d308e8ddb3e0d300915549d97e394b3a8fa76
1528	98854caed028c9419694a7ba801c3c19f66f33e977530ce680f3c64234f87fe6	9612b38cf5b3fb5a402721eaf0c2323bb61ef7fd291cfdc1e3177d8b06df1836	49eec468d5279f6208b4494e8997b8b8424da8b387a01dc35fe93442204c6f05	e6128ab24e490ad03f419ce73b4abf5dac0f1d090d80131182a89f16d936b759	43a39baa24ffd20425b484b1e9863d48f235d2677ac2e69f2c7c4f39bd21229b	1f753784a1f8cc357cc43072a23e1cac0d050dd63bda07f69c62bcf61f8897da
1529	c7376401d8dfbc2f5af6e9a6e14717146b369d718fc05089ce265cca680f92f1	849a5ef98c74d44bf79e804d16ef585ee9718cbc54321890c7445c0e4c11fbd3	588e9f965fbed235ff8e4aee3c3787bcc05c3f62121f6e36f9edb071e36f2f8f	0c47bc0b28892b3d68d04e7705f2979cae2777070e4cc61cb57d72375d9343b3	85f354d2a7479861798dfee1d93d7348e3a317755c0f5a91f22c94fb7ec35ff4	59ab8a1c46878067ca34d5321a57c13261f0a766ac6b3c308d934000f6e95c7e
1530	a5ac216cd4921da398a9f6f2b7a2d503be6e636716a9f9f8f6c664f0d6518764	63cb218ee77153a12c57fd3a5d14b93b7ecc67e1cbc9450647f2c8369490c182	b2885e7068373e51b9374961510a7fc600bfcc726a6874e03f2a0b55ae4f4925	d447b6a33efc2bcaaa93995eb736a75aaeb2e5635ea5eba7c35da32e00aed27c	195b4f7e2e1e5f0a1720c4e3bc71a0dd71072f68138c583539b84ce516352f57	1024e9858b9b9a07eac1cfe6d132d023107d7cb17c6237c574a42a1da058ca90
1531	b39a025b4331b974c2e7d83ed9bdabdcecde55efbad462586191800585f954ed	9df0a00573bdd4bdc585db20e5fc5dfd8d1b225a9033491e210e25430a760995	4de438976770d7f97094b00e7b4ffdcb228b1b0100657817ca4f51e6a78be777	799553dec4e4e4d3ba5240a77522ba770b81cbda28680890cf6693d0fc55ee44	1bdc2f52c970307da4c453d9eacfb7dbacd5e0742b14cc08fcd789e6d3dccec4	7eff87ea6fd0b2bdc944fa19120eaf1f66349b02e63592a865bbecaeefcd532f
1532	8b261c7ec99c892ce2f489453635a6d2fbff5e0aeb18bb69fd4b149cb764b6b9	d05e84e10c525bacb30f7ed7d037f1b4b40cab6909abea9682c667cc47fe58b1	5e493e888870bc307c9e928c72acabb067898b392b7cfeaaedaf84a2ed3757b3	e7870840f095c37a55e0fdfe861bc25517891c50f0955c052fbd4a037d395037	a2efc7612959b1cf96fc62f8adb0bec67b2707b71fd898580469e5bc176f0d13	745b10dcb7b87119d797a0a380a3f4654f1cc4596feb00d8154086d3eee8de55
1533	d84ed6dd60e74acfee2b7905e35583a62a86472bf3137f326721d8a7fe690fe2	62998113d95e7975286f8429e1a9832baa53ec3efea7581f0d76f391e0b4c11f	9fe29ab4b08ec0b44e32cd65c8049af046f72cb2f9934b1dca85684fb0e9d9bc	eaeedd202aef09231f1e49c0fc791c9b32077e706052b5a194129c10ec71bf90	4f80429bae134f6f72db750c2bd2a578969ab3d0f055d3f7b21d12ab0a1c9fee	259aa4685e70388b548015829ab4814f3c9ae2bf32172f10bdee8e81faba40f0
1534	0adc85e0fc7951a8e30e065aa55090b945494d1ae1a482e561c4816b9d8767d0	c7d88ae1916d226b5bc4bdf0bca0311313e35265d0c4604e584383737e1c2ce4	cbdde22c1e9631aadb47434651ef0a68fc2884332aeff3a19f2676ade5c88741	f24a5207240814800080408587a6cae40757c071fe3e0701f130728390bdc945	f690e27f4f7a5e43ee2d907ccd4cfdbc450fb033f134a705250af236c16c8f2e	677be91ed0fc08d262f8f481dba9a830c505fcd934c9314cf49736df30d7798e
1535	4fd60848ffc4e6b560813a99a77c6d5ad4966fbd851820ab5071576a25940140	2dab19756c9dbfab99b259266a01668ee8df20076f41c5faf1aa19930770b270	1b7bf135a9cf8b872de53c734ec08362464117178c5f8faf50e6aa9e003d0959	04db3030ef6c570f817dd45d74983d6ae76c775b192f51278170184ebbb25383	b11380607a6521ef7fdb5685628d0e4845fc8160c0f543f40be3e203b86acc18	7b0639eee7ac9dcdb494298656062a69c959a0784f5e2a8f319695e24f82bdf8
1536	79f723a4d4c3e76d57cf2cc5d46dc1710eb0689d4ff1c8411f156fe4f9e07373	3c809e865ba8c86642d7b00e1b162e2a752cbe8daa00ec631afecc2a656c18ad	80945ea46f900e1bb3530386384bf790dafbb61647c5a5c3fc66008fb3c97f15	de2f388dbf340e7542d073ed33cb329336ffa7f380b4263c8742b203b3c22207	328bed369a107523fd51256df274d578c8ea53bf2c970cabaef5ff9893c86983	3e465cc782c2894ad7de0633586c984b87607b0d6e5f2730ac7a6ff64e6b4517
1537	16073fec447c28a319fa319b451d36ff79e135080fb15d8c251aa2b9a07cee73	f477eba574a3c9945e515d2ff26d73e93d8378b5ab1ee6212236daa4893a9d00	02928269662629586953a3a23332f183b2b0d7e1682c4f3c627613f356545fbd	5a7be9d549c7e74cce4cfcc5c6776578fa885d96d34a95a311769a0395712966	1a5a553d892c407bd2aa85d9d8c427bdbe4416924ec4366787830d0bd6675c17	e808833e935c9d7eea04d65fb192c31e9c90e0a95825ec59922ea6b3007ab682
1538	788633b643fcacf75a7851649a40c41cf8584e23aced33614f9b1e52a3163104	9b28f035962550dbadaa43291bd4c1988a0ccd2aea0aa46f1cd0d20f26967e52	c882afb6022cb709b7ad7099d815db52cf3f624f1ceb4aa8340242fe82820a47	26c2fd16fce6d383f5d57da3f4ae3d694ae8be292ba66153f51b9ddff352a1eb	79b157625c74283de6dd30a5095ae648e516bca828f7d144db926464176de15d	60a17bb27fb12b76bedff86c85059f88980494867f5a7ec2738e68c0c3c5ec27
1539	b816dcf0a8aa97316dc3f7b84bf725b9ec9bb66c04f263bb8a4d3857fd761227	f57b82712cfb4ec4b208b249b0fe98ab6fc2e5ec72ffef4ac586aa8a0585484e	917a886a8684c103e08b8bc5db7371203733a08301a8f52ac9ea4d5a989af670	0a593c82c4cfa7246820088a2e0f0b15aa9989f6bd8fd51c038a6b268e295ee2	5d01bd75fa495f81bf6a9aeddd3f0a9e3c6f651f8e1109ce0b53891fa20b9fb0	3d2c66c16f08321c6308b4417fbda783087157444be760fcb5487fbe05fec520
1540	064a9e99ecac215334e2bb7d56690f5ddbbf73c8cbb8de90787c8305fd2c5ebc	dabebfbbab8cec5fe85f775a9b9ccd51fdfc0dd8c6208eaa470bfd0bc4e6c510	b7104e1c6ae791b1389e808384257fca84a886252f394638642a144f9e5a8c66	3029a2ed8909a43b715facbef19bbd620f10302c9681974cb804e7d715e1997f	233e143769d5e2b3750b8826157c6d3d78320256c0508ce7c1b7cc1b58025877	49aa85bdac40a2695b6a06859df2fbbb6cf2b0a44a5c0e15a9e0a9c059588c1a
1541	f41f38953096d6b4621c503b3826f40796f8db057076900247dcfb9452b8046f	a649ffcbde7bc774818d095308859dacaaa718d702884b159a21eeadb07c5504	a7f675ca54d6a2fcfaaaab4ca289434ef510d3000b91729d98e9d0e8ef56c332	d8281bc0af841d2fcf16b57041e6e63d82555b301b80b75bf4f7fa32e985083f	c518880f892d5fae2414a4fef507b311ac91240acd6f796c7486105da6222474	86737c0b50dbc10d98dcd86d3d2d1b0bccb91f15cbeb46c421a9853349e2e5cd
1542	46a0bb626660cefc76e34ba6a9a0445e8f11203e4558f07fc4d9e8d8e66f62fc	acd810942479ea40f8140ad1af9f00a084ace4c766fb8b152894b9e356890158	02c9e34a7707ddca7afc73747a7c14dac7b21db8d70a082d26ddcbabd72ebbae	5c12ab3c8806bfc38b70ebcafafd083854415b9044cc0e77f65e1fe73b81c419	48b3e1a782ca1bdca239e1737a3a5a50c0518894ac68865ab261410c3f7f3b36	84daed64f993d6b1ac1ab115ac9c36fdcba8a6c065712fd69e3921e777222bef
1543	bb27d804121bfa4006c36c03c8ba4f6ff938baf8ba12ec1dee13ba61b4374fb1	48fde539001486b1edd1632bd566423263e6936201a53a525f984884094756d4	f6f6e65a2056d9ff92a8ef3b9c24efdd0bcdf61d2c37152426f3acc1edc00356	a3aaab3a3af55087fac2efb2fe3bf29276c62d545d09f23c49de2f9c158bc71c	bd2b450efc92d76cd7af27440cbd8db0f5be5791c25f804708790bd6777ef671	638284056542992089f7d60d8992bc7c4976b401c7a400ad5460b2cc777a1be5
1544	c60daf74651e1758e6db754138a3620130ff53c1b9c214ce1acc4dbf1c65213e	e65e8ac4c5da744908b2866cbb0f9d48d855283ccb1ff0c58d0ab213e619663a	42ddf0bf312df514c332d87eb9abed725221634d33cf60b5ac5a8a1f52a71066	d2c3cc7773504634ba46def8c21e2a73fd80195912017f56676f1d061fb3112a	60c4f891068f368ef7f26b5c02d110f558c1ad5e0f0b2602112a375b20eb2786	209e0eaf724b716334af1485e3ad701af75ce917a07cef094035db7a24211031
1545	6fea63f8aa9d27ad5cf2e04a7f6b1df14b51654c7c73f696ca3ba057c8a89d0e	f03eb940ee7e224e196138045051f3c0e5543894b4c9165829931722e09eb2e7	5c0cd519e611d470d8df92185136feea8b268605bf68c8786466b479eca25aa8	81b12fb319ae7ff7bfc4c772ef1213aa8c20b61082718640af66e48b5f653624	0e9f97583355b2352c59eff0269ef7172c2e3c33f88a3cea22892e7f31f4b0a2	dfec40e3eda8a9e8b2add509ecc275aaff57375b3d468ad7e07e79ee40c83748
1546	810383db019433f05ababa993c39cde208a451d2f912bd5e296210d8cca539d3	b541a22a2e9ad93800c15974d8934ea4a564b0b0c5fbe88fab32679770b63242	8f014436d9ebe797d9d4d8c54723afe82b95a72c5c9e9d525133d65363ce40cf	ef6cd2dafecab4360e4040ab72463bdf3f234c2df60e642078fe50c970fe17a8	67f635d8965518fe590cecbd2a44b6834a962712bd82d9633e2577e61bf2d077	2d7269ac29f6f2a6011b93be83747e2bbf81e5e2eab10cb215ce825cceff0e0d
1547	5dd5636a12523e03ec4d8b112a30f01b4adde2c83b972a0bc9d64e645fb3d23a	dff04b2032cbb5c07d95280e316e8843f10259e78025c4a284b5840b28d4c0b7	2b7ce074b113fd0610fd593f5cf355cbda877f72590afdeca19e9d55eee2d2b0	0d196dbea4b8f07657b681ee6daa5dee4a77e37bdf2a168066d9f1429a314edb	5d6bf1d50a8280454ba5645b049981415e9b6f9c788ac4499eecb47893362e78	5d560547654b893c672ba49fa57bfd714c7f69a7ff3403abc568eaf07329981c
1548	0487e24de0b2098d9450e7923f804b5ff986cf47cfa4e9bb211bb1d820708bf3	633db127cb5c78fbebf651947ac45a2ef7b2ebbc2297a7730d9df6cade98199b	55d6865b9b7a38da1aebe7fb343abdad710fff92b297e0be8c4bcfa84355f207	ecd97f3794b26ce2d27bcb1e7573448aec2e169bbb486d42ccc4c977a401ed42	d04eabd470c208744c2577616d4e5fc29f84c5c6c127d8f3be22bd6ef3468747	d0aca35cec020f6243e49bb1f4899cc189a904de76d2036bfcc1b08d6a080920
1549	6380548f1f1cbde49b157104a0e9076a36db34775c780b13cb20d64f1988fdec	3be565b774e097bd6b0aa736c03011b55f04c5a8e8746fe48a8fc146d875d42f	7faa14bfea72f6c3f6d5397a7c83f3dac4aef0206ce0b26342a86775254dd8d6	a4d53b47566d7622d31b5dc23c0cf385016c5f9f2724f56cc66cca1b824ed5ff	e47c83216b909cb5c7866ae5be7642cf5d8b1c0be62dde49e3eda69bb407f695	ac64e2cab87689d14b5f9b012e86abb827531054e4cc81958c480f98ea5c07f8
1550	50d492fc63edb7b915cbcab97e66f992b88a02ee0a18291936b8317370f3eaf5	8d9c01826d66796924cc3b0cd7bf30145db7ca02c6870cf32d06da5f767d9f19	c3b3a526e44b22a53b55998d3a319e36d09146cc393cd5a25b626d746874419c	e62009a909972b596bac806cfea4f62aa0cf7571b5f1c6c174ee4ed1fda7104b	07df468a4755353c7d52ed395ace32c400959f24d37f2dae850e5e16ea7d02f6	e33a383c2286efa57a484d7d7773e276e2bc0876631e9fe0cd80e59fb1cdd346
1551	c595d115d16c79468d82b74285fd6ec54eaf169d4bc1674b4d456a7e234a03f2	4412fba3a9c93abed8025439713f55d511a4afe1540a1d362133e02f933aec18	6e7a0abfbafd2acc2d3fb62f0324d3c2d0fd3b127058d47ae76194f8b16faa5b	2c9b4c11ce01d4f1c92303b53e5778f4f3a852fe1e7235d69f1dceb034568adf	0d27c16fd818337fb03bb1eb8fe4d2dc10d22410b514a04de876e28ba350ff00	6e8af5952f6a6f2e1d81e27781d75225ad7edf4c9cc41d5b0230f993bd759271
1552	f6d66163123de6a3de25f86815d9125f3966b4b0f3f4e318ac1804df317dfd48	55dbf74a5295aa9ad496fa7c45c96b376b08cbcf523ff9ab41de30383fa57ebe	5434ca1a283a077a931403c9bcd8c789dd68cdb8aa799c141b20eb70fcfee257	3772ceb8baf1776ad857d93868311bcd248d947823d50c1001142e46e2153cfc	562078339428c9465f657209737a7dcf3c9235de2e11f2d354e4ebaa7fbd08ab	c3463ef97b338cac2fb16cb6712b46f452ba64114cf608bce54c534821da2da4
1553	4172e70cdb77d170e25bf1f21542ccc96c2f8102324549418eb2471f75fbd643	3c7135af9d38f1c55ba239a4e5d80fcdd586640eab4d51f1307cd4094bd5cc2a	55b08ff538a222744a6abb229f73871b2bf24a8b306077b8604d18f4d020b893	9f99606da835279a7903fc335066bb8bb64c2b29e6d7d2a25ad9d2e01533515e	8d741838c9eaab339a3ce99b7eefedae2fdbed9f4772488e9ff46a44a5d0dbd8	c766432e61fe84b750fec707d65729fbf27692a65a3d8387d15b585a755ea676
1554	f29aef5e07c858218da3e96307a057fcef4664d008b00b518d4391a115d39630	24867af32aedb76b2dbf312f221199fe620487266a4efd2ad6718ac37ac5c1c5	8b4e51792733028c4f33963476348e1c26748e26cbef7c2d86768a9095571ea0	660fe5d97e7b3d5b387a624f10ffef4a7ae9f0a6170dc03ac835c084813b7bd0	bebc8e51188558c038518b03709a56fd93dbdeacff1035fd415b49096d916dde	92df6fdc7ff44d7bfadaf70efef47acc6261fdee8ea337f77ea2760275dca712
1555	876be09e5d8244766a14f233335ab5a992eb7c1a1d42df6d1f013c8894472908	971f0850a74e294c3af889ecbec4f988ba7b72bae093f7eb0e039eea4972dc3f	2a6aece4d6a8b7fa34ff7f12c6edfe46c619d2b4c49462bde2fa729f1747753d	28435bc162d0cfbcc3441452157b5eb86033ef2e1963783a01bdf87849162a00	77847fc84fd5b97ee0ca25fb8768593132052989246313bed1cf7364dea4b3c3	6dc909fc569ea371602ec9696350db3edb535c7b6c270e65fba234b2d275c8b8
1556	c7c9624bbbc7dddbcd0fa36679db99bdf3682bd9c02d5aa90f9ad6a86ecd24aa	ae12965fb9895ada3e8ff8679eb1a587e9021dcc9eb4122e15b3eea356fe95a4	ea16ffb42499b5b8c3074911d2a86fb14d2718d61840da25d4bd3f7f85cf1a78	1c1f3b67bc638d8d0d7cdd2b8b3d289f4782f5aeaa98beb571fa361c7793348f	31491693a324d60d6050c5245842d7dd0f375826c8a9f35955110dc1ceef19a0	f05c98f4d8be2c61d11eac4fdc04d4975df42e42c711125c318e9316fcd4b7f3
1557	d42514f4323d1dcf054109c15b7f128a4b56922e2416f9086436175fe66bfa97	67cfb4afb2da6d2c6d9cff3fb335b3298ce08625e797078936158dd6a80b6f8d	db9b3bf06451e4fd85542a89104a9b6f82ee710516c23a0561953a9d5743d448	accea74f95b245fe20f4cf58ff66b8c4943b5beed96661157517ccbdd6b5605d	1660c169ab8b6823999be8f01a88df49b054f683314a4b68016c5b5ba60d1e29	c8429c4270a83e5556d2bf711b33cd251db427c912ccc08221d5329030c104c8
1558	c01f5a5db5a64896a0190062c7197271dc6c28a8b2406ac548c2f0d2c9ea5be5	b8e22fe5fa8942603d6f8464cc9a7adb6235d871168ce3ed1dc19414a4e8ad31	87d57c629bea07b7d3a72fee9b8792146dbe59ba503bb3cd2ba810b8c16b764d	96b9b89b531e7af1643b6c831d87028ca66704344d2035811be8b2a5ccf0249b	387184f4ebb6bc4801a03e0cd29384c6b26db64ed6969e6fbcaa2b2e20f508ce	c78d29dce89041f5cb3e3fbad3b6abeabaaef945fe541dc94f2943133108bdc5
1559	dc681e526f071c68104a9361ffe7fe703e13ab63702fd6a5fdcf82737c289bb9	d07d348ce87aed0726055c43b61df929aa1ffafc90f639df020d2d91aae2f033	c0bbe57293c6e7c478f95b737065d060fb03d3e23e7180eb5690697f5b881e2b	aa30a30c6454575dc3416aaaa49f7059644bb9c33581ef6eb0489f7343b58291	d834c750e6656e2b71bdeeb0bd531f60c23b51a4144a53c97baba0a02ced911f	26296b281be80fe9992c4634365dd42d801b512659a631f1fa71a836b12d1d5c
1560	ac60bb6fa255592a24579aa7e111cb6eda27d6c88702ec72f22821d368a14f5f	d202daaf666678245027dc0638522adc7b71bdf1081ee493cebdf5e177975870	90e6f05398626219bd2f9f3f9d021c2a737909e072d613c47b1df3a0e090cefc	0af7af41eaa471f96e1acf63036083d6c805b1904fd7c9a70004e6c2c7b5ceb3	776a67d75ffbd20441ad51fd717772c54acaaac8bfc28e895ebc4876bbeec91d	95f0dc56d78c47352c70a54ef3a6b4c977208b2f387c6d590c63cfa4842e0450
1561	a1b3141e4d112610ef678756ba1abed10a3be4f514d7b8095e3ef24ae7c38916	379562fc95cdd4184b8287646af8c2974bd824a847a020ae794bb15d5408b35d	7e0ef1e1b97669b78319046fe4e444c77560bfb97c90f6c257f98d775bf1b745	37d62eddda44eee47a2e82924bfd1754e39a16b9248b4c5e3ed970289956667b	7fe5f53108a486a75d516b49d6ccd5856b745ffab6152295f6473e82ecf49b11	b070cfccdea4a9a2eb16f4b3fdb5ac74578496128e6e93ccafd1406419069753
1562	0b00921c569c6cca6b84dc63f0f7452928c88201d5fecfe8f3378640be403611	a2b676082a3b97024a6675bf6899c182b7c7b13c1540e063ecd84b3c7cd1e57a	9b77c5e6460ba9e1b175f51f6efd5997f443ca692af585bca0b1a6d08ff68501	022952fb1cbd7c75f5ea6bc1b48aa2725df3b4b5cb05bfd7f732efffaf6ea021	c6add187a35c46b865046e16d4b8c6e7b00000adf95aca9853eacd51620be5e2	6c1153c07393d540d7cff8ba18494ae2d559ae0c589b9fc8efc62254c6706487
1563	10c00ff186225c00daaa7f48b680028679ad8a0560b1189ff54b0e19891fdd9e	20e62e282df5149168ad0e4a829cd83a2243dbd579829e6b2822c3ed0b2275f1	5a85e552d1096fbf77b4e6fe7ac9735e29ac30c1b8bd92433a5640101a7d4cbb	bc3829736999e5f7389d8bbb2886b90babd352b894dcc4f44dbe29a42d239b36	c5e514677e7579d27ff8b74f759913ce15969b544f7b11866bc9ecb95347a6cb	4e3c99872c5ca34d9e86ad8ae70d6765664d63986a0b172daa60150b4a2e312c
1564	fb7ca3053b3dcd769248760cada19c637d6c2bee205e3368dfb40e065a586f7d	0be000d1463b495d2f622429ef7eed01ef58bfe3c4d911b685dbe13b8f65b49f	6a492d970ceabd1aa0f98372f9484e07a1355caa713efd0b196f33b7a13bcab9	830229b074dce71543547887bfe7b9393386e56646e4546725fc0a2ec299769e	597638d599ebee081fe6260104d8df975f5ed0959ab3752ab4ff87bbf5b8da1f	f4c8bde2430f98e318098fd27a1a29f4f6b348e414e64d837ee6e0b7c25134f0
1565	97d06c3529fe8b26dfa534d291b88c0439ccc7c93dd947c2aa1564434df182a4	f2488be095685cda64aacdbaa9c9b30647459b49846951327dcc0536c4fe206c	8a91a2174bce47b653ab5df30b85c05dfe54ddff1000472e210000ebfb78cee4	a0091aca35a3485029dff149ab65bc7084864741d4569e7ad40813122bc60018	9e2298af20baaaffbc6dda1ec71c20493fd70c596ae31a8a4753fc09b478ec7b	7c66430f296f8fcbf2f0bd2169e4a6eb18296c4b69420204c486c0555ac2830c
1566	06f64da34d7c97704134f6838ad0e5076e4db5a1179d0969058648dabd0572b7	cfa8ee2435491d12b4e4dc46b3965656633a2b49b64a387287465ef536a97e38	91d19bb2a674f1c8cec6c91b6efb4eee6f181e7bbfab0c1211117886d3715d87	7507787fffb8e5131fa94c930518689ca30b371c9874c49bd4efc6a79ab02a53	0ae30ae6beae4ebdf844251f56172f939110fda94e60cbb8908a9454577b9fda	8792cd40ac491f34388d2830fed7554a185a72c25402953585087cc7f4d34c8b
1567	961a763f9b8cf6a22bb45bb2f15f58289883196128bb35ac5bae7e9bc5b32514	5589e6f72f7a6f9dfda643b920b3dd08a8efd57e0e9256a7184ffc7a4643f234	8d586c49e0ebdf35e2455b10ad8afa267eeca5c7bea2a4399445557f53bd9c19	1c787579bd1a78979fccba35b00ed16edc92f6518224a7b45154b0abfea36a7a	998bd5c7bcadd684a028fc288b6503f43b4ec6ff65ea4d1a447d7bb2ebcf51cc	84fb583610a7dee1962012a8e6e030c29e009062763757ce60771fa47bda74cf
1568	cf6c5eb32fb4c72420052e7ed3f8c7d981dd04991173b0b025fd01e4c7cd5106	c1189f3050522247ad1974ce79c81b9d33dbb7309ecc57da1aee33c261d46756	63c50fbf49567ad7e46a38f435db983c185d27ab0fd05b0520c39ebd1a05e54d	1edd1e2e6c8f493b317a90ccb596353bbe524857c994d0b3d5001b6bb719d3c0	ddca451c7238798d67ab1338caa813acc7167f91d0a4707797724025e3f94a47	1a3f009588e1f322226f598d43c2f957951a4757fecd5d64d49de4d26428b5e9
1569	2e9c9604227573be41388a53f582e506960816c56741c723dfebb0a66c3b0705	2ab07ca87b5d3f9935d8b0125a76d80bfec5eaacd52555de91441b09c6c81ffa	beb74a9e8b3bd5392ca3cb2cd6721c25e7cec5c5ff631b525d0a77e2fc741774	c562134ed1963bd9d75752f98208bf9bda24e6ec52ce78aaf62efdc338953d23	45b8134eae582c6fb589c4d3a74d9b923e35524b1f2594b88951ee96044a5d27	6047b47656639fb305a58a2f70036875b58da2bd0ec3e6176826e8b6252a4402
1570	40735b8d96adaa15e1a4f9cd6f28bcffd001521c44ff0353448ad2d98d245ca8	1da2cadc68a00123081ab30be6dbddea8b105c961c3cfc86582d6f6928144f4f	954a936e7058aa99cb69d867f1d077d40fdcf5dcc611caabc58cfcd359c48380	0512278a3b9c61775e0ef7b2bdf4fcea89f53646f9e5b3b13f5afb4c3acfa748	94016561a5c3fbe19f5306b854019df057bac48f004472a191cfb76cf4b8ac7c	bace726a76b446db8137d56647d46c24f9babd2be527152d671b0a9f46bddb1e
1571	dc953fc1e7c4792dcf2cbdb9f30d7cc3cca075e334edd5d8453b57193a694ccf	e7216a4618303eb8174e3dfd9901246f3cb751bd0d0313997a9778925cdecedc	9e2354260a07e033fd12da088d836dc2f729e6a48232e48184dcd1cf95329ac8	25f34aadf20de822b7fef4ec379230eb37dda68793fccc8338a8c6d252e1022d	a6d7294528dbe44169281f341507c08aa05e5eb2814a8c5cf2956b53bcd9d312	e34e84a53037119a066bb9b1cdb7b82b5b9fcbb8676f0fe12804792d1a89f553
1572	119e1c4906dd9d9785392383cdfc9ce53481e140060cda4a689e89dc67bc438d	046eed5f853fbe816cec52ab5d6f83f1482912e0e7c7b1440c2c1531a5af8fa6	07942b95e33af240cc7884d78fe79decef61c3e95048e66cc54ff1f089c5c3b2	c601cc3b60944497e89dbef58c710b8958623872a25729dc482d33427b0e35d7	1e189e4ff71cc25260d94447d1a7dafc41e92c36f5fffb090d83fed7a974aab1	d609f26ee7afec186b1271f895608eaaeaaf3574dc01cb848158b158b86d26da
1573	45cb58bc50b1a2b7f73065cf91a2b6ce0c496e9bdb5a7d1193ace7dae2f5d985	3810a34970b617ffb888126486b09a8c554abfa58499aa9eac1247757d48d2f9	1994d78205353c08450661baaee3d75f9b4559f2f715b68b6586b77b78719eb9	83f311c18138459fc9d3ce25d8d48be9c9f72a8d01abbdf7dd3e9ae9a5fe386d	cc900a78f7757704b542af071793cd7f82deb07938517686f59c61f2044fc7e9	71aa564c9d425fd09a89fcbce715f5dec5e673975cb60db81294dbb564cc115f
1574	b7fbf2a01cfe4cba2b427703fb2aa721301bcf5af59a5fd6f3493a688a32515f	89a274b224d04323b9704b9856fb55384d81da2f92a7f6bf82ffcd24332d4f82	7464f0deb7d393d5c6b9a065509922f0ea1231ea07275efc9043b214a2d920a4	944eeb4e8d9ec7374a27aaa33e99441fc2a7e5227a9522af1adef5aab270a2a9	ecbdb6b0c9c4e9fab758e9abbaa8f945924ebe5e41e0de829cc831056861240b	b5e7146f037a52c304454d67a0852ee6f52fd8062e3d56214c5333f44539a2bb
1575	3453bcab93c582ac73d58e5b4328981291d87318b51cb9aae23197d748cfbfce	103f7279b07653a31c7ea0b335c17c96584a6af78b2e77a7c23987f9032929fa	66323b33dc65d7315ff8b95bc868e3ba4dd1e2410bb572b4ac4db624f3bf188f	141870b30ad46510ebfe0c4959b70ba61739b6704bb565faf591d4f69c32fe27	079943a165ce55f25ca6b3a38d94e7a3f335ed418dcb4d87307b2431e01b7d1b	caa5f3135343f6735a40f85bb40872707494c186c58de57dd2980ae8f1b454c5
1576	fef7ae9a3d825d12cbc16d1c11018ef22dfc7fb8cbf096a5a66d083bd3c27411	7d6abbe01549db57a9fd6219555b86fa1c9ef4007d819396792a321e5f70d997	8ac407ea2b5ea9ea510aab2d86bfac68c9b6bf165abfce99c5d53e527ae1077a	f05516ccde493af197bcb477dddcaecd9083d9028fd2159ebe8e38df5a1ded9a	7357174800b661133129548a500cbf08bebe31bedebdcc3f0c5ffc9944599782	cfd8fab3aa43f8a89cb396d035d93500d63768847ff2fdc614df42dea2600c40
1577	f3f60623edf2c2aff0b0c211ba2d6aa83f2a41d80cd0c4a2021064aad9eed0b2	805329a362a29e1f16163f8deece01dfdb40ddf29c37c8292dca2be5f709d9b4	d16d05e6356f8667a19b7d2a09ff2102b5c5c4634c19e6fd193803934af05d49	491a8c24a6be70377a58e43b490ecf151fe13a1bf8df03f68f55b3d41d5ee8fd	1ca7009dfaacf784640d2745ac01ae180770948f28b5ff5569b9629965e47777	8603dc813ef7d35f97db2b62eef86e86e74ebbf2bd45ad479c8ce50440d63be9
1578	a1581ae22df1e9474f600df5c63db8b8fa1a9ffc0d48bbc02b1a7e78332ada55	c18fe2a18963a263944dda7a7b4fb8b077fb7eb4b94ab237268400f0b4b03fe0	8677908a6a1c5112f2f50a2dea6d15ed1d1adf68686a0dec8868349b23735b42	11a839fb33d962cae19043ffc3fb289ba375b43e83d705081b4eca2d76d6faad	6e2352d69445c6739d85daa57ba51850639687a40469cd3a3ee2ff2d01d354c0	4721ce11f5541913a1b67973efe8d3d3faec4b9188b4ea50c892a45bd9453253
1579	5a563353ada78fe275e59bb1b2a8d74357bf444e84fd945a4300fb50fc51f1c1	67f67946ad1203ab3010de581a9d044c51df939ea5ef828ae84a91a0669a3260	059b9397ab1a6f6a0a66e91e2fb09712eeecccb98b3c047b74f348e1753d8c41	12a6302508625f4059477f7ded85e5050454bffed87da002773cec29d0d3067d	de6fac451d3ba70dce43e176a6297bed908af1de1c37117dcc73136e117cb18a	d10c8a0499f8c96bafb780d7a3e5ae388ab8e7a36ef7c31d12b7b0f4de798005
1580	ad8b00f2268c97d738f78ab08eeb84de48e5ebff6dd60ca4e7ee4a7e49ccb272	d185899f7b1a172537cbba8c98ec631e7561dbac67f6bbd3d99e90f4d468695f	6edbb7920f3f7d06e1c910326569977365432fa137b2fb98c6c42abc7ebd0cdf	064a918b0d4869e66993c2f3663b7646003b207533c1540cd8a5497f13bebbd3	46738830dae21174fedb58ae99872407e47435a2874d1868cb6ec5c34ba332e0	400336c2cc7f00fa526288c3f7e4fb438d2965651fceafd7b07f95fd95011a2a
1581	98000a0ea831dbd1137205b3188d176b1f7c9810b59a43d093603c67be2e827d	8e85bc9e4bfb1d72df20a2c75673ff56a775b801594f2d5c8cee91127f5b4e0a	c0e1fbb2572f4f245237ecdeafa4d0c9bdf595eb9f6413ec9940a0446101abb5	dcad2a8bba94d8a6d22f120559b9dbd1579850d0b402cc4c2831cbba0da3261d	1be54a835888cb88b73978fe9c24a92c856f9defc9b3e65239d263c3fa06c245	e12980ab5135a0e37e29e4a84d511da36bd419a5feffde98add504673484775d
1582	3ac5e8c0e7af22094bfc9cab853cc3d537c4d2867327e3aa526ce2406909ef2e	ac8815e77f2e968ba725b9841c98a60fe477616145576900c30ea54c0c3ded6d	d9285c1cc677122bbd1fbad3fbbe1b28e2ff9eabf8398e971aafe985070cdb15	2b8dffed0c155e309714cba2c94df16f5345a6961524ee7a5070b6783e4e5618	e0d445f48df71d586a72d7111cf98642b8c94d3031a3dd27d731967d5c536bdb	51ef8b48f1c4e693b39083ea6181c5b0c83585802128b6ef9b87b63714fbbe7f
1583	d07c1f285577c766995a8e513e24d247e02897859ea3c48f037c3caadffa3b44	1f25147cbb2a799c0062e621da42fc7406f0f5cf3c758f002b2cd95a22158363	c6fecd51e443621243d2a0157e8491b8a3282ee4c21a97c782efefc0ce2ac240	ed0d7aac9381b3b653f2d2545263afde5030dce96d4da2a505841a649834bfd1	3171f7a696fe26263f54b020e21666f677fd86251a671f7f6625501c34534f30	8e0c7426fcbabf27c486cad774b11c77f7eac4d7be8dd7a40d2238ec06fbce42
1584	17dc1bde92b199ca95e6e6031904f3f9aaabf8a6bda5702bbcfaf729a3e6bb27	5372c39834b468be165028102e252f4aac01a66acbe1d7ad2ff4b41f45a22f48	5ef72af2d57387f6824c8f2e5c031fde9bd95e0c76ee91bcb4a16cfb6d304818	887821bcc505b7aba7cfad991d50c48ee2f59eed71db6d472536d8538f667c33	e05bbbed09df34591b8fe7d88f02e73b1d1c14bb658f27e279350bc675efbf4f	d1ee4cab4c56a0cc7553b66a48a79bf42ec21580abda555fbb9d26125930b92e
1585	31ecb79e517f7602da1d5e6e1e38c5fa1d2578db91a1b37b935ec0ae0c95ba0f	d51e7c90d3741824643b046fce83964bb8a76376f475e92ce507f390bf828644	2f8966aadc045c70c60fbca79f96c545ecb32e416d88fa4497128b7c62bc23f2	68676a37005439f227602d1bfac7e2aab0d2344a4ae9cf40c42f0b7ccd953485	37ad0a0b1c6e9a3cfe9d1b0e8a1e7e5273c804bea26921db7e7b911235bbd081	236c5379021de8ec741467799109a5cbfe6aeb074594c8cd22dbdfcba4abb228
1586	345d11feb2148627ba47f655d1e006fc36571ca0c4df24f0715d82651c86edfa	520194d19b55441da908935c22276a4897ff7d3e45991afa78e1251ebd5bfb03	247ce71b26ee1ab256bcd8c62cef2e203b6afe9b85df2dac442d87fd1b737ebd	5cff067be2fcaaa438fd1edb47145ec0a9d621042c23659aa9a17956a27e8f81	182e5757ee30273ad29e3402c4728291a8f2e9b17031718b502c3bc238425208	9f964da8ee16dfb43590f7761f9414b11aaad38eff82351145cccbc3d79194b9
1587	b760bae206517ba5a22ebb87642f5e602999edbc0386900a3a96b013c7b16b5f	7ee28e5b246b14f230552fc985b8d665c2d85cfd31e1d74217e3b4fb818b7fe4	e60c1491bab7880b60d64041da4d67b957986783fe17f852c7e550ea3b0204fa	e921110186ecbe3eb53a75428d7e8c096e8c177971c2a276f30071e37bff4894	66362181aa99cb20838a9b9ed444351a3beb2fa7eba07a7c5f20e231f50c5685	a31ee838ab8f88116965b133efa827282d22944c2dd3993853a8a38c76e72e6c
1588	5538702a567ae94bd70f648fcf2554fa4197e218a51f176585d935476a2df5aa	f4819d3fccc224f100bb1362ca67e13e4deae9801576a82397ae75bbc49d1f73	d050945ede37b4b5cb9f6b0d555ea15b8fd510a0cfd3667a38a25dc70cb94642	ef6877b1581aed39b5bc0dd1efd90d37ae8f73c512a3743b3d65a03884b15d26	ad1919bd3f1c74c1970ba3b7a5d0f6fb7da7774531a7a20fbe441b911ea1074e	03a6dfe03693a64f1fd34d7bd68d2f64d34e8a1b8bbb6883c744789bd29601f2
1589	dd2f330d087a44113c62b6f5a0fd648ed6c4cec3ef8485c571ee34e364a40603	af984e4b880caa4c8f650353c53bbf686f5a24c206f9d17240be2b85ce692e7f	ef14294a4d85a549781ba600a251852c8f2ee6e4d56acb4346568444860ba146	e719e61d577e605469974d4a534fd3308ee97efd41667dcfaa1fc8d8d1b9acce	69e0ea2541d46249fc9327a86c89c3c24cf368bb51edaa28eac579c9e9f57b8e	7ea8e2e418ff94d3e3af60dd69b99c7f93b777ce9a570ef532f8e3743256d1e0
1590	c0cd68c0e61b9fb97648587c5f9e4114e7448e087a3468dfd0b6993a389ec41e	54eef654491d08eb68de749526411bffbc20ac9ce9dc5c611c0442317b7baad2	ddd4a86da08ddc8554391048226fb4f6f43e4e93fefa8b0dfd0cbda3dadf7a61	00798814b58e182f6ebc5a4c3b81480d4a9f3dbc1fa46b36a1ffa0e6ee74086e	0e13df1b4ea8d13332b7be9031cf8a0d916d2acf99a0588ffa9beb6a2210d65a	8786f1b8b98c7a5ad22a567c29f830a8037c568b76b395b0a5259146a18ba381
1591	969d03f6e73aa3e1f78daa4348bcc212b99755354d003064af82b7fc9a928cb1	518379b835ac525147135c78d1f37d43486a1b859563ac65e2154aff79215ea0	21d0d263e049efae31133594b9da18ba6e8681e9b135664c8e2396eae8f5e8e8	82f3c4b20ac00202295b8608503c12b263800c29059e344a5398a34507b6aa4e	6a66483f33d4c9976ba7b7ecb6d31b678833d93641f50a0072699f1bdc6bcae2	d8fd040dc4d0445781eb4c5c3fc01fb0aace8f95c33784b2299ed1125e5a01f0
1592	595e511d55317a6ec13ce007622fab7c6dd11b0ce94d29fe7ef83d0519f90c6d	b5e804097ec7306ff3006ad33d7ef27b0b6197b3262c049e2f90862b2cff55fc	0c169b1da020ea8224571524080c6cd69194a4dfcd4da2931d6532b3b83522e0	606479e05a09aee3e20ebd454e2c1f9508961b5d4c43439cfd96a275c849bed3	9a82496e27e3032d9bb38ca25dfc70ab15fbd8a277350b387e2d156440ba5389	5e42a51dd0bd8ef5dd46689f8fe5f8aa2c3a6dad0d1e8290efa87796ed486232
1593	9293456a9df638307a1a7552d6c38b3299679d01debff9f8a0efff9c8742fe9a	b163ad248083ec60137086ebb6be819bccdd1a787766dd70f7a3a1aa94bd8866	93753ef488fc349b149c7f70ea38eb0ef906f7fe87d1acf241d203941f5cf5f7	e612ecf0908c89c3702f3f78a2b717ba73f3e39af95807d2850be88a1f6ae353	ca81444f7190387c6b90f20101b9a89231854c57bf6ce041811e0d94b7e71d47	8a74b42a0d0b000a004768fa05ed0eac0f6f89f0a16f7563881665da8d5c7d3e
1594	ace6c98ddfa891bc919861654d51a9a17165083198c2a78f5c9909e55a3892fd	b971cf272891f53bbc5e82d196741f94a6859a95e3405f17954be94f71636932	5502272488078cb238369534f4bbf8b5abb22074a4f2b7aab613470d5af9ec1c	86f43620486ee8ba1fdfa4f04ae9d5c39790e9ea281893490b6c26a0fa2f6240	66e829167ed5147f868466017d9d454837321e12e7a6bab3301c416d50771651	f1162122c1a60d9e140c5bd632285854ee0a596f508d54f34a496eb09d61aae9
1595	15808dbed866991dcff62580dd9580eae4e64f1d1fa6f0e859fbe39f25d68234	c3877b99d17313c0093d45e79190cc4af5dc99a0600d921e8582781307d29f62	8f7572b8fc44334c1fd5adf94c1d2e0c24dd0762a55c953e1981e4e6213a5361	ced3c6b6db2c2422e6423c0b8eedba718214eac8ee09427471f8e78e71a27612	b7e15e85d75ee0b85262af818a0da925df0ee64207a504fa28fc84c36a21c3f5	da746ae528818395a3ce1430fce6c9c853a8507db92d95791d3df0d9fbf8ac6d
1596	a7af57f4d79fb4ce1b410b35f5676c488047ab4e758ab51cecd161f81f909271	115dbb757eebb97599a9c2589cbc99e8b40c1128aa6bd9585ffe8f2e3300df3f	2f3a0a0b47aad1a2f5c3392932959d27f66ee48c47ec95168a699db232e32c2f	1b644d8340fe974e2281d1499a02de3b30677a88e7adadfbc1ee60c7eb1d6ed3	f962b44e331eda72276e33e2eed64dd7a31411c4c4367a8eb94102bbf173a400	10fd638419b0d3a6fbf14e4b4c8dfb3456a1a6bed9ba2d5b0982606046671b29
1597	3f8c1678eda16d515a194e6152a3171082e2e19489182d6d38ce888ef758404e	5b96b39e5ab09d3c51ebdf6fb20dcfb57cdb47ccd70d079fa1ebcb8494c7c765	9697a62ff09a1f4a459308569a5120552ecac0a3fedafe7802a32e6025027615	eed81855926745a12df78166c0ecb14d774e6f185d3c818dc1027923dcc9cdbf	9ed399f7df17ffbffb23657b9c4ab8aa82d91845ac5f5c4185b550d567c56a1b	c5df7ea7c114f4a9dbbe443bca9a066d96ed51e1c5091fde69cbf4f4b016e562
1598	8b0d3b920b29d858bbbcb79f0ea778ad0e0a5deffc15559cfa8bd6326ce277dc	b70b07f5c7a22986a4a44caa01a20fa40c528f4b378517037e1cc2a8089e6b63	bdf3ea8e9b24d049b3107f4c69ddb81424d23412716882b21e53fc82cb9cee25	035bef0ebd5da2d2e91bdf11d356180ba7871305642521c950e469a271dceff4	9e005b8cbf2d74d1136d2376bcea5e2b51cf3f9e8faf708331d23048358ea494	569eb9324942f5ed6eaf8662b4f4222bc429080dbdb48048a87c05b421673ec4
1599	65d25b518f8f1a4e5617d90dabd8ad305dddd2dd5c8ef70a376e24756be1ca98	726b00f1d71414bd1f08a8cad2a6f71fb565d65865bcadd603fd2786e673eb4e	42b718805d1e7a79911d02393d211895050c6aeb1dc106a38df48a3e6c9a5b05	bfd551b2fefb5afa3802efa9b17d5e26b88282b97844107dd6d7851eacc9b7f5	8fca69c7faa808e25fe52120a249cb459e32c8fc074b04a8381b2f2e3eed0e90	6310e80364492241a06e46aa6945a2c7ff7360537c54146a1e92466a5ffa0044
1600	d1e273f82d9ccf60034d5064124e92b79ba80df1c9b908bfe3b2e493dc6bd301	568bd5abdaa455fce8e3d1d450f67f84dadc96e5479a76e39d933737ec5dc3a0	ce10c9d002c14227aa1b8d2c9cd79067e8f7edcd1c41ebab50699e499769a497	fb9ff334abdb8f185e82d11864f13b00315d9e0da12a6565769dde767fd1e84a	ea33564701df27319d9b2d43076e681cf58f04ac0b210f4db9ba271110c80de4	9b526c800122edd98c40b9c06ba7b89e85eb1347814d6056384c35890f4ea4b4
1601	d10b2626359d04eb0164dd54588839ca383a3ece646587bbf75f050782ed7910	9338a5824d809b68430184cac072de683eb37f0e2a78b0b4b75090cc5538c930	4eb4750b205ebe6d4087ab33e9026271de705698ae4306d3ba84bb046b491324	68c94815432fbcf69ae9cbf154ea5f2ec4c99d8cc8d899ccadc2e9060ed41c7e	3e330f135506230803b559437b9b37a587033ce40c1dccd8e9fdf691673c7ddb	e335bb831669fce79df8563bc8cad4bc752c056934075f90470d9011061d363e
1602	8c8714e827d130222d0cfbf2cec113e70ec4001f9b35ca100cf87d4e4cd645a7	d59e6bf5bdbf2fda4749e622d882fde064e0fb8d8fa5fbbea058605a3bbf3475	9bb5d7d6c183616e1a88ce6e0aa9d8568612c98e964ed32c4c0449228905b9a1	81c309cdfd9bbb3cf5843e78f36416b060553bada8c58bce905c5c7bf98a8e89	46d1ffab6b901a9dd5cf49141fe5cd425d0d8fa0260d984a6d6bdccca17ba70b	fb698b7633afcbfecee6a8f6973c626dea42a547843ed792654283abb5ba2310
1603	6599d8223a6a479b14f3c1c981c443b413dadc441aef5a32765f10ea80d3cb87	162d726acdefd686a8f68c696d6a57a9c1c4b49b4a621a5347f34d070badd655	e2499ad0821879429ac67c7509260772a69ec7a31cbcc6721677ca5326d5aa3f	c17cc377a1d9162c0adfc4b08444a1f71e89e4b453b8b45b83844765e83fe51c	97d34afef0b587ae5fb5e611e5591c30aefe5b964e0f1859212205c5cff58c3d	530b7c46cdf1c5542f1bf7e35a7591c824c84b21d6ac4efc6747c237e5ee7143
1604	ffb60fbc68fba0368c89b3629ab6be08c0f10465c555dc372e57f58c23d250e9	7863d3d99f740e512e674074436e32ec045cd1cf243171da2694d14fbbd069cb	b427eaa2e394aece98fc51db625020d262b60089a6698a06d1ff060a6e66ba82	9b7042f720d6c1a4385ae751ca1f1a5dac470bcb434984aff075fcad9ef37dcb	23b1ca4e37a99438a082433d4a24120ffdfefbd9eea6148ebfccccc50256b773	7921b504e67669211b95bdff845617e09a708be28c61f8645910f90157796cb7
1605	731cfbe8fbae461987edc8ef4a1210bf8db4e41b750162d0818221c8306f1fb3	e4a872d462b086e71659c3616cb6ecb5321ccde69f3414f56adc23b92b3607d7	67c875bc328dc0de83428e59d2a2d0fb690ef45f7a83e1081af6c2c29beb5224	3e33a9b8921d63bd6494346deef1046092bcccd52188885ab9edf2b7a311212c	da07ecf4423b41addae7b44d31c4b1ff3f5e06f585163c99828dc15e80e36da1	d9725b656746b76bd9879aa679d0619ef55ba6758c03d04ce637a349316080c5
1606	8bed5a1a39dc439e14cd969f0e4b967b8f90b102ed02ced30d2426fb71a83460	c535deb670edb05d8acfaf2c220e6ebbc0a30968dc3c072dd90632eb3e6a4fee	20778f59645da963939a5c70067d5890969c7ff099741ece55e1e48f25c93116	96a9e1c9a89477f8b74ab564b74603c09993ed63d7ce0585e106546e6f0aac39	a6d0dc2f7d212a90d9ebdd4605ebfc15d2189971de0b9febcb5e51121e08e1d7	45555233ab65163205836630f143dd46cff83fbbe82a40ff80e2af641397a855
1607	eeacc1c7dd04d767b3547194293a33640a304cfec20f09720255a725c664abb2	9318bc8969c2994fb3b6087a942ea84b09abeaf570c7621aa37a4510b61d6b30	f389dc08d9733feed1ebd9e754a94ef9679c4cc785b140e8ddaac82ffb69827e	69f38d33ed8572e7e18592c6d76c23528cfa6664f702ae06e785d4be813516ec	8b26c7cacc12a3f8a680113e853da91b8170494184a6748b3f9c6d05bf2ec44c	fd841e7ac7686a9b6c1155580a872a691221688032ad382a2ccf06e6ed124500
1608	f0a2e99fb19f8a7b9c3875416ba489da55512df927826365eb5de90ebfcf9402	7dbc1153d9a1dfc5ccedba193c5ab62a73f62adc37ff7a2461d302dab6ec1fd5	66ef96d59ae22bd9a642e054302e1d684fc5e20b1a309a7a9e1c7c3c97b267e7	45d958de6e72b775110023aede50dfc46129582e9cfaa148e33bb63ff54f3a7e	362517a44dd2f2d12c3ccdfc1a8499ef817667208c20002d5cd5c5929e511082	1895a412aed5fe2fecd62fa0351b677dbd95ab9cc1ccbaf5eb7ca1bfe3476c9f
1609	3c6d58fe64559b81224156b736918616cce5ba4f35404ea5cbe07f81efd1c784	b83ffb6480f9759a83f32fd3a8f03d3243336daddcd64faf8e46ba1fad6f12c6	db1987669dbb662ae9c413ada42b523ae956a8e2513a5888b3722d113b293287	a2ce5e2388753a67b58fd3010d2ee81c2b87e3b9fe822241545ba42dd396b763	52b261d8644d6678c15e3062b9e5352a91309efad6a483cd0aac42897b092d24	3ee29de5b54312fb43c516d8d0ca01a1ac64469b26f2d2337c10ea3983aaec39
1610	8e740c230774802d77e864657e732134d99a245c67e8a4b809a484c76f243908	fad2e7da8a1cc8e2f7ed48a3c0b5980c8939217c5046f0db79bc4656c46c339b	0fccd8a55b8231c3ddbfb03f1f7764e290516d068e4fd9f79d6d0c16a07b9ef2	33b40c0ce604e22dfd5cd03bade7f874f79077549921a6a51c1487b030df6962	f23cb094b2e213d92bdbcfad9779b421de587636cf6f481d581e5edc11d00660	4b89b7a7acbfef5535d3ee612a87268ba0a502465b6f1579a659ed084a0e4515
1611	6d61db7f570d2b3ce1936da65274f00597fe03fc471283aab608f95c17bf42ea	6fac4104f8ef722a68c3b8dd527cc92ab92305881619b0c39854d44d349cd205	bce1c24557f6863e8e3cca6174fccdfac5aa845db0d9fe2d7e7f3738173c1f52	23dd550b4e20d13823a51c873fad1262c99d8f3f13e43206d217e3576aa62150	9d8a74e7107162a5dd1894345abd0309bf5d844ba906c63ee39958fb8da2d1d2	efdfc2d264f68ffcaab3a925181fddfc3f1e7550d37ef4d5deeec25939d6bf25
1612	80065f80aadbc8a57e161421c46435663d8cac8dfeb994643540434ec3124f00	f397f3221e1c060a48049405b17b6db9200f16c234955a3c6a9a83db05f553c6	7673b5bac441a325fef620466aac3801bcce9b8f11e27f3a54c35181db79f032	2cf01aaab3e274eab876d0eff01f34f295a8c8bd1588161a7e9f5784ea44fa25	baca6076e3bc06a9955d9f3376005fa04e78b3dc3cf7df6972e46bb4f0ea24c2	7732885ebf8c46697257121c77836587dfd059892c7d54a4260d6a5e86364da6
1613	d9b48b1fc4f7af408433f3ed0675fb08e0134883661e63fc73c8bbd1877729af	416a29e615b54cf14919e236ec1bc35d9873f753a18d028d1793e7680aa36efc	f35701b6df5a6b736f8b83cd030b1ac0f2d3fcde1d0fc3e3001bd2d797d141ab	498557819ad0679adf9b01e0487f71f25c64cf2671038c4175e6657589a41994	fb23ec8986617e1c37aad3de065bfc91acf81d699f082025207387cc6934638b	f76ef5d7c9c60e320db5a56ca4aa71686bcc169a4eb3d79c8838098b42e64e39
1614	e75d256dc6588a5d46e4131f21ca42f1b54f2f3837af289f7960813b927e3383	ef385e99b135d59fc1aa2f6c45dff5915b006a68c15fa75c5612ba454aeee2d0	785b4c54d1396e704ae73e1c1d5dd1be6401eb560a955b507f46948f19967dca	720f41f9bb35c1f42f838b00f7a6dd2574a49f743ef4f29fe77e8367b1f7937b	4293592ff7bf7c3a27425d26ad0bffb716c586249df77d96eaa42c36e83177a3	077226e4a49a707bf541c83a9138560a827c49e9d8d3a0c77af3cf40eae2cd4b
1615	a3da0b24d19aedf6877395494b9ad4701afdf7484f7d1eccf1647f15080b228d	d0833b30e41cd8d61fb6c6a38c26206a67f2036f95b0719c9e49c1593a11fcf3	7a0e737b935b0b3883532dfcadab946aab003285fa43b3cef415bfede8eff69f	4dcc3174737703075586171b70fd109c1113722aaac67fdcc07cc770b4a9f885	06fbac80c539bcce8a9facfd147f6ff3aed22e4b293eebfc63322fd538e43ae7	d22b8f9f038170f81ef0aad97d7f8120e9b43630d29916992edb74bdb469ee72
1616	916eb3d8867770360c3c5715a448b3ab1fadd400b79323ed92419d7d463803bb	6acb680e955deb37f991b87db5e674a92f78c5e03f8df967421c192e6ce8a389	d5ac8b9b8569b0b0a7c9520c4635826b5fab3e9b58b6d84fe7962f550d8335bc	b5c84a74d0f65c3047a7cd7bcf73648df49bc7345caa2db7bb98dfa33dd9526e	f1de46a9ed11fe5da3f3bc45cce5de5a8edef6f9c8c3aba40aedcae62c9125c0	542b06cf90b522695862cbe472e079560af19de9a8b2ee33e7b610916ecf4740
1617	36f1b2a85e12785d0bf5af20d3722cccbf243636389583c1db25639c39d51c55	eb963441aec9db33967e1c1a898fb3e3c206635a2e694be96d5ed5452c004803	a76617e40badf317d291664d5735327e1a5b5557756d8dce228cde687ede8015	502839ed6c19a21337fd1c04a700290ef56b22d0e2a10b6f1890defbadb026a9	ccd8bc6fb6a755c289e58872e7592757ad47226abca5d96d44fde4b5e85aa2b0	223c0a07596ae1def1ceeea0c11dffea86ed06c4e8921de9c75338a934d8dbe7
1618	0633a1da1fd2ac59f0d9a0a98619ac9a16595b1125d5ff47c0750c3381d37136	0f8d71dab13ab181740e164f703a2dda13ec34c59c2f09321ad0bfb269ea69cf	c5fbdd9e3bce06399fa5a2d7bed92cc3567052f83413f083eb3ee6b74c369458	f8a108f6cdc7a887332dbe2b6dd5f7ff85bf79fae38bf76e34a8b97a2af0eecb	b4c03e36b9d67e442ba5c31dd8f8a0f1472baaa2ae44fdcc54f52554a0aab23f	6fe297a94225c3a3ed5973ed32a100b7f08a6ced8bf29a989433ad586c4ddc30
1619	a34f63a3fd45b10a9da83396c96f5443543b438a2e96c39796956021b1552175	4851361fa4eebaf5bb27769fef12cf26bac98a18147abb5bf74862b4538d904e	4baab96215e9df3a995faf1e213721e64430f5c48e929a37f3fe6dc588bad778	082bcc2aa32d4fa979c517550cf6c733aa7e7f21bf7f257f0d568591a7f074f1	04282fb2a94c44d1c389ac114497a0ebc2bbc1ac400216ed823d609f6e7936ea	aed0d16e5e69eadef54d1f036e0d676318a163971a4540995d2819f5ebddd073
1620	ce4b997b912933e925b1e826d6f44b3ca94a9e714cb1bda07f08a5dafc94cad0	9d49b46f54ba4b74ac3da0220f352824c7ea8953e45e7c58facd8702a9d3f21e	e9ecad9d7bebb93e87e7062fc2b0a9a8429a85d2f04d0684c3741cbbb61a3f9e	dc1ec56fb6e20383692eb6090571736d310f372038d4f862d95206327e9f4893	96d828d23d0560c2fd5754f58f1af8a316ebf64fbf392e72911f07ac6fe12520	01c48eb37b6ab5583287963dea388f810db79cb7898a71dfebd7b2b703c65b69
1621	362b639e31650caa486e0f3bed93ee2cef44afaae093d1a5fb08e94b307046b1	63df639000e1721e04676f53d62b2ea19fa14396cee43c46238709eb2ead5914	e4c37b48975c8f83c85867c154b4e56ffee0a1f6aaff0e2b1434b0c6fd934a32	abb39606431c9f323714e3deed6c284d61c5451689d5e0cb5b58d285092cb380	94ab701ed59f799531be11a6269ee052121c651b7dfdda09120578111241cfd3	a6618ae251c6c055894c7dfa109f7874a2a7a80026659ab22057058cf74a7bd8
1622	e074d8749d6ad44f4ad1b383f8738e00b363727c7d9989880f09f66185d10567	fbff4a4d80c7be6189055c61d0853615a6f5b6c65cbffc2d209091120c0ccac4	c517b08542fe84a0ec91e6c1816210aab0b585f109e4d3406b330438fa71520d	989b538c8ce44776bc797a318e8d99f2fcd4b52278e44ecb3fb803d6f9c963b9	66b2b2bd5106d883759596f8359b598f2dc2545301c2b769d1b40a3092f50d3d	b1e9114831f427b1b3e3b198c6ae9fc7ae1ab0d4a44652581ee494eb31028148
1623	82f6e7b83f208653922cbd3bb3d11bcd93612b41fc855e82291bddfbd78125da	14f337a249c63b6523257de0d36e93df82d9628ffe7e1282347b02c5735e7b42	34ad4d4d4fd7e5b2ca6201d5995f9a691001f4ec7a3329012f44fb54de631920	606c60090ce448f16779ebe518ced4a351d974ef6788f281b0f58d2606f54a45	5afc4e8156c338d468593bb8aca85eb2f6ba47ed1a86d224f7266537ec345ab5	1255d5508be7187099b5d770ba6c15be794bca8c18a66783a8d29dfce391b9c0
1624	9536cf91ef9968277d8a0cd84965e85cef2a5e98916ebb9a84a5d420b041f836	3f970da54371e5316667ea34c985477291b6c90064118158a44847c152815eab	3465ac8599b05a4a172c6da8626de6b5361d6ea9c562544d5ca681cd84a545c6	e38cdc5c5eaab096a2cd5b995828289ccd20618483e35c9aba7286160f7e0860	5b2c7c8091f1c5a703d5d7cb804317f1b3124d89ac0eaffc76401d5e822228a5	3e74f0f72f8b77d950a595f9697e1ff8a4429478eec6ab97949cde0eda1c0185
1625	240723bfd53b8c02ecec80e4e08549f6e23df47011e4061371fcc772142ea9c0	561064875765790ec747b03562828aed58be700d848e32905a36a5c06e47bebf	2a31647c4f68e50479b6d13279d08062bfc938b1ec1862dd6805187a9e0ed65a	8dcb46e6ac71a32d6d6e6af4bdc80c275667af8cf829b3d1764cd7b68c6ed743	af2ac542d6e848c71d7c5f6abf3020f03bc326171e00e3351cc19097bf0644d2	9d16eeef9c4d966bfd04d62c51e67335fd66dcf21063c3c791285f00e900a370
1626	8b69bd2d5b169afe3181544a149227209cd262e72dc7f060fd1effa3b3b29eff	1674849380c763ba5719eb93afba10bf8cf137c19c9d69574566826c0fe97fb2	51ab9873ca9ec69db549ab171fd2eb0e64901081dd12b419d719be434dd69dce	0d9e48a3c9d56b56acc3d616f0489e3f5e7a28bb97a30a304d4560e8ca05027d	9e507aecea571eee8ab38c0a1aa828a4a0f02673b6cec472e4d8011f99d4104f	d6e54fa39d8be37686e63576f61b72189b15f909389539cce00cbb4585f0d78a
1627	1b923c6db566fec3ebc4aa8bb1d0a3e25cb5ca577a8702fc58ae34028dde62aa	4a1a3db5c1d2d2b12d892f49e7d5c21d585646a968ecea9fe29e5e08a7eda98d	a17ac158acf1ff8c65b974e1e2787d0420cdd3d5ea2cb3b5db6390863ad4f3d9	610d662b7b5a10dac0527b0c4b09f68f98759010ecf23c1190c652c662c51cc6	2b0d817af1339aef97fd47c2a84b7d7d968745356190cec5279aa78b26064e5a	7ade57e76cc0c43117db2ae16e98239c2e53bf772cd87522e39902ede4b1c5f5
1628	561e4d1b70697fa84bd56731152ff74f4e9400eb592aa7629f4ee9200efd88e1	66990effc131a9ffd90ef28819df231be9d2371a1ddd3ce4b70fe1819ab0bb37	5e912b071e9392b9f496fd15b5561aa5465422eacd29b02b1698574b7f29fab0	9396963317427d974c4a5c0beedf267bb67d4d5cf293593a4f57baa740cead96	6fc06b9a05805f10cd81f1d1d864f917d5bba9963c360fe1e646cd54786b9e3a	97ccb5a1af368e3e65d0bf28e1dc291d0be1c9879117f39b5c6fce41261c2513
1629	ae77461134f8ebacc01ac4f57a5532b35686c7d25f1273ab38a799701a705e5f	e5cb6121fdc233953b8977efd7406bd9a40413771070dcd30dfa4c58b46a1c21	4f878a7176a42de00ee8e9cd1f58321062fb4ebf2b8e609292f737eb3f755ca9	f7136cee7ae523923d96138912b329fa88cba1b4b8c24f578f2cc0baaa238197	e56de2dced33fcbf74dfa41e91599dd5be7586bfb7cdacb4eabc84edba107954	2e0fcb82fa344df8895330e49d6a67ec909ec9b35eb040dd8e1d14e6c94b0bfa
1630	d6d97d774fcaddc55de25eb50bca8cc1cb58f3fde7d6807ce0c32e9063005da8	bfc2dc1248ce83bbb937477c6eb93e01302cb73bb7ca1fe8ec7234b82f2b7968	c8e03fde2923442bdc81bb0c92bd741a861d82999ff9b5d81abd8cd6a097e8e0	705f9ebe3cab1330d740622096172bcd96ccade2326646fa7b58a718f6a3cac8	9fc3a969a0700a4adce24ea15ec8add2ccabd2b0e58322345f20eaf48638e135	7b32e6ff322db5c61637c77cdd33f6220d5c271a194a3ad2a388a0b9b9509f39
1631	be297d12b679aa04f5ead7db0679a0cb84e6b3a0c0b19dd50202e26a80466821	7502e792010d35eec9c181935eaf4941c7aa53dd50e8244373740be48b64abcc	9d9610e42b23131e458536f29a6162ba065423cbcd39ad8c729fdaafb17a8011	d396a67b0ddda28cff591edbdcde774674980315b6b1f92d39cf8a992b45de49	041951d39be78c9bdcc3a4beef145bd40bb35118e2271ccb1d9425cce0d42f69	00fc4a5565aa2a2e6092d8f80b8270bdd6c406fa09ebf7aca1407f5e28e35f91
1632	5fed4a765b4732301a8c66bf3e280ee8435988a9a14de3d405942589f843db40	9b2c05632549860da4d1c69075608d605d06088be8babdfb3f8715c4f1bf01ee	46b5e34df683939e78b262bbff00f5559af32337b2f2a9321bc63a2cb11d5af8	b07f9e400a80c0509e75243db15e4fbd1027e1386736535cf9136619a1f619b5	e0fcd4239768206a80e987001754351fcb016b6f62788540fd2ba51f69a684d1	a90c9eb9991f33e7fdce2b7440161afdb5f139554d14dbea0d7bf12fdfecc911
1633	bc8b9fb42973681aa3f5bbaeb025a9b3e9233dbdb00bf99bba781330d968a4db	f156a512313e7f6873eef0897c2a18e3080f745119cba8492eaeced0ba482d9a	366b10f45c2fe6f0dd2a17ccb4a779abc30c6411158e8c9ac8e0adca4cc698f8	309cf072d29907c646c4ee432872ea03ac7c740a5eb9019af08469cdb794db84	459164049cfaca9207380c321b09f00a205034a712b16e6d172dcfa4675d43ee	dad19c9d84bb45c8156631b66dbf571e47ee674d9ba4a5f6e54a77c0c4827b10
1634	a20df9b3950d81da2b593800caf1a2f42276aa38a139e4892e135e5a7a7b7a4c	6dafc3b0c57dc5b8f2c6f426e49e318c6c27035cc81c5f6a6b2289df2523153a	7ad698ec88e82e79cb3009e484409f2ef1f8bf614d3f992efef701aa3eec1e9a	14df94903d450354ec74f5e409687276379f27e469528f7bb92669645fc43476	6db48cb3733fd048f73b4116a3e81a4653d0616c18afdce69407905637937f6f	87479a9fc362afaa73943b596753c4badba7f747ea85d49ab37ac6a70d6d910b
1635	a8da691eac5a32dad30ff23b488e2cd2f9832127e17c323ec7cb38ec0345c440	e9171410409388340329d48f82d24be90ea3af4f0f15122759bbc6a548033b46	ea1d74c1bae30296be9c8af6237121ff106f39da328c45de84b0c5d7aa180075	21a29557e0a62b867e77ff7542a30853b6f7b29312d96b7a895f9a1b330f8bf6	f91e23a3ab150f6777aeb8e95e728a7c11a13ece252fdf7d0383b588b08950dc	a8daf4454d0f3ac572e7acc3128533f6daf8810d0c32825f143bec0fdf6eafae
1636	a9b5e838795d0b91b5a80d8381fd2928d82c34179ad4395a9d2a4f170541d4b0	cd1763d6362f47a931d763c1870e69fdbfbc74193714c0236910d9230d0d0156	a85fb5dc7dc698c33a4fb7d1c1064c47483a52a03632251fbc501b30437a58db	b7c93c0369c57c6fb7e7257b885145ce78c1ce729f6b83094cde8661fef580f7	ac555976093ef58b1db94e9ff22cbad415171f088f9a0adc41ff1a6480e97dad	fe9dff73c37ab68c953e502f31bd4e9432188739ffc6efaa70b2d67326d476a3
1637	444c706f2384a06d143070af7f6781e264e9a19ff7496e62fdd5b6915c021be0	f5dcf3430aad0db1a0deb3198a77cb3823118af34a9ded753cf76f96c472b1d1	4c375129bc3d430bdeb67bf41bbeef909e19f84beeaa502b4260626ad9eec508	9f7a34c524bd3547663f0dae6f728c4af1aa8e53aefe34082f81fb0bb63aefab	bd97fda3b473558ce4c0508f27ed17a4537449c872dff2f39b396e995c930931	7ea14fa297527d2db478943cc5416c366608d7308eb49dd1335b2e3ae65ae90d
1638	cd01e5039dd84883e357ced478496e199c109923dc096c82474ec792281edb80	059ed5926c2a2d16cddd3cab908422790dc8e72317f0880d4c38a6a7743b61db	a0e279f9f0a75947ea8c23f809731bdb76ceedb05818b16f7dcc6f06aabe5d8c	772f88aa6ba71bd104b6b5d1eb9078c578651cc09187c1f0a2d5b847cc1eeeea	3b3f7cabbca0d5ad8f6983c10af1643d6e73b3c67b68543fd1356185eb022e96	3391a22719a1ad65e8367925a242e64cb071c1451e728a32d438ea61ccf87a73
1639	6fa312fc5861fb402d6244524f5a679ccd94c3f4a21f5d0486b82e5a2c5f41b1	8e062233a5d3d448c2adba8649230edd5dd58eba8394434d9af7230a8366f684	66dff8d75030a2b6338992bb9a406b2e35ab9256359edcef1dd21eac2cb34d7f	06038b7ce08bd619e1a517b17a9f84bcc29d12016dffc91f11644057c3510e53	1d30c64c844eb33d86178bd4cc32a87100f84fba2f3ec4f0d6d6b8d136745522	5c343204ddad9bba544e7a76ce1c14a4b634e49a0f5db6e8f4272a32a2074341
1640	c5002ab92430ccaea680eb95f4aac7f8513cd97068e07d54883d40bc72fac174	7274ff792808e07644bce2f77512a1f71e5ae37901a947bc5a6ae70089c81880	db74712a48b83f0ad6d4a17263ad2b130afe821b4e6a4da534c0305350bd38cc	f8c05604a20fd03bb5ee2eb9e3d3604a6146abd53fe2442ed4f9b7f2488f2135	e7240be9bed439f6da9e4a6feb2a80442de6a9bd37a7c975451dd1a8f3272dbd	419ad635c8ce00bc556a24b404a11bd19992d595b59f255c4b27422953795183
1641	d674d7227fccee92ee1aa72bcd9102b472f52d4b3ad0690812d37f0aca3a38f8	b92134fa43d7e3f2a22cb1d989d7cce34c2ea71b7c375728140eae9e579f5309	b4b8be5a766abf4fb76ca4e7b5d9d859eea3510b417806db52a739f6bf77bcd9	cd6c0d198c8337d4dc5bf0eafd5c95c5d57d586c18ed29d4f9f3082406c52117	d9ca70343372149d1ea4fc5ee7ebe345f582ecf988f98dd103d3a10145a2c343	b58b477324472ad2d529a0b424121b949eae38ff5739e8e59399163943014721
1642	c93a6cde86d317c04aea2f035e9debee5824a47c0bb0d4ef9b34121d79f61613	fb548c95178d2e3f9a8f4e56a15c0916fd5fdfd649ec291aaf76056310df86f6	3386a03cc0f904959d044e20f4518d55872a9036ff44aca6775db64bf94ac53d	2daddfad0655ecd2bf098b6a36875a072e45427ff02843d85cb54ec2ad8078a0	b7e240e65c432fa040c28fa19e8b09d244b59c1a304c5a4dc0f7b7c915ff51d6	adb68e14974437c7e9cfaba0cd40e06ebaf182542c84ac1fdb8f10cc146d4b5b
1643	90facce33594d14571c23d4dbf3a3f563ad3766224045f814625689d6d9781ea	1571c8aaccd0e241636d33bfb95027d1bb44f7db4757ae4d4202a27ff7b210a6	ef0c2f1b973c9d6a2e17cf772765982fde63513e4ecf45629fca715c6eeacf39	b4ea74e2f6b2c44d8ebe7e4b48563577051af053ee83184f94af879e9c22f6d2	5e31b79b946e84191e44f9e344146a14063fd7375944d98ac3b770ef1c5966ce	2d8b778525402464cbff87b1a3f11b0f094abe5f99581fe2e27ffcce092073e2
1644	0a5b2c0767b4d03a1f396129e2b6c5bd8be5fa55da32801eac36c0a8d589ec53	fa1431b68a1c119168580294e27cd2fab160cb3db62581fba439546887fa9728	0d2ca5201e55bb586fec29eaf1cb0d823d2dc9ee7b2c3d23776ebea441559b7f	596495ffd0a3ba05f32d7ff696378f453805ba4b6f32e4dc69ac7f070751bd12	7dd302d9e49f1b7a9ad5a292f4b09112e6a644c8f61dd88b94a591d1504f1035	a0217ace06f17842caa5e9f6578580c13e42e418815e9b96418ad8be11a78b7f
1645	9f2c19734be6a6b44e14b2bad76812a5601fd4c0cfe993a58624b78429d932f8	c740f358ac8e748d1893b88578392aec2cc185196218ed8429a033bbc5d164aa	e2b14a11c16cedc71cde7705e6c3cd015dac53df253b815886e744e65abe9d70	fac70d322a27bdede7f60f8927ef7143ad880cff1e68f0bc3ad00bf1f275ca4c	ecacbee3f957209b875e107f051985d6df5591504ac32f90811db272daf3744e	f99b14dc6117a7c4022c78134eeebf1d5d9d2c57f7d3ff9a1524811c0ae4095f
1646	8800aa25b20522282ddb4c49408bea21626ca73f8980c069f9a117562c807baa	4f8117bbd0e1efdbc46d1c190e252891f7745811cb8ef8619e5f5a6087b209fc	2258234d0797318f6477eb241578dbfccfdb93c7fcd03c5a337ec2ccc57b66df	81841174171b47d916037da1c69a2ba3ecb1120714297a9ca414a2e1d81ee6c4	d80beba68fd6b21a0e7a86a21d883097f651c68a0cd7d8fec1854410d5e8686f	3265122e2fd74fecec4bc09552a2dd1b641529fcacd1efe37a094630fb1ed223
1647	47de3c618022f78671254f7d40c96476b9b503885436e272fd0f60dc5c46dcff	a4ef458106474e401770e7d5628d48ee7cd860e3a4f57ae54df5ef0c2f1190a4	6319e14466a503d4038f741cf7f9c40cfae7833f75594457bb1eba7d2e045c0a	049944a49fafe3dc59879973000bffd46b4f6735f8756353574091d6e7ba225e	6ae002225713e1e14a7a227f87e184f1b047010cb2c4ab25e191774a3b6f2fd3	26087c765a4ad7c7b8b81e4e843681f5926d9380575b86a4430176f9d57ce949
1648	10a3eaea937c46fd69932a170363f7c2c42edcc431a1146f455ad09a384ac73c	8a4d4576dbf8100a1a3335218e3731e84c23145b0c45adf2e992fbb2565f06b8	3472b22f2faa334c82e2748533eccf4d67e8dde464a01343da5807c56df3bb25	8867a74b9a0f6cb81e9e3463f654cb20f48a0703ca0d16e07f62f9ad26c88e65	9f7005af284cc31e7e2f2ace53382306e9fdc3157da568d42bd0927ddea4e3d1	12f7b83901c5447d8eebc81391d2651739e0b9e7a0d9843b80f55b0cbaf97651
1649	388c75ad8d1b4da5e0b3b0c49b0a7e89ebcf1e64425921aa6c75ccbf3b5ad298	9b1ffef6f0f54e0f55dfc45d14ef913247fec90d099da2cf0be557d3e95a05e1	9f3dc0d356e2952f9658015ab0097aa7937cce0c2033399a61242dca737b31ff	ba54ad4382862430f0cd60245e6339f68e35039edd711d8c54ba70840df5c9f5	2998629f70b619c0130a847a3251d1710234b545c89f16718883e340137ca467	dfc9d79bf6291471fe1f4c3b1bdfb52f58d1c1e269f233211aa1f3accc3236b7
1650	21a4838e4f0ebeece41c4ab5cbd2576ed8826436a27ece1ec3407e550fd3a3f7	3719f701066cabb3be2fd489703fb01f70a237ec29a27fa7250b15e21b9b5523	463d30a346b9383e9250f72cc6c01e989cce7338602d39c747013c0216471903	947a7805c9802354f7302a8eccbc8765829d1c19d38cefe279ca67a42e96db1a	057f6ebab33ec788f07dfde260fdbb58cdeaf7e2d7c9366e213c070ac9318758	c5be527ec75b77ecc4ef4285648a0944f0b7b467756cc9755223a8e2ffe00f29
1651	13bcef81967bb7d16e48fce4e3c1e6d27e4dc29d95c2c960a24f5e7c33c7de33	b981c99a9e55650b1cc8189693dcab4b1e8d998a9d07776b0474bc1df5fd166f	a7a125914b6691e3fd61d3c886a0a6e8c201cde4e2c99caeeb0b2a790387a533	b60eaf3d168e43cef0acb58d2fa833bbbb001e331c03c1dc09417542b34fba5c	3af2d5391947e3a8bcf69efdd84ed659e306def4b723c14984686a61826b482c	c26425c5bdfd209bca3af77900a5f4789c089fa2b3630aaa3276ca6b7969fdca
1652	a280f2e06316daff53627630079f9397e354848377828a13ff8c53d75a719729	08589dee1810ad64e4b1ff669bc0d982eb1f2b1ee36f8dcf4b78de8ef2ca1292	a46f7abf746be17868000320fa834dea533b2fa66b215b1995f475f0064f2b6d	14793cc8e228d20a1503117fa2a0d2eb5c5701b27ca6bf414348ed33e6174a6b	b3f45c28e38cfc804d11eae46ab478d8972b01b8ef5e3196308d17cc4a4725e9	e760c859d9b3d092840c4e7b6bde368ecfda4baf43690f1c0fac57cbd665c838
1653	7e37065e95ada4f8843c73dd7a49767d5856f6b9276292289b62b50c08debb5e	7b2999693d102fa03a887bf6d8f9a9bb4ac74eac0166bfe5bd4eba75caade6d6	f15321abb7d7b298d523af2c6984f66de306da00e7ae624e03e0a435cc6f7177	d141b6bed284ffcb4c1b67d4e1f638ad58ca3a9ab7d22088a8ed8ca67fd90432	5eeb1cac5f41b0d9acc376a608b18931650475fbc9de3ee889a9fd7036446074	edee01e24e34c425aa2fbd4934f89613582967898b508b5a78db3a33ba3256c8
1654	aa390df29804808fc8a42e411a757ab9b5a731346499894517609dff8999f7e2	9c4c52438a0d47940fb5ae501e59aa51ee68d1265c2d962144df959c73fb30ea	923bf4698ff73eb31a3575f43eaff01b57f0553e4edb8dcdbcb8ea02aa9fc913	5336d6038faf23f740ac37ee92030228d8a9e523f94e1305ad76ee8772e85215	9755de3faeb343116e9a612235b7955d4413588d078b3cd9b2d8f722eac5bdd2	68789b4325b9468adacd7718a0919b60cee5f8b82fc6ca6dba69b8efabef14b3
1655	a43605c816d8eec9355ad7ba9f00e8c2f5c694baa1f93956db7c8c07a788efd8	44c9438078c19e88b9d8cff3e663743951a29c9b253dbff944d5f05ce57044a4	196cab19f812cee59701e7b8776aeb5e4d472a3d4ce38fe486954fe31d005045	6f1004a38c2f3f4751ccb1582f93c6bfe5a8a893ae5e6572a674a5b3e7aa8d51	34c066dc9435d2850989260cc3f4b8031c22fa65e17e8096a25f61a5d8620398	f88520cf9082fc5c3c88177e2f5affbb2eec25b3f9f8c4cd1951ed7dcfee14d3
1656	cb6e5dcc53af894da6f427c4b6c9279aff69735bc60936a0e68be10b8a8db152	cb33bf3cc492ca19433afd79cd2ddcaec1613ad6d3dabb2ce60caf1ac4cc0d45	19573b38385b98aaecd9d4c4fe1f54011f65827c7d8339f4f3cfcf0b368db162	4917248d636bbbdbbc7f281894c51faf79d8157612f3100951a80cf2a969c303	6fd429b3323dc53bcc0e1264912b7e1558c40394c83e6a3e58141ea8e2b8f3c5	2c1598eb4121724931431f3f8a8bf7e154b0d4d0cf3985f0514229ba4628377c
1657	1319b93571d31af19f88fd5516b3977988c17aec8fcee5b96c93b264127627c5	c98ff04fbb847226e7976a9245c8f3a600bb06b42711e6c7183ac4152cfd084d	9e2cb96c8e1f67635ebde742c9b49c7a36222e6e67c6965854af0aeccae10286	8b6f2dd68ec6e114238445acbdda538dc6b0ae1c39674f30d3941b932bb5a636	792da8aa3b96b94ae421b2c650d1e917c7715028f8d0494cd4b9b18639e1460d	4347c808335200088af04738087975534e53dba6d2a959e5fbba5d0253ab9537
1658	383e998af59faa261f50cdaf5373bf0b403c4f3ef3c8299db2270d24ed3ab031	5e1fa16acf83da61663c9d47fe8725ef94f6ee2089069ec7a241d959950e6dfb	7cdb7b4ac991c26b699074ef7b8120f0d0b23b4dc44633ed5207de0b78c42216	38f87b344198c65e5fdd446c5df2a1bf558b67af64ea99729be96f06601b14fe	36cdf7e40caaab2f7d5c080bb506970ba84f7b261bbd4b6620fc556e70cba9d7	b595588ca3ee9cae20127eb1648a28ab54a3f1da6e5581d5a6202ebb698d866d
1659	dd5949136ad0f980226a0a109b0356d109512ccf9c5ad1b917a88cc1d2c43f1c	fb2aed8e86eea21bc084808a1ae629a61ddfe16cae07f23abbf80338a15e189d	80cf5c169942912f12bd92591c7158117d4d2f026b93e73e93b53e41b776ac6e	a3b73919302a2284743cc92c251004d9a10bec863103eecd9bcc6867a259a549	272c32928857ec90ff11101b0600477dee886dacd4e35fc8033a0b84ec762c37	0599a41930f8e2a0885ff76e732d0d34f18e515faa808c38e335654e8d0bfce4
1660	0135d9273559a827716971b9f52f6de3ebbd4f62f7c57e8c3788cb2f57252d42	90e4f59501112ad28f33bb667559db25f35f23e1fd51961ed5749624a53558e4	0df659789bb5647c3840c59f3deadb5bd46e09afe1a6d7a8db2e1e4467547437	b48e3bf2453cb45440beb316ef8840215c864e9e9dbf99c6a5a9fe0e04f185f3	5d2728dc885b182a5f8e146fc381b8a3d645fcd71bc621bbeaea74df8323805d	47db99433aeb06b1381658372f941e20c08e15c57052e27ef8a0f410223cf9b0
1661	599f6dc25842e735d009eae12cf206018dd6f0266890155934f94833ecc138eb	772845c8f3112dca20e4b5e813ca0b85b558a7a7aead474c6b2daa172fb2f105	241b7924f65ab634e77c2b675be4a9a543594e94b4542383d0d6401d76d8d490	d250a38fbbee736fada18dc9bc0c9eff45d59df17cd2ade2ab0f80223602714d	05a5a4b7b124f3dfe75e323a28378dd5d346e67d456c7bcc2c8cbe131ac34e2a	ca4252037e755b0f3e7e496c16eab35f47bde052c0e1fb56e6710795f90e93c2
1662	4551a03e831fe5bf47588b5ff452f47b0610337eee30de1150ad85375c6f2673	5a6d92962de807e2d9e99910cd1bd4be283d06bc76b33d36b927c8b1d00e56a9	3dde83ddaf1cf7e18b8afba2a8c6614690d200a0250cf7cc1680edd056f8e5fe	0cc3d1c0113e1755ec974d4824ba8b007fcafc4479d4be6694a5076a6cc305a7	78e825b665055d99e348cb6ac98a9b2b00bb69468803fd76a220ba3fb93cfff3	06740468615b97bc06259af9dfba56265b9c7bc2d7b2afbde8081c2ef1f45447
1663	129c5304ee401ac32b47f330c03c9e7ad7ecefdb568d26e56f615306a294580d	286b3d0078f386dbf99ae0145ddb3a11658bea48502b1c7550f173b13d2423fe	0c8f7079024355d122521d806c286d9f408b9cc4f1f0922cca2aaf145c48def9	afcbdd98757da211706f6e2ee92881328f5382279971018bfba2c2a17711a1e5	bf8a79bdc7e98720135fa92bbf6b9bca9133073a71d90f213d5ff67018546408	c96ad995a0a985fbd7c021c3cf8953d44e71cd5a993eb57b24e60c034311812a
1664	0d57c1a8d1f5d6a80d2289261785ee49a5d7b42f9b8c4f5b3617644574a4ca16	475ec487b903e14705d4c422eff66f3086b7e9a4b72a20b5f006792fdd3dda52	9e93e6eb9db23428a4270b43cba4f1ab8fbd7c45df4233d66707a6a43ba55334	60a0a92aed51a7b48309f27d527ba988441f7811460654507c05672aeb0b9574	f55dcc31580e9c500b63908e7bd67dedf9e53a85a8994bc8ed7a8ad1f2473398	59dc187d809356004e032141716e11343aa5ac654b5ef6efc8587adc0b47dc85
1665	2c8f1bc94f7a9b706467dbfd06bfe79e1b99c3843cdaf219bfa0b497e6af4234	e4245f7adc5b368da4e33e535481f5d5cbdb436ddf192dbfac1b8883337d4a63	be347ec324e95dbc0392f2f0820973fadbd026b0584c5686130808f2cf391724	44c209392d78eb5dda4b42ee14a05e168c53407287791c3ff1a6f49828e24d64	e7d916e0ea9ec0cf7deb5e9faca5d48af3d3bca5b3d684f49dd9c23f413511d8	d89cce628c6173e90e56e3ec44ac0fda92f25908576189d4de39268c72474236
1666	abe624c15b3e20a5399a8b3455e4a2786c9c1ac0510edd04f4a2e96497a6bd4e	24e6d79672a848dfa26607aa90b99a2a28fcfe9527a74258358f3fbb981dd774	518892fdf4774804e5cb60948d799f6aa8dbd12ba4bb7ff1fad954797d4eb4f3	cda9f9e271b036129fd1a2feeba8e979ec1cc463ccc304d49d563475a54062e9	cdcb0617cff2f7b3e0e4f1fcc325beef918269f4858df58e27add5fcad750086	4ffd4d98f9e6c457f9b8ff9c400ca295939b2ecd778758e2dd45239ca209c09c
1667	664e7c16fec68f980a2bb67faeedcb38beba6237a986c0de6374bfa7339622ec	b9c2b976d4864ec4764b7c90192e254fe881a2ec8e14884456d67481278b1406	62abd078435fd5776355a93e2196c5621dbe58c25e85888a595a8341114e0bf2	1c15bd1373a4df75c4dc9818afc6d04dd01bb10c45ff65f4df4de6084d794c7e	32029bfc8eeb2e0655db818d40eea4a743a8c3747abaa5a4d709cc4da1f60c6a	6d72037005627afbd41f07940ceeff5f535be34ad25b0b9fe34bcea210223ce9
1668	f29bca79e90280d1c397f291234967c9dace4e68aa93922a4778f3266d832c1e	c5439781a4410efb39be05b3e0ed1689d9d2b61204760af1d22384eeee6499d6	42dd9a6e4d14ed14bdf23a488c51dd7f9702e3ad258205786c43e15819572c33	49c9751f00e7fe6537a34d137213f48a78bfef511ac9f3150af368264d9c0bfe	d70c21739ab02ab0f15ec6b0ee1e0fc5c614afe6b05a0502eca82ad25c782a76	1328d6489796c35467164c58011d33d57085d725dc6c18492ba3e64273e95463
1669	76b19c040e6a543c1c21b228b6745bcf00a6044f6f9544f1a0728d931ad09992	6cc0144e7018ef788517cebfb8c8632e605edbb12c39594687a3a5edb74bb0bc	964e7d054699092b8bd6638e249a29145344881623e1350368ad89708e9deb13	7ed1bbf2eeed523c16a7085feda006a945a45dde871ea75079ee14d06c247685	b242f2309c2e7055012bfc1783b0b7a81f2cf09e9b8895e638061ce8e0bfd6df	d927e6b0928ac5ad785908a6b2abeecb68c36e4d43483ad0ee9336113dedd14e
1670	927d22d981079d055f767296ce8d8db91406b3da51c2ce4710fdef00d60e3b4f	58d6219262b3d30b1978acd005d895df2f0cbc3fcfae4bc459d0d33fb77154d7	db0e15133928e1412e1821b8adb02afdd23bc9764d91ad24c32ac1e099d9c438	847d85db6770edfda2a1f27a243677579025d877dff7368639013352f4ce9003	e08cc97e1b17162f0defe0e0319d49971dd29cc8c5b82044b6d6f48cf58bece3	adb4ced5bb77548429a21ca614fc4d3745326b0b3d5672f0247eca066cdc8a7c
1671	1621a04cb94e6959a0aa29a85a4da4b1f04cb72a828f2f7c970489ab7e52188d	78996eb495ee2fb36f2315ffd94db6ea5857363d45062caf1dee8b2e6d4627b4	ee8afd05eb2c57f057ef00780e7fd8a4291200696ac97bedb01c43ce8ba112b7	5b0b7a5e2387a7b8caeeb468a00930dd09ac363732f45ec6bae5c58ba58cee46	e8e9c3a8d8a3b1243acad1d51c7fcdb7469d85349dee0c696509ee8c842e75b7	266be85930bb015cf98b65954dd3dafc8dde69be468a5eea3d36e6c230433539
1672	6d3655db9571ff77a4905c2eca13054a44a20846d8d1947fa60925102bdcb0b2	40f87f3e3dab7d7543f417df826bc754366744a41ed0ddac044f675460ec45a1	e8f30609ecc3f0c4382348981c027e823f9014061128e77171d54f847c3cf94b	57c2ca569cd00c8e09d81ce41d3388c5f1ec1a0b1366e5e8798486456d821ba8	ae4337b9c01d4754ce58203104d12ef2e2da53c808cee8329a9da04deb3b715d	72dbc1d5a0d75c65396b6e9ae248d02c6f364bd094667a3ef820666f95d45d7c
1673	4cccdc7025d510a0686b3f1753169ded24278cce00cb38c1d0dbe23f412cb420	435ac1b19ecb34e7a60ba30b9f6a17d3eac1621f7e6d47c906e8ae77fcf170a3	0318751c3728fa6d22cf69dbe22213e0148bbb2575a74b4d5381666a2df34ac9	2c0faf468d24305150590939b04c6a3847d00999906ef5832cdad83c7de9b296	16c1b6f45af41f5ec81fffe3c8968b5f5273c44e1605e377680568e401b927a4	df22a61ae2e73fcc814fec9f59eb233933235f88a589a6472e7bb6ffaba7cf1e
1674	014e6c882fcbe2d72e577dac17e62c55d0023b1236e5501d76596d3a3023a291	1449afa667b24488f362e3ae0898437eb3b0074d645ba19d9b77819aadd06cc1	7cce93be146a0c7851acbd76721621ccc67a40753328e902ec84d78d25ae7d3e	603da15a9660f760d26cae8c2aa80e636a920178ff71896eba5ae2f060de5ca9	6760de735f0cf041939eb17cd5b7fdeed12912ac8ebabf5db5a96ab11192cad3	cb51e206f3749495b9999eed6fc91959561873d4b022716333fdf0f84c605cb8
1675	82d6b4426f2265d56b95c87260e25aed74cb9552a6bf3449f315ec54e72c1f7d	15e4330a90a1e9710b0e3623d42e9d7c07bbeb20702983d70bc458cbee9cff38	d67e5887218d8dd937c15798f100289c93e82d36e50015d02c7428b5d04d45ee	ecdb196c7af4e29bb189e6b91568504c47f0dd3b3977af9da1dfba31ece11340	40261a892d079f33a068b6ea62aaec6ef61a9ef44529e2948c7d7cfb3ae3b0e7	f0b6495129fa25639473c0d6566b32d9c68e7b3f767d45a70f91cc5b556c8a1c
1676	1f5be592a82d635eceb1bd3508788d74ae3373bd929a7d2c88691271af5833f1	780e4813cd5030ed697fa292cc17f66e898b235735897cd27904a6bf3aa07e72	04d7407dc2c07deec49257444217cd35f6a2be68d579efd0ff6c4d7157477805	d6269e9eb0243c3fd73c8708bf30dc994a73f062e24b9012c721255b2f86c5a1	ddf401c84b7a09545162fd7bee17c447f0d05a6ca8d0e9d4799fa88e710b6c93	44859ab39bc0bc2146280b71d8551bedfecb48fec0348f46cae886fecdbfdc1b
1677	ff85158bb8b6dcb2c45ef97c139678490c5df66a4b84b3699ac8f81d7893b112	dba8beb68bfe5cd515da30bce7428997acaf302a6473c120196c2ed3b1eb6e82	deaa585c5227ab50136afa9a7c0d8c376e44e1d5c0a9bdd61ce31dc1c0432cd6	031715beec96a1a392a6c2b259cd7671f73a7f179c1bfad4a302a4b6cbe06627	1c3e9eaac9cbbd4e9fdfb1a8424f7f41ea183ebc4a4b23e5e09a35d645adedb5	25eff7c04aefc63d4dc58aa912ca4f4a2bb0f6e367242d4b171dd1bb7bc82965
1678	b5a708d7f93ef57b68f8cacd679384a2e44fba480a86096c42c31116591705e9	956ef080c441dd5a359342be489a794c8f20f208f75c0e2230cb85e006a3e649	7e1f4dbb6a6bc338a8f615cbd9da082ac8984363c747dba09ee87069a68d9184	2cac0adb000bea3f0d014449efae24214731fdb73c011bb78b7b500e15b4ee90	60939156e3f93b59d2b5dab08d69c50d827f724221bcb838fbef437aa8144f22	6f71b3c8d48485ecea4ef495aca5638de7cca634125c234cc7c83fae6d4e7c52
1679	cf1dc91f322f11655da34822717ae456bedfc086a2219626fd19e44b1b574add	fd91937c2b58bce0b0226829e31c6fda91f41ce96ec391c88861f71c9b1597bc	933d91b6f191eeeed6735b6bd1c16a7eea9f4ee55f268bb2c3bd4aa9164dc318	c2e0a58ec4c78d9ba0b1c757bd3d126163b8bf09aecd3d491f920beef1b20e20	77ad0ff993edae91c6d87c0bd1951ab6926e20c8ba531e4bf63f20ced219912f	c0ab6670556537042b4b85fc9e62ec088ddbeea964e623fa64caf178e8df86d1
1680	9386624b29812710a28abff7c00aff7c1084a1cf98883cb33a0370c896aad8f4	fcbb34cf59c70a9039b3b0413b4a04470b6340c3e103c625ff20a07edd5821bb	5df3c27b00dae1c7931e0c9cf1dbcc0542c909ee69da61ca8c5b1326a3680e4d	4de57f474e1ddbe53573c4f010fed49f60fb4c52891b57a996d860e897155226	3a6063a21c0a9d3e5ece151fa2169e39542ad58e4572fc29acb7ea3330f7ad6b	c042940e8eb8781101260aaf3d2f0f1423e5bfd03f5153258fe8b72359c2313d
1681	03816a2d85b9a52fa5d6aa27c73c41ae20fee2c5dd36a17fba0ce4b9afc68782	7e736263b44787d4e7f16943914067b5d492e962e98db37318dbdd7f27305536	4c3db46696b3c9f18acb339eef770fd372ca121644c6240a168eec137874a833	5c40c159e6b13c5b93fbda5e0f2f101097f7e6b3c9c04850bc9d5d976dc98398	4ed4dacbad600ee1426397c8814fc34eb65f6eb76a927c72285158845a3f0eb3	c09bc2548abe526aecf7b467e415e595808423dc97b302cbc71e7893be5a00a7
1682	3db42237af431cd2b3429ae8fb23260236b6c5e0e2e342d005a103447de77de7	896acb26d12361a6ef36037531a9a67516cb64cb1c1e75696fbb1e2ef6450344	b47c9cf5e3e683fe8c29a2c41577a288f7302e1078a8a2267e71b5e83f4fc4e1	6013a2632fb524c2097e36cc272acf82df447f77b7a60dd20f14163d1ef43c1e	c16a68e2b60ac5b8b2434b481a81ac7fcdfdba10ba93896365c09e5fe5d5e060	88a2a03e02a95cce3e2b14fbf8c562621329cbd231e81983c8b05b203bbe968b
1683	933428ea1748ae56f45a3d2466e92924f66afa3e8faf1bb871ef4d06ac3dcaa7	66ad1fed2a911745b8b9a4f5c62029d2203c375a23fb0a94bfacc168bd3229d3	041b085b38a352437eaa3843008a3740dacb7f1a68e00966ffa9cd520b7e1da3	ee2bcf9defd2cca0c639310f994e2197dff707b1ce889d57a6cf80612cd15561	fc62d12384bcb089716bda19b4b47ff7b3be0a01b6cffeccade51076d96fdd02	ad123f0f28749edaf23cca75572df0e732d16e62d06a0de9e06c3d83e568fe73
1684	270e8aa3ecb6f36d744edd0aa3d8c5eb78d81e6dad3524c24f1ee63fbb51d4c3	5ec331d19921bc9b993be978f9f7449a76841a9a730aff21e709a9a916216c0e	082b5aa3148d66e7dac6b127dfd7bbb45f93ced7a37c5961c067d41862d489d9	e57a86dd8762bb442588ae2331b0539e81ecb5ffb39f7f5d4a7b9364a64aae7d	426796aecfe8ec8fba8d251c243d69c4b01c8b268c332953f1bc3c013df51d50	248b5f90de49605b34cb368cf5f9fbec7fb2fa13d4a3692f1cdb1728ed1adff0
1685	10e8797a2d644f04f792dbd6bf805748841648e138b4adeb84d7eb51dab88c60	367e88b2b71768b656dd0f9a678af04e21dc3f3a326d81c746c6a3822b113a74	77c2dca566003da5547e751269df2fe8bcd7c09d33711de97d846f6a5ea1c806	9d1edf29f62cc51e264f347224d37a54d0530f86fdb9150a98341f58d1f5d0ee	5857056377fa63dcddc64117994134ed9eb9a98cc2343400ed4db1de078c74c4	aad9ffc8921fd3f452330c64ae2f077c6e2b559429124735cab7a8bfab44f791
1686	954b53b9090665ee6ca458c0520ffb6015cecf7abde4d0c11e9ebd685e41dbbe	1904ad45f189b53d64e9fd7c04dd3dadd6b418c8594a9c54be02dd9091e81efe	485329b19587fef171158bbb723261580430cb3065dd0a42780b6c47f402e100	88bd84d2965b1cdb759f64223973575964f6e0f7db6ace0714b092f8d7800aa1	f95d131c97bdf6a5047e4bdfb3df6234ea1e149d9b6bcd6e9e110304ba313047	bb9e6ee6e1e04c409f0e96fc9b008d5cfa6abe0fde3d30a4492d5a20324e4cc5
1687	50e37acfda5dcb7ebfa2e47ea3f994f21f7ea54ff47b43c209e5d26878b8ef55	d2fb37d6a6f600caf332d4cd78c6b95b56fc9e812226678ea7607826e290b03c	554314795379f29d80b18b6ae5784b5280cc0653a394ef57477ba1729420fcc6	90984c83e3064ee84f2519245b7170daee335d14d7b5a189e9d3bb2c10540e47	57486b350be35e1ae6231642ef0f5484f3e02fe39f05f3e45674df22ad37ef0a	fe22fd81c699bca3904239de456d344c966b50ca65bc3aed798d24c320487ebd
1688	3abca530230269bc37b881bd2150ee411d4a4dafd2be1b75be75448b9dcff657	ba904e882048e9815cd6c370ce18d88a4a58ca555f7e43019de2b31fb8616b97	90f9835a93d3b890a63a425b95c2c1a3e8006688fc243ba752f1b8e7834b68b8	51e98679863d160a26b84eb1cfc07a1684e0c39f3812bf6d501d4bc193c0036f	6739c5cf1968e012e5b67f99e73a2e985ca67936da217394fbbc36907643bed7	0853486c7d527e1af9c25540f9c65590979e857f0bf54f8470496f1a6a99a69f
1689	62eec88fde6739fa3cd8b9de46f8b733cf50be94e80071b8a67b1786be7a219c	d7fb4eeb87f476951469c1cd1021a3c233d55920d8c689bade14cb0714336764	30f15ece8f37d4dea5ee964e5aa4c0d868ab39a8726ecfc3ccf3a72d9e0bfe95	4ab79d58fb76f4cfe5d5c09a15c98d317e5a7eb4d3d9fd212763dde50e4fd489	c112ba04901f7554ff5c0265664000a58603cc697b8ec93fdccac737e2c07ad5	f8a4b2b2b826faa3dcd33404e32fe8ecbbf1f488334543cea5ee4de362dcf5d9
1690	d893992c1d4458a70782b3ab4e68807f553001d2a79b17d9e36912ee5255a1f6	c6529ab4edf1f870f759581350ce2da97840cfe01ba906a6613abc9f21fe238d	98815c20757ff38045cbcfab2597ba5d71a0d0680f63936702a029b36853da62	c6974042e7919f4495baa79502e012e6c33d1ba5c0d343e24e5af49554415847	f7a6f2efafcb5d54b5b32c0f99f8ec1416b7256885dffa8ff9dbb2aeca388678	6fb3004399cd94450917805e02d91289ace66e5535266ade87d0bef2bddfa34d
1691	258a8fced7c1073b61d651f0664b34389e12554541e89dfa95b87ff165654f61	5be959d4df9ff6812ca291ecd0082ad002b002d16b1113106aead9317c449a55	29db651008315999f1484776c55fc8adbfa6c3d9e0a151ca751a75ff59242919	d81373b7430d817c3f83e65b995d0fcabd6927eada48104d2eafd3a97a841d91	0e826a91f7055c2da56190fa5dc1b25ee7d51ca75f9c2a26d10647623c7efd6e	5ef12edb128bf116689df31b3c7e5782c18f106ca3e9ef4df892df92fe38e67e
1692	02e17a2c86a46e17d0dda6a1d458a4c26ec0ea51940072abfc6ca70ed249e83d	167a70c5b9992ed60517ca18fb0f9ff43ae1ebdbe6ce7b91b30df546b3a43f83	cccac0a0cea05fa36ed628ef6622b0809418daf4e0f74dcb4ac36129f7a340c2	9dd72ec20306e2ea6d77aca855a6aee29a8c0476326d1ef63fec1f7a8dd97cbc	4c5f71c94ca82207cd15a19dcb7f1b38b06d82f20aa3efe7e48686a89604ad99	6a706fb713ae7fc28980d31656731422318052b327373996a81648b58325a0cd
1693	b0098cc14acf51a7223ef6884896af046d4050d1d7bc38caa188adb75f56b9db	1c48e41bc5d070dacbe38504bfd6ca19f9a542232f78f3ee7edab2496ba92cf5	65fa5783ef9f5f0d350fa0c923f70f538b652a3edb8fd6420d946fc8d29610a7	709683c155c7f518ad087db3696d826e3fd109cb1c8f212ff9e0b45f05263772	75028d5151e467a45906ac35ffd4e2c59b9b6bb9134266bb7595e5d070b8969e	154daf17db2b955a8d8bbea11960c1f4ca50c4d55da92c1abba7038f31c1691b
1694	0138b7dcddf9f7e11d3ae52f1506cf50a3563c10f3468937a761a6609ed0394a	15b5c59b3dc0608c5791ed1605a3c5c1bc5966e7be61ad8474cb42688de561e1	1e675c9025ae4dbb08b537277ec7012f168033fd06765af11a75421ecf3d786c	35456b0e6c56e9d9f9ec2620636dc020ce7d46f802a53f58bbaeea18f1ddb2be	aca9c36dcd68f4ef8f1b752bac9743be50b2cacecb59ec4580879c0f340c0e3a	903991db50cf82c2b0f1b316dc76b69fb863c8aa84b68c6e6f8d349f9986d744
1695	4d4fab9e49592e8a6f432f3b010f8872d8ce4fc4fae91a702cb86bfdcc0bc7e2	753bfadadf8d5b0394aca09cb4e39c0070708b3fd2cb0171d9413633c801382f	99b95ee72d82ba925234bac8c1b7cebdb29251e84a6ba79b84716b2514346dba	454300f9a150464e54463afb5cd814755abe43df58f8a2a0eed0e1d8fe945952	e8c0a5643e5a7490a7e778cce6a3d0584db2bc649ef8b3a81c343fdbfe4a91bb	bed4762da759b6aed5a41a0985b8c72cf450fbfabb8fa32915344963f98dbf81
1696	da129d992ef892f8df5bef2de7ca2c2c360c4543a97bbdea2f4dbc2506553d65	7d10095c755de65b82c46192d8188b47ae9840da0d1d7f2544275d0991c3301d	bf372c0bdfb0d7ad389d33bf967ebf0ac26cefb4e054a13c00271f334cfb7793	3aaecb0ce7f6f5fe1d7fb217801170a6819287c4b699251bbad5b98a7075bb92	bd3c31912ed68d99234156cae474ee4f6a449d0d6a2d19be3a21405d64b83867	b2247ca82d8b38fe9409386d68ea6459869b615e51267c1734a512d1cf7ad4c2
1697	06b2a05e32fa202444a79bf5464208f2cbf14f38777248501ae5b6a0103407e3	e45b911e4cc29d18dd2f136eaee1a7d84c140251ee94b4b59c844361fb519bc1	61d962b4362c53e4ef213650ff16bcd530313b3fa1202d9bd783be9cad05e1c0	78d4a26e46f9a7622727967cce44aebe122cf3c08dbfb14f1c63ac32aeedb884	b279751f59b305f2a020c1611eb499ddd7f787f7790e25f6346591a26322afcf	ced2b3874e8d3f0a6d5dd46949302c82a8d7db50e6a306722cf069ffa42c1b0d
1698	5cfea7a7809d81c4b50e3f0a5371408ac388c691c80afbe8e038b07c23becde4	0eb43ca288e0595a3366cd7e8737259746811b8626d8cce9f48421d0586781c1	c050c29ccfaa5ea266e05df4699ae241ca9b676c6571af153dac8ac17f52d474	da60eeaf5951b21b565b700dae622bc5b602daae029c91d82a5650fd104c5ba0	ac8eb7819d80a21df9c322b52f9f627e901b6d469a720b6639412f6c3853db02	42ea78de39bb664a03246953b87506f58d7e2d965d30c9e6f71ea0a11d5c8d2d
1699	d38c55af4d40ce2d173a80d80a27e1d189c916fbefa376f1559a8f31a80cb463	d9ed04924384cf256f6aa8a2227932d8f10336f64694e9b7e5fd6b4313f222d3	dcb27641dd6e0ff714acbb924633f573b047dfe27cbfd1ba91c6fdc39361eca4	c8d37f9acc74a6056f5009468d1baa241662541bd407b81524ba1a5dc43632f7	927ff687e206ad51ecfa00b6dd2e12b89c04e45f7075c93c0449d97ab783277b	f23a0e05093e02d54a4d094cb33ebf9c70a7b1893946b9c2c87b3d07c2293b66
1700	93c05998cc0c4a3af63189952e822c701d8dabc5310e420447362c5c96d52d9a	bcbff37b2a415642dd8977bfa1e81dfdd53f664f188f35a12016e942bb669dd2	db972e2e365864b777923301ba13984ec1f6810e2f131507e7d59eef974a1b03	2a92f3cb7b29ae83c94c5fea68bddb0a70f7771a6c829f4a76f178a6aacfa28e	a89e5345c22506dc88b1f5031b5502355716b368b959bbb319da5e530a963f78	5126742a3692ab6ef7efb27d081a1e3156864fe7318ac36c8984a1a9ecfd3c1e
1701	c7eb540b0b66831195b4dc1a7aba89afdf32fef7247f1f39fb55a86c607afcee	06583e7210f1e9df95e7e74039d30cfe520ac67f6ad632f481c2d6901dcd4dc0	b32b922bb140cb82ffa7b364f5618fd7fff148ad0830f5c57afb29176f7c98cf	9560afc0eb031d91396ff51d9f9337be52074e0f07a0f96634b3f3b8ee409ab6	767abe6c3e4165be082dd1fcf24aefb27ad5944fe81a255fd3ba405f2c5ce149	bff044bcc24049684afe4c3bc17c33502ffc66e116d453516278e6670cf1bb34
1702	a3103ec60405cadbc9840e5c37dcbf82b065e29303bfe32d99a35fb6124ca20e	1e6d3e7743821ac0c3d9aa95a2c8958cc453b36247db5109350f936f884d527a	c0897607e13da6a0eb325fa0584eaa564e7357f87905d4857b910e8ac9a5bf57	2e99a53e44dfbee6b9fa97d465f5b582904f4da8a3c5ba552c8ffbeb69ec0e3c	ca776eb81bb111f69da6d5eb1a55dbf7e228619df6d09abe0fe125acaa65b08f	2d8fbee2b0d0582a4ab5c7b9d15a45ccf3f824506c11af07b5c02f77c76426bc
1703	304fa9363af7eabb974f5d6f9960d9221c73d265210307f10c3a75ced5209066	4b50ca4a18873fca5d86aed596f8e922659d07512cc09d6d4294771bcffdbc03	39981f59dc63c077fa4415fd482467bac027e9d131c3c3f2e72316fb1566c7be	d25b3fa016ace80b44d33e4966632af479e96186bf7edaa71e68d77e33a09922	e6c8ee88514b6ae682b67145c3c056395e35c03535a2be0a4f489cf2f4cfec8c	a797ba3362793abab0c8aa4274c3792be2fa0ca662f5d1fb90bd8daa77da76db
1704	575c43871bda748147d9f8fc965ff685358082e0a339e356ad191eccd636e562	cee8265049e26caf0e7bd2150107f77018d9b1d0b10d5afd93b199d6136b8f70	8c98476b0ae15b4847f86ee1d8b437dc0e3d07abddc7d04b151745634b4e8cce	cf5cd3884db70a99797950ffe7df45466c6b9d09c5432cb93463553816679b21	bbfcb3a9bf4302adea01bb363cfd4c030c163c21521644bcac08ddae18f0a457	fa4dbc2938c6999955650508fb0a3fa132dc829fa022ce54e3829e99a91946c3
1705	6dc02b2989f0ea09b13c81e503f8d0b906719d5bb71ba8054594812f7863bb4b	461006030988d86f48eab40c52a2f517793ce803589f7b4e8fa911797bbde887	defc4a900d13a7e27029ff0d607593c2af68deedf55489c46f99008edebc756d	706841eca7a4c51f02bae83c7388fdd0da2d8d08c896d5bf377ef8f3bd1a4a6f	0006adfc4b18d999bd1eb2e61c1bf16dc34433434d9e99a29c3ff10917277e4a	2a40e28aca8b863b9007045d9467956bbf5e30db78241918a3c56d1718caf751
1706	b6ebcabd7e910440f3b8ce92c584e5cacab60009eaf42bbda3ef0fc6077e0f9e	bf79e5e70624fe878c2ada430702363e0074b64ec7f29fbeb807e0dbc1356eb3	f21b8dadf2aa973f321a552f23383d6da94a4578c9f84fc0c61fe8c9e2b6bdca	3212db75a07742399094638638efe7e99599af3b161153a6f179f0faad90f5f7	09c37f45074257905d944187df4e1c52e0ca9adcdeb18590540b374d5a60c3b7	f4daf762ec8e1592e97df6d96b08e124c9e6e158bdb414ab28fc6198ee6feea6
1707	22e476be3746eb151c2988677ceeb93fed0728043c151e3d2bc5aeb716a953de	cc028ab2c9c2f77b260a1909ac8d22823ee5d1f649723c82f32c8a9aa50cfc27	38e2d55b149d610347f1518ea8e9931b51ca9f7f300a94ae2f443278b3ec4d08	7d65347f9599ec9320cdfb009191c74e9d5ecf467268f33221113b5cfb409908	69153a90ff4ff4778297229c9c58cab2d0e84e69c36b9c0f6db429d7d8cba18c	016101b21e13754034b804f7f3254cd6e2ca4ed4ff7f5cc1df5341117d80c885
1708	4aef0669e5c8c9a03a6f32e4553413a03a41f2ba0ab6e4a6fa83ad69468211ca	c4da9e35f864bc9854201388c51f9039ec87463373ff02e022917271f75007aa	bda77f00e598a90b8ccf91c2ad908e419c63e88a526c11ec5736f89ae5552418	2add182c5d1c71769dc718e88fd3c80d85419ca318411b93cc38bbfb8740e2c9	d56aa2db5ff2956bbe9d7f1b24ffa720c2729871339be4398f7fda4365ddf29d	122b2cdf9526d1b99f666c638a1551bc245bbf05a1c6a1bda9c4a47f3914c399
1709	91d2869ce7247b9cbcced0681f338129e519e9d92b55aff70cd53d8a942062c3	5cebd1cf1044175454c863662e50d46c2ab2d116c415540420a05885ac11339d	9c9fff9eae2d2495e4932ac77a01c36f2aac95244a1e423f9f1dffc22b80b738	6cf7c9aa174fad2a49af2ba5cf03852630a935a54ebc4aefddd11f662b972ec0	2285f30b46130b7af2319e0dc12fe6505748848d7192b1d6a8936673e2371b55	6322b562fb3eea427d1a7e751129a9a939fdc1697523fbc34a744f8fa5734fc2
1710	3c2de094c7f5f8e003ae871944cfe9e09b546bb4625fbe1bdba2693fc4814880	4931ba642c2b5ea8efdfc41b7a09ef4d5abf708d2d5ed7678886f01d5b225af9	cae1fac3d5edcfc21b0e7cd2cb3298dbe747b9d8de59913425c4b14753c7d212	61be4b791395e4ace4d4193cdf1b2ac5b2d7f50d24e79f7c6d56a4143722e5b2	d3847579e46cf8bc46c59c96274f5828d2984b53b44d65cf92f1b8a7e95ce438	734987cdf83f223afb630277f3a983aece3698a9213d56b40fb46966fc562b20
1711	9304c22c5e08a918eb29966734595aa1e4d1c1316bfe90f93d5b60d5fd9d7134	eaf3c6f59c0642c4a77c4614feb8eb8fcf86d8c66158ee3b5097a2c393eba480	6dbdc688ef51778b2cab574a2b317e8d7c0f69d2071ecc63610c17575860b414	2034228ed34634f037c16802a043c75b4f15b0bcfb09e8df8fdf0190e7518373	2223d8740095ecdc3691c22ce0d390594c079eba51b611b5abcce2da4fdd571a	5ead32f145115283bb232c317764d47edd27acda00c649617e8cf7f98426f654
1712	fd7e3f7e8418c4a5f9eefed50112be7f28231082cc788561a8a03207b30341f8	2613b034dd7868003f30b7025886ac1866c32e0b7925b3e86e80a9f59d56337e	9cb055004dfd2722db472703ee2f74799b21f0856a393b28dc27ba4751086b5e	244cfb98e284d41b3bbcdce07ff040dee340a510a4a228d37d063843e4cb51ca	628cc70ffdadc7d89e1264a07bf1fcef6dd5cfcdb607fa6a7543965dcd9c01cf	de84ce00b28204f29afd08c6448b885297a002e76746d3b131dd728472f866f9
1713	7a896a2e2aab9ad248fa5d55cbbe0bbc6b5a2d551086b298afe3253252a9bf2e	b2d0045fb6680c195d4f38cf9ce1d749bb25f86ad07b9d178674ad439ceb03fc	4381adcae85074a1f1e95665e1bb082aaa624f5ad6ce1619849d45205468695a	8e8a703b2e7148f493aabc42ed8bb6d86c611ae330de444343c2205af7ebd7ef	f9a3315998b902be8ab46ed125fb13468552b1ae7676b311ff18eec827ef5049	617c35f5811386eaf55af024348312ce72925f7e9e22fbb24c940051f4ce5c9e
1714	2e93ff7c6563a83773c43af79f78253f0c4c7d10e595cc5288a56add8e62bcdf	e984a27513ff14b033955842a6664af9b4bca447b1434b94af9a69465b408ec1	0bd455cb5c790db0cf874cd15904cae3a8ed22e02c7f5288123e359de3140a71	1b99a8c4920fd0e6ebd42478e7d8459fe06671d81ae7caf704c99bb33a4412a4	58008ca5a641efc7fb84892763150a873f585920483785ffb8b760556973151a	376f4430e642c8f27c160fed4f800b47626acfcaaa1b4546f415b7eab4ea1998
1715	6b602adc4f7f84c8b0b039e43cb6c5f506c1c1363eece48e5aef3f5e1d6aaafb	0c46019f9a5ee8a47a8cbdf4e897ae3e27b82f1b3dbbb7f13e9a3a99c2f8036d	c36cda076c78a44414e4b90208328e26cd5f586b8c8bb308eb7d4a1bdfc8b5e5	f17dfb3dec05005db6890129777859a55c57fb76ed3973ab4105dcb4cc022e4e	63effd26d5f9fc559096819b4f4e24751fcce966b78849943700273cc0ff8b2a	08ead0bfcb0ae467fda6ba35ee54e889528d37325c0f24be57358861f23f2e75
1716	ad528ee6d19f01d0c5ed802c0a902d35d204ead378925562ac886a5a0b32813a	20105b4301e3fd9344b481826b57d7fdd74dce3987c710ebe2b470796dac6f3f	26642e9b1a5552c8d7924d50f41ebe08ea02a2862406b112734b044f90c60918	2d6da0e9a5c2c63b07a16fb6b602e25b54908bbf2b8040c20cd6102c5fceeb4e	8736e22f2414b944c89515980ec60e5ac4bbf7051611f4e378e447b1c2e95594	18df176636545fa3411aa2a79ebfca2cbf3cb2ed50f4a285421cce1da24cdff0
1717	0f3cd1e59f05d8fb6055d74cab643caff3ffc160499600bf28c4cfe7c3ab5b52	5e0ed29df034842f7d101e2166420ada7f3c794dc53ff5c0878a08d005b883e2	eadba5787b0724c3d02eba825a1fbfe8193a17d3e0aee0f776473a46842d30ed	fe108d15d619ab0db95469e3eb401468b8d949877fbc85ef2a93e40136eeb485	96ec80f15bf919b10fdb44bc6ad75a78b8c657616a8f49993a29228f2e853564	204c4d0ae205fd222f39ceb7762aa27b0d7325366176a3bcfec7eb34c6885249
1718	4318d50336cd170483f864393db129cb6c488c75b2bff6a3a0026d230b9193f0	f3e6f827a332118989c91c92c18c4cec9b256a044a6982175ab1b36ff4c4adc7	7c5f481b5875bd4544112a125e665cdc2b378388405950c901eb07f82c521041	3a26c4cac1536011f6675b15bda95fbad7207776ee92d5d11aa042712c5add55	8591684456d7ffadc7a1f50c263024aab326ae842b52d3ef73902db47bf8ed0f	d1aa593e33944ff5509a0d248f24b4272fb9379920b35a6037bc0457110cf33b
1719	f81aff933f52358a92d728e7020add9ca2ceb71e6e7c488d8cfa75c0d0f91a02	8929b2167512b67267a09339838c00b0347f8c1e4c65051f7bc58811c340de24	08221d2ade6d12ac45a4f9e8ccce0af7d6b6522f89b960077e91b502816e5143	0e0a2daa2aaa5c0186abb8dc432097f460b37c03d30174b385fddb216c08a24a	729fedcc2c1f2d0b17a0aa31a0052cedc7ac4c64989677f8cf5edef5470d0e22	5be1d59e3fa55a9c4793e06bbeb00d93d02edd4761a5cb78b38d3f5538b2e4c0
1720	aa80c0d5be6ee0350b45b6c83d68a15070d8e4717cc0a077111eb1fd2a6f6aff	047c1d8396204c9a9c49d72d95d62f42aa23305bec77575c62a40375640a7a47	dcd8242b995c41bf15eb3ecd4ed29da35e817fab9348a890e63af878e1e529b1	c3b640f51a45a8f9ae126d6c6e71a96c871739ddefd7b52e0e5ba0da044bc46f	9042397cf80a69d9fd0db0ab26388187b039ae5df1287bc8101becd1d109cecf	73d580a2cf9d086c38f2400ab20155a0571ae7ffb0dadeb6cd93dad8c4046bdf
1721	185020076bc4c70d6566a1e72d4fd69b27750bc750bf9d5a3375b59603d91fd2	c36c3105ae13f8bd5dcbe7fbf1ab496553dacbd7288d9a249018300e295e637f	bd11431a3337ca2496b3b4beab033fdeffd667314d88cc23d339223435debf1b	6e6bbdfddbdcdbe2e110aa9fb1557b861521803714f3682c43c6cd58013b6d5c	3d2bedb9f43a0dc0dcd2bdde33026cd60f5b822d2f83b859f6a87c0f03ff8bf3	55d8083c8c82e7a1c6b71719d0c74806771459214b931695c1eb64629f99af8d
1722	512fb1443d87525042ce11593676a2f87d9f2e3b7a9f6f32e46025d84b711988	4d55da44962588a6f6fbdfedd557f9fd7f5b87bee0223d2d3bccb3ab2cb0dfad	6af44464a311426848165d249085f8c4e8bab27d2c52e4f968632dd3c679f854	8c73ec556884db1faf2b089a879d78e1b0a4a1d57065f0a4c10b42e58e8076df	562c1541d04081b61206352e31d01a0ec1f98e2889d00e6e869f7593c9a6e6db	c732f75298ffe8186296eb624bc95130e53401885125ff901c8ce7528d11aa9c
1723	30690d8082ea8796772c755fbc50eae7629eb8159ba7ee15f513732b64318383	60097fe6d652350019ce000e03cd5fd6611f9ea9956dd9c89689ce99d5fdd155	b3ec13ade96c7a23af505b4f136481defa61c9c07a9417e9841683ec7617616d	b985d78ca7f09d97d21ea51143b8b42b0355a1e5aa06c35c13a3e33d8e50d63d	c4252fbc9075498f5476437955727b3ffe22035a38094135eea6e7594cbc823f	277a5e043de66f46fc809fe12abe807e1333f8098f43684d86b0701f0724401d
1724	5947017993363540ef5810f07f3437ee4f2bad5cc8ee5a48b2b13a4ad4cf5212	c18308d305cfa130b98fe6b9e4b757ec8daa14a6be1e2f58e321b882215e4686	cf02e7d6a394073b1488a9bded57e64488aafcf6bce30b5ac120b12e2da83b68	811953c2610266db8bc668b7ffd788550819e1bc87ff4d23651f13291179ff6a	b142309ab116fd3f322cf8e04a7dc4e6a58fca2a3762fa1a12d52d4c7aea8613	907dd928328192601471f07ad7c77338ff1c103033f92fc5b00b2a17a293401c
1725	25b32e4b4260162cd7d9bc1a90da9d8c44c2420124de978a2b071edd925ca162	e1e48bea72fdc7c10baa16019a88bb958ff91c1c56bce03f8223a24f9dbf2be9	9da084f2a63018ef5e35650515f4e6f716bbc5b03a8bbf39ae3d2ed2922aeb09	0599b5e03f3d14e50dc7db488c32881ddf4e2ca6b721cee7d7202566925ff465	1808f691cbd00c52352d02cb1291124be797b0bf3bc22891120c033305005178	4468e809c6c85d5d6810a88b67af388342054ba0488af45a176a9d1ad415e325
1726	5b99bdcfd32e66217958438541ce23399a2948d3cd923940543194034c0d66ee	b32167eac9c1a8953d5fa90595e54320350b8954abd7303e533b697467eceab0	a21b8ca766c6f7bdae418c6b2cd6203b63f7f2fa8dc7cf6f2191edb7bb61d30d	ff46bbfb251591715db5a2e2048b31d086d5bf8b09d6745aa46a42379a5d5523	ea6f1c51b3842e6c8ac35362286706965834a71556b849f9271bb991ced90680	968205e8c59d34731bbe02bd6f7b0322dfe547df1f6b19aa876da07b90182f85
1727	151632bb92f2cb2ccc6b400faba5a638bd5b44da725fc0f14c956ce409b45ca5	927a0d4c0ba413965d67788c06aa0e0f3058724c27420602513fa05362c37eb8	5462a542f7e14c662179f0f4a33acef1c40003be34ab7b48a111de6a4c54dbc6	d31c9a931f24613f8ed8633aa04381eed2c2a97aa485436fb94d2458526a65d5	a8f5b3fa47339f81b72bf2e67c9cc736c2ff69cbfb5ae1c77af1fe57d63aea68	8df2f7f0354fd6ce979260ab5682a08eec550ee19e8e650ed68b1a5305ec85a4
1728	d5183914bb7916e7871cf6072880ffdb35f0ab4f3e4ead10996461d53c7a7aac	883772ab65d686486b6804befdbd15866792f584d4408e678a324892fbcaa745	26bf306a79e99b6da1e6561109c05111bf9f78c79f6f4c8011866d2383812833	c52ac3c72735447ac25b411a93d0011a6460cccdc43f5350d623880dae541a38	c4c4e624fef656c74926fcb9ee7c9c8a646666789eb82059a795c91591358a01	c66d87a51e1bcd35e8c7a4e4d4eefcebe8c4c306ef329749086f5f5455cb5503
1729	53a776bc7c0a4c2ab00c5c0113abdb5e09ee83e90d1afc2c9f582880b33eeb60	998a411815065b780066fdcc04d7ad46eb9064b964e1bfef956bb409d7141bce	b1854e49363965dc598c0fcdc3053315be0704c2ae625ba1cd9ed48071f6399d	f2f4156facde9bdd9af128ad3ec6b7328a0b65434eb6a21a4d49b4e4f599d8c0	daf6e14ff18b14237f562703e0d70895088af8d833340e9240f45063b5f14427	a279aa3715c594fb9f20fef17ee5b931745a01fd668ff26f40b5d20476dad2fd
1730	1255f9de68604565e973eabf9b5dec0b7031993800f98f56b9c91fd24c5fb686	55d097549d251d452c9fb3a070de885ea7f4e93edd34a8b76331207f2213c44e	1d1001009bb1fdfaa53a5e203156b9e0fd05f4bb45b650fce2f4dd5b8b220a84	0a28d35b1d65651c975e62c216175691910e3c8a719c4502e96c07b32ac11d54	351cc7a71f6a808ab3b31ee09ebb5e8c16f950d752211a56f77a4b76c3d588f8	3af714861b1a8557285cc97415fc4ab11181bf2ee87cdebb54b710394e3c1604
1731	e00618567716f447e397a3ec26dcf06f8fc435147223159981ae8f11447ef8b4	b05dc85e2e575f04108d1db7ab9fe17d1087f0a8fcfe216a48c1e63f946b469b	03b11d7ba64d010ba46e08511599af2d99eed3b2178a8b6058ccd3972df3666b	ffb54493209cfb264a2828af26aa66ff0a2a7436dc2a0654060ff81af271657c	f88f8e7804d8ae3427ae6c2805a3a5ca8d639f26d7256f082a731cb348921025	5814133cc9838d74bc0e867194cbb5daf6ef57d86f62d74168b68604a92d3f03
1732	fa1b33bd7c0820cf2da16f2f543012f746f7158079d20e6980b25ba414ca0165	47ac73d103836c35fc3384cc6d654dde945838fb64ad2eb1266227abe55d7979	f100f3a7ac3e0305256a8b90a522cc2345bc244f1058656c00e0cf8fe3ce6762	9ffe776226688f56f6aab051b6789d8b6f8da57b452982cbb929a753426baee1	cb0374342c288a3a47d71c9940f39337b8430449c963950b2d27bcb3cc768d67	15b636b0e6995f7743c7428a42daded39d2d6c0745355bb135e5495419fd9d54
1733	19f14a06a0edde63ed25efe338f63a34f32cc26733b2ebb70946154ce82a8460	91b94bee234d58e3f43bad73cdc9e5de2689b8917e39a073ac0157f4f4d0d02d	68090907e2b17f41a23c15cd2d33d3b21f5f8d45a3f69b580457ddfe3ea9ce15	29cba34a8b431e84a1033cb39a4d132fa7dc69111ef97f7d5db7519b77a11d64	32bc1e590ea4b842c7e7ee3d5ee33ef05f3202ea60019861f5ad9bfd90d6aca7	9f0fb328a67f19f25144ca02565c7e7a5bc82d54f7b500e60bb430c09774c148
1734	a23e3ea2292037f7cf3e1c04aecf7436d4055f00837e50b47a1b226b259964d0	d2cd3d2a52cdfabe716fec1bded163021feb1c4a1c811ac2c488bd3a8bf15a4b	301312ca7fb77e4bd9d6a97676d5de86897ba3a7a8c960aa04ce41d1422cefd4	c84b6a8335674446e1762d678520dfb8d49fa45be3441d78c6148cdf62bac4e5	fda5d626f66399e9ed0df5485308b7aaf94c9d8503ce7899cc548169ae30dcf3	6c249ea59c046646d2abfbbade11dd9cfd164d8026318cbf22ea5801279895f8
1735	45500a034c74220514eb48c1479eea7d7256468632ab8e045ae53cde39514ccb	775c0c7cb06f4724bd2348ab3edf242dde72ecbfc3870dcf8c49e518fb0b7d33	e80642c75013de4c13198047ef088e7a9cc95d43a4ff3779b922881868c264a3	ce891a5905a39449c971e53b37515a198ccd974fea3861769c2f9e5e49215f66	2afcb74eb7557cdfa4d7319ca0e57a2491b34422b0abbdcbee453189ef9c216b	31b6fa348cf148b192ddc45ad1c71092bf1f73f81fa6faec9ac498cd01a1b8cb
1736	d5f090218b71e7e4260db44ff43f3bb0d899cea99ac5e68afaa66871a8c07742	d851e5fcabc3efccf23b8edb4ffb55176d8f3c0cc23faf70c8b8c8f126827a11	65885c045a8c3eeb30ca4655c2f56864f2f79f43019e2fdbcde50aa61f345890	1facbeb2646873a1229c1a90d3e0195d14f87616094b850c9964d3755600dd32	e0a999e42b8bf9b6cad304e034a9ac7bf1a95990e27638e2b075f6096cd6aca9	afca85f3eefe591382b8b96be8b02d3bef59292fc684940411ebb641996a6cb3
1737	132c0a9a24ebe0a42b8677400c07b4a6d7bd8ea8c452253da4315f7a9b8e31f9	979c9c6a7e276b323d4d448ca59338219446097cef491e569d6d81e06a2ac294	83390407d287a1bee031a1a6bde4f886a943caa878925d6c799746fa43bcfe6e	54393b4f4157969467e176de23da5d40c5acb872ae3adbbd76bbb19b2c76b1e2	eca0b3e5ff51e31b01965bb1b5a0150913f445d5e16e2d76c793ff1b1d9f16e1	f2a675259d88c1893a782f1a17326c442d16c22b97c86573ab1c939aab8d3caa
1738	0c1b1de1d2fd19af8c5746f2a788c2532aada76fad9951e5abb46daae1fe3991	1c695986aedfb77949141e609fdc1e65bff1eaa4f8980866e46600a1217fc43d	2ecf4a9cc274e465f07e5102f3197f9e5e1f872b5fe45a6b224eb0f688ca8661	a1d8961d1a05bbb6cdf9f5e290c484aa38a7440a62253918da99c74246bf1fc3	d2344b2fc71c90878721daa2ad24dffc78159bd0aa749702687eb8e2d44085f1	ecc5b405a429a3e18f60a8c680214e34cb3ffbd11d378bfbac5fa65afd21a35e
1739	2e321132a92582b5f2a11064bb11413fece207266fbe64c9d4ffd05188431d47	b828391ae9796f26ff64921d90458e2f9a5450583ad4dbcbba725241be0fb434	31313110816a2b47c7414370c0791a009015d3addb6f9272610461cba503425a	1fb5d1a548e435f252da724cba4d6703d81ca4e940b9af11248893dc52cc360d	3973ddc646720c006c2dd08880c4dd7684b320c941e93b5b243148797600bef6	6e6a0a5aad16c4a18cceec89efe7e257ffe20b8ee1c13ee6d3c0e53cf1eefb7c
1740	4506f1303da0c28e6c75b19b58380d065525bda17e7573feb0fb6eaace8b047c	35711023b05608240adf4f29e9da1675466769b192c144a4093cf6dfc9f98f21	dfdf0f3d1b5fa1ae802b0081ac0540a2f2be5f335efa539521db9835613c2d40	8a6c4aacf10953c29cf35b46ac3add2e0272f6c1e2bf7770db723ccfb69d10b7	bb41abe006dc4d8680c5b3bb4aa7d1d7e543b33d41d7fac51407f39b2b4b77ab	00bf0471ea50f1dfb39f29ab8750eb9e2fdfcb92a913c2fca127b9ac287527d5
1741	788ef82180d5c71a1e47cfe5aa4432e915ef9f1178cebac87ce1f0e5b086868e	4f272675c8c0027393735d5e879b019df5c28c1798596511438e228680c1780b	6ad15c64badef44124952ca3c4371ff55ff3185b8b4039cc06481722ab7df8f5	ecf289f146a0cd8d7ab629e1e1e0898c64a16d426153ec696d0e1f09ff9d5543	34f0bb9113a57800cbf73e193b245b84c9cc6ac81e00deec4ed8071814df7870	eef12bf91d4d071f2cdbacb46a650f51987f77276272bb9555f869f239be929b
1742	83b59c00424ae50edff51bdae7121483669372db0d38e3d3ab5d351aa9e4b453	3aae55ca5e340931bc340b2ed5a5a2d1c740f1037ee434475c0c53a953ad01e3	6d9a28703245adcafa740f28cb0490217b1cbcec4a416cf2a5a204bb870e6300	d184a0596339b96280cf9c164a3ca09cde75b2b10c7192d24287d863b199e435	4ad4df521420dfa5ec1075a15def9ad21aff52bf20801e91f358e762f9859c46	c849ef100143a3fb5c8d5f6407fa43002e943de048b06be59893904f5114f262
1743	7f355e88b6f571c2860cb82b9f67e81562d95649dc5ebe40e160fe0da89076ad	cab3c48e13370242e86091c38f647b44131642dd0e06e77aea68d8c285a9e1f0	369e0bcfd10af800e4f20c59bfc9439a9972d8408426f93d9c21d12a4df59dbd	dfd3cd2030dacf901bfc44aa20f4ddfdf57fdb2de711557578fa915d9890d871	fbab5f4060a1844cc9adc820958e94b43c25465775010d31a2823d82d85fd60a	28a45d6220573afa271b9e31f4b2f5152d95648b014e792c6cd34a0f9bb4765c
1744	8fc901642d7bc8977766fd72b235442ee18bef5ec8149f82598df303b9c3750e	825a7a683be0f94280564b83ed7ca0d1ff461d0e3ea7ce03b8e9cfb53e960dae	4fb2c9b65628cf37dafdf12e40a33a0fec90188d9e635f6f0c2a54e3832fa292	60521412c53889959a866162a76e9970c62a5e4458d5fe07b1441a1680e6fed7	3008b53430a5c29b1799a326341756aaf9a6e5dac0645f662e7bb6dfe1434c8c	19a6ad9127af73439a6cbdd05d3416a46cc45fa9357b4409b5d6d13f3de29a27
1745	c36568273daaf0590ffab3cd2b07d88d859876c4161850e2eab1a3d36cc5aa11	a3082d8e75486ed2baa70c013afc3e9058a9347a40ca769a5c2a0a6c04127570	70ed2e5372566f963c9f231aaea62c5201e20c662c223488d0a51e08a83a8ce8	4adcd98db8ba485e103f5db032e2f54bd3d832fff7d0e15d00d1bde0ee9c4754	21aa00dbc1c6c89e4bd8f1be38d70316d1aa9203f58f9364872901303a323fa6	d48c9d9a6e859df657e82a8ce048f2b232fe85bd4b1b388b7f1b12743562e93e
1746	126e35249d834970ac1ebcfd74dafde5a8f1e7d5338a824a2df5d84dcca488ae	8d30e49b0b16e72d05d9e2c70b4620e79c41a81e5d04eb1cdf00b8d1909a702e	b8b0a40de4c372abbf74f39668990f00b435258580d1bcac40ed2050e0f2c189	b0e131990c0222d3b418f125a53f823d055e00c37621cbf3422255d1ca54eca1	cf73760a6c49708a4bf441a0afd1e7c16db4ade4d889d50b121f43d6ffb6eddd	d9f6a3ff731509a2eabd67827a6e4f17004e9bd786062785eff9fd06b8aee802
1747	6186619156c53931af9ec11d4b9c572874170ad85ee903b922b82938bdd063d2	53385b26a7ef9c4686ad06902ca530658bf7e0b904d135548563e45e7002bb03	f4b5b41b62693800473ae0f6fab680869c23d5820becfdf009422b5df9d9c9d0	a9fe227c95fb1807273b84044b536c44e3fe138c5e837cc058c0c4b77afa5b5f	c8d716a89c9521b4718dbdd3ee7e73e3c68316a121eb842f8b2e1fc13737358d	02c50d9dffae8cf2de6201cd24c124be92553d4cb95c5567c0c22924f388701b
1748	feab416affd020d5e4a1c448b2fdaf83454df6c7847f8afd61cf80ab9eb50d29	cfdf28efe32042b7df68af675894e8869b6aa399aa8e6006e616d0091eed954a	632317350782889e54707ddbe577f0a96b829e206f83bd8114eac8009846adf2	169fb54b69d83b345e3afef9bcfe592bd7bd012e286e0b16df658470877124b1	7fedc6067a0829c87035b63cdc38a7921dcc873d39d71d4cc7512e3c2861d13c	9737d0dc0959e4e59c2e035dfd63521fda38dc320d04b93eb685b7bac8d0cd58
1749	84e39f3d90e3ce613178162cc7220515bc2e4ffe395a881ffb689ed775b970cf	04c45b7865aaa615f14e22a4f2dc4009cdf6e987f051ac646d22f3a090a00d54	81c0b891f9adb3575a815982945f45eb8bfb50af670ecf942d49091d60b4ba25	62a0771226beeaea28e02ea52bc4a9a06f34961da86aed3c0d1c352f06841b92	e4bf050b2b65da4575fcf943d81ad48c9c7bd348a510a0ad9bca7c5050af326c	b6f15c6fcf86fc135a3289d2dd2515745ef56dcfd12574a3bc18566d3ab06536
1750	22b1d579c45f9719d21f2f4c5f09c65765d9f1e5fe543957f577eb0398341ee3	868b51ac69238e305b23617049519849d114228eb7ab13d1c77dcae4ad131798	3dded708fdd2e853622c1ea2e2e930c4262c97db657c515cce3159c51b30a157	0526d9828c9f63902d830eb8410844444fb2f882a5ca6a801f3b601ed25c586a	35c4e67cc3f87c6c094f5456b159c53b068062c7a192ced77a73db7ac8be1d8d	74e93a661fe8f9c5f1bbe56058e2386dcff099c3c0045811296835882efaff08
1751	29716622d909c8b14fe343223b46855ca859a9a4bb06aafc38d984c6defb100b	91af2d89a211ed9309cd6e646135bbdab762e74c0e4f39cfe95121c3dbcfd6da	471e667f8a9856a7718fb9242b4ecb5fbd72624ecfee831de37c3bf71da95833	0173eab1d3dde2fdd7a06fa9537ab3621c8ac72af2c80419c2d452d4e0a5734f	57d8325fd3ac824e1b505ab4ba5ed9d99c6e1c5bea750f9f0da661d02a3ff51b	4395bd8dd2d35387c5be1632327767b809f289ac1b5152403feb44b182c5ffea
1752	7ea7c3f62de945e2b4a66c0cc9b4ee4c5ae23464496535bf71ad537cba018cb9	5b9987070cec002105e10045d18bf8165e8c86f7dd835d48f264a082cd792359	e1a77f009ded883513fb4eb379cbb6875e4ecce7cfff2f438125799d69789bf6	f863b87a0caee49ffcca018a1a710958357fecd5bbbe4b12d2b56f2ad57548af	a1844fef88be13c0a96cb75999ff0872c5615a2ad3f339dfcc0420926f1ed8ae	0e9758d5c1d6eb510af775610ab79e7030d86fa65c2a8009f8f5f4b2e6004a53
1753	8027746ef96b3622a8393f3b665074f33ae5c6524f4c50ccfd5fc0ca6571c160	06d0760978397ed5d866c2fafe810be1543d940d4c91547cb8b44aec17c65c23	5397ec199afa77be1f2fa4a10301c99abe1361477457baf33eefef59b1baf3ee	35d1bdb6b5989a49eec2d39f4a162dfaaa51b71b66ebc165255748e2146366a2	43b1f6da727ac3ad9d27db1a7475955c57b49b4b12be800567b1733fe4e1c42d	d61c29119dfe283ac6e52b116b3a0bfd5475d54a441da486070557bdaea1ae81
1754	53938f6c067c1bb3e80a4adde86f54e4d91129e576649337b00fd3642988b7d0	a13d4d08d1e5f8d02e9f7239f9b830e1fe81a4d0190cd5cec1b9c10677c25f2f	d20a42e2be019e946432402e15803fbdd42d59d12e3ccfc6895697307c42c11f	b5ae7822c76328368150bf6b18012553049a304ca09d57e6e950f3794ae2430a	f210515de40f2de61500b9c33545ecd47ab13a8b89ada11d5bf67aba1c8bda9e	97bb362f01cae7f932060b70d5cccdcb617b966bb5ed2965f5fc7b99b2f1fc20
1755	20c70cea1eec9d984eb2ce3abae767d5d3eb023705120e96137534397e9c80b1	9741cb6a13976f21e315139aaf05ca03752be3930c5fb86767e307f20a625260	5cef2287c299900165f4c96c36b9a70b2a55c9bfe943f66e78584084be731efd	573e430d738df81deed77dc71e2369ad0ff2e181ba162b3bf700f91de7b7a819	c7bdee480cd9bc3cd2bcafa768587727feaca0d8be3fc9b5fb75a5e6e7627a19	51690e6ab63e73076301ea341e67088b446e58b9c4042ab39954d2a69cb057e2
1756	8028193e38f557cdb4a0d8fec4aa6568f9ad9889cb360007eeb50109b1227413	a4ac2fe4c2cf5310feefc08b73839008d5b6d0b091b17c5034bfb3be59647426	3f3952df052bf8128050ac5609bd6891db6dd7c598b3bd1aa1a356256d9c599a	1fd6b3f722eb31c6382e7a35edf7eefebdf680f63e5712665160c7964476ec56	d051246a62fb98ef56962129921867be6af72a5d962cbf9efdb0bf37d13e2381	88003abf596c93502ffb3e64eb338a4ea158834507f5d8f4bcb6a6f7699b423c
1757	f316d65365c153eec3fd70991d1cd55b1d94a4eb27ed99e9f55e3e3b8d5c351d	2c1d6f3537e0aae4706c5578afefea288f4e6242a6eb41e7fbf28f4bdcc12303	7313189edd8fd02bb12b291d06faace364de4d00a9640a26dbbe332c0d68c19d	cb7263ce4f1b4ac2c1d6e142c7cc25cda601ab4192517e8403b9f2eac707831e	7a472778f2b3ef738e22969673aed25bfe97fe2172d128db13497d19c940bbed	73969106881bbf2be0bc6e67bdbe34da0cd11ce742747f19b75cbab432bd49b6
1758	69b8339aae40b5ad21ff184d813f236bb1e4645a3fb87740886c6d64fc2d39a6	154e6d7aab60896c48b3060f40dc87332e5ac520bb492fe653136db03d843fd5	d30bb533cbb06bb46655aae443790bc4c369b36248a4487618b296bb63b163b5	27f8e843fa5b3ab10a1f5456a5ae8962081d77c848ce2e52f5e7744345ad92d1	a07bd042990fcb8809a97a8ce3ad69fa085aa1d5b25b36a2cf0d6010310c37d4	f0cd79b61c0264296b01693441e6764663d4d484206fb54719f5b05067411cab
1759	2507ea17719457f4d4afd53e9e3668697d6001156542aa24da4aae127c941fac	5cdf606898e568ae9268f60f854eac65ec53cba55cfbd4d025e4d19cfcbf44d7	9e9f26e4fb83e9cecfee313fee27c9b95f006b6cf4a81fb4e72dbb659fea0887	f815bcf059dc9db17fb3723ec56605d3b455ce5660bcba7d07a30de320c67772	ff22179214077ba01d75a94e07a46b1c79996d1139e723a8ad599961aa0a3ef8	05afca90dbecc9dea4fca34841b5a258761350e10ac3be57960cbe4b15d92b03
1760	de4e47c63c837a7909d82737bd2fde4d7cafe5b710d2699a5ef50ef13f784926	3f6874e1e5859f24c5152a3f69c7d2e77f8f1642726e94a097b76bca9bfac8fa	fbd2daa4598490a49b03c0ed805c91d3e824c98e2c14706bab842d9dc81dcfcd	856e44630d3db0be7ee0115dc423b8dc55dff0a9dbcd8fed9a7aedbd3fa446eb	18cff4e185f9ceb2e00475c00edf1fe470e0c7586ad117530e9ea01caadc5f1e	815cb517bb25a56b3f3bbe936a0063fb03491a65d3e7778033374dba6b0680a5
1761	5767daf5ff5fabc02cb43a94ebe174e2c9ef7d81b264ab2e0210baf5aeca20f4	49f9ad98f735bc0d632e124aae7713ebe475f9e7284177d53b83a56c553352b4	918eb8fe1d9c22527a18387f934a302ee5f4aee40c447420421d76025bfe0f9b	fe3c12ced57eccc955651b5f0c1427b6315e8cd46292ac34758375d055fe3579	eb0b79e3992dcf40450ae7b423a6f94b2bd3dfed9dbd68adb33f452eaaab48f7	ca8134e86d90089209cf3b432d94f8275402a8b3cddc5a05d8505edc19dccd55
1762	6f4e7dfdf5c84a73947b141d623cd3bddcc88293feba15cbb1b3b12024e81f94	4f1aa3697c77b4ad3f48bb6431ff7b5584791183141df05f38107bf716c4f7c2	ffdfb2fc8daa25f08dcc241d3c6e8e3ad32bc0f0bff5ef1447e20b56ef7cc0c6	1d0e019a912f4560227de9f0cec7c02ac9898a1726547ce4f817853fc73ce815	58c28e4669d65fa1dceb39b42df619d67305f6ccd5cb91467aa7d3081ab60fcf	72afa507feece328dc2a8c9c77613a16d67166faccdec6d4e324305b4e50962c
1763	7477311bdc7e1e72fa98c36321c666dd99ae51830ebf69a1a7a3fb684aa7ca16	b5e9805f9e45f17a46c45a7fc4425112ad4732ffc2f66ecc02cccb557ed8c372	e7b58158bf9201f462bf17f991ad9cd6d1218eaceffe869cb61f5b43132cb27c	56a894cb98f42b96d596a41ddcc6760b2ba637f34f6653b5317bf18a3ffd9f02	3f266913700353e96fca529d411e590f37f409de3f56b8d3caee78c63105ac4e	ab6759e8b26aef7eed840e55605f1ce89e2fb43858fc5c49cfc8f7a0d8fc7322
1764	1dbad97bae4bf11088fd7e6efa4d96ceaf9bb9e6b64972c8a5b19e75e27a14a4	42649523b35efca400df79803e6cb4ab3c4dcc911803e51110f3a88e670c5d79	81ab392388da0304b712cb98aa74a356b30dead040cdb2e45e579a112498b00d	91f33449f0699cfbedf910fa1fbe67ff96a6122f8570cca7d278228ea152f5f9	04d6f87073c61294aa5e045ca10544fdab2bc896e2e53728f375ebf1bc71c7c6	c72140c0929a1f9abcc216be3fc7685503f9813b9f68da049d19b318195886be
1765	6e160aa55a4ec36d4b9a6f11694c466499ca57bc641f3ac947d826be0ed33fbd	522c6647af7ccf7c0220da235a12498b44a30d9ef7cbfb7b82e9446fcb1fab10	5df7ce786a520fec5393313018d1265b58b8a117b1cc56828ffb76b0ccde977d	203571bbbe83cc64e1c2732be62ad47511ab46e7575e956aa78274176941e4bc	68dc3eb1d950a5b98d3ac260015e4d9c9f9638851c973ffdc0fbb8b134588535	7a14a385a7f2004553113a5bf0e7c83aea710d220208c8e84ab7af19bfaadf3e
1766	032799057411758cac9f99def8507d4131e617ac258b6812fe5589c836a4c30a	38e7d37bcefe566e1362623f3bd1fcbcb38829119576abd6daefae45a247a5f5	a4d84dc4ce0d5a7365b438c27dfb1c9397703a1832792347885b86be510c92e2	57deeacffe01a798a8d794734e19e83bb5e27f43a2175f26795c11950576e012	9a563883054789047be7b46e7b8b7bdafd4324f2dd5462816fda74ee9cfedff7	4a91d44240ff5ef9853aeca93aca0e62a3510fcaedd1cd83198e1f4b4dc2d320
1767	7b681b9005ab603f2e2f4251d1822d0ca1cc38204738f178568dbd85cc206680	535ce6bf028e88a2f16e05aa1f874cdeed53b4245b450c687126d4467fdb0d8d	d93016ea0ea5b13fecca92384f4fa299cc0ac29310ebc1c5abf2038571925f2d	db497656533288c5fc58c6ed30a22454ba5bd2ca0563f1c5bbdba2ee428e7c69	2028b72957961c455a6a8ae3fdbb770128ba88ab4845bfda6e26d09bdb24205d	40b1851375458bc245e3fd0453abb8ea46230502aa82670805a13dbce7925814
1768	53d606b41754a039051024467baba043a15d9a5424f00f00fc378a6c83f3903c	5d2cfb44e684ccfcf9656ff2bbad1d8ee86da6e9d8bc6a9a73dc8c1b2ad163ae	21551a5d6f5bc8466cd586d26d04590d27252083570e0881d8e538ffde7c8667	bb66336bade6b81a99310c0df39ca34cd05ab0f9f6f84dcf3fce5115927ee9fd	9c145ab1e9f9f4a62bf0b8fc3301ed22be4285258f47a410fc3b56feae5d4560	619d3e56bcfb72bf8dbf4bad67b8484c1e49f958ff063b7c5321e2bb5faf1ecb
1769	4776e1013a85f0c5fc21908479ada3ba02ef27f924ebd629afd01ebddff2a177	1d1756b28034c50160e1739d0310edde76c4952da6d787b966b74ff31e882c29	496b43e71a5ad3d28b69b2ce7faad81849e0dff9aa9ed84c7926906b4cddbdbe	968373b6c36fd30d93954ac96102fb4eaa49be82b731dde58fef3a76fb5bbecf	fab5f0602f434592a64b8ec1fbb5da2ea376fc3492b9ffef23b384169468b3a3	6129af9025bb0a671c16ad2097122b5fc364c6fca837b7a8d71c9cd7fb02c26c
1770	fa7a4e7cda32e8d761e7bcc869077d5662e56b40a58491b54dd174eacab5ad56	f41b94ae17b3c79a0b251220c5fb1086b1166bce1cac5dc0780eb2985de37ac8	5232b9d923880a607e3fed738a3635d479ac91b23f1b1adf06652d3722bf4c2c	886257dfa986321cc77925f1e177f0ebbd8d83072b43da2b9610ee0e7fc26065	9daead7da167d871651af39484ecd64acd1e1c820ca7c9bf6138de911c56b666	c151ac719fa8dcd440d8c1a0256f60eeaa19b57dcc8d13b4a1c1efdbfc1c987c
1771	58119d69e0eb334b183417d1aef2a66b31dab7814c8331462b0eac03d204fa17	286e7407745d2feded70b1823d35e1ecbd00f41a0546d374821cef5075a258cd	4345df48e44f1a23ca997bdaa2573a016924b74df94d597c140e2ce00bfcea98	fcc74e0199071e7b39dd809f75c0c6bcf01a5003b28ef0ae6cbf80bdb198e976	fa37202e9ee8a09893bcea0eb1bfb0aa7a49534d7ae0415d75b8dda4a9adbdf1	1c736e88dd973f88e7af7a669fdd2948582c32505595e3ffdff944784dcb3dc5
1772	c991f66dbcd66b1109a3f2fc8751400f33cef677e592e1e51c4d73d77757356d	dd9685168567c2a050d1480798bd7bc9dc70a3b08f8a22731884b33e0510da39	0a8809442b0c71bb29e474086d42a1ea6f25a7283cdb033efd4dad9f0a6c858e	f03099dd07d50ff56aa4b469ba61a49df9e97ad3a9313beb5667e93f8256881a	4fe72684444e2559f8ef36d729dcb1944e379d001e6519c67d53037443430bef	a11e462827bf4f67165051c1ab5e81fa9a37705fe8fb25cac72f2f9b2acf3046
1773	464cc64adbcc994ce312165d86738ad29410cda2d5dc102c4355b79498ed2a8a	91798fbd4af284bc23c188dbe4e39d6a4bdb2f19dc3e9e435e7919f1dcc9e2d6	f72317d36c8b7415c2e44fa3c478966eacbee406a491f447b3d93f703e08bf40	d09713ccabf5a9caa73998029ddddcbe0eab2c84e67ec581558dc7eac1845da5	5ff847931fa38e273d94c3c75c02fbe42629f283b59a2f4dd9d5aa12b2a6b21c	f9ca815183a227a95986978cff515dbd75b983326f7cad944e0799dbafa7e8ca
1774	4e01ad639311eb941345cbfc75105bd577e65315ae4ce43c5d567bab480abc52	f7006d3f88beb59cb04999f4e0cc12cf94478ef20546b0c49bacdd9bb85401bb	4ea867fd0223500c6daf0ac2040eecac765e57937fb52910cd79b3119e647be9	6a5d1a6f40e540b845dcf914d9a3feb7e9e6b4816f5693314f133ce95d711689	8c3a84bccaa7d4db3a26f68bf00a00c74df79cf43923f330edcbf7507dc985b7	f22a39377f676e2bdfa4ef459dd600da752c32c3184967ed3ef80108ad4a44f2
1775	bb3711da7c7707b9661fb0bd132c544adcf364eca168993ae2b360bb1ee3376f	fda28c1c0a1310ccf9305c7fb455cc7656ebb2ca5fbad71fbb753c8a47277b0f	966c605c7e9da360fc73a480096729b2e66f102aa131556fe771eff59dd7c8ec	08cb9d24f358900f7d80a8d155581eb62c2224685308d9da06d16486f1c8f08d	9b49b35a33baea4306e6aa866555c83bb6dab5db14567f5c6929501e4f7b4e76	839780b512a90404723362f3f9a397917aa2f65ce8f122c81284337538a4f6fc
1776	a8fe9cf30a613227fca63757616a877e11f8698d264e2208d8cb4102ea0a392c	550750b30c7ab60bcf5aa37c5ba316b8626edefa0bacf12b5ff5a0f405936291	fe0174bc049424a68fd8a4e120366d29e95f6627e6e446af3a3d9daecf5f15d6	6dc1c3af237ab5f50830af6a7d847e210c5393ca194794fd07e099ab58a9927e	38876a77548ac5ba2d92f03f0e81962dbf3ff32b6f3b6cddede0df9832a8427e	af866ee31d0dd354cc3436a42f6b3ff6e943d2cbf413298905404daa25fdb14e
1777	6a10d9624c6ed6c5a614afd6cf6b74b100c58ff27159a8fa9a8c6767763daa05	e00fa43b08863f135401a86da6d1399f21c80fdd5d0067306639db6a2a2887f8	3afc868f6a71a70fbb881e006a20b9d5f0276b1813f9b7ea085eac19fa58ad00	29cd3d9c915a0825aba0b2aba9ce6e0c6e24c979ba0d33da5f283891f7ce6348	a4b4eb53e319022225212139d81eef0940e15f5a25b16cb7419dc62e0f11002b	025d66a18368aa8cd83e89e7e83fbfaada097d668888868183a8542ab6db8f78
1778	3b265a9a8701705f09104bbd8a0c645dc38c8936174f78a9116785f50875a4ec	d9b18a6d40aabefd8034d9bbf5c4ee1fbe3d70b08052ac58085edcead3f800cb	39f309d43247ac37c734c75a1e3108f334122c6eaa6aad70289c214198ae3c73	d00258e02066973f24cd27e615ac0da3bcdd94c0a699630ead82b561ed7d33c8	98545753403892e5dca6821b43f8807af7b7efca14deb4017750fd3ae72082d9	055f1e6a6792ec5c9d8e9c32c0526458df28d482373776024f5f164645c94aa9
1779	b4459cc5391710477d4fe6c9ae439c63ec31c954418d5c7654610be7f48ca340	369bc96bd3b7af10cb6970521305e65724066301aa308cc13657fff990b6220b	b067a1c4e92292a7b9d095d5e6e10ce2048dbeaa3565f2bd694c9dd4d208bc08	24b509e08c5d3278f55b717b9a82363a11a86f269d03d81410d90a63e3fea7d9	3e8d23e1c0defa72481cfd9b0ad6434e0b3101c29c506ccec98f1f1dc6289cae	779877b5576781eabdecc71e06cfa72ec3e4dff8b48ee22fc0a951b2348af27e
1780	ca453a3e5504e530c6e088e974cb2b7ee8f56708880e101c9e167cd42c42ef74	3c6d368f1faac5469c87b8d04f802e66e73fb6f8543880a6e8259d21b294fa28	d0258d075547096b7b761807459e9acc5c8234eb4e6c3098c02af2a9b8772098	06d5ed91ba7f13a6ebdb53f33d63ba4b72457ebf3e19c983d13f4614ed992a3c	93663eb298f358d9aff61493130b0dee2140adb856e25ba0892512c580720ef6	a1d82aff71480a0b92584fc10ec8808dcb8fc7924d432feb279bccfe8bc48293
1781	e93a06633699a9e2bb7e760f93d1d5c6b3fc5a39ad26eeeaa945ef63967cd0fb	230acd49d662b8d542676eea6059034c2f67614f475264f2dc1b682b7d28e4aa	94ea7b4f2bd86a3f91b8b7d3c915d78919138fdadf2986a024cb3fceeb809b96	300f8f14e088e60f76dbccff880d4b16eef8bc5326536ec1ef20b2b62f139df6	dbb08b88a2de401cc1182c2dcfe1ed9c6702ed829c7a6aa4d342b21fc5771f16	486a1a4a2d48bb7a032c859efc6936c88782cfeda3db309a713f74cd7c50dee2
1782	06bb5fc143afec524ce7e7b65a2132f00d03509762834a69fdbd4f54e8890e38	7a0c27df093163882015f56d1385089ae4c1ee283edbc6a417ad9c84a506d035	e8accd8bdef0ef2934bd2a8adeee17bfe07f5dd5685eac5bdd52e34650837360	854b09b1e1902274ef3892a5556671ee72125097da9521470962b39527e7942c	849c5a10d6d502e30cba99e79220eed6f96e0897c6cef0b6bb3343139a1dcc18	8ab18cb0415d557a3310a95053ae74757528a6ec29663d30fab4ebb16b26440b
1783	11e55f3529dfb015ddd45ee73133d4ef40c79153abbfd9777bf590d34ef0f69c	b75e119433139917a1bb3a92fbbf439ffb5cc18f81f0b3e1b11d32b20793cb7d	b0a33c16771ee347c09419502111a77237d1bd960a6e179b540d0b58dd90cc0e	348ec6dec2264631ef3118d3d05f816ac8f2a21521199f54730a9eb25c1106df	dae2f2cd7ddc86eb5488e34bc57bf718dc90133416327f1dd05655254d8e2403	6ee5fc1e390ca7486b6fef7f539d39bc59f94dcb172b368377e1ceb2838fc3f7
1784	b26ee28f33a13cd45ea37a6284049c08c2b6200dfd057332ff74fec73a7b2938	fd47e976646ca24a4480200c466b435041d9d1f89ba159e4cc05bac08025a03b	fc2dc12c7a768e1eb124373933fd000628b77850c82779bb5dda4f61f1b44d25	292588681109b833eda4fd3bd87d9f3416bc01aadc34a0d3c79d00e7fd39cde1	4ad54b15d65383b36fae26ce9ddb6767afaae1cf18551eb8d07e6bd39f00e7dd	88423cf88039cf0ff335eb334fe8270a4a20a39ef5647bbd310eeb8b33cf8167
1785	98a5e05fc148c42161df616dec2a95cdc56f248e13e57b5bc71cbbbab81030f9	d90e73556cbbf4407f8de572d8a4888349a6e2fecfa1de25780f6c9d97ef9f9f	4c5f735e53b000724da990a7ef69a401890a26517802233c3fa011701d5b610a	515eb03e68d234a3278b0321c791915bc8c7034e0e3766c048173a01384ae0a6	7a1976c2e0cd8dececaadeb4a05e0f3ca4bb36ff1f4bc1e91101300ca1d8ef13	5b6a7dc34ae8d76ea7b1c676632532a8a442aab6c4bfd1796593ee2604d8ddbb
1786	2c220a86605c8bca6dc2bda2e89a11eb32703b1ee04a3d9e98668e6793bde768	4d9337bfd6f199494e5969f44a6b0209b12a9da2fe9f36bafe6b663a69f0c340	b6d3a52b971ba2a7653e9299d2845a37e7418923572c13f1da8a523bd4e68f4a	abe95b203dae97716618973069635d95902f59b04816836a32474a75fa93c047	a7b477db7dc808c3453de00b3804b97fe6b473e287213d2322183be0b4183d3f	611e6d1cc10818b55b245ce228f0f1bf89878989a482dfb3a6ecc05b42a44a82
1787	9d235bab6b734a32de11d70aaa7b0790623785ef6b5e73d419989d03959d3881	4401a31b11e87a65044a083fa695c2c9c0079b9f9fcc3d0e74d392f7309c11ab	0b8f198950b1099f946499108972495fc2831d3432156af0995e5bcae2c3f7e3	79dcaa007dbf9bf02f1c2d1fe01cc415a514386426bc64ab611ee7969563ab2d	049e83032632dea0f9ba9c70f53db67b36930014deef1ce297bd19db44e2b07a	a725849cf706f36e9f2c1c127cfbe1b12129095413eb5283c41dbd56a3b1ad39
1788	1fb3d8070e052ad82f815210f73c3e7e6b235f64069bc70f6c3aaa9265b848e3	9748ac756f529d44cfecfc39b41850d749a47e38264ee47cd868859eb60bbd3f	ad75113bf4536df8c92737e393b932f5bd9b8e4901272484569ec4761f080824	45229e13b3d1bd2acbe96864483a1417379dd47f1c5421c15cafae08cfe7fa69	c3522ee8d6e4d78dfe31dc9ac3cf9378c2621c848d075efc523ba82c7314d8dc	c54f02b2297af8a0c46f3b42b9ff3102138371d508593ea3b0389d68d86ad3c1
1789	2c3f519d012615869a67b68d0f6c07402b7c5006dcec3b3f56a6fe3da393dd8b	c1b79eca67d7d39398bc9f780d389ecc420850a728de79c1e89a70ed7470773e	6c3783cd5c40aa289d4ee3b26820043a0f83940a9ea59b02907fa9c6793d1f96	b575765ef041bcbdbc2d51bf2032f1248cc40390770f2e20d93ab690608c861b	333bc2d10474de107148722f232e8b9bebd950e50db9b34cf2a54a21eb61c740	5af3239eb48b2bca2370a74118dd946c5b3058f143a02fdf38aabf57828fd8aa
1790	cba187bfc42fbcd74d3dbc73cd4e14c4d5a4ebcf7d0d6d4003d6ddd1054c2789	12621ab372f0cdddccee4b4ab7db2e04b77ae3f1e5365835a99ae80b1ffae5c7	7293dffd8121953453cca78aa8d2dc81ae1cdb112f69063e5df2de1fe9edcd79	1d35a9741397ac1ec6337e3f8332226f11a4214e5180f296a26b1010975ea354	edf430bf113cdff843fd08d7c26f1b4d08a97f4e37132bf587b35d193eed5847	6586e48f63cb16afbfcc65d08a8c29e29d7191d0caab5088ea607b5878c5ae25
1791	897a024b694e6a2c6d0023dccd8f80aec3bb44b34bffad37f52c98398f64317f	16f95dc8d726fdf284f00c66c5fa098e9fe14b7fab92cb7f10c41a8b677cbad2	4d15a8df2da931cfa5681d39dd96aaf2e332f35242959012a6f58b46015f4267	2956b1583673e5f8040ca65fd9470b01c36f8d9398583cf0ec4a02840deee17a	519e54453433c6e4e475206b5d80f50a24a459626f43df1cb257284c80238795	78142d0c76de30a85febb8601f7b12840c02fcebf6c67f794a33ba5b99bf60e7
1792	1d5521639590fed7314b04fe607ccd160b76fa310e9c222c2631bf9119b4c9b7	a32c1ede3662a97137e9647bb52386f45c27afc9c2f16bfcb1087be4da0b86ad	2cf5485383ef03c52eba0ae0bb34ff6da59c2a2e490f7bee2699e67e5a5deef6	ef7ac65fa99a92ac1b99cf91e326bfa32d688de062fa21a5fa46fafd2485bc57	23d66a8a184301295adfc71de4e45cd24720b166af37851f3f3664a150c2655b	05d13ce386be8f48b078bacdf023b74deef659e4ffc6767712064f445e95abed
1793	bc4df87b21e1c1afc71d59e385bee16e06f98df33f041a18f9d739b7a17bda53	2c33b3f6a117733ba2c69361c4f9a3437a8b267084be7ed8eb26ec5f48f46a80	ac4a1ebe00ea3da72ff1c85a3d2c675f0badb0d33a3c92f3fb6cb1fb593a34be	71fbca81c8f012f73ad0040d21825078c51645e821b1a382e013fe020cd3b5d7	b049716cbadc233102c89987f29e187d5957f25e275e19386ee2445023e0929f	918370338b496e7bc5a99752377ae0e288725ab7daff0116c36e8a6c04d279b2
1794	f8973243cb0e1527876e822ec65b9b35b80d078c3693934fbc8334cbc7c024cc	5e0c870b8795c8a009c835501f8c7dfa269cd8a5b9988a0d85584c20365bb3e0	6a7d8e4612e5fc53182048fa5e45f9dcc56ff170de86a75d860b743524ae3092	2070d05548a0ca1d9079ed0e12e0503386fb5d625decaebfe951c08b7c5e1abc	39dfa8f8a28878c6de176c90709eb9e3ee7542738fa71d4ff37fe2d57c43bae7	ee9913cd70c47f1143b814f75affee3df7f1150b6ff2092460618cec30f1b85c
1795	4dce9bbb79276cdcaf74392957c4f54443ba78cf9a01e9323987f91debc6704e	ed6b7f2ba8bb0d28e0947156f977ead8733d9fbb1960b2780478eb27366d5aab	aa7703447fbb1c2715998a199e4c83e5b1038b0d6d87da1cc0f6f6681e2be8ae	f2c6dfe214e0ff7eab515ce0a71179bfcea109876b6a2c946b0624a920b755f9	21d47dd1dcdcd5c68de61abd7b5d5eaff2a9cd38523f5d3a3ca9a0ea2bdd9620	627d79902e3b4962e69b62be769abd139bcebc5ffe06827be7811541898f650d
1796	38238c1062847e581dcc6f89c48d2d87f07a8b7f53ef960b98b144e2c1821ecd	bde2e4f260ec876deb2dd9452b804ffaeaacbec000f2376425245725b83e12ee	c67d74bb547fef7b2ea3f5425eb1d84b8a19e3b05f869cb6ca5942938ea648da	ee9f2ff7b29c85b53ee3bb8fa44720d9b1f80730fce9a37e4794339b84123110	de42c25cfc049bd17f2411b78c6b404e14e5662c5edda91e4e6b6e53fe37b5e9	019973b7a415a69f5d77eca5682849ac598598a5b1f471117b6d5e4493f97627
1797	c8399a5a52668d92ba0d5fbd75e41159c52d16d0b147f40f3b244e4f324f0504	1a5495c62c9598ac20d7b86f3b70a0aa6ab9fc556b478445dffc003ed735c384	7447b18785298657b6091552c0f22c6400140ef0f9dae3f8ea0885143af1436c	7b2fabc137abde8d3a54b8eeae894197da9545a139dcf1b2d2e2af791f7cecbf	3bc25d3262bfff09f096a55c1b9a3ee1b7f19d9512702bf54f597aeb39b05b13	4361f2500d82e2a4f3a4fbdcc077f150da2189fa1fa9c4b075daee5b0aed8b0f
1798	d09922e3a2df7cf2d522a69ef5de81fb6094615cc5745627946c7302eb2f63e4	2c22f166174652db40180b0f1b5d552fa6f6320c8e8820dcec6d0e5b11a7e450	0850000784eecb89334440d2449035ced4d9965abd2b8593548221feb0f2b2c4	9087a75d479f38cb626baf2caa611fb96cd0a5a516fe7accd0f44b031eb8e449	5402268c16659821b5a7446485d094bdd476066aaed3ef234fd3a5314044b9c8	0a9084fc2d45c86e84d4263ca29a67408f9883aa016e48ada4997fc92808d36f
1799	4155edfc9ac99bbc4d6da948f7bfca85bc6c0889e36af427ce793287ebcad210	3626f08e71e03b14cbab42520ab64a49b3f669447e946606bdbb1f18d195b89b	f540fb489f6fbcdd3c1a45b49d256c760b8f3d29bd215ae14f8549525e49a9a8	4cbb278f0e2cf063bbe98129e2f4323a219983010e032b828f918736452b11d0	0c11d5c6a0780de6ee576bd6996ea7b4459467f1d46ac3cb6ba8803c52075d3a	df5d814ddb3488a1aef3d279be173ba83991cc7e4b17908b5d8065922fcffa7a
1800	29f2273022534490a79c4db3d63880e5bd4a478641a701ef392631107324a8d4	47347b998059374dfd518acded56d025e60771b6a4668e5757a0699a0b88889a	56427f28d56db464777e6c2a6a77bdf717645e219aeba441efc447772e76805d	785063d619476fc820cc409b49946865a9c1e3127bd948ee3ec206b5d4498eb1	513d096ce073aaf8e0566631d2aeecf530ed7f2fac11266f9d1f8f84e99b08e6	f6c0d83e57e14123f328d09fafd03345b29f235d146efa272f41c6701a28bfb7
1801	fc223f06eade67102ffa79a9e9965edfa2ed255ca0aa0a71e4711777a47b0eb5	d1bdf81111095f2d36a05803df4034202aeeb7dc70f03e2aba3b71e20a6942df	25e2c22f2e10916521796369a05640050e0ac305db9f1943352e7b3f387436b1	898ccd5d06c2695d9185a1938a6ec4117b42f8c3f947ea112ab5d0871a1a3e96	0cab39e4f77be14d765f966e5681d971245282b8fe601dd4316799b32218999f	5611de2e923d0654d223f4e3a33888a79a8f7f21b79308e7466ee5ea1b1dabfc
1802	d9156e86c75d4f482029e504c9ed24d7465f92441753639207399706bb401c97	03dd1e4c4a1f65b4004791d3afcaea9224460b21025e18eb7644c98ca67c31dc	70dc166866aa63b3992a17b98c13c491188195971dcd1328e7a60a5f73afa6cb	7b6e91ab4252258ed1e80a364c97944a33a28c133601f2fd20849e72bdcd5c25	6a8cdf4d56a42da98065464a50bc8d9d490cd68229de21cd9a044bf0283e0a26	2a9043f1a537c0b318c08572d05b9dc607aee6ff33060e45d82bc193ce4f9892
1803	ad50f42ff57ed155ecdb9d69e5b8f964118e0642615157c1b35f6d59c66e461b	ba9f7d1dac84e5709b2a822ca1ab10b5b7fd8dac6b593f7eb881d743bfa609ff	5b02d7cb24c7530b4be18875f1d026ab764d6dc4b7a57c9548cf58f645325e6f	8356869fb7d83b250f1f092baedb8c86ff1eedd0e15d6a49b058552d6bdaa5da	14d7994bf983dcd810d8fe288dadf25c9e510ead60c2301f562ee88f978d3e88	c7b0ade056a3f565968d85d9712ee5753493163fcf5fd5f674e93501b07da13c
1804	a547f1ab90dd343ba5fdddc3f0e0b0273c55b44508aab0d4fea8e707220d615a	b294542ee1dacf63c085277890d2f1dc5f12160dec26a60bffffd93dbe6d5314	9577c7a038598eb716a50c84f20d54bd68ef176eab5a93e8a8c59e4bbb5da964	73598f0ba15b5df32441fd3af61be257a5189d6b855bb444aecbb22945fa9af4	fd3da34271861dbdf50b64756a462c50597f4a9d6b90854cc034e16be159273b	f3e3faef474edf9cdcdb5d22588b50f95511d8c6305b35f17441d2c2061c7918
1805	093486ca22a8edbdb30201ec536b548a3058fcf9391d88adf2c192932240a36e	b152c0e3921ac7fb361c0869800ccf8a12cc64ed4634c758e2faac47df10528e	81dd46ba34030f5f942bc8e2f04afc0260ddc81ec7999ca28955c1bb3aead48a	3ad9d7af6f016918bf8592e5b70b92f7826560b7945c1719e2cb133eb1359def	b4b19a814718df3f1a6bd3cc537202a5b48c23034dbc946bb7861f72160e7543	d94c057290deff121bde08ac7bc1d5c4d5497afaaa5b6fa0e5a750d48451b123
1806	69c11c9c89564da0d65e9844047bf4686849286dc601ae0be5939ab7715bd102	1aa6854653f369d1474fb67899147f5620988dfc45f6d63da717820f76d5852b	755880cc344fc6911aafc4054cb101de1d975958eee8c1cb0c72184914bc8d46	790bc2fa8f3f82b5d59c26d9da82975f2c7d4f4425bfa90833231c5ac3165f47	ecac49279d9cd01a3a0dabae1b67f6b0f1591b5c8865af25d719a21a74cf88c3	4de763260b1e1899fa126f75e89e2b46ad42c28d2c7f307d1476e66385ff240f
1807	6ff78712246d882cd2d821884903d61860703164246cfa413636d2c5edf30eb7	a624ff528e92eb57afaa5c16d16e78605a5ab189c0f2757f6ad136e50c77fb0d	a0ae198b915d054288cdc0b78f4c1949495fd294445a208c5e7c2ec914749437	cdb169dd83b8f071cd1f9681d867272dc7aa8fa1dcd5bfd3b3584db437fb2b8d	61601815f07ab740321993870e7a5762afb6d5a71b69d43bc74713c2cad76c29	876b634ea608f703375cbed11ebd4e0fc5f8f27246982de57a1a243334dfd696
1808	314edfbf7b6bc50a4741a50dc4ebe08d8539235ef7def6a2e1e4de117b03b201	f83c543ad9ee30ed68c5997d883fc736d05394621132e0aa6bfd45f76a9bd2f2	f7ef5340f486a77f721b9689e37aeab0eb5c639d86f11000755c488d039e4c7c	eac4956b62db333543ba109628e94a3ce4d4a0f8b1e4d4651671ca2da35b5698	417e8b7c54a58f4bf6743f308360f421aa3882053eab7be3812ef7ddd8a4dd93	9b9a4b10af606a53bd817604d8453aa63c9cc4e4dafa3bac6dbe6b7da567db58
1809	d9fa44b9cbae87175ad8c826b3c823e39841721b2605f7ef981bc63c782b9882	e53757a09cb955a2e1f3884a29abb1c219fc1595fcb64943aa233aa0fa69867b	351af5d2da9228ee9833b2146d535890b9b903411bd7ccf854deb3edb57362a2	0ca0829c8bc8aa278971b634f322642a790f51b86246635ffd4be042b8a2b4d4	37a414a36460e0f4e9f7422de356998eb68debdd9358b0d0ec037ec0edf18714	e1897e5128c00351b743995bd53a52a16efff6d4eb8eb1eba0bb2100e60da7b3
1810	2f5f47a42cb33ad109727277d854f04c5a9e9933433d37bdd8bedf270267e127	4a9530c9d46558d01525905c9990e04d1a6a0673e35ba839dcd5a61dd7bb8b67	182ea72b943906bd51e928772c9c61704903b05679db7729d63e06a8786648ac	33dd17919a17077b5a2fd410c62451303b4ab4ec7eb70a249f8d371d917cdb52	fe45a4e132df12b73bfbaae8280f30c1f5bd488748d19e5e6426534c2a61c46d	d825781cd7f20e76658b0b4c3c002c1676f8aa3601b08806061110ff70887bef
1811	d12073049d3461f73371588edf2b1ac0b7045d5efa238041e183ed9d8f112d8d	d0c6f2d69195cac4c1beab5f6c8fa6844481a45c3e5085f9f5e20b5d2e51836e	0e19085e5fa10bd906684b048449f924eae2d56a3ec885b36dd39fa79054ba73	37f62cf29e8a6b5ae953d567604e2a6f6c0d4ee5374462289ca601c3793e6f0d	6eaae28f409f18ec1af68839ced8238e5a52f8d3017459d053e865894b3335e8	546c6be5ff0c0c6c5339f1374c499c99230172b7f1b73af37b71ea33fd614423
1812	b44f5de5dcaebb00f773f63ca79110911d63014a74ae89cbc74f3473de7ec9c6	7c8df33a634b92decd20a19729c69d926db97e348ef861e09e87b47dd9ef540b	835be299aa3f37bf40880acab6b51abf0f9e0b891d596ffe70f6e253c5f7e22d	eea1c17a6837d66a4b128f27eaccc54d392285f352bbda5ab35d1d5a820430d2	4c9c2b97dd81d1ae5bff279d1b9f6bd4996aa634307070b784796ff687e9d667	98a536026227a23d08ade653a8f18745e85a8a8b626b0a63bfa2d7f170ab7d04
1813	1f88aff3b22d15a2a9d2d936b647a2ca1d17085829283646abaeed5a3482a958	33dbe7a8a8ed154195e1160bf0c503676d01eacd304cd9b0fca3871b4e291101	67b4817db135610540dca504af47c34e495bc4a1a4096ec4cef1652c84ca7332	2dd6f56cd7b8d3c04de635e689fdd42f05b9a5e5f733bfa1fa627529963cbb25	c55080caa0aee7f2ac0e96d9b0b1a159f543cfe3646ae22b6474115ee15a0631	375dbfd177b4e71656189de3af607bd3b6c5622b25bf565a53d578c5e27d366a
1814	230af4e52c8b16b6c00c1291af50d7c3090533c1fa36dc5894f7edba0f8a55ef	bea78d934c6c597f2e48d30882e4f190f6ddb8b1ebce048b3be79f506751fcea	0255e62dceb5c1188d7e05f8bdaec28af3de67a246255696e88f24364340f05f	cf7ac612851170baaa6409055c013f330cd80468336e05bde16316047526b787	d8fa897b06b90d257a7e96982ad7ca2124af03feb8b34a5de8b3b043e5138841	92fee70731edad25bb681c1b2c656a17340cd71919a15ae78633008f9e843a15
1815	98f50159cd16bf7072b5bf751f015ca9349c6aa289ea4c1b1734d093ac6a26f5	8c1b4ca1db70e10708376f8b86cc5a497f1484c2c484c8c51dbbcdf1495e569d	58e15bacb3d73f55632b9074fade1589b2f4ae3c2a5104ea17a0f2276ae4fa33	1d79bb1d5c533a9ac8c119bfa3dbcf9ffab88a69100bdd956ab7f081f2c755ee	3ef8ffa6229eb9a0ea85a847410cb2a060f26aad5bcc762a687ae411c4e7f210	027c4e94220507a57be9386484fd5378bee1200803383944e13acd642b385911
1816	49d7e0746a013cc24de073726eb2518cae26813e548403a18c062039de53e242	a7f339a52572b63c4a71d9ca851f50769ca59a8712b8d770ec215bf2636f4fe1	5c2c933b390a15b5794a6314cf490392560dafdc794c21e0c6abee305a35f22d	e9bf742af6d89458c1e2352e05ebffe7851f146809f4586ebb03b3f4e94966f7	89ce11739291fa30c10d047f72e99cab52291c06732b8153f28bc45b157d9f89	ccfed7bd87e6f0bc9f5bac05366018b5d1fd77abdea4810ca2d857f2fb8eec1e
1817	043d64a4134e4a1b4350a4d3a908bfcd910ba6f27386563d5aff1ed8c60b83e8	27498dfc8ae9765fbec16b922a003a21864e7d085e963fa2121fdb091fa325ae	5c406e93eef1fda942d42049a56244ccac6fb047f796375b4c066ccb138e762e	d935da13cddd59e08e5e36809674b47fa99f4a4c01f7ca5d5a327715a9994cb4	65148a80e94c30be1803c1798053b44670bfa6a8b7a506d4e5fc602c96b95bd1	fd48cb4be59732f56a8ed844a5f386106f596c9b5f7de4ea2844319ca1015d8e
1818	a423b7c1212d6e2cb1e98d26044bc1160fa0c67cebafadb98e7020d3c2f25c8e	2214d2bebb2796f32295a2616b345d1dfe9cf6cd9b46b563cd7d64614d575907	2021c6dc992f0e40c207626d9ce47548791b6b926815a066b160ebeb54ba97e8	b0c81d567053f900c864b534aeb23ddc9fb7f44f72537f6ef1998d96ebb51b47	c383b39f3e4be8a3f0ac84382723726382f8df7e7ec2364ac7069a591e64eb5b	773813b37984a95824ef374f62f934dc81e257cfa0709cc1db614672293d5525
1819	07e665d549d3ad8cf62cf51d550ab93688edbd449339f033f2d9fb501130d827	1378adc7ee695a011e1368bf0d8ac80625fabab65c1854a131176731c7945567	41c8f3ed6a97c75447927498b69e7561fcef069f5efe489a842e9c65ede1a869	2f19b7dce291f2c577c9db058ffa7fd66be7ba589511f6485ab11367cdd4fe1e	5566e1eb28472e96dd139fe5bbb0627ae2cb76e9988539d631b4e6da78d9ae2c	32e078a8ecdc7df9089f911110a311c420c3bc00367e052c2647c3875b02aed5
1820	3fd2e8cdad7d9479a9892da27a9ee9da1d05985b3d7d5f1e350ee579d80bcbbd	50884bf3f76abd5e039dfeb059dfa1ce06be9237e62b7331a30a1e3c9e1f7f56	1372a86c3d0d5d3784b1aa101fad76d51380142367c53069c85888daceae5273	235c2166ff080a16a3e8d3fdff97b7ffcfdd05e1f6aca4bc12cd297718e44a9d	cd65856d22aea81314e11f8afc2614bee019f5f911ffbdef04228ae7a1f4b1cb	48ccbbdad7e61ec4ebf8640abd3adc6a8e2ac1a11012fe711f18a5328aeb5f27
1821	480ac8e1c6be047585b614b5cc80691e58e31ad173105e94cee52f7da9f268c5	66c7312cd1ce7aa19becde0b8f037cd18f449fde0e2db9eccaa41be438621946	9ce1e4608f2351d7d81e0e26da951afe95cf168757eb76b624451b27f06a2f25	447ec3770c8f2522675cbe28c59c0d20e7da1aef38489dadc47f167e915e614a	4b13861c2d79b5c6692483143277c2b4ea0d089ccd3defef1099a7fe7f0975a9	7ab119e6d6e90cc4a9900c55af5cdee7fb349884d7ef26402eaf119eca98a066
1822	b2fbb40ea5a2df70747c1a365cf6880bdd5b4b133bd19266b77e477dde7f23e1	e00b634320fd1feaefc48963ee1b579e7f52dce407800952b7a9ca454945b6ff	67a10a3d7730dbde411c8569c3c6a8c8fd60d0bdeebcd6828a344d80532ff5db	223c37f85360bad9d58953df52fb8dd2f123ebdedf23eb6f4fa34380000de3cd	9cf97bc647403f6fe67e0b79c2a373894aa3b271c6ba4ffd0f84750e2561706e	78907aaeedd38456e1d9f10f9d0c783bea60906480b108f08470e25f34550bd1
1823	9f409a94eb5a354a6586b76c96636b06fcccc754c6d96d601dc21d65ae4c7cc5	299447c60e12d3f5439ad3155ea81716160877b5f884dfa4843122c5f011a94d	85f2e391ae37dfa00c0f0286de6983b8b896560a22b974b3b8d847eb0431bcdb	13ebe974ca92cfbf993c971b9dfc45885c2e5c82a0b39b9636383e4478a82782	96127ade3b1b89e07ab9d5cb7ab24f4e82a5a60f6ed1fcc89e38039f0c68a8e9	5be4b6b5a059b665c3757a382dd2d93472796dd2734211028090a4f47239e32a
1824	18e63e19e0ebd02862f7ae08151f79b726cda071bc57051ee8fa234b0258ad96	71abb38bd14706771fd30e588914a5328ed595763af798016a078a3af00d2d8b	6f32fadb0848653685bdbc31d30cb7ee0548bc700f6595722ee189684e81e0ff	53bdbf51d65c261018b6420df933b2cbf167787159a5262294ad49faa3a25ae9	3ba236050415ef7a7f71d2e72d259ba3aa3526daade09e28029ed5f3a9df1208	b053e38d67da0140d67b2aa928a7d91e35898c64ec359f56fa8ddb46380fc6a8
1825	4028e942d545db6e9be2dc12514a47178e8585a0f3d5525e3babba7cc7b6abad	e3b2a8ec96d002a11ec548fca55352a3af81a52870b9d19fa7b9dfd229efdda9	f7d644601c10768773242ebcd1ae3fc7e97da310cf57a2071b8f44f03d893f60	7e4dead27d4fce482177d38ea297252698268d42591a2975902199a702deb297	c5d84cd0b3c28ed09ec24043cf7934f435518f6f78c7675969a6303f5aa8497b	1328c1bfb83a372e5f3e9bb6b25535961bfaca0364d14be523b92053b18bd26d
1826	c4b920aba2d636c33d313190289e9ced181121f1f2ec1a1241f915a4a23deb5e	811fe43ba2e1e843b3b32e7e95ee240565d4257c1c756218ba75c579a3979a0e	5063614634b531cfc8c8dafdbb8a5c2ff8bb9da4275bc97355d9b17f3f65227c	6244120e624cb9e19fe1fd71b5dcc311706f6cf375bd06ab4f489e2b8a5c267d	42687475ccecd3b209904a060627a4071cdaae90ae22325b01d01bbae301b102	1accbc740d3ba6b90e025d6d5468f74ba645c847b4cd44479d3357fc78c57763
1827	9b1df16933db008f3a8e86168551d554f958131d27c00636b29f45c5539866a6	58d6002bc4c438e62db72f11904a07fb9b1223a0464ade037514f86abe653569	a7c0f8abf6c743a615a59da8fa26fb28a3e70e0b48ea48b3a4aba02f1b5d1e5a	fa7ceb6e8fd2db52af4f9c0906b869d05bcd7cb45753cb3a1debd5dec884c5ae	4ae0735473f6f52844da78ae293d1fe69b5594e311498ea83d83c7bd8535acad	0e3a6b1e8f41e59607f61b9e7ce93f190750fcb6fa20168fcd830b91fe34e5dd
1828	9d9ebcd19a82c2f80139e044b27fa46827b02eb67778f8f9acea2ab0a9de7f79	0ab21f8664392a66a21db9953b753c5584cef318e18798cf2992416c17d106a6	16a8230e269c381a83715381c8711c650020282f58c5ef58f757b493b31ac17b	64c1c95228ace8bcc8047a58dbaa233eaf6766466914543d36ed2798d8851e89	ef44009e9faf5014985c55f60cb04c6f1a6bc6bed7b31588130881d269e03b07	8951d3d3f2f447a7e1869b4b5686c2052131b6159697ea6774b106932e4e239a
1829	eb91f3b31fd96e227d37e85a208743d3c087e93405934bf46d3587e8dc46e32d	568795d96d20febf751487544011295ba47c9ef3ecda640e20b8fec4a3668689	a0ec15f55538db9c56a9884065d0fc64baaef5078b724ebea52085de9ae29a89	336efd5e93efa20f71c585b2649905360b86dd4166811041228744bc82711133	30db374cf62df5a0f10b8ac50defbd4c2530ac48f8356af92428dc75e22be82f	8566e1ca141edcc5764076adb781fa1198baf5c3e88d900878b9fdf30db87920
1830	d390bbb6e0442f019a40f6c12b15b6908b75a3416e2013620f7c81c6f2209869	3ba2410751f0a6f59170fb1d7f3dad4617bb6686a5d2e588c8f30ef061bfd750	949a5462a4e50c0a944f64585f63b3cd41db55b4450d198a7f017bd86f86dec6	7302df976fd037f6ccd7f1308809fb2f9c7bf026876569752a11a79c4a0cf4b2	f63be21cb54734ffc9dc8d1d45a4bb636750da566e0daab3fdf336929b67b179	4d9a6324cac02c953b97472ce85d98d75359b76b13bb52a7cbc1cf48228fa089
1831	be2eb158bdc28df2ba38e273428c54690555215ec95dbcbbcc2cb1d31e8d80b1	989dc6ce5d3d6a79c712c996eb82c8c544459a6124a5c17a92997722d4f8e4d1	c30cec6d146d0e666cf66513f4f4824caa7c6ece436fb3ed8d8723d7d54bee30	156ebbff10b4c710110c9c0a817b7740a139f890a934588de08d16c9c15e238e	cc6c8eeffeb9d6d80ca655a272f372f96a9322a4aee7c95c7018333b6809a47d	093034f8e57e1032fb08db75b2948fd230b25c82181bdc6413b02e54d13d58b4
1832	19c0afc9464d91ff9a252ab48506172ef8a67aef5f9cbe9633dd85fa4235b986	01bec3fc109ed18090a5f66e8e7edc1b767dc6c1ed7621728fd73a9aede1eec0	bdb08ddae658ee108ee1e5e3e0b9f821a11347e435a85167a123bdc29e081a0f	f960abc39213996152a11a4824a3634997ce2e85c9b408c8d16ac263cfe71d10	329e2dc045a7ce64953e6b84fee08dc3fd52bfd8f721b23fada176abf0c6ffef	a0abf5e4a98553c45c1b7e601255ff24a97f733cb2b12430a83609f9daaeef32
1833	32a6a17a5be226a240a0eb155d377592d1131daabf8c9c79c8de6c7b1d561359	2d64eddb46b31429a435f2c1561d027debeb359dedbc0684ca94f91809b31c76	e4bc5c16dce14a2f1ec59d18b7f1ede010a8a1d53d35578370e197b6a5d2992a	a6d556d33fb490d5d5abb5e9270c0d671c1758084e77469ea84bc37564bf62ec	a51c9a085910670f23aa80a1aa5aaff697be8195e64801e64ee713711c49e82d	1d4bd6db5aea22e332594c6df17291b9572da7790f50f94bed4eccd83af02a82
1834	bcab961595a8a4cf60b60a3bf735d096c62a5cb3f6e7ccad72209771c4e18b27	55bef7e153694caafd2dda2dede23c176cb36e00def6188c9375121a5fdeb681	b57982d1f166015735ac3ebcf474cf2cc86bd48b2aced5f3e6dfbcdd4352193c	634a4b5e7add0d06b1041cf6c441e3db0680eaafdeb6955ef3defdf42e59bf5b	dc3a59b1ee667bd3462be17b69583a71bc3819549ed5751d4163e983e7400377	508ab1c89d3d506c19131f0eeb0cd4b7b96aa410feda318ef965ebf263b006da
1835	48c000ad3953338643df3791b72bafc96c8421967d4a08c943188d5f9396954d	179942fa0dbbe81aaea64871b700994bfe1f9d17a69adafd1629018052b7b425	38ba19084fb0f1771ea0cb9c84dcca9dfe37585c4d898ec26a01ad6414414853	e92d04f67b1a5029ac7622a5275bbf7998fb0acce06c5fbc994b38371b384fb4	dee8bfdc14128cbe0eda2e502f2bbdecdd7ecca978912486ced0c61ef03bf0f3	7c259a936cdb33a2b2f3eff0f183f03be8bfb2a0cb2026045225e414b939dae1
1836	f5ede3722c4b97f0026ced41d037a9093afd880d566263b421d86ccd2d46ec2c	4c673b65637376d2acb2d369ccc4c2219f5964981c6b1ba4c0be297f201eebde	6c98b3cf1fbe87b7a956599dc6a5f4ec70431e9cbcf43f89eb90a84955f7a1aa	2f07f71d8aa015928b2481f4ebc103994d8cdf61f98a36528cb79c10bf61887d	b3cde64bc033cc33a82ceb356c9d92ca23c5bda7605ee4665f6265ce01352da8	59382528399d5f00057fe31543aadcc90456b608fb3f0aa8384a9d61c16f86a5
1837	e4f35f36406c895aa73f7a6b870d548179fa1ce9d033c2d6bc64fb7953ff5190	aa43ae55f642370f5e76a82a7a54fb4a8bfa22bb133bda0d3f918960fa3d0734	a6a67d21d41902c5c2e62af8eae6e946f8ee327d7a467ea942b1f3baf2585849	3662dc007625f267bc8aede2c1406d89ca329773bbe9a5fd15483bad7c91e7e9	e65884c75cea9725abd34e4f7fc8117fb1d2a9145e02af658fca191352ab1f33	59f8de5f328c2c8392f53facbd220e4d1ffd8a944ff89eb0bddb534ab1f1052f
1838	f8c9ea3d9f05426d91ba8d1668123300808e1b86e6ade944d869eccf841352b7	0a023d49821ccbde4abaaced2844e3204d1d3c0bfa4f69d6c9e8d465d8204da8	8e94620363a3df6b191753d33bf75bb7e409c9fdd36c8aef8bbd83acef6eb9ff	89ffa16fc8d8c501ea622d355f0615e094b64effa4bc047f45f3cab6c8b66494	427d10e142293466bd840943b559a747f217752ff2b748b14f90f75f3f96c13f	7a5d7101b44fd7545f426e6783674e1935b07365e42febff5b265c6c52a6499f
1839	7707371c33bf451a17610a4c56d84453d2ebf60c316a36655e6a4620dee24a34	fb11de5f24a4f9e81d4d1032ccb1e34e97a1fcbc6ce699293e370cfd25aefc18	359c1306e6a5fd4ca8d1ae887ef19f5f2ccc784f40f592a97376b72c8e6ad43e	5f68f2a63ad9acf0bb0009419b6f69bf8db168371ebc90bf53670bd9e7fefddf	af245370ceb704337c27432f8f20d936c40c9354229caac74e736973584a4779	6f3789b858ded650e95ee9bef17c67ea66696462ec5cafd40c9480628cdcbda9
1840	49b92b91c25386257f2822e0876aebb29adfe456f5efcaf98c2c9bf530cd84bd	4b90fca7594a401d24dcad27100b454a18a91e6ec77b5cc684ea60119c93eba3	4fae731e6dfcdb5d0e1a3d94b907b46bcd7c18fde72a2498b7dddf16a4dca037	f04345fa6f65317e12472d54379e3654f910f5e7304f0ecaa4781b61a34485bc	49c841fa4d0e927edd4848482b4b86010d9cbc23d68dd3db5abeb05b2bb5f1d7	d83a40135d19a709a46b61cf5931e710de783f345f62a59ec3434f5c9c2d71aa
1841	e262fbf6f0e354d0a46472552e8aecc0b922d72152304dedaf29a4ca73beb112	71ae675e9dde412db6b5fc4c6e8a13edf742bfe583496b59647361f83c275628	a0047c17a3e8a088175d91f9186f74c1afcc2c2c313449fcb262e9e90dd00335	abe5e53a8b930458e0eb65aa0db0f0fee422fc8286b68f2f9e7b27651a3f9b74	e36d0e1d07502b59b065798c15b062f41058c5e06d5fd417a2fbd083dcbefb34	1df7da478c4787cee265d883870ac6ab935c4fb3a828ea6c5ee244815e3b6714
1842	d45771886707df797f7b289c760a980ea07293dfc4430953c48e89ece0b6c4b4	cf45e71e97b3e59bbee13c94b61190623de649f23052f5b7ec59ad712e12f77e	3d5a1688b2d073a96b21b5a2b9fe12a883b5216eddfb29b42540160154b36be5	e44927e26b835e8b0a991d659809606b16cc3a2b646b0dea4d16906a990889e2	dc13cae3969e43eef033ca7e02bc41a09773c8dc3560fd8c248e4462d2114196	dc1ad1fcf5d068d4de7e2a2e811ff2c927e0997cf986a49b3ce09e9cc4c25a68
1843	d41e1b72ce64c1deb0d16b5d1cc6dd16e16938c4c6a884dd942188cc9feb45be	0bde5a55ee1c0f2986772a9d015fdb171da8f819baca72d536815407f9d14354	c7b469666a4d2970da4c5ae8f100b626383fdf63cf082a70d49629095eae8be4	2856140f7e6cc59b2b4e7357ad7276f67cf5e426b5449ffba1a5e6c83353a9d0	b108202ad3215ff35771453cd4d4a8dcc0591151ce0f1e2a2ec9db9c3fabcd43	e148433dab6ebac7c00c2938f65d5700c55cd70ace28dc894c95ed9dc9489940
1844	451448d90610c9043191dd38f7f151333653a36eb7ad100e0ff6dfd3d5c8921f	1c81f52b4fe8457fb8dd1825d50cfc6f63ef40f7478b52882548209439da83c7	4ce37117cb71f16d6997168be7ea09528765cb28f268cb140e6106922f2ff7d7	fb4ed3f6c90d917a08b99c1442cbdb8a29301bee68ec4d29f2b551cc37f0abab	d7ee6d790ba1ea7bb94f9f1de5c02ada4512aee331bd0eb70d79b327af3a2bd2	e15d4d8f055a77ba8506677f67ee9566ea3383757ea58e447d618a800ba644e9
1845	bcac27eb444481dbade1642414e009d2e7a62acaaf5d1f88cb112a0172570012	20981ff3686361a54894f41042e35cea356b6c08a56d79ec5bd844330b12638d	8768c00964e5731d5420fd7e3ac7775e6630a1ff323de073f1a6b0ea28605072	4318f9c787ff7d801c5daec9414bd94afd9adecca9ca5a1329750687b7845895	040fe22b0bb42b53cbc8da8062de620c7ae3122ad12a86e317fcfe9ae4e3834f	f2f8d8c3021ff081a50bc27b55164fca88ef992d3d9e466df8b3b8568ec90a4c
1846	95e6c323d5ccf8a594dcde361e0f18929d0bca278412f7173c366e666dd14873	eedcd9ef6585bbc8cc097a86978bb824603e45b8494e51c83fd21f1fcfc163da	123bd4abb002f7bb66201181764d281ed3b9f513e8ea96ad91757b5f38bae978	472f68c378383b17a0809a79fccbe80975fe9a9aabff3749b5de4d33be8aa113	04aabc8b1b484affc59311f3ca640fd913e97a6391b098a1fd6b5016c38ac0ff	ca893d8d91340f11daa3767d3fca3dcf7213a838fe479493e15d534358fff32a
1847	9cae2ab02a2c370c563fa34b425269042eb39190186f8a9a1963909a4327c787	30b4e05baf444dca5a54ffdac2d8ac9387d121dc0a2e8ba1879b678f39cb8228	8e54185e46d5ff5ebc070d9a34c2151e8051298dfd19d18a03363a7917c0a53a	b0d384b01acd5848627dec0c87fc25c3ce213481ca03fb9e6d05866944e00517	b7057e786b53070739cc75cad3cde2fd2228750619f349febde7edc8d627ba11	27cb545afdc56862eae1339a9abf774447a3b269163c7c50b66ed5837f6607d6
1848	a966effeb90c02468da083f571ba98c86880bcf43bb9c4f19a11f50d12e288ab	23331b2ce6b4bc5b69c75dbd78734f5a74e464d5afa538716fd77b2eb7b0106f	4af8eb1ef531c66ad9cf4659afdc4435c0c4dcbcbc5b7c42edadebaea8011a15	a12adf4a4f763113906108dfb81b5a54bfa8a17646f3731b5c83f476fae03055	2ab51932283a0b7ef4ad94531e0d1584290c72b2b1865fa251bc09bd2bd033b2	955bcac28b975e0ffed8b0f377455a14ba1b22eba072956a8613f3e5638a2de0
1849	737e40d85b4e013795ccbcf9dff524a8da2b9eb616b50841594456d449ec4708	5815152c80ba420a6a97ae598f1f5c98117c03f0263392f6ec156fbccef87838	5e62656c5e53285b6e91519969fd6ee247a90edfdedc636857bf349fd54c695c	fe7be44a51a709b0ecb49aaac045d2b3e7b50b32d91c43c7d11533a390bb37bc	25cf2a833ffc1d51f359e4263192998aa498e9c8b018922cc589ad3c03accdcf	b0715a1b963aa7b419dd37591fd16e06ece98e019a405bf9637f78b24454fb68
1850	f9bb0b62ea1a247a6aebd4e1686fb10059dbeabda247690077972cb12b76ff66	3af4f7b359e964aa22633a38f55a6e98eefe1a14250ebd165de0a65ba9727910	f09722642ea4b361fd43cf208fa93b16a150f010b95c989041e135c81ef6b857	0c07e443a748c6a58abdbfd5abb1b5069b0ff1eccdf40c8ac4b51457eb173d03	ced2060aea3a2b85b1b70d3d3eaffa0ffddfbb58b6c0f8303410d9debcee5aca	09e5dcbe448288aae455caaa90fdbd48f3307602a5202053c715354b3a7e345c
1851	55717ea939e64a3c3e1073100f0184ec9b0041e57989c502b2e131ce0e7e7808	a9b7983018faa5152bb63e7bfeee206ce010a6abc320c960b5023b0c526392db	3f9e31e59eb2f71c10d4a0c6a9f1041a890cb6301da86bf8c4093223fbf69fc9	c1d1abf0962d26d2d53ede5a68731b5d29c1e1e1290b5d6d80eab70c2c0a94c4	fcc855c3ec605ef2f835724bda51d97005effb249e078134db9409f568214db5	319ab3409013a7598da67574799c531695c98c733b917a426e05c1db4c3496c4
1852	b95363406a1474c4eb65abb4bdc019297d36241a673808e8ef797bf130b9e7da	cdb7cc84cef0d8ba2e602e96e907698dd1a081ccd469a9b1dd3c9168cbd455fd	ab7ed350881877e10f425e655c6f41eb1564c16dcbcf3f412cee77e1d63397df	5c25e32f842360d04fa9b0e1f72e3c4ec0ad1e79a5ff283b3e5895b2d8cdb3a5	a47eedc63552c03a6c3d8df5c53146add8904343f8d3c657f144a557cef983ae	9c8892daa08610214e45a808dc7c8dd31d7f687a037f588f8e54c4e3dd0859ed
1853	d68c22b5da7bf99e4339772545e4c9b2be12b6e428767ae197dddb31c6d5fd39	3bd9ef13d5c8355986ac942949671e9a39dbdf99627d400dd184722401098d2c	04aa468f5afb5bf26a4f61accb30263ef006510a5ba08615537ae096a7830366	a0eab5b4e5017ded0d882a661711dd2cf8cc467e0c622b1fb37235aaa1588cb4	5ec70ef5eb76e3dba6e245832bda44ec681e0c05cc6f203167861b10cb0cd3b0	98fd459499d471cbbcf29b160fb9f8adb26a634d0134f7a7238524e903107e6a
1854	c1341f2d20a30e470f267e2f65582bdcb17991b89c570cb9e9b61fef373bdc15	17241d106a708f9f3fdd0ed038704d78047aa326fb746ba276b476037c97691f	221ddf33947a6dc8365fe2ce41925ed64bd02c4ddc1183e0056e7291a678aedf	951334f3124f8f76847d8cabc895958461b2c3b04a162fff2afbad0da8d2620f	484dfbf72b6aec03686c86564a0cfe7f0adbe29fcc1f1c53aaeeab40c8a768a7	348b2399ad76582c1b6787c44eb21c4b3e02963d33d69aff37f2d70e4ebf6636
1855	ed1218b66d5ca8ec98c10848dbc1befde7456df0608c5c533d3616d70b2f8738	7f9d2842c6d87aa4117bdc8eb51d0146b801bb92b93248f6b0c0f6e641c26de6	d43df0c3542a8043ec69263dcf424c2edfab0aa8db8c35c355cb7d1eaddec0d2	e0a39793d66773a622850a9c3a203f0d0a83b8376ab136b9eca288f8b4573319	d66e5d72f3874cd3300558d7f0ef7b07b2070625918e0afbb64f7a73b2c926e8	e88d2fc841b5126fe79894c64a1bccd4a76f9ff5d12075a8ccc8a89c4c4baac3
1856	70cb9e43e1ab6cc4592586246dda09ff879fbf6b0054c98d6977d5d4720d1cfd	a7874f66ca6cc72d58b7d802cad78adfc0f00ac3f165f9d792648965de25b080	76bd705458931ce80704100604a57434f12949eb591a092a7ef1e39dad326503	151e628398517e3d94dd8c6aab8ed3ced30f9316c05bf0e6e00830d4406d6068	03656b8f375ba1734732dffa0e75b3b91a5ca8de6ab6cad54a2faa506741da99	3e8c9231db69413b22267b5c494fe99a4c6cf5eda8bc7425dabecac2f6e67315
1857	b1785cf2ec46e440ae8408201f5238ef60a7f3fa6d7626990a69ddcc1fd52d60	3ddf28258e8c4dd83946d8e78e4de852e6e324f30b1faff7de0964482aa67782	1cdf0468dce327d04ecbf737cf03ac82593deefefb61ddf095c99444de4975f9	39e1e471da7a2d520326ba55e3fcfb096815ad9b2a1514c50f884fbeaca3b023	0a7240822ca31bf93ba77ae170882ccabec42d958963a7a37cf4da6d76df4704	9dc2bbdf70a6ad1453d0240ff51bbe0be2b9ec7dacff3e5e73ce8669a826b789
1858	dc69ef777c02e2329fb96d06ea6c4bff2ae1848229f26413d19d31f1ee498b75	7040533e121a2c1fcac3a0e7897bf86d2285962aa4fc8df08afbd4cc055c3e06	c4cf223cbf176d6880fcb327fbf4f8aa433e337fcbe44cddfd7ded5c7d1ca295	e4d0aee6baed60809ba28377a2496ac7e2a69ce557535c4f304f0dcbb202c151	e2f5d0516844f1478bd9f7306c89a21bd281c6d69fa650f05072b6d159f31fe5	4c5e604b488a969e44a6398c199ed9015de328dd1cc502c79471ed53cef819ee
1859	a70db2fd67bb95dd61cf2e80daa5ef7c05cb4162105512e744f60ff1ac2cca8f	fa1892a5533d5b33654f81f13823adadc019556260888bef52dd31b285c8af53	41b2ee43624d759c5807fbc1a3b0f236ac410dfd925b13ad741ff21fd3192b30	ff125945b0df82e2310a8ff059ac94684168324a802409e238d7069a1398380a	febd7372cb70ad1cdfbc8ea43893229bc90572a106c45b1acd6f921924ee6386	cdc06da65f9c2bacad9d26bf62b6c212dfa05c0ed8068b83366faf528e3404cb
1860	67b41f91ea8e77ecdc9a1a4006f880829f7b8589d7e5dc7515ebcd075ff12f52	1e537aee6e82efed1f039dfb78db5aa804533610e9d21874307ad0916dd5eb6e	07ba63ecdd4e13bff801bf606ea1dc086000794a96b644421cb0593ed8d168ff	be5dc8d8bb267a1696b39df9deaea1f8bffbfc47c4900288dff2c23c42452409	8b0ea6fa3db26751902b19949de1aff47f5bf1bfbca5f98c5478e6d031fdce60	c187320b3238f29e26d0a93ec4cd378f1a6cfff31193d28d669042175e18d83a
1861	49d246f79865659c955c8822bb4e7ef8d7fdfe230db06dd92981ebe15f532c11	401a1989b799ac8ef9f5be0f7923d2efee3634f5d2caeb7340676f9993b12b7b	073edc431a36ee9c2a4aaca33f3fce2c96baf673950c7021c206402cbc10a32e	8e4ca83e660ea0fd5a044ff4ef6c1372f4f5ebc87dae912dbe0df3313d0445da	5efcd85ccfad421dcae0a6f24f2ad2e88e9cce3f49b3f4ddb003ac3ca7dcc8dd	e1ad7722d3a473ded4371730aa636896338f5d1f553dd420e39e27fcd25812e0
1862	2939cd5a8b4d1c88bd434fa89ff37618c32fc79247d85aec9d8c301d0ba6f257	b4aad437d05c3bc06064c97af55f1c78838999e733ce542ef0d1fe0082a64dc9	f0bdcb46c7edc34edaadaf358bfe6322cbf7e47eaaffc779e2a20bde6823b912	167b1b15ea0a94ba270327059a041ff0c696abae9fc25c48171543a09a3fecc4	163f14c69e58363f99ed0baba8678dfbead08d5b48d3ce2b769a238d5f58a8f2	6218851aadbf32e135cdcc38161bad1180729a55a7f5c09cc0530e4eecbb0c53
1863	6a763c80b9ebccb47b0f5d1022c5614dc2693eed5db4d9cbbddc8d051a93ce3a	c0dd605326b1cbfce2f8a8cd5e818ffb98f5f5876195aa86cbde63ca157790dc	4093f494fe405d74c3722ad2f5de95ed141e1c6cbaad855a368270d49b79ab02	236a0fec66fbc438ddf69c718973218ef590bb3c8a2633143807717c49212e03	051fea2a679f7778acffdd418ea045c1a16f04c4cb1579195c1a4315ffa2288e	a046a714680faa8fe056871453926e9dc8dbc56514feb51af9133276bf52c8cc
1864	d57f28897d9d61702475517a1883a9cc5ea5dac2cb60f760b3876f6c9c02cef6	70b7fbefb3d218e861856f5c17b28a58a25d3443983b174184cdc60b2c152ac1	4b8633628b46c2d087bd24a4a282cf3cf1276f5a7b323c369071546de78dc88f	6835e149c2e237618329fe03378d0eabd94d994f35569752407405b069f2949a	6f41a695d2e309b0a8eedd68a2857fb8dd301a2044c3bc24617add353b6b8a6a	807eadc66f6b84b224f482d0cc912fde6c154b900ff0c1a5364b9cf0456c7245
1865	a5fae097246680836f7bb5c0ea8d16c0f28bbc18e46947d7e280efd525c1df33	5aedaa0eca6c4b274442d851d49ab0b4190e471dc18c501ba8475f2843207320	b2a5201186488ce33a3b81c23847392e54ad5b260e396833b809734df35096e4	77794768f65661386233b9fccdbaf623133296dc80c480dadd1afaf93bdee1f6	7baecc7cc4131314cd5bc6d8e5919e2d83e7426e1ebf873dea7e9f70464f9ead	f8d9c0f4b2fe5397d030453b04f3d5c78cfa24657eb5de3b1cbfc8978dce2f39
1866	791051bf93dddb10671c40a0c64c0752161a7fdf58a5dbb225ee776c7e1bbbc6	851ed77bc5f400a7ee32d005f34d207a30d2b898eef47c378a7b90acd765f5af	b2db540108cf4b3094e7755cf86d49355cdc511d66720520c1a4cb11cc1d88c3	abcaef1d6d8de4530cc1aeae2ee17906f718a907b532adea303c5afe3d48f22b	e57705ba1139ee7d380bc0a267fe19a5b51e18f889af4df17a3ea784ca18c739	d706134e3435ee0727971e911fc2904caa17cd3b942febdf9c451b80ce3cd5e6
1867	3171fdf772deadb1c93687280adb1d9b2078419ac78c8f32e2ef0e049402f674	1248135aaa7521590f028f14fdf788bf6ae602ffa4b95892f9f7a5cfb023ee05	56e99fd16158f6b274a3cca31d6e643ccd78a87900fc1b9c8685d0a31a22297f	c439864bff1db1c5c379aa01c07d927aed96478528a8566e1625cd95f4686fb8	49fb03f50d9718bb4789093232e50f816471801c8ab3d929db93b408969090ae	d39920f276057e9d8bdc8d48edd526aad0932d57c704b41bbd3b3c4043f7dcf2
1868	6c34a0377cda9e3cd167d8b0af2549950df9bf359006f225ae36be525a55066c	fd3035b06771a1f609bdcf13f63f53d09e92537eca16bc73083de6e10aaad95c	2e83a97a6398f9778e06305dffe2c7b9077f29440006881b455088c6610b7884	91a4dd157d64dbef629baf94b59e697602c205829e4436388229584033810916	2dfec6b99dbfc297b601be34d83068f55bad6a3b87c670893984d3fd06faff40	4f12f0df34a7dad38bc748a76ea30dbe9cf07b1fd188932e8e7d81d63855b2f0
1869	b7fedfc170ff34d6677724ddb1b63c0febaa852a5f59b9a6cceb079166d1650a	ee67828fbf7f95130b2f406c30f15ba82bbfee3dc2b25afd4dc23521b83d14c0	c18954192c7831d5e3daea37d89a697820035c16ea1eae325226c6dee589d040	ae5b3ed0ee1aff111b9d0187e163d0fe76a1b82e710eedd8ba33d8b8332d3c27	017f7c61ac9e9d4015a8f6543ec3838cb5ab528dfc8879bfc2aa439d94754efe	aa21d2cb82f81e0ed4fc84d4c3a1c62215e0b74d24e315498ed983fde51245ec
1870	0b41bc59c3fbe27462f4b4296601bf0ab330a03032e33c9c13509a648c5ceb6f	f451dc97b442423176392f9f6876183923fa5bc2eb6afc7411adeaa5276cd829	d2680d252d7c27b3cf42230cfdf68f24386c6db79e9280c705df6627731ee7b3	f3636cec294ba31502a34703b6c00c92be672cb3344c978d602cfe8e7d7bd7e0	03efcdf695c0235a864ec841f55dd284197e013dbf9d806b1709d2d635741eb0	d6a8ebdae71b6347e2831918660d95deb7d2ee76cf40b6b425a922cac1e5007c
1871	b61794b75f4b44337f7261d5b3c0f56b9b7428c02a346845e82075902b570055	9c7b1c2975c4a2f80a739f9bec42070e2da653633a98ee3d19525b93ac99519d	ac67911ea0079e05c731f2fba3aed6a5f29d12e9c892c386af04bfcaa6603acf	3fe17e47bc1627c77d4176abb94ff4fcd841de42c5a6613d3597df2ea7b7c35f	63b2423e6fad15c63ef85c268812cf13c666aa1fa934a558060e76992d921530	8d0f189d79e0dc22972e7c6308a5a0d2811734b496f67164f13e1ebb9ce0237f
1872	46becb13e1cb343461a036aa420f36c9bea2915d98bd71350f9e7a0aab3388c6	8976c452f62eba9880b626edba1a1897935ffed1a844682862c034adbbbcb3af	6a6e7c35876a6ee62f2708d1e17bf583c55046109bec9c9215096dd026c6c060	48deb9858eabe16fcd64a971f96ee529d4e0556de3e12c0a2bb7e13a7e3c7e41	c76fe36d5d16af65df34464c6b8ff8d1891353d1c1f9fa2308c58f4bdbcac746	aef1f022a92f424585de24755fccd2a29963beef7dffacbe2859d229ca801197
1873	25883a1b5a0ff37729bd22ee3373a078da2c82cc7ef54873df28fbc37795a44b	a29e3b9b71c04bafc8024d48a3e4b22274cdb64417eabc81078c4fe64ea0bb6c	4b652a11bc15a6bd458a5368f1dcee36a126a8d76cfe2529e19b20ea4655563e	a43f788ce2dd5a27071c179397e58cbf1437bd0083cb54efe185a678584c6479	0d28031000f656d3516d5962abbba38d6d316cbee6641a1226a86f0c89ef10b9	70a9ab861d84009ced14d2cdc6cf2e4d5c9c09f259527abc01189bc75f744b61
1874	8e610a84fa352e1a2ba797ec09ddf44a54147a9138d8e677e4978e5dd99e33a4	043d0eca97590097220b18ef4092f9d4e51234f5b6df96a142e532689ff231c6	c1035701e0ee241d95b1f36083a87eaae67dab58366591134c7b3f3eb39631c7	3e7ca4106d0335063b47be38e9e1b843f6705b95ebe7c0f57cbb3c2402b6107b	0f04ae497f8cf81f0cea449e2108d742fee9aeadf3089e914260dd5e646df336	c1d1e8d1b2a8d67f9f04524a9b23e554f5af488165f505ce02990f8553a1297d
1875	fc16786c754d0a413a307a269ed836382790f3af9c5f384b951cb8bf08a3e9cf	12a3676c81f0a89237430673839d5183c1a3d4f42b14d00c5afc4098c4a677a7	3d506484a3ff613897e3e4865279c36fc63f31fc2914c827c4485249cbef6134	6787360168bd23d3f547432fadf69cb3b681a0812a57a7e4320fb95be635ddc9	a0186f4b438a101dad207e28c536578494dc00a56db393a61d71f941c3a1d656	c575cb7a196464c41710468ac433a15ad3452281257642de9aa88e627ff7161c
1876	76631aa8f07e1bbf251ccec7cd9691f033c570095f1ed9ca22d0b78ad031a092	dc9f410c181facd727001130ca57370f74a773d0095748a4cba807ad74ac5028	6510190696a9f4665a80959d09d57b53733ca6887616b84d33b3f01e1005ff7a	0a7252974e0e811e7c0c3407a1e5a519e8c8df0ceb0d07bce4fbca8e386f9664	0ccce14a01e6f61bfd28f11d9afc76da47912db2b2deae5d9168755503f3302e	9ad2e80b7856df53e51ca2e964e68ea24b1ccccf186d8ac33fe02f7dcd2ae589
1877	c4f898811c25aa47222a84f31794a9f3296b0066950b186aa2cf511d6806bb5c	25fd1a0eafd867023566c7ad8398426c11b7892b2c750f5d8c166f6bfe465f5a	60805d86a404434b542dd38a0fa66af86d17ec72e39b4abdfb9fe27464a75d5b	1183bc038d8baa89a22a5138b7b96fab0dd06250b31685fceb5e00794e6711d8	1f4db9631612f889d6538aff05e27de861cc437759078588936651abb4ee2a60	2a8bed16bbc715dc819e066b309a71991732ae22116d5c9664b3c7266007ed1c
1878	5159f508b4839d9c12ff8e7e7f161c589197b46ac73143248544ca218155df9a	c3538605266f67d01922a196c71ae323bfa5619ea0c1bc04cb2ba673605ada70	5b16212b2fa0300021dec54f3fa94d70893802f5d5c28cc8cb761e641696d95b	a104e857b89abdd4ccddf75da7b14be9af3979e252167388e3e2bd0158cd01ce	97b039cff1b5e56f9affce95838c31e2a64fe57c2db5efcd5b1b162a57fcdbeb	f50af1b2da27ae18d3d3b732325b449c0853a2aa9f9324492dd6a89ca414cf02
1879	0400f46086a30e3660c44d4b139e2a11b0c8c247783e55d9b9e104b1e411364e	ef15a92711b8d6a3f54167e54a18e3df43e2f29ed86d7e5916f41171a89dd698	f576aef34e01777f255a23f90e301290b165d124302bbee48df3d55229c139f9	c3768e3313f7344293bc7c65f0e45ba6df0952b612ee4434b01b9fddf9b4c282	c5d3a2b65168fa82f5b0bfe08eab46ffa914c24ce4b0696b4035013ba08bb144	dcc4adaff0e4222be334aae566e4b4f6c2eded526066992807cfb372e25717c4
1880	3ed0e1f731ed067e26c52d29089b37d52faa8f76c9d5dadffd1851959ce1cfcc	8fa61b2a30f92f92e492dd78d3ed33f97b2f6414cea272b2437a9649cbf731b1	08a33ab73a1e326360c2ddc0495519cf8d782d023ff6bdd3df5ceef322ab03b8	f6a471df6036bc8654d41473a4d427a9345e325340313d4f646c5faee58fba42	9290b863870cd70e1c6ecfd990a511d46072508a653c5b55842859d2948e3b2d	36fefd170008a9e1ced0a62c61a5b33d07c9c113797f3b8f11e1b28c5267fc0e
1881	a4a0460ecf33aaee179fb02dd5494398b97db0c26c66724e2d5ed8c38604bec2	29c90d53646a5071477f32c73cb6bec47428d4758e54ba26d7b1f89cdb96333c	28f366de74bbafe0aa00cc91ba19ad3f7955390fd03ec3b579056a5319f8e039	c205a0d5a0dcc617883a03d8f623d7bed114a9198dca15f132b7c2413425141d	7082b4bc75f2124c07a230d21f9c61b01e6ad0eaf83aee5d78a755b6941ed98c	5674db03ddf96333e4c588910dbeb8ed44c1c38280c1447c4204e6e67838c339
1882	87b20cb37e061d129233045e98b1c0b7fcc9f0ad2c11623a96826b9d06228256	976beb647fdbb7ef886d258f5e08579dce15c6b6656a12b904282a4c23a781aa	3f5141e99549b1c804398ecaa03e6388774d62f8bf8f8e392020a1c2286348c3	e63dba8419c21abfb085a36ef6680007560e539f0f0d7bd0abcbc0a7a88e8ee3	fa36c3a4382cd9257ce21523b9dc21e6820f009580a3eb3cd46757bddf948b82	8ac8307fe03421cf9d9c5fb67d55de5e63f5f21737bb3f9eff10938daaca3675
1883	309e752823f98e0c1529af11cadc764a7f207c5a7e33b5c7374782b7bde74100	c2ea6ebe58c188802f78844616fbc2605d3190fc7a7ae2678260c7632180b0d9	ef31f987cbcd1075a5548aced04a310073897e086d1939f071318c4b5036e0a5	4020d982a10141f3a947afc02265ad2e01e69f0584430eee13c1fe56dd6566ab	041d64bd7b67aa3a2b7e1921f452c0d7401bbe6d3e3f4753b4dcdafdc1a50871	b9c9334597412c92e3f67ecc77cad35c0f82e3d069fb0c79c18bb8fa180fa99a
1884	196feb84e84fd1b947917c101c5fa55e7cf71c6a58e11a73b07de3c08eda9653	ed7039cccc76f2da166583ca6b78584119a29c88c0da1e8c249be7e87ac7c0dc	9d3cd8417a95dfc0eb36a977b1d9daa528a4fc4ff5a00146ab65d9c21342b21d	7f4427d353caf35df30162b09cc88f7ce5e378b227375cc6ffbc845e0ec5485f	99cefdbdd5f32ec4e2defeaca32d8f26e0345773be1cf66046a6ed6ac0c24404	e732335610664660e814238763f13043389acec2e848a1f749184e4f03bf6945
1885	2b9d064a0c80a296184cd90683ca42f54e777eda18fc25b49b58b497c14d1dc1	1b6d651b6249891693b81e280bbf479204eef60600bbf0c9eaf12b6edd910b8e	e29b6752ef775b0501201356e3b892956e7aa1cda12dba156aad3e46401d4e31	a8aa7ff9628fef91d0ac645ea34be79ce41f2e272929970be9cbce37ccd8e13c	78f985e2ee93a8ba1db6799b3626b23fe9065fe4a4207f0a79086be875438316	6155e83a7004eb048a6213bf92d7a609c03404204eee20b79474b2341b91d2a6
1886	926870f36bdc92bc08f294bb3e1b73e7b3bf0b0422082e687b1697970a5620b9	9461f2cb4cfe042837980e66ca2989969cb24caa7ab30e6adb976259795f4c14	ef77d2246d5fc752ece849fcb03e43603df35e0a3c6d96cd60b8fcb6b9da7486	96b88ca68d0cc2f595a41e9acf64bd0054801698d6a2470ac7155a7242ae103a	1e58c3daf2d2d1ef79ce6777de6cef262cc92f610da59e964b472b6e52a90a07	4182439a6e9ae556a8a1f096aed9d4e6a52cd3d2e9b3ca3dc42b2fd4fe91b4cd
1887	24a3bb82ef4e354e6b402c9adebb4ac149eb1894cfbae2cc9d45c4573924aaa6	839918bad800424bff35d3f348ef040cf6200037a3efd6b09cc7935dc39c60bd	8c9cb69b686580dcda7c5d775f60ac3cd9df45be091d6f2ced0cbb9461e4c8fa	f7c51c837cc59e476cb64f0e905c7142ca581428df4477373425565c96033fe7	0a8486a0db2d7a9e4ccd3f96517195c23684f432112bc293404e474255fd9a0d	679efeb3b309893e5a878603aca0983a835d8ce67671bad105c0eed051722cc9
1888	aec21a1e72d0a29bbf302767ebe52e73a6d68cdcde8a24c7420e00b4aa89a171	f24083b7e5782ebc662a0fb221b2e581c7fe8daa28524af7b4a9c8069ecd4d6f	fdf8d902e668aae66200e0652c0106af07d3169b102156664615793f43fe15ce	367c24087699dbe874ad9a7546a0d2b24b636517e27d5278a7d8dadf812b0dad	4591b93f18141a8cbdd633b3315b5ffa48b710552ed56f631cb5cb73b8d55b3d	a2354598968d9ec5a5940005ede87c23ad9d1ded70fd965ea9cebe1ea59c4c69
1889	bcfba03a15660d4e9794bacdcda0c664e4d00e2651cb8840f67e0dd9461bc809	620ab951813bec3fff158039ca5ea35d5d06f54064278a49bc478ca7687059bc	c5f3720ac37723f0de0ee16ad2aeb9a74af169cf38ef9a48746bbd12ebf2e2e4	fda31d1ed0ff4e9a18452d2c235119f1564fdbc6d8d78fb010a56ac66cf61cae	737eabc580fa37fc50da99110a174df4658475ceb0f6d72ee8dc85cc6f2c3ddd	019301fe0e990ad3a2341f47d549b95dcd05a79cd66eabca8dba69b1473aa01a
1890	e217da96df3ad1116d0be459989f7a6ad8f46c8c2902e1f66dcec832f30c1163	5d9bf42df0efd48132cb97ce3e940004725a28e8c209703f3620e38e2ca91aa0	a14b33640b737cb12049c29fea6005dce9bf8f8681f2b6ef4a78749e2c8e9133	4a362a670bcc34745d15de5e5c37bb9529b0a952848562fe2fd3d6fd3a543098	4a292a95f45d0e4bd08e6ac0b5dc0a702a4777c0cbe22fd98de39f7b23b4c1e5	7b29a531e4cff2b07c9818a3e772559e23afa2a4ac0d73087f956d08f0d93336
1891	b39c4d5bef477ec1aecd01a2b478c7926326f68959896946e9ba31f0d9f92d0f	84b9044b758d983b3a4b4fc83ae9d40cdb1f066e525345af2ee89447a31e04bd	0b2043856b7101bedcd7c0ee57ce49dbac80e63e5966ec0a3f094b5c84fb46eb	341bd895b0f38fc5146b0c080ef1dc29beec32da510eadd05fbee86ba1cd2f4c	e9b8072c6ae7f9a5d82013538dcc8e683f9fa21f3fd17c71195f752366fc2841	1a5c7ebb4052bf896f916edb533a9e873532587865e1d8add260a8bee80a06c8
1892	250acfcbd3d379fea0b31033178d628e363b9aaa0e12f7eb6e92549ffb7074e3	7d0c64ae34545b003d3d20a2a3acf251c84d2b5b0a953668ef2b710f71cb3fd5	a81fe412c376b3fa6ab73ff1d0a341fd51d6aa24a1f0a9d0c08d5f5f08ac2971	de7a18d8876c93ffaa962c4eb7e8094697aeaee8fa56f683a510ad5db4e317fc	7f8c4d143dd4993bae3f345dc5ffeb5adf0df79d7cb99dca142794171eb6a4d4	c778692532f8c940d74de6b6b35a8bbd32d3695edc9aa0dd36ee2b4b3bb96609
1893	9a5c32ff1d6bf107468bd8fa14e3a52357f74d5b4fc7e7b2b7edf3eda4929e49	f68972c22cc8601d55f97de423a8b7774a33e67e27c09647f6ad87eb2b4cef4b	eb457d5b8e7a076cfd01080c26a5c20e4c29340a57998cd665570ae715ab8cff	4358f656cbe72e39ff5081d3adb6022e5dabf96410d3e2de64a356742455cb46	2ce31f80e24ed46ef42ae6c5c03e838f00fcb0cec31297d86db0ef82fcb147da	58cfdac3632615e519bc674fd77b186c674991040cb1f4318e56e8d0861466de
1894	d612fb5b1241d8f3b7c7eaae023340d258727c3ab1ad48f8672b611dabe3cd54	4ffbbbc6db2ec294026e6b943349f34bbd1c631f2fd56101776a2e1edd58be49	66fe4eb97afb9d5f2825f8bbc4c85c4d789f18c1d1701a2ae8e4611beb2f02a3	2d34c439e0b3d9438dadcd1f4af6daf7881c8d295c8536bf3c89c99a4b49f649	f88b2bec7bb7e3e658d5a84ed7d251f6137971700cf49b158d4dee4543aaf102	429b815bb171fa23a429add3c2746c1e84c2342ad37b0f4cac269f48b0f491db
1895	c0079375ad9e007eb3b498002e1e07042ab7b5d6dea7efcea6ab73ea581f5370	8e96ecb6952ed7bcae827af023f7370b9acdaabc9340e41f69fcce8ee1261b6b	b9c668cc34975f92d675e7062ab859e9920a14706c000ec198c1271171ddc1bd	01145548cfadea9f51fd7976775fed1ea2ab5ff439e89dcc7565f5371252e228	bd850e087777316094d2287ddefe8152d63ee95c2d728a261563cd79a69535c2	f06676266794e7238e9690ddc726ff65c0d9c7afc7e9957c0fe7b1b072d86f33
1896	e4109ce42950df123b554a7a74d83d066f68f76c83946c020e941d840afb5f82	cf1b3abd55aad00f1b89d0ea171583e75ea6b8871a816c8b6c7c9ec9df18abc0	0c173afeb045d9e80985c4e862d0d88d70e7a493e08c806be9dd8fe8cdaf0c55	fffe8a56299766085e9e0a30a4fa9dffe47fad8e538583022acc84fdf005f2ea	86a42d70c011171c4634f60d87a618b29336ae63f6e451c296b06c20e4ad5255	6ae31724b47e9acc0002f96035fcd718ac16d664949c580b393889061d37bf9e
1897	fee2f28f1b6ebbbaf3ca455e3a2ce56646f62777816b1ced340413b50b239e81	0f8ba9ba5eb7275b1a95f6139050dc1798bb07a003f91c00ab71c36aef3b5cc4	cda9e9964141b09142b7d0f594bc4e660fef949f4cd91f5a08f584c0fc45898e	0b7adc9c383885f6d0dac4f61600d8e203112c4c6ca3077505da50a99a69eda2	df49c886e404908b30c41c614da3b00e4f1df00b30c9fa3d26678bbff8409783	6a7ce4a4ec133d678ade660544af116b13104819efd15569926b8dcc260fcb2b
1898	f59dce3f4279d3a5bbabe1166b01034772ddb174d312296a4863858fe7f6cff7	5f2dc873c573745a608761ca9194a356fd169e045c789048dd79e0aafdcce85c	be71759bb5687689b036563ca70052414a0195d5c059d94aa10a6b631fb52088	bd8d47fe87f47ea8e833353922e69c88678a2e756439ca0343e49f37c92c12b2	d073af1d5abbfbc5d92bcec22c3641948b1af067cd4053cac60aa1c8a15eaea8	170a23deb428939b788c0008f2629eecd70231aa9999d2701c8c2ffdbe1c3c56
1899	668a9362e7fee45a24676fa52e296aec584f21c5970cdcf0f964e4154361d67d	16603035db382b263c79c27a01643f97489b2ef77674eca0e5449b89134d8dbd	6e81333dd60475253dac22d49818ae4a7550a663d3fa031512682889de64940f	ef2d1e0a6e7db2e1eaae402b2d5ff53cecee8eaf9fbf85d6b93212914e5712d8	4371f3457060be90e1a4acaebd78bdd89422fbdadf398655bc4562ca4be26b35	723309db88f1d20195e28d728b0a580ffc6b2011d2f62e64ce2d6497c45ca6ec
1900	c1804723b7024349e08a713f838a03731c02523e1b6e39ac068d97fc66fc12ce	d1c9bdfe5e950b6f1a10ee4337f7f81c81920018e0de19c9728aef4b6214fdb3	90c01607ce1a81cff8badd0e26f9ee06e37ddb1d8d0852e53a55a3886865b55c	523a0f3a4210253e46e750c36a64777693a2a050fc22abfbd7417dae24dcdd81	f8d0b051c9b24b26070e56490f26488e8089e76a296cf8f4bff72a638e87f470	dd14299b9b3a1adf1c7eb295b8bbab07963644f4d886515c164dfeb46ecedba0
1901	a1e18e54af0e1dc4063e9a1198d90d546f70339ded13f41a437bd8dff57739de	2c2f10032d857a2322d3b36d04a116c1cd7f1d63683bc37b64281c58ea19a08d	ba4d1084c7fbca37ff815fadacb718a806d71b3a8fdac312e2713c54a2575424	d8601404e6796eea1d05241fea17f032e9bc23ceb6b1d093936f17374579885c	534baeea24a97f9c4fa760991e1ce7b272ec0bcd3b40ea2d2898ae0f886f1dc2	f45d6d6223d0c89bf23a4b6d108c780646cb57960a02c7eeb8558218b609ec5b
1902	fb581c63c5ba18ea63a3dfb6eabd951b092b1dac2197fc6255474c3f642fa706	b7095518fb7190a1ea7763fd3b620f81ccc35e3afc89b7bcbc322b6016ccb823	bb423440c0c3f26edc5203593565b0ee28c10b892f70303d16d94572974078ca	4313dc7ce3315762cb304682e18aa5c4460abb5829d1e43f6b1042a91a9a2601	ff4cc3456f383d64f4c42eb464932b901e7e83cf8f5b19c6ff7ef8471431e026	f0b07a63d8e3e694bbd4fc3b5ede8a3535779192e4db9639ac0f755e4b91051a
1903	3359134fb65a5ada7806b0f72ee88103fafc99999260c1fae3d9e24bfcc2bf01	3939dd7db149ced298557388baae0da95515cfd24bb02e333230660bb742fa96	645cdb7df8b827a50f517b508e2cb316dafdce4b4edf6d7f6b32ab5e7d7a9c06	212b19ce14051cbb853ab7b1714398ff82f494f11bf5c78f38ac85452d8b7cd3	892174cd3dd268944e33c4407349dfb6827e223e25b26f9f4861fecc7c14b006	337a4ee846f4fe80e0dacc776f0b8ec1fa4fbb1fdd749216962555fad454d22c
1904	d01ac29a9a4d630d9b1838ca389283662ec35168cde31c7a7822aa356f6005d8	e00cd7c3c57af7a27edc61b7164d0b3daf176c8f70fb3590343a17f51c666c4a	7483e66be85bd9528621d171e427c7cc95b2f8f68d12fb619c97884061a5ced7	d0d851610a12890d2f5b68f3cf4860d223606b5e5349e01362e4b48578575f51	fe91aa2f1c6b0bd42d49c34aa424cda4178d105a758d5339453f81fe0d1e7a51	ccf531e9dc30f4b0ddaf6e550e846b54e18aa0ba790048c97fbc92688e2e0b59
1905	741ed0577e10d42b5b46a34c0b32f2fca71e11de86339b616d03951c68715f8e	dba1cdca98decb7188c7c53576b5d2524b478386bb2bdecfc801199b741253f2	561d0e4d1ca43a4703e423c1840a9085b93baeb4d30465815c072a5e81bc1e18	93244f74690db5be4d5314c0b8e1739130ffe8cb08a429d43ac5d8c481a52cbd	43310d5ebd62860e6b840f72ac79f41450581ad06dbce86f0fd3b3e8f05b6e54	15d8a5c4b3fe56e0844586aadb85a732595bee43304fb08053bd123101845bc5
1906	61a17f3d0ca499f3b0d0227392d0011d16e9dac4762ceed764e9d8fc216c3037	74de85c82c1102c3c3fec5a9ac6dc238b57d75b87456b78a9b9ef2d8b152e046	ed0e9f817a507c9b40df0c9130ae2bf2bce8274fc60b907721a561f74a19eb47	9863f0ae2febef113b2e8ba943cd802ef014fc942c68d33e62cde46a7fe0b552	5e172c9184a710e2faff6bce98de1ea7a7302c6faa82d3c5c7750394072cbf16	07f443161d5ed7841b444ef57cf2e94f6499572c21faf62fe93ab9dc9df6bc46
1907	82477b2c8ca8acc7800c0b135c27d12f55d159a43270bfec44092e27f31ae249	76496c7af9675d4ba503425748621cffba987dee1269f0ddd29f04be21edf719	4872b4dd7b4a3395977b943313dd99aef360e68848e3b9d9daf15367a87249df	a5742340cf81373c4c6933a1603669d5b4bc05cb129183b5706c9bedf38aff66	02a37d857eea6d2cfdfd48de89ddb9ebbb0a7bb659ffe41f8ff462aa908d610b	a897cc5a6f3631692e1af79cb6af9c5c51da01201168ce496f5b741435358d9f
1908	84b9b96fed2b795abb50c7b57d150aed002f94003a135ba091d2c5708737f9af	276d25fa9001f86d995a4b05cb705b178425d432f96eeeb0c4c954ac3fba2f32	1f2f150c18476a122250d6fe53fe225b5e4f23c0b00442c27523b73dffe30dc0	2a82af30ec22c670fd2effd888edc88933e6123cbaacd9061354f9ea55943e0e	183c8424295ac8dbb0b019c3709c4232beb0a112b0fb86d506f312e5db7d7bd8	27653d60e33f3c19ec1c272e543bf16a563b1d569a1d2c75132549aa6de45c7d
1909	8d115715fd79cc88b376b3dedd3f139a6a80a22b04c9f0f007894d9ec4f3fdd3	059cc66c68f22ff55a31ab3fecf9560a6e07e2a1a17a52cf771ced101ba90841	fa65a329fa349fd370f3f7f8ab084aadc1f0d187c3e8d03d047db0a740db69af	8cac861d3429a8cbafff130e1e601eff9fa324cb652be0d53caa285cf182f84f	f6aebcf2ceac2b1fdbf6a4240f595009e7e9b2c365241118f10cc6bc6367ef5e	37b12970ba4bac4c213faf26b49215aef39f8f3df3c22f7e350bd2941c456a5b
1910	3a7128094d3a82921fa1eeb97a1ff4b99fe8b4f73e237b2d0bb2f34b9d6d7699	e7656577f816b81e43c244822ab1ec273ee413820d412fa17b731e28f1e52e03	1c00cf560ba05ec8cc91d903a8b146094aaa31a3eeb536bd9bf5912ef8117c25	e66c52505d7d402d40b7a46db61c092e1bb46768ca6102f126e93c751e2d2304	6b3a36c3ffa6fea51400f78881eddd8793aa112fb51b4ccc6a0ec1848e880b4b	a2cfc873cd79fe11c21cd1baa34b583a7e36771c03dc5922c1dcf4e94258eb29
1911	fa358ba22284cadcd932303d0665ba3d78429ba48d798ea2c26012a38111163b	ca36c3480316c65bc305dc92bd76b8fb9114cfd85c4fb32d132a5940140f9df2	edc50dfaa0b0f53e9c62b966d237482638a36727f36bf93b79c31d21340bf782	3ab97725e4dac32cd42f22739fc36bcdef32871fe81be3dfb85f08583e1a01e0	8a552cf7848b2ab69237ea28d8ceaabca93a089e3e188be4ef554f6f6fff996b	fa0fccaae63163382b4a65eb92bdf6a0a411e164cc436ddf0226f1e3f4e0c83b
1912	96ff9918c8e027878bd9def4292194cabb89e17be0693dc4c1cf28ae555d4d83	9f6f942e86b62675fc5f5a63f4350fdb54786698af69da1bdacdd2315f316522	f2e2806139792b46ec646426e963e08a74bd547f795cd355a01988a4eb048d7b	e03bc500264e07805fcc20dd392db189bbc28202ee321a8695a4681166562f19	aee1c2093e1407de0bd9ff3a4fa3c1be00042dc4e51378e6e947be6651843b73	3ff2c1c7c5ed6c313c5307faa4eea7a85a0b05a1bfaa8fa997eb1cb1cd96c77f
1913	7bd27b81574242d67bc07dcc377c60ebf87eac1bdf9f77320c6bed424c2e1d7a	093fa818b88a45af91454fbcf88c0a0a9ec6d00bdf888f9a20716687c8521128	e6f28f1c254b59f6cc68f07a5d4f4b8b5ce6fe1ac8e9ef3bedd980ca73381a80	7d5a8e53fbdf7b826106216be5344414f0f1d3fee1c0e4632c7f517580c7d12f	ac0bc14c327e912e10e376e46af3f9bbfd143ddcd5f0779b5f77838819cc3b8a	f7e3448724ced99eb40e5256070230f8d7e4624e49fb2a62d0baeadfdd419f04
1914	8a3c1dfd590731d90cb30ee5f90f4987e777447066d7ce2877595d87d2209aaf	608535acdfaa8efbaeb7b0fcfc8b8b4fa4c10605a3b16aa939acce16c1a10c43	2fa07d0aa3f40f77d5cc081b36b164c1b15bf52b3abaee93114bff10cca0dd91	1fd4ee1c1f5089e07e682a7d9b836305131eb0aa08ec9d594b614758cd909f5f	807b169a6cf6fc534782922d9d756a3f2be9c2514548f3580ddf3429b4ad2396	7b35cbc2400b3401ab5015d562b5ef64afcbc383c75befef33accb5cd677e88d
1915	49cffe9a34e446517ceee4b2abf428f58b0cb4a1d21a5c494f739e47cb55ebb2	cb089d4918a0ed680256675e83574ba884ce1ca745f0c69e522333ddd9c10cdc	65362e7c125c77388ff22727a78608f4e81743bc655afd3bcf0eacefb35bfbce	f5e5a02aa0a8ebeb69243140a1665f93aedc0554f8195d73e50b6db1846f489c	7295adaa4ace8c0f0a52017eadfa87495e0af59b594db2b58ca228d7f7c15c85	688d62fd9e309f6699bdb4bf093c92f69fd5476cadf575e20674bdcf6b7721f6
1916	b0515cc5095ffc10b9252637c4f4b14a42c6aca16dbea18f883d39512415e4f3	afb7554ede44b3335aa37c8bc0a034dae5f3f9146d12e43dfc846da81ef690b3	19d1708f814a074bc5867ee1e054ee5d8e533a06771aac556970a000d24e1d1a	43c21bea214c0d228a45c75cdc483f74ef56cd350eb2bdfee2f240017070ee21	16021eb3a16e00c159d72b64bb40af0bd68d49a87c22108558746129330cc7ad	b84a4b0d109fedad8459819cfc612000d051a871f2f0bca15f3d01c5b5a4644c
1917	71347de297674a9eebc1bc50ae21e5cb594d52d4260a9f1d1f7c86622e2ddd49	8b5c30dd84d9c6ba5862bc339929946b73577a77c02ac7a8480c753c073cd7db	485aad2894a8864c56fc89857276354fa55412329c76162f4f46e1de1abbdb3e	63764f52511f28d43f5588abe08cc7049b8f134a05ee42bb73d95360e2a14db1	3358715e0ab190cd047f4b244a249e7bc76697a84b7f512931d114f4360f0b15	dba6f665300d08da77e6e1f820b4b341953c38ea02cdb9085086eab9e3176736
1918	d3c650fea8e0554621eace9729161e04e3f8c2da10357a606d668751b9712ae6	88b80b0ed9c26a9d5b90e1d77647a70c45d15979e6c537585ee7114d98e21c97	617612e9c2019834e7fc25933e9f26ab98790dfe77e0d2483a03929d79344076	3edaaff0394e859ff05825811f23edde15afb3ece652aec328e57a08cb28fe80	53b1ed15cf836c93fa0439ab70eb6dfb3a179417552d87cdce83350ca2e35966	e512fa7335db7548a7557ef66f83ee4fdff2376ceef1268d10b8d7f8adb9d78e
1919	8237f75dbcd2d607e5ea67bff96be047df489b5f74a2b81cb9d52527bb909c46	f56b90e7075e0ca77837b6ca782b381277d4dd439ea06f4717af83923c301035	6e60066c4710fc575267f82b37eaaca9dd9ae93f7fe55b6142fdf1227b012f44	41ad266a53b82f9414517987e8432eef6a68a69105b227e8a38ad517d53678d3	47f0eca1bf5564adb5ae20f19cfea076383d119fd52db54e06d0966d53d9e0b3	769c3e64d8bc3878ed4082fdabd8079d42c3e70bb4aaca4d49d05e33fbbf1068
1920	d9538ca70c470279c6a26f9d6258e3b908d91cd850e948e10896a0e877e8d922	e6e7eee14bb16ae5ced7a1eb54defdd79945649a3dd2ed8bc7add807aff4d843	17a4a5cf01099508a11cdf2bef7fbe886cb9caa1ed3d8256b61ba07dce3e9e1f	8421dc012f80cd74fc4739eb012f8eb614f9c73772067bc13f0ce0861bfd6516	d85071cc78f1a3a5e2655949e79adbaba70671c3a6981976ce0deb7b0057913c	3e823783c2464ef030b3f2e28185172b822843b4c63e613a937a46e6a2e592e0
1921	ab91e10ffd5c544415c45016c293a1961615638d762f9b7a13114e51cb175a9d	2d031a089eea304609d19d622faf23a7225c9a2420513956a61e6edac2c2f8dd	d49e89f525dc04e10032c90dc07bd2b0655c204cb24defd0c0108d8c5bc91e90	84ed9e11536e6a37585c3569979f72362df4330788674d4d5bac71e322980291	502a95cc698326b889e977137802f72930e88346b2774d45f883229f40cd0e47	9623a517e5f39b47102742561e2ec212b13872a28233ef5dd8cac67d5f0ebf5c
1922	f0e4e0f64d2c01d35f037524d79bb281420a64bab0750cca16030d5e52994346	4e67e6ee5be7502c172c53e8c2bc8613bb34a49719b0ce19ce39c854ad7b21eb	a1bc35bb24d75e1862eaa81e60d746f6a987d3ac84c0c126508e123b98af44c3	48fc9c17d3d46add874741166c9ad6821c30aa860e6af95d089f5328faeb1497	ae60d3bfa37d4a17bbece631b237dfbdb3026d06f13ddbf8b0b49bfe06662cbd	2f1ebdda36dd895eee6716a3a64e5a1eb83f79979b6ea6810310ff12a6597ffe
1923	db62abba3fb643bc571d996f31365d36fcd7a4532842fdca344ea74d857d6b93	d0881d7bd79d270d8eb6f0d5fa5b3b37129eecf64d273273077c6c1fa14befaf	4cf441fc366f98e24fe34cdb604eb8af2c3058c049feb8d1d382608bd1e961d8	e4830967a82924c139caa80167de075ccfe8f45b249f34e1243518e64d29dca2	ffbb83f7e758f8f66c01b5fab24b2f00266837c864c9398dbb551611f1575d1e	a6c9e364041d19a3ff02484c1eeee8ecd7d91cddbc1e451b1ff49bdbad21f8ed
1924	8bb43f53277889ace7c81a68d6e7625531b23aa58b8cbb2aa6b14201e6385352	03a1fbf0f0e5df2b55968a50273ca02f11d97a64b74bb983385b427fd72bbe71	df9fa255d0693b01a55934818a7747e1a06bc493e947120d6f46ce107d68943e	29e58019557ba456ba7a65512e5e2e25264b58636fae255df02dbe350dcb2286	bd63a8518180ca3a03a6793d4e1b1dc038959fce00a081ff51e6852b1b2fa60c	59a34fdc4e6d222e51dcad2035e49fc6bd25212fd129b7ebdc7513af1688a707
1925	0f37282414d73c08eefb116a20bb0e40c1305718af382c1f24e96b3199d3e312	2c9dff07f50e36e1e9fcfa5cd99041330337b2dee42c2a857a0719f2c0943e3c	95ddec17e4dce7a733938195f4bbcf78432e7533b64d8c1f1da3f76029e24896	a41ae3b7a9df514bae87975fc6117a253d423e9397d6d4ab9232fa72de9ddc24	e58b0a460898d37cba9a18c491a6b69cfe1a850ffe042500832ee38b38b91480	7e877966bd5b989e3eb11045f03567b18cb5402850f6d53d27a9b2b80312c19f
1926	40c176fde35ec206361b4aca56f4bb0666ccc9b65244a32ab1e85142d528b632	f58db2c527c1f4c88186b9a0a1da3ecec12b6cb4fdd41b11051d9cc1e67f48b0	1b8d27afbae943fe8ff32618bb437125073afddd8e9c96ee10efe367e115d61d	9864a05a768521ef3bc4dc18b2070b40ec521d7bc848bbfbcf45037eafebd6a5	2a353aac93a02bf25324a26e7bccc8ef3fc6e3611e830e0b19e640f5f96d8ebc	9fe775172364179b6a579054d6600b8672e116721c4b286255a94e3177c37401
1927	6b271b0cb2ab8938a355344e2f25fe1cd3c3b950054627c444c3e0e41ba98657	20dbbf6925df810defe3c5a0082f4f29a50aa78731da9d9689b2612d087c33b6	6424a70189689a1a04c6349a1ea9a09466c9204a51c40ead2c1b89642404d3b1	840e29d0f1ecaf2582458cc1966ddcaec19fecbfc4a3f73aeb4c44c462121136	de0be46593cb1a0d9bbe486d505cdb9564ecf1cffc5d73852612f79ce6a9b843	da61716ba24d6e2dd89593c650ad024c19e3c04dcbb9b7a1f83c3c94f47a2ead
1928	358bcddfe62cd6f3219bab06b769905a26bebe58cb38c148b75939384d10fc55	646d36d166c7c022ce4714bd780f84f91311308f6fccb879793bbffed991c557	d66ed8d63dda35b7f12b673f481eabc74c3cd6e2f16e5be7f0d1b97c31b741eb	560ecaafbb0a48e6d108a3dee50acbb07029843eca559071bebadfa145525eeb	c0108bf67b252ccd363f73560556238dfa186b9a42b345edc8dc4ca31b87e653	fb5adaa7ce8e9e56e442efeb6e196eb2dea8f6a0e1526f121476041215edd2a3
1929	d043cd75eb6d701e24cf358b7a5be799a9e33c60d2c9e90253c7ad631a68b375	6a8c0c95a09a08f0fc730783703d03d9552ccb4e42391cdb3241a67793238714	31cd9298ea980ed0722da09a1cb6e7c95a8cdaa535ea4423a28ae363a19dbeeb	23605bbef7d6fe306792d4ec2a180220e016c308b84a00ec961233a8c24054fa	a6c73d1898c19b0ab24a412acd1f4e4d39b2f453f54fa12b74dfa547bb839225	5720758ae201d803cd8903f94953b4b4722f62ff425033a79b94c5840e5cfbe3
1930	0e73da57f97cdb8a1495f4fa791c727bd0eadfd3f06742b5f3610941c3673c6d	248ebe1fd877b27fe70e5e868e1a582d286c3c3550ec7b409b6cde229248dd37	56271ff4a300da3b774727ae820f477287026e8c7c13e514df8feb9bb3e92751	f2308d4efc4b6570bcb7f98c7c81814f9b8523419c0a52be4d2a421b27ac8040	7c180e393804047c3cf4f70cf154335942370a9330d8bb78b1ea18771f91230c	2e1b18daa036d285a0c48251b4386d0544d36cd9fe868edfcfa360fc1d957e1a
1931	9f2633a67b80c6c45c950287db4c917997c0583b4863062b5ad6565e2de81d8b	b0200d89d2c3e9ce892a1b1051989c33ba4a66f2219b0bbe8aa53e47b21e1e9f	30b15db7493571d89380e3f4b0935a1e1dd979e3156068178e7cf470fdd5bc75	558502425cd1b0c5500d7a5cdfa13ace6d9b95e5c4f59183ecbda453c7c49388	cfb5ce718ca6670e362ffb925d112738d4f12b723b488f36ef2815d89f20146a	44521da21b9a4a85a9c845c6b909b4f90e68729aa8ad6fd76d9517b5a3425874
1932	475f8efb919dc2761205416147a8d4ab3f0d09d3c67fb560ec054486d598db07	9f845be68b2dfaf423a44bc1374a7308f7821a54291a722eae3d729c1d8deeb2	3ffbb2b1897b3db1db1774ad1515a5a720beee74f15978d37b83a8b6f437ac41	85655220bda9aeb157cc732c053dd7c78b01c6afbb7b06b2ad13decb324d81a4	2bbe4987aa34247088ecdecba11e60fe78be3694a247dfeade2b089f825779f3	86a912905620e3fbbfbc1854afbbf69c671c2a25302407fa98c3b22df57e1a08
1933	0054053ef7ccdabf58827bb8d1c047808a9587e674c762af4738ff570e106a0f	096407af7779cc32187bce68b9f4afbb9b46cc43828ee47d1c247fa593dda47f	5e08283acbb9e0db3fd093cd9d0ee5e3b0749ea00f3610d283fff9536d42e4fc	e695d830904b9c742db602910dacbdf1892434077c534c89af12b17cb58bf4f4	05a99c506d29b733a53777dc4a1de0d0f5253cc97874049c224959e18e5cef97	d660ed4d1b6885aee1bfc466a2dc3489a98e12779730170ba76a4439a5d95f39
1934	9248e8edd3e1b2d9dee1750b8e4629220cc4eecfd3cab1c95f10fb42f6f5dd88	460550733be89e620f6e82c636e533650e608cc336610d48567a8c3ea1d83af6	9e73e4edd819a8d3fd13fdeef6613cd237226895f208f8a640ee9b41c1a3fe64	a0db1b2e84d1d5c67e09760256058cd6d95f42524780ce0f172c54d319b4d00f	e3a1d767e04394de9aeae3c439590b90b158cd9032bb424656c62f9b44b233c7	c6478ec4a321c35bd14d73a87e4d38b42e082369a2bc7ca0e42b228221dddb98
1935	c1ab3b3b0afebe683cfac9d8ea6dcb8bfa70ad93292034d4f299aa973983d20b	5fb5c74227ec192ba347c711a717becae21b709278432136a8978b3f26013d77	031c476878342cdc8511e7a06d83697f9266056ea3a2e1d20ca45cb059bb2198	5e31ab243ef2e6ca7283c23527e87b0b38f8ba8eef72edc3d7a1806a759434f3	9c34a7e0a5abb06dda336c8d0824a42cc99b87f3521b44132a63727e24c379d0	4aaae908fadf297dc9d1626f0bec740134b1df41f41d097f4e6d0ec120d9af77
1936	8851c7e93ea189bdbd85aaa0c08662d5b229068d2290b144682ab5e0395334b6	9e6343425835aa99b1b64753d5ce63000f33f0507902282237c8dba89e9978cf	d44f2ac1877a62cc464b12a61db01802fbf2db1261bc04aad5dca6f0ecfcd859	8950dbe5839ad07cd092f928efca3bdf02472e190616292612a9efdc10faeb82	0ae7fa83421ad99a40d4c0a0202e5ec3a95ce4075a0f56a1331ca98a2d87c68e	7574243e553511734efe39e791da7debe7e5556171ac8c5c9857aa5b9e6bb1f1
1937	dd35c936562c6e95b65c2e5deb8776a3107f977b46a58622cdc0dfd32f194f08	70bc1dd5fd87035d7f553f5cc59167f5d3b725310a9dd78637ba199d11b2522c	3ae4b1f1602d3d9f2350c6411f4e9e967de9db3f7b1e27b537c4ec4b9862b783	4279b8bb453bd5f044ac41d12dea821fc61b427d7a31317fe81a9e6e33e6a743	3ab1c15505c9401a62f8e34f5a1b6e2f10096fc7f13e3ab2096d41e2f63f7d8c	aedf0759b6cb8babf2743efdcc0816e45cc4c1433bfc9ce7de73d3f16ad60dd4
1938	de664e74b0a8b1e5728c1596666fdff898b00b0a2bedde520154d020f01d7d84	9c7e23235f199b119c73e567e09b8877cc5f81f65da967334c2d0324ee01a658	b220bd5df25cb217a9eca79f7f84c3206f78eb826e9871e2bb5208b11c971681	6669282428069fe8bdc678bffbd3c355a5ad8687a29f970a76edad4f0b06c1d1	253ff5db2b2209b27186b7a32fab42781067431f69b755e0d0408b73389e08ed	c5ff22450b0e9192ba082901fea392fddc4a349c73a385d0b3d3b82a1772188f
1939	6824cc8e4eebb1e6f6851602dd643a727b071244baec2cb944e1873581d804dd	996294f22e422960f7550e2eb4456b8144c141228c6b6bb26756313a324df102	1d779949ac879f5ba593b1649e1a07d418d88330074feff1098f07be290d8830	f58e930886ce10646e0a689272f2cfe42c2a596423cf309926c35e2807597a28	838ac31cfe0662b8487165c20ad674db7f873d000e79df6cd4dba958f2ae9437	01a4ba18fd2c646df7e34d286ce179e41fcca77ed81795b6e4f1cc0ad2f0a451
1940	de5573e5035751df3162d91787aa68d6bc32d20ed559b2af1e09040b99b620e2	56dd2bafebd95a7b7ea064c07405ea8d36dbaa191b3f9b9eff312bb3a377fc91	2099533586d7dd6775ed38ceac69d515974f289bcf0acb2301d3fb39b178df1b	7fdd77db719b3352713774bf3f053914c961dd81429e2aaa85afa0426432d07d	007fa9f7d87c04cd0de7d4256aa19b08e19c18a0546c253c94eadac066b405c4	7ef3767351b4662f36e504bd0641fbed40276c721f31d0126d26320316c163dd
1941	5d9d7a3f9de9013df0b9a0428d8989dbb079eb7e8808ac67f90e4b50280558c1	e74d947d5708f52cf029b8fdf36f4ed4da77b3bf4c9a38f22b82a4b1c1bacd18	75ca18b1d52b65d888bc20311bc1838349b968fff36bfde8288b1efcdf5e04d8	397346ecfa7b9bef226744be5c297492c4dd2cd7feba1b85ddb686dc2e954391	2e8bcca200f2b044cba0845b58ca992917d8e773307cc8032e5ba0bd131ca312	028260ab548e6246d400fec48db1ee12045ae5827ff0a3af876c83e6106aa627
1942	5f85f2dc89f07da76ce891584975bfed4299dc7c96cb787183a181edb2cfe6f8	084ea42425633f11d681bbcbe00c10d1fb369c3db48f60e71a9b311fb71213be	c391826cf8ccf2e987de777966966f862fe282c59e8beacd327c67eb45900b15	a45ff236efce4e2b55b74cd471dcc30f4144472cb4b5fc736af4e622f58c79fa	5d8508d20fb8aa2416d1d1c05b9724dd3ef38f084880a87d371f7e8d18514e46	f1da2fcef1a4452870db46c104f8353dcc510bb8db6db9ea2e1f3d3bc8373ee9
1943	70f887ee8da277ca46dc438c4b2cd58207300915cba9fb494f98e64b0f1c3113	fbd6a64f7c3c19d7148f15c6fdca135260cfafe5bbe8b08617136476bb66eac5	026bb14e1659c4ac0ab8c3fd2f41322edaed8b64f9356d3fe566eda6c6463970	10a8d4850376fee629850877b9cf365220fabb4a57a1a3a3ebc84ce2283b39eb	05f0d7af1575f828299a021c5efd01306549c085f108e064809206951219b212	f8438ae4c028dddfd7db1271ee45a3d96f0c0976ba0339f7e4db0dcea13e6090
1944	b3cdfbf492e55191bb7326ff466143daf58d0a84e5f9fdda3d8e89150eb806cd	8ce0a8f76494e8f5ddcad11290b4434e17d6bef6a51e7e09b3e55c49c82a99cc	3c94fcf2dac35f3feed44dd0b1bb231daf76c9e628df95a8d522f83e5f6ea336	26e414ddc1d3087b71e4e8d58868351b85c69e02d702d007a8c7c23c9304641b	056344ed72b67c6f33a796ac9dafa1d8951432b4abfe4773f1cc2d8c1a735bfe	f9bfae77d9d6b23c8813e5db96488b0fc9e1556726087aa4110b7609d592af80
1945	187037c0137f3fdd16030e49fe84205d1533d96eaf9d051e9b21da747f1f674a	9610b4db396777b6b0d618d1a28a64829ea421c690c678b358c957873760f7a4	a321ac0a6b661a69b53ef1f0b07847cc2e0248cabcb32e74f505e8b418e6526a	b16e9458adab08da34b196be29ca60991fd2f88e219fbd8b0a532982f48a699c	5f6dc8ecd8c217ca41a9a4ee3b50526c48d7f69e45b9e7521018c76edc9b0b0f	978e4a73594e00fa0743de23f782d9e7f0b736ae764853864e823f580d83ef52
1946	55f4903393765d41465de0ab689ecf90d5e3fc309955f0ccbe74601c9b91da99	33996a09eb7891b12ce9dce7d40ce2ad3ca4227de664c4f2d2eabf45bacc6075	99753097d878f1ed3fd8e5cccb5251c2a5a776fd7cea9ad2a6041eac3d67be90	471ff4e322807f2854eb83dd7bf1deb65a8de9b2def8e736b081528b1dc00c6f	b6bf54c2447f75d3997c93d9aa04063e3e72cac01b2feb1276df1a04a69b38b0	2d660b4ae16ef41dd87c546731ad134e95a1e648461bc7fc5e71246bcf7ac73b
1947	e9d2b4a4b7f30e21c704d8dfb4332bb1d823c6113805507e9566cefc2adad92f	98eab182446a5307f70be0dae0d1d5202331f03690fb1ebc742ca2b06b5f5034	b0e1f2a388b1d01eeb2f99aa5b32103598a33590252230c8592fa83fbf23ff2b	3607e532c8894fc527e5f1861fafc6e2e1c81d48237491fc51e6512acaee7e96	aef616076ba50da4daa381628e026e6f59f4cb0d72c6fa176af54f4f2c9035f7	a2c52ba5be1739bbe690dfed9941f464a494b74e968d5f6070c0c1b52a46d48b
