label	root_state_w	joint_pos	joint_vel	body_state_w	joint_pos_target	policy_obs_history
reset	4d6ae015d6fd10dc9688bc750b42ceaf9d89f83858abf0a6d721e43786da5aeb	9042b9a8f95b8f58e7c1509722c43dfdd58a00b8078c9ae2e51cc1f1843b5b17	ec5c4eadf99b5f80f4d6769f53a3473e12a68a89307ddd8696de9a3d338fbdd6	11591d60340d81edabddeb2c37b573dc6c9df41b71a740b3e352afd7b52c0b29	d6db9f0618387d59f89385173c4ab311beb757ab306afd018c2a26a0893aeed4	831d1f39d20d3858093ea790e19345539b1349a42782c4a9f6b5819c3030e03f
w0	e03fb3f62b9c8c537313b561391a1a78da2b1dfbc04630dd52054d78049864e2	72a292a26cbed3b1e7c073b8bd0e1a6a5d9f3ce2c83b0431b40d8c458e36c3a7	9efbfe1eccdd461afdf109b6694fb837f0c68baa17c1f3a4dbc00a30f202f2e0	9fa4af44cb06678d651e0a9dbe60df7f15469f4559963f392232c41afc4e403b	fe523f335d6da73e1a93d0db3092f9d80b4e3b673d532e3670e4f31c9ee7b831	c510d5474e9b83c046c98c59bd70abd9e9ab8b94ae0f5d8f9a5c8e9612e3b2be
w1	955f9e7e8991e14d2a80b68c29a12b2ab3f99b5c35459bc59289d44d68cc115a	b1a000819670a1ccf619f45b7f6f4f90e4cb8434a16aa495d6f961522a15a47f	d2609c986c2989c8c1c90982a51e6238fc3e5350222d2de42842c1db21c4a922	b9eb7adddddf2267916449e113b53c482d07c80d8b234caa6893469f473537db	839bc21ba81a8ec660ed5d2f28d20d4abac7ea32b5e99e890ce9d0de2900bc3f	79de468e421530ab10a3fc2d894634d93f4d090be49652d2fab4082f2b1ca33e
w2	7230bf6cd2621158a8a981eaa362aca4d441691a4b29a8fa761b9ab015780a40	228bec1cd9c8ef350acf02d9ac169fe333f011a9ad6be03f5a90bd1130564e51	177736192ca390a0e8adb0307f907d2214fb8b60232a6b9f8e7f22bfbf878636	d0ba69cae02a77768c9d37dec1bbabffea744d91ea8081f153242ec02714d14c	56a57643c57c1ed06bac2daf14e05af66206980e6cd51d6cdb1bcb9d45bc0749	e2f711205c53a152f8f22bdc8c4aa3a705c67d06b50797837b80de376d699940
w3	b366a117dbd1ccb23a04653d4f1edebe4706664a548cf5bba559653c48174fb2	4d8afad86010a8d41623ceceb7dbdd039d8e716a75ba8e5ea9bcf4f08e935d06	1a64406bab9b6c5577901dff56bcfcd7fd30591a8cca876e528f748f22f8a054	bb5d49bbf530e1b6b9a773cbda4f0a09874705e82a4144602ead049bd972d8ba	097602aca2a417b729487fb1faa1e957b2c2554b601d12ddfd9be8bdd8bb59ae	7a18a22b8f07d2d03e9390db89eabc394079fea690e6dd3807b2df57cf3cccc2
w4	3ac8667b7433c7da70e330f4a5982f724d62d2a43ae20cba76a49fd991d7ac15	f02582e534c1eaf5327362bb08c8e59d0746f439abcaadfd58a7185de55e765e	7c410ad324d0472b4df6fb638807562620996d2e84d7abe3c8832b0c6f3a1bdd	2bf61eefed64ef09d5244c20cc32430e049ff5b2454096fa283ea53b5667ea7d	60c9c26399a679c9cf3d0b3f632494c86986e72ba88e74a8c55b47ae14dacdc2	b3d325baca6356737443cc563b868291e1131db2899c3650084ae5de61cc5f50
w5	715071b074009314844f399fe2f91041839011dec8578d0d07cd0fc17825ff4a	7ed2a2b90f66e0eca897dc4b96fe6e0336daa5aec5b841491735e53c169acddd	5f2dc3c52f9b024823d20c850ffa9deb0e85c0ca699ec8af859f733478bc5905	aef89750f3d77842a4126540be69381ca9609d3b20c7345b9a7e63d74a4b8e04	893377bef1451d179ce074e1c7f01aacd5df299153b4dc2dd66e09d98853a221	bca598fd615e73023a289b530d90505e046d0d6450a0a5993e8195ca5d526ad1
w6	0a9778a94c72546be518e6125aacd9aa2bb04b080ae167bfc284593d410184e1	71ae65dc1e19f45fe3ba07e2bfdc7b8501dec5dc6b66fd5dd7f4a2e18ff019f3	4a0c30a4aaa8bcb244f885fec54deb850efe9abe82f36e8a8938ee56eeaee1ad	9516eea76985caba1bb24617753c67dbfc1b1752645d63e1c8e28430609761f9	6a6b4c3690803266f21657c61c98368c4735ba6a5daffad7bd86ea79fc5b0435	b2388fc65fbb1b2bf4a4dc72d3ebe2114bac5d934a6a87aad295352f0c9ff282
w7	95628ed440bcb0e67dd52ea82ff57d5824082c526365f68df223081debf0b9d2	692021b797bc109bde147b1d913c5a5eb821aaf2e6d4693a66821eceab94e1d5	b061b642c19092d4fbac5f899cb6ffbf5ed17a727d15ad177575f3f8fa11b214	9ccbad3275174cd251f57ab5abff240fe1d32d38336a5efa24bb28d2cd1e6e7e	e260c1b4da7573a83b024a1896c02cb54b87ecfdaa92d7238c93eec87bcb0526	90842097748f9c079cc549bf43cca343b2bfd8884ab09a146e8f615a18c10f3c
w8	4f042135403faf208b64f213f953ed955c6ff0a472f0678a6ef57743ca699bb4	93298b3f30933b420e80f1d622bf59efc17f8919c0b206845ae44c4dc3dee451	bfcf3c061e3040ee5640832afd45e8d8cce0a66ade72ecbd4ffb77ae1cc78014	3ea56ca53127fbb88008b0a5ecb5765979105242e302cfa11509afb7d185951d	cbefffc22389b3167aee4998272bd590ae021f677d8abdd26dcebec71a408ca2	f94783b288138311ae580a27b59e99c478d399d739b98177962fcfcf136dbe63
w9	aaf1fe8e75760cd885a72ff7ff1289469a43747e4e7524aa9ed2a264d9cb9c2e	8b371765cb0a1aae0e6ddbc336fb247482615c1c09af6f1240b139a2d3cdbc8c	bade2a102dd3e3b52d3019399adeb669f488863e9d214b601ad06758e3a2904a	b3bc0b4bdd884eb3007f9ad16ad941588e4573e8f7bbae0d95e34b0ffd49bd83	9c8702526501bb09760bbb8574d812529eb545617bb34c9977136117e8a0e0c7	8f5a33d50ae8f359fc5e70273f2e1f542cc057961369c070dd4be440c4320b23
w10	8d2133f39574d5d8867ad9281c8046eb7c48d3a257a3e96f4cc6bbf05b69999a	e4f57454855daf36c6ee3d85b88e8bb3a65f84d8cc55023ebdad325d3c0468ab	cf7c74c903cd17fdd8c5734ef5a8112e42028e8465e2ea9fcd99bbb5a085eb68	25f073ea3c0c2d477056b9684dd6478c3d9ef448b8e28006e421fdd3bbac385b	1dc4d79db242778d5f5d01e154989d1e074194e86cfca0f3bef9f593ec78d24d	73556d2f03d098b26ad2cb0a5f9305941ca26a260a10b5481ddcdeb4daa3280b
w11	9bb7089cd899aef627e925e91e49709cec955ad8abc2b0239696955faa697624	c9bba6106c4d54694f5c5343f5827dd99a7715d2f318bcb0b311e5b8769e4415	7f1f835626d285825c7b6b26666796b5c2f27757be5d28d2193a1daab51a31cc	9920a8aa9b8f4fd78abe21dc46c554c3bbc68c632f7d15b05b2a834c322dbad5	de7d0633443bc6181bf5ca169b9757d5cade143efc0fe2bddad1df64df25e77d	810da2726668153e722ba11f2d10f9aa9a25f18afeaf1f6c9e514c620c6afcd9
w12	c04cfcd4563adc4aeb3ddcd29ee394676c5cbf52fcee6213aa844e89bb6c3f1a	833358ffe098c16e8c198ff5f2c15d7cf6bae7e19d7e8e5e59ec68459b59a1d3	d86aa25fa2195bebba9f1b710a5e1e3611d7303a0525dd0d0156aa119894f955	e0e10bb64584b55edc10548de342580f74f4b48d56d50e48c707d8a02b08b7ad	6a02e578c3598efb7d5d3079865c9fef40e618433dc8f6e2b9fc450596ab752a	f5ff3805fe2a70f09acc1c124054e20967b7c8416a4e37b3e802f884400a2edf
w13	5638d00670d6732652217de0d7a60afc6096b1021130aaf40f3f5804efdf56a4	2b2b5a0d9cabd7f55e56ec3eccc9c77b5a4a9fc32577eb2731d30d0f1b2e90ce	7823de2d5415128b0a22bf0a1273fcb5c037070e6bb8efd0f616b98575914ea5	f694a47a97f6e5ef235cb22630edf7a3cadda1664327464d82ad343a27bbcd1f	a3cf53a2ce41e1f74c2f6db7c0c61c0ec586ac682f8596ea9a17418f4841e188	4bdb37262515f4bc5647a0f69d12ef93324c1e4edfdd30deac374f3a68584f37
w14	c543b4e6ac3adc74582edc882aa60943a43a1ee1760726cb6e01c7c21174fe05	bee3d7552273ae145e109e0eca349fc41daf628c0fad68ce59995fb1a5e2a17d	d31845c49cada46182bd708fe23309b8949b189c26481e9e70c4f24564afaaee	a367eb2b99333904380ea3ce9ae5b9dd1e146f050bf7cf8d296f11ab6ee6f1fa	b98b8c6a8414fa03af11f35dc88a6a1e70b43314ac7ff723a6fb1afd1d34dff7	5f1c837c375d19e2cdfc722f120d2505ca182935affba69c13bf91544ee4aacd
w15	8a8fec0e85d46c72482a41218384d1a30deea1374307e7e6173f4c08a4c3c501	0e0497928a4c933b95f77ce00dca4b5a032e307375075196501904714bb84a13	c2a55a0c74ca790446aeb3f99d94e184b2639e0cb7e0872d4d1efc3405856fe1	9563ffa2e24e7b0d2c39dc8fd6ab258b2a2d2d13fdbfbde63039de7904a4295f	38a0a54e51a931328a2dfdff03cf07fa09b2e7feabbaa6fc3455169f9b031be6	b6ede1c4a3c96f607a4ab1a047d570f7dab9d28c22ccb13fab41dcf23c81d391
w16	eee91d4a60701b47bede0f4374a98e2d7dfbdb80c0efdceecbd4c732f0e69659	0cb914d4f6008f2e7314d507fafabd0648c4c7958db5785c2d69c5dda0ae68de	79b2a2e5871314942072457308c4b0b7d877d5317afb2300e677429e07aaca9a	2ebd3ca2402da7589e2ba326c7e660e99d87a993142e777ca0730217994971c0	c6f3abcf3a0f3824339fd3975013de8fb1d9eeacabfb9a20c6d95f461213538f	909b1613680f74072963835f689863f23b8df725bc52e7594d897891942ed934
w17	c856409b2f067dd5343d0e90954f8c9218f00c9b6891fa469fcf338d67b5f4ad	f7d2c73faac614575591cf73673237fb5951769c47ffc2645b171339010ca500	d6ae85e9521b371265f83c6d31b6153ebf5692d3d5555338f701b2f1d801bc71	c146eafa56ff88b662af38d7454f616d7b262593c2f04380257bfef3e5c320a7	479a2602b60a87f0faa37ef85b419a0c640b76102f7c5d198f89c1d031c845d5	e37ab1e5405a58731fabdffb04db22565c331dffa8156ca572e147ff63e18d2a
w18	f68be1e5d3296e50d1a0c0dafbe8343e784a82866dc26c6316a20642ebce953e	a9038c426b4100d1a4fcdd00c9a6b59e7b755fd5bcb37434c96003b3acea33db	5a4af69be2934493dbd87899afb639ee60294fa944b68b98d9dda26d2b7f22a5	3d58c939bc31adc823ffae6a1679ec88110418045d69c6a547242aac5568f0fb	c8b7e7612c58f9ca4410f6e5228b80a8ab6c809a1b4298cb1c778a4233469904	54b4c80586fd5cd39152606aa3bfb91dd639f5e53b1dd896c67f6828e5461e5a
w19	85e65851bf861c189075288c6ea7d0f985155f76f23e3c04c5fea1aafc71f431	df59efab40c79cc225f2c1da63067a2ae18c32297193cda63f1f8161c5835fa5	6fce4c3d1b089054be377355570744d70353d4fadcc4910e4e021c5d95c4b36a	10da0bbe0cefe1fb1a94551664b02cd351d5ed1f3d6827fdf06387e7901ace33	e05d95021a6bdbd1cc82131ecbd5cdeace3665f021e83fbd93e9c7a25fcbc80c	afce79925410deb9a439839a857d36c3d8d551de547a1d0e9a88caea8d35b0ee
w20	4e1071f08c22bf43f29d26d94902d5ba4e87aca0bfbf43cd367d4946eedfe85b	038772692ad517e512b57a4bdb7b2f899fab6961a04ecf2facecfc2a21759132	b41434c97a917159e4b8b2d2619418d0c02081c52069e0f5ab9d3ecd8961e427	fad50d7de8b14e6fe6217ef6c5086eca338485817273753ed26ab59c74418b77	1d549b9df9fda155bb5ebe179011bbeeba6109d870ac1872464845d509bde79e	3d54662217b81db98312c6c5d593f8ed269a81426cb35fd14d2beb2bc56e095f
w21	85d4c5ffd12f4dce0e6f90457c6cc747be2d3dd798177035dd83dfdc827ae0a2	506dd8a8b05acee2eda1bb6672cf2c96fb9d06ebbe4149e8cc98e3aa86d336c4	d0473666f3b2253fdba4c247072cd4cfe813c601d3605e81a81a8dfdb1734615	3235242ca83fb79e17de8f3bdc0f59528825ac7ee3f021e0e8fe1ba15d44926b	464177c6b448d5d7e736c388b8efa5ee193762dce8ff0e2671659f9860d08846	ebbc9d93c3192f34b93648118f4967c1faa8ced581f165aae0a39bf20496a6c1
w22	df182ae170bbd8ff512490b51dbbd6693e4b6e016f87fe4bd6eb7b6a258e12b0	b68c0e172249b1b9c108946855db3457f6237a49b7f22723621b736a36183896	96922673a17d789341bb3abb4ed0ff16ff4c3f122642683b481f95c9621cc1fc	46d64d4ed3027cf210f542212e8fba522a8555e26beff4568935cc87b14f4e9c	11541558ee32078bc0c5c21d57af7ea58d243f30a181eaf7e292f644515162b5	8d553727512a09619e641f7be167ac91bf373b30e69cfdc64731d33f7f881809
w23	538ad82eeddedb9920513de56278f90a47a874c83cfeff29fe5464ddde28f545	0f24737d656e25505feccb560d7a762b7a9cca74358f04aa61ce9c2a680cbb74	b9ae8ed9b04c8ac62c842673dcda84d142f045b7cc52cac52a7001e64e24bd33	c2194f78b8d0253ddbd8501a53cc9918390bade82b0ee898bc2de7177c14840b	9dc967f46161a3d640ec612f82af0b594624d07e5aac3c9afa9377854b2dac66	19f0125c5e916d2b4dcf46cd58891705ed5480d219fa24d86012d5a2af02a743
w24	dda14f631642b8146e8fc8c2790c8c5125a97b37dc67ee462b920c092656de97	e7f3a7f4ae814812493ffb7ae1a5009c05e74e0d4487fc74476ad56871628ed8	c7e323f9df387bb2a4e47c2ccf07e90a27c39962851394d024603ce426c75d01	edc6cac1ab60dcbe955748c082a711946fadbf004f57095211d4ad342d5865f7	8308802c41a74d27803755e0242cf4ef4c8d08773e485e2de2bd73875739b215	67fe935771c744b849d160f711538da50fabd3b65fde85423f67cb3a7463c53c
w25	01351a89ba286edcea40d7830935a577079588ab10526fdd52a36c768a32c1bb	e1d9b04b1bad99db642f348f387b10ac247652e7f690554558061cf90a6ae1de	8b27886134c753d738e9bd3684734f0289f9a59ae83cdfd9255f790ae3f8f522	84c7abd3a4f24cf8e3715a4434663462f3c9e776c9268d08d928f99471879cd1	3cd572a1d4eb4729aeb376179dbc0fdc17aa2d88af3ba4582c2d018c71f0adc4	89439826f26638bef32759641a1a1cc47bd5f345acc61dfea20c20f54cc1ac59
w26	dd97aaf0005fff4296ffbeb16336fbbe46db8dd6b7b498ca0bf5e6bb191ba9cb	082b7e7141d46300f317d9123e94c36350c55e06a12bc20683a4bde5a8b8d377	f0988ea9a3dad6568c06933a6da9320a23b730c1ca764473a7e495ec1cf24099	0b315f8abbede4d4fa6084925d10542af99739edb485ffe168616030240b2594	cae75488cb54311e57226f1c0b8e36b8f96a17c06b00fd4a62400d2f689c7dbb	b3691040a5deec251439164002490ecf9d7cc781fc4622cfc79f769d3040a98d
w27	1dcc888af9846a6805399ea503799bbcda8b02152a81d820bd193b3d6585f1eb	ed3bab0fb2a4c7f63d137480841f685accd875729ef12c0caf074daf647ede9a	3f281ede52f797827384226525711fe677833f2201b0bb070358975c949682fb	87c3c945a6451e68f9a8f123b4187b8feacf4d49fabc7df42e3b1f9fe01deb19	bbaba3fe5fa22a1093fe4b75d5212c0a21c088f774b8cbf87c5602b3c5737d25	34f021605581d45ad90bf61644af1ee8af70b8d19e91ad0dcb4bea41d7f6667f
w28	90ee27a87b908e90e043fd7d83159a5c4713318a8e1deb2ebb75ad35ca23934c	d8a85a629ee05ab1026699892a11ba5c5ca29718218329ff365b0dbf1e286d20	185e9f9f4fcfe98bc0d6c18adb2c42f0943bda914a3af0e27a0bfcf5b5c8f12c	b0c0d4739baf580ab8fe64931b3bcad0ae8e1db014eeb8ae8a4e8f1ec6b13984	5d4e68f81ca84212caeebfb276c9c63519aaed08a3a5ad702bf6be97d84687ff	f9724a23579afad8a7e57e2a4ae660c6a63b1cb0ce88dc709ab78a32115d6708
w29	5089c5b838a61a8acf66f4fcec3152a88636e20f4d73ae1558e88a3634c224be	ba533ec153ab60f23d0f703423b32b8bb1a692df2e31eaafca34297739f459b6	35e0b52664a148c8c870b5e7cb6210a86b44c933892b3a06030b9de70cbb1036	25ac78a2a29964f36aa4a71903cb5808b9c05efa147321a1a1acc4cb0067578d	dcbda3bfe9435631483fa0fbb0053441f7dde503049f977ca90e642db05a9a81	9f2dabfbff7cfc8be63ecae4479ab370b85c4c33386ef441c741f28561203c4f
w30	740411e2be9ce45a406a6182ba78168cd160f4295993083241a0c95bd377cc57	5628eab2dcab71c349e731b3d817f735786e652b9e65fcf7e1970be610faf8f7	ac7c71f2a4aae2ab32d07de0e853861136d35a5ae95214e14a98a99f3cd496c4	e07badd3ff65f5c1851a952e2dcc2d3cabd1e709aae3a46d27e03c46b98b86a4	521cc70576b7948c5216257afb95524302060a2e61a020ea6d518d2f063408e3	60e5c87856b09130993be896042937164e75d0a92ab39f5981c83b324b789a50
w31	e1ce56e0f9dcccdb28d58028dde5722938f417e422b8f1084f3fcc5cefa1fe4d	d2a650be9cac54a34349de7d01a9e36007782cdc5849718225c88659d783a4df	645b5ca6ca196367111dd9cbd7355550912b1b522b0b5a4782b1df10e9e0b6c5	7a80a8e7458beaffc2c1c0e1747837204ed4ff38fdb1c98145d32372bdbf7c44	badb61d57a04f192858d8a28b52290e6245e6c6bbf135ee8ac170aa1f8726543	9bd0c7e2e172e1d2a168bece9ed719f0788a49f4e26f2c4bddf9c00d9ea13a92
w32	045699f31d7a9231baa3f0884bf515b23faa9a5aa1cb6ef62bae0b409dd38958	bbc111beff4168d24d164cd4658642ddfb2f773cd8993dd1461b19381907d4c0	a642875f78aae28880b485d29fba320c09964d9e8a39916b589facae4f8ad7e2	93b92eab89aecccb159b5427cae838f43f82a05f1c0e3e3d26f50c52d4fbb857	baa5f88beaf0597e7f7e068584e266f5e7900efac6820db22279994c53a364e2	05e0d2d5843b930beb17d326a94835511f68e11f7fa8429e2a5bf9b274dbabb8
w33	0f2f49ca9c176703eb0af72fac172727df4434aba9d61d63704226f09173d241	26dbd0fd9296c8269831ae13c0a5b588c4b7c7be7cf0be61c4536b4c07916855	c7bcaa44c12a740c6acc1cf0c42fc48855cca7e5a46ecebc223c57da44880845	88fc49688d21b1d804819bbc89121c2246df5f0db94a08804ae4cce7206c3575	e73095fef32e3dea88703a3b2c9ac817fd1ea84f1c20601ca711d1421a6ae104	69579b72543e6954dc02bc4ee17388028db75d6895707089a5f92a0815e83b09
w34	ab55db63f064cadd5178aa568aae9fb57751d963402c0731e6ae73c56d10129d	e10228413e928756f7ea76cd4e18c8b0bcf9e3b52c83e9dbf6d0af8bd3c4fd16	80d897e48917833766d0611de0da9186d169b98f43bf115446f967f14f947e49	5b5396a398dd4707f14f4773e49e0ee420ca668f4d1bdcf75dba13f3dc6c7db6	80e8d8ede11cf413f09711968b99cf253f823ea7099ec65dd42062d619903afe	2d7b3d8c88a3a9d0e4e3dfc755076a32e1228fcf933cab29743c5d8c5a0ff771
w35	be8b222b43fc304a83df6fde083211136755fcb8a511e530809b0a895ff9bdfb	6936e5b58ef60b32a148e5f5f7d3f1f2ee00af420ae24bf40ff1f396d3eac302	6009444cb70440b8c109aab9912621d74113971da5e56d932e4134013750f6ad	dc323114cc310e64e75c7837ccd25e2cc7b55ae89dcf3a8efd245975b32e9830	9ce21983c4533517a95dae6bb45c1eb40e6eb6bce1eee86cf92335db2017d79e	d9265d6fe3b1a4a0a47f2824ac70a0ea2e9a0c73dd57587601da0e1a181c57d9
w36	28267b98f10039868b2f4b0407b8e576c6cbceb5440d22299e326d845ed16ba9	e03dad4dfa4ccaa6e46a4775e46a1db97ec49492e1b643b34f49e19dfcf7457f	6082eb1e7617d58ed2ad7c4d074a391aabd3503b75995044731da67543c68715	f6267b6cdd519818be7a721b33b7392070229f856cc8b45b57815923d76b93db	02185c082d98f075522d2a7489dc3703eb88bf3a12805228515dc1ae3a588393	3dec3d7f3abf85d6707214bbe9eec38f2e7c5e34866b63f9ecad7d5548b2668d
w37	7f131689ce472669c70861a9631e56a7f04e6a80e535d18aba3ee605bc924071	1ffc483151e77a714050f0791d56515a387f8b79b5acc1bfe688fc2888b47231	46f1543a079d290648d4668b9ee8631ac91355f8bccd60a02ba01c2175c76e9f	1f25231a471d77fa3d17a7f3b5a6b5f67a75b7299035e2c486e089d97e5e5ee2	be36d777c62c987a448bae81cd62f994f508e4e8ccdda210bdd2b6aeacdf9161	6d6ae94e6577ad2e4fde4b916f487e0a9f0ccb45cbf6256d54e738e156839902
w38	d2e228379d1c0fea442a0f8ef782b0982824b9da2630689fa8f74b645e8113ca	d006af51959b69f1c24b8a1b094b6774257c62505e977fc29d3ccdff6b59fc72	9643ee5ef595d01559376310ec725b7a148567b7f7f105b15544ab9d31263ed1	ec9b541b12e911c3ba1c54170c082563cb845efdd97b6b467a97f60ba5056063	ab88c9bcd10a4ea6eff4bba974afc0fbd3b5c862a147bb7babf062dac3763896	381d312b12d7c7828ffbcb0bfe4feb3963f747d13e2be11ae9307fc341a10307
w39	780a3ca197cc392d060a4546cdbf46185e4e9063ea85ca0266454b6510846b3d	22cca4486363c4b7373d1995d4921d76a0092144f17a7a37be39af0a62a792ab	8129a311232046b00cd446774e14bdd9c091ba94d52cb948a0fa730df692a2c3	b666d488071b355a389d36cfe8aa8f757609a0d5efa596a28078c9a538b81d81	246b3ff1589e0640e3e69700af47ae1d42f8aff04eb503e7255cb745075651c9	dd0fdecf69b52364a8ac4ca3203461269dcecf88e54a849f2143a7357d3ae8e0
w40	8f9de909562fb0adc33b51a1d7e1fb3f576396a6076c12346889e46d77aba93e	f759f96c5ec433972da949fa23b2ecadd7fb1d83757704e21efa3cd7ea682c4b	41ffe54c57b5888447b22da9e6662f3ff8bb2443d9d27ae4d591553adbad2922	ffde0d3a354a9a40de91c2a834a102f31ca88a2d5c79e1f883614a000bbf3277	8deac973c2602a28990145534c00138b1f50b8263d2b19ada590c982be6d60b3	5abaceb17c807892422691d587244cfade7cc7416330470daae088d707953ca8
w41	67be3150a148a6d27e8b7a1a7f946e1e0761e8abb57273457ca08265f4d6c6ee	be3fe003aabd7e862e1ef58d95e7e5331946772692e53e03c02dca53c5ec7a18	7f22dd5cc56886d13500c9e31c9e8a4753f40ad63f83ecae0e9af1255b3bd0c6	32762e969baee3a0cec05255759c53788a3c71baa025bc491fa984928058725e	2902c900bd82ae6090065a08882ddfdf3771ae3f8959c508e620c6542d1a5f89	2b2db66dfc0dd1056e660eb7d0e2388693e8c36da24241597f0222aab485c67b
w42	b69d56211c9c473c44691a7c1633f6294925c82e7c6356f3f6be38c2e5de4db2	849995ff96e3354b84dbc7352b441caac322705463be2cdf79c790805787e78e	73746977b9e2af5e9b93de5b71096e5eec8b98e3d889f033c2ca8191dbbe74e4	88095f18559fa991e1e17a0cc386858aa03f1008d6b223b02ea2c36b3c3fd332	f6b31f8ba21ce61e6617563cde87cb769c62b77ef0bc15ac9e92191f010bbd2a	7294344fdb5b565a98def7026aad918833b7acc7736d5486d2a84fb2e290172c
w43	0f9a9e454f0e56ffbb17b980ced90645b9bb0d107a74144c561bbb278c41821f	0420e507cb7905d89cb7bea8f5dc4f42c6624db057275fa2b4d108f789e87e7b	15a706e4bf5071d997ab4744e7a8c7708b1b9528dee845e5df25bb31276fb682	8dba7c6393c49dbd6eeb982f65d2ec95afab53cad748dc19fb3e9286a278d9c4	f2495a966ea9eb1efb6cd85e4a9d003a82539b2cbf068872d2fff0bcf4a10dba	bb59e21546a368bfee4c24dba7ccadc4bf86e6e5fd77c766d23a1e83ba292f45
w44	a7d2cf2b8aa844ad34e8e1e5fd36c3be32585cb1cb8968a2df9edb5c87e7fc34	990a9b0646a462d29ddb2de1d0430407001ccbc91da4f69facdaa41d8288e89b	35dca171910aab0329c9e0a2b74a74ea358edab6d5153b4686ae7fac268ff0bb	76e8f0822a12539f3ead302a4ffef1054f1c724edfd5aa68e255665c16bc7c77	083a995b9861d7ba0f2124edcb4b69c234d0bcc5d4981b78ca95527be82f82cf	598357854deae8b3c3476bc617fda49e4669b2186e42a3131c5950941c5e4b64
w45	391151abad3fcca33c2e80529030bd4eb3d0ea572f289e7daffbda97a92fb4a6	bc18944d1092dd20d2e85d83ae2b310ad19ea63d4918dac6d22ec965895d6225	63a7332fdba63c9828c59038845de2daddf692540efabff68a43faa1a4f3fd34	35e3d67fd52b47d378f6906023400fbf486484325057560be2c78e76afbe7fbe	1db6c23f231126835de1360fc5ef0c64c0796ac8b7ba9aff8628864f11561021	ddf7af01d2b4e08ea3fe863e4e35a55a00e54121bc60665415a910373a60d401
w46	3c6d060843c6419d2ed0a5755bee522c06e16ab34a9765fcd5faa8dceef5e191	cb483d15dc761a3302943de49f471a2b3dfc30071945aeda940adccbd7dad293	9aecaf670fdf6e3bd7cf0262bda86c0df8a8634c2530a0b232835338037a9492	d35cc04cd4545c2e5a3998caffbbcc2556a511c83e7d8eea3600d38800918e43	60a96b836a4dcc65d067053fa0d3be099e6a104f56c6351072b679a834cf7a80	59fff5d888ed6cc8913104cb4fe02405234a710f53832c5b525bea94a878d48c
w47	5eb3e3a95ec11f667ceb7f0aaf532bad47a5684451c24c8499e377e5397f0878	9ace7ed2a8dae7c14d23a2a5760f7112ada4fcbc08b5597605b6b16540475458	c9e138dbf98369c0889eacdeec63a6020234d780ddd9e73012bfefdc830afd30	7fc2412d2fe5ac2508f8ac4dd12031bf5a6a33b0367dd124dd0d7f60b2ed0adf	2d40efa61c1d915904e50eb1161e3fc90210bc831e69f97bf64f5eb39f9ee8f8	67aa9276cac4aaf678565f81d96b351ae2530319b40a7e944fb1369534590ddf
w48	a1dc6a2d5c37351290ec254b46ae71249267bc9c60eaa1ffd13b5c2b8d360205	ba77e5bde205eafeb773df21546e2506e6248e1c59f8a07175129cc7d9c1d3c1	fd58261f03139f29d6177a33cad5c646f996e8e93f4fc92c88c268a0f0d78623	92260027dbfea1380beb104bf84455596cbe901c2421df2efed9e84779dd27de	32453df0d1b008b57d9d6e89b9b779ac7cc182da07fe148c28090099f3e1c2e3	6b28541f9cb27203e2e25c4864b374fb85c6ea5f367e81964d28e4f91939ab0f
w49	550853f2ffd6be258f3cafcacc77b24239d28917103034c3d2d3c636b39c55de	a59aa276c1d53952271e352c44f03b39ee6837c8ca76ffd2dfa7b93e99615eeb	11009e40cc8578a0c9dca7d9f05ce98a5385105fe8e1ab454d88cc3ac866f4c8	b07801d1b6002b57fc6e4c50df955714a8aa578f514a0c3989ca54a0d71607e3	20da09b50d69138b57fb2b7a2491bedaf5adfe570fd7a9c948d4a39a8a0e20d3	36e29a8bff0de7cc58142a0543925a64ec48e13ddca47827d56b03d8f1ba290c
w50	4826afeead46215911cbdf400d9f091f6187ff26dfac10e60a217d0c7abe99d9	cd13fc384ae64fe3536dc3afaf48d8f53178b4e8faab63ed6ed4e56c47e6424d	a21b0d497aabba5e473d2a3ca848a1a3818a6c7ff4fd1784b6431c1c8b0df1be	a32e1e41e1605efeaf8cbe088f5b4e626a5b19a227ac99e1ff816ccbc452a3bf	a3f31d2e3a2f76c61e59a851ece1854dddb37810450110b0e3f055867b4f882b	8da898da105d9463318610770bc318220737d5b881a3d7932292dc0fb6cc16fd
w51	4e8fb949e3acba6932280b2ebd0cb1264d1f1ad85fc6eb911a4821b7fbe045b4	3ba207895a6d888ad7f4c1974dc6045a441b2d93aec1bd6a2d2c1bc6491a98ec	f32d1567bbfad615f010627c097efbe79c9ba6aa1bfec04d26301079448a358f	8223ebead716117686e5bf2611b02af0f151edf46c2a598cbfffec94adc5e44f	60dd4355e2b3e07dc98c19fe32804515bc2fe4a8ae556d6cfcc0a72b8eed6c07	55b3e450bfb64027ee0d7cab7e73ff78890ddbcc3f4cb3e89c182397a7ec2244
w52	4bbf2b6bc26447a6da1115d5c999c26959b5874e81262c46723a27d86b0311fb	e7348624a4f4cb3378393d665e000949600b519fc22c0e55bc7529a7d55c4737	70118f1534f62409ac6cccaa23a7fa9e1bf83fec3680127fd9f32a37bcd18d2b	a7df7bddec87356b242d5c7977484ef0f1ae88801adb30e333f3882ca96f63a5	9abcd3ef90fc7a7452d0d136bfc5aa599caf45d0018a9b2664c12ac792f6d63b	a861895298e5bdd20d5842d59883c87955508772d15b38bddc0d300c7783a5a2
w53	215fb887ddc09ac5f23b0dddfa720db9017831d2d6bb3fd8d46842a6d1e03694	221ea52603b7d9738b80430a385a0a39d60d0d670ed1e55ef5538d48b6390f84	f92f6855ba2429bbbf10af3a154a7f2c4674a688e882d9b258aca2db66679aa4	73df4d608cd4229a73290636caf7b619de51255375584381b40f0b218498f3d8	2178b5471e511346f4b6dc88c75eba5590d088516f4958179b7120d83ecef617	e8f7e355685599546399a04dad44556afa9891f698d0149b1d54b7ab8d5314fb
w54	75ae7f30265f7f19b329c1d631abb628d76742189a0bffc05bb0e707f7e3801f	e745c6827ed98cd25e4b8f9cc71849439a6a2b1043bc6b411680332d51da064f	16397d286059d031199297d24db055a113798067de4573c5864cf7e197a2b207	96b9c16326645061eb11254c465b770941a6de92e5a0e2db2de8f2c9b2c75471	41acacb2aa62a642e4016360c00d97e3d83808d39cfbfb9c9a92f53333eefbf9	31a777bd5f838414849e345e82b1e0410e6681fdc556785abaaba2f8757ef1e2
w55	e7bb3df674cb26b90366ab4f4216465bfb942fb32c85f88952b6399bec56861c	4168a8e3506862f7bd8f0bfbb8c1bfd3a77fcb96686deabc1a9fc05d7bef9d8a	0da210778a08c30c0f35803988e42f0cdc283de83dab39385c5fb7f6376191b0	1a4c53a5b9447df5d77ecd92902734cf836ed1f6e52e2c18b081ffa1f550fbc3	1079281ab6150ccbb36fea2bb4fde0824ee6bab86b7e3d571c5f8bfb8e7cf01e	dc15b8f0c5a529a45023e347f2ea3e03113140c35420f51feeb7c250f966fc1c
w56	992d7ceb671c30e5ab9ae7820c0235bf4d95e98d3e2ea17503c32e55ad8141f4	d95aa4bf62b37150a41a800ad353eeb833bb5ca4838a94ca2337e838881aa85b	d821153d6fb82d83a736eefc0a04c38ce3f90ea4ec896aaff6cf89dec07010ea	45a5a756c9ce4ffc297bc56dcde7cb29959d1b4a254671d046236a72a38e6e6c	2de9268565adbd341bc34d65ebdb9734f0c620ffdadad38cd4e81e495b6be822	c3ee0225a4d188fbcc90a9a734f9219bf9644692230ccaeb6862f822ddee313b
w57	a90e7e058c90081ad3eaca543cc3c45f6637f250964b74c656909a2b19deaf9d	9792b6cf7156e62c5bc782fa804c3c4555dc122efff4f080c2375bc7d59258b7	f26e313a2375ad4b75c391077a2dcca1c8617b36838a4b1c272446f872d8fe9b	117fbc7261844e21583fae9e0dba4c5a2978fde04ef7a805f1199fc7639d2eb3	94dce696ee7ab172126478e4870dc3273b7aff5b63e6db6fc444b87bb4b5bc19	a2152327fbe4b76084aef5a81cf412c8da35c09ecfe7e8acb7003a1d829c55a1
w58	4f8109bbad6a1308fd1ddead80e6cc89d65adbd18a91e4f6539a746e3eb1bc8e	5ac9fc03e05c6b5f1295af33ee7f9324eb473281daaba9a25ea49e9c6b9fbde1	1eae87a84eb4d52b13f39336589fa268326b936a4f3065407e8cb8fdac489e06	3d7a1a96c920ce7033fc93aec1f8b5c35db90b653cfc9228ae552d4cd5ffc6d7	f7a689777cc76fb3aece23b602fc92f6c7256b3932a38373810abd6a660bb0f1	dbd778b4332a93652a312714df87ab265406855f28a0ec4f9cca80fdc83745bf
w59	61dcaaf049d0c4509f1dbdb9ed7d2c6ea3bb3c20d62dae95e1212c1fbe797a1e	a3d1c7e078b6dc236ac838ce6a3644667c06ccd2a685de8b4ae55a11f0a977c5	d8c46dbdcd2fd61b62555c577c30dfc1739ecdfb60d27934300f07b37e4c35d0	6ab45c76a1e41e8b37e6d8ea017772d42cfb344172ab274b2aa15ed21abbf75c	434defe3ea25cf07b581b975322190160edac432f112a3a6bba9496f49dbb159	cdd157beff9dfcc208cccde858c55b96b5a21994fcce85476772fd1b4d9460ba
w60	968f37aa9c41cc66b748216603b8e006ef961a41419d994d36f9e1c5852601d3	be25c56f86bcfb4d7ce7c87cc15b1afa703b2c7f2dd449245d0e1729c9783712	d48b6f676570458bb26fbf8e787b79013f0b97e10e443ce95f63ef9b89e10904	2069cd5b348deec542962e0c5560e8fb5891052e9748272ab3ceded7e325312b	bdef4d5ac4f8e0ba5e1dee3524b3230619db53756fb79eecb15faca9a6ae5b48	1a607e6b1184fbf43060bed6099054219556d34811f09a05e257c4f382b66a2e
w61	207381dc37d38dfb7ade42e2e2fee2b4dc3e1d73f417ae3924d53a726ac55e47	73738eef25730864451e3bf926e493f62e0c4f6f8ed66eaa53dc122bc0eff6c7	65f6dab23367b8f6dcc4b04f4bb05d339173bbbfcb3a185b46b77a9c4f1f2472	12c030693610075df28412029b98dc179eaf7054b98aaf574820a70513984760	dd7d0ce8ac49d044d568a6233f4e5f9dbf139b83303c21c149a24f17deb3b35a	f4e093fd995d1872e98939ffff905a8ff33ef33fd3ff249885ee36269908d08b
w62	8d300be175c93dabe59129ac83a1b3c6d5c362d43475ff5f63853a3cd5ef966e	db58b18d5d2438b44a1a010fc65435a4a481aa99422a6f99a7fd265b3b50b51b	a79646fdf67c98bf996ddccdd6eb9d2b5433b2160ac2ab5a3ac4f984d5c09aaf	3108c1b47d356508f0c29c4e04f7cedee4dec08d12423379ea9b7dc86852700b	54b5aedb6303f003aa986c053ea9c8efc9397ecbdd4aa654fdf3cc9faf2cafb0	7423ff6bec5b2f134fccfdb42b3bce5c2e095959db62264ae64e6fcca1ad2b80
w63	ede5e5e478669058bb05071d8d2e616ba69285faed723f36dae993059b7a52dc	a2b90f216f779fc125106b61838b24b338622922a96b0464ab74f23f03a4af80	bbdfec5f2f3c71fd524959d088c1d7f15d54f87c9c195374f3a0b1c53af67d3a	d4b6bbf6cd9219945b4fb3d94ccab934bab6beee5ee0a6036a7eaaaddd8fb0c5	8c1b7f29227bd0c7d41e3be6a3375ceab3367cbe61cf5a9e801c9f0333af3273	4c5b0001b5b3ed3286e80100f97be26b7ab0830e6c4247e37eba4855e2dd7f94
w64	4873bbd5d86bf26651845600dff90964dcbc30f7e8266b32b95d41f072a2c80f	a574d69fc900ed30c68614875b71d48317dc9aff6ce2a1a57ff9baa655df39f2	7cdf33db3d3214c304238c9608b1dfa90ed9753a6255531c44629de35d959341	452439409880ef74402fb5de0022298ba8a6b6af15375ffca526a3c19d3bac86	fd1026efd08d6589c243f3519f315873c2ddcafc7cc1d2ea423a93b9911a5220	d2c2d10fe7bbb6b4001c3cc11da5e088b76ff0b595f1b8a28cf42839643e9eae
w65	0a5c17ed7ce69a46c117ee73cd8e01c23f66c25579d6995122e4ec469ce7df00	f1513573c4e16dbc2eb1bbcc43c7b8d0b9963a16c8efcbe85d5bbbe0c723fea4	35410ac03baa2e67edb82f00cc884b9deb26a53fdc3402ee025b4f328f1d934a	4c27a0c049e5ea8647a8d3a4fa6d2a3491c47a4bf728e007f5e9bce243190acd	4dc6265babd064a74a96be2f7d2c6076c1869c18868b0ab9f735642dd001561d	163204ed2d294edd1654827b6fa265f2addce1b158095c43fee2ba7a24a34ddc
w66	1fd9968b67778ef2d35ad76ce3394ae315a66830c8906b42e040de73109ad3a9	493f52656710122f96088dde7b5c9ab41aecd864c06f4205b99b5eb7ca7873b7	f7d274bdfc67f832ab87909c25b2b5aa560865bc0b6d520395715e163cbc1443	425e3789605d43ceaf7235931396171253b62e8fa5f9e76e3b8b1fd689a944a6	74fc1a492b9d4520d0173c10a736f64accf109d5ae20860cc2d7868811b8f15b	2cc8ac9e411d34cd2a0fe66bbe8edd3385222e00401291b365cf6b529086f380
w67	0137ae97674e6770f6a6d3e696870adefd3d92a6385a1a122c0a19e19687bf60	d6629ad34fde6ab709c30a147d80bf378d2a44e9c821c2402fd41746e59e0dca	9e24df5658be71946a2903cc014576699c887ddd1247486d90e991084dde9d26	0c51252ded283ed8d784bb06904c44c1d618c3619da67eff41498d3be438eea2	5043b8455b9b495d1c65487499e0932e4b5c979095ef6c75451573931d234465	a0ceee67d4f27b153587b66319f4599b597e2341709c2e970d19550c4d025ae5
w68	27cdbfe5af70cc8531fe8c7117eb1a3e13d3cc677b22d38ed191c04fc34b57e8	e3dab02ec06c4583564865818077c2d58acdcc65a27743d357858be5061c1a18	7169ae488db5fe90a761c55e7b0c532dae6dc1682a34a57e23dce548827086be	d3224dd48b4fe3e698026e68a1c8b8d1f89728c13f6bac97f325961a511c2003	2f6cae7f3ef979bcfa8950486ea09f84f6121a0309a3545606311d132be07176	10b1d0a6495a8bf1e0a9b547a1e8e52ac306eeb7a49c47f2df6334886c0f0cba
w69	5e63880abdefa0bfdbcebe90439823bc8b79d6abf38bcc86720be0c9c6f56ff9	52190bf534441243f23705564934f8f59b22a59939b1e8bc074875cdedf3f307	da431748decd3dcfaf02ac1e0e393cd1e4cd3247cc51497615dd67635e217bef	30df2af6b45bd2859966132018eb62e5a94b7672d224e61f199e3821156b5ef1	cea57c2827bfa10b99c69ca91282dd5d656f5e886c940aa62d2c41e2fbd5de59	bec51b89a07d549855882d02e115db62ee334a1517bb1ee38b27ab5abd24526c
w70	21e2b7179525568cea4d287b536f00b2a723fd40099f0d8b94de912a21b7d98f	0abfa0fa1a366efd7cb275613e799221380f9a0077dd5234863cb7c5f3f3b108	6494a6c3a3b1ad7ebd47fe0e9d383f5b2dddc0e234512fb67b4792f6ca98a566	880964c85a0205f01543835cf51b5d2cb3060b6368d59ad15c1ab497f0b7a84f	c9a0e2bc7739d00f18ecb70aa5b24282e5e49bd06b9aad389e7908ff666dfc96	2f8ba26b2d42754c07e44ed2ee4acd9fbb2f67765fb17467b92eb9c3d604aec9
w71	a9e9abd7d8cfa9c8af7ac77115e3e3e8867b937c5b5c63e9cd50a44125253a98	f976f4d4f8c13f812b63e0a7fcb0ab0f4c47ab6c9b4bd46a790474e6b264c15c	0678bc5356aa00aaf6765ef154de544d39fb52357a290dcde6fb62cd958774a9	cf655803cb6982e5fd8fe86864938ce8a4028305b390fa50449dcb52c635f2fa	91f000b6694f2cc7277ba10a9f7b8582424ea0b3e30fe0562ad9f94e4b529e78	3e57a14055ff8b843a6bacbf1fcaf16ff2bf3f7d7909b79cf14437ea3a8b6208
w72	3206ef5bd22a3a24f2b594b16f52b6c77d5cb348d6779ecfbc361df32ac72b21	d7db3f841ceb5c025b14ff98853a563d02077f732f6d9b2ba9c68a36ea9b56a8	5808a198f4fa67208449b95d725e1861292274ef6b4c524ada039163f4a00969	0e6b73544234a2b39bf69743c294ea2b7f6002955bc1df2abed8732b987e41f5	71c47fe5080a6b6f7bb92a17f6d60d86557d9536d3db7f5bfbb2d0fbcde78753	0966c848cea5a1cf38102366f8c0c462d0842f92b217537cb4f36a1a77a5a872
w73	e49e383ff4d27f97fcf544090b284e962c0bb5cf51f7693955c77cdd56f12bea	d1e4113a918000fe6873cc2ef6f41235a9c6c2ad347fd76ebc094dc1bf872213	a9d58ee9ffdd2744ccbc39297cca0b932f7115585a77b3cddd3f0b36c20eda76	b11ce5851c70563d654aa2ab302e02f8a196a938c571275b21e950ed302f2955	b592b45a85208c9393aec6e0469416de823cd26d29a8aabb17f285063beed16c	2b0ff855ba05666b3ff46b8b3e7649fe45f5b9783e6c015f02a973e712aee060
w74	cd247e370564bde0a612dc135015ed643efb38a898e6514fc822b7eb1f716f86	6365d4b9fabee1a32a4ad376a7b305bd9851a9508be8018a510c80b022f81547	7113b14787f2ce4aaddf3d422843cdece4c0c019abae4ebfe55974d61bab8b0d	fbc670f1f6ca2c16b398ab3e643b2c7f8eaf955181cad152abf0cdd4f968d86c	14a3bd2e6526eaf6aba632c34b5bc498e66a6cca19112752217c35cf33ba7714	c0ba874156da8c142d1e1a9ef86870ca00f9cc192c05b29b89106d21edb483b4
w75	12a72d05be7dbb9f2bc51a1866da580854855dfacb67341d7ba39449d9ce44d7	89f9c32abd4010eda7b2a51a9dbd1fff0fdaefa6350b33f6ede0436aa86fe76c	67e610d336bd5057a4b89f16116b98cad2f62c65b4b21470e4a8721b420d8cdf	90de6b5218ccb99e207e590776339043d330308792d8ad809080bfe8a53c69db	eac3c3343262a996e2f46a2d39f6512befdf86a62866336d39971fe3f209b4a3	4ea250d919ec4ccd3d97493c97baa677a3cc60422bc47b4e7a0305d8be4267a4
w76	08f9c0c0fe6e6d41efcd5af45945e998bcc562a3e0547a18715cc375a9bfc4d2	260f64f7ac07b5700bf25fde1553fab0d4880a3ebfd4737f629c8a6905acca31	1a3728f0350eefd661170f9481d0d2abfcb828a6d69abe102c6a7873ef7b53c3	fc8a26379c581442d36d6c13684e2fdc2e64a4fc49637a9b205924d3ba320a55	e5328946c6583a693dccb66701e064253c1b3d0aef9e549eabf0a62c20f08fe5	08f610f0d5e0b0399d4c91e16305bf36aa2703fcc050504d92dff948b1522c94
w77	6ba434e5614741a9bb14e1c9a9f80f4fdfab28283754484960b758ceb18ea2ca	a5ae77912fed7e9a1cc50788d95c71801e1e0888d0a7a03bfd8adba63e42ca01	cc66cef0a5e4c5ba3b4795c31121b841d5905bf9635f37421f064d3b2dc74945	4a410c7b82f248d20c638b27285dc345f08d31e3266e4508e241c8728cf6f216	671f914434d19d46096aa7909824f044632d7ba692ed04a31b5ed6b522092b8c	0fdc84ea2c1aad69afe24a45ff74db98839016b73d4d3d7610f8420258afdf96
w78	77ea3f86d717bb35670bf25040c7eea609ed35a3eab08df6e67898984bd614a1	eaf4eecf0267795d8687211739ffbf9e4930d6e6880f070af879bd314cd522c6	daea8543cd3a8db76c8fce52a5149310aa094348cdbdde975f8816a726b7f9a5	f6b28bc15dde5195fd188d70c670004f6335b144127fa6566cc62932ab4f4e3a	95986ef2ac76d94bd5b7e3ded75b398620393f4ba06af0f4465a81bd244a20a5	0a51e79501741692fccca017f68fb15429d30d39127aab798ace40a8f3e90834
w79	a4323d7408c4d3b9f605d51a264cf0e0c4d5889e9df280dd28d1f843fcf80960	304d041f35df7270e136ecc31102cc12bb75c4ea6682e20fd86e9e5b8e83e6dc	af1cbac12af91b0254ac6986b951e301ad08a46af31c0a3e6d92809b7e78d097	c2aeed6182fa5cf4a4193ae34cc237d416296946200b77333ccb3fdec5673a1a	5dfe510d9a3be280b86f3b9ceea06a87553c5ed68228d4aac753996b22e457af	a15c198eb86ae93fb710ab1406e3ebb14ff4eb226160d709f4a16dcef1412588
w80	e1d556da04847df700b21063127f2253e8e49579ef3c44e2773f6dee22bdc0fb	eb13bfb2f4c3d032c3af81ac668be4c2a161cea71fd019ca675598681f7e5d9f	8189745666877cf12a6f70d46320eee1da5917b7d24215ef4018f09a0167d318	a46d547063b02b71267dcb92d33fe9688edd9f218c5a75e5ec92a3680d60f9ca	357440daf3dc723f891d548d0d9941a452fdedc6e18cf087b9533b91c83ef554	bbdb430c5ffff55c1f3a8028d0c777b1265f08747ac772ddfc365459ebb29ad0
w81	a588dd8a13e64b701924ac0841a9ea54c59abe9679423bfc7b1a71f3c6d88f7b	6e021dce2091193b0166839d50ef4ad5aa4a35e5b095dd7d9aa8edc6f680fd83	7fd1b25dfe4daba0032c9f1d63853c8935fc7b991cbbcbcd0a4397addebebf8f	34eea62bddc0b28bbd505c51314b85ebb74cfe543652235c5d35564cb63c499a	75c3ec8cb75ee56eae1fc7b7fc72657eae542ae248554501dc31471a3889ae7e	bc8c46a320ffea6a376b45f1d600f75dbaf1a1fa2daac44406c37291105b201e
w82	01433122f1491150a7e272b875a55a97a34c09596054f75c50b4bca64e9526e2	c98d91295e6c1e0a5c4c315e6f451d297f33aba474f56755dfdb28af45fb9ee1	f7e5c8f5f62f534d1116a444e46a7c1060ddc9f40193e1e362a516198f524c1b	f5f8c4493ec2851d39ef9356f74fed0c093c671103197aae52d9043880aa3003	627542ae43757a79f58289b47d409c6b473ba71593a1c1c2568fc30f67099812	a63c51a4b5433dc716f82cc0fdc99f15df3a3297eb757014b3d4d1bc03c5680d
w83	fdd9ea17f4958445358dc36be729c4259c1b99a63f5a96603bfda07deabc2eba	e7df422f86879868352d90afeaef02ebaefea59a0a2c83fa8bfa30f097d4562c	04ad71563b191cf5831fd0813e532296ce3364aa3d53dd9d6860854319ac4353	a8858feb8c9c991ed6541e67c2b5b47783a45e350b939e16152692ede873ceec	1a20be0fd1850d34d2f68623e125d13d16cf07232e7aca413112502f28f4028b	0156acd4821160d0a98226261d92cf740d559b82136bc6d0f4452caaf6b7ce4b
w84	3ffff48501fad0a3ee7bb10006eab1a2266e282e4ac39d2b88f0ef2bccbb5409	81d7602b90ba38461f1957a1f692eadb9ba0f64266d53a0d148ee11e415af18f	04bae873f5db789f5899e93a55c2b631057fcc8d13e28e15603828f972b05e9a	9a08f44b28a4adea960824149d2626692b016a19e6672860dbc8034258dfda52	e083fd06ebb83e8f3688efb7db06956d50df89c107f999f8a15ac681f4c2b430	e5e0b4e7d3a4c8e29d3299a2a054b735d2a4fc69f92fb0709a7f79975f8a0700
w85	26f5ff3d736bfb77d9dbc8d35d63b881a4e76792ee2c12ec5b2193efb57ae6c6	331eb1fa2c6a151f6f2b3f72f20bab6b3f12bc2f7382a5f0f1579601111f30e7	79459144b384e4f62d93a2804941fc22ae44f755fec794dce196afa3382c1cfe	79cc4f49cca62dd5c3173588d01ca7ce42c320f0419c548103db5e3cbce2009f	ce1015eb1d3d116fe757a6f15a75738ddf52a020487556ba91e91aac2bf16bb3	7c08129cecb1ea2df70fc8939107d86018a865f40503df0f8270208222561537
w86	5779e35594a8324373268aa0b8a941f2e878d793f0b6fc31f3345a739128e6da	68ca83c606703a01afc1941d83ca0a7a18e582145e47fd104388f9437c826ced	80753de193d62027c1ed7987a79507a12e0926f6a5e1a0bc3d6064e48def8f7b	9106ad40fcf89c789a4563525b0669197fc67559fc45945545ef34b870f119ce	db65c5f9c4ad1c342fbe9f78c10a74e8ee1e7a3f83b0b6fe526645638d45e6e6	2660a88cc99fc7facd29b004ba4e4687f4997d42e0258dcf978c6ff947d54ed4
w87	204be119bc9d882a831e97e7b5d6e529ca18f099c5b677fccc754e9e1bb9f719	f41251056433a2fe59622e055150416bf1efed67c53242b2b1f2f79444a82001	6e9dd0093f2667cef41a2a15f78f8b5f2b893f5284f88a55f93688633ee2e941	a387ac96494cc78b8f8fec0bb4da5f040a251ff18925c31428a019fea8f4dcba	c49237a3e93cadbfffee20e6e6246345ceb1b2030a4c22d590d7d5289519dd0d	ded3af024f7408d26c8f84ccf8fc7f09c9ce7afdb0e259d6e077539779b0b594
w88	b17377e86e260d24a99fc163b9ce02fc96114a84821db88c673b3bee317b1d75	e791d8d28d721a84136a4abc4e32bcb125bcd130176df07fb341d8c82f0dc554	d83c0638a5abdf3256b8bd8d82dbfed5a06eaed7ec1de73702be0787e8b3c41c	9089dc19e1e3d922f3f01f1877562da83c61653d050b9d1a4205194d792f6694	53cb15ff9b74f3379abde1b56e4c25abf6c43e90aa1ae13674c85e405dbca83c	7ae578d9b92d2dd6ade53373bfe4b9cec44eeed389e6290b11a556d53e634424
w89	a5fc13e5311985758f9bb064f169487bee4c1d8a91527c0eb9aa60b4e17ab3ab	8a99e65a734eefa16c18e6242d3b75bb4e453c7ec499fd33445a402f97aed184	a9ac0fedcdaec830149d4ca6bd834c96577d2e5114903039e61f2d9276bf6806	7dd18ab00aeb2d707621aad36b646d3fb9000ba7b2227dc02f8f432b8aa4f808	db9b59556a1a1e4be234d38b24625f0d32b48143313efa6115d1486f8a014a6a	3c10e65703714c683cfe3d7408ce87eeb4bae5092bf51763d248aaa7a2177c38
w90	106b1b8a3b3f5a3a835d379b5df73e8ae880c3cfba69f76acab3c24f59a73931	a6c4441495f8ab44787af04fbb655ee8adaec7219fa34ef31dac86fc5ccf35c8	81178a74cf88e07e2abfb81ebe0d8242a963f3f5926d61e667565e8876e43fb1	184a4cd43bf29b21c1e569bf39aaad9c864c0c6561384abd54aa4a9657a691a0	bcc1ed93ff251ffdd84a276913b05c65a90fa07cf4659889b49eb4d03f6123c5	31b852d153af42b32817245b00517624b572f1a453d9201de65da0c8e1437b37
w91	ce9578b6cbffaa9e3b9d7f89bdc4aab2c42adfb0ba44d79efa3903e5eae1fd32	225522c59006525af98adefdd320bc8a3db57b1c1386b7ecdce1cefd8607bcab	7ce9efaa6a497789371868dc399cb6071c51efa8dde829f3d8999908ab0bb7de	e352750ffedb3cfa3818a40de5906045281f039716be5f6b57fdb5ce2e744c34	c1e3cfbb9f9d68f5f22bf6cbd0ca9b98caa78ccd071e14f85592913a8b06518e	88e8b6ba74792d777a97661bbe045903ebabb73a1d362c4aedfbf44da1ca2c84
w92	047fae2963546ec656c6786d1b22a2d58981127e08932e749826448da9606a92	ac46516728368cf3fa45454980e282811979945c7a071a6cebfe64eac8c1145c	ae738016c6bc6c85df64c8dfa117f8878ee144dd2fb657208904f54ace25ac31	e28f4cb939ab3b56fa06a47e981fd1dcafa82f00a51b3dbf84981b49d8f2c968	3e43b448c6d01ced920ca22019811fccfb57ad8bac0f9bddf5d23df83d55dd91	bc6765025b97bf6f3ff554df222f3e5bbf0442a07c87a4df2bc4cffd22e84c5b
w93	d2c8f24b396cb009e14fb0a28c25f0fab4789949d317841b387b733bd492208b	6dcd9c3d2ba1b06b9fdeff752bc33b86a0d1ca639452eda78d7c9dd1b8632c8f	ef6e477031e632373fc238941e58e9ba8d679d6e640723f55d3b433d0e103de0	803cee15e02074386d5f3b022edae495e8fd8f8beaa95def65685e9db59139ae	ce9c1bc75eaf51eaacd2ac79f848142182a206b945d7662c7d64627c258d8752	e5d557a28c728f0ebd9d47d7ea6d7028447daf1bd3ed3da64ff85e7f8c77a0f2
w94	f20f4cc9b16053eebbbaeff01e6f1cfbd2d8ed6098793e78c141bbad86b41171	ecb3d65f8186d21daa9130d05323f328507b7f9b5ca7b237e3c0a0e2dfdf9bfc	d023eb2ee30ec9d5fa166e02035c4a62923813b3b6a70f822f5941849c01c976	dc462c7ee5b165cc43b620792f7b79a7118b4ea455a8708cc083a57af6e2ff7b	4e31a473a71370c547632e1b694e84739315dcfb2c5a16e1c0e5fce9bcdc402c	0f5b1bae30c659e6a0f9cabbf27e469c361c5f53f9ff82fe2b5d8d18d5dbd6aa
w95	c80dfbe701785e5c723cad4f5319664c8e47c76abfbf9293bb4d91171f05da47	30173a550903d4d6c4a133ef662ef9c3d4c35dbdb6614310308733d9890a698e	b98aeda29296ca43709def4fc11f43e788928a53ee281712b37069b4d8d0ccab	f4ce55a20f5a1bb58b7571152d87fda596051f946937f36e2de1a725d69cfbcf	5f5a6fa841c946d394a4af808888984fbfd75bfd578453da1e8edca194d4f228	6e307c00e8cdb84c54674ee369f569d33a7325c7dd05148f1dccc14e87677b6c
w96	65866559dec9d138a4f682744d8495f2aebb57a9911cd6d75107896914c917bb	d573c1b54a0c71e09ff2f8fa466dcc5fd65bedd01e6dfcbd452092c0b51ff65a	8e66d435ab00074953a1538cc8b7068efbd1eefe887f4840c9095791438a7ec0	7944088423429d30d39b86b098c6a417431f9e60e9367dedf1116f4ee4b2e16a	5a9d4f358c3f72df5d2d67c4e9e8ef149113f18efd20d4c34e5e59dfb39d4b9c	f5b98c314ebae83e299668c5a9938e33662c765012276d9590beddc9928d6fe0
w97	1dcb1dd566b8e44952aefd8993b3cfbc021356c7fcc53c8d4fe0c1c1f8a286da	4195b126eb54c5ab41fca8d3947a2e29ae0463aa8934517cd0c1ebd755b3f83c	4adb3ec358c5eecabb5c935ac869fedb97ad32fc0d0a11daf32d0c2e9fafc753	931bcaa12c1cefc0fab0f82b1665d3c109dbc81946610fdbdf3930ef54213e35	4efcead3f143a885a67dc836bae19c1f374b60ad6670116ba33ff1b3d0eadc02	b8079c8b85199950ce99bec5b0ba67096a8f9991a6f082ea98f4ab8521309c79
w98	0bb5f50c7d8cd4906c089a9d389f9b2f3b6731c09cbbab348d08b58488812843	cb6e5b3c5a0da946c804efb82b946d3b6fe44e7b65922711ac769e35e29b8df4	080814ab992a9c5caddeae38b4f925248c286a782732a8ec4afd26e3218cc3d3	a2e9e2426bf197d95db6506256f2e40a92e0e43a35e3862d4f0b9a2b8f6e6d7b	2e6285e04a0efe556107ee75d8fca0076bd52e23c610fb155517539aa597b48b	c857df39d7fe140f89fdb7f82fea70adfc4d91a44a9e77822377a00e850b0f26
w99	622edd05bd55f26403c36da35592b46b950006f32073ef04d341547d4fe19b39	2ef4bbfb4c563d5cabf941b0d36a480da2461694b706fc5630320ab538633dbd	d4c425abbd31661a3b827a852904656d288411bcce763dcfa6510f29527eeefc	c634abf7354604557718eb8339cc4b8f09292676ace1abe6959552ed898a6913	06fb1f928b2ab6bef6f4f2a92640e398ab81ed6daeff9bada1020cda2b4ba71d	21c28195e4cea662a86049f68e51273718a15498fab697e5df6089980999a2f7
w100	6bdb7325e32f0272e848b99290224f1a4bac5fbd84a6914b4277604d060b9841	c3c1459c7d0b72167f09b9df9e776dbaeeb7b5b3e8c061657c11e717619ac4a4	983c1d42efc4feeefdf62a7262a988a10a8201317d947c5745af3d008b628415	57912fee3279bd3c3629c3d96693fc88ce451f23e1826fc9256e22fc38bfe5d4	605430c568d0f9a5e205a046d88b1f04b56379a950ec57a25f7de27397ea4bc4	cb3da4b05a1297aea3c3fe647434071dae0166b76394c19f2eb8155b0532bef2
w101	e370e570557d885fc33673a32ca9920a3c8f7b37e93af6a5c33206a427b3586e	a1a07a483f2c59e6023b894e390c184c71b6ff43df10e9a2036b593894fe177a	d0d538946a0e2895edafc61c20fcf94ade3e9bfc346280f56f474c38b432ea11	5eb327f8351bb9cfeb40c90c93ffe1ecbb009209318eab38ad9a0dee8b53292f	94b4454da6cd111941e608d0426e2c0af0fad094f735f70506217fc093066d0a	ee8d0a6b6b90716d4eb567c2a7397f068d5d4a7dd5cf9a2b1694aa05b6a680a5
w102	9ba358e98a72379eee68f0c183d729e8d646b239f0a2db208892df2cd294ea41	bf3d89dbf6d83a45188f20e046834a5989b3e3585f55bdb8179fb8b55a20cde1	f74919edd1f0a0353f05cc5526a1c538660e97c6f9427147047f781d8ae76ef0	8b25fe31d4388cc62f6ee08be88133283ee95dea65aa77928683fb78dddd88c3	fda0787a8586c06ad0bb1e21196782c2e153b8733b21feae3376ab0d02c04e57	409fda8f631dd7a6ae08bd02000909bb885ae6852362d5b96206cf3725ca5160
w103	ca8753fc3bf7cd4d433067ceb0d0898f286edbb30b373da919496ca43ac65f56	8f6cfa86cf6b9742571432868690b5ef51dfc4fb25219ecfa9045e4ed6877f03	7e064e0292f2f38ca6b6fb17c8f39c201ad878adfa7cbd770659e85e05206e72	4443a825a523c9a54c1ff3e3dd207d0313f1dcd39d14627efbed2cee7ccfa1a0	34e789bf1f52e41623088e49e25b8cb2b00669098174bc64944e9b3c518a1479	13b67273f70b9666b93aa70540c22f98571738a50a37a674c0966ae0851510c7
w104	f857065a18b5fcde95f0c7e4f6b25a7b93611002887feeb424c5abc7d13f9ff8	e7f9aeeaf5e9d317cdd7e6204e3b9ec1605b1461c20901742d4b60e3f07bba9b	cd749d56c585c64936f2519e596dc8804bd7b58a83532c36a279828ed4142ce2	2740b97455e36cdea568b7677ba3a1aa67e4841c6591a519f8056a854d6c1914	3aeeb8d4b730ec1e6bc756c671dd5b659157bf5ea5e94bc9594f9f542b5f1422	9031e8270db98b46427be823fdc8df8aed37a544a2e490b10863c2add76a8791
w105	3992c04d16b54bfb6d064bff9e99f3221d3520a7e55cfb97ddd524d41785df9e	b2f02a86aba0221a8fbc8e3ab5e2b550d13b387ff9519206f39a34140bcf1cd0	34980a65ae6da8db98c04f882315de75270d56d4dfe589057ba2f33a8e9cebe5	6458853ecb5490aaece0853c82931971f836377352beb8a91ce20f644163845c	75678d52e4f49fa94ab297c730d5d46d22eaf340c2b6d0c2ee03687a20a69776	0ece438a39e17d961164088443e95312d9c080f9e0726109ef2db7b3b752ec28
w106	b254ba99e2f1a456fab15f516b8c8746e5c1be3d229866bcfb941758f8b6d05e	4e072d25fdb1275c5524c61e3f86e8e918da9d66dde2530f9360f5de41028f3c	bbba273b2eda70489a431582e749d24cec5813cc375917ea9c045a86f5d6eefc	3510bb3586c8bd5965710d21097757729a951c540c09bf255d43afd8b0f26b67	6ca3d319c9508210d2c11ba2705e9fdbc7acff5556a7283618d0f98297d2e0ab	069ed2a71759d5274da624f0e7d9c07205b2566d36b6efe2e01bc8d2231f04e6
w107	17d258a9c6723ead2d00cdf4af339ee1e63f1e044e9b47dc5807cd3d5c356bd6	1648f2ed498e78f30c067591793099929eb4fb080f680fe779a9dbf54b15feea	ab983ba547a1d73a76dfaa29984a4668f9e10b6e75492b102a8ee6f5d88ae184	0e5589f61e51efcaa280521250d9523d260a10e6f52ad9db1314718666b03885	222df5f1e62261d29dcf1380584f1fca92e15ab9616f6eaf55829c7970490434	52d6dbbf3157c3997bd204ef88eba36c25e4c56e95b4fb6c81883a3ff65105b3
w108	475246f6ceaf27a21e491deade698fa35e2cc3d21a494877405995c86fe52a08	1860f1e503f335addf0445654bb435d11cea202df99ffb6267c4fd12db5d99a9	2fd34b61926ade04280ab794ae39416a4230072de30af01a4fefb8585f7a406b	531c5ae2538533c707a6e9ac6b08cb8b5319ac6c82ceaf61833f3023d53d2705	fc387769921a6b95e846afd6293c70a75abaaccff6a8903091ccaf6ab686dc11	a79c241a3f72ab98d87d852f6262c0d9fe7f3b15cefbae467add34e52c14c4b1
w109	e90c723dc56b4db25bb663a742f081af0dd8c1a8492f619930c0e0830ca64310	6275acc4174ce07d25e63b2a6312bbb904349f4313e34a9ec159081d2c37f85e	8d37ec5d56419698f14d5c2c3b8e9c9fb4fe0e158718a81f09881250ba3d35e0	fcfaea126ce15b92b08ec064a16d97c000b406d86149b119a36b9294f347cbf4	c7e3f72eb792620a998f72838ae486a3866b8abedcf98c4a8972e55e97f44dde	c5f03aab841217e9809eed7dc6588a1fcef4962c05c0e1094ee74e5db0d131b2
w110	063088acbad71a9c4d5b13ec818cfefe1cd22e666d71e45b302f996f9f4c3b26	ca55729cd912d4e1808df59106f51de63232bcd5742736199a4b80492cad8452	c79c9a5210789ed9d81a81e9b261354bb420a91413adc4f08054db19afd5a9b9	4e9b4bc59d1ca98646a2ccbaa380741da8dc3c2c8fd91bcdc50b6782ef026e87	058b99acf9f87249027d750d1e7dc0d2cca8f15b1167b23e78fd037d9958db6a	b5a51fb9b3f137eaaf6246e071d24e9eade862b6e994d15cf24f90aba3e8a113
w111	9456be9567f4d019598d405afe0ed6854fc70ea61b155b61fed96f83bd0ad47d	ddbb4e29259b70bc56900a811bf88a4e498dab0d47df4c44fc8661c0eee42eb8	75302eb86a075fe967c2a346531ac3be877fda7f14e84134493193a867f59a00	5007b108b2a9669248b2ab01fb1251fc2bff4b7614f57c35a8762b4cae8af09f	0fc7588c90ce2a5dc6fc0cb860c03d0a67a37a0f9c8ad57c61f2c5f1b9391008	0b690a5eaef5f7d5b3904926756ac7f858fd34fbb38f18e325603ffd59bf6825
w112	0e14996ef90d0e6056ce81a93699d231180d6d137c32432b63dea4bae2456553	527d107849075950e04bde86db85c3ac4bf222ec25962feef0d4093aab77964b	d34ad04d877e737fb9c087c018b0c21b2f1f63435dcac4348329ee4071bbaf3e	ad4ecdeb18e61bf09e884932c9d69826e2dd37081325c6a98ce3a6de1fb32a66	8f3d25fe1a5c211f5cd244b0797ccd161bb231cb70d2453ab392f0accdaaf8ca	16a83a2c6a78e949572290d1c3a279b2f170367e440d5a264e901f97a2826400
w113	de689d872bee061aaeb1f68cf3687a0772d818f5606a25a71648baefbdcff350	128c2fa82f228517e8f52a0ce9502560250676cf9eaf9c5e6bc6b3e3579124fc	f284a3d76c681ef375e12c19729735e6c302d99fc07f1c7a7d812ff80703f1c8	83fefdc01491b5ab5dce4b450f267a7fa2a2db553bbb39f174a1019424090f01	f199460738c2a90236710962296991a109d5b7935998d747559a023a7e3c11c2	b737cd696d288345893a0e5fed8c279164147a9354f407a1b4a5ddf0b07e499a
w114	f49703a5e3352664beb5b3b164d3527e1a45d4b931dc93365b5f1de8e41ec2ce	a0fd33c1808fe6d01dffa72b6f1e66f3312219e2e3202e2c7d15c08a00deb9fd	944de5915022d11b8a675a7e4f4a49b452173bb7e124fd0b90f8ababfd133937	ff7f9fd14d87287ab48e751ab6d9eef3dd5f914e76e4aa18f0e413348ef09091	6618fec35a383cc1d329cc7315621d79ca85314a9c42fd7b401fc9a9f4037b47	35c99b63d01be50bc454451fdd05ea0213731866120c9d794e29fbd75f8f9991
w115	d739e3a8da749e6a91233dfa9ba43b751faadca999bf0275ece593afbd59bac4	8d0dab75961b798ab5048df1e7d1f591ab8388b3f54f71d60eb459a664fe2ffe	72179da657807078fe541338f38bdb985de85d6ea03771af6c8f5956b92886e6	7f273ddd2c01b33d0f56b530e4a2a2d040ed47a329724610f498dd15cbf04f4c	5e59609ada700ec7997db1d0cb499145e1e9d77128c37cf8358f2cfd2f10ab3e	32156d66bc8dcf33cbf53143c9cc2e1acea19b9345c76a0aa5fde2d3681cbb23
w116	ec8d349464b18c44a9e8421c8bf26d82be9f6bc5d4e315db8aa61b27f0694888	329587e40b390a276ffad13f456760853c33fa27da9610b61d7f89bc80d5de2e	a7e872ee86d12a42a44dc0ccd4c8dbf5e77d903d28818a59bccceb8c1cfad354	b29b24a52152a67280ee5108d6b57935c2f8e95f20753580b5c8193080dc55f4	b88e354ece4b52e0dbf8f905dc32a253bca6308092a7786b64c654fd8247b1e1	2b116ebf1c5bb3906270e5e61e4ba1832801b809e7fb51395db3ba174fddae19
w117	8b8a4924570343988a9211cb858170f6f77c3a05ec03dae6dd1a02982506435f	b5b9a8b6d0a0aa8584bfecbe49583d2ccc078437c8238a2f0ec21d91830543cb	0374ec883a33ee8a9932c9ae22573a0b1e20dc20dfd32db26fecc9d21b7fa1ef	927de0d9c83e04ac902f200f4afaadc6389e7a5981ac9e460999436563e878b8	fa36a80825cbc783c558c03b175cb1de81798afeb31be48b31ee5c5a09426d15	0cbe264f07d18f38a93eb81a466db573709601c002b1e90fd42dc9facc88fc92
w118	ca10566d0d41daca7a2d1d57271126d331ec87706e66796baba5e4526a63f86f	f2cb2570ad98a496ee92e8342280d926e5e5093791af95eb75fe2b78e0a8e1de	b5eac8857d822a0796d305febc42693ea741d82f12d758ab03d8fce3b69facfd	b3739fbbe3ce963a86cd30f9abec917ccc2962e889148aa2b0187cf63b1da2a4	672f2019149ef88c236e3c5da4635cfd30f11b062a7651f8cbb8d98c462228d7	b9873bf25a6dfb576813e865842bfe1860f7ecbe04d0e02e2a1fd1431689a999
w119	f0f5238625b36382ee5d1ae9d2c019f637a8bcb44289215f520e8f6e1284afa3	39227b06c27a9d5d30cea17b601a0de064c21387c6ff84a4b536ef4ea5f9d6ce	4097668a269d47830e532987abc84c484c433b2721f8d1b5ecbfd0bf8c3c1d95	1ff40a3b41c3daedb420a37cb448e0f4a2b38f2b19c2dee311208adebb52df73	cb1023cd3487f3bd6fb61b788e75da5ee4d1d5edeca3ed9cc473b1bdcad5eac1	b4692dcd901f8c27238ad821f20225244264e7a0c55a9df39690a0c4f1ebdceb
w120	c8828a54c34ea2aa70e9ab30a261b814001c8a7ef4a05d4dcdc265e3a727b7d9	76d40b29d19399b33339ed03830ed7db0bc83ae3df035a6964f8b2c4ead4114c	06d3326a0e70c927f793b94f0220bb2c7d2606d9b09b75ceb7491677bc528ff8	e46794936ff3702b22c589925f334cca9ab326dc346c1aad1cfc1fdcea6f3513	a7766d0d4177b56286b5ffe3fe6a336f005a55d31078ea93e99c6b7986d18c0d	b1fca337d88e412cb1a75dc3adc23e3516f8c8202af2212be41ba486e2efdd74
w121	a02b9a721572253bef6ee07a7ffd70a2881fe56b3a2d5c1bb6afaa19a93e0f2e	4054dcbf28b3674a982b46a7a3d4701295cc550f578709b05333b566239f33f8	80c08b45f40082bfce748899d8ad06cf8c5cc344505cf85f814246794f5bcc86	2578440e51f2666b56ee51589750c2735ca4a45cea83f20bcb57455e73bfe3b0	21d8cc1b7ca63d978bc5b188e668c64ad4c0a9d82578f696e6a9a70f33269344	ebd9e37fb1e352522573aefbd0161972c158b5c6ce8319a082858cfc735384e5
w122	448b678adf378cd9155239dd2b708728460f14e2bc53f7861c3a9a30a9530b23	9cf109dd6e02981509032b14f4f2a2b0555920f6e3c78771c999e8ede244cd3d	26eaa6714c1add2e7f07ecef301b0de87c30e33d8a55a77118b9befa38abafc8	e03539e2c79077dfcb970717ab5e30eff9a89c96061461998ef82a3ea547e954	3abc62231831f319e1c8693a172d04cefd35b35543680e4784051a3935157cce	c42f9f3086b124de20dca72893290c71018648bc763a50dccb9024673e37f229
w123	e6db8b57b062c53ec2d1cdf68a730b95597d80426534cea4df1faa10beff98b1	862a3bc1e2c7a1ef8536120813743fceb7f5fec3a9c37316ee0d077092efb2a1	46215eab6c8d286e823a6cb8a2ba88661e2b917ffbb9dc549a4d0f2042ac0aae	f8120af6d1c64a87e6e9656253c4f7dc9e6a8ff7f89c0af261e82b8744089c5a	46e32b8dbe4f27b52178732ea20c5906bcad7991bb45b7a8e619f83e95d9beeb	cbd028c0bbb5e15cdf425ee0a0ddd46a384c2001e48e6d091a0d38034c9defd1
w124	1f00daf09584224c61ebf8d7a5703c2a0875286b3f5b85c034606925f1e2d574	8551970342c51b048a7802c58c918e721a060c1b8c91498ea5e9bbd64590fb11	978b853a55d9f84629b9f626b4fa16db5f1ae3c1289d73f3aced09fe67225e15	9359322ebf83f6e59c45d37236cd57b2dd4af9b964b941eccf80f465301d1a0e	4f685de8f3a00e5bc0b3743a8d3ad1b07e82cea7caf753e7c63ee46a6b294c1c	5f47a029df860929b750f163f12868feafcbbb6bca1954c0c9698721447b39e5
w125	7d78cb6022d7f2e32e3933442912f01818206dd322bd0f775094ec978c6cdbfd	5c930709ea5e6ffe4e9210812fcce1fa54274f8512b1f94d207b4e0f729ec9e2	a62410891b2e4aa166cd51d4607e175703cd7b0905194f85c7d9f7b60bddc308	0bb7523199cb1db92a7090b513cf99cd4b9c5d82f1440ec8adff1b5dc501d030	9dde7eb7843024f1ac015e7e6284c6fdb8f4052b05b9bd79e87558213eb30c7f	24359f071b62132a43ae564ccfc7512b754cbd03c9f8ffb629726df713f786fe
w126	b8a09de58b7a3cd4e60a10fb6c2439a5c074eb5fdc5a9aafd1fa55c96f4a9a04	5dd2143c2c2ab955a4cad27657fa50b8ebb423f10555c97c96cb08327a1eabf4	1b0d4c3ee3b27e7cd1bac6184e606edb4ab46666f3652b9d140b3691f443f93a	3c30808fa72407efba1ed0cb68f0e26a1ce1043a4f4fb6f5cf62d8ca14138378	d689aa2566c94e36145485b305600fab11675acc0d29d78f76e95862878fdc9e	8e0b8def55e23d07fcfb0490023986fed186ebed92eee30657fc07af605c06f9
w127	254e190e8f6b5deba6ef6189a978239422b2cd43e6aab9d1c721af394b56413a	ee099c993534301fbe121b79bc3da642c9cfac0a26b4601e3c33d3abb89e92da	940bac0b80c1126fb67df5d7a9db5966a4d458c86b73e92611b01fe44e59956a	59eea2c74b85df86d74f46a90eb12f81ceb2b8b179cbc84ac9d666c6dbe56266	47ba84bfa80203b4280b6a134cd838196978f1d7e9e842a4cac2ad70f7f0ffe1	2a28f9f102aec4a816870f47b88e7374fa293f02465be73333744fedb62811aa
w128	b299629e5260a1ee018ca090ab3062de1963b0d0f39350b74021ea615d54801f	e64f479c4e6f3a30a80485a06116d5ad52b758c80660f46bd136933c4246305b	647fd223e46e36c6ba1bfaea7a677c7286b845c19b845d98d6c37aeddf38777c	f5e2be2555e4b4e11861abccf808c9dcb9b4e0287f15dae885a3477c4efa96ed	ef07d7afefe82983f4c91d486f4b73dd54004ed25b3ff11733de7160a8612976	7d9dab88acfb84234eac5693c9a9e7f621ee724a3e519593d6e2daa487f70ccb
w129	324beea3db1362e8ffa206c9a2e448beea05ec696d740f80c2e55ab704a1a0c0	dd91c317794d60dffe4c4a8884802413b57904030bb5ea18bc0ae00102d1a8ed	a93ebc67a44078ef65010057d56de9aba368c24f9030757a82d91518c8689c70	6996084a8ad7d337840d9e1e4d09539a52116e73c8356308dd17ea819cbe70ca	1aba22e71246c631e1ce3a1b6f6102e661889f68f8dcc24bf639084d7765bb12	a25611b102d5e0274604d78ca2f23e1f90a188e48005dcd74a519fd2143c7f52
w130	cf2fc03b3aadc53f0f84cd0ee3457cd52a4a3dcd904b815601ae16dad9bd94c0	b2aa280b9eacbc56324f0965a84271ab51b67a50597eca693301cc636856f544	5367ff955ec7dca57f40ed49f975846b1c6fca370d32a1e04a9af5d56bc3b539	61553ee1295b1a467a6ed2be3ff5362418c92d2b156465eabd1b90bd09e73c19	e0391fb9a80dc32af2cf544c9c954a1875ded383074f3ae0a9d09d6dd06829d7	28392fef8e04a776499476fd64d4dfaa8cacf6421c1baf8e06393c9fb22b47e2
w131	22e8ee75efb88b33fc1bcb06377aaf5aeb62cf07dc3fe567a9005f131164f0ff	0e2de445177e0abe0193e7fd0b6bf2c7de27bc5a582f85899f4ea205324e27b1	ef4020f73ce68e1e354f05b6f66ed06e8a377fdc0b812d1b5127f1027ed5d4ed	c6d9064370cd6800cd21f3d942e4f5684b1f09988b60678ccd122b12dccaf291	be3e7a9a1f7c6be98f24669c61e7eb447da449faa17bd9db11b62e2352247e87	5f1ac4877bd767410610171386da8bb931ed79d5aa86fe8ac7cf3f8b72df990d
w132	ad275bb07195941e5fa301c57c6455d67c65bb891b35933e46d0365699c51384	af71cdb3b444c9d2a4d3e743c58ef5341cfd3842a39b763692734316535f3633	3ad5cad21d2f93d1fadbe11c13215eb45223065f1bd64f5bf235caa692fe3954	0e71ec60d11a3d8a53231d862a5862a39174aa589654326de42b85f6b13eff6b	bc492f87496dfda6b58ecbc02b91d3484f0d58f18a16500331e1f7714431280d	a55b19bb8ca38abd3d757f9f791bde84558a3567f943603ded92c7786f57918b
w133	a8bde2a79fb3f8d3c2b38f47589c662ed39a05168f76c11e3a2b4261cf5cb561	9e78e4e2b0230c0dfd9c4ef7a12fa0160b133d1204642c1425bc2fe87e041abc	1a00d98a4f59be8b19e1980e0ff971260d80697b9433967fcd2db13b6a4b5e31	fc3258e3034a97c2e7b6a7a79c03bfd4c3d51a0e547066ca8b4ebdc4d431f832	499061eba9becc138b1f96ffa74e6bd06fc7e341f44d603a4d4f012d6637a153	702c47cf2168dbf54d65000e4e7f0c7a099564b44c52c2ce7a4c1cd6e5b57b75
w134	7cb9303ec2e699503dec312ab614dd080646f21af68550a8b247dc9d95f0bafa	afe496291689b773790821931d4719b66223626c5f1585b9d014b5205484c6c7	04758a821a6e2212499998030c9fcf5d9c90bfc5696b12e4dfa320b77f99c732	539dbdaaf094b80ba704f7dd65587e48f990b2d65f3456c83889010cf165462d	10964b61d3da4424d758e7f4f4f819dc81ef0941957d841b8d816861ef9eca32	1e484cd37736a4d89ef58b35c43b04f713c119f11122a88d5183b2e77470910c
w135	dd1850db5973a4bbb8d558b418c618b990319d6e9af7a1b3188ca9ebb44ba90e	73a4e060e4f6ee157f7295a9cdd23c6a72a21ed1cb9e28875986022c8b591394	fa1d3f1f9580ce8c756caff571f6f6023f36bb71fb7e40cdab5d9f50244934ae	a31225fdc0aa356dfbe4162517f95b205397ba71fa67dc0aae9f488649ca91b5	10ea4b67e87c7dfd5d4bf78e03a71a0e71bb1e1ca85e2da8f184cf56cde1d43a	880a83df43d88f06a728a386630b74a261d82cef00e74c7cdef083d364e680cb
w136	22a9cd8169c5852fad845b362e4d3897d2772c600aea448c16fb86f642edff94	ce76cdfabe1b6514ab68e9d2a3dc5bb90e0da505460aa273873b60511948d216	df1ab1d41ed15e387fcbf3a891ee9b3eedceb8874701575bd6da25bb322d6eb4	8fe27363b36a7d6d507f916445a4a383b151816deefea9acb10407d5b75c14bf	2ea81b60ba5740a80e5a9e9a0514b360f6fbf5b177e15e876ba7c1a37b87aea6	5e25bc5883d2ee2bd4d053747a820a6b829b08839fce4b7c1b9d8935bb4dd505
w137	e8b4adff14c23cded9f4e8107c89c698436838c207ec6f60cf110e6c67428b04	d28c56819e7e9397cad312455510279be1ca134e0503c85bc65643acf58b1015	8f19b33c2120e4f5d709957f18649481a835077ff51bba96458dc93eee27577e	1463318cd9f7f60392d36377158ed66a9508b17b011248e492e0841b41319884	096a1c66a33b97484f170f04416103327231bad2154d59dd02f28efd09562b28	ba7309a0793b42ed5129d7d188e0fb84fdce19b03931037367d4c5010bfad24a
w138	e2781488ad8bd29a695a3aa2f2a0fc4d4efbf532e446a7ea8e11212d7088b576	160636990201822f9b5e335fb74371cad6545f27c10803d343d0558a007078db	ce28dde3a0d56f432b549e6b887e226b1a3ce2bf89071a90fe32a8dc6580c45e	059c37b5bac389910d2224de04d153d3c0801d1cb70d0d2f82cfb7426f54f67b	0b44dd78ca5744e025a031667e7c35d39886d626ab1c3c2b4d1acb473e8ec3db	c1d42ca43a6f008e7296442f24c02467e1da53bc47b59168b727c21119dca87c
w139	f44141eec510a66e7cd01461eb9803406af82002d1f1fa77a80ae71766346eaa	9d4705f2a67123d9743357813029f072c6cd1ae5302b76f1dc60e6be7ba282ca	767a7e68da0c29b52b95f4fbdf6569e231d740fd3fdd73fe57fa0d7a4377468a	64a0e45e05c6468d4f0718e5b45ca199f05d2d18a0f2afbf6204ca9c88871005	d5d390ebe97adcbb67c973635d0421cfce75fc5fbb8d75b674918e9a3f41aca6	0bc918c76789849fd37525dc1e17a1e5012c2ad0b5cfd1fdd16d8a35858d1b49
w140	7e3b9e0829d2cd24e7722c5fcef5b4d39682a5b8d63e69784b55957c9ff43407	8828ed0217c729981c015ec7d431acc99c4921e31c34ad5c35ead278ec334928	86f51f0577fa11f0ac697da7949c19b447014fe5eceaddb2b49d20fe4c07d01b	7c63685824ed9748205c8eb03dabaf2e0de9175818b6ec3eac405490ab0c3695	03fcf64c247e7928015805754f12992098b3d7ee9eeb72f0ed9019cb7a2e353d	874b8d05244e72e2bdc50bc85669e85d05e2768eaa0312cc38fa70d4284e0bd6
w141	08938b5a0e6638fe88e9199f95da6d2ab1dfd1b18e08f1f332e2f9de776e0981	a4ac5391bb6e0f624037081b2ed1916b8f04ee77b6d4c4dd09a842bd5f7bf49a	a1b675b264d6852aef71fbae2b0462194e5bbefccd4781ead46edc44345b0e9b	e6c38e48702c482f6e022f4e1a99c6b635d956b1cffce5a93d928e3971405ded	07fd7b27d967cf6c70bdfecff7bf2f51710d31e7797792c2211978ba07c849e3	d81211259d7b9a662186b6035d6e534f3043912ae87a0b24facd884983a1269e
w142	ce85bb7bf582cfc8e12c37e084ff974333e7cbe7b61dd1a72f9ced59ab0e7deb	f5efbdb525bf0d8557c92b10d332509d10d62cf87cb83cd60bdecdbb2d80fb7d	d56b3a4a22ca17a71131fdd22c0162aba5ba2dd3779b8e088017cffd676d3b2d	ccff717559200c89a9e119ba2e663c9dd23f70d70162521ea52413328868c9b6	70edb3ba30129549ef53e8b422da62d26d6ef9b93a4cc1a28ea48440909d1419	6d9407016274e04ca7e842b129b4a153b49ae313b4545107491523a6bad70117
w143	038374fcd7d597a13625f67ff4fc16eddc23a1833dd58e473ae4d0e069ab36fa	14a6c067b9e5f065d724e2d2e0d824b1b461ec8be4d6c9a7c50af97f0fcc1db2	04df8f1d48e08c90b90a14fe87e1b94a0dcc88388a22e6f327595283932bf02b	376d29898fcb0a8bd515279fad0533997167519f356d8af8e36a59924d79a79f	9590bbdcc9c6c5f7f9d3fcf367615bc739aab50b34d107cb018f02f442d69d5b	f48ba390e2753eb442944cce92fa517cc7be8edf27180c1c9ca19e617bf9f405
w144	f8d8d9f6de5d90a3b61cdeec97ae2a7b2b2ac8cee30b5c279131b1fd66dbf681	f0d0cdbd2ce9bd9b08211c79afd064e06b76ff720d2d446ebea79c5fa84f942c	324115a26817ebb5922f265fc1364fd2caf18d13e1368178d00b84b71418019d	b94c4bee8ba1ba81618a2259f2ae7b9f55f0cf753d47ad463ad459a7ca09331a	964417a34ed23d624e59b8957f02541d8553ef728308baf292f8c2e98c3890e4	85e2160210bc844ecfdf795c4518f54e1de86b64c433e71b9180c704527e2e33
w145	e830a5218d5f580f2cbb1a2f3e6e3b519843538756c88687527be6868cfc9295	32736b0fea42adabe1df0dd6cd4f4e297c8eeee2558390e6905208d1af0c1c1c	09e29eff51ddab72716784d82463054367e67f8c0a320365f8aa49faf9b7b500	553118d0cacc8e429d74cec4d743825806528547bdaa528fa22baff0e4db4af1	6a2785cb21030758e7ae82002763f7694509a545090cd0334d262a7061792ec5	40dc2ed0b8d8405798577116b40665a5fdc38c1d5c5e8fc05450ac83d2002364
w146	90968c9e0ec59b562f4ae5af363c240c377755f6f375458d3213b6db789d3a94	82e3aeca40a249fe4b1134cb182ebbbeaef50cc8adebf9bf1d232e63d0107d03	0c7fb4ed70a0b22b89053887429300884b7deac74a664452a7b513f9f713ac11	97beb8a5ba7a8e3398b76956137079d2062ada5235eec913ac8744852c98f9bb	2fe7f168883c10665c226c63a98c84e21bbb2385dc5ad0c64a957d38ddc26564	aa5f327b65baad2e3ae4c89ae0ba07c6d29d0ce09fdfc7b5502f4d7ba7e0ebc7
w147	3436f56d03a4df054cd55c3b27ef70440e55671d33b91cdcf7d9d897c85ee1ce	0db04b94233dcd1cd89f5278addf2d24969d13a23727376156ade35fb8184c60	b4e9d3a09ee8f3f22f70f0c09ac7762f9cb38c0603da2e96c88e8dd88abcb003	0f3e90c23cac75ac58fc058500eea6038a4a4d1aa2fc713af60a222c4f820417	f0df4f9c6d3d3b491115283426e016ef5000f09b7ae6ebc5a3467b0f99631f25	79c8ef33904dfb4250c40d48fe392d8a095ab8f7dbf3139ffb0f99995301780c
w148	f3095f6ca69acefa515f0cdc8ea98ffb6cce7eb904dfcd77fa236ce245483698	aa27c50adc70e2863eb5bfe7dd1bb041f21d73dd93d13a4f77fe851569d816e7	8dbaf57da11a34021e2942e6095ad6bfcf930f1ba9c896186cbf2a6602419cbb	9bd71ca6397303ddda04d070f1a35c457b1678da00fd1702ae72c406a1f9e04e	f339f4d28eb885efc90747043799f245c95dae2667c96d2d3486b2ffb6b43905	d6cbf74ff9baa38b7fcf4fc03c4161833d244b76e9564dede38b0b5d7de3f657
w149	1741e876fbe363d3e30b12c5e79d1d614ef0d9c6ee4d1e6769206787c14ea4d7	e459437ecc5e88a937a3284660b21d191ed2bb18323fc3d689e7b930f88df6c2	b3099e2d52bf966ea31c847ca18167da274919ca5dc1ce185a3962cb9d3be33b	baa7860dbcb36afee37cd9d77b444c403238603cbeb186c000db9bce401791f3	1458a9a937d0c1fbb3376049cac5658a44e836271530fe5560e225af0682813d	1066893368daf9d70b1ab991db211ae00d089d7c88754afd4af5918f67fd1d82
w150	3baebadde7d909a9b4018520daeeaef7428140fb3f54d460b540f414652de06f	cce77e568bf3bf74488dee5fb93305fea606f8ca7d59785effec49aa32c067a3	781f5328f7820c0906def5c0b36e4cd7bbaa605772c63e093a070f4c43e2993d	9933ea03703435221b6334dfd6b4c73d011f4e4ccd45211fe09a58bf53df18b4	489bd362b435417841a600e008480f5014b51a89a8976e0ebeafe27e4c7c921e	1f388147ff4c78de4d278226f3829671d329997c4e1e27dc8ebe3cf3937e45c1
w151	ae877fb405a3c33c573db0bb2958968c48b9c005c54fd448b094d520c6ef3efd	7057989e58e2430027cef09f54e95d1f173495d5e12a51729efefd305d40c760	91d7a17f5c44ac04519f8ee5b2e76e2469850768c4d6c33dd0e6a01900922f6e	c67244531a8f644286dc5b7d57a97c9d062dab5b507b918f45f099c0442d2f43	f6c9228c633976a1119d3d2f63caf88b86715f2d31a810ec80df0230cd9941a5	eedc40f239d8ad3ae334a81d693d52161782619283ac6ceb22638ab3ec8a9223
w152	8fa688c6eb326f0a09788b982d4a424efc45bf66ecb2b06b6de7b04ad227e3c1	664e23cf97a8d8f6e9675d4336b4dd7981b0383cb59064978b7292125ca89577	01726d6fac4022860deb4ab75f4823b65dffb41b8aec415b80d25a9bae2b0971	26807f046571a119047e083f467848945dad2acfb3563c0468c1da4e036a131b	78cb7b8892d535ec4d10c3ed8d9507aea7b2a9e60b8078d33697c1532ae1f61a	2ea37f0c5eaedccede4f59652c27fe04711a590be6ae5d8ff822c3d2dc812db7
w153	c05da944edddc9d68beb560033fa99173283f4b750c07f749e03bec15b3138a5	58699abb3dc5a4d2703345f5e61f59d759499d26418c9ab6d3102991b90b0f01	3f3f25492992ca83f7b118ce477a259bbe5c6862785811e45205b9c28d481f18	2f5256af5b4a590bc1091348b450929d30ec2e6ed68d7de9ff02f707cb20b4e4	dcf473a9f4492a66a5fb4fcacf9d9754b5442dbdbda925a2b4787a02ade2bbc7	145e28c6208de2561b689788d86ef7dcbb24dcc45385aa3c273f8d602c428740
w154	781d08c0af5e87b3800e4c462cc3a0b76c2978d1f2ed21c9b0b64d37abc75994	0169989e1152f554784c10a9c18c02926d9281136280a9df4aa0e4cd33d91218	9361ada0e717e25946ec0af5768065c894fb0a281c2e528c20abc489ed1672bc	522378fc66325b6e1ba0f53dcaca96efa43d38e68ee8ba471c919e094e195672	fc7882821ca6e327ab90ecabc6422192d9aa90546dbbca22c6d5cbadf10d0c00	c22fa396038f0f5485a4093b50a399cb266b9befb5d096719977db5685629886
w155	1ef5621ad834aaef88b3bb956ade37eef2a34c923c692c603eb58f58016b0775	b7e398f45c4b48b82f756aef725077fd4eb128ebb67d9d24da3e9db441bafcf0	f073e9858b5244e9a1c59b10d29784ead9e6829eb937cdcaa0244a162ef55a08	4f03fa9468035cc494ac99c1d4d31a621cff6dd45dbbed59990462c888da9c33	e0bef55d6e617a88f9c6fe2d337ed927682910d4965f6b8f72cadff9a87a6342	ac0de6ea672a0259a22d1f809d6b57c47dc6d5ad871b3806594f45ab09d5c70c
w156	71c516304a3a77eb4cebecbf697b8d62ec05b734ec1e4841b4a827aeef9052cf	4a145d4efd92bbcc88e179feec5df6128fd7a18bd518ce7333c5972f7bac764c	781125ce23f1e4faa10425f08b65f3bbaa7e6024ac200f0ce17f9a4b1f1f8261	cf51d650abea8a0cc7a9ef425f5bfae29e4ed0bb9ecfa1a378f84c8ca8ff41f6	ed605cd6c8f6f0051569d0ea5fb61e03e6f7d0591da5b7677902736afe4df324	f93f648cab3fd21a500dc4b1f76727c1396a5f90482cc554b1cfa1258887781a
w157	c8c0b8f4ed505b9e4849b348b0a346682b2d94eded023741448881a859b4540d	d57518e07147c4742db19e50e6fb3288faccb0e486f8fa4989b80d65dbebde8d	ec3199b673abdbdbf1a2171ad81161ad0a084dd06fc889b9078bc644b4d3e241	30ed2ba91afeb2fc77c7dfc88749968fb5677983d82963c16a2d7a35c827d204	5eca5d6ddcc6e8f80e033cc5c33a35e8307bb1849845cf1ecac464250525e8e5	f2e69133a31d78203168c760d254ef48340c2c2f95e133149bac3029bb549814
w158	6c5059366471c64e203288a2b9911cb253fb05f9e0ac75be8f296a3f88207aec	6850ff9d7189fa9e46e542fdf37e4086f765cd4d00078ae3277ebf165fa1059b	ddcb7d3f0eb8819628aaa0a8ce620d17673d7a95a1c9e7c05a4f4a00c0a5bb6d	6dc4b03869000aa325d9d95373b68e06e3f3008d4f7d284b1c464f918c409d69	96d6143c29856b7f412ca85b0462f65538b912344b1a244757ccdc9c930c69eb	9dd98c8b2f53f17f69f8509dd9f3d5a518436245804f84aa87c14c9aa6faca66
w159	e5e826630109a26a1c81e658ff27a0a4d94c8b6f23e71e00cbdd8971ee1d8e34	62d90fcd9d11f2c4b33087b9f0cb7ca8c6fd1af00f065ed653bf9c915e4f9f48	0d1eb86b2adeb5edd65e3753465693b5cff02a0163559c3b9de9c04d262be9e7	17804ddf5c73a69303508d27637c5d08bbdb8f538c7416ebce3b4d91b1b6a661	bd687a2d20ec071680ae15018fc3874b067859a9bad43468bf8ef44d97930a51	86328cd53087f1f870df38cd88fd46769c99013bddb05030b06582ddff71783a
w160	dc40a2e3e45f010a3f41219cd8d0c67c76c3c915bc8d482d603d948e2f2a41aa	5e123271b3018e2de3f6b1fd009482fd0fa5021e10916338c17a3724a660a917	7e6af989bb4c294af28831e69a9ade4579adc54d2960bd838d9caa0effac350d	a4c764b3d238b38030299b80f6029a330adc3e746094a3dddd1e6e4a1fccab0a	9c8da32777a3b329190afa28fa94519d64fe366a3217c746c99b491d88787a39	f8b83c75dc4b903849dbe72c83b504ae7c398cbf51739b228cb32f2dc4aac3a9
w161	907f9f7b7fa933d110df3d8ebc28fa773bb7427b79371577fd24599b8b7e9134	6409fe35f11d39f79bc26d6567edc59e9f3c1e5d4514b8021c567eb500e3eb61	51a71c126881d3679d16a6733efa7b946e1e9e52410c137d78350013aeb42224	a8adcca49d5adf10f9058018b80633790e1afaf325dfebdef85a4f779f07368d	be98a2c04f21d9f6ebda38cbf6efe106b644de8094a43607b1f974b6e29e4e4c	f0d33d0281a312be388adec521812005a0f73a4cb5d23f3693145178b2064a8f
w162	b1a993132f527376865cfe6a452ed45594aa016c27fcbea6ea2dc57c73bc4e3e	887054eb6fc5c0da161ba730f5ae5be755d4b23c72f58a05c3738b3b6f961859	fcf5134665a1b9c3da6f62fb3f78d64cc40c5a9553179a1108a1ce059f0e7687	228ffdd2f24722ebd1f10058c55c6d5e56d155b614dd2d4598cc1365c7824317	d36337f6cb31a9ebd3cdb064ccaffc117e2e1e1a87ddd95af69ef1ea7ff8b135	6e3111f830a7321631f1e1067738071c869ea5da5aa574935a4b5d49d4838743
w163	0abeb1b0e5f13b80f70316832e56e12975550b374972bb9735d3f332b0867a04	446e2cb16a02e161a4797c449a59a91fa5a176a951dd97fe0ac98ddf3eb1356a	b92a5636094bae64707dcfe1b25afe8645a8ed1abe6d52725aabcc74655fbf57	5cbe8ce4d448fbf940a46bb6bd6880a8a58dc67cf8a9184fcc090903c864f7da	b77698df9bab7c554898a459791ba18caee28ff9ebd547ec6ba3f0aacecdc74e	95e1a76155942c08dccf7d0628c4dbd1305d4702608553af59bb0fd93e9a9ce5
w164	4a49bf28b0f11b9004eeb23232b095527317c2ece9c4a14fc35ec4be69c31593	9433743a76e7810d87950e842c951da8e54e733374dc1e9f7e860ff4249394da	24d0e3d5f62699326ab86cad82db1c47bc10ccc4bb84d61c9c3c6b24c67ddec0	038986589bdc0e2556de33aa7152722148c00ee3d28e03392f98e16814556b8d	083e3c9bddd7573686f23a33f40af38223d887a7a8ff1ace390fbaa8ff2a5e8e	682014b7d0adb2c285a4df62d7c6062295b00f392173cb483acc9f2b8248ec42
w165	2febdfb3600652bbad71c25b58f9c0b64c48e9cf17b1199ae0d674336db2021f	58d2fe6df944c0265a3597662a888aac34130ace37c050eccd6a5584e54dee4f	153e9b9181acfe25a6f3e2b5493a1449ba038fc0d115d59d78cfcc4123ce817e	b0d20fab50bec144841cb4d9a43e68a16e751aa45ee866ce3010956905d83221	f3071889d4791aa6ab08a07b1ee5f9e798dde4d589c8c3dc1219c8f418657b11	a796a119fee9aa917fa29744a1cbfcea843b21ffef582ed2b9ce827071c14618
w166	3eb5214d1af62d862474965ecebd35e40d391e8c27680862f9972fc800363b41	69e28a9861ade569473e5e50b35a76883cc9567afa1b0b48ff285a88d59c1e78	e9bc7fc0ed4a3824827a8965eaf7525003aa9ba775cb8d5cf3e7b1dcd56acca9	6ea900e41b4592ad67aee8f11b3de22694bfbe3225d75a18de057b07ad5c2764	ee8dde83947a7d20b7538ced5017583a240dc747fb4400fd133aed0fb10fb62c	1a3613327f8650c4a1331ef8f415a2ff091c852f65bb4d4507a025632f89bcd7
w167	d598b20f6e1a9f4780b7f6865121f628ebe5d64a4e718a73e5c55a7971ea432a	6b45ea36775fef8ce6a6f1447dd836f7f2f2c73f894c0ce5d82ff5a5a0b18d3a	e8dc081e60f9db3e5cf35569218aaf7f28657e255d85d26656624a402467f998	2e63d1a710374390746750cf5112e06edad8fb00f663c42fa4c9473c5b04bd6a	aa2c6c629d052e2fee0d74678e2494db81a2ace865e775f864cf4e1c68c69bb2	8b1a62a290a1a87c80cacdf2b93a4776e1e38b8733fcddb7377e2941a066a197
w168	c41ecc84ce05ed5a15dbaaebfbf97d48aeb0e2aaedec39e7ec9c213731c54687	e248ae3fc9a1a48df789ed0300a681aaf870c17235ace1315d453ab5a43450fc	f03d59844e932ed0b0f085aa872c01deffeaf308c8276d63287e44c375db9a30	c92da2fb45e7f5f0ecddda23381fe849e2cb13d3a9b015372559e295e756db50	b34c486d5a1a632761904869c353064af41caf8c6b5ab79b949506a8c386860b	4c5fb007cc39651a237aef753d4dc037de8c6541df48f1f9e1fee92aef1b17d3
w169	8476c041aeb1eea7f89e8ee66637f6f167cdb84a67fef3bfcd6df53725d6c144	daf7cd42ea6d8c71782c532c0e71a547b391acb074dfd5779d301c4a8628d83b	76b05782fb2f323d4e31bf3d3fc9fc0f9001891b76fc97a185888b44874beaa8	85b8bb918bfd43191571e559f884f898ce5721e12580e2b4a62207e2c0248e97	75b1a05314e519253d95660b8f3a3d3e9b7ced3bd8303f19bb1a11eefd8ec67d	e06b027557c9dab648c5e1540a00310a6b9fc0b536710219a8fc00bf611204f7
w170	3b905a488257081ce0af950810b1ea9317e30f0bef75a4ba476479ae6f3ba2a6	df481fea1a0811a9af61633d6e985f338388168e2e3100343e9583ad445eb383	54d782e3b81183c03f75b89a45508d1234ea784fe24e4abc46854575343dad82	f0ecc38a0f806a603dd36a8b9246cd34d4ccaf827f366b875e6a45a851c3cc28	32a0607a046e9683d457c39c33d5994dee65f180196e35db9229aecef4c75314	b2b7e103a8621e511d1663b60c407e8c56a1d27eb436b7cb52edaa07ff9eb610
w171	c933b303b50a12e3a0f636c2c59e7e488da8b5181096bd0dac09ce3259fc7500	19c5052639668a138e7d6f982b2d9c8185d3be475ec467267e0984af037c8b72	fed1afa4a2e99bae435959689dd7178ab37fa9f2cebe6f0dfb8503ee9d804f17	d077868556ac4e73e51ef4981f020ebb39f1f9db0b17d67bc3b81e0d53aa0071	d64aec6728dd6ba4a6e73b2c3d06bf0d006b60b07d14022e6b0c3d525a89cae1	d07bd179c41a8133ba009563e15b4d8eff33d0c7a75befc3fe556d4976f0e9af
w172	4d19cbfd6aa06d44d910d19acd9201f7ce6762e948a6733643894c9d44194c1b	06135f1193cfda3423d4290ddaee875ab94fc5a19832fe57441e3bdd87292b9e	ddf24491d5037d08e61fa432e190dac8abe648e1b80e1e007203d7fcef51b55e	3141de8c6db2544d14e3e1efdb959baaaf10ecd5d66b08643a3f9e46fc430a3a	6439227d62ab2ebbe1d0f10706bedcc0b76c4dd4e414fdf40d950c347c82e05a	23eab3e8134acc45bd2f46c6949ea5291022511abc89262f27b18d1843824880
w173	567f5ff06ec47ea94bf6ae29946a16d2206a95fac97556b96dc6bbaa328bae3b	e03051f729a160124ecfa9c721f4baef46464219d599787d18af39bb68fa3cf3	139cadf1403e1c7e38660daf3e15f1de0af89818ef0e973a2c3d418441345b5c	ac28e6287e124766c2433e05e160484aca7018665ee182471a0ebd1b19674331	3a22cab98d5b4d6325ac1e3946835cca61f3e4b09b850ed15ffcc8657234bfee	9d695dfb0f90adaef9d597f72ac2500e3e972a0ed62a9409163b430d20ac8742
w174	a8e8f4676da5eaab43714f7f737aeea7fe46c06ae4cad5382818a0ef77f669fd	bcfa7bd1ca80bf5652090b277d5d911e793fa02d9a8d0d987df2589ef99dc6cb	882fe18b655526f3471a43ee6e65895e36797daa62a53a8e3d4229a4a89ff76c	e76e6e7fc4a7671d43ccfd51ec7c0cc25bdca8e2d9bf6d679285302b3b6340e1	491e8bd89313038a982191d2057db6acce42e133eef5ad5bba3adb5c61f2a301	70b01495399cde9d1282e9c7546662698f1d0193fda6bc940573549dc4b8ba4a
w175	9d49e0dc764d93304b0a25041739a7d49f784dafd1559025979ca23fb28552b7	b36189c3162093d96c8a6759ff5271ef59460481dbeedb2e756d5460ac28a9d7	fb2049cacd86b5298f9caa1933698a0086dc49cea50e7fbd967b13470b377422	4c1b6087239c9ac932650ee69ce0864ff3bc5a75d9469ae05136c7a1c6f4d381	dc5f2eab00048c37e8fb8b8f23ab7e4ed03e48d6f54dc1070574b337268f016c	cc6f5b6984254d7e6b5e963c16d52e631715cdca1b8b2538a9b47bbcf57f5933
w176	36d809ef1371588360526099d41b378e2ce2be31d3215a7226fc5b83725758b1	3588ec0c1b48671badb9c63d3b202014a771ef5a23ff8f854bf91dccd1463982	cd4665dbe7883e3e3f20920da12be5dc83729633b337f77b9aac36f6ab282830	ff8edeb8fcd1ed9484adcb297c9cafd90cff1b581e1f0f295bae93cc139abd61	524f61754a2ab878c6ef9c25e3c63bae0dfa69790edc5643def54c19f11c5640	44b8503cc51e2374f31d0ce5073bc731402d6e731025b1b4b94df50a0d571664
w177	8fa6087e8a5d8c108301732e521e9a898e87b31de512b97ae873559b2851e598	8603c6e9e50c6c96be43760eefdadb33484d10cb9e0c542b1ba798c5c497fc52	cd2ce76330a1d4ad584a18a151b650361f6466493c8e9058c6c4a4e8b6c67542	1e868ceecd3bd93def94c4b2e6b3b05bbe4f9991d0c2c0495d3516654af06c69	0837e4a13de3df7e7f39e68e09738770ce92acd003ca8ac19ec7e16af0529a60	c8e881830ae05d478e8b4c2f816c9240a6fa45df7576c2db618201aa623036d2
w178	3c225e344e3d16f0f81a61849be45939d1cdf4db1c3966fd1cb90e8908b32e60	3f3ffb85fc16d156d65aee35ebe1a0af08ad28c71badf6bacf32c46f27b8fbcc	fc77ae17ebdf8e765bb5e17a9ebb0ef3b3863d5e6b9c06c606636d54bb80ccbd	62373a5af47a915a81dc0cdcc3be3cb32efc00a9bcb848af4b989dc64337a6a7	387ed7064d3ea69f9af2191086147bb69e78c747ce92f28868bd72e623b832fa	3ff67c727241461e4e69ae29f6761e05eed299f5e6b046663e04af6cab2e7181
w179	7bbf5c126730e283d6ca779dd71a4f6b110911c5240dab0f930043cc8d916cc3	7cf0a263f44114d9a613f18ac05c8a7b3ef754bddce3cc32f7a38448531d5766	4c3204d2840489c55c5429f7df9a3bb85e32fa447586d0940b01df899114c8a7	caa70d5ad50d8edf1d41206c1554f984284dacf0085327de288293cca9d3e910	75b9ffaf9a915887990344cea432f2f647467616f301e5693aeb92a4bc1e65e9	99f1bece05776f1c8345fec70fc981f87d78a6642d4968c6eadd698460695d3a
w180	441497087d539e7653f7e1bf2b62fee11698a3c44093155130d3f75e33521f44	8920e491e23652e8ed0b7e72eea7c9a39de51ae5173545ad48e262c287677ea4	62c030ab707365a41e08985dbeabe903d31f599a28ae9be2f54d8b123ca907a2	3d42b137f8d5da5c66f4f09acd314c512ad86c48d1b3798d41b830eac54a8bd7	6ff1958729c0e960111c4ddf8847a2f467c2ec0ff623ca76f7f4f21dff6f37e4	7967fe871441ea1c2fb49df9b08d603f13613026f78253e2c6f6db69ece690bb
w181	5e1c87125abd3f0502cd5d0f0969fc4dd61990223c6b303af8c03159a14d8ffc	c3e3adeefdea6f61cefd48c1319f7b6ef4d558e7a9d94de379a7d27c2f11f312	15583c3e2e0590cb6744118f3553a374d258d7b83640f902588d46ee13d533aa	bafefb576e95da337cf0dc5f74a1f3f98c4908f219d8d71ddebacdf65c3c94a8	abcb8282f10f3df52b5521098a73752b5d1b44fba7a736b0a8254ab8c36520cf	03797421cd5c6e0bb1fe0760f43bd980f3574a63ca6904ef01b4b7ed60389930
w182	b2237a29d123f9b4cfeebbcd0a652e9602224bdd0c99cbcf196a176d87020932	8d066f5c07001393814702b6b66dafa5d76ab5f222f896e8bb961f6e7e06487e	458701cd9575b89530928729b52352101860b6448ac7a49f4f15fc37fa8c6184	e3c020541a7bf868355554a064aeb357857d58d18385dab8c164e5a97257b6dd	0358aa2e94e8fcc332fe76992da6207979e8c7fa817730e1d58067e711ceb57a	625529274e16fcfd836bb83fba1b58c2a22944e2f1c08a9e44b3df35949509a7
w183	c9ae581e6766e76f97582c75511159fd170d9c57b04f0c61017af4071ed206dc	8d626cbea06951af30a716ef77e23cca411d6361cc21f9e0f28d7112862a3ef3	6fbdf2e9bfaa7f1232a623a1e40a14ce65caf92fa170fcaea88bff1c3b79751f	c3de4174b09fd336eaf3aa2e2c29ec9fb8c84bcd69f5526d951aae249f8bfdab	d4fdaac2b92a102f251b9cd7df63298c963526f0bb04863a9f8e6a4de4eec94c	efaaf7b94fc981c09b23820ae1ab8d465c70c567a6cad8117861d57a753e2a30
w184	eecee1b666c4f06974f37341b8fb8bfd972cb10c02cf1d89b4d82e3bf0c907a7	7661021568cada552612c9fa113fbce51b6c5a0263f448312e8c66ec92de3c90	038b4e6da93035fe47dfef5336868678742de980cac759fdee763ee24ecdb4a7	b29aa49f4e3f6af02d9b9cc6d9ffcc21992f57936973bd0bc6a89367ce570399	c0f010da1fdcd6a002ef8198d366b01fb7d8556ef81c122943f5c81fa32d34c6	bfaecbc7f6c7eae477a8577e0b700ff55614e4a484a93b7e75f3501d1add6c03
w185	3da6d967f53b11f80176da0540d12280f728fa745e2a3a139c17c1b2aad665c0	3e66d2f245e3bfb07b5f05a5a5a06bddb8f7d58b2f56d271fa8e7a695078c8e5	b22c0fc076c1d539c9f473fc94710a16a33e0f4ab55732b312f320e5525a663c	2e34f7b22e2883755e4c1de15e5c2db755e6c3a4922cadeb7996dd467ba16631	f7583da6b8cb7a3f3418183864a7a6497f7654e52ca1bc83c9f4888bc604cb79	2da803e9667e9074474a51535b0c1650d7800153884ba38d2fc2b6021cc83654
w186	13db3c66b8391e4d999581584855a5fd536587592d1d28451f3d9f005657c919	c1957fb8b4c2c6e0a006a94e91dce11b30079a02c5603724e882b005f8adbd74	03238c6bb2f1f5350602095fef01fbdcc198145bb1c6eea2d63a6e70d6976ab2	44d8e1fb2d97e3fcfb02a18209fe016e74fe4c2d206a9c13469a5c7e9db2e954	eba3fc86f70c8be57219e5534e092382836598d17cbf2ee9d50b59f27de35ff5	aa0b3e47dfb037be25025cd645270802af87c248290f0a0dc54272c3745a1cf2
w187	1ec3b7ff2419a83e38f6a5adaf078ffcf4c30408ad99826323861654cb0798a1	a408ba6ca99f9f04933f8a66170d39564bb11beca5716653c9b144e837556dbc	e88a671c20f93520f7466d7928ce983de53f8054da8cb80bf596a444c863f580	960312071f7cc505f0a4d768b1338943304076a4bc4e805b20a23cf690b03d34	44253a43b2fd10b3de918bdc2a6dd85766d97baaf29f58088b8287c3ae6b52d8	fcf2c8c14968985c03d08249739517f66d5641ccdb9681e6fa743d5916576359
w188	849cdde8f9cdd2c62337988793f3b8ed208b34e2a1a7caa84dc69002107139c8	23e6c8458f2cc04c6354363882271532c6c3c8b6eb696080a99dde60c6005d32	8dbab91e630f612e2e444b03dcfc9b39abacf3f11e51393749156959676f78f1	21fce5a8052721627f0c3e9e711d48e11a38d722320391ea6ec019eecaaeb5e8	4c61d2e0087742d09dbcc11882c5ea524c491c3ae0f46ebd4eb11b3b688feb70	dace12b205ce9a0a362ac5d68929a23d64357a31ea84293ea2cc4ca6d6a96e21
w189	e761898e12829b265fcb2fc9827e388a4bfb741ebefaa47c2eb0bb0d5f90721d	a96602840b4283b43f3262d4bd08c16967d9c174302c596f716437a0b217ed2a	8a9960d35e1122da23701f0bcf62cccfa68122a859119bd1895412c56fb134af	d53774e72c67a559072b2acc7901171987dc71401ff8003a1c81cf35ae78cfcf	c11c71e31dc57113e140f1dad0987fc63533abc392b445cc2ae8e1a5050c9b55	c6a2e4085d18d0fa92e04d9a62242b1ef0077a7b2b2ddc617f5417e4b5434ec2
w190	3124f80181afc61164769bc09c797683660503213fe5a9a11f1dbd196e0796ba	991acb362728f9c944ea11075689c9b0f9a23edb9bd6f9f1c8ce3c551ab429db	b5a64aaf2801ce3dbf1aab2b906bcd9b660e0d4d863e8de192a8ee72118a5e42	92b90df75b88a67eca36cbae6d7a46dbdf3cf592f422cff485984dac230a9fc2	45f36d4de2fb0bb6375f374092504989509a4504ded681dde1a521679e6a9f42	d178e1d74acb47c111585a517b3f5d1ba2e21a4b7b048c8316e856116317990c
w191	8b3351075edcb2248cb174330e4f52199a486bf3f5f6dc25c34429f87591f1ac	a520c33b27eb26454c45fa6b3d2f4481e31090501b7ad8322b08f85d0c92a6d9	2d6dcb855151688acc53f3af33694f2abb2f178da204090c275d77357bad07dd	6d8e5799129242e148207584258502b304c12ae52a8893dc6832a3eb8db90f04	2d84e28f441e9e687b9cc61062fac90ce26ed3df42e209f7382f4f9adbf85e17	20b3142b6121268b348d5d4f377264e9d4420a483af65442e9470350aa71ac4d
w192	511837642f329ce7ca4d7139299c9d2a6a31e868e09bc78a7b9960eec7e28358	f6be020e8b806df62c9c7c6d8b2105abe4e0f213e1d74f29a2102b34dbac8481	f2e248cfdd3e0b5d19ebc64117921d5573f019bc34f94dec7cb1bc6fe10c13b3	bb47e82e774a8dc2af229e9ec560d9c9f1c5349c001c99ac741d72c0427c8de5	ccebb05b4020b10af7c8eebd915273aaedc1349cc9b1ed673044ea1a0aec1bd0	869f47c99e0b360b3528145e7932efe4debb9627318c061dd25664f5a329b8e8
w193	b9a68515fbde9fb9f1b34388980eff9bf68d2143f3bb4e3caef78eb74d538971	7fedcc090ebd7f6b3bdf28642b527cad8bcd6c5648375cd4d4bbfb9fa6b67db3	064fc524ae36dd0a4e6c19d3ed262df1d065cdc59610016c226cb04908c05de0	be9ad633ee15900cb91ebc054be0744e410737a9a208faea69c555d23bbcf1aa	485bb7ccc663be9f22f12f584409f59743d5aba031997a3fe23225c7935ab64d	49d5800a43b436b3e64affaa316d609805f6ab9601046ec935633284bfb073b7
w194	0e79eae04d2c510f92aff5d2f57b85a165cb3d8542738f3e0a533ad0352385c3	6246250d07fb6890afdc90778648c3675f667c4d4cc8c196fd34ce1b01afcebc	2517585cf2541a12e0d753d9b2951114889cbb0b74efb32382da0004eeccb916	4888022efb3e2a35d32179d7dfc477caad7cdfafb3d57b45c81e62adbe8c7864	68cac98acf8b477de0353a2e388e53ea861722f41470f0293cc7b0d73350beb1	2ea6d30187876d96a3db4dcce03f77d5dbf4e61ec796b2b92af1b0362303043b
w195	4acf1170725ea838817b4e6b793cd35edcc681011c9cc9969aa441d278e9fc34	a2adb3aa8ca1fe1dacec0dba9a5d82abb994672f64c0c25b9e4942e281e1a9d4	32a981736a07749888d93592861c7f0a8f696fc9f0807e14806ad2542532fd60	bbdb91243a267f347a68ed8153545d19843dccf77fdd9b1c2f0073dd71ca9fec	3e52de2f33cc411bc63a8a8bbf18eb5cb5ce3801d997be8ca051d4edb551edf7	3c14d7cbb98d421d356a7bbb8777b0bd07e1a106728f4cb27531a8c324124edc
w196	4c0004045db3c6e88eedd3017af965b631a08cb52be25ed5d6f117a9295584be	fdb6a83f282caacf8099fbcfec6e6050d5c74fb0e56d7054b40dcd7fa1b9da82	6982996a61334944ce127479ba23092d5a4a19b4b7b4dc12ef52a759799e8ff3	78cdc0be50053ea17e95d71b0b4fe411441951ffdd4b9133176edf16b6f927d9	35097d0ecb2c6c4d51c8b0bda6f78f588525ce4d66b6cf065c25a8bde0638519	8d044cdd115516d65bda04cce8b109124dbaa7ee635ceeec98a14e450f26800b
w197	16d33338bcaff78330d67d8c22ba1c7c6a4046cf1e90c03cf0f77ff55b8115f0	16c4c16f1816403e68d0100b8a55fa50a437a0b0c9d1cb218e41e8f7a5cf7a8a	179e3b3e5f912d9d921baeb1121c4b91fd395dacd266ac1ea058a9f92478ebc6	de38a3d6a074d5a92564abd5055d17ae2c03991632153810d159b504da5f25d9	b7e9b675737435a1b004f0b6966cd6c2f0a02138fe4036b16e895bc74f3545fd	5812c4fbd83628f90c6dd3eca2d27600936c6681505fd5f1ed50758124b937fe
w198	8a2cd7c945863a07a71f539a74bfd875e9d68c956e98bfd3e853a0f0cd103f9c	d3bfd25775793a09cbed6f8c6a0c250b1a95617756195cd2bcce4020389f241d	44b356b411f0a67d9e43613b1d2d3ba1bb83bfff6cfac3de47837f3e36d1cc54	d87e842c6b53123252611316079adb1d0719c07c1e909fe841043afcb419f85a	dd4a0fc3b7b2cc8244de57c355e56e934bbacf45247b5ef2e7aad670ca2f38e9	275e6bca6c81c9396902187bc8ceee759ce0238b99ee4af0daf8e372b79a1987
w199	0faee3f9d9b9d835780da5952db45212130f864820b8633e21d1a41b1b771370	9348d59919cc5f1ec043a7bbe4c33da2772b586942b8b22a169f03e5ae460414	a652a718ed72366a9a88952eef5f9b803f6f7771b901d9b6956ade8a8709ea26	cf3bf9112bcb667e441fa1c8f4d629b3048f44c6f7a34cda77ef258942de3713	41f16fff90806afb22e02505138b6f5f196b22f542dbe722d021c2d6cc5897a6	eaade790b3d9021c825eca464050efa6af26b0931d1a5cbc99672af3c3e39670
0	f238dbac1a3ae2a6436208b6c2325672091d10a886a076a502e022d41f688536	1e439ce2a47a15efc210834b59cc1207e8970694973457a23a60e049cd1cc69f	e779c06da14b36c814a7e36f8d08efddfca4bb1b6c41f704b41f63bb8cf6af45	c7faed430cec6bfb0a9c072a63eb45a690b9f60be51209ebdbb8f70bf12a7ac6	683dbc9d89c58cbc3f1bcd5d6cfa8b43eead58f07a0b29749db7a1ccf072d572	e6042cb539b62aa75a5f14a78039d277a35b32a4800c47ee2a57ba6ba1137faf
1	c1e3d9b5a628b911bd7f6a7dc5f99c2526a82a71d5f37ffcddeb8a05557bd062	e06a9d22231e0d9b97b9673f0710fe2e49d4204abfa5116ffc937d3b9c183ab0	77b036b99a18f743a98a910e942aebaf4dfffd2c563b287458eb0d04082b431a	d3de8a1d425925f25489dd5391038e1a326f11e3b42f56c48292fd409a741e18	1b84267ec48938f9bfe0b3ffb6bd92649c0b02471318762ce77d720eab53b737	082afa2188cb25da1fc0fb17b195ded92ec4cae5a85e0ff006081af46a51cac8
2	3c52424c110db4c8e5fd40baaeb79a5fa419648cc74c0a3664c315c9812d212b	92fd29dc924c70d6d91b4a3dabeab61944e6f14ce96debfc6b78432ced903099	dde91c9c5b594294eafd28c0fe95216d9d61345b93789590d06744b3cb9b070f	9a0e5f2b9f565c28856e4cb290da4808dcafe1e30bac1d697b25cf0ea8abc1dd	895e101a1116c277a6a32846877818e48f8845590cc3f03db5c108179fb6cf4f	fad00dc51915a08f755a55b8a06fa4c5a889d5175bf39dc6a9b999b14243cdb9
3	4e333a838305cd64b2907d03a8fecbf677e878335f890beb32efdc598f63efb0	bc0aea733af68296d0a053f5c30ab9b9b7fd0fd0eefebbbb67e611fddbac9319	0503ac4cda1df42e829c1bf21fa6e566f26684b0c3a21166184dfb419a7afb5a	9871ef3e9cd7ed3e3e518e10c388cfe41f7b603288a7928ae823d1e49ede9bb9	5a614c0b62d7266f3d42988607019501c5dd41a50cb9928e134d8d2ee77a4d86	76bf6eb44a9570f8eeeabf9b6d3d84a87b5ad55545882f40e3b42cbeccb38db1
4	31d6748596c39fc24bb53979e733ace7817c1f16202a972801eec97d7d7450e5	bbd6fb068dac3816b41453dea26f7223055012e2cfbfd461282a0e67790d9afe	1edf488f795e3eda61a4b5d5963d4d8d0e90a5746175facac7b15a4f1f74e977	327a8bb0642867635b5d5f60a5b8ef03a519648bada80d4c7046caa03bd18ffa	6031cf83859885d84020e0a195827ef175b472e02e92df0d58754a4f07dd91f0	eda198fa20a2296fe03de2d83d9a01ab2a2778935695693a6a775aca7ee6a84b
5	d381de3796abf403ae7b60a3b1bd7175cd49524ab4b54c725408381d67bbf4e7	ee5f1dc8aae8eff190015613cdc706d289941d7d0d290eaa139394df4553bdd8	879b05e0898bc2148734c1b58677517f89bc9eddf5297e8d1ef03cc5ad2ea70a	84da104e90981d9f74f55796bb5580be7a4518b2e4e25689aa332f226e494d36	1f1bc139274d32c7708edd588e1c93221939914728cf83bd397445280897a891	b931de9997a24485247201f1403923a9d6272ef0294a31a5827218698ec18a2b
6	6666992ed3c01029d5d76da330b513783ab67d10a41c6982c5e899f8eb4d694d	272b744705a33634d9e94a50059164298025e413a341c937447af4503680003b	f4099819f327a68724221dc3e0d84f0e356f46d3c42208c84f4f2e2479fe45b3	ba400fa940d5c2308427a6766bc06e152a81a86d73dc772fd2ebafd39de4925c	3744b064aecfce2b2e70045fcc5de94ba178ed4bc22a1e9448e1626a7ff0cd71	e5311e9ac30932978d0ef4f03d2275bfa5665e478a1edc19b8535f38eb86bcc2
7	642a5b5ac56bcaa6257818c2a79649ca641d3df9252b2c7e7c5a512bf4bfe647	246c37f4289a656046ba13d856b9e28394f2cdd0af9068f26cd39784b77e4fee	54887b988a78bc7792d6ba2dbec1713c24e49769f773ad8fdee39f6cafb490cd	4ba8752271094858d42e79ff2e105b17f6375a3744d065ecd069f62972542c64	2dad79330bdcb59e279d17ec73eb4bbd1c0264b49d64dbcab352cf650d836b11	e432079b11a8dd7013c040c6069111e6222b99df5c43c7aa569038131a4a8395
8	bdd73b0d42f53a339a2d193691c65f84a6da46e81af3d30682b387eb226a5759	fce805366b822797bf1a346e204b49c7735a687ba4d1511b32f8d6c1e2500c51	e5ccfb59c72c8b28f59313be3fd23d6df6cc354eaa9fc7160d096e1bc0bad23f	6a1e0ad1d60142b7d9c1ba9be23ca70ea3949b3828aca4cc28f8ade437cde8ac	d8a998e160a382f271d5b56757bd1ed6de6a4b8e46fe9eddd387876a396c8f61	79b81eea375d435f4e0b1b93b0a2c1d5fb72b6565c6fa510a6179e8132f29ab6
9	9973f951d4418d33649d70149a6e5f9f90a05a07babf196cd31f8346c0534fe3	569dd9e13dfd17b45c9a20581349b2d6b934cc2ef60f6c2a38f845f91918887b	b29d7cc1d6277c0756e852f0076295f69149878d2d2fad0a5c51b4436a37fcf5	198232401afc4b3248030fa07cbb403b4dbccf2cd3029529ad6baacb086b7a74	7446fdb9783534663cba0bd4c5c688bfa3289ae3c50713190b4854a9c59e1659	3c29fc054f11aa42f2a602acef9adbc18f4323769322a675a025ebe3387b4831
10	119b7177849062b43ce87b58b6a38d891afe44e73c66d7e3394570b567dc9638	99df5e0a991a11b0ccec0b39921627f3b4ae268feee76091280bbd815bd8ed2d	5f2b99121551a181b8432f27f0a545d719ac064d0130292d830135b8193d6a6b	190b1081fac477a13a52589fee4c355488d41dddbe3e2a927b4996a1dd0ff2d4	048d2de7e9f725acc653200dfac64b736120890752c1c456b944478706c111c7	088f3ef8b7645cb6a49a1d28f51ac4f682a605d78ed5f5cfd1163cef4e934429
11	d1c1e057d4604dc59037ad4a55f31b5f4bf32b6893b44e85ed9e2def20d4e66f	c13dee3994ed4473a34ad57f54b5cc8f513146cdace3732a8c33454d45d3064f	aedae56c606405059ab6b02f755a444f47e5e145cd8594c48497696db90b14a9	93d47c45337216b037108920474df6ea64d1b882a93343c7a1cc72895ae59537	fc6f8d51437031e018d9f9108199f41eca3706e88e2f44d7d1bf55761a298a80	71687dfefd07af5ec27720458c4b1eb92144dd7e36ae2cf3a4379647deaf1f6c
12	ba3840a4a74283649079c35bc77d3fed853e8a109cc1362bbd921bb80dc692d6	44eb91862b7d2e65b6a687eee8bde483b3cb90dd16dfeab560aee7a452cb56b3	9d394a9b27e9f5683dc391a8974ad704bf625cc51b678b24268115dc40fe0876	fef4d9bcb8bf4e3637753fbcb67f6bc9eb2ddbd9a3afdd477d7140203815a126	65e346856abb06a1488502497d1325698fe681e26f9d7af2af1f3910718cfdbb	782e3344b3def7f72c9289d75f6750396e2f225e253d65c0298da806c9ffa99b
13	90c6d908a37f7e411b57789426a46e4c36b3289f3cf70ac5e5c8d3ae11856a13	c24d6aecdd39158f452034614949d34e7b91b9f565c9bfbb8ace634aba3faad6	690db65c44ef714ec6e05c62f8aef344045ef63a11ef666f5b6de41faa1a3bf8	6d040559983898600b6eae9d3006fafc13225f3a1c0ee297a21d335b3a40b369	50b188724e04e3fce8a0ce09850d7b547165f4790e7cab89cae83861c34a35ce	bea80f58187fa814d171baf205daac59e8dd0c35b48676c060f7b80eb7ad704d
14	04e0ba13b90da5ca78ea54f42dc5603f0b9a7c98b2fcffdbf5a3ec8ec060da80	3091c10f33fb0e1d7f3c357ad8f1b3be16192211306cd82dd1b1effa49ae6aad	4a056ea952cd8b8228d59b9fb81871cb961a87e82d90d8380461e1e9702f60ad	2d0d9a66295e0ed3d3556bb6989e81840cf79314d6865f3a028df61d197bf340	e651de78bdb7228f44285bac96f8693eab1f3ef38f77cf05b6166c186edc6779	809fd6d08374568072f0909c5e3561b67e195a3e99714e014629ef4ffef6f67e
15	2bb467dd9ebbac253a292faac685d1b31dcc9763f5a57957f06d6a4c46b0f041	064aacda5eee72ca95f63f0b263a30ff41b672739020ba8d86c779e5a9079e20	91c18c27783f312c6f6b630b4f75a9bbe16a1b6a618e4502710d0b1569cc042b	f8f74e8fd833b31b651f1eace150360c9d813e335e375b41b806d01fdb33e1c0	5a1f8a44783aea411445aac26fb15a67868e561288300291f053108d6067446c	b3f943431ea32238945d1a42bb3e0cc341b73a581390ca0b6a65c222de79262e
16	e03482c7dcb87626eef9a0de2ca4edcf48b89ad810d3b1df8f617bee16f90075	2fd6e0a7695c4041e38778335b97cd2b4cd267dfcdf6876aa26d10ee116ed316	2e18eb12afe860fa84d34d62afe8a8252ed20fb1bf46011f8c279ad9fc0eb00f	956d384673d4730c160a772d4f22bc69f1df4d772d8e664ed80dd99297c00b0d	4971c7254a237abcaf79cf7d515486545864a22f81e4e854ddc10c9cb2dfd270	04c8ed98cab7b8f6db1e441689198a27f89511a078cc8dbc9a5d29d6b29be6b3
17	e68a14aa34ad1af73c3d56238980eba078b30ac4a0b34e2ca2dd9727875af0a0	dcb9487d44f646fb752dd4c0433f5a5906109ed8f623974785e843867b1cc529	d05fc003d3b1415970d5b0580cd7cee282522a4d167ee0829ff31b9a4180351c	8ab662f4877ecba0d4811732c6f4771df2a84f3efb19845250c3e43eb7bc511c	9e90c4287e487360e52edc84f56946e613644a0b46a59e032d985642cc3f4bae	dbacbd15a954710cc835cc609af635bdc3c0dccf89a27db5e255214b6e1e8d58
18	aad6b1a69a72f5490be3ceff2e811d85598e597c39872212daeaed3637f1e470	ecaaecbc7188fea18136c4516415da765c5abcce3739e5ed3fa2040ddfa53504	84ea16150b39bf63084c30c26169daa4d9624f38c867b20854e22737234aa7a6	cb2282af076ab2c75ec0566b70c87d977c449bc50ae1dd26f74fcc06cef38283	d1aaaae71d32f25b9c87d5a5b12898628b37523fa64d9c05498c669cfd919a3a	0c9a11a86f2fe0aa2362bead5abd1b9dd2a433e2b91e2152cd70ed797c88bf6c
19	5ef0d8bd01c8ad53d44d445a515f896b4a344d93b2e4a0d6ce1b101aa176eaa0	3cc3b07bec7b3f9cad84ef8752b69b2fbc782f8c0323ed34d00fa5df3693eafd	fac0eda9aeaff382b07adb90553eab4a487d9c150ee7f7accd836e38473a940b	e4d8eddfd55958d1e722f777fd2900e2190eef4b01a7fd93f61987b5a76dd653	6006e057bd5b6d99d2a92339492dead4c1b5eaab875f24369a533d92039fd173	5cbadad9ee8a926e68d964ef1a32b785c9fd264ecefe33eae303f617cc3278c4
20	29156f97f85414a9232f154042167363c1eb76df96f6fa242aa73e949b4cc0d6	59f7ecb2f6aa39ca37468bd593d3e3aa281f81e218e4b1cbe3da724364d9edfd	8a631faeccdd1a10118c5ede7ec4c8cded916ad485ffc15ec3930b3c39fe327b	4cb34a1edbe7dbfe7f0db0a2ff6bebce9a76a263f52a78e1f84147132f890a17	345f4eab741ceeb38d6e5443168be1b0a6c68b10a26d5ff94580f2536b8135e5	e217eb256a16bbaa7df6d78626926b3bad0ec3c8204960b884972adcabe01864
21	2a827e3356dbf1a86ca7d7a7bf29a44a80563f5c55fe4fbd1f40fab9b68b3c2b	bf33efb0a9e90aec30c427e684abd8f86e9e02d1f0bae8df33ad5bff31060fde	f15f18ea4d73f6d1d7dd4cbefe20984697a25433be29e32f99586039cf24c9ca	aa69e3a8001724db116795c774f6b64fbeb6be0923497a7692695084e180443d	28952bf8c86003908a2daa52149b0bb368033bbf2db61e13b4ff8956299ca4aa	963535fd3b34fc992354d93c9a05287a09f485a4898f7af7057be0e4f580604e
22	4fa85bb429a0500792f88cfe4bc27c9703e8f526af55f833e741acb7878f3641	a493d488aaf9da589d2ace4eb9d88edfefb8ae6a9450e0b7e4786ae4204147e4	dc0a6e97b144bc8ab3e0e03f608111dc3f9f9de7fbc0712870b12e8e9f734cac	09661b96f0f5c41527aa4330472069dff464e668a8064791f388b0918c28041a	0f27d6ef9907bb6d2a189848a3e5834142ddb055cc984059dc88bce66779f138	e794f89742bb8615a822fb9ab40715ad3a42dd77a6107a5e62eacf4468b51302
23	56a21fbd33e37c9e7e3b146e6f2f3c877e4881c9df85c7097d7cf8a1db5c506b	386916652252f964af9878dec5a639a16eb73ebb58631be9819c99d4efc371ee	9bd3cf860f47627f62fb32a9fdd912b3ca0bd756d603568e8810c02e0a19ca68	3d43c3a5d659f2cb3c2dfee8fcf77edf71cee03f349c15affa5517703d92fc89	1063245169cd292f541e80244f605ead3a61922b5f52543d11510c6c40f2fad5	19eb7321a2bea13319cdf008d28f704289b9cfc05c4f2f042d73e97bb6bbbc77
24	94943ea0ce5a8106db6286792e4f901f5ad3fb5c7797ab8289e5429806408bf2	fa447e54398364aa1345534dc80e5d879c58fd6f09525788735a407911bb4027	cf959321411c4d26ab4ed8bad21b7d86b33df362812e950b53e344d8ace48bf8	cbf7c0276a53a64771cbd37a342a5ef6e6ca497440d629358fe0ace069038586	a01abd60a9ffa4112e668a7f8ed1aa10fd27662647d6e9bd5e01b1ee6c8d43bb	d3dc1874df0eebbd05f26e15f46f2f551390d4f712acaffac1d4d6dd72d75dfc
25	4473af1a8cc7e33edf9f8eca2beedc4efbf81ee957c0063e1de3ba1eb35de722	10a3afe41f493455bc8526ffba4e328e3aa7ee309e60abb4494bf4600a3eb49f	f7748de3ba97a60487e0bada87a39906642e83e6a7b4f6cc54f15b2576fc5040	5acdf4824199c3f73a23398b062fd8ba1bcf71c070f416691dda904005cb7652	16f746a71197617e8ac9afe610f488bcc0293b881f757106fc55506b644d6737	55c038a8b2195f3a821e54af99fa35f27b2b7b1e44dcab8d237018b0174eb731
26	3093fc88257d5b453ff5162d7e1087242b307e90f8f98675d916dab5238bc52f	5461d016a90e02124c1c1fe28f8332b4c66b4076ad8d507c389e34a00e436799	31dadf4cf7ec6870249b665132cd7b26f99c6c63695beb82a46f29b2dce26256	44ec4557f8b113985ee7add88840eb91382b1d9d2d86073db5adb2906f41859d	c69404750cf834b494e899a11c85665c5f381834636e50ed71272f30604c06e3	fce98f7b936d2cca7a9268f5e16564c808286591411c51760cebe187cca911d6
27	fbcee59747479c55197eebfa794374572f4efc6108d0b9460f28e5dd1c12c29c	43f5a37c673a2f2f9df71e3fe9ae6800bf96e127659945a70639240d2e4c5936	439ea13cb5cc7267c5552d62a69ba9b64c04025a6bb9090779460533c5efbd17	8a5408f8153de41dc3b43083420c3f6eb62d8d7d3da7ff16d793f06bc14ec625	b5bcad3521dbabd9709d9221e5b7e231d792dcd81ffc47c4dc65a22d32ca048d	ebb32dfb4620b12cd26fd5ece49464055deff2e97583db0ee43c1a8d4fc64acf
28	3cc21ec13dd51257de0eaf2ab1e9b081ce33413ef5cb84f91f8b785f7b78f255	df67ccccd7fc43a69bdd29330b729e3463043e2fb69da6b14e6e858eedf5d017	42210543b546e7afacb27b1996697e31f25c9b40c6e6aeba638432bf29b6f8d9	789de30c38c4e10c10e5a2f521cbef07759eb75fb86518561d8207a85c096c74	495bea86d21845b6c285db7b4e810177f172f583a1b1c2071d6bd9097832a920	ed5aabc0dec038cdd1a4d513a8106c53e4e1f453d47a63016a14b8a7f0b58d3f
29	b6a6bf858b4ebfd903fa1c2057ae0fa0d5249fc65e4b01b26b95fa090972301b	4aadf2ba9018b75e4a99568a21d9a573b758915d6884eacd65859218297d7603	a61d84ee843e5bee750b1f15182749bbb60a0e2d6db34da7762981889656a838	da3c4ceb44f5babb00f4c2543e23f4df0495f04d85d602129a175d1db2289a92	a50d9a886e74cfed890da9e9a9cf2448abc06f3988be810661441d1727cede13	44128672033bb5915daac0f1c04339c756b985af40406ec70c9b0952980a202e
30	e6204cd88e8ae2500e46f0e1afba110c049da1e8372a895d822f573eaf31f276	fd179b320509644243ba4750708b6fd4ce5267a45b2ec38c115f9f7eeaf2e850	5a877ecb90e13878ddcc9b1ed2c81cb6ab44bc99e9d48b1595ec5b531c4a18e4	0343506c3cd8253324a7ab9c7304a34ee3db3728dedada60db3b62ecf6431b5c	c492cf0e72d20987f6765ec40a4c5e48b3e95322d9aaa01f8b483d35cd053b56	4be71551bd284f4d6f43e3f66fdab04d978fd6d4717689215b80c6ffe169dcaf
31	c6d70402f094ecc7ccf4a4727cb3698ad9a17ed47a885061671bef31656ce2bc	3c0a4dd5660b912fcf846a5166ac71bfbc3606b8cd64a90d881a2b743c357348	7e2ba01a5e6181d4587816a24df84e9979e95ac02d9aadfe6a9145fadc74c711	a0d38148f8f518fd592929fbf072ea1c3ede0611bd990308630f255983b75337	60f956a52f81a19a908bf1476b5001eef65e11cc1ce0c0b6707f91c5d0c0a134	1622498ac31570665fdaf1bf3523c1ca5e381652ed49356b2d0a5bcf534d3ca6
32	54913c4c5a9d2284af290158628b6da6b3e1dd798b54efeb2d655d3f90b3ea95	7f3f530aaed54472c9f1bf849b4f6f6c872b32c8be4d3d5f3ba7b8f0867c1e07	98b188d568f588a565f4435e30fbc1f2e4a22cef1ba1a934a16586a249cb511a	10eb2262a61db2e50bd44ca84d783ab7c50da861324f1319248220b255a678c5	121d490242de5424900536e4fb2320e8375475e2d8882728e6c1222752b0cb57	a6717204b749ba3ea01aac2e964bdef559264a543dc57e538fc11855438e2211
33	2ad0b173f0cde998ed903015b7155e2faaa1a5a6cbd8827ead3142d3971195fe	94275271775bf77a0d7634b6d54cf3fe437dfc5fdcab1f633f1d62205945bb10	229a34fc0a6759f00979ba3c7b292318f9a76207c5dc42408e6a00e159d796b1	f31aa95aa1f2bb27adf918bfff31aaf50e39cd84567a80cb4a39730144c491af	23f529a6469aa6d2753a198412f9d444e583585faf6df4ec0dc1f1dd4c563902	a2f8f23009c9ee652987311d21f4eb8ab932f7e1a236004baf512b0d307e1527
34	9facfe06e835316d005f266b06ce993f3a00201033db4f88bacdad59044e6271	eeb03f64d45198d3aab22a018a8d4be36a6c512e220aef7e0b5eb3af94c948d3	b22a748d2ffc436fab03db3b82413f93af4c03551fc37ee4f991e2f9b91c7435	3a9db28c96611bc15e341187a7bd7c6767296bc5968ef7accb7300ef3032ed74	597211c50ca9af801ed95494a6e9c1acc19458efab8502e54b5e956e82f912bf	a8b534b5578f1ad78da88a718c1ae083bd4a2e097b733546847d4c18cce000b7
35	365a9f28bc1a34f42f1b271bf4f340cb4ca548778f67e5ba3c44d389621e9d4f	0d2d4b25084121f09d6e3f448e7fca76631d56ad39a1079072154bc8f2f99870	edbc876e6366520ce1c82a8432ff049ff458d8dd15345b113c1fe41fd13a8665	f65306b32695db774942e2a117b7c8912718e1266a86c6a5f0c7e9fa62d1b944	f3d9373b76e57d556d3b3b80b8ef8323318fdd652ec750905f4554f40cfda5dd	f182a29c9556f55411e467e89f331904785798fb088d3142e36f4823a0082796
36	c548e172544622ce889c53d6701bb984a0843b5622f28bf5fac94b7c9bee9f4e	7265df2d7fde250282341257dc50b10d99655c3b8d11016421d650844b25bdef	674ab22fb208dfb93746920a7ffc4184a50e1a3893c8c907ab9fc00a33fa17f1	46ad71a3cfa3f310368b507ca7aaa005754ecffc53db6f18868071be3b2bc3ad	28e488f42e8287fcffd9e44d8feb81c08f0599b9987ef77b43814073706aa172	cd4aa9fa13202eaeb3e19cbe57b0a6b59f96dd772cb6c96ec57412a11532fd4e
37	95b9734fb9bee145c3d87dc6b86944046724645c1e7d05a709cf747e1c9df1cd	2337e37d37ba0f60585062a6308e02bf6e01acd368e0a86906241445e9b20de2	6f61b4ed5dd44450ea1bbc4aeaffc80a8428f17f1877e4cf07b0ebae1eaeac11	6dd5c18e167f8a76c95606b3a441bd9be864c139b69d309f510ebadc8329d5a4	7201c5ae62f12cfeb50ec0a97a9bbe68a05d860229e56b49f91fb628f582aa15	32b31f7f0caf0c7f7a060c01601ee9173d7425c7b3a4ad5283e349cf78d73782
38	bc9c2f35df2e58bbb94f967c942386b237488aea14daeffb67cbe4e501f4c79a	e6c2fbeb7bc32cdba6ee60518ab9569d6c0e6f13660a85b6a41c1f01a5411f82	76a8a1bae74c6e019ba002624620b74bc267d859a56b2ccc5e0dd6305499bff9	b3a777305b8a020464c004f397bc24d35dbc77755fc25fe45ec5db319a6a7c8a	010593f2e194801e6d61109722105770d27f70c0421b74b325f4e5256dee03f1	9503e482d82b250512d7d93643ad0894583ff4b0dac9d2dca068099edcf3ebfb
39	03d5d6c43f2a042aa871c4c26243748853e29e0e04252d321d3adbb56e5651f2	4429bd88da1484867e4caa3db56918991a7f7a610746145aab787ad2f820f39e	827ca912f1d9b096b805bd91cc176bbba0c9cf4809106e3e4c5756f0d841530d	08f12daa49daee299b3c9666ee3ddeef486f728bfa67fead789888e7f3d8eb9b	cf8e77ab5735207c7565d3b51f990ea51ff00a813e99de10fac58ed3fcc29b50	2a3e0fe53d1dedcb94e93449b931065cb0cd417255334b15cdef509090b440d0
40	35147716c26ac8b3b3cd8e57d36ef229f1e29fbbe5c0f513d7c69adc18170a1d	f7f7db72b139a04e3c1b11aac1f5d9daf686e5df23083b74fe911e5e14946b5d	01b8a5af0ee18c681c105ac3342179124769115506a1365ef859afb951b45dec	19a896796de053f45842cbefa140c5eeac30354c549413c56d2f996201d8d487	73648d2ce6300b0cffb36bbb32943592de9bbeff2a939e17f21d1c5efc58a609	ddf70c5ce00258cbe3a9473919ed605a1a8f230d1c5adfd3f04a30b9e37b1869
41	94de8dd48324b8a06b858e7ae6753086a1f336d597190686add2f35b89cd261f	59e1fe5a9e2132b986aeb65128727e1ab22e3f65f64a143f8fbc784ce8a63f4d	5258aee59a1ac0aa5ec4988da500b828b3e15dd0201a9ed5bf0cc5f63cbe98d6	d748be96b04073a5811e0704e3163d5199e098976cd4d9da28418744deec1da3	da7ace1e45680e3d3e19a24cec3c0d4971f096d4551b48a83485ca0647329e19	f4277c4f6618702a39adbcbcb6415c430bdcd20379db036fa090ba5ad0cdda5f
42	6863f28633ea583e8c2c7a026a5dca33f6c4d1a44b073cd3e39ffdf4bd262ae3	6c0aea480c247a136f10de1341b8c53cf35f420517a7cd2cf62749798f19affd	35662847d2211849f3dcbeb91ea9eabd2fc93833dcd09dc1087efd0d1a391601	277fb8db0b1a6fb386087bda4066bf9d108e767c5007aa745545dbca9b8b4334	622ea0a98a53fc84426db5809fe03b48f7c34f1b726ba328f74e19349000329f	9e7cf6db109e7f4441a6bfac1e4988874d62c400555933d06cf2f19242be82d8
43	ddd5c920103072977c6da599a38baada2decd6fad826659cd016fc7711cdb7e3	b5b11c9fad7810cbc4f2e96fe5831b520dcebd540b9e512a5ce5e799a0a0a45f	63091b2ce4bfcc60374e2f036d9fdf54bafe7c66e6c4eb66ecd898dbb2527ffd	1de959defa2d9c6810adb356138780bbe28024780a0696c0431fa0c6cebc8a5f	daad8a66e7ce8376c1e886e53b7a7ce8b92328e1a6862ed306ddd5ce67c0364b	314108ab78757e0bfe9ef561acdc9a8a96a56ebbb9fe3620dfa3caf70a8faf3a
44	da17939e4bea7d92fd2e11cdb94ab4ece9b4b50f627c6bf632bba721d14b2d5b	f0f017875ad373c7a3b1e7ca3c2129f171834e82f273639c178acfcc40e29ab0	7be0e92dd216dfb4ef32d90387d6892b592c09342c6321f7826edc70f9fa5862	fadca09860a31d5e7e88a7d6ac4c00b856456e1acc9b075a6e7e77f730882784	aa24ff79dc303c21221a4bc892e23cf143a6f771006e2af2056ae804de9048db	1f9cf05f736030543a7aecafd053c48c50a0fd2edd71bcb0745ebc5631c320ed
45	854310a066c57e6b970d0409f1ffdb2527c41d23dc58c6d671e02ce298456f19	9e4ab9772bc9678292425f394620fdda516cd7f493e1d0c93a60e4bf602da975	e95c5087432a8c89bfddc70afe4f7b5549a05a18a45951b6e143c43aee7dc655	7fcbe2fc612aeccf9da44a9026183f62a06baaad9f7cbf91ae09b238b11402d0	7460990c84039f25952c23dc48ffd44aabe33d582d1fd52a53c447045f2766ad	883b111ff6139937d5af73d153b18607e710e7f8b9697f0045e3dec525524e90
46	0fe819e2aea15855e0c361a3322519b37907e30f8b5ea2c20985d3cf07f2abf8	c574650b6967bf816bd0d395343ea6cf2282b29149aff2ede64f9cb7a802a403	70efe2687ae9fb75caa97f4527a78f907f9f7d96c103db972bd98279fcfb817b	9674057ebf0b072ccae92992cc9780571907d91f7eb5d56d589f4a10bb235a53	32c9526f6dd8a0f26b547e2e0aaa68a5fc127a32df480f6aff4ead2095803167	ae7d2b776ff17a4468e860d1fee615001a462574e6760956edb2be4515061c36
47	4081e1a6d7c07aefb90c389225b5eaa98c243a92c04ae0e8cc4ff429e21f2cfa	bd232a82c3ac5dd7e84b3124a3e802f0241151b7ec3b5e39346f887584f92578	e2e40e4fe775e1423f4232257b156fbd7fbc8a394e62ffeb3219bfdf3143706a	1f0861c4bcfe5c9741b2f7ab1a48a1813d69f3575d3312209f35da4f253fb809	add6412f1fe3cdea1a7d64e591f580fbb6424f1a00b2d5e428392ed7210676db	86a6bc0b762cd6ad5a18d7abbe1ba6c629de53efaa4fe21ba2174b33cdee4cd1
48	d5458739c048203ad2c653c537b6a37422d37c80808ea86383c41f56077b9f87	37645cc37a2691c5400900e8098e4074aabe27d4d422de9d13f412a5447b7041	dfc529227ceb8c18cf14790baa25542162ecc15e3d3a9d9c82eba0f5d43e5471	ba8f6dcc91d18edb4c427b54f389fc00471d62f2877c525bae6a33845fb4a252	e2d8bba5d012e0911bdb5575d35e7beb79eea8473a618d0c0b0dadbca7f25d0b	6ce7c705b27fb61b0c1984b803a52456a0526905a76066f04cc7755a04b17158
49	831cd18233f66ceae1ba744f477587e4dd967d2fad2353d8c18aee697acb1008	99e3d8a10534c4fa7a08a23bbb6a8649d965bcfb45936cda01b5fb1b9d47a5fb	eac803350deaeb28c9feffe3f38f4ca636405cc3258f8ef9685cfdabf056e397	e95e3e29a56d79869a67663e78bf440e850f3b7dd5f56c51ac47b333d0c53ac2	ed0239cad43f10f10182bb9e3e49830236bc7fce4ce892ed776c5fa78492b0e8	3f5c4074ec7ca00e0c359700ca78ee4d54f076a8e47a3ddd10616a4fd2c60236
50	dc90d2fd365519f747ae93bc1b3abb619b14122fb646bddc139ed779f31a68b7	2dd08c288c684b3b68b4e01bc6b31b939d4aa8d61ef7bcb59e5f66bfe56195bd	9eb4ce98af5fc5483c4ccc1f26462f14cf25354e417f13b063b17f666f6dce6f	bf246a49c31b244cddfbba4dfd2dabd9546374a3c9eeb4a470b1f5509f55bc2e	1a2adc4fab644f1da0b5118cb21e20c77e8fbae6a74862eea43e3f77c3839109	e37318714579ffcd82b7d2c4c8f2e8ba93db71af53ce673db922c28bd23f9d6d
51	741ecf368fa7c1e95abf97b489680a7f3a8f50a57c25ff9a403c99fc7eed2438	996a4218579a18f89573a4a2c0c41a95a5f13aca9f8fd9159f4cc0eb39368973	0f3dc7a0410b11c730b696e5fce3b429213266c85e42750b8c6a9f97336c4f57	e8560f17d570102911e92b87077b773ed4cd3aeea3e4d14aecc06fa6396470c8	15ba63dd784896176d8635188d7327debefddcb83e8cb36ec616a07cae0ab72c	d7f3e41b57e8da1a874e6968cc9da33e73c3e13b99a5faf9db0dcc943460d6c9
52	38ca844c4a7a8ece1ccd2b0b75faeb024a9754cc38ba489bb118c873ba8b4276	4bacd1e42a0ea1735aa18c3601258a9b2eab6e1f37ec933f7fa4e6f3a89cba57	a57b30838306f5f6a64b87a949650da82c54cf1df30e40a49d6c852116821456	7478c59fd0173ea576a3bcdb44e123a75235227c227842bce5877b6a8b917351	5ad531ba6c1628d820500207803ca4fc00c63155d757e271fa74aaded3056ebd	81c3f273c0a9b23ea5553ba2c28ccaad63c9c9cc4f00b45e7b7882360dd1afb7
53	c1e9cd5ae4b6fc53a6894319c36685503df5c4a58591796c9e3abba4804a1cc9	8d0a6656490cd40e229e926fb32ba91ae3c12dda2dfe00f244f7d88e272ec8b4	7fa29b75461fdaff9637a5e9e2c0fade036ac3a949015b9e4c7ded0d40c689df	bafd862933b05d399a5bb4bc877f4d7d6ea87014750f696725177dc06caa1941	6a6714b1382598420975d417791c98cf1c7b0eab5ba0233f9332001e52dd1ee3	e3b980754bceb544e07c933cde5f16380d68815ad8fa4d8c096266b2881f7aa7
54	8d8e6d8ff754f1350f7b262df13c290475e0b484be78fa610b191fc9ebb6fbed	68502a04f80d5d275d99a89d222c49726ce9bacbcc4e979077de89d832431fae	26cf3a8d184d9177cd5355f9fee6b0f042426289eca2e1b1f6986499e4b24d71	168575d98d77a330edf4093af2e5b1a493432c3c8134ff9b6da77b45c8a93595	c2d184febeea62fc32dab8f0194da804debe5a6cc9c9ed3a93b43ed3a000a21e	59d69b477b56c91945a165f04cd85237a44b17c415082542501394e15d199718
55	fb9416c724f36e4d1fe58f790c3f9a65e22d7c0d6cab7ae3ef5e70e0abd623ce	4572912190863cc5873dc81ef799af9a2351426640e53c1cc143fa7ba3511154	3b30521767b24f42fc585da42cfe30387f14f75404dbddf34dee2096b4c8f033	11c9e0baf6574f18055884c63eb2bbf02b47035c092102082b69d3b4ea7f1647	9884f267dbb1e6cf85ee594e15c509903e699e8149bb45d9194de10593771106	383aa6603be0ef44ee9298cdc318b58c50d63da40dbe901ca939d716d74ea3ab
56	04cff69818435499a6bbef113ffa45f5de109a6b745161caa0b4c7a486049d36	ae5b74c28d786effa8d63b894e3ed836579dcd05241ae314d553e63ecc3b66fd	e16526dba534ead5119318d271698ca0cd7f16199e3b1bde4ef089c50a81f2e3	e2ba62b87f474e6a26886cc137930752dec67072a2974c17a9c94442054f6c89	e558a9ef84387ce7ad18e2bc8f8dfdddef9b1ebb403e16eaa3c3c945e8c5782d	99d23cbc625111e30ab1a2db14a5387ed150bf4aad406eff381761f24efe9098
57	4d3bd0f75ea39a1b35a4db6f66f4fa0b9314ed647ffb773f62db5cb2334d12fb	efe9c10fa3ce76e8bebe47a8adf1f63b6dcd5c35cac2fbf66811a6e4a1735bf5	db96a920bf86664f628185abad61de469792b99d4308ed0d6734f23a10d63948	cd512b6cd57ee512e587b1473d0fe34d33f11a95bf42cdac7a14e92ebf736774	4c327dd4f3a46135f2ab10b8f48cc4bd53be7b2131d7d04bd0a9402568328496	2155ce56c8dbc8d210a9edb2f7125b1fbbb24bed5a97217a44f959dde0c09037
58	6326a943ef7450c85e143bb9d01ba15d12a8e8661e5765a19cef5826b849d3cb	6e136e70109ccc88ae9a24d0aaecba62008cc038fa66c8585f3902fd474c4cc4	e86bc2d265182becb18ab618c76e99d72060a87f0ed8e3c05740231e3499fb12	68bcf4437090a684bb9b36085e30ef68355988cdc7330f224fa632aef6f8e269	e42be292b513fd0a3d857d4b924a7433db6ab7da5a11da3e5b4e9dc4405ccb69	6c717b25c1271dbf099f0ef77effae3b415f5a5039541e40461a6fa3c7463758
59	281ed76d0945ec7566ca24ba646d728a8da153d53fc0d44cca561f2c77040286	0c167a2bbeb99f5ac7a0ca57f86b7923356ee79b7d911de537cbe38f31e9abf6	3ed37a66d436fc588246438365da904e27686b0e33ab6ab5919cfd2bd4d650f1	863b261168f87fd3e26536bcf77bb7d2cceefde056c0c8bd3ad674062117d0aa	3b1290914941509ab26e6d91a531565b6067c28267356da4b8bf060239b00a55	0e90f558ce592f43200a2a9082d6f3397bf3e8edff6412114ff416a85af22994
60	195b35c9133a159032649b484a61635a62e897985991d894467dc058f6377bcf	876f6e68acbc9be20bd6442562571dd81e3a461eb70ac7dea57f2114412a7ac2	af7f9dfef1f502f81667565ccfa4064b537681cd44f5dbc529e000de78bbf44b	6a20cf5cda4de15d7a27bd461bd4df7e4f8452e742ddbf5c77c7280214b29d50	1a4207210f81f36606cc4eb89bf679cfbd3e35dcb3c9ad3b536b024fbad23986	d98fa84d03f387e3ae092aa058c083e4392050c908f0ff0723165cce824e64b9
61	73bb0abb881adf370e6cb32df864eec87cb3e7c59c41792a557a2f287c89ec0c	4a827d60eadf56c301e2066bc3745d6a04dce956265ad5c2fb8fde1b63d44526	9d613b5bcc34356c3861c630968674063c94a37f173b947896fe78490da0f01c	a63f33ae379bc8fd28a0ff7482e88cb84f240b51129af36cad7dfdfe9c1947fa	04d7c8beff24dd4d3cb391a7fa8b64dec0c93e9068dce5ebd24d9b6ae59c283d	9151bb15e534f7a7550c030607e40935afc337c37ad742f8c1ccaac9594c1780
62	684a5f2cf8ce6b220e73d31ede8052a781eed7c521d56fea23b64a88b6ee9f2e	fb4ea78b68335c11f2dcdfedc570378d56d21226bd75bf61d46233a0fe2dbc1b	0d3cc28fe917d48849f54797141c54ca4fe6efc65b8c44d3cb9ef3b01f949aa9	ad494a597a905b4b85856238c96e8d5ef8648e365e6ccc133c754b5e9b2a9526	584e86e772d3dc98132bb2ee9c91cd9e5e1595d4df4b66ece163d8b0936cd8b1	00c927e7a5a22f99e7ebadbc67f8b6c58a2ee8bbf660cb136a05192d545acf21
63	c49149815f33129143238cc05a5c0c0922d84796ca32caa1ec000841bb4ac3b8	f3aa03072762c055f7ba4c45bf881bc229e2be9d0ee41bb62763b2ece7fa3d3c	26e55982ab43825e6ec10f4a7a2f0f40da8a641bed3c5336779b202e6f89bb8c	dd30cb6131e9126d299f8fe73a7470b93f4d82c0e511f2dea0519c84d8ea9637	29902ab5c862cfb5106a19ee6df273a409e18c0c2d5835256a7059ceef073238	e0a97927022cb062991e6c6c8eab0b01991fda815bf2d2b0746e34b874100974
64	c965c82b8a2c4342f995cf4b68247af567ac5f767583ca2eb83bd16383b81417	752d840ef66bd5f27562a29a4b323baadc162cbcfc02bf42d8b5729496fec356	56000896b396e50cfd105a66d6d63b4e4b97c9d2186cf75ab1d159fcfaa46c18	5300a83b6f44d14b598e6a6ab6894f9ca48e1fa2e014da2e214f75a71bbc361e	ec11e2c178021c3e8cc5d7123657718d4a991cf8edc8dae0f20107ff888efe04	07b630bfe8832b572bb5adeb5d3c4ff508ec4179467d77dd6a677afdc403e54a
65	c5c6a87b2f6397475a3cb8d0d862301ab9e90b9511537fad185298e174277f96	9316ada91b2f158ca662ef29bb1672583d6142b920dcd776452c948cf0050f57	bc219df27e5a845c7eac5c1274423327e8ad3494abc5b96311ec9893547e7401	95057fe6ee26a3821635ba3bf07a2dd3f3c48e091d4a4f911c19df7616a3c49a	75b9479e629e8f1516145a23547882d097b6fa07bf3262e7adb103c8e25f3904	fcb6286ec788dde249ba7f78158a2cc96357ab2d9b0ebcd68f529ceaeb50b9c4
66	523233755daa7b2fe018d76288ee07801ede72ae174ac63ed5290738f04cf73d	bedb11b83890243a56946e27a11bcabffaf97bcfd8a3e98322438cf29bb664d7	64e678742e70f0e0246feb45354abb1b5d051e06eb76ab55928e4363b1ebeb7b	3d5a5061f017c13ac3dd9b55f54ec948a033929e1d3ee231b5ae118dc6f3c895	3aa3ac9453ac7c8630b6664cd6359eb40341f47790689bab1fc6d49378c92c3a	e9715e458caece7488de7f32a51e8961cce7e45ee231a2751fbc226f43dc8157
67	8d60f686ffd05180b0c84b400464bb84a52a2759abc6aa08bc50238d5e40e107	251486a0aa36757d048973b8f1fa21c986c346a7ee4d8826653a1fb16468c2cd	50c34405b16d5ec7f189036c449628b188636b22a7f91ef34fa9d731581a908c	bbf000c5cf071c2a45e28bd00062c4791f6e1e164f368abb41cdde10cb50088d	0a85ce13dba62fae8800c7d593deb7140592778e830eddefbf673bb34838be52	2b17f5d6876034e9120f256b21fcb2918fc161dfa8af0b247fc9aa9a39c82e24
68	43366308eae19b15754e0a9ffb2ab6bd1b2417513b2472095a32553bb95f83cf	211ee5cc53be846022873d8fecb5387735af0c96de649e83026251b8e70a13dd	35e2d99a035c1dea4f63b2bc3d1c11d59b50b2ffda6098c6a5a0cf697ea0164e	f448429e3c52f7d102172742adfa1e3d4bb46eb045dbc2f9d945201f33a5f881	9d9e72465e9fdbdb2902b856ae54888e2adab6d519fa31fc5df63eb3b7576af8	a9e37b6f3cae5e61e7598ec92bbc4326995fc892356a282db75cf041ba58ddb2
69	7537fd5e2c7e2e867385cdf60fead2ea83e74222f1658a22806933b99c9c5cb7	07907c1cfbb4b35746c1574b8ce57e9b1cc6b8d2ec05f0c7c2b50132c7c967f6	4b3af14649a6d3426977283ab5f572a60dc4162d71f419ad9d9cfb736e9c6068	0b6a959814f4803c8c6d23dc83aa28ecc8525f089da2c59fb2533f1d8fb4563a	144ff2a3f6574b4d68ab610d21506069b61c2e74b931920f3f971445120d58e0	c5c470fd17e9ac2db8c122b751e450f89d7943d9b3e615785c809956d1346ee5
70	3b23ca82296d73efddf375f6c54ec5d4e1484e485ddb03c56d9df5781f2300dc	32e504b3307d18f60b54d925cba5ba746b9dafe5cb4c89f6d5061b8c132bc0df	4fb8fe7fb8b40ef36a36fc1ab798372e4988333e95001b549a10cc2cd2165542	e6b2805b43a683bfcb4689ae23ce2bdab0b90b08fab0d65612e19be3901b9083	affc75becf55f34d0b635f8d6c0a8b966f511d500149a82d01a0b1ce21479dec	499c6e33347f22ab9c6b8219e8b0cb898ccea70f28dd8403b57115fe283b1d2e
71	cde446a3c0ce2dbcce2fff5516a7cd74748a98c663dcbe5e0fd5354e9ef56ade	626e1dbcab3ac7221043f3b00ec2a99e0b7afcf4689530c4c0b1e53b555a269b	4633ce9cb634f4247429cd2b43a8340ab45b735f58e3bfac431db6a09e4218fa	67ae626af5bd00158523957cfab2a0ecb94cdbce05e29ab75b540ba6d5da029f	d764d82f4329aa71f649e43b5d1d756ea70bb3385ef32e55d8201b7743c70a99	2f92a2f65ec678c79e2320e69eebda5244f0cbcba90800470f98531869b6cc41
72	ac0646cc1b0c69331161968107c45f3998d62b8c49273ecdbe043a1ef090dd4f	7c27120be08591ac14a66b4e14daf1d8e753924b016eb7deaac52d675f4c770f	f245101357657469740f8dd5931908de70380322dd910b563e38ac63884053dc	2036825bca6cddbf3886d4b39ab93aa5d4559bdf773f87dc6be8e20a27551701	f029c3175195985f87162b92f7ff7ff04304837017644fc9fcb6615a690a31b4	ac5427e4048ae3d7dcc4eb8e65ab0961f04d33c711c128d0b4db7867cf8f147b
73	1ae848bd853c4fd9fdd45868530cf7e0eb860a48398c6b747d4a292d5bf09408	a9c9a8a7a8a3d3cfdc55ed735873ba7caeb007e84daca1ca3bd704ff12600b85	be6b4ed322277e96654edd11a895eee05de20c0fd4c06e4444a3151c24f78cd1	8bb64bd16df27cd2fd5abe90bb8b0396afbb4abe8cad7f583d2559cfa63c6bf3	fc08eff8db1029b679f0d7e993f1d8ae270ba5617bc43283e529547a6756adb5	842445e151399f44f2a0267081fe7c4c108ccc0ca4fac33071fd04f2ef1201bf
74	9aaac65c0e5497d599ab339b5dea7ef70a6572fd8eab3b3eef812278122b6bb9	6d0ce592dd6b1a82542c22c61aa5be76f4a09c5461bb1091e5d2faf86c32e8f1	3393dd9eb27ea01e561bcdec8682643c8ac549df5200d95512b7b6d418e0fca6	2cb54a64e15785d3d7089c5517d9c136f86290a103a1bb84265646e82e782f5e	4e4864cc862715b32a5223f8fc4516f4caaf55517a92632b41f8bac24b3c8ee7	0db663aa56764e7ec363fad49a98bf58a5429db794a089b5aa9a3931d98e8eac
75	bbca12ade54959fc96b00e83ec5942e39cdcd3d2c5f9120c1f412fd1ebbfdc05	c34674ebd2bae18adea0ecf483d07fd0b323f252b43caafda226dc4780b51787	08df8a911c1d53c1c80d431ed7b7437f58ef52232469792e94f953af82ed8bfd	57d8e45c6fc1cf06f20c8b65655a4eab55a0f8f0e761e7218963e8a01469c773	de5117caed30fc0da3cd5a9dbef8324678337f9d7937ddd4aaa45ff2e45b40c1	798aaf73dda13a5827892dee823f681e734a923922f9b3a62bfe2f5374fdce83
76	f80d407c9e695793e5fd1be52335c8b36d4c215da58ab4b2676f5e68c5381a65	947b92898c0dbf25f824067ded3fd991d849531a76ed31139f45a83b3f2ba929	73d612ce0119629af5d5eea88753453e9bcbd54ea9a07c4214e2933701ddcf14	54c693e2a1dd87d273212efdd6ee207b5067b0b5576792d9ad353533aa707217	b79e3639abdb7feaa560eac692f011384a7e1981fddc7311795ad044a22d884d	7a991bfc4c33ab2f6459b395ce1778712885fd27160624a40ba277e52b27c52d
77	80526226e4b9a204acf76235b7f4d35e09973cd9af02c4a0b935b58bf670c11a	3e95bf773ee24ec668a060ad864b56b56a532c05573101b0199bf46c13385767	b425e637b7a8f46cf0aeedad37e103f21d09ae54ed5f627696058c473e39277f	3e322de969f21ed2f854982d32dabde8a200a7fb63234333424268814d5d0c36	6d7c29d52b79429949b84ff73e0ae52e4af793f2a3dfde1aa69f7a00e0f837d8	a43d0025f1317c71f8e13237bf8968d6a50ac02fbc81efd1a12dcd9e6c70b45f
78	ce9776aae267b17e55706cd4248cd693eccafefcbd6a935bd0bfaae9a7131a06	8e2c53e9efd7be381822d6b5eafb2e5aecbf52d59229d31f9620b52fda8c169a	9592d3045f34892b044db977cb1f2ea97e0ab7b458c25788076400ffd12fd732	a803746f31fdd2c1be29bcab3724c8090857ba776794e40895d61509da85b82a	04d251de968023266a0ee24d88b9a525a3c18421c7aa0ecb4d0fc6205b1e58b1	c7d510449d34cde654e5fe4f368ad51acdea2d84c30be76f2fce178cc53a06a3
79	542e7c348a1fb56eebd61016dd13083f0d241212afc845724bc8c3125e847ba7	ec72c1f5a641d1cd860585ab6bee63c04bdfa8cb11568897a3157367ff6829f4	ed0ec863d011960fc27b37c8ca3a3cbee9ac610e2fa6801745ef54a7984809d5	0f5b0069828015e37a68f74c4d88c5d69fe732d0cd7b79d66d858435e94d8e94	109fe9927fa7e01919cb9790c60713ef963186acf72041bf3edbb8ed341d6478	f2fbee3746cdeedeba322812472c7b961e63cd082ee62517061ac3a491e8d5c1
80	23c72b90ea6aa898b79794eaeff21b80d5d4c164f86df839e28374b990751724	8fd077bdb0c7eb1e3be90e70726064cfd2ce7a25992a06e56a8aa3e0fdabd93b	3a8d78b8ac973b407448306d4f87adc422f27ed96207af83c6df31d7523104a9	5d5a528565b1b99753692d1c51debcc14fc469cd2c3045a26c96f5813b0a58ec	1c6e9845cfa59003fe26f94a29155dc46808009449c50c9557715d732f135b8e	375440045e0ee9846678a07bda3354d5957e9acc54bfab5077b4abe7eb47604d
81	938987b89ef15d4f80a5a1102ca3f925ee80c614d02524af46d91be2fc7b1e61	0324cfb1df49b8a6375a5a432d13f393420fcc5e112a182d79148a1eb6e5e2fc	d07e2cf456e4fcd17ec0633b4150c5dc435185cdb3501bac15a8061de42b0b32	51af76ce2cbe7fd576622575f05c78fd657ecacea65de563cca8cf05ba5e1194	b2f77a94332a6b70f56ae19a3d6230036e7235e3bced6ac184606bd59ce75dac	b72a8c9b4c47fabd1586ced20466c66ce2ec2d89cff5009000c2ccaf0261fe86
82	9e6152c8f2cf3a1eb39324cf19449fd715ac22c5d31211ac48d4fd1cf8bba310	611527aa1e12a40ca1b0832a0cb80bdb103201538dbc350c8d259936eb193671	39235daa061abece338e4debf2e09786c8782b3fa2222fef1bda37b3e1916f16	7b08c0f36040e83dbfc2568d94db8aaee846feeb1fdd61596f08a79f03b4b76c	7d2da03016bbb214944c943064664ee55d95d536a331aafc49ecdd1015646a07	c3eb617203d6fe805e466e512b83659e0318fc74b40e1dadf331cf1cae063252
83	59bead4b8d38404e606ced255de0061b853a6d1592851f4463f58e7227e1ff96	6b53d76be254eb85a051268c4721c5a115d7b6697b26e85c8d399a80bc793b65	7c39350d6d979beb9b39a34db5cc2230fb4247c4c4fb87017ad07359f718f633	6e3a71b5497349261e3fd86e6b9a96ca313e091432b021e9d01858ec035fb972	5b7289aca07a5a2cccb60af7773c8b3b10d6b434a080972c05ff822cbded1a64	a4acd7490ea012b2b2ea4367e1de38f7f459c43705e9a63cf8d11c392e826550
84	9dc995370b21e0e5abe9fd423d8b96d0ed87560e8e567c0371d4ec8007c6d048	357ad967c4dec0aabdf16f6da4e142bf71a093a0b2e316e737839214cf9785c8	0bdf70a2ba906574e4322ce9881bb1fbaf2d7ce45269eb2c578cdf601fa06b25	21e66c1fec384b24cccfb868c5df508037330d78cdd4b1cbfe2ba53d9a145655	46dca36edd1e549787feb207f56ff672cd275e62fe7c6a6b1b492770231b0355	09fb54791cc5c8f0f65d9550ec8ba2944c390a4292b17928bb0d54ed0e8e97f5
85	31ef591972af8fa366207d491a06a74a8fd94c121d28cc9fe8858265abd6d1ff	86c7e4121acb3aa36ade4dad1f0bd9a8cefcfbc032af9a4ceabfcac46626092b	2a964c2659cb4ce4e3f3586d282b3fc0d366d0b0518600cba8afc8b75ac82397	873165a032163c84706588b6f30873b0240c31398bb715fb82515fbc542c13c7	2652253beaeec98b726dd9bad944caf1ba73a7c8979b7a132df8314605a770d4	857270a1ccad20c61e5fd534536eff81fe42a954811fd8f6cead5fe5cf9be8b9
86	0a2c4a950d453e161133a1707e784fb08a00bf1951d367e8b8959d83ce4b1374	df1a9dd9ba4a6bd24010422b358dd31d6e39d35c40477755f4b3d7fddf90cd84	050cc3fd0a9595c21bad9d3d5a8e148cd52d30cee0cd64d86ba6bcad1ec16a31	2a04857dfcdace779fd1f4ded7ad04a70105f5771d17f3bce1bf8f792aa848a3	d5d7991d0c735d5786ec7ec666048ae750230af9e8182624d5a67248210e7ab5	0aba426c6f3f2441c4c7ebf1b9d384d514dc9646513eeab3cab27f0087df4b8b
87	0d3b8b37b0e77e47ac4f236a1925531b4bb06d841b2a758568bbf2b2b94b45ac	61d1149afc011461f779a06351ac52ffe5b61ba19c1f8c19348bdc170c358589	aa34dc608b89c79c68d5153942db31a9692506591f2db77a0f76fee991d6740d	f85bcfe649c127e15249cf33a2fd49a94d823686ce94e7439bf8b52c8884e8a3	743d7e4452d8078911ceb512b2deaa57d7c0255671ead06c6145f035a55d0c72	88f432f96fc085fe3c0151bbb6bbe77822d5861ddf7ac14a932aa4d5c82ff165
88	8cd3a0791c7152eace7eb4021b2733226d33f6feaf9f14f7258d8f92e000cf0e	a46f7d31b04f24b61d162d2bf6a1e148441320a09df7f3d8f4b8e68e380e7d5a	15c1c97f7dbfcfa530ab1482d61a175a630975006cd9a7b3a1b5fbec1c8acd20	f8f24b63809e1c8232dc58684e4537109ad62367afb3a4438fb9f4ce9a203f5c	f15d74c3b9b2e0326596bb7130afb374228ec5032fef1fb06397b11e230c077b	9d314129ca5f2b4bdb0e79483810c2fa47e4a0d9fd2424453b93869a0cc11b7e
89	9cc2a2002c05d3a6edcc448d05952bdef5df9d5dfe54e15da56b941b7f194be8	376b71a45476aabca891641e86cce61c1f226038f112aca35e6cfd6a720dffb6	d5ebbfb0602966f417b2e1a42537acc55b836f0e833b463531651952ceaa7617	5910e1b5177dae9e724bb8d2b9b25dde95a3a40720922b3b4852a2fadc41f69c	b20fe71c2ef44ce64055c3c9f047681b444c0177dc516f973d82a9879c71b81d	437bb1edc2b1bb43c21c77c8fa05040633d10fb137a7dcb75f6307c3825a2ea2
90	e93f94f0528aee9b1da987916b7e125a389a69011759802e80313e17f53a7526	b539bda36d6f02eb5f697a78c4ff6f07cccd4a9d6ba8e00b75301882f79a9730	8263b45a54b00ec68503b2af12cf575d7adbfc59d952859f43ebba7ce58d7f99	241cb99a8bda2d442294bc5881db8a88477d8bcefa8172fb3549a376ed0a790a	cfb496696450fb114160bb1a1a17ead2c354a6d8778cae8085261fb9282e8a25	d4e4161f904dd36b47c93547e19c686e9e7f987dc80b6a714e5e5c3013837d36
91	0ef3d8757be5aca62ba0d4d98f44477edaba2a312a18782db7220ae4346875c6	d5c284c44a9e8738eac2fc4c8054e66355eac27a933d8585a4cd57d998f80315	bc6df47a5d02c7554614665bf906c2e38b0179b3b18a6b89adb4709ac3f7d8f7	a147317df17dbc6275f21bc8c5ca0c212527479e4912dfae3c8d52627b1b20dd	602394ea2cda6fd8195e7b0e7ed8e94dc49cd5c0f8fcb438e61476a36baa1598	39759708d4907a7ae63d370c8231ffd1e3cb066867f8bd7ec0451b37c3c9ace8
92	25a05593494b1380fabb1798046acc574203910ee5120884a14cc7c925559935	f9ef90119f1e041ed9382814715c818234462db044a0ca21948e24986a6cae5a	41184580a3330511da85ad6b84b3b50465931997b5c283f91bb06a9cf8e35f71	43b8f02f82fabfd14d8af9441029b984b6b38ebef21fac70b89c0194a0870f9a	09be666df99bbedb1f3ca2be2bf363b7fcdc4d849aab83b48ea7e415ae07a112	2b624323fc307cf1e40802df3d5dfb82e175e3bd4601f246400be88cf0dbf5cc
93	925d23b78dbd3c56c9c4b144e4570b9e53d63e3a435d2cf604a7d02191404d2a	9430c0618f8c308da37a4f4f430f661c6f81dfa0b859411b157d7aea01a0805c	c681fa83ab86c5f77b324b79be236fbf61c4d4da98905267e735340cc8625fcb	d6acb91f8f0a50427e8a97450e1c53932c24dc87bf38096b39c15ce54bc66ee3	120df978b4a30857018f227423d291bb77c10d16aecd1824fc365e14fbc874f7	9c4e4fbcfd6f9c50d64e5463fc9ca84dbac121c3307de92c97f8b338929c9f83
94	065dd40fa0ca1b5e4d368b6f46025af482a4ff70366f965cb62fb14ac1323bce	79c6e9223be92e909fc16dce1cd9cd20c56e65647398cbff00127175a8af0f2f	3a4a1f94d22c6c1138c3946d725e1160073195fe8c0b1fde27b8d0546c0c5367	56594df4fb3d2c189e91ffe5ce2be3626367ff596b66e1a28c896cef79cadef4	c127f023e2a0c6516624b803b4fd65b68adcbc5922399ba10dc209b21b66dc77	735a3903094680f797dd4461a0c70fcb6fc801b52371dcd857f30906c077eed4
95	9d0db725f85418e67528f75ac8238654638d17edb642d9df12265e5ec3418dc1	8e1253768794cbb0b179396901d8bf1f866bbfd159100abd7f4542ed8c81e35e	f1af18af1ca9da6c24b5fa7b06eadd766bcbe6b7f0204813567842fc952cd3f4	ac51d2c4e5b399f20948f5e9e11dc57bd4d9bce8e4e8d33caca3560e6e28d4f9	dac6eba810963c330d3552ffd0ba87dd1d5c32d7db634c16c7a3db9a4efa536e	d25570ce898785099726f0fcd14d8952f34b920e5f0f7df1ed2873e4940b49d3
96	206e3144a85b66604c4690e2be3f99c78127b946b37c4fd30f47985a386c1609	0d59bdc9ca72500333fb840c1ee93abc34bf15d98d91a2f328ba5b5785a83005	bd6d39dea3073442fc3ace61b9b6b6187ab5175deb6957eff10d7551f931f785	52e10f6a08fb2c3a85781843f1c68a6abb46540f401a35e1d7f24282d16c17cc	1acfc905f5bf480694c378267f99c42e9ac36e425f51ad50b1091c308005c1d8	490684f53dcddf10c921c458041dea2afa39e4a8e12bdf402ac708d79e22f9f5
97	40dcdf5ba9e38c8e3743857e2ecf7c9834da738875b4a1868d24f5428e75d060	5a428d5c58304199a0b0699dd3814a76f606620aed426afaaaaca189e58d4b5f	692f7674369788e33e9ec55d311d17a8cccbae191ef7a10ac9798895c6a99524	e8704525a8f03003911f9e401ba90ebbb84db0831e9a52619a16f02666c019be	7607e17c39e44dc0a9df3005f01165ea0cc7221bc6394884dd24a8778149ff16	40e6e44bb0e41503c087a0f2dab890fd8339f083c6b65b21ef5ec36d6de60575
98	efb87ab9de4b79fbb3395e08fb2958c9d52348d9c8a719a41926f76a243c1088	bff3f373429f925c3a78c93ef14c00e9e0aea5f53fe25cf38b00724ea02c24b1	0d76c841a93d90067289c160be45da2c723e83aa4dc1f88b4e2490a3953c92f2	c7337a8df1d86a6e4ec06d454c92fecc07510b76314a784457db9b1a11dc01e8	fbdc052d33e2bdd9a821a817ead11c694510768b79531739411745154c68e5c5	f19df16059c1b23e0f7057778234ac667c6a7cee0e282f40fc5f61d55f199b7c
99	909a309eca33991f847ec200f6c1c127d7a1f8e83c081b30a6142443933d1588	f9de8966b4e455fed4c81b98a4210ce0d9ce27f1454030b10e42c6eab168e60f	6d261af56579ac84b0a6bfc922369fdb33b8b0fe1412e1f4dab4d13a1a3ee7aa	fbfb6585f96ef10a4732a6a7795234c1aefd823e3085df558e1796fddc3c9925	c102ed23d7bf2d429be2ff88e6426badd1b1529c142f13ed8ee139eeddbaa623	a82f1327544a45f0f1257638b63d3304538ea06b4d4f996379480fe986f31d82
100	f72c9cbd308846b17aaafa5a301f4d3992af6ac71bc22ac80b5d80f12cc96348	3c27f49de41f37f957aa217df38e287357ecc547cbfebc97a15f9783bf762cca	fc632900d5fa9aaa966e1531d6847a4133d469bfe6098c666383efd3f7b504ca	da33660240486eb75ffb01d9d57774001ef4b6bb3d9ab14c1d739e1dc6a4e1fb	6d03646c68bd75b9edb47a61a9f194fef514a6be464def4eff306d21e8ded8eb	c2dbc90fb56352f78336ed66e5e0188c859921062d61bd2ec3b9afaec2f265ff
101	d9001d95eb739ab0a32edd164d9697520ecda018ec8f892f4a1af67ed8308e5b	a1570d0f2217e06d215c446c6cd4c74bfffe4cf0c8aa04e5b2b342b3ad21d699	c2d04e785bfaaa7ec416237209056f7316414f29fb542071d32f0ddc52d12fa6	eea2c61f9be9912c43bcecb00b1dd1b7d4c65eaeab5f8beb7f85aa57908cb7ed	62c5e87091c729927b1f50857f88765985ecf3ccf1776148b7c576cbb6ae5d57	ee25680d00c715600e88faae907157fca79432d109e120703c78752caabfc5b7
102	059ef81dde005ceb06512068bc02d3e1f0b2ab6e978ec16f37a1feb421506d7b	9575328f7384a615475c25f3bbbc041650f3f7adf8848f38ad7432e9bb9f5fbc	9b560eb72ed23726ec741ee68c15eb58356e22eb2294b738cf953a900310f0b8	0f27b6103bd49e35c2497749a419ca13d3afabd123f3c4e9272327ec65e6f96c	145acfcbcf522d52a5e3c41ce1a604f5df1fc91edefa41e8a028a12f8a15e096	ae73b727108a5039d7a2ff9b05acb88dcf634629cbd4dc3d5b830ba60475c7f8
103	8032f559ba5b7666e9c2a69b55dc27d8eeaf50b49e5e2dd0353ea443790ea72b	a9e1d6b770d2452391d2498670f03f146c7794ffe09a5ec971b8e632135a1eb5	9dbd046b36d8bedd2e428074f6885350f6143c0d4231d8ac2a6314b8ec056288	aeb3be0cddcf5101c49e33363c75480e6a3e1bbe159c3cfd5a34dbd9499e7091	62000d14b8fadf8e5bfeaae7fb1d8882eada82d3c813ab759ba2a9d98036837b	de18ef87dc372ba0723b6df731bea64c458bb5238355344139d191625a637ad7
104	129a961f76dbdf87b01dc78b509ff85efa905383aafbb04480b50fc66857ef88	2d31157c5cedd07eb903878e85a4ce096bf6db31875b88adce19e403cb013255	558365618d3c85154cb73d040136a0960c5415497a63f839a672fdb1e8c0139e	cc052b56d53f2b2a2936c757135a8a1d5255b67944cf40c9fe101308417c067d	0ea3d1d4b77d48d0773510719739f90e1018bce6e3ee6b90809692fa080baa0d	3a00d6d8a930f3371afec3220910c18e9c10df0961a8db7100367f420420e462
105	7ec2e0892fa9280cb258e567af827de9b77452236ae3f3fe144b3b64d686b7a7	f8a46fe6e467fa7fe28d47dc896ac77323690f9175fcacc8f5f5ee03aa5fbbf0	3c4e3b952f6ebf1e4cc9a116693f07d98f48c0a3e483f6286ef7a59b7cf32629	330b65b86621e2c6dc8c5fd276b2fbd96c3fb3c1f1a6458fec6c9788f25d53dd	44b421a2a9665c2e97710c7327421ab3b03b54be65a4ed50240bb9a5a9b9f430	f6aa17de06fe2cd1cffff972fb35889698cf1da50be002b3474b329175c9360a
106	37c4f54cf36e947466a94dd7f58def6b2fda258816314621b2a52a3066467e76	266fcc04bd15c4c98e464d4b7a617d32bd16caeba94c559b6d1bb05d7823cbbe	12a66cfeb3e14bb5343224ae3c7984090f2b3e81a171a231c4991acb9299bf0d	fec5bafe63ce66801348273c6e7da89a49c2f2b173f009d34f8dc828db7892f2	9ccca7ea183da3802f4ac34ecf95d3adb3dc1771ca23f3072b5293dc607f3d7c	f200e0e0db99cc58824c03d7332b5cd8aedbf43c75c8152d626b3e3ebcdc1b67
107	575fe068de4b192ac8ed5ef5a55d27ad38359137a71f60b9a175f9d520704ab0	b9cab5bfa25be85e122b21b46de1af4c5193eec3702c740a9fc0220a863a49a4	2a0966892cc2fde0cd51daedf7779db4a8108d7fccf07a210adefb98d9da0c88	d47860dd9f64d6387cefe5a38c7cbdf447d6b8110485bc2c969a69e306ac7705	02670923c432f02304f84ec6eecb48c9e3e8b0e555a59a8ad02cde1f1b67ffc3	bea615e79adb2be026ce44ab73cad9dce35b23956f5047bda8c367f2eab3b40e
108	49f4b2ee5fe4068fd56b0b1fbb99932e21b854fafa3f50976ef040697467e2bc	7303d03f6f29be2593e94dbd0025f44ca3a98c67748bd27a3ce749533c22aa3d	cf6c120a7d4d824402414755b3a923fc60450d2c267228b10394ac2fad0db0cf	d6533c9cacb20e9def9f504b7f9a084b44b47e18998bc1954e7cee13dca7afc5	e0f61b93594641359c03052377a6fcc72f17c1f43cd1037b36863e8bc399599c	69d51bf7164ffaf75566c18400fb6df5ba299ab0bc05c686081fd5bae528875d
109	a72825746051f0691f3cb5c58c460a1ae32d92a89e61a90219d829bd6f88da53	206ded11b1f9d7ba60330c32069ac21e1610534ab6eaf31110e3629777a8dcda	0850ec41f66b451fc3f576be724238588e93b00f7144c9332777d11e0908ffdc	11712104e199a42c384fd0158fa5832fe5561345279b8b0b50885263c6e22021	a2120a07a1fb3b3c635ffea9a2585e6b8e3d528a230289e2ac947a4274ba5e5e	588ba5396166f5d9e2c842ecb7148e938a4ef2a0be1e5c2930fea659f4b6e720
110	422e91dafc83b8718ce9d1ab8ec385ffd362b5652863b29e5870435cc9eb2ceb	52b975a326f4ef03727f9bdc1ff03dcc32fd77b5c24090a5291ed661f7661e40	83f0ca4fe654ff94446677d494c73c524b1b591d4595289adc1145c085879c0f	729e97006114868190ace85de4fc199a7ec526eb8f59f511f4a9f428abeed928	0496852820a81240ff1c0a7fa5d3ccd0471e7bfa76fdc016d3177ac5ef1477ee	78461b7c99574082624ca63686fc39627c6c310ade8ec1f3a1c04abeb725b6fd
111	3b141d1c84c1d9fcad37841a5101eb3f2275fc0d14d06364c9fbc78714479abb	d127eea4825051eb115d3e6a50961a061f199c8ebb3f8ad48bd0f60809090fad	36ab1aebdc1a08448fa2cbb56c4d4c1cb1c3dd115dbcc4b6e8a19d5c00881635	002d564bfcefe95ac5b47119f5cfb8a788870ba686578ff4732fa82bbcc2ed07	fa91fa59ce55e755fdaeccd841517c6fed47fb66f34070ecdd9b74472097ff67	72f12f2bdb29a7305519677d7b1d1569f74e047d48fc977762634f526953b847
112	0654c365e43854233e6f2ad6ad2a7c87387c5e012068d7105a9b002c8443fab6	4b577522f8ff416272e90de8d99c6f5a1d73f780231ac72d47d4fab006e1f243	6fc9a41dd1be1197ca2125e6c3c4e1a99385003b10c92f01a54bc87db5d14777	41d7d22b3841b35013f98fde3d63f1a9e2cc96225a46947923bfdf88d9eee65b	e88c12a8a782b46e7edd7bb4f913bde3293f444fe7ce50e7259d137fd82cf9ca	a9fcb389484d01d57523609a0ab7f1f53d10309298a7a23520bcf1c287c499fe
113	8385615342dcfee3e761b0b0a7ad19d83fafd05002d642333ad403b2f0d3eb7a	bada24e72bfefb90153cd2c1286b339af36d6b486e96904e440d461b1da1a79a	7fd8a6df87a68c820bbc6ddce15f570f6146a48f5a57f9e6288dea6ea631dd5a	e9cf789a90c7e9aca9b04c00338655931fcd40b1e9099fe3d607b89c556138e5	55dd79c1d19d8246ab4bcfe0dea990a1d9a823f222e79960bad21ae7d8218d44	e471432c60a4cb361ef71f48c15e2f399b9de46bf3c851a1822ee200395a3b51
114	3354b5f95f8535d768567349897dd2ec450e4e20f6bb04c61528e15b79b2d72b	3762b0a2022600dd5e41818e4ff6540a6b3216e182b8486fa620e4c6df478933	3b0c381dac3e3e89030280a031ea3cf0ece23c8e0f8a6b6bafd8eed3351bedc5	396c4384e0de1e3b218388dd3540270136f026b8289015920a45183782ed253d	88e69ce5bfb0dc12e2424dab95a0873fef80e06eec7feaa75ffe35323a1b2ec0	4226746d673584739ab388d97d39eba7c1c579cc86962ccefd8ad7d0af596e83
115	dd7a9bf663f033587d0b7fd3fb60a705fbc6a6b2b06efd09bcdab1c3fceb491f	32eaa5022753aa0dc4d351b4b71b5a49e4009e0c2e93726751c1e862deb6b910	4f99288c7e5ee96de61b2072eb99ee74351d807e22acd54e6e225bd1f4067dfc	36654b0b0e150c452a1b565326c31e25770260de9e5cb5264df74bf8e79a5f7c	c1230e87ffd5574837e00fc794382dbc56e175e497f98f3c8454a593c4061adc	20e85dde51aaa62c0622413c797b18ecf4c234d9a9f37b3863cee716b691f46a
116	5d00f422529a887618edcf13b67198743992c258a34cc199acd08ed4d4b4df53	4d1f4dced83ade8131e4905d1a0988a6353ee37a39baa936a683b81bd88ab2b6	8ea68b7cfda1216fb4501039e6806d0459fef41750ecafb481f6712e7e82539d	b09b52f5fabea7b9a2837eef3d69eec916e7551406170d2575951746fc7c96de	e2d9d27d2c207dfcd112505f50e58e6a3fcef94d37ddf1b57b94e8f27ae43282	b7087d8b28dc777d78ef98e6099256606ef9019983a5540fde98384f2704bf9f
117	8fb5d28b0ebc9f016a5eca6ef775319b73b579ba32407a897137c378845f3d3a	5b753633ad8e5712d166c26637b0e357fc4fd2e7d0a5a07ae3240cf2f3495319	9935ba682e52b2e0fa88a111165fc7b0b0b3f4e8cef073b2ec73fe07969905d2	0a862d5f25a8a36f325d3e2db060d47e6bc7c9bbacf7b35470c43391b5697082	5697870bf0508537323e0ba2850d2daf09ae71972ce000ee2c3ee2762cc47b81	f2de798345b1935f9415f886c70b6eda078006e2cc39af9d38d5906a36740d7c
118	32dd491ddcdee1074ac734da1b4d73651d59046dd4e69f236498560422bbb5fe	2cddeb9a471c6e61d15b8473549546736a3f0f8de822778541e2f30dd8b6ad8f	7c3a1c82c6aa93ff516f3b6deba0cb4f58093c7f3dbe1c49d790549288bff858	3832b1ae8d13483a035f971eaaafbd108203687f80911dcb70e58e39dae06eac	f3dd1f7a1f2828208a9fe89686893fe41fa3a1ce0c9bb733631787e696d64672	6123ae3bc1ca1cae493a4a17824645e9a70bdf07987844b5965a0b36ee8b97a1
119	ae7cce9e2858018678f6729257f58600c21f31bd5936d17313cf67969ebf8449	d76afe8c6d83cff25b6315ad64c20875f0fb19b7f03dc404c4c0589abdb03242	008391f0e371354c04eb3f53e42b9b671c886257bd5d907d7f910386cc4c10b8	e599e17e6c6d4cfab12fa0658ab84062f984451b3961eadaec1a6e9379ff8da3	db3b75354e7d33ec62fd1bf43e6be7d4e211b4e86bc6662cdae0fe3faf3f341d	b2f05cbf5b803d2a464088435dc42ab49d1935b2e13a26a6ebbcf84269a4ad71
120	7d6c70300409585ad7f4913486575a9e22bd7d589df29c063fae97630feee4d6	f024afc875ed6be3127f9eec05af868248f06d3c7839b0dd18ed087b0ce23aab	98319c165591a7ee885a7e649773644f8036689468f1109d68104d976ecc7f03	d569a45d9ba2470953dc2cbcb2634ac4def28869cd1d94fea3f27bf18e560525	f9346e77d54582c818c6cda61a0c3d9c3b740b6c396b7049fe6025e533de1835	0c73c7b8c6f8b9f5c58b976a900fbcb95c5fb979770deaf28901de76c6656ee6
121	06f88a427576268e966bf1121bb1b2835720a8880e51b23ebdae7ec487f92b84	25ebada9c243c6345bed8ca794019f8a57be6388872b97e81491508b309b8b02	93916ebc33260ca970109697dd169fc1983d48f6403a0a9034e6745498facca9	c6ef8323c88240c8218f46d4d71ec1448d1cfc9e3784a448d1018f6108a570af	f41b03a6a1ef7bceaa44bd8965f762aabcc9e5fc1700695d437560cbbad08415	09dd9feee649edb1f2ce2a4e91c0fc2527b014ce7888a1475b76de080802ed65
122	34dbae9720a0fc471c3b462f1fe499b88b7d9baf6e9eeee9d4ec02a285920b89	b21840b552f5d049c9506f77106f7931119b4cff086c8d3bbef5eaf44c7413a8	f43226ae51b678d62aeac43b30189723904877c67beb73ce0a73977455c357a0	d4a49f10974015d6aac0cb623b4d804e6aa00f9686c19ff050139fc470ef66ce	e281900cda44da8ea85739e19a3e518868d7c34d7cf24d656867af8d899fa266	3fe62977e1811388dedfcbcb6ab483df745f1576ad521ee22cd3a156bba53887
123	69f43c700ba31c4779319e9f6fc114f27072eb9c788cca8503f92ba46d406238	173b874b4952efa439a24cc4c39aa489f10901e15eb4b05de076930f56000408	9329491a7e384c4b98356b5979956989f1d6bc15463d55cd7f59b16daee4177a	8628e97529e7d2013ae19f7cb6391b6a6298e2076bc4a8859642880a51c16c26	4a3dfb47e3a000641b89143ff17be359132fc01a834da5ed5763d6f52a4c9b9d	408b4ca60b41651fced23b4df87a040d8d4445f8198cc1bb3cfc469ac3416893
124	591d8a45b115c5757053c2b1bc96bbd7e7ccb3ca37dc8dc0162bb93b1415c6e7	a99b3449bf0c220eb7b845a5609d4573f2442d25e1deb172497f07d30832d4b1	4eda9f9e7ce86557492f59eb688d9155868bf4b1ebfba413dbe5d21f46cfece9	24905dfc09a9bbf4a0f40a176916af68bb7cbf8f21c0b32c01257647ecfa206b	94d5d970c743c8dc64db852186195d6f3998064e8399c008d147eca7aa57f690	d8cd0d42314e7da1efd32152665a988b1644fcde39ba8d0141f385574779f987
125	ad84fcbd36175acc42bd914bd6a089f8ccc866e218b27786a952d0c5454ae902	094853dbd6707d616c7f4fa75eaeef86cda5f1afbf5479943ab00a267a25ba49	e0d18700df03d4c4dc25665292406b957ac4b9cf01ea76e3d3b8ae57aeec841c	929116d4aa4ae87a10aca702eaf721ac9ec8a93c23fe2f280f76d3b947d7bb47	71dff5e9192706035d04c083107e25a58fdf64e63523a5aba0f7b1f966cb45af	7073b67d82f6f95b473819488a80a7640e435aa6dab2ba5b085ed820d400b24d
126	b88f76a3223ff43feadba2ce922e3c137067baf606d8de5514f94e37f48a6b84	d241c8c70ee864f1a37ece259408e5687e23c30cb7415dd9d412ab8464767f19	7e3dd108fcbd5690f6e642e0c0703141d7883982f8218ba29dfd353359e55b5a	5c39ed0d407789199fc2a220463aa692ed258efc99f58b455ee129dd43e79752	3ae69011d7f01ceaeb30d08c4e6ceaa644cde2f073fdc193d384210f9dc85fb9	ee336ae63002b9c8318359c094585291a20838f1edc302e6c50f295720a5978e
127	e7267a39f4b981210044f515e0810fdb27bce6bcfb6e55bd3f71aaceda79c5a8	2c5e2dd1c9705d8b2d29d3e06c81fc4d64ef32821724917b0902f29d3b2a32bf	788b3526a92797a425c41c21dc68dec768b5493e2ff69adc4f826dd70f675541	94d99e14e161acb18be51ba643e50a947a8f8df582b395b73cf777493d39b877	552fa7bf9706b56141857145913c59818e0c992f2c176cc5aa9a42bfcb8e48e1	d83b719ebf2e1158c695d24b91fd6c18a13a6a30ac37b8479e979e01433b797e
128	8f415b8a44cebe9cf0e30af0c5c3cb1daa0d81d860ac418f8d23c38822b351a3	d4def0022f5ebdd1d127cc3e9c3e05c158e1797b4fb6dd21a94c80d90762988e	4f43fbe9df31d5f4b7b35bd42cbddc1fda0bafce6cbe865d64786c9e7a75e72a	3214a9aa0fd5932e9a03bd35c301fb068479871fab1debc18490326dfd3a9a4d	34c4733c3c314ecc0dda1691068d85948eacc2270e215fdea00ea7e89bdc40f0	51330cc92e812302e0e86dabe9417a7025a27b9f2d4e0457cd9091bbc64614c5
129	dd6654ad1137da6fcb21c7c151a5c913099b5683cd839e1d61901c06532044d2	5241dd9b365f1fb6f0446e2defe0bf0c0d8eb1d806f4c492b3bc50df7bdb2188	97079dd45c0c986e6d1e8477b05cb4d6c8b3d95e1987959885d3e168e3427b8d	7cf4475b68927dfd50394e29c5cc1c6fd5798c6f6efb1d2a4476ab4fd93123d0	3309aad35fa05dba8a4f45bd5e3645cf7a97619c1e9d549d651086f6fb2bee62	19d9b9895db6facf889eac5ef0826c9f2db1aabb771e85923182230de014e060
130	9811c9b172e71c7323a9f98888d1dc5560c51b86491d8c550eabf60bf04826df	405c12411ed4156a46a11b6998dfe64005cf9fd223ec923a176bab7da79c9684	f3b68f429441e73a32da6c7b165ca585401b7d1d224b016eb54dd0f27d3b8f3d	f01671215a418da477a903b37b4bf4c487225a974d692ca86811395b8f25af39	c02765a1e283f688e0085f7251f917c9749b3b7286decfb2bfe64d849dc7b161	9c349d596704744ea2f20ea2f9442cdf0c19665f7bc5850f2aaa7401e20cdbde
131	1970755e8d3458e6f6b3c82cd23128ed2ddd634cc934ae451ab52395300bb5b3	599e9465f8c525400c582644650e3f82518fc21753b09481a56eec52853cede6	78774ed2a1c3d96694e32ef0a1fc18a494a82834ff8631536b2af63cc8f8bba5	ebd84bde5a663041ef8f77654f7ff648f93b440c16ca0b421130e610bf8a1b7f	e2c5d6541d1a64b73f876c9d73d804c79162a9cabbb3d8bbff98c63078a7c401	561a0b15f97daf887af2a875da7a4bd768e0f30ed73a36eaf221819eef8827a6
132	ca3c5aaffac4d756283c3d99cc040fb31cc1ae3958cd12c3bbe070a1b03b1da1	8ba4af89b6e56bd57ce74bf74142d6fc96c8edce61d27a4be3b3f41ef1abcde1	9f6110618a431cdba45f1c0f44d74dbf62e98f25be07423cd17eea18bbc57094	8bfc8e5ab8f7c4a72f787ba8656b071cb2f83c645ad3e29dfae4aaad1727a8d6	7a714b0cdcb3b4233a46f1b8f7768b3c918ee447a8a7d7f8e3f1bce534599d62	a793941243f4d69299c7369a38466cff512b0a8c86bb35e1fbbdd80cf57b4f39
133	4336fee0a4dd1b9b02f06db65ac947e4b77a0c72bf8dade852e550ea32b2382a	a6e76d3177e8bbf048ec5b95db96d66dd3b23b6afa0a6d899a15e9c9e0b1a516	47289f9305332f5a8f547407ebe8f40939ce3782b1fa223be573d54718c8aacc	fba4b4fbbbc4254663fdd285f19efad19acd1db66b0e1c8ad8d232a9278e352e	3fab26b82c33ab56713c47e14b89e8b9915feac50f3de982ee938859f7d5c68f	5476f27e204dfb672aded559f948e2a89109e43f7b45ade608f7f1a39aa62f46
134	9c6133959ee8d6a989daded3e8e7fb312c1947a17f8f68714c76607752148573	67c6f4286cb9ab8fe13165ec7ab9df6e4476476d162d4471b5a256c8b1739222	2ee85621da31cae6ed2568db1bf14ea597e9f6772afef4157a903499f8ee1065	4599235409ff57f232fa49c344bc04a985426663e6b5902752edb4e23f789dba	23eb1839012ea33c304f110af411cf75b3418cf776d5ee728689573a9bfc1f96	ecec273aefa0c37ded7fcd5aae969c4a3539403b445ea092ff59557ba35b1c1a
135	d93b748b0ae4e205c6c714d66b961d767e5e74a09c2d47c543b3700565ddc36d	ad428407bf7b6a5271b4ea8b52d5d112e06ed1611063cbc24409471a4c0ef8c7	8e0a846a11e3c5ff7ca50fe2b24b68d38772b32d1811255503bd1c6d55b993d3	262ff6f01bde4091302505584d5e9fef7a362a19ebaab4f5d2a18e3e3376dcc3	eecaf7a974327500c5ab9daa14fa818f06150ede373e6c28e42b561cf2ca9948	1ea137cddf444d36347d38985d965c3c7ce65395533418316793770472de25af
136	3f8f95e870ebe3ab88b0e7ad362f0659f954859101ab0bd0568a80f253dfda1e	af9d58302c374227c246547b36a1039c0e3f54c32ea3eace3a397cd936a1edb3	237f996d5467e3efebcb34b226bb6d4fc9a7829b8f02bf07f21345333f6ef55a	af68b7b85188b9aa27b9755300f23fb1dc6827bf7d6766d6c01badcd2ce4afd9	0b45748310e5a360e19c8da9fdd29556414275134b65651e05d1554d2bdaf2cc	3cc7c0f54666e84b648be3384417accec3be0d908816824675a38e3c9e9cd723
137	d766b707429da2815979f832dfe39798b25294bcfb871072e8533c37d69c2d7d	96ef521d185538ed5a9e5be5bab635b2aa6c301412532187fd9a1f3c4fa4af2b	a469fc722795534fd47df589984b97469184205c7227bc1556c3332bf540ac49	c0b15a3e59b969934973393e2d452034ebbe0a95619ea782cf04088e85453f5b	79acf4b9d7476bfe04ea851dd1f87b62c87652bd31c1f9f4f71ad5a9cf79fa57	edf61c55fe1ed006dff4849939c476172705b45d5b6de26de81abbe9a7bae7f4
138	f783add5e6c380217739aae8dfb0849e6f6d7a85381bc38ab67e6deaca4d5da9	0396942d272c603992d3a4fc61b0df2c748bc0b491c664b1175fc02609a5401c	6924fae0dbbd5af498135c9c1fba41be4efa0b5fc2c6b0175ab407d0b438ddb2	fa01c20337866bc55d09257cebca46bd3d0830992998b3b14d880d61aa2389fd	6baeade6995339ee3270822d391a11853a965eb09ab4f0161637adf70e187a96	bec000feaeb94fbc58cdc810de52e07f81fbf295d90ba0980671bef5da61a6fb
139	f7f2ea47bed074f8ae4076d18aa6f314440355dc087c537422c9422335c0b6c0	098ad18e79d8dc5db88f15940b3af1cf6ef592d677160de6a6f904dcc7e29f86	c28fe896be15396f211647f6b223857494ef2e877ce785cd934af4e28ecf6616	1205239143526379cdc7237fd0dbf0a2e6fbffe00e8a4145fa226bf0168c0a4b	29a38fdaa36d16ecadaaabca4af7a190b6cab314f1aae0917bb97121caf4a5cf	facc0e7b739d568c85cd2aab12f389f50a81337b119b728da3d030538fe93942
140	3fa3120aa75af21f9fc5c7a33f12a0ea863a5b6ed5aec28effdccad5f19ca17d	3c32c01fb4a3e1afaef9356ef36c45688cd553f826af1f4a678cbbf836b9a4ed	ea225552383dab17475314e81e24e76f684c2fb26b3b9b0ce663fb02638daa06	429113b37d12526a9cc05ba4e8cb1fd4c6bfe7a17c6a506b80a7e89fa443b1fd	cefd6cb23cff49ae280393b3e94f549126724056f9f86897fa58832e4bc6437c	6c48e547c1cb99b7bfcecb46114cde1f5a02774d94e02b05e3c349761c429076
141	54895a6965cd2005587368de7b924414bd0457649cb2117736c55afd13ba296a	47804931146bfd2132652114521a6ea0ab5dde759bd344b92dd0304714cff48d	03a8297a1f07ba7a6cfad08b49e77ad40daef762a72825aec0e5887c6a1d37e8	3bbc77964972161378e5a7b9871adcdbc6fb046a6672225a0f9a10e30f2efed2	2d19fb6a1c89bac4d4a377bd08048d1a022a0eac6dec7d4a4c35f4173def3c47	cdb3d37f2ad4279bd04f8fd9e59d428ac171679e8878cd426344d2fb52838b19
142	5b666ecf4f9eecdc37d62eea4cfdb802a3fa5d166cf7d7b4ae8afe2663639e92	fa93ac89fe5d82fca64c7b85844caeb170eb4a4aa61137541cbc824179bb7c3a	97ce116cb8365dbd00c8d5b87be6c215c6b4e7ea8ee04093a8b6c9a4270fc59e	2178ee33d1d05f559cdb125de758d5bd7d53b5c801f374716747e1fedddf7d45	8fc0eb0fa7f90a212f9f3085fec11f7b9723cbb21263a57b7d2ca844b61c43ca	0c1d9ad2e148fe878d28f22244be75bcc95824f8153ccc805e3c1bd8e2cf5bc0
143	13e15c8ade09cdf5468d4f527b486d1dbfd6718b00bde6123ed32e3e885ada38	f6162a5d89fb2a9ca560523131c637190271da931d42c098370498a4266abcaa	db15a2c143f5c58a1d806e0debb3ddafa854c50b586fb715eedde0dedf74a374	62ec2ef24596fbba7dfb87ff40743001599c89a2a0df555805814123e18b3994	ac7f9193d5f1c2e7923fecf9644ad124a60db09618af93b6722177e42922bbfe	3946000931b726b685a329943371dd79073a75b547941e94d613087ec648e05a
144	590c8988b818f1630c9ff490622ef175ee05e6752416794c8c8cae6096c5cb20	58a7bd6b0da767fc0ff726e6728bc161701197c9ef5381a40528c21963660905	cade9d27ecccd89e71af4f435474c05263260404f60e6bacbfe09344e0ac5424	05085f7c27833ceab65777622b138a8bfb9811a9a99e658ece31f08eb0326899	5a944c79b0d5029085c2fb790eb82ba8e25aae6f087faedd2921a0427359a262	e9f339c6cd29a044b4c6285ee462043dde28fd1a52a531f6cc882dd94f62e0bf
145	fd8f5735e324e96b4b871838071f31716427902f005fd1760c4713b2159537c6	652934640ca585bb486bb704130129fcd3d95656f8b95e9af757156fc1798589	9672410310ad003b35237e570e3ea07ee88780dcdcbb689839c0e1228e908637	8236e64137f55e95aabbbff8d39a869bac24786b8a7f7fc813bf34bb92b3e424	05ce4b78e947a69efe3c2fa56ad669e5f4035f44d5e0f14a84abf4d755ae4f25	bec185521c5dc16aaccf2f9a66a544239009946a95f3c36d718fe0a7f9f133f7
146	7840f80cd705c981dfd4ddde9bdbf70786b4b616c34796fe39f152f76e7528e4	40092087e81dec3189a0ccdfadc88a920a19cb6d262bcd3ab7e57fb35db8c83e	990b6120eb252818a46370d6b7b271c4d46159bbde794e78f2e17f059230c36a	ada9bf8a09d13470f18cf6bae5d34e791bcaa591b89941455e3a36292a3e9974	cd0bf810f154b2cb86a3390ff7f8bc3d8ca362916f44296f77fb4c74542b7097	c1127abe346af927e0e072bad953707929a2f2ed6d3ff87554f625f4692b9a60
147	d3567ae5bef77cbd36477e9330933481d1cc66d771f2f1c4821e9087bdb4621a	c4054370a157824df373f53243a27edafbe9dd8dba75f1bc64679c3629ec5d55	18aa8c73ab74e85da81df24413a5100c2c638fab300625321abd12461dfdfa2d	baa11df14f19bacd85b5d71124af1feddf178971fc82d28e4d72145e47324559	7e67a0382f5bf65bbe784c8b9c0fb99808bee352e86b5ded8e6f9b958f8cf2bb	185cb90e383d4ad15cadee7d5ab06943b653f85586d917afe01a793fec3d409a
148	7b5eaac09e872c5a51df29df1265f25afa5074db67eff28ccd5cdd8ee1f7eac6	73fc7656fbe39eac13619e645f88f63cf3862fd3b80272d3249eeb0b47b0b1dc	3b1a6e3bae86a13ea32ee3a71aac3de76280cca63ac84415a3ebf8e64d12967e	1032f35209b073878306d0955d826e1a1807d0000edd7812b6ae42f14f6e6304	53bea7d083cbe44f22a0bbb57216132ab493b8c073d9951220fda6741bbfc00b	674a84fef7d8612a409e52b9904fd2b778dcdd0266c9893307ff57a17263f43a
149	71b30de24a58637b368d52c5d35e8e4470b43300eff0bb1aac8e038770443700	1f997b9a10a9384e741f3017ff6191bf84ed7d08455af11330027e879c2adc4c	19a4449d47566115fc5f6e88682e7e2b829df0e3a6136bd19ae3f7f93ed22102	df64b84b4219758bf13d8c21027b78ffc5db8e8a9ab31bc1eea5d57841162e28	be63e6bef19f453b3101b1a96c66ad0d6cbb15a59405908248648b3bd555e339	a39966ef850408397b66490290b32b572e195567bdd79dbb08f4f9eeebfd5c2e
150	8f19904c9ceac2fae7a2c2dc62f93565357f481494357de55ba4ec7023856b34	649e4ba217175f4f03bc76484174c7048b541331d979b25bbbf2aab3e743b529	3051d29ec9f63b08257b064f1d3df17c9fc0643eb4903aabbce6bcd2d4398195	711289444f20bf46a0cfecf59944e12c7baf23bf55b5dfd19101b2119c956b8c	fdffe3fff5a875d8f76f3c43bdfa842b80598dd65d09906c20f8d64fa1b6a8b9	c5d192896861bdddf1242838cc9334d611bed2210f4de2511da622fa3cb40d75
151	d628760ee6771a7de848fb7ef1bec22f5b123fb5f495bd217b25d743c59d7e75	05df5ba9b5d4ebbd6fb10fdb42ac0dc803e94e286a219dd38e96589e056e166a	c3c40462cd620e90a3534c7cc72355c54825a904b32ee8746dadff402bae0e80	3bd68f44db6f4824b620311585f0a71b5fb4d662cb2121c4b5eed8793f3514e2	889849d7564ec4be23764cbecddeb94a1195687703708f462f7fc08227b9f0e7	d2498642436364b260e3de2bd6747acca551f7feb699cdaf7503709a21d4b008
152	6ae4aaa32bfb1784be88c4a730e8cc75257f5b4f6ff6558135108f9b8889a30c	f7c7c4bef842419257b7158a78bf0359404abfac73007c01c6be17d3dca0060a	fb70c55ffecefce0d33f94df5d5e91d35430a9d4021da3401c20cfad78566a6d	2446570aac612598e1f30b7a550b3701f6a6538b4ccf6a5356af55605d09270d	d6d4fe361cbfbce2f01a2da4fc4b7342f10bbce3a0cf207d1e76835b38d2e47d	98c242b933a99b3649e1915dbeef415b9bfa3d73522a4aa6e3a890d7961cd0c2
153	aff22abf3967cd45a9a25978d54df094830347bf07a41ebf223d93f3471b068c	8a2852f0bb0a3a7c350517b1028c56d7cb39e0e48bfb653b8a70ae0a3ca2776a	976e69fc3b0009750c4f7c74eea26320589d72020fcccf98b3ace62680cd02c8	8370c77efb20bb3226eff79ce3c4239c60462fd4d4816c8138f48d5ad0f2bee2	8dd4aed6d64d93d9bdc0d83c038a880f108f8e022f03dc0461de68b107387a9f	48c7334bc0550931bcf55f18f97f546a671adbe46cd3c77c08a01543c6118a10
154	d04ade453e4bd079a208da7dc03bb46041520f0d394400a6a34190834a292af9	837b6f49da2b1870a559697db54dc52859dc64e372c33f6a7f00031c4e8b2f1c	9d2007c00c91e1e3d20b17e0c06bf53bcb6714f01b7ca3c1b6c121bbd934a9d5	9d2bb59d56d7c2edb564b39818fa55f3cb5b1ba5b9291f6de787977727f7fc18	c67690013d9f718109974cfdc7bc2d9570d1b66fdebd0234628807706bed8daf	cd4b8ef1a72c76bdfbdd84c4d024feea936aa2c4f0a96ef87285c57bb640d4ea
155	4eb4296948617530b51cbe1ab5a60243557fc506856c61de0542e33f4ed56063	9a5c392e77add8ea86a825f8e94b8a40abfc7a06cc12973277d03f85c8e11791	44b8a33058478ed2a414d00994a79541a72ffe448edbb2fc3b130067521b6039	a250fe250d493dc8415ba89d61cc5780f7ad16218ee7d46f1273f25ebb8264b1	958c06112750ab7f86b7b88d64ce18cec60ca78c97620fd4f59ab9f10b059d13	53efe10556948a95057a231a2b9e592e87441400b9cba0c69949c7af535c92eb
156	087629d0941078c90c59bf3f5c59eb90778b2937fe5a867f63b6834e5f71f0cb	3c0b09bcce20d5c63c038229d60ab1eba4b820512baac2e10dce45e90a3307e3	1dfb3b231593271819dc0480ba2c0f770d0f24d0599c1d197ef4a2c321cbfdb1	6798e44eac158af6fbf037a8793ae1a291658e5288d6054a753ce0f06bd59dc3	992947863871bd00ebf8701a05173edc57cc88fac3589d795b2929aedecf5e11	5d567eb3aa45c1c578c269523fabf6ccda26a0f16af8d371fc5f546cac4ffec2
157	a7ae4e5e62363ed54a9a508bac230589ce4c5a4f85e5ad06c1c501a126f6d11e	c8e5db16076c4698cee8b56e838286553c30a65c9c4a6de1489552e76ec1e7e9	dfb86c68eaceb43f898ef1e0a14f8a2ebc56d715cacb79603dec809e7b38e400	6b018359fda36530c44d91e20a1ead5dbd6691a8263f530921b800df754cdce4	a298969699841d91b58051b4045a84d85a564e2ea4c56223e3da9aeca3b2071a	874d6e9e9ea1109ff8df44af66ab9d6d03d77cf9833f88bcafe94a1b0bfdeaa2
158	aa10e3c91e952bf92a64d1e5dbfabcb186e6ef43243206901dffe94f0fd4f375	17e63184ae0e89489f694312008542213012e4030053ace55d56f4fd59e685ae	7a33b34479f47190e9af38cbeb8f056c494408bf4f3fb1c9d03a6dc31435cb3d	4768da8bd74091b83e88d8125602bb15a3891373d28f5b05fa568d046950dd9e	ac87cad01debd38f0a47659a3c82639cb9d8775f168c235182ae60cd6e46f049	2737cfb0837f77e33e401e44d4d36e7fa5a108ff93bd8430a162b700093aff51
159	f895c6ed4583f8e57baed3c2e84392a22cd760cedc29cd88047891f3a3902a20	464971a0f085ec675f67425cc369f4a29ced8d87b2fff1ae444e4876a13b64bc	280af5414c88a059d4864de90aa5c8a89c39493e9cf1736ad85fd4cbebac40c9	9c615a4d850db216abf0f0a91c4eb1ff6d3cedc3f1f2213a9f3284fb87d54b69	b16fd974c018dace9efd01ce6f565cd445ec71c565381b7e606b90623c4ff8af	7680ce3769ca06a4becbd3110d498b19442995283910f425fee380c0dc661998
160	0c05de2ea2a51f2b88d9006c890c6f3d9d351a30e142977a93691bf8ee67e801	ae46ed9d18ce2d30ab16e120d63b6f5a6a820364528cde127a184ba4fb2efa3f	b13d70e9097fe052ef8a38bee86e1771fec22c16bf165f28498d97266d3c5059	0d8c0c4aa6d8b68007d942cb8624114a5ae1056a29e019902fb49e2ecb4ddf07	aff513bbe16d2e8ff4f1b4ae7cb2d2bb1600b2bd4aee8c5d9a39166f2c8e8497	ec5be7e7e81e92f7dda6ec037628fc77a0751809c8a08b2f15b6f7c5a2b9db5d
161	a403018fcec4ae8be26b839854bc50aecf93880c3eb4a2d8afd4edacdf26604f	cc52c22f2721237cb1581ccf46060e069e0a0b68b35c9f9f25766798b85a1d6a	0f4c159a8cfba172219802f73f830459274102fc9d029f6cdbad55e0de7dbab9	105f5b1dd78d57461d8b84b6d9afdd77713177180443a25a2cae8f1048052279	b2975b1196300ab73d00e5a4f4cb952393e289e6f7bd16e4cde6ce57817ed751	5ae14565fc3066793a66525eecb8efde4ca6a30a9c01091cc244da34b6596c64
162	f680b5d4053bd6894a260ff87ae5227d8b91152d2bfe32268d99a9e671f98a5f	09789f07c94c6ced9fe37f4ab8c072fc9d3885e88f684d5b5e83b98a26d94b9e	7c839f2cafcba490e66ae1576f1bb08bf1de0cde0049f1282843a6f3a2b84982	6a70d49d4b31c06db553cfc0ebda085e43054f6d399f2331c8e774a512cc7f51	4c1656ca1908ce26aa8bdaae6b0748ed694c315d1b41fa5817b325d0d2c4e953	c41cd5ed38ff8c7542dbeceb1bc407cc96318c6117e8dc96f40fce1db4b7b124
163	0f3c44ee97a81be542eb74e6c1152ff1a58bbc0c4b67772c2ba55342de22b5a7	71c391459841cf137d6365eca4fc80db766399e87600a579a0222f45f6b61928	16e4fee5a9cab18c9c7d7b2451f49e94c89af557b370bffc3e9d45315d4c805d	255077eec063fee6565da44f9c05b2e62403c463134cb18ef19eab5686bd831b	a68290aa0ed922728d27f22032373228d5bb0f794e7b2a0e42e1fff73a4c6f56	4aa1a1c18ceecee191b057bfd8fda8a7a5954f7255e82e1cb5eb23a4fe712f88
164	d3f2f751c82e2714ea6134e95d22f59e871a1d292cd9eecf60d324787e72c6d5	ccd80b22ab4bb6eab8d50b2f6738133d49ca7e92c6a8d9dee3445aad379d7631	b29a1362a0c2cc22a1e3107c04eb19e5ca303d2c55414779650a9c41d1532945	bdef91c1f6ed62c42ddb1eb04fdcc83fd3e81d4d1b4c31002bd9c01af700af91	343d430398324861391a507f8ae4ab832c8189500be90357d839bab466f34a9b	95ba4e48d86da31ba007342218d8bb27e958fd0beb287062c78bd8eac1eb8e78
165	0a0654fb12a72717ae9621255524be292977d0003f35b074970ffc48a1d6fc4b	24141293c0e8f88635a238347d1fb294386e04b273bd119065a2aad1d94e5933	aab4d9101b1c07c2dee3d2ff45240540596c970eec75aeb95ad72415ea250ffe	8813302cdaf6c95777781569e96e7f4f1fe7421de9887321078cc993b6ab2eb3	fe1a3fafa46e0965f2c90896bd98891706bf0a02edf5489d84a532a63522e403	368bf27c54ae05c6459d1f5dc3fe9309586eb735625c66c869a50d28f5ec74fd
166	e933a3a0e5c23b4f8f60a4e1a85fac1b73d61dd9e9060e41769bbf010b97f0cb	ea3a262a28d06b3c367b1da2eea62e1eff0b8f424f322f36cc42b9fe833b7bbe	fa16db72ce97a49e4866ccb15f7079583e4015903f54b2290a9f7600c3afa62f	6ca8d01257fb9f1e35b4cf5941ac0168f09c796ef0119f888ed9292f2b0c6630	cae493fa953390da4da3497d5254804b422f0a0b9823ce8c1b674a59331cf3f5	ab246bf32f62ea08e36e866249edd9ee2fde16a263079b775a13f196bca547d8
167	c28dc2142d31fe5f897220b534420b669627a7ffafe7f51c03422d4bf8d4c85f	babfc08e868bcbdfd8ae031c86506c5695bc91eaef7347a477af0b27f457f617	a6a974c39c404e2d3351b1417bbbfcb2e03a3ba778afb72928225af7198ae6a5	b40bb65d95dc7c6769b78631fc3595c3652d05ca0c078e74053c4c0aa9d39b79	797f05956950778df20902321b9d605d76ddf274f95305c7f91048594f6608c7	7d54554cc614e7ef713ac81433efe23c11d44ceaba87208bed5a5727b39fc01d
168	d2a42f3ec3d45cab7b99d07bf86282e7e60aa2673a23ef93e5da0407446c84d5	4d80b167049bfe11dd2bc7e3763d907dbaa7b6a5aede0d5afab7a4203643586e	d0beec5c9e41b5580021b8419a118cdc3ca43ca751ad656623a3f839423062ac	4278f3cc2d43625858c43ce4bab2bf36a403557cd3aa521fdf81377e7bcffc56	b3514351656469ab7c4864b19a353b53a8ebbdcd8f3e9814d564255aec236bef	90d5602e04748ed6bb215cac037e9cdbc410362b38466a605b21bc179a463822
169	fc95b6e338f289fa2cc5e93f186b2d605cb69370278d76522cb7c46e3539d99d	c79bc4836c9fa8bbb3897f44aa00f8f326f5b23bf465e88cdd228fe2a216af89	48e2dd426efc17b1e6f14c4070a465a5ca944d9b5b802c592b4a904c0f69fdc0	b74686ff85c31cb82c811d13bc9b58b1076e7e9260ed89d8e6c707b782ecc801	011e4ac7c98d1f5b5aba52ee760dcf9c339065437617cb9a003c2bf192e57e8a	488c7c8cf1a54b0f97d54a06e317b0fda41cc0ad5e5182ffdacd8add0a7b07f4
170	32d493ec7a0f9db3eabaf7f11b032f448b80ccab7b4592fbafe85537b57c5b4d	082998fc9fdf06c66445177a0b2f6d7a04214ed00d6ad90584c111054860af60	79d24ba266790b97654e35af45ed45af0898bb95baafb213c2f40645596d4e93	aac61fdf97a160f19d3fcbab32823049f966282836efb505a4a73a18b1820e5e	97f53d59b8466bf703447e3ecd0657b1a18fca35633a4f798988af2b0c36845f	54ffc67b29957e06f8ea9fb82b9e01f63384f91c1ad2aa7c7e68eeea3404b9ea
171	f769bb5e747d93c3c05a1918bac47f6541740a69c7f1ec45ca49e62fde05323a	cd810caea6fc56c5a6f4df1311713cf44390fbb7073da8fdb253dae2ed0c37fc	52125013b699294f06321ed04601f47a9763dbe7d5ed2e403d30189f982794e3	ea85f6ce150c917ffb24f60dd886f04af3933d872f0439354681cf1aa03578a4	13613ac8e0801f8be8de59a7fd0fa3ab40e36b773563fa683a4d6c862a54068a	ca3a3f6d8cc8b6beabd72f9f1a56dd96f71ee3cb7a76c4e3dfe6e66f12cce627
172	8ae43848d05d63ed3a78a0c49e17275e0ce356735ac37ea9f80e0b9286359505	84f280d401daa0d10691c0d5880c5454f607fd34875676a1ea66a8febda08db9	a72a12692a5a3d0686717bb9da4093237fcd3023860dee8ad619351e3f36c4be	9ee7e3b5f2ef1c319b84cd7ed51ca5816c37f8852cccf4ab6739f371fdea88c5	7e637bd39c36eb270d6d4f553684f50ff70cb8692568f9ad82c3c53303555cb8	2686bffd295e54358252659258c27ae01bd3b0fa37c835a12d5453ddd9c00e63
173	9f98c8e329dee4e73b95a48d7bdd1dd44675479437d4abf689bee97a9b6df806	c8ed2be0b7c227b23a9879bd3e7d8d59efb695a6a1248310a6f231790d7ffced	44160b7c5871e8ffeaba9cc54358e06ccf7f704bf32077af1e6c94001da794cb	4b2126850ad9bcd7b6bc9a759b91bc9f4083318c3dfd7e9cd0726e0a60d36d74	89808e332e61308b189e9454071e02d637907d9817ae45087245c31b85fc49ca	d8055d64981865aa5a058ccb59dd1f51e796561d6ed2ed5101dbe5256f32ee10
174	fdb10ab9251a56b33e2e2862494fd814437a3f8b9310e989708e027e6593fa7d	deff57a0369c410c0d88d6ee447db37117d7db5b73acf0f72e2aade8d3b5f339	948f0a69428bc392ff950598a56be2a0cb13327e2dc73dcc86eb5ba445e2ea85	6b242cd375355beea1a55b6903d08136bed2a9fbabc000684874383f169ed9b8	8eb2f15f779159b5494083a73129f2306385cd25645ecb39cb96da460de594d3	35730fd6c7e0fa8747b39e020c6f25cac0edd8a2995c3ae6b5125908ec11cf25
175	82880c20724737d9a0c8ccea68fbc8afc8f6678d52eee9701c4a46f467f538bd	c257745f25bafa82d6dab8f08714d15419f657f71b35b732cd049afae4eb4844	b4b912d2acf564010eb0c40bae64acafff8f3132e5240ccd17b7625abd9626c7	765ec2183c83e841bd9054feffe27a9ad63376d4be1c87eaa547ff362c1da0a1	5f7485828408c13b6a06c8f15075f103b757ac4e8c2e2d555f433c3bbc255f24	d9b7b5aca8cdcc6c7c694534d3a70d07ef8a42d3fa38dc063528d310c3e6de63
176	22af4e35eb1354e834b85390e1cc474d64faaf60ba0db1ffe5dd10cbf700dab6	53e6d36b3414cfeb1413f5e67880f3a612b440aea53959ed747b34839989628c	bc1ffc8713d32d06c2e7a42f48ff4629d05bed45d09bea7fde635cd4812c812c	76938fb0a0fbad0234f880fdc70c2e2227d3fd16ee1357c201b754202562644a	aa9317dea51762892a6705d14813952bbacaf59ed22a9b2183f4c3f2de90d388	8b774b8bda07cddffffc4daa8c428f186d035765a3150bd5ebf637058b744143
177	9d5e412b068835e846fc9168169fd6708164b1410a0fc5a76b5c12bde47b95d0	71bfec6b3bdb0a8613fe67fdcd1d37380e7996b4aeb3a82ce4e34c1b84f1d64c	bf8740f7910b4ff1d33c838922f4ceead9cf1233e99c71e8f3e952c4c92c7884	3f470bd0ac2f17416d8698b9604ee99b325f084be21385e3511a912dd152be2b	9349ee4995bd1d59887696968ee30806a7b11b2f166217cd728c721f6c2b614a	91dc184df75107e0f3c2f097649658370248bbffb2b1c5bbcb3dcb4a6adacbb0
178	675dca2088d8108d398d5dc853dd43435c5053edec99cc2fc78ad3d57d703f33	1daa6df2f9d68aa7b618f0a1e1cb154f48abe589066042adfc5a56c46789f00c	44dd2ee0d76a541bf56741048586fb38c3d753901740370985ab6508270100e9	f2c2dedec24846f7390f98e4eaf20b059b59b323f8864ce6101a63bd46a1091c	429427cbdf1abcede53d167fc73f242bdda74a2ce7fbae970a2a390f38dce840	944e641981fa9c8c6646bb902a16ea18ff789e2a8df58319b0da778956929338
179	4dd061724e643f610156370f7f0822ca503fec9c8484b47a0518383d1dace830	e4224789462a20066a72314ee265a449466fbe18fdc3ce8de6f597b245cdc1be	703785421b442aa29755b3ae8bc520028dda825c40ab774d4398c97d93b62b88	2a149cb6c9c2056dc32fc5db3aaf380d16f8a9b9acf99ffb88731b63e76640ee	b643af75cfda48428da62278f035e0ff30df8bfedf9be7a22f6ea567fb2380b8	090618898acfc500649b0d761c09ec90be93e93a53c03246b9a62469a0a2c390
180	c47750390dc12a573f43de41b1a3040f5af4b096f9100b19c23c20e87cf766cf	ac86095eb4b2423feba329752416f54df95d6123096b6f7b3c2a5c1c43dd03ea	e3f54a8a0360b6aafee945ebb1ad553de4891b7f07a56437a07ffdc5f3c7a6f1	b5b024a89a273b28e5e8639d46c3aa58f3c0458b8e85d6807089559c1cd9c932	d0723ee3d27297052a4bb80e0f8d8b91f6bba97da206033eeb8076fbdd4dcdcf	8d7a8ee8eef87b23ccfade86b1d48e4e05cb1240f8e6a2e9853f4efd08ca0cca
181	b2f1af5939185e2f203e2d14b7161327f0c08a8627dfacc00230361576171c65	0cd52a3a330b5249e9b86cdbc2779d21cb380dc15ac4a597874eb84d1b13a525	d97172393bb7298e2e6617b53eba3a9c3bb472cf7ef32fdb9d40cadfa8628ec9	d27c8c39d7ddcae4070a7d0a5edb3bd5f4641f9e728eec691be21e4d7ceca2a1	9b0b65d6592c721d2ed7e08511c7edac2661d047b1a3913fc40a381f80240e03	cc292ba4c2a249ac8b3ecc2b731a6992744b9b322a2fd81494fb84cc87d925f6
182	6486d3683424ae07dfb75b2b0804ed65db3344369857038dc3443f8606717be0	6d199e69bbe6d85fa575c5727559914e5bfd6c26b7d0c96d9c2de77968a9c505	721ff8058d4f9a39574b7b2635dd38fa76dbabbeaf5408ea85665cb84572d875	d8afdaabd64d28ae663ebf99ea06a8826471d02cfa51c3c10681c3bd95de8ba4	1e0b66cc997946e047d2bf6dff0d4a82f3d362bf0845afb3859cc9bc64eacf5e	bf2c049db53329f8fd07b84d19641d5c1e4e4eefc0f13942f515a08b4c10903c
183	7358143d8a74a4c0f3b6d46ab6e026cfa4659e8f052b5e8fa816e3e177e8a42a	207d22d783a85c099931746d98264a5873e96360a3de74b75918ea3be6e69171	7f19ddb26f8d9a6c2325590099c443715b97b3377c771927e8cab4471e0ecf0e	b5b87052367bd0ae98942c2b74467e05d8403b93b189b4a4b171151aeaa4575c	5534fac53bd7a12f301b02dac160706f4f720bb6407b41b0912e968f78e0f222	8eed83fd9f675452773ce0d13db3cc004e56ef71e5058939937de8f40626acf3
184	2f118db4ad1c844ec812fb13972faa1fc40245e497d8d60c17e70c0c9d624b75	8a1272836951dc00120cb59b9918feb40f83f0f2b194e01c7e7ba21322a6e445	f475708d404dd42147bbf468e237ce7d781f1720f29193311e201c5be70c1486	b0726cf1dc0b8c646ca7ec9c364b32a89ef9ddf4be551bd174909a7b85e43214	45c0a26d9d6b3ea15b3a7d05cbe4251e975397239018a15a99377aa3b17411b5	ef23103c1797c858419ec441b1be700be0644bd0d2557c62e7ca2872dc3ae594
185	c91e2e21bf476e7ccb79973636e91fd723635ef3a77acd80a2a3626055ac9c47	53fd02295577ef62318260d8ba43a7f2b1e717e4799693fed81c6ee20b685583	e5d19d1fa9f0be7963b2ca7567c886b830d46f16ae741f498a2d6c57a592a7f1	2005006cfc380db79aec9b41104b07f98f769ae178f14e999a685b1ca523509a	96bddb011bf2739347f4aab45f99cbab389b7ff36b90f91e54d7f0deb2ae89b3	55c508e2bfd090c6cb031d8ac3fd4a3a754dd9eaec06eb0a93bd8e4bb94534a6
186	ad934f65dea80d5a29cbc1a0ed25a2475386afea9ed73c483e052f3056f888a1	21cd32abedac779f8dbdcb447dd41702e47ee2fae5b2d40ebb1a5bdfd3914ef8	870b96d88782d02520bcb02348f453ef108f14e9e8c611c274e5fcbb5d6fb2c4	89f08534d184a5a0fc457aeda42737a0c33f2c532ce61f73985f73b9b8a8ae76	f88bf151284904fc80f5b435797b672bb3330c7c49940781075f78a8ed556238	cfd15d46a0394eeb3d77f9226ddcd853543f679001f85febb00ffa1031c4f0d3
187	052e3f0b75e1e062b9da501ac450b2c4a3d0dc4110e634da9f57a09c25a57884	bae26944d4ca4ea07b0b2b9b86250a387bee75a7e12dc97ed21c0f9deccbdb91	65fc0ec64a31bf0e8cfd5b7ceb483432baafbb622c0021df4c91040ee98c50d5	92c20a22272c02074bc16ddcf54f36f0635951da8f8c4693a678c6f0aec1f28c	bb4cf52210063a2bc8a0106c8ea01dd977f36e2f1da32a27627affa26b552d33	8d3f749580293abdcea49020034a44724862ab85fcd3396808cbaa0fc7376e11
188	d611435377a00b74726efc6b1304a2b997e441b55a790496dd00bb0d2ce0ec2f	d305f765bcde671519d1a02b7470100d5ac8bed8cb84b64b92594541f198721a	4c0805ae70473ee712630e7b7da38751b39b7d7e2b8e0bbfcba95da4b9aa4fa9	eaea7f11539c9c0d5c90fb9fa5b7692e89c02eab78201acac9e98f95750aa69d	e53ecccf20c31bc6430d7fe39a80638a494dea5d5faf6bb67cd2ff5d902e7fcb	eed1efc491a21d2e9e61f84afb121d0041a706009be7e91c663674d802e797ea
189	669f2d5d559caab6ec4526c49e6132dd29d958dedea4b65cb25a836e5d35d6d3	1215a61694f6b1750ac7093981b9478516bff274e03128668388601c2ad2506f	4edd1def270f550a5dfc675e516dd01adbf7af4cede04ee34f52b7a3a049852c	1de0f1afdb81136249b647dbcac7e9aff83159ede42339a347968c3efb35fac4	16aaea94079a652ee832b72787d5cb9a1ca898ffd37bb62c3ea5d39752b6aecd	08e9bffca39815154351f015025567c85213b142b484e2cfe7f58ce02cc72b86
190	0cce00c74a9e853058eda75a9f667b966ca8fdcdbaf9350e2c7028370ecf78ee	d76d9bcee4efe6992fe22dbae815e8182794d898bc9dd13313d1196bc585e1e4	5abf3742008082d8661be69987efd835efd006c5336e7579558917d9250d65a8	46034ffff049e290a0b0b4cd6236c243e182d214e4af3df8ea97f83ad89bc361	f85697a3d0249e20f92868717ed999cae00d81c3ec58ef4256c92a9d9b10ebfe	02e32bc2af919e3cd93dbcbb469ea20dac77cf9816a711d347bf7032bce86de3
191	9222485c0582a961ccaa1e0d5d7431f456fd2b94ded9663d9519b0fd71868186	c97dd6f7c61d681e9817eb0c9fcb72e7e1904a42365fc9c49a78ae61bc612ca5	8206e1a810c8211f446c250d8d0147550f2e34b88d1f4b599ee4b383c498aab9	1c77190d86bf6fb67364ce26638a8e9120a3d34bcb090d0be1dea158489d4879	69d6118e0e66996be706285f1d9c9262ba82e2361f85e86c149ae72764512a19	625d4c5c5fe8c4054ed532d83f8e78c0464fb6c5497d9c56dee4e9d35cf41df5
192	73e3522db65cab564c27852dcb9abc3990d1841a2f9d8f2f33c9873eccd617d5	fc88df7a01f0b28ed2a72c93b1e22f9b32152d199a259d8670abf58636c26d1c	d15f50db915b8cf0b7206f0ba7607f3f30beed8c5ff90fc7b698237fec381a9d	17fa039e60b96451041db03dbd75f7d276ef8752ac24cbebb48c86ab1a41f001	a1ebda74262d420928c3c6ef16ca289e9406e591f4ba3efb53410e46e7468304	c8d4b5c9aca9055e2c48afdc791ce32b16b89c76bb1456c49481ec5dd9ec934e
193	90542bed3ab2e4b3efd37fdda8a8a8a4e6b432f5040c7a3d4766db42104956dd	421ae2e97e874bd824a173bbcbe31a7cab03fe9885750fde33b90988fa47a7d1	cea9efd1e8de973a0244acb0b63b559bebb267d92b4db7d8eeda201d832bef29	ab0d54f2e448932d2ccafae1532fdf53afb0bf9aad967d57614cc54034c0ef8f	51fba2f344441d9d114c4dda8c730dfb08081606507115bd8ceca1d051c0df85	bf8f2b6f179c7b34bd1cba04efe019b7fe57f95e71740aec2bba95d1a9423882
194	c1014487bc6d807d5cdbb37037c23b720f655ebb99389593a3a1db03c68a2d6b	ec5e65a6c673af152ac9005d93ccbf60d1bd1d966cce93cd2210b0a0de36268f	f467410570f3cc419d280674e38364386cde80752b27c83ece7c3e10aa3315ab	4e48e1d1bf89282b725c4e079b0bc10f8d934f48120c2b5c010b75c14ba57b80	16070cdbca94ea2b5dc8b6504d56b642b09c4cfcf24578c7ed40618eaaf79773	d602917fab835f06a5b5591c9fb06a7599ccfdcdc3ff4987bd0d530974c08823
195	8b65d0eb49989460e3061be772500ad4734041669e506d5b87250e308a121fe1	1eda8f963eee61ae470c3b6dc3816c1388080deeb94a4967a8223bf14191e474	145f5b8124042123d7b2d0c2c897968cfb71de7ae553b6553910edc5b1e0b314	c0736b2b1d72f611dfbb5cb5660600a83023a5ec0a6ceac266ca8b292f04b40d	bc631f1d1c5076993aa870b56a10019c5832a08a96f4d9db7e443c96d50ecbff	88692bcc01ad4e9ad8755db4de708b203375434d464d95d7c6d88735447e1927
196	f6326ba1a68737d619cae6f2c982e46b5f7142f7115b645bd3d356a83ad99e2f	d44b06944825bc1695876d5f8501eca08fd90df12a84377586c15824df2be10f	1934c4824efd1fe450eeb3daf24f4cee09005eb077d046d616fb3b10ad3368a4	0236c9f85b70924c5db04bb30cbd0bac61432905e223eeb813c28bfff1c9e45e	f2a3a67231d14d0489d0012a4301eff47d12a999ae80412e512c5b5f3b6555ee	80d1564066171df8d3b9ce67622284721fc62e42c380cea84d22d644500aaf7c
197	a7c76bbfdb8f07f3900900324fbfd339a4280590f4fbf75f713409c794489013	de52f3d499f009ceeaa721852591542d4ebc5c9e65ecfc31e4bbadd1dca28539	213424036c3d675dc313935a9eb2d008dd440b515f71f01e99c07a60b4a80542	2bd0fc4d62dc10ac81bf22e5860e008bade2da9e1c85577a7b738c4e60055df6	4995ab790f5dc7bf1118d16e88ede73e42862b9fbeb964f6dfce1fb28fda7903	7452dff53b964d7eba9fadae43f5ec1810af5d36e451235c28afceb5769156ce
198	9a439b6b7b59b15e7d6ac9823776c47ffc51a4b0ef7e537fff267b9ccc6ae166	78f34248a5c41972efca4e019e889a85d62a1d88441ebee79b35fbcf743481f0	41e43f6b34c3c724c5d7f1bd6e0f57023602731f448878ab1c76b6d043999090	935b7044515553f47904ddb86d6690fcd531379e071c0f9f7953f05a08637df7	b70a0284dc5c043207cf2bd3777f07ae8aca9a8bd19e858e7e953eae41e40d86	891fc95410fd00f9af54b82d4a76b1efac3259ed06d5850d93a2b2bccc126fb7
199	796bfb05e3c49656f202b89ed432d06110218d492239fd8387e2630cb2243cf1	70bb954d3649471093c943fcdcf4c186ad67ca43c46337dbc556dcc4cdbb3dab	6b05d75e6a950da5efee978e6ea3048fc085ec32fc24966506c37434b6217753	f38f68a79f429bc03542fab1a3b45530ad489db52bb6420a862b944177f9323a	7091a61a31fc958dca8dd46f8803244d10cedd46ee8ade1aa6fe076ca08f5b6e	18f22f63211ce27c9dea820d1edfd81b58e95e84316453dee4093169fef7bd96
200	252003632a78180dd369150a8a9dad9ede58e6d0faf2b7f6b70a19bfb91ef278	32db36884f756ad9774d4692ecad27b40621418214c604540b1745e897a7ce60	8d2733107045121b12cb4609e0b1a758846ba04262c26eb2d9d77e0796c810fd	3e2ef899b9bfcb28d713fa6e0da0a9b6ea3685e89b79a039f8e04247b414e19b	103e6c0c79283535fc3a148d9db53256a5940424331a868392c2b4868f479c18	52817a2dcb33e143cb0639e280ae3dfda0f7d1162007fe3efcd24d38b0f7b0ea
201	cb74cd31846c29de357444fad7030880cc2ce4c00f5c3ef14c114ef0d70db78c	7373e5d1bb8c914e867d77b0676923063864033ce99f479915369f4f9d44f543	84a0edbcb5dbaf42b49a54e9db4797f033356291426fc39e1dcd4db8fab413e6	b33a5ab6810398b5e5e4bba6ee6a960770690e4e98512dbf405b020387d33e37	e399ffc03c7a208e36a94ce71c7d31142e84f0df642d0e5204870e6897aba0e7	7f93a9a55d1c9adba296d268c54f7e1bab2abf57b97621f214678c3e399c0372
202	5d7ba665c747165e98d724d23ed194804503e83c30284978c1b24d0125ad0c12	0f689f2116e377e5d8513c701912f7ce14541f517064216c3d224a2b18e6eb13	60a9232993ac0d03f0d6c51a1bd1de71831bfc8e0e8bf1523b052904c990b5c5	c87d765b9d1102cbc8db8bb0cccfcf05cc04b4f145444f2e6b4bc4073e0acc21	3fbae2647031fc01fe6f3b149ac2de0e9cbac444e8260b4f1d784acb48ebc2a8	38e1105cf79f80f40af806dab00c24c090c7e91ca258698e3fdd114db7f0cb16
203	c6f64f477b95343e6b9b528eb2b868e33cf9cf4202064638c4bebb621ba2be5e	16cddc13d1d2ecc443c0af2728c2e5c875b84445cac73c2d079e2991cc553d3f	ec1a392c4ef2dd01f3d9b1e9fa245ce2b7a8c64f4046dc4519cfb110e519517b	075fd89673e3813fd7cf9cf9c75e068da15338f89c51e2afe0f669d0666c2283	af0f800a3d53721c7f1592df0a8aac95ccc9f5dfcf00e59e9bb916bc3a48d288	c855e071cd3fba7941a43863ec71a6388dd03f533829f9ce9262ffa451d15d36
204	4a6f45529734591fe9ff239c5db5b63c092f762fb952e7fba41f0a9100d42893	d216926a9eecbb6e974964ca389dd2742afda61ce435715d8bc6a5bc92f3662a	02e13e04669e4197b05b4dce5881e7417ddcb511224423a694290887f974a157	680acd2ea4474c25879290c8ed5e364051a88a9a5a1ae4ba411ad332c899e588	077fe65dccec2354687f876129aae0d6e9757c24164895b4a62903fc898505be	908cabc3899166849bd8d688017bd5958f1e23d12446bd67e0798a541a3b0082
205	11ba3147f089ce36e422e2ee0789a170e2690c152288ee3a5659fe4046016ae0	3be6a066df1c19030a9cb1a849b55607c302a8bf3a0992a1171d91661a752338	761274ec259b3e80b029dc05247853857959b90d27a2a9cc29d941ea2009ce58	b09ca338604e6b6678fa3938fdefc5fe4db2485f40e685526f2c68ea1916bdd7	748c5c04b5e4d0634a11fc3f13d89aa73a71a8cb250c3ccd22e2fac7e807b1d1	8ced7f74de2a09b81729f3b4d9fb1c5ff900dd12ab2a26f1e01e7ebdb52ff06c
206	7e9f5b9683d288b52d66fe7935868064f509f0d6e435bdac24d1f69bb85a93e2	af392c366b8f0fa7d450f2126fe9090b4940aaec6c97a926ebafc44699c08b3f	b962c583de8fa63d719569acc77014fb0d16c5c4c5e715d93bc48ec2b9a2dee2	2f6b870629a51d5e583d2eabe401906244e935ef426153ecbad5a4e2727be485	69dbec1e907edd03c171a23af8df1c8dcd221a0eddb7cc29c0c1b4676056847c	64006e4b31a0c97624a549bcdda9cd11c4e57fb1cd1c8e224f8271ce87b8dd9a
207	ba5f1515efbda775ec6fdb8da72552caf99df0099f7e66d82a87918b7e21138a	f5c7e8044658d64f2c81dd5ae99c958558033c22b5501d735580a962a729003d	b068b3de1d37ed8125435cf6ef3507590abfcd7ff6b808ba6814cc7d5e90192b	097482413948123a24d6263d132f9e8125bbcf4b0044442ec1d92949eae8b8c5	dd9fc2057444ca3b14afa88c7a31e3311e574b7e33ce39e28e49d1b67d3aac39	08a8b4d406a11968a8bbd7b8aa3a1242133d0900b6fa60b7a1814d266d542fec
208	c88fde3df6382034bfcf3c845081449397e1017c96661f3cb537467c01bdf4bf	a8bd8b15082600f1b6ce4a971293d954f0cd3b28275d3e92d8cdf901470fe1c6	2a2cb6b0fa47fe12c6d3066b0c96b571cb83b05f7489b95a628d1f67566d7f6f	39154f150f644a286a8d470809feb844622dec73f961c06faa6ea940297e5c7d	16b4cea1bab20ee39b2d0d5d4e61a0056d6dc9b8ca960a8e0aa7b241c60a9f91	0169de66a566edb76b6bb1ac9467a7881f3091722b98ca62558bc186dbe3f12c
209	0479b3cf63b49392045ffdfe59e5fc32922d8c782f697252281b75445a2f71db	227d892a413444e66c105e1c2997689335f23bc3858fcc7371c7c08fcf7fd3fc	fdc618e4fb07da699a7a8187bd8b89a0e308fe79fa139ba32d5627efb304ea1a	6ecc4c8a9b581df8e77cd48462a1dea518aec4199c4f79ddb033b0c3d72d1c4f	495e90cb85029baa18d2ad80dac3856e5373818e3f07a0a31bff96f2eb6794bb	70ba283b84bac2942dab375dfb9dc80e9909a2f016d6a8e689c3069de419d3ef
210	2df98201c9a1ebb5d5fb910da7efe8b9ab74740397ebc52e871154d7d71df74c	e0b433bfa52c83da6a9f1c125b8e871c26fa0d2ce0844a52beddba0329e6341c	e91a8c0941200965befd74d5de1c3987cd0b011e50883385157f0080c65ac78e	9c3f57a03f6e082da388538701a601153bdfe77336cf07f3f33773fcf860bacf	a098d8d54409f425be5d3001fa42896710b0f2629a78cb48614414ee91ecc910	7bc53a164bd5c33d6213cf4b070d90540f79e91adf807a03a708953f01cd6221
211	eb282dc79bb11bb094b546a235c90b3c1062a22b1420966e85b532bc2c3b587c	aaf2e230cc827f81acc59721a22eb1c500a09712d008dc36404fdb5d988c7219	ad0a8837590a1e294dd2eec139b8e81f99c270e411cf8138f0b4e7f742275813	16b20422120d3cdc5d6128205f4e30fbac9d63f6027808b51723e3482061c544	2bffccf08df1f9cdb02f58a3f50a3b6616a40ea8ee9846f286395517dc757fc7	1210c3e84d8f11a8113a71ad9fa46e682641630ebb1e4c56bebbf0adcb956f6c
212	de471e5d33c67c833c9a07eee6194d1c06771d4d4a662a857f2181bc104798fe	657f8cebdb5003d85480dbc31f81f75ecf2d71704a42d3d8b598596448e383bd	22952515a7488fcdfdfd3f9f47c87ef20911308782cbaf7f23f4374e1599ab3d	9b5749eae1f368b9d9f26a0f892191231987c502884182fd250030b2d1e17b65	4d44e61a471145dc455f97d37c9f9872945246066fd0195fee1ac850aec7ec07	8227bdfda56bd37419c4d298769b65391c43093693f2b425189ea39181c18ff7
213	47f0c09393c0c551e2252f85192af2777b82087a60b1327ee72e7109595d5edf	be397a4b5a4f88c70be722b7964fa098ba0a48e17487555c8a1d64d9601219b3	b02bfe388ae6fb7b8618881a19c60ff10e2f2013c9e6c4ff97049b7461e0da66	aa4aabef1b28bfd0fcc9c5d9e9610226da70b23ac2394a786e24fe2a1666b963	0f53b50a0ee28e838e5b8a932dd8b1fd82e8338591aa7c037a246e4c00fc0863	a7b19f5ab94c907c2ea97233e9860a54b2e50b6df7d760923113a981cbf8ae30
214	4c50a153d13e1c994966deef3c6b723ef97deaeabf588fc68ffe58eea77fad3e	2feb7e7a2d5c920386b0d8e97a79f97b657d8e7663c3f9916c92ab399e388fa6	cfb293f651c6feeb4021313e90fccd643e76799f4b5b0ba4728bc20ed44ede07	148ba49c7f912217336c021d1cc474f8b4557b5b68935397cb59ad59c5980fc3	b267fe8c82296e1de3c9df9e434b63f909f60114cca023d8dd0c480f69a1e4a1	b483b5a4bb2054cb88cd0ea1b1d701fed8eaf0d69eacfebd6a4d0e2aa7c311a8
215	7828a8054e2784b9ea16ef6ae67616239fceb8af6d96460785e5b3c7332b2f6c	b8e3c375f00e7b25df2617fb1d05d05c5243982664283dbad3ff90ca7d6fa8a6	6ad3c38235c4e8411179f46bedae2699ebe85b31d53dd0b40a05c87cd43757e7	1588f97849ed93ef179fd0d503abd4682b56ac1437030e4388fe6e5dc81ff5ec	7e5b27cab285e36389029fa4817e4204a7f7ff8d33099c7c6223c92470f57bcc	a0755927e6797fe9f3da12d8b70d4699945c112fbcbb9f1612d682480110b3c9
216	99b6dc9db5fe06941991adde568fa802aefb9583c7d84cc27f8c0e57bd485100	bdd9f2ad2259a5a78ac79704509a973b07b89708e31fa864160a1bc8fc15aadc	f66f863296bee2337af548aa6d1327e4b6807275741199c19a70bd120c940fcc	27ca3dabeafae1f0fd3739317d01ec7f089fc70a978677450142bd99417adc6c	413a126343ff437b96502c9b7814b245a5fe3eac2095b568bca2a39876f84521	4b678adafcbff38db82ef1d7026bef4ecb623e17cd9486cb5af05fdc04acc5fd
217	231ca021b0fd8449bd280dcdb33a98cf68a76021f85a705b57832f3da2b8812f	898be5b3b0bea6b09dfd8d5605e0f497252aaa7d56d7abf2ec592f42a1eaa94f	df6a8217c56642c92560058f5264218585784132e26bac1a2fd06d8a10f13e01	517adadef6c11bd2e1e14462840aeaa02167b3da94fd0eb4c9eda5f4f13f6fef	51e2da0b92f593a212e15d8749e3a75d64d02e0a77b9a895fc38d7f8ac1aced8	d0a620c199a75cf1b9b24ac93dba0db4269a99095d35b415eff15565e27e67af
218	025b21b3ab970cbe3714a31c580855013e7e2fdb04379430c0df67838669e980	e299cd285a93784313fb74becb66186b5c0990e61b5ba76ebae87b5be29f6e05	128c31a8703cf66dd9a1c166214abbaf4dffe3f39e8a4f9559cb2793ef2b075d	1f9e9c0031af02e39a1b1463d938841c80d6bff7d91a2ae8cf893a34da6c327d	b9449825cb5598943a448944c2b80506e6ced7b5c8a40a795aa4a3e1e692a9a8	eef458596dcf26c6d950c95c3a951845bc04120b2d3cdbd45ebe0c84f7b72f08
219	0a621b6c1d4ad0b54768591fbeb73f54b6f17886792903cc9dbdb5552500dbc7	5b7a71ebce0f45f9aae51cfae2eb1e41aa40f4e75b9ef61bd384b4291b691b17	536a5a06049a35949286f7e150c7826e8b1f382ecdfa0721f7c3a190945f9941	ae1ddf7ec0c1fa364423b6e26af212151d85f1a97bf149570cff4d8a7cfe047d	2df10b7ba6c980432b8fc139989af277b5183ba0b5d5bf2be34accb27efc90e4	2e4e1449ea15eb1924b60335142de0b15d43c9490a7735a98777fb8e74e66c7e
220	5a69fc9e2e4f2db304d6b129fb4e2d6068e2b5fcf20cadb0b692bf11121617ee	ecf4dab8dc2a0e3b437dcbed304f5535b25e2d968a80f651111f08395f9f3126	3155f2a7d5a7a4ecca3f6c847a25d3443def81f5664704cefd5d25ed8d95fc64	6322361a7c2a71e8955728ce37cc2a1344e17eccfc85d353d088b0dbd78a4148	574171de72535e13dd28e6ab728ab23cf0e8b527c4b01ad7042c7406e56faaa2	715415a33da9ad3f25a53369bf2231c99ba74991d40f1a419d7b067f5d30d6e7
221	2c25d35d4236c587105cce1ba77088ab02623fe245a5264afacabaf6f3a34d30	d0005f2cfc38ef03d662f34d684058e726935a2e210d1c1f490079d6be7714ab	1cf192fd6879022e57ed1c45545637573bc1f8ea6f2d3b029266f7dcb7896fdc	1b0d391c75648d48cbf7e8b270af37a7e05fc0c1239d8e57028b918390061b94	4c58daae607ecb59514cd7333545865d8ab1fc86218679e06fd067f6346165db	a41411d82913473ac470df14b0b470de6c41e50c3e1debca868c3a481b8145e4
222	a1dacb9303a66f827ece11cdafefeaa38762fc32fbb96f2b33ab4e4ab98d56c3	ed0d246a1358e30af8f4374e5b29394f230c98c10fc03c6399087992cb633158	47441b8434315923b4bb35466077d66e25eadb6aa9ed1cf5c549dbf1590a78af	131a21c7721bfda6bd17f13e18ccc3c2ceb9ef7538acf7a089da43fbfe51179d	182a28f6aaac755cf40e98ef2e3f2ca64a2fe7d49b979adb951eead03d80fb16	eaccb5ecddfdf3d72758a5bf7e92826192fc3758c1e6e3dbd3780815289b2acc
223	946d8f4e3ff867f960c4002a50c27804df690ef96c6c1507c1ca7bd2a385d18c	bbbbc3c532e7e679f35d348ac75506b92cd8efc7e857cb8fcc54aedfaf2b9f2e	5a6f20c2986e36b649ce19f3714bb98031016d9c939b6e5823a76e2d0d06e50b	648f9e7acca8800cf599ec1c31edad400c3d9cc5b83e33cd5b6e9b1474bacb90	c4ca755c9d7afc239302a6cc3470bbd301a8a383c77d78575dd7555c1a2e64c2	5d8d9dd80c8677c1a2c20a79586fff8248d4ad5bed1a959ea28bb6876b9984b4
224	a808ae1eb7fc3764953e83aad36f93581496037a20b2f3e5ec1258dc354097d1	793b5a4bbf427aed11c525aad631c27f6c441c05b7c59ebc8138d36694c302b3	a8fcfa904b2b480209c34007a4c55fe1ff8570f9e9c92ffd443896488934e317	b39dbfbef407c07dfc5013c454719fae201071566fa32a1ed2ad9a1650ca33a3	2a66fdfd702509e5dada67553ec27c97d9bb5d4e082944e39996c939ef68f87c	150c46367491bfc5369b0a5e8cf898d5f110c51b7a21ea3a9bdd1a9c53eb9b73
225	b28a15af1ccd50353bf3ea54b4883e966b28d1ebc613660e950908457e3ee09a	1febb2eb7e90c33cbf02f0d8a7ab1b1c170a2815d35b3ebf6f21e602f9068090	ab2165e7ab90f84760d2cd669b8df236951ab689d8a8a93242309edf2f8dd01c	9cb6781cc8085c10df80d0e40d2d9773b35fb60f2b2c7770b62bf0064fd0186d	b5e561acced4593cbb9255d5254eddbe7a0833c55f64449d446e5a44387b55ad	499756a9be324d159848826ed92915b354106cc463903f8162ca0ce613622087
226	4dcf3b45085c496bd65deff3b123215871921ca5e96f1c0e8e4375f3241c2663	9e9fb9285af7049a6ca9d747c9ffcbdd49749cde3aba5b840313c8a70c0e43bf	6940d9b8af070081e8d33c901e3cc334578462d92142883ff6251ea8ca999067	c73b0bd7d69b5756bb1032842ece31ae94cb40893644ddd8a9c3d9ff69abd0b0	6a2d927f37ddbe19e4948a3b1ab022b3231bfaf1ea437429b4b01c971e0fb902	6acad819f45742911cf5e680a3d1d126a9a28f207fae857002e1dc812f1be85b
227	b871ccccc0e205b07c3fb17d423928110f3e64aec06604275e7f375e788a7202	ed88616cca64d76a8fde3c5a9dad2fa0deea00e09214316dc9179f57f2c18323	165af8fe3427a7b71a7ef7116c2a402a23216d3fd53dd2831ca072184a570601	d13b3ed3eabb05889d6c3d4dd29fbb04c301979fa34a901f1158adb0571da9f2	37be0355a1746db2072d93767a8c1e0260cb9ce0c4ffa2a890ecbde0cdffdfe9	31588ee721585686cf1f13218ab05731218a88bf3c6e66ef475dd64418578569
228	48889c125235389986264fa08e756dd3500e80ec7887dbda95c2dcb528678c00	f59cc19fbd11a47c57149579d6c5916af3bf17223cbc7ca777ab28b2623084b5	5646e85bcd0ce16ad2e4a75654de948e7679ec74901cbc48d7e442e806fc3391	b4c6657ea171c2e8bc3fc5c1649f7856eea6240084d22a821c9e0995ca5e9d9b	a386ad02ba62f228c0c0a51a6a9f68ef43cb1937ea12de91ae827dfa48c45de8	ae6b2862cd222c5cf4d306ee4fc18b3176d935d3118c10292527117ede36a0b5
229	a45e20626640f60542a23a0f4351ff546f262638172a55253124fa501f1da5b7	2973c726900e23f681be350060e0ee7852daf620ecd268b4e0b4cc697dca0e87	0a4ba3c41ae472dc7c71a1d458edd301438522201a35add39918d19f9abd457e	0c7f7380c5b14edeb8168fe455b5cbd07f97221333a2d8bbd13e0de76ca30766	3d60e83648f4a65e0f11a2479d25e20d7a6b8373420534062773c7379b15a06d	b71b473c5523898ae2f1c672e0c12bced6366d645ccd8fe42bd8342b5b6f3f73
230	26ad988a79103e48e70259ad159c17311a3dea12f77b023b32277bcf885ef8f4	5a50674b3f10841728d2c941e85ecdb787dc04d5fb5295531422bfb694775baa	bb1bac89fd2ebfccd17e28472a701fac388ff0404a02024f8af0f2631d4255d4	b152645c73aa87be6890cbb9254e54d3ab958cc84d7e1cf74aae9bf47daa8208	7d39cdc943b7fc5a9ac98b7a73f2a526f21914be9a45151c1331fd8919873297	657c22fd3e3d28b70ae9f76479348cba6327f564f6d7b002223597af65d099be
231	1eff686564c2b5022597a9f5930c2ee057506badc87def6bb8ce4ff87ee445c1	8fff4674a2e88d929b0153355b8a3196dde3c453a199a0674d4a5ef3b2e55806	8d06c0c64120416fb1c1b9095a52ff2057ad214ba27361622b3de55ec8b8f794	19fc39d2fb3baf7bbe7ddba8242cc654b2a5e581debe53b9acc921bf83e45f69	1be5eeb82893fe0829559869b9eebe321a4ba346cad9908c510c12f60f7a6108	83d1b582fcb383cc2f9aedaacce90174413a22f4c0a75aaa629055562f9e9bc0
232	95ef04d4c8e31d241d447e72517b07b8b98985d43bd4e5d930c15d26b2fc0177	eab005b2446a14ac9dd76984d865c95f4a5bd85840c9b05503cd0ac95044137d	60f092e4a9d3b929e1fdeb2845d17c1f7a235ab47646f3496cee694ebc478dbb	cecae529fd0c684143dfe5424d07d4821178fdb2ebb7c83694c377a438f0ef66	6695e45d94ecabfd914039e79b4d3d68768bd72e7aa56b187491fd63e3d9c8c0	2589bca973bddd2d9ea8a21b386dc6b5a14f37fe78b5dd1c70ffe1a94e55c9ce
233	f861ff916877098873f88922581d8d3b15101380722e4102cd03d632fb9fea99	ecfbfec453d4b84260bb63da6c522f17428881c63003654fb76748e4559db850	898e31e89f82feb684b5274acad9e3f73466946342b2fd1d1b4d79ab973121c5	2dd9737aaacb3c99ebd21073cb7a0c6dfb12544991bf10e61014ee279c575b4e	caa53f73302372c92e50f5ffa1da90da4e777f2d578647834bd5de8b2622a096	ed198626d26c8e59d905c0caf04eb67694ab52d187f3d78def6bf5581aeb57a1
234	ac97580ef6dcdf7f2fbe32785e604a565959f5c36f75a35f88daf8fa625ebf4f	f1292a6f121f1e5038f7c0a1905e07a962c12e1cb7c77cab1b050ffeb4a50d91	6fce14c82bb7920e5decd5477f67a8bc822a40f7ff4390397008ef86abc3a193	f2ab7a32ec51773f1af7a049a44fcb0a7158765fc46f3dadbe7e4cb9b777483c	cf4871ad3579e700f999b525ab344d2b372b272ff74280f6651782dc11487d1d	41f8297feac85070ca841ab3a2fd338bee173b3b0d7da93608fdfd0d60dfc3b3
235	3b5fa90ca97edebf0985b1b6017aeee0a058d3d88584a04cfc17a8fa1c1582ad	40de355a93104b3cb71e144801f7b55ef57c0f432129c0c60dce2da258e2ceb1	00625004f71764bfdef416df3d102df4c232f655160ad3e324840390756b180b	5b3af79fcb83e197bdacd5f97310ac20c29316053ff54f6e122208d2c23e27bf	d66e13edf15efce0bf0a2da25f4a387c0c96e829b91f00aad5ae7b786bdcceee	a0a35bce1c73a089f38c72d253ae0f9f65d65a0b3d8dcbb7173b8cb689fd6868
236	7304c258bc70068d640590fbd79ebbd07a817d02b3677a2e91fcd81f20a434cc	2f8fff2768b5bf8a5f1f9965144fd5e48aeb6ff4be547f5efa13756fec3d66aa	43576155bfc10b5dad6ba517c0a16fba964b9ad849411470305dc8e72a100fe9	3f7a254640d866161879efa741f0e6a78097fcd1d9b22e58c77ec51056751c52	eb6b4a817de5269380964e3d6a5fc1edd34ffa84364910d2bfe2dfeaf6914933	4d8dcfe534a6526eada05e9f1988467eecdb043b73132cc205168d6ce9d07033
237	3fdae9ee88060ae1754af28444a5e6eeb6c9b074fd0b77ab6a3945134c9ae106	33ce267944c99879434fad5cc812e0a14752fbef99fceb8be8c6f23e3c0f643a	2a4ea0defe390ef8751d2b2bfd9d1d7f234dd02991f46fd4ec806f29f0da396e	eeff4ca28a809b762c75ff97658d0d832ccfbbf67ec05c1e0b44bcb61ae7daff	52e4e662139fb8025f3b664df1ce5bf56929ff715c3590108070ad607f722628	71d84e72e6477270e8b5da209b38131a8215b1cc50f1137105c9a7726867c577
238	dea25cf79088dc1364932f3c305cedc62454bb8aa6409e785f640544f8d5105c	154e16727ae5893ca40f12d5c65929bb49eb2c6f5f7a3f8a2800bc93d47c239b	d716fb06c02dbc3ae331533d1d9f399d52f3935a0601c1397e36617c0141b2e0	37df86f0c557dd78ce579d293994a9a62a96708a9b27519233342f9c0785d8ea	65a56af1b35c8afe3afa281abddb65cbaf7e75121a9fdbdb9f4a18c9c1e5f22e	6a804f91ffe4e982b49043f814127294a9e5b43de07593eca0dfac9f2e02d9d7
239	11a6e105261c21a09934b68485bf832dc4888ea4c2dd43efacc5ee36241e8a76	87e44ad41eef3dfc8883f138f2daa95fcd3af7925bf8b476687c5b107fe41531	a885363341ce10cbb4ad9a185f29d800b93ffd82660a7db296f3174c9e8863a2	d5f9c2d6d0a8f6570977ee823d7ac26083490bbe227673e89bb6a996c7bbf8d4	e1db0b74053ddf85a0fea0374eb1864a72f24f668356cdb3ba3648cf7bca39e6	cb76b680c1a1e4256672763fbc9db2bcd06e3fa808f0a9b83b99bacdc3167932
240	18b85cc452c216286e1a5e66df9c9ec09ce5a3b3537e40b2715f7d9f19f0edb4	ab6ab8084ade0c00bb330cd968e479f3503b9b3270e09d52e91450a8852de0b5	f84baf722491a7e93afdbf0342f3310f51ec9f592c37edd2f6619cb081ba37a4	9b5888aefa5c14a594071709fb4cada64ee1141fe7b9824663b338775f1d5dbf	aa5fcc9bfe0737148a516e36d600a9aee065b409a21b8264f2198207cdb4bd5f	21133542acda6d7917b0b5ec8a10a89292a5455d4c89dac5e7d8be8ceb786e02
241	37e9a0b392b92e0c363f2ac4fe80a90d5907f19ee68ba1cff436da546e621363	ff40ccce12c41ac5ba7f52bfc40a792aee3d30a262f55af6c3370714d4b917be	c5d2aa8202362ce06606dac03e1a495a6be15f19d5a8f8d1d0dd17dd4510c228	38ef7d19b72f468911f292d87cea89dfa1cb63aa65aa58f97b39fd3b7a9fd37f	a1637417f9703e87a1d1d78ec6b3256e40f8d013b35666f14b0269f4b43817df	6090df26439900b50ddd893a46130fda8d5b90d2e5ad7461f8df545d1e9f4419
242	104a0f905b1a392f2b80e9c5ee31a6c97c885009633f7debe9de17c445a237c6	7a06e318ace448d214f154bbaef19682bc16fae1f260b9dfd8806f895d6c3797	62f98f3bb0902e6eceac2c7b076b1f475f58caf2fcf74ca953917f3d514094d9	e1d5dde80dbdb891d151ba0ecffc1da9005c12f04a88ed9ca0b364b9476cced9	b6d89e3c547fc4136d58b3ef0237df99a9e0bb874b59ae70962c87170c0db891	0cb65b388b87f2119928d9f752ef6dccbf902a00193b19fb6a7d5ef9f053e4fc
243	77df575d4e17537a90adac8effbec06862ee2fcd45d6b9f67631be9bd6c8fcda	8de2d60d8450cd579b12ca802c812599e5438102efdd92119b521a895c2db01a	09686cc3b94fe89cfdba4a1e0d1ef4abe75aed70f6e576e643aa30f5ca06190b	5575043a006483b0533a740e7c3d7da0593c7f12cc3763128ae93d59c269c0de	9f74829f37609f1494df3ae8b5573ab55ba4fd10ddb35610812f4b2e526f8511	ce32cfca4bdcf210f70686637021bcb8d678edd47b4ac9c7582f15f5b13c3744
244	7a527aae2286db0f56c675703f32e18e269c89790b3c9b39f564db4e662f84c7	2570df9c1a41683b1c1be4b92632489b2dab0aa6fa9e6db73cdc1f31c9ec8e2e	8c968204703c34c9d667d5a2ab964b422f4a87b22a4bfdb2da561932d5e1c190	a7baeae3bcf5a41975ad23b51e5c0a078a73593c08596ee289f2c23b0d59194c	7367511026b3c375e509ecf8662315d62af6af51ec6286d42979485d3447e04c	02905049a61fbf2c8f1073a220472382f631db94aedaccc12e937f70efdcf0e9
245	2875a47bc2f76af9532c5e76ece6b0bb89208a497811cf194be8c195a41e456a	698923fe1d0299a8180ed72ca6657659f7661614ea2f53b389e6fd03c10ed9a3	40a1808fc050d37750c12057e4e0ec1b2e2be88d4cbf0f92e15c032d1e26ca67	af2181295863e8349d0456dd037cb2c9b1379ed219ab21f6b2559fb1a1d7222b	a76b2c95542a68fbbf895588d8deda58c06f1e5c3fea8eff174a35d87b0af655	9206c4964fb83abeca30dbf44454a2538e18f02f15706e16158b3008847ee630
246	d0bf65f88543e73e7d490e841c6f4b5ceec118e22bd4c7732dea8169bde10fe2	4daf476b532770d3c62c4ac68724b3f74310375e3feb4ae7c9bff4b97b8794c4	40a4de57d9d2fc8405bfc6cc8eff100a833fff9f3c2b3aa7f5442ea3dcecab4b	439885bb3f42bb2b59cf815a44b10fda5c45b6c7674ce296d7735528597965ae	2d3216ea5f1646d3bcb9b7a46091d1afec3b25397bdf858197dcaf047c060e44	b2f6ca515089f42667ae81c8fda7b93399126d16d472d310b65c45c9237b8612
247	a639c435fc79392c16a05fb7c8f30bbc64d98e201937e09243f3007957e31de3	6b1345dc9f3f4de7b6920125a6b4947badf2140167ac2a9f15607f3136600366	157bcf6b7527923d246c572f740a3d8e93ac993904c7788aeb2ebfcce1cf0a23	5067319de95c4333734e99c10bd9892b687aebe8d931d62fd6afba36157b18b2	ee75bf772bf7241defde82c2ce5a556d0f2758c08867bbdd89cdf662897fc60b	a9eb58d52f4ee06c6e78b706898db4e5fe9ba1d9c52850b33070a305e958fe34
248	0208da73068054f88da10e058c37808c806bbced994210d91c7720868b9c981a	7265291a20f713d42cce09c6dee7f65f6c02da0f4ca5d508b249285adb24423c	d1df5a0e287f41f32092f31e9c2a5d20e57bad225afdf56684f995a169e55a37	11b16ea4484ea49b7a93db9c35106d6fae0d040a6339f0b0336300938f042833	c4e44fd81fce15dd1b07ab9e89e8f6895d98fd247705fc6952bdd1214b966683	20a08f783453ece635dc2880ca040aebe0ebd2a98582a47581b8453a2826b4fc
249	4084d4fffe6f46b4108e4194b6abd704107e64934b0e6576bbefd60a17f914e5	9e6c2e18a124cb9d3d007745f97c81fd5f7e974d91cb9b0ce5b3d6fe4c6b39c9	4dcc792c6b303f639c945cb8d949f3009441cd8fc17f5269845270ff8dbb170b	19730d3fd0f5cd37a1a0757d43a371abf267cf747b0d2a1115ae98299d39b5fb	2038e96467e8d5b73113cc9eaeff4c6acae5a6c2fd0ab288db082cc19d4a1798	44a77bc27791bc53ca8fd235f32d7a5bef66ebd50d33bf88d4db8f64c450f316
250	b008281e47a27a54cf312a6d50dc8ee86165233790d57731cfa3845288f3c179	57b22ecf051232288d0c8d73a771e3204917420c58cd702ccc3cba3f352b3368	b461e4fd2903a2b15f8fbc727659f25959fd186f0f6d27ff586f7c7d3177229d	5b376be0750c956ba95925b780a9e9c6a18a48a5f4b1af9c45910f3d9258521a	a2597848084e7617c5091b09170e74cecafeef590af96c534a0a2005c5cf2a7f	dd8c9652c9498ef1d0692bd4142394fefa882af1000649c1a2d5d55e955dfa03
251	c70782bd4a80ede983898c332822a6ff6aee1fdf3318cb518f67463c18872317	0c4b99fdbce1ce0b60e20b8f1245146006de313e3b4851ac4175cb434a84d8f2	e810804aeb1f4752a10d4231b84b4b64ca672416a5b7e003b812ceeba1366c0e	53d2178f5591e3d2fca30c7758c17610267147676f522af63ce5ec9d6525ecae	0e9f5c2eada91d90cd2e107271800d1ef90268a713fec09fe5165a481a0eb67f	9ffea6af691da056f580df14c704914cde3390345a14fe87f4f9f62673bd72dd
252	b65b91768abe7276d3685e613dc52cd923f5cac62cc77d9d4473cd86996246cf	b577b996db05229ae9cf58a0cc9b8d86d03662cbd0472c2d04b1b6b62402ef61	a757d6e721fc39b0d2fe6714401c98942068ad248606a278fe67d9dee1762cd9	aa6a009c7d9bfcd5167fbecda6b2304680f7b65bf9f02df08bbef2ac47ab60d4	5ed58e273d8c51c9d12c9a3c6845c09d7c82ce0cc76715674afa477d757b4856	c07f8f83b37ee113b3579a04c7ee414b7fbe1276d89ff77085b91490e288485b
253	9c4315488ca7348348778e4eab1bce84ea2670e67fbbab344124c0b99fddfeac	cc2e1fa178df26cc1f5ea056ca56b43cc67c4b9da33ce2e989595a4f1298ae84	6bf40fab731585f40869c7d0ba670c9755181123c6a08873802923cd33236b7c	3db25c2c03b68e7518bab4cf26dfb154bcf19f6567093b40141d8ea703bf8297	abf02d5fc731d7de44eefde385a644f3e294f1467678205e4425dea5e8ffd667	0d54930bb7239a3000e6e8b171c6ba51d9d20ead4bfe79b1d740e105eabac24e
254	77293beeb80d5e16b43b43b9ec72106dc6a75b159f7a8575e2f5a358c71a3c7c	1013c4e3531f35950f3a256804ddc1e227938dbb30c42f45f67ff3f7a5d455f5	9357d4adf4e2a28fa58c16a9e2a30ff3b49a6bc3d1c2ee637754817d68a085b1	670249e1bf7b9a54576d7639bc51f9b088b01e0cfe134563754e580f75806a70	227945d94cd2f6ae3d90e197e9bd6c8b6aaae22dc711c745d4b295a69c684d5c	a53f0b8c9525b3082438775f33d551ae8bfeda8019bf30f737639bac8eabbb36
255	2a073fbe0b857bce7b48407d372abc877a59a39fa7af70b528bc275c513fb735	cdd6e43627b9cdfa1e530bbd9ae581efd0cbfd6eeff701f1bd7f1a1f5894b115	3e2f7ab3fd4b28fb093e0cf103fe3439b7eef5593d7025db18bf38c324faa87f	5a8a526946c15bfd29db2e995954b2a2c92d29c49316062b25b83f3c356546ef	e4b271196ff223e9e0bef4a5e9463645a9c39f209a7172f48ff23bdf16371f6c	7d5ec5cbe79ec3760c76dfe7f176a5ac2f64a1a09990a5b9776c8a2f3c69c77e
256	b5828dfb2bdccdfb3764bb27f3b4ecd7aa14cee7ceac8e1da785ba45db529e67	d16a611627c3b190d2817625abe16341a823e85fc6d3a1bcd3984893e6cbc387	9117e70fc6970094cd194366f9c1463b653986f95eb108e3dca88f1b0e38e57c	584f12503571b16cfc2d2eb37173b94c50facf5c624b9742629ef0f37ad431b1	0d4b9ea4d0d238d79ddf734774845a10aafac41d4002102c58e0c1a59103b8b1	cfcc8c6d93b0f8dc63a17ece3efb150cc7bb8fceeb022a7e9f794c0debfe3e93
257	ed589ebb449515c9d05c3f2c276da6b92ff92eda1c462f578356d3da5a311540	729e8e5afcf68cf8ecac940df901db7a110e48ccce34b81e36da9b6405b818f6	7c4c28dee30afb29dd46edbcba0d24d76f2bb4e2d43769ba78113f4e9714b8ef	58a5cef484ef5c79d0dac6c371b14421864c8742e6a70872f4ee29ffa1333725	ed10679300f3da5cf8f68fe2bcfe9a067808a83cfd818d0c609d3f1e21be3c44	48a5a950a999b5907d0081e16187b99974f5931971fb7e792e238858075fadd3
258	7960117197d0c1a85b14188da970cda62b5028b6b322fbba9693af0bc1fc2b1c	882604a3de7d87b7775a534970fe22fb971da22404ae4c07a1a1b7521943aab9	df7eeaa6490375145e67a1ce6154a53b2411667fcb947b2ea1f170408ba3c52a	08187c7df2de27f04ed1d1a4c8f0ff12fc3678b9c21a7cf7b47ab6fe08fa571d	3c8ae6b3c67828bcf8fbd57f856190fc4440b0f208318e36532ab118129ebf09	b9710f4213c25ec8165abbe6e9811cae640886a15160467fde6257c48f50535c
259	5ad98a14060f975620c2d01735f3ac89728a22cf9fbf7ab52537ef58ce02eb78	21b2a20e781fd693e3dbf1397434e4f12febcb1570c22a147a402820c049e009	370ef1347be22482c22bb23a06297b476d3bffc8f0eb2dfcaa233c9a0bdd46fa	520dde7f7093d563a8bf2f016ce7648a773407b286858dcef9e730c0d1a2d3eb	abddad5d34a46701bb93ceb595762a196584a30a3093a7ed4f590875c75eeae1	b6abcae3b5c5f0087c3c37c46509e7fa1c53141f33d24d4bf0630c94c4b290b4
260	faa350bbe74b881db7b67c74b5b5b4f488afafbdca4de5ea83fc2786ba366d48	2f314c97a2578547794853572f0d6312d676d22a35c65a455e7cfec7a9f9a1a9	2d1210849bb0843f063c63f1d215b4d1fa160a4774152843d123ff5650f53d7b	aaceab8efdd3917042e8a5b1395a72dac8cdedb43adcd994b9a568134eda07b3	aa84cb56cac1ebb576fc7594ae2c55983885f93cccae250418c9cfde1a3fe595	179934abf62e33a8794cbd25b38ac84bf66d3c266e2694fb9aab57ac1d5485c7
261	55f9d672a27557b98aaeb617bb746517235d46ef2d80d224a4af18d8de976219	a09ee8ca3b878c157b4fad0dea30ac1d094bf6f52f89c18725dd967172a07aaf	d20438688fa73ec67312d630c85daeb51697f1d83121b9d2c77e5f8812d2207c	9d0df2701c94c11b3f0564fd1e706c7331ba6cc547f41ed7353c2b9a4a2a3685	577dbf3582936babbbd7b951bf837f99141de9ca6de08841b9ddf017406b46ba	a88ac985d5a2051adb2ea0a9a16863f01d976377d24a1b29aba2df17ab39d951
262	e4a616e8a8ba5f839babe9a32915aba0401470acb4df19d1cab58c7040f11f46	95da4c0efb822d348cb6115b24205dca66d907a4f1eb968ea660d4c0831d3843	7ed0c905a9c93988cd0f5b1bca5cbeede71c6efcb1b8bba11b989527bc8174fa	c3a93155444c01466831ea53710084dc36b8c4138ca8886f93b69497316dc410	675ba33837309c8f4fddb6ee55f1dd04d5642fac735cd0c956a4121d09ca271f	cafe701e88d096b46b1ffefc6f8899e05e3186d723f34ebf18e036cf9563bc7d
263	dc82f880809278d8280205716362098588b3f1b239d127e4f42d23f0556011e5	c4dd41a3cff9fdf912300bf9f92b54394b6d97f5c9066a037f57b9434fcedb68	b22e459547b542c2bf602ce8dab40925dde35ab37a63eb77b5e8fac80d9a5296	a5ba13648928bf2c473506ccd696606ac0c48e65eee2714ebc2e2f5c95e4f8f9	f9cfa12eb0db6c5a2c7e10f0c63b2f7729a1ce1156bd8c6ea23ecc5567163f1d	f70d99eb3d6e738199a1c64f1d5e3b078b39a4d3200d111678ef18daae1e0df6
264	210b8cbe335aa3b504a43e21b62f8600699246a03c910536b55ab8536b5c97b5	4ecf45fa30ce84489d1ce202a1a42248c5f2cac3fb15b63dcbea0858905f0fb0	9aa1e2579d78d954f8446f990c3c761b09a08f691bf855e5d222663cfe0a10da	89cc4eec96fd2cfeea65c69ae44aa481e01e81de19e184ec474580b9d5f4de50	8b8f677427cef073480229f0036b7e212c3f755abd6374b94bad38db7da3a771	340a0895bbf152a20d2279c714d7267e81a6f2e30b286332817426e77ab9e82e
265	d4834dc80bbfdf604cc61ec750bd0a57dfc8ce03d1c0f512c5f8bf00a9ad12e3	c07a0bfbf55ec8bf0332545cb124e6fa1d0001afa2d60ca49a172f000bafddf6	16fc16f276c211cd7bb68829776d4d1dccd9676c1e3317f8774f8870b29a59b9	a534387376e5f62611c12969079f496a938cb048f9ba422dd1ca74943fa3fcad	b15d7469d49061f6ee9871bf5e91989658408f197af7af06823fdca126f8b7f4	9a9907bf5d07168b4d24583fedd69bebf7127fb6b620aa0b987552b37170764e
266	c6edf194aca5bb7a4e90a0375dc396845b853a38fcd26f21994da86842697819	b3657b8238d43000058960fb07fc1640dcb45c65c53c45ea6c4ca5ea43d81c2d	633061a7ca66ff950a815316e63709e64abe7d6516a1bfca0ac8bb7abc415be3	789684c2e2c5e89c0dff1295c3ad2d624738d51bee7e31558f64bebd6bd595a2	0a40659bda8676809b1f97f55948949c8fb3ac19307c4c1a935acea7b72d4f56	58ad3d62ceb5bd0a80672649f64e1398df4d68acbf6e3f0aec210462a50754e2
267	1cc489277ae47ac4d8564b8c6310a9b2fb40170afb06557213484dc326a3cf9a	2eb431e18f40fa6e5844fbda710c60216fd17dc6dc78462d68cc813c00fdc910	e4f9c2aaa850e22092c1caf0536df4ad267c7add709b8827d83ac5d16351e8df	220b674054d41f0e6c0f89d04f7cbdbb884b7a91dc22aea6d0c7100aefb2159e	6d73e4c7a10988782906183fcf5074377a47c2bd387bfa9f8e8598c365ad92d4	c20f15eb00e73cccdea37031eef39203e99ecb5ff5c150968766be2ca22154ae
268	ca2222431dc81bf2cb32927e500a9a59925bdd88b3eee0cb0b023cfaf18c1722	b757a6d5b06c6124210e0461201cdb5370d568ae57b3fc8f6fa634538bded682	9858ef36c3efc2031f89bce9ba92fa0bcc23aa171c7468f2b0aaebcb5bd28b84	deccbefcb17e95b67497fec6e1a3b098157eae152a36c73c875cd10b9bb77386	8d756e96e71ac15aae5003a425d6fe7d8cf992b6449894ce2a091db1fffa78d9	c8961695f5d911d4be3023ff88d04ccd7d8c4622a9c9e0b2ab2c0c4567c2470a
269	381a650af5d8700a48e089d8e9e294b45bb4031f11d7c5dca23c6d7eab203dea	0dda917bb3838883e8675f5c3d959889dad6d5bfedaf17017d7700bb03f539d0	c6ed2044bb0b914608cb29b8bc468c8d08724171dd5070e508a5d5d810fa142d	3e94102fb0b24dcaf4b9d73884277abf7368b859a01b9d80ae03e379e5085e85	350c3769933e426148269a5c8dbaea0a62895faf3c148fa338d3dbefc4e994b8	9df2963f0321d521ec972e176f2677ffba5b31359a72e7db8d010b2c38b61776
270	6cbc518c2bccfb3d31b894d356e4999e625b0c5fdc66e528e8748e7d4cc4c725	f7698e089f471e445e9a602ddcebe3a5560536107eacb315ecfa6bc2eb6d117f	b03356597beb7272ce55fc77150b34a52cc90ee65729a2667baa2fc7ed524e27	32f42c44f35bf9e2afe493d6cb045124575b255fa41e1ddcb0189c33f29a9af5	371d10baeeeb72506e43c3bcf05819a05ef9a3f9e3f066507fdd40fa0d933452	e87902d36ed4e0079d72211883e4badcd174048958143a943a8584e02997ac09
271	01a2d5d846f0730717b8b93b8e5b852e721a69375b330f94d96b788817e18bc4	c3b6cb2cfca7d60a7479d3137a87d883b89dc0e65a59a6d16408efe171989056	2e2bd453601e4f910d343297f05aa2e21aa4b575c7538608b3103060736762ba	ee5d349ee3dc724142bb208e84ce9623ddde2010986b88c43a982cf0ca3ed5db	5c8c7b37907a31bed26d9e44e7445d4e2715828dc2b71f90162976342dbf7f3c	413da27b8f8b4eb6ac14a2fa5d58fc0bb5eb9d171399b49edbad7b76ba776b72
272	c6dd1ada2b38c2e9aad45b4098bda9e632a8cd63c39b102030c8c45975e82248	e215fd0641d441c7fc27b327978333347bf24a653cb17e1eaf9ef2621bd05780	0f7d2fe338736edc24624824709628dba36d8c576c64cc7ce9f73de54856ad53	4b34f58274d2e84b179ec5cbef94c076ff8fb62f732d33296538ffb84be8ce0c	5df617f42de79dda7cc190ea60a5582be4324f2e945e6305b06eab8b78167e8d	6ae635507462684c8848895b11fc7e5aefef7a0e19619be86550018e4a9b6a30
273	4ee7ccdecfb959ab849a86bb8001b4b64945f4faa178967335bac92043addb4b	ea8f2e24a7cf3c7cb1711178d39146a70c9b2442f04b386527f0296ba119b3ae	cb209d6dc333750b0ca05e6f293432448f37d6d3e17fdc42470051cf330f20fd	17f6c5c23fb8e8ed942094f6ab7791161e9823265853647b96df99dd2e2432c1	814359c12f3645b0c9c101b3868e4dbff0f57fcd23235bd6410ef21986ce1cea	acbe8ca479516fb8c22cd16490b092dbebb9da842dbcff3eeee07e8e75d1206e
274	71207abd4e7b44ced377d92e112bf7eee9b3b2c236ad547de512bb9a0f4adb6b	2992ab455b756a54e9453e27e9b13e803f004a2565af3568e22fd1e292032f55	c6358b08264aaf01aaef17b853ba34230a43150bcb98f0776afc60f3f088266c	9322a36f70e6eb17e11c3887d660949628206eb7c4429b9fd04bdeaa7f16335e	3b4686e498902a73c42318588f43b73269630fed46ca07c4e1972340c6ca9d04	7626741d819db7781d5d1dda073016d925d5113e198cd015052ac711d8a5afdf
275	9b6354e6aa21068837cf8c978ebffd00533fe2d65a64cbc082620011f21bcb65	7cfb699dcbc6030711904e41d8ce1fcc73e04b397f82008c95f6e79645efa16e	0e1a6bb148771d44eab2b1f1fd171c7f25a24d42163a190fa1e5fff07a08ac47	3cc40dbe879734002f655bf94614c9ab8b6679231e9a6ed15d66518120bae13d	0c82e4ac84f444c016cdd6c2ac3ce8e816a242c9706539f9b3544505e1efc592	d05ca19b5cd0ba80d9ae4ffba0d66a1d4c9892c6d8b4bb7b2306c22271d31328
276	5b8692e197463c8de03f4947563e44082c7065c37e795efec01dfc2662ee15ae	d1294a8438cf3e76868c3059647aff2405b0c824e5c92f05d4ce231cb3251aa5	1f5770cdea805a27544e1cdfa7ca564488fbb9a289c4ba654a06b346607ab2fa	674152c68f8060a9d1c94149b821e565560f38764cd948b7b7d0f3437ea31679	1ee62a719cdaa716b47e4ffc5c23afb785e52e4bbb12a1fa4b960f3d18883c75	6eca589e53a372ffa5edd16c336a0fff80e855a0f0c7b757729da8a368202f65
277	443d6f6c3e448e630c448dba29018e863144932403750243bb52a94eb9666118	a56b830b2f9cb8a916d7fe1ee69ed80e9400b5d28eab306f2931256b1ed0700d	475d73b09e8db30bf26baee8e100c056b96557ff1dff484c1047c390e1b161ff	bd73b3906d7feb9b655e2a29d1b6811aa787bd604f92c909bf5fb10f95b98c25	7c96d1ce594631618324a15ec2e99ba199a0f756f1f6d8e72a2c03b6066b0121	e1cdf5357b267d153fe04dffa67e90738eb4b30341f2f9ac97e03b50ebc95ff9
278	1440be29818762e506509736d2b900ce9a4817d067383009787b37ec396d8379	3ea5eacd93a9d1a54bb6a3a4bdba24742a7ef69f4ad5863655fb341f7b8b08ff	eb11e76f0e5e9fe9cfe1e4f4126bb8143b23cd373430befa7fb888750f8d8d9e	f166555269717caa4684f65766eda17a2afa03e2a5095cfda81eacf313810599	296c09aaf88489ae04cdf0c7e565c44695f9e3f7ed131200820d4ed45bd9154f	87b045f3e69c2df64d69b0344f27dbc85d2b0dd70969b4aa26ad7d12609729c8
279	4175effe78c954f49c0b5f29d3c417d950e3e56d9f934124c9960d89da408756	d0050495855e784ba695ee7649775b873a08941e2baaff8812064443de59002f	048ba6a0eae406701acdd2b61049ed8e6ea5b5b4760c0a0c6cd5eb18e67579c6	1858a23ac731908eb110da57d46cf0b314e165d302f5d49a13dd2fd493cbc1c8	a5b4171e23220f149fb5c173511db44f70df0c2cf63b0be63a7f291eaa39153a	37c132bc101323ed95f2c57710d51537d640aa76ddcaf90f9e578ebef93c7cb6
280	2c9adec062d9327c71b0a022869920ba0804a2a9b861d5b02ee76a7614e90068	f65fcf5c494dd3dc42665d80702f038c394135b7c10bef8f63f22216b128f4d0	ffcbcc7c9392778b76e43d0a6ff8d5c71b914f10a9de0e3178fcac88e8ece66a	df47af3e4eb0edb40202cd8e833d72e350e6e9f6b19886f8f9adb8b4b51dcb3a	e24cc5e464aa7df15b08e3075dcf35c66e76ead7cb5bb2e5c2a85320889f0734	97ec2bd7ba1019ca81d25e9d897486799599206070c0d590d1e03910f1f6edde
281	51f6185b3cf1b517714811e739fbe8bab63adbcc52837c74c28151144fa62fe9	3f3b640539774db3b3f0f4b37c4b2b6fec034db6d54bc4d114434b6c5ef31032	197cd71101e672c48e728fb3a0c708a266c8e251f742c95da84682b1a3898068	7d2f3c64cc1e6eb45bbd3db50266a1a8fe75686fad8c5e4b80cf3b35ebfb4ffb	83301c603b1a9bbfda6d962efdd13db73bffb5e140e12487daf5a46fead35da3	90d8ad79756ecdb451c0d85aa549bf5d931171a2b7a62c5609470599f9712b35
282	da909f27a4013a8586bbc5850a398c7fd27020c7d896c498fd62bef1df336e13	12f67b4bda1f0c6d3732bf3cba16263025e07cc2a2c0253cdbe0ab236ff293a4	dd40437069464f2816b82ac445aca3e6a69fd443a4df76b7c3ccd402efe63f73	363a91c5040bb1e0b743c1885b168a48345d4128233a83719aaca4e6ad8bf65a	6f02cf1df3f603f878a34d31fce380377877e481bc2f863dcfcdaceeb73948cc	371fbd47a986010c4b363a733eb99651584bba457987c3a1b15415319002c582
283	3d683d76b5f4ca3c274e00f1799c24d00b27effb90ebd370b7e26d56887eb134	42cb0768d401a4f7ce270a72c65c6f82c0981891946f9796e7eb4cff3b12254e	499ad26acd8b9d7b3bc536f94db547eaa6ced01562565afa979d96a3a319c650	6925552757c6aa21d9164cba9dacbf68f7305e7f7ffa66144688b9bc7644368d	2a3e408bd099f505ded77ccdb49e475ff10461c20e6461d197b8b3e560dcacba	f768973f1877b04c93c548a438259e8ea1ea8c0be82b2680eb6b70d17a03b9bd
284	1ae6872fafb43b86a241058d224ebac40a751f201c8e3cd9fb808b4fcefee94a	35d548d0d2065b36028b4e98375c198d03f6cf9754aa6c4853697d9341f4585e	d4a4e9520bf77d208df3ce13134e47f3bf4a60af767bd4aab9b03998883b19a2	338b5a0372ec6b08b36482f44472b5f7afae79b7358756e73e7f526a4c5cf35c	a3e7fcc846a5b389db33150ca75ecb7f658853f5038588752d0caa48fb5ae08c	57b57670bd2cbb14fcf0c52fe4cb616bcc74c711cd23e5c74698320a9508c2cb
285	ed77f2d6fd2e9baadc0fec75270b933674f7b8480b39af5a89e3e7bf64709ccc	ca99d3d990c49ca7dbc72ab071550b3f5e29aea0ec4ea597e9089f5e8e4eb174	21bcc8b22681ebcfcee6dd0e18866522666dfcdabd8e006d2d4007d808b9df90	00fc9d44ebddeb589009dec38f6c48ac2dc23871e515329e33bbfe0e4682bda4	f1721334c85f2c44d5401190c2b3c2e961f4a6fd9294552ff041e926857ccca5	c225da33623087a3a7df8d96072437fa80e19f46f25570c883af59f17fbe64d5
286	b22631e661897aa66bf74649f4085cd58b4c5d8210b1f1f37e45c0ec29cc4a65	9d81533bee158b7602e3d75c6adf1ba371d3cf841f5d08db8a2ba6d7906e346c	ced7d3193d214dd9e632599af75be6dccb35c922f58c6e1371578293e373abde	28a4d752be10bd13a030c913497b40cdafd0b0117b687559c89e41ab647ffba7	90ca06cd4833eda1d0db110cf15c81e07aeca3a1470a8978534ba29bba89e344	687309df87c20d0b48d90320c094b4913bf9b245098cadbed10f4d4c3a437b88
287	7a145d5f59d3fa181a80c611566ef685779088feb2f8eb906b5f660669fb90c5	e24aec49bede3f7ffceefb87932c719105d2f6228c23247b723915e4c901d044	e5ffa46dc479ee5d5e68bb5cbc76d31c2036658e10739a6675e85c6cbd8b9c43	8960382ae817f3a609bca9f87ee855baa2839ee4b5251f45f6790153d06d517c	bf5792ac482a6f4cc12c884eec2b61154a1b1c6c557af8f832b2f0151b2b40f2	10c3f1170511236c6e24e8059308398d974aadef093c25507d42ebc17760367d
288	ff1ce39a18d78a23ad6c8bf339100014395b3c1d32d450e5233986c22a21c91a	ff7945b5e07ec1ac609c424f435f7a525203b7d5b2d5090f98d771aadf106473	a0bf84f3cd49eec846bac546725dd0fe31f4f9466df78bb81669bf1460692957	a94cd6605d482a7349d2f69b931dcf493a1b558145fceaeca6d0347dd57b1e34	7ab386914f3d58d20cf2c33c552a918fe39203b1affeef999b43e6b96ec1beb5	8b1e1e9005fcffb8c8c8a27eb94e7eece86e42bf1c5670523ae9bbdbeb785a02
289	390909e105b40768fe0ec76e0d7f02f66d2023dc8190ab6dc8fcebce50c27549	56aff015544e68aebaf10661db5e33dd4f5bb3857f0075a75b7780254a02af8d	d20948140a3fe1e35adb33426b1e138530d7ccaee173e4387078ec71df7d80c5	72ebe04faf6c01d868f074daf51e75f2849e58f05b06f2d0bb0249ef6ec45e20	6ffdea006aff2966e4d4f3f28de2eb013b0fab98be1ca33c6889532606af5274	75a744dd280c40da0d68ffcfe45d00c8657eeed4d609a680248b0f4f3bc95425
290	da75e6a7d21d75dcf1978bc08735f4a83821ecaf25c710cb4587be5b312623a0	b29ca4a296b806a810a631c202b0c8f65824e739aa95b91941143b98fa456f47	8ba5c6a0deeec71f4462e3f2d7809d5b2f7415afe8387ee3ef662a177948f251	5e905216034ba8d802e976879fb990320d8c4505f71e205a8e9d8ef3870a0450	02a95195df81765cab7a62bb9de8318016e68056e76ba9d70f6bb902c766e16e	71c1a74f79e4b62abd56b36a3538257045cf584dd95c07321f0ec653ace33d0a
291	ac33248fa67090da0629f721b8e893f12b0ae565f972a0f97a402c9839a23655	d6b596cfc625a7014dce137b5e711079de07f10d8784bc40b965490f7c01b1ad	51c8d1723e05ccbfedce57115c5d07273ced33eb06dd9f078ef3642e31d5f70b	49185eb69f8a5325aa795609e84b359b35dfbb345342ce2959dbb896e560a953	2bc7d2929cd192f4a78df1a8b343e22c1cd191804eec6d36cf3d9153877f777c	329fbfbc27a9f020ab4a3ebf3c09eefbbda3bee7c7bf5a8b05c1283e9afc4e8d
292	c00b36fd6f63eb6f24813fa47fc0a7f27b283b4a75ebe24098969652adb19ef2	688f62a7e4bd0e244179a8a2c6e50a0c156792d9b63e3c4a461c31c6db229ee1	289b1445976c3a1bfea08989d225b831c8719a008424e2d1b05ddd9f7530000a	3ca861f86385b0544572a4338fd8240923fbf68db08e538e8054844a67252535	bf2d3a9d1668e08b7be881bc7e04e6b5da8fab2c9485daaf66bbd957531a4666	4cb103836ad242cc817694488fd84a2d8d683d2ff3f8ff75f223db3f91e7f4f0
293	4b91387ec3e51024de680370da285e47376a9c903c883cccc9a6dd986ebfeba6	5d0019f7c2576ab1f1545f3b068681acff5b433ab0ac55222bd441baf088a3e4	744eb57f9febed47a257c3d66c3518a8f0e83fba4d100ef0da291a23b6d68c8b	9a5767479675118a647f9fb3e1e291f2bdd21b9d4ff94b3e46167cf62fbf8410	8960c028dbfc5ac19770975838c054623717652016767ff87236debf35bdfb18	2d41d56efb5173750ab7f0e1e88aa05e0601570f7273148147ff892eb3b062bb
294	982d0a010d9b24c31930f8edb55b29953e707f21a17934e2c225d97d3c8f9454	ded13a1ace91b6722452dcc864f032283c33aedbbbc56d33007676c2e1e60c65	9228496f11746f4d7034bd9e49b1a971425d3a3f0ae5738693b182b1f4370fa5	5499a1d4b664523cad2578f1450b94a6715f24aee1662be5d5005220aca654c3	8a1958a4e845423c9513465bf4c6d8bf45f5fe8ed21220808b68164e9961b0a4	fa9a141cc3842c1dd31901db18582c1dfe3cf147258df28ef728989584445fe1
295	9acffc85e6dd63d0c71c7ba482c3accef9066dedf8b0be9b8bec6b7de5ec7d0d	7b686b091dd97a7de48ca6cc8fb324881f3b429c12b7b4c481a9db4dad963afc	334f31fcc11bceb8fa089c55ca8f6a37d9c8c59218b2f12e0d1f46cdc21cb904	2cf8195163538047febb2bdd7f64ef8d1bf4cb9e2c777a953986e61105b4e611	2ea4e0f8403435ba7d8e890ad4cfc40088e3c1487e5c7d4882e49627d2a46e40	e893bf110e7c7bc0a77e41ae8af713760b86c3c93f2882a13217718af26c8188
296	4d57984704d4132015112797866e5470818648d8603f98b92d3b428beca7c9e0	f7f925e522cbab603cb9da27c369b50c76fff41f18087a11cac813226b951466	29d6abcca907b46966b592f8b0903a7acc9ec1d7966d3570e8102561108e4e04	bdc8908cecfd5194a69978ba1fd780517a3b2f4c2f026f98da816a3785df1997	493716950dab4a53a310edc12a6bf41b0056092c8f5d37390978c9e84b13c0f1	a50f85a8e5872a3a930ee01af277b7957fd58bfe661695643390ff219bcb0295
297	db4cd448ac1316f1eb06d8560470ca4d39e38c61e41339d707eee6daf5140a89	5668ea34cdb17d74031793de8c2a7b7f11e261799fcf695583eb44b91df9f802	1bf32ae8bd1b62ebe3591dd62cc60e4368b8e9bff0a81f03c98b1ee42206f75a	c72954c0bbb8b13a612e51b0c3ea60950bd2567fcdcc190baf8b135bad6b144b	d960e50951a0ba8c0c28186b8fd884cfa20ef5fdac5fd86e902174c49759b231	a7931d7288742865b670eedd0595e8cbfab5bca673d1d4eaa6fe7870ce851060
298	5a5484f362994462fe28d3052952b707e6ea609849067149cbe874ae198c0786	eef43805c61149a7d81b06634af80ef65306be25b0b16389b095f3c8358940e9	ab216c8121823db182f6f9558c773a0c03f6cd54a5c36b503d961d17e0d2ded8	d960db7a5fccf08cfce2ed5fc86204161b3d78be18cf30137aba7a614ca05ce3	8bbac1defd8ab9335f5be4096175e469421a9f79626cc212640a5a4244659f7e	c0566bb2acd78e7ba5fea2c5db405791ae192b96a13191d647bd88c74d1c8af8
299	0d32bac2c99af78680a1541fe37a1e1e794260f413394b9acc193b8867cb2e13	de8aa89c85de0ea2f2ffdb1e5273e089ef2dc3585b3f4ac1c924c167e7f98f05	16245cb5a7f7416f449f3ade065145270a4ead7b59689ddd9f2def5467a8cc13	e69f7a43c477f561a56c91f4cf9738473c536bac699507dec4edcdf97ed9340c	497491f122831b4567c2244d078ba6d211ce1b2bb91719d5cb41f178ea515475	70a44bad3dc401013321a3d2340d45901d93369ba931c26d8f27594a5de9348f
300	f90d41a19ee873b7c45c353368cab34ca46a1e90f227ae98d6d7d051e842911f	e7345e0735703bdf5e97f01241ee2be7f464e34ba61c0fdddcb662f11a0aac76	fedcb7451401f770bb739abf7c8efe963123ba36009d7ef8269ae88aa5e1d8d3	3e847dd625199a7ab78e658117e340dd971eac877053d8c9799e724d0c91abcd	daaea43067c6e5fbf806e3c00094e79e5e0c0d79dd06cd752d56195e32ceab6a	47e90fef1c1fd4312027e57851251a80ea18f3398c118f4e9700238286ed61e3
301	a56fdb3d06b5af3ac2badd7e117e3785672d617db892f06aa0f250c88d572b7a	2c546d3eca0cc3f10775c358f41ce4b84bde93edd94ec6853320aa820eceac0f	842150c0e218c3cadf11eae62c38f71a47fd6b45a944b02e98af1d86d8a70b91	f10d5ed42aa2b91d8e2c30aae10c7ebec249f4d024422a2ab03562513538f5ec	c64c4dadcbc8b1d50fe036ed09b4a8c7e0569afc587ea5cb73e3ae622dd5760d	bfa606882b2ae2a950184115107e935baa89b1abdec03f8e1612c1be2a4bac48
302	aa14266e9966833057075ac65f108512fe0585a1bf081d505e767406404ff2f6	4c190a3ca1e3420b63b44103dd62d730bf85941623f59397e3465cb3d6b1b900	8a26528a19d62ea5b8c8f3c4817168f1c65dd9cdcceaf5c0a80f4abbc3c9863f	13ad9ff2ab7628b507216e829826ca13a8466a01708f6833a3d2f3543b86b853	29524260cf4936fd115da56e1a884708a06819d89f3311153608fd1932930d70	070d030bd5e0e3386622b5a7c9bb83e241aa19b9be927134394897d6d4f597a1
303	1033772a75baec984249481887d84ae2fdc365bd7c1da979fef6e42edf903e5b	130f34625e790e8ba903e6a0a3ff84f8d162d3c0310faceb1b3e187ce8091eb6	a2ec0da1ddea2ac2b1fb04ba298858c3b7db29f802c49bf696e628c71bdee06a	90bb20c8d48ed6b1aec290aaa8b5582be4b949f41beded84c18706dfbf20b582	c3e795d7eea0dca61465c26a816f2f6037714dda405a928e5e1b80b32cf41251	c363746179b51cf23c779e3046e13d5ee11224ca02b1008053e585cfce2d529a
304	4cf94a9033bfee3135347e310f45e35dbccae3b5c66f0a0675450b0913a052d4	93720757d035d91a7a78f876c8a51a92095aa000a2b771d4044b5ac17f1fbfc7	b41a0d7dbab28da2e1aae3a619b456c8ba734173625189149a148fb526fef329	30df031985450f49fbbff9b757e98b351aad86c77dfb956476f4be13fabd9892	96f113ac7e6ac42258fe2034e865b87578222ef73fb63891053fa6d4e119acf7	af8ca251d026baf9ab4f5c2ac3a0a03e14b285e5eb14bfe6cbca5490aaf0e686
305	6213095441d2c0d2d784ec3d8f8754b3fe2d5ccefc633612b54c8a6e8abbd891	37d9d0f24dd8513d8f011c1762ce72bc18a13faaf97a04b3503448eef01ce3b8	c0b950b84bcc083661298acbd0b6b49c1b8d79a338586a69edf47735f63fb564	698b1e27e0eccb2eb23b1c62416730dd66f5aa0412473fb246a8c26365baa5ad	304b87572e307a0eabcbf004586869bdbaa3509b4fbd33cd8358961067fc76f6	9c9fe2d99b5ac981d3ad86d1f44aa66a4754c0f958db2e9f65c622bc0843536e
306	a62c705a67d7a7318b47a25aa079107f862035615c42f5442f7e32115e9c7cdc	a42b586a61339c91b69632ad2c30ac186dc75a4ef9d15246972395cada052ba2	30604c08a34ac01764b85f4ac055270a1b72ae9045994126e5b1d9c0a32d52cf	e8ecafb31c5c0f02e315cc78c58f3462f14ba9c4ed229494c14dd0225711cc44	a77fafe953d79f1c559996dbd8f38d1b00483a48d87fa4027186568976ec5cee	bc27c4676d57f96e2f0881d13ddb6cee1b6919e50822d6a416aa29ad3eba15b5
307	a92ee13c287f9028b19fb1954bf9cc9070f488072b113a4e226ac557bcaf2911	9b3a4dcf957b2fbbe7e0592ca4fadc86636a8cdcbaf76f410e4f77f7c1ec4918	edb71775fd97406909b24e46cbfe3361412158cc275d2f351141e1718a5062ec	a228077eb5a224f136e1608cc77e4fdd6eea865e82b37b365bc44eb2520cbc4d	0519754674da24aef85aa3df1c4942e3af3294bf0f9395acfb7f764d91f1ade5	cd4754978e444f7301aadb05592fda46219ac9de81d417ca768c74181b69897d
308	0234e834bc9bc0b4a721b5dc25fbf355b60c3f8c081a81584000228e2c33b16a	d77b2515b71cdeb62492e124f945cc316bbcde95cbaa65c57585a74d221fa624	00550cd5566384a5e908490a162578b88bb331867011561acd3cd38f1eae46c1	e813214a56fa6d6da64d9387fbecac7603942385da707770d158023a97f7f786	475ec73f7a1d9cc91f7a00efef2f6ee4c303adb868d101462981208886d96813	ea3a0c1cfa2783afdfcf2b1438ded47da7fe683dc5abea4872731f25da7be746
309	bf8ebde2ef2911d65dc1dbd82c91c649ee453930054344a668ae6a5734d7d68d	cc5b8a52fa4f5e7acbc38949fc1004dec67990e2a8256e9c3e99463809f14cf1	73bb5c24b973f39d6b2dab5ad26e39a957246052e4e887afa3b56e13ea98b115	4bce841c6995c625808241ad74a98ebc47840712e1f68202d5ca28d239ed2d63	2cf46613cc1037b2ba2467bf893b51a52f60e3f950fdca9297af8b4891828ed8	1a1cc569c98060ba36bd2b21ad26f72b4575e1bf8228636f8ed9e87a3101005f
310	ebd8646d836882bce899528a08806310cb0dd1b213a389beaa750883f9dd0d33	3ee7fd1639b07de3a6e1571f27a3f5982451416443fbb9664b5316d4608c8c5f	596a976dd0476ce4b9d021b9473b783a402a3d148cb9b1f0387fb1d5628460ce	f4fae44131765f574e24c97f9ce744df051d138926e946dcb9e1b18e8a3f78dd	fe67a4ad67f515171b03e0ccd5a33f612b3927db20e10e353f86349a9ea68f07	81de1cf568fb06a1c94b6ab63677f9f6db98166ad7d581fd88fa6bee3e1dfdd5
311	645b910cd411a8553c63980b6438b0c87dc550c36916d6e46f96bd993308d109	562b8dbaa873ac2d8b653d3998b983bf7b811061b00c606a4f17f269438422a7	db22f5e5f066fe77968d5eab5cd5c8be58221f8c0bbc8cb8a2be2a600963d6d0	59cdbda1a0823da97e63bc0b775c430034576d3a01c66d8e47c5ddcc59a20dfe	21864ba2dd7d6b36fdbac5e8488fd031187bd5775230064bdf5b3d1e933ea27d	07d521ab5b2ea8807fefe6e81153c0bb35ad2fe198c61123e077adb3a05eaeb1
312	08254f55bb9575b3433961c457585d652c29bbd991d9d0df9bef21e797fef33f	1aeb6f5d4e4af00f2489ab9940506d2ab48a8cdac728005d1f039835e908f38a	8199df672d7468a73781c6a010531bc4018267326d5db47e1b916ef32a182a4b	49566de31cd4f8fa15ade7e62e188e5f4f66f57cd018cf246d1ac2d6733ef831	bc0057a8ab941374f8b58489a4a998691425b32d088f093ecded87b4b8f2ef8c	1b43735e39ac9443e547319ad0821617d497a103d02131269aadd5fe61e24ef0
313	b83d6493cfc4216002b80009be5c7cff9c415b8d39a5643f457e83e41fae4906	0864f1f0529fec0cfebb89c87bd7cf6da1e7d092f721827344c5a51fe88862bc	0c65b52adc7dd78bec2364f35ba5e7e1e06b1a4510ef5e69be02d167e72134ba	9fd2533bde02fd2413b92026171e7e164c1f0bd36615c74546e73c578bbc251f	c68f3806aa8948e387ddae1f966249f8538c842e5552a73e7b6d5b0fec90aaf5	6fe2bf7f37d19c4645d15ac832db7339fc105be8cb73a6bd5e393390130b1237
314	2527eb2eb80629790ed5d8fcb4e3ef42b211db80374185632245de3e8101fc0f	37b105ae2edd4068e84dc8c3b4fae69b79a36eeb1b9cfa808e17c26e9096f6ba	8aff99744eb6ffa8bd8178ff66bc7d8773d28f1018ce02e86742ff1cbbe8c3d4	3def26a9089b1a64b00c8490b6d2b88949a5a8f884beb4f601201bad024e6ca3	221b520ff9fc8ac3f0089d480db51cfa750b3db583fa7a78dab01aae90c9d571	513d130a23f8be39cd7ff3a94c1c2607f9192306c900572c9d947eea400b2a3b
315	b683ea27aa9614d200d4650e816029aaa4d9d8cf90f41153413be7aab708304d	617fedb3e8db549356f88f07f354df4df641d04a570acaa00a5cd3966d0570a6	b466351d517236a2e94a5c4d61c1ad0664440f6f0fbc4694acdb5ec259e60e7a	c7ecd0e2929facc6feccb67fe01ce3bc0b3d7936c85ddc1e10d39d6e08fc0e95	63f0826dcdbcbd9b7dddb7826cceb2da2407a1acb9b781627849796f5c0619a1	ee0942654e451f57fd0227ad0ed2986fdba781f514b345743bd2088d2debd74d
316	7ccdb8a91d757b308453eecccefc27f81806d94eb1cf1a5821a0460cd80b6b4e	831519ee6f89c525897067587aa0905cec5d73e4bfec3766ac6aab3f70195b44	a1f8c71a6fbf582d3fceec76d9f859dcf21021929c40d62e39c368a217d9b397	82b71d42f57a4e67d577cf8a591949e2abe8b66ad79b28ca8ac15ac9f5f42438	a4e41bf7e8a8a2c7870ee5fba93910adbdbeb11503a3af935d9f925ef0390f5c	31646872208db915def2e61a4f46778e74cb9791d0af14f0cd4c94d5564371c5
317	ee766a6b94fab8871d99c43cc64af3c49c13ee683382687649ac70861a90294c	79f56277f034c7f0e149d665a3545c5c121ec329a66a20916e74e02ffe1b9f36	f3cb23682186b248d474092fa16f7a7062712009647c17234706e27abb480b57	57490d5ca628ae968b021dabed0554e91bd5af013b611a5fb1591def798162e7	302d936825f44780ad2569ae109fa4d1c62db54c8ffc4538548b4aadf17dd7e0	79453ac60f04ad7af7a3c2ebc88e2d78b1639555313580cae17d96b5bc657ec8
318	c1881b65d97a6027615ae38062bd65ba984251875888887a84d628bb1363aa41	d080312e2d498f05ca977278cec77c5a5cd9b135b7ca56f6ee72a3afc6f64b91	973a3800b2ba334f887af8752f6d710d9e80c69a70cc24399da55009d5ff187c	13fa08189dae2c98b13bda93d551b7e74419e7c0d9104d162976de9a1d5055b5	45895b8dd3b250d9c4571a7f6406bcce3427ac54d3c70dfabc91c803a30829a3	c17973fd141f59f341a5d284b9122bda962b19be194f6f89f477eb5a33abef4a
319	55a0e45d045578c9c4618b7e244da1e7e9622afd43f0d9e2516c18704b6ab00d	c0f8d61dc060192e3901f28a935b29cd8d906940d632ad6cabf6dec283b2c247	d47be15f62abd675d7986d92fc2210180cf8cb1dfed76c105ed09492a05ef48b	72d8b0476d9fb99653c27cb790542e7896044890d0df7d88928e3fad4666faae	8639b3a241cc49b0a8cf79a43552f3bcdfa2ce1ca65dc34be0269be946ff7be9	a3d1b245090b969888c356f528e05a6e6bcb48a28efc6792cd582d981f381fd4
320	a0ff145f5fe3cf1fc9407a1d338dc586c872694a9d1ec91f219e03433c8e0375	1a96b1871e1c736b3605e60e3d6b2fbbcaeebdd26d02f193728975df5726df5c	6df4e7a3a42ff0cfb9e2b11d495a31888b94804f5666f12efdbd24ab4887bb43	17e898e2c778ef13161972885f529d72aea4552e952874a877dac0aa81276e33	47a56227a015837595051589e639d7be59a917496f81fb8770a27c92b1d7ed1d	54cb025e0ddd6fd313817ad176b354ae6cb7b9492561f9b7fe6bb3ac65fd1052
321	bc6a9a25e42c84d95505c98cef39edc5e934081f4d26302eb6891f469d832849	abd285050a8cab90c8061dc03c32a22f32fe45128434618796cbafa4968ecc06	8b2c63aa7656bd6935c4291fc27fd89cf129c9fcb73d5f8510395ced389f64e9	3dfb1086caca5a7cd177441b690c8f011ab074bc469278a598888135b28cefbf	501ccbb50a30b6d833aad83912acdf6eff132ee329bebf1cfda7d0ad56633e07	b00529fc25ce4a2f25f25e5c68c7f9794932943ef207e994ac424b2371f55cf9
322	20549dfac90b153e4b7609f17e053dc4406220336de211aa9f39efe24bbc7683	3f8fccc997459c6c61055ec3188c49cd68d36065e12f8770b86e16a0404ea09a	c76b36411d9c94350e86ffb2d83c3862905f87e262fad0d497d761063ddaf01f	62ee3abdf5c2b647666753f6d20d1a81097915a20b98bc0a074c253c5e35f16f	d99bf523c40ba837c21d0249e6ab64d7cbaedb7a607326511e17cff45c127da7	51304103c44f1278f76adc85bd9d0667819eb0daa3db779c9b85b0ac7d762fa5
323	065accfabdf9df2e683c8fb3dfaba9c1d09100c287296d94c94e5ca385867c9f	fd5f8e648001f8a59ee94be3297aeacb28f0a4ccc8fa38f33c9b16e47b5560f6	c5ec03f43710462a35ddc26aa5dc0522eabb5533a4a35e148a45a0ed512142a7	3d69329fa886f97cb1073f5bc132702ecbe891d2e1078510a9a508671c445d28	b90a9264ef1ce810358fbacce42a5235bc007956b0a2b2dcb126c9fe868199c0	af9490b778c597b9dfa50d8675b107c372d1a9dd4845f909462debe523891bfe
324	0c1c10192b0386d03038289d72147459a8b10dfbb524371c0d5e79d28e1bf090	4f51c3ffe131dba76c2d2793ff70cac8fb7f9e7aabed3c73b36b285b5c58ffba	43e537b5a3536d2afa9e8cf67b62009ce77e73acb83319447d3178a0b12b15fc	377661a8da52f9081724e418bbf3305535da062804e56bad1479dd322a4cfde0	d51bd5feacc18c9af8c86d66053e273e27be1b6d4a5affae5c02f521798923a4	c275de51478e4bc7ff08ca7322c4a6c9c0839e8be814d988a590e08bc947d1bb
325	9a9f7b4a884c56ae640d1633c8d6409b7895fc94e7342346e5aa98b51601f958	ebd930053ae947338b3661b4b86c0739f3a461cce24b2dda87839b66f964f0f0	b1410a2276ebe426f82ac7f429622bfd363c2756d13f13e2927ea41ec8ea7d19	cef919b2d2537f1b357ad3232cbff6ba6f88561bccb10bc993813908bf8ae813	dff0c0e14620f3220e0083d8007cc5556d07429ba1fad05ca36a0779a9a3e7c1	9858eedb2d5208cb3eac92fc41187a7ef7bd1ab1ca9cebc9da526dcc3cc58f5f
326	2b2aada01d34f67db41aa1806a70ceaa65755a7439683c51588684ec364da68e	c59f6a7e06945a4fb65c70d73a92be734717b313d1eff4165735276dc1852199	c821574036843efb483b39212bb3c5552a78cf59552854d755896aff8c930a0c	645a69ab5d5cf859ec9f7ce9fb7ff9abd3f1a004b7dfb3fa82f3c5e758784457	b9ca02bb654d3a93a22742964443655910b76ecb2f8772c8e707a0637e33ea8c	109a80d0d0c7618aff2bc846c25482e9508ea9302fd22181efcc3329afe30c4b
327	1948675495289482a911d047ab0e7aad6f25da7178c62216d280d33f6c1f2a71	84082cc25b04237460d242321b87a81696269e9b2cf1cee49c5036ccac0febbd	e0e7fd115351ac4a79d1f1ec33f9c493828abdafb0ad4ba2158b561b4099d44a	368d24c9597dbdb1db9069210b298362efa338321634edc0d702312b6e4f5452	4efb3d811f038df82b2a37b311ebc54effbf0f68c8fcb49bc99a4d186517fa15	a7b2f911ec17570f3a903fdd282ca0f7f7b4cba5d3b66820af73cde24f04c9fc
328	c7436aee3f0d477909c7b5d8925734e3b4ef793d5b8bb5e203851954cd4374f9	35accfca57d08ce1e163de87236f1fe10effb1bde1ecc7e047fb3fce79ce3c4a	6407f7be37aead13d98fed33a46639acb8def9e888d3541241f873b4f0fb21c3	03001c4add0a4f4df2cd6444d21a0b2f3dcc9368df36aa1e92dab268c7f8baa1	3c24a312f451d3149500dd9aec9900dd3704e9ec093c79dfbc17d799149eedf2	fdedc8f0d09bd0367faaab16559843ad3717a87a9eb08d375b825eb829fd8040
329	b560e7e6c3970f2bedecff67676fdc246960fcbd89239dcd0390c4c4a0a0cd66	62a4225ad3f18481202c2a9c77cd0aa66890b1e95e056b2423793e026f20fef3	59ed73d8bd8c6ac2829830fc4304bd438eef2815a5a1757d8cee37d2f0fb0ce4	ac4febdf15cc03e7f4334b5edb9ad3a60e65e2c35b26a35f68474abf7a2f7eaf	72478aa059ca8d15585d4cafdd258c71ed0e70a74c0625b9cbeef8656420792c	7f507dfcbf8693d070a5495bba89c851c8484daee9b3b717c6010b9d3ff0bd51
330	5b56d390bbfb89b43c64b2710a0dca1fb32ef72d25811c0aab4548be6eb68cce	159270fba8b21c6690166d567c9daaa7b75beb18839b03e3770ee54d0b5ea0a6	0d3cb4bbd89470f76d0e39413df2d0d18823de1c41af5e4f05a5dbb393d958d3	b4167db461a1d4752b52a50921f81c7b2a4073516c8745921c53503eaceea445	e0faafec12731cb465c14d1fae6ec055709839ba3b8637010575d68985975b40	881a1ec5637445bd24fd81c810a614b64b9d424fb986e54db9d4d8f4fa7a0781
331	7860f58fd3c84a6b00365fdc87fc0e71b421b815a2432ca13f94ed0fda73692d	f6752dbbf22494fad11552d5af4c0404c841091c88c1fc934e43eca09426ecea	6a63aaf8814b4f097c5043accecff064c5abe48b84d7d73413f5185b3d6162fd	42fe43b1a03192ccf50c2854b27702568bcef3970fb5c14a9d5d19f004a607b4	55c4b0c3be8ce0f593f8e8ab19a6fb121ee7476ee87376a42452a9c2a7547f60	6779c0b31e74b1423309247c91360a1f4cf82905ac25e15e3dee165899d5544a
332	a105b788eb623a150f39fcf3d5cdc38a3fae1d3bc1ca6f87b8e261d4cb42c718	7664830f3a4655e1fcbba08963dc36661cd1a3f1c220ada0f2b4f6cf307b3f39	f2a684ae0994124c7e7c0ecda4efcfcb8042c636528da7c772ac2b88973fa8f6	842997c50802544873597384ecf56fa2a3356a7f6cc9e269215278caad565a87	7e9af621eaf8490e795c1fd7f3274d6098d20fb68213c7517e32efffef6de7da	2a61cd1c3279b223a058639898c4fe346ee5181cda954c87a95cc7ac7f6a837a
333	9eeebf26cf17136a3b4ded76b7213471f6bc0cd258e284fb4c585945dfd06a5e	5be6955043ebdaffbfeaa814ca96c0a4c0e5f89604c71eeec30e5030084ec385	6cc71d397511e590fe55ee609d9554a81ad05877d3b49df49aefa6abae687383	3087fc085c9a6e085345e77ec5a1d0e15d61a055155e4ba750687be947a91b9b	bde40a43178ed793291612a3e5bb2ce2b1127a7869b6e8e52345277b34884650	599f343b5f646dbbc54f7c9c866b4305d92d1e4ad4962b8f6f4729f3decfbc2b
334	0ee5c1553ec6cdd88538ebf1935f29c30e25f3794e00242120883f1c53690bcc	4f5246b72d481a77f4ddb7d6f0502408850a418db60bff97accb32008e0b42d4	f05ac90e63cfb46ea4484604a1db86e040430fde32aa343ffd506e8f1663b11f	c6862621a8dfe61ddb9809af89ac39da84aef1fd6867b4a66b47f68404141cd2	cb459b1fc4544edddd6ab5eeab95a0cdfd6f9f4dd3dc275c3e24f277908d5a90	0a768797174aa5ec97f239c202132445c73567a867fa2fe0c76e88de594c2abc
335	897659b72e51a3956d47d764300886efd4c82ce363c0f7957426180b238e6882	f580cf519b4e7e83d56648b34bc9dd62a8dcdeb5a43b6abfa9c68a05d94da8f0	1119e3b693cc9288fc6d7fdd1c4372195bd62344b99dc0bcf24e18bf4c970c0b	eca9e5b31bce470fb9a44c0281914781d946f76216ad9619165be8eb4fc2c894	acebed3816ed949140f0ca63adb0e5284c3267eedce2b6941bec373a5d139ad2	3d3b71f743229795c106474256fa1fdc900fdc15100008ad68c21c6dd7e7e53d
336	007b49c3914c675046e9780837469a6139ade260584cb1a2f261fed4b115e482	69d398be41695d9e0f8fab15b304c38970d2af37ddd0e1b7b586d89ba4ebcbcf	8b510d8dfdd9e1463dc2cef44eabf090bc632aeea780bb9ceb1b0a412c3ce791	2edaf29a9bc0cc4882a8661af3c0fc9116ff32f79814fe0ec039b89b3acc673f	bfe6a87e8c2092c8229809a6e3b6ef69a2b9a7b158d9015548544b21a8dd9df6	d5521459b27fc60f0ee79137d3a2c4857e29788b9b103d81006782e19d652213
337	4ace6af9014b7fa9a9f81ed56022f6fea30656061a28e207aee050f436b2f208	d0988184fb3f58f4225883f8d5a43e1bb26cc31c47ab4c78de76875732a6b4f4	080b797fe96bf48ef30ea0db7ad0a433740d54b074e06a4a0c7bdc4edbbc5252	d16a178da95324dfa8f43dd1620dcc1ad6da6152d89c6a3fb312ea99eed5b376	a648a8610180d92405a4d705707e08757cb6d3e79011756ccd88ebf5f9fe56e1	e08bd0d3da7f1ba96505132e82e1dae13386a42feb56a8fc44667d938b262ed2
338	a80271f7f9a1d1fc49cf083367fa9b1884210183c5f31838aff80559a9786624	fb176a83c906b109230393eb217145127234c850966cbfbcd960323ff48c3ff2	e7ac10f832829985aba3d7bd22550afef7ce0d2d8ca2bc34540a8188fa27e400	42ba7b2851a89b65e8784bec7507a8ab6b1e53022c063adaa3eec0f29cf2764f	8916dea2d6eea3f590b27db5cfbcfbb21df197e739fc632f8b92eb112ae30a61	8bf51247e3e17e35177b3143ab1f90288c6046f2bd6a9f078605909e123de800
339	481b7ddf7c57d78e6ee95da3a658f15fee16e4b7f7a4cb2d1f05fcbd82d8d0be	fec879cae0d1fe64ed8e1abdec77cc0e17e76f07806c49a55dcd9748a3d70a0c	fdcecce5e29ecec9849089de2ba52c0185523e7893b71980baa9652512193229	c63dea812b1cad40ff12374a2718475720181ef2b57d4450f35524b88486c0a4	8d5746d045753f4e4b0d4b7521b2166e25d57f7df4c6ead72718954e73836a7a	1e0fea9422b152227a78a36822653c7ee0380e27d5a9a0c673f1b4103f4698e5
340	c0e480fd5529cb127a4dcf1da0e1167e995931c86a1ea73b7787db2b90415a71	2ba4fc89a382538b9cab3841e8fe74dc0d1506406dd683a6cb4bfef0c71d8fb8	3785c6dfc34ee8af37fbaf971d551fb093734515fa56638d214d194cf687d3bf	eb0ece8002d0aaf6ce15f0c331f88206511b9a2c257027aab2d1235fb051559c	4c3de984b1589846c73cafbbd45aa39f92b7949a9122b0a0e908bccc5b8ad23d	7083e38fd376da1ff699314ab394e6642759411e19f7cba75aaf4f3a0f785467
341	21a13ef8782c79c63e190454c869db9453a3ab1b0cf6e7769d809ca736141b87	385a4276107d4a174d32955164c274d0df629ca414a748f42d6f6f6cc7a077f5	babce99f29f46f3e4c974f2abb4cb8def3a6d277918e6e6ab8aeae903ea3be5a	5f512a3158675520fb2d7cec758c2cba4efdc5567bbc2d2db3aa8d2b88c10bc0	8370d319f49615306cdf97a116aaacd53be4826430cb00228a68fa56406e1d28	28207fed7cdc2327dceaa295af89e14de68f91837262e224d7f1246e7e34c1d4
342	b8015dea88562e594afe569acc067823822eddddade406f3c197fd7e8233bbcb	3666a7f3684e56805c189efd89f08ffcb81e498c2ff8ee14e13b202ecaa1a876	5e349737818a2ac6aea8ea7f4ab2d37982e9693cd3813d291859609abc42e4de	079b11e34e198e8493befdd0ad4b4314fd33c110f1f98ecb5c73c6b7863a3350	4406a4db09e11f797656ce7bbe774653705460d1b31ca26418b8d676042e4dfd	a65429403996a3ce500a90ab98f0a70792950ba21acc9af48312eea68e9630bf
343	e61152ae69dfb89e717da0669f3e5305dfde902df3b55b7f5aabb6e38335b230	e53d00d239d724666ed1851d2446a8ff351fcc6233d51c81b914ea6f316a6681	b48d7f96c6d420ac0d5d5bb38a7df86c74c8d039abea8e5f51660bb3dee71c9e	df0a606db949b658c2cf4fd9fdbb6ac6922ee3b67f99eada30b69fa7ea778261	1e725d0a4f2fe15e1353282bc4f61046968e5e159ca5f789dd691f3223b7959d	27ed0fe881bf0a9b2fedf9fceef4b507e1121072371b2c741c554bdf02d7e163
344	9dbefbdc51f3519880ddf39b7418bdc659509db35e678e59d9362f6ae28e79ae	15df3b1c09177131c92b4e8dad4ab1056df96b0535f49b52b29504bae9790fb8	7aeb1b8187b54c513f3cb6874a9345373bbd0ffd2754338c18d5bc2202f958db	759731603cb843ebf463bf14155ef1d7bd5e530cf0d7a29a00f618bf06adf636	83fb7de767f86a7adaa0c8b53dc6b6d96ebe362808f408b94572aa1980f1fe24	9634debb260d292bb390e588994f658ee85f8b5308a012ea50eb49f290eeb6c2
345	bf904c5eda350530c65be13c0f52ed78b631b0c17f05363f4e039117240c7d33	f4c29a13f690c35a639c07823093fb8c08e8e3ed8053fcd811594a2a08046d47	13fd4236af702d7426ca41ca3385f659eb49ecdd5174f72a71ef0e550073fa4c	c977d66c467aa4e910d68dd9077658142021635e04c552c2377b6e97e1d83e18	80858ea6e7dea0307a694157823af33e9f2ca80f58e96c5ef0c70cfca796413d	6793ee7c76e3a799249442a1b5b73ae754a97a22bf7986911f4b60061faef934
346	693433988147cc3080d4386f7a2135f457a76bea3e83c68d5dd72c6615938749	4f22bf0ad18c9da6a4d79c7040f561280e4de6ad9646eb27a9734add15949ee3	efca391d367cb9eddec83b72c916341408752d17018e21e3a55147b17a39da18	12e179bd058224634b46f1dbd3154c4fb569f5cbf038283b8b43245eb12f7abc	0d815be3031d63f2d7cb703ee5b6cec5a22f1a99770854d7159518d0eca8aed1	e84559fa2a6846380b3ed889ea6063ac53c866be5b0b2a920535a27b98354148
347	5ceab85025d2029a6758eb7da93cc7646189f469c495f39c551de608b703ca58	be364fddff6399ffe42d54926a11a0d45ce680c72b45d349327c4ba8d09a6b22	e5bfd470fa281affca5e22d5c18a5dc4877c5d60dd0565c535e663920811f606	c8746ef375e461ef6faaa6a771be6d6abc001d92b1b1b50fcd1c0f128321874b	d021d7386bc02a39f697b6baf7c0be9b6edab0de7b9aeccd2ae4bc4a4f4c24f0	32b01ece89bf26eeba3ca68a1a5b6d5214b11e4b7fcb860d11414654dbd89354
348	887b6c9881a8b49bec0471979e49c1fb5235d0dbcc32f3cc42b4dd87a00e03cf	786becb17a99b279ce11fdb84c4be2ad02cdea7804c4cbd406de3408187aa05e	fa81402492d618fe2f07b2f434f503fedc32ec8701bea3332184bd5b4f103033	0af9bf26e21a9fbd8d7c906c165695eb2e8061487ab191f9facf465222a7e915	cb44b1185eb8fbe6b15c6fa553f3ee0a94412a3f08926c24c70ad8b484ec4130	d51fda0a62c82c9081e0affd13a3ae42ad9a351603ab13c08f73dce1f5c87f85
349	3dec520d476e7c60075c5e6e87cccd4983768a95c2456b7cab1bf9f79c173681	5cb064404ad9016ba884ceed5a874cfa2d2ec9fddf7c7b5d3a2ca89aa6f21750	315648f1dd48139517403b27c4d5dba785bc9b442d43e7062f38eb9e1d9c301f	1db1ae9072276667bc24bae0c3c12f49cc29bd2e9a1a8ddc807c71e4803a6c1c	2394ef255d61f0a2a86c2cafcd5eb5e6c9c55fb8baf2f40a84554493f0eac7b3	af68ea844f92ff148a8c3d950ed03b5117dbfe3b3493283b61c0d63d6b0748ab
350	71e27ffe28b9a403162d378aae3d167d95dc34d088e70d0b384eac3c668833a8	cabe8fe8c942ab45d0a13734d341ca0745402a942b5b7d39c887a3e6f0a56bb8	e4d7d143638dd47d89fe6ffa981030b02c09986115d7b6845f99f30cdf2ba67d	e9e5653a57f3aaf286031947de5f60f4092e559c73d662e27ae59df3791cc600	d160e656e2c4f62a91f87572f61a0df1865f849ef0dad98d957b87fdfc9b04ba	bd279753b186f3c52dc1c5410d689850edb080f32d83ea1c921b8415cb92c8f6
351	aa04cc0897a45173f109a8e57870a88093ef69f9cb9d2a436221690b8ee5f340	462694da4cf41c49a993e081ba05867c6b26915e4c975dd9fc7245f71c5e6c5a	a9f9e8968b4424d90f74830e1c95db9a8dfdc14e482713306ce657d3a7785f54	ac6e9ea538b6f62eacb56e74ea22267f011a9c6be5014401aa83748ed5c0239b	97918e4bd3bbc5810539ed5e7be09c0d86af94a6dc6dc97605f3fe7f5557e25b	292c1ea67698c3f02a89308250a06f32473d3420709211406f9d640d849c7cfc
352	c968c4544ed099234f369f4b9f6fa87d56c7d20d057178e27f711ddb2ad59fe8	73703be9c935f0e5b33c35891660c2ae9c62b83ffbdbc566b43d9bdfdd59ec6f	61f0a73e82f34f49cf10fc76af5f60e3c5050fab07bcb843e40a59cfe3f016cc	153f5529fa11a9ea2fcd7426e44a408411b45ae91517a1dc86a9b44875922c38	365605cfb37fde0c51cf2769185ed8fef2afa3b76addfdfcbd7822e9aa003ea6	7968f1ed6e6584f23e91a36011a75317ff47b489202e2cc4db910a71b7153b24
353	d59f72d534f291f62888dd6ec080cbc365788f4724c55a598667540431f0e89d	919699e707d0e45afc81c1d122e2e4b7b72d1729b2e12635ed202636fa8b45d1	e6e0e174881d3eabc8e6118a113de42da6a433d56033bb38870ff6009f57bec5	3fc105e9b449ef7c7457e96f544c2f3b431d3fea751d1f0f7db20f99b1f0a713	1959c631c1b45ac1ec0ee6da30785eed68c1b0ee2565c2d20db82193fc4ea8bd	0c59a24a9db760265a435813636fe0ee679d247c7585b7bc43a72e9cec093785
354	a6136e4fa015af438128f33beae6de87243101a05e29b6f257d9ad896d0922ab	c28647d15db38174c44c1dab616978207b53b91aa857ae40b26de31c71e59c3a	dedfd4d8dad603cce2f4bcba95796f8f8743c85f1b1f3e7407ce77b846fbf06d	d4903b5f9ae4b46abd4466f576841e98e6370148571989ee332c41fbb7a90300	9cca908d26100e0cc4d518326bd0c452904350d4689887387a5aca619ec63ccf	88f0ca0ff5c5b410946fdc2a828bb4ff0b57847c6b82b601e2e6e47d20db90f3
355	9eab4cddc321fbf3bbb40ade5a11a10f5fedc41f699ecc96e516d621b0ab0537	bad77766f53861efa0d8a66ff15128eab286d8cb8a6a481deb1187a0d9a666f2	79f1ece797caf258483149de96f62b17ce511ea9c56d4463bafd3060433121a4	34e0859050150ec810e219614d3748dbb728ca91f8e67a065b3c7369338ad1b4	5e2d3e6b55b8222f8cc80a98ecd891cc018069691e774b0efbf226873de27f5b	dc78a1288313b212298497950d6df6658e78f3e5dce7c47cf3b2df7c671d93f1
356	6f662a66a6f8e63350eb99627e01efb768a607bcc5be69bb266c539cca4b814f	61510bf07fa2fb26dde6a316dfeae8fd598272f61d8434e893ceb0ff9aeded51	2fbed63982af0061a1209dfc4368b151e5da0fb49801480728ac70df1bcb3dd0	b18961ad2886d5b15074542ee20989e17cd639dd29a3872735f1314d97457510	9e568402cb23a0f32d9d60af9a82d74409db8d13cdd8007966716345975ba9f8	be38144e80b8e7d289c77a2ae132f021f3ecc6e62ce453778c183cb0da4aa4bf
357	716690cb61a4f06c6ca5bb0475a08d44e3329ecb4749cd9e10301a49eec4aaac	eb91989d0d3cf9b547ff8b438d901360cff349bf5e561ccdd16ebe1bc939c670	d61318ebd3de55358e0ce04dfd0885dcdaaa5941657ed492bccf095ef181269a	9b97ba7818691a55b151082bd7ae961b6f243970cf6378413d09df9847b67116	8a5ab39334ce063b159d2972b17d5da1673abb1203c21b4a788de194b6f0045c	3c83fe12846d0d08b37947b717ca00f4207975012493f0f248bfcc7b87758ebb
358	1606ff8629002871f793cc7b22f61fa152936aa6a0e000c27ae078cff2a64550	c9daee0fb143e285b6d17d035ac0f75a46ce3b690b5f0130c439af3eea97e845	51f4e9b8b2601afcb9b59d860e717890aa98db38d2af58561c61e0a43539b83c	0a5a48862a5424a8d5c273d0eb9f4a5c90fbc06cc277b7b57e78d65960a426df	edf61c52b4df1f2c4461fd1a449152f0c8ab171865c9c611fc8174d11edf5d0a	159e0cefda7b1f885539504e338f294d2281f63a8874edb6c6aa8ae0d824d2d1
359	74c985100efe3b54e9e844b5a93cd3f214f02e6c9247ee364e1cf1d6c358f604	7448a64212625fe1e3094e1af90d656f572dee227fdfb02ebead1cb60721d547	aeb75ffb547f2f42f660fc1385ae460ff662266afb002c04806130750f3f16d7	736a9c9416e2615765580b19aa201da9626acf04afa2f09bcdaa2f85640ca4a6	3fa7d63f62f0ff6132ac347c1b182c0c682ba04343b08edfd256e48f7acf70d2	fe3d8c89be21482e57d751866513ea2c551bfc819fccbe054959852a4f9689a3
360	68c7fc54e16d081fb9590e9f41d01161575574e8962b390fc09ccc1a81de907e	aeb97b8004f76790c1ad6646ee704a3a8d63a3f56186580f9e55dec881b85c9d	61cde14de0cb94241a66a621b6c80372de6f72d537de8d348e3b7c70b33635e9	426b09be4998553e0849549acf56022cbf0c0635318ceeaebe5c84778e8b4628	1911bd5e6228f5ba228c48702157fd32a8bba47136156b22cd32c0bcbbcf0ab3	20ce327407861a3150c9d5f9951853d9225d991ad038f3009d35acc8e11368ef
361	a97f976e4930ed0e0480511ed8d6b2dc818667f5644a6c6c3fbeb06788d2d899	b4d4e07383514e144caed3c528631f6de3d8b4681fbd807007b028b7c6d6aa2d	88aab25818ad6cdcf96bf395f120012cac4f692dca9a0bb3b30a1527aaf097ab	c6bac443afea0ba6cb8aafe783f04642ebad2f596a5edea12ee383b006661ed1	2d59acfb2d3f15a56e94eb46ec1278af0e7e47477cc7bbb97ec09f27f55e6aac	3d2a5bf85121fd3ce9a818607ab6a1c3bc74d0e6b3863f5099898444f005e61e
362	4a6c14ed784ca1f9f054823e3d871f49927876f80425f9831d0484506787ff0c	d935f272a2306e8dd50679177374371253b8a829cb7c3c4a60c6979559036507	54717ac73f5ccd0910659c35c70e35bf283af6bc091233fc5d27647c45a83634	cbb4895fbbe012b1d8e0ee199b61749bf89757b490a6a17cacf68647f6a5aa31	51f5518b8155f27b40c92e8248c9107fcdb8c08072dabc8dec82c796bc855637	82830ed8e17e14b5826ee6c47c7295da3abf1973d522f2abcdd72ee97db31818
363	24a512c5b0dcb6f5afea4a5765d7d380fb4a9a98944227dc84ff7d83168973e6	d5bbf898efe217f04a53ee7871418b58c3e20d99cb7ad8b704f7b5a9ba3add46	4d0bac79d66a98ba0bc6bdfa8ce18741a2910a995b42a80b8aed7d551d7f5b4b	7fcc4d4f16bc2a7cfa8d7faa8b40b2e5ee7569fae8516e6d1c52c196c26b5aac	ce605deb98e5278e9b1a7af2b5712f4934ac8e92d74250357f38a1b673ce4b6c	689ace7dd85dde09802dc9015102d538ea18c538029bd52342f68a82df91eca1
364	c60e1c4a7f3769f6b02c05ede8defb574df183810f9575e47f12e1be04977526	0bc0e72362b9be24fe1e22af5f7a445d5f86e8e9373ccc44449edc9abbf37b8f	75f7b485087248a613f6c8a1c1c6d49500ad15f97b377305d9fe5bc29fc520d1	e12f76c9c8398a22819afabe43dd4000de2b57d5fcb61fd9f15c3cabafa073d7	46ef1faaeb924155d4596672f4a12795b811a6d00e2eba502f3b717af87c1075	5249a91b1125acac2e763e264f879a25fb12c6efd55c29fc22e77863a17347b2
365	268258dee5751df8e4f939e57f1754ba5253cd72904a3c224caeb5bd0c16418f	e9fab4f8c9e938d1b812b839240b47dcab002c5275921ab1ad4e56d3f975948e	d07c7684aab96bbca5b1e2c4c62cb1b55eb1e9b96ce21ff75d9ac5decb7f7efc	078dae3687407a074e270070824dd21c3a43f4f01911524b405ff64e5df8a624	347e38f6f4b0d8658fae5f9a2f0024e48997ff334d3d05f982a2ee36fddec985	0bd4bb88d1697960cc9b35648e21cfef20acb263f66aa383d949b3729bc7513a
366	bfc3c11189b7e1d939795bcdfb05d59084224778938bbb8232e3da504e4d47de	454008d3dd68561f228f29a78c62eb9594266f1b77e8eceebd69921d834d1551	ae6b5670a83e94d6296c504f7366a2591aa23b9867c4d2e3de36f593eff2b94f	aba12654bcb985391228b641cd9429169a893be7ee5e602a7de5b13233e82079	b345ae5608be3641595c6c1d6df10abd167611ea3604b32270c051e117feaf1b	ada38351971d6e746dcc1590f02e1caa0c3ee77ab1e9d91f7e6c26223f734d49
367	c536c9c138e187d57e4ebd9a825d882903cd3a93861a8ef8c6a6edf4544aa715	7df9fdfd9f28f36c1e2e32fac4c26335f3a5e4f7802bba4f904193ada1ec552e	efc5e1e9a2c31b9cc8b8505e20d8027537f5cd46870518b9ba20f7291887f33c	e1bcc5c31843a9ca866c3aeb80112ab97c5e76be59852851d73c3a28c8a4d0a1	66cf42776fe7fe5a723beb5fc11bfe53fdf6f9c6c9531e6f1138412b0023b583	a42459aaa3fca85ddca31b86b1412a735efef60f71c84cd057b4edb5f2786ebb
368	b181192b891041b8644334e41474482fa6ec43ef32ce5220cfa02d4242011de8	f72aced06e1cf611f83c39865b4ab355137b512839f87407554ba66ecb5c2cce	bb7ecd04aa3c156f8fff9183577d3add711514d4134db84e7db342c3716a3db5	69730df5c235a54762f380232587bd2b808647390526393708046a2637f42ada	bacbb8c9368509d5575b735780f9aadac606dede7fd7a182c9dbfe92e156ef83	d5198079ce92509e3141b56625bdb472b67ea0fe478217a363135087671632b8
369	b81c537bddd77344e93692a5fbddbd7aca19d4463722936f37413eee56e66eb6	be9702f2666b171034d21775b4bd6ba9cbf6ddadc4e59580117a85de46eb94f2	62145a1c8d5315080295040453a6ec8257717cd052da337a49f2fb5288e1ef9a	03b5b60496e25ccfab649eb0aa8939838c5dda30e9a29dfed82142525e9b48a2	2ab7ac8ba2cbf05e35b405f010e7c5e87392184e23e456a234a377b87557cd15	9ab242a9bfb27a7733f2e4ed8db9fef4cf2472b149d0a67e5c16a8c87e878d31
370	906bb6ef8b120b266f4bc08cca7c76d275e085bf776e11bbf19fb0f67aba1047	9714f0579b0c33a7f02f81073d301f220d8170161c9cda62c1b1de4e2eeac156	2c0ce2b0d2be4fb6001320e3ecf34de8414f20b6d0fe3be97a69f5a2c3d8382e	693c4c33f4da66d003a64373be84cba626dddf6d7acd5df60d1b9240c441f1eb	50ead3a696327975c29b9e76ceb07b769ae29931f25b55611a4a5f873bdd80e1	6a05fda6b0f0d2c18f892f142a93d28b3678fc13f6c705ae3c0d5444c25a4f39
371	62f00468bde388432317be8a2294aa47be509562b739bab744045ef10d89e287	60d0cd73bfc9b5f8714fc6d852b31ecb1b0ca00e522c8cfbb45e3384cc2ce27a	3e133d07b6c6c79745205773619da3d3bcd7f72af26ad6d6293f0102488d60ca	1fc492e7493f0ea80cc9568a63d26bf3d219e610f20766b5a883c2285f205ade	e2791df447f94436c0e79734e53a669c2eedd0891f5374c4a003576733702ae1	8fa2a507302600dd386ba3604c2e7f7abf01af63a38825d96cfe96b522ba8ee9
372	3f628d2306f63b024817afb7b727b093e852f8176a511ca6377a4615da3bf6c7	ab8736c45c31418d6dc823498d7d3a8e291e50f6baf45d7469f070eb649e5521	3bb538a4b8f83846b43a495929a16d9740a9e2805170b94e000cd03007581dcf	a569b45be5bd7e9f7641616ea3270ab33e38db389508039ea361057d1db9740f	64d9ac72fa80e47d9c698b7db92770fd6e520e97d2f3028b281aec7b0b49bca0	5a03c43675047ab57fb88cbb0e94d8b748f67fa8c6352654294d81b00d16cb63
373	e3daf577599b4f89220cd852c0c5b7c4478cbae47cb7c2ce561c8c1cbf0842ae	0b1f4b6598ed2e68daa361a9674acb192f5f225986a88dc8928ca3fb1290ba14	c33986170006b09c34cd62645cc41ebb710cc4cb8e2eedb89db95578370ddd31	9173c1a30474a6907cf5de26a5a947172d86647b55a5036fba729ca02623a8e4	47ed66383807ffbdae9ac7f4e79226c6369a7f4ab42e2b22d64a5699c4e738cc	ec918781ec14d2e42d2df214b4f13a66d51bc81b4b630c21afd8a99aeb8f21ae
374	c715f1f80212b3f70fbe386acefb4f70815f608254294389e2a14caeb2302fb7	62269b506d8087ba55a0e8a17a54613d0e11f4368bfa0888938f0f0774618ce3	181d7d3c51078c59f85b43ccdd1d2532eb711017e9c0b73f0b239c7e10167660	756cbd472b612987c7ad036f0b9849506fd0830c6a75634d9720e32824129718	cc24e400bb25c16f9b5fb5647523768a458357baf36f3980f31ce5d6ebe7af28	bbfb7ac3af3bb85a9340aac0db23a3abfe0cfa84b4271c9cc433cdadd6a7ece4
375	08ad6028afd6a8bed408e1b5c564ca2374a90ca85c0de3945111d5d92937cf4f	d6f910f40e8dc30559122f073d24c570ba104a5b7753c4a209de02e70f95f0b8	99faaae9dcaf2e5d1683dd9e3332c18095de30d26c9881415cfe975857e35fbe	deafd59e2520cdf688a3dec23d7dedd8572cf75b2bc7efb7d1ec0687640780ad	3581fda89b71966eee6df9a48f0c821dc28cf7d2da15570caf4f2486fea093b8	4bbeb4ca2bfe8193703ac3c50a8f24e59c3a9e77ff83cc6612ce59975e1569a1
376	881611a3fa5a7f159a9d07bde81493590e7b02bd33cff6c42df69213f4e67c50	9fa6fa339fb5716095cd62f2b6fbe2a10585c16e94ae5b1639f357877883e90c	4d0a8f21fd7dec9ee81174609ae0ce01e505c6011b5737a4bf0b03f4c7476ffc	62b0178cbad89af24706772a06d0820a169812ffaaac927c821c79a899359e98	0a85e27e8ca18a821c7b00123287369396f577a10fede2aa111ccc7180279c83	2b9c76234895ae9d941369e70c62888428e2d235eeeb31f805f843c733943b26
377	dd77b0ecbc52fc487231efb80ec15554e4e9f403c9f37bd9ef115f4bb223d47f	042bda4e94bc9dbfb232c5fae54aca9f24c5d99da18b56114238cf0189c8268c	d2fbdc305b6834fd55e4cfdc36ed8d1a38e582dc8666fa96bc076dd627e173bd	12cdc50ffb7312dee184b378cc88b54004514d799d59971d8b6da5813b93daa8	5ba0e8a2d7f52127b6c1de4775c71456a1730011922993b08cf3e298a6f1a36a	cd2c6e6c8590752a0849cac5f20953df09093742e015e24fb31e068209f3fe5e
378	ffa8e05d93b2c5c562d1bbf31b9ef58239f6a920dd55201582c2a6ef1e41dcf3	8016dec9650284e260d52b014276f4746245c5f8bdfbe96818375da5ea93ff39	6cf46db9042cefd403a4b6d494586a2a6a67340e1527793a3353a5575e79e2c9	965b1adcd95b37e015c7a30d0d390739b097b285c266f414487d61fb609f944a	8f42ca88ef17803314661c9af31123ce9508375aa146a84923b8d9896a3fd3b1	e5c43b9d835b965ce3070e17bb369483b71664aa0a53b509e769a19ce3ae2f5b
379	c0d34cd3566b641597e5056635dfdffebf16040c3553c3747a7e44e0841067b0	ebcc5e509bc70676b1624fdef7d9fbf0d19a4d15f4791b534dcc83cce482f57e	fa59ea4e58c2354a55bcd7763a6144c1d31cf2bbb189272ab970068a33632e50	63fca4baadf18cbf079c37ea3efea8d30cf37e79b3f0eafbe41a45953f72bd3f	2f7d62bc86f9ce7198ee521c37deb7362e8cb71731b7f3728bc03dab5e02139b	5cd09d6143574f88e63bfed218ced13af2895b3eebf9178a11fbbf9a955495c3
380	6e54102be49451dca3bc1a327639708322cf6cbf5c19f85bfb689d444fa9d8ae	ce5abc0a5018153fcd6fbe3739c036558e0b46acec9738b94d803fcdc4320850	3d391c78a5dbeec80984a872020757ba9f9c7f46bb7559a69f7c2b658b8b7d3c	14b9480dcc46356a63f39dad6a22db9023bc3fcc7cdf9742983a1705b58f7154	e942ab6b11c9cba7d717916b5ff6976d3adad6fa0781a3bee83c2fbc2ffbf936	267bdda8a46f6c3d298df66b0a30b6aff0396b0cb26520eba75ec2b1a9adfe0f
381	f761a387a1c9d64d9b72b0d4e252f05bbbcc5ba079f02541b57c3b05cf944641	11230e90d7240c1d2e2dbd76551aba2767215e076449c0e25e9faad3623fdb73	ff7c715e4fc0d0f9fbb474842a46e25d1df3d7c63ba496838278d468dd31e351	59076627fecea344e90b56e33e1f3bd214692c423dce4da91656b105473b2591	beb7b65f18c4a61c15440cf989634051a4c0b30af8273c54709e3269f0c7f8c7	feeabed77403c9a086f607898bf640eae0d4a0d0e4fa8629adf7a949d955b5f6
382	27671c197038215dbb892da9464c7b9786616269e307ae7fdd80371703da995d	6caad77f70fd1028b61c789dca782a2384bab430d6c796289bc3c23e2422d839	743252b8d7e4ce290cade5cf2cc8a01095b937ec5936e115a0111044d83f0306	b8de89969640495d32b8ff050315aa2d32ad8f574e397cad5ced76401808613c	f1904a7969236cf16d80ee8ffea6329aeb2b9ca06e99dd62c5b04d043c1dee45	24a0abc4b50088418507641827450369de8a6c603de6caf0c5227f8dadc10782
383	d669d6f67b932e3c9614632df8b11b65c7e6710527ea3f7f5d9a1e65fd0b7358	7962cafed2f467e8b062313e4c261a0bfad1153a9bf56888cbc0bd85934938d0	505f93f651b781d54c1617f549cb724fbf1ca713d3f81b80ff40ace890126360	0a3ac10c8eda3afd750873a54bcdc89d394ed9020b5c974d8ec953e6427cc65f	a2f4bc9742f31214af896cd131619e123a7f1d3791a2847782938cf4725e4e27	114fa3b9f73d267ae0be45a0da6e46e2ce5455ac93344b49340d419791e3cfa7
384	28c2bd466d29515b65264f27a096e84d3495cc97c03094294301f914e2010ccc	5cee4a8534a3b855abc85297e47cafc165e6c2d96e5ebcbc6e324a9063297b6d	57b59eb28d99f852c2d9aca3404e7c4a66da8164a4132f8c03f2e8a9df766255	315ebc408c79ecf80c66241a7ae38c1d5d6c4df1c7bfb9daf3c8103c5e1d2d74	59fcfd82e75cd4f766da00d95bb21a9d4c8edf8489d266b137e0c34cf1985d4d	0a41871509281a51dd271c4c5bb99624bdfb0e9081623ad0a1f00593465ae539
385	95dab85e75a98dadd79d8614a3c157a3f9cb072bd40b24bafb8797b406fd4818	03750b416028af3f89c1d7a7e8fa7f2ec37eba618efbba23999fc0cb2f64506b	f075a2d34677319924c02b1531f8289b37ea608c57b415f93f36b0d521a8d61e	e546e9c3595e6aa2dddb04020401a2b30793f3c6e399c933e21bf329e2c5836b	d49ac60f34ae851954f2de463459e85c1933b523b04d5a3cd3c77bd6a5610cb7	454b8c8f6213927d5e90276e4cb7371541f3ce361d4e8a167cf06a32d56cfa44
386	30b7f3d9ce7eff743a6cdb29022d54aae3d749ab0de75ca0519d1fcb74512b77	c3845e7ad435d45896210e571b2b3c06945937b19efc5f6c6e1008e1b3790d56	41a305f6a69de56c076178c615565607f8626098f79845b1ff9f9a5fa90cc083	af819c2a439323cb56f7352e85c3689ace6576436e854e2effde70057f17ca1c	edb25e1f8d2f477f40406f7f1c6ccf2fd804193edb727a21d08fb5d8f64398af	e6c62bd75f9ebc4173c29b691c4c8c2b60ec077641df0498b84f6e67be34cace
387	59065e17ed65b99b497d3773a65bc5df4536195ada7ce8bbdd497f10d9cd0f0f	d5fd4e8e423252dab39ad914384c5a034ca5fe1aa98be2505adc11015f6e79f3	28877d8a4c4cea2e4ad72f0612165d7288aab611f2eb601b73b7951acbe286da	098f732540a37d242e4dabdb5bf596e1a79b14ae13f60a1b4ad756159a8e1413	ee92d9a98307ebf8314d2b697b2220a7334814f2536ec7d80ccc3c987b03a091	5ebb31dde10dc3030ae1d7cae2dea50665cfe2443a4efaa00e8fe3eb8159cc8a
388	46270718ad4f04d7bbf28340a95ddc1900aefdda966d3cbfc2cd596498d550a1	ff03dcf4a50b02d35d3316703f75699603e7fc2cefb863b4887ee572f60f2ffc	c366fbd0a179c7749db2df9b6632733746dc0d95e29d3d38b0cf91a4aab0d680	4062dc3b7b0384497a8c3fc466cb1c64897db3184576206f44fc51fe338a4d00	f47d9f57343493534510fd0736d4614515ebecbdf110bd7e3369cb43ac382684	7e58b61075d991a18f6d7caeb81f4bfebd62dd0dfec3d9fee4e765153bae9ff2
389	f798b426e918d6d6bfcce9d4bcd36d71542426b59b9f53dadf1bc7c27f004a3a	1799999ce3a6fe398c304e6472f99a22652a637e85c6fcbf796ff2667f1be4e7	9a4192a72f9491cb2b62e4b6905e18a7f32c71407d4f090d1e9b4d5885de6745	4fa12381913c7a1e0d441dac86a601afbf045a995826b2ceaad5257211ef1972	4ad9d96ca3a0e2e3313c913eff5ea745ec2b6623332791c86610c293a41469db	008fbd69536523927f3b197a4ea78cf3fe327b49a208d2d5d74788bbb8413b13
390	7369aea83286f21717cbe150d48f49be6b1f895b4fc9afa7704573fd140c0756	33335748d0041f99a1b901a6409453f74b6afd674ca374359406869930b7802c	bea22f5ce765218b53a2f001a1099c0389338dc22b0000b80a8e5343464aa5ef	603e246c3d6d1e1c1f147d86ee66b53bc9ada0bc8445eaf4cc8f437ec67c3f00	5c39dba1286a8e98de9acf31da0d7b1a5d5bd95505fa203bd07aa0c15d2a9126	51cc1717e03fcbb1548f76e1194c72c0c55212bd392334847c3d1be00313cc9c
391	357c8f183e62d10daa3dffb7b7c47da53c0d94e6dab1a6ac49b4a9f66d77fd58	708057435f15601463dbab616c9233372a1b7989663ea89d64bb04ca83c7e784	474981846ec70b6011652ee1e23d7e5f928913e33f13e1dcd3c70d47df2aeac1	3ad7ce2d11005b21c27dc8fb8ef8addb476590e2c135e908d87fe0ecdade60d2	a1b5bacd7c5db85bf72f04e1fb9671dff3af2df7bf3fe492c58c62521597a605	b553f1dbb4048e60b0dd9db2f478e7af322f2027530b21456d808709b0a3e343
392	eb9d0b3cadc50a6f585a45edf068256901c3e8dd49753c4d7d25dc2967eb15b4	0168b4f1bde7dd667de51883bdb29a28bdc14930b929b23c4595b7c37a360b9b	250ee4b6410cef1976a2ed04d58dec63847819144294003f5ccc5db64e9b01f8	0b4443446d221847fef1fd904ab10959597cf8492d1f18851d30d397edbef148	b55cb2c165fb157ac87a7f947c629ba7a564a99b922cc59f2c0724fa7755736b	bfd7db05e59ef601fc5919f0565b1716b3a924b3b2428f3818680953651a917a
393	14b52f2713addb7829357cc90c49984b0deb257139da2938525c9c903aa44995	aedd12ff7f3db7529350486e70626e91043af7465afa9f37f38da4c9071a20f8	f10b9cf67224b201ba3fb27b61aae4d38283a60b2473c49ff1beb8742ba0693b	13c54a9a22f2895a26528524928599d4eb3ad088d60b914cfd0e14f219ad7756	ff71bed4331454309641f853fd5a32365344b2551ed73f66735cef6c2fbd0bb0	404fe40e7cc5e1ca5335c757db1923c44328c8a42ccabfe360385a8b3005db1a
394	cb83adee5ef48c7d1ca4e9758f1250e10a4abace722eed4fcd4ea5a8d8227709	318775b31760b466ea59244cf2147b95bda5868144bbf6bfbabeea554bccbf91	ec06c8d554c28b72b45784fa30e2d87ca82344d9715b6276bb03b657c3a0fa69	94487946ab4b6db09a4465dd442753474bb6c475134fb31ea794eca25c4269b4	4535485402f74e4901d973411d306fdae6a8aafd459a9650d151b45027f0f775	59d212352441d31c4929b2d77911a51df6a504c286680cabbbc73a11c2f49cb4
395	a4fb680f40df20e822fed9ecf27ded1609356807e6622711db3dc38b8d39f193	d03c00e971985fbb490b9d29694125d316ee26ef09988509e54c1a2771a6152a	a7f43c7d19ae816f3aab2c0b79c448b1e81b0971ff73ee981f48545d370655b1	4691e9d4c52f818ee482ed0d37597172bca98e8ab9a5897faa6bb6a6f6472e57	328860b3a62e1d34a84d28e123ba0829f0875a04bcf31fa850ba608e32db26eb	cb26bae48bb663354b481d9af7913db38beb155863c730563e49558b405ea866
396	b6da4d51af0de9602b7a817593d9fa0e23d99aa2d02d7e3bf491a3a69d1e581c	aeb1ad2c44f338dc90ce6d4f46bb763f8f0c9143bb259f49f94b130e1e629c2d	f1636d9f60aca24706d50c23403f9a26e6b1e0dcb20fa59b702c3104e5ce4abf	57639f199d026bec1fe7e027c28d449440c2e92fcb797aa217b20e7fbf60c936	fc2f6a28d6e56a1c54a73231de2c7729fbad875386362eb5e83973901e91bc2c	fda3b11d6cc386ee6f1eda4adc9bc5888b4671498f12efe003a5cf169a15bc42
397	8c9751b536ada19521f8337be68024e7470528f728365bd9f245e1a38ab0f16e	eb2dfd6db2a68b84c01a59ca0ddc1c066fb36e3743c20c749585a43a94d7d8eb	8588ffdc9d40f25b5caa21d98087e2f44330da1140eb91e94e7be4225070500b	b6bae9c5a89a3b3bdac00a70cb8a7b83abf3bcd6de38f24addf61c42cdc5f827	e624de99ba1282404bdbce4e9fcd5b8daf4edec54f6bc294414be17489580ffe	f704478978cf65707d569715ef5809b6b22e9953b0f2bdffc67ba87e6a57298c
398	0030079307ab50381de4ffb9fe2dd51990737b66c84c6300645e7131ed2e87f5	ddea12859de42eb427b2087254238bc2c50789b97bc7ebd8ab5b59dd6d23251a	e31b1b731382505716b9c6887f4e9f16f4e727e8820494897933f2dfb5b8c7d5	e02127b1bb0a52ba42ee28f05574ac1306e1e482c5b2174e78e1ef1e89c36552	cca312508a80c5d0c62c1f080018b391a9e9e69408cbbb400a09cedb13727982	633fecac19a0308bd28ff30c07ca2453903a54a97c1e0654c3bb5a92722582be
399	dcee7267dd95b5abd476adfb44b77bedbe6eb06845d752066f26d5d62458bf3f	9922e99c53b3b8ef890757036fc0a322f0af41caac20648791f9ee5053caa0ab	6ee3e3991e0431935b1367162f6c607d146989526ac69eeeec0c2d1392a20b7d	591a3d87a9eec98dbe8ca36701d637b411065d917aefe78deec5e9bc6b534bda	87715f30dbef68d57a71ff598f19a98aba258548957e212872ef6e3c7344d191	51af2f7467e9782ce7fbf3deff26e7aaf3ea2829ee17098036db69d2d8978569
400	e9203c6c13d6116f431bce35dd2624c6ae98f5b2d8b049b71f99652b572452e2	e2230675d7f24dd0ff661027c2baeffd40186aa38e5c926262d324b38b603ff2	5ac450538a52800c6fa919183e78bcbea22d52699c1b74dd5e30cd7700248075	f315da04cecdbf627188ebee2b3d226ac5a3700b0c761cf75b43927cdd7c9bc6	9ef446f627eca229b7ed8b8617add33fa9a82a95af73b854a4517eac55760b1c	aa617f8575d5875530a629767ae815da0e5a1d0d290e6baf0da685870e1fa3d7
401	1b7a9576efbd5ef0155bc8b663d202cc1c4a33a34c8891696d10d3a2e9e31102	e8924d6ed4a6a7817293912998902efe16eff738b9315f4a1ae89a85035b8249	5f340f409b86b510747b1f7fe1fc27433d4ad59afc7e269df49db41f45f10a10	89c74d035ba6882a0ad93021b5d95b4cebe89f54d7409133d45b40d00493ce38	7f31c9a341a4bc88704080b82169886151afa2276354342603675a55fa51e459	c1d116bc65fe9e7d6a84bd37e9b4def7298017fcf952e363dd46603a3b5cce6d
402	88d94e47a0f4ef3ef5821b780c2ca7478fc0dc418098b60713f041cc975b59be	08c1e516494b45af57c7be7123774fbedaf0930466a5cb3079720329cfe6f836	82604a45d0913635d4213005dcb2947dbe8faa628e98444230b5cbf5a377ecdb	386627aec8f28794d56a5fd31fa82ffac648753c5039567e79a43937555ab9e0	a1c42b316785d4659bb0f3e8c97f07b179f694c10bfe44a23462e8f08df8165c	19f25028052f3189e37700359b3c7d79ff4b5a4f2ee84a37eead259a01e8f113
403	25e957caafbd8ea66bf2a0336d1564320c5ed91b7673f4fe8f40f277066861aa	d7cf2a8c8b4a3d949b144fb52c92befa4192af66a5b0c8b865377eac83ed9f41	61ac37381e1212f1df5eebb077aed18d8dea2655150260134d408f6340c0e430	2d2b75424c77d9c21faa230ce55616e713bb12e61b41355ab65787b2edb49091	9eb502cd8daebab0c8a30a55636a212a8383de515f48ea6b4a5f76bed83aa270	177c4c0e0b80cfdbc402c22f30502ceaf22eb7d1eb2c0feab1b1e596736f7316
404	38b5c8b66da070455e4e43fd3dafae2b903349376644435d64c3d68565895d3d	db0a0c6e6dd993adde2edd68625c276df2f02f67749a9a794e1be93442f4c7df	02efb7981df87e21f49c2bb9327908f4fb34e1e6b90e9e123d52cb751f9ae12e	f875070a9fbfbc9aafc91e6d9d4aac24ea2d17c460fbb81e8fa84f38584fe303	25de5c091da4f8feb667a519b6429b07700525149bc099138576a174323eb5be	f3b007069cddfd7023b3c2397764ebac218cffeee8edfcee8c5271fdacc3aa87
405	91e850fd6a07936fdcd9b7d8d2d0cf88a066caa8a7f527998eb02a075fea1242	2b8d62d43c22ac56236977a18eecfc11019a0fce6fdea865bd8b21a4f21ae10f	0b4e87e7b7b8d8067e49c829c0429a01db00e3cafdc80272a94726fa812b9b07	980c7610b4c3ece730a35a2a3e759a7e276a8f2988dca6d9034f1c2d183d7892	2d6ac903a1dcd92a43e49917948fb6ce880e8d7234c5c235a3de04e6f408f785	cb58ef3c2b5c7e8a3d3df145b952dc60ad6a247e1891c66871d6d9c1c6da88af
406	74849cafa5797e5555a3722dce70744866796fd37a6ccc0bf1c630117faf6c59	eaf27c0e4271210589d3d320ad56beff517f75306ebe9617541c80973f637a15	aaa9fa4fcc74772b680c3d23ec76ffa34a3af55dd12679d5935ecd6dc24a6b69	aaed62219b85d48670e4638214693473811a30bee96a9d4b33d89454dc6e8535	fff52f785fcfa5c34777f14eb53cd9d97dd561f1082f3f51d6afb8d696e122cd	9844c972a6b67737bee2a5f3641a2d4fd05effdb23d170a8fe310fbca7160acd
407	a3027609940eb479edad34f2cec9894b4c8a319fa4b6d9dcafec82e1ef05af48	2286df281b8a6b4a792b0e5e7fa1f637174b67ad5c0340eb44723af1cea8e42d	0d431d59fda5a688910fa90f5b9875cd0a23932b0b78f348e71cda34dd19913e	efd9a179cb0ecef49eca5bcafb8f8b681540fd39d23537762c15862533bad24e	a1e89f0cdd3939a4fc1ef3663e8d0b987034b3e2d10111d125f1bd3a04b9c68e	006cb687f9af0407120c5fdfc555abd7d0f193c3b83d72f381ead1b41574bec9
408	c6f1969165ef23e65fa8ccd27efde8768f15f8ee56b808df8524a47473170ad9	8783417095fae88af037d3a0654539846ab409685c7cf48db20fd487bcc85abf	241cd8f568497742106a051a5a2ed8137e62242d38102e0efbba5f3c890b3a83	ef5de0375f61cd97c096e95431ea8f429ef1f8fde38ca80a2ffc0d074142dfb4	54a8b4c1d2bd1a906622f448585d52623a529145d5d6d6fcebc814c5b4f4841c	2374b3eaecb8246f671a8013751baa6ed10d1f3c167e1dbbad8814188fc8630f
409	fd653d5f2dbec36e7faca9114d7cbc86e793063b914e09dd28b1bdd8355cb590	3c8f2e79e59e2e79873c27f0f06d266682644b2828cf075d56c8c0486fcf6abd	021c4f2cb09bff33f7bae7d63be21bf28452a476c3a420e25ca23e71c04b1b99	54195c575c59f301d01d9c7d5566ad850fa732834156c86dfb4bc8748f56bd6e	6746c0dc8e7f9a31d0b0727e213735491dae17343e65ec2dd9ebdfddab5dd2e6	3c556ae0598379d48dbeb0958575c9d26a708b82a1af107255e8cbb58337287d
410	ebf727b29ca93cd133d5e13b4f6f18bdf1ba297d0a9b01144aba21d2ae8d3cd4	bb021e3326fc19b8e7c80329bbc1c492e80ccbb0b80ac66a9cc4ed015fa307f2	206c86c16b6afc27f02e55bb46bad79c250fc821bdc05882183b051f7cda3998	0d6d73d092d0731cc92efc1e2f304ab75578a5ed78c608427bbe4ca1da6f33f8	93de5727938f8443172e05436dd52beb866e9e50f22cfb382de5c7e76feabcb4	ae080e5aebdf0271e1e1e20e3f45fe675f8686979bff6cbe4294e1e34bc4aabd
411	41eb272ccbd410096fdd0c8b159f249b685521287e2d14bae57c0395d844dd9a	97203944a1470990d18428b98da4c43d61be67178d61ebf901daa285ba4acc17	c244337279248d24073719be5b9645b24c1d2feb5abd2ff08a1b322fdc19fd4f	d6363a8a3f137f97badab520128785ecbe2cca85066f9586600aece9f4b4b8d7	1d000bfa8978c822f17cffb368c328d7809ed44fff191b5e5834cf5dc24967c8	52cc5e53a61822f2f9117b71986da1e3131e8e4d34ec05695fc5ebd213397d90
412	f7e58437a999f7a499b30d3a46270e92c3613f5daae4cd6ae5bebe84cb2cd69f	a30169aba651765c463e0121c300a393687e289ad1394166810a262007ac0419	c8a6abcf10d8afa4253523a57264bcb3790047e0740c5aaa322c873503114bd2	61598b46abd1d6be56e908f98f2b529827914508f8686af3bfac536fc5ca1f35	10b4e72202015e34cd703d9cf9a22b3b8c7201acd17d23613e20605a83c11607	84f7550054af5e4903f548cab6ef796c77c60db72839fc96a009376cf1c72c8f
413	4224f3db092ebcce9ba229cec947bfc76553336ae75f587063294348748ec4fc	8b98acb7b0f8d4e80402df39bd375ccfe1c59e1d97016a978185f61329bbd4ba	0a3865985f351a10171d16749693da1545a7d335cbce35627a77b9403ab83d18	97ebc722067171a976f58ca94bad11e2fc99d0cd922401575620cd0dec11a372	d8e68004ebeb77c831909249690b8b34afbc627ea232179fc16fd7b9453ac9af	f3c36b24b93a29978469d1ce2ca09c31782bd6e8c6c55e5fc5906e403a68e09d
414	a8a7fcbc0a8594e0d71377eb9847b447d85577b38e5189fa3ea3bdd9a56c511c	530ba7255aab337d53e7f1fbf8d3376d2313a06d6eebca54003ba23b2d855190	94ca0d7fcb939367f7079878db866afb0bfe4e129f8a789e3dbce7284e6380e0	afcdb5162a78ef7242d3f027664d7f860b14034f1e53b1aca42ef4534642c618	98a4b38edd0c490280b6dbf52c2f59fbfadc6369e8315003d2a8a4c09b925e6e	c7eaf9346ee32c6abc80059d1e7172900fd304d5bfb5674bda4cf4839262ca20
415	fc6774f64c8dfaedfd92b203886c0fc616b0f9dc2ab122680551818a269ee1dd	72cbc2866eeec33b0cc4013f242c924bc2aba0237acf7b71a1bdc98bcc94cfda	05f12f01c4e0dad9ae46fb6cb6b3250ba42d8f30fad11900f9e641833c6c2833	85c8a81def1f0be9e9afa4aecab9b35fb4661588633adb7788662ad3146ff98d	a885b7f3f74dcfc7d92aefd2caa665f9a054d5ce5765e20e27ebe5b3e23e780a	6f5b84b0e5bfc76f435b449a1a0347876974c09a0d9b4d8658d60da296367628
416	34c6956fa414ff47cc92411cd3ec94c3f3db52808e4fbfdc9923c8fe2624ffa2	5b9732473589e464413ad94e17beec76e2c49f2de58505e40bba8d9ccd1ddad4	ff992a9313c30424f22e328abd908c819b35562b004676f5dfae040e0980def9	239ec2b445db031801ddca37358d9dd54dcbf73d28e59e20a39952d9a55dea82	7d09c3c660ddbb6ec52f948d6237222f6a9809ad0ca7dd84f8d01e95c29c1a55	a3fd12d8db8556d53c82bba988ed17caa5ed4352f9b0d8ee92b4fd381f5fc61d
417	7cc4571a00e90ea7b0471ad7c3dbef5a4562528b3f1d78cf4286a742f5d074d8	bb29ede19467b11be4c30c6627f17aa09a5ff659e5b7b74bb490bcf83107c204	32a516af1780b57b54af69b6f7c1bd3560767f6040e36675b13935312b18f14f	45671ddb49040627138db698a321f7c0c3a4f1d03ebe8cf1b350e12845b6b649	2924cd0bfe3516370f0d316bd6257eb4f1630810edc9eedf929b707bda1ea669	980d37ce9b43d0c285c530ecf1e5527f6aab295b5a131b681594e572779ea468
418	9dce91934a7d9d73a6e5cd1513aba3cf5dd4551e1d5826e8f16ed9a53d12930d	5f816c7312bdaf532244fe789cf348d9f26d018b19658542ecdaf0cdbce6ba02	a74a8cb288dd69da292dbdc8eee5d5db07d08ea78f8fe33628bde7fd85fb127e	979cf79e136d83f41ed755feb8461249ae691f96d5577294109b1070e7c18dff	5524acf4f5845e14715af66eecae8596e8a9e5b730eaaf1663d98413105c3b88	40709f7323bd34903040ebb0f366dab36b52f838d72e7a06e4ef80db1f8d8be1
419	212820bea271dd8e7843f31111ea3fb1cce1071c1ec745320ae45f5fc553a7ed	aa5e630f2cec7b018831286b546ab4f47f8ac76c7f5d4c1d1dbd8f1921b3d22c	515f12ad8e93bd9d4594b48459072d0fe522168503df8eec068f5c2f6e40486c	015d50bb4e7d5b270d51f218695017aeb717679d713702730f0ae5e7b191ac3e	284e704ec7c332b3e40824e8a48012ca0e45f458e0265bf8f7f7b63d941a529e	26bc1a08f332ad15110b8cfc145e2e87fce8bbc6889c2b87c133647a436afe95
420	7b42cfeee782f258c0bf98959a2613918cedda4834182f0cbf62782206546626	7006111a85f2941d2f2b5b7233ca98e824efbdb426a8d1fd93bd9aa9748c6d8f	91a7c406f2e2d25895d0ea364d723d3f4dbfdb02697be7799a0c5441aa5df120	f83f5c4e9edfa3c9e0f6316867f2f3312241c30fed50309aa06bb2aad2f5e989	330c669bb78a8d694e308976f2ce027b9a3be0466469bbf0425a2e125710b35f	462949fc81359251b61c2301f2869b9c505728536e04fdd36697eab8167c68a9
421	223a8ea2e32958ac1011538c1b21cee659253d58b9e458eb8c9ac9cf8e5d3bf7	8a72069e3e8bfc9cc46be2c88d57b0570bbc2c458267dbfe7a95bd6c6b0030a6	d85b0ee4a3e22549e4406a9ffb2f2d5e559ed092cb1364e29dc1192a8abc0b90	ce153753b7bb59222e9ae3993233622e168f86cdc6c6931d1fb0b4492a644803	f6a779693dd323746d595c4cfe41ef0408aa09c7d696de033df608537f91c8be	58338856a5ce0fa9b7e1fab47ff9f7bf07c1e059e7a8d6dd53314338b8ee8b50
422	1893d75c2831a3c10432073f1b4c069f3be5ebf9624c11b09aab0536bc701248	076f8dc6e7e2167e0c1ffcf0471b2726c4ca1277aa63b50220134475e266a465	08e93b3da6c7e1ee3fb490e258ba8b98f9f81b9f5025375d193b46b714e624f0	bbe612b039e10083ca0404fc4ef40b3ddb02653cf74cb585220c26278ea46c5f	7d0a6efaa05f602a66b61c565ca16c1c0b4c224824e4468c2ea04a949d29e489	0fbe9f043744e8cc3a9c99dff065bfb0cb4a297d04d6e1228a43afad84e90413
423	6b046747fd58d521100f88a381824609600d45d71ddf3c3cfd468e3902781cc6	1e049deb77eaa43bd176260d19c80e81a9b11cbbdbace35499b432d1c9846c93	09c529d29251a265c74723c02a7e266fb4afbd0f5ae0125f2fc20b3a016393e8	5699bce6d2ac88d0a16ff93833768003f3c4cc1e849adb1e57cb4048a2bf4a45	15a529d8c984c4525a962cf71e5e0e04bf9cc363b1e053139a3548ee93123f05	ce0ae6537b27988a6ab3281241ed5feee02d6e725a0d250c7c8782955f96713b
424	ba166104d0fd339383320ac28b6a7ce0d63e2b818cfd4feca025d345e27ffce4	5101874cf6bb112825d724f19c71a534ad04a99aec4292fbfaf767c4486b35df	44e939e707c1bb0a44e6ea01b7d7ccba55b41969f7bf97c3ccd07c115973cede	6c4eda94c5d296ae52fd1e8b959076facaa866f542d57a4c72c9ed8a2b4b64f5	afcfe51e83a9de9b47a1ac0a57b23557e245c1fdd3fdebafc9b5bb797a1c28d4	312a625f4bd92ec94be39be8cb2fd9b45f6a86ae6dd0ccdcb8b3fa751d7a110d
425	e93cfc0612a87ff46c3be68eef6df625fcf0ed292a22746daa6078a926acc4fa	60d2991e10511f92f050696fa14b335e5b5d3b6018a93f2fb7778256e55c8236	5a2842832fdbe37a2be0eed600706d5cfa073947eec841ca7d5ab72d3b01d230	9231a96b2c0d74a936275669c69e1051fb310e2fb0d2851061821bc9e0ea0907	d281b42a25396a28065f4218f28aa0840736c64cf156d152b12a930f6a628445	2363198b240b87385727aa9f2d324b1cc73a63bea191937803cba130a4ebbe15
426	1566d72aa4c62234f95387253354acaba734269ee862bd53962c47a3d2e3c9d6	3465e0aa0205c79a004941ff5a7278192595c00960c79a6b85d8ec781d8b09cc	7b8f72da33d2ffe1c6082bc617010fe71c0d386a45c5c45830bf2fec31faedc7	e6bdb05992a3870b41acff1be395e20646f02c6f56bfac477c1591deee69a2ef	8917a809fd107858ae4715fe2890830ffce99899749410bf8ec09803b43d13eb	dfb0d2379048d32a74055d53244e3922d8f8fd664243a88073b9823ec6a6f871
427	ecf29b334ea18af97262a8cd768d59dfd7f12985405aaf01f6436276ab534afe	56ae64b44ea7a0204dceb90b6c0be1f95d568b78d9ee363549f6255f52b39a81	e063c821715cc41f876b7865f6753b43de53f115dc4db303c89c07f4fc28f679	a2f825f085c24d48850f5846a55ab422d8f761c5485cb1eb90ad6dea719f585f	f7d1449e5170d9b76ef3fbea0721787fc71d51c94f69e103d3569f57bde6e774	0ebefa97460f09c6c3dee325004647a7998bf80604a369610ffe578790455282
428	4d8633d216c32c250eb546ebba4d6beef8ef0fe5f55a782cfa9b2c0501366fb1	f6d5af952c4ffd44f0b59de6684ff7dc75de4d0b03d5ceb798b3352ee69d439d	9ebcf454e225432755ddc3ceca9c70dbca86bd0a56e8812a7972fb074aff651a	d603e91657ad5860a2db7e55b450af1ec522a5f009fbc7de21c9d8aff3cc56c1	0b9da426d95e05171bb338f9b597311f444c6da46c774f33f848e53f551ee858	949b2fb1881ba73077fb121e9f8c950a6705c0a9c5d96e895a50297141c812b2
429	8734acf60a146415eaaccddf366c9ecdfb5f06c8774804cfcd102356ef6f453c	64b7e69f64d4933ebc791d34ac632a509ecb864c02d0958e901a2388d751805c	251965a0ce131baf9f2c3083df4bd547acb65bcb56a48bf58ef8a929546a096a	c990011ffd81c35215c21f4aba7686abc0d92634f16da1ba64de77db520fcc1d	7467d3cd1aa51c29555d3536343ac45404040733c26fd4ed45524baee76897e6	09a942bc61b3bf51b20b1aeeb5b8b1dc92535c558bac959f125fb53cdbade58f
430	2a213a51428083aa3638bf1ebf40af9076aea7b5c76715c41cf1638dbd0d7bd1	2e3d07de85095b1a69422a5d08ea7a5f5b4d07f64055afe003b90c376bf0b301	9807049f8ff484f96d089717d635a17faed0f0477434956a49517f60edef332d	1c84c05885c9af27fcb34094fd59b106616ea1f984e1e6dabcdfaeb74928ffee	e5c46fbc10ea158b04942a0999d280bf1145fde70b21c61722212596227f803a	538006a9ddd9e7375e500a54e8459f9e787e33f4ce0cff57824b7fed8459912b
431	3b2e8ed461fd35fc3d1c5dfe8dd612278a78a24b2c5da8db947c7ca28198ca13	3b296c06eb0feee5cd32b64eeb305a6eda2a839de0a94a7c42de3d034bb26522	e26776e7c87cebb43e8f80fdc617a2398a27146c15481b660fb7964f77a29bca	cc3826b62595ae9e9d717a0e3885eb6b46776c91d37031c8933f7787c279222c	b2aabd133a1b7568dcc5a0e2b47ffe190ac035b0dec999e2c5de330ee62f6320	349e97cb55bf7c0182f58f82bb76a80e3e3062e94c74ec0da3d32ba3a0e08a4a
432	c1f45d41766bd78aa2a283f6ef7d61e840637b26e0b40cafa0fc10b8e36eb36f	d8a5170363afeeab72ad7484438157b1df12fd1508ea5adb93f031c5f8e38707	ef7c6e67bdc71a9230d219a6c0a73cf5cba4379c3848be3a4d3c966c3d0020c8	ffd20a08c0147e19fce0e381f0a0f6cfb3988c779af9cbd95fd1f196ff808083	6a11a5a6dfbaf685a06a154833d75092c7a263921ee77c36d72ec42dc2eadf2e	336f84c6088a5001569ca62f2303c08dcd61904f563a8c3380651aa0eb91133f
433	0b7165de706b87b54798fa4f0712ac503d424c2e5bd9e8f367b224f74d141ed6	2da894841a66974f6d137efe634b12eb9848b41ce918c674a10e56e736c927b4	20e2f13432fcbf296e7fa12d3addf26e9da1d08d35b41d0870e6d8c9bdcab147	a340b94267011ba30717d05c89c33bb4e76774ae59efb502398d4022bcb95766	f487979244c11e2052969d7826416c0577943701947c36fd4d82295449ba198a	815de58b4fa2986c1b410b98d1b73934def0fa82f7264d2d8d8a587ac6e3efd0
434	b95111920e15e7f7272e981d2c2b9b195f1bcb5430ee5f4acf58436317e0c2a5	1a37c94eb0ef679a6167e507d07e88680588c17deba2ca6f0a12b03f03592ee7	57f8c21c61ce864b9fa962b18ff9ec72d3e22839633b55d4230bd3e3bf0e1ec6	59b0d14904f5d35e5bdd94ac97c0bce16783fa1f1fff3c234388f3a9d8956d08	0e5d708cfa997191cf57369fc9796c8809c4ef14ef43fcd45d70f427ce9e717d	2d0580a5c5266f3ce206237cdeaf2a0f7d47bea35fe2cc37ac7e299835c3bfcd
435	794ec8208111a0e79e29b0cdf02de663a23604fc77372dfdbb703f17f9130c02	e3e7fa7e180b302c25a980b9a6d4561af49a40b8b706e767f53fb004879ba837	7df77a54878ac80b28ab1c964d5904fb36dfe3cf9b592b10c663585195fe33ae	8a5159bdd208e64aaf35cdc55c10f207648fbae6813d54964e39739d246257d8	9c311ba620b9f91178ca42e2ac56dea89122ccc001f041a4e5e2c5871cd505bd	5ed2e33117bda551fcd7d76757c5d6cef5aaa41d592e416e25f32df812cfd2ac
436	af242f022e580ed225a8e868152a6536626830d5555fce2971abb2f7bd5d7f1a	952579e99e5d8040b60fcef41188eac9cd892a6046ab540d7a95a17b81a8ae89	eeb53ca083e9274d6ff4b360f684f8299faaf07f87322a6e5694756ed1907080	9bc09c721077e85e47f3f175d05d17fccf7951e05b9b31b32884b1c15ef47811	b4c825855ad0296b4895c43a1450a80910a1cb11b8b160bb8f158862b6627eb3	235a714ed0819d0949223f4eef65b819d6c4e51b944d7e4f39a91dc03b09f4d9
437	d8d8e6cfdd0bf3f4ea685d135bddb1b05ab0f47f3f915a5763791d78b6bb12ac	d30fff25e2145acb7d05c50fd9922ba5a4b3a07e3b71124ded007d60ab7a31d7	a8564cae68ce14da01681d4a02669d117b9d9631813082f4752580197d4956e8	e2042c3b1c54cf9c12ee393fd86cf3cc96458f68211bca7d8650c2c8ca638252	58ace1c0417c9d8103103708c90adafb9f8c905aaa6640a64571cee913fb1716	1c3efeacef55b4f7ebf48696417d63efce62527c8b57ddffa93bfdd0ea8ca47d
438	c9929fe83afbeb07377b9b30f936af4b8f58a6681a4e3c6d20d570c13b123ab9	ed3f40e6594325e81ee9fc9c23a8da6a4af4020507d9474d25ef98fcf2fe09d7	f26e2bffe193d2b120a7ecce647bdab5fd32088ec22adef74969091e92cae141	ea8fc67e65f0094da12a7b97645520d9fb1b50e3c84d73a13bf2b74883e36163	286720f791f01268037479330854595287fe80501c1faf713a30bc6521990b45	6027eb0cde5554e8fa396ebfb7c4fafee88e3a2d7a3590e8298262fde1bd2e90
439	bb16d65f776bb6593cdb3be041302f02eda255a65ced4befd6a4a3a7ad7320b0	5440470766a201145e069cf78854162a7c1de99cf4a12d3a8de20d3b006258a9	a07153660f94857644e2db8cc6887610977ddb8b6b25339242d00cbe8b41ddfb	54179b561bb6b8ef4c71770508d8e7cf8cb6bba7a91d3710107687b95ab3744d	c74b4f1291ef3626b4c9597f5e22699e2abd3ec658534edbcd2a950006a770a6	0fc3d4b24d25b796dd44a64606fab1f6d892192e2670661854a24df6b351ea91
440	5432351362e607fbfe97ee4d13f327bff7da5d88fd019114544e70a04e955ea6	6d444249104ac6e74201f1d6e59e8a7ed62933f19870031dbc3fdf1a1d0fcda8	64a464a946be9c69da78d065789fa4b92e6f0ad3d9addedefb0c822ee2acdf7d	13abe36bcbc9ee79437a8fae9faafa1f434036d881dec0f4075a79a1565c9874	e53b78d11e593b0c21ecf5c2e91d0d0c941883ea3920ba3b42fad2c047016299	88ed7724140585ae776d501317419d25d83d87ccff2bb29a5149b0f2c6d0f882
441	2f49f612a72468732d8020bdf363107ccc2fb2941497aa54cd522c9f1e49ad1e	23086926743e0a5dd7bc1842f50ddc9bf7aefb98287d7d7c2045230ba3e6d05d	34fd40ef827940cc315e2c32bba0c70b46520d859e7f2ad4b493644c5c208e14	a784d892b67bef97481aaf682ceffa33568b18a2ca6e4677a8ba4e0bfd949c2c	1adc76ff1471a7db8e58157b08b61ab1514d9e7a405be04a11e0c758ab217d8e	ee95bb85905063be0a706f9c21de30dce788d9302baf887bc3e593e260763375
442	a88d47bf16e4959551bc61b917ba6674037b21cb13ed5447ef5591e5f0768eda	599c00e52e0f0547a92cfd3efbeca72ceb7aa638c780da67d764e1446c766361	428f6257678e56e684f8090fa0d309992a28fdaeb9180cef2410b79a9b26b9cf	4a0baa565b04b2dc469ee602f75b25731ba87c2e08e12aaf34053d4f1f09f270	cdf01e21da73c787614d77f572b98951e42e3e859f53f9b95148aea7a31f9afe	8c465550aa8d57e4d67ef6a4199d06d20e6acb510cfb97bfc2ce8dca9714fa8f
443	b400c4a1dea4cc0cce304e400ca119d4989c9c99bc52d98d4ac47dab21e09e9b	d7424de8dab645b7a18b13d400fd55e6fd7e8496bb9522386a370170b7cbddba	53fae5788bdc26026ff29895f511435aab2178143dd2b798d74bf44dfa29a840	203912e62d927a32059c095e6abb97eb0c78a74c94724ff4c6ef4c89de3360dc	db4202c9835c76a8442792886e4c21ab5e9514e8d37bd21136b6f8de9c2a32a5	00841d37ca46aa2da4dd1e1292fc7b57e5ad75d4f406317ddbb2aa6ca3f7dd81
444	feee69585a95398369d9e8fe7dfc68de0bfefa03b4156602d4cd46c8230d3440	6e2d502ad0cd71ad7e621953c8e436516c9b254cfc04f475f726930fe31f6999	dbac5d412ab79d99d47035a91318ef3998e9e99192fbb8c2a96b7f7a720928d2	d64c0dcda39db7ed4dbe5cff2419f549dd0662a955cfb132bf14832536c5fe7f	b6435e3bd3dfce73fbfff15e5923e70cd81effd66505b1024d660258b57e6036	ab0c1d1564a18d307460bbf8dbcd2a3a63a8e7ec9fef4fa0ae382c8b5be0790a
445	1660c7db6ef7fa631cb6ff35c5100c7f6d581bde6a1b3689465b860e5168d840	627e753f13f0c5e98cee1a754d39f9b2c5e51323b4a54fe7f68bf36937c105f3	426f35a64ba83e4d0a5d1b4a0ee54d93ec8807547ea97209e2c849b5766ccc9b	024f86d8c476838971e880f36855ae3c77ab4b031b94394fe78f659007d51b37	0474710665fec8970e494ff03a2421274086b072154b4c5b4f2e75d75c7b7076	15eabfcbeb63dc449f1013898197e8b6ac792aa90a991cec14403357e561438e
446	f3ff4e4c5fe47f3afc374ab1d111d14612a62003cd7aa9f638d14334b1c74121	cca525da9ba2a1768f223dc4a8bae4e299a9dad4e7147051243bb46b0f0b05d4	345ae7b11204a89ef707796f22af853d80bfae9070aa679da433151987d5af75	0396268abeb2e9b743ba8b9a77a9eaeb34aadeb44bcd38378dd88a230ab8d7b3	39139b825f4ee55f2f86b80592ceead3c2241a2d78aa933acd87f6ff2a3471a0	109e47b09592a8992a3f4fa96246c06509492a430e7e97821f4fdc5fffc07aa7
447	142d10f48581a91ad416054c16c34b2cf1b08990a40353381f7a1b68b0c4079f	b7734a6585692d56ed372504e6b056db481761351100f32a5c2db8b6487fb54c	1fec2e793dbffb961e121454ea77b23761e881e70269d28a101eabeea885d2c9	672714b8d7c632559c584703e2916b1bb430b00220d5a3eee267d289c5eeee60	a88ed0f2c3d29bcc18f7ce633df3cc9a329448926c5a18f9e97ea6c31b8f1917	83b99a01869da12de39518daa06b2a782fe089f56e841c0c68696a9539086673
448	d3402577f23781d7d9c88efaddecdea4441d701b24fe8b6ab705f8c60b239a6c	124e211c2188fc5cf15c1fefe1d63228881a414a28e33cc6dcb2be8ff43db434	309bf0734613af94f8eb0ce427ec47589f5e63b942b9847b51e76a663991048a	5591fd3c6c2ed40072eab43c9b0397d1d1dbb4b6ced9efd23b548a3f26d35941	872195868a6b60009db06d2a15ff0252c91dd63e055d085b43c707333009ea97	68606fcaa6e70558d059a5371fb46e736ac7c0e62248a89feada4a014e145f24
449	d68be653f39e5236f88598ea0140b44bf44577d408e7e0491a4da96c5958a92b	18940194c599139441fd271e6f0ad34b557836cb9782306e1279f50b61b4576a	c63333bb2333b6666d12c9239260c2396dfc2abba97cd25f4ed7b94b8835ad48	1dd1d20d32d9bc9cc9aa91bd9ee8d48537002ac81cf69c4c33fad42c50ee7f5b	3e69e6ab1a928f6c0f79e4899151eb96aafcc0f68ed70342a7a8700959c8a062	f37121893ede2635668eb30c2cd4c2cf95b824720c385212da5042f88048636a
450	1597c615e3b82bb73f67b0702164e6c0ce325c352d5ffba6336b50d59ef48111	8598b4429239787e08ba88163515d9e3f2e6e7119659876b7dc129e9f532af2b	48b5ad9ce3b901ed847a273814bc0f6cbb66e049dc8480154690df5faf17a4e5	253124487fc4f2a9d1d64246e063ea5a1a23866d1fe162e542c80705b5f6a8a0	baebf1f25baba3a58fb18b05bea56483071489eda1bb1575a97434a93a66fa11	ffdd11ee6dc1fa3c0003be99e0a88605739d4af3896e0f5a69f0d538f599c969
451	743d16d745dd259fd1e61a850fa234b7a5b5e49970e741ea5cf8ed4969c03d3a	7cf734727a4920e6e1c1aed0e2a701aec7e978fc86679af121f36e5abfb1a920	66f264230cd1ba3e6e45feaef6402102df6ef03636e678dd63b693fd3158f0e2	36c10febecc1a209a52384f47e05d85cf8814856e3b12595038a7ab91070a817	f5151e04fbebc7ddd3edc452261de79e88e57b4685090043473bcb0ccedbec68	1ef511eb300c87a56af03a3888f7c29d97c20f1eeb0cd4104b7209d0ee83af21
452	7d0bad4f6354f31c004659515ff42133d2643302963999db112466511bd6bc80	bb5d0e7cc047bff615fd4b76100bec5ed3cfc12c1ff471b969726007aa4f3109	f7c34567c4d9452d6ef96250a751024ed91351e57cdcebf70943dfd5ffa54f59	dc3c2b2e5329caaf6641284e39b908c4d4a8399a2654bb412558d66eba4ddd77	c5bfb936d3ecdc93254bd2cd0b694ebf45d6e54cccfed96c2b7a6c938bdaa022	61dc4862030e74624ebdaf42ebac79cab3bc08bc191563d3396154668bfbb909
453	54fff5186a05266729a7440f464b63e4e5aff5cd921318dd75c2e9841b03a755	225ff938f2318ce8d65aadad9efc758a041fa60598fcd1ed3f24467d15d82103	ddf5ca3561d4056c7989321e7b86b11ef5e9e15af9f4d600e75074b0edc60cbe	67cf27a685ae5e1842c9d6e7bfe7b531a5e570629d374c7efdf9cc908b72a17d	383c639ecb04d7bd2fcd77d83365fb8636700b217c7c8fa0593d6a20ce16c25f	d2304a8a1ead7e98b0959b6bda69be7286bb2d6d9d99b6bf4dc96ac3d2f9cf1f
454	837a41ec7e21550cbe9f59c9003cdb29fcbb5689ae7774cd1c12ab91a58f4bd3	4dec013e3df1c523f3534bc49707584600ab0e148bf586a87e104d566b3a62e9	280b3a63719f824339df13c58f547b0d7b901857ce020b37effeaede1141746d	8e6d1594dae80d0ef0d0ff20bab131fd18ea92e26c82ed6ac090fb908a199c3e	78bed4f82731de14b1850bb9b248b240409e0cfc720857121ca49c4436198ba2	58c3e9b55b8c3e35d99bfdde3b8add1a13870aebcbd75d11d72852398bb95aa3
455	96d22862878f02384e9b282dd813f295b606cde09d780bfc7203040c881006f9	e90a4235d63e2dc85fc6252ff4a12e2dcebfd44fd608cb56a486196fe479b32c	4f16d5d4380d9783a1449a36e397d136b17cb0804a06103ced961b334a7f274a	55ceb4073d82ca49d8039d6018676784f1513e46fc6aba1bfecfed4b5d93ac8e	cf5826a68bdbe645054f54f44d0164d14a8e22798b7de3056af0a91933ffffac	3dc309690743633402f849bfd73b79b0132d201c8b246b7ef19230fde86d87fb
456	fac8bcac8406416a38f2ac5c357ba5615a2548b806e87c6832fad7c4fd212cb9	9a69aa497590986da07daa446659d42b0f5a78de4a9b4a3000a7fbb98012fd5b	6244140f6fae61a7d3311e66e364b9df12082e1cf950571eae0fc86bb52a1c0c	bd0d5f1c804e550b8efb010440b360e92995a5b0daedec8122c348e628d81d3f	410ae5f74d8a0ca0de538cb97235126182d52ee623c528800285e09955a5c83d	05460ddfae8208d963575360a563498866cc0d5a2d654bf1e2e674eeb4810e0a
457	51f0c7b184149b6f9317739d5ce0ed56cce93481ac8e3875bc439b397b36b9d0	fa005c783001faf066eee1913b74aaab708a62f9be885dff0b13ed34e06bee15	c08105942cc9279fddf82453e03af0203414ef37deb465660faa3e1bc80495b7	09ca2a841991dcf0fa4c3cf5feceaa2670196cd6e4394010950045aefd23d4a2	5c8050ebb0ab5f5bc4a87cc5b06b4d432f87b0fe3008f6ecbbb805be5ee96bc6	7e0c8a659005f72cb0058451924de275127a5675142a6cdabdf8958cfe9a89e9
458	f54676068df7ec5b341b032786ab822d67c48d88cbd8a736bfe11a5f7b2c5100	1940f23c2133219a88b04656cffc558fd037422530b5d149dbf599a64e23e609	5d302538af2316d5280145cc26544351468f3a6b126682b13881da0ff8aa5ac4	950f732c11e397892e6b63ff6b38bdeb620b63a422ce75c535e5eff331967ba7	84a3f77724af0d0681253cd240b1a4e5e0746468ed8fa90a84b9cffc3769533b	a6b1e0e642da73374264e57d104afb92293eba8548409b7ca5295d0826b6b7e5
459	3cb5f1680c923e8b6affe3d56f1b98d1b7568fd7fad04b21eabaf3f2dbb0d696	5daca8bdab23c06d0b6541a75377bcd309c231e34c1a39f36981ca66aaafe59c	993c3ae428b032e2cc14b409ba929965a16cf2ba1ca330c7a241ceab27970ff0	9649f03d39d5ed07718c240f586f4e333cddbdf6d72d89b600aaba941ba95dfb	b1fb647f9d69a93f26c15632059754638b8a648553b1365ccadb58517d74d6c1	f9dfcf7f3a99a5f241596864f50832cf5d75e3fca45e52f3fd157888ae1eade2
460	48b88bd11acfebf7f80b87079c32a11969d45ded2ec713bfce7a6bbce49affa8	9c10c00fb30dd33a8f0647463be7367339bd49fc4684bda2a6f1374089992010	4bba49339488169a766d02636ecd5fc2c5b42b9f5ea97835923b75b52956ce2c	757c3846849e4543d7f77570a40cc3d01fe48941b8443b81d734a42e63d0fca9	ea6ae87ee0a30ec5751f184af81fdc00c37fa5c730de629e9a8bd97011502b70	7d8206c2e90cf52b5fa5c46e03b12e86582b21a0ffae642bd8a451a58a5a16b5
461	6dfcaf31d68c9e118489d6586f809f1e3fdfb4d0f932a1468bea590de7d5a2ca	5e974e615674419152683e805ec218c199f5f21a327ea2e629ee0190a5b26c54	e8e486d934147de4f540eb3b1a4ae77bad2576c58be65b02241a47c40fb38e81	894c355457fa4104953819e72dbd24844f8cb5ab7e1cf41d588550b384cf2a76	05b3c2405ce4d6714e053237ed6dbf482747c6ebfdfb8b3d1ba9b9e70e8e05ed	7d35c35cdba89001dd0dfb986667bceeccf0d877fa80682d9c93c6fea2f40715
462	34dbd5a361821d4fb6345775bd975de7d960fd9ac0556d8a985a33e64115d8d4	42c60c07a96e74245accb5620eb735216c28b934ef50f47a78c43ee96f07db68	edb03373e1cf3e8a2b818f439354afd3960c6dd17cfd523e0e0dfb76bdce0a86	5e9affdff310a9a5fc111ebc0e5ed559acc677a02cee9e5aa2a24b6b30762672	6aedc096ca679d6665f7114a514012b4aa64ac12f7cde932eb93cfd2f4c53563	5b48cb98236c3d467a81a44c7ce7594f55312ecc6f1a3258199eeb8c3662707f
463	9e2fc940a01d8b3c0cfd9f2ff333776f5a1224a64d4c10cfc9475c7b2ba32bc6	52a50f1636dfbeb2e36b41871ee9f25cd5bcc0d985bd51963f52c6461203ce29	9e76fb5b2f9a029f2ad26ae916ed1bf6c0b75d14c383c1b2feb4405b8190c189	f094c42c590245f0d59780ea7f9e3d38267c5ec3ea67f5ff26f6fb0b96385a55	95a43edfb848b9d5375314b3581a65019adcb64cf45dbad01b1dd4729982743d	c1a53027e84cbb1710a8fb20e865434e3dab22c2c23dbe4d8dc57d9391643c8d
464	dd0efbdd2542230a99a3eb0025d4ccbd245f879fa60ee5c060f60193fc50c0e2	06ff598503d87a031e968bfce5e7030adaef5df0354d3814366e3011256765a6	6fd4f6bb5fffc1e3e78cebcd19fc0e09864dffdc434d22e59653b423a038d1c5	471cb2aa6cbcdbb0d8eb8b1e9dbfc6d8ca41f9bfaa9c4db6cf2fef5c1bec90f9	4576ebca81aee2eacdd0d3f34525dfcb5d5a1f0277e01df5c75af666c2b36cee	dbe69d42948cac1ace4b919a3926ca877088bd4166be44420461cffcb84e334c
465	eb216ba929a3aef8d6b60050ba544471d5cba5e7a03a269185de4234cfa1ee5a	1409146f90cd64694cfc009bfc155dbe68a0144fe5fd1b1560126ea775a88bd6	4e1f908752ff69efc4117b43188c1837381fde0de77d0cc1dd705ea61cff2f0f	13ad8b99f1052440d7dad010264e09b8cbe87176417eb1e54a8113bd97a36af7	f35bcfc5e84d18f7ba60b7712e448120e8901a42fe63cd6efebf76ad2104b527	92fbe56ef768a8ba5453d50a909bf86780bc39ab32fb4637808155ba0a380228
466	cc9c8cb1e31082a8987d10ce85a91302557909fdd91ed3da2f1c722a0e04c09f	d0ab91b76735423b78bcb13c89b0a89d669699fba4cefe0ca9df37f45fc4b3bd	2ebd869f5185700b297e57b3413f39dea4424a8bcc5b314f3f96731791589bc4	d8ad9101c443ffd272fe953be81a7e8a00d00d1157b41e4d6811629fec592e27	e267d6801c1a40d185e78beccc69ce5e6c9ad9ef7583fa42e7ede439aacfb311	1310d4b67a24d978c1c6d296c99cea705f59f78d83e3b57c7ff7d7acc676a15f
467	81163f12e6ec8940f6bd16b803d045c926442a47d6a0daac512e602c6358c3c4	217c0a66f805f3a9bd295a126f4510dc140eeee537922a016992585a505aaeed	fd6096b4b9425c9663f1b56148969283290598648788888c41ae9111a6767b9a	695d811e43a45a4866d490795eaae88540acfc1eed4e175e1830fc8279398448	43e964df85f1a54e114031679b21e1f5c9ea8434d675cc5db178e73c7fd16e23	380c49afba3cdb2d7d2f65dcb0079f758babe76dc3ea3f0475b22aad4b22860a
468	bf9d9ae254c5d36264e0c9ada0cb60225767f27249ab6799229664c328e0a0a5	9e5140fa3c6d42737d9cdfeb4cb18d86c896158e0df9351568ebe21faee69bd2	9b9082f65a09fa695bdd78967a38952ad2d7798fa3d7b58d30a51c7a101b14e3	41b66202904c2a2d01e7cfdc172edada55b2e19360115dd4836d9833b17a05b8	50212fc888cac32101dbcfb9b2d240d6c47ea2e2e6710ed7b36949e115266811	251900f08ba2158ef263b641318a50403ad5a94b978e76fb1772d3fc7d551214
469	9b2b724ae78b0fac2fabeb17b16708b92a54ee8f48989c04c73820988fd99689	ab2b8d64175adaec414ede0cff66541b774edf8e8cc923276797621fb4ee8956	ba9e9919fcf867eb59ead884e6ad1257120731e9cb79b5412cf8759ae0b51b78	3301216c072bed15776e1cc37a48c713f0abb597f6db1f1bdbac4f684281d98a	8ee2bc06ffae9ea696aea88a8ddadd521bcc9c72b128e2429aeae16dcd6f1886	de8aeb24bbbeec1fbb8fdfaf83a47da519b8d7e139b097a5139f33e8cc9d7efd
470	f58dd33e66ee2450b84cbe6515cda8d7832e06ce13c8b223ab268dbb25ca4736	4e37fdcaa3ae2161be73357c7e8a70bbec09875247995a66c9b6a21cf317f4c0	b1780e27e14a746c35557b57e18c606a711803797c5871c1f57a21107fd691d8	4449330abdce47c25fcec154c44242da0f2528c2c8b419eb4e0c0317a438af9b	e6f2d0a08b62027e7cecce152bc0e44f5096e249dcf99ab8b271b70bb3277673	f60b6cbeebf413874831680e3396a8236cccd52c5b97a24d2ca7661c085e0ba0
471	13ae46d64adf447849d303010d2adad40eb4cbf383cd656aad4ebe1b9a3a35a0	44218a7456855cb63ecbc848e0b52b89b57f9bb5037a3e0a63abc96376ecb68e	2a51fc560c51037f46aaae5cf6fa71e14c488231221207015b889369807e7dc3	3351412dbbb16fb54caf401036ad19356f719ce29a8a35417ba338f5daabd937	2b61ef0a4788fa4971c679eeaae117d7e18be629f1ad4412fe7e04c9d698055d	526cded334b9bf93d8bbdd49338817049079be96757a026bbe5f51ad9f799424
472	b0223ac980de148aa7337bd32c351267971a867f2ccd1fe75387525a7a6692c1	f48c382b19f9b7936657addf7d61ced11d617eab033e28761d1e033102723842	8480c5f7c9cbe0b66ed56a87a467c43d6286ac9825c5f03ef1536a887363e026	cc197c16ec0bb751195b100a8ffab52077bd67376d0ad0a7a808d341d3d75196	531da5c7f2ef8776fd1f4f7e1156c00d2b9197db3f0094e03064055d9daf8ca4	95ce4467af402dc8c1a3f2c481bc663cca5c2348ee6aaef700037ef89b320b7b
473	b4a43121f80dce50de126e06370afaae75f0334d77032fa3c2b40f462d216f03	aaee7fefe72394c5326e3ff3da5eefd8e34d2c206a41791baa396436252cf58f	80efe724dff95e227716a237693c801a21f2635ef17cc30de069a381b8e253e6	733ff1e9826252c1a9a2826870f9fe3724ba2c98efc4e3f8d71d34c8783fb316	61c9bae89349bc067a1a41963131fe0aa4b23ac15d4822b3ca8b212383d1514e	34f3afd20837dbaf07f254a94417ae062e21057bee1752fe4080e863c64e72e9
474	5d742b4c61f50ed457b11de87bece80c5179e3504e56205b7de4b5af16067ce9	07973f78e6aa531b5bd90650de3c9beb922fa5a6f50c123c3b9c885443dc5693	8a066ece73b8165a4c6f505d259ea80e8ac03e61f3bb3230f9524532db56e8eb	1892d0695bdaac0b01f74d441b9fc2d3b107c052953bfd7d211f31aeafc60615	994e46f8e378beb0bd84ed5b7ccbe6632eef3d996e3f93751915698d0f413bcf	2f35c54a8a3aa179fb281eb98edf40c15df8653459b137cfc0e6da8df26e1d0c
475	77d6b33229ee97b4323dab32e61a496f5818b9b7e3a97412c9b82a6eb00ff651	54d26633cdf93b2267904c41d6b90349ea72b48e7259396b64db3f4edec7150b	3af0e85b6b13640fe66a821bf998bde01b139749a050f3536759837e93de25a4	6d8268757124129c589310bd66d2c85fc835ae94e72768a64c7875e2e2eeca52	17084365049f6f066e80e54e478851a76495278af9166a8e158a3907f4c37929	380b85ef80fcba698043cdf1a22159d1160a3dd37fd2f1b68e7da30298a9e2bd
476	bfeb7d4649e4f0c2502a8e4902727fe04ba83293e87a545911d4f9aa4b7f700f	90c156f0675bba10d313ea4c111efdda94d8e11e046260a9f422f41c2e26a2af	b9fca16b5c3856807a022dc599756b0db1f026a01174828fc326339eba0d7f3c	3e48e28080ba551d75b67867eedf17c203669868d5f32534ae9daa7c5fbbbb15	d6f91482fe2cc244c22152d1df895411bb758e840c64e7582eae99b97ea0031f	cdf68d7a6f117b64cbaef472b5a008df7a45e76cc122bd3a68ffd0ebe486acd4
477	60fd366f2d191b29fe9f6d26c1addb8556c589ca842ebab6d9a1d406314a36fa	3f26e502d28b535912b4dfa9c0d84ad58230f7abade9310d98baf3fa3b31f41e	fc2432a750b6fdef7f71767b52d3e7c53daa75d82652927fe41c748ed2abc02d	30a43423c59102b7f4127e3a2436c3735ef335b2099a160fe0bf2ec7120dbcfd	ab92c2228a9f0f1becbacdddd73ac9daf7b8a6857154031839c9676c4b37aac7	a08d55fc5b77e6ab77e1fc89ae427240d1ea2001a80c3b156f311e85a9ee8141
478	950878878dad717a782553d42a8c8c357011e20db096beb42df078b79be019fa	eed7e30f357dde2090e2bc60d647e8b404335127543692f76d92d5dbe44b05eb	ed131f42a6612f252cecd64221fc414e1434631ff5f60f29dcf08d298f374afc	f91da21c8c461d1dbf134faf2d3b51cd4fb3b177caedf2ab753e7fc057224c6b	4dd28bf8fc113016b92a36577ceb9ec2191a93704e3cceff5fe9bcc00b611e43	cb498f7ae9a3dece08ad606cf9f2cc57d08902c8c39c7ed677a0ca5168d5d30b
479	070c92e60d9820877e8236198931a384e32d56c865ba9adc0d3dbdf4620369a9	6d2e8e3b7e8ec85f6f92cf8e8387aca6805fbb6cf3ef53134b1ba569113b6f9b	097fd460e6a3c0daafcff14ff853e58b1471caf5ee7308a12df8ae036069106c	9a8ced8aacf80d27d5362aace827195210f82df932dc4e579fb010f274a0d360	e395ae71604ef0fe0b6fc21c5401b61c3bcbbefe588985d219527610bc8c304e	284142698caa5ff82583eb39079a4a99c3df70c0760328f52e082d3fb38895f0
480	938413fb86055089b8639abb657f8c0d896a770d28496bc5faa964a1ea0b87cb	ff59c1c238235937ff3aeee1f6e6d49b2b7f87b30e53df0c0ebfc5a12d18d482	73360195e06ee44c50507650ba977a76d9878c5be359d1b7464d6d59b34cd5a1	9e18b0e90a1b606bc704540afd60b1579637f9f3b3f7d7d70b28868db55e53e8	f5e5604d30f7be388b26d7b3b6bc0c36df95990303dab87967446cf0aea8896e	8c486911e9c44b1c392af2e9b3edbf0fa96a7bac97d4d1631140d59ecf4b90c0
481	b2a7e5865dd56cedcf46b17c7088b598077f809383c1d77e6caf21f5158fac56	c6ea316eab1757a16f27017b19dd3c115e42339cc53aa42d444f264435d70602	9943d33895486cb152615d1c21618c3484ab5f98f48583bbcd497d8f61914330	d4bbccee36e2737911ea5e59dd1e001171712b98ea3a88fc9a8dae66cadebe08	71b67aff6192fea97597039ea2510097b8af221eb0e113302d89f692459c588c	889d7e2189385dab96c4d09837cd0f77065dacc712b82a77498ceefe32c18397
482	a6a86fb03ba0102fafa38ff00a7765002c97883b88ddfc4197ca6e7f2b69bf63	497a8b8493f9adb842164568d4b9adcaa028cb9ba1b66a8a94a1e93dd0eca81d	04d1eeced21f4d111bff179aac28e43038b62f64aaa690ea7407dfb15cf3317d	2b3891c9f72c94ec774edea5ce3f5d7685aac358a790a6b7e48df98977af43fa	061ba94ab20224acae9754287f20373e8ba9e40b717591b07cd08f6aeef46471	c143d16bafacf96b1ce301834139c24d4ab9a2a7c8c3e3c5f4af037e945db2bf
483	c50b849dc23eb99c7ba259d83b97e2e3466c4145ff687f8313f2e0f656673c64	0220fbd5865fe35e3c689b0e6bd7fdc69200c42b6963e6b5ac9693aea0cc9bc7	d8ebfc87ac68b71d04c896471da88c7f46dce814daddc4fb0882eba07ac80984	1a97e0d5ec25c18af87535931c9097085b612a352e3053512a5ac19a0aedbdfd	d4970342499568b3985967dd567c36f15a0251a9921f345541a260fde0779cad	65c93e267e367f4ebdfbad147b2dedfba7255e3fabbef0db22c7e900cb7633bf
484	0611acbdfd799e3104228d6d495827174dfeaac0af7e24684d238e06f1935214	19245bf1f85f447811780c3faee8fe5364476e1052bb3d324e8ce71b30e4a38f	7fbaddc6f4ec33082f5b2497945acacfc33c27156fd524c1cf7982ecb385effc	4e8f3af73e86bf9822bfc93dc4993e840728f77cbd898ae172d364785f51faef	9e19a0e7418f5220c18a13b017b32e1a2d2703ee5f51c03cc4a63b0e126accd8	1de08f29c61bcb48d6d10490e6dd6aa3afc491d3ba7422cf8c3a058f61dbe71b
485	3771a5160fe137f5e14516326b3b431f6655554280a1c21cc4604729f0065de4	ad12de11c894a360896742d21aa35dffb71526e85c0979b850513ef9f857f513	ebbd9229e94106262fc80e29285e782ef09b45de9b0f34ad6262a1db7cc96367	0745c7d148d234882bbc14ebb660f4d52f135f0f3c85b40e075780f224c47205	01d0bc79e91a6597f2ca30e0e9916be0e70be09bca669d194f682472cdf94432	716eff109c128b0298df151e7ec201a8ad7e662f7eba62d5363b69b33d8c5fa8
486	1d53e07abdbeb2724a2b8dbacd27390df5000ebf81ba017428f2d6c330611944	162acf3a6aebf161ea12ca59913571791679715575f69aef26f7e94938f7e2c6	e96d6c82c9b0e65a6380868f9a82cff20fea5cf99fccb8db03f1034e3b487021	dfeabc5e4b27599daa19161a1bba9ed953049e51bd48045ef362269b92606648	f25cd32705149a717cb0554b3980c5f6fa68beab8af94565b28e7147d49f7c1a	819bcf75f8b97c77b09c6b17c978426c8606e0f874321f9cf2ca7e3c46b1cf48
487	91615fb6a508fa06ae0e1b03af002d6f6a589f89bae9d4595a9e8d5c1b9aaea5	e606c9109e988074c14777becf2591994b64ca50383fc45bf93957cf42f901a2	086324a01c645d10e8641abe7e3729a99177cf0aaebc40ae65ab325bdfb147a7	7c4e2dfa5f4253dd055bb35d6ad6d22b66689db2bf376f5a9e6ba8fd826e95e1	81ac651b18b2190df5a4e32f98b3342cfde366e6c151e7c532185d122c269c3f	a2e407fd7e6631d2f4a57d6f316a08e881b5318d1f7d1bd37dab59afabd18ccf
488	9aee6553199b2fa65bb3c889dc4f763267c40ffeaac2d562999dd9c97651cdcb	05aa3282683f055e56e56df005b69cc32fc5b6dd502d61123a1c4098f6e353de	7accba69293339a1fb0c3e4ef9fdb2e05899ee851074925d293a0de0d21dedfa	0eeffcf37f838fc6217e62f6a2bfd59828c97be34dbe229b9eb1c33e4c18a335	888303b2cd6d68c9ba6997ac85845ad7d2c11783742b70e82873996d79df88b1	759e7d543dd43313594c5c87e3bb09bbf2b952e70684daa0da786572026e0180
489	5138c347fabca2dc7506cd6922b5aa1a965ba3dc210e84744c95c02013690a6f	94866bba5e3e18c41845db2f1e1923b18f74914f92456d2b8a9bc924ae719c5a	73eeeda2cc565b554224980882fbfdef7d95cb9b1d362da13ee6dc0948498a23	f717da5a222b183440864882aed1e9721a21116f3fe6325ce02d1fcf1c5de9ef	427666c5a8acd146fe64a15168f825e44b864b22fe0d0c4d0f32f6db23ae946e	4ac35b90300cfc774da304040d5adde7f841b70611e1e3ecbcb619338197f00a
490	fabcc54a57e289c7f09d7dee38c126cece453a029817d58bf7e0d2605f20830d	ece79f38d7aabdccff54cf9d1687825b147216316dfb89a21d82acd5dc0e12f5	2afa061a2b99d7f7731dfd5e7cec45322bd6b8d5894365429d5ca93f36b2dd7a	b513b48837de7da41dff27834a96e26ec7e02ebfaca8aef15e1dc3de6c2ba33f	13b4bce4fdeb406ddde6411b4d648d485c471f80bbada3543ad5e73e7a9bd8f0	a6af4937c62ad735cb425e128d8de772def20123add162729208003a0a89e080
491	e4cb81f6eb38dd9f42ab046aa392d83ceb31d47a8344042c92f4f405eda11d67	b17ef32676c63c69dc8fcfd8d26e3ef38c46ea8d16df08179fd7e03c0e3e6be6	c9f07a39020af060b9b8ef60c3ba0a2968cd3ca0f7013b81b529b73c106a48a9	92b29cf6f95b08635d78853947501b9608683d77772c75281f10d80b4edf7b6b	a77b34a4d981f5e5f41119e4659489d34cc42e9fb12d889b579ff8e1b3abefc9	a01a8e78235aff446483636c5e55394234a378ebb2d89dab8d14f26375e676de
492	bee642676395c255f0d6806370e588c7ee0b04ecc6161b4a5229f7e9faa188af	9f8120132a8238d75c237784014624b38273a91d290dcc00fd193cc862b69d9d	dcf43b27c09f4f557cba70002ede9114f2aa438eab9ce3b0c892a17c3e163022	25619bba05dd3b6b70504b5b226d4b5950d446eb372f7e239e28ce168de49f7e	81cca6e535b1938dc49190ac0f638153df5cfb1423b3e781c54b994b3107b144	6430a6376721f10d3293a8f903dd8531413ba79a164c4a5ddde3924cae1a1234
493	0cf4bf981e552dcd084f9960eb0c996aabf241773d1b08a33bb29765f13a9468	12aadf50406acfe0fa7f06bfedb9b117c197a00cfca68b3586aa82b54bd76e55	8b73d926035dac669a83a0e16b2d50fc03225fdcdf1a4c5fa709261ef498650f	25db01389d972bdf3cb3a98bcf06cf5fb779a9c982ca8a0b41a99aa256079746	bc0a16880bb76a519551d2954c825be76194ad328a5887145ab5483bd7bad68a	ced86d4f938c5cc0ab70142bc3af0feb8c9b5cb071ef77545453186823438e4a
494	3b971d8394656fc1b7d8551c13e9db82abf28f2762e70c48486257236f91d322	f1ac187d01f3d6ed196bb49ace4ec9efb88998b941abd1126bfcb9f4525341b8	d2379b9a7f97e29dcd4946ad604559104f14855d37b52a4bf9297f4afc360a6a	b54154a4d4ac1fcd54613fc762cebef712707a8fee8c5f544c231990a2e18570	2f3bd5b75ded52782cf39041f06ee6f6cf05896cee5814ccfbd5b1cf0599f912	50555f66aa7151b2b45d1146047347abc7cfc7ecac032f288b49a43f2ac9604d
495	e680fb1abb3030c6a1f1082bd034c6335151e57968724a8d3f0fba1536110ed9	6a04a030a7bcd03cba2bd05e9d93fc5e7ce9459caacf1fcde1178fe81011f316	12a31a912c040c5f1206a138af9b081a0268c1ba6351c52d8a98f4cfd198b4be	c058ca69a4ec1c205ba12ff450fe7ee2899ca809935e7a0a03eecbdc44b274fa	378a22cf842fb9bd6259bd78ca670580c8022c4eb6d52c83ce745cbcd324314c	adfda5176750da24f9d90683e970c1c6b4f6d6a896d110a02c3d8eca2739cb3a
496	d66ac9f7ab076a9844709a015368063dd1c56a38943807f4be790caa5e9ff1c7	ff5fc580711ae23d021a556901f816bd82ffc33a44ca468fcdff33f84ade5d6e	08ea9973d107736fef1e3e201b88fce133aa82769ec05d9012ee404bee308041	bb34609aded401fe1b4adc724fab8955f6f14270f2bb7d46d5180e6d4cdf9468	8b74d72883ac4600341ce6a30a8ed5e3dfa3d753d64a5c4978cb6d5db36c1736	82d9e0f0629b23bb8c3b7e990dc8a3fde04fde24330a34b96edd7e3d07f78632
497	4fb05117c35a84e375a502947d73578558aee27a969b4295b438fceb7744d657	31759d22c5be65b225ee753caf675f968444a6658424444f0901775d6c5c7aef	02c41d1eb53fb88adb2779fa6840f3504d560d60c404c56875bb4252644435d4	bb3c12bf1106a874a8f82918822e1866ba2f8df4dbcc4459eae6ab5e78c88288	6b2c927c937fcfec6667d15d8f8e6a6f5dfff13f8c66ef4d903c62bebeb6e767	5d3d3c8c36437a67058d831f12bf89a05c9263f4288ddbf94b1446cb54f13ad7
498	deb4d9dc4d43ec5841591abad8bca372afe2bb85ecebaf13ffb415a7486e8ccd	b1129de411ca7a13bb866cc912b0827a0eb76a63b0c79e43d58d8b74dd839a80	4e4c543da25ac7989c7a5761f0b4afca988aadeff0f2b9ecd64313d6c5746137	61c6808405432b4ba8c0ef51882c3212d346f9069670a75a1cca3698ddba2b65	6fd9b9ff6e55d88128b192be6ac038ab93a9cd057737878f2c680bf81d263a33	a4e8867ca755048f15e074e2e4d85fbbc3b9d0d973c8e4af600c4607d16c450b
499	07a5cc6f5ee6d5b4d4d6c2b27206719f5bd7a63b729324ed1459e8d43d5c1d1e	b05ca9dfe4d807ac77232f6772792101d9096d78f95e4a83203df086e119b346	d4c92b366367675987752e485fc01075bae2ef6992b572562141479647e33782	08c4e58284d73e4356f79e85573237ae014c52e980fa1462e1e126422d07e0ac	7fdcd98880258016c579a25771766de442d654d2791085e3ed6723dd206a1d60	29cff1e39013f8862082958ce0c4d045dd7873e74f46035eaf3f339ce06ad265
500	c92654c705209f6d233e8e693a745816b8ab3fac7b05ab19b0a53d160d2a2841	46cc5cce251750e0da94da5d53ff0c23b25b7251800f82e68811cf8a973748eb	8fb554e41a9d86f1f7514536eab7b4af2534e7164292c17889cea47550bfb2cd	68df2714705f8db388e67c993e29dca97114e6f4a79f52093c713eb0ee28c35e	583dd08673ea9f1bef2664eceac9c858412f5269a5c44e9ab88d6b788236684f	9bb614080e5536ccd561f8acec41f86b6b1f8938609542128b8b7ea98dd38f6f
501	d877217bcfa4f19dad28ddee83616bd8925233f6b92ad327505ff56867166985	f3f476d18b9824614335338907f8c577bf3404f7dc8173ad3e5a82a3b2d5fa67	c4107ae3f1a630befce9b2951303453333c02bdefb31b8ba45f5714a556cbcb6	b708755a1fd65bb0d4915d55f48ae2ec2178e73eba212f4443a50ad1b88c7093	c4aaaf17ed24a81b113fbbaebc13dee08e1aa023ad92cfcb0abc0d3d6998690e	ca24ddfadef41fb632aa42b2cc29311fd081920860eb23803a388e496f05be07
502	7263f6a5abd42f0545018eb44cec3d2ae98f06a45382aba8e3617c1a4fe16d7a	0368ae14d8510499206da1570f1f3a0dd28326eacc2b29068178e41f99e2ab3a	12922863098041459695aefb69e605ecb3d2415b082b21aba1f5c4f23d2e323d	20333f6aa48d685ff145969fc51d94f2f4f5fc3b5cc13658c7ace362415c229d	c635351caae776372c73ce0890d5cf006077640916bfbd50c1d019782bf21268	7d3a1cc7ff6d1966a64ca41e42111313e946583e972aec8eec3d53baab7de40d
503	5330859738eb8d82bca251b35d896a43314b14be4c33fb0973252132059c3af0	3279e27d038c7bfec3c762200ab7b41d5357d854b5c618a7ba3cb370ff6b4291	5c5bb36cabd26079b3016ef7d9f76d1bd7379561c1561e67e39d3804f4b85cef	315610efc34bd5c0b4dbab82b56abd49efd923ebb4e40fc62f09e0c1eed14120	ef465cdd0aa4410335942f331f0c4ca0cd6af51d8ac202ae2da4f1c096d91dad	f081fad5942866598a1b082f14039c2629804fa9315ffe0e08c95e0e57e4ae03
504	516b6118769a22629fd9d00049f5d5c9f233cd130386a13f609d389c368cf3b4	e9f0dfd286b8999679898136f827a6580491e735915ebb5ef5d8301d52a39f6d	73b5c6e050d8056ccd27167db6d394ada41d5936bc7866a923b11e8c12270172	0907a4a86f7f927bbf81245f70c7e94dc4ce55fcc5a88db543768120665e22b3	d9fb862288b6f822ca440a16eab91f9e449656fc8e1821aeebbcb928ffe0e9d7	a335ad447f5ed25a51eaeebe94deba8ef458f04b3e6bf20f30a47d51e29901f0
505	d2f205e4600f2c4d4be717de305dc96d42f4ba3984eef5b18e9bb7be241f26ec	35f0565da04ed5a75f710a0a33237ccb0d49a71d19ab076ca03f4362541cf992	c9c7b56e93e4ec684f8efd4c094c712d84eebe1dfd20ea9de768a341e02cc255	0d9ea683ea652c4e0d9786b8dd0846d53f0350b1a579bebca39c6dc9105f5a75	8e87583c54ea013c77b7f1b3d5d4a5ad8818ae8b39bd5fcb1a9676af010acb10	bf9ac3f73c4e470ee27948248671c7e2646afb138ef03803197539fc868eccbe
506	6dc6f82d63ee20193dbf8dcc646b022cc6599d6253e1846db1c871b819a77be8	cef2f542419c613645641c68202fcfd2fce6151c09df561f32171138b7bd4f82	6ffa61e3bc10933591ee90d2f99cd56b88eb34676d20783500010060dddb6576	418ab670ad6a79872ceac3fe25a15036d3afacf36662619fe74d5031efca7787	5ebf0b3da516dbe9d8c94e23b0bb03931db96d986cfd80412edfc7723deeef38	632ce2f84ce7d4718de205a0b11a2fc8d063d801c1187d3a0696b01f5611966d
507	4da4d8829e6be5ecf364e75445ff13adc24407589685c5f66d504e8b09304d5e	dfb9386d9eefed9bb929a250dc75f614dafd58a5e5887c14dea0b84de793f154	c805e95c56dd71eb54973e5c5b9893c8392b38b5c261a81750d38a0257fca6f0	898f83a55901091d9af0384312b746277cac9b5a4e1054030c4654dfc1ff6e28	11aa7ad49751836274ffbcf4325c4a3cca7737b0993a35d6324f38d699ecc22f	e335b9072f9fe6132dcd99c84d682143cf6ec266855b29e0ba97ec5ad898f668
508	a3fb5cc48d322034467318742b9de183d6bb3ff0c00ef871f302f6e264ba7074	3ac9c7878a7815558b60cc37db12ce33aed3a1ae6f5aa52679ee72570cfdd2e5	d34fd1b0574a7e1334e3c903a936e4820af869e03ca627d084a5e7356e2a2e92	ce632973cfab48893a708d263f36e4b04c91de45912dc7d6f693e56a9212020e	8c2b0aff12d79e2dca5c189874b2f9a822ea62c24642b48f5acbbdec84e64d95	0095ab0ecf70af648e2838950d1f4c6ca0b9d5569be3e772775207c6ca86e029
509	24290505491cc8e6f048cef5d758b2268aeb47fb6c92552b78a1c41df02ed6d6	3f7cfabc2b3abfb74439d261944b5f93bc0e33e0b60f91533b4c7376ada5c012	ba2896d6f5e83157beda023933b65dcb8468145dc66ff7fda5aefe5841173ddc	377ce9df768637d235c81dc40b52a76ceaa9ec26145eb7d2c77dd75a423dc6ca	bbb03c206a0315c1f112a5db32c168c4319dbc964b9f584309f6ed3f775f6386	c47451a1753b885c68419a5707fe64ac058bec1b7c3639554953c581040aa2cf
510	f1558de7af4d0b3842a1eea274f9761bb31cb832f362f98a8bc8af6e50327195	3dd913b45b3b6692dd577ee45458246b93ef4890757f1177269e8e8ed6011145	2f7ead93bc708bc24334a76c0906a4acd36b8b983d4274eefe5269afa0667708	a0baa4e70808c31f0cf115aaee121f6e2c75f615e48b69880d5f3ae79ddbe26e	1b62952babe1f722925ff2c987e6cdd656ee841cc2fcb4405cb021af83aff3b6	a91fed429a85f183cd3f22c309513125e91d8477ae3d801649f6c645e1f96565
511	e3433d502d7478f64a878bf4faad7e4c79ea45c0cbf71aee1775a8677035f0c7	1ce31f880d7a909b656243c7e74c1544a7096935e4d6cbfdb5e2063fcb7c10e7	c32efd9399e64304febab6844cd3ddd8fb75c591da06cefcdc5fcfc54f9ea99c	aa5a6c02952e47512d79275ca2a19ac162e93c45984dbde0177740eb82fd234d	0431a9aa94b1207d385914588c7a984ff55a55e53c5062371636379cadc7a6ea	a1b32d83ebbeb0351440f2f25cf32f8466781cd37a4627703357f2c6e688e713
512	4d08350e2895bf738cddfff7a268310bfd1c3c0b3eae4d0b94a944be6d6a6b03	de7722fae3c9d4da726d8d64d9474f4797f40aea905deee6200b91b171242abb	5093c4fe3f63fd308577411dcca6f4758f38acf003449386f9a9cc3eefe3586d	b29fa00f01b072aa908b8b833ac3e1cc99adccb8b00d451c07da152ec2414685	4488b7afb3f23c980aea9df3b09f4e41e4521ebee1d9595cd09a49b032199fce	8f2ad637d7f734ff154f225ad6757b8bee377f575d4e5cc93305740befc488b5
513	718a63d73fe6462b34999f090d7b07fc70261a49cd9d9d6b8202847f9d6c9cdc	8f2d47efc56df5d59e1d5b29907c9cc37d0f4089204c77c4d7d368b9960f80d2	23da408e8b2fbf1e806fcede57b54f2a21b1212b78d5d5bfacfc121331bce12b	2a344709debd3ef66d8ab8fae053a71d08b8a11b7a2985fea527f12156136d6c	12d7d286d7d82c8275932904678fbe0870839cea820b6e8f4612dab4b530d4d4	ce60b2efe0d2ba94303dd5898c967abc27c11a316047fcd6db643c8f645c1cc0
514	7d8a1e5cafc1cf6ea84598a02cde77e30028d52cfb4a0ba29c39c46b2e4ebeb5	32acb15ba282b5aa668767969cd3d30dda8de6e3fb3a6f10b555c8289832472d	ca056e99d87dfc222e465ab3be7d10c8ebfc0d47a9472215e7133cc0fc361ea2	60f5bef98ae46993650f97ec15a51e26d7010f5eb7d865195779e60e34834315	2e7a2cfc981ed58e919efaea96152e961eb6e3a8697d91a057f18c7b0a6a9df8	6e1cac82bd0a21735908559101e10d0ccdd7fc85286c1e710be1071f940fc7ad
515	ad474a698b540febc1b8a32a49c629e49017e277e94854bb3eb2571071813305	27f77c87d52b78e8d1796cfa3146f2ffdbe58d3492283556778388dd44eeea04	1f2250941b76148eb9c37eb17db2ff4cb8014284b8968ab81b10868000e706e9	4c8cc35affd3895a6f103a31464b6f9e6399a05efb23e99824665ee8e9ef5ce9	155c9ee81060c9ce21510d103974b5f64a660d73a35fb0c868c69b4b6a17a4b1	439c91607b530f34807060d9f8c344ff153f73f65dd15c8a2ce6c154679df9d3
516	9ddd6e571080284d6bdae5ee6d46a0bb78c7f358d96690c5eaf0d18fa83763c4	27488a4286145cc8215cab06063a099d4968fd4cd22bd0bf5e2ac1fce32536f5	09fc32b5b8b3dd0ecf1e4a86a861539e87f0a44d99bf400b1cb543c28bb2b8fa	eb32ed5f9062f989c282a646b3d5e421aa456fdb60aaf62a02739418da03db1b	483f23447f162e523e2b635f8b300eb137080731e763aba8e9cb91e826784c26	b5f3d5e7197dda4b321b0f24b2eb75857d7375e208520547ce2b622368e54930
517	4081a11c9a43506190c4b328e3f5c3dcfa7f09b3285385fb3a10602164df2df6	058c85feb1aa508e55d1d5616900e90778aa2ff1131a24f7128c31039d5f0ce0	39c10d1a405d89ca95e38fdd08404bbb8c80d6dd8653b95c7023e2489ebe3a28	4aa648ba9c10aafe1083c684ab2639d3b3c7f6c7cb42657bbb57d65c863dac2e	4e1216f599acec338306ce74369d2f9b3ec2e5ae9e9afefa608d12a516c86b61	18b10c7ba0e7384fb06ddd696fb23d8e37132b5a6d4370be6cee067f32486f0e
518	fc19967d66ef0c55139308c2c40ed091ec7636dc5a85d983ed706f948835c098	8bf997a42c9670edafdbce9687c6119f3391d222eea3168eb735030a5082e5cf	932521508b587d3ab07be9f2fa19c6af02d35ee7532154b1b7e0f06a57cdff8f	0349e8ce79e29fbe18dc94a9583ece89f183a4b673cf7e3afe91400223d272b5	55319f849d4b2a4220b66229c80210857adab1a97f876b6e5c1c132c85c7da69	412b9a937731084e0be5534827b3ac9f8f9197adcc0036603937b7b9b10eb4e0
519	b5713bb5114ddf50259aa6e488faadd396c6dc1b238330c57dd593baa704c5d8	68f43395ae2f034f34872f6663895427ff2884fde3787ba7f1244f755a46d901	1290634d85716ef565253b6d76937fe92a29ab6e2cf8954ede07a07d04db44e8	4225b3ea24c1c1008b8d05d345e1bfbae47bfa8dee0eb7dc6ad33f96cda8a2d5	8b5f3265aff16f1bf70db5956a6d4a0787c992554cd0a1ce1ca488cdb3a4b551	98053d38480319b50fdc80b8faf890dc566c5345988effe7f5d3a1a21017e48d
520	8f68c4ad7bea5de97fb2770a967cabd5e5d72dcc5c4859ad9e342af75f4d3aa0	084b960adcb96a1ed3dc54dc722fa0466ca4fbb5b62ffe5e8c8a37a513bc33d9	0dde7e61f99d3faeac57813fb9a40cb3fa51fbb52ab2a52fb875e2fcd5f521b9	606f3abe112e670b7a31243dd30d119dd108718525765f2e0b90ab382d627552	8cf285789953ce30b146e0ec4d8469ad60b8b037d4783faf40f2847dff4737da	c8111875fe50cdc8b6498ca4588b0969e4d1f2b3cbcb32402692d0e831154077
521	00f556013f5307f5cc5e69c8809ebcb018637cbda47d317288e56ff6fbaa768d	75f66334b37e218f69f791044c544e13af2e7358bb489882e1cb7f1626103d4b	f60b657ab5584d13697151c4755d8a4ce04796f1a5600969bd3b153648c6a2fc	b546049047fd3ae49fe0a0b3a85eec12ed7fb8600760f3ee517e30dc1f50985d	43a841c93ea9e7b21450f717c6b5f529d299cea080c1a79cb6401009920f6688	2c18c1c4d19b23650a2392ea65fec9de74ae86bbd9559ec95015b79b14208022
522	a67dda4e2df9f0897b45edf34edfdfdd47ba0732492eafcf1b1575a21bc43ab8	c52db0377a0e2a310930c33178f083da033dfa9bf20163ade9d543dc9e15664e	fb4ed69bef1fcd1e13e95a170402c96b2476b182354b7390a61eae5908ea67ac	a03f28d64a9484cbb71566c7e583361e380d2c35d006499b12488039524ae460	5ad815f933d682ca8e4f5d876f502aef6ccee5870534d19ab38fcfb38b8cb9f2	2a34d780059113362ab40ab835982cd93e6854b4f56e59983825d5fb640d8848
523	90d8dd3a9cd1211cca7ddbe5378f2177f6a8c520a031a272ff71705ee9f900fe	9ac6f06e5c1c3e622cac5eca78b01511408694c3412f091629ec3976a2646743	6f7ce722e9b86b3a712b0e34a1d5dd559ce06abf66c122eb7aaf220b1cb42382	e954f8dd052ec9c89a02daec2f51ffa3dd7339a9cad69759cd778fc5909f1df5	e3ab70fb4013959d6d90726a88e44dd0ff8111ff227bb5d60a2d1d1850afc844	59950ff51400807794745867434f173015cf1632c5c286c77dda07fe0ec61c94
524	774c0f8c8db1f350fe1e7d653104d7f476eed65198449ca408cb23a16c2b40b2	7c5fac0269413ad02aa6ade6e12b2cd5a84869e88c10a14cd592fc2a83946826	635968adef84a7c19a8083e922c5eec859258cd05fe555dd8ce51e0eea126783	49a80448494a14190e75da0e712bf1568db5d9d375b9d381cd2ef71047a1e65c	563c60fd88b96fcf471be00c427c8ce4391572bd64fc0a044bce042526b1e482	21e98e47f3ee90f512d8cf0b164933d2f72d7074bc0934152b2886a9ebd7f3e6
525	2880825dff3a78dd34e5578c3e6007c3f378fd9b202751eeaf037ec46016d522	d34eec91ac5bd09e9a133384795f7960f66c8c78929657dfcbb8449267c9ab48	e2d6912c7cc10fe92ca93247be57419330017aa94027424a0817c55a028e6fc4	7eaf7112fb04f4a76437a5353fd04f8c997aebae0978703f1c42165115802fab	8b9bc9db1884b910906c612e2abf369607d906e73135e0fde9ef20351cb7258b	9e4eab163e923865308521deee7f8b3cef018e9d4ee7ec9380b50bc756377e8b
526	cd3160fb727c95941b6c4533f9b248c99196e7e8610efc3ea4667d0915529011	46f631592b32ead1f3d9e1e0fe7326d3333fbfd5acfdafea207407665d2e114d	725779b08a79a1bff19a256e28807277519dfe6f6c87ba72338daa8eafc2d4e8	66e6b3306bbfb33904dc34c6eec939f6f541f1a7a728d1178341456c5c32877c	fabe2355fde517d174cf9d7aaa5c22f34b5b3d86404fa1df6fde2fc78c587fed	04b7a40945dec376b2d802efcfafdca4c3787929a587b8572bcf3896ef44bbc1
527	43c45bbf68b13045dd104f9496773a60b81ffae9b4ccb7336c421abf5311a004	2fbca14b064af0abc9bb24fc767b499b145b7c3425f3ea4249b4db4cad93983f	0a2766f6c13abcacb4d7257956a0bce40ce6e1e878a2a6770e962f2140b5a503	fd75070106e592ac95c7e8f698dfe9f43c2fcf022818d2c27180a77ccfa7b5e7	11b5b063f22441a36f958fc4a12e3fef72075dc80682c736bba9e268c3c99e5e	af52d4fa3bcf27271d2afdf68509bf6e2a1bb3386a1aab55aa8c09a8edcfd6c8
528	832da06118e0889e8ebbd4be0fc084c4f1dba0390c9c44b4d873eb1a75ce6558	68a9fc3fcdaf6826c722e08c26ce53cf1ef24c1a54358d2492aab9d6dc2548d1	f2e154dfebfec66d6042f9c8ef7d0152cb5a57cfa61903d7988a120815f7fa9a	b8c9a16b858b18d75460c23a7f5d4600fb0efdcb4a98e35bc7f82190b42135e2	9b514f81208b8adb9fc700f07f154f70bba130f23d0307538836ac95deb7706d	aebe69a02eb9cad6036704ca47da261e2d882031428233c6cbef97354ec90ab7
529	3e1fcc38bd99295c92ccbb9bf60f3deffe6a09632aaa6f7c38dd50645b9d76d2	75f8c59a46f16402fe83e55a1ddf9b457950ec7d8998756303edd5ab11ff5d88	c4afb6d18bc934a1cca19d83ab3c9de7d5cee8d97f0737fe8de0c72e857874b9	c50a04183f6e35181ec7cddfd07e43cdcf076d70731ed81ca5035b0f03381ced	87e5d154d6a9ee2151acd57321d1d8210a105160fc1024b616141d34414b7631	430e5574723600795e00cb89e1a450fb2b455fbc29b12b142ea628246335fa7f
530	901e0dbd57327038db29e82ac783c207bbe34551731e1d252ff8faaa728e6314	5aebf757637f5bd94be98379eea9ec4bb01975b3788c64bb4bbaa605e0a7857d	b1232527f509968defae3813e6ddc245049f0bf5442a348886b11309666c0bac	e5792ddadaededb18048976442fd92865d6dbafca6ea6ef71a37b343c6c76a97	134b529595d914936c0b109780b97d11c0f2939809c8342b17e0ef6795e257ec	f2da051aa514ee777141b1a56fbcf501182779cb3b7514b9966532f17272645c
531	57d52a594606ec5e174de7cf43da381d9ceda9dcc2a3f815e54414d4f0811222	9033c95574cbf5c81cabbb9c5d3a179f98e439971cded7638c05b650326c33d5	9f12c7a226833a15a3d33e95819156f77f7dd3b1b871a85595191c29415cfe23	cec93c723c834f38baba8af8bbf700e7f9f27c96d345e812240d1efecf62a016	3b9b3a8407ea851e4d879f162ca17717d770b829ed13f85fd6eb13d82174fa77	c17711799c3cb03ab9e9992ad1b56d8c49f14a1c2499e7086f2f4780b78226cf
532	a5d0e8cc06baed545964bab4f340ae4ff97b293b2f5087cb9ac95b2dc1582504	4e6997bc9145fb8c8a8968c794976b2408acbd4e5577e008b90631ed5df712d5	6eaccf2163012f26d0303646dd763c6e997bf45b970e00e8b5a2ab748887d9d7	d8488c8611cfc15f27f8f5e46766099d1661547703bb5fe1a0b1378b9d32d6e6	a07345817e05744a5e796bc3b93598cd94dfa4163f8f4a4b25a6deee2947b848	df89d8e4c58740ea2abccd112bdf196a131d9c187825f07a6af7fbac98ea95a6
533	3e9f1be2e0e4440549670dcf23ffe3d9bc4dfc58860a2b1fae7bf42b48efb6a7	ecf6ece50a1994805880675c2223b54ff08edae9b0131d4c6a0451aed82743ca	1be1d9808822355773fdac297fb0e4547207d3a1946cc65c18eebc5a5338fa87	f1d1036bf3e7226c4263ee55d07fcff25118f406971d91a5454dc2db1052e002	e5caa62e918fe1136050f994240042959a31370f01a63af668efdbb4027fd7c0	249609ee18c76e6e44cc3fdc02a52bb5f5e41c2a443af758e7a06d17dce7a605
534	7f92e9125a9197c57fddad45c682fb276834d5a604f5067c34de9ade163e49eb	5b50004b8a86dc10f5866e0da07396119fba5ad1d172c956f0a0d9092d35930f	e09d90e849287d7dfa857f8e9f86986f17f2ed0e15757f2bfd3f244b09129c0c	8ce2eec05e307770fe8fc6762f7c7ddec35154922370386d02372c1da50894b7	4d19ea792c0a09c582bd0a696f1929ae6dee7945a8033968ba74a95ce68e1b24	e59ccf7411b84811e5ede67df4c34264e1542cb6ceafe3e43677b440a4e68a39
535	0f2a6173875ed343483d8be82b888ecce52d0bbcd5f9afddcefa5fb6a7bbf682	b8d3029aebb4946ac46998332946a53c2a9865c22898853ac8e5b0e94a02d5f0	003eeaf31c1d3ab244baafd57cb44528f76e64b8b5deaf4435b246e86bd1d01b	8ec28cc3a465aa1f6bafa6e80d9cee3c052a016ff74c067280d19048b280b380	8a0f50bd5ae62aca578d1a7eb969ee50e83f244b298c47fbf5d526c95e2c6fda	caf47d9ea6847611abfa86a550f56515e444eeee93079b6b7103b95a38f54604
536	e50524f59a8f725afb9a702fd84e10cfb42dd51c57e3564ebdc9530532243be7	fe10a4886aae01e1365d985b3f75787b015182058c98a3fda42cb686d0c0486d	59520b4cced48f1324c8aef62e227610fca277506f5f48e8f92e656c2db656f4	1ffb739dfa5829b924e986a922191ec54065cbed90c8da7eca5abeca92459ca5	d429eedba6a2c0e25b9647eb659451791c99d61de3dda9fb1358a9632fdf61fa	fb219c51f7cf8d463f0fb4c08f6377d5b7a2d133fd15ff01443e495546d4d0a0
537	87c1872776fdcad690fb753df68044fe060c45da7b9bd482c99ab6de6f986cdd	842fa0f38f554aba74cd2b607158d997ae38ea64b882d140fe73d236dbbb3466	94bc68c718dc3c501ebd6e2e2c0f1f8d2cf94d560be9cdbebcfc7eda273650d8	5c5c2ce5ad83b7b9c65aa2392c175a7b40911eefa290ea7945fec7d76b2b81e5	66c427791c4df94c07bf0f7f9da3abb7a89f2fa8936292f74ae4bce7400bfebd	f4b4825b9378fb261b15add414d8a1a2944813063e9e635a8434fb8220ddad12
538	7555c96abb54e2f263f25834540e7960fe06a9f083da73bf5295c77f8c55ee72	6d2de4ccb7b47dce44ceaec7cd3e4cdccccb48a077ff97c38cdc9b4ebae7cd74	652a4f5199dc7c9f4367cf54c0cafe723f81775259e16125a2040d0ab4d202f2	81a9b1e714fa17c0153fd61f055e38c3061ac07e7c84817ee6b3413ca4623f0c	a68a7bc0c26e284ac486a1205cf46e78636971a238f4230891ed8b9e32399808	29c174a9aa77884d940bf1a1d23fc00e818391a82fd1a734075f574192553dae
539	e52db59eec3c87bcb20919ef9456db83136129be265dd60a64590b2ff7059781	c2d9094ac97331b0122020463d125a7104252d67160c5568efba4cb509a934a2	83af1fea47fe3eb2abd376031f4015b68acc97d2a3286824354811177fb467d7	d673c8c1aa99195c54863a448d843b287d6d65206d8170b8cbed3fe0cb9f1138	ae1e53c021a884d8c03960dca80141815623f6a903859e70d9b8fb8122f3c7ec	95955831258c57e0b4c140f39c5b9428bf91021ed94baae3a720b1c227e64d47
540	439645ff009f9db1ec9669a3f6e47de836bdcb607fa112be6c29917aa6669510	2896a5ee2df52ba3bb1b35fdc9d2be22e24134bade30c1ed253fb2c3e4fc261e	000a27288264b58053c02d1d12a9b86951aa921031cc6de12d22aa244d740207	7096533739c2105e13fc7be73fee419c19d974f884528d40a069a09907b8eab4	c94e27b3c825e822cf586d84502b6ae399537542daa07a25a7a6f6cb383b1903	649ac9af0c0a55c3a84b1c059bc36d20cc4d8d90dacf9e031b0f8416a3c45d0f
541	1902e66f6ba6984c554f2d916621a71b2a8dbfd478e68d9e4e0cede3c7aa41c5	105ad237294a8d892bb1b34343ba511e101379e1a169c055b39d929c40a20afb	aded8a05ca07e9cb9dad45b7c91788f82561d085b5c28a8d7dfbc1c5a2defa20	0b0ce889bfc0d8f7250f7b43228fd2264d09d6dd30b8296e4a0f7484da8ea7fe	1d7dd0a10cedecbe2b87c692a25bd1bd9477553607ab36629b73bc0cf9e2bbf1	d97491c91d5bfbd2c8dd84a122c1705cd563e9163f3d2289bef1bfed8eb15da4
542	c76933271315eead2bfa33f0ae82a612c7f361ef8f68f0d91147e052e66fae4c	628f7b5c6e23e5df93fb8b0f4a0a28003e05655e511e92c470cd3be45267d7de	1660228ce48bcc04c705f71a3bb944eb7bbd9e1de256088b1910b9e9d6aa96ce	3a48737089630a87772f5291ca6e8eb4fb2664df99d25d4aa14a458d2bb5912b	d1a675c51b6b6c6818d3458115d97485335ad281220510456e6a3c56068980f6	6b691221ca240e3bbea87d6ad1bcaed4d80eb5cbda06c3e513b9b37f560cd0e2
543	9e1a57eddb756f7923097850862e2f9e3ee00dc1f722d3dabbf83df22976dfdd	6b5fc22c4dc5054ab3b54013b2b6446d1cf8bd9a1a8d702c2ddde4276779044f	e32a3b29dac6353b8bec89b31ae9d7c802b999d06c1eabecb8fe1d1bf508151e	4fffe1ae56d510a0a1a0517ccd1c84269c784ac33e7558db0f7d3c6ff29f9611	4a97898fa03ac8c638c6f595495911c0eef1ef8437e931e699a12b34c1d6ed37	77a320f00ee8484678c4c131fd441dfba7e20a4aaf74b37fe6afdba9b7b542e7
544	894fa0613c8958b0367b986630962ee0f7ba8a695a7d1526ce7f4e714f2d7fbb	9c8005c2f3f77456721b3b2d05e952ffe7be3a1e613e2c5d3b9b0efd141dc1c6	e930268e1d6663c1a5d0407f5aa8c23ecea4a9a450dafeefa8b184492597347a	1404bdd9ed61ff72034dedbd507b362386fe08dd917b36bd701e2ffb1b98e046	353d84042e6392ab1e59f6b29c72b7df9454d41b5da93adcbecd2cc6696a2b5a	5fe9ab0c3f8c512f34ad3ac31058e8b2e694f9f8aea674de39ce108716b46e36
545	127962204ac530333db4446fe5f0ff7c02480f27b9757ec5765e964f4049e881	01a11d929fccbc2eee5437adf2451e3de7410d911a250deaf4c400e581274c66	fc732131a9d502bc88c4dcb21875c5fc6f13044b6e85ef3ecee9e6e7136e3704	25c06addeb6cc49c485d82df4da1938469bb162b401833eef7b2f5c0d587521a	c2f5101651fd68718f563238fce6430604acb30f915f65d9b4e04400d9edfc7c	315a92147d75f5ef64e20ab03526c8a7326f264396e4cf85d6c48d1d91b0536e
546	17baab35fcb5cf95ae46a4e45161818de5ada8aff17f69b1b6d4ffc6e2ed4429	5d330ddba39f216a077c323120bf66019c9f0e5cbd54e5356f8013e45a685fd1	5f61f67f9f519b7a9399915cc87b69b2d1222322533f4ec1086d495779ce7c9c	b1f01173213afd73959943fa05664fa46ea3e55fe9e3ba37df9917be1a9d683c	48a159bf5054d7b37646b1200212eba3d95ccc2de283fafb471cbf933387266b	62edb51f228aa13b4f7bc5ee432eb42f44c9bef22c1f8f90fb7f16956ef111d0
547	91039608c2224bd3abc49fc79037940390f576fc523b0a0517666411e967d0ab	2aa2659bca279f88e5c28f1d8e05fe7463a515e0b114f38b510c642a4c664166	39e3a9b6e8a0c1311f5a1aecb7d5823473c94349770fa6dd9eca19571a1a625e	e6585852e58e59ed6d7fe9efa4c1d3a4c49f651bca70b5a01d3c8603a51c76cc	6c43262428278a80e8419c80273e1437ef5c20babb8150f9903214c9f13b2c76	2359a3cd2402f60161a59083975dad6c0c20173b68cffb6bbceca602a067a28a
548	2463535dfb03cef5711d2d1a03e01f3dd176a8eff86cef0199b219f9be82f8e4	b2f1b272f540a86fa51270a8ebe4bfba05798846982bdb0fff083e62641c5995	3748ca7f804048ec27f108ea902c4df04625f46b5eeebb8925ec1366e6d9b263	acff2d4a9ee7e51b86b09d778dfb679f19443dff9762308c10a234cac77811e3	45b1832094150c349c6eaad78d83df467c6dd223f38636986fb83a6ec1049021	334af7d654ee569131b4df0b5ad9e81a63e60293ae8b4454debdc492c2aedc55
549	75d7b2cec3491139a3d71c3f060c0d56a8fe6cf9784748d9e2a0ca8b1bfdf529	3539460ec48b4ea1cf4d09b3b1ea7f29d1a2ba087c561f660a0641b69ec732ca	267f79148cb044f1136198ed7907c4d232227c6abdc597912bcf76ce4977b38d	888fd3ade7ebf4f5716fbaf2830fbfbee6a2d3615cb5487a9a348f3f83d10e7a	6646e1c2d53e4062463800894a9700f1beee1ff02fd460a517a21765da063597	087c66cbcdd2addb44a14b6aa2c935f8867802f1956c698d19cf37409dd37dd3
550	b031f35c4a766d40c9c39786690af540fc4a5aacc67f5842bc6a4f440dd63d80	0c74b55d485237df55ae90347a6f0c28c228815cb3111d9b715eda0ea5fe4acb	0267f00e180d6bf994044c63b99be170fc1544604f058fbd3560e150bc8232f7	2ee762beef29fd3aab621f78111e16c69b58dda63bd6fcdf1f62b6d891868a69	1bbda024c2ff872b77dd7beb85dcda1dcc3515425b8643727d4fbfecd311b45d	31d17e91b453f5f78f5cf111b58a01b4d9ed07d43aafa454e506b339a03ad4e9
551	b44ad61cedbc49427f654051b25390531f2ec0196362c324f4b32cebd1f039cd	f28ba22be16c7be3a936c502711bf11eab350ccc00e75adcd0dc63fd5ace0173	88d15b72788d3d5de38fa289f34bc3d8c8065d1dbce4bb2c4e68a25f70b5f3fc	594847607af10605be61be56bf3459f35b68fe90d26035afb6f4c7f7592a0432	b5bf6829983700700f9f380d87b543a37b71993dc3585cfd44f2ae3d00046d0b	f204120bad27eee6acdca7dc7cbbcd21c4ee4e780efa777ce652f2be7da9bc50
552	0fc80141f115f8321e4d27d842a136ee4cd21d1c20b6c08c1dbaeb8f3d34e42b	a881e1d9ee8acd21d6ba3bc07b61ff74e03942276d74f7142cd9e4b5ab1f1e42	ac522e1ceae7db41447714f57372bbecaa18350cf5aaa7e6fdd1f89e7dc3c53a	0f9e4ace0f5194eecad3a0927c2f81e84fdc863bcceacc403db20e6c79303dc8	98405dedbd23cedd58a748d1cb5a60699664c8ebbc6aa3694f49262522acbc56	479fd0f849dbbdfd2191c5440df1f078c712c45379224981feb9f2378c9e56c3
553	fdb5bf33f7e0277ab2215ad3d3fe3cd02d24ad3457559ef4b37c855bc2d3e136	87f998bba5bc0516d35a41de44899309f838ce281ad5fe894d7e620bae0c246c	173dd4d02cf5aae1135263b09a98924d7dbad2d62a3742d7cd12858224ff03eb	8f10b9b70c3e54d02812818ea1a67bdd19d67763aac887647f59521795a7baea	7823973bfb95b27b824d86f174d6b621f4d0aa65f9f9882b1fdd1e97eb6e185d	3422516662e2d4fee0ba809f689f62704177c7af0530e49a634b67e6d17cf12f
554	d6aaf017dcd50a3285c278490a49ba4ce747e2a5a8e1ac8fa6c942e2c587dabf	7db889ffa515070d2ab0bd918e3fba9fea1535fa2e5cc320e9a3788470be6434	005223aedc6045d5fe91ed39cf8f0c75ee228195b946f442cbd24a7e81f4e494	3fb4e7de67f499bce43670f5c1c357e205ec5134c9391edf90262620d96b72c9	adb7378f65ce6f2207c0d32128524dfff1a990a68e88f2a8df25312585209348	724f876888cbcfe83b6c8441f40bc02d19d5a59f1e11b95a1c1ae1a1dd02df19
555	b8b6cfc598a67d7dcb4234624e453f37afcac0ba2c469d84a8cb03a347df9061	7c52a61e1a8b54153aa760eaf6a66df697462480c1bdcb6d3f0218955c2f77fa	dd155c085ecb340704d1b9079e2a97389c20739fe369efabc09a25b7129504be	aaf7772045c9278e0898f6916874d87aa4a781398b8c936e3e08b34e7ba31004	58fd54a608322dd27b37d320242376e6c30f8b3c665efba5cd3651ae54b7fb16	faedef8ae94d3cddb244929c6af18d23c150e97e28a7342c52ef0579b54fe0d3
556	486b81ef235187cda7caaa5d468f8ed18f5f158d331b6b15a25c2e07a88af978	b9826c164e5289ace73294e9b1713e77f5a8be290a23dff17f6a514d81183d32	ba7f3fcd4a52d9a729ebf0171ba3421e1d8ae0fdf68193aeda198f0e7195f940	4248c05f296e055ccfa2c69df5ab4b367ed5d4127d5b2c3c13584cf9bb8c9383	dacdf1fc186086f23dd3be989487a490a6fe9ad3c548866cd52442d621796212	93f9f79c34d675ead87fa5b9c44c6a736aab6d7cbb2df7f575d0dafc57f08955
557	208c6f7886e45c2d78242739ded36a73577d61cb6588b91222426721595c517c	a7705c3faff375d99353a7fc5d3d04e80dee91a231407e613f275ffede00abcf	1a5dae393d395e05a43d6d82975fcb338ea3467a673c373c6e5137b1916388a9	607b69ea21eae3d2d9722c93bcff828d24abd5b18c9b5b8269fdd607cfeb888c	4baa3f344e7c890a99f1cd0ad9df85cf999d1c4492556ab01f8a89fb5d4c950f	77b20b6a0bff6b4c00ab5a7c60dd9aeef5cc490242782035a1dc19c2c92c12b6
558	df46a79b57c2c1d690a8406f5127e18a7835cd9156e6f487f866aaab5e672c98	a6e3caa193069d3833c8ea03dcf9f8c4ad493f8f2182ceb41faccc3b3e38dc5d	d93694ca708b02e4b0f48d90f49c501cd77c92c2bea262315c4db64e6ca22724	9d3d592356e0e33188e339a05f0931eaf1e2bc400b52c14ec07026ef988d48bf	9b49bb328ea40f2d28cec86acf35293558aabe93078c46d452d75b7fc7b6722f	31db554d270c1a2840d3d757a6ec6f2ec3edf58fb732cb0b323cf8c5161cd540
559	71c772a6f339c9971e24eefc7ddcb2732f4e972d36400c9ede1faa6102d6b417	1f2cea480ca1341d47125cdfb7d5ca325ac3f160925dc2174a2c8f8a731834d8	dccbb898942ede36e738a5888a031ba9398bfe369f6b65565b87d79945750f97	7bef0b73984e6886498c1dd80653478dd7d0f2e98d7e4e99fd2cc17e6aaa4d71	b05ca1daf037ec1163200c43329fb0ce208bb558addf1f926ae77b1c0c732409	d985799d1c1666b43f6213c017a33a1795a053cd9dcb1a72960fec03c4efc498
560	434a00ee66486a7cf37c582837cf6366d10f72ddf5fb16bbcfc0c2138b80ebee	a43879eb6d335813eefa8ad49483172d22b26a5c1add4b4305597e644878e1da	1072f6c185817798dfeaf681e7e2d67e3df2ed0564cd1aa2ea22ae18aefb01d0	81388f7ff76d96499d39981290de15ff85f768adc77866c13fbc5dbbf959db81	afc634b98ddbea4ad8fe77a03fc348023b596151a07228c56ad7567b70ac4cf6	6a6592a429d8b7066194a60aef6a272f374a66c336c4b1401359dd4559dabb1e
561	524a112246996c650524627173f02f65e10267570826842b81d0b0cb2192bc06	c9a321d703f1c5a49940436e1a35be06c00ef3d39b45d4e88c7c6ac8a5887408	ad889547da82938a6e5b602aa76c4ea41af85b0d958a1f323b8553af2e094dfa	c5e4882a1e9c0852f0dfb7c747eb497d1eeca367c7901444b565ab22f7ab0067	12349680f051a2ef1a7da868d7f6f8fc02d11e960211baca29848f1e4abf7791	6acb09df7ccca59addbecb1dbc271f9a83e49956f8ca4a436b97e29d071f99e8
562	fbf47317d758e395acba03e4fbd3585409d76dc96853cc6a0f80f99068fe4ae8	f48a584a66218b32b9772494962ea342dbd5846a2e79ae6e95e898aa4cedb8e1	cbfc2d77146c0e13114134ef8262c9ab90850513c51c76da98016638bb77b32b	ffc56e4133614319f89fcad0c80bd3676928956098931cb0aaf816bb7abdbd18	1469627bb73ea8303131c4e5623941d86ed62b4a2889fc6049a3b5708377651b	2ee3f9dd4d2052e139e303399a7cbe424de1a0afb8ecd65475cac288ee90979e
563	43f4111cafa0dfddeafb00eef06a1c964b68b3d37850e856af55d3949a91e8c2	4fb9ba8b2ef7d1a3193fad1ae23bb94b050b784873ca497eb26a8bf8488960c0	88e7af7bd17d6ed481f733551c502291b0c83514ed3201c4ca9668a71d58b8ee	b6932d50f9f75c39349b8e6b4e5b49b3efbd50677d21556fba5da6fcf4b9f891	96cb33da91902b88b74c604b077820411196e4e3908203554a0fbc3d77d6cd02	4986ab240910d2936d3e1b8ecff81b155dfa0a5f6b9b499c66998890a81b0d8f
564	d9deb11a9324eda97f386576e3cfb9c54837b507c2210dcf357040107896285c	dcff546b7a7f8aea2907c211c9d2d248e7c3074aa50434594854708c20a64421	399d6c37b0fd32e0402f629cd3c9c02a8d3b101ccb02bfa1f80e074db147a52d	0e9cc5889de69fb16f2f695b66630207bfe18ab70bf659833a06e6ec1b80db5e	60d1d523c4d383780fb3680aae907f31b960283e4b38e864c42132d81e844aff	2acfdb92e869c830e23b52b7240c62b019cd52447d58efdd7a5e187d56e74bf8
565	510d1834bc470bd4503b42d82883939dfe80682dfd2dcd463795b3b2f119b636	bd6332c4e8b3bb9b18301fab26de5bceb8a65e540ee9afcb0e3182a5084b35af	5898c70bdff1e0dbe8b04514e622fe9474e0bed0f044d3a4b1d5a1a3c2e42478	f63fdf209ccfb0013f205ab232dd0e19306c570c84fefe5582dfcc7f233b29ec	2ae8620ed1ea5668c8c7ed0803162fb20b9c3fbbe2ffa8d47b1a801d66ee6c15	cf5c1f910a6cd741462bc936a6488081c84339ccb6644e90234da0c96245a442
566	7fb8389ba0c8861138e832c9beae5f8feb3747745ed03526cfe11b0030174b32	752bfb56198feff9bbef13441da52213b1348077cb2b1ed608e7780e6e5e595a	0f6e08d27e306680e52209b844e724c38683031cb5ac1e1659f91e76bffb90d7	41b2cfde8b237f0a3c17f3b9cf646c77391fcd9dace453d9434fe2314af056cf	86e987afcc5990b3ac0ee556e7b1cc1babe94d1199b8a5ea3f28d035a5bf367b	56a0be986be3e0b9a4c7df0917d339c4e14cc76ae08b62d20ff51bff754ee8ee
567	c6fde95a8c455948e01d0035d60bf453543905c72fe04390b6e2a5f98d6a1318	51943b5cddf6da8a48dc3cf60ac79ed94d3af19cedc573eb072df5592cada17b	0bc458cbc31bd0181057aa4e2caced1babe80c0d0cfcd564e180faa429f65c18	6123f1471a975833c4af12b9b957f8c7321f71d73a3832ccfd33ab29e580d2d6	7eca67ef352002c8116e9ec846ce98fd11e57a1001d4e71fdfcf721717feac68	2efbf2ffe1c1437fd7f83dd485c3c40b61406eb09a5e8d5568277fabc680d0e8
568	24a0e368b7d7d80cde85e5ebc06cbeb5db8de8ea9d868e56dbc88cc5c1fa9594	2bf9e808f85664419227c453f9891000c37fc10f049aa9fd536d86564a25d7e1	5355e8182486f548372b0e991f3ee5446d4d081cb3e9e2246fca2851704c0340	9a2e8f72fa46dad086811b2ba52cb9acaff4acf6dfd09cc72a46e50a1f63e656	3f34e0ae07602552f004a0332b9579b0069ac8392d9f679e4b9bae456da3919a	111f349109e7f65d08364071d9f342b3863047a22b8f2f095cf9c9afa67092dc
569	00f6d764d2d9f338ffcb5ecfbfec48eb4ae007a3ff96fd783e9f741106cdf498	2999a8133f64b2aa3e0aaf10b4e317b639b7ac99c23b9c324564d2890c9390b7	0e832e10c47eca7332d2e639d355c2bcff7bc9054db56fc7871ae7730111e272	e153d98e59d85d9f1270b2a8118254b5ef9c619393b5ec815d43a09a050fa024	5b2494c848e8cb336451e9aa0b1e3388f6556299ee00cdfa7f4cbf8b639743e1	1e65a5d6c88c3fcb2b03127f6527f63fbc0f476383174b77b71a112f16febd6c
570	983ca36a877377ccd133e83d536456c3cba847bf91167e5219dad37e194735de	aacb45043091dc1069097ef1fe58cba9048ac5f1a726fa60bd930d8cd702fbb0	ff3956e7748aba53a2f2ee6004754e370880f697247ac6d1d3382496b1c0fe31	b2d69b8363dd5bb06e64fc56f236c6b634ca0f7d08ad02c324db6c88d3e00165	2d4068243410b4eaa32f3f97628c4ad22f15e511598fc94deb57b0e6fc5c6d3f	fe55c21c88f468b3fc40eb881d600eb136e66eb60df835b9e6f82725348862f1
571	0c924a01c602ceb232f0c57190d5c2bdf294d18d3d3606170e3e07abc52a02a1	5853a268fcbe539c0b96a12d33e8c4d2001a0fcdfaf3566596712685722e80d4	319cccdaf189a1b4c1698eaf19cca2fab2c2b812be0eea3d3d8dca150d835951	82ae642291cb21fbdbff449c5f63001645fc4c9ff75ffe8fd780f4d68e580f80	f1db3d98cf837469edf0d28545b2aa48c24c4e44ca4d314832c147011ebc41c2	f60fcc5b12f7e2d496e447542ae5a9951c837df687dddc6a92f39703d646b8fc
572	b83613b99d4a37b5d49b8b3cffc34c9c3adf8337f9ae8972a6323de1a3656bbf	c69d471c95b28fc21f00c862bbec4dded45083cb44621e2d91c9dc0a97dc6629	8ef5e8c6355b8fa948ab8c9899d0d58d0bd80af6defc6e31e0ce8161d98b48f7	b0a1ee08340f22dadb15e40a339f525e207bac650518adec17241893689efaeb	dded6aff0a34925319aaf9931af6bb797401f12ff4e8989c6119c71e16bdc0cc	386aa8b923db104d52ca97b94ea8be1cc120ae9a21465b38995b2fb7a0af403d
573	037eedccb1a0807f5cb5a1479fd70d3642f94b61cec07390b76348c860caedb2	60e52559a6669ba665bfee2fa487c031476f13dae3ad31ecc9a776e4648bf6fa	7e232aadd4fe40c9e109d624a4ed1d8c18c0575d5fa3715a36406af07c07c2df	8f7d08aae875a77572fae6c15edee31af5dd8d453df703484408583993dd680e	eb252770eacb01f0ade830bbfc7987bba4388c08fe6216ad2d2972b592929686	e4f5b02009dd17131a64f133ffddf18703f98230bf65c6f7967b01f60dcd3282
574	306a46a29fdd0e75fa9b919e8f7d88d112a0b88a9486ec472e043d5b2ccf8f91	ec9af799e4620f4a56b678e1dcea2e42542af0504f34592a89a9324ad25bd6f9	742f7d3cb08803f4a49f5d59be06d08d06a7eae85cee2857d9ed1b2261114d9c	f15287a764a2d1d304574e09248ceb03ede38305f6444cc67a6ad64abfac232a	be25990b343b4b9f9998ae6a4932e6b0c311940ea9a432cf625d32666718ddb6	bbca5eaff172d356b521b472112e88b834f4d3f4585a555bdca961a1c34c7b44
575	d77650c585af918d762bd28ba0329ac0506074933e15712a9441a58c93048d27	970350977aa9c99577c0c4719359298c24fe0e74281700143f7019a9a963b59a	c530c48d850eea5bf1127cb6c17919684f92175637a20df126749d6e0f4e5498	9a43d85c3698c13dee7ad2ba88b625388646b767d873791b2b51c5b0ec5ff595	270daede0ea5880ecc4339960b14145246459f9587500003524965e20051e101	fd74e79261fe7cf298e1d07fdc1ff322630ad3edaf222f75f6118081ea68523f
576	3e258756fc3b4c0d5b2771dc55acc768bd17ddf7522fafb2b6242786012a2856	da0d5bf12d2329ba76f490346c87a2d3d47cfdaa17d44a3f1e8cf7b3b9735498	250e815d6cfa746d8b264525ae03164648b0f82b7ca9be794a64c9af04a6ca02	37b598b5a54f057facba9f751bc1a71563bc489ee668fbd76b0432d9bcfc64c3	defc97341c897d59f27c80f62cbe2299af045b189157a3eee51f0921380a7eb4	7f28e9e725a464a9caab15f5bfa062e4395e6a95641cf34955a8fc9f35fec774
577	b077a0fc840213a8aaf69717363b0d62e16fa5e9a495d5641dc642e38fef1c89	f36d8f6be49615c31eaa196c3d09e64f34847a308b210b4325505ec009411ee1	48ff8c7bf1e83e23fd2b7e306c1fe2fd6eb3b4b2b5091c1067d2370d9be33abf	e1f1a7c29cfdcd2fb35ab13cf8eb93c2fa7e43f499e5ebb12f89a4ae8d8d52c0	14391e635bc0b8e674ac3c2aeed7d251514378a2c0a42f95a0072e85f992e94c	f4e7e79415da96806b19c3d5e72df3d5f2a0e456e8861a12fd3bfb9e8b01d832
578	0e623d6b573516be13e917c404c56a757a11574853b2e14a691d73028a2bf9b1	abecf23297baa6b5dec36566c9d15011dd3985e359f634ea7c5f37dfa9a77868	4ba791b1674d6f10c03e926ffacc2e3c805778654ef93ee4db15c067abe55bb1	0a2c645780afc7687b781b65e6c0c87cf0aa993f1536a6397a4d0745f41411a2	84be4e3842d8c83bd9c2d5e2f7593b5bcf2b176f7964f2655a702ce5a4214128	be278f732f69d97724e929e329414b6c29281047100dc8d9549e8776e333446e
579	79326a36baf37c98036c9740fc871021950a7eccfab4e6890f100c656cc97f1f	9afa6f4df0cebb5765b704d85afacece46a8ca74406c6fe2ea3759442a5ff737	009f073b5fe33805cb9376ae0c24aaa8956a1a806aae526c74b8c0ff45b0532f	1120b798e13c9d268d1fd6ba50f394ddeebccd68810ac468211eb95c4b9b5f7b	fd298b0b3d706fbb296664f3d9eeffe660e40728bf0a5663f44d3684025d6232	0923147898b7c295e253dfa619556080151c90eafeaecedde15dba03088d98b2
580	445e7e81dc057ddbb2d80c97577c1d65662e118843d198bb0f61f2f148d2b2dc	e0d29ef39578a11a4cf00e31e1f487f8d5d23756eb70c9eb60d2da155c718249	76ae48f5a3b809e360b9425c3cb4a4dce89450f6bc47721049b090fc3ccab450	268194d498f31c173de039b88816e5fe83d52ab1c87513249f69237bbd182419	825d1cd27c9e708af7f994af86f70df122cc83061fdfd94c7ff55aaf925ece09	907bda7603c4dc909211e99f6a6a7f705b7089ebf7963df03323334f2651c463
581	cd5a7d3ae3c0cd5f75d6056b8314ddc8022b3fa8b86a35c4af8e9abcc17650d8	6e5f4f6ae883330784908efa46dfc7f81373685ad85593f357a0bfa0ad2cc95a	b00bddbc404707d795a4d86339049442ddbc1ad9fcf52130b97046d007f577e6	ef816a9e7f47dbcce3728bd5c27ad8b155e56817c5f2199c990f66a87a4c5194	664d18d8b7b6d0c473bd05408b070cab944332a16cba77ea5dff3689d2496f6e	ceca844cf2fb582eb23a42e787a94effd35333e775db9162e4f06d697e7118c8
582	fa6efdd5b5afe813bcaa01917c7fe2fbf99301cade08a16f8c6653181919eac9	7f2dcea889fea7da8a76ca9c2c852b182b9cc0222143f484938b1350b8f0d72a	fd968192ad2faf506d9170372e2da43ed866c873d79dd582b6a42a443bde0dc5	1b17b357a632ecdd7c1688bb22fde4ebd4d46079897387139371e41411bc33f9	dcf9aa16b0b7a62ed1b9e923eabb1eaac53360ad24859adf44bac143c8eff66a	4ad71d595b564a34a6a2da29e3c10bb9f44d2ed885ef5a9fc6e7941f82d4f925
583	a45855760dedad56e90c8bd8082f726ff2d2713b5d097339e168b1bfda7cec78	8148f7c3dc699fa877490d2cf7ac4b45c2feab6ff063a2010b05bf88efbdc5db	c12dfa4aa32df282567c5d519ffd254ac80d58ea4b6cce3cc5ff4142994d84e2	bfcbae559698bfd1f4bde7ba57be8056fbcea44f82ef159da9e8042172df90b8	1862c401f3ffa8cf9948d07854a353872d7fec832fefc06f4f8d848ac14ab23d	7492548f0d3219ee08b6b36e40af07b7821d845d4816f4a59b489333fdf7c5fc
584	986f1481bd7b4b5ad11b578de1c89b2c0bdd2e55cc2d303164ec4afa43c08fee	765fc3938934545ba5ded493e588974a41cdf43ecf72ce87d47ae5fa89b645cd	db312aedeacda4dd0813eaa481047bdef7c21ec26d06cde067af817cb3bbb74f	fbadaac366bd7ee985d910515ef379819735bba24315c54096d98589ec903e7e	5385629ecc6049708f9e84311901ec93a6ff8a000429af7e21b2c1bc5d0343fc	fd16c980966722ecd5a386e226719f0f20a101b78c163bdf1fe762a9f55f660c
585	59c5e3e5a214d32ba5013534535aa882c822344f0188d1bc23347fbfacddca4d	5372ef45f898741408f2563a9c598c8cc0f06f3bf15cf73104d0706566a4b10f	e5541c2f40a9070e533d252ab70e71d1889854399046f47a02d51c35d4e078d1	ef6a311b4cbaf8e21fc50fc0986d97fb30665fc365073ebf9549f43b6ccd310c	53ae58bd82e7b1d148a71b9c924a6c3a5cc8665750659f7f8d9e0719d1c27f2d	cdf53ae8617858d0aa4da1da73e2c0bdf6c1bc93e8bb3ad6fff5406282d5c4b5
586	acfd9815a401c883742f583caf3c376907a41d354b9e1b56c68ac04dbe7a001f	b94c7aa82aaa4402cb115d7cecf860e523e0b0c93267be26a153d53ae1430402	c0ea0f6a123010d38ca4286f1b41eda8b1ebc84c8803c422c837198edb0698b5	dc42b4fbc9eadade85c96d2e71bdcc744a31fe8af68670f2908c1c5206299031	b518d23d89d62af35714589355d79cf1136d33c092e80b17d243b7bc634de5b4	7735e34bf00aea1525c304e1e7a8da631b85b31d496ce9c07402c59313ce8253
587	a65c443dfdb080b54f2547ae8e1825c3764d533bbdd6fd45fab7882bc64c7e09	c4b8deddd3479b53e166acf405039b12383a787ff681dfea8324252cbaeb7ddc	e811bd60058afeb1fd6ef0f186f1c9d8b11ec9e0022912cefa8f4ae547352485	b95176105eaac3c7b8285b7a233af5905ed566684d61b7ca7ab2a38399996887	3d3deba77fa6e267464c38e7d0ce22c90757bcf32fd04905f21ca9bf4c788db0	ba37d212942a54f134db003a531f48b496d836c2f6e904e39ebfbf4d0a17d3a3
588	0160adb9d81effd54f268226979754e3b45dd356d50a96880dea32fffae66c30	fb72c82b69c3b459b97b52422eaf172c19cec0c6838b58ada2c1c7da43dc43ac	266d91ca1ad52e6535e81022f8160d9d098fac893259a210c90003557a92461b	8129023aaf0694d34981ac4d9f31f680e8a3e4fd71d0633faf52737f7ba1a86c	2cd6dac35c3d4c1810631db97c377c4a94d798369dccc9a942f1b5be2ff1240d	167f33aeb59e6ed1f4ca810df1a2fbaabcabe1df543f26690e64af5f744d94e1
589	a489c65323736df3f578865e0785a957b872587fc344b014fe261c7365b33965	35500aa1d399339229db59bb6eb63f1e8b60a37edebfda06c8a557d3ce73890f	8d7f13944417766df24b8f07ae769f03e7efc75d89f09352ffd31e84a5db7de6	74145ddee63726c41a108558fabb33bafa933b0c4844252d89fc626a6c203c38	ecfed818cf5a76cfb7948522856b2a8316ee97cef0a6a2c2ac9a36ebfdbbfc43	c548bebbe3f04db7cac9e04465b7a7433b50b165bb982aa6ec7cc20368f86532
590	c626c539f73d317a40bcbf2f0f85ab2297d3f4a1e4490903c963ced80317f3c0	653f2ae5d56e88c7d8ef11bfde34398cb542bd23ebf94f9c2f277ca07f60dfa0	4fa483eb25624514e99f181b171c551a44f1c72a29b12c509ac0be2663da24e0	573554b4575389c049db298e69b6c6a171d3c7629bd8403a963e1d481d417d7b	a91f00eaeb044a0a3a63360d644a40e2f1add7256b524a084643a7faa6da5119	6c34b1d4772614805acb268d821208110b2db868bfec62ee7604105953429d14
591	e249a815a39ea804560884fe93f23fc08745845200153424e4260de620cb02cb	3c9622d6004e463cb9c22d295c7987c4988688edc210bffcf0625f679a825100	a06c312bf4aeac46255420f8721c735c3ffcadceab504e7bdb0a039907109903	4193c9459f1776017b7c4d13bd4c90e80b44deb61f31ca8f30ebf07b0d91a0f2	2e7187c7cc5978e271ff3867731e314fad02d4430f9b2f274cfd7bbeaab99b8b	bf30ed7b16b02e20dda0945c97f0722d7bff3fbdae70a73b0444cf63e6257335
592	3f4cc362ec5cbc1fb41aa0faf4e95bbcadf336432907cb1fe46c0c222a35d3d2	bded060590bb6051b82a9a8bba83721fbd9655e0a8b18eb7f5997b396c389574	7d1a8d4021e9fa162374f0f27ab8adffb38a18770ea2d2023cd1a3a1faf2016c	a8fec388ed553e6918aa8d0e1f43ff44e410f9d92335e0707f7e0f004f4bea37	4b73fbf4b7cb396a63067fc78fecf2b033428b5b93fd7e4a1a1e552fdc7edba6	b32d326c50ff0fd68497fd78b633cd47f52eb3e3113b246875259171502973ca
593	a4c7dece34ee1d01ec4b43850b2521ac6470e81d08f7a39f9303d529eb2926a5	c554aebfa1ceb502867f009053d8b29a909ff7f923482b2a38c3be0aa4330d00	4c436b9edd11ab1e3f6cc5b0867b971e9f314c305e40c5fc3a761980f6f3fd50	6114042fdb5ecedd62db4a0e2f16dc2921cdaffcb73e6a505e3cc81e6f1352cf	be44da9d18c2b0d10ba1fccdea92fffd3a2d7c223b43e4600bc3496e468e07f9	26546dec0a62466003341f42d8efe311210f60dca7eee358fb24c0d05206da71
594	194e95d691075c9ea5f8167d832fc191bd656a78330964e2d4b0b0bcc071ba22	aa21d29dcb9f732e86833b905b0eab53cf889cb411c0f93e20f6ba50ae894bd7	a629327b05fb57f1fb6475fc15ad18c750ba0456cf6b4c19524c1091b1bb34c3	4f3fe9847ccfe6d0a4e31a500a5de56a8b289da38cb33d2bcac494f0a5155151	94b13d98ef05e62a9a2fd9857785d092f0cccdb642e07ca7c2cd5ec093be12e7	11bfd88714dd81bfdbcbba0daeaaafb68d268444cc693a8cf85451ecbf6a5488
595	6b983d42b2e123e3c9a356d798a5eb8bd09ca45995f8be60f7f48055a4a265fb	67d1b67365351f47757cf4208e92dcb2a54cab50badf6f95a6b6605578bb85b6	e8adb8c62400b6d7c848ca8fe8df5c0622010a3b6540a0cad067854983a9900f	9047285f92fb88039b3ee9969715d7e4425ec1007d7a172d92fd1e2150816413	873410b6f2874f9aa03e86466b69195947363f771a367b152e6c13cabf66410d	c6007a955b89800a381004a32722d0ec690a430c113b722fee037531141a2901
596	539e3c26d574d7a5d56c6d0059f7c5315fe2387ce098ac8210f6b7710970b46f	194379792c68dad56b2f032535e13b1aed2722f45e9080865d9f0b909d4c71c1	12b935065e86b5e809b623f5ec3d6dbdee8d67b58fbc8edce9fdbeb1726da394	8cacb15d16d71dcd3a6af94d0404fceb6749fc5a661d6ca3479d154a7958707b	72c6b69cb608ce63fe131ed756af549225a7baa27df74d0654c6eaeb6d84ece3	9c6dc97181413afaa0debfb89910999749a0f7110a0b84fa9f116be7fcb395fe
597	35971d81ccce6197e8150bdc804082618f5744a227e797fd859e6399c25e1920	19e7c109efd900e2c26b83ea0c1721856755c310a2d2e5c81b8b7986b81f4431	9b34538200f2fa4b5fbee06474cf4d5ee68956bbe89f9e1a2f54c7b836d34bcf	f570e9a535e706c76fc00449910518116da1c7497b7d213b5959a9caf40f05ac	382208137aa95ec12463523a0f2d931d333df094f688d46129551968b89dbfb5	98a51ef0de1aeb756e737ed07030e86872bccdc0e83185e8b3496b14bef83d31
598	f9be4b966b137b787122d340cdba17f212813318fd6e8f37914f19e6ad1a94f1	8382abcd608a28bc7ffde17d27e4b44a75aa61c6c4f55dfb7c4436494e8220be	78d0d19b708cb636927e4a9fd57bd7cadd03ef2a34847ad9c822d635c607a4f3	559097d59567d0bd2ccf9db11d30ebd272c191acf07d11c6e0696e19699f0d9c	85cd1e4394a8b790211c3574ec470c524395e706b7a3af7741b4be22f4101169	a20742f4c23b5cc4c666fdaa4faa6f20679e6730887baa17a0bc3798c34c2b7f
599	120ce04635327913745aee576fa70f11432b8689fbf1f67f37815475fd326eb7	007e0a0914cee87bced4e65295a0f978c3b1d4b3a45d649110151dd8ec804a85	007dfc48b9b066f8a84ac76f99fb43a8ff362e71cf0cf0b1e44ddd2db8f6e66d	26428e646d90d8ee85457066e2be1580ccbf46740d8e71f7d028933dedc97e49	98d106ec04c0a4df7a906307d54c6eeae78e5b38c770b29c981c4f03aa64c38d	6be11d7e543f1fb05d6f27fc5f9646befeae83a300c1cd54430e2820eab219a6
600	b54d71b5b63289dc0e8764cc9f61ea964c2db6aacd5b982a46433a312985d109	80bf7ee5094e8c3cf3356ad49f7e6d5f3cb52b768ceb69f72676592ff6b15d1a	455513c9c68c7c385be43ace41e0acf6f7377a2ef9d99b59b6a081763d29cae3	f5eab85e94325ea17dbde9b42b4e665cf4fc29874e1a07722c75828b4b9c8aeb	285a28e27a9e96c63e2cac985bf3eec707d0f56a8b3d39bf20804f74b07af0f8	83b0b8d79f2fac6c88d386253bf2968c268cea60e94b8378225cc0e8320890f0
601	67afa27ce100f8fa429b36b8669b87e80bf62621656bd0afff139558c8005eb2	186ee8977cb85d834d2841b9d4c8f9da95dee72566b003e7a900affa978f56fb	80b492bd89519d0ba51364f20f672ba6f1d6ebefaacdad7b2c85b39e475ba1a4	1c12b0bcb5f45cbe7b386de4587b6f8aa88acaadec4be7088c33379eca85f6c0	573f814913e55b16a6c934ccc932bdb512b2463bfb1f99b005cabebe55ff523a	20a98823a8e11252e32c790c042b8ec979395d570573dbdb4afbfcc327592fbc
602	cdb61ea143ad9b0db1180450b9c0947063a8b4068231b3330b0365dbcd3a22b2	379684b63550eff6fa1f3ba22136311361cfc5a24056ba1a6861ed702cf1d2ca	9ee7ffc84eb44817f459f6abc57d9e4c273735b45bd4500653929dcea52d9b7c	00a9d478dde98c32e2b54bbcf968c1b145b2369a1e19e16af5f26efa50e5c3db	2d1de99047f528684a6edf4f6e446d65126ba3af2ae43c08bd1bc917fa94ab47	5509998c9110a6a7817c48a2be2bad324f0e7c282b671ef2c8f9f41d84924d27
603	1a8368d74cbb6ad79e0e9f6994bd65fecbd8dd438b802591d1e06423b750ae6e	bc7365a778246ceec8619611c3ac57c43d4d3393783486a0707567b97f3393eb	414c764521a49db0512b0154195119af1288f9f1a20d7fd24a829e92bbd73f68	b34c8dfcd689667368fedb058f0150cef9d7da89b6255090aeb2c5fd7efba9d5	21b91d978944c8c384df67f5d408405d447adcc7322c070c3e97e6f301953218	b44ef4723aa53e44740dbcd57a6ce2eacbf5357520359700804a14ae22351f4a
604	4439ecc5cf0ac1ce76ee0afd765e841cd47a65d9c1177703e3e19677eb25dfc2	ecfb9a16e6cf9555aedb0af526e9419e919b8a8b4dd5e42ee4bbc2216f0bdba2	f601dd4e56fcc654351c94d4d0b349038abbccbd02e1394b33cf06a3349ed160	dc5918d70aee4e736e64b1f1ad443263426fe0a78a8c9616b2194135772e1996	84ba2c068e8b17c437b658274f377da4dc53153e18c561afb6c735e1f4c99958	5287c9362a240888c5c6c62ae2e44212f97ba5d150376fefa8b87d350a13cc48
605	a35baa147bbe22261188d0d67c3e6e715bedf367831b2715d65c36d6aeaa98ef	fd2f9ab9954a660e872db8b64b59cd48c324ecd55333447d8a9bf7cdea921c7b	6a6ff9f8e483349542a4504f31f630ac2063425571596500581f4249abafac43	08c18b5e321065bf310ba2ae03145f5eb3124f5c5a55a87c3911ddbd12b1adba	22dbf2b7e761b0f951b6f2fb899167f0ac7546ce74642e76a03d8f58a608d775	5d76de8164a0f3505fbd4374a9297f6ce74ca8aaf0425cd0d2bac54e2e0ba3cf
606	9af61d9e3e9c8c366523eafc85dce40c638821b959bca99508e8644314951fa9	6c951dfb4de8714dc6220be740b1fe31c4c41729b84abf76fee3325a093945ea	8489a9c92395fb42846ab9525d758edd502a203dc75512cbab320ec37e1e9921	08bf200e68eb3466001d891e466b44aafaf6136e0802d1e346838f307b6198e6	6d34c6fb730147f48aa3966100b8cc6dd1293f2dd0a35be2d547cbbe8f78d14f	fb6cc9729212ec1bb1d8f9b40c492ee965bd7272f4f278d0517f0faf6ef6be23
607	87e029715256faa3ab4bda237d85137440ed588912fc989ddbb5959899714fbe	b452c008aaf59d2c85304d7b68422c298710e2e19884e23ae9e3d3d9777d9e42	c70e965dbf441ee87543941451af18d04e82a57a92754a2903f6e66b047eb114	1d46034834f5ad64d7e51eb7b411ab148da0f6207701a32f40cb2c5e3085754a	92262ba96fa7d4b851232f7f69bc817547ac7bfbd2be29db8493f035706ab40b	35eb9ee69b099eee8c6370f48b420d7f2352cf12910600bc0eefdc3a2075b92d
608	3906392b10afc355258cf3b29f1edaf80604af9ffed237489497534a05580f78	a01b11f62601a2ae79f930cdf2b4e71e7d52ddf48765e5d10de0e6c2e282f000	3bbd3bc655e475d1bc4cd36031713cfe3d94e493872a90c759d2e3bc306c8a5a	742e24f6e0058ecb40fab7ab46f833553cd445a1efd5f8db1f24cb36fc3aa3cf	ca8b0efbb4ea460c89278f4f706916b80e999856ace8bed332e01db358756547	86911f2a99d8f1cbdb80aa677d7c530ce5c52f36a1c63ee29dcb05ccb0a969b5
609	51870a4bb518804facb7c257cb62c67f3b870453cf4ef76e051fa3eb021c4140	822c362ef6df8817374268cf1d614a3b136a044b1167b9c2717c3e6fb0e4a1e5	8f6bdfedce60e9e9a0d234c0a92a4f1b88837b6437e8b4a2e7e5678ceca38513	6e9c8c0b745b75a4ed4dc685e200b791a63d26683fa09de55123e3b68bb41671	b3635e342df98989f2d4cd10175a187072362687a8d586e5f70e303084ef8161	38e55e707182173794df41ee0d9088cc6ae5eec620aac60b7afdd8d7e5499542
610	6bffb2ce2abb580e9918eadbe9b020676eb9613f57271d5ba6f8e0a4632c163c	6c2fbfc8fa3bddd2e72eb36b4e7d061b02b9805562d0a210cb06857e478570e6	857726152e094ed572dc6fecbcb406b5b7b9edcdd59108949a3760b1d60d6894	2e1e2f38e6beab462f5f4a822f46ef3126790bac7f60691be2a63f596f476cd6	325f2f97fe901363a7c916088001ab51b0671862db410f6e13ed7572b0d07341	9690daefe6316ae0ee4672265bb226f390b9745d1a49fa996161f8d8a0118406
611	4122178f931ba77b83775beda1c3b25b0c3563e9aacafdb07eb801628e6c3bc8	a9b9e620ebdccfe284c3a4f85092b2691cd3347913f6b1c10e5f72f8e1fb40b9	2be1d106513c4b72d59849ebc642340889abf32aa2d360e591d8a6b021ce9c55	f3d50e8523d87cc1f74074e71193b7939038339f025ec8ea1b07642aa2d24422	3cff99ff0311b7d42b165f946e7f13313a10f1e359989a79a615e4f359b60d2e	e4d442b5a9f394485faafb29a2d94163b9b41ca0eab535044677e93a1628cb5b
612	fcc70c25e5cc317125f672756f1bf5998ec679e39bf49a416d31f2cdabb94efc	476d581c8628eb8c13b4f49e8abca930d59b4d7712b042e2a1ed9c82e09dcab7	2932aee7086ec8294f0bc6230a9082b974c4cc0c3aa8d42c8400540f48918c37	224573b9438b14cfcae034ce574aee685e8572e47c1a9c6ad1875eab58aecf73	eaa3017aed48fee29842b9f295eaed47b6a75a335b7bd97116974120e94b4744	cb169be844dd8cf8a1f180f4a8803ba1ea138593fe634f35dc02bdaf81078114
613	deaf516e9c72e936c197fe050f72af9b0b7f073633b98c83f7c823d01847d81a	bb01cbc08ad52e03b4969497018dce4170f6aa5cbe3ab7bdbcf64ca9f3acf995	afab76ead6ef5dbc5c5c9bd333bc9cdb202e554159199865401ebed8c534a4c8	9e3b7f4392b2cc11a85e0ea1be4769200ab83b13fbc47ad1772c5f636c8da82b	e946f8e4dcee3845f0255f380b6d22fed30f3e4f902daa4d5b196f59e462fb3d	8ddb2f89865b59352786e279c801a7f069262159f9f656252700b7a62691327c
614	ccb3c285dacc071117bb1c398838fa2a6d9ff3edf12aa345b808e581655dfdae	f2c78b530dc959c93ffc04b6f293e2d7a2831e4fb6f11acf5e86ff11247f2778	4d0cb42e35f3c8fb5a1bf0fe768ba6220a9569bf4f1d7f726ca20850826ad3b0	7936324e96e3a5fff6912f3eb5b1e50aa0ef3cd8c6cc190188df0b424f639a4c	068881df971fc405dbc64634b37c90da341abfde9ef413a6422291fa7dbfe238	737037842826525deca26fab57c67e5c07898a01984eb10e2137ade721f6c4e2
615	0056a33f0a752de90a7d61f73c21b3339100d6b1ca183f84d16eda0f6a3f1374	2e0932dd5280816392fba20df4f1067642d30cdc06f8b27474c2e13ad8089066	c5d5bab06db42294561c1b162084b48a4864962a272830b92bc85c1b59b21e89	6c09705f87695de66c9d97530ae15c444a5235c602a349a583a16322323e9964	c19bba125748fc89a9a165db0dbbe0a7e6ece89f00a573efb3f251d316b30fdf	32956a29fa1615b8950916db2ca371e83eb7f2b0fefdb29b9c9d6c10e19cf328
616	74524b0bc3647307b005895db833c532e3cc29fa9384dd06c87003cd28c1226b	e624f54fc9128ee3cc9e267391431eaa2fa70c81f3752e0a415e65f78b355180	d827d9a98508136398bdd78973a9ba5e6058c9010cb9aa18d6fae63c0d5cb6c3	1f600fc1e8e6c2927975333b21292b3ea463588a4c00a5ae42f19e517246e550	da1f1a4d1d9debfa89c7b17d18fe6a0f6d4d21da53667c385c82454811ef2a45	d09e6aaaafcb8fbd5b1617adcb39897f9486680f9b57b555f4c823f099e7029a
617	4481c1b89aac30a60bb47e9e9862b1191a118c7790f37d179419851686f35e09	66817eb6e7f76c7309c7a35967a369a5cdcd33c4012d9b4b7d98f47e271aa27c	6e59698e410a37c899e515ae3f045a4d2e2ab68c9c4d4e1605e334927f66dabe	f4d244fa3696ecc18932156c2a5add41e18320e1be000f5883599c2e818678f7	69c191b59c73a612e697459b56beeee1382fb17f7c31b07ea6e026742d1d8299	f28490b2faca62194f529a75430bc739a6efba0f980e5db868c8eb634d706cf3
618	c4958c5e150ec36e26b4519157cbee77bf05fba49f4e2fab7547592fc585fe11	11bd73f5e0dfd88fb298fbc8d59c79100763ad4ed8605914256c3dc3c4b0ab97	5de6052e830fea74daa88f59746a4741801d4f46edee2b5bc316eb9cfb4a10ad	2c63e5feabf7f788d2a30ac19e3e5ab962e2c5f9aaf78c51c97c38a9e4a6914e	6b6ed2864a4b46fcba43638df41cca52e998c0aa7297a95d398a81786cd1d142	ffd10e70f1546460523c9a7e925443c144bddbc22c92da7e5e2cd26476d1f7dc
619	66bb443637038abf106cd00b3fe123f526818a70d19bb8a345109d23ca674724	0972cb2dc76f23358bbb68447032e7d3b0d709b5357079179223f401b0812866	b7d5ff3173e0ca6227dba8c46c7597604b768c116a47758bc6ef6bee35fe871f	4238a00b273866190cd7a5d4a7b4d58eca45e3aa245b3db6145aab5f81b43213	d52d62a8365e089b31d07e6c8da7afc4558b36df27c4f01092725017d0cd9710	e4c0088be921b7e8f71917e5affaf9edcb1e1f14e524637364cc12bdc684a118
620	542116f985c153e139a2a81e1b73cde17a916e3c28b5b436de38493e52f4b108	159d2cec26dd7436a75b8c0cf19016609d810b1b6db542302e59a9f0caba8a40	25500673da245440478531fec447cbabd9ca9bf9fba98a35d80f8c862ef8c60c	5c63bf844f9cea51af891c80a8fc83292436eeab5c380b538d2364857092af63	8a61ddbd2ef7a7b3d9f9886077d0ac00af82091041ba9bf104a386ca6efcb236	18876f31299b70c6d0c08ae7a141df28eb936a904e9723f80fbb44fd2c51aef2
621	aa5e183491e6ad064e48791e86c4733af4bf3ff50968a4718fc35eeea2ffcde3	bc8792b43efa5d58ca5ffd8bf9bc1c673dc1ccaff59b94a5e5fb33df0e15ec3a	237b283666f69b601931e9c46f89ce6996c6e77ea260db3b827cb563ba50368c	4df95178ee7e934708dc65395f83e17c94c5fa2b675ed90b87cd56627ad78151	f267f8f3d7d04a027bd255eb71cd89202b94b9a5bb8ee2b8c25484e81bcf3579	bdaf301712cd23fec12f977674eebafdf97601043e9beac80686765cb29931d7
622	6c7b518f0829fdb6cc9d43c8aafb85cd886d873577dfd10545712937fb32e79e	0c0c5d1d77863bb1b937886441e6554f80b3ef726121ae16d8508b0509978ce6	1ee9882f68c9c937599756a6e538c1f1e4ec1af554c9c75691889b4141855df5	f02bcbd882d245ae093cb05eb21436075c834bba21edfa868b107a28aba3186c	2e723b3903dac7ac2c7d3ffdc2437c2489457d8ac6073c2bb1dfbb0238a6c0f3	d765a6dcb60cfae6dffa2656dde4e70b33fbb189da895be1c9241c64e6e27d40
623	1ca866fb43fec88c83ccbe7b358664dfd343ad603618ca68ce9a0e7b3315fd2f	1ca210c382543bb4acfa078e9006320a8729d6d349aae3cc8f76c24495601a27	f70e97972342a2b5e6234701276546cfd6a7f45748d02dc8a527f940a831fca7	77a05422d502b0a7b8fbb0db99c62ada40b2a6e94ce23aba0cab225801d1b7aa	9e381a2a2dbce4e1fdcd48f62c911215f4360d3663a9776d752dc74a3a91edab	3ad0335d70adc197880ac2008fe51b0692e317ee44028dfe7415d3e0da0f1c20
624	9d95bbecf745fc4693204dc790e89fec8f3b2c14bfcf6ada018ff2a348ae0579	1f86aa0cbd1637de5a39940f30b8ce82641e536e03c760c386a1c428243c0391	ae94827b4434e431414c7bd7befc99b971d20fa497c34dd64714f39a52069947	84bcff5a248b7603dda644ffcdfd84ed9e46e07e4d75375ad6bde5106f1871cd	5e53506d39a1cc42dfaa78a5ba5cf2ff4d60204959b53f4690ece6bd59811361	064cff685fa2d57b97fc6c5f3cfae763c3d72dd3994a84515947bceba029ab28
625	0e9389fee20bfae713db34def18c4aed909c5c6f15b8817b17aeb55bc0609d78	71371139cdc12181f29057ffecb14fbc0338b53a2e18ca502f1b2e7385fcd5e5	cded40d4c7923ca13639fb3b2bc4335c1d6a881febdae8e56c548c13bfbcd501	437e8fe9ce389afd905a218a767b69064dcea57e77d861431c85ba9d435b4b0e	48e127132909f31f679e524b4ea5b9d9caa5eac6095cd651bc0c557e5abef2f4	17503f74fe1977c94d918a40d5a4c21f600c67c745c0aa650e39bb91bdcc4535
626	3f9d25ac49130fd3f1d5cd88b8bf4f374d41a065ace4babe8a3f8b6dd3576b1c	445f5180498eccfeafb2049b449cd0af0e468cbc2c72c20bdd4bf92af41712e5	ac4313a4abe53ea462e353e14c5ca3501b8e07f636cc1f9808a43765c83b0490	aa2362ebc8aac147cd3c2c2d61afd143c3df02713f8b7ce752717a37b73039e2	db07ea7b1752be5528b864246a0352b52b03dac2a24f44ffc1c4b9cb094f79fd	113f8dec10fe15241062bd0b521226f44ae7566e44c8ff3e445a423e98fab088
627	bdd7a3571b935f1d1c5d83f07e13c832a219513bd7e7b2a7122a421204befa43	d6aeb8b0012aec0ff9621085f2adf8f57487d2fdc510010542cbd5cafbf02e0a	388f518218b7cf16c1ca9be8124ebc305fcd728481e8388331aa8bb064e814a9	63f4a59b6828ea543294b5faae81a985439e56ca30315af2c183f0b5993a61df	5c41317b590ba2bea33b3b0ff487a0dc5be9af8a1b81d5cae94b7289396d0fed	95653625293a8bc4823f6566a4273ebe28e0e13b137fa9a6fd1f9b5ff16b2502
628	95e070de3ab48d140b2a7fa046d3c1b434ce949d2ce7af7ff0cbfb0d456a68d6	c60cc7aa93948830ea02d0beef557acb4193d98777bafe3a5988cfa8e4ff9e93	1d60aa3c00dd906e3d6603bb592b1fd9096ea493558451b6fdd944d5a103b0b3	6cdd49227d09805c7476d820bf3c02eaae6853067dd212083250b80ef2811b95	73eb836512602c0d9561452b4a68a7b0d057e736559b8d0a42d3ab4446b3a7e8	cafae8726bc888d9a3b2af568daea20df3efe7ba0bf93806a91e3ed69204e0eb
629	e8e7a0b882abe8d7d403d9657d54c10d6a7c0bf591c6ef0740fc48686153fcc8	13b37d006226b9ba59920feb9870ca880cbe9ae43de90f7d17e4f57ad89b5d7c	ba27b4935bdce64c9e817ce2decb0f4b1da38e204eae6f9bfaf1fa7cb86617aa	5d09b164da23b615ec2e437d169d6817c3cd2fe9b80fae0168dddf281e42e0ae	bdee630f20191acc201661acb8574a13cf5092862729f672fb9c4d95b1991130	cc8026862375213495e244e0276da96728659fa5325973d8dcf320835d62d214
630	f3d6a46e9317c2a82d7b37e25e1fa007519b499904dc52ececf35d0cf10654cb	5de810b6324756250587d5bb0b20c5a1742e8c95c1ae1c3167fab58543e9a4b1	b900004bd59bdb9033e060e6f797b1672bec8457b714e1ae1b492129853aef53	08bd7eb2f40cd7779b0c9709da0697e4ccc6a96b4ff4866119a1b99545079f84	b34e8fd8175199d67710450a4bba74f6129e9494f69fc995dc00734a056ad0e6	2825154815d18f7273d16c3c93ef0042d513a73484da8cc6f206c5a976bc1b9a
631	30a9d3a88f587b6a6c26edb7119ecfd5ff20f9a9b40409b2742b7769763065c5	a8d4080e5dfb321476831904bb7405d252efe5fa51a935216c293a91a63976be	dc9d10d46fe60269fddd96658f1b879bce812fd593116936ba70e5d955749303	fc8dd1e70409c976486172bb271fe399b155da7aa523b1b719b11fc03ece0ff2	e2e18d0625ed9a5ae361b55254687137bf3a0d43d1214b07ba3692e981f64402	5608823e3314f8c3b5639a613ddbaf62e47661201ccc9d8902c822c47f6d9a93
632	2f19bb17f7c9f25cc0fcee009b26c773193fe43eae3d109cb77bf69e1a55e9df	1169422f52125f2a08d38acfb0a21fac7d2cff840cacc95a565f3ad0b8ab488f	55ab0814c034c25cf0a8311d001c13e50881858f088033db4977bbd67422ad41	1f6e2c9855286338c7a872aa6e2ceb83a8065aa28d73170fa07f7597f4200ac0	80c4df5d62a56d0fa4e16179a8f3d4c187bdbc8d72264f5cbda9a98bb89e42d9	0d0649b73ed92b9a05609c8c9848c1ae9fdb1578fbba61ca43075b5f615f275a
633	9bd824b06ed068fb76202d1205fbf8186cf8ab920f5ecf96222ab99c5588d56b	81f36a7f848f2d0dfacd93ab957bafca21b45ce1701af6c87124604ee48520c8	08e5b2c32c8194ef7eaf51362da82e85da0e3e590b11d92c3f08e07d629b46b2	076a5a1709a4c4c46d38d0593a0861a82d2a992cd692877fe9784131efc991e2	3557c9fdf16dc381519c564be0465a89882680fe009e830a79656312eccb4d18	bae5216a29c2b5d57fce1dfdaead3bad54d2e64c6d3da39f476dd255c5f1c440
634	e396f81bef854ece361988594b9bd5c24bc850ea70eae3aead18b0effc0b2878	611a1fb819e49a74e3c68f35958dbcdb1bcebb0ee05d423fce959be6bfc7f19e	857fabcf0b672c323a545c0cdb1b34c2e2abadb3c371810c0a08170dbef916b9	9632a6878472948c31d251080fbefe1d84f016d2555d4a4a0e89de3b2367f766	83094fa16b30efc228ced06a1a2cfb6d19beb8ff3880ebaa1ee9fc91ebe0b32a	4619c0f0c834b796dfe5b2a74042245bab4d4ef7de252e77aa4272e20331f1ca
635	bf4e8d614c400d74254508fd6f4a40dcc89ffb8dc5dfa759ef23710b792edfd7	2cd8b9af98fdc26bf2646b422afcd5c2707e21af5ed2de9cc5f4670ce990d4da	3b079a1826b5417a8df6a8e7c9e0643502c332ebddbfe7f24d83f1f99d828aac	69336a24a81c9cd06885305fc4cfa777293278dd7ede753b5aafddea29e09c8b	80df94cfe2c2dc470ac41b08c90cb4751bf33949def842b9a3158ec480b285c4	dd6786557eb2472c14a74c1f46dc428ae91f86a2c0500d7754e415da73cc20dc
636	6a0cbf0871db34eb2d82d98a9c12543a840ea7f882c57448fc42374f01045e8f	2b4df526f83a189951314fa3ee37582c34c3150edca639c5882ef1904d9a1a3c	e51f98c56bfc8205072e3ac51f69382de784936384cd8cf4e0fce529f2f25943	c4ff1c4108a76b0fa1afccd14e8ed098b44fe551e47f7cfb08bed3ca9bff60c1	526ab64af745d91d5596706789cf4a31ef0fcede7de4d64d750311ab5e3d978e	8bc66a79c2f79f2d514e2d7964e99b292e012145fdb5112d37b2cf119db7732f
637	897869c332e723f7bf4d4d1f93898a00ea40c51d895e96eba9af50380de3c171	da0a93940a8917ee2a62b87679aaa39172caa3168706e97d4c132b0ee652e640	cb35f32f7cb9a78e80171901059bbef778384456c24ff45bcd545c85ca1e9ad5	4eba36ee1b30c478d07e4d09662b95bb47752a35349cf37577d399f346cdf82c	1486bc04d5b3cfc447135c67cf73b1237b272f079137a6ef2c835edda922baf3	9cf255353f3e42573ca260fd7ed6462df4c1ff4a2f4460bfa8dec9e03583c8c9
638	957798ba608923d6d3fb7d09626a42865370ac181ffe98cac279a115affacb6e	9e0400e5ecc1cbe6d5a66b61c5f96ff2bc88ee2f83752402ac40ae9dccaac85d	e4d70e1a33940c50db6656da9b16318cc5490dba04aafe87c491be6eec3f1063	2c819a59bb9290e9cb1ff7435ff619d72bfe11807d31b6743c89fcff2c8f9b36	7cc76d835fc9c55251edfd02a2ac32e1a852b0e65bca40aa0531ff1c9815f316	5393c3e6c65faba43ec7dd1244ba34dbc13eeb72615050e0525ffaac7a118670
639	ebe726fc88a50fe4a11810195ccbe632f827f7ea9ff1414105e8abd0356fb4ee	85868c9611610a954db2685ef6f6fc245ec79404a007aa536cd69cb0c727775a	32b3679e596e52b57dd0e6e26c0fedf56d385b129312342d31da4d75ed8453aa	088ca0f0c0064c233c8276c4ec9d317c1ca3065d23b25428c030bd6b660367ca	679aa5ab5300671d7b964fb878a72e0c3395ab6fcfd61647c8d383032aadcf51	71c9ee2e294c475695b16f2a8db37b61e08f765594aad2c44a2f89108fdcd182
640	46b0e10422b9b72f48e7079973b1350802ee5ab79b762f34a8f3cf72265dd4de	556624aed3a13854bd326da1c1f3a398b97e6c9ef99f3e7e294069c534a85ecc	05d2a20d13bde3e6b23bb599e8b17e0313316a18681b8228a1eb89e18e12c6f5	81b1467bf929229b619777bbeff1047343dc7a9fb455afcb3be7a91fe1943aad	2177524e9bbbb0e282c062c65f82bc4fe7aea3a4fd25383d472e9acf0e821f17	42956d4e3f384a2faea54deebf967f318b3d35b08246ed3c86dc4922fbcc8f94
641	85052e1945e6e0a03101f0b856ee694ee2b3105c791964e90c5b5852ebe26653	95dbbb4be4865fcfbb4454e8657e3e9e6cad50970f880a4cb7fc2ad450835d10	2e19b2777e7038137248fc9a14803ce33371981bfb00da7cb092811173ae8a91	a3de37edac83ee546f3293f4cb78d02665e2ad61ef7d7c8ba676fa5b56e1faec	ec35f0c8d99da15c001e63ebb8a42ff555991d81d19e6b099dcaf2e930db6807	677db16ee20205927e86adc3d3292049e6d10e80e22fee31071181f0be0bd444
642	14c0feed22110f19d21be40e030846a2797ed64c37ee3bab3ff32f3c4c8e7a06	304cb8fcafd281e1e15f20b39b47b7d3fb601f4ec5763f5bf641b2a6c079705f	c8f4169c145aa72de271b2dd7c1720e8edbcc8c1543ed99a6f61267fc0b40827	bcc1e766453bf32b8344274b9e7e9fcbf615abb752c770b667e8e20d3d6e97dd	4716be1b23cff49eecaa5f7e68d78ef0ba6e7cf0fedd2e0e0ccb4e7cc086384a	03f49721de7f480675fe8f0a852e3be37cd6e14adcd9bc40fe00ef349027dd6c
643	1ba8c0b5f2905d74e412b0c14ba6b5ad0d3d11dc92469548c57c21b931e564d6	773e4c8300f347b0f9ce77b4b817d1eab3fef39d410e044bcd9f9f1434e5be8f	866f732855130a1bd832c6f82f50bada7a415072343c9371e1525d9f1e20b480	ba897ed0afdf6d4e0e5342597d259d5df3a98aeb3c79d7e5c7ebc4a70914a2fb	d9a23d4a4852f2f1c2b28aedf40ab45eb5d74706a960de40873988f565b4f716	1ebdcd2a91dae139b813f6276f81766dab27a035d3448b4fd42de5103728abee
644	5832d2c915bdbb99555e72ee4d5189ca0a6738e1e671293b24826a31f79a9afd	3281e8a327818341b69b66dca5d4c5d91b409a83597e6987dfc14113cb919c3c	afc9fe2ff6885d5d3d9a449ed19f5efc2ea15c961b1c5d18dd6f5b9ae73e2eaf	bb1d2ef6490a81a6542af203f2e758e7a4c15421fc4a7f0f19f5c7a1f33bb05c	4f1bea0b7a09a1d01769fda64d9de3e4ba94aed8bbcc22656d83c0cca82c2512	8bda789acbd23a1614392a333108c77e7730b9a53b754446733f5dbc780f0bf9
645	5373abbfbb4f436fa6c0956d002339369503671e30e6cd731213c4015f73249e	01d9c5cfb4775c20b5ff7656fbc9ade1413c2d513bd62e9fb7e8838eb478fed5	4bb7c0fb66a719be581115fb7098e4e79a17c8f23dd1360f60667eebab300674	369a0e2394c95135de322d5bd652cdc7f72c9a6085e25f61b6c5b37e7dc96715	79d981e579baa9e235de83beb767f87e3b1a3ecdd55e5f9f6d0428cfaae8f82b	0201d24bb3e131bb8585c527e751397732c7c4b29cf89779bb3c66641e72934f
646	f15558978eaa52fc6665e86c56612582c25f0fdef6d5a84880819200878a41b9	521d34ecdd7a2e79fb23e58a0b0cf3e003377c97553ce3a138e23d985629afc2	b0fcc3270907bfa9bf38fbdcfb19558f2224c7f66b73a2c1bda876d960ebd061	103daf87ca11648fa7804e808062caa07ba829f43086a18b11916e97697e31b3	692b502bab4584f5da5832af22994575e060e040c18c4db1654ff79c46797e4e	4a31cc9c574f5c6605b83e4287b4da9cc4a6fefc729e812160856afaae05841a
647	ccd096cb2a5e0eeabebd9cea1dd599124560af60a64a4a528acd4a8c94c88245	7762a0056aa33e2d915804c88e949ef08e2f6777534729a32d98c7794b7b9104	45f9b34ff1ba5fa9b27e58065585170ab7b17ce253ae3bda3fc0ad76d08fdccf	1f66c9fe4a5da5d47fefa9ee2b02cc93c1ba203559ceb21f6b12c8d48a333e18	472810b486be2c4059e7592d3c3b68a7e27da20a283f2e07f16afbe705f6d84b	c565e353d784798898f1da187f4b82e167f349db9c1badf4d0129358b6d4f478
648	f77e46f683a2afac26f9bee116b239bdd6771086b48e67daaf1f2d1e19850855	c5717c03b2e75e2fcaef056d5b93b0d7f748fce18f739fcc64f01599e64c9c2c	5fa7548b5943cdd39d9d68ee65537852108db9d0e239d891a511d6edc9b07ada	f852acc9ec504fbd7ac2cce2947c1ecc94ed3635cd6b8c7c73d306ed30d07cd2	69f1a50ffbbc4aaff71830156db0285b030381a8e55c01ae49e50da5fd11e874	29bdf2f4d1007a37b1be38b18d5181298c8e09a15f740fca2c6396011d800c3c
649	8e027afafafe2b5959d30b9c743cc216a4974e18d56f6796e60ef5758b828e35	45dd2ca6d239d3ab357bcfdb694a8aaf219bab61241a159d3a54596fa2faf865	51ea5ac152cd1b81702bcb9a1c09af13584ac0c32d557afa303cd82edc8fc491	00fff1e76f78440eac30ab0d82e24eaa072fe22be18b870e5b97357150a5ea28	b536b442ad92ebd75276c7ff7a451aabf324f662bfee7573b44fc4a61660c52f	efd7de4d1b6b0414400126ddfc7d570d5ac5cc602fad561f8fe0aecce9a8f9ac
650	f3a022597333895a10da448c11f787b0fb35ca842c1677b8ade41f0231924f1b	f9a325fad29d61db148aa22ece771f51907ed8d594ea8d65f13fa6235a2973a1	8921cf2501f77f935248633edf411beebb112af6ced1eaad9da9639bc3c8ee54	69ab2c828d5421d0003cd4bf7926418b85ad5f0acc1743ba00c9ce23a7dcfc46	f9355a8e0b97c887e525c0a2bea49501ca8626eaed555f838d37ec641120be50	f31eb8c3c00270ec77e4be7aaf908d69836494419d8a099cbffa5abb0d6178f3
651	9fb4a56e42400b164e8dd67f79c2f0b98362794d9eb12be8440c562d2f3d00b2	e9d10635af07873c56b4357e06d6d16f83a116a9a21bb3f1286c471441eac444	99cfd6be120f72ce892c8eb3cf08d995afe791a957fdd1f8b954aa24eddc78d2	681393bc5b0a2566b433689ce4083c2598ec2541f21bb9ef9c8a6298cd8a5e9b	c158d3764bb78299a2f0f5c650a27db103e784732a99d8cc9ef81553abdb4e33	4840c57983953fdebbb7c6fc907603c3f015c5bacc6b1561ec7b66fbe5cd85ec
652	545ef2025135ab81cc6e45154cc1c3669fcf083f9566c25c3302a1a0348c5637	c67db18c064d9b9c80a2cfc74dcb66acc1b11af4bd43e75c62d9cbdfa8a21c00	599eacd88f8fbe0702e9f8289ec83c97a6ebcdb140b05d1a4fa0ca971c8b063e	21ec003410c2d2e16283393ac7c3731c92dbb7bd1db52676cbcc190653a4b3cf	2634d9a41d922b5612b2420d047830f719fb15daccf45408005ac3605442d6fd	0169d4017c8e3d4e43a0a22c8bcc3618aff148b2ec7a0d6332bd94a47cff5f1b
653	5f1203b99470fe4d88a45b352a649ce2eee2aca6c9a7ed19d3769e301a9ce59c	b83c5bd2c5e45449b50a686bebdab2cc4a954ff7e912f4f32776587a75474dfe	614c3c2770650419bd70c300862c16ce2881bf4dfb2797143308c44ed0bc3096	5c53f081c50205a045d702f3e06dea94352d3877fb83b45377df0f82dc8fa41e	a7758dbba7d4e7366a174e7ffc0ff6406abedd6be1a88ce5a1d3698b8c035377	6555276dd578d728e2aa47e9daf6161bc9d92ff9f68bef8cc0058e2ecabf31bd
654	c755fc2a16c78c8e9e7aaed10eccf71f308d2c2765953717b1688a9b51c3dde3	a0686505a3eb1a836bea9dc0828c59b1da1fde67757a0050f0f58b67ad62baa3	d918bae1a53aaaae84df8c350fa4712c08a6d4611e3a23312e75bd1597cb7add	22842689e9f21f061bb0e6c3a9848894101bbd0c47d1b60bd40154e5394862f3	ba7d166c4cbc494f13433f6d21ad19cc9e0805927b2cd70983147f51a20b4efe	9cde09e331b83c9e955c0de1d1d7da0ff51b5751a328404fb57ffd09b5b11095
655	12ed406d056bb2cbd3b81cc7846ad202ff5cebd7eaf85bfb42a5de620b50e002	e66217aae6b87c2bf0d8a48b714cee9f6f8037ca72e5b1992d7a5d553634e7a0	f7ca2ca268ff4cf43688d1923128768d8f01dbfa25008e21a298d4a5978b1bc7	7954e6abef4fd5c006dfb9cbc385aef6df5a2e1f0f65b3bcbb6ed33e49aa1640	2a4e2ba14549069dfad18fe96d2588b87be44175b105c288ae12c6e85ed045c5	7e2c8923053f6bef426e7e5dbd4847ea60228bbcd7a7c4b4215872c68e00eba3
656	7a09dd621b2e2142841330ed4c2be1f8dc02aee028c34425464e5112a028bafe	03843f82335aac73214ccf6452fa7ef81695a54de8e0f0ce7a6f1f09e3e6b905	7084d9dd5e6b354bfb19ae43ec6c7e716d3feb1b37b5798b633c44a9c361f918	219cb0712d6b46b6ad5874a4f11a435bd37c6ad2e05f32693d8621a96efdbda3	2e174eb9a6afd7939ff5a232e7a7927c95c42db1dfa711a7c155dc97c7b12a6c	cc0a204e339d1c383a3c3a7ad4345bdfe501369a01ae653bea76ef39bb2a8993
657	531ee371669009d2de5c9cf90baea0d4799835e39a9868f78e8e41f087bcaea0	c52d8044a07897e6f1ae42f8ab55ae8cda528285be9a69abbe71cca096b416d9	cb87eab0a2ecab081ca4d2bb33b65b0f800cc9272832a39bc9b08ec66090ced9	2fabd0a71f165c32faf094123e155f8d5dd437e7b8231ae2a771fd2220df0a01	f04a522e419bf56a4f9778db9a147e084df91a10d7b0d6a527adfa5de12e6346	b8ee790d8cd6e0dc1bb9ff8bdc5d96125d11ebd1b8206fa80d1c96e2ea299990
658	bff32ba7ce00b9338df48291f03cba5627c9010beac312926b392158a0530c11	ae342506b89103e4a0d789e4ee1299afc492652dae10ae939acc41ec07732c4f	d9ba15140b43494743a0e70f5a1ed3d0d3d50ccb0ccfb25ee9f7102d234f6a75	5d6adc36f8ea3ae4b2770eace86cb0d5838e63930e62ea9ff34afea50cea21ed	1ab9e91b7b63034aa3f75938e40f16d8a96f51cde6dea4bac32e6e16db24c360	51158fa7c8c46514758d85382bdc01c5c34d1adbaf3238a22675a2da32409a2c
659	6b470b733f7b7dcd8f0cb72251605be38f7068f2d0ec723a672570e920ebd931	46a97f3ff900aef8a3774e782dfc1b04fe06e1b2a2caaed228735eb25055c69c	e12ba3d2ec52d753ee86b686879140bb48ed8045b449940e789123dec92568eb	fbdbf187bef69e3cd29ddb6ab17704996a9c313838d0c0bbaf39f9b7b8bf433c	665f87ed3d9d9b4bea399cb8f0ddb707a06d1000fad6ddd44aefaf1a1df4701a	c3641f71df48472a05f2ed29b8b4959bf6eec56f7114bc15b7622ef3d17a9498
660	7154345a66b3c61f11710e600ed1ebcf4f165f7276333b4e3ee73adeaf7c49b8	4e23e88132bdfb905dfe5332b4007c21fd9ad2338351811b3176f8550b50101b	54fcf58a73d1120c2f75caae68647b82f358c075b4a084090bdff285a0a0105f	0022cb00d0f06c4d8ea48143266022588780c726b4cbcb9f897a017358098a60	9716b6c9ba09db01c8413e2888e701b76c4b3d14e5116902d32f4d5bd8d31368	20831895aa55e3f33872a1197d49b237d57d84930a15e36b8736ff729f65c25a
661	03aaacac5b626f7e0182f9dc983248aeed363c0f8b242c741a67b79a1a01af3e	2a7fb253fefe6d15480a764d1cea40cd24cdfd75a2741975da86844f0fb2e13c	b060ca2cdafb6c89c150cf134c3db3832bad9db7c63bdda65eeb1b58e411646a	361dfbfbffe696ade4591f84069bfffb12387f8dcb63590790e8080b45252575	273b364cba7feefb002e9cd9b5a08555999cc89e478bcdb006b694f7dd2f02ec	828f3a934c0ae6e90ffd01c3c629807a29ea79911dcf47e08164a29c2318e17b
662	10bffd3da0c28e02e20610b3886d2bda19367e303c74dd62f1079e1cca8ae3d8	08206d8f88cc13b9f26e32fa082e625787b6e35f98590c3e04f64979b6d3bdb6	57a3a8db35f22121232b150e6a092758db58e8f9387a2833d26795b690110a96	1b1409a702adafe325230311453225c69437d33ea44a4fd7ff60fc898fa3ce3a	9e93f30ec8c2e1a2534df0e8e1f9327fc375a7c43edd531712a77f0af2776de9	3f49950f3fe3997b0c3f8a1b7cf2a7ecdaf7f18850b610be0a9514c3bf8b9e0a
663	161d36e82349b30b9da6aa305781a1daa0ff32cb402ce7f37c6d00c0e681ce3c	aaa9fa2e3c018cc034d00321b5da310775a3915226c4eb4a4d914013eb3202b3	84e655e1062a35493a60b647583b2bbefe2fc82fd3882729432c4645216fdf06	d43794e0e2418d59b99dc4a19d9f17bbf695d907d39ae0f3c0b66799ee6642ff	c2ab52d48a0ed863cb8092d100ff11dc8e70790b1254403c2868647be5fac6b8	75c5298215980b3b9c0c841b5f1bf5d36c76c11037c60ccf760b3e09875fa6c6
664	336cb7bbceca2e47e716f05bf5e204821fdce9fa0f4fd8fc031746eb8ab5b93a	2391275ceb44296177d1ec77ab31aa8ed3866b4ec32bf39b0adb621c35f405ab	75314805f0709b39aed2e0f963e38e8ded7f1072e5ba64cbec44dc38948ab4b0	1b4dc5f9026bb11e55f82223b7fc93fb94eebba1c950d9b8d358397e0460f6f1	0e3a92c52bee2712e6cccce394693b9452efa8a55899154feb982be908296878	55edf6aaf84276ffdb0cde4b3521efdb7b466fbb0d94bf054bc0bc670b35b585
665	86aa4d4a708d434f68984101e378e755230c2d84160ccbe1608db2a63180f935	81ce66d6a7c036f514472e201bb4da3211f19635261aee6fe2d0e6cb45ab8f6e	fb6b5c847cd48535d3431da672cb08191b973baaa12fe0e157113c5d7147f66f	25a74bf8bfb2fd22fe71a4e4dcf7f02c9f8a28b51e339a26e514450642c6e59b	ef82e2994aff07bd76ff9981cb3b550024f0f2611e38d64cb6b82063ac8bcec3	257ff910ac09a6267a1d27de29530749b64c47d92ee6c6f19f5c1f1337f64877
666	a6e48bd38d80f7d3614d47204392af26d57ea89d07aa98a84f5494070c5fd9b6	7368b9306a9edc9e51078cecd60e4c872bee802c0268cb94479997b01121d603	973b5c5f1d08b19aaff7247529d09fc4ec2b55aa43e3aafaf64a210785d33eb8	65950435bd0d4d7efbbdc16f9a6c67d1349bf3703bd1ae8ffb360402a692bce2	d15d9368645af43894ffa94532ef144f7a2e2b99a1536fca9a23382597f37fd3	70eec838e24536d527979026e2d2ab0db84dc3e8f4fa66de467dccdd83543da0
667	7b6aa697f995548f0b065c9a25b1b0810b93cbe9affa1f70c012000098883c2f	88bcafe0faacfbc499652f7780714e6fb3afa1a886d2f2191090467b8b2b9e36	148657d495c279e33bf353229cdf3a7b039ae511c3cf596f8140f26c0ae6cad4	19508f2f624b4363e0bbccab0c026d539d3543f139c77728bd748c8acce936ad	ca3a8ac66180b87a3ed0fa7f5b25b9b9fb0b91d13e9dc22292b3ed4d1f17a257	fd9d2ca4fcf3234853141e1b8048991a56c40c467b008b14a28e8e46a972deab
668	7d15aa3ac8d9262b78620f806406e50e74b9485dd9accec94985c29e305f0ed8	5237735f0adb9d5dfef17fbc2b7d6ae965023b9d0f270d1b0416cca7420132bd	d329f225429c4b592d08d38f9f975e7c7cb1addc9fcfbdbf5fb3122697f78072	053075ff6a79f13244d71c1ea7a8071715bfcc2a87c5404af99151813c2083b0	0c752117f606e61181a448b03d62d733daaa15cf9fa8b962972edc1e44e9e34d	6643ff87691c9030432c615315106121abac00f57c9734bdb5fa19629c16a8f3
669	8adb07a4a1684000f73c4de8bd5d560450f03ead3baba745f910f60e0924c0a9	465b5126516aad379c36a5eb43111283e29995c8ab6cd53efef1fbfe0545e8f7	30ea919e6d515f7ab3df43a967828ae1a421038869d8215216bfd3af115ce93b	5a41df9268a5d98eb675fd0844aa394d4f723ad2cd71daff64368d2cd13518b8	519c7195a2bc0018b521efd42db273fc609556c3bcba93d8e05ce82ff04b6e5a	caeab17c2b5d76327050f9f720f61857e6caf91ecc8671170ad7d47aa0444e51
670	31c7c7f7bdb2b74dab72f7fa3e4993a2dc4b4257ca4e069291634b992d018051	063945c22d014de5d82c44d9b9fd881e0506068571b84f02d362378dde6c80e3	da464830049d3978737c65d57a8dd45acbd67c54d120c38eb2e38dd91f05165d	0afe2e135b7c0d8fd1b00924cd345cc5ed96cce37e80d7b27500040f4c8c614f	f6bb3c07d01925da695beed610bead0edbc6262baf9d7ce9cfc4ab890468fcee	7460c49195daf5f1c1ef19df2084594cb293cf0febe70b0496fd81a7d39ba32a
671	41f0afe4a3ed30ddb9509773bad6f3de4bf27193d3fd74d680670c0350686d49	1de50d0096f4d82c7cc353464d766f88db52c434ada9872ad72f3d43c588428f	fa68edda989a1a9d139ec9f18c3ca508dbd3643d15137e70dae1caba4980d6c5	4988e114838915376124a3ae40e96295b4f35a9cb0067a77e235f79618bdb5aa	453e8d2c8a8f78aeaebbbc602b34da40e776a29b2c8aec10afa91174877ef485	1cbec0a9d3cff6b7c81150d2bcd09d9ab821d1d7433421e99c724a2f42f1c204
672	0996e880d4711b044ed07c641af1f8c4349e15b5085b2b34754f25cab57a45bc	d52e42e4c7f214ddb4b9cd62903c2d9cd231a14cc93c26dc0307c4200ef65c1e	b6e62a217ae501cab9934f2ce812ccbb813afb0a0eb718cbf5b7a2ec5ff2925d	0844071358406a33431eb1ec62b1333c7e4c3a770a39e616e22c2e6545d85025	9865407938a48c3b47528b93692e7ef9c4365691a973029166b2c173aa046893	c9d2c8ffffbb7a91ec62b3dc34b74071c9b55ab00f207a9c18dcdb9a5afc6f7e
673	3df2452c0cb47e0e02b4899f88901c72b79dee8dc4fa754ed0faee98a129386a	d96b697ff5b61a0213fd7947602183927a8621388c3557a38ed59c0f096448c4	af27fa66562fe50b8a9bbef285d074ba05d9be31828fb3578039768866209566	b84dec0a313017fcda2c8f58b701449aff8edc98f569aab5da0cb7dea1d47f96	da561340ddcedd8c4e26955300fb927a3c8d0ed1ae54027016460ddff14c5bb9	5d58daf925ffcc925c039d852cbfc08ef7b4c18e7806f4ba26ad581f4cde8aa6
674	60abc59a2cfc4c61ca6ddf71526cd5280cfb7f21c41765ed94985bc108e9d8c4	55f896f05af508be6a35db21ec5082aeeffa6a03e3066598387507914ee80a16	d6ab6d1384cd3a9e7f912b7152707be4dcc47ee084ae9168ef2126f1708d01e3	9fd25c740677f8cb1077b870f6abe7452cc5dd9ee1460ec589b75bfe3346e135	0e9af14b2003dda76d54ec0cc4a17fcf0c62efc6871d82ec86ee562e753ce93a	bbdc2ae4a5af09f3cdf7c555d4ef53d2422077bff21fe476f0f58af075ff0ddb
675	29b2617feb1c2f59ad8d11c9224d0304d7b3fbae2b05474e098f01b6c27750b6	412c76fd61e8dc2e9598ca6c9d054e730801b3435504e92465540041dacdb25e	b595e95c0b2253ddca12e3304f35e3886e2df781dfb859eb427150e455bc4424	f2582e9c946226bacfac51b267d63765624cb88eeffa3f8ee2bda1a9c6ad6637	44d872da18cfefa589430c5ba4fab562730c89d8aeff8c2b83ba5d29dd2fefe8	de530a48f4e958111dc7e6dfffbec8dd020d6f85504f3bcb75c7c3262308888a
676	2e692c1902e79af39a1d6e74623351aeb3bc69fdc109101203ca354cc0a93467	0b24fb5e6c5f3418f1bacf3b0ae45190c26b693019761eabdf402fcf240e7558	f1d5f340f8e43221adde191406e0df24564fe51d9b6443ebfa9d41cbcc05139a	0eb0f8b0cb33aee0bd987589fd33e30c74810a1530bfee5d4f1748243cb0dc43	6f8e0bbc9744ef3f57cd8e1a4c7279573756dbf53057b66d3d6818fe72ca99e6	1bc6569fc24316043fb7138eb599356abb19caecf92604ca5b90a59e5da78d9f
677	e7ff02ec403c4a26d33c6ede0900ff62d0f4adcfb3f7fb5177376282b0aa6c50	9d02d80fcdbfd623076d91794a897c7636bdf613a87367e01efe901aeee583d7	1a6427bb0be28a4a03034e2d0a9d6384e9f2000ab84d33fb3e9d45285dd0a645	ca1d998dd407d76998fbe0563bacc1b9f1a0ea791d1465be88ca1c993e9c67c3	38303d26d5cdee3067b72f575a283b465f1a32f96224d8301a571f01ddd98965	a5302e40ad52022ee92d86b7ec849134868daba7f96327a242de9012d41b8700
678	d879d3f6cb290148b0686bb5e33dd2b1ab88d6c6c205c3431e5441c07d812bef	c2012efa995e7890a5aaa6fb988cdfeb72daddfb0e59865bc177c2c6ac7155f2	80293e75fcb279bba440ebddad9b731b25eac98bb1f6875eb9bcb09793256e47	6e0ea2d87f8871eba7f52d06fd03f315492f145bed163c81ea68e0c41607a6e6	709aea90f1352df92f5897c952951a54c262c989cd9a8353ff067ee8e61fb2c5	26e4886dde6f8721aaf150b75180c079f4e24811497f5d3f3e6cad6c26962537
679	6ff8758980e9f0f875427db850f51c3763492cc93cfbf7d0dc8068162996c604	51023e8233ab3d190ab0f2004dfed949f92d8dcde7decde84197161812cc2845	08597bf92138f0ab9c62b923cb097a52b83b0af0834bb0603d22b5821b5af1a2	9f0427f5a744a91dd0f6fcba874f3d147c83ed1adfd9bfd6fef9e81bb839562d	885ee0a26981bb2f814c25944803aa93972e0825d73be00d59de793759f0bb82	05135ee3512516d9566b78dfda1d3748eeea909bcafb1602a8dbf9e67f09ae0f
680	358fe0e939d92ce1b35a7bd9f57ccf148dbd26d47f0dbaf61947320ed5a69f09	6deb6d7ec8a20edead756d9cada8ababe69f32c47cbf4ac7085b8de63cd097eb	5cec8ba847884e2fed0b67b766e752b7c47754f47e8f5f91205d1d4ecc7e013a	defd5f1cb9ca667dab8bb10242d574499e34cf96eba7e32ab45d3f889bd612f2	f522d8c113bb20216e94f94a537162fbb997bb9ff40b466356234397b25d360f	6d79920785529fedb914c8764cda7b294927cd2cd63f74751ccd24d20d9aecf7
681	1200ac7f86d16ba5208dd6abcff8c47a7d619c6abf5c7e2d8c31bacda4048263	56ddf1ff5f545d8ef6052309d16d20f517dcc5f15bffbb3c0ab4e5dacb0019bf	7cc45fea1dc02fe5d77354a4b1efa4e9855504c3856606d59886cdde1233ec70	8d29bdfd3137d0139b8d6dbe1f5a9fdde9e30b3df11b47e6164b8764b5040b38	d02837ae51b0e298ca4100ed06946ba843bfab3940ac99fe89257723a9cefd9d	c3f3d4cbcaa42238b644e87b300ee7fa66a3dc016c1e8501aab3e4853e58a56c
682	2e7dd421924521b405261af4b9e66024130d702d9d332990dfee941d23331fbe	8b578a5341b825432cd097a6b2f85c6c59b7e801d4aa9e17829f239e4ba2eac0	d9b6e3210cd6fe93f14ac597e1c7728a5ec25ca2ac02d410f2480fd5c4fa1796	2c9ef0287628d2f268c39a78c65da3b364cf988032529294ad36eb63d6004118	305ff06de5482e940f5d6ce1df403a51ac260a0b2a3d9d2358ff0e1b2211b2dd	7af3dc8caec320e5c24ca914db77c438024f1741a4931c27d906cb60f28ad216
683	1d0e15d51dad83e2ff55c06ff85b817ece74acb508549a517acef6a763ed3ded	1ed5867b4a3d7c8c6089e7a9cec5cf2b3ec8b4aabd9f69443d2e7975c52ef632	29f83e51d1867d817f31bf6cb8e1cff2bfb510c4aa0cd46db887ef4166aeffc0	63634cb279bdafb07342aa5225da887b621f5d426af2ee5e0c5c448fe353877e	e21be89ccdccef10707bad443a09ce6f6a2248531650cadf4f58d0fb3dda572c	44899b01ed9336b9cab501000e60b80e1e3aa544a1f9c125c460b14d96344e48
684	20eb0369585e9fe711069a86607573327d342a6cb11d5068e4ae0c6a9bed02a6	6215cf66a598ec394420b2d6e01f5b830a1da13dbf403515c3e778d6dd83bb53	4d6d85cb6f29bb5826d7db74ca2b7ac62028a0d367fd942432a09b912228c066	a1505aafd551fd9bc21b889a57f740f15eb713f8ab07f3f5d9fb24984e6016a7	73914744d0726c761e2c9eac19faffcca1b324004852d604d481ba5634f29593	52d9cb1e723ea8f05ddb70bbc96832aa0cc4c563ad5b3e80811a1c0ffb123634
685	ff05a980da7fd8c660c6643280019e4d05f3858ecd468a874fa692e4ce1344be	ff597b5080aa14079230b5931b67fd76ff6a332f0a99dbe607599c7b08593839	44bb9e8caf7d55f78981f37b52d5691a1674bc9247a20016d8054734c227f2cb	fb9fb38288e43513a48d56d1eca05a50aaca4606e2b5359f8de90d91bafbe445	a9cf13d6fdf321b3bf0b5dcd2144fdee1a0121932817825e8a954797c3cf4da2	b31458abf28dc505a4b6774ebc0ceffd8f8c55915ea22e05070724cd1a6e7dee
686	de98e19fe460aca597d20cbc155907b1fb6d18fe44520646c7f81e8442d344f1	852f933aad36b5dd4a199c5be68edcb3039314b118518c1b1048db8d6eb9c7c2	cc6cd80ae6b058e48ee4d38310a3b84abb664d475ef3ba378f53f5e37d20564b	a16c392b53e2ab567899294087fc6f1cd88b304101cc9f2e8072b0e5c9b31383	ba407abe53751ef3e1911ce6bead9dc769e90de2d937f70c3ff93764b4277c66	1e120f4c8b315947101ca53864461b12b48e9fbfa58cff31c14209389e9c57bd
687	ac4c53a3e1144ba48579a00eb7f32c0be8294ca1501927a26e9d4fc73d3e29ce	2bb7bffcc15c0155e0055f4c4fdebacd32ccfbec9e0836bd2a1306d217c6ff3b	dbfbfd112d8a1cb4baffb7f30568210f033b223f956889fce0c34d97cca37ba9	6cbc1e47cc418f459ce4310a28eb7cca9f0cc228b174cce4717dc3ad5dc2fdc0	4f19209f72b7832ce72246bf357160ac8f8bc47b4ed30eb4c576b8616b48a699	e4c875d407c26c18e113ff360c773114202f1509ce4a97bdb9875e94437cf00a
688	3ce1fc368102f9b36b31bbe8a48a34dfea1db2c7a48ba4e85f574a5946b39841	2f3efca586a4f704f62b06120cad8dc233183e6e648d92316b3e6270cc1efcdc	db26ec2df64f9477cc8ef0bd670d42eb5cffef9988567ef9ca2ab416fad8558c	d437f04b573f25c349e57723776bf59b6d8ba02b76a17aff4f77e01fce0433ba	98e5201b423f888424e5592949c6824d2f0012b9ad4b678f200f9a75a0684c8a	ac578cf78fab707a50558f0c47c07ffd02a7fab746dba2488f0232784194926e
689	b9cd1faa491582c7bb9d7fb75ef5e788e6f59ddd4efb09c93aabe401e051da48	8527e390a9c97a12b32b77e6d0cc6bd322db2a62ddcbd9b5ec26cac770b5a968	2be23c0afa87431dde5108378762b65bfb3ee7c1ada650586285c37dbf328cc9	685ebd4d01f44c9568fd3ac17aa2f3753da1d0885b584b83edbe424a915fe98c	fe5587129f85a73a4e1b59c4ae6eea7279c38705d1ea38d7f11bf05437365cfa	25609a8eb827b5e0b53ad05fe0071c0cfbfb3299040ebd3e9486c558e0fa24ca
690	753649d72f33b5899b8d2fba438cc246e4a8c68900c02725a88480e764dee0f7	c744addb44d8cc32a084741c2112eeea78eb13f27735cb82ef8ae7d36dd6e8f4	86213f6aa971c01e2141525d828d048931341550a7350c563bd0db9d343c8b94	6d22977407c201464ca12deb12ae3d62f4f542b92032de14f82eb69d7a100311	261cd6b3dae24f4053765a12fa8ae160f2e6e63dd7089b62b5ec980197c54399	ccd6fa2c0dfd73f92960192c7648abf09e2d0a3636e0d1da94dbe31e5673c4e4
691	0e1d2aee61b314d7b0e1349a4705ebe8a957deedfcd62c5c5ae6291886982ebf	f36266d98ad7e199ecc5d5a862ce916d12518546987e948ffdd90794c18c01b7	521821eac7a07ba27e4f225bdf68afe9f6c76d6312f85907aa124ba8431c257c	f94e1621a3726fa9c18e498673987261f7a6f97ff2ab6aff741d17ff2fd01df5	fad8b48e86bbdd53f44a34e2a8b8a005bd2f79ed7eed8b9c2aec30b259905b59	e74d5065603bd63084c8222b6897153f6db21c0f2f7c12de94cf822f0b7f6d73
692	5c9ccb2d198ce89d6f9d8a660dd4105c88a65f57424b4dc01da54b4968b7fab4	e1b408a403c3efb451592830e8323cd2f10e42fa0890273768330f36a5a0d2a4	21d1282473663c3cbbdf385a4a45f0c0f386c0d7250e7e94d2726b15021e2dbd	fa6a89b263e1b4318fbd1fa5c626cf27c0bb288a146b54709429a65d50517665	31490e809e570f0a293841e0cb3dec9b5570e9644272b29c8b177b7b2f4c1da4	70e66d863ac754a0e947ab0e1c743b5a4e09f01248af1aca42a43624f7558d3a
693	5d05f39bb5633c0d69b0e9d9e8e441452add60c3837a3094886a7d81ab9fa8dd	382a018064235367782638593139d20fe861f1d2f94d366673878231bb314369	5b3efea84a4baba1303420286e76bbef26700cc84b2f354440b061b419f143cf	c8849ede23d9b8c78bfe58fe20313ecbe7b497f7d071281f791b2f2872ad1d7b	5c161395619874236db2739914ef616c023c1bc14bdf10a4f12e0b69c7844f70	993b0d3e21f796f56da0dc1a44f5f88e48f509f4e673d38861c7c5d9abe59c69
694	713055994f717e05bd35b8bab35670a9352c46bb7e823ef1d22cbda205eae45c	98d951c5d49dcd538cb59a09ab704df4a3e049e27bb6050b97e990225b2a1356	c05b1e85ea1b7c2c9c4c046095af659a6c90438573f51623b5e20f6b25d034a5	4cb62ea0affd86b40a9a7577dcfa68067b87dc21f4c1d63c2fd478152952e3c8	06e4a4acab4b90904de86d9d15f3954a9032e0264c0ad4415e8e9f6beae69bcd	ab48a78b73e330678ba3fb5ea1f27d3c8e6fc8d7cce71a1aea790d842e54b44d
695	f93a2e298134e1ca68c995e25abf7a10091ee2d2fd1e809baa3586f90e4cb947	c89790208638e8de38d94a3f369b045897200a41da8176a7e502cba766a8c321	9266911714467c9ceda00a618bae9da9644541753e873db00d6252e11202900f	8a583f8f8651cdbd25d4e64c35cd114b43d80651b32155450cebb0cad047f37a	01f4da60dea1040ef9e5994746d60b9d8bd575ddf1042cb33bcfd00405c093e4	d1b15bb7acb3d3eb136ff4bb1035e64aad43fd6b7929703f0be4e8ba20b449e0
696	eb6121626b4fa614e14bdc8cacd87e79c699224bff3c2065f2a60a3009ed809b	537e3a9b3538f6a78ca39236ab6786035efc0ef572417c5744bd81e25450812f	c68dd5a11c54b7db486a3c887dde32a2608117e7e74aa377441f844c3a0f50f0	040ddfdc030c5b1d48021f7122b1f308710e57896d93f961a33914f825ab222c	e9197b6c812408eff9abddeec89aa545c564292609d50c72723f886a6f9536b3	f89d0259b345e6cab90da8096a2a7f7245c579fa153d3fe972db4ed97d3ccf46
697	be14d9d8668af03faa310dda88128d7264e5b6dab8e9c41e4297188da9837e77	365796ee8f08cdf79ea9979b9a33178d6ca1b9e00b43931077eba6f5a420195d	d8658f87fb23e9a3798e04fc30592e00170789ffe6948aa99d6b4706035b346b	783996585d9a0820169e41b5652742ea55021572de8bcdd677fbca0bb4a350f2	3150addbdcfe2f74a720afb782e8d5eaa88e2bc264244841f9fb71e45836b390	8c928d35e55f81811df03885cf974121caaa1ac18248646297452b3486d3fce4
698	33a4aa28dd19e7d987e29779aafee7d6829d4ca87343678a7e8fed1b1fcbc02f	59f263d0b852b648f47e4f35767552b483346e29d780af91c3c450ae887bbd73	39de9bf522b77326e1ae7460a4ddde44983b10b4b5d6292233cce13d878e6949	d3d896b1f386b3c875dea9c6417f2a9ba1b409cc74ccf199f0cd6bcba6080c3f	f15ba9d1e3cb733e8c8ec8b0965c5376c3805763a97cef1272a6a4ec9c5ee7f4	24a4e3473ac2550ae7ecd5b7accf5db968928904b3d25ea5b3ee7870767439d3
699	b2826b15b6141a21647d576f475e739e3199ff6ac5c14e50d8b484e1cf969247	89bfebdab3a872db6746cd2f70ecde8ee5f356a110ad83e1d680105754e19d21	eb915233ab0aad39fec19e3b03abf41eb3c1f534f83ec220ce71cf032bfd67b5	9131694f81ef877c0addd0ea48a56a90ab7e4a29634b94b13b6dbb027143f468	50f324febe2688f28876c899125b9081b81d1e7f54f45b97c7d3fb45aa3be80a	67e00e03774f0885c3e87ccea420b15892237e509628ec16b1fec0cd8aecf348
700	872dfa8fce98329135de58fda9cafaa3334dba34a8b537a24e6e90a298ec08a1	8166618aa0d7fe7180b58da359fd5f4f6c8e144008dd4737cd327427424195f0	14bd636a1bd2979c3a04c5a9a94f4df79293fc4186a9dbe89e52f8d906689991	ac405eb62eda6e0c74198ceebd51f88e24a63a9d6dff9462c8763746c75200c4	35c53e658e4e3bd55e3712df42122cf9a21613683d1d3a97c7bcbfbfc1c7927a	a493b7872597904e80a13ada832686c6649b131e175d24c017df1abacbd0ca2d
701	6db10591976c26ad0e349878247a50b51583068eb56066cd3d0a892fd29638bc	35798f9ad3d86cf893b2e69089c70a0cc9050410ad87ae72db6ef9ab416a8920	9409b9649212a63b9f43d34d4dbeb40da98780a71186c57f270c84d059f95d2a	5e481821ba4b56d76bcfb0e941faf269b9cb559d09e51db65b71c64209ca7a0d	ba6b362516573db9c1229c51e4a50311fb1690a1a86dfc1c18babb5e105c70f6	930df95a6acfd652c1ea0a365eb702648cfaf0d02c1853a0e2d46a7fa94bc42d
702	c7834f5b9ca58bc825a0be84f19b95c8f6df48a2afec91f2ffc0862058825051	f977862386df42c06c4de9bc61de2b8c0dcdbc030930a025e02d9a32766e31f5	188e385ffbf5cc31077715d452a86c0b4dd131df893c62757bc2f592eaf45f19	fa3a95b1c0c65454771e987ea83b5cb76df59ae7775e3c4967d72bb502ac486e	0e52c2b3036e6734fecd1230c26f05e1c63c332951eb00fb4d519b457d917fec	badd160f98253cfeb9fd9f00c9f78b93d82052d0e88eb839dac5bdaaeb5263f7
703	8d46c6a1db9dfd9b19640fdd16e4d677897c71a6b894c2873e590b0dec58e925	dee571d8d8f9c479649558dc71fec2016eb396691704c1156ec63d385a957cde	0c4199d8a8c5fd5b8218639c7afcdf4a2185d770ff930700c152ab3d9d62baff	8847057d9e6feb0f8cdf801982d7f97c182f35b69a9429e974da4c7ca507b833	d21e078cb284271718d134e931efd11b1ca15eb679f922527294dee2d9953553	0309f86f8c07d3cb5be4bbd09b744279e10a7ab30aa1c490625b96c6de7de4a0
704	ec06fe8d8eeb821fd831af93e7d637b1d8dddf62047ec65a3b515a54550a10f5	dab3cd8eba2ddf850cb3e0aac707850b9f9d9743be7c03974ec156514396b414	f0c108925e292aa50ca66f494fa3675aa1961f79701b22b71729edfadf765575	26dfe4183141d9e47750a1c662d3be8e6ed62d2a0e0e754de5dc392f39b2f3ba	bc16e0a3c068981e29787ac6f17f8fb404e569714783d9ad31235fbdb1d6d99c	7dde5de7ef1af4fe25bc50366e8e8bfaf3bd0199dbd35613e554d4731352762c
705	e30cfd896cc4e0fb4cdbed2b334f980e9fa7dce57b385c0b1fb8c3762ab86346	1883dfa342a9e41061e590100340b56fe88902341c486ff288a297557b48e3ac	9a12467781e741f69de23973ee7236fca78acafa27cb1df33d0f0322da976427	fcf776e9ac02edad112a05874299698fa04cb15127bf9928992746ac8cd7ef2c	6cd1cb42b4dea784f4b3013a8fc61fbb9c5f9d0debe9a3de0bb5b86d92ae3810	9d3d59a3f861e2b47e0d2e1079c05976fe6cf817b52b88d4ff26dd10973cc0db
706	07a3ed803290c6e015acc2584e5b43be324579ca8a94078e90986e0a3ef3667d	61d3e7ce24ebbe5ad1e41c8ee76c92332886595b7224bc53798c837d7006cc70	1b7abd1584a2eb308edeb3abcf37ca36eb0e7c495715aa85042b9f6e0b1496ae	a0c27af92b6bd82b04c7d86b80b78812ac4e9926cb28145718b0f2c7d1b605f5	26f1a6bc7e5fe1a54e770fc9d659c1c2f8beb11e007259bc16a55d5e890e3287	e9acc19696ef30d01409afbd65aadbeb9913a9475ad5cea9fe797b8b811c263c
707	435367aa63de4452e2739a1fb34257d64b66ba73154bc42e7b3c2fc81633a6e2	619e58e55fd5026e373dbc2b7ebe344aa96313f1e5b2206fc84eb65b816f1c74	7ede004a305f89af172f3c3531f4f2fa4941f8a1057777c2471771ba1e6b5696	a0c069f80b328d613102cb37de698399320723a1674cb8a9f8627c77cfe8cd90	1d3d2ec0194ecf4845e6af53d1e1ecf0f73977a24cedeaf204fa9d7ff76b67e7	8505b57ca94d10950b7b5deaf5bdc3735eb0b2efea51cc370f185467c8e8fe8d
708	84e8e3753a86c665bbd6d22ca723e8ef930407a0e8ea45c3ddd1bb987e36876e	5464a1ad13cd72edd5166bf8f11e72d7264d85d83fd56047dbb74a07c816d226	8a4b04a9255cf4c58cc6e4c86a5c0984d48c73912b060b6f219ee74bd3bf795c	e88c718dcf0b6d76bb96bbc58f5e7e8d6f1ac6c5666ee124737762898c58ae65	b67a71875fc87c7297792bedf9d5f787552a50d0a111431ed7f9278382e4bb77	5ce7e81f41151cbe9591f89debc8be1fdf72e25ffee1400affb2c900e4117423
709	f48e22e62979b988db775b707c5812d1861893add180275ec8a030e09b41c9de	9e50adaaf351f9a9793589488ee1003cbcb49288775339bdaf991597daf8acbf	06ee9bd7bd430619628559f0466a2eb2d32ca43573a791394fe323f09b77ae73	e021ce7a7405fe916cfe9434ce45c06150a70a420d624e70bf00b95b795b3645	9e2f991172e8adb4a0d8dd7f47921a9b643d515bff5a2d32e0d11a840efd4319	322384afcdb104a1a7b665fa026ae892aeaff9006d4c6adca2b058d23e2fbe82
710	db35510e646bb46bba1e413f54fa6abae45405b11aa4321a2a6a5a1b5bdc877e	d6c85a2bd0b632ad95d9094e6dc1f8cd027057922b22ab5d10055e793a0fc379	b4ac2436c6a7e60aad72b8cf37b5b125f65ba0a8c36f63df70f65f5aa8a95ab1	bcd7a53d67da9b7c3a99573afb8973d72f6fb3e6673cf6323f1a928e415ffa36	7fdcd6a7bc66df40851b46437136c50aea611ae9106dbdd3eebbbec3a42029d1	4e2c1120def883a5762c1b1422ef970e5633ff6d89545579e8a641295d1f60df
711	a5a269e34bb7fecb953e16f353a1dade6ac46382e335fe0be7da346b33b699c2	1454a04c746fb3b751f545fce7d5825d767b8dd78cd765de62b4fefc3600a49f	8d560c21068b1e8fadc2809948f8b6c6cdb7efe276c8cfda56734ced973d6572	6d8965e1e57f8c497192b7b3ac8085cf14ab4cb6e8043fbd0091b14f73245caa	101e8054528016da74e1fab6465b1842012b9ee9ee9fa53e4db079de43df7152	41ec56279b10df0a28d26e4b357cf9766f1b7a12a945bd809e782696a9d81679
712	2db00614f4fd3259fa0893bbbf9f9f22d5c649c684c163311123687ccc326994	57c51de4c6485ca2fa3a5d22d99ac219495f34d947c04379c5b2637ea94742ee	5fc2f058becaaacf626f8f720e8d77ef8532dc040320d1e10dfcc2dbeffebb00	541e0742a91bc428854872c43e263b9d813d477dc6ddd07e7381e8ac625f2f27	22280ce68d369f1ed01a4b68e2d202d595f246f78da9369d89595cebc62bf540	a3af21a68de123b41a156890acfa5caab0f65237e66a6606d524fc2e908924d9
713	4c1d7ef901db48e05156a197c9d7f1f058365b3548bba2609c207e955bdbfb0d	6f22cf89b0da5f2dcf0227118e52babdd99133ddbc0d955595b5d7d0c0b7102e	9be8ed5defebd226725cfcd0ab436b2aed82422847e5d21ebb1cc620b27b22c0	24c1667aebba742f856abb809e233e3bd3bd21fb301b23404866efcf9a8537bd	65bf6cdbcb316599cbcbda4211d70bcb1b7dd11584a44d2d480ffbb6f8387813	bd87319bf4eeb5709630e625323fb66352a21af53d96bd88b0d22b93dde9200c
714	ef2521cc87e2bc248dcd7c682f6b97142ea23ba1a4c720eb97d8566efdbaca42	59f41a5432980007fcd97106082a97ac0917d844eeb54abba62b57e6e8177865	b85fb2da8e1e1f70bda9c41507e8d4806d78901d68861ed11535c9901e39d811	64383176a58dd673c1aa8d63acdc02f811235a5ca0f9481b3f6cad17c5c35bc2	0339b2d6ba9b96189ed8e810c03571fdddbd69c36fdac0ca97006bcdf406e9ca	d40ef174cc694fe2a18179f5a06d68706bce29bb743bb9299e0fe08c7e0bcfb9
715	adc557e1ae541c1cc90c8a427e2d13681f4b168d58349a91c50414307d0b90d4	e55fc847c15a900e931b946d03ab963f8edcedbe9b8a01cf721fa3852f9a884e	c4a5f6a6700c7d73e1c0999ec9ef1ab6bf9d32fe79721062fee81b898f635207	2b4d379dbde9a66765c21766d583d603932227caa856f7d5eb82507ffb41b8cd	d2077163736de85030123cfdf673fbdb97d393f5f665799e1a17c3a24ab84266	7413ffd3c02ae08e2fd5987036418fc60ea44d035491bf86dc1ea549636da8f7
716	8e07cecb1dc2f537f855ae67f127fcf1a49d206acd0d50999d9418a799565ec6	d968962e65fe5bfcaf925ad64776281e95bb57aa62bdc59844dcfdea091acf82	498247eeb92c1ec06f9087e521f0bd144a02644743a002c5682a3dd22df401aa	c052b3d7c9fb709056e47f6ae72b97a19744cc0e0ec563b36d400ef7fdb338ef	a69eb242d47c081ce2d5d82d118892fdadabac145c979ece7c17ce8bee99db0f	51118187e83ed2698a03f4557d2b43e756eb1e5f13bde7f6a042cc7772131d5a
717	b0516ef510a8945706942f3ae3f04e1d6ad482707f962ed5976f125c24c02e68	310e7970228ae6258c4e0b4ab64cd6f0a460b752926a12a153f575c62f3301b2	1ac50eea8db9b3b529983bf9c4b9b878361395a459a67783405d1444625de167	8a4475f04c21e217ceb18473b57fe4bbc216ef90d846ca2973f22b066b884666	002144e7d87c3acd860ca689a3d895d7d5473da146cc837287838fec9c504c70	cb9989b5f6a26379d5bdd36a88cb7d4b30412a39dbbcc6eecd5084a21cbf7588
718	0bddb0ec2b8bcf0cc06c0091eeec32593cb6a78c0a65dc9be2baefd34168f45d	1ac53e7532fc705cfa54ea3e6927f3883c92221dc1629fcea513d5d20a7c5431	1adc87a7b0d9e2bb9cb097607a8c2f7680bd36a355488e5591d8c27b5a02fb60	c2698cbab928995e82b256d14a2bdccb7170ac342c03ea2be7ccbb9b1e847af4	8424f3dab94d64861e31c7ae48e002a7904a777798cec0a37d77e32401315de5	23a38f6b27c2d10e72f277d488e40e184d14e2df29ffd2074add4aa751da4d77
719	404bf91e792e9496fdfa064b3ae999b47f19308f9723a9d12a8218a6acd5c8e0	a09bab2482afa90a60fbe7981ae769ede783a33893679b8f22edb357807315a8	9dffdc4b5e2bc8a7578a9c602ac3aa89fd1c989a932c66ac64dfcf0c9e43a353	b7468241f9506a4b2e33649039283a7bd7e63a5632ad7e3a55975670c088031f	fd9f4740e5389364f96b6913330de3c75fbff66528b47e8f40812f1b62ae56eb	b64d38d52472f6e9dec59f2b54ee5ff3a7282790f52187f1d60fcf668b7cad8e
720	ff8baf832d75fb9816175f7e414ab6f3e3ec30ee385b0fabc284d4a847a03c73	f73c13cbb15fe84c306bb38e454b20707a12a0c23aa71a40f823e57d7d542ed5	c874496f22c10ddae7407601acd0932f3a66e7af1da19c44894b358ebc29dcc2	3c811440d3fd5197aa2fd1293e9a5fdca52451f4f903d03a8e8b74f0590cea53	19980ee5fb10e82c6f60c2d4a78c819896ff09071e2faf52bec474716490604e	47074a563280bb64ea8acea84d06b85429413b3d50bcde3172b523d97eef4496
721	a8428e83f8d91bbdd94f9b902a91ed71d02e31f2553440e765c76247d9a1bfdf	e99f913cf4e8e8425e714a628ea80d056f0770cb58c06feec6fc1613e4861c62	9d8be77da3e5e0b2124d5019acff4df71f54a4bc3243ca6e6efca7b49e26181b	96df689c70ec59c9719569635ba7eedb4ac6df03fceca76944ed82166b6d14e7	e779254f4f76da88e138e8572092170554990e673df38ceaa46b3b0a4fe3e405	fc295adcdc4519f2213666af5fc159d24e65aa04193bd54b93a319fe6f752063
722	95426250e8b38cc8d8d0a48d20e1ac214b145a598d17dec35e3c8af5465d6c15	cc2514319d0eee0270a9022b5ee57e570aaf779f2c5c4c8a395c18a593381b06	301d2f7d73bb35b93489b75945db9fffda9a42eeeda28ab8299405564239dc37	0486a9ab7e1494c32f26d4d0d5b1da2f42512332417535f9b8c674065425983c	c74ccbd0fc15441f92820661f6d6d42b880d7ed138a8eeb30a9ee76a8bbca873	1a3e0d0aabfc5cfddce6c84c5e0aae9bc5824ce73441ad4b053b99375a38cd5d
723	bd2263deced9a2858d2f0b7170a8b901c3a6623a06e045dd973a746ad523150a	4dbb4338df196112e60835fa9deb754c990cc355a0328cf2257eb5e4aacc12ff	296d7b1f508524c2cb733c535c7e5a40e09e37ad28cd6cb2010451f787140c47	3460bdccebfed4accf0a694742ddfdba16fbc95008e2b407e240678380baf8d2	0e1305a6caf8850189e49689a30f5b242bf19c378d69ad770fc98c7b39721371	994f89441a71dccfb53686baec99f151cf80c3ba7e64366fed1a0aaac593f246
724	665b39aa7f10ce713ec1e4ecab611c1170bce25573f8d0387569abe9e7082a42	7fbc9a916d767e5560bf0393339876a11a1f92f6abf01e1b1ec04bc104eea4a6	4eec8ee45c652c15de1a0d1a8455658deb068893b40650f43bce1e9200582412	feef50862ed729b6d6ccb3cb4a81b5c7787a940cf175c3a08037c8e0f5264167	4f5fc4ae704aab3014167f8c0aca7b3957202e70fc9f8833a8467f7dd92358e1	26a1bbdcb1f01fa48d59518857c5119140262ae381f9320800f8dd32ddf60b80
725	f4f18f70a916806173ffd4bdd51fdf5c1b0c22283d5a54dd21a75913631a729d	ff3f6626d37a3e0bfbb78e2a486cbc2dcbcf1a099612fe9b8242795055a72b4b	67c3e01582d4116b13e4b65a2d4bd8c19b68d9eb3e9c260fef31660473778acb	cd89d7c9188e10d8d695a94703d54ff96a825103361f78b05388148c757f96e0	0a6ad7f31f01d6d84228ee268102c0a399034fc59f20833345917b9845f59eae	8d999f0c08c53e825f4e6c14127ccf488ee553f2aaee2d1f7646134de81584d9
726	2f29d16266f5080b18d961d69b2930a5ec76f50cf53b4637cc11886b09aab6b5	a1e080f340995269a845c92e82dd832dae326e8922d9ff2059acf48af5173ee1	05079e242914e36292f12945d67c9ea6ef6b1f4ecb7c4b91a6cab3b29c611607	355ffc0c466c3f7196e0eb7150e7530cd4d890fcdd6c56c39df1466e549024a9	aa71497958ccda5250fe5a669e35263e90fc2f9bfd9a598da05a3fc7e82913dc	d887ac1fa3698109b9f7c5d83c1feda4e27f70ecad7dcf4d17b0ae25b5c74beb
727	9839fe9f941bfd75ed9bc5b271c3fd6ea6a69819094ff2ad19e4c850b27a900a	3a40ac6c77cfeaa178566cf19358a053c7cb3ba3099e231fa4bf9bcce2e8b35f	42ce2db369d47ba1682524eca98d521dc20a02fbbe56400db18f08ba43330adb	6e377a5475ae875b5cb5f66e2d837ff3530fb0f10714a29f74557dffdc77a902	ad20077f667a79696cbbd76d6f5489dd39dd5934eec3ddbc5698704fca3bdee6	69633d5ab7853113a8afdb6c643f735e35a6f187994a3d7d33f37790e90c96ec
728	584635ffa839c5347c466de6c625b1c7be4c562e521fbf494ad834ad36cc90fe	f291a427151291c6d3afc628d966067daf45626cd52bb4ccdb59ec8b8d7ec170	7e670144100063285e45adbad860ab92774cd90431a48f7c041dcdfe4ae36565	761341bfebdf83ce0e676247d873aff4c718d8858b2186b64c766da44b40a581	6e539ccfd160c2cae0cdcfe6685d8808712c75fef349b49b78232e3444dc0520	ffba846c7ff4753be26bbf02bdd69532c0688aa44daa288690404cf6260fb654
729	90804e411eb0994928a9966e82802c1dc5737e40ca17de0d1cdef048e8168e79	ddf1cf42caeac9a37cb8678e3c3f525a13b3e6c930903d0d9d5a8bfd8b9a6dd9	0eb3c4a743f3d379023a6eb18fd6e50852aced5b7c1dbf71d5d78e3732c7ef94	7a3f61a782a4cb3dacc8b00ba9e41d98ec76ad69a6a359ce87c0dd4975d55b76	cb67a49448a73b3245d797741e1aa7d98fa565986ca8e3e8b7954ea0d749ed53	56df43be61ddf0dd86ee4373838ac951c584dce3365186084459a240cc9414a4
730	d41850c476681a5fd1c855fce7994b207e8b016cf1f24773e4dea545bc8538f6	0fc54dfacdc0ca7219b472cda9ef134ea6559538fb6c347acb4da8738a007507	901c9fdfc15a54650a52ce773c549e841f0622465a3e77736634d55f80e3fdc8	fbe28e376335412e02e6466f074b0c890b10c9f830cd18e9a36f404672479448	a27dabb02694d6d9d95038f2892b8b3e26df7e795c0f91ef3a2a5a2a2a2a74b7	75351fbda744a35962cb1421d00f2060cddbc9d6bc91f271ebe8ac1022c5f9ca
731	727c9790ca22f68ae382fd23f602c539db0438bfc0f32ec241ae43831ae7ce85	fad06f4eac751a656fbac32418013bff1c3d8e7a830e0ae373745b9abe58cad0	aa85c5b136ab1f72079b907a81826ceb7fa75e862abb714d6a846b3a20f2a1c7	401724ff5149074d257c8113b3c7985a10236f66cc19f5038cfb1d750f8cfc47	e521c2bc26ed9da78310ddb2fb8536d901dd8c40c2823c47e464541e67272e83	fd0bfe96b0427baa1519d8273a5db41b3267808d3b8cf5a21aa2d6ef3e4b197a
732	d84f11b6575dc709cdd1b04ab9bb785422daaa97ae5ebbba17d17eaca0fde801	346b3189ec47259d1d08cdd31811c7cdbd65901591157d102db1f069eb84f8a1	b7baaa36dde8797dc02994de9fdd9d229752eeb30b49dc15ad97b53ae8a4bdb9	2589aa25c6984641e7d7e573882b260406b5e9ebc89a45ceb7f21ff8a9816044	2c1c65d2a579113f122de2d4b1e2990224f3ae0f348c6f913f71f913f2eedc1b	4bb42ec8b0e1d05fea4fbc4c711aa14f29ee818e754cdaf569e5ac36de408de4
733	e25137b1d09f799c9089fe96c74be8f13745b97b952ca29329e038889a1139c3	f281a8d7d725373e6b5f97b445ccd469f0876f78444032bbba281f30ad155507	7b9d3d396737fc91cbd2a5b19ee086a0508d8b3ffd533f0fc4c1ac234551b013	928382be5e49bf8f718f06782d961a5a0204cdbd59d9c148b8fe79a5d9070654	54acbeafbd0efeaf67bd2e94ce7d97053d2b486f0665a025fa025729ec64dadd	13a9d69bc2744f7c61aed24f2d32790ec1e3c9781790d2a5214be9cb6c89fee6
734	654297a952a3e18634977088aefe40432c4b270884143aa6b10b42787fd99702	c3a9bb4b6ef9504f62ef32a66a4ea8c4c452d2651b74efb1b6bc21b05ec92adc	0f114d2a5e48663d95dc939be66f35de82870a8a76d06f0251c32e457ef15611	cc5363a7dca7464fe536a5ddf180c6f86aa25743a44df30cc96094be6c474368	71e2246edfd43064bdf9e4e08990844f4afd934402869e231d580053730a688d	0bbb744c659586c454c5726a1ed27e600ef1d8097b78e357c066763f84b8b39a
735	68ff23fd5cfb1dc52e6073641960743cbe77a132762d3ee753910a1cf62c8f4c	ac3c3f86c83a149cf67d398f83b7208a7ff2dfb622093d59ce0b0125dc370b10	9a11a9eab36901de001ae3ad30ba6d4b28c17e83436f2aee0ec6bab5c4852523	50c35fe2501846ae949883154930b1c9cf0e2cf50c63b2f3a2487d893296ebc4	151ca66e94248f5a9dd79cfadb5489b871374aa1472ae309822d0940271a1009	74f682fb47b5d602ac2c8b186aabf15e85f58f16e0486d5b43b5d608dd546646
736	5ed9fb78ea6eb3be54e537955ee4027034860f05fc2da36d479c441b6c7a12ec	50253b5b0132f9164db8ce51e76706ccaa6efc389d9f3987ff0aaaf791e6db40	a8cdd2eefb065e337341869ccad37708bc67e1f82719cf4e9c8bf112281ed568	9b72ecfd957cfaf3fdd5102aa2461e56d648d8bc344d8f3e208e44fd78567757	b1a34bb2b54571bf227ef449be0294206e8ddd34a6e81f86dc0d5f0c55706ed5	e5fc4901e2f88d224cfd685f56058ed355fe571364c0014a8edb3b8b6c398e5f
737	b8e1c57c4e8846e571ee62c197f8d8be4203cf6f4311231148ed819d96e2565a	3d21d75b75b827d122417429aab84fdce9968ddeedb07bc5c7f61e0aab026a54	f47452b396baf4398d14f8abf0e18271a4c92e1b8ffc02a331ab2d1b000b66e2	8c7e794e4450a86dd5e53d369c0271a97d5e6008ebc056e6007f618ffdc56842	70d0484dc172f0e98608d2e3e699339b9e6f32d25efdc7c814b7cd498b629479	b30204f5decc23a3bbc7a4d32c6b8b8dfec99fdfca43f554f0235964315c0686
738	8b839195dd86f9e0f965bfed2539260cc583e92742fcc79cfa0969453de33f8f	3b38da74260e3332fe8cd49b95cd32abe87f65571e64cddac35c5c4b7a6c43f2	ca991bab0fbb6703e8dc2b1739ff0ef02c6a3f0329476e92810b4244a5bd6e0b	b53e56903cfdf9038f4b9c34f4d46c53084199e2cda38d29db4c5ebb1fb196c1	eec6d6dfc6b1280fc4571c78d55ad353127f418bee57578784734fb0df8bd468	a9fd766fb2f3d7bdc80bf61f499def9a1bda11687e048dc5bba55d62e3eb46c5
739	abcd132869355489fe402fced2b63800200c1fd69a5097b84e3433bd1f20fb7c	678800637f07df2922a954b8f49d06f2ea1ef706bc46cbead5dc049052be4e1c	c76560990f9443cfb02755353a8f6e675a2000196de43716af15215af318cf4b	0484048b86e8b150a958c0d4b03a33c3fd6796108b1a1b5a05a6d17aa8864be2	55931bf16795af58be30108684f8edebf9f7ea8d4af571fb2a5dcbf875b21b24	57921beb973b9d965ab9941e173d4b234b59dd162ecc65d29fbf669d6b738ccc
740	a8c3c9c42b02ff08f0ed7d240679b4a08c1384106955be0040108ce7dbb2abf0	bd88bb5046f8cf142540014bf0fc7e47798f8d75ec422d9c2979f407659bfaf3	a901fe6be6a679272f277bccdda1cf0e13390bbb326a7be3add6be5f8acdca2d	923b7317659f72bd9cefca4929dfcef7886cad6439020558f2689ffa8fcaa612	8a809c1df97c576cbec3342063f0c86c80ca01f83d0fa614685d45aff7698107	13205a4c38390f1d74049f6915a64e1fc9f793e61f7b5673e22b11d42ef0d158
741	a0d85c42fe1a7ef18aee8528480f8e46f506e88b5b97d6d9cc68530152831c59	75b2e000ad270eba02a699e80c733467b10667de5a7489860c5b6d1deecd18b0	2fe1b1f6defe76310ebc2c0d309531bc2a650e77479ba50c7968e679b211f19d	27ff7fdc03a73a0446f538eaa35a34497ae3faf0dc189efb336d891bd1fcfa95	aff15d6e5465710e28244170c21c4ee5bb4c68d35f748238c43a6dfcf29ea4a9	7f4b108ee3e1f7807538922082bc9c44a385455cab5a5dba487a3a7fcc053968
742	7604085e70d515e650550b1ede526cb0fc740a6ccc8f7c224bb45bd05ffc036a	07b0c4ad494a9367fe980868bdd488acab757b0fa1360913b9a535b69469825f	f32ab62698a3d1ffa70a2379437388f8b38b2cbe85c2c979626a8e5d52eab199	2f1f91df583feb142e625895e66dd94bb4ce7d8f4f36879ed87dd059f5a65e87	de1aa49ebd9972a3e6ba485ac859037768723befd3cda2e38c67412fb8fde6ec	e77e4efef9883f03a9e5da52c4737a8775e6bffba881d3e64f32a3caf8618144
743	0045e74a85a24eee6668f96b09116a3d9054ce4f11943f316c5d5f3dda69e764	a74f0406e435600e8d5454003e805b7d759744fde990ef89182deb27db087e37	498c277a85682af6fc48bf8884c13834941223ab8a9ab150f3c9b2f132f231a5	d9d4613717ca30d6ba862cdb8b5a27614e44010f4aa8e18178114da10cd06332	6f9edf0a5c953791544f2883e17a86ea6045d570c1401d04cb149bebc8066489	f67cc9d1d8ec0c91071a8184fb5db5448fd9db4bfebfdb099703c44029941507
744	d45e84ee512d59a76b84d622202b63d503df573727fae2f61e241da6d6120af3	cf6ba7740b4d6e51716fd839701ef2707bbb14d89c59aa04a83b13684538fba7	c525a1debb48ca7a736c0d23b86d91bc415acc0b72c5fba73664f1bc61c4f9c9	b5e5dd26e806bf5e26b15042d1945320378218e3414e3641c265baa44439c067	bb4ec7dfaed75310bc0e7e387cf7e1ea503e629746cd57574ca524d990eae73c	d5427872db85926a06c714af632074191403397bcc5910c6849901c7729cdc5d
745	a42245cdc69e99ffe12b51fd3db70a57cdf64ef44f41c58264e4350e544367bc	9c2754f2bcb53c6423c20f98f8dbc7fe55cecbc88229ae02f2b9a20644f5b263	71ec54917e1f3fb8bc1242dcf5bb0c56cd0b3e9114df0d1ab74d4e6237a757ce	2553e5e3bc551af4601d624af7c2229fafffef9346cef80d9044980fcc27eb00	39638d812f636eb8096cc86b262108c136b8db2fac46aece1a1e264bab174ada	3137bc80a8cf6c0658433d4bd610784909d7977678dd36da1056964d6740ec46
746	2d2b54afbdbd203876b41c0784ef16378efa82072a89ba4126f8485e3d9345ab	1bac7d581ce7ffd76b0baf94254d9880a75f79a8d8bf7b1c0b8c457934cdd9e6	180f51df891142f27706970bdc4e95fbcb751dcac0c76099e1d3e1ac3fcd5e09	c9969d03978f310372fae4a573473095f7515ee6d668bbc73570a3b7a6c8d2da	cf6eff80969cb3eafd9a95225011e00b1655bdcd75ae9b77f17b4174c947ff8e	b08a4c5c65a09d60d0020b4a25154bcf6d49d8e3f9fa15fbcccde1e889de79e6
747	f438c96241d1c3cc0e488d437b03a0b233d7f76857965686e0584ed11501499b	13b0c485934be5e5c5c3f3823264feeeb0cab0d8f7fc9c2bcf66d1fe61c0acc7	f07ab015157e77af3553df81c43d10ec36667ed35eaa60bd27f379e20bb50593	f3e6d81a9a69fe066f3e38f7a7ab957ddd33f6034e8cc1085189026d62a07515	ceef72e8358921c0785b8d574a8a75cd4a13f9ce3776bcb87a0435a0ea10cea8	0edd416d775828f25fc1d721dfa96af08d9f12af106b737d12d05a2f3237112f
748	3c6231fb38e5f35ecb56e8022a3433f8c5714823aa7e30d4e50b1848e9b8c729	1666ef5779901c0c6d1608b7932f4ca5e1c6f9ac29415d1e0cc0d84150976eb4	e0f8275a0fbaa089820f61d92e237403ce0111f5abe86db1c4a049b98c81e636	52eafcaaba5b2961ddeea1e2b9f9715c3c2fe74097e93ca02926e24743a6e075	b5e3444e6ae6aad235e51cc21ec9d088f338f212c155cfd7a8e26cd8e229ef87	6c74597c4e0a4a2d20e19cc679e248b98c4ab131b97e5173c0664cba874724bb
749	7feba58da28ea99bdc6849f08e8e8dde55b8b5f061734ebb032ca53d3531494e	43fc44ef9a6e197e3b99ca8e90c04362855208cb77505d9d493922b138bb2515	c99638e41160eeed32d146531e7c8b2f0cbb415afc3fe8bab13b5f736f4dd5a1	13b066aa1bdc03615d0276cd7b0a434217d63a070dda9c338db121b96e5d18a1	68ab8d4501b3728ea59cd18d3cffbcc60bdc0d48767b7ac6962228e95d95be87	af9e1b9328df69287088166609e0351d5015746d452dc1729778c78feb003489
750	537ba696fdff0880f198062e9b2c4f762cb5b5c54bde94221290d182dd762113	2b9e4bd5d95f766e185c3eece96ccf8ec3cc84570af00d907e34d33a0eea08f5	7bb283df1ae8e32c54d2f9906a0fd0421ca236a267e67299ff9de565ec2b5589	79231a3a511b591d502b371183cbec64fc50abc2aab2b1a9e12787d89e524ab8	a2bacc652fab3a819b652f2e43b410e419510e7ea9abbda3dc0c169b8f32dbbc	40580949c13c4474fce584a59270462fa162c2d11f856ef0eada678ddf024cf6
751	a7e7a5a284a4666def3fa151d2d8b84cf58e1068e611fd1f4d7b28ccf935c430	9438f8758d243f9cd6bbfd18963cdabc42edddc2c892221033a252eb7d1ed539	2be1d38d3c5b926e0e5426223986b43860ceb34e34639d03d4c5c48b691d2e0e	c6f0bbc23c65b498ae974dc73217adc484afaafbef7a3b26c22f9ec435036962	fb7ee47a4a1cfb5dc0098ae29d3a4393001ee546edc8e945183bdcaf79b6393c	a06e029ed988004eccd40844ed116d10b707839c5eed6467047112e5cd280c61
752	34073dbd412f2dcf5ecfb33367ece6ce26f96db077bcda4c81e163cc4f4fa87a	e389f94eb3c8fdafb95739f2d77478c10cb493910c277d3add18c8d73e2c5b4f	7a9ca1bc5bcbaebf5c729db6b063ddb2749cf0f7df230c7e6418217e6a8886bc	e1f16a287d24dd661e29d8ba660967a43ec1a6340799bb390426781667adf450	6d37059c02acc4f1428529b0b2d008782075b51abe4005057e2d74cf39a950fd	06b5ac1e0b48a51144ed89991e29423d2a9dddce7e9c33905ca31483c298e786
753	4df9b4c5c324da0eeb91df5fe58523862509a04c90b881c910ea62a509e8f6c5	bfd03270a4619fa5dde16fcf901e8a9b92ab59465889e18c1b5254d4d09534b5	f6163374bd79edcabf79a18cfde8f3bd3378cdbe63b78a4f2091f70db3f64c71	a26b054038712715664880574d8601de78a845f9e2b722765587d8bc68e4955f	0e801ca138daee79c4c8a382fd8bb9df8de31bca6aac52c0d7b5da14bc69a1ce	bc63b32f915a022f0b9e0fd26330b7766dac7836f650cc5f690d58748666ea83
754	bcecbb8bd2cf15294d6189794a4f1e1085b8cfcda4ffad05c36aa4024b344af2	638c5eab2c4307117e5e10a7238d34c8d18d41fd8a5012387639ddc3f5ced6a7	c2fc91b8307be39e56b9d8662fc845b0ff422178730c202a54d7255f87ed372d	35e692eafbcbbfc917b9034b04b89c96fd53b279ee5e7f0903fec0b3ffd3e05f	45272789ed0b7333e306d17737234cd1b49209b97f634504b3965b3c200e278a	d7618e1cde7b7a94d5f0d635a7174b02d47be94291d12c4747a10127e41bb2da
755	d9e5de8a09868bf19a1b6d464afcb3a3ce219be610b30562159a75a632bbe9e2	d2e3db2f415bce6390669b8904f136d7fa7f2245f41d025def7e5532c8c73017	cdc32dd9497bc6b6bd9bf3862ce750c310918daf8ae916261b5b5bf8f2f5bf99	299e0d3b24d7b474c9870fa76b225504693569fed7506715ef0491c58666049a	3bd49024db6798ccbb1c8bf3c65efb3f4ce2de35efb8a5d50a5ae3ea996c7e39	b2b09d44570cc89b081db79df52d47d998a2bb47de19b6023286239e369874f4
756	8868c9cd93c8b892b230838ecc389510a4afafcfb32d5411989f4a9fbb24ce61	ed1d5c2f686f4225cc3acf265a95686e5c8df07e3f7d5065b29d6b7de4833a77	2f33f59153800a1200cc8c2ba16c61744bd5c7a707db0d75e7c882f3d6d9d3be	1530d11a94452ddaaae5f24c7e116e0e256ace052aad27ffb9e8c398b652f610	77bbc2aaa634ea8cdc36639c409413c03804616cceac5e190b03a0db8ea952ab	7502f93032a52fb5a6917d101af911eabf1f81a16fe265c54d4b8169f64e85cf
757	96be59b2b670c0fdbdd23de94fbf6728fc23acac7aeabe3d7e1f758fc6b35c97	c79bb5fa91c74bd5ad91be4fd9e49bdce6fdf93989b2d635c4b7a7d7c40cb396	4d5794bec23b69b6aa266f0c3fbce7747571d380317cb4b19371f9b041a33fe2	72a18c4e10b9e0766d2dc900ced2b7df11bb26404672d147118fd0f36b18f0df	1d087be2dc07d576629f6260bb83cf8924dbe49662db84e2ddfde4f0140a419b	89753b97fd4530f2aa3462148ff361b4a4802ab42b9aa64ed6af98016316aad8
758	5cba919cf972050bbb84390e948642360516f76848d4c22912f2b05e4f5cb960	9a36de2341a031dd57516589d3f5dc98652c78237a6336799f7f746b03bcd346	48fd654b49d64ce45c2d9aae14441abfe6ce6c9443679b66764aec8785d36087	41641ac68f155b4bac6650d8e7d18172ca6edaeb3c029c2220a9b1aaf6581058	7532339556a0df306850d37aa9e06868899ed287171eb0ee89391b999f80d990	d6eab983acfd6693c4d08aab95d1f0ad8f769125f31ed6c52281260a68cca8e5
759	47614d3ee68e3c3203ef4c39dd36bc76d62a81903bc0bf7f4e14fbda46287dc6	f0cde1a476d9511ca18288a5d6ac8a2eed1be7acaad81f09abdc0b5a4b993384	96092d0fe8d8bab9129ae9a9f9e6c6649c83df1f340650650851804f5538cd01	9169c10da1b63ad26ef364d1586a35ae3e965ac9474ddea48472c28bf219d416	5f428e291b57d48150595f7910a28118db6226a6660582c2633335c4db0c13aa	6ab35ae3e0873715dba1bbb87aa88b9668e20e252bdc286e11d84fe762d53964
760	345f0cd449089b47fe72e77179247b5458f12ce7632756fc65c475d2a93627c0	57335c5a45197e2b61a0b8b785f8f695d785e6178679525f139a395d52e57bf5	b8cf50c2c8acedf75c4e32dd85a00611df73cad9d9b0f613fa9db0bc2510ed47	2800a408960e785adfcde5ad340581b0f06b8b3b968fc1619e154d0fa0a450cb	7fe3adb270e4999a498832cb5482c9cf3d9aa9215b55628b16309f68c1705f90	b59c3afa869af7cf8bf4cbcbfc57bbbac106f9186ac55e6fd015fb2a80c6315e
761	870891916d401ed890bcdca5cc5ad96cc921369d4ef3a590c59ed9cbeb8a3fcd	e9ff2065046a547de5bad182f39913eea3eb5981364f72a4b7d1ded4c3906be0	eaf5e851e56ae193e7c993de5f9b95b09261246046035f0ece4f69efec575cdc	a52e6c62eb94503efd921a22164a09e9299f7b10caae76a3d7abbbc3392b1b88	86d9f5bd888df72b927c957eec9766dfc2ee7285617b1c6a7e18f7b6a321b938	6a5f60a6927490834ff2fb464f946422aca05161aa1d16a381390a0b17e733ac
762	ad03d3df3d060cb8ad115e68950c7e87e1a0ae2b14bd187beffcc10984d615b1	bfedb397a1982b406e06f845c237808cd35d8594e69a0cae8dd6d1adfaee5d60	0623a8cf9b5576402b9319ef9417550a9306e990dc79d758de03438da0186d6a	084b571d9cbcf8d75c5d36c832b91f0b214f51ae47f2c79e8206e93a51e04a34	824a6a57b05d82ad2ba8bf5cdb865424ca7ee9b31d7eb301c05db43658f8b489	007c949585b56f2f06cdbc410b7918c8caea2c49d3c7907fda501e6371e9f2b5
763	6170fea5f157d3c48fdb6aae9ff04792a7cdd6328c456b1b093a8ee38cf08e23	b0584f3144b2435d267ffb124eec9ace7f4c9ad461fd503634ec2c8c8f2168f8	fa33c55c1585d026214aa70386a5ebe3590e61a05b8bbea5e16159d4d58f21cd	2e5b2085d04d2917fc0887dbb75e1df33c6231e153897576dc90ae9c42c848d7	550925ec166311dc8a025f12d1816f97ffad2064a7073af3780a8346c317bf44	40e9562101197741423d3ca26e25b45f88fd2b02b3b4e0d696f14ac67beba5d0
764	d94a861bbfb3f698430cbad9997d768fff9f8abf824ce212201bb0a917ab7527	814c274ca054ad2e4718c21fac97cbc6f8478bca8948755b0712609f79b30c92	b5485091ec907a0290dad240de9ee68f69ce94f56d7b85b10c0625e460eadcba	157fee5df645636d458fcb5482012e8f4866fad7792fdae38580c657ff1e81a3	81fc1f12b1a1a29b8401025bb5a76e0a96eb979beaacd3f34fefec815282bb36	6df015b1a40f9c05909a95bbb980fd7cde0906f264ab11ed74c0b35a7a41e720
765	c6726aa25fc2cad3a1e761499748f487cee873de163b4198c2127a1ce22e8861	cf1fd2d04f2559e842ddc93032c394b8659b979eb9ba62e0de48538cb77d68a7	0b8add0b481126407a73ccbc1c91c8fc32b922cb502183d781245ae356efa750	c16b7d95a6cc119f290b27f441f360c07ed6214db59856dd8940a71778ca1465	5438c9807cbf1e11d2bdda57342fbed1aab1fe2cc56433061369d61239eb70fd	49546757dbe3288c4306ba6ed3371103f3ee52127d2282d030b467d18ae4cc8b
766	7dc36fdb4fe26e31731d2230084de273e6941db7e7c1736dfe566fa47b325b54	676b9b31e8e5d190bf7300b740fac8f4feacdf82cde79f2338fa05f31a7976d4	68f19f632a5adac16fe1815e4fcc87b3f4dc10f49863385db87d5d3400334351	45e3309a606691af2eed33149043be0c6986a2e008db992278568a4fed2b3bce	e35f325efc364d4a36309248cb5566b98bfeaefa645f84a639106bd3b744f59a	a1208dd117908227304ee9b62746c056c5743f9acc6b5c7169f82e32194bd5d4
767	6a1a4027ab616d672b22318059313d38cabe7f4bd0b6875e3cd5b423c4388a6d	9e84565b730561c02001860595265fed09c714755287cb3aa24ea62cf0e355bd	f91f963adc37688ff26318e477fc0e19fd96854aa4af90a0e10f9554f7fd623e	f42405c3b4ac5fb75fbfa526122b1adc233b73fab33bff4425f4d25b74df1836	8ef686dbd66e6b338890b947165afc12ea1d7e869dea4aca726cb11627d4efbf	b6d995b0b26286b2586a1c218dcfcb0a963b7b7f3799f028dfcc6b3b335ca1d0
768	039b6778e8bc69f4badd724b1ba17fc95db9341abd413a81dcd5933fd2501da5	30297024f424e324f9fcb6e1d819fd3a70155c777e14ca4b43c4c5cda4ab0715	0b9809bb1354e0040a2a4a664a575cb30d7d81edc21180d8de0e0c89b45bb36a	b5a58ffbe5815d1a2785b4604c88e13e0be19e6585aa77a42f070dd325ea5b5f	a9ac562089cb8783969357838ea2c7489c284c1aaa9692eef0c240b4ed28b479	595542420edfe7b0e7d05ddbf2f9d002c027d649770801f5016696883660f4a1
769	7d3cc70caf11c2c44bbd258702c2891dcf54ad9a4b457aadec15548c15192bff	1132cc354707a81817b53411cd231816b4fc684f39304c91e78fc9e8eb42af3a	e835ebbfd962af34481943c982de031eab83a433fe431477e59905860ed5503e	6e6aab5056c3530b45e850139044a9434a549280ff30728a8452841b5e213172	0daf3fc8d0808c3da58b47a94ec30d3ade96c7f6b96f7bd005282910d8dbd38a	2b8389dc706bd0bf58db9f7e71a3b37734c94d26088087f8c5e714785ba4dc98
770	336a827b23ac21de38bb023904fc39743d1e7d21c23456a40c74d7d51bf22996	b70a0a086fd30a403ba426a2a14003ed1a799dc623571ee344565b426ec8f1e3	47ee3d1620c974dd2586d65f0449fbc677865fb20cdf954b33d113b9eb551a76	4fefa3a45f4af3fcf36db4214de545defe240e50f7756e0545dbcaa4f076a964	e87aef89e0ce260454bbbbcfa0ab24344efd41353901cfa1d2dbdfde0bda0eca	8eaa0e08127fe50da54180b0fa77f68d0bcb7037f9da2eb8ad46860a9b80d4a2
771	779712cabbde0d39d36ccb471329caa81ad6542f32367ed6934e6e3bd42ffdd2	a0ff3ddad218d1402b41fde29464c3116c48e26db4787ec0d913abb47706fa12	a7d2c2cf8195762550cb1fcf7b74c05cdeb43131ac39af825d32c37226cabb6d	8feca97d143cc5b88443f4163bc04089806d1063b99f6d47bcdc228ee0d764de	c9d3f19ca026e2a02c6c7d198e36a47351d67e9b9988685c34e51013a9b90658	d6969c034056b24906477f95841268029515e154bbc15078e436734948c8d24a
772	ec866b36e9fd19621f34da43fefb66110dfa31c3b42565dbaec4c0f8096c917c	dea5c044b680d5a9a15ec1861b51375cbea3f09584740212cac9a64e4963db2b	5a78396769b7628a223e41b24ed67d7840816453a1eb82d2bfa0fccae1bdcfd4	bd518b68c444c3234802184350255bd94f7e5ee2b847eb4a97096743f746465b	24e623d150abdc1356dd5cff4ae898d58b2dda8fbaff0d42657044e854359eb6	3d854b6c37e20aed759af20f73e42459a5a8e8de97c2be3ea129397a3b14ea81
773	755ca9db339824ab5c9b0c31b6f877212cecf519e1910ef150514899eaa95841	65ee157642a9c0b6fe355439d1e870c1a56a7eb202a8eb922afa0fe945aa008f	b580a8ebad735833f1068a14fec7f9c97658030033f275752f28982259c09543	ba115bba4131b61e6190b9170913fb7d966dfe8ea8d494047a7fee54642e39fe	d2e677a8675c92b65ee7f12616939ba6db6ed96822eb8946e4eaa1bb633367ce	964fb3e6048b437ee769a81668089eb1749c9aedd65cb799db800dd8aedad1a8
774	fe9bbf889101de288dd558d4c7c2e24f59ac8030c36dbac8965900cb60c52f3e	75d4f3d99d5afebe517b12b03ad64b7bc2ed4cf30d48c82dc7fe37dce9727751	07e24057712433e2f773c500e6b1a1fd916cad2b6b707982f63f7dc6ce5b5ffe	b96ff721a93afefcb49237bb6849572dc75b2245e4307d468fee6f0726cd26a8	7a8acf31d334b3e319fab68e1020199e6d8205460de569f2f163f920263ec531	c2376d3446eab8ae8cbfbbe166bc9f0050fa3b0f8c1e22ac2a70b49f078ffe8f
775	b24520ae73ae0eb48124ddc4f1f8d3cd39178d35b146eba435c2eaa0d81cc1ad	120f3d5ed873b54088b8e5ebdec91791902704a3f630af66dfe299d122473263	a0cda327cb84dc3579201707c8d5c730a74cddec72df505a9db34841446e0c83	44cd4ebe477acb7a4ca25807e3d83adbda42ffc8696f45802faa07a13f99068d	01fa639183a9324f9bf8881200a098f8e110d04c0bfb914aa77f5e3690d41432	a3ce833bd325dfb4b0593306dcdd7a76ce701304d775c818f5489655e6f54127
776	f5a9d45417896bf8908d29bfc1301742f3e0bb3d877636b55c904b88f4762557	4aa46dc76d7f84d1bd65e412b8c2a9743e8c8db8df2e5b1d6dd0d974ab495a42	9926d204947ce0d6ddd33be0d534388b41802e3c2695cfef53e7093ee80a4d5d	9a997ef0623aacbff6308f369eea7984c4aa4ac4991baee445acca5934b350f5	605fd82373586b313ff95447a49a2796a2e9b3a71bef669b845cb559dd2a3d72	f1a274291a64bbf6887fca8431f720180bf1228d2b3bcc1cda2be3b3054954bc
777	ce323ccd1759883b06e6188dd7f767e7df0480954b96c6b24f10e2b67eb3e220	72526ffb3aa8f3687675103aade521edf91634607552c613da603fc9550077ce	f4af6792ace648f5225cd2e7ac6fea933823a1d7c6f1ac5b860733f83e385a83	217ecb43f4a63a7b70043b708c843afbb3a9d36e344437a73bbb46cfea0b2169	1655dfa0fe76595950908c227d52953578805fa1961a0717db2f47d06d3adf02	c29d9c8478e3255a217665eeafd5edea873feb91809a2a7992273e46035a0a9c
778	be639846bc2946abac2c8178eda517c808b656814b24ee9b851716db44a478d7	78a6e149e8d3558193d13619b48c8ae6b52bd6c30b753c9992818006553da999	f08d079cc398c651555124a46d5ab924a95b84d639f4284211ef569407d8b9e3	846302ecbefce6502009f364d0e5be0f5cd00ba373983a0ebd995b438602c693	d88fb665a6a3c1460166d36a8eb5f9eefb398958c61dc358c75b9a26eb2f4c69	4feeabcb3e9bda8d1233067d66ba53f8e8e2b094844a4c872a2df43c5ac13966
779	8550dd94d3477417b7513a948c791054814b0e028cab6854ad7b20d042bcfcd1	f1bebaba9fa11a2f1044e8655eed423db89b0dc2d9b9e6377ffd3e155377fba7	6dc291dc0d09e28b8e9c1a133622870aa23bea6533f72e83aac53e6e03b4289a	d7bbd864b295d77460fd99e910578afca6518f0de70e1b4d5107fde6bfa23d38	97ef8bbe6c76f882156168dd4b04019c86a791d18e3598e796d27511efebb0af	d5a8044b7cd3a26e85403452d6c6879deba8702799fbd05d899285474b12405c
780	a023f5adad69d259b3d312653639eb5199992d50abf71225cd3b0e2ec0b5c1b6	f59c2f3141af4de181dbc42d5dd5bcda895a69c3347299d58143e6580e47890b	8688191f8b1c61675fad8cfeb5c8fa3afd2152344f18b2c93b68b358a454924e	e3fe6a39450fe5d88ebbd1fe9d1b3975f61e96ea21b490fe91bfca0418fbfe13	180f593713379c1ceefbee6a161189e2d1a224ac6ebcf1870f6a5f6437167071	0b14c7c2b31bedaf53562a61d8466541e8a9dc1a37da30c432a75ed6c44a8151
781	9e92a26f105f69a3344fd274358934841734d019bf903ae0313e7ea0fcc22a85	cbcc87703c0f5f84f6597ce9119a16862aa83c0782681d7310c2bf544a9d61f3	a18d906c2a99a6e91a50016b0025f047d4b04a1cf8a80cb901fbdb7edfed2f80	f85826c3872f3e7bac284a2f9482d84f74c4dc888141ca2c2710839c6e7dc3c1	374792dc448a9a2763c5539f9ce0290abb51e766fef702f0174bc506cd3cb660	577ae6774b9f2d346a8f6944af6ccb1c148dcafc38f052d8dbcd6810b73d44e0
782	0f489563870aa26d3598b5c44fb537a2c11a5852ef842e8702b59f796c305c5e	2edc400a699e50f2ee16ae17a41f6fecc9c103ed0b3bd9a204fcd8a11a40eb76	31f99a97b382420207a0c6cdb6ab09de90ec3e6fc740f1c79d1599196c6f21bb	c8fc6c4696923aa74ef012bcaeee42f17cf6eea75c7126cbbd9c96e7085829dc	bfbe7326646ef9ccd53f9d80750ac0e424f376c14879dc98898d4ff95497d72b	1cc42255bc34228da18e1812388d9dc3b26c4376f6f3b9e192699d67d6fa09a1
783	4b0cbd8cbd0bc456c00fb471c2dd46cfdd5b7df5e2301c0c74d9af56a956b0be	68a5103d1c9d96d570dda7d4c59e909ec23e1bd2903afddb056871ed8d975493	171f2f2e127166939205e1d87f9dd27c5562e7386a4244552f474dbd6ce268c7	71afe5d88e1ecc05cf512e3fde69f8c1533338da04b5f5a036bf0db7ae821323	ea91750ed8ac3cd2f7ba996a4f620cce8596cef1c1a2297b5d25c6196dd0d063	0862aef3af9144662e910d9944b14a630fdd8436d175565cf3292b28f88b9ff4
784	4661523fadf263dda8281d5f60614f70b1443815b4f111d01783e80ea6b75813	b8f757d90b3280c57226c536fbe6ed7018a109c8ab0461143fefcb86eeb02860	0d5aee36875dad118d246b9dc348a0e1ca1006eeeb4f33e83964de0d46bdf103	9654954f93109276384f753667934aec90773fbd98b463fed9063287fe600c53	33869b08472c5485f7319f53acb02a2a9dfce375f9b0bc0357f6e821bf7d839b	9c462a1531dfc5f735ca3bc50da989536b095e142a9302031b03b553cc1e8ba7
785	603e0b95ae49765b931237b6d30f3efab16328dc47bbf421377c36af687a0b52	3d3a1c02a3197b0c19d4c7ce553f1904039ff00bacbf62f459318f5292482f7e	35071a3d30c179d50ebdc40434088a112b27deb4a377a0c20cf9c9ee8029f056	0c2069fe81e71de428e71d716e39f816f45c900fc7d4ad9df44ad627336fec4d	da919137b34f3e3769ee8c9a4b82181c0d214707368fd5f722d07f008eeee1a6	8b66c1d9639834c5c2da20f9a01cdbf15c9a9ef2d16626ca5747473560de6b00
786	0558c0dfde8eac18b0df45f9ee3bf1d711463c7a31236199b98cb539f5a08f0b	63deec0c6176eb76eb4b6005a374c9036a51ace26ec4f6aed0181c8c0927964b	a0500a3b3010d2598cca404fc34e6d93052c75bac14727d959142d849b6e3fee	54b14c9e0631b6346d4fab47bf711ff2f2f0076277821ac38ced93024c60ef0c	a9252c9cecf7a2b46bc8c2f7f5a4911d7be6e4e2d3027a787dc0f00914fba2f4	7deb7251b43a4a33c943381258db845423bd1478e5dc42591ce652a494651ffc
787	dcbbb8a55cf62e926c1a89311418a725cd8935f8d39b21e5062f5ad5f2982720	2b980574554054a93e9f4d786bd93816f68e31d982a638b33f84b8ce577eaf9f	abc70f735f8dcb90aab1e8927f373d05995942762e0349054cc29ce7229eeaf2	514aa1e3b68a26880060eeda2e1271a22bba340f28d971d81c09cf423549d6e8	5e5c3b08a620731b629fc574812e9057ed21ad4a606dad8359c5c859d876f6c2	b3d6e7180f6bb3c37f9ae7368b46e69217219c63895a024e201c2518e5b9664b
788	b6ba2e3f080e0b7b572d570e47e72379eeafd32aedbaf8dc43adbcdf6fd8e8b5	1ec36f4f033108cd44143e32c12a3037fd1726199c8942820b59766ca2aefed4	cc5067c5883ade8bec31416fd5ea03c52750bb608f25f50e07979d9040068354	a770bc84de7bb23608f804c35a1d89882e3000468e187cd9bfcbcb92f2cb71b5	ecff7690f4e87441fcc829e9dc885b38daab415224ab3d2f8c6e7d6ccb16a7cc	067a35c410d263ec937c8b28aa3a2d1b09606d20ca2728ba184e0776a326bee8
789	75c3d9e85b20d8f66a61ff3f02868b2e1755fee6444d9ec06d33322030a56556	a4c98a0cce66eb534068eda072e304ad05e4a2fb20bd4407f66c6b62d800f1d5	daebca5601fac65761fc97f2e1758f534aaf4108ef6127308ae4f6412d7a894d	02974881adf7b56a9c3f031f8a1330a40db06f76743bdd5ff40a1eeee2d89f6e	9d1d540bccfe0ce135510e33a44be1be4132fa190f761a69b86d011dca4df6b6	d07eab5f9586492695199e54738e9ec2a2430df4e014268edb9676f9fa39f32c
790	f0cf70b992af08d035c9128b52932682c822a2b8c45629344ebfbead9b8cc92e	7301062e995f5e48ec6c84d1fe232446f4c95032145e2f5cbe416ee3f211d73d	9df1ece00c12ae6c7898bae392a3f5dfbd58211952b8f97aa606c007c1387490	2cdccff87ccd9625cfa0ef8ceab4f85492540cfa06618c19b37ef16454b19bf5	06166e27fafb645e6d1b361d7d412185d1678a3117dd23c8697336ab210b4539	e23820f78af886c22db2adc52a13f02c0692a6204758ae8768c94bc0158faeee
791	5d2bb91df0e9799e88f599edd1d7e65722de695b268784545a033dcd5d44111c	ac210a0853059a7541e94443a5cff2676251776cfecfadc7083d9c48daaa00dc	b8473f0afe3ee405078d007e37a746b1e12cd59a0674553c55643774c43cc50b	4ab7d98b6182fdcc29d79ee3665e5a4e895d33c866eca580b6e6354a6c32a339	9e5e09ac7b10002c1b85228993f1920369571b4e1fec2223362a38d704e28a2e	f05e0b3c04fb38ff19b3b79094b41ceba24243c6d75672cbd70b23e67b77f068
792	e99cd120fbbd57318fee84e8fceb0acbee5e4909e27715d6a617e42146f44e72	47c2f80f038ed73ef974c27af7bfbb2cd21caf2036ecd98ff2ddf58818e67e11	cd4f29e90ed2bc56b20d4511d01dd51e77654a38b37fb66952d84a97371d248a	d84ca71bf892b246c6d66ef1d74e17068df89c0469c670f4fe7c5ec3e8330390	3035a475bdbbbeaecffeb0cf6ebba2fb6c7ea0d57b620a77f1ab84bf69c199a8	5aefe33b598585f55965ae854d24d8336b0b68884b0d74119bd9223fe8fa2b4c
793	510a304c4daffd5c572ae43434fbcc58a65d2104d98d1856e89bf238ee873575	48edb6735733862669f095f297a1e527462045c9e485064cc8c0eb7bec02294a	02f94754e2fc437cf3b8851630c0e6f818980c13966caa747029aeeb60b87d65	4966b2bcd7a0645b3ddf16b3099fd9d219e2de197a734e3e3d79993fc9e47426	182f049b07f0e14e6302c539ba2bf1e5aea542d8f47f70d11724ca94b9582aba	e52f36487fa5d91bfce76baf45302e8b302e8ddbdc0cb7867e24a07c73160c1c
794	e004655e8ca1b2a813e9f8830bad9d2e934204b86a33167666d7cff704761c02	8bec6402d20704c8f7621afb0872bed01553ffbe8c45e3157dbf3c619323f92f	603ff1b5ef3d8c925879b4928e54f140fd651420cf90c083e3c8492bb6569ba2	bab5607a07d83d84a5bbf59dfac1bcad5ebb617b7a1c4975dc860dbe93a85d33	2839faecde5223bd903372b4576010e04835c25a55e3d461a577225e542c5d8c	190ebb24294dce614816fdbb376d168d0da202035e432bb6f1b0b0ed921a95b4
795	381ea90b29d9fc540ba587e31b2764c537f34eb07cb9a8275a771c1fc883eb41	715ee709c015e6f6054ba02606eb0f866772495c3fb496218f6d3ede468995aa	b63660bc4fc7a5434cec33810f97a475996a63753296f6a6a08a770968550085	7023ded28c82cb82e95bf104beb8ffb3dee96e30f4570dc86229dd02fadce7c7	7d276644ccbffecd7dea6ca3e33b9ad4bfd359a198ae1092a0489e8ee34d8599	7f77a116c834042f5194fe35b365f6ce97b84a57d6a98d486b08c92322765d64
796	bb0bad7a5065a9d7e19fefdf47fc852d624cee9b0bcc4859e69452271087d887	3754d19a35c867d4df69c7b0f2fa3047998319edfd141a8611767a16015e9334	82f6f62d437439615f075074fa9008c5d13f7bd50a9f9df9111b45cc9da7875e	6d71720b2650ab67bb356ef2e81b61f67870612bade4b6d3cd9bf3443b98dd5e	6d834eed598380e3fafb16d4889a48e1d018b563fee3557e1d0a318518869bb3	3ef0ab404fac39daa6d873ddd4420d482a6900a33487d67d7286f90377ba6137
797	c80434c3bd54e555cab9cad9d4769aef4e48da0278c4d29047b70fed8651874b	41071591e07f82a73c638fd6f623892e5269bdf46afee08f541b61c6d41931ce	c6d074d5fafaf5a302bb164702ffbfe1f48a6d525f4df5803e629e905feb39ac	b76c72c821d1c2e22b73e8df44b246c0c77620d85a1a2caadd7006d01e95b8ba	5a891d892e2cdc2cbac7593af909311dee9530bb5d8c60797a9b217b3ebf8bca	5f49fafc614bb3c47ffbc25cf4a5518363ba1627b7b4db0a3be9c8c6d368b6f1
798	04cf5b52733aac636499840568b01989d55e826e546c666bc2d4c86cd17e52c9	8e07632a62908da50bc73baf2d6d7689f37aacc076d6c05bff27e983f2db02b2	69d4addf93c46ac16e1e22d0d521202f532552be9ccf8ace140e01d0aa366aef	1865ba47475d8f8e7015dccabf37870ffbb9c0ad478592be268d42403dd37679	1a5f4dc2575b0501407369188afd2d3c16d52256d07b4789a302bf5ebdc3e940	c42a71c63d20a102ce01c19fd43dd2e0b6cad527e316068b2a4b1c8f6db68726
799	df40db5443effff3cdfef1f5e348e48f22855cb7a111f61cfcc1e833a973eb2b	d7bb9aea64690c6546ec275e9e4545cd4954e81e6ae8e65a0227bef06e316929	df112bc6fd29238e5c17382e5faa8a892b69e0e9a31aabc77e7c79f1557ae3ed	4be2e17eb115db3f41ef2a193e50e372e5c830eb9897305e2d8b0237426ee659	603074953029d962451ef5e3a3cbb399191a6aab8e097204e6eb5103dc19f48d	1daa2ff02a0c6fa72cd9368bb5aae74734707ca71b0b5071628dcccfe760c4cc
800	7e141cd9720ea49a95340ac6690b7a8cb0d8b196757dad1471d93ded31fcfaf0	a137ec9abc141d010e1c305f6f4c88bed941aef466108e1a0cfd093c4daa3836	f1981ef9b1be7f3aed02025e77373632bbb1a99216a85a214fdb073af678120c	74867372b2417c554b70187a72e5b4446398619522e47e9b2eafd819060dd88c	f1f66c16591ed267d4750f623e27537006b1df4f89d23347d079850f7fcd3c5b	a8b29e6c41cc0e6eb8dbc7ce21e8fe8154d52c0a33f1d2f886b53392da9b98d1
801	50e7f32764187b7134e635434a33a4ea3399e0902d5f8a12306b5ffd53d18016	78c3b6514d583248cb30095e121fbd354364448b4423388c980287a7e96e9b57	75d469fecd97db68a97d809c3ace7fc7a24a22821ed07a3a62e224c7621ab5a0	44f4fa3e11d84cb9e38e4972b7037185310fec061df5421cb4216bc0ffa97f89	a712469c91f9a0fee1a83e6216eab576742bc28e7490addd809ec15075b6586d	505d15326bd931a0c97310ecab3b1ae97c972431ff96eb698858107e011df81b
802	00daa39c0fe43497a69b68e641b697ac73ae8634e779422e51a9c461c75e7e10	2e610b945d0c8e6eaec770a4d5fd7bc8889bb21afc08ce1ef3fd51cb082abd9a	981285f9c471bd4af8812b71d8744b5e1f3751267be130815ddce1ee1c263ed1	78f6bb56cde3e85976c67b65c5f6d6ece7ac0bdb85bfdaa1b4bd58208b8fd4a8	76871710d76a00d68e6b7b34d0f7913c5579c19357fd6af17aed38584f5fbb5f	41345ecf6d2e2b1eab217c77b26992c7c3d92f2c95ed53f01533a8299d9df53b
803	7c61e79e891682d6ff3f504556ef14bf18c2d1af446a37b996402fa4ddba595e	c8801483b46583daceec900b2c3bd79e842ec7031ca2dc18087b430225c77fe7	f0229a430ed470e7e824ad6f0f0c7d0b95855b343c989e040277a67d0661f32d	f6eeeb7f7f50b6bd5c0748f53d42df0c0b3538c3bfddf8b19b585cc9773b84d5	f3fc1dc3982208e6f6f45d05484c3210872740b04201fdb376ef5acd3a96009a	b00f1820f821ece4f354de689eff7de3dbf6ede1aad655f85274235284b59709
804	89f23a505406be9a3dfaca5f78f4b9509dddcf4f3715c78602b5643cc585af41	15427046935b6a556e20afa4d17341a6d2f8a854d1dcf9744ce0792eb67b507c	15d9b12746556a636eea843e0d9d230f52e7632b1e5d1b16d98e702fff0bff65	d9ed9bdbfcff550d8e73e6087864057ea38c3e44fa0e20a7c0bf232982f9be11	e0f295ace73516abeda789e67762bb1d4a98dca90f0f7b4fa83f4f6461e95e68	807da91ab90d58d4ea93dd002bb7ba31f5d49d313884bdca46499f72ab86e402
805	36de2a15a7100e8f5b99e0047d9f22e301ddad05303a805f4183f8dba068e21c	e9630391dceb70ae301c670b7e4b581cc51fa566a276bd92ce850c2cfcac6e0a	47dd22d43a202da7f0650b4efc26cbcca060c16e1317abf2b315855af33fc7ed	fdbae721b1249d2b4917019442a1fcdedf10546c5c336c8623528a6894a72c89	15beee8ccaa1bc76ace0ca66ad1d925859c41baf36c6242030edcab7dbd5e9f6	e547c8bf710e11212a1640f2494f529a8dd6c1021aa5060489736043148f4bf2
806	cf76972103b330069bc4d56e9bcdbea36192e9dc20022ff87a62aef748be06dc	4871a6c9d72a57355c22bf73cc39e7a0ce1fd5d3ad531ea6a33fc8102e64eeee	89ecd06159cc49ba451914af4fae26b5a0fdaefaa2716aa3673fa491a22c1a3a	4245d863f0ac22973eeb9e47c35981181312667d7663b786ddc3cb7dfa369790	2bcc222f1abc4c0c12de19faf34ccb7cd2f6e77840e7ce9b896ab68379b8eb23	af46f0b39af4ed09c6f546888faf6dc42aef4a98a74a2664955197f5d0fdb55a
807	1d1b83d56d559ebe1d7662c169839a17eb856a42ed4a22ce729bfd7e12207b41	cf2b4ed505e9d8b1e78e880ad316173ba74ffdd163a3be438ff431d40e2d6796	996ee9638ff968aea19d7e5f1f8d8fe94da378fdcabb7ca3ae8aeb99731948a2	f208ec98b10ccafd4e95243d2e7864aa65ef6a5cd47620195118a4a7fd0add5b	e20d1818d35354de247a983134be22de65c5f20cbde75d2b857fa72cfeb6c84f	6666755f8afaeec42686bd1cb73a69d1c0890438f743e83930a834fec2c414d3
808	6d5c4940d9c199cbdab2283665407faaecf8e183e7d447b53489d6f513c88425	09625c5bcfb9a5fc8c19f99090f9899521093956f157e3b8c213b90ec8a9e3b1	0740fa29735ef103c48d9d342e9fed28c68b1b3b8b717a38c9ca4b64f54694ee	f77769198c18836be41c2c539c2079f59f556c6d630c78ac05433307ca130241	caa4b018f09d09e3bffcf1437519c56cc9efcaa219a3d64cd1b886fa5afb4bd5	0d776112f2fc3f8824810754f60defc9f3f4103dd23e580f678daf47bb5860a4
809	3947a8b58a98d7352075450cd27676c0e87c4661a35a77522b7a1328caad3b81	328cb3d12bdb59cc833b2b868b3cf485b04e0291cc55459619fe9afbb755ab9c	8a198ca6f615072d0543148493fd3662daa9c601d38c24bd64af4ecc64f45eb8	d5360f0a75fa550331ee45030e3585ac876982e81e7103a88b9135e4574a8800	c07a3a4e8b5682e010a9c41dce37163c95ea186057b9e319aaf3859fe020b2bf	67aced6342c10465ed6212b68b10ccf12f9837cf7f956953063d1503e49cac60
810	51507ad65f997a62a162f51c80fa7119a25b8623c8ceea0ff1630ef316a53ab7	d99a86a69d51382a5759233a35d9a362a3a51c253cf5062415a052a502491a6f	316a9171922c6313211d6ff83cdcf463ff273a131d435f28eeb2a0d36ed34f43	33dbeca878f33098b2fdf22a3afd64afa172df06182531ba07813daaea445b62	33eafbed507ee959529e6fb716a4c2c7c97af9cd0a93a617a00604f94bd05dff	ea6a7fd2d3e57e0c5db11b37e94541d0cad1b1b4fd60815634482e2a00d16795
811	b6099be89efdc62166098bd625f4bb368193253603ba4a2fe47e318ceb3894ab	b0c3adfc88b54470c549737bea40336022b3cbfab76d6999a5d5d770c01d7c61	5e34d8da52c746b808a44754017adec6e3c517bca8e69eb04c9d2c32081bd236	f113272af99d04d173655949c20f6af7e8144dcedd28a67b51259c83c8e79a3e	b042306c9be8a159a7579ac902648dce9b6812ddedb5e80e597d985b47914382	84a97676320bc17f50996dffe2c1b65b2cd02daa9a3b1928393163a8849cfa92
812	4a7eb2d59cf77379170739779aecfa62198b82a6356bff18177ca7994dfa7b17	103c57d2bea6a5ed264f8c01ca695b52e1fd644f56c7d27007472fb2e8cd1235	bffdaec823f9fae3c69a82136426c42584ea6c13d024a56490e154e6bc840ed3	5935c1d57e7cf71fdd498ce6b052b6fc3433f9d62415ed8a4737b2927f06065d	ad063c34fc774d0aaae96863e2fdc08149ab0e1d0faed188d8195c3a9931ccfe	19d61cfd8ce44c2973ff1833035c72e22b3e615817085cf931aad213349c898d
813	082d90759aa5920794e106fe5812b8cfe206ea294cb82ab3f2ebdd45258d2785	257a6cf98519b7728bee7542589621151e54f409641341f788a8ac6ade24158b	dab95679100a78b78d5ef9ef457ebb26c3bdd145971e3297eb1d8fced342583e	fa1c861cf4bf971138b0569ff839ad58c79899093b904d2301da1ad0368b1eb9	a6a55ef6618e07fe433da98e81cb2e3414e6115d1a965cc3f189fc9c3859a8a8	e960c79856b6fde9022318ad1da22270e4b291fedd739a3db412d5dbcbb3a83f
814	98078709b2e5e801467ed42f71d9e07d32db9b96fed97d48ebd48bf7b6d567ce	6198061cc50ad014a841a851574155b82280f0e5549d1654e393b29e123100b2	038a1755c7cbb4b7f857a15767f191b4fd8a62e40d2b4128127bd2a153d5721e	690c97550d28ad3162ec81e952067014a808d4892844609430f3e2298d47c104	41a6a93e84cc310b0a850ed1cd26854a31304bfc1ebd045b15f51addbd763f74	d362939b79d718e384099ab2e271717ea761760741578c9426f03fdfe9b24d27
815	c65ff2d5025f562fa64a55b1500dd184f9434c981ee5c423d63654b249ba3b1b	bd6e1e4c82af22f3bc9f4e8b50c6724d24eaaae5ff84cf5d4aa1568437ec1407	97ab39d0446f85f1ee884c227812d92781fe028812cbf205d894724c4f20790c	b297c6cfcfd2a87efb572b09efcd99b57844ec058136d4f0b79d703e73652c66	e35f8a60e56cc9ac6671a76c1add1fc057fe956f2b3f151aaf2225aa7de07e59	a4dccdf0d53077e8d15d5906a8dd0ce1588f5cd166e4ad0c3fc44e6dc47ca37b
816	c577f2c454dd7cc6498605ace3f89e42f9a12b71b7e7eee039369001ec2aec85	502de5a61eecd92b779d2eac4960f3a58c4efa1721d1e9093cbf08c593a4ffdf	1c0ed20ccca2dd877576b8b538811f094a88a1e2db87566008eaa3c98c751621	29996258651cb5a787ca1eed28313f68b60c32bb3df65412060b310150f5b2bc	31ded47c4c6d23d2d6b470ce25d676653c90ff63903f563125816d83cdbc8010	0d2a4773b56cbcf9bd84f3293002a4e1bed264ca94b655779a1df5004efbdfd7
817	52ec91c632b520b894dd8bf4bcc92fa354807bac4e23718d4ed98fe89ec5269c	57337ee6e1bc33b91267284b3664685cea30bd8eef310628105f6dc3dfd60cf4	6ab9f40488c23ca5583e0011592b9b8130c4b95102b6b9fe9d0ea304f2267986	dcef582792e3b5781e40413813bd542f82d8476b38e0acb362620c444295b693	c32c646712010f87fb903b337dfbdb195f50bce5b61fa635607f0555f2883b1e	e18f2a5cb39fa7806b0d3bb263e54c0d43d140eb71384cfb5a8a7d86504afccb
818	978fc1bdb655c16503a582fbd786c8acc953da4ac377b588434e91f04ae63b35	cf2fee444249fe76aefd65ca16686262dd600d3ceb75ac6a8f1a454629f58545	313da206648215f36f062ffef0f6ead1ab75603ef8fa9bc1aa75e0f1f2f238da	ab533fecb6b0ba4f80ea6ba3e69c55ab964c138f338035b94c03d5876f96d8a3	7192d7995a04f1f21980f363489008276f00ee33e56b8b4254e7f9a6ae8430fc	0328589208ca18b1494eef952b6070d9f8552d42702f885a8bfa30e3172b7176
819	a0df780469824f232c7ea8d3097a2c5ce8342a55461973fa86a354b1731fe7f1	e1f84adfc42db770fa5461ca5f92647417aa4d86c5c7c6953e3e6628b6e9c727	6ddfccb7d9bfcf48063b6d4b28cb88e81ea0028d9dea53509fbe455df2091595	84938c28d0d5508f91ca22eafd59e735d7d1e37b39345fdf98f9033b6f278032	77f784e471a8d13e47b51ba36d2b40f2d013413313506276ffb9190a99f12e42	0a4f1c6025e3dd901c562b56a0e8ca558a83b1fef61a87bee227addcf2271753
820	701e259835886ea74f5bf60a02cac468d7c4d8e77bdb7becbfd771c67c97d2f6	3e693093d8c99b6e6f962c6a23b17317054e17e3ba9d3761ce57a568f8e212b8	9eeb17841a67ccf87db7c1be1cc3de2b726efc8ba76382a18c58d56a2addfd5e	1069efb20f42d2652d3971066ef12ce23e4aecdb2495963492ea2645437e6567	9ac17d9ffd051a4e483ad97d3ddf769074c61ea3410ea1a54e754a3970ac55c5	fc8ca89b3217527afeb7ebb0b6d874c1fb774fc51ce047fff1a333fe64a6194a
821	279e83729c85b4989bc6a1e43a196bab0d6ba9ed6c9229ab72fe95e33d7e1ece	85626ca072ad02567fc0a20b7422cef60a5b7e28b6f710b4dbd34ec29a5eeaad	9342ffb68ccfc4fdc5fa92e38a19e349ef31af33e55650d0814204eaffe853db	c6b34110f813b73c1b744c3b267eef09bf7b9bf5b47d743d827bde3c09b6c826	5a94d3a6137ceca1221c865c20b9eee1ab2175e56962d119d5efaf86f1a8135b	3532b04e04927da6aa9a6bb887cf28e6f35dd1b221035975000de8af1b03da35
822	e5dc966356f10fa18c89655dad357a893aa0fdaddb78faee03335021755801e7	4066c5bcaf930644742e680a6e88a9d71046d9c183081819742acea6cb59ef41	11bbbb45590ac245d58523b85ffab73e59a252fc38cdfb72896f12ad8876a132	133ef255497dbd4e7258a7e0ac1d367c916fc9edb1e3192643005fa56a09d3e0	e8372fa8727d5b0d3bceaf319ba730dc43e9c06fdc4e72e9988e4466ecc254ea	b44f6de2e664c2fd993497e2509518954fdb161f6145770b33aedca420362b07
823	cb72955d8f381b85a2c719ac1533bc275380059eb92f9ee46b50c5966972b551	7d6db6b1753482bcaec09e24fd7f39cdb7d71d910fba0107f62c1b9fc3e97ff4	809ebfe97f03095849b53917eb105e685b6c2074497e1d80c053b466a4c4cbda	9f3508258e6ddb86eb75700e6eb6a415880113ad6214d7271f9fbebbfb645611	e0acb9dc098d3bcecf32e21b5a08eb3dcab25ca3bb85339fe57f7d8e317e5935	029ef0c157721ece403b7da3a755d7d020201700a8a00dc8b03a96d1b0b97793
824	c9eaa5e7bf6935327187bd1c9ad226ff82484ea888974e70f5d1cc9ccdc693f2	907df7c169af110bfc23fa2c0be7b2ac2bde3e088102aabc4c64c6ceffb6bb6c	95db9b76d9c9b5c37a284e6a55da2f3d26556e44ef8424863fda405903127f7a	787ffef93d357839bab4db0c294272ce13797ae7b784859c1fcd11b1629e3a88	5540758ff433f47dbdf30442de7728ccc372bfcc33b2990e3729c61f8d1b2081	57a22af75377fc4eaf7a9a826fd35cd6522b4aa3646f7420b83fc421616f4364
825	6384ec2e8139ef4e50c814399cd0fbe447662065eeef5a557320c8d6eee59e6e	30d594968125dc0dd238099d23d98b240c193ffefb257bcdde0a668f9d8320ce	6846a67af9018d3fdff9618aa8b3d2eae255166c876e11a747d8faf63f868be3	ba60e12d8c327cc17f52ec0baa8a51e5bf7f09c4f9731071a6458193e5b2d277	bec2111a7f2e849919447a054e15f541dad16051a39a983845fdb25401e92d1b	61a2425a60544ed2c4ed66b295a28035c6b6b71153d70b6ea9604c9fccef5c20
826	c55ff26dd582450b71b1044092d1fdddfcae622039dfbda91db822f8d404b7f6	32ae4e0575c2f28bf058f21e973b335434ba6915978648ca50a4a0727f9b477e	1a5e66dc58658a34e42a43b1f0cc7946f0ab731746a7e0de72deb7813ed3e7ca	a5867964de30c9910ed408b8aea94ca8ce49bcd99c5767e467b50de22d3affd0	fe6ada60f7b22565eeec000655c99e20a6802bf4f33acb2811a8201cdf7b224c	fd705815ad131ad257705a906c99f4f2994c3e2a2b997ee5d4a179e31e025655
827	d0418696b84616d1a57dc3e2f8cebd60f86d1d87ea5615a83882fd0abda8fea7	f9dad2c31066e49bcfd0ab21dcb3440716b68d6446934ff2f86d2fa1803fc754	0c5ab7d36cddb4dde9b5059158f80e9df4a9d5e47e9586b15c02c0d38a53a5bb	5045760cb986e5c568be009459d87970bca841d14d4fe769b0a6961963a6829a	77d3e08fd9c9b6748a0a2d365a70f06985277bbf8e402ee0cdcfb0c7021fd938	e8093880139b48f601e7388cc3716e9dd11a21c678fb2093a3951f7c87d00108
828	e99272463515702b73eeae2902ec12477666e8bcdfe60cda2ef5bba09245105d	cfc692d6a77309438250a58135f78e6d69f01b7302365c0fe0c332b9aff0e485	cc7e81bd7672389679fc90a2efe93e4804c9584d34ff8f8e4f024100e586233c	22c0c7b52d891551ae5a162b3989335f7e1caad7f426cf8550a3ba46fd773958	18c1e15761f81f311a7bae290fdc70057fe39cc1f1a714893e15448f0e9f1e20	c39bfd8623746c5bab3fd07b13c8cd624502b20612e34921ba49f1a59525f18d
829	79ebf907fb96b5acdb02eb74d6e04ada0e28548b1998892368aa6be6bc5cf34e	828c7b474204b8bad7517bda4557c7495119e8bf0df8c2fec9cf5d3cffd0d9d1	ffb3f2f75f553e1a6ec637412680ba709aee5785a84c350d1d1c5e1add86460a	8f5e215498228bda14d97bc4a8156572dd5abc2607efaf7e6d9f32330b04a041	965001d2216be67531de6a3250b77450957d4935ad1fb16aa77dfcf2ef8e1310	636a35d2ae332f4206577606bbe3bc0605200ee0785a1e9e42f65c88b00cc303
830	b843aa3b4d2319b51c799b33e672dd4bdf0cbeb613bb6008bdadd420310950bb	90d4ac2d2bafdca7fcaa80c3f51eebd73bc3c90f156bdc6983823295550cc819	3f37f6f496600241abd4763434e17a7bff1e04a9c8102ccc19520f6337835415	f150afe505377d4ec94cddb011c87de6a22417ebf7e1d9b2a8a036741ec645d7	a7bb2a47a5b5b8299e1d851e66202b5d1648ada84808bc408f195fd5595027a9	b46d50bd2d8dd82cbeea8d7f0d213b20b32542583bbc1a6cc5a2015ec02d6e7f
831	17b4ba81749fa4ea72c589e68711c985592bd28b21eb7a683af78fe930e3dd64	74bb0308609e15bd51994f409647390bb9a3607ec900d252f61771d1881972a9	b6615c93a5f9869cd686abd0b95d99e6560b17594b0998a6602168372af1a7ea	c9acfdcdf676053d171c69eda6537ada86f30867cb2742164697d90f1ac3db0f	a3d21ef0497ccc2d4178d3770d214c8545ad68c8daaf61d2e9c4b572928b98f9	72ee189186a33be238121191923ff6f4e543a10634ca825d761c6154c8aee101
832	411e01a4c8de2a0fec1372d2ddc46506c5639d3557b2651f64b7ccb696ac7df5	827416c6029cba3f3014adcf04fec7b44526a55b71c57186b802a23e77d53af7	b81184738a6ad74a9a6bee5b18f2bdf4288fedf3dffae811125d0e6cb706fc7a	a05886884ee411dc17057c3fd42cc552fd7a32cede2c8f7b5000fc09329eb900	e51b480cfeb5af943953266c38b5d4d3f405e8aeeb72fd6b91c076f2602dc6ac	b502bd46f07cb8673ca79748bb98cece445f4d2545d11ff2b3ed6244873b729d
833	3e6bf90f167a5e3b378ceca3a3361b214cf4c92c336325b2190b7ef2fa67e1cf	1b3d34f26cfb33a453ff91d0dab47dde40530b6a4de3c97b15e1818f179993c7	82a165de672f0f0889ddc00b37398ed17e5b68f9a9e8b8521e4032ec0c7dc189	716037f0a81aa7366f53bd8d16c96f7fe1416d5bb8a421908f2aec4124c4d471	f2e9fdb1d9276d059baf44671fb225dfcd9a2f0d9ef1ced788796f9e94a7a9ae	275f446ba35423307f036d4b4a7a51c15fd2bef74dcd0c19f4abbf970707f523
834	a38685145eb60fb7b6d3d081e151d2f22cd616854e4d211c4912ef566cc9bd25	4b628633310cb05d745e5ca400c9476d31f7d5a436cd7293d66fccefa36ce0eb	192f826f186ec76b3e37fc1fa800bb5154d26fe524fe12e8d0d32b24790e976e	7c992ffb0530cbcbfbdd876741eb3e85c9d77caa4b1e68dc95f95f00015509c2	dde9f0bac10a19b56b4074b8cc6375d9378eabd8da4e7087a9592d543735c885	0ca776e0f66c5262673d07bafb9ffb235586d6578134362dbb095fb4f0354d68
835	96f875ed5846f65a4093c59df755508e75ff6105945c0c167ae8c24d37f27504	d8e6e3b3fee4a331df76e374894081478b50e5a2a626b31306d720d2f046192e	0a811954b26378a4b37c123107c5ff18f88fcb06e0b391852f659e27415d3ba2	4f2252bd57eab7d17bd2eb29da4d13d98cb325ef43cd885a0e00f5b3f3fe585e	7a516c4bd74efd1c9e0b83be5cc8d329227a4dad0520d120f725f324cb278523	597685b771054c5ed4400aecb71226597889c5014b68e16b7286d66ed86ea460
836	369fa713fc3900f64a027eee6dd95f3a4b9af5e34795866526799d2027cc95a9	3b0c22a2540e1fa89a0a35251cf1af9dce8795e7c8542b1bbb90804fe4fd1500	176ed147c684f6fc6f88c4c867e6576db35491d38f08553ae74357059a5b49b7	38c67f4f466f4fc0688b49adee9de37b557464b595269e8eb33e479eb898172d	b4784b0e2849348d5fe75ac2ba773423663e3b2e6010140bbb313bd791276e88	b1675b01011afbce46062f198ccc55f1291d0203bdbc7912f7fddc034d17c350
837	8cc88290817f3361250d29e72d294ac392e8a68fa470e3071f807b6e04362115	560102ee096f01aa88a00da445c28e99c5abe998da49a350af5b7c6d70fea8c7	99a6f4ef9dae992aca08c7f85bc6cbce1a701fb743af453d0ffba6f7de6ff1e8	1863aca381edc3ea161a55f3da4bda13c661f1ffeb38c41f007a28bd1dea981a	63c83955234b1145f642869e97d772709419d301943e0995b1997bca9b1afb0a	d48a212e2cad6b409399b42a169f1c59068ed9205e9046bada785a440f16c7d6
838	8445a0d8bd57b4df1255fd7fc326089c9bebb2bdb54795c3d9c89d9090f69c7c	8993b787edd05614ff8483a02c0a01566029f9e57e341d0259e7a602b092a271	9d95f70520be02c28da54c3f91c6dcac6bcdcb598a1f23f83e6c873b42328fe0	dc6257cb9347c20e93b74c6622b82ab63d66333af15c15f662267317181d5a77	9b93c5eda8c37372114109de93820f603a635c270b8ea2462abf73e9f76ada51	feca5c57ed8831757c809b570aeb7059391e1fd62cd8850ad8bb1c219f499011
839	a8c2982603e2b75681f54af200050dfb781b60cfa5e63e09351d287c51cbcdfe	62320d07601d6e0b360b2a218e74b4677b640b6a2f2424a1758a6aac04d68377	0fc6503f7c171dcbc4fdb3c4ff5d3a8a9548d07fe031c51e9890de84641b2953	2c0afdca56492703efd55665f70c51a93cc6dac753b0768b15c8e820504098ab	12b2b817c7603a1161263e63923eec9299bb5aeb3b5814b80acfa339a7be1ab7	47e1783b29308aa122090ff9480010e03354bb2703d8180241a7104eac66191f
840	11b2539ab2eaf9f13a368cf1c33553b1cee1f6a96d49d4b0828803b4d9d465f3	5f059562c152538a3d1799accb3a4bb544d962c16b675332e08beea2fa44d3e9	a0a91d8fc48f68758efe35ab3e5b3f504c86ccf6a53bda3b0d8e0df7bc102e43	aaaf4b4462778b037545a8baa90231cbe7976ce1f1c4ec01b6b2ec7b8ce09f0a	6b5cab627794edb59a62d2a902f94ec45dbaf972b73eb6b3bde39f1b21f55109	a292c20943c3e36952051db645831fd25240adc5313a37f596c0876b9b0d4155
841	ce1572a417428dd2fc4c74a73801a34d68439b119284ffc63b84557555aa921d	365313832c1b5e8babd408ad440b39f17c53cc82379b85bc85c115192f088901	aff1f36011101e043830791d37e7545fba941abec6100f1a4798b92b35747ba8	ffb3f2b9c42e51ac1f8789392987fe2175ed08841a39b33fff543c121c16de45	7d6eb1849bd7813b25863f8b2c1b0db47bff9ca51bf67eb06b236c76c46dbc08	0fbc47699a7abbb8d729efb16bbe2e8fab0c01bf3e20dfa43da9bd1cdff80be5
842	9e3ea28a4927563dd4af933ecb86c5e95399fc9368280f6f3b8184f99d4c061c	834fc87e2ac433d88a822c1ab670c7a707eb4190f0d1d8dbbf41fc1256c66a4b	83006de8e17572c1cbca0ef848bd695d9df5a5206ce23b745fffa44e1cc70205	f728b18632a718a82d34fc8ef6f219795eb6588f3ee1f2383555ad40ecd5a228	25618ebb5ac141069b8467145c164deda2e3390985c5e3a88121d789d4fcaf40	747f0082e31f9f57837ffee7b6b85a8fb0344bf089efdd5117635012bfe35bb3
843	86b12b90a8b761ba1c5c4455a5856f5f1e6fd233b009311d1b85d83164392991	56d009108f27a4c05d661ff55ce893462dec517cf35da7db9a63d4547905f255	b057a48b1f6c0d63fc211ab937fc76ca669859930e020ee4965c260baf6cd5b8	d547c5f04bd80736823ffcf251571d4c486fbb486f61e2bde731a4dcc6b0d392	3855012f87094173abb9b4968591c95955e8cf8e96e51c84f112f8077b5861ce	d48c15e2c2a538f8dd9be76eb9377b4e344273c16808dfaecf8d76f1eeb47fd4
844	f5286ad58e6dfaedb0b686482c2de8b0f476ee62e171356e21359871a9ac2367	431a579bad90e7a082f6f812a3c80edbd413a094fee9587c5eb259f60f0bb18e	3f3b233183b0a4ebefdbe7bf78b5ec46b6b3f9a01e50acc845b2074ea8d0a6df	a87022fe4d1fcdf07cbbebea1b5e9fa45b814bae177a75ff46b076f8ce58c363	81c931ce07dcf7bb3d1feed1c2cadf317beb02666b521c231d666e46f9290703	2fe94d7457c9af156e0e7761f015ba300f70568837d789606121ed4e06a5ba8d
845	f989f35f75556cf71d32d06ce98931b51e9983d15ca51fa39f6de81a80d5497f	609a70a35795dd7ab121bf3f095afa06ade7af7eb11757488ddaac19e80549e5	cce355cbb01dcdb786e876b9b8d8bb27ea7f15744181003b0f966f994f8f1d30	8b3896654c152296b40bf373fa0eb8df694b90c9d40e92e9f1929f432c6edc36	28fefc838e78d37409c5bdd1a17fd2e448982adaaca9f7482d7e8509183fd68c	0d5d3bf3b863146616693725ed96a83d3ac148301c6bc048f098174c652446ca
846	ad45478ec2c7565553fcd2982427877e221d1320fc92594fdbb42ba64b15b64e	e4ce45446dffce90f2726c90356c7ed29025ca0f74366143579358b4063088ee	63bd5a2940e6bc4b1f14eed34e63f242632bdb6c5b0bce1703a9ac3efbd82241	569df41529002c119febdc709b96c6d7b6740d5bef27386ea2e5a62f3e5f0761	52fa3e3d854aca2b5d14210472e892be8f9f7c4b52ca2ba4676e719fccef1b20	6e02035c3190e5afc9b5dfdfc4f18a3dfc18050f579c3207c062d0743ad9e530
847	7a076a1279c7ff4b1c587d9ad3c6a64ac472771b6f832d532ba683159a11c943	fbb2399a0d6ec18646c0d6f54c0664de8d0ad886ea1a8657744d64b023fbc589	ee8d6a9950b6526e452328c9792a991f318ff2452ab3374970d294ff202064e4	10448ab45f0b5024af053d354f242bfb5d5446392ef11a2068d44d3466a8867e	ba1f1b672c3428a04618a36d961c00b04138c4894b6bebca2c8a39b775fb29af	f6330538d7c66cb1da387ceb5acf9de0969ef9209cbe5be3eb2de24b273be983
848	eccd9b87cfa4313b4116f6bbb2dbde392f46ccce7e54f2433ddd0f5ccd91f77b	5c161e5455d12e8eaa74359e06d7c1c8ae92c504e0def70b3972568f4e70181f	106c47ff5713c32f26aca3f93011d37c98265f06dc9b63fee1ba9085a122a11b	f9145a582680c367df344da7009cf52db018fdd5c8cce6da7a35585072caef21	891435f6b6acde8feefa77814536f43dac027abcf8b931c6b59cbfb067bcf87a	6193e6274abe67e4e132e1971186cfad86590bea9e37d73bec2e7faca6de25d5
849	b9631ece676c7fa2ba272b16a841e87dd0765164810fe9316ff827c61eb99132	bb6efa55155603ad1fed7dea32b4422e1fa6818bb14ae6a252099436ec102832	bf5dbca8f495f623c7cd67901891d010a05f47e24bee9c9e7b188a636112396f	e7704fac8ae3777a03d6a405f5e7bd592444cf6145e936228995fb3489d927ec	4805afbd7baa996b7b2d189e222c3f6b29724dae5362cb343691a13ac94109f8	c1f058eff65a33c6390b49b4279733a42a729c6f2dc3a151527455e5cb2c5dbc
850	5ade9d43bd72a7eaa45f1e28706ab3010feee989632db24a1d43c7d4f09324c8	8edb169007200df50a8da545041143582910878413f19b5f4a9952aa39fb3efd	13be7449b2ca6d16b81144bedd28ee30ba7f55532623086edc44cd5ea725875c	d24854815575280ec2563c75026c359e2a82dc2ce8160cf8af07c02bf42038a0	4caba141928ac59ea75ee19fdfbc0785b4b4d732fff7b3b9466fb16182fe981e	1a6d6501a969c5e79b9866dedf34752c0662e0ecb26cb50f7cf0db8a39fbccc6
851	8ece5beab4e7fb8e1c783d9112fad17fa9d3541610f2f4a6d3840642126a8fe8	adb5ba0eae3bf8873cf1b4ed64bffe345c9a0a93313820d0b47d38d6c06a6ee6	3b879a8aac4c216e2c051cda685fe82678d767ab4200f6e12586026c87ad1650	b9b04f2fcabd31a78cae4470ea56fcd59565319c93032e9acf66a7fece94da35	7e324dbf78de6b0e75722f032d47e2c2fbdff6d7125e2b48bced68922cb317d4	51674ef016dfa95973362bfc068963f2b7c16a59f0c51af0c1e957d0981da5e1
852	cd8bf2f0f142a25a5b63aab38e2ddbaa7b7be9ba585bbf2dee0d4f1abbf8f419	54f783d052878259ace03c3d0844ae6a2212383cc6a38291824dbe26489528c9	79fe6e62fe69267b7e47b902e17968ae361072efc40483fcd02d47356a9dc624	1f9331a886d77cbd13201337b3ab63320ec6931ebeb7e46dac1fab0b73b4824d	5cdb1439f8f1e4e484b2112779ebb6b4abd4957c7875add34b95dd31c2679497	cd75b238e4c5dd86762fb19fb00590f55f4951432a315fe16c048e7b5cc502cd
853	c7872e7f591e7684edf72fc3bf680d2828c391de980be65e9de6da48dc371644	ebeca6e86d1ce205e7ef1685fbbee67099ad21d986598884be57ae3945b1778d	8e759707aae4fa9b2eb0bfda934444963faa5a7f1854924a5729534592aac03f	01835eef2311bc125bc4a057fe1407e38b3fb539e784860b39bf9c4fdff213fb	17c054e077daea37217e3ff11bb6ce94bf14746fa0bea4fd69700d0b2ad2d614	d1248248a059929b656ec8a56ec9c97347050e3af6bf03dd5d7b6c8eb7a337ec
854	d6dcf7726b6be022121ff0c694a16325da91f9753faded1e52b1b9eb74b11830	2a8fde6350f917a5ad241f6299bb6fdecd94d3d8b1b49f80e0109387603cf5c6	0feee6e0798c204eafbc5cf6c5ce8b44e02b298c52edd3c9153255c8ad091d6e	cac8bbb60a46f6ec4860a0f6dfe07abf1b96ec7ba283339b03e8a374310ac34f	59bc7691811f0b37869fe5af6dbf222728a8b409334178c99778143c80b482b2	3892c3f999411e8b3cf76f2060968b87a342eed1d61984d7d297bb965785602b
855	886880d4e2f8378dc227fe9c0b887e09b42e0bbaf4b5d6a640bd4e02fc522564	b3da9380f456e3c25a82f5c37a45ae788bb573ebfe5a280916075e86879b3a79	12c45cdde8e396757bed569ff0efe3b8dfda69abb8985d8243136bf5e78a7fce	51da64aa89d44cd655d7005da063ca6b30f1d6b53427995cc6cccc686e9cf641	97f323c5df8380c667b28d4645afcb054b4cd2b98c67669ef6a52487a78e77f4	c204943a374cffdfdca658b0477411ecb1b52ea5a0b2c906369a2502deb9a514
856	a1f901fd8a7ddaf79b887eae8d84d9ee34fbeec6082a85aec3f57df938908e38	fd84503a8c18ef0c3ee5b670d2ea34e95c59ea310e4f0dc3cfa61dedfce48a70	a3ca4ddfcce95d2f202473de241ba4711ec4b10b98569c87eeacc2d04427373e	1701e7b133efd16eb588356c78f5ed63a27ab34125f28ae5059452db279d1a5b	ea96b5567cc53599486ea7aa493c3ec247e9fc51a57d8ddb46593e0a0329ff06	7369d6fccecc3c7bfbf5affdd5805d16eff2f2a73666e54a6a39a2202709f8b3
857	3da7cc29618dda809530815b41e94ce1be2e73122517ba3231d2b6d1428eb235	f2a0f26ff2a7d82878d6bab85ff199b75ed0f8f411918cee4e420fa170ee59bf	b5e4853a64b15aebf15cd5b55c859f71b1feedb45a84414edf58a3968eb498bf	aa8c3b270eb26b27e046e12476d71d99242837e4f2b2b77dc848e25c0c81869c	2e59a1c5d7c3d6b49362d500920191a82ada65cda137f1cd9f94f76ef02de0dc	429f30a339219da7c41657082bcb5f83071f5fcfad9ff642d30eafb2af968493
858	8493a00e8b0792a7249e141876c1ff1880ac66ed674b2ec53a050b4a02e1c69b	e2c53e94e910828f2477f34e2e8d25d9503d9fe29806b7186d5a621706eabc22	8d97766bd932831c509f3f4333739c6f7c6890f6d46ef1705f2a3c92f43ee2ca	e931c6b54c1ccbc21f8cb8cf3143ce3127c608d0b74bcf379f18b5652f5259db	9173736786c4bd6f048df192b6b359363a2d36e56fe391e7aa9718f2b3b9d152	52f9770a57c60fc0e3d86eea174058e223db341dd2f63ad726e1461bd88d3e6e
859	3d8b6fe60ce359a5e56c4dc27b852a3afc366ca6543180838202429ed4f40187	5e7ddb4ac7379b1685b196ed91c8331828be8d02a77324d37c7cef8a38844258	24be22e0cdc4fdd0285264bd91cffd28d3b9ca05eeb43766b885b4c5ffa1512a	cadd20904f31fa048239b32a780cd46e812e41d4a55ffc1f08bd1c614de793d0	18be9b79ac2b20f8b1cf06f52db16e48cef04ec55787403896d160691c7fa470	dcdf611725833afe8c94afee280e9af5730623113c28682ae53b3258c680077a
860	8c10a973b41c9e38bcd418e3235e279a15160679ed49625b91eb9e76be380c8b	3f1f4e1924442bf0642b1ced21992dc1c20bd359ba7f9d86a960992681fc47b5	4661f2bca4512e8ae6ed169daf7fa0a453ab5ec5de43e3e20998379a354ecc8d	85ed812d082319115dc7515e412ee675fc1a5accb6b2c3c70b2989fe02ebb43c	16bfa6fe4fc0fda0165bd00e1adbe164f3cc4f89bede3b9715e780f19a612f8c	9c4fd99dc6d124bb87097c98f2acd3a5055cb0ea02a842fe2bd2df5aa1ff71c9
861	300e7b7077cd6afe0c1294cf75d19772ef739692a72f61f7b8e652826cbfa92a	5a02d105278c6e0029f360e360fb5879c8c7ce687d051c44b2dd7c2d34eca5ef	b7f2709ffcb72dcba599a5333b4292e44657028f2bc6d52b0e4f3d35718f6d53	347e98db6030f174190c76f2e34690c15179919028bb047ac07ecc831cc8450a	e0f767f1451124dff7bc89722155c346449b62730ff48bdd358483a9e5aa306c	78d511ffdd0de6e60fb9eed3fbd63c58ce53685033ca09248d8913bec8b8c27d
862	ac5019b8685bda9a446b965c6aa67a5f2ff6f0de8a5fe495e9090573428df11c	b0e6be9395e8f6ff1ba7aad2a467252d0f921a37e41685ebfee0c40987a46bb9	b187c07551103a1a6faf57d526fb55b3825b6a086e6575026e24e8114322d1b5	be1ad8e95448077483cd67efaa6f7113ddb505138722356bb733341e3f463df9	b2e5f652238ee85a085a061a1d7d3dd3f2229beaef0d59eae12168238ce8ca75	fbbe8629fe81374483b9cb8a05680e3388ffd195d0e1acf91ad88efe4ab7be27
863	17f380b37e1dad1a997032fe97ea6ec2e2ecbcd6b4ba65764f1a84b8715636d2	512e57de3014c85b61adfe82c231aa120709154ea0a8b148f6687a7765601922	a2736abae1a233f492018ab02b5b426d794c823c8343c19101ed6a91815c7325	6c8153555899221d7a785ac73b327a751800304b12c69efcf1a507a7deaba6dc	95385d09c49e4a755660c6d3275fdbffbf4e9aeb9c26ede0c67e7fb4359994da	b4ffc7c93cf24bef796650563e0dc08832b41c857d0db7142c9849c2f2908bba
864	23d33476f952e09883c61b52336d6a0bb550d9e8105f403df7430e107639ef2b	5a6805fd7d01299279d3dfce1c7293253005fd7f47b87fc23acbcdf4857dcbb1	01674262e39ae60123b8efedc7c5e34527ef619676940019aaa117b34d655c58	b3c843756d33fe3b8bebff311c8783764461a4f9f1f2c181f108df2527084130	3abef9fe172d86302025556b1d5a50cf649b063904478c2717d9217c8f77c57b	3fe765fed44d1060374a60eedbed00875ba40eb0ca425308eceb61d3292fab30
865	788cf11d3839078868d614485ae39ff0d3f4baf506be9b173f9f92f0859793d5	baf23c287cd951c90568efda972153dacb847ec133f87ef907d0d4f17788d240	8046b73c9d834cbfa853f10433c627030f95f2e25e07fece6f3c5513d6917479	15724c0aac71f93275f97c74f997a986f23cdbe9eac25522eba1fb8b9ec1f8f4	2225992bd82a35103492b3e8c821558b24295b0169bd2ce9d69783a683c1bb99	2a2f50d1a05afeb333031059680908b7452bffea18383d6a0b9807b9b0987b47
866	05656c8eec71201bc04782302a6d3d74bf632697a54ce104c552243da3ec5ba2	19d7b6f566bfc642b8093a8bee8bb20245457f006b4bca5c6a966ee9cfbd4bfd	08ce2e6d4a0242305e733eab15a21a6149618ff107762974ee342cf5b53b6723	8cad334f5d2ccfc26a0bf67d80aad02e0834021e4ca448f1cc125ab286cc1e53	072b455e632eeb02d24d482e5375058ba2d76c5c6797d799329388fa1f079ff7	9de7a6181d97ff66b845f5b5000976c98ca1e92108fc4bc56441551dc7532dd1
867	765dbba6750128863e75cc9ae4d7242434b13276948a2fc231696785a58c3fad	2c5e53beaf6cb31bf3dbb9c04c84ba71cdf4bc932929974032f9d644b1f22163	6e4dfbfb359c7d635a3acc80fb449df6e835105f6d75f2c09a6cef6901a73879	ab138d13b900f12de7d27d83c664a05bfa14d85bd7b778a7babcad781835da0f	51ecbf05c8b8c1758c68ce10b51f4adce5605c4b45b377e85f8cd28e1c559f51	97e6bad7a901a110f96e73cf94b6c1db8bf430306154859d50282390176d9a83
868	824cc2f53a36e92a1004ea9e4c7805f36a071d3357873effb8814d132c0948ce	3df8528dcf5e11d72098c57cab433ba5335c2560a5bdbdcb5cfc24d5ba2d3e7d	362359807e5b7765a9dbeba419ecdb07b707087715716a16d469ef9d38e72b4d	47f370e287a705965295c366ade1dce86d34462af719d8310e10d9c07290d439	13b59e9cbb3147c00902910df4766ab91f1d2344f19d085c2af1cb5760782c8d	c1ccecf81497ae145bc08a3c3d3894fc52dc83cc75ca867c990b222c136eeb2f
869	b163f15e9607fed7934009ab84c7acf6a846626bff8f4b1bbbe46e0adb4779a2	97ffd1799c497394e0dbd9253de0500563fd9f618fbee1c030ff0e721dfdb5d6	f18e3164212f9d9cec065608cf2f7b7fa9963f47ddf5b6373dcf9eaf510d95aa	d757a41d3ad2a2d161582b05643e9465fc767685228d1fe5e038575e03236a43	f06eac9c729f1e7104df592e1b354ebcdd0b0c765ed93e6a32a08a2891831f06	de554a5d74cd59d7770000caf32dd36db606a6b03a03dcf1b847ca64154bbf0c
870	51dd718386f917cb96b6c65c8efc57acc2fcc5c109006c4bb9aed0da06254067	edfe1129629b310918b270e00cb95f81a09bc6e4aa8881e4c710d847799e54c9	c7e73251a491a6651d9ab4d61acbcfaa800f7af727532db327f669925b0ee7f6	af8a717d178a922883cf281da566cdbf7484e863d33649c9130e4d2b5d03765e	80bf77c94bfaf299f447f04c7d21b08ca8a66fa2cc3e8f61eb5590b6681d7139	87840db10530b6257eae083334787ebdd540df05f8ece7708544ca308dab5716
871	cda86cafe5d04019bffba12a0559d4479e2917ed9d7085a463c2719f14215908	22332a8d00f718638b5c128924f4a1c294e3c88b36c03d1ff7857dfc5bd0be4f	5fd3b5c107608fbcef567e999e3dbb0910aae27b265124ff872d17862fe241b0	0f707f5a987c18b246c33ef809582d54d2e112140de1fe56f4bd9cd6fcce3c78	c65fbb2785d8e632a6451c456787c602e48f7ab0f55141fd03c1566de8270d4f	05b52cb08fa5de6b531a4c48b3c63b2d017c9770644fce892a45589e3a111b9c
872	6ab53ddc8af1a737c4be24750e36dab292108265a3c0a684905b56c59b7a17b2	715ec0efa4fbc2d4f50373517bca337fe05e68d1ba4c000ffaa4af0a9fcd3205	236c9f21b3f1df6b1ec28ff8060b3e14df11c3cf5b8124385ab34d925e6e4f14	3316d15e38f1b4af936ab6a703b53e12e631dcc9339bb375c12436a82307d472	8eb7c51b31a4121e694b6587d31819fa9d6c3aef87239f9ac504fc1d29c108d8	04ab6fc3beb31c32d76570d14723b3aaca20988a03f2e8b0f43fea706dfb8664
873	9fdeef19ff7bb7633f59458ef4108223ac9dd375ce50d79a1f7b4dd8857a95aa	9d0326b0defb7f2774a2be1bd324910f9b48c807ef66e224d93d9e4dc45c968d	bd40296c11dc2416e727cbbbebed3edfc223347dc77cb8c27b63e04f84f99dda	a8722fc86c264b95f38cefa14b21cd3cd0e246d14e9156ff161bb9e028b7db98	719e87a7cf0ea37890c6a1a8eabb1c09fc19eec6883f5a68da518c7d9efe29c1	82521f483ead9a67a2d83354fb629f7fffe2d1275348b9d17923b943b896aff6
874	a25300ea92e9da703b3e7149e3cb2aaee2e87c99ee28aa91b7798399ee85ebc8	d5fbfd06a659c36c0fd4f246965a9050c828e2b793ef1e1b066b13e6472bf796	77b2227f2365e93f85a08c6b225a33b4aa6485615adff496cc68b197f4162f7b	5893265dc11ab52e728064ff89bb4f45d6552ef05ea253e200a08e5415980acd	125500369722a0f5b864f22b3b594099c98765a58e1eadda53358d6df0610dfe	2ac1e3a2918cf07c2c25a890056a8b7569bce04b026b5d62089e84620c92ecbb
875	44e368596a74931bf3683dca02006b895ddba9afe9abfb8f98b64e535bdf0c28	5813b63acce8aa74cc5de81ea50d0bb8d3274964f8a714715787290346e758a7	3fb337578129c97905b6ee8ef661b1b225f4684d5273535eb2a3e2471ead0725	ec10aaf2672e99877559df3d09a7b76596809a8f64ec71b4e5b6df3f5b9f4466	baed42a7270e8f69c9a98161358182f6690508ce33b3fc7583bd6b2ffe2fe379	32dfaa7d970a2a760fdc7122e5c9c95c9eeaabdef4f8bbccf7f6d83acfb6afca
876	26254c08094e1d6354a6f1ef8a9196132b4059b5ecbe73f3df4a6640fff386e7	932dd0c9068a378ab58174561d8c82d2ebeab4fbb14da5e813932ce38fe54730	a6a542df0089b7adc6f8e4d685a5c2d3f59f498356720dc90e090fe203602bf4	7dd821d7f65e452421fdd55359e25e19009c66687a72e017048ff0c2e9d61db7	8b687bbbaa1a9aa64153e53d289f20df5a3569fe0109aee8e4e13c5eb2213a23	559f19b7718422ac3095dea00071992c807f9e69f991791e9d89175651e2b13b
877	a8b6f64ca9be1adc655f2ea6240b5e27d58683e25b740f3680c429b6ceab41c7	40e44a1711c152900cf1495528ea98daa21deb88b2e6c121ab8f400f40769aab	bf3ee3d7494ea865f4349bf8a1bb48903f90e91430276d726ffbb73c9c4b2c6d	0ab6ab3657cbcb0dc7e515364cd97edc6a0ffaf990feeff80c91fd07be37b788	ffacc87d8c6267354c46e804e0dc20a3ec47b0a8f87cec5a06ba0cb331e3d689	5cd72bea1f939e6cc7458a182fd6f127163e94895dfaca2ff73a9ad255dbe73f
878	b735672e5e791f0d6123101c4306ab172d8d9adf5d62a6e7874d56de48b111c7	daa8cf3ef5b25d4853b80e2a479ed2dc26d125b40df23403e10d86404470341c	7b4d2baf74eb5baa69fb2fc6b0a1b5c1a4d1959fb9095a7aa42c1f25c7917fac	6210c4f4878f00ab17b81e3b3015fd8e56e5963e482884be074594597c9fba7a	7509325043f8ac7ccd397186e74977b227e85b1920433818cf2e31f069932dc5	ffe22283bd6a0ca2f712dc3132637ae891a826600e079b6bf58112b0eed9e9b7
879	96437fe802b1ac9715004301209d77d467f50344862712d94b19fd48a86ac5a9	7a82698de91da273347a5ec84690a5f7c11745b281f8527b740aefefff93a6d9	05b46d6687f6dfccb710fa32228c02b9528b0b09ad56898b55f0f4222de2093e	7e13c0edd3754577149ec14418e42a9d27ebc56616f45f3de1844ff6afe328c2	5e9894edf2affcd68a66b25b6460e2e945ec4ca349deceae0cf7086c50b220c7	ce6ff70ba398a76ccb50ae13c0e23b1b3bc2888ecbc8b77a6a5837b6a8466792
880	e887a636424885a9e36a033680601f4f0acbca737e100b46bb52f2887b5028ee	81b0f3daed992311d0c5589db735c4229df0250d51ff6a996e3352b5bca33131	3a98664f2cc555b44df0a3a3fbeace76e6f1bb3643d0f837661b4b91ad58f478	5930fabbb0d5797634a08d0e506c6353bf6ff43b6670cc16025f92ab796088a5	8772a5b152e5cc929f7f374205316eae9e88d6deb286da13f6bde96bcd2d9cc6	2f92c8ee6ee1acbe351dd06dbe28d0e53473dab1b3c3c0c55f736f5abe49ef6b
881	e4a209b15b503649f63b2981d017aa854d6e71947ae07096ec3ba282bf293337	caba09416cd322211a6cd6634a2e8cbe35f3ac2365aaaca4cb6bb0bd2376c493	9f198c9b435e5e6a3725177a56cba6569ae377622053687cce30498f08169d17	190816da9fac3e32fedb9b62771540de0b0cd1c895b2bfc43cbc845d6a3ceb11	4e6973860fa816ab2fa7740462015d46d82646c8c28a30bcf31fa2a74c3b9eef	6e08b6ca3c1c028caa6786959b20a5305948ea07f336501de82e07284e83664e
882	92346e660fb1297687f8ea32cc53e222dfcb3301798e2955dcb596b8a9542ae8	2c3a19e66b07d3354654e44f3728f4cedae2ea453b81ef82e104818f65fa3c9f	9eb3c1c0fdd807ea46ba3a7f1fb1858a1a89c0f8a766a65106bdc00ca63b3001	ca2027b99bca470de2519cdcd20c2e30b35e8717b78e27b439a246a51eceb94e	3e2b9a3b3a79b2a5ce579467306ab3428a86f4d1da2ed57a90aa30a41eec8c74	8758a7eb40a0cb8cca89dfb47750af72259eca9586c5efd4a43db61d455f2608
883	19261f682510e48aaf039c58fcbec350a5380770d7545e319615ca500f3db2c6	b48f5c554266e737e524d28ee435e479d4501c05d6c889675056e346c174bdbe	134fcbea50569bab22bdb40b3f75303da260b0ef6e49b402512ecf0a7ae36308	d55c13fc5e563043e592de9b1f40c3985d8d00e0e81a84f9ffde7ed486aedd1f	49d8b9c5c14acb47b8dfd9053ffde174da73846077f350805e6a2f93d5fb6175	85a36016a16bea3e2ca53aba5ecede56a6bead6326408106a7acb7248a649c94
884	62d4d1e886a6f839d5732868c29c146482fe22a35b73bbe45d63a5cc49a650a8	f94ad59d961e68fccab57f73cc88b0ca676ca104ab93c018d49c88b878fb94a3	5527a1899ff4c181066d6825740e45dc548a5ed1f40180dfb6f20861ef6b61cb	6cb458d62860ab3d493755efd7abfd7d64dd33c19b326748e2af35b29edd48cc	2c7e1e9cc9d23d3fe8092597a05a6f3a4f812e6f157d02ea28cf42f53840ba57	562047c80728fab7a847e5c735068dd9187d831e09983c7569d3e3f9a229e78e
885	ff2bfcae899a1727178a1d04382829c64e62761bbdc6b77419bd66cd58f1f22f	d71d073ddaa516943994674e84f6a12db00c3cd14f7ec4cbe1e87f3c54c38c10	657e7f985ee4e50b324906eb35c4240f98a8cc59b669b5c12e0654b67e286e82	4db16c2482897d53afc70bf6d3bd4675e9e990261cf636cb3dbacb15bec93403	afead53f7a975eb29abaa0be19333689f94007741d8795a45922bea5676cead0	463669ca15bfa9a071591a5563bb6eee055669d6e5340e079edcd3ad20a75474
886	3de03b9b7a6b2a2f16b4a01738348950e9537cf577ef49b479fee483ef264da3	96099ed43ed5dc539bba192da90a59e932d18a3ccf68a0382ca89ee93fe80811	9a9ea892003dd4d00a199cdd47b22e4054935a05c63531837ecfabaa5f54552c	6bd3609e4af574d900e6c758f59125b301c18efd0d0a9040472230108d568021	50e89b41366e2b6081fd10a6528edd0c4fedecad78d96933a3419de64b97e450	efdd39161b971db449bd7ad2a5bbd59922da0ef48c521ab4fb171a7c453c2c74
887	8fcb93a7301a274e01a122813c032f716ddf96a02c181f8ef32df282c69a9ef6	38ceb7a8b27a316b9ef1445a0c76a8c14d4dc809b86fe1581715fdcfe40db2c2	33e5028db134a66df2f2baeaee3b80e0b02b876db3335047a6da24e370772e50	d9d6ce29d37c886cb0174431da964a76aba6c13d937f71230da5469586ec4ca5	326dcd146ab43886a6ed6a0f19c28f9a6e96c3235969b03edac634b7c06c11b9	f330149c7e85f382d5ec87470489a687e6ab360478af819b164aba3ccab32c9f
888	7a38436f6c527227bd059e536e4261491bfdba7a1c542070d8396aa93104e0eb	a31dbe71a1043126bdde8bffb0e0e8dfa0238c49941b5f5e0c651a3b722d9ddf	15f880f58dc91714c0a5cd36ce279c81d148b0f88b2ce10970cf62e2f08f070a	c412e0d9065203df83a6bbdf48fe128cbb2c23aea09abe8b17b3644299848651	dc10865b892c46f7380adccbc9bbecd499b6b2983cd03f9e316cb60d93a2224f	73bd3136c2ccb22056270368518145fd52a3a78cac53231958ff857d48965cf5
889	38ec8ebc7bd66879a3c3f7b91e80c838dd84756c6dff767607188b69751f34d3	eb615f1370c6c047e6fc6c44150996f2e7456f8b8a21ae9fe597923bb81cca62	bcb291f8c76d98a8b9abb352a0ecec73b887f2a81935196dd8c210cf81561cb9	942de815f959561ac7e2cf93ba3e0cddc1ae50b4036616415b821e26e3569570	f72b7d6260fe51306f77fe9e4aee1a46ed501d837b4f4b3ef9ab61dec5bb65a8	f74a378d2c27ef035f62ef4b427f71457e8b6f16e6febd48cfa88b97812220b0
890	ad8f24f1d9c35ce9c1a90b252e9d8f7deab770d1881a9259226ac24ed0bc7907	7424b9fb24fa084101e0ee51d541a7e37243703db174c71533601e6162dc0767	bd6911cad9f44ef9f96850745606d78f418ec142496e611dd1b0b58c3a74e80e	330a8095bc4ab96e9a63b0d4ccfc3dad4d2da9091e36b61b76501666cc3c55be	f67ca27698f341aa46c8a6b9be22f487a15518852cc660594157e23c707511dc	0333df20f6732930f31f355c2ec11503ae548adb895ae483c64c9d1eb8689ac6
891	116c8658760a8f4eebcd0e79e85159782328252202eb797d9df74a0e36a1f440	e71b7a38d5fa9cff3951906da81b41a048d50939ca42b75c7281190f061167a5	2c2787a3b25341700b1ce01504cdd9809ca0429c3ef5cb43addb35654b6ed86b	482808bc81a30edcbfcaccd4ea0d72598956a5b4dca13f1dc8712457496c5aec	7c48e24c3b259f96b7db41391c7a47499ca6e760de507596a8979f4a946f0bd9	fd7462924e3407c4fad5472f741d2d1d624a233dc02eff075665745dc4822217
892	52b2d6605fa80b96609b8121be8c2b1c7aeddc411e5f50bb5e77f30f5189c735	a6ac31535dd9a622e499f94acbde8ad8801017b25f6e56cdf10e134acc069183	52195a87df5d91f221f3f2d3d7eec60f5056c812c5cdf868b101650c2bac9e04	412df754f5c0c77843386620a6d658fb97c25508f2f3d967bc141b6abab3a491	55945886ca859a3d32337de53f862f42fed4d085bb8c2f5fae77afe8f4ee9ce3	026557dbab2c7b1016905b8f758b271bb60b7b0e62c4d38f7536692e1aa7e32c
893	15c1d42209b069ea2e672eccf6b0160c2c52b0b078a34cd665f441cab90a3814	8adc996bed84c1deb4227886d3c106f526a3cabec517496f4e85f2da4ea0eae9	0e971aa107431b1b7230f8d5905779181131aebf94e90e3100017e69bcedec89	085f3757cf88129027d557780076ec04435706c580f69dfd70f69c03fd8327fb	9480206e4ed86088c97c47befea5b257d3aaf51aee71f2c09c47cdd92d4aefdc	b9ed4c91140a9a2dfbbbbea1333c2d3c7cfec5614df0fac621a23aab8e70f29a
894	ffcfb34234ec91b7e93feed9ad0e2981c1703c24c91f186eec21e31dbab57099	d2dcc85520aa13aea0d9c6918b54acc684c984a6e39e30183c17ffa50897efa1	ac8b5f3db995f31e9119e0af13dcf14f8ed351e921918eeaad0c6b5f7623bd8b	0a48774c9cfc0a934844b0ff6348d2c11bff766e5f5d017f8bbd424147d66d31	4131bced41de2df76c839f2e7fd3aa190e41a3a709e283f560fb1c7123c2748f	3c0594784f6e09001205be7410b91981b3f36da545faaeffced2f305c5ece799
895	238193da8a434455da5970052008298dd5ae243e90ad01c91184f5dcbef67c23	d02f6461cac3ab97443f3dd3a736ad3b6f81186da9ab394d51725f35d7f397d4	2e41d6982c890f5325387cdf9213ac6410edb43e0111eb293f1ed89d50a42d6a	07ee1c900db7e0e6bd4e3607c9829545d927c642e645402bc4043219eb96ec52	65d3a18456035d4607d866c6218bd381a6a5b3684d5d742962c0d81a552e56cc	c9bafd8e7ea202f625c1c42153e3699898087c1dc32bf67306cef88013288092
896	a11bec0cb1972e7bd5a1ab68c3807cc52df82deed26eeb2bd7c5bf6f03f0ac2d	b923ab78298248d0b936bfe7e35264e298c4c4dfe4233955f0f865da980ad677	3f5cc1115eff741e0b752f2ef364bb22487509c8051928b349e23227269a4bd6	74581942866d2b0216b72b81c4a2fea65b0ba3c63505fab8bb52fbc524031944	f1745e493bb36f3b147c37a9522faf83a8e7b0a43321dcd1984f75428324d73e	105b69596c79b1bfb503bb0f0b4255107926a6b716cd4ea3f5e0f6262d9cdea6
897	f087680a7daf1aa68047d5d90602f6448d67f45147f9e8a33d8f22d7b85ba532	fe2e108820ef76513fbed643d35b35592df6f6ccaafe9f6a4ba50ca93328f4e0	e1ef6399c81492b03676e02ec53917fbd1e178a6bf50279447d850556ac7a0f9	cf02f703b494355ed8061fd490a9530d5e6a459bd943792109e9129065c31402	73616e4db0c782bc544fd551a545c562e00aa137a8ccf6c690dc4a0dbf84e876	d9e5e9d6cb83f18288bab16446bf629e0902c8821f530c11f1d1aa01fbcea6b2
898	f5780214efa3370cae20f3286158c58e297de8ed8792188b3cee053f7a2129ce	f09e0ddf773537d156d89127427816bf49061f7515d148b30942126491d19b8a	d56fc0d7b38cc37d0c6a827c4fb0915fe6aa78b023857c81487ba2c56c5fac56	90ead45e3c0bf8ae616c9c2fb674a25cecb76a79c8f9d6b1906f2d94589a5b83	8c6ae4166aa1594c43e9f304c1bebf42917c56e977ea4eb24af5c96e0b2fd34a	3f335db3629da19a23fe3e4d0847c94b6256bd43d80491af4099529ffd51e425
899	c285634213381dc5f5fe6e8b917f65e5f239592b4ab09d0385eeab404754f643	0a1fb6b6ed990f7f32d1ba2fce6d097aff8094845235bc84cb424d69c9ca6dfa	02a829078452c7951cc1bdf65283bca3417c7d54f135439cbfe5e9bb202183ae	75db09e84e8b88164006c69d0dd062c21e20ed3adadc96ddd3eddd3188a82db2	3b9cd31c255e701f3b19b8382c9266e42457a1b1c21565d8d155dcb1f0af052a	915af6de438a7e2ef75be6dc0aed416d4a4d51f93d782f77a9c87117a00f5b1c
900	4688bce407d5187246e1b881cab7216a78bc877c0c91e895b685fb0a76324496	b159c20eab677aafac42f110899bc1ed90bae645ccaa71edb740bb5925cb25b1	cd6b9c6d41c8eca3e96c62723b8b7f6ed393f96b8d3ccdaf5bb3fef32bfa38b8	77a1608552ceb1aaf9855a1672298a5aa970d92f5b6a1122a94018e7554ca500	17bb01e6d479a052f341c6e9c51de2c1897090f2406017934147e2136dec448b	0928e5f7a97674a9663c7d070261176a29618c40d9b6427b9bad58614685c0e5
901	8af334884b7346613da559fd626a020f2484224b89b138d1ecd4482c5b93e347	4e0ca6cca98bf8c29bb2e5544e57935ee0477ca6e5ce476f81345449cd267bd2	fd16165b8afa719217041c286a79552116b3d88dda2d9f0b11a585af30326e44	48b83dc54cdc077141ac8a9d9b65eab16a9ce28032168567535bda39e5bf15e6	f3c1a05c390f9df2878c8ad909738dcaccb42e5aca620b3ec32d363dbe9f8e54	31569770833676ee86bd59e51dd13982c0bf472b946ef0a247cbd98c10a6cd7f
902	28918effe27ae829a9f6100f282a74725d8808c605bbd7bf079d70bd6cf108a8	939fff2e5a39ea7bad2f17220dbb6e2ce1fdb9b4c5e23b4560b9914e4e86f4c6	82908f4c6852ec0e390b237fae0ef477e8519c972341395bb3f497c12b504e09	6475d306b05e563ba6ed614114d817da71c1154c7274d606d1b002aa248ac06f	bd921b29049d9fee261eaba98471654c384eb1279010961fed6e180648ed57ec	5b5a55631e86ec8a2567bc869ab4b29aec5ac03f1044f047f9436a23551de123
903	f831b0ad5ce0ae8acaed33ea478b280e8726cc0bf23741134e0c56de0e7cb6d4	5a52e580b311325fbfa1d238553aa6e8c7d83de406370a96728a068e29e4d517	b3e6db8b71a2613f1ef5b0d4623ba9315fa9f4405f065616ac3c44aab612c863	5d59db94dbcc89ad7141044607d7d28bc823c6b917ec8f1aa32cfe8e896ee91e	e1b949b8c26a41f6a222b173b2c4829b969a073ad90e184b664ff8f29fa28cdc	1ca3ee472cec3be1ac634b26ce964e934ca4e4cbec2f72ad7b6e5bfc86b05bd8
904	952bc80e711dce3f2691f3f3aad487e608173b3bf0a0c6d77323df5dd096a605	9fad3982a2c845dc4346a31aad44fc6a785e570f64f97e4b556080c507f54720	46b0c3f6a40202dddfbafeb7e3d11fcc496ff22d719eccf22b98dacb646f03a5	b6d1afd96afaaf073a316f64a81398dd1d7a3c34f0ff3f82cfba2e110595d563	cb254a5de89de8fa569d4bcaa748ad9bed0a598da075c32434c7963081ac1b80	7fe5f8110b4ae8c0f6cb55fc86f7009f4306c9d207cb17c4d74dbb17192d5ab3
905	a47fb0c4aa5c7a315d25d3c1c420d1dc5690e00b6a8c66afa0809742105b645f	cde4799bea2879e6e5446d2e10eb2634facdc007477ae680d74c811729d76328	cbd6a80ba38f0a5dda5c7ff78ec52890ae3d1bee01c6dd0ffeefa0235c6441fa	32a3c4f26550330eb92c02061a0ec0223fdb3b8c715790dbc77d32523825872d	3e9322fa6be5234b1b9c7089a8d80a654d1b9e04899a8af5af396313fd222a97	efb7709a83784562bcf52f93e1b79a8011e6ea4c2135880a53afe462f7a2f43d
906	9bc357f43707f93134e88b8de91617af2802c513dec3e93fe76a5316bfeb56ca	8d8100e7149a1b68b753febbd5ee3e4f6d985c49f548fd0e6e4a1f85f3d17bb5	3e1b9f23f0918d629027fe781da62bde687494aea502b448c5d1e689d6ad5db5	5218058809fb9742869fa67c981dda80c03a8053aac56aad662560eedf09f0cf	e9c52cb32251c062865692bfb93c0407308f8c500fe9c3afb6a104c1d27577ad	45e46643a2caa40b6c4eeac66049550fc5f30f57d903765f333dff4b6950aec0
907	001624698146e7f107d432236987b037f2528cff98495d551d814965bf2ee9bc	1ca55f1c1044924c3e2c58f88b17321cf0d990b9f8ced209599cdbeea458b011	ec9649910fda303a9185bc675e6ab842cd1a655ace4ac7452bee24580e6c6be1	658dbb0d80ad2fe253b35ef9c0c80ba6640af28cb9de1bbe72c61f2494684a47	ce4a1728aa523a40c761191211df36c01a32ac80ffef5833da5c6255288c924c	06997830da4d6f0b0e5f3b2f3da44d86bfcde900e9053a52339279c5f050bd20
908	e0365ac0c8e030e658f24328f7716617ac57976758d52dde9b34e5183e8f1cc9	1775cb0e02c5871b8f3450cabe42d044d92ff1af441f7cf2ceb98b5bbe606f34	5eb34380e06640dd84db79a31b3c4b0d3138691b25800219f68ba3ab16d6d205	981ad5e3fd9cdffc483b759faa5801a3c9d40437881a40905a092f9e274f720d	7a05603f611e5929e2ad43cae7f4275e413fb7c948c3533b4abb8be69895ca32	9c5654a288d92008fde09332d820095feee7ace57a19bca224a7fc7eba172cde
909	dc0703e078f8e1b83a98f2f6f15f22b742f888a6d4ea8fd6b9be4d04ea2bfcfa	e2f2bfa6050684f04c4bf64d518e09d30041cd94be3e413d330a225eac087a27	b47d1ee9b6351690a921c9773fb36e561aedfab8a2db12ed43dd975c3bdccf71	557a927029b4642776e6d2187d3867d265220595e1c0cb3b3756de82f0589854	b690c6e8a508b7b29394b2e11199145b81da76a642328894cb623c810eeaaff1	39e5bb51d5dae90b7ef57a831cdb03e5de2fee0a79836ec8ab0338439d899e31
910	742f2812989162fc49d1018a0827dc6250302a5a6a94be69173aa3b595acf48d	2e48ceee7db2162f38330353596c9b5f4005ef20d59c6c3fa03f3dbce85ce583	a5f70df49df808198c2d8a37d561c37e276ae14a03ab70f19b2ce0ba59c36319	348844f7b9961fa22531fbfa900a11e26ae52934629b025d2bf4bd943af07092	e12aecc4319002f8d742904a1708fc052122576216b63f27724709b4693c3740	6ae612541cb4dadff70bb1064bf488f6e4c27d6195b8dbdd4fc6eddb67210a53
911	d4c887e30da7b01e7bcd8d1f726fca43b5e16a62a6e190dce315d4bb82367fd9	b0c7fb7b696648a3653a475aafb152472367ebadb28f7dcad983747ae8c6b630	471dc8f1ccd5d34888ac0afd26d964a4bb5adfb837ed0c94e8cfa66af9e2744f	ba78a96e6c70f0b6015f3fb585b5ab9e1b597fbc3eec4f9203202544a490a494	3e8d2bb769535cf412220a2b9d5d4a246d4e932407f4f0d05ca4d9732de08317	41de8b9f9e2c05721a21dea3ae2cd04e6800674f197fcdb3d2e272df81df2ab1
912	5a44d72a16071ece2160cc31bf1fc2790afc214e3607ac91934767b56ce3b95b	49a95ea62af36f9c75fa1d6d0262bc63ab6e102f3abd8e48ad3ce82d9176fb58	ea3b483967d8e047f8d10f8b982f76b86ce9e696d974c30a0b8dd416e2744f9e	41379c0ce51be66f7c0af73381729680dbe59d43550b7ed408233ae5d2231cfc	df165e3cd61e92afebdf91acc2e6196105eb1398ebc03fb85de33f497438d4ad	62f74c50db3749d7a33ff70105a9e8053cc6f04a83ef033fdba13b3d2079ace2
913	62eb978466dfe7b884044c3820c721a356f34751c72f07d6d150dfffb2c6516c	ca591ebccdd0b356d36afab16abefabee851d3d975d8ce6beb09c5981aad3713	35a0d01293062db10e9b25be82cbf4de9b20be125d8c7a7cb4826e924455e45c	557767c34396e679f48414dc9e0af9ebf28da9f43b3446f4999d93314e5385e9	e2749fb97386f5c3a9932fe5735e1e3f282b2e2123cc1e9e72f78204df205f9d	b4ff9ab2c54247e085b820b9bc2c5aea35a2d668c9b2ece2acb6cf35148fb2e7
914	2afb4dcf400d666006e96eea81b450d92641fbb425fc5d327cd505fe5e16fab1	9d330d042284ee33c7b3dfd7bf47144e61a14aa0f77ef166b06c65202749ef03	50c9aeb3d870aff14af3e60d6398a045bf7b63e469d0837eb84018d5008272c7	5f61c69ed23163f2e8a5e4730d97cf4c6454f95b170a4f2127b8a895a9bd645a	36360ca23b5b00a486b3def4df8451a818491ad3a67f2d119a608c48c83efa99	1cb78b08a1d03208306ab22a5e66a2ee4db817ebbb1b6383c160bda8df9ea3c4
915	a9e7b1a07b9fd9829034368260c20bf62d9bd7f8e69b0a7f706f61936bb64a9d	145cd69f340de80fde54cb3251361c70c03da9f229207e315b1ab3aedce2c612	6a3d378bbb539819c659fc75f49dd0f9a1241483341e4068e5779a1760a9fa4d	2f24fd63e3696ffefd544fd530c5c4c42162a2f9358d172b5b2bb0162b977e77	71f8c5ed127f8fca297d0f955bff7bd158922c8cbb7058323442c6c9092b781c	fde8bd5200f0f9882e813fd90226facfb4e0d7d6795d83f95d5fcfcefd8e83ef
916	e93c6b201d593901627fa17e71d83fa757c829150eb9d365462afb3d3c101886	f4d6f4c9d9b36df327beece594a3ca3fba2b5db09798afef76e305376d3dc028	32b47dfbaa6b01b8216aa74042c1a08b03b7dafda62443586fbdd06633bcd5d3	f98b567cb68c7a44efe695d1e539d3602d10f0ae017480105cde179dc0d941ad	07ed0c943d2770958ab1e079da6040f8c064395959c67001d0e226d0308c248c	0b89fc74b054c7babfb7294fd4bc496647df071ee6339d71a92a1123df661144
917	b1267fbadd5ca063535c78a1042666ce7fa455bfdf51d10d1e26234702456236	7e7ac1fdbfa646274857b63b3032c50aeec6112679d4caec52d99eec7174078e	8e18e9669c5e35d62504912f48089ba8c27fb224311ba04c7643ab52a00299b3	6518d39ea691e36fab28724e184ed0c7194a5231c8f95a9574578e27d6687370	26408e621cc752ba1b5674d84024483d2d821de0f62d3ff73f48f8a473f50981	9c22d58b24691d7bb530f85b6dc0bce6f08348d86e7cd778e1f754185fcb2276
918	508c93fd7b5c49e4769e8dc419fb57dd74b009b8f70a1cdae195db61379cf573	79c2172165c6262e52f04caf4fd74eed633981c3d59515dc6acc0d7ff629413b	dbfea50c8dee3c0af15993c489229a6fe03a3bc81c3a7ede2bf544f3ba8283d7	3c8db519361826b9a63687afbe920a7f304ebe02340e0bd2e0427764746c0f32	56c2731f7f669efb49e6fe2ca3590a19d090a881be586a5c882002d31a392ae9	362f8acd6e32beb7c845561b490f85b69e2960f0d5602417136c9184ad467dcf
919	53b674805860a6ce61984d1ef1c5bd1a05c46131bd5fb338b70b3326cc9b6fea	220b7800820084efa2d3763f1eb5cb7b762504835166bdfe5e2a3a218e20a8fe	9376e36db1b12482956998601446f3afeaf1c59d2e3b4d3abeb849dc09c51b22	bdea1b66facc1fd1136125299ce7f9138ce13f4c15178dae163e7f595a9a5ab7	b062dae7bc393a130a7b9424b7735a5f327d9ad9632671833bbabbd5f3e34a4c	a3222d2be80992daf3354a1c20fdbc7f7ec298e8607bc7a6134f4ad059c0e4cc
920	a2502c9ac214776270ada85b79e3fd2a1ddd96c93f94bc8b5c4e44d478502ff5	a4828c9c1257a94050fdecca078e10a4f502361d0271ae99657cd5e643642aeb	3c308401a5bb699716ea992b7af9dd9fce7d892a969c8e4204102f35b485e474	1fd8e9022267b4766ac21970164644d9049e2039fbf0f71dc2a8b24a0d5b6a55	a1b8cc73439e9aec27d60d11310f1e629aa49dd3d0488ddedad451bb97e67145	9f900f89bfe290a9006733004edaa9360addcb36393cef43d956a849caeceb2e
921	504402ad70cf36adcb2405bdeeff421c55c299c5f526cc3c748b355a32d0054d	e3efebea5024f420fd854e516cf44de065bb7cede9923ff55ae7e3d7cea33b39	3a2f31ceae962fb053be6f5cc1cb45a2e79aff2acaff2891645d6e6d96bd2794	d35ae08338802b7026e40df3eb51145e66bc351b76a9df0bf627ef41db33f9d7	e436124e14c2dea08da5d6e40c8c948eeeea2f37fbef0d23c6dbe72b41319eec	05f7e4a430212764eb00079ef3b7f37a235e812e9f025af4f9657f624e764f47
922	7694ee139bc206b356c91789ae89468a283cece2fd91b03e960ca7cbee599629	7b33cf074176da0120f99ee8127d8862f85bda3fb636e57d8c1de53325e57e51	d1357c32d9365387ad4027b1237ba2a9cf31c3cd7d7de34919d009085b6af234	cf8ff587778522f71937e072d93c000d29b1d5e5b45b6cd65d6f522001c26fe5	86a7e30ad7f9537615d97adec2dfa8a34fff3077ae9d619193d7f399fc1087f5	396fec0de4ce712f78ea59aa486e018082b51fd98391a56746369873676b46be
923	b606d8e6039acc3a9b2ded8473152d1679761b50c1c67c6761a1d3d296baecaf	7224624cba33250732d49e49120278e9505db0a3f601a555a2ecee64dea3c53c	a9fb04a037ace18d49dda17a0fd9f345c208dd2c14b040300a8f75eacbd84e98	c851b1a69d4b5e10e1b535b125c973c8836f34a6ee6c8d9c78d74b5841487a74	70abca5ad02da5e3ddb2dee562b574b72cc1db15edcbdcfc3aecc60e94d4ef63	4af38889bc3133eb92a666ce815829cd01885f3cc1ca9b4c13b40c37a75a1f94
924	f3987e914d05177b2f22c9cd7e74ec03bd8cb734d38830e7d7ab117701ef56af	7f167bf7449d2014bd165997e13a2422eba0c74ee4328f399fe5ff4a8ead97e6	31a60984f78b6b7cec0003649333191052d63f054447ad7735cc21a945b5eb27	adb07fdf0fd3cc8c741746681605f976a0368a9873a8b03eed30a4668eb08e2e	c9efe31bc2a54295978b3f3a319063e45c2c37a437b6a9ac729cd4cfc68ef636	e3d72ee429e4861fa1a9675d166b421fe68efc8976106b69064f9c25da2364c2
925	5d1e5c6ee54bb6d3c24c4dc0a00096dc4f001f801a3e5f0a0fbff6a92e660994	fce1388f8ab3bb966bcce96f581cf19a831cbf60966cd38e7a47e1b20678de87	3632ca1d8e3043f873997929f75daca73c42fb0bb61377bb2f8ad14a0737e462	492b3ac1c6a8e50c4b94dddff0caa608ff94bbce018a87907ca5dcbb968f4018	75de81ba313afcb481999cd17359f99fc47994283df30e1c22c6f30f91b36e71	2f8a7cdbbc44df675a448d53c840f46db9646a980d56b27c97c93fcce6abb7ef
926	c3e7f8261bc4c822c833978dcee2e8fb4a952340ee012ab9bd8c279069c71980	d623c3552a95eca6a3b78b962f8c0da10f799749607874984203f1502d2c3b21	e5e8a98a675e31c14ab8ca022efe4f1fb129f21447c37f3cf53bc2fd9e959ad7	33981ae6ab0086ca3d8ea7d819ab544626ce8e12bea2fc6b3cff9267a94c9e41	5807b14ca0650c07c9d5a4742a868366e9b4d84bc094b91875a334fa6a7a8b38	821c9aa3cd120ec7cb2522cd600e3e1dcb2d180eb928ea7c50bf00e48cc2b229
927	10d5d80773e3fb18fc77f50a233377a60d1ea8cf080d5067d26415fc6f3a5bee	d8a6bdc0f2fe38d896312f3c6408eb23b69f2dbbe40b0441bf14efd7792d1932	1cd7992161a16263ff9c56fccb366303bf4e8b30be5a19fb0eb241ada22e5dde	87f9677258df901198afcd480afc9db6c0dd07be59e0c196de74285104602428	eb9455f92faa77e7b5b455733eb8811ec51233dfb49478f23183051b38d34ebe	f887006be5557d17662874df0ce4ad1b8e4997bb72e923b321b33367938d0b78
928	d95657104112f729db048307f577772a82be0023b859be539666c07f7aa2d390	bdbae8297e1f3291c80e1e5f13b5f19790a5244d9a3be612295eeb53c249b9bf	457c590ba0cb0faebc06291480d1d9efbdc201c0bf3787c28ffbde132faf11c6	07c329269cf953ab658495463333d31ad13e80e24e515964900d3a6c41927c36	ed5b7803a463298c0c3d947d129235eb44622eb7acec3fb39fb3ed707c0eda92	ce20cdfa56afc320d4d6e5455567d039604c7407621b006509f219e38a61f0b3
929	05a66e6477fccb473e35a1015030c20276ce2863e0428e99f016e5ffbaf1e86b	1de51000dfb524aa6b9f5f0e3ad7d46ec11ea914901abe9238463a8b7830604d	823892a680ba753fe0143a7d4182c578069c61ed7efc2dddce0c2e7e5e0a2a13	01d329286cb872ffdceb670966010546342b64f1be8c5908b536e2aaf6e76d6a	2f270f451dd8a87e641833a63bbb16f28b26836ed6008abeb3e86bb596f32074	a14abf15456902b020fc5f6eb641c1e146f3e8b96d6139e061fb169a7d0c9c25
930	295225c4156fd47c1a61aed84c3f5032097607f4802017310dc90ade38dc6270	b527c391fc344d793c1a9c52def7b4c1ebca36c3368862c16f3920197fe50289	7145ebb3711862711ea2aa423dd461d6d4fa06ca5b2565bb8d9a20b23f3d69a3	c1904f61241070fce4dabf58f4c789a46a34e4d65ddfc643540403e6d972efc5	30ab43506431a07d16aca002c5a93adbf0a80f4c809bedc2565c0ad7d1c3d26e	1e9b5444b18d3f1a0977a8fa477152809b91606f9798d201c34ab7df578a6c3b
931	da3b4c796cfd085f828bc44aa9f07ae8f1a1acb8c2f557cc060b5f870694fec6	0b9ed0410048b477773d4d44d9a2da4d104bb4927a9ea5baa7118d7bc24943d6	0116c06e1ba20a16498c17ff0a19d92857bf0d99b6f8708bdc0488fa1ac39647	76e2df1169ae1280b56ca9aca3a59e0d5f77626e484fbaa860801b724bac4141	d39d5554a96314f08ec2aec0f7dbfe62b71ce858575399acdeb6ef7b0d4618df	6c0a6e1ae59ebe07c231815f3b156d3511b70c1e21bab2154a4c7acd46f9beea
932	a0b89a63d3907d179599a3014acda8615b7ddeff5df9ead5e7036861ca2ff4b9	02fffef3bdcb7a959f9ad7882ae46e5b6ab73117cea69556a5eaa6ce34d3377b	da4a202cdd1c6a1ce3afcf9da773115c04a62061e641b43a4ade2649c1e0c9a2	90e8233b4357b9993980bcc048c776f087c07958c781348fb1857b0efd60662b	21149af20f67fb6bced8d593aa031bb6404482927b5d6c70debaf1bf3eafa45d	f0adc3924a1c8f7432de6ce5afa94012bb05c9aa4f1605628daea2cf65657189
933	74302e97f8f9754158050b158fd7b6377a4fc939fa19d68e75a0a8be680426b8	053398f1785758332a4854831755ef6da1f2c1ba71e10675fa89f94cb8c42db6	9974b6eb72e5f69c70029dc883de5a5ef81f772b2a1bed990534e74c245f74e2	5c6bab71ae99da0178f818f2e04e81ee6c4f85376360261bafefa89ccaf2cf7a	4e6404df013bd07d9c2902b89ab9e57b14cf007de4e6a8e96a635b168fc8b2c5	d5c10971f3862f82dfc32dd0405b0f84fea1b586e86156482d201ca2ad66f0e7
934	317a09e15df1dddfbf0c8d3e61fec21436a07321384530920d2a6af4bb205d72	9a788b81160beb9e48340b667960c5de096f047e62d286bd284654c21cf50b89	603e77671a0bc16098f19feca613edb6986bc4953787d26f6c7fb6460fd7b635	77b817148f10941b22af18481b4b0e8364c2e038582a08bfac31d461f47056ec	ca4a8547ed649fc9bd2ae6fb536d44d78dd42921149ad16efccbc86facfda57b	ed82e0ee12b9c666efc45d54cba70b2b7dc2fe057606a59c73498e5734b2e5e4
935	8a90256f3e1f74cf2571be940b847e1bbd8db92a975895522f62fc7ca0f66f62	c2fe0c2f63d99d37bb909bdba57f217ea048d393955675830e28e3a2f98781be	6e539057c2402e6be8163d9e1e4bb7a7d3af1464ed9989e87af57c6b63a24efe	63cc2a258aad456c3563531a5e7085b3f2b3b160295644ae87082a8d79e6b891	2659e6d0545542d80baf1883e693994ecc8059b576877740c756a168d7e02007	32909b65f9fcd50f46302247d2b878410e08f65f963ade5d3fa0dc96520caf8d
936	a7cbd443f998bf6612a246696b15a5507f6a03ac5420cf83428e2527adfcda99	daf39211bb917ba095a74283a1306b919bb011720707b4a98e29afc701545b46	153bbc85f52ee1ff8f9385449a3f70ef3769435d9cae39d7fbb7566e7e841fb2	e10f94e37672a6b29ca58a91c92dd09f6769219f0e1c21e5e9c152e6abd0789c	d22fe26601c2873036d10821494447af7709f614623bba4ee8fe0ca6cd3204b0	dff5501e5ce49d66b358fced5fbc4464934a6ffaa6be50a22be037883e96ad33
937	62779ed19d8fb0bf636bb74a7b90d0feeeadeef57b873d31a3cb90b11529a3d8	d3ec1a4835a386caf4f651c57aaace65061e4754e44b8bbc77224f11daccf58d	bdd1f41bce17e908690e3681444547994550894c67ad774c50bd1b656a934c79	b023274365a9ffb469fdad590976a75f4a3ced47419ae41f0d6bb17d72c16461	41a8be5ad0f4f3a86a12b999d4c8f6845abe63da9f59299259bdcc7dbcbbabd6	e70df9fe39d10dcbe9753c6da38fabcaf3697db6dfd35294432fa39fa023aef4
938	4c6fcd5e30e0c9c32ae3d070ef5fdec5c413b05031c07bb9fb5609264365b49e	248c490af90058b4724280cff9d2bba3781e9c3eaf1407e0eff156c0e211c700	b5d41d0c42be81d07175c76f93f1ddd15152b0a61481c132fb3809fc7a5a503e	ce4b3a1a40febedc1d564867052f53b227ba2c856090569c9cbba54403f4796f	103b025a74056ddae41e528f64ff7bab2d1a885289c4a077d5f72deec9ccfefc	221fd5a01731c986fead2f1c7eef25e77d431a7ec5f5f467c297d13c80f5eb89
939	0c5106bf2045e12f871d0fbeccc1cd8abf1b3c83879937b729703577995f89a5	53459c32e57abe7226f93e6a076bf44ccf11eec6faf6d7025198d3255770773f	cb2de41611e261a30e5e1961d7fb547f75be17fa00c35511c7925c7a468dd0c3	da872b279a20ec5d55706cf5452189fe4fb039dac8bbb16170d0e0c84eaa6e63	6616710a1847642be1c72bcd05a75dc6cab252b3f183231fe7b593de0991a4ba	992d54d05249413015b98f3470016b2ee4b1136ecb6009889a517976893ea08a
940	609f389d7785d2fb9086ebf11755f5866afd204bbddf73c62ed27c65170f27d5	79da1ac2d3ee4ebf87a3d615063173f8f14d284e285384d9b501c7b89b51d955	4ec7f1ab485d1e1f1c5b6fa869a75c371a877c674b8ec456dbc87f14815c5652	609b25605dad2a2c402c7c8ece342a1e3bfb66ebcd03089fad784c9d2eb213cf	107301289b801108856b1a3b85f12219d561dc6798840bde61a1dc9bf25cf8b4	4feb6090259b40d971a3635e242acffd5f78bd94dc3210c3ffb0132bfd820b27
941	c1ec7d50562041d1e348c0102b42dad6567b241708ae5e32938a3939081fa292	153b63c6043f6735ec7d044dade248d1b616c92426b6441340a4e01fcc7c1ec3	72aee5f840bf82f342e97e9e03aaeb087a1e404a65f6bc72bb9c34cc41f02ae0	eaae4fd8f036688ce504489f481d3781b67629fd3da36b0abfd0c3863dbfbc86	9578b2b10240d62db80f18cbb290d4599e9435f63c7fa88c60883e82b764de2e	c5e853f24a1b07f111dd1b5490170f5df7fe26c51bdd5163e381cf1165358eee
942	64bbb5cb082ec1172ca67a2da038c39a01a4016aaa19c1c2920caaa0a2c1261e	2f6786f60983dfa4bd3a837bc54ed04beb4398f3a7addc1f2c38dbfee43f148d	5eef60023b111e8b1d416f28237e9124f4e345d58092517c8c9b96fd548a6068	857cbdfe6c95fa1a154b5809dcfcc009c0f2b9d5b3df38e18a581f80483819f9	864c5c060cf7c47fddb6c49cc3d5beef6dc3f01246aa10e1464e5588dad526c1	89b44c80779a39fba486617675d3e30c8d739301459215e4b9106072050bcfa7
943	d1521d138f329a56b7eb43613aa815f639a6587334e477a2b35a6ad1f0d6c9fc	f712130266995d61a8f577c1b919b80226e67dd2f29d4d2f937013006609d3d9	a475e00f2bf2782daa73fcd66e2b159e0800bfae60f58d875315e1715bbf78a7	6f849b19ac2cea648b16a38b4260743a07cd4faaf915938ede7ac1f5d1ab00c8	13d0b6d57e43479ba0672eeccdec5695794c0bfd7643288307585032c4c33003	8c9d40788ed3705c2cfd8d7e3fd460dcc3d7d4a0f8f9c009ad22e52e1e9c899e
944	b7ea24b8d5f9c798d8fab9cffbec57964592f23cf87bff62626355a8f3313d44	0eb24e39ff7cc54c0a7472c552415716e4e4f36e86bdcc0d8f52a9c02848f874	aa179905c53c6769404a4cc78cdf7af2cd56b5d3846fb7f86ae252f6dfaae05b	666687156f5ae88507e237f97f4e3384b0ab394e7b16ae51d7bafd89aa8a2902	e8645b63c319f6df744a3e329df2ecb5e4cb0522e896ffbb94e0c4a066f47b7d	44a63677d87f5c9ea5d5cfd08b7e45c489792a43ecd68773e5c449c80ee310d2
945	05903c8692aca1ad018337568a173b8ed80e8a64a6125a4e54d0ee431e745494	e0dc79cc9c70e87b111c4f8c8e5fec57eb48a7446ce4dcbb1e0d81e81ae694e3	bebfd0cc4222fd55badaf7f8b37d5f5fbaaa59175fa21c002ecc14a0dbcf48df	357d99f8c2acd9ed23c54e31202f048d6684ebb95cf6a5a1637958b77d8263b8	ea7b33420057037c7c302a22777f8cc6f1146ebbde381bef39964e4b566dd498	b7c793dac77956b96bed8229e78e8862603b483d66a6dd7a1ce7be4ede43bbe1
946	16f963dc91e77e77e7cec1e1966b6093f58998c8f975c5a03649e2896b7358b6	a3e25b45fcc7aa3fa04ef7277310c1e32b254aa24e5b130c5459ab332e112645	bb2863cf8d628519d25515af90a856c811959e0d8f88ab848cc98ec834032358	f44ab8871edcc30592b935c89e8599a3ffb79100ce94574908779e5739c4d46c	c0c7b273c627844cf3adb5cb760a8aabf1bdf1ee7e7463a6eefa3d94bea0a819	a268d901ee29006c94b20b332a6fa76562ae82da1389f3764059c77e4bdb87ff
947	d4426a3eea0c8a1b908ae208ab0c87615d12f32e92ffd815ad084801c9368b05	2d0ac5dac6d06f0021db3be8f63b93e3621eeaffc7473365c7be3f983b42c502	4f055136224ba90719b63f574d8e0b078ce7b4e65cbf29a59757a9025f37b8a8	b14d61bf71f20957dae06401c37e1dc8e5b7a3122575078841445cfbe4a2093b	38c5519b11938bbbe989a10ca00672ebaad1f9673a6e5692c1693b9c0882e517	8b94a39d96d17556f13dbf6cdf978ef21a162755c42f1ffe598049abc5c46bfc
948	99aa4b169ea28349d70764ee905e88c0493598992dc79f7479a812c3f4917e61	afaa6950a5a03f44aac26a0358c10b424548759cb386ab7e89ef3210fe238b33	0a86c9268d2e8171819a9308a8a6361546b66b80c854d28b6a5f9e46c27ca37e	4abd646f2da0bb9d8bd8dd93eba53db0f7f8c4985648642f5ea3d0f3c4b2329b	3b932ae87b4160f9855e759dd5e813bbeee9fec8c9a3fdb3235ae4a47d66c187	a3ca7f0a256775b5fefef3319406626622d97970eca54a30b425a809bd6de9c1
949	70e0b2cbd83019bf1779ea4d33d5bc3257ddc8a135a24ea26e1439fb49aefb30	49f1e1dff45ee643cc210c3a204cd5d396095f595e33bac0c7ec28318c4cdb34	c466adcdfcf6e6113b0a3c229675e90181eaf1a7f626e2e98cb357913f395080	263cbf69f01a9c38fd50d3d432e10b58dccc9c8881906d0304ec287ec7c6c8f0	585c4cc32591dc10e3173ebd67a731cbe600bcb2ca04aa659682b743c96d6d4c	c99ccf87cb8f9676d4b099364524bd7e5c263ed724d69762a7d012d09ec5c03a
950	5599564f9e220c4c8258a54b302ea853e749af849847c6158b0b6dc7833967cf	6a91b82be59ef04e04bf4055171a8ace385dfb0bc26441dbba279fa2f4bd7232	f7d2aad72bd555538811f8e99ef330d3f2dcd099a088248df47483b07947c9d8	1e9f336e5c01951e66fead7058f10f413c9c178c04315312d7b8d45d75e59679	d6c01054039b2c981dfc44ee592e531e54fa0320abb0d12065c35a9eb09470ae	bb927d8c9a26fdfae6dd0d8633f81dd1860c6e855d3af409d4e858dee39e6b00
951	63fcdbbd631aecbcf1cf2c8983c4e6d070bd8298fd169de8e3c4826813120b23	c7165b7b89946d010b8beada2935b8e22f9580abe88263e8ff4744e34c664e6c	0742ab7cccbad6e1ee924c22ec267d1bf0bfba11af997dbca5110d2680580b15	c603aa1a94d2466740192611b530cbc470375487d861ed6104a373c34d696539	81dc830e634459d764970d8e17c52f30c48409c2537d791fca779fa31fd428b7	b63305a7cc80df0a98d4b0ad160a1da3528084e59076f387b36b05085981ebcb
952	30dcae7d84669060efad77f2dfa51573ff7794811227eb1c8472e516052e918d	5ac148c2f8d728b14e414117d284a5720cf8c335bd0d809b424cf8b26555e63e	01e53774b23573828f47e1e8c683057c09fa18ca9e84bb169b94cdf9d8a3236b	98b6174ed3f6d547b8251c581978ea489420e617015c60e8a3c8f7d2cafd7e75	6611bab578b17caba71c8a582a8ce806d1db66a797c3c4d75ab38980d9068779	aead7196393c0d8d16b5b4a763f0fe05c7d7d4f29c20c8fb841c528af8de8b9f
953	f84279722b52075d2ba60c3acbe039c17056877204d290048c689e85ab81a571	e6d8108571b37b8425b120127701ceae959b0d4d0b29d4f08bd1ed1e5dfd6937	479992f87ab537db5bead2b7de6887462c7aed2f03e46de8e9857a478b0efdef	04ec9004db777d6b265ef683fa29a250ed965c7f8bf01b4115e32450e16a84cd	11eab20b883a18aa773f963758e547b295bef0e8e31f8314734cfad2a2deebe4	a502ecd0fd64e2ae2c4b2ae909ed8e329d3a131a564ea02b7297b7339b71efea
954	10a6136db7332be737992b62a27733b1531ec2c64f2f07f8d711f8dade3e665f	c12a285e423283fcccc0d6811a75c622f44faa1531e8d43bf0390cf2a0fa1f71	9e1e5d9e06e11764ae8f544751c9924d5e9b657ed28958c7d8394941a6d2a334	d15100ed466227b71055da112d3e85f3eb8e05e04d5201647a0e8942d53523f3	d54dbf9a36ea3ce69da9fdad8be047f06d4e1e0f683bc381129c27f6d22cd201	5924599190264ccc941aab671e4a55755054db4f6edc16edee2178b5f3b3189d
955	a601ad83a8299ba9706b3205f1a6c27d070c60e34f6b33ae322dcfe658810456	ee6e58f7888fe5b18ba4d56642d0af864b46a2dcf08ec39e0fcb865da31ef53b	a1b5378eacab52b44d738625690f858f77d3dfee0986287f91a67bf864d8dbc5	1be06946c6e841ceb1ea7c92f137da2190d8ff8a2d6f5a53fb2bc65ded4c1473	61b344fd01c6f0f98f16b38a10a52e8ffe626cc81bd9021af8179667db94906d	e73dba28dcb14e3aa49371b1d8b26b12e751620a9c8e56315d92e458a510f10c
956	d5581912c257553c37f9e3adf43ab2fb48e77926a1dec215bde21eb08baa6495	77439859c611cdba5b4b7f3b212d146a5a8760758a50fdfac338da8881095777	d43928316d289bde85474b58f31c8b7c2a3fe49c50e9e3cbec8bf683fdd6647e	9d5c5feb6a61af2010d178e03e98622ff213f18b233d5e74c8a342fcf59ddbd2	84fd6814cad701876ecf9256347dfcdda315591088aa350eb300eaf7bc651b61	69b55cc8f82b4c4201b06717a0a8fa0676427774e0e2cd68d66b571bfe2daa73
957	d171aa2c0ccae9394f7212b4813789479660d0e7520859eb6c8f8123004f3de8	c305e29ef1aab6cb057b02e970e883bb6db013da467541db681bb1d28fea14f9	b816e7150245a855e3c992ccdbe1fcc3a3453013a156c5d4a8fd36f7578be33a	ad3866c158770ff7adf4d32275a89418861df0570e9c72a0132e824d7ea99ceb	ebfca06be8d079391a1fc4b75724135f5ea7c7162edc090d83dd98c0704f983b	c362485aa4356d0b7e4614552153380dbd3df3b40ac8eed573492656a2228b8b
958	2c5f2497e257e5275c6837b957f0dcc9ec412f4db5146e105a88e6b6c6f7ea3c	fcf48a6b3a7b34a864b90147d962a6393c385b12268838f7114cd29316fa70e7	4902d9c37523ca53505bc3f21c5f24bfa3d6c627fb26a4d29f214fdb9c0a0ccd	5d47d9097a22c18e9e36b0f193b4bc69853fe5a134cf3899fda124f73db0f978	c9fb5198dfb584561673a265cd74fbffbccdd5c8061434bcfdae489a924afd72	a243101bae659c6f604f7c1ea998f8480cd9d43cc1090e82ceca7b0623628622
959	2451aaede0e00604b21b4f43c516252bb2a6caa32677abc59d2d54dc467e6fb3	487d8f5a85c2f446c715d01275ae8cc5506709e438f98f960fbd71c8159676be	6b02276c5c40d4c576a7ff8a355a0671c4debc1f28b3ee317c0fe70f64a579cd	660f81ed3bd2507e2c58ec142b9b53fe34d7bcce8ac017e15618557bb2ac2166	53e954680a94e362c054692d1ed867ef8f91fa0c336f35935b6819664ffbbb9a	ed4c29389988be3378574b79c5a4eb4aab3a12ac7553a8557562d462c8d92527
960	0e71c51bb57c676e99605bd71e83eae18f4821913efcc9743f52e13f59de7733	7cdb6476f259f52c6d4200046443198d135364ff6800198ee1c2374216d508d6	2da2a4221fe39b5cfd9b8c78f51ba50a6cd0bca51186b6dc7714fd067db8ea59	84c78c884b4571783dbf17801e16a512b4a062cbd0ea20ba8c683ea7da68dae4	7fcb6df2e6d390769139b9951686f72cb4a09999aeeb5a4903aea9a58d60d22d	2377e95416252748f55005838f1fc37efd5012a35ecc9f729eced180ccdc1620
961	c5ce8adbd6f75f69c81e8257473f5088b2c2dec4229f6944728e1a9831d3ca6f	d139ec26eb9f6869501de2f996e84fafd42b827aa00b54576de1e983ca79f31a	e843b28f533f636d527fbf6add40c323137055f1541e8833099a4d200adba541	9a6ad219a35d03de718bcd7214d8c964208281fac141d2ad22c1367986331f6c	bc9414fd123919a29f5a8dbc50f9f994e17f0f75dbe20525f0aec308d0e1f29e	fb855b378aa2789864e4cdf8c42fa1aca40d11c1b25a7822bc7f9150b255bdd0
962	b178d085d60c60a5c1fcf0be5d099a89d4d488a276e8bdb822105f4780c7da8e	85f303011c31c9e562512d99779d187c68cd864a6244badc91c5b7d57de065d6	2c1276341c200f39b1bf9c305f90092fc57416d45d0bb2814f40e727cfd435da	46ebd9fd77a92a29daa4a7b3bb20179be5756cae848bbdacf20c6ef7cc8929be	d075556c353f887b9ab8b6436066a85487111cccbb197fb4f4778163fad72682	e8db78623133f91878320dcf308bdd05a03d1703070e96df832406fff985d8a9
963	24f7cab7c014428876d07f06a2d58dbfafffab1fed8725e749ff9ed1019f86ec	c06eb30dfd679cbe71f956846a06d400025f00aed3ad8a3afd1a74584b009518	4af5c503aa5eeade66cc40bb2d337a97447a66e0e6e85dd02eabd3424753127e	feca03bbe84545c985ef61816d8c0f045af360e5821a425be4b939f14310afe4	69593b1875ada4d838bbab216f352b067d8c3b0a8770adfb899ac344b19d092f	14364642763e3e8f3e2b6772e8d55bcd64a4ccb27a8563efdae8479880c89a3f
964	2bb7baebeab2c14caf42711647225fe5e5719289d55b757e6000561711adb9c8	4d149a764a643f3b9720bfd19d591b89dcd201ba4e23626283937d3e03d948ef	ab5e3ad3d9fb471ab4591875fca5bd874656e32c5cbc39e3ddbd894683c8aef2	c07ce831b1de7904fe3d61110c4bd50c1080d7e9fdc7a804c13f12255b8d5454	dff90a2cdbdb6f7b5510dbe61ebdb0630be733c8d65a4ab9b8c3bd0203662045	c81a0ec2fd5e796338c66e10c510b2a4aa3b31ebd38d710be8f659b04e1ce3c1
965	ac6a786149cd23b2f8d9d8b19c9cb0850a402a062e52b89e0275c58b38d2d088	7bd731c0aba4b28717c0bc62f7211e573ee0e3578b938b2c8c6e77cd76e7612c	4b44f556bb88c15ac1a8a5b396b61547502d6b77024407e0a02b03c81908d980	a094e03690139e6a2e3a00e0f2bdbaba5ed15be96c6946eb7dda2b4f87b1763d	0ab36077c595daad9b0d512376be6c0bfd8035ea0eda5cc1bf5a4b7ed30e176f	6b0e00d651485fa4f13780014418c4507afdaad69f8dff92b8787c967e06e102
966	68508271c781d55da0351c305fa6ad3d6fb24761342b1b51686145cd73bcefac	7b462acd08dd9c64bf59725d9a37a5df9fef8ccd3f87ed85dec47b9a7cf1dbb3	83ce61266ca300e0057afdd084203206c68eef272a2f87940107194ee7f378f7	f42f9138a50e6ca6802fa6772f9e5e10e3bd9b171a8d6f2b086402c0c7d68192	89a5cdaa0f6ae2eb0e92e35c95e7b27859e620c4513a66c4e84b202327ea58c2	5b430108ede80d356327e55b533e33fbb743afc2ee516ba23b331416222fe082
967	bc32a47e4eda14be3428ebb8c33780ba070c6fafb62906ba9b8fd83604a23aba	0d70b80fb9e73ddac72080d56cbe10643b31eac9928f24e340f5c5ef126f90c9	8608ee2f5a243b8ba4965a29e4fcbb441e1e3f1e66bb58257b03e9ec7f018079	c7a228679963ce91466f9e5d4639b940367a8da9306acef64af950e475dbeb35	e37ce427a9f5a157425fd74a6249c1248b3ffe05782b6ef3d72d96082226bdfd	5b49282c33f36c5aae5210da0fb391fa55e9c01d5874db37292bb02d7edfd0a1
968	16b82f5f187fb6e16039badaf9785aed23e6da2e44c01a36259f33319d1b68ce	93634f6c837044946057fa4016b4aa6a65f009292a1ccbc08797c89b64e3c864	728ee9f71cf2e050a484a8cbd7acfdff4ccae9de737d0503f42a27243080bb9b	be39d890edd910c4d1d281aa1e2491cb59463e895e54493177279695cbb51124	d490c90e4ec88b4d810390885765de4976b602553acceebdd33b579f1cde0b7e	e0f8f59261f39030e8124336d5d01448680b9bf058c001e0901c7312c4d9ae91
969	87e21062576335fb75baaf076316fde8484c87647782fcbbf79ede021e1e7141	71d99d6182ca6c8964e2ee7017d4f17990ca6cf537aec48543c11e290242acfc	13fec197045bf660d1486b81df458d0db0e86aabda0d6bd9c0bd7f9bb3133787	14af245a186fdc7aac3579c46df9fc37cd94c6a85b2c79c3af917bad005a9ec5	28759e148214414283a1875fe8fced94b506fa9b03a1e948da4d658efb9c184a	17e6cac3f037e33e723257c73b9a224a1c30f68f586b1e58bacc6e14bb91aaff
970	42b789ca968f15a9689c1f321490ae403ef743b86f1676546cddeea4a5aa3080	a038855794568ee6b07e3640b596130bf31a76ac336a8c3ca9f784d134d91f43	cc9ce8236abbdaa658ba2f2a30f8e0284dae75af16ecd962d39aa693557837d7	1626879588aa9567b83e8244997fd0ce892d8ebd9e66d81ef61692f79a9e38cc	ae01d7cce7a5c9b454e1cd0151b3155dbb6a53a0715e7743a27741e1e026f0e1	6de2f31c6f12a0ba8d9774f68faf1ce4d7e6aa4dc3fde07e3d5ddbca19467f9b
971	88b0d40a58a2a047e9e2fdfcf3533da52280e452f1a21b1b0dc997da8a3b8606	8e90ba3c89b94815e541a0c57f67ee5affb0c11268f51190625ffb96637f1640	ad56af914d372c0b2f11225015e9aead4d3a54e83500282259471fe62e4f6302	3f0af5fe6bb014024ffe61704f19f3a59369c1359f4d75d843a4768bddb7418f	e7ca63a269498b95da783c066e03bdec09aaaa6f9e65167e7232d29ee37a7d4b	4cb21bac92a6c139e984a319827c243ada3a09c7f2248fa9b954cc24a742a5e6
972	f6f8260dcc28e4227878fbfeda5678be39cf7f7a7288d3f0b6e8ccdde5b4a039	6b5c2896645327f4b6eeb67a6e7f91649d756d524491733c1af482f0833f12d6	7fe65375033f86872a10f9a050ffad0c6fd9aa0956c1cabd1419f5b93e5af68c	7cbde263f53c7feb5689bdb299eb08dcbded6e958fa264a086535f7df1d4bf73	0721971a09ebd43316f4ab647eae9c864d2c353828d4ac66df7eb698f6cbb36a	8d1cbca160c06c18fecbe45011c5478801395135a37058cca802a288bc7063cc
973	85ede4cf4241d855b83a45e0045bad6b90b0b2a384efe72013c1b8ef65b4ebae	d1b26878e1e3b9397c4fd6e653cd370a8a38b69ed788e6d8c9ef80a2f4468fe5	21aabf22e7f19699629297d5b13caebf0d109f6030019f9747eaafd1112c62d4	6607da6234a530a6fba08578e725a8575a16bc51bdf300cf5c433507713b1972	e15a7f87af403a59a879ec13a97408b65daa1a9f2017e7ea2225a2f330d05377	68db07feb510d01cacbf61ee99dd3682ee97ae31daed79ba91dd6961c834bf7a
974	68f52011a67a84a6d6251f106588be16818dfeae23df6b2ac13e22810d7c667e	9beac2c88657082d3df8750c9ce69b9bb6b39c1925559b5e999e73e58e0059a4	7b5ccc57d5a4b1b2087d667a2d5548ae35402692b3216b5dace627bbf4dc07b9	f3468218da3f75b2513d0ee3925c466716f3a942f29bb18e34071f36fbb35cad	e90b3783d28bd5d9c62024103e7170576fb91338b718638a86678f973a2a79f3	41eb71a4c957cbd443b111ad876cce9400194ce0badb1725da39d1c9ccedba11
975	79aa48b09f9febcba8a5ad3be28b2d8f22696b9d1578e5758abd9ec98c416c13	e38392c7decdd65dad8197e40708eb7ad2d3041e2f5494d9bdbd73e66de14356	36a7e06b65d50db37b7a61b1231824b09a5164c1604801018e29c932d03e21b4	a8581e0432701b7baac4c137be3a43354dcdf213936f1fac552de91ebe6ba011	480ae08ae0e3fc24f5f64477a93476a200bd166e9ca6b0a22a5a5e3df961b76a	a0f2912eaf25d9b31b60330e1e263c177ed5f51b87e6173a1bd281d8c3a3ad38
976	5b9b28de38782ae4db237d7742fe0c1421c05b677451894f5d8960b3768485ab	4b0672dd70e0dc177efc1c2442737ad6766c0616021d0901473f537d9394988c	df1b817a95576f1e6952fb4ca3d9e37dc66f2528daf19689e78571a795f9510d	996a6401c56a343aa0ce864ac97979a5fbfa4c392ff596353e55d286e3104e6d	8353aba5c2e73852f1d267036bf07abf7e2de5af5bfa34db0bef3b57f54cf5ae	774a5b88025da1d2445ece82a71b6e8f696d5d85555175d79a0b6768d2a10328
977	06a14eb7e69a67b5701b910186edec357f68ca6d968978c629ea1fcbd17c66cb	51dc46e8c533eaf6077cb30376137b50c8303f532a695ea9f67a608a8dfc7a46	93bf730f6d81ad28482daddc2078fe134c10fb389bd524de29ae5423550f506d	167eb0aa4d3034811d8e352cb1e6c2aeb17d4aea332c214bf3957d213aff0b58	de82d9d55482bef2a8301cc92faf6a1deba151ea7303e57d14f32e630f2e402b	15b513987b990d0a3c8db3ac9364e7c5a348cebcf5c41979d87e1908e5f052f9
978	bbd0d97bf3593706136e45a2c6f959f645f1822ed22281200eda929f96b45c09	709db7f08f12ec874ed6ff645201f2abf0f60ef3482a8ae61cd598ec501f0c22	fd996a4f87c926df916e7879396d1b74614e7cf1d849097f7067161c6cec6da3	6e4405c642447f06e1f45012ed57109ca3143d12fa5d3e944fda256f57ba88cc	80d81780c838dbe804b095c710d0878be34b61749ab938ad0341d15b56e04da2	2338c2f05eced8e88962cd64ec66d86dac305e930e582d55bb2f40114503d656
979	b3c5be5827d99cb3cb850a18b81b666c309dba222f7002a5ba25c61eb4629f38	39717157fed7448674bb91e1bc723b86b8dbeebc051fba56b1d6900b2a048619	f2642efbcd80870cba73acde538b4e537f0218ea2ed6819eeb0c12c6b6d7a0c8	dbc023c679cc5c42a961c5f30206d398a4115ff8cd276ded39a74a909a712cf9	a5808a323a5da4c85cb60c8933ce0cccf6fff59423410fe687b35ec4494b79e8	ae3c72010777f388ca9d2ab0f0f1b111bcb2f41d07caee80a7c8d23f659fb311
980	ac09f45a4b5cea7608477a27cf91d17e82db3bddaa51e19a1b2787bedf48c67d	109b4f96f2c5acd9e3e589b03992a033d9e3848a5a582b3e0c999ed3f2cc0874	b2ad714084205f93b8343633cebc4a91b332987c26f396fe97d0edceaf77a50d	b7c9b89646bf746a80c2204415a0a5d173bd7d6f56a2b52d3897754773ffd0f3	7c8c53968e6c9f371a28cb8e6b35ac30ea89d7822b0e8f576c14fb5af8693c6e	c3dcf419205d86205372662c08d63f68bcb65203deee3c4ef4e2dd56609a348f
981	90075aa9cecfdd4458f82ce9c6ea400ef65e851ad59407ffec69925766fda9c9	1a8d6423c52a3d289c4e7d2cde9e2514b9dd0aeb3b23e23cafc8d0e269e7a210	ac888763194680efb8d00fa961ad27155909fd3f57bbb224ac799ba7291634dd	515a44d3d54103988a26f1d8ea72dde96955bf0882137c679567891848a0931a	a03f00b2b387a393295e8defa32c929d3a95aa3a85b0e42a8d5936ee93728fbd	eb30d5098341a9bfe3621607ca55144b08391b31e15cfdde829195829ee586db
982	4b699fff5d708b9519fe38c0c53b553befb147600b3c96cb279b7651c4a3fcd5	ee0b07803c2ff6066d0103bd0471f572dbfb18c47feecbffe335f7566d0a19ad	808fa53f81a5a538da9846d3971f142a79fcd7f7f8e17870a295abe2fdf1adf2	0d51c993a461a3a0257ea075f900d8868ef4fa80e5bf1d16916b50f5e8a10bf1	1c1ebd7ac04a995dd134b4604bd67c6899ae921b9b13e7263eaa54f6fcf40da1	f5664c2aed8d7266f8410c3e1c96ee12bd5251eb8c43f3129672542a70308d9f
983	b7ae054751b8d5e25e850a5e650653004ba2a76db03d809acdb0cd12f78cc89c	194e17bc339d2097b86ca28ff1dec35576711771b798d59af784493dca4e3a3b	e6c34396c67b13fb0d85c733471763c84816c9fd2031f231b1751aa5fee3b78f	9be701d2084da0b5e7f718af1196d2fc750959ed2397ace0470018f939099187	66c1c993d59ba15dfe840f38078c411be07de415825fd8e7700cceb98bef8f26	f77948e3aaff6c6fd1c76e7910c1483c88ecdeb809c978e6945cdeb135f5dcaa
984	5e24585c58553e401fedb537eba0776435eb223b0d6bd0559b0ceeecaedbef6a	b4725376b7621d48e41de1f35eab32811a79bd09e273b264b11ea57023b0eb05	d67d90a0deae09d39642c7745793bd056d68bbf8acd53decb780d7c65e5a0a36	1ddbb8ad728ace92876c07233c3209de5a545375e0d0e112c608a55f1a4e36ef	fba95c2812b5584e3527e6ec6e31254888f36efdc11d7fb33b684cb6ef3acadb	c27f5d4515e19c8ec785e37b4ae7635ae72188318f9e1dda9c0b37a049381b3e
985	dd25759c7a48d69d422216579e6734a194684217caf3354906742d512f9d3578	ee34ada552f513dcb1d8c9f4e4ad6710c7fc4c67db9ef83a7b80e12109c5ae4a	9d6e5f9786ea26cd32e9184d2de7ebb9d38ab703d10abdc70e4e922ceae45223	661434adda2254ee23db692d8121c4d2395548461e968c86fc09524c71a61655	6a9fbbdce1c94a1c6b1f83c8f81d97a2879fd4ce421d975a1b0baa646f728b12	d29afcda65d201c772f34220840899e592023799559a08533ef3c586c29b4e04
986	459d4cee96faefbcb80fe7f24d9a50ea2c6dec5ede0d1c9ef031663b56446437	83b55183e57c95ed6cfea4c0b6515efd46ce47eaf2f9cde578b1f6a2d54d5250	78f3d1e4b5a34ba53b010916a5d238d10cd91575321c0b0cc0e3913652a28e6f	c6adaaca9169850304a0e6aaa1b771599bfa635005e22874e40b2379f50556d3	868f9f15d34c05c3286cb5f50408273921f8dc64408be9f4720064fc6f444f19	a5d98ce92f08b5bc76de63c09cbf4592dd7773136bd2af0ceb84674018876257
987	9df5448faf2e2243488bdf12b3cd49eaa647ae0264ee74e4d3a951323255f2ea	873a33b8d8823b60c39af4b7758d1fb663b2362f7ac1ea852cf9ffc60d862007	f7dea6a25925fb3aad5d91fee92d14e8ad531fd978d5c9e90531bafc1c5d9948	ff9d3e187d7579cd76dab4f1d8b4876546398e0b3887670f741d5db5e4056dfc	fc955b435045b66f2417c28e57d761fc6a16a1c0718cf3ab346b46d772aac061	a2768270578c27b749a793f6816686abea48de8e1bdca5ecd1afbbc120c899bc
988	a9799fb0ff652fedcf9ba22a01b38675125b288bb65740b261f582f19e6447bb	cec3d6dfc6c7a61eec4b240d87732715e45b0b09fad7130726a48e2d6b907e14	199b327958321eb28c97dbc090a955cf01c228991da1093abf7f299829955fe5	5b5d227c41dfe0c43280e969169de982fabab6af0e557770a9a9a9862d49baed	0bebd53aaf6f03e784a43e6bbf0e9b8dcf4ba2fcc7848125d86006461d95fc8c	38887c44e284c4fbaa6086855ea085c1a724dea36996206d3dfc66be530db951
989	4ccc3b380f1dc6b54f14c2fee8ed3e2059f6cefe092ba8e006e376c6aeb611dc	14fd09cdf2a4f7f91d9d84364993323d7cb79f70bb7ce09d3732f7fe00680a52	110604a92d1ca1163f69bf8fcee19f6e1f89951a912fdb844e09b7a4b3055d76	ac1363d25d2f8b29c3b4645356ae5174254b2e5f81ae99233765ef05d22b88f9	204f1b4e616c573fa92173a7f4a10d87ea1608686cb5a546d53278914f6294d9	fa155028174168d5788238514138e501fb052eae488ee6348ca72e027e5e3441
990	7782d29bdd2636b52e0402982c7a5e60932cb10af39ef53fc264fb18dcdc6321	429bd07107386fe0a90fd7bbf30961f93b44bdc51580b5e48258bcf1002ba6b5	3eb8ef86c166907d9feb54cc18c5aab04a7a194573691d354ad9c543f5865a62	7771adfd8b53cc8494f3783e01520b54d90c123385b3525a2c2e29b54faf7253	f7b3810bc09dd0ad24f9a14a9f3c273996741a14f8dade6d72b0736da24b2e04	2d19d2fed04c55bb815d8b7189dd4d5584559a2b8ecb1a1152ad4ebc11db4bbe
991	58313a7b59bee144309151649bf00ca0d22b62b9ba2dcd25e49bc02ca4a2b834	9e289de60b7b698265b93f602f89f5546b1d6b6ee575d4272bd0d2f0f8067f5b	de97cfc589ac8878cfa96a87ee8384d39583bfbce288d5fac21b00e19848d846	ddf61cf5efe2240a0c1aa4f7ff6181d53ca0bca5a909b991697956616f14d913	400ee0bfcf5a407991f4170fe5c4cd92d2b342134916069325840694fe1b97f1	46bdce7aec637bb3e913dd2180c6ae08b30c5f00e94a91f2cc11ceab6f6842f0
992	bd196bd95d67047545b338522d2adc3cc7518ec8429a0b36cba6c858ce806b50	ba9d0ab7074fed49694692a857a66de99f3ceaef021e8f7539fd30d7a5b97460	8fedcbcb89c5be2c18415dec937da773659a075daf37d393c25b73dc5e3aa591	89fcc4188984146c10c4e2a012138ac03668a1ba4e62a9f8e7f7fa58fa0f04d0	9b064e456c4359e12eb69ef15cdb729dd7d6d3241284ef8ec48da8818fba158f	ef710479bffd09c51ea6f545150528e8518279cc8c5b5414c9d0fb78f08cfc9e
993	ab71c2083e7c8f358c582b7453b63fb0d339fa6b8387400d4a755b365989a8ef	4266e959888405e83819800aad34bca7ef8d36acbfc3387b081796566ad01e0f	0f57dbdb3bb09ee57a8b72f6df46ade0f72d2747b965e643283a335213b79e39	2f4b14dc6fb53b7d82bdcf593e3af163ec4208f0ff3b47481a88bac9138dc2c6	d2f42d82309bbe0fc97ce8819ca82f7a7f29df04160539b6e4fa1035e02aa49b	1c9b49a75a429129df603bb0817c5744410204939a3213c20bad5ecbcf83a30f
994	a19d7e80dc2bcd733272b9fe2754c5490698371781f4e22ef8434f99212b13e7	94d3bafd93f17384d3c58af97ae1709ebd73b00a04d33e82082867813aa419c2	bcfd0930f976441b35b61b64757d82ff246f57fd1a2ef5b0f02b51bbacf26fca	c9dd4f12e918e2f18f00014dce3e0abf9238ece3737b62a0d8734ac13ac08ccb	2d6cb188b0a256610f292ec1bbf0a34c7487dfcc55ba3cc4c5214989fb15641c	75c4920fff9388124ea095f0df33a1a6c0450652d5dd2e74310212b2d84c5647
995	5dc3f18604856a7720434107185029714ee597c288979429dde9293a02b89fb4	2c590e6bc9c5c445c21b462f4e658b975acb5c3b98fe047834e7a8df16e54feb	2856e6a68f0a53cdb0a00401ad91f231345a1711b01afa62db8500dc058304ef	a26bb39c76d542c4c5eabddbd71298f814da25c3a05fa4583e51d77adbe0e554	daf981eefddc82dc37dde16b262401bf2cf5a87134f519c1123d8df0bb163999	0f8e98c074915632accbe43b694012fe797ea87f290aff86a78eafaada48006e
996	1898aab65f2cd69839fb525f67d5b6e5cbad1d5f7fad6f167b738f0352c9e890	a55643da8f2a204643f49ef3bcd06d27d636d64c45e56043924078f50278594f	f2bfb3ddee874fc0863c687990b55b56ac7707d0fa46417a1ce9c7cd58099dd8	99fa6d34083e1c7ebefab865ad20f71be0a4bfa331215f642ac7013173fc6b13	6d1ab46af334a854a0948626a67b86596fb8d7e63110e9540c2e7fbc1b10fe72	0510ad1fa0d8dd290a5b0124239f59c7aaf6d02c07ce5e590c788eab665fc4aa
997	3d8d6957529645bf6314a553d94f4d44a4c3d027553b53633fc6c44ff1331d90	a0493bbe95dc539f49d544d9b9e10618f232a550e9e2ab95fa85c0f1d493b16f	30c273c5c655d453f1937f0200a0df4d308ab85ef708b51df7d85fd98483c44f	73070287356962dc29eabbfa5b76f8d7b3d86df12c7d977aaa6e3b7cf13df3f8	2fa660d0d1a8990dac0dfd3cda2a5665fdb56c26187376e8717cd55300372a03	d5da7f1fc0b0e232c4ce401faf80cc2eb9193fa6a95e27ded86a8a43c25b9da6
998	b66f54ddb356ad30ffbc2e9579258bdbad726c5866ff7078dbd8fe55cfd1c344	50b8482f63f60cd7bee03fc65aca8fa5b630dcfb3932f65bdf8e168fd219198d	1a9b58ba14d67bfba7848568db73b696909fde234374cc02e596699aba4a387a	ae7be536d410c5b5b114e62965af1b2fc7d49ee93b67c3e1af1719aeca077ef4	5439254b6e31480c9f7161579ed7738cb6cf7c4ec4fe3664d3b9b5359cdaa879	ca5f7dd8969cd5a6d5959604888fb691852296720e1fc415a2bd29b32fa20291
999	c477b1da452b6073ef36a8163b252974d6e08329d44153edbced4a6d1162aec2	ea8108a1168dada8308bcd2be738ea1f468bda45b5d6a195343f7d6d6ba5737d	811c4d41b05a10d554e3f7faa22ca52ded7ab1c8965bbe489d26bbe2ab075f55	d23d109f7fb6447acb0a71ce9fb8d87cea3fcda3aa1484eff372341a04d083cc	7c5847e23c30e08045a5a86c816ccfbe5821260329fdb8ee773d64ad15159554	3c97a094e99b3a5f870111cce7160dcf112b17342eeed421e7a8640f3a6b1069
1000	f644b0f1b351b536839b5c07a81e12638f9282d59922bf574f6ad34d56f5d43b	cfee9a99cbe42da39c781ec6b43246e05773da10f1e0c97491414d81d09e02ae	b51580ee8ba81f5bd264a4064468e0167c161dff009d8f7593bebe21ccdfd5db	96b3e084a8d2156c71435c46c2060597fe33b4f93817eb1a333aeffa2d2e3276	9a6b8793d7cfade818848f6eaa07f86de70d2ff27afd842e5339309577599eb5	10992d197593c9fbea56762e3dee312ba150805c7e705802030148e09947ec56
1001	1a50625526bbdf34528b9d902af709e86a078b2c8e9c679461e54192106fa217	21ee0d0962cb68d221ac953ff080bcaf076e4d885741706ad7fb8d5a5cd7d8e4	87af577eb6dc90255c233ac4bef7ef01928afdd578be1fb81543bcb4951c5fe8	bddfc163a5171686be222c62245f11a57608069024bfaeb79ef651d2cd79c04e	1cb578e6cecb5240d0ea73d1ad109abacdba1f0ec2a66233cb9f28a789894089	b267826395deefc4e4b151cc8fc06eaf4171a7ca7023fb6afbcefb07d4e99878
1002	20c15fd150c1aa6507ca07f8ff3436ad62e187fad87966844a229d5376e88d01	1ddc6ffa1dc29fe6aaa0bdebda3c3e9d319ec5692a207d69c74a7068815b41da	a689e2dda0e354e7ea1ed92eb5505ec5f81b0f2334e9cc6e844d964bd65952c5	135899cb5adf46e84f982135ebe1f43667df208a1c8d45ebf5217d31f2c1148a	8d619e2d051c80d924f539441532a62343873effcc8479c5cee3a2dbef1a1dd3	6199699c3c56ac177882362012e4f2e5ffa4fbdc9b5059633e4d98e53c1c739c
1003	b75a4a94ac60e77f0c376ccf36df1461892c045b86da43aee67c7ce295068601	f3d2455b18255a55d67f84254eef36f039cf749c92864e22e1e1910863c5c34d	43acc7ad28e133776eacddf14b46887c6749fc56427d1a1e09cd8302c537bc32	58b0e0da9f66bb5c6cf9231b1869427c54fc31f8fea9c5a7993ed7f47e92b837	379207399c5f38f7070797b656f287f707f81525376bd08d00bd75f14b77fc9e	13cfc3591f4a5f47ab1d46c04a7f7dedb7073143e1c580e4415ef31020b47819
1004	8343bd01d5159ec8b074014a31a80317271b6ccdfa47bec3a94f99ae624a35ba	7eabf4e968396516ed7d71fca2c8384f79cc7fd8b3f49f2378e38e5662430ace	075cc43337b84cb9657a1a2412f826fe1908d834690af60b66cf5a9e17880252	044268f0894c13865d75f6f6c55e3684d02e27b0bb26654b59e3090efaf63e2d	94135cfef2c1e08b148776966bd9d8725ac3d58139b24a547d81eee9e3906f1d	4552f25737f7a3ed7e35a14a44ab3b28786e4db86a5bb5630bc5b2e72d3beaf5
1005	807660ab57f67c35978d403fb62de2c4bbda4548893b4d0f2dec941e3398b29d	8532df88178681a015c1e21ae23817347cdde97acea96d4653f09c250e346fb0	927e8e175b2247bf0b332d817e51742199fdd9d78f5c3e17dbe2b8de789733c7	1a9d448bb60776c51c1651982cb47e44c2f08363285851adf5932da3288f4ce1	1303706cfdd19145d0470b80e1d1cbfa296a04adeed29b635989bac01902e227	2c84935c71641ee0fc9e466248635a15afc9bc2f040a0a57061c515eab2969f3
1006	85f591f3471ca45daa2bf0252d70f70744d6542d69685a36c3a015d9be718331	82f17e4f7a987bbc2fbfac5774c5d3a50e3d9eb3276f4d3cc0d494695395539d	e55576189faa4cfd97e0e5a99d060bcf99bdcfc3957aad99f2ebbee563a7da0f	e9c04317f1c2d2349c6fed798019695cb1d54b16e2182a44a4ceed5a4f0315a3	33ff55a17957ba9082ec1c9e14811d01e568afe1a26507c1076ed0305f0466e2	7f12f554a5465df894ec1b039e93c9f246f31fff3f96ce21d7ae920c298790ea
1007	b22d1a4068d2a1e7d87d0e179fbee7e03ac18fefc372b0d197842e72528cfd70	3338050c071d4effff3319ee070799a6b4a53e0aadaf0ae8b8bb5e6c6555c065	4fcd4a69be53c6d426965c80a15665e157861b9fd37cdbe3ed6da4e77540faa6	1aeed4a36597a4395709e7ad5b8ebfee30c342dfa3c66062156dcf730280ed7b	01283fbe66d956ac11117dce22521c003e4bfb2482e3fa4af4c91b7537be386e	deb1256a3ecd89352c41efb231b8f44f2147d793a8491c3e89e880f52d4d47aa
1008	a9c2b2c0ed23e196394f7e61eee1338af7a1c7ebcc3df31be0cbda3ff1e97961	70acafe41f9ab48e7e4bffb46163cb06d0e5df0c6ce225e9f61a2af1fb7e649c	2eac3bb1a971988231180a8f0d37ebff74578a293fe9ac93e54352875a2b3f29	0e83bf5e0746f280a5284ac84b6ca87ef25dc85287d64370ce2d4930467997cf	273c285edfbaab3376cc794bb39c5004230b4206e7fe9a3eabeb05181abcbc4b	f04e22301f4b8a7b048ea27fec42d576964c266ad6a6ed583e70beaf4918fcc9
1009	a35a005d821643413c6b399c1b676123e305222c9f5c35dcd5c8c3eeef5dad1c	e4a4ca5ca4795a4c3a4e0880dfe45cf868e484c0675e0a49036f71fe6c3d5df2	5c4b9dc7d730bc805c832605456f9f086a43428ea985450bb544394cae13b74a	48e09d1d5972c5757b4884a1377fa86f3148e264af802b106d116f8d4cfaa90f	65e14c7df8af48368d4641bb635e240155753a3141fb9d06f5485dfed46d13bb	3258b0144a5c318dbf30e6f6b81ad8b19ba774b096d1ad09c727c5b9543f19d8
1010	673b4a7fbcc419f6db4b9871e694238b7cd84366836d7270e69ab9569b0910fa	bb094551b84987a1fdc510c2b52df42c090c57672e51e2bc5533ae3c24857a58	afda6b295a695f02b2f9a8f0100fc4b296bfd5a79c143a3a63f8274ef0916c27	6f99bd2c866082c619a4bef5c902c322b04902a5bdd0a84122f933ab2eefb760	78070c0aac1e0eac6a90025baf5ef886975e93aae62680a9d93a7a55f6835bec	133dae8742b3406a9456d0e26311e1a4440735c3456881e453a8629ed542e49a
1011	147228620848a1cf846e824dd844b66a724ed703f61bf65bc238a47f2978cf99	4e1c18a998e7912a277791da12f340b7c266a8ad0d404ca27fd8d1d506115000	114004dc460bbe61c4394aabff0c57bff2fba6fbc2320298777dd67347502b48	7857384d759e9cf2cb8eb0498ecc9f8c6f9c71f1bbccae345bf89b5987170e69	71ff2aa36026e5f164d00e452135671ece1b69ae4672745cbe196732b6d3bd4b	2e845d79216fe9088ca7876de03a6408c052b6d8fcd68722a527f95c23a0ed5f
1012	719a7f116d8043306798e1fc403f375d185eb552912fc8ecee59905709c91cdf	1beef0872e846eef9b46c36fcacfc6c236377c58dfaf809632356e433c081129	bbb395529849195dbab39b864b9256e8d70e53c8e5ab30504a47edf2ce210b19	0dea2a66365ff5aa8bb2f6068fb99add59642573c859cd82cb468418171083c8	82265a6252e857b5c2e09ac628a0e1138ec98e79cdf9c29af636bae20cfc51dc	71f9bb4aac55200607399d372a4afa557153402acc3d50f439e8d35610b3480e
1013	64e9bb01df10357746db81fa2665235bbc3d49bd4239b26dc096e0d8053ef71a	e7ac95cfbce2871948469edaaa6500a6a84b3018a155c3208021d542aa0bf07d	9a9020cfd9313054b8f0ff9fa07633596b095c36224974cd97126a5968493d3d	464ea3f1054b5d9de7eb415c3d66e29fc3aba70e01c42c8f8db02b520f58b3a9	83f654f53dd8f451ab80fb8bf8dfe4228467457585b62a6623439c7e12ca0c7e	fe82f85e6d2d259aa6ef5a94a62a567ad6d1dec2159806c984ff6af56f57855f
1014	bb01380e384a8f426690e419f5379c69c527ea31cddac033c5b458d53e6c0648	82c34ffb23963abc0697666c61b95ac7051d5f4a7ef3846e5210c6c261b1a0ed	36415b8668074f33d0240934a80fd89d368a84e44403fb488ce3dd50cec04a39	59a6eb2ce421d2bdec1f1289503e9b92d61560816e5d3552deec0a2a8eb770dd	c2b40ed4837391048b2ce7bd93865f3e454fd99a035c43717795b1d16a7d8751	cb1249dfe78bdf8aae348e89858ea841535479c7f0c6a7612a2175b3996694c5
1015	270a0054fd566c638b94bd606da6cb701691f00f1982f24c3812d3de496a8033	1064dbc49bebcc72a9ba7953aceb77f73506987aaff5bd926efc860301d5e84b	1f2c8d40e7ebdbdb08bb0cb5fd9fa7b0f47dd1d3ccf532f7221d55e939f85544	e014f54531713c46eef2503ca2cf379aba83d566a45ca24f539155d170e47285	55fb96210439059a2ee1ee94fdd67ffe0c4f50f230144ef6802412ab6e3c6f01	363f480a8a56efb95decbb323dd9cba152b055a47d7ee3f512d584e79dc74161
1016	ce13744785cb13a647e0a08085a3e84bde4140f8e2d3b319052926ffb31830cd	07507a3a63865214d033a045637b2bcf0d9afd894fc97292b50515cb82eed4ad	7b6da08e7cfa9d5019ff650df4a259c81767ed2e4fcceb97fcf0c8ea8161fa3c	358ba1e7b78ef83dcf09f87b1604b0387c90a1ed5615bdaad4d52b8a3220eaf3	d04c14a6e7077f85117c128cfea837510042cd0f6f8485692d97e2cc788e1a0a	461eb37d7f055dabd3aede1ad0cee9c31f4acc5491dd8b328ee9bc05d7289f7a
1017	ca3e6d384865c071ee4690e7a13e094bc205e6aca0a43ef7c912f9f02a12faba	43a92a870773d13e175301abce375ac79ab3c8c977ae2e30258aef9cef7fcc02	54b595071324007704e86a95bfd0c3cd515823e1dd9c9828f529eebfd6f0c32e	f676d0f13b03afc8a9e6c4c71efa123cb8dd48fa62b6bce25ebadd8e512018f8	26e9d81f972e0a42e375f3441e342be906e3e14223c48ca194ab6d31a35b37d8	a6442832e65b03261ce8916a0d19053b40f172d1755cf0cb5640dc80991d4129
1018	f67f0ca142edb55664c4bbe5bacf93ac991de0b52c5464780446ecdce359ebef	a24b86221a8d68982ed8439fe60633b41bd0b09f749e2be8ea85c598761852c5	94e050c26c6ad7508469702abb00a890bafa59014bb5deb1bfccd0f44a180779	984379686840f9a6f3248de9fdcade130f0a509d5bd4b6ee8b21b16a3cd5f443	5df12b8d06d5124e7d4ceb8ae8750d56a308eb1567be0ad1feb17998121cdb84	0f8f0d2f52be40c76c38be9d8613a5ab37988ef8f24e3a09b879c7a7df2c801d
1019	0f6a1a2fe2a24c2b048e4c32ecd63774bcf57018a39ac7af32de60baa03df0a3	c8e4c9d33c93a696024dbc764a6ac241c4f8352085c3a8bcf8a22e8886766816	0e53c8c4204f5ed743810c338ef15660ce2b9d78fedf1a3027fc00700bde282e	b985f389ca635501956bb25d46d5ff48450e63ff4a84022e8e56b4fcbda59872	2eaaf8307cc9b4755af86569036b07eacc03981088e5456d0fe14e0637dce1c3	91a0a44010c9bd94d6b793dd90c4e28c102251ca8c51bb1ceabfaee98468325d
1020	68c545de2c8bb4aff466acb27ca0c593358104a931aa672d905feaa1fb2854a3	62be8d806e12272645134118d36760c6949bd6e4aaffbaa6bdbefad3c409bd2b	31270da7b14ee39b6644ddb4f74656187d99b743f9f67ecdb741c482b94e2cd3	c4cfcc4705e464bafb41e9d283e23b4dd2ba44549c9bd690000ebe5589ff1d6a	d853d3e90fc2e8996d0733779fd2c6d247156ec92846318714c00794e2ee6b16	73629a1511a341064caf3d4c71cdab76c6edf8ddbf72d80fd1b2a0046269d73c
1021	a5f7273f86145e30b1e159f0182ad955e4952e8674b3c7eaacc49dcd019e363d	c93a3e86dbf5585b08c69b1ff96cd2fbf5ba2d9db79c8451b15367e5e1441722	7753720f5123939096e4ae27770cf43caeb05cfaeb2fc3c54554cbd1b637f759	01c091327e16deb239d382057cbb58e5a7d48efd0ecacd3e3ee596f5d15f4de1	737b96517cf6c73c46c5182162559fa04640a1c917555831957b96ed01556767	be77ac713920ef2a7c56e621f498045fb55533324dbc86736e6c3fdb84c53bf4
1022	b84bba5997666939cd6f77a69a8c29c9294df845a8eea8478d8d55de69853790	4945a935f8cac093a48012891d40704e632604bc65432dd8ba2d24b4e030e4ef	226e16f128d378fcad78e5020f80ccbcbb9d2bdd89dabf4eafb8c16ea3f80e4d	9f8d7f28a83b66c7bf241ac0870b2578d3c575788adc86e6757ebe158b90ee88	75bf7fe3b4edca5fa1a11281ac1ec66ae15a685c3af3625f1ac8a5b1cce5b224	811aad716768549385f43870765cac76ef3388d65a88297ec130cda692c20e42
1023	bb77ad26b5a4db3d8bc95c0bcdf2a5a488680994481e7862dde4f67a7dc7b061	d51b1a6bd40ddc164d6ae8a84d43395dc8b88a2612832af852edb3a0630483f0	1223e10deafabbc6f720aab43871e133da1b274e2e241ddf4b6890d0daed43cb	f059411aa668c5580d8ffafcdb42f6362db51208e4f4f463d783ed853dd7d116	881c6243befb633f513a45b49370e4ed2de837aeb1f3a4c16da44f39b896fd70	451027a0c6d6cefe17a52c952b8e23213519edabf6400723e31e49e80bb69b2d
1024	b4cfba3abe4e237273d089b4e6c112edc83c185c088a20e363233451b953bbcd	235894da9acef8fc99774cc5deef60fc1a3151e9d8a54f072bc89d26a9ae9136	a9d2228e67425610099767fbe8093112b23dff5daee663edbb64a4254d8b89f0	ea0654069ba24e13eb7d17106d083f0a2f8fa4c8073853e49ab021b923cb83e2	1a8c6c948ae28f7a0b0c9bfcc157530421c4940bd57a2381aa795d2840ac38cc	2b5cf46ddf8bf3d16e50ec0ebc13d8bebf6f5cd42e07ff4e2ab0b03e5eb64010
1025	f05075ed99b1990d49b166b799223573c11bedbfe5ce77444c6a0d219c8a8d10	a5ea7a47e09c260bea69ca31d95a7233dfcc78efda3f26087419e89bdaba8187	d1012559d80498bc3bbd620c1201ecf9d4a1bb64c52bd2c4a0251761c985998c	633b5d5aa6a8d2cb075db16221089827335da68ed047a1f286e4838c8d4fbab6	0a66c525d5e6c9bcb18ab49e9c4496224118af6084c305930220fec50e94f6da	38594061161247ab2c37f14e6085f6dcbf2cb1b9397b8d012138f082e1b63c97
1026	3826d2f3b48a51819c08a6488830a58ba2ce86754796d039b3a8ad7844bff343	97a9b819b4955599358c986ac6c659393f69ee0c206b5f24c8f9f89b4b1ffb13	6e5ef8bf8978710c382ffd522565fff9909af43c362a9967670638a65b895046	e7e0d31bf4d1ffead6e6acd3985814bbef292b0e3feff8ec178b83fafe619f12	c277cbfb1f15b825a29717cc1f3bb3e67aa3a00ef846e1ab60dc1985b17cf142	c4a755dcebd216960f72b0ed2d929945a8a19dbabe38b42000280a292e14d381
1027	f973bbde8adae42c0cf36b4477eaccadf3f5d66d9728943ff8e2f3f3f168de8f	06a74aae433eb1a28be4e4f18c742b16503da2d2c2bbb4ad57368a9ba3bbef3a	a5709f51776057216276a2af8cf579cbc8c789975cdc055252244d6ba6e1fc8c	928452e73d05af18d37d74d4b333840d98184c79515c710aa1264c8e736c0695	3deed5a74a46e48830b8be929e159e21e747389ae7ee9c6159023da15e21be19	910a58052ccf315a13233a866788acfd354c84d6b373e52f74c20d3602d16893
1028	74929868c7eeb0f8e1d4f7fcae723ba3baf3f5d8e2b972d4c55c26b27249a171	68b6840b83f99b3378d566de5de05a05e9f8f0b5b438832bf9635572e2c9c255	91f9f5589126556a1796c024f9adc9157cc632871682a421536e3fe323231548	c00d49d53fc759247f30fce180ef5a3a36e596ecc4a969ca79a9b9af437e504c	3119fcbf3ce23d4d89e2303b20f4c64ae7f739c42b6e640f79e38b732fc07a52	268d3fc2a1c48f7f65a3e4da8889c1fc7c8c3b0802d00bf27c7ce0674f9e2fa2
1029	034185ca251c48e2d2753e0c08ba42774f94668faee3f9e51459414634fb8814	3a0cb5a2f7c203a3ca819a29dbf18e3f3b8f2cc9ea05ef75cce1ff0558b5622e	29876a2ca2913e8824114ce7e2829fda3280e4bda39f3b75888f8733e91417e1	355dee77426cfffa6a90fcc8d1547549f8ed5689a2b50f2c8ba899a5fdba2c79	e4767895dee75c56edaa1a31521c0ea9c0132a7825c1f841281d70dd843eb374	0586e20bd0e0eb8633e62c96806ffd0ae5ed40cf7587f2b73ca5701e5332e1c0
1030	c93ba0a37abb2130021a107d34439e70850a7af6e154aeb9aedefcf364fda415	0990a7db874c13c34defacb5d1ec6d8bfa3f200c451ff5311d2040775f621eaf	86d8508525511d2423870fa36c00b374383fbbc813565f4000719df4cb789e32	d5ec8f8599f3123d99a8566735ab31bcd1cf9e635219c081420c98651bf650a9	a0af535fd4f6c3f4f0cda5ea178af588c1a7d79728903e13cb7f31a129a93ef1	abd6f307f68b5ff0612337c803d94649168cbfed5a203324bc9d3c6f946449a9
1031	e22bd444d2f2a81630ab27e75140edd996c5552d8d9bed356c294bb7959ac782	f6bd328da02242055c8198ba5e882ed92067758c5b1767f2055c910d02672a66	14bd88ffaadb7eebe1dd04e15de415658f8d0543183ab5d77878ef0f90dd2fbe	d4fc01b59839f84bb1c03498183c9157c928498092dde45fd6de5129b577ea05	c5a222022a06f839c406490ae39df5f28854ec01ebe6fe355ec46b45ffc50edd	970b1350478217dd4f8a4fb05198545a8e0eb0d8b551646796a974d893545885
1032	e378ba6ad8f974518685300431291586e9844bbed9b32caf566ed8e19c486130	3aab9ff86c619482b68e8dcf9a8245731673213e418fa64524de345b700b1b77	3c73707baa3efb4006ef55308765467fb40df318a6f3c5df78fe7b51db9ee767	68524a1f65b1a0567c354a7d5a37538b26f124ce34c316c3614b8545909247af	51631505ee000dd40bb044ff7f8d551fec275e911ab337564dab0e3ed93e82c8	7cb4dc8036e0372a1a89b996a66e4aba5992d0ee239a5d8aef39ada630076c3e
1033	963772ccfb78c3e6da6e265e081b744b9a37956df0e9d7940ef3a89f6a1bb90d	abed2fdc0abb4f3643418c088c339e7ee1cebe54aa6ed62d1025b03c5d44a17b	1cf73359fcb7688ccbe818d4e3b47be6c7a1d5c239505d4a51253f2f9d6937c7	dd30688247fabf8972f5818e94d2f13299919f75f4cf1a9e6b1499d8426714f5	22e4ade8452f78152a0e19f80451c3a3ded1a5d45a0c5aff79f2a3e56db4b1f5	d487d9c3e6bd53e8e9befc444a8cad8a48f70616168efb3c4189fa8a6f8cba65
1034	04f4227ce59211c29271c108b17b807e5e222ffc335ab40bbd6557fe8ac601ff	c0c42d761f19ab5945ee8d833d21bb059e70aca53383034523a974ab0d2b87b0	0a17932accaeb1ab8cc311684348e60441b41e4d630292079922dd2b94ba732b	faaae0781cec512bc7102d4533053fc0c87233ad3e1c4394f4f008e41de67771	eda9fdf3e98ff00870a35efa20928df354f48789457e12df2fcdee6cc3ab35c9	eb1fac9cbe55d828d0f94aae4cd35d06b576dc35d3240d5e6a57c32fba4ac5e7
1035	46652fe93cf610fbb32da3cceeec5f15d4d9d742c59d7ef6dfc4a48de7a40cb6	e4263ab86cd3df8abe38bc6a5ffcea7cb035bfa3c63b023bbb17bb30121d1e15	d4e63515d73d9f3e6dd804b89880e41c028161e6385f36d10cb4e40f6db3beda	deb030ebda66333a8a65889b40221da9af672d30e9c24f5f44e4e6b04985c001	acb6c2f1362c21907a02787f618518e10aba4cd9f460666edb6ea4450c87e444	27568b4feac9d215f4dad196f0710e7a257cd5e87b5f51a0480c240d47336123
1036	84f6454710ece036e8fc5b70369589f7bf8cf51c7fc7f6d55e8a4efc69eb8dd2	a85a38b025cbf465b922aedb8e3357e12b93d65d56e7e957ddabd915c534feae	2e424ea59db75db462cd723d7e319f660714517526131a19372502be68ec1bea	fed70462a99274f2c09d6b6261472112d098952153e97239c2f6986e2afb276c	b9e30a476b6b90a6aa072d8439cd14fcce228fa4d760c0e5d07ff6fed2359f45	3238dc78021f9e09f14b3d8b9d534807dc2b840f47bd1d8cfa1da0f6eff99290
1037	7cb51d046662d61d0c4bb434fece941b66afef314ec4c0416b2e2a8eaa895d7c	75e31daad3e5b63168972b656e8be4d7dea8c2077970f89a0565cb14ace244e6	9d42225e2298cc1ce3e4533f0f90dba22e2482e967264dd7292ddc2890348606	d4c88552db7097ea3c5cffbb48d0b9fc77b2fa1248a1ac1bb588832342cc2dae	68ac5d800066772acd5b2d19f49bb10df4b25f3d09cf10a68e61d7ca84995262	3bd852994db982a97281ee697f115824d5a23a798b3102d9292bc48c13a31d72
1038	20ab046869c4f2c9599cf032bcfd059e66d4dffcf3f608e4ad6187fb2efbb39c	1c9c8f192ab762aac23a61f0d766e25fff1ca2aa9989262e254cc4f3cdefed19	65ddb5f8bbd46be916efbfdba5bd87af2a82818730b12b30c0a782bb11c54829	4c7968303ea2a1acb8600661b3bcd66a888b4439afbf89ddb0422c0823c62447	370baa49233c6b096c9dba178c31ed049a3839ee595dda2ec8a9a0e03a08270f	e32d553182c7569c2c022669fcddfd972b05bbc628f09069676fdf89fb40c2f5
1039	aff709e5123ca1db2bdf3c67a56eee29907404edd39586a60182585dbce48199	45335af247a2c308d259a1029b2eec312ec6213cf689c6346e4391cd3cd197cb	2f4ad68ee0ee4aa6fa535f2f545281c050afac6fabbcb7af759205d6bb529647	5828f78a682db4e3b51964d9af2f76fcfae1cd3aebc7fa00622c7ebf9931ae3b	5e186fb9baaaf80895360b733216c40a9067c370fe50bb15a5323dcf7344f52b	85bbbca420285181f24ebd736190635217227cefcdd32a2e24e68371b2fe87f9
1040	0bf110522ceb6bbe1a89e6c44d776980c21ce0d7007039ff67962c8ef3f97174	6630da04bfc1321932eae00bb83c190dcc5b28636a7b71614177b169b2f8412f	51573e1169c998204fd6390ed18dfd8fe6d52f951af2df254077eb719c1f5ac3	addf33defa0c34b7cbb7cea6c5a5a5b91f2e0ff9fbe8f966a0c4da5fe9f5ddc0	66c5e0276b6408270b285b97ea12d8a1b52f4f551e3ef42f8238723e8bc0147d	ec3ab655877a4f363d24507c561573368334c60144338c85e478df1a27e7df4a
1041	e3d6cea1c8dfd9f469a6185f760dc924bcf8d712f80629c79a07e90591194e38	b05422a7034b530a6969d4db766afd4ecae6c9bd40f1a4c46861cf178d0fcec8	14514a40720628f4be6dba5a7d549dd2cba51378c1321cf32223381ab4cc8b18	4634be9391d8345bf5b59f40dd335b3c9da0c97d65363d41fb879dc9361e4487	70aeffa34b2ad63b8adca0c154148851a2cf0d38a61b5f60b92518e806d46b29	22d3e9c2dcb06b8df237aefe7b89c53c7ef2061a38cb3ae29af3c8048defb972
1042	f4c4e7ffeb857009a4e259dc5ae2eafae87b7617ee00b97f83ca28fdfb5042c3	e8a5ee3ee780f3f0d1eb1b6f840466cdaa581964d3cd2d856676b680b60b9944	55ba60c9e6caef1e28b3ab3f4d30c89e313eb13397c1ed57cd19a057d9a835a8	27388c5a2b5889dbf2b0bf3ebcf7a3d34395560670b19c69f4163364a899014d	a2607d115f09f3f0bcd21732655939da4ac6cf9c4b63dfd218cde495a8340374	16d0c7234ebaa3e7e05eaa60e96a65494843852563ee02bceb9441910528de60
1043	628b867df4bad7bc0c7c6b76a2379ac9b59d46d9fa57a89ffc6cc153803e7a71	4018602fe6c2eee5a938b731f8929426ea17bac5a7a4a05518da02808bbe8343	67332e7fb49d975bbbb2630e606e41a44dfc4776c213c6dbd06c295ab77130bf	3de312a7c7db4e94fa7041071df02fbb66fc8f0b0b0c214f9d9a15f438f1be13	1fc566ef8f20d0f496aecf9709311847c2d300f12ad13dad111bab5efacbf852	d8b843c7b1d542d75dc010b2665588c98cc90c02fb12e4b63ae89398dd80589c
1044	ae14986c5f55e6f5fa78f6814675b74f2296fc12d2877b2f71998e7e197abbf1	17d6ea4c071655d04f4d88150e16b8628a33109d2ff849bb650011547a72a9d2	7f017abda71e2f4809ab2e43293e8f147f27e7158a1c8d219e47c14cc534cc6d	625248bd76dbc2e08ee5f1938a3dcbc84095d3bce6c431049b0ae0f3ee2cfd9f	4dbe6f38ddbb0b97279a574c35dd8cf510194d04380c3d4177fbb82eaf627b30	d1c71fe5fed6c554a15f9a4078b19aabd4009c0fdf95147c788bd4a7fd3dced2
1045	cc911a82a78fb0a3de8cbe262de6f7defd1063ae8f594fc484f43c5cf38b9750	7030b6f8ab0cd6ce2f74176b70ee48611bb540207823ca49ea37effe68bd29a2	35af16c500fb25391581f1a416a0919222a5ea73b4ec89849310d99fa93cfc13	81ab1ee169360bbb9a30082577cdd6f242e24e1554686a958b0e84d015d8231c	af4d1fcda86838012dc79a91d3b9ab13e8a5233474309665bb94259c052388d5	f9fe521996757de329f9194af815add06700d08da5cab6a925c5692a164c90ac
1046	1c481f4fee6b4634bb413e19281327ac4475e671eaca2e64713fc2a06ba34dbb	c233bb6cb8b561e0c710b385630729bdae574ae2357ee209ae15d1c200a9cd53	5ee1c6869d84ec15b88e16c8a1659b20c6dd2ecb65cd596a35e6f74b3b3269ed	634ce1f54ee99f2c1b8c996ffa0d2475a2240c42c3680441774050a4aa5d7047	ef39628f54e4094f4c5599d543107191f3318dbe16e65f05e46157446e3df5c0	23fb33cb540525f5aede541318effce2c56fa1eb10de214102a91a06a6ce9e37
1047	2133e49cb4d3af572479fb20c1f05bc51dc61bc4ee035eed2615efb9b16715c5	d9c1b765c973880e782be1f63206a59090dda48299d87d611cae445a2ae3096f	d6ce43bdaac1a0f3b3f96d7aaa17ebf63c7964a024c517c5b802914f829e7906	89d21a26164ee4bcb10ed006cfcdac1e99428d8e7d4388216baeb4e673ca88b8	b3b4a876b4fd8d276d9c0779e9c18e65c10f0d9a88169f91125b8b19d342def5	f8d57e344f6782dba45a075db1d376726316262aecabeb36b13ee4469041ae97
1048	1ae20c4fdeaeb94d50b839ce76a00ebcf2cbbe14c9fc3269d767016b7dffa1bb	b9fef5d7686e87cfc2b4ac399d50a6ba6398535fc6f5d1eedc6f00905f5bcba0	efd2013ee8f2c24f28ddbf17c55333a4f13df3f33a4211fb6a41470b1a8ab57f	98f25fd775b39aa871a0979e95b5a6aec21a60387e0951b6b78ab68d031a5adb	e543bb760f6990e2d37b932ad5f4f5eef7e32870e5dbf613cf4d44f3f9946943	c8d0cb57bf2fc46bb5e12ae8c3c155448b725b301d5f1ce00e43ca8ec7e71e84
1049	aab71fda3425e4df0c322f40e9bd715a36a5bf16341f67af64b32e537532fd82	619ecba0c08f927c13cb46c960412c8dbbf86b21d64362f8f69822d56f28e0d1	1dd25a8dfe95a48c5d441f3b5d50ab192b1a702186e036d7e36ec2bf591d7dc8	e27f543bd5f7615935a6ca0b70bde6c21e9539b6ac753effa456d9436033c857	41c0199f9fb0ee6d9a7c7a1c13b52a8284a0f6179c308f0f8aeb53359a42a93f	172b09053788657376c2bd6a87b36e9eadbb24c13e137827e5e0cc6c068eeef9
1050	3b7c571a8f86ef093f134f423a5f21282798fdd3ac891b9e76bf1a7aa06ca7a1	2271c19c1d9a61d0780fde1f975d44e6a622c4215ae976ea6e81f03b5c192b02	2754a54b91a10a50507bacc81c4965bc3fdef144eb289f962a37ccf5d8a94d39	de061efacb26800c578a923f6caea85ca0e8965de706d85b2cbd1eec790f1a02	6beaba1b011deb33aaaf1bec07fdf57e1d06b8c2a2ada3cafb6661d26426428a	94e9c610df1c27a11bc564b1187e5b124d8b4c7c06b9bc2a7f4dbd31a59f15c2
1051	6ffc87235296494a53768ed96c666ab59370a43f8ad0937dfa0a0d78462af934	c59f60ed8e5437398b40994d4651e746efebc0b7a68db24df6d0cc5bccd094e8	0c215012bb305f695aba2edd9dda6761292184ef1d2138b6c1e88d3bcaf208c5	e6ec0f270f7185d8ba0babf3d70113da2fbced71144827b978358aeac1113737	344c2af7cdc1dbd7ed70d6de9a421765a171576f426e93017b03f9e6b3434104	6d06db7509efcc8e2902335f1e495102c1a686b26e427b676a221a0d600b7a49
1052	d9d01b0dfc17981ee1fabf09703916b3ceeaeeb91537ae781115425e44793400	3ac4c32e1e0590b695d368366f5e64e3cdfbf780cc5f9d1fb2affca1d0fe70ea	0fe2e90bbc84dce647bccb8f6aa2602f56c096b4d3492d84e1eb22362f3f8d47	685766fe6fc27bb9993dcfc8c669aebf4e05cce512d656959287d6f7a7c01668	2b0122adf52e68ec7d77a7b68c983c3f3fc93d71b4eea0b0ead1013821c10971	9caf3326ca329c0a098688a35dab1ffe888f9b377d45a34018ee34f4ef4d8eca
1053	3a53c067e76ec527456a88949afb3da3163969e5750318b26d3440231f4bfb99	2a397d895b5ee469e990037dcb8f367dc9267f5aa480f795fd25e9666823dc0b	d1ff37bb5197b9d38255868f7c33021a45e6a3f007567a65224d0522674adef9	cb8d28dbbacc222dd852e2dfc4d1dd0e854a84b7b80517a46c3682f010478377	5b056ee3fbc7a4364f6b86c637e4ea8309cc16e562584eb3c54e62a4711a9bbe	72cae68f55d75135d909d18a6acac3a95fd5c19ffec9a850d0ea59dcc1a4d7a5
1054	3a49f1ab7daffa808c916ceb3d4fe6ab8384ed80af084bb8bbc6ee8c4b7f9b67	59daed9bf6b213785c8508a46af655abbbd4a647e70893d9d7b26cb1825de696	71619216612c0d851b7dfe0aca3f4498a873be67e2f1d3d9f69446db41be3f5c	643764265051caeaebea01d66dd2fda85d8aedfe22b901064a1001752d5b9c54	fbcd7ce9220bfed3469ceb6a1bdc00d82a3b04ab5b9b2ce0eab1a0d8149da59d	f22c27f9eb732b4cf45f4a8806ef58e7470aa4bbf4b20df84f43b7e8efd54719
1055	ffc5a9111f077cc5e58a237de464a411968fb13fc32b45d5858b7a942208f685	04dcc34f4ebf815e7988afcb3626c98ebeb439c50e88a13ca3964439dea8a666	727fd6b12a527865bbf07088e0f0693130cc26c464ae881e14d31b0f3743951a	2177ecdabc261dd155b59df6fff1a92c8a944f8aa916bbc658e843227b9ce35c	3ec72742251361388e8223842f6b4f01f39c97ebd45dabea6d3de9b42220e50f	77b80a3eda6b27b7763411716ed1ac877152854c0d6d0957a77d844c02f83c68
1056	04fc4992e9b0f35c32c12db6b404e40649bd818cf9c1c5fdbaaa127eaf35be56	1360bf1db9b35c8650fd2b7e9505ed467cae36ece5c97858c8ec1317c69bc300	a0f23213639c4bdd19f43e656d0e7c1b8c866cb7108ecb89b8ff8c434aa7ceb6	1681441df3cb3e5e7765c71044c73f31be2ea4af2a36a3476c4fe3f79f422691	55078d9b83deb54a79f3f644f3f5e9f6f8a1390718dfaf9231a07d73eeaeda1d	5c98f53794e4872c70c7085d36638d6fa481266b8b975c7b23b7c3b407731b27
1057	383ff431f0d59231675f697636dff7b2498dd838e17aaf79a07176ce025d8481	219ab45ca82d93515e899466e5f3d55be2f3163cdf7fc53534d6f9523d62e01a	6038b630608034e50cb4eedbd5270878598338edf43d2a1386fcc205f473bb3f	3ee8cfc46d5aea5018dc7f46f0b238b38c34d555cee9381b65c173391036fdf6	f5e089d4c4d3f9d0984fa19594515222b736c84faeaf8f31027d58a8340b04e7	43dc31b51963b1ad60200a68874cb8d02fdbc6fea5e9e460a851cf900644239d
1058	10dac15f741f749c27564ca775d1eb506ef29611f6f59b102ca11c70c91510db	c130b8addcc1687884eb63418d70ae038cd5ddbd020dc5224e244e637c5dedfd	8ced5c03e25a80a0e81a1774293ffbe396ec870d7ef244b321a4b8311070f75e	a58ea611bee611147035a80b6503e288aa64d266dc5037205d6c0205c9e9983b	82fe6fc6b46bc69552713ad74fbf1eb18ed542215ca199f24a29e25375bd43b8	86f22f977c7a26c41c515b92375767da7ad962c6bcd3016d5462b80318f18036
1059	ecbf21ec4e345d14aa3349216372984573d466dbedf6265213aaa328545bd815	d5fd64c999075a4b96a7f9338538e1dc492430461716083707e88f4d078814f0	4e9cc590f20e1dd186e6baa9ebbdedbe0e6a74972da09a7727cb36048a531171	4a54f639c01b9064d71d1cd756ee846b6637f9ce4825d46c22ff3085f9c34a8e	8d6ec17db252c57a9c67253a29f99ef522026338c49bb420dd86a4769fa0e836	8ec13aad1a1ce7343d5e7c9799ae498bd4bcb95864841b636a927b9d8e6f9768
1060	e6c033bab0bd0aceeb3e5668bbd2e468be6f109d506da1c0cc134dcfe71f3e4f	3855c9cfffb9555d3e1837ee3f02adf577ef5a561f945e4a12279b78980040ec	e7ec78cf9e5d53e77ee74bbc11c39ce36d84885bb85fc86651d8e1d8e1ae9079	275aa65a1c29358d77b9a12f26133fe2da352e8525204244037486a66eee343d	d1deff37526cf114ab9c26d38e7586e4c2573bcdeb20d13514d267a249af2988	96ff440d5fa3cd8be1f7950c72ff00e5b4f27777ce7ad7986d13ee41c0aeff63
1061	4768a83be10c6c3c16df19cf4814904d2481c809f6d4d3401ceb093959b6b109	13deb8701e31e434004d48e09b281beecfedd5b27a171f87c0e9c0a8b803a4e3	9bfef3e9f5b83c65ffa21af01bd7f9ca6b8401ce8438fe3ddfc2038d50a5e451	2a806d4f5d23a8ef51a0c102b18b8b90d174c7acb99bfb5a70292bb4d2ad0313	aea82e31259898c96cba7c3b463899055e46571c03dc512b9bf9cd0d13e3e61a	6782b53087ed84370b743c478c83a644a27442b5da6f50459d803fa0d5668863
1062	a3f254f989260aee49263ef226253187543988aab1eb9047ddab94fead7766d1	f6cdcb84a198e3e757e13a59ff909bac9d9a1b2873b6304dcfd2dac1db7e1ffc	18b3c5d2ae690883d0bfacdecf40c84ad8620a331d454217e84fcf8b42eae9b5	0fd5e536d24946d453b461d2492f4d77a58ceb3f37751493846f64040592e888	c9a22dd9c1b2e17dd3bcc4bbb6076e95a86dfbf6b02b1f4a18fb21176972a394	7a9123df23ded808c18d961762777d4ac3a33744f4dbe95e53ddc037732140c4
1063	b87de7ef64a689baec72e9b1df31859d71eb224141dd139b8cd280719915bdf0	866ee32c72ac5e7f7bc18253393b651666be7d84ff30a4541efe53c134d78e54	dce8222791609182c5196b3a5c8d1573f213836d07662fc337b0ac7a13ef8aa1	8a3f9cdc5945e94b5a031c5accaba09665a162683ac2d4c9c30ae2f099e137db	f8715d09635a69165066934e5e0e9545f58c035c90773b45eb562b4719410b6b	0b19095eb7e7cd75ad90b3f316fafdd3b9ca3dae1fab90264b48fc00a563ad5d
1064	5812b4d4bf642d571486765621b6edbd2739a44896b1d79591d7924b776dd594	96d1d7b8e3ac07f6ce864182cf25acafd4cd76c7efa818d0c247f19081c69dd0	96c1d58e71eabcc4e2850e266e243d0da8abf2765b884bf96378873a47109dcd	84414c5b29220ee74f1a6e65fed06912d336649a2bad3e35772253f78dd86303	12fff218d67564d1bc83222c45fc6846507f5de43a090f59a061e4fb30207296	246ebceeea02ae0a1dc35ea37c0219285a68dbeb62fc54f76f34f55522dedc90
1065	4c57f25de5b391ee071a5119fc6b7a48a8089b3b4dfb8c88a35e73b3a83db12c	f1f8be724876c431e2ccc2eb166750fb3e2bc44728eabc8de0cc11f6a1878613	b5841152751b996993426e106b92ddbea09e8ea0bb518f8e8ff977620315e148	9e0ac299ca6f19632e7cc0a278eb6e1a7ba6763fb43cd893a965930de1798b90	979dbb7f3880b1927645ac2e69fe9760c41a8f13377a704c1dc68bfe2e9ca2ee	f99958c52a027eabf8ee1abf454965a262772292178a02c92ea7eef88ab95d24
1066	c57eac278aee7065a7095be39dfc16290c743f3589c148f5a4ab6314c49cfe93	dc0407d11590adfd3ed785d9ec4496c259737c59884060dcfa9620b71b9bfc22	bab21d23c0ef1dad0641bf9f8c401976aaa6256743dee7be566c2fc360df4356	e22ff2c92f03b5ffeeed5a8b2603d78159a7c092e22da5a8e0cdedd407e19b8b	004394e410647a0769abd3207d8833c73f2814a5bc1b67d3613b09a5b0c827e3	6c3f9dc3dd70c1b2238b50c26f404dfb778848ab7ca12ba62efbea8a95846c10
1067	daaf13846c1f7d11beb81c4870de431c5df27924395a5a2addd9580aea40d351	3638d445d9aa136772002d2844808e00aa150ee58eec4d78b65bc68b178373cf	6f6d807e1a17e47d4812d5317de2e366004277766ea75861d431fe1ecfc7abfe	98a568af92ee226567a586917855b7f3cd45e7f975bc290a9bf0feb0adfc8b71	d81ac7628c49d2a6733dcf7e6466577e3b4e4c12b38f7f70267d1b7744b9dbd9	265266b9282a72b99041763f63c4e7efed3b938e9da1acb4538b1971f77578df
1068	db83325f8c01263de34bdaefa54f209f0a0d3e956572932b8c23e9dbb9b05a90	349f0085fcfcbfaec1f813d4865ab9c3403943e8f2dbb9b637d1c9444532e016	f1ac740fb441109b11844eac11139cb27f53c76e8ecf8c9cbe6204d69ed82821	cab410451bd1bdc965b3f7d933458bc9ecfc39391673beedca627d59b8a42503	6a74f8398cd3a5119242b7a98729abfb0de2b77daff275138f9a889c8fce9a08	489588870d18eae525c0a3bb3fb294a770d723d2b437ae19a511af1602c39887
1069	aad3a93be187b78f813866cec77b1288ed1ec3c1512409ae185b579bee36e366	835899c99a4adfa9636a17f100b864b94d5b368bb54d1c005be6f3fcbc155c2c	d129ab049de10408eeb7a1bd1873e0e26f1ff58876ca080cf023d7907c33b882	3f8415a0133b5dfffbaa0141f4e346eaeae75036deb2daf10e4ab760f549bff4	c9a477b6d831b895bff1ec44e62ed68ecdcaa48fd2829f0471baf6fae690ec22	24af14dbbe400255dd793fc79b8e5e8e3c168a02ef65c9dc305b3585c4043a59
1070	3aefc18ff7b36c72b62c683b8eeda64dff2fcda99e14037fbbdcc0ab16412515	0c2823419a30133ce4ee360a49c249b89575597972d795a4a5841eedf53f1732	f660188b9387411eb7f714edb901c54d6b0cbc16f0a312cb0e21ea846208ef27	371eca743af2a1445bb5c9e8e0f213b11601dc07c3a9628374c1241f1c46c674	a3fcc0121ac0593773d4100552e1ebffb21067719c18ee5182623028762a6a68	f38a0c6925979f8bd500500872a4b725dbb949fca7b4e7319f03c345b0548cc4
1071	5a7b2e2182c499f8f668aa66f3d5342a1add5d09b3659dc789b0c67b8ffffd76	a485a7ca647cef1dbd93f7d61fa5a4530d85af58a7216c4fe2eda40ff45e6f04	3ab511ca01107f8818bd6051e408a4e9c14501c998642c2af1fcefee4a51962d	3344c8a2b5d97bdd66a26130f57f2130a086e7640433a2ca8917a5874e087f1e	479f94cf42b365681274da2d0d8812d5e94f7a43bbf0dfea57cfbabb339eded8	baf78f17225824009b9d4ba2e19d96a1f34ac523cc45909d1da89683461aa60e
1072	5ddb04213e704bd039c44ec4f4053ad25b5e3d822c1c9f32cd5c5029cb1195ad	e721bda0dc043f060ac42ba677e2329fcce265cece5a120861f25b878982af2f	1abe00ce95b6e7eb497467d5f2ed1566d48c0120ace5a8782c44781e33dc7339	84cf1e50846681528e01e393dd05e671aca3958c683f02572236da40cb2e2f91	ee10976493e35e7c65209f38f226a9b5e1603fcd66aea947ea7ecc86522c014a	ba211f70185d00e318e78a9b054e6704a894f89bd82c178eeef3d1537af1ff72
1073	bec813d4f834220b549accc5b9f5eaa4f99ca28473f2b8e44c37d8d00c941826	0cf2e7011a164f6d1a74670a54ff8211b4b6c75e0827487946c53a7cdf0777d6	a05ff7ff4be0ca2c41dad9cbdeb41dd7d7d548f64b44aac87b93cc21c0f27821	f922ebb999122076c258fbe8b30fb84961e1624322fedf0ff70c5c443f9118f4	949a8f240aa645f2dfe249716379124dc6c735df7c0a266e1f72183778fc3e9d	5873caa31fd33817e23cc136760b1985564f80be4fa85cc225491b145d5c5b8c
1074	6a6cf3301fafae0ce8669007ac2963771a6b91b41d529a97534e42bd9b03aebd	4a7c2a5fac3d2ec3f27933979c6e33206d3f123fe140c29d9ca5a063438fdc1a	4191dfc92763cf75dbba6cd20db6737547806bcb666a0d901fb0a61f6a586eb5	4bb8bb97da3baa3f2045072af6b3214ab024895532710eee9e502d2ffdfac435	07e75b110f6e5619b477d1ff28c240357c43a4137698aa0f5a2af823320461f5	42383b92436b44aee0299ce07af7a894ec4bca7955d9f45570cea35f3dd8bcda
1075	870dfc2e6a952c19a092157bde1bad154e2df0756c5172b6149fd73ce1f217bb	f6376da9c85d4aa1cd6593cbe29f9e90c4104fe7bc0a4029b2caf5addcc2c06a	a70b4b11d643c383dee81538362807891ca88a75db36bf93b0eefc7543b5b875	ea7b282aa2f584b134005e636389a64908dd1251fa856e98dbea7786692fe54c	4fe8ad486602856102b6c9e997b1dcb6068594eb156563bd730596122ce49f5a	68e0b6c2f01b297c5739cdb32e740c847d5ce473c7a5c4d0c78cbb70dba87fa3
1076	ebdf73a5ee322579c98137de13aa05fea056702dc78e0d6e262f965e7de9bb5c	7899c3eb37c1d497d7abc2b4f4a4857a07d6e0d47d5bc688bbdcfcc09fb06c22	3288732979ea4d4e0a421c5d7f925f3cce75a0cbd3a6d5f82ca939945cdc7b65	72a319e48f8cd34d1662bf965740f8b66276dc8158793020762c90754e8052f6	382c33cb7ace5ddc3e372669a9890691f971954547b37008d781524fd425ebc7	988fbbf44a87ec5c30d7a4e26322e916b1758d7bfe08921283af22d7cb9c35b2
1077	d3e2743df7f266386051df61c0fefc23acb3b204e4a44718e81f87d1de04a7d6	ee34f78365a61bedfb985bcb388cbdc89f8b321a59dd6127a067a4896c91a2c9	758ffa9c0280686e22e008d92eeca88f1187393a6632610b5ec66cf2e5eec32f	c3e80aeb7d72b2f76fa8c9e9491ebe35d8acff619e0fb851229edea6c314df7c	a0cca5bf71efffb03ae0cc853fbc22099686c333e6dcec965f7baaa3f3877ad7	2cb21fc17a56abf279df495fdf1589385e48acffcf7a54a03a491486689adfb5
1078	65a5760d3001f7107316496be8f93ce8c031d00b49eb1ed8904911ab997820e2	dfd4e0b719c4ea51e4eb10dbd9699ebc729b83925c05b63c81eedf82edc0f9af	f639f43806eb5078c12a106d72b8790ff61f4e42be9a3a849b18d0d9a1c9328a	b59c8b8eac32dc1859fab4a303cf772a77e57a3e9deb5fd975f0f5d7b409f84e	2c65724b254d72837ee6b15a0caccd8dcd2c5c1c000431d6cd592e1b9ca0d4d6	0b715c936a1327c510757ce42899f4238e8bb3343a30d6c8ea3d666e8437c571
1079	e97f8dac76643bacc617c81590e933c55ed016b7e4d85647c5c68028ee593aa6	cc12dbb9ebd6888a0c99a841646dbc3bcb367e9af9650d99cf59bf55a820d072	aa23d38fa4127d8b141578ab615d7fb58c96f2d7cf23a7cd9dd5598a021054ff	0f9c5fa063fab30cda5ef28688435ed73637ec71fb521bbebbd3e6ab7fe8c80a	f7b563c934a6c0f2ae4e74f73ecafb5de6bf5d7f868df7c5c6269298f3e9cca2	d8b99ab3a092f88f6a6becec68e4cd5004377d10abae465e9fc71a1a69f932ab
1080	94187f31725db55a34ccb92411e63fe8e60f43cd41b5c63ee7388391f8003d08	8e37b10bb6a3cc9c326c348a4ed4c87b778b3c46bf900c956d62e8fa2903ed12	b0ffaf2749499236bab551559abf37b61f06a664cc10791de2d9658a4378d439	c4713de5d606e9875fe2e27e31f55da0c5a6e93478da027394767201e29d205c	2a188b7056e42b1987f91592ebcc963f7b81cd37f6e4b04eec6848e119b76188	dafdfb27da30cb7bda2670cf58a192267bee85dd581484957434767a8e41f47c
1081	e3aee91ddc55360529e52537ff717011e2c742a4bcafed11ebaef319a91b2311	6cc607e74cbdd4aafbb9818894a77609f6129247a0d971846e9cfde952b1aed7	549bad1f6c3f83f82089c3569a5f56f998d44a6e56aadf4386c51f7db6e48fb2	18dc3f066e1ed063807a0cf3edc538d94739fb9b4a8cac2f62bb5da9a3178a7b	f3e8deb11c757edf8f36f32268d47327acc90486ddaad44afcebafa87601d6a9	cba382148431b494144dbc411f08bdbea926a3172366ee99acdbc77f44829156
1082	da5c7a3018ea871618ef178fd5b0bf21328d8a78ced7165d80bd52f182049575	57952257384282ea8c524f7d877d0735462ce8e95737dd8fb364afb643fc0fcf	ed9ca8711713b9654ad0effb6baabae183ceb9c61c07cb47331b3c65a83288e5	c28fbdce7d7767ce17a2e5b430110c5a7635044700e8aae3a32d65b330b99255	8da65a0909e4635ff8081d1416926cbc14d4770472ab8ce7bcb68ea2c23418e6	6c25c24dedde5f949eb460f88d866b747368895f3145ad3e8c177d37f6bd6146
1083	8d72a5a73034454f8d2a2670bf4ab46b3917f774dd05b1c9aee3d09b91fc966d	cb46c4a25520b5d9257a0969f931d7d2ad88ac2265c5bc14a52613240ef3723c	3fa077915155e29750b5337cf00c9e71c78bc8275cde38c4d17ebe66fa25404c	1b2a92bbb86b5cb433e96fc126f989676033ecd4d8c44c959bbe248ac0604b7e	a0fb6e479e7c8eaeec9ee4cf54a156df8fdaae476887352798f93b845a2bd451	d9a18e78f67bb7e946c02d406a7a4045baca45fc7e318b5d2a8d289d689c6115
1084	630d25f38a40f31627e6fa215dcfdd5d2878806e2d7b559f381f7b76093adcd7	739f8fd08eb1f91c832aa7709dbc0f7b7be130f7d73bedee60447bc582c2196e	063c8c8eda98e05e1eacf50f60fe4220e7d064694259c7052c11688783327da8	0a8ccfb60458f190a8df0cb689cb560384f8523b1762166233f16db94e45077a	f40f425ed0c2d7ff8ad7f574b54b162d5be8095025192462d9589e2cb51f5b6a	e50e37baf55a8cfb52361bb32f5da72d5381e57412585e2103e082ed92ccd881
1085	32a7a0f2392692e5da6f56833c5df7cab931d16f38cc7737596b5fdf775a5e81	bec6c8141f30df55e1d35ee26bf4ad8e9eaa46cdf622864609a9f9c4fd132257	78ca0b4771ddf2bc50bc20779538842909c04ac74e7c44a56f5e79b595fc2f00	710b689e64986e4257db62dc394dfc690661419eb8d4935668b2cd465cc5148b	911a799ec95c0c4f50f803765b765bd555185d4e2b54e81398cab7b76e44b70d	2204b6c854cbab23b98810d3280acb68824f6faca9f6301fbf0a096f1e3fb0f7
1086	f62a36b7a91c63aacadd2744804510a23a9395a1ed63a380d87dede8128d81b7	f2d91a6fd150c20f0482c5c613ec8cb6e069d2c0473f6386a836f8612825981e	937a6bdc754d24e56035b5adf57ecc6dc734523ad54272e252fb82bd531f0f71	c4f88dbc8b5b5f8ec99ab0ca95bb2e4e26b7c62d983ea66047996e3d9fa893bf	94238e062be0379e69c3fe24aed6d22d902c727f6bea29d2c83fec23fe5fdf55	3cac74cc4733ee7e72e0b235a8fe327e1dca08e5f163afda6c14281c74f5e6bf
1087	54e36c9e069588ada8289611c3bb2c854e1f812adb78d8c31bc05a68c962434b	e0b92f0e4ed668b81ad21de5fbaa444aa36cc38560d28ca4a4b8b36500db0aa9	338d85cbe9b48015fb425221ce8c9a1fd1657144006eb02e8d05f910998f2f9d	8d011b1447b85bf249e2f33036c07f835465d34bdd8b785a4a730340542701c0	4791dffa2a1e8da0e3ba1f67bcf2cac289d950cef0f6fedbddb99c48ec554a18	29762e91eb761b8e371498e8822f416194d6c4dfb3b51506093bc244b24468ac
1088	9bae481f4a5b36cc093d9eb8bf489b4b403321423dce53625588d330baf559c3	a431299b25af7bbef72fcb70337ae33f9aec1ae4050200b77c50d741e2327461	f9aabf02242707766f01ad96a31983d5b9d25acf1c9419a46ee811ca3a7e7c18	14b390dfc56e500c8eff3b7b61df69d5d6e404bfcf23e8236b4f91d82452ce14	29ac580823fd7b923f1ed8d5f5e10dc3ea7459af51f91af78a4e8cf709ddf181	b086349ce88cdbabcddd776f9e2092038f7751afc4d6294d8d7c17e66decc949
1089	e225e27717b7dcef09fc2896a9a44b42338ac2765efae52f8207b82e7dc8ff50	193fcb6e8f4bcf244ace51b609dbe69ad6a23dcd1859d6b0f0152885e1d909fc	5aad4da8932b19c8448fbaf09955756337e04f8bb336eaafc184ccd99304af26	8690c59e60226b20028b1c5aa667d7c6dd2890a9603950507e2a7d2558ef991c	a7b712fb5aecda657a83482e3f3d39d5ad1da8eeca8a87148eb650285b7d8483	14e43b9dd9346957b602fde45a00eff4e65f7e8060f8517ea29fe75ac10cc752
1090	51800d67510376da1aac052ffa375a0aafc3f56dabc908735b51658a5e849886	4dbd887ff3395dd0928f4b201e9655c60427bc9d8b41f10388132d56a8a77fe1	4f40f881138ce930934813df3623291fa2b8c7dd60c60b32aa81a398e73144cf	082be8801932af52bcce657de8bef7ebb5858f3e9543a71abde8cd10509b7ed9	52f3372dc3ab717da63965cdf49b4bff4587b6c9f10b2ed0318a228f82fd632e	5cd22e72bf80a8d0f11e592444dd2ad34a2b9b6dcb0ff1ff5558f57f3a7ba5a4
1091	2967232feebc85afcd3f284cbaaf88ac7933488ae80dd47a01e86754d6af1b32	c2708043949ddb89e25a23480b84e9f627e44a3705ffcccc0aa8d238f4ae2ce8	416fe948d9d65271a4f817ad897bf2484a6dcdecbe3b641ebd5bb4d0661599d6	91eae0e01e822cf29a72a06a2d945e97b52c891ea1ee5e9a7f602aac95dfbfc1	c7cf1f8dd9ef4a89aa69ed4bef5a5b907d265c5659f823d412db6f1810d60590	063aecb7353cb26b1bfc7afe3b627d3f2891eb5df67d4d1a4ce98f1ea84a4110
1092	51e5b61ce0e82c6519ed58797f5a57c278e2c1e5096590a81302efccfd1f9b0c	0c553cc5a9f650157c0a8d75c15ce15610e9d68b1d6741bd686863a64bd8ce65	0eb50ef39ae56dbb99715badfd794da5619a2f8431029552ca84215e7e361f62	1bfc035ce10b390fdc36875e80394c51c02fbf44a618095f50d548c2e332d6ae	5bbdebc7e4f3d367e5e25c0fe55eef8ff2f0770e34035086d23ce2d8e00dc474	68589cd3e70c0ef10a276e9bb7bb166499a8704085281ab20fda8d3c42f6a8c1
1093	1b547c73ead856140b71fb10ce6d2e16e800b8997c77821c76efade8b5113e8f	1f9b04336105b690e40952843d8cbe038ff4d0f08a25e185ba497b75bbbf70b7	c55bc560249ef0a96bd669c170d8ad6bf2ffe4bc516d4648cad6895b632ba7d7	26f94547570d6af544bed9a8e125ceac05bf46083f17a2d203a52652af1165ae	2f6d66022a95b487490023d85513b47db91cae2f4704fdbd051d5f80a13f4449	db2571a3af75ca2d7a203a77d3fb8a94dfede2672737ecf99a8d96ec8e1c7b06
1094	98781aa7aa4b31fdab3c5875260edd1ec48396dd97c2111cd204230df6a6da2e	a7641877ef7e2c7d1ff6986a8c2c534c6b0ce152dd9d10ea0b6aebf608047f0a	579415461443d05668c343deaa080ef10156ffba100ce5ab55fbb9af67ff1877	5c8d0347ce06c963a36e785ee40b2026f1831e1f8e42ab3b0103ffbeeeaf168d	452f60878630575548ded4c67507734a4f303e819b7cb4506b38827aeb14b3a0	8e18aa4dee342d2d85012e0fb35fe6adedb695804b9333b4df572bc1243cd3a7
1095	d23bd6521eefb4c4ab4fe9d3bfba29ef3a5b8ab4d5f511c111245407085a5c12	e3ac9cb6bcbed3d2ff42e5338242a75b26407cfa06b3d81c1f95de8250c4e4de	92e465d7a5569c1b25c597498bf9db0c0f18f24cb114dde2f0eca8e0f028e264	ce9a6ee046ee6aeae2abad2fe4a3b0839b3964ad20bbff1eb243147faf70e5c5	9a21eb6a43feaad810d086464c59095d2eea9588ed1122c0906e017da9a819d5	0ac35dafb2f162aa9e4afc2bafec38c7e2b9557550a6fd59130e634e80c765cf
1096	da64068624744a458f50ae2a1a9e8febb229745a19e84fcdfdcde11521bd3d7e	4e356e291222ad32df0e75e0a288757e74fe10e88c8779e89a206fcfea9c768c	3c8890bec30046901d9b3862ce5af58d5faa964c45e87ed3ef275072ba803501	a15a0b15c21df93ad39a03faf9fd81f5bb1ebbb23b032863c3d0fd56a445915f	7101d67b6a358daab43476ee8531fc99c94e9eec85712f6346a9a3cd01999e0f	5624d70bfef2699cf2a9672850c45c897e36692ab2f59f12cb5edfbc97aac37f
1097	ac275edcc68d655b85bb10f18e49de183c2bf27f44a557004183320a88782ebe	1099665d73da448b21d9ce8a82949a84eb22d3993dfcaac3bb1b4824e1fb4fb4	b5d81fcad44b1ee4d280a50c94ce1213d41a8cda31d27136b85a58b6eca33104	5661924e77d97af1846d2ef66a53bdac99658d470167cc1c0e1f6d655381097a	be979baa778954e075872113dbde88a58afce55a2e8ccd1aa9cdd33b8ea02b19	616836b2785b304d1dc354a3f3415ba7544e2cbfb43590cd6b7932555b570db1
1098	b5d8c88d2b26e3b3926d548a5137b593f0dd3aa6dfec9a51ace8b6a3ddb5080e	31683d8a4e5f05a66e7e09cdf4f48aa3d798b0a567063b65b4fe3e80d6d0e0a1	34cc5ec085ad2738c134b09f02c02730d2a43dc26be47d75e8cfbf4ba5e79441	e40ce597aabc7e8e37185a093eeb3b66581d08002c420e76dd595125a90b72c4	2d68fa8ea02beb12c6da3d22dc725ef928f19d0427bf6c7b22e69765009a1bb7	a7b4c338839a39aa897eca5715634e2ab5eb67e1132510d07cb5037c9a3a899a
1099	cdca8fce1df07b21d3282ddb6c3bc0e44ffe9b3bf53dfa5f02dd406c44f591ee	cdefc36ef01ab5356201d438d1eefba13c6347b65e6fdea3b4944f0c14e0e1d7	e796297c77befafe73aca64ae5c79dcae900b4f8c4ba4d7883aace7708ad2a49	285ff692e6d4ae249f28680a153a3e45608bf56a82585bb723d6313468f69f9b	60957528d7b81bf655bfcbe5d7df6df0978bf47959566e76eb425133853bf3c0	03c8fc2500dd73336ddf02ce78eb88843315a681ee6e02f0fd201479fcf57f71
1100	4c2b6218abbee205aba6d79ab32c1af691eae4b3693d6315a8311b8349b7d31a	39ba558d3af4c77f38683aa86c118bab9ef7aa0539a38bacb80ed5827c97a53c	62a4a367fb2e45adaf47d321dfeb08bcf50e0a7edbc7b47ae7730248e9cb4db6	794a511d97a9de2a955c31a4d7cbc89960d288009407675f7f84e395b6e96a1b	b3e2f444d20a92d5be82fcae5dde2bb21dfeb6623d7aed1de317592d7c7383bd	d450af34f6b1f7f3657199334962f4cf60827f4707835acdf10cb5e9aee21cd3
1101	2597547c8323303f2326d3ade51c4fdb6a2f989e466cc0f94ac3c96ad5ebca73	6d9ea27cb2f615f47ea6b94bbc0245971919b49071381c097e12042d0d16b08b	cd3e84418558b515327c01e0188a9a8a3364cb5b99800dc375fd1ca6508ca8e1	35ceb6736d008cfd82beaf004f6365a433e9ed56753ff51483a6e3db548733ee	90cc0a0dd10560279a262c79827c3d6e5d864346d370713ab6f4065e9d7f79fc	6579545dcb9cf2a1b0a9a1b2cd6b20c8c095a0c2cdb89c4b8bc47bcb95c1904e
1102	ff6a1a175422572e009261df4e27ca5b3684424ea4db952757b68b7547efd8f4	f43dd9a1d82877057a985f019335adab80ffbccffe4031b97ae59e6324062ab9	e6b5ef75c157ab52cb1e9d1d0f1e69d61dd631f96a533ea7aace2a3edd441791	495cfca573e97fb5afde9543bffb592bd6be565b4c90e69dfc9ad606c1d30c62	6237b33c3381b087adc392d7eeb109613d5ddaeded44449b29d643787c273aa1	00862b18340ee0219fffbadd09e735aea9731ccae54175e51e27691a0640e694
1103	e0c7a3329f72cf364aaab40df4c9c565dfd00ccdda70f475c6661e33652bb576	25d0e2053a29232cec70b35435a60e7d6bff6f441261d26f7cc0117fc9016034	35f9f4da1ded57cda44fb9d01637fb7fa101ee98a23541aa8f35d1822e3a910c	e9f2b77e77e0b61e2a90888e2c7d7b116cb1e302e0ebe853b740d578052748d8	3714363aac27467a68305ec2de4c9eeb11ee5caa18c2c151c9da8eaa661cf2af	f022b4696d19d70617fd87e42f39fa0d05baefb6d679b9fadb60b11f3c211a10
1104	d6325c85310b35ed76a90f489a99c84ac7464cdd01ccf36a2918b47747b4c550	b9755601a71b73901ace2bcdab2bb9b98f2d16f95346e20ce28fca38c5a4f49c	629a47a516782facf98c3bfe717f4a92fa95d420b58dd9ceac918845bdf6013c	1d66e2d341bd0fd9dd3ba80a10ea9c58cfd05cbe4b88db15549d9f95d10a886a	8dfa59da1e11c0aa3abfc4c2ca313834afae0b3234d106ac37114a9b5f7f212f	bbad07424ae238763ba2adc55dea104f4be84833b0c0ebd7c858381afbaade49
1105	314ecca9858b5ede4ff0366f229726868c2bf6a623a4a231bcf26cac86ca0df8	66bff50deaeaf20b6f04ab1f71b874e9dd8aae97c9e7d221ef5c9e23b5e8e3bb	1165d2c8b6f6b13d5dbf7d75ce0988454d398636f9d8464442d42d44bac58c9e	93c688042ff04e7a771968bdd5fd6e94419c991b6085aa54349a39e7e801fb6e	e43ef0d69b549327f5280fcba11aaf4fc0e381363353927ba037e0772a2e9efc	ef07e4ab20d6b74a0cbc9cb1ac7d47638046bc5b47eea999d89095adb986a904
1106	13b5a5dad6e799f8e7c834123911c0309c63d5441e3050ae0a244ef4d2ac9ace	4af4d52d4f2cceb3f7daf245d39e34f725ef251d236065cfa801c8d89a80f6bd	98ae396f8e3e88cc8728f0cdbd7b4a8d6224cd11716cf045978809f0809d03a9	23bffc734e7b9c73eb8560ed3850a1056dfe94add0559530ec0c136f6147ca4a	b5621d7945de2981917881e0919fd912d08b869a395e25c9032a49d0417f26e4	9105eb08ca9bf91fec7d740698d94a1b25fdc92858aad795e6d034f4a94e9ab8
1107	a4b91f329eb67ef171cb8dad500d4b9d34a198d95cba48a7347b60513ce734bd	de62e29ffdc988f80e09f8fb8be28f056a2552205cf258030466b89c16462170	eaa7debaf7ea0fab191387b95b8e291155a289a8ac35894739c4fd3436af465a	1015d5d603266f12edb70131cf5a2aa765f1347b1b04949d35aabea9386c93fb	ed9bb203a77de625607ac3786cd9d69d18d9fbcfb574f62cd1a0d02323c1e23a	7281bed57c016712b5ed3dd4e27857ab8da88ae7979567c29ca2d431baa5a609
1108	ea784225b8656d9b4a9b261c050c0ff1affd3dcf3c78e6846a574de0db1a82e6	f77a121d5f207c2e2ccd9cfb751ba93989c8f8fc6cfa8b72b416e88121eb2308	12d456d9a6e40aabc418a6a61a89f51905e102bda50e4521ee79eb6c38bccfa9	500f73cd269d32e0705ad2ab7239a190a8c455d5122c55cf0ad73c79d71dbee0	dc7422a102ceb29a6d6e4fe706480dd1d60245bfad576794db15f5b268bf06f3	7d6b51d7dd7265310b5aceefde6b358138cef56c4b29b8f609d16b23869c4027
1109	2921f0f3b7c0700e55428dc63ed2f5ad09ccc5ad405c5e2b11564ad5424b59d8	d8c7ba091391873c513b649d8fa01318238ccefb053b58ba650a551f2db9b2ea	9c3724aa005a43546ba1a91be801176f6abe089686efb508ec3043a3b3b47ead	dc27a9a9fe5abff0f55fdf8861dea82f87db33d4f3fe213bf17dbdf53a9de43c	02aea8b92a3a4d6cba6a134b306fbb8395bfbeac97c0e85e80e5db86406a7c6c	bdcaeb38f56adc502313113d171a863c1aa6cf4ba7a3764a9b1ff9e9ccdeddaa
1110	437713e72db8142118fc2869c296deb26cc457c17b0ccfdd8001a1e317e1e163	a6d5ef50c312975c1c07c2e729aee2d0e949805be377bf00728a96f18d19c829	8a84e472b43ca429b38aa2b9be7c11ca19afec3e273b1c83b4b835ea4c0046a2	af682e9547efc121afd1baccd4f76d3e5edac2d265d41fc1dc3d4bb20d502fac	34d06adcb3a43b10af15d6140fe73a9cbeeb97456735dd5033112751c63be0c1	01be05187766911d6697c8fc83e7e4a939df78e59beb1156783fc6842c2fbbbf
1111	feb0337f48bfb5f316135eb161934e0479a201b54200640a83f9a95968746540	f57556afa07c97767f7a90c3edd3e028744677e487f587402c603c33bcb4334c	25f3674e3a7fb2b588743f3349f7a3a1ddc400ec87849e7b7abdd257e70a653b	ca30b694e4603db1bb0b8cbfea290aa9df226e4970ed4e78d47a2e383953b15c	7b7d55d9e319c267d8cf380663712756a72dfa7894831f71d1b5ad69949123ca	f429c1f1104ca78b272d0b2ffced91a83fe74dd2dade7c666a5cd60d66665fbc
1112	347e651a43e57ceb5a5a3d7829e95cd5e3bd953c3620646a799d7891ed9397f0	726b3caa390742819242e2a3597bcc0b8acee361bffa277501784080a510ff41	de441a05a64225fc2e5c16f0addb47e9b9d48461a11f8a4dc03b42c2efd5e8a1	6c54cfa61feb560ee57fcfed8caf622ec580d8dafdad600cf7c39933e94dd633	1a3d4fbd1cc66c1f0b483b20425f4f3c06dae9d2157861f9dd394cf304c073f5	10ac306ff88945bdba5f63f39640d34f5a2d6966a357de0175f9da00dd88a2a6
1113	1c2630f0110deaf72723f5cc5adc86514fffcddb3e24987d5d02e500b6a5b37a	fc695cad1290727cf01acd1482b6a66ec1b721cbce9abba34f152eb9968f6564	8aeff3fce53dce479337006c79b3a0d4c89946071787b21b0ce1c88a9aa451c2	70889a12b8bc3e1023554fc433c3d1c0b6366ef76d5976cbf37b5f6c82638fee	8783a0da93fd84c566424fa9acb054cb3ab24261169b5ce588684b4980503ded	6de90d78aed40437def0ef1c3fd020ca80ae006d938c53bc2f68aeecc8e4324c
1114	bce85b74b8660cc746e85318c1aefb467837591cf3f9150e303fab9f9da6ec70	962b4f0a7e78cc0f8bff5aa4944a050141b38df422764f3cb8a1df5d8517b665	2de2f8f9bb68d03664962959d70a6d71ff91e0706463a36e9812c72d1dd8ffe1	b4403c3c9f16fac4f51dae96277648b5ed635b1af304103b33f4b48044917599	255328f693d9784f0e5bef7cc336775f89f39f4e38350c3075ed6f763e2107d8	3d0a875ff45c0b6d1d0cf86e211c73c0fd7c98f5b032885216bbc3e18f22f470
1115	77d863376974d92ffc620ebd27360f154c61a8dcd8a38cdbc4aa5f242afc118e	d870d8a23de81e1b2a89657520fcc314552405e672660509f80ac73827893dbe	20f616eaf0373bb4014adf46851dada8aa3e2da36f5b89bac2bdaa9583e8e236	83d5248b55efa7d31f6ad36e74381ae85542a2e978b63b52fbe71a46260b9b76	1ff10594998f4cd0ad318b98874c358c784d78fa34101606dd4cd35a7cd0eb82	52443ca6b7b06a3cb5866aad0851a283d699087daf7e30c390848192adaa8110
1116	b56b560490a061fa00bca1e38adeee62eaaba4a2070d8978739c68ffa15c188e	2d83478c50b1bc2ff4f24946dbebb770457cf6c46ee932c1c9a7ae72f5135c0e	4527963661d055a5ab356a62d658f97d6809748032d06e6179e5b3a20de1e39c	ca9f8cbfb6d7c1a8402823cd4c4507b1d82a3540ecc63a1238444efd595530e3	d9627712c0a1312eddb19794872756e2c7b9e6bb6be0fa01d1f656969bf5ced5	022281627725d84b187aed452ffc8f9524955f897147f13db8b7323ad740c20f
1117	d504e9cee88cea3023768f23595af562c465f9636c62f0b51e86ec785ce76215	9bfcc389fa0af0f08fa313511c1147c31235b7181ef5df14e3d1e4a78c34a4e7	2259d22a3db286a1e55fae8be754f03c3d6c88ae904353a916a030089b8ba93e	7d91f9ad6e542c9bbdb82e0624401bda3384db65810310e0df394b122fc795c9	e6df4d70a9f2b9c89f194d0549d6084ea05ad176fcf77ebc82da00b20f0c9676	f081a3106d9e8ba33276c796d2120b990c65196505d0c6cddd8cb05de6a8b91f
1118	c6236913bd1f94b549f21cc48c74084a6265b3c2b51100be062c7154c880acbf	d14e9d298f08022e01c5c674d45385172f46f5b69df2d732a9101081c70e9ca5	17f2d77a70457dc410ccec12b9020ac0187fae09a2a7b7dba6c7642c23f20dc9	944e3722ac01d39e54a5eb2a9f9c3b207e58173ec5fa9ffebd87d533652ee4d0	52173c03b1af29c2aa03682872da0fd024337126d63b9480a1ed8daed66d9824	c504ec426a72bdb4907e83d7fd838b34f54da740fb2598ec7d746c89d2c10a7c
1119	d62a4b5c75f89985f36a6f0390fe6957acee31f7d7905d72936b4d786727c3c3	bc8b86d573f5b257eb6f6cbb1f72d24355e25f599fadf856687b19244fab8b3e	6e5d984cda2abf2ac358dc17b36ec80730c35c6b087b35bcd68f9f777f189869	0e8a8398f5cced065105caf07ab52bea40e6845db0b902bc5db8046cc9032b27	8eb364f5e707ed4f0a8cb7666b42089a3b512e4aaedcafe307458df4b3bec112	338d60c57ed0cb79649258a80bacd1a4d1fa87996c7a829821ff789180eb35fc
1120	a20f2061c99c876af67cb9d296f5e9e144c191a4334d5c179317fddda701938b	9f0c4275655dc2209f84f9950d9410ed59a6bb0c5ecac9b5e4cee56b59869e13	80bc6b39cc696f39af221f9b9a2f68c7338f65b274ec403c06d8f2e0d403f74f	3326e638e7831737281771d1f8aa70afac19cf2c3de82f08de0199b0fcae886a	a29a6b914d3213352a6b4cc569aa43d95e3bfc164cfb7925e2919d5a8b0e9430	4b82561532409c9ae25ce9c44590e3224cdcd7ffc083a65d3b001d67402704ee
1121	10c8a6e3706931002dd5bd51f7baeee0b7e227971c8e84033ffc2f2bcdbfcd02	a2327eb9e1e95324b0f79608fc944fb9ea6d9e06d9868c7c6ce57d6106e01781	34fbfdcc4b0aac799782bd0fcb5053d7a0964681536aa713519ab6c273d8b46b	cb15f7cf9de3414b83f002bfcdfc1fd2b7883e9dbe3941cc1cd0cd67b7963fdf	fc1d3f53a273cc9ac1b947115c12ba93e2716fd36cd96d2b1c6b2e872e5eaa6b	146ee632ff1b9ffce751c08b8c396123ec743f53d2b39078657d0c4f89ff2675
1122	16b35d6557107f2ce2f0b4b10955316a9a1a24cd7baf3f10a565a334622c7ff5	2d7519f50b16c0c7b1929274cd8167dd88ece032ae4dc5242ac240536e2913ca	1e086aa172e535b40fe75cefe78a04b8643f6011ff4d6986d01c5c6ea286fd3a	d4b68b30c2e69e47635cd30815bb8d1756d73104974e29582eadaccc6ebce2d4	dc7d867bd348cddf488e70cb6554822902b2180ac9ad9326aa15844e21776fb0	bce3a01343652530760b6d9b73dab124b3c0940ed18358787cbed6db98ffd3f4
1123	2eb223e955d32761e2a11f8014332e9c2c0e8ee8fefbbee351e29700a66e484c	071188e6d55c9afdfdb5bb2354e54ce13c76bea794b5e7f80b23d6d2446b4078	003c690d36abdf9f3f9f3d7622f06dec1539c289d64d78638b606a2606b3aefc	8c2e067c0d480f4e1f2a5183dda2761e4e03ee3a5df443f1f721d6449a64f6b2	bdd53d55ae886c3796110a9ee0d23b31502e2001f18da060aec2882168904866	a87792a0d4a906a495b92d1f70af303b64ffd5fcfe75f950e2623dd6245034b2
1124	b9074340c5a27bb420c361f50b91c9e226fe1571891cec5ce1356782850733a0	ecd1d23540224a31ebabd3ee4fe66b098e05a55224539e449ecf5efcfad87580	169d1164d0ea22846e3de332c4ed5a57540ae40e6e2af95ca425da2e0d2d274c	9765ed3f8ce63238f481056898798e0fe7aae8816708ca1e083c71a3a525c6d7	2c85fd949d59e0a920685a61ce0e5b4450fb60aca13bad9e7da6fe06e15f48a9	a4c70d3a976149b7118ecf206c7adae451be2d7638cf21b2c6bce859fb69d56b
1125	bf7fd6e558902cb5722ca87d4bde34f763a9e96a233403de32bd3be65748b2bf	35aa41c2ad1b630f8cf1856db391797f4e783461e230b8679fea9fea99263510	4fdcedb08ed8c5131b98210ad342bfbc747396e38048cc54e29933718d2e37c2	4334147c5b6095f28b8912a7350fa7f6a9a3ccc08bf3ff4fba2c5a3761a7486f	ff1e493262b31863997d72fcd2437e692d78a2f704f3b176304fce9569310047	52d34663352a1f44c8ac9afcd673d662918ce78ad7d9e10f1595d71a0ddc49db
1126	fe71731857508613b44d2c0e97403cbb748351705ee500e3c99e789a96ee6fd2	c3196e19feeb9f8644ae662faad5d92a5a182f2609517492a5628af28b352e5d	a0b737073539592e7cc4a84b1794de95c13387457328d3b3ccb3ffecbcbc407d	556a10f568fecb44513342a166c9ce4521a5ca0a4ade162c6bf3fb2e4c2af8ed	9ee0641865a605bf9c5600d7a1cc518ec9dc58b0c53e91ed21292fe048bdf2b7	0a81158c8bcfee9a643e920f087ce889c600fd6a5b7e73739d72ab0729df9ade
1127	73354bd737871ad133ba423da1ccd51e48a04987a7feab14b28690d6a98ebf1e	ab1aa2b2e099809f11ff3b7155ca57133d55bf6fdf516c09e34dc3fe7ba2bf56	5c9f5df53ae3c7890c8a02735a8cccc3ca41a6a43d4f6f7c6f6c1f198bc2307a	5143c870becc1595b9549018ae837a7617894dbf530dd7afc8d36463854305f8	9ea48803a3906144cd71aacfbd3c26375f64dfb6ab5ae97b90554ace746a7b68	7248a55b9a9e3ce7cac9823a40fe007131b7516feb7630e0398acc0f724a3f02
1128	ea0a527ea8209bc0296e45c78a72dd8463592cb398f153fbbe4a7e2913046c4b	ae32332b6185901ec5f76c8671366cb500f0c3c61b8db35f6de4af08ea351127	92394859aaaeaf582d782f71cfb869ca8c2e0a7d0d9d243504382293f43cce20	f8fea55a473b0181b6164f21d8c793cf4349d13408803626517dfe41ce73f3c9	3805c9a05587eb2ea27ce77b19522507f27730600700f1adb424014ca5b823bd	e119afa1091adf3901f2bac913c8e71c8bd33dd5384bab6cf838419e2dd5f385
1129	9f7e772779b401d2e00a36e5db6f534861644fdc0ef7fb4ad8e65a17b876bdce	9da0a2ebabbe627d55cdf9fa9fa6b8da9cb23183f2b00bf61b5273ccf5625163	d9fd1a4a0380194b0bb4bb7093b223ec347160abe169348c90ef477215c9820e	1277e144bdd39c028825194e83815f49cf19369de56c5c8ca5d7c018e44c01f5	1a17251da87d81aa0f827d0b215179056169489d7b6ea442b0ed7ceb2ba89a3f	d92985482492c04a2da7f3c91ce51cf8b2af508fc4c1fcd4c12777bdf302fce2
1130	73b093b0181885cf7b1eabef0e3110a38ffc23400fc0d7399f16d20783d84376	4fbb802ac61e83a4464d1e001d49911a3438a29893f2b8e7f71c5a8c3f015613	afd01683ee62834b233ceac7fa1fa925e813ca684249101c2e78e6b4bc2f3a64	160e18c4ec5aac1833e1f8d010a17b10d3361d6d079e24cd19c8cf0cc74cc486	aaf79b5367078bfd99057830810113695cfad561391a315aa394aa6a77317a7e	54ea03b502da96eb309973512c47d3872baea36acf59943efae0e68dc53a7354
1131	55d2f705f43a48a68ea265a0950ea23cc1f69c3ad2ed3d5e5e53abdc1b5a2d11	ca413c731b828d149e7a6be52c0a44bef9037e9da2b041b4cdc0c55d98bc08e8	db58849d7bd20635ded5c4ed6f5aca5948eb51bf20e287753700cec892636784	501bdc03b2de767477c895a0b364b1c92c58278106f922cb24131737e291130e	223b2753af038f9d2c6c2f3d787dd1f51f8ff10d3313f652821bded73ce29579	7a872d1eba6507cfc2fa824d52638b461dfcffeea4f1266589e6a172602fdf43
1132	966c8bc2dc2a3f28aafaff161b6ee93743eafa3e2164b1ed38cbb594f18e6525	c254cb9785432669652a051c503405ae599c48fb529710edb2785173ec732699	a19839c972c00ec874042c2d80ee12a635e1bfea086dbe0de5534fff8fa77a45	1193886dcafb8ab578171ad8510b645eec36e7048ea8df9cd506e919ef2f2aa3	8b47487c217c0948cf0c7ccf321a87bc92373f004de34f7e97b549d9255ae4e7	304296bf96f0fa7436e0cae803b1ce9f02f70e484927c70e7aa6e3a26c562a37
1133	1af6eda72a425b44a509ec629442fea412698c4ae909aee27669bafa818bb452	1d20134408ffc20c7f9096d6b7d3fbcbf1b31a36d5e55a1accb42f689af0aa91	75dba5ae4862f1e047bd710a04829cdcbeeb7490212524e959bbd85b00a34510	d95606ecd07959be9c0ced9ef608e6f1fae54f4d64ba38708cc42160c4fe5d5f	e1e0cf0510634d7abc4544c90e415992629015f8706788fd859f4cae895893cc	cc0e814122a2a7dd88123617c02b2890947abcb9c45713b1e422e6eb3e43f007
1134	fa60420e7da7355884dca1b6ecdfad9f5fdd732f308636ac72e9d4c9889da28e	4b90703f5c234dcf1b60137c955b37b8534b904b8dbef2cb1baca29e911608a0	ce4528aa2037fbbcde7657b09e624f291d7aa9302aa296b86d5e589313937c89	e10135489890d24cc91a9940ae207d7716f2226e8e70669cc37e9975a545abdb	aed9110ebd14f0c8e9057ba00f23ed4a7b9386fc10243fd89b5bdba87f44eff0	8451efd6b0b0f2347751ffbb591c5cece984c150a39ef5754830d83b11a8e085
1135	62bb9fe655d89887badcca73417e4fddb56529d80475e2bd78138255a83aa718	e4bb72d35fb43d26c86f6b02a7e72783277f38381ba85310f93a426b97ede2e1	2d38dc3260253c0668acc8e9813051cc7b0b78acaed42a8125ec09a3a85f92d9	161656769850947fba08dff9ca0500e8a4951e1cbfe6a844574cf073ca81ce73	015edbdda1e058d9a9707eb29c94ab23841a1713dd04afc42ae8a53e8108ca31	879468c5bd525b3a39d9b9f2ef7f70029d5514ded9ef90fe9346dfad07d5e3a3
1136	007942b0a14a5e8ce66e66e08819f2f5ae8cc0e917fbcc38ae655392a03d9719	03fd10922c852889777d220813ab046c7dbb8f17544d39043e83407ca09405ca	e808c4f498dc48045416ac59e98d3b91a9d8c2d884a67360960c43dbb262063e	314cc75bd1394bc1a0ed392a570be8b13d3e6365d137eb60dad2c892f8f341f7	3151624026b530f99d78e4fd18324ae5a29c2097c7cd6cb824616afb4b93b090	ea8f829a4454e45e9e6b63e58fbc1086dd19816f259f7046d1aeedd3c4dc20fd
1137	b2f2b016e07e40de08916a5ce424899867d4e7b7238d1ae91898ebd8aa3efbc7	f2e0620d5ebded3d994160e5b6903e662feaff5aa3f52dd5a8fe6b104e743c93	c2cbb2b7c477b04c2e20c54e658c3eeee32ad3c1cc511368f408cabd8dd0e426	cba96c20ee08437f5e00de136457a91ec9c4c7ad9e13c4a7693b3da7d646d113	e33712c242830653783902d0d8f92f520d016234c32cb896c56e0582348eea61	cacbca889003418f539372498867ca2748d99b7f81c27d401693d843d8cd2424
1138	5ee7699544f1aa3af439621adbb0d04a7fa44be83d61c2d0f138c3ed1ffbe6a6	1c67c7ee18b191cf55524b3e53a7c4e28d759e83aef59216bce8ea7cdf8da847	844bf6c832aa8ecfa79b8bb5b61f134d432837e8a242102bb269450e1af7ddf2	6fbad20c0c5a46c7b0bd80e0734a381c27b64f1c0c4040e1b1304bf5fd0d9182	4e3d0af6d388d1abafbed5707442bdfd6a7cec6b2a85074d25a75b64ce1ef924	4a97d80402d5fdc3ef0606ea8a874d4ea046fac0540b7e8cb2cea06bcf39bcb6
1139	ff6b5292c580fc79e86a54da3c57f67fcffd818aa87c7aea5aac46aa9edb1f0b	18ec491e4521f5c68e35db62dea794f271bb454c670ccb16deaf6a7635594777	ed18b2d27430281df136c41013030e9a845f2a530829c6e5d565eb67f21cba54	37edaef01112993d7d874ae486cd8d7c7f9185c7a3aae2b77e61bf317d1bbc51	fddb193df1e818a3ce4e44eca13344c12b70cb93f04228a7b712eaa0140a3689	307baabc7bccb3e6840c5cd6ee3f1be497ad265893d1f1e97206008d9325bf30
1140	ccc6fb62607802c53e25e69d3836f0df2a9f86134085815d217be5c4c4c52d5f	492aa5261cb7335a73b3e70d80db6fab1fa83bfa068ec860045c71beec4f3450	fd595d1da91c76bca1912945229b1dcf37d78d2942568ba1f421a2c6f11edfa5	26fc564dc16f67bdb030eae16ae059da5724f5fc17e94a7d4defce7561cfd4be	2cba7d4fff7f7c136df1bacea8a23fbe1e04a79e5095983fbb276370dd405b37	ece396a7bd4def0a19e9beffddb32b277e76f93d89ea71e10e18ef70d2cf761d
1141	a96a9554c644fa0be17c263a6242ca0cf02c59b8371feeb00cc76fdeb84eaafa	2209c6656e4d5c0c3507a4818c5594fa22180a5361599ee3f059d5c5141e6524	3c99cd54d190cacd0567c58cad66846ea69c1d24666926d04dd61750090e4044	816a31ffbc20e0d25545fe375c6dc4322b74e86392cf4d9c81a979e769290854	b14b34deec88cdec0102af1a85d506f7b321b41103d6af5fe724a16536051773	8f862a556839c750e1da2d730c40a0183ed98a7c452c2beac0a5bcbbf67ca60f
1142	21b32af69bfc4533c53c893164aa074422ab7886dc3f5a89916a67bb707b30e1	f62d81db6f7f5f5dfea567b77ad8a7233dc20c9137a07b2b90941f64f7b4119c	e97f110348ea301f9298093d4a25c330e64eb697d1e5de68669a500d52398be8	ffdaaf2053e0252b9010274d70e84a4b59065477bec2294ed68be939844d1096	69dc1dd4cee989539974a28e1649289041b6812cb37ff08494b2d219c523b5ff	f4fed3a72358c2f5641f5a2b7d479c4896494798b89d60b999d7bf54abcd7c42
1143	ed4e59a0d2d5a4ac816299e3dfb2084b9337cbd22833159f64fa451e7237500b	148faa3a3c7eec08f10cdbd04ba8f82954387b30ace0e8279d640a558762aabd	86b997e8046d30c7c74fc8add4200df524c737399314415a75292e782552b3c0	35e5b2ccab03d9c8b67bba9f08033af5caa2a69fe0b17ceeb1cf204621f261c8	15d1f8bd6d213b92b07fc76e832acc613bdc1887c305eb950d265d674d3cd6b6	d25173caeee121175acd1cb2e3baef69a3a85a059ffc1cc4ab26d2178bc430c3
1144	d3c93b2da27c7b2838cf87e27b7ce76942177a81e50442aadc7bcdd1eae44cc5	ae1718aded3a92d3a9eba174b6f442bda8338c9c5f233cfeb6c5a3d2f0bbdcfb	eed664b89fca7e9f8f791bb10bf9c9534762ee9ecff3b05b3eb1d90a72199f0e	dd68bcb3771774eda977b46dfbdd3ba3ffb8f747246d3ec298d4685716688515	e7010dfd1fb0f36ea09e335cde4a66fa644b52a6740e9aaf65d00a711b7ddd90	3f71ec44e35e67303b4fb6c39fc59d5d2774f8b3d518c4019eb8d8a62257c631
1145	fbbedd99ee5f5c0cfc3f3f85688e7bf2f763e63718272d111d3dcd439f65ee38	821ada5d3c57fd99c49e34d6f4888b31bfb05a62a64a4ee9464d15a5d1ef09ef	b71cc91b08edb067e9061f25bd4771bae29dc4e16727142db5b056e4994be917	6b715135fedfe289291c92620009797c7045d0d2ee7a58cf1848a9be485df734	1a33308f08a47ef52ee87dda1b56c3b650fb38a47d1e07d9ae8e419cca0c2aa9	f64810124de25e895aa65d2bfb00ba1708f0e8942793b841bc3d6671d9655f26
1146	3fd8cd99d8453d6abc233251f7b4d87e55a161452a296ef445f6b7a80f964f50	aaf5774c6234f6e59b131c00946e8df7dfd851eb9880c959edc03f576847163d	cc4c6e53674c6bf5d501befb5c48873e3de55af9a550834e51c24e06e2a20ddf	8b7ab7996c94cc8cc78f77e90d8b3fa1521542ae0352733dc53851a3ba71b480	0fe1792b2b1bbd4433fcdc3f753071dc9c3c40785d01bd23b014c7f919c98f12	0d09531ec4e2ea6f6a67f612b75df6ae0b5538cbea1efaa13eda62757bfa2c11
1147	ce105424ba1db24236009fc9fde1b42a358ab83bef808b66be397ef3af9e2cbb	091ed86795118a61cabc748fc936315bb07a156d4313fd5b2ae600fcbc946ee7	26e0c0e5ebd2289acd1d6e7bf0cd9710c7d43b765991e561913101c4bc5b18d0	065cedbbe93f229e4000d1324619783022910eb2135b29338ebc00ddfaa90119	8ffa193b04018062c9f896655f989fd2472fee894d09a823220b639e69e4659c	62a4f3821adf21e1c1cabeafae8302373efcd39190a13214d35536c5fb24e978
1148	362d73c76a61fc8a3985c9a231db0ccd65c0a4b08653c5946c694e0c17597fbc	e951af4171d7bb39559404b4182873a07ad953f7adefafa71ef0ef9c9a4496fe	4e61c00179c12f26be2f63c8a8d8d4801bfdeed320e90dfc4a797e61f60cf4ee	3d7146ee28a6c64769b360aa9807fa1f8c3fa272905048f572c91d417c5227fa	e8d1aa37424d4cc03d2f65e4355fa343d6f3e1254ab5befa40053a35fab449a0	8d112ad37ca81f465bcf297fb410363b91ad3e39c1185fa7f30da66150c331eb
1149	59098314f8bc31d5c8933b6d1eba16a9616af6bd07a0d6115d4b2e0bc57fb7c7	f1d41e69dbef4f28dac1001457c7864192ccc9a03677106da003a5dcc41743dc	433fa0d1599e8718860382b6b82c38dc3439834e0754045635889cd960a0d224	1967d94531ed07ee4dee056358afcd7f38dcc5b712e97b3b1a8318555df1da26	1407ded33ffaf86078f90d489766e60e4cbfcb58c09ad7ae398e7dfb0154c71d	a08151a63db6cc66bcc6b4f535b65c187c1f6de3187d80b8e7f7911ebd7f067a
1150	8850aef4e91c9548462e7b8d6acb506fa9f66d3fdee16ef68f3b6db205a6e8ba	e8aeea5a4b0b37d28d4a4b6c96c8e9cf497c160b6f1ab4c309acb8e4b21fc0e8	522680d36aa9dba61c0e4af6a32957999ac538c63bdf77b0868ed87ec8da0010	f33a367fe4ab0a7a853de70ca0b92f46bb9273b89531002e43663b95630e2936	f86b3d3a363e32330062a96ac486bfe0e96288b2a53ee17c70671a47dbe75d5f	bc4c8cb843d295cc217d69123ade18903ef880082d114bcf4cd648baf38ca7a9
1151	71f1cb88631b14c57bdea49a82751ab9ef942eedd03f08f4238f88b90d82c73a	8d8093ac859cd0911ec5dc2703ee45df188fcffb2f8d881c1151beef81ada963	b6cd0afb942e15e21d123c8f4546339b19171c7e7146705b4fc48ac57b14317a	4719860b32ea01892024fa4f1d1f71dc3baa5d35daff150568a3fdf410d73a3d	7c463f3c87abd6f09cee7ddf53d133466e91cc736f2b50ba512cf7d2eeefb2fd	34d64e9127014088e90e0251e978659e3617025b1ae60938fd3da81053034ad6
1152	a9ef53259e401be97f13725ae70ad582c16aa13bb903720153e9c815812269db	edbdfa3acf7214457d63259711fb2fa7f432c542fee53a805dcd60083b321eda	028ced63580d1ca04260c1c19e0165c5d8453f42d036015b7a971f33093dff88	36dcc300563f7bb0246e2cb877c81515594b3866fab97aad713617bf9ad1e68a	85661b9bb57e7155d957d72d1f3447ff6fdec92fa320e7d0ac690cdecb588603	100c9ce671a9d1ad2f79b0c2773e60b5696913c1caaa835a6ed02b88dc4ef248
1153	cfb83a0f92afb612c809b18858ce2da80b32441266908f3e69731d8372d102d6	ef629159fc95c9d02e7d802b9013a36859578f3b589ff2bfd217d9d620ba2968	a3b2824420900324642cf0202bb1c77dc505148596e17abb0f29908e0d8df972	4e770750c12c88c1c4506111ae539c82559d78a96548b06e4afbc29d5555975c	156ce809fb4d9b8e19a9704f9e3f7b553215c718f91673579d3ba43715f189d0	3b2edaa798ad07a146e3710d766181c849faf5bac7250325e49b7cfac29e7cd5
1154	eec3951c6ef4e0e0159ed14af246967d6a00cacdbf127ae9c94be991d2ffd248	86f3191b7ed47b8b554d4b39b3993caff877f0dfa9e72187d877c512e6ca7341	e8f90f21ff4e519e64f9ba566087a8d764a0faf942b21faba3534f4f2746edc6	8ec23b07ebbab521715e7c47e8bf99220b95a4d86dd33890faaf29358cba516e	e224771fae222a238251c04000c815148cab51e98df26263b437db5e468da478	d28bf17dc190012097a67483c7d4f5719d68dbf4675360a37074c39fbcf30d8f
1155	120f4ee421bcfaf10b839853d1ad08811760f64e86678371c2af0c0efcdbcf97	a1013ff5205adaf15258eb33d37d7f3b5211167edde62e90f4e459b2398d7052	7fa192f2f431aa5723e9b46c5f69b89fc75156127e22cf887834710704397b63	b01ccc5d25157bb43ee07d615f8b2caa6a52b200079ebfac5b10be46fd455682	5c8ebe6d12f3f09ff7d36a4bb075020d4500d03d6694adbc71014ac55ad93165	50f591e44ffff72c57554c69d3c1b647e9cdfa89ab87468d2608443526f84725
1156	e413a26904cdea68fea80c2eab3e4969177c7dec982dcafdc14b510b7b34f8a4	390e6f46b533a0ef768212a9a13c76c48f9bdeaf66a0752cb94f39436ff2c0e7	66693c1aeeec0fbb5ade390e554bfa0dd5a0a2410fdc188a3c77c92083a39501	83006b499cd1100be2f9637e060e37b2045edc42ce7c4f76e3d42f0de5773306	a2c12e0b6f8751a197d8cdf0e89364eb590397b55cdc68a3803f39aa376d009b	08845a8d4995ab543566c28b8053a0efe7cd7c33ced67307ce2f9a32554cac64
1157	39073db72ff6ba9922f6fed2ea13aa4d7591806699a7b567483d814d70520964	47be2d8750a32100e4b3e1fc498e17ab088d8d00bac6df034cfc3677cf09a3f8	cf605d6be387a3276fb52e828a9a2306201fd00eae0e2fe676e262596eecc0b2	8deda981ea5b07fe31e3aeac4ed1bf6292e7a320760c053a89b3a2157eb64d75	6d1a9f7a7e2a12e69e6c76a318825d6dbd4fcd139ce4f5f7f3820a3a443fddeb	7b8611a31c51d9c119cceec594a559e284cff687845101c3e92afc98eb9ca4e4
1158	6c772213ea4b7084fea6815e0683b8c1300042082a0316c8ac40181961d16e2d	9b9461633a0d5ac4102759451dc375de3278fa43ad50c3118ecbe44fd463111a	d1e662ffdc9ca1675547f9e3c8f706f0431ec72b9ef143c6b30bb2a310693125	0d0528827ed980246a4349fef57a97fd00b3f7f50eb423b54055ff69a4a0e8df	23d246810bdb5efd7652326598a213ed480fef8d474964f799ca67d75032c61d	c8807a222a8f9087ef2f09e54120c6a45ae0092b72af1d38071b1e12105a7a9f
1159	938d57cbfee546f431f3cfa3a88176449dcad833ce4fd0da0e6eb4c025a0a3ee	870938bf7c0f9eb6471121f2ea33f6ab9c9d3a0048a069d41aa7e194a1a7d66a	bb728dfd83ed10ef6fcc4e0402f1b9495d77b41915debc9725ecee0a1162a3b4	19f79625b702fe85f15403a3568668ad2b8d6af422e3c53ce680186f5a7ec7fa	78881d58f966571387dc74abe09a34e0f7260384369ca81ec2a4879baac0dda7	db70c951aaac6cc91629b8c9a8cdd5692c85c9a4c4f29aa1a37f929626e610d2
1160	821977187c79e6a912a3ead51ccdbd2748c86ccfe70ce01fda33011a79e2aa26	3b45fd3996a260bcb99030564decc5269bfb9052cf1ba25af4c1f0a9e98aa543	58823bff4ee2b2cbeb557ba485d544f78ed4b20417282ce9030c23f84169b24a	616a09bd9aaac9609e5c05637c904d6a6455646c0fcd382256baec9299720c30	cb2c8b2064f9aed35b78456f3fbafc5fb67420f5dbea9dff3a12639778d84446	b7ffb22719cb366d98beab58ce203250f890ec6bd56af31c7cd7f644c487cd81
1161	847ba13dd17bc4023ea0fd5a35833636e825a4e54aa0f56c18b0d625ce06f8e7	d816b4bdbb816376a402e39ce8cd0133475267e6cf620bff6c61bf1bd512f2e4	c501741dfa6c63d9c1e54d63ab5e01764eb5ca365aa87ef4de7b739b22a95f7d	5a1708b29d8c874cbe63f3558bbecf8336306ebf4850c41455b639a152263a9f	5843155d8b19694c8b6509a34ee5d61b870377ddbf3c583c7af9bfcd939411ad	3ec5ffed7e4544fe556426716dc46e72bc7ab8e9e7bc065c14929144e6ac3587
1162	d7a86df11be8f1efaf61d909eca9c108389cd983f4a9fe1d86c1a13bb95e9570	f271d0c5376b1d3a9b2f2777253b3fbcb83bb40fff6a59fe179e3b103e6ea0e8	fff213b37932a607bb5827e3cc91fcc06311d4025fe2084261c1aa086af56d76	4ba2835dbd2138fe1e12af27c7292f2a7795b803a19e011bc2d8bd2139e7da8d	0f93215f89d50022e99c956405e5f491d0be9f64e06a82cf500e4398c91b81a2	250e3d67c1adc924bb6eb7af9504bd151e7a687f2f95d0ec6c7be40afde591eb
1163	c115420b70e98749098ce60cbb1d048a8261354b84403258ab1b7811a776f36a	0486a34fa94bc9965498a337ab940a032b264c7dc92f24091024950f0f3863ee	f6ec0f689fd2eaa7252003f649038796ad5739a93ef1735f72765a48124c243f	34c53f1d84f5270f1edab905aac72230a1cc87ef278caa0706c3d7da713e478c	96b5259f896be10f7b6643db031771f77f9a1174fd7322a69aaa1372ac0f1324	05ec3d385673a916defa19dc298453cdc5e533bd18b48f8d2e425266c8c35375
1164	e52e6b09efa1855b2d917b29c3e8cebf3e81cac864816bae3d40150bef1bd7e8	3c2463891b4903907e4dad74e65c51b4cd2b51383e8f44a1be855d97b3322826	47b6d560e5407a90d02113738085d62036819c0e0c6719415a661e41db3c7cde	ed679b320a782ed81d9154e86c4052212c8d9155023a956e89033c88e70f2a0c	5ffcbed485765ac91fe90708bb641d9eff6ce5968c15f2eaa105cdb89b54a508	7daeaf00f0fe3c5f4b0e0952fb5632362dd13ec700a90d3c709539a6ffea6e14
1165	329fc1b2cf4d84f6c2be4eb8f0574df20999fc511b225b177c19d01fa6aefebb	86809c25372419814bcd7f6bcaff5b6ca3dd3aaff12132ebd79a8ddb80d30bff	fdc93b2e4c2661b28a1246d221e733deceae257eec125f5460ca0c0d29c06cb6	47660d8cb00d492aa8699225d7683bad7ec3dc5ab816bdae463234ec532fe296	14c79a4b8180d50a3a418d9629fa8bc0196315a73f8a4f2750d9711188587a46	c147e2231a2ceb98421c29abdba123acd55b07fb0b413f964cbde85b625d9cc8
1166	eed83130091ffe9fff35f088a429999d11cf3bde370098646ce58c70ccd2f284	642ac63b38c3c0440f2fe294a86fb21f0f1ff68ca74c2127bd9676672784138c	a4aa3285df4eae06ee58f94521ed31ea073a0d2ce527477a3c41409bc6c064de	9962ffaaee779fa3bb00050c8c845e70afe23368f18d6649fed1406790837d4b	9a295da74d00019e55d96c99c0d8baf3a17cbf0981c35f8cc332d3d3a0abfe0c	42cb213779dc1f4bbee4f6d3f869794e2ba128655c5f3f108daf128e4e53fcd9
1167	630db64ec1ba8579469215d3f303400c1693dcf622ab496de8d281c90c5c0376	c538ac0cdf9df9c813bf08fa94a4fce5489148b15ae24ea38e0f97b2263ca878	370d100baaba6b745b5fff2512e3376574fb0b5f1aceaca7255057e5d9566097	df60477d674a533889e78c6708319b2a288cb62fda4f9f37c89ff2368fdf831c	4db752701514e4e3f37b9af2c20b088fddc18793c7ad2268a79584011e0fd07e	a8cd13ea75a78d9dc3e89811fb89715819b77550c2b3afe33dd4861578a7945e
1168	15fbbc0f24cff23c2573b0f3206088d38ee191cd85956622d3a53b4ce823ae47	c57ee30e0fb783f44e0235e670d767c1d0a164017c6779cc00e0bbd4afcc0188	3db05e6e4866800575d42f2413e379b6354993cb873dbd0e57e155633f4b0b39	98834a8866a4d40f8f29d7785eaab105cb0cb20d8c84739d041fcc69a0ebd1b1	b0ea732b8b3af22db97816918be435673489a59a821ad83acd1bebd139db7045	f6a9a0b0b56d970400155f6011ca9f4906e5a452aa8be8a67aa64238f0d4d2d3
1169	cd46c45231934ffc14790d6ad5b6516c16cf1bb995d29173c1ba7bfc4f2f55b4	a2391317f6fa9da351c9571f54957bdd1d06e54cce1fa2cd73b5e41cde2427a2	c2a15e9054b09788f270ca23ad956d2629eec948cca9e03ca31dd6a432d94d42	edac2a933050141d919f0a32e02fbd31c66eb25dba4ee36dd06e2065a1e5ea46	bd467fe23287648990596593fa8c226e79f2db2f18cb31491d008c8ead9c6329	e5f747c4bdad49a3998c6f21f75e1b406fcb39ab1a6b8f42525725c8e89d60ce
1170	6e921022f8f80973b4537ea64a83f882b1374a9bda6ad67eb8ba544e7c15c5cb	0a4e183428bc3cb2bb3791e186aadb5bbeea714e1f31c0ddd2300a1ef0d601eb	7b89a6ab047b997edcca9812a0a11df3043a5865bf80cc8e14a08e770652d8dc	ff6495deffb3914cfb07fe58406abc5dc2f8cfb5f2819e3d37ef8ff5d085efaf	4711aeaae34727dd98db499658139e09e95fcf9acbfdf5bfb4bb328d67d764c6	8456d53e26aca19a0da5bb704b4d906c608cc986bd9c9c45081c2154a3d2c25d
1171	b60e126a924d069dad3d7e9a294c58b435a1ca64a91766902ff283b324562bc5	d63f2b408a7968d71908b6540844f21c25a47b05f79cc1041da2e16929e9c79d	88f51f089e56d3fd827c4de2b7618e0658bce63f41c52845bf5775e1b2ceb48c	a19a12ed649d1f961b9dddeb18f3bcf413267d83d71658cb00eed0a679f869af	4c66fa186d183492e72da2c5b7d0c21faead29132262349464753946a16ac9eb	c06a203b4393089427539c5b13bf59a2564e58e499a53ed44f39058ff5e34fe3
1172	ea6d11e9b9187743cc7553f8d02b5762c20e26989bf8558dabe0d5bde6231219	22d6999d19ee972129cc598b8bdb62e2512d2651996306505360f59f9c0712ac	c017c866305f4b3d2a86085089d3d53dc000aa20eb0a0624de39a8fca84dd5a8	420f0d74c0161232bc7519cbfc8db48fbc0fe856c6c1e7b7541bc3a1a5d97f59	7b5c896840efc771d41060ffa43b2d4fe9d3199157547b974fa8460a2ccc3c0a	6f706a5edfc7d3c0cb07fdafc53397a0a51af629381baaecb7ca953009eef66e
1173	59a9d75ab4753aff5b48a56b6e2f5e8f0b95194e1fc12d346faf308c3862ccf6	8f2e058e9749df65877d4723d850b7335e53286fcdcbe8fdb4c4895f17a13e26	2ffb58fa8891085bfda3ac7f5f19ab6fb20ab053912cf7469541bc137393af8e	416f8fe584b70dbe8a7529f16323625ef825b1a3097adada1d95ab5613742892	da5223dd47ecb3ac81bf3b434caecece30265b1ce731b585637efacfe506281b	08e637cfae935face27bcdce2b10f8a1dd76a737b323e9c7e20cb2a8e0f1754d
1174	5a69cd8dafaa17f4621bc646b67c9fabd964cd2b5993a75c081a71d05b39660b	ac424c3cb0a5c3462efd0b95ed9c26d3e02c4faa3480c2fc6333fd7c3cbf7ed3	ab2f465371ae42a75b56f06a12569bc9e2c33cc476ad7a3c4cf6b18ae3e6ace9	96264d5e488259d8536ae184d6a6fcf29b3b00482b8b05d3ed025d84d9bcb18b	b6c68a2563a7eaced5da2064d12be2972da2bcb28c394e45d759dbd0d9e549f9	122c4b090f980d07d0cb89870901a3ce8a326752a496ff202320f52330599a78
1175	751032c62993bdfe47510d4ee65f9757ad026cd6a311f3a019e841ac74556ba4	61cfbe3958e4889ee5b9ad7a2589253d8dd8e6889ec16c465d2908e55b7761e8	7fec654ea6a1d3ed8e3c5c5b583fd9be09accd9118390b3a816a89e463de4dc2	1dd16398e2bcb3b72f9dadc7216bcb1133d52854dcdc8b78626483187fb72a80	69cde45685dbc493d20d26c1d7e3e16c9b7c73837deb9eac6712fddce50ae6b7	d1bc15fbbba7e71602bc2adebe45be8f1cf5c27977a8f1ead0f127685b07201a
1176	ed6a7811f903ed5c3313a5977741a789ad1565fa64d6384a949807126c95cfb1	b644596629adf1b55df6cf2a652df14603b5b89be752703f25cad271bceb71ad	3e31464d624b6ebc57b5256f4ea38334a06e4c42ae30bb96868deff87b5fb8b2	b680c39c1b5079f27e517633d7c3e5ebafc11f4e8a4161747cb99316902252ac	6fb02c05c127c2e8a816e5319af2c7032ff08f827fe260aa421d0798b1fc2891	67a0099277a16a16426fae62f7fb6a1a75b120cde9996ef672cefe00929e55e6
1177	a90da29c3e084cd43b4ff81cc4792058abb90d585ba66a80aa9c618b53cde456	b28d248ec9ab1f270c5ad42fa894ba5a692231d5666fcb86028443ddbe2ebe6d	81dcd15b55cfbb5cf951c900f518e1b0635eca648c92f94738140aa485d3a208	85e02c91ef158a7c8f5b3d38d136839056ec613f4eb79d68955e653c52659e4f	cd0af8f3440d89181c68cd880e17014a2101797cf18c18bc87d40a7c1eae739e	14ca8a48602cbc73b9beea01dd6c2dc10017b88716b7aaac441f0d2d06cabda6
1178	662a26574273206fc0e0bc8f49b25e7f536538c816b952e3d2162c596159e3f4	c48dbd771d5b78fc74a1297aed9a8e8be8741726e690f5e797b8382fea405ae2	5bf0077a89970b6daf3d95e4e8fde04fe8122f1cbdbe93e91b2081708a86ba6f	875883b130688d2236e4d77d7748bbe61a7b5b2473d8560be8edbde41c072be5	d8953e1813815861457cd4908c7b5e4d0358dcc1d53891bb5072f89ad81d5cab	21c81c759dcc21e8f25d54aaf2820443132a6f5c42269a890bf9f7ed859bcae0
1179	49f99c3461eca0d64ae934b39dfabcb485027ae513b138a4175694e6ac6f8772	51e262338bb21087b4e9c4e4805e309670a44224940443181be5c97a4d5c7548	b6766e7cb469b0eb158c15a68844dd3c03ef94ac41ea81c92bb6cc5d3b850e1e	3db45f8fb4a29ec224cbac26ee791f15895e315668ef7cf9b618517ddeecdb82	b6469901dee622b496f1288e1b11c4a959be1cc29a4b396c8c28f27f1a7268c7	83a172f4b57a23acdcec5e64dfb3acb453683cfb53a5aef66b30fcb8b256c329
1180	9af59e51e5f0fa1627a5f92946e5a2a91670b82246d43356346006b32460d7dd	2cd476cf1ded733bb4583c6e96af3913224891d4f43dfe1c5fcee772d492c051	46d305df744c162bcc92b548695cdb67cc04ded5a6900883ea021fccd5f9eed5	7ad28ab296e81be3ab3f697f91b2192233ea38c0b7d90ceb39120bd293870c4f	99929f7c564841a81594bc640e4656fa4e6b60a6b2faaaf7ec952f80b5f29578	5356183b1fc6b7045e09ad5280056e8812facb1149d5863c48df210d62c61d18
1181	2d3b79526229be4f97a00e680d7f6306b860da75abd0c8f37d52ed633657460e	b2fb9394b50e1754fef50d8a9f704f037f043ab822f6ab95e7bb091be9183ec2	822d1ebb87079e1f6f9331125c89e8d4da6879d090c86a65844060373e7fa32b	3585ee942f4400be0af8aa199ac2dcafd950f9491f47fea4d9a223525cb82c40	97e9b4ae1290c9ae87740d5ef2ac8754af0ecef1faa9c9498ed81c24dc3cd7fa	22cd5fcd358b6f64c55558afc2ab86e8c4e75150f7ba7db7327064be6f43fcb0
1182	aa9329bd0f880aba419d8b89fed3ca90f05e693d90eac9d2dc2c09e684229f13	09935c05f63680b0bad9a20ad8a5b0bd9029c2cba273856069fda36d364935c1	d452d8935614c6660089144b07bf14ff01351d631369497163cd9241798c5a78	ec802160df33a8317ef9eb5e1e8e4d924407f1253250a3dc83242b9c30b0a718	aa18ce9d15273d5648609b7cb7b0583a551c7fb6ec330d2212dd1402a42cb142	33b83b7e8d1b198c378351ffb2a2d511621471d0096a0c9791758995d495d330
1183	9412d5aac2a4398bcb3e575a6d2789896d31b3d0431696e847c31955b42c598b	67367aae7c957b4f63733236559f0f1409e14596d57054f4a3d72bbf71f67649	47d882832b15b7d9aa97f5c0651e3e1310d2136f4aa7ead7273e6feaa9cb5a3f	8427deb6c6a467b440631f17544018430d012ba94cc54dc9de51050b0824247c	3ba61f303fa61478028563b4b21074885db5234e9aad0cb734391ac2a61a9aef	34c2a63766afeef0baa981de8f7b2f2134c92ef6bd70c195e4bc6570dfc58654
1184	41d8da7905fed3746065070f54204159a65ceb4e0a5ba56bb9ad4036303d332d	65b5147404708f69f05592ffac2928018b3affce3e0920dc28f49cd8e19b17e0	49c9f748e00d50886b931b58d25d6c0485f3fc95480b46f9ee6c6ef960cf778d	b16f2b7dd70d64d41e274ef2423efa286c11bb24f76c0486231b2cd16a8c00f9	e1bf2ce3dfd64b08cc30e590692d9e25729574eff0369e18007c44040583ef35	4fcb07473e3d87aa17892f64307dc598ef426d83f8d11428116930102eacc7ca
1185	9168a71b6c5e9799c430e553a0546f420bb985082c9dbd13ffcd170c883158da	e0fb4b9ac21b0b4adbc5060922c52675c91c05976c6b5dd2c0afacacd1f036e6	2eef281a301918291f586451d7447a5e4473b6ba9b7cd053598823ff0e3554c0	eb2a9814197cf990f6924f01e53952a5e5238ed9a7a48622104cfba28bd51c2c	72b02396f3ea1d97bc66f1485d3b12fd99d96b0d384912d882105b98f11e28ae	3352aeba62f81a5b296431e19ac1d21f4f02095de528d81f59d9b8d355bc0162
1186	52550e5b18d5d4830315c89f0f26cb3f8d9526670a3e87ad643cecff43b2f98e	aa30ab3ae78c5123e989d9df93741ab1b8143f3476cf6fbe6c702574d0c336a1	31cefdc911fba32848b4d20561e7ca42d0c5352825cef2e9e22c8a2c7f1d124c	121c79e7ccc1198d6b9679d3acbf3092a95337b0b13651f464e39e414e2f8b7e	275c9f01fc40a19f0d786947be0c307edbd679c21884651a80019a80cdca1add	e7a91aba1add0f3ad15ad3a058b645d25c494359912e46544900f7f7720dc1cd
1187	b80d7529a6262d7c433d05fdcc9e64919f0bdd9194becbd5462a16101a58de9e	5a4e49ecf8c0c4bc2f2b1725026e6c4c8797428d0365d989ccd94b6510784f4e	35d0adae79dd005b6aba24bae1ece841d2d5c9bab5ca27f54371f088e1f0de28	5b7e7c288d0007fa276cd4c22589660d7c1693c85ac88e67ae89c0b1ef30b6b8	b70634528f2719af203be1fbeb880fe62585c61ba4fb280f8efe6aa6b94f9f05	67e0e5d83a3cac5f6cd0bc674332e7ab28083f3dfe48a4ac6c38bde3e4480a88
1188	7d25a8888418b42c20eaed6dce72eac55a65b3787ca6c571831aacc9249681c6	f9dced99bdc842e8ad5383b5d0ca223a02934038e2c9af1aeb904900e4b46ed3	b7cc546f71df1d05f1ae3cb9d7d0f34e05102229be1c8e2ae45ccd8dc8afce55	21b22b1d5f1f3aac52d32ebf39236c4a827e8d9304541f1c3da505ee8cf8b7ff	a5baaadf76e15548f7f25f44cc194fb2ebac7a6f5b3720a5c976783fad5711b7	31282f1fc3b663737c86e6e217d822ad779727f63d5716765983b5e08663ce20
1189	628c0383de812780b1f770dcd2ddb36e33c08899897fdd9e8e5471750ff5d718	dde3009f2be9ae16ad4cdfa05735aaab202acc180788fc1a5d2be7c6f7cae76d	acc417dea78a9b118af9f83dac4f89679d4c1b0ad46878144048df1b998271f6	c1130f9da1491100564e6c7a4f8b75d0375d2cac152dba9347d72fbfa85dd872	9b44f938ef47df777860a3d7a0e4e60b2e6c55d40458062ec5adfa17eb11bcbe	014b866b109e9033c165db3e6b2493575411b09d5d4fe55b2372d3f3ea4f0b9b
1190	7d437e2957fa8c2a31148fc34dde941969b3d115052ef5b016f04d5c37867e66	5423e1c9430c8afe1818278b48f5c9331c41060dd76fceb45eedf5b7eebf0f24	11afe53c97e7ed0663d1f96240b737e836be64d451fd6fa1d9159567553f516c	daaeecd9d423a05ae65b80817e9c3acb4155c6d006833ad83420be06e27a1552	12ebff9b4086fdf69e3ab606f83d305f3e6af27ee81e160486fde6623c087661	a39240535106ab783f11be7a53800a572bcab8ac407848efcaf80d73df1d71d1
1191	e9cde5fd643e7a96c3be9ca4955de85b0865a2999387efff778f54503acd14e8	f067075186a92c0ef1732e72748a938af6cd8553b4c5f99aadd731fbd973fd81	f8ce6198a7bfbdc9be3925c58f4641bdd7b874e6edb5e0d5f21a493389909b0b	2962b9ed2d55abcc597ee8af0cf5ab3d25e7255d770027d0cc619081f93d0242	c7282c850c4136147ee0a8ccc6ef6b8cfb09308fcfb1a7490942132c75778d2c	428e510a0c0e033b95aebe8c59beb95ade7ba3ff8970f1afbb24f392c30c3311
1192	9929312ba45c10655236c6a4f9c11de2645deac9b80cfd93bf97cd0794c9fec8	be8ab12506509f51bd9aa217a1373547ddd7ec68694ea863ad28aac12ff2701b	2483579ec62bcfa405d0ff8a659bb41aa037df0dcb44cef97a090172b65c25d6	610ce88b373794814b6788c81b5029ed7aa71443bf56a09fcd23b0e4ee8ee01f	6c47fda09f3c075156f0d817456b23d8693096cdf48f75eaa85f0b0ad48451f5	26012d05d8a9215d07f279064faa641f449ba7b7d8d0d1b2c267f4b3aab58eb5
1193	61807fbb2c9e9e750575e65a2011b6b9055e96c454993af5c726bf7b1b64cedc	7cef08f39ee25ad5357f51a8946d7bff30abd416959104b89abf44190b6180d3	82913b982a576316a095975183208160b47e92509d00d246cb22fb32e3c1a83c	51faf415421b6a13b221ac662799176a2023bba9385d41f89e056fe777893f20	6ae1501ee5974891cdde5dabec5ed5734fd5628eb92f22a9c6d21d355873d724	66c8f8cb7677192147f86d8d5ada1ba1e0c8a12c2a4f581b0ddcae0c231e8d36
1194	a8e47ed29744a02d6c48755010413045e02320292472b1da29da2f5ae71d6710	494d267873b3418969ebeb2df55ba66fdc6dd32b719a03218c816e117a602d89	2e22f38f3881e0668363630bdbeb8e7e20f0821e22b3fc55ff9608030fdf89a6	2ab3037568d2433bce1368a66063f2fe32b9ca01b62fe6e54626dfc7d120d427	c2a6f5050e80ffa51350fa97383512cffbe8f27ab9105eaf4daeaff02a221bdd	836c09c897b49ef70475c53c6c3b727d5cfdd2b3169cd769054d40cd954e293d
1195	7b54db0b25a2540cd3a64cd82a7e58daa24e711b4fe0eb6375a1523998f54c00	2c0fda50999ce60ab3241f634b0edf73e36b231b797485ea800dff70a54a2c28	ca43f63204a4eed1df460cf6a4fca2a3c6059bd972b0bcec235b97df97353268	86de17d5a34af9338786c99e12879020085bcb64773938646df602cb02d49d92	ce668d7377d2ac9686129c8a2d8d9f40317dd3976f227f2d1080d5d45f75cac3	338cfc94bf98a83e215d13efedf2962486d154b35104a029669ac414cc0b2eaa
1196	ede01a38cbbd3987b7f7ff2d600e498769e4ed1efaf18a30062cc3ae1bc9239c	5018f4755da44bbadeab003bce71ba01e0b9f3a7fb2cb1c274bcee3d6b28dd68	eff599a76453718ad7887a45249a6c64c4bb05de77d6b39a6dcafb52f056fdb8	6a9befcc909ca4ccef6dfcbf73c6a29cf630229e3d0c16b28616c2ed21d27e1a	fe71e69887b41d78a67be2c80520a92e531a2d71ff405d6a88e60468e1bdf942	be4706d61ce36c9c4454a972c190304694ac00db400a07395b07563fbef23d87
1197	6b3e38d4b3ba354855b7c3f1c6eab4b5c3dacbec8a9fc762ff181227173c9648	0b221157ad7c9ab2c71bc90607d85ccb8f59249b09d198c2a93ed59ad7e2a168	d606615a5b16848d10e99db72c1452ff1efb07a19246c738527706179e567045	60301ff2dbd6021a1ebcba1a65a2c457073dd4e8959ffb27a927f70a7b746af8	4a58a421e87fa3faeab5245e30cf531332b5d069debda1e7972d1237a4ccd30a	71ba2a93b9864b83ae79d09405880bda49f0124fea5846f774ae57cacfd69ef4
1198	89552b8ce10169dde7a9c81b8b805533105879fda56d757f8fb8457f8485a85f	c048b00209fccdac9f2f4a4e5f18efb0fec5f8f85736402d7e7613451629fa6a	a5a505a095a63839e005c2887d31830d0792af2990ac56588bc88aeb81ab1979	87983b9c7672594b3d5a6512247f347b900fa5144e093bf81802fb7dbfc7a620	196bbd6a25e32c07420d997130f2a5c890e37e1aadc6b4d0c29b86acfd590949	a0085ac424cb0f02658489436543cddb431950dfedd3ca369e1bcc8f12ba7b39
1199	d4b3fc254621209c4c58f50429e4994839511d91ffddd600202f1ee3f8f8ed19	5df6a7b389c13c21a9866f191c56b030b6123ca02386f30c633b0170611be048	b9463180369e0a524db8567389bd42a276a01aeaeee7cfc2ded3efab1ee76c47	edfe9b1ee19c96f056da656d98d9dcdbdc64b7afe3be4d0217a52ac86d77e2c8	007ec260f51efddf9a7cffe983c1601148d30946529f888509b686c51de25066	0e37f8e9b64e8ce30e19ab3ac0e98ab76f39a94dc5bc03e0802ecba1ddc9ca7a
1200	cf544a8f522b3c8cdf5de7d5384d56a9c5e6d245f51ee0015cf6ab7554d6a7f4	af5f8d38a501f175a3bc3273ae7040b998e6362d6308c5931b8929f05200807c	6ab31500bc6a45b56ab97f2ceae3c7a08a98cb91c27d83944dfc2ac4f237288a	7815a72629792431ba77ecfac5d0b82554c3fbb4b1c8f9409163d7b96fe7196d	484d8ba7d937d078e2fcecb2a8801fe91647eb62816175b6b22f95c05a9e40d8	8c13b4654c5f5cf205eaf4ebe3ab2f5e772b6af68f66f52754d21bdfb258f919
1201	dd16b0028828fd2033167cdfd95658f5e5655443ebff92c4bc160ab80a38b3de	307086359d364480582a1a21d2e57548729a3d3b4a9ab0058204409a18cb0e07	2263cde6d6dc0c02adb8a2820baccd14d68f25fb7a4bb1990694b2441a0328f8	2bc0c6fe72f704fe71c002385fda377c198020edc9b0497f36c85fd6a9428c13	f329b5d4bdd40e1cb50af27b3ac6d0cc687ec151ffef341150114be7c688b817	1c5a46b6a002d4c20cdecffc66137fa28c6a38873ae9dc27cb93c7c25d782e21
1202	f745b070b159f52c477be847ba3f6f3f27c27ad2638ccf6736ad41bb49da855a	927ed5026e15436917219e34feb5ae4cc999c7204238169263cbb5f1a8578f2e	5b2138324729c8ef13d1842166e8123c429a21fcecdaa9e1b28758a2834f0eeb	5352bea90c89d3b0f9f49bcfb292f891cd32278160ca2b2e2a9bb24fab3850f1	7da33967184a70364c6efef095759ccec79c93b3251ee193962d8c85bad5247d	22ce44f261fc4f31c023278a6a5e4c6ae200d7430ab362421c9fe2cd4efffe42
1203	339fbc5000ec08fed8a3542df7e7803ce7df8bae457923fba11b1be4d5d42550	ae16080c478f258cf14b4abfda5636f140f14fbd8eaf904c7e19d2659c0113bd	bcd97c4684b651ba7b42f4719671f527f0605fcf6d70092e5d48d48da690255d	a538262f53fed5b7ad58ee5a13f779a559b4ecf156a9c9f72e7ff84f99c8850c	51dc8cfc91020798e01ab75b4587a94a8b0d3d17659b8400eb981b6d6c276519	5e33d71df3eaf9d8389de2119e8a1bdb052a080e6bfe89c7dce2cb2012bad712
1204	8b5896ba9ad799cd4d837b9bfb9edb69dc10da330a6310c38b53ed802c55cac4	6eed0e1047bc86622f2771734874a84f211ddbf5f3c68ff98468f3199f957537	45c8bcceb5197c5744c21a85f53b88ca20fee7acbe5bdc27c73e8c37da0670c5	c27aeb8b814112db3c43a4c7cfb848e1c3e9b65be3c6b99f42a09d42a67096be	0f7901076ea9986bbb41c034dab09111942e2ea1cfba5e13ee1cb4a56f39e6d7	d2181086579a5d8ee4f44061956ef65e7737f57ced07a79ff79ba73efa52a2c8
1205	febb3d7f8500a2c45f327041cb2d5cd0e76d86a754efb69409686823360a7f69	5139b7400a80640c669876e4e949d236aef2fe414a9313acf944a1772eb75afb	95edd4a991c8dea3f0249496d52a978a67546e2cd6966d02d218e4863fcdd23e	f4c751d21695dc08b0f22afbf2f7296ad55d7953b53b25814eff9b28ed217aab	ab474e9066eccad7d229621c78119a80f0cdecba4813f9a207a660149c95942c	91706f597d4d7ad6b7018d71a27b6533a73c64111f0383afeec90d226544cc54
1206	aacd0852c5ad5bedc4a54b203ef762263bd11a1a13c3e272acf993cf7668cb37	1bc76b4c19590bfcb506eddcd6f663cebfd33c770e5c76c9d2e5cf0b3c3461e8	2b770143d56c5c8a0cf42a8911ce90330d27af173f50891411baba1ee84db8f9	5ca5cd9494f38a3b759318de8becc58d3e87b75b3d404ae1843b7a4f26050b74	010a5fdb455701377c6844fba0cb5eb63d1ccd8bcb0528dd5c47a4dbc6ec0280	9b942ac63b7e0731422176ab55e76d44eb797b08925a501fbe5ac0c04617bcab
1207	cbf58cab2a1d93fb4cae66e85282c2202f3631ea9dbc62a746f2be6d4446f295	bfeae7df5516009de8d6d086832cc73bc25bc17e039774db05dfca8e6988423f	b5142578cdfc9fe5f62f5db1c187e006e56e07e00224a5f3284a5b6ead24d02e	2be3fa5791f9426ad2427459d74010fad7e9dfe68bf56de5fbf001607fdce0df	9bcd8ae6a8ebbc145e766679041ccb125ed6dbbb65843079f79f88f10157be63	1426f500d87772d0cff18bd00b6c27c0648716d2a31d1eb451d49ddffa3dc579
1208	145921c47092d3a0346eda5035e906738eebf981313978bea7fc063141ae34df	35e46e6f327e186402417190197402e05cfd2fdda91d52e8a147ef8560b6fa43	73d90c24e902446c8cc249c44b0eff8a7b98884c38463a4e07befcfcabfca4db	c04ebf0f6d3d68c895cea6d26ada5d9bb0eff2ed71f03aa29775873e5bd1ee82	5c5df34bd4c1dd9703ba4db301a45f611230551a2bf14549d26bdfe0ccd878f1	90d573710d2ef2e217569afde4d687c50975dade039fbbc4771e8b3037d1fd7a
1209	d7991af426b4d3112fd93f8753cff582f613369a26ec849d6e9dfcc0c1cdb787	4fb7292dc411637a206bdc3d0aa5dc29d496dd93c61e3dbf5d7802f6b698b891	3c4a3e6cf599d415f7ca6c30b67e375d50b864b7a538d9ae2b132cb9b114a68f	f19bb254cf11cff35bb7f2d73108a557e07ea1b117b458f66b1fd65b69af1107	c41357f11e98b54ddb751d74111dc23cc084c8314bde8214d7b902462f6cc633	9805ce4577679b98ba6b3dd5d39ddfb5c18f697f2d434c20062e508b7a144531
1210	448a22229996d4346fe1459e384dbc65f27053f9c3193805f71dbb02e416ff38	ff314a7b96bdc1dd5877ac3a995ca973cc50e40f0df155c9cf2b4874bf5ab43f	4942dfab03f6554d07e1079002da74a809998d476af1bd242df1087b0bd75fbe	2eb69225a41d7c946847c36b23a6e0553a852badc7430f4a9592489ec064557f	283de54cd40aec4e7ac209fa057d26e47ea79b4b0ef5efa8f6b866d545f3e46e	d1008403d4c6ab48a244b642f443762be7388a5ef8f4a74653605601b70be222
1211	0ba4555f9bb7d409e973bf36a16d516afddcb1ffc330799b1a0d9f3596ccc245	592c2317ed6439bbe18cf7981e37341ec571e05bb9a2bc7e544dc58876d7384d	93dc46133ecb5510529fe4aa643094691e00528a633779bedc788cc257a5ef1c	7a7df9eb601d82a7cd2cbde625ae9184caf9bef2c62c44e7d709a065f58c2478	61e7b906f2a07f12a2cd97d47d39e8f0344f53d6ebc98611a64f7678043c464f	2d1d7135045e70ba02f03299a70627fecf0a6acee55402793f2ca7fdcbc51db6
1212	f418e2d277f0473a86ea30046bd1e886fd421cfb52b19d8a54e69b757c131993	4dbd83040879356f5586d0aca0f8cef2136470bdfb5c47a200b8608ce04cb4c0	410b7d3671a156bb656ad265e61927b16352a022333f521124fdfe81fb1a7070	08fd09af68d9e10e0ac9045ae36cd8f46efbf3ee19d87ba5fd5da27b6fece236	e9a1795c74a5f68f3ce4aba4d05d494855088b782d3f0b6c30fc7f508982066b	6718fa506abcfd4ff0fb2fa41ca9e47b6dead8a4d6546db8e71579501b67604b
1213	747bc2755786bc948082bc1d4e7055bcdc98d9c26a5ae86627bbd891b060f597	0c01697cc86cc47e1856be025a633aa4d04b1444440beaa70830c94e625afbe8	b2bb61f161638827b662a9e30704e5164dd173b323e29bf57b18e6eec6ce280d	fff7a7e8e3d5d934d6ca81e511640efade931c5b4162633349d9ba2a3a90a6f3	aeabeec56810e9fd40e7020ce088079afeade530e5a2af54a087eabcadd6028f	ca4a31c0c621d1da0d4dfe7492b892b804b06e0a96e4e2f6f44e21b89e0c6642
1214	888bcf05e4e4be36c6899c327fe2b0ea5833e89b47d5055fa710ff37c60de195	b2ae52e864f8833fbddc46b1a2d35f93b514f97af77bc6694a15e78849d8ddb0	ab5bd4668eaf0c0418ab6087ef4a5d61fe6b9afccc606da1b85d40a52562e447	ebd1a90fc7ec43ceb7c9ff12bcf0b96fdcf149eb47adbc7b5757561a51a5c334	39da1af04e9ea201eb559d3b46c737b93c5f510d2bc8c1b02ef83f4d1fbfeb9a	1956a47afbf01bf54b624bd4d206f29ada106f26bb02175c8608ac7520389f6a
1215	6ca3298fd707f1e8eed481a7d9bd320733db52a1dc3ea9be804981b5c01f27b6	c1c669892b4d41c1335f9e032c12a310f84925d53babaf4202e5179c77961085	549691ff971c478d488c95b7d5056d83ed626124108b67547cf11ea9ee4db573	41be85495a700484f994147d561089006a47e90a0b723ae347a84d94218a344f	702574f40120a69c0035d367224a1e97825172b5f1edb2b8cc0e826f52acfaf3	a18f1cdcd81307995439557a2936a20839b1f4c9ff6b8ae3125edc975c27e931
1216	e37cc1ef46d9362693d8954202b668f1989ddae4bfce55ef0ce46bd158fe875a	1f3bf6e19222c3525170f035e4c92c95a443445f05c0f6a62dcaae092853c421	a8699e6bfbfa36655cd366eedf4cec4b26dde2ef8005900ae6436a99a81bcc43	7aaf245eed332b0eb8237620d08a75a8c17938fdbd985cc8e111b82c57cde067	a03838b3c23c9179debf2c07cc82e7c5a36d816225d0a8118a28d7133bab4649	d4f5ae0fab4a408c8805908b14ab8bfdf086f3af2b3c9c43ba3b67242f3987fe
1217	88b8c461267dfdd2916d3d6cd1120ee8954273addbb290a7de7ea20b5fbb9ecf	8a31d900f7431b8b92b28677f43accb056d0bacbb9c96fb79126c4b2c3aa4ed4	3a92be9ba13a7679dfaacca2ada945fd9177ea492f6d2b285c6a4a5686c76fea	002dd915b0b2e5346ec1747a6dbdb8f57f8fbe24671e32db1f72b3df4be23d82	5e8b24916c2bb15a31108c545787473fe60f4c3f846ba333277de793d9a93392	75a28f6b4a95a393ac282eb6bc8493cd45e3f1023fa65a96bcae5b6fc929acc3
1218	4af307e15c9df1b369f55b851674a08aef43b91c777da9ff0acc7fa36a9ea9b4	da46405b88eb71444552f4bec7f1c66bc0d7036c2d42355a820e5bf668bf18a9	827ae733f1a58869d86789c54ae826a48fa107b254a924427fbdcd57d84cfcbf	8e03190843d33de16f40a69880d78c9d052e6579c40a49ccaeddff3582a652ea	18bc5b74a553fd3731ae47822f43f88528b7546037942f9960022fbe40dc31b2	fe86f67a68f878dcb6e2bd8e50df8630216a343256cf35d632fdf64005575dbc
1219	c9a75ad6c85a911e3526cbf79f5cba6ee9d8403f46706ac87af25a55fb68c148	23df620216fd2dbbaa536bb39af3e80abf4d6824698e1f5db0326dae514e79f2	fb4bb9fa1694b4e685573508f28ad4db4f84e63ae95972883773cd81c38d681c	239e99f862c28ac9e260255e104f105f9b161c7547bf8f75a2bb766631f2c26d	5df593adac096c3112a419ea88117cda79786a2529258b4aa0ac7bb54a577933	c7c335da3dae07f0d01d0e92eeb606c822831abb2d31c09e14e0e74150c22a44
1220	b1e34ca39c2667aa633b739f5299ed9a1389d28e4b2b13fe1d282463f2c641ed	755673ea154a661c874ab27b4c9b5e21a9d22b50d082a5b872c14de170753ebd	402c6b2e0a6a3db3623b11b502f70aa1c46c7227d709ca6ec42643bb4ca84740	b3552cba6f46eb2bc2c429583364ca5921441993a496ebb1b40e612e72ec5aa9	46ea128dee3e3eb1ac3985e21b57536568bf9f37b3ed53450764d62af226f6a8	00cf9bc7606e17f1817608fc880dd7594e3d2d2e095ab988fa3fe6ff46965d7b
1221	b1338d7022b2b3546254bd6eae7e9ffe0d46156d4609882b7ed22f49471fc790	63cf093c4b1ad1448d318225af0bb5c4eeb83f1e78f696b924811829c7cd61d4	d23dba815dfb6c3e0377cf829ffb929ea316049230e8ece4c15c5e09b047643e	79adead77956f8e0594a75eb6fa8a487d5b79b1dc50aba854010b2e805c2a352	6fb64f921a589e7c02a383d439989e3516c09b000ddec48f68adc377db3f3086	637f8ec137aff9a900ed78e68ef9290615a5f7f488182209e91ed5babd8a6695
1222	68ff9ec9d02d2a6a9d078324f06f119989b3a6c31bfecdf38b2af781358169b5	0415fc21a809a95d4c2137ae8cb573c23961cc1786b514f54d473f7ae9ffc886	6cccd71193812ffec81b709420dddd97c2786120534db3f3054d727add8eaac7	1a973b907f859ff9894d3b8923c9fcc0c571f66ab34615af2fafa3a340053b2c	3f4e85a2bf7ae2bacf3ecd7fd11c0a97b80964c973f59205133e529122dd66cb	9ea3232ec4aea358ae09baf31784f64c001bfaf1f77e07059e3d5314962ba3ee
1223	a71a5bcd58de96ca30e9e9939796f2b89a0a21c5abdb915241cb3c9ad7e47c7e	1adb80aa8ccb18b89b60df08b4553f9844fe1041ffb46064785f161bf384e105	cc0b92a6f758ce13bed07cab0ef375ae9aa2ca710cdc09510f747555a9e784f0	3f4c4989652ee34416c7060520dc54bdc07e44b502966e11e324194d3a8e249f	ea6085e65233624c5df40b26b338127bb4d7dbeeed95774ae4f0a09b86e45211	e1cbe8cf397b6e7b0ab6679c377f2f39d33bfb31fe98f2ad85169886451c585d
1224	c2eb978fdeaf4c5065db4a374b8f9c99d2de8d13b1d54ec088964b5d4f31cb44	b2362eb4d9f04a2e0627cca3a845753b76c27953dd201810b7b54b60f93ed189	c4608efc092b9e9d37c2b0d49fbe12a15ed3ab0145aa6da7e42fcc638655cb97	8f40dcc39a9139273593d65b3657a9793c5db84cb8a4d30f6c3ad91137274e02	d39a1dfd46462dc42ff4a982e450667de99f4ffedb83c917e88549d327aec0f7	e126c28ab36a8f1c166e0e799af042418443dc7d59752d37e157d437fe2891a8
1225	2841350cd8505f9649be6c75c20a001aaadcf7c6bca5298577cc48343b65d077	abfe6284bca1f9baeee8c86aca593be8265c1813239f3a18ffc791e901ffaa30	71e5fb9a47a31e1c184e839d5319a5119f20fda1b0ba3718bd8b0074f987939c	8e33e828b9a804233efb23e659dee8f27c053872724008d7c082e2671035aff7	58c2019c9e294e70be28e5e02207172063947cc6268fa8c6defaf9d061c4de4d	0a78022a3a5a2c44d9c19b6c331fce621820e5d4f66d268e250152d75ab38c85
1226	42a6b8746a7e4c916b8a62940c559438f1efc214ebeace38ea983a41e4c32a1b	82235521696d156a161f9422a46dc365274e9e91fc22101419bfc85cac3153d5	158e3b701ba337ba7d5bbdfc7339f9592320fada0632d58247752b59c1548769	c46f335c67fe6572c5bf5a36627301a69a0ccf8e72f292c86ab1a04ad16ef18c	3114a82c4b484165a85282a30feb3423ae2eefff74a6b1f822d104a644de0283	85d3378d1322ed22bf9750282026b89c7ca6f04d18a9f897ef3d09f09ff7e9cb
1227	570fdd7d0a80c90d7b0c885989f634db7c24c4a242b7eee908101722dfb081fd	f1629926630119c22b9f12c792dff453940614a2c12945f2327f9f2ecb755036	ae1a4e9cf99866bf5a8d7f17cd2695203c550864d8f5f73a441b485cd85dbf1c	ed8b1e6fb4bb2654bd2f2be38b6f4b7bd585441377dbda9a918640465d858df8	209620270a23139f87af33b109808393f74c392400a053d963fe44860f86eeb5	ec9d87074500958a7f1a22e2b48c4a24450372a7da15a30ccbd5834ea8966057
1228	0e8bde38e037f482bd839f4e2e369cae4167159281cafa9ce7f27b675c36fc8e	6498282b501629051f11447dcee900d3936203038606fd5f656dca1c6b2f054f	4c76feddbee9c607f3895a10e60bc85336510c714a22ad7519908e7b611ceaf7	7983b8fb36e3581d9048af0adba78a3b4658ef087312b24ee679489ce3d9c727	6b99f926d44329b09f9cab7d51cf52656fea4b017bf5747c69f115b7216d0035	cdd0cac5113c4d168fb9156e3008d016832fcaa97c50baf5d1b8b54ac38242e6
1229	db2badc329fb6e92a369d43732af3d795edcc068964999288accb02c1fb67d53	34dbe1e02c3af2440c8d4bc7b77804f20581c70efea394a7ebaa999d83d8afae	373ab5916685d8111837373284598aa0ea7db6fa1394382884eab6983ce5ea79	3b402e660f1b79f85fd10f5e69e0d8ba47a91d38498e26c1bd4d0fd15a7b3b5f	eb22ffc5bd742c3da3d6c3b4ab36c95d018075e5e6dbd3fcbc41c6ef33126bff	ff4a796e4cae3ccd2b6e939da7b470fe2f6449845c09e634b86893b8253d3851
1230	0c43c5c50b128f183437c07e4312bfe65bf899595337d202aa248a01f97b303c	107cd46dc5314ff1345dd5434d6164230c17247fa000110d5f33040d90aad8b1	4728635a18722f20b290aeac8945a9c1fe2ff54ebc06ee5ed37fe12097737b8f	d47f9760b6970c827c0e9422dc2ffb0303664156de8692f7fef4d5edba9bd03d	415c0950f8947cf709fd92e63008a17e5e80994562eb3f3f1e41012dabc3f763	f2ed542c2fbf68a2cfc778ef1b0265422ecc34b9c537988816ce2ffb593154ef
1231	3e32fbf8e6b61715abb30ce3403b2b1ddf9cc9a3a2f150ce9ceaacfe346e9ba7	dd56c92c16b2d8e8a8e405fcc4d1d534cfb102abca24c76f367ad26f67c5b244	72b4deab264cf20784f2e880098c18dba6c9293e4125401ff41a368633626274	1971f1b215e5bdcefd0541b62d0890d7487b24a4ed8cecceb7fb2bbb527d86db	a587c21f3e870db51efe020154661548a08f060fca388065cda30fd4dec994a9	16bcb711fe2e0ab438e5d7e99d8d77e166981bb2acd078d7b76c938768089a14
1232	127be1832c703fb4eaab1f63df09272ff6ab85a072db778b3a9c014c56b623a9	1e7dd09d21e6c7548b6b063ee16f42e277e79ff483d91223a1fc7ad0635aa5a1	f83080c5e6145ea9a3c16f2e37171d22b50d651c38f0404cc19531bc41523ad5	a0f01ceba5bf3f11787a8556653057b50b4fab6f1beaa6e688098b197627b537	3cc22fa2913424542f8262963c17e4f57d037261026341627f1e6c6ac6037533	16127b92169f6fbb1af5ebac142a1a3c2249050703737b36492c35cfadba595f
1233	e7a1a6efe044cfcc2ff30f8900d20c0b59497443d76ce4cefe04eff3bd14771e	50c52c4d3c156a8567210dd2caf5b4f096ef3d05f1f5e477b6c5554dc69a468c	1cd221e00e679a4b1558b8d6a5984218d8d6789a3b31a71dc3676d2ccb457085	dc34e6018e635efd547ac9ab2bf48d8ab2eb51c4ceb7b18909b0021208b6f017	bbd92a4661cf9cd9514cdcbf45b53393aa812685dc00c1169104b7443c7e7f05	71fabbc3aad60ae4ce32f193884c563f282506f8c77125972662a6b8c19a4783
1234	3d94364b3d8d072f1413c68f12385d1de484d1731c6545cd93e8aa13146535bd	984bb9aa56b851c11320da9ba03722e63a72982a4ee4c73f1f5b33a331345db2	1398cbc5f30c5b972e5920db9541192ba5450e3e2e4dc09acc0192378cd59ca9	ee97b5e07b240994a44b9e31bbd682422e2c723a6d0c5997b5c7eedec8e7d6fa	aecb210d34b98719f09c0f4b4270a226df4eb8e78fcc8a655bf69e37433018ac	014e4ebe7bbce4242ce6c6f32b2160bc64aa0ab2d2e5b8caa7c3bebe135399e9
1235	f6618a8a6bac87975beeaa76b4aae5a720a62f4f5d0ac3d2897f62b597af15d0	ce89c87e37770a84cc76a1acaf9086be5da51713e4b26326dfb61e21c64cfa7f	cd458000f42283c6a2d3b8cd2fc97863eaea0a74f15afe0c2593aa003b7082f1	25730ce348b3b3bba14d4f12fb2334061e57f4a0d8112e743fe2aaa43e443d5e	10146eebe487fa4fa01b1807e9dc9d62efc88c97300b659c5af841f259a710ee	0a37288267722f4571d049e824418cf288fd6cd63d3d8ba682da78e7a9d9eefd
1236	d5b12f4a6b425a994eb249663ace0f33b5111917aafdb9ae0ca9a686762a2e0b	5ccc5be940f91a74595ded5d98f7ab1c44b6f1070e434f32f017a55eddc0d81f	19f773e3fb499b75973e2a29efa2bf09c4809e9113c620dd46884f826859a749	2d562037f74f08b34597b6bd22b3de771bb90649814d2e333655ed4304fce823	25f4ba3bafda3fdf78bb4256accf5ed14268de5c32cf805b5475c289b061e5aa	a4d738812281e93d22c0e62e1bf8f73ed8c6911ece5cf4ca9c6b1c6e707a06a2
1237	959691288ed2bcc8b32a4f45e33225cec382da8b56d3b48af4ffdf84a7c37a56	7df8c1d2ac64bcdae3a5298637ab08def8f37e99c4868f1957ded5cd9c2fdc6f	a0db29dcc466624b82eec4d427375c50406048affc0b1a5f4743b76698386593	e962050672e4825919e47beb42c208d1f24a1338def11500c020efc4deba6c61	bc12c2ec18044cb5d443fdade3f58d032d3165c5a2c8a7d8f590e5b47b886f48	ce53934ad3ed07a684e156dce45c9dab2527faf847de0be6da2e279084059156
1238	85cfd66552b37782640f5fa27297e20c2fd1662b2563d2d395a312b19aa44d9c	aef237a9bbd1a14ea5fbaa68789c6220f72f3182c11c2e269cb73ece03aea300	27709a904c33666269e141e8d270889915460772363de88b49a032885914c676	865c204fa9bab60d9d6ed8f99a0724ef972d2553ebc3cfaa87f92a1969d0f012	0d2f4255ff23f545232e3b12672280e074c1cf644dad96553df924d2ca3dcb6e	aeff4f4f7ea61de8d313181e245ce27758347c86d1e4e4d6037770d43c28e5a4
1239	8d03b6f34a9725c4e985f05205053460f66a9779818d98cc03809eaaed9ea185	5a6f6190c7a8410f5f5ff04ced1e9aa3769206c7c57248812d37664d9d53d848	fc68ef0fb4d727d3591b9ead14bc7e803ae78a22e371d0e2e93570d3ea7680b1	2cf0c6b3e2fce042d53d2ff5246025a62e2af564404638b1d7ca8ce938df5a11	953960fa3bdaddf95e3347343c3660c2677d0ec5793591b0855b12f048eb4fe6	15a19755d3f8fe09e6adee45667e1af321bdb3ee92adbd3d8aebd2c3b9a4f645
1240	39701c94e803c2d7ba808a5a51d2efb46dc33b81d1e047ffbbab302bebaf6917	fec67921e3fc5152496b3488c2402057b642c9d0ecf5bf1ab14669955783da8d	559b39f7a3c43b344d7781942722090557805223f910c5bfa7024af4ca64955c	85ceb7b84f8f0a960e49c276638abe90d8bd14f9f34b99a1339e022d6b277068	432faa667036521d8f73cdf98be06ee23f1da5e2815fc2f918ddb87683ce5a21	0c0a9778a535511cbb4a0102f01e04e9a0ba0abec5c87754765992699ddc5b69
1241	8d3add2ae2a21e7efcd9c7ccc88de9b054de8a063ec322487c54649e2ddb12e8	d48e78c8eb5f6de9e0e6c9011e6e619b0f04f4ea5d5bdc08856fe465ae8d8bf9	e8e3cc31b637986611ea82828857844fa4810c85b6f91796d7708fd1ddb6db0b	596c72cdf1998747098a5a88757008e18a50b6828e23f9d1515761f282eb4e04	21f4374053fb783751f396e861612da6993132783492a4862b9356de3e41df57	b1bf149a612fe58de14335c879148e61f28b1862df88fbcddf7451ec5cc11429
1242	c1a967c340af35e5c15c5c57778cd3bf83bc9bf3b6bf958086c8c9bdd69ceb2d	2531803d26e471df6e82d2eeabcce719214e4af87097209de7af07efaac59cb0	b2083f0c28089aaac24ea5141fbc6d1527dd2fe93d90333d2adce7973eb8f127	c8924352dbb1f16948c1ac71651f36a8bcfa5bfaefa9359a9a63fcf6d7becb0c	60b0ae010b18f5f8839614a6f4e0f2c2459e27a1c208bfdd2476281a7d4a8a7e	d855de92b2b0eb8f1cd9dc935c529904199c09474dfec042b38d523550745d53
1243	dad508e77c61b7c8c16dabb4540f5b3fb6b85c7210a826cc33047e3053f525de	1c81e0a38ba29ac8d5da00714823809eb282662c86ac64f34d92f7f05f571408	432c2b68334db2c1fc089f0fae06efc4f0a3d977d56d6df92b29f4d710061264	2161adde5beafe5200f055e2b6d063f59b607e284132284f064100b6ca31ee79	bfd1e8421b0800a4857c0c5edf416ce5b9dd0c15d5222fe32e8da4925189a294	f31ae099157b5540a99cd05e3b39dca5940a03375402c22ab128e4481fd40988
1244	1dccc2e003a14e17d28563df37d53595e287675e426b4173023f8fba6818d0ec	8df53f70d0889b346123d3e1a083bba9b91aae7cbecde7e88eae3c294b124285	8a98812e9ff29ebdfaac2b16cabd5f1c1c6c26116736968ba3abe42607bf7407	ac7c389fb3423c5dc214715ccd4439c31029acad340d913bacff9d87d10f4f6a	a24de659f8f3b9e6d51fe41e0de7127c68dba943cd83089434f2c378ef02eeb9	4e21c6609bca3997a37714a908aab930b4d63b7f83d3f0d9075e335676177ae0
1245	fd9f9bd70cbf844869bff88cab0020cc19d30baf779221737a8a6f12d86786b5	8729192c0b20d9ebbfa77109401c9f769087a76ade0350d2113107cb1decec7e	bfabca72248e459d6424da8408509b822d0483124fe59b04ffd72ba4e690c04f	a7b80d7dd129562dfbfba540464417dd90ad359f4e3af3acb139ef7f25b34ee5	ff6c4240b6c397bc02197fb2e321d0e05b2238efa9fdf423ebaffc65c897c094	c86ec1c5105a97e1421acff0d220ec9ea2c25c19c893803d733077c90efb0541
1246	639f3e8a4b3bae0d95993b149203418358b3b2422980bebbf075c0025dbc6d18	2b86b965bdcab5326c10d92564ac4ebe539af15d325905f1f384461bed56ad78	5084604e8f67a6ab1823ec29a07eed6b5eab9f216c2b6cc84b502f5a002e28aa	8254df4fe2b16fad8b5d91d3f65886c24d98fadf25fcf52048660575053e0f74	29d6e0dff2de1aff97199b5448b31bf518840e40599db19d3a6b225c3a9687ed	8df35f7ca37413da651a93e504572284167468b5292b3ac5184ded133d7eee13
1247	87c3ebb68ba3864c1c2c6af60238dd1924e09d680ef33c5a1852b9aea9ab864e	660ecdd1aa47a663cbd954a23bc33ba517dda80b8717fc99a314fac0686b1ae2	90f52223aa74e2a4e752c2bbc6ec436123ec105193026129047f0214719e3583	b8ae7aefbbb82302e9ecc7cc438da7cca2f363a2cad040a8bc6d6bd0e5f3a586	48839ce7430ac3c8fab2f27c26d9ce8249a99d8571e226dceb72650b9371c410	09dd14a187c8954b8e85909a0b958ed41f00a50d792e81d7d5cc736c6a0a336e
1248	dd9fc1292094ec584b29cdad0e9de830d9de992780e6478a5cd6c3ff23745d93	375a53f7d68478786c32a7db5773f4a3a641f392e28f20eba940cb5da040a854	be56b24b055395977c6d2d82d927f2e25ecbe8f093094c8f54b30294b5c1bc84	fedcdf9a45551912f8bcd7fdfd992338fcb02c6014c0db7152aa551eb59422ea	9bb2aa628fd28c82c39c5d3ed113175e1afe7c7e28da975f8c0d3c16b6582c01	08d54dcdc45362d43803fa38b13f1ffaeba8a44f32a30204ea5c4329e700dcb2
1249	2fdc4de296058ed4f62d1f145b4afd6ef3a40ae0d042741b147797155fa4d2c6	4b758a58c88b6c0973dfa95e149b46fcececc1d6d4bc9ee29654fb5afcf6a810	4e324061b1c047c4c8d40185ce45542bdb008d3151a884aaf2ab053af7f412cc	64ae016c1ad0c9c521d753bb1eb5abec8a96971cd6ed56dfc07bea02a1e2323d	c2435632a69228a88fac4215aff2e7b4d5d3d5ced4e9186c11844c534f25927b	c9f84b5a9f837fba82bf5de2e64e921b1ce0e49592c86bd8b11bcd46730f4d5f
1250	e0af2d94073a3a6fb526b163a9af7f7c2077a35cbaaa28908a2a93cba97bc5d4	f4e14f732c36348fb9a4bece105429916fbc28a6b00353b5dc9e4eccf73440e8	45e90cd1da49ccff995ccedd08b8b476efa4878063d8c432e3f4153b14e751d9	041ec1055e181255201e25779834c6d8875e42f0d520e62445a7cdf1643673ba	600a8bbd9562c65498ea751a4234c2dd3d3186cb0874c94f5e2a0cb40b5cb5f7	e5c9d0fb5123e3da20d671f455d066eac1f3f566b76dc3d4a99c6fc8c585653b
1251	c9cdd4bcdc95f872f7f23d782d5335b724364aaf0aca07cb13cba472db3c8a95	871d1e1cb425143339e30d7c8373962813ad9586511aa8c89cd7d9c30c6045d1	d9bbd34ceb8d51f93c9479b2095e90464fc68897590d97a6eed60faa231979f9	de5c8bc43683000cd533c2767288c13699033f09a7a6e4e33c3a278db12a3992	0b8ce44eb949ed58347a97221c10a8e9669e7fc608a9185dda72ea49ac6c29eb	36902824b5acebee9a39db8ae309b9c5a033ca8481d03a1f697a3ee3a2b8b0f7
1252	1c6667cbdb011b792f743927f2f015d8a41f80ac3eab379d6b0f1530ed5a64be	80df32175159a1b4cc1681f75990259940f9f90c526030391e5716b9f341c106	e2f93fc291f99ebf792008cf5fcab3201ad5bcb5be5acbddcf89e3c10878f939	000c33345f70861946a2b6138a128930c9f8398c33a51299e00e038f1d3108f1	f5acd5bf885a03c980e9d87e97666332a4b0d6b32b9758d43569bcddf905bc19	0777d46e293ed34dcd497cd40b9c7e7799bd1a6673e2202604aaba0ae66232dc
1253	f370352ec315672aaebe69e52adfcf32fdcc38fae6fb8cc18afc2fb259dd6679	49c753822ac6f90a79b6b24c7263acafab837ec84a293ce01fead9225ee86e0c	08effcf3edcbf112227a0c1a4e13881ecda4a4ba3081bb1aaa6dc0842ffd31cb	5817f05994fc8bdfc5a2adb1b9a96ab534fb9fb1d4f74ff6a67fab5750038216	f805429ddb90252b9df731004ea42af3733c99b1c5e5a9460e53692d78ec6f0e	b380b87f00b0bcda72714daaf7821eeb67c466bf1b901fdaa11bbfe9866b8601
1254	178d7d1b8b56868c66724fe95d695a6f60de8e3808559a54a404be5c4b90a796	78e8bc341eaceaef8719c99f9311a5609aa4454d7d7ccf331960c30d78e0d96c	9b83d8ca1eb7b045e9ce08fed46afb20db5e5d13d56c0f4ef5d5b851f8ee4dd7	7d2248cb4b4875b2f47f77b2addc4330e9ec034e5338fa6e9f3befdd77fd12ef	22b7b3375bd88addb9ccc906de92156f0a59e5214f541779aee0ab7b47f00e4b	c72112e2b62d4e9e297f65dd94b819f5ba9b7b4ba1a49328f176ea76a5ccc378
1255	ef4e58a2d3765370cc1a9fd7ef60cbca7d9887bb5600f5eb44921c181ec0bb47	b38eb2bd8d016c21b995680735c6d66e67f163f5f8ed1dd158dc0f6ff856b2bf	993fae7dbf79c6f39027b32e99505128bf0b2b31a78e63226b59b3e0b266a0b5	4b38c2f0320a6df1e50dae9a3ec497a0ced93e13b550f888809bc369bb55b383	7674d6dfc50930f2ded725d84706105126bcc414be5fd6c56471912db446b4a3	418438f5f9e6882fe9e93b80d6121e31c21942fafe8777e159bad573f26557bf
1256	ec928f614a28e4482d0f9a538a45c66cb375bb89ea65a787b441e2226d040ab7	3f273875a2cb0eace55656ef02835dfdc3e1c021eee9c3d2b7b4062bc5ecf437	0db90ee72805e90beb918fddbbfd989a398ea070df4c5a73e090647aebc99d7d	dd1f71035cabb4efe6409f467cfeb4eee2b3fe8c42017cf03515cb226a24b82e	49670552dfffc57f7e4c10dc279f4c261e4ea1ea12c33f593ce6c5aa929cecc6	53c3e624690d5d109221567703267d353500e0097633e657aff54654caa21b95
1257	757a47a11b787c8cd24e714d704cd21efb9b32f50317a31ded2abc50a3b14f7c	bf469d02756306e35cf5db824b461e804869cce3a58f3fe4e05d8bad35291e63	e4268d171d83f12588bef07c2a17f536783fa8e6e3c125229ebcaa7d10c54e7a	8d029ba9657febbc807248e716d849827d2701b049d16834aa856275f0aaeba4	7fa7b4a57cac6be50c19288308824b8b3cc26c0f56565c7734a04b91749ce515	16434ab8ab5b6840cf0ccc301bf7b016da0c6380695bbb88dbb0e7b2a73fa4d5
1258	3bd7ac063e6bff3d7c5bfebb57d69ce072d96c22e611c94da7691826e083c76d	24114555f3d9888e989a704c00dce64409730901462bfeaac1edb123936f8dfd	b43e05280e45f2ae09f45a7ba8483d59a4f98d6b5fb3fbc374e599d32ccf06f7	570dfca8f8a477802bc836b412debc5fcae10072e1cc8ed1c2394d241f8556dd	a77a14f2847154e8c42b6051fb9896f0ef4dcb4e3fd159e4a22f2599fa73f0a1	236d4ab7066ea1d1cc3ac678552ee2838d9290056db24cf0e0f19c6a31ba8887
1259	ad72e147e90b04810e7919240fc05986349d1b07068f7d498d3f0ea61dff3c8e	f8724092229224fed8cbd24cca3ffbfc4b1763efbd490bb495fdd40cb39c3484	10d4cd8bd32e615b60f1e15e40758d553cdaebc67b3654c8cc24e022de4019af	d7b3e834ff8e84d33a87f91b8d45805738385d1f01d165897a368c10c2b99d35	86e8dec6d5a6d255c96a9683ba351e13c366623aedf48cdb00e4cfef47434590	914ffcd22cf759d85eb99a9fb1b2adcaf0576084da19fe7d4191c078cc3e2987
1260	60ce3a6692458caa0754249db92bdbf55b2b6d6b81cfb0f337a63df25887c44f	4f550478189a4b4ba7f8105036223031e1264a48af582ee9883340f01c6d855a	52a082d7018a96beb49d0e1c03cb0a16c7f85d1fcb1dba88b0c4a7ec7a73cc5b	e19d6d793ffc1217748ec80ac956f0a611e64b6db1314ea35819bee365ac0a07	bb635718e3e323a6bb732efa14f4c650c62ca523ec9295bbe893d5dad8f13261	253867a66c769dc663376bf7f4e15f0c1b0b5d4ed6a986530169a25dfd214207
1261	bf43d61df003d215565930834933d2bdcc3bbdd4acb23735b3be265a374938c8	339c1312ad993a7394a4fcaf193778bd1471a5e8b47f739f6df69bfbfb48accc	685ff6d7bc16a3edb8179eed408fb184577fad16e5e177580de3f4c646a42a0f	96a79117387408ccfaf6c818c28328b6eb49f91ab6d2d92a44d0b15f4b54373c	6cd7e28c9adbb683d39259a6d6790e37d9d88185122c8793c510e1e197c97196	a9b84393f40aebbad87673756b68a28d6bb845cac04f128016aaf0a46de5ea5d
1262	f10b2158f56e869973dbdbfd0ae43f446dc4e2aa20b4513e0cffff6c05ffdedf	5bce17828fe942ddf3254d8292ba2f0aa431891e9425faf218e92ce13c54d037	f8332ece1a43370ae1f7c987eb875d43bb307485078480d4efce9b6cc26459ea	a6e43d2fdecde3d546b9469c4ca5483174b9ab89d61eb815e703a33c62f82e89	c8b3cb39539cd7d1424357d2301bcc7282f82ad53359e7544b50ab29cabfb058	e1b3244071f713c1ec7dcdc784e5cd131f09fbeacd6df82fc33c2752fb1b6e8b
1263	32b4317faaae0a67ae96c9acb0c6fb6a72f10b8b40927dcbd50d32567bdf6b88	3c26e214f9bf0eccc90295caadf326706656d22579f9ee5268a76611c8543e92	9bbc9836df18d83cb0f427b3786a0d18d638e1913b2d0eb7654218f7cb16dbbd	9d555e626a214cf99560b80f9e9ad357733c4dcc8acfc04b6187761f65d31586	5abfe0d4a7d649b9fa0b4bbb7506bc237d205039539d6339879883573496a05e	1c01992036be1ed7753b4f8e4bd1236a5690d391de99f539d896d0f422e1c7dc
1264	3611fe462c4c269a8c65b957a14edaa6aae06397339c2093ff9f912af3f8fd48	ef1fb435446312b15b2301d27399f519d6b10c66c55950d38ffbaab2d2145dbf	c44553735880aa5e8ba725eef2b58a6f8307e6fd1741b86f8f2beeb45af1634a	756ad9851c6a1484b1db3f052bb2821d94e11a0ef4fbe91950945bd609672fec	0ed2a53369f5365eb83932248cadd756dff5dd2b65828daa355b9509c1685772	5eff2c90e6096accad5e2f08f0321f18518b68932a64e8ed23f99ccf8a474156
1265	3a6d26671b8923b017a7820e73b2f546843f737a71cacb0048aa70eebba25002	530c5ec7e6162c6cfc81ee2889ac23b74061b21ac86e11185df1de468a1d16bb	68a996ca90f52a3543f39793f4eba00866e4f50dbe38db691b642d270ccfb92a	480edc5d306bf834ec04b523183a897336494630c6d1c1d2d71e248fc5e1a418	db30ed66328ec239132c7bf52643229571eabc60f69fed57014d79c411d7b3ed	342490746545530f65daf3101405927a0121bf7f34a0debe536f5a0ac7fe11ba
1266	d8efee71d71788ac5e3882bf4a14b6362ea2c132788bac19d17f021de6ffd028	ef32b99e0b21bf49aa8aba3f5aeec5db1f10adbfee0187698c0e865c9f296d6c	f45340a875e683bb8b98f32b2f0d3c0347642396566810d48480b720afddd9e7	867111ca0ecd4ab2d2b9adcf5f99dd0fe2eb702a82833ac6a68c442eda205b92	7cc9f9762d8f5a9f6bc95a1ed05abf95e5526411c9bdd26c506b77017ff45b0b	ffa499b8e3a0678278d931f9ae6dc840cb2f2868c4d4ef8b8914cc6459b2f761
1267	58f8574c42a87b225011b8a90860b329f6c10bece0d8ce578ade81ea3729da6c	1fca1a7627e43247c4e3fa76dbcdcc4917bef59d3965622cec42d2d8a2ab78e2	f498e91069e2448ca7ede835764b8a21e77128fcddfa4e3a2d85fda9a786183b	63c4bc93e4f225a866a543a5a13eee614416d64492fa9ecb189eb104700cfaf3	3d5074549e62d46ca42a46633cbb05a4284af154034c598db210b2f5e13f268d	9048840d788072b92691ff5d9683b21b309091d099ba16c27314303c2da9cb93
1268	3a217214d7bf2de2c53fa9f4d8a3c9102f894e4a3209c42341edf6e18496e5e6	976b0dcd4e9d492a7dc543a3477df4cdb9d2869762b1bda864880ba5199206a8	c86384c0a77b6c03befdc2b1726d63105252c905791a8e305465a5556d0c70b2	b7de2538999a05a13d8aef783482fedc0fd0de31691fcb4ba54e7aff12597fc2	ddd0d2ace2b0576d6a70a7f189a93a645985283a454be96e5c9d55c9ca9f8852	f4e6a825be1f6f7a005fe3bb96d5921e542d5f51e6baa17920f31d64c2e9be18
1269	35d3ba9f12ec3d503e3c5fb42679dbef929fa806aa195d6d153aa5321eeefbf8	ecbd9d448b04cdd9a8d1987b53b0c7f64bd692df0236c3f27dcda07e112718e1	87e346225f97124b1ed4c56c3e0ac7f5a251652758407ffd30314206facfc7fa	cab7b52e87380b4fd4f7d108738196a8a1f9338961de0b18f78e40898f4514d3	60a0d03a1dfaa96e6555309d1627839488a7f147777ffbf608b342ba3665ee95	edb42a94a17852ff04969d1aad3d297efc9b15d6adc1e26da27e32e6b7dc63c8
1270	7fc980a69499ecde213b0ff7cb808699b7c8b0009441377aa2bbbb312fc6e514	0049278b8d9489c28987cb9d0ebb0060d70f20f6f49c488e355ab1be65bc376c	e7d6a758e03bb277736457c44687ad3ee9acb0f879c8c617a8aed6e452950080	1fd87f645fa12675c8720d73d26ad5bf8698aa22faaa709a43ed64d4f509e642	57157eea902db31cf12a3edabde3bddda8d6d6b0572619672a4a8c442c8e9859	d94a4d345de27955842ff30f5f84a31b1921c9d8411ed2851529a01b08507d95
1271	446560f017241db7adca2dfd34e1eaee96706d71fb86a9130b612f09ce8a68fd	f1f30e051a3a93cd8ef08aa0101d89bf5574b7ef3af6022d24f300612ed47d11	1cc702441cda532dd9b9ddc2778cbcfafb6bd88137fefbdec46a42860efdbb51	d1ab583c0a916634f9161d1c0a01d7393be5b91a175f00c8b43be60857746894	6e35eec24808ff836aefade51a01b61bbe1fba6c4a080b5531ceefe9b09eeac3	c38acf26411f22d766595050f060ed4944ceb475c0c651a27a0ad1c8bf8caa08
1272	8539e70912286ee4cbfd790735121b6071779078e578f671883f72054b6b6a4e	d91fb41d26daf69998c1f275b7545fa106cb1fcf95f77cf7cf771d0703d09825	768c116a91fadaa443ecfc7b2f6264bfbd9f3bab6d9edec27f6336affae1c54f	a5e6292baf6af8330db42b11723752187db2279b7f78369680ac4a8ab72b595b	ee764f97b267bc2e6bc81c7f7c514c3ca033deae5edf81caf9610c585cb8183e	a2d75eac643786c78d61186712715c96eae2ead4e10b3215b5289fb7ae81bc7e
1273	6a72aaed01cd21aee5e7083e959b116fdf197e409d27f7446c71ba1bb6e6c882	1b2d4e776ec491f0be83c3587d2de98fcec6a51a94c91b2405188ecbedb9e30d	1dfb23e59217d004f32aad332fd0fd5491b409a032e8c182a8e6080980cd6d66	4f523162bf9b5124de3c31e5dd394a4018390f1719ad2862f45795fdf95d8f74	6b14fbe195fa493cd2ecfdb46d8cfa9abf70bcfae836625888b7039f6be3b566	2db2d2bd262ef7c536aa679fd12c57784c04f56bdfadc3d14c9806287363e70b
1274	e6dcd30b2467e9fce6a4331b9cf9b569abda01a68c1ad3ba047f5e4a0f042709	724156c5357a8ae52d38e5d278c99c9186db000943394efcf8a2964591df6b90	77a72a90d2ce59ab66ab2c94a69dd49b5ae99cfe06e96dedb27f4af0402bd8f0	3a2b299c80bae0d02386f578152adbf4e6efd9b8c5113ad100de4073c6df8024	d1b6501121b05a637ecd8365323a6e4fc5cf91776e521760d4f44453b07390fa	ea48f6509db1ade9b3cdce05184235be64d8c610ec1837abd66429cc2533505e
1275	c3626663412955011e26c2666f426ee8c6c02415e72838c6bbdf68b5fc2e2e87	af2105e05e275ff9bec1ff839cd2d4c5275a767fefd6115ebb571c0114e168b2	c21026f507598a6368c84a3bd31b6e8ee014a6e8f8b211701fb3f669f93a7621	9cf9a2073f142f7696112ec94d008d1cb0643f0e0ae61d48bab6794779affb52	c37f55f1ed9b5d1c36934e8b0400ded9d9dd47fbacd4ce24e647bebcfa76e2d5	8360d3a4a0d265ce3c3b285893900fede138c9e1e492744663c6981d6e2a914c
1276	cf55a633ff7c9095f5ac340bb136ed63b3660c803e3e867934422102044424a8	de81c1b5436b24f7d436efadaa1da3b5718b67359639c48737915cac331a15f7	23f4e497b7d000528e3b4dd6b65310deacc5d037652829ba8ae08025fea5266d	082fae7efa5d2e6f73b149ef6b42300fefdcb654f53bb3218f321192cfce4f30	95c6ad4f72557634fb048f1c6658590865d02f14d5514ed6670f81556899df37	f664669aaccf49a93d314d200612ae9d0ebe429102cae408bd988c8ba86b858e
1277	fef0656e3072b92a57e97736c688926d518b8eb912a32e616889ec63db0afe9d	5ca3208767501cea026217789a5b4cf1ab6eaa24513693c8f2c76f7da9768ca9	cb4a27f65e0fda5520bdea1af84f958121dd6d2c30cbc5a1f136da231cad2e69	fc4ed1b6387313ecb25906a93640e8eaa82493d137405a2962e56aa15972e509	10b783e699b8ced790ce8cfdd780e3b478ede60516b1d2633728ed2e174280ff	e68b8e00d4ddccaf0ff99a003b4f11f581c2fc68e2a358193e7f4f2351598098
1278	2733660465873f30fc3e3264c89417815dac66c59b145947436ea3d5b6afa813	4371b9ba14ed1e54a4e816175e04aef6ef694866c27092f30f0a5a8d8d2d4fe6	de2e5b5d2b224c1f1ae646f09ab7e6d75808d185a4a4ef3c300afe39c8526330	c38008ccc0d2bfa1d4be54c6f45816b5ef44de638b82f2247803d44e0227ec16	574c3e8ba6e036e5f811f2319264cc56f56a0e4ba36942fffaa8376c9ef918a0	f57eb2f9dd2fb530b4c0db510528826dc4f8cb55908cfdb055eb9a4c49433ef5
1279	41b85ec7fa5faaf64afeb3fc7bac52479f8a36885749f65ea51dc8b368fed7c5	9de5453377a875ef4e64ac8070a175eba4a35b434fab9209863e1acd7eaa6521	7ef6ed807ec38c8d8288916edc60166c9b9c78ad3a9bee32a8c89981f179d824	e0239777b305e3d14936822da2cee50ed82a7dcb7ec69f62c17e8357c9032462	82fa8c4b1920ed69273ef7912578db325ce8abdaf23b12c3887a068951c633e0	441fd774b9396d26fd90f7f179a7217dbb191b19aee04f2b37312277a2033ac2
1280	3e80a46b2ee7c89aff8ecb6426a8461d5287f0e24e2eb9e7de413d807aaaed20	480bd13b987d35803d6e4a333bd7e58b7f036cb822dffe59597e38c3d368b879	5591b1b9af410b4014292f3013f6bc4e64f04d8cd5f4dfa9eab22343996d3f84	29de97a07c1a5deadfdbdfea97d4d756f8c1d3966677a3e39620c30834bbb107	16409cd1b275810e5a1996f94b1d465a976532082e18f1559acfad046ba21c33	35db7018b107c25bf89121f5a239d111a8bffdbdb4251a725e1ef2072a2bfed0
1281	71dc4d9f2aa025853ece691f795dbe7ef4690750545907fb73c8f6337454e649	e248caf6809884181781f9ce21d3ef5bc42ccf1b3ddee1c44c086a952f0ec6ab	d7e2cb666864a91f160a3c64e810ec4b07731fc2a9180465ae4fbe3635b14985	bf01177eea57a2cefec974577b79d8b9fd3b4426a5b8cc42d73242f9282eb104	c3d90af94f3bcc4ae086668eb8febfd87cf287db0aa6119df8761fb78517f9d6	5a8321717ec6c2bf8ea42ab04723e225a1200830ff3c2bbde28d7dc4ea52f672
1282	32ecc2410685109c4884e5800426b769f04e2aeb5aae1708deb222e7ca529ccc	705c2022f30eb1e6bfe33555fc7ac8b56de226ade20edd8f45f6bc47cf33fb52	add3cc38e1c744fb9db2f45000cb3bdf497afc1351b05b427f57f8a59196e148	6243d9da987afc0a4fa33df4c3bd4e2bebfe74849c4f5f800a94ca58dd3af97d	4664d937cc03bccd53938a451e7bd0870d73bb1a63fa6405a6b63beb505db360	c7d3b9be4efac5b5b7c0ce6215140c7818605241013b2e2ee5237aacefd33ff6
1283	28ff098969afbed78574240ba84fb7fc2b69970c7b42ed2cd23c91882e272126	b28ec26017ab4dd66a6e5f4ee09ac23c90484fee25d36c67ce9279643bd798c6	7ee944969ceeef5ac0e2c835f33ae5af14b5329fb2334d6838ba7dc0b5d10117	b03e484e1b6621426911a156e4c507347660def1d25359698e257df5889099ab	a1c8c324c6d5870335c8d19060715b14bd3c9dcc8efd61cdb87ab1416f36af0d	372f27eaf139f5e89ab3f9d56941eb7af17ddf9a00bec4a8953e72ee6bdc2df5
1284	6e0d3c4e84ac26b8d8a0866c9884d9395b464f81c975e89dd7d480d97fc9a6f6	a771fd3fa6d2b1a2e50f218861d2e7f4a3abbc993a0c331afecba24deaa66280	48003afc36ffd83e4124766817e79eacfac03f431a33c6a22c17963f878eff54	ffecc36ce2c00f596ca40a84728386a6b4468190eb6736a87737cba0fdcdf0a3	e84a6f1b039facee7150257c1082f8acb1cbfaf9290468f10dda2247f0e058d8	ae91096930db56d75d18dc456e0b7a5f452fb0ac2c24356f3ca73c01d6b86a59
1285	e93feefa829d46e414c7bc3a381ef3aacdb690bb80c0ed0d6f2133f0f2437769	e69e314e63cb577be6d377fa331968451e282a836360d681d2392dcdf41f5629	afe7a0a7d4e784be4924e7e209f6a9ade38cbbd1991fd31e958e7d8c396c8b8b	126d77bfcf7387a4b819acc36362cab27e15bd35b9db32ecea96dde3619eae0e	babd3dd90aadc6a1313286826996904066ddcd2b72974a294ca5e836aac7fe74	fc31a5b41ee36591ad69b6290bcbcbac1909e6468f918cd75c29fb0de62abbe2
1286	3c41a6ad885d44c7da3595cff725a4b2876ad813d0572cf8018cebd2037cd69b	71f5d4a198cb4c68e375624c8f06139decaf865bc91c342edc080481918405c1	8fdb27ed14501c64dfa3578af5d1366c183eaa53296299c9fc65a25f73e7fd68	65a535465c26547072dc526f0490aec83efbcc68ddd8781efb949f348fc99725	7f5f0ac0ecccfb5d4fd0a316aae0cf72476f7bdc2ff8efbf2c8d2d26685d8e74	f789d7982e76e47869795a75be336ad5a550de3422bbcacfa23240c9c204d8d1
1287	0bd424064f4959ad7369789687b4e2948197cbdf98267f7e19da0b72d7beb5df	47b145a0fac952ac7a286e7764ce97d4b5f700e6c671248979d9e402e9205d48	fef7f250c3a017df7a0de7b85635a731a14fd75afa8c5d9d964e09c2f8fa93d4	b421040fde00079dc1e2797d13e285e8894188e03418bddbb495829b780fe994	cc78ebdec09dc9dcec4f39eb3c80f6131d68f1fc966a349d6c38fd02001a8dd1	3ea9236a47c6ca6d56128ec301684bdb6333f2a65c6d47cf3d3fe9fa4228c475
1288	208f5dbdccb34d3455911c7e25e6a02d811aba701eb02a348a97b6f9a72ad8d1	ab2369182dcf013d5259fee46055615ef777cc44b4807bec7fcaecc22d8f3a42	4067b2e712e6104fa90b19c0e67a64c5b6eebae2f195de056559a179542e0de9	e92bfa3f2d7a0888ce58e24adbdda4040b57527c26507792a03284e25619de81	1fbbfa1466387e6f2e03398638062b0bf657b4109b79c33716816389eba895b3	9dbba42c9321e319bcce9aaaf255528303291a1c35b85f0056f0147d5335d06d
1289	bb3d130da65a57eaab87dda58a5e7aaf8381e52e92ef9d23ba0a30be89fee414	e42e4467ad2b5a0c2edfbdfc52ec4821d5416acdff21fbacdb30c7bf1fa57574	1a721d987512e5b74eac5a7b9d8ab85d2c8c1dae9768650d6c3354a9d8afabf6	1930c628957444b821158af711eebe20b95c0ed4f65e720210b3647451290567	72cc368223ca859d4395f8f1407f1aac698953fbc56cf322a880100474b411bb	37c7f248d4a4762d285602a39c6f3a6ddaa5b00a3c1cb445a2be23f3d351cd97
1290	3fe7a05aaf4a0ffe2ae018c8d59f697981cc31ab567176042e25eb7e15748057	143a144c60044126680c32cba5cc9c56b1d88acc8516b3bda05e6240b8ed97a6	addb429df01ade23bd86fee3426b32d8f7e9a59bea54f45c2b4a0c34875a699f	de40aa589d6a1ee2859eef9765dfe10dfa9498ca61694681fb7d54cb39c36a29	4d9dedaab797f02013aa512116d5150b440cfc787bd736f2fc4b42d55980c276	1264f080d843e67d55680070400ca61b7d2cbb62d9319985703a493111a45b2c
1291	97b45b1c52063a3f78138ea950b6f4b1adec650ed121cfab5f365038d4a15803	f7f0150f8019ddbd4d413ba51aa6b9a299957f0c81c1dc321a2ea093fea28644	92af91789748fbd9044c3adf0e7736e18c45e395105aaf7a8aadf861512d3baa	06e038481a1670ba6ad87367fa0e7e06eb00740295fb2a026fe6d0cee39c3aa8	d97c63921c8a70eca0a260aaeb033c024fc35860406b0d9100dd0f184083061e	da4f8ebcc6033a18e45d29c6c74cd3834041e81d754a13f1c85ca805a093c0a8
1292	8d209f97f789f87cb4bf1eb42d0b20b38abff5c6e83777d6ad329bb1c1d8a75e	b899b763c249c6a847fc9cf9525039d22ffa2811658c8f64ca0c6d19e6d15bfb	61f731e1b781f11ccbd0d6bb8f05185a21702b82c04c366a395677f054313c68	00c21babb272e7b34a9164323e2ee82df246f9a5663ad398e7e5b9aee66c6a50	bb6c83ed642cfad535bad53f26b3bfe2f815f084de4351ff2420be26ea88a6c0	8ae296f9e9c3357172c97c754d6e10f96fb1aa40b2a23367ab9d10122640da6b
1293	e9e2a36bc9a45da6e3aaed88d3b1ba0f206ecc1d07153e6d229ea6deda328412	c2d262f7557579cec33c0ca7f1d7e5ba1980f3fc4d6b0b34dd55fc7cfd785bd7	d0153c591b8989815499943d7089bb8a499cae15251af62e7d2253d539645ddd	5ac0aa5588677c083b5e0500426c9a51aadb2dd7fe506338b27423b3355a7998	7aca25a40559cfa94188e14bc7f122f5cdfdee9691edce0076fb42f49fbd3983	044c8679da35de8c4d9922c0dc87ab7a50d9cabee2e3737ecd608262d03245d0
1294	bae3e0f394699509f398502d5c787bd42ee46bf090f07510aa623919149dc66a	9b6c2ac45c2dd0446e141616594d8fd50e90ed4c2d764cbe5a05a1af0968c637	c3dd9c90072d8c6ad2fa06b43e01ad393e3510609bf52bf1f97dc59e3399aca7	0830a3a1859e1e4acab1a2441d5d9b4f4c91872b85b40b3af696917288dd5177	c050ee31963d84a56db2d7a2f2df4deebac2b19a54bfa83552c084a36cd07354	d46ae8a9f9c2b83b9dd0f66431da9b1dd5b916e36f2520344f25703d5e06f2d3
1295	42879aea91eff439cfbdf2b0566d1c8204752d07174c8f95ac7e9c7967463b86	18c21d0bf31ab849f59253a2b33197641777bbd3d078e5ebfaee8a5a1a0bece6	222656dae420b76371fa24e2ae0d2663994970964919ddc6ec729905da586855	719c431f49bda01806cb88d1c41293d77dc25c9703c8031f05e167fd17dbe571	410bae0709b8d2fadd03af09058b9d30b1273a7e5ae64d2440ff0c22ac70b0e6	6f909ddc880a57cccef6fae18ee7dcc2bcc5066145f55afb8cd433b3293c4183
1296	bc7ad111ac84f54299d67e6681d334b62e5739354660987f9003899c6387b524	3d956ead44a2a1889a97b9b96158a6ab935e6ae97d75215e54a74110674cf94c	71a74ca00d0859a3e5f5a69d4bd7de5fbc1a4877d7db4d6a4c228fd958702c11	4025be5314cfa09c9969f78078fa11c0fb2d1a7106a1c3d4cc9f9fe41f4e7138	242eadfd375247351657d43ef33419fce077b208826345d172a8c08d7e47b388	11a9e3bf7b645c62dc61419458f9e8472cdd7a20f39172ebde579f017bef4df9
1297	6c702d5ed47a0d4d5defc12d852919b28dd9ab87e31032af546dc384fafc29c3	1e890b06cb47677fb6009ccaad4d01e65d80931322a07ec070421db7ffd2b9d4	5940971c9a810f3ea87d9b88b6cc242a8d553ff86efa0560f9001415a41b44c1	f619f12aaeca195e8e59e221ea1b8b18436a899f778c849f58f36e19bfbf1d2d	89c50c5f6eb5ffd1944e79c17ee8d10f4093cc58d37a20e4b17b5e2ceff7a800	0f7c91e29a9cf6e2e0efcbe0cf57cbca37eaada8d3c3392536837e48a610ad2e
1298	a42cc83006f42d1f3b364cb9b41249dba4d22bbd605a1ace23f6ab77a2d0522a	93842b07b5bcba3361b938252018cf445874b3e7a6846fa8fe393a7dbf60967c	056781a75798d891c96ef69890ba40146148946c2e284dc1df878a26f257c72a	88f1f482c6ccc179618c99c0550a7f41168b79388f75d2f6723fa9eb308810d8	3d63ad764fb9a04e7c3ac2fa2c475fb88f13bef8196c769dae6d8a960d2d0270	010c1995aa3bd7da5ad66f93d7110b99f96a0ed116f94ae49f51c3318036122a
1299	920344aa6ed37d124b02cf80bab5e8cb4be70b229b6b3376f39f9fe142c17cac	6ba09275bcdd623520eb5b5c3fd7115ff8aaaf4b83a04609b411c4fbe42c02df	97aae8f7219d0671e8fc475de0b190a4d5186a72c09df1e6c8b0c6d98b6b760f	522990782f45584ffa74cbc1dfa40dfca16f470677f05c85140a66c2c9267e6f	a1f0fc3f753ef287da58a204818fdd36c0075486c553f40016bc842ec625f552	58fd5f74bf4751871392952723ca438029e06f481adaa0630e27281f1cba0a28
1300	e3629489613dcaf6aa9fdc40bdca49a955cb4747fe4f9f957ee6c9cb404daaf7	f0400cc283947cd9ea2cc4e76afac19dae2aa02e9588164df035d57d757d2e5c	8dbb2739545b44f7a346ab19733764039b01a79b606fa2879b97952842694981	771d257fe67d29a5f650bd6f12af13d1a47ebf5fda4b6963ad6f08911c582785	35f1fd1831139c9a86998e43728cd0a565794c51ccb758c3d8ba3727ab6fdc43	2d3158c212c7fbddad922fbaa0d5c59b64a914834dfb01f0b02330eae39cae80
1301	f9a002db6aa641ca49f70ea1d31823b1258dc708e040ea5da70a7dda68a476a3	d7c93d50e4800b749d0f393a81764e5e02d155743295d5201d965581cc7744e2	c7e5f3d12863a5adffb54df4d8476e1f52f52b58345d97b3406380e225eebf53	8b1ee709e4bdda368265f2f8a8cab6bea83ffc64baa47308f7f609c517887cd0	067150b4e68c0f13ed77d583392119878874d65dff24c4b2200347e39e095394	c261adfd6e4223a2a75a502024306d9c7ae76eb2728d2af6a94a9e056e555c54
1302	8b5aa8692b54719526e84f7a35d6399796454033d171dcde81d1054684663f9c	d396a32db38a3c3510d7a8078222f95bc4f4e310446387e3c3c15222ed920533	bc9d5fdd887a0082e56fae23c596cf27019ea39d506deaceecef914effeb60f0	57d3b02e96a67d1c2a4b831aa22a312dfb40fbd6230866ca78e98c28a43c6c90	083f6bb73c419d1e0a38faa9c9cb92fac0612cb24f748f34d15d6e930c8fefd5	30b212478858c4526b91db3b976225996c20b8aa882cc2ce9ba46694b468fdb6
1303	73f24e87ff3b4fa8664c891719d235dfcb1eb0031201103d4eea82e4543c5e5d	c8b0334c7b8b3a8dab2fb9b280c16f1e8abf7ef86acb9179b2b6cd2ba1ce6c09	a32642e4867e006c99cdd8e909d9f37f9637ac6f3fa2fd6adee181a2acead399	d2e6f26f5bf93ecc011c090bff5f8ad00976cbb638326d7ac1ecb651d4e0ae69	a3b12ba1ef91610b796add1c28451f0a931ce4d743f964770ea22e7c71d4dcdf	8c06e7ea59d35c071ca38250519eb595ba1a9fb4261894bc189df7b1e958888f
1304	06bf23bfbb953cc4563414348e38f36364249e28b3f4b01542c38ded99181ef7	d1e15caeb9e019224761a131a87e5f4daeaac11c45a83128344d786e37d4050a	30e2eb76b5f3574ea16fe39bfbc0fc1374e38df70bdfa04766ef08c2022cf847	adaca9b8b7ecdd6fd9b294a12b90729b0b63cf72081c1991300e8677e87ba680	a5c9f291c8fcdb33eebf724ad4afb68edf0c2e461b56756217312aafd3d1596e	f0553461d053215fce374ba231adbea96cba7b74f31042ecec51758d0c9cc60a
1305	369434ad15cb62ef69f29f08233c2762b98f1e3114ab2614d4f9e1dd4cd03cf1	444e3aa0ffa168bfcba9d2e7fed7094237c7643c285138e229bf83c23539820b	a3f3010d148eda900f08690d454089c56f9bb6cdccf8793f77b23db87c91a4cd	b4f7540b0add59444e85dbffe5af15050bd3adb3c16eb8564645193593aab020	1ae16f050c48f068abfe00c1e2a7876e1118f60c516d7bfac0a83b4f3829067c	3857569d277a2355459deba86973256176ca373e0f20066f41f63bd9fdc80be2
1306	a6859a074f64e29a0053812983f3a352341b927be20a47bb046b42e55b326f84	417962f359353cf2093f171be1b384b1e32c86d9c560ee28128f58654fe02ed1	3d75bc84df5e848a5768780665550ef64678a131407793fb2806b9c0de5fdfee	8268501d5ddfd5744a85b3cb31f66e35705be2a4b949c7bde4acae7bf8cf95c7	9f9d4506bc0f3b928e3ee5a8c53e8d35a90a4a7e3d7ee99859f7817be325d9ff	34c835ac43a183e491f587ecd70cb5e22d092749ac26d6aea0061292dfdc745b
1307	7a906adcce0500e7c1827d0be79d8a7b06e40620072c2305fd95261c3d6298f3	4e922e19741adce0b754189497d4e53927e55aa15e8c13de0b9c62a59ae3b27a	e0006b526e9b81501a18ed5873dbb7c523a32e4afd7fba4a99165fd2515e122b	15e44979628dd3ca5b8bbcac324ce2236703bc74fb486d34a77d9872bc8b525c	e5496adc5aea6f5ba195e422de62c140d1fa9dcad3c5e3a03ea7e9b9632eb12c	ce268fc81ca6a84a0529891a3fec3658dd7f38997402ae6315b58516f4547376
1308	208731aa3b7869d462a0944f60143a45c1c6bda5ca53cd4a3d0f375dce7250f6	ef61904d652dc9d3bff52dc5b8fd0fffb52cd82e9b6cbfd9e24d7765284c6b49	0eea215d9baadb32b8fd75e185ca55667eb80dc323c27206d7a31035f794c4f2	82df5c58db911df7e3b53c47c71c034419606180a837380422cbbdac15b6b5c0	c85c008a5a391d1cf6ff3990eceb3bb4c1644b2738e08b4e56bb3e0ddd788f1e	3ec859a5e975aabe168e7064dc420261bc74d7c18804edd21873d552cc698c51
1309	4030022bd24ff0cec98c53617f01e2fb48c951ad48d1ad23a6ba7a7c332cac8d	a7d9c4daf7d9871fb4dd11297770c2c91e762993600a70b77f46f1899fc20c07	9b04359be150ce7f9fbecc160906ad6024395e012e1c46b9b8e203288c7b6c65	210706de58360ae0d7bc70049ab5b742196b4a975edd65ec577fa181ee9e57b9	17feff421f8daf5097bdbbb172cd3e2d41faa7061dcd0493cdf1928b2115078b	0bc8c51f97603e7e31e7286fac1c971ffe9f36b0744e66d5bb917bf2fadfd385
1310	09bc37dae4e6a15b235036a46a53cab2a5632f32d5df4801fcc0b7cacc471c64	bcd33d8711c9bf11f1915923747e3838f59547ff31f12e2d8eff3c24d14c5980	96bf7be25e7addd3bee34b6ad57d0209df7cf1f4363bc0725972b44d84c27598	d1a69cb8810bf7c41e124e4864ebbc24b7691413ce2ab8bcd17b5ae5aa0686cd	10a1779225104aaed7505a7c809e864387d06863ef6b4e1061265162ccb0bdcb	2c41a695ce4e1a0e4b3c045cc2b8d0ee4b40c80afaaf54a2fc2a35b46e31eb19
1311	7561c4f2931a01f0a2e56bb0c954cf0f5f0b46c0f7d157450718fb8c534f6570	bd1e305a795c8f8ec6fd62dca5d89a021b4cb0eddbc794658cf3fe8ac1216a90	19e6f7f5f0fd7f43e37feb700ec818f569a9c324b0e701b5a07752b19cb3c5ec	af222bda1e0ad746402a2c454ed9053e8d5ab27ddad00c70016ce049c6f57cf2	d0648584913152f72648358d21e7a7d2fa34e9dd24af87641fbc5ca5f45cd41f	acd27b4a50814b94cc7407082663c9eff652bbee5b593088a4edafc8b0c1f907
1312	bf0773fd0ee369475f9b3b6502521c9604f9990c1da5668671deed625beca50a	144e33cca86bef20e886fd8e78680db2d20064b8088a8bca095eb993a9273e85	b926d7fb6430519c4e9db72d839813a91c78c6efe4dd9931a309c447eb2fe43c	19f17972d5d69d4e2d07558f2d819f3cf1ace8cc97f6a2221bcd3948fdde3c8c	235ae7df10a93d5a65b30685462d681c767f12f53f760033b643e2bb1648ddd8	5e5b74bcecb4cec7a48695d5b538e7d9f14a38f2810ae6a3f66db1a3eb27fa8e
1313	4d890b6c33dc8dd1cbfe19663de0822449b9128d22d36331030f55d5a94d3faa	bd7e9803b7417b2c23582d2eae935deb8ab1dac98f291360a6ba949023d06c9b	da4f52f95a19601fdfb770aaf1183a978e68c670064f6519490400ddfe1a3b84	036cc11badf4467879955aefa4a904f397f8b7b445e0790edbba530ebf30fb4b	9bee293d25cda07879c70df0b7fec6eae52e157525191f8c6e25f58826072a59	a8440b8ca90e2daaeb308ae8bf6a1f92160a2e685f0921945332dbdb6d622c99
1314	cc70d9194d1b5a4c348aa30cb2ab7c413b0c59860f2378993735f7094eb4398f	2fc640e79a14f46cce1d9702309a47a7c785302beda57f1251f6b5799188fbf1	3a2a2ca9677a6b1fbe0458cb26cb62bf521ce7d615c4b56d13e122ed2ab9823c	94e4cc4a6b609828adece58c03f14d62619f83642c2e8d41635186a3ba521ebf	532fa87f68d762d7cd38ec41ab2a9c44a25ed1402520342c33cf1587e4d1234a	4f705d479552e10aca7bbe155ad47b97c18dde456674f0ebd4089c56d4f27b36
1315	a3071c48748ca850f19ecac5ef60e5c0d464e8df6ae4bf3f0649462af76f8f5a	f977aa9908fbe597ef35c6982b353916888bf9caf00452da56171563b0ba9dd8	d3819de34cc70a18e2f2a540c6c4181f135b38356ec38c85a4bf853a01df4985	aea5665367ed2b64201a0825a988b8bab5089ffcf2ed8d3ca8e4db249e1ff8fe	b142e579e250424c73671e5d2910e35b878a02e8ba1686277aa44ee94e319079	dd74f4af8a07ba9e1771a3280458278fbd37fd0060593bd97a2526486c66f2b3
1316	382cded8546ebc9c7c464bd97b63f8e102a77eb6aeac9d95cfc38b997ef92fda	2ccde2b5e927f5147bbeecd74da7edac4347c0547b350598d01348c78340d19a	3a28b3145529760c3c4e3556023d431b8121ae23c3ca0222c81626f55d1b64ee	8a31e178fc461f970ed13c8672053444c9ee09961a8218d96e1fba7928a16226	2719d40ce4afc41653e34edcd487d8c40418c0fe42df282ed8636c177bfe3de8	5bf9e00af9432b1dbe420355cbf97c1c57d9569b9f0881a0a8b9c3057ae1e462
1317	497b5b7d1b79a89e88c783a8707209d124af37df00b4adac102b5260ebff3dc1	1dd270675363ce28765535d93a339d171235375c30b226f9b896d6625f021352	c5e9257e6bd8cb83477d771137c860bbd97b2ac129e1c6d862352bd385666433	412fac244b0f493d3e3058d312af20efbdb4f53598de35d21ed92e3e08b8525c	20518c689840aa8643d83ec5b3d5b327db15cd163c3899b3dc2fc57de2a2b990	4e1fa954496c93d7020546db62d9c18a4a0c816876c013d9e3ad9ddd8b712333
1318	4b3137a55897636970128cb2df2b6134dd6254427836ba8ee97e8668fd2659ca	f8d17f233c16fd273c473ac5ea5c3025c4c390c19ba2dfd737f289acfa1748de	daa5360319f13688e3cf2dd5bc5116fa69870842444441712cf642b7e49de787	55bf82fa1374ac731ee9bee57a6aa7bbc413ed9f8f093a9ba9ce1eb69307a8c4	d0ee5b13a07e11dbd8255111f9a4d4fa572636c277cae7f5c9c3ec4f0fd847f1	420e3aea2b2b7926cda2c258796f06dd19e0e9fa9221fc06d2e13e5fa9fef749
1319	574fd7a8a84b094b37c3ddeb4d3f933e34f152b066a3988a5af6fef9c4b9f761	05edd0cf7e5d841bf8444defff71b633ac8d5553c9856d8033b41e32b7eab7c1	8583549316382e076c56a9a95f815c1ca15daa932ff8bfdd118b3588efbca8cc	6a69a5b8cb7f6e505555f97c433a9e79a5937f57d65ce79ddd6cc37d5b953d96	b6c95752c149b26ca84d58e3fb1f2416b54447af82d4f0b88db273beb64965eb	6145159c72a3a503f380ac19656aa7b9651f4a1ac34d70d67a1f811a6961de87
1320	45a0381cf45c020d94ffcaefc8f0f734640c054c7c98f7758118d33b75765439	c4151a76833770cc54f147918ffc0796bfa2697d17142758c8fb07115dd4480f	3e72301cf62fcabd4b40b8bdc472ca722d27b2fb65059c7f059053b87c1c17c5	7c7c10d9d8ccb15cfe5c120c935159edf9073eab00bafb9f7a6f95c52c9e3551	2c4d8adf9b72c7f388148b511cccc192ccba0699a13348cd9c0d426965091944	f435863a362a5d9d12df8fca8acc809fadafa4a1537a91ebbcaf28d9541ac08c
1321	a5b70ad6ce0ff2a5af49bd4fe94e2a990bc6a58fdb4adeaaa9d593af9bb4ab1b	d155cbceb272338aed656d03c5005878449b1a474b4391246fb772d52b454bd9	8882783ce3808a771ec0400f4ea49eb10cbc1043589cc87f4046ef94ce26c717	ac7ccb6558932e3fbb04f3170ff137e9cbeb94e77cb1646306e6f7db8353a40d	32458b20a1b257c1fda7cc41fce04bfdb5b1959605ee4343768a735ff6679f2d	404ff8e229b3f512957d065dfe8e0064e7a622c6121196751978dd0c91b1286d
1322	c65fe7744595e1f5f41c97e8eb5e6c860387c2980a376c636c46b2a46a65cba4	4c5ddd6d6d077b2b0b327741a519d1df062193ada35bba833ed665ac4751a95f	29ad561619521652b8d1afc2a8bc67c44dec1c458fefc0f4f0bd6b8abc9a6286	44863d8e060f2ffae4fe0003ebd0fad77e3ba6c79ec7b633b8c0f4a3b0d68536	1cfcdb479bd8bb05b8ad6605bd864da4d77e499d581823af4ab02bae6da3fd9f	53c3db9d55af55162669b5d51a32ef31201564b40f96ce6726854069a53a3af1
1323	ada8774c7df9c4a7b20b4ae05869b8729d39d6bdbfbd2dc7295a42a1f3c54109	8136aad5a00a5295b396b4fc2b8bb05a3d45d6547d026bc454e7fda9feab09f1	f5faf1c745b12ab8629303fb56ed6475bc9d24c81787d7e57f416421cec4e9fb	1230b0398901c8c52afa3992101f320895d26c4e8dbf40f4b47fcb293e36a226	19321dc767bf18b87a49bf9b51f182e4e3386fb345a506795104d7c717056acb	7e84e16947fd3e37a4c634baf8be9c4fa3c31937d5d21a4a99353415fe8c6b91
1324	15787aca4c450e56fb7212c2da39887446f366dbc3e6f943a1ccd4193ee2d259	9fee38e0e0fc4bd39ed567400181fdc5c2f1b183695412960624203814138fed	99ba1297cd27cb5272f623b57d16507dcc073920db3da85c8a88013950fed7dc	1a798067a9603ef1c82046e0f01bc015758e50f534c5f9081e7a506112da00b2	8c22ca36fc1e3397fc560830aba8529f2e14b1eb429029f22fa19b1eec4a9179	b503423ac3fcd3d5a0f5ff6cdddc939af6e865f81d75e9446d2b8d0b9cba68b8
1325	c2d3643a9c367ca48370e3abba6f454588e4c13db7cb08c0717693b46eed379e	e59de365e9bcd353a291eda1181d8eb217f0782ba0a63886851d7d3fd6c94741	8417e023ef15d77caec999397d8b5c1bebfda4b658177aea699e0c1c8795b649	b307a367f8232941d6f524ea2eda7d6b17af4137c93dea7ba44dbaf17c1ea735	5266aa9327ff8e798685018d4169df4dd0367370a2bf3709b598fe0335b98282	a61f6c9bf566fa381295e6dd726109fc63cc286ad3dd0c5589b79bfea61788c9
1326	bf19814a228e030371ed816accd18848f9a7e8845d33e69a713fd81ea0f887d9	a7681fb0b57535cdf1212d7572ae83519bc7370b7194bfd0abdb5ff95c67866c	c07c7722dbcd0a8cb62f9153a9981c4473f3fc31c179cd96c02be15f4a2c6375	80a0f70ec9864f2fd76080a9785134728c684beae4a6953e35e6d77ee9f9a3af	e455c58ef1c6a8352e6a5bdfcf8871360f265b00a1788462000827cb84193a78	d0f0d1ca14169e229e83c21b1386e18a4da5cd1a756e9d105b0442d16fe71991
1327	d8fc4af861a3a9578adc7437328ad5df33330f1c0381a9544a723066b2c842ff	a196eaf2dd5e4d942bc442171a9716ee7ddd2891eece06fd702bc82a22e63f69	8cd42bfec62cd76ec4330d286025851bb7adac039b0a39d922782cb31b1a3ebe	2b43b4ba4ac8be979244632c252b12618e295a6257039bb838327c488c103ca7	ea141a5881d533e717afc7c7d33d26b196c4c2f49b5665d7204754e18c7523f8	b399ba1787fa2cebbd9c328414c973047a8649b6dbd78f3d8109d225593ccbc7
1328	c2dfc16d533aeb711b73e7927d245b4ba797bf536b4fe84539e63f48bae61eab	fdfc8e7b4e6b2177e0e84654f6f6844e1947f27df4627f2500fe026eb28720e9	b83ef84a75aba211a39376b59caf8707510941638b9f5b504f31836171517931	3170748f56b5768b5127a98446140d45bd7d4c879432316eb681aec26662d5c6	b26701db86008fcd88461bfd6baa88063e0e8fcee6179cf0c58cf5e465a98906	4d8b6e24bb7a26d94461877400933cf481c39597d709f96275d481877eaf3cd3
1329	40794c2e1936ad336c5d8a1e3d9f316ad3f4c0860c1ece1287d37e63e0218aea	087370772ed9d24dbd68040f9cb50d097ffcefbe006d7aaa79d0d2c795018045	867de8cc92043e0f5b21ca8208ae29dc3947008657a0d30f5f5aa7e341d2b986	f8eab412ed8323f592128efb2d3438d853423964eb84a62ac1fa6ce1cecb6149	bede0ebd111614a3ab814cb7f007ca251820b5e9525224ecce428a0137657a7a	2bd972f09eb72250809681d19f04ccd2117e2c62c0cf523bc836bc215252fd44
1330	549f0e7c3d5412a5cac9f43814d05bec7054b34e94377456bf38b1e5a596fa17	dac764f7a283463a80b97c707c474a347c12b96c2d5a8f6f5c3e87a96cd898d4	21ad3e31678f2a7d624c4c2152bb09a14537f37872bfb13e9b9d4dd6dcd97be7	f4f6ddff19d3d753a0a928c614bb8cef5ba7e50c13ea58928e942e59f09f5dce	b45456136e30d7dc084c3da58e92cf9793ce0546a95db10792a2d23024abe7f7	bdcfaa287d0ef3d5f76f6445234210e3d28bf8bd92fdf8f16f25d150e5d25310
1331	d06e222d9459df5ec9a3827866ce46f9a30e33c8049ed0a36f4abfe2ec06dc6b	3348de8fc8987ea57fc8cfee8ff10338f56cc535de92871c29f1468e8e42e9f9	5ad24ff7a092431c4039cc12580ca4134c78fa0fab732aa9c0210cecdf395ae4	a20dd1e216526ad262a5f9021c3d5e81d57539746b9224fcde7778aac6604c40	69921c40905fe4c2aa5ad276b5ce5955f5d6521ae0c185f47e735e5ef76c1afa	b6e19867cab7652ccd416dfffec350bb175e96ec1a2fff771ca7b04818d35dfd
1332	b6f3c3ce264f361e101a506cd08719d24d0340ab4397a9f0f7c9838fba411be5	ae94b7c11496ffd1b6473aa3792f301ca309fccb54fe00ce0f8faa587fbd06ff	9be1b114466d6c665149d9d6f7137923cc6ee172a7bc87fb6e1f7678c00c13e5	72d4cbef096141fab665d224218f960d041023c3e738d90e62a70deb643b4d43	0d5c155aa684996904f4c5dfb91b875c325c483c4a8cea137478d11d773d3d25	0e6c145d31415b3f19870392823f1c670e9ab2ecbdf8cff892baae269913eba1
1333	3b564751e9f1131d4add54a1fb66badb76c1c98c45c840ea9eb836c435011204	724a94bc89f910332f1726a2c00c77f596978e7ea6737ef5e02d3cc2a1a9d441	5b6dafa32ba3a6d40dabe4e2efeb4a7124d72bb76f06e03dae009cae91269d7b	3869a2ed520d964b5d753adaef5892068174c47ce339f001e57fe38c53db9a8d	4a32a4a1bc057707ce1d548ece2e03a2394af8b32cf81769c047a17f66bc8a74	bf703f2ad8c2c460d8cd66cc3f940f3042a25e95b8f9c25d3b3aad58b5278659
1334	04a28f76c368a018c52a83903b927711d0e58f653cf01d9bc4b8b9fd46ad2e04	feada1045bec6faa6b93af2dc6faf44f33e10edc83236b432bc04d2930b02780	2d1d1977256aeadf46dbafddd6ae57a073f688520ef3e57f015dfe8127ff052d	0159d4cd8a70bafb04499022be8b1d497a5d03ec8dcdee53a2380d83d0e6adda	654ecbd4bc3546ae5c4db8e205a6904a1577f1029b80c2acec032c59ca45a23b	7af0b100f926556c4c2a76ec4686a62f6de0c1128d1b1c0a816dc0916d459f25
1335	800fc9dd0c67c6a04ec511ddcd104498ce08386d51391db070fee1f0d126f4e9	1a187f7064b3a60ead1c9cf734b526bb93ad36391e885ecbbb959db0c8ede73a	fd1eb11de296cfef6aff1d5260a840c20b9ff1707985586f14775b5798934568	e35eedac85c974ab6d47747f78e46d26354bd9c1ee9914c8964626fc46ce7845	aad8a87625671447490fb0cf40ae5dbc33f6f130df212cfb9d586c4797a0338c	ea4fe6ef70e4d7d30d1fee42d9d498d346f082d29f784834f94a00dc5f0f03a2
1336	23bf8b6dec0891197ff361c13380272110eef796b65f774d2410d9e83383c05b	6ed2a4d98eb1781320b746ad435d5c7fa2b4f2e40bcd204b03c821069aea89f0	f14f2de938dd50aa766cc531e6cd10ded14078d9323d2e1a85cb5040b746e04f	b6cc75e0e6cd68a30577f4473b6b099d8e6843e5d0c5a36901b24681b342b176	0a9f9210e31cd9f8420d8215795771d29ad69c42a4bd30a46f2096a04d653469	a609ca28c09d4b944cf95987edbf303cad6de9c8fb5b986f889dbde4f95f3386
1337	23e6227ea0b6dd73967eed0a41e5cd5d4ffc94224485028ca1fe9aba2a57d95c	cb98f3ed7af41a208c32240d727d8b39c6e16f12f7cd8b8647746a74c93dc8fc	b6a0bd1f50a320dd5dcf15eb3f120d4a355ac4c836cb5fb96d700c93119d7f0b	fdb24e99db544130be3e7b8be12067e92037d89ccedb74820678f3102ac7a2de	a274d85913cd2f644306a0dd95fe4b619d369c7d17d8defc24f3af0f16eca446	17658c1eaa4d28774be10def835b76d3cf34e479a65a9b665cc0abb7223b7d7f
1338	38b23045f9333b3c18c7acd1100b41cee3acebe171f7a41d82462862686dece4	cb69c532b83d25840c437aecb172a9716c8fd710ff1b3e8d8a361c2176a04a96	ed4fb9285a1ca9d752ae503fa04c230432dd3dc9742ee0d76cf44c10465d99ec	f1048d0b526eaa3022e1dcb675133f24a475494c35242cfc17e5c8fd35aecd90	e1452151f0523cd819bdb39a8e4aca191e5503289d878e3840079317ef478a4c	e57bd0abb4d985cec6346cdb8fba050e2fdb37ec9dbbd550de709c75a97c6c74
1339	304cb19332453e1aa288c5bd253bfa61bed809151857947453911209a29b1157	04eb9251872cf0f4d343d0e6d65c7dcc935b9c6bad036b39f09041cbfff8262d	7aa224d3bb64598bba757ff3ac1d01a84aa216a1825448ac8aa63781ceba84d5	9ebfe8936043d180d4d22311197083bfe06150e1f584fd45923009ef4d1bc2fc	4c8fa9ad40b048c0c96c516c6ba292a3585f9fdb88c9b33fd2362cda0d7fa067	6e385dce9408c69caa2b08b13f2aa584ac599bdfa14905723df125bea563b165
1340	d1952bb73108ca01f40efceca9fc95cbfec65e7610546403a2d63f03d7f2d0e6	c86bcc7c79003605d5b6ee128388cca6c556d44b0a66025cb56297ba133981a9	099602cfe68fdcd5d9955fa274335ffc24f4d905cf88e0fecf8ed430967f08db	6639d224dcffbd0e3441c55cbcfb0c987482766153d041319b97e8ce6128af62	e63ddae9f90792299b772adefd7fa360ac72f40b3d4f35da2526ddd64f95c2a9	ae3e32e67bb84365a1bdfb0383b798f6748c93768d6f59c511cf460ee01a50ae
1341	83a0ca58ca1e99f5cec8f79c728128205976fd66dab47694f32057fde4b778d1	ede91bb0fcaee9ed96fe776492ba331c297687e760314cb5c1b4f9a81bf0d43a	07375233a416a8b9adad4c50aa4609c478374d0b1829126a8de5f620de3c0b2e	d0918376cc77ca7af9d6f602c199f0de5114c2e6903a920827e35b11c2a83044	1d8b53b490ae8ca1714cc922807ced31f1f237481f7bc370a767b42c7b68d013	558ea42b0ed0855517f54d6c544d501e0e8e3f52f9daf0b94f943aadea8a63b2
1342	c2f652d2bae974a1980a1d2dfb7032befb1b0ea1c08a8f3701a85f2f71dbda37	793b05bd101aa9396eb4117da9486fabba343ff5bb9830128c8b4f017f1a2b80	0485628f61c1dee76d6ac9fcc6e6c550eec80bdef2bd051c4a1d30f7f5047689	89182b7133691d85857230a781aaa65f51ff793390798f3b3ea274caab4f398e	e1598e082efd0881aef1e95cb528eb32f927de69deb81782797e166653e7c0fa	f18095e5b47ecfd72d68713342bda72e61bda46ce15b00683a61fe64dcb168cc
1343	e979c18aab5de364272995b4bb25d0610306696e3e05f315e57ce4ad04b5b983	d2f5a8a30a3dda6d4515ac3dd8d9d80921d51e0c61ea5be7034d2d31e63c4cbc	e71782119d8053b1dbb8fd01dc2ca17217d4d30fa8b592c3c19047f09e80e978	b02347795a7be1026365815e077f8560966e30e9e13a5183e87cd7ac9336593d	bef8e75351d250f7a380429f7724ebe7512ef5113b2f5f0e59e582076b2bc950	70f00497bc9a5d1bfc80f149f0f1e590e8150decceae1254c3570830a6893f65
1344	62ff3d946275f2a5ff07d1fbdaae0f1fdf344f294dd6e27702af9c5cf438ac97	2f657be38038a1a73da94744c0769a462eedaad08678f5c957557eab76582230	0595f13492ed7c9a1f791113d2b13a35be4824354d1ef2c6c783684b4e3d168e	bf760bd99781348e3ff9752878d47264e4c925f4bc7e006fbd3f6674f1fb274c	589ca2a53468426e11d54be43dc73979a7e924826a8b19ac1af5ccaeebf9633d	4e45d6f7634b22e465f1328861e91a5fede13f663480c64277541be2c67feaf9
1345	7314a9919998cd4bdaea111375752f307a4197536642eaeab9e9049e616a30e5	9888abf248cbe45deba1c290d16d5d72e469bf38b91dc8ff46a3e38bf9b448a4	243bf611abbb55dbf9528bb3424ad992cdb1c93fd90be1823c44b68e39287e3e	b827c671118b1776b8c9ada132f9a370b2a376c7aef7f88ed24c476181488f0b	c2687afb15f4bc03e8b74bfb6e66fb5228c3d1e05fe34c65e3221cb60ae52de3	219cacb4895c7f2a6be75942504580d9485fb3227a5974af2779b3aba8faaca2
1346	173805da19d333197b6bfd024245dbe51930f4b5873864bcd4b2f21179a0eaec	f8cc944ec7bb12278d71c93a2f52fe78516ca46567e580913a4133b5796f4487	2e320ac9a55e840aa5b8d1e8fc8d62d39da0558fe98eedf5acd714aa89390454	725ed062cf12a1d3b6dc4ee6c45b2a7384f351b3ae33225d060b83a362cc7f0f	fae6c977281e42e73e6f909cb4b72c732e14441dc9fe72dab33ec763c39458c2	6acb87a1c157613eb2df402d950db9f42e4553ff57d3ffffcf1e9105ffe99b9f
1347	586d0ea26060d943e875f2f81259d9cec404f478c4c53450a73508ae9f79f298	e4342f40f00f04f98c5026efd85a7ea60699aa96396442a70559feceaf48df74	bdefb98133f787f5bda8de792b4eb48d50a301a7641fe0fcf9bdc32f1a8af015	2e6091b955fe92ead456743b1cc596d749df72a18401a7c146c2f84038e9f258	15768473698c29cd8a1c177e324a4d8611bdd04c2bb755be034b298382509679	22851093111b6985b7c3d49fbfce3d51819309553d2738f4b654fa52bd8bac5f
1348	a79c835b1a06d1cf9542791ed2b3ca551ed9a960460d19a60ed5211f055331d1	58867f936c90abb61ac7caed5e5651583dcba8bd4a180e53c467c35338f126e5	915693eb22d9624c40b524db4ac084b528768eea426fc9e97217a1d024b5cf4f	3a7099a7b49e7001b1ddd58edccd01846fb2c373de002a1ec098ea826a1501ed	e659ff86c1194fa54d0948bd1b3e16b2b547e6d79ded70462d30fa1a0fce1471	955d09ea66a61b90ad49e7257691fd6b765a0fbffb3979c25a532793f08a14d1
1349	c17e848a3105af2c35986442122a245b50bb63a9d9edabf58d680df72597753a	980c4e0ca457a805300e5eef299353c7e7feb8731f35012cb2c90689e37e3a81	4a0d331cb9924e11cea547da938e7963840b20d0442188c235a7e89ef5a37fca	ad0fa8d2e6da2d5e252aad0c06adc41f4d6c8d713c15a1077b3b857b85e52836	61ca04b33192f1548c4ab1e4cfba90ed5d3a100b82bc8794a9c5bfbc054523a8	09f330428f22b714e87fba113988ce37fb1be8b77c2dfd67d11465d1092f1d3b
1350	447f9e684a962a1120696bf1448c41a301d226ce5fbbe9283efa4b4de356401d	dced7b6a70a8ad1354f06787905166163c6304f9f1d781f4a8a127f6d294924f	87628080039b05859cc24bc6b5b146b129fff0c85c339ce46569e7bb76efe17f	40b229ab0b8fa84daa487040c69c7186d3ae1538c261388306cb1f224680ca9e	da98db6e441bb355f58072928d1c4c6e4efaf46659603ff994e3c6dc8d614c70	b4eb07ee5d2a7c9bc2d5cee95ace6de34c0d1d2e5ea97df4a8561c19d6a802aa
1351	d6aa3ea087e1d9b775c894cad523810e66ef4b9c21b259564247c5d9bac1b9d3	b243da4415e096631c6adfdb2ffdaea5f8ca6cf28f3e4c0eca892bd07bb2ffa6	8ec6f4a6c234298816b16fc016e3b21b1f1039ff7e5e98aa2f3575403147c8bf	86e47fae5acf7e8894955b07042c9bbe855c33caef8b2d24f1d7c5125877c536	f7f3b1fcac8fcec68686cd39bc012e2618396ed7cda8b9897ff9d18f5cd592a6	df6dae5790236cd85aaa38e4ef9c23485a7e3428464ea8333912b73c08f79644
1352	343ee6eccb2a044d5654e52f64320d6f78f065b453c756307ce52af80f4ada2f	b8f6f624c11b682209dcf59e23314d20dcf7682b5a223ffb7f9a22eccd7844a7	9f0df375c32408553a38a97987c692965cf1aa59c5a27b3e6c09ee1393d48585	9b5743bf766518b1a2fde648886a4bd7cb2453727df2a1c9ca7f3a778e637346	d162c9a7abfc7b94879f72da5a59ee75a1bfeca992620b295f2a49cb5a504437	487bc7cea04adf158e04a7e9d85d11dabb945d2ebcdfbeacf19e18b06809033d
1353	de3767eff53a50984955c1e68101e84cd87aa2a71026f4d676310220d69e079d	9d024f063b1a42c72d4eccb949c560aa844f3debd4114880a57a32135c8048ba	a8b6b6e02c1a68cb1de91899f175a3d4831d5fb9b7d1ffbf957926785fc32084	d9712598274a0cf4c35ae15f168745361db19b57a02a1f45bd17906ac855a5e5	101d89b17d7a92d84865389581479b69827e1957b50bd38cefe8954b0368cba9	e9769e9b4e4e0ea47e29dafb09519db1ebced6015e95cc94dcbfa7da7f40e570
1354	a9db889810ee4887b71f6174d4b95b8374d9171dc4a21944cbabd6d84868740c	2140baba2e06b7ffb9d36f325178ef72251f6c2ff6e714722567e10c7e6c57d3	738b6664fe715c19648640e0431b7e11fb3a63b47bfefb8cdadeeed0f2cff5bd	88aafc21b24e62e72ccacb5316e3b77fadff992fac0d3c2c5225bfd66bafb803	776f32e27a5c11c9819300a677546cdfc3c874bf7887a28012cfc11d6cece78c	5bf80def34c15fa456b6f5474e637b2cce0c5f31e2cb269ed08ef7cc8049c871
1355	eaca9d9f1752fb75cf8c0704a9e90af54724ab055949580f19cc478d317e748b	22a53d5d538d56cd5c6dcf2e6d662a86c9520fad6e24ace7e0845b3ecd3fe64c	b800391dcde4cb3e9d653346f8e3b139d1f4c31cde130407c1575458951c8dac	c2b9ef8c4adbe3e0edd2d4adcd0483766c9b8ef011a81fdac7720279b4cc7358	92e90c8d9ad89ef19ce2053df9e8c6a4564a1b85ce07677afa68dac35d439d4d	77508ce09af47be39da3d6e353cab1aefe585aaf1bfbb28e8ac339252b047211
1356	6f034cf82412b592ff2f99ea502c8bc3e1dd1c08faea913447eca5bd732e3dda	3b86e73824827c8d9fa462a0a9affe19fd72f58049c9320c4fcac051cb727024	c256bfbdb1fd3b28e910446fd3e3b61a16e6e3f0969f606a79db7a1236e48a00	f503cb3bee18c132d650407befba635075044c6183ab422137ba534d6d8a5752	aa2266c1c266431e9f34f47daaacf7a25b9aefc1a88d25f0dafd9ae30939ea22	70e7160da5bf5b83041a1998c5b413195f3db0fce30da322f1a6759644475c36
1357	f26636b1f9ae16f0fd7f53d6f065f92b25e1c051403f7a1651d642404b72b8d4	805ba2c6479300000561c45a6d2ae5ece863cc2ace60645441fdc8e0e47685ba	18300c6c7dea3a8bf32c2ee2284d28f76feee8f9ad5d0f0c80c0a7107f1dfc32	ca62a8125028fec2dfcfd31cc8d967de5aa1a085405c6baba735e4ee13ec717b	376455c6aebc263984beac9187bd1765463d5884439fc4ab1ed231ae721222b8	894a8f53b053a71388a7d97ecc0a57383da0bf7d9ae802cf91e4326e7363ee61
1358	77d0ab4dd500a9f1b84be8d669c8ed5cf588338aa475c685b4976416a45d7531	a057a0a7f16020a51dfa0f187684aac97bbbb875828ac18df2e4f22f0ab6239e	8749b83ff1933c740a20f84aafca3894ff9ec9443f3778316d708adbca4c426c	6c028e119eed5bab2e4fd56330367d6e151f58e248776939b0de93ebb12a239f	d05f98bf250098b9753293dd4b66f6b25cdc18d0464be2dbb9fad41079241d89	8f6f4cdcf37741637ce5d40de16ee7fb617f38a43cf86f35fb32f53b1a105066
1359	29ee5d485eebe586c52880d2bcb956f7d6c391ae237f76415a4181d969e7fd32	c84d483ed97d4f00a9f7daba470e1f74f2e36202817a4319dff900712e27d737	54b829872542777f1ecbea59d4fb92999f1b7c97ef3781e7a9d33fed3991724e	fa393445abdb76c27d78dda4477693b6f53c48b182d7bec0703b9c634c77dc54	02a33447c62aad1fbee45569bd5c165ab01d3a05809c4f1cd88ea46e915017bc	c79557a721e6233960434a76508afb3bd8993fe50a08db1c7fd0b59380e52d3e
1360	df4a5a5660315948354c11afcf363ce8195b50ec82122047253b02276cf8c8a2	8f207ded1567d7eca7ac7fc051f88c8f020a26aa0b076fc208740e74108433de	bea677097d309617d3010d5ae53112397f1dafb59eb77fc19cd7befe6a4293a7	ae7246c0baa3cc0af1fb96ff32bb6c3b53b7f1bb2d76ba4e541f9215f95dfccf	27ba34fbd47282748a7a6e3ddc1ee9df8ef2891ff625afceac09cf1a43274389	8a3f6dafb538f46abc0f9c88a5a4525b3917a0389a6f9897abd26b4030f504e0
1361	d8029b12f64fca3307aa472ff57d7971fb5636b61d7af51a1f89dd53c1a1a54c	8708badc8132e41d8be508c327a99184c1b2d9c9f5a993dc7dab8fe7882633e5	3759382f22375c392fd8c9eaf5545b346d41fd1b56c67bff9d0d921de54f7033	0a01b0fddb974ec077c4dccf264038a8552c28e1ad42add0d8a0e160d2bf6f68	03981cd060f1b4986070bb03f1849354ebad3ffdc1be3569cce6ef0a66996399	d04b64b25937124ae0f10fac4fc5d91345dfba65d3e2774edd096a771ce4937a
1362	18aa1ae3b4bb642c051d664258050aabf9bfd266717b0c71222edb02f3d1034c	ae6ac85094ddc7f4da448171709de161fe22a59b02e8b20fe2be0bd9a8424f48	9875fffc547ea90bcee2e1ce000d5d44cecd20b23777f81c812578ce84f5b5db	4c9e6325253b18ed8df706bbdf205ad33915806202f6223f4004a7549fcc8ccf	797755be072f0728071f6dfb0232513faeda50c869c142d8d7d918f8ddeabb6d	147c342ffd960c147154cbcdfb565fd60d881bbbe3e4cd732c98b004610ea6d6
1363	6986ecd7e6daff0f68e275ce8cc47f481e64d0a882c3333a7ca3bd719e046566	1ef1226f29c9e7f2530302ec2397dc4eb8e91f56897d7283b0681ce8ba6e645e	c31c95343f9df794d2d2a37a351fa9ebf53420e922c29bd5ccf971a66d7ea3af	ad57db00d7fdca6d09ff64c5866a64f7e8803959f2911c0ec9b83035111f89a7	3e7ce48b1cf7901ac90a5cf3365dbdb052666752132b645d2e784422e6d70360	df92e6202e2fde032619d96c1cb93d62b8009de495902be893e1e628e3c98c44
1364	585cf66c98c61f6f9f203c7a1967f27acd0b7cbd42bb14b224c14de90f3cb5ce	e0285cd5068b537cec6dda1ba85b93d3a8cbb412fe1c0cd3eeccd58479dbf00b	2fd28a4ffadc4c14612315946594a420d1ca8f889d4d3fab6be1ec39533e9689	e765e2705ba2c04721c0a177b56ec4aeedde55f0ae2402272ebccdd58abafc53	2050daa71325d3b6da03dd44d1df05d2fc18202dfb7a1824b36f08ae284f3dbe	fdcd30685b21818057691484cd22708cab9fcc58c0231d2d9042e13baa028653
1365	2f6324d4c40844aab08bce9fcc0fb54abbf603f244e7575e5fa2b0587e557340	c9cf99eb6e572f6bf54a702b01a6d141a5c96ee4c4540b959a5d03e1c0746389	a1c11217587fd09dc0506df8f24f845f7b6cf3e9991235e30295483ae15dfa96	ce0475349f78a635b777c9f6f9d697ed2b0dfe24ed3ec93515e4fa5f6c173a3b	c52ceabc7840cf5898249cfe5c2aa9208b3760f194e90c656bab3853edda5d80	891b8ccd4ce11697543a16db4edef241cfba7b5d2651e24eddffeba43c1d2ebb
1366	3aea8b87fd538bcf5fa4be4ca0b62fd6ed0f6791522321efb8f30f937b5c7e41	8fe84e99206ba50b0e38ffe83289de99978a4f2d5ce97656cb636d96dd14e31d	b97a2a0b5c1b76e21e4de661c200043c65dab368879ea73c51a17d360bd74498	e75158550ff44212512a96669c007c09874cd183594584937107dd080064e01b	7484321950afed95bc447750d9b9da29efdc0786023567771cb3d689c3da007e	b288127a05f180dc2efec675131a69435bcd59c21ef6d809a6fa430397b45949
1367	dc36777de156faa864a8e44e36ce8a583895d57884e98a3298e751acb9b197b6	bf67544b5283f7c66e92490250c6a2d0c1f9257bc964302931c9992e2101a25b	18f33eeb35e67b84b56c565fbebe7cb3f5df19cafcf830f94ba582eb64ee0e6c	8c66d5cb0ca3a5024b63795c6aa2fd57d81bf81ca8bd19d561cb4ddaecb3972c	42ff8b339dbfbff26311d457f4083c16d9399489557f75f7f5a41e4dbbc23b55	de570b6431e8e5e3df30e7699018b619bc634a3dd0d8f7e882214d7d82ba13b4
1368	1686a7cbd53bfc4e2b4eb12cb3c69b7d1d55e0e3d815a8dc90b49f3d17537210	7d71bfbb5bde22e437c9a7d7a3d5e42c7ac957d61f6b2c0ea12c4f44d74041cf	cc10fb7e78e0bc07b59cf8a45f48407ccdf65bb2f3108fec82272d269bccb921	6445faf37a5c89cce13f5afa67070503c80bcc0a0d777fbc6668aab4073a515e	c55b382e09e5f3f1be5c29bf66b3035aee7eacba39d54b0687201b6aba4b9609	7235452a787cb119a4e30049b8bb7ed030d3a1aa19e38444478100c64af1fd8b
1369	5d0630eef8ce25acdc07f5f42b5352499dc0a9e46d09e0fc847c1a5363e0c7be	46ee04048065c2667e2ec70d7ece8a0fb87bc7270b128f74208ba5e524d72cdb	58c5f232ffb09ea1eaede6f44720e78ef990c33cfcee06be779a03bd9f3610e4	130fa033eaeac9fad11c5ac45bd8aeda25bd40be4e9a1accb9d0faf983c63334	81a346bdc85bfd47dff2dc051ecafcddae66f466188be1eaabca92538f79d705	454d25021f11137513435b9c6517575a70f657c5691193f4105f05fbf6144cf4
1370	91196432a2ddc25dcaa01c17f83940919077076ecf9be4ac552dfcd114893d6e	680eca700e3ef77417c92c09a6b7d20718ea6489269a2e3c4a89108c5489178c	c69960afab6753ebb85e149d5b3baf6612c12c032f7a1807d0a3e2b668e46cfe	b83b31b21b7cbc95128a546c5e9030687a722b89778674fba1deb58ef57f9013	8a92ac181445382eec208f2d2e44da40cb8150acd49d9755ced3475544670268	832874822cbeff39b8dcc6ce4361bd9ea9ebe43368994bf60d8626c756c7e164
1371	c452b4bf81b115126c7c2a5c1c746970632e985a5e1817d7e9e8c20d65ceefec	14d0d8856b877d33d6af1f3908fdb789c90ca6f615c8ae39eaa5206e609bec8b	335a74972aee48b2a51c8fa0046e6da406fc6fd5f5e2211b34eb970822ede137	2852d906e4d816b71d195edc9d6f085bbd387bcc7b428a6c844f1938cd6d0788	3e6f157e565827b5a692322e59f1b82ff3a59605c16b7624fdb051644643caf4	c1e7f839d334ee5d2f11a27f0ab70e061fb9b6b64ec45fe07fc406ec8c9855dc
1372	bd5587eadfc1156276a0a8a00b9df0e47291e32d94b30cec3bab85cfcf36cf0f	424e02503aa7f55b66e7cf22da5d0f93d6b1afa4995e53879f10349cca730268	b421ae39f67553c6fd1e5714ca36100e3d4b7a6d504787ab320558ccd08f885a	12d390d1f01a69484212449720e5f8fa5032b46cdc5d74a63d4319c966e1b06e	3692353b4b2ed19f824d617e399bae21eae05b547dad82a275150383363d06fc	593b4601f26df0873cfdb4b8e85eccc821c10bc29afd1c30706b49517fb0dc65
1373	1ba1de6138c9d08f827f302b14da8f1a6ab33f20ecb522c112cc23d2e46d7774	42a21faf1408a9d38764be4539a6b2abad4c77810917d2a4c176c2e40d88c123	da4b8f428dcd921b11d256e204e8ab833095c4ce358194dbaabb6ece99764faa	1666f510a69666a778738cde10caedb0bc79faa8af77ca33a5b73af0db7f33db	6abf9afa1c3ddfb723802f9c31d23ca9deddd47735c10ed47c1f20e7f6f3b74d	087351effd2d65be9c37f3ec5dc3a8c8c4a690f33be420e13ad7f792907b0dee
1374	c58d89dad0f695eb9ed15f8aaeb78f0c2424e9684de586de1372e9a5b4f15701	c073e960bcd5ac4a5fb5ec43a866139b1a01b5c0abb4e65f1e01c7c63a29e56f	d6f60d4b79cb32c583cc9014013a7288364f12b420d799ead913c70767e8d7ad	a3f0b7e6cbe9bbfc02711435bcf9c96cf74df5a764285e3684cf2bbc8b437f1e	843ffb03929a27c320a43fb0740d886ba4fb935332b7cf51453ee3c28a361ec0	ef7e515b1fe80d1f83a66afd1f7fc90f85d7eec9b5aa24b250344a04455e0e7a
1375	8da1d0b3f5f454ace8f64e603de15f916e4f82bb1dd9090beb47d43f0fce4fb2	efaf0d64cbafec5c663c92cd01470c83251af2543eaf63046fa8e0185a79d31e	5560766a092a4912750be85acc7e8c6ba56458fb32c1dac55b6379524115e1c0	c318198e7b452d51c62302c748456e11d3f6790df03eb03ed4be4c9518a05e3d	99c17d9c7eab572c268040d486aa66acf779e07b077a32d4f8e28bf2319abff7	011d73dc0af75c96d73b32b6fa83293f6a8ffca0c1c321336e659ed80fab26ac
1376	681692c790a718ecdcca55773f72480d584a942d9defc2e862670b20eaef5deb	163f83c30f8bc9b1bbe9fdc48dbb61cd01c93278cec234fbc4712153373855a4	c3433a836c5e31a559d01decf98d2324c6c05938d24fae4338ddcde4e224aa75	5e30ad4a76a4072505061c0ccd94988446096a254caedfbb8b5bae39137fc107	4016f7320096f98ee7794cfc508445d3be44851ce2554f6f7d4d93028160d003	23f75262cbfcea6363b0ff43ea13181d8e19c7687e4f02402bfce7db93fa2e24
1377	b815bb633115133591cc6856b82c4ebaf0354aca6c8835d08f021e66a7705f5c	87e3f6a189ede76b9ec818c9787432bf2e82f0bc6734b5796a94c88650a4694f	c0d30a9b89d27f5edd47bead4dd7d68563c097b5c2de3706676e54fb5c126c97	0d1ab221f0c57d47112c097904c0d5118dc5acc27f6a3f86e85fee5441a4806e	31bc55204ee8ce4d967194f387fded1170676775473b8419a56e7f6b00cd002a	9627db8fdbab8b8021f57ae9529ef22a8a05edd97e2cfcd4f6dc0ebbbcff9c11
1378	eefeda6e6cf7cfeacda812f706fbf10f3dbaa96a9a0bcf080bd38d212356d37a	ac7d9c18450e0039fe880a1b067ec44dff3a844480df6ec9bbaf3bce6ca0cc08	5872cea16ab4ddf24320de7ee94a2af038f5b088a61fa155ea4b05cac9fb4fa4	d9ee86eb5e24449eb355fda38a2f20cc7e190cbc76d5e1c5ce47211b83610c02	f210bd908572b637b0703382646dd3d24b47cae22034b5758c70d457213ca52c	9aad8ec9b29cb15e9a957dda0013a771790dfdccf8468293c492e791776a094d
1379	29c70f7c7de054d90658166e9aec876c32ce395e934c9f57fdd341ae8fdb623d	f38d5f54c0b1593c6e88e9e741b707a5d4dda769d70ba0e790e9e37459774d8e	a635a4a1e72edd863c2e1c241f21bd3a94c390451a600897af219e7db69f953d	b295a06176f726140d2f2a641a5993bc8ce2405db961c7f31e6f418b6e3051ca	e74b9bc15053a4f117e2f33a1f0fa360bb3bafd03391c18b9fbf751c5a19ac93	d057935a3dd272c7796cc03cdda531dfe53966db2b9837ed4f976baa7ce2a851
1380	e6ed2c103ef40097c37c5411d531a38d3b9a695b8b2cab5365ac94a458d67e90	090ec32941c3a3ee75a97c4616d112aa0818c51a38c4ab21518dbbadc05a10fc	f6d2f43a2bdd60c6aa060d37e1051e81628589d3a1fa8636bfb940da6caa22ff	f4f31549b5a5d47cb1f200c46f1b4caeed71b318227f0ed0b1de9ff3289b0c85	0d0cbd40dcf30f17a9ede9cec01b309238e513a514a9de590f013a263ade73ef	8b54423b83feaaf62be2ab8e5f32685e3bcef04f767da09fe0d8d0b7e4436180
1381	eeca4e7f6b5549166ad4d87bdef138312f1c40015a0a22b53ad20d9dda99fe6c	7974f2e04b7fd7d65136645d0467c40686f829aa945a93083000bd10f1814813	31e5bc02896d16350fec079a663818cdc1fece33e1336ff1a288a09b99f720f5	345bfcb5f2d48126beb773649ba9bee9f85fd3d2b6b5e21d7f27a191ef63542f	b90c0d01fb8f62d890d62209c35ff45756850b3c21236c114488b76b3c7a2941	8c21cc1ea8a32c392d0ec43629dbbf0bcb104e58dcc2221d64ebfc8066ecf179
1382	f9d0003cc077dcef8b22084f6b721561bd48607a294d210b0b655b63bee353a4	d4ff017004add38fdc16b49f207b4087ad6af8ed0483026e2e0d684a045d1f12	a0aed8c483fc8b98a48c0e6a1dc78742c9b5a5ed7e63a40386ecf2cb49f5f539	386bbed255c0e6952cff2910be78354978b7c4ec3e3d183c32bb00efb10ab976	8d9d231e32b89797c1b470d4822d4169947a432258c85cac0bfd9922d93c1e5e	2b0e81e2b04f50dea94c64dd5376b5c16e827cbadee2a088c11ccd44ef06450a
1383	18e4b491bb8dbae8def7362736d109d1aa1dd08f830acf6c12a7bae5ee61da42	eb4ef2d09b483b85f51591e75bce212c818935eda2b2f3bacd1215b203d5b9e3	403b6f21224e110db490ad6ea86da9d813c9f785d5a85374861e627d73273653	ad8b0b4b9bfab670a9998499095e066a2ab9668360d3a1b69cb5b1ef87007a6b	68046953fdcc0dbd54dd33412d6b0f04dba53ce206e568e88e147e05d01f03ba	34260a8b4359ea56c342fd192ed0ef8c0d6656330b58a407f966fffdefc446d6
1384	ee5b608df9dee736da69dc41152f1e9176e73540e853ed427f88fd1ed2a37b28	ca4ec68ed858045f8e0dbe1276cf373d44ecc285e9ce51c5cf8d2198ea7744b6	5c3fc7cbcfbe9f797ffead8c4442e9791927931669831c1973fa9b467ea18962	cc8cd3d67e12038a608555047dd515bf4b590509ed004f92cf4c40984a2d5a7f	2f447fd4748ef5e953e7173884fab9621a723b8759df92b7971792cb80f79d64	8d336629699c868b9f1bc695e42056f1ccf14c52a96bc2556b58f599cbb7dd00
1385	200c2b349061f1217acc95b6eaa143789ec400eba45a9ea1a535b0b60268f341	7fe7c9b6f4cca1c46d2b428a5c54e672a98d99b701ec5a9f107b68693601b471	3d1c4348413c355709be8af464c9c6c68e6c0522b1dfc9fd009ad5818a167bbf	29649db9e78209986e40d3fe367523f458cb46d9b6afb48de7931a1de1ca4fb8	3a8a6ebc266779d4421cfe52ba9d91362a570ecd0e970ed7bfa2c0196287822b	4064a7d25d95e3cf4586daa7a6ddecd8b8e1be88b06e024d5bdbbee77a43fd9b
1386	1510e9e8f77e69ed204095696405a7a1c5fdc8a157a108c3cce49d193525d937	b3a7e56ef260a43217cc0d18561d2513e0216f9f7eb18ee04f121841f43f7643	a03d8b3b380cbacab096c591526f7d80e12bf313cc67a750510ba1067b227f78	38996f3d61758851ae4c2b7e7768b2fc4b943a6a56295195b68c078268895d3d	52b89d155050ef4b30172eba96eb4095e545c65aed54622760e3828999d69fe9	7e2f9c79552bb47721a1c2428173b4b44441a046e0aa69a19fe5bf20cd8b5f8f
1387	93496ddb74366d25cd4cbfca25f46346d9d8ebdc5b2041498b57da2fe43af18f	d264f76d425a142a2c7d519e31ab37e73e6b7f5e3c92491f3aec8e1fb17b6513	3db1499c3ca4595eef3f096fe5e3a75292a4c334008940b6dcb04c444316e8f3	cce6f1cf6f1cdb59a6f77a1e3d4ed6309e6b3592763a597fbadf0c1a99d0432b	1efba25a0ffa58da20d363d87918b7af4d6c3c068880daefb9d01ee08d8b585e	d36b9afa6834566b735616bb697b52fe1423ad18f01da0ed0afd77a2c6dfbc65
1388	8787b9e9645314192f37ef68b32c16e88dd8c873770f62ff0c5e185677dc8c49	d7dad9cc0817cf61b7f2e1de2f11e89bd6c77fe4958f7debc241822af0804206	38c3f292ad706614ec8d22322539302a309c2393096c8ccaed4ecb906884b3ad	b48215178029ca654d4116d93c3aeb7cc239614504ac687750a1ae42005f78b6	4b8e6f2b397f27dfc479c7b0df08dc4f3f455ada1d92d5cb002d29199ab5f8a0	f19070f1656d7f681f01163328a86194d38b99c10974941f9d2392a50c15ec67
1389	8e044a4b6d21d157943bcc887f59977ad93754b24d4164e4e78b8b436e302c33	3bbb1fa38163963722d6aea499140c915e54abda4313202a6b7641f886c46925	305217c2b4f66fa6223b006897ae4db6b8d1ed341eb3143304a4da48ed75451b	16fcd4d257ed30aea237d772e41ef70ab1b4ba64e3777a0a72842423e38a3c38	20e1235aedd41b233cff92eafe44000fbb9a343475d6c21dd804c4e5a2e2226a	180931a4b76fdacc572fca6937da6890ac8fb1dd74d766b9b5d2fcbc031a6162
1390	3a55ad983f75c5f3a010e75b56e04ae34d244662b3bec86005ec824893ab38ef	bcb97fbc81c8e8373eb91f0a46cf831ed694b9578b4284a3cf4c4e0d4156fc46	5f99f682b337bb0d7a221dd5b2dc887112ab556b38b1d42fd0c0b57b1e5542bc	9ecd374dff8091ec3bfda6a537992efbf29d68727bef1a880b0a0c9b32205479	05606f70ac62d142e2c8eac23998dd7323107e4ebb030f0bfe71b7fd90c18e83	cb071a55b4fb9a43a07de993eb7aa4bea24bf2dd85f1be42b7aa3c3f01e297de
1391	1a709272ef4c5e321eca71f38587eba291bace4c4f69470ce83d6fc58a203fb4	91da7a8c718e0e46f890753839c606f54ea14eb30d392c269e5e713566a4ee45	6d62d1a05fda42e48fe86f8c9cf12d3c82085c444de88b475f4d4350b3405ad1	a2e2cc100cbd5e7519b5b34cf5b9a1d96752a516395c54f6a1305d6af2897e7e	2761a59bf03f463186db3401353821df29e54f162c5d56ea87b0ed715119420d	95d04d945575a7a5aa7c2a44273aa67116783e5b4879987dfe76957a64d2b179
1392	bb6a55d1de2d2214ada9ea34b04636e281386b775d7a4ea4335b1cabfb0f2319	6a98f76dbb5b4b4071465a078aed2801a75026de6ba213c62ab9c3de20c7da4f	92f0468ef143e164620076285eaa2f2e7b6e8e5ae7dfdc646efadae283eae67a	414d9fbcad6c6055e4c2cbf72278a7b4e39f3c11b0fe91cb3255f0075e0a33ec	5fe4cf6f1ef5df06e55cfb02bcb0c206da11ced0539f8b2d2724a7eb4d607278	78cda898483a14675ed761d5ea63be1500f148ce0925dd649ae5840b2d68feaa
1393	a3575c59cb795d924ee5789116dbe2a190207549f1feb5561109f5bae3ec5220	7fef9adede647b5d770113adb1c3288d97fc1d7e773bf981975fe2d8c000876c	085b1d26b4b73d5eaa38964bc01ff7b803e950043fc21437c9d6bdaf205b3db5	f064007b2eed0e4638478cb613e53a090e8cb6c7dce6b5899acb5a23b2605d65	5ec708e19d064e5045a4f71551412b3716330bf2b70178cb6850cfaa2d581a7f	d70f6cb304427eded42445027ebc99e705ffc7f75c3f3c7fd7590195d3400e05
1394	f61c432998757c08be777d7105f5e3faefe222c4dfaf50288f07a88816aa7281	b5eeb3fc6e8da9310d51ceb6d06e638caca409308a2481b900b00cb3f7bf0faa	bba91ff996290cf9f9d3ad9be01183805cb12dbc62d024637ec58578c9c38292	4a8d226f5a1409618134c075057c1514cb2cb6165e7270898e4f6ea4f2f1e2a6	f73074dad4a9d5846308d160d083831844e33e65512f9b006450acdaa449dbfa	e2048738ead90daa4cfee79296b827af228df85c6b27dd3110c96978dde75540
1395	2a388c541e8a36bf910fdf7302da0a1ccac32ec12a1e6f067b01c093961b0222	f6c4e2d00a89c7dfc7015f2ade9e13320cf9422bd2fb209627a6201bec5d09bd	b23db2c7e137a9412aec961410afca0b76c36d6e45647aba72f12f2e4517174d	c5d779e4ec9b50ca63c1632b1bad0b5be134cb008176f9a5e892eb0ddd8eae3c	8676ddaab424614bf303a42759ca1ecfb6f679ab6e5cb2e68f9ab5295cc7fd26	d4c2661bdae77379e6eafe2351c0b652263594d6a161d73aa2f920e74b6694ab
1396	4885eecf3454edc18d6a15d1aa3d2ad5c9859b46eff253f855dbeec2149d2033	9e2c42de02050680c9dbcb3a1b0d0349056080fe89ce18e04dbabe483351fcf8	48a5e5d5e810a08d82c2ededf8dfc67084afcbb7e615b848aa8428032c66b7bf	5d381c12cc51a6115f2afb02b831855b1a05957b1c9148dd965e2b7564ce31d5	bd15dc5450695491d6e5bac4ff092cecf659753a92254d0add552944e08a80cd	4d9a4c15270b7aef26f02398539acf38c1413dc9e5f02c887fa1d926d6ac1726
1397	0d5b79b8aba8c0e11eebac5f7b8444b942263f4c29a355b7e57b4d6b991c021b	5b23191a3b5c7735736b7627f34ff637d876582e1507155827fb58ab580e358e	0267b15bf4ec202851a824483facdd52accb9f7c54283eaed9a32c97b2c404cc	3ab65543a125c56e4626444876ba4725f6bf9b7986825aa89e86c1bdf9b72b60	b40e501e320bf00a076d51703f51c3dc8c82da06827e1abf33a52519868466c2	e580900735b69a8cb33789e107ba412d8fcbe59c22cd7f99a5c313ce128e5c7e
1398	817cbe68a2b7cacad0cd63a79a139b20496d4cb6bac35ee6567b68271f5f52ff	307e26638c9abb75711e91f16fe2814f67c3a30b7135db50f17c1048fbd1eb37	d23679f7e196fe719415fdb725ceb0efdba754d16627f5ae3c5ec597824cc403	e8c6d9ef75b7d11df6dfebb002d07298cbc5f3427edd4faf57222fd620a3391d	24c33148b7ef05de6e7e89d9f18f1f59f720bc6e004cf0b9355955f4ec51d9ea	ce7eded6fe10bf19b260edec9868dd23848bc1e18ca65548527989489026372f
1399	6f314a645c38558b6c5a2cc72a6cf29bd555aec50d663b1ce5d0defc220c93b8	9ba4c6e3f8a64a3dd49a2f3e1e4a62e1223ac46ade21b72b0687a2f2956abc8d	06e915814db761b7408261a08ba6363d4fe5b819d31ad6ee316bcb20d9edf8b0	f70a048788bbdd37b1a990d8d4e7c9af90c4304da221da19f04e9cadc26ea4f8	28d4a61dfbe49ab33eccecbfe6985ffea29296415f2fb13d15a6dfed316a9374	193913774a7c7a9f7e4bdfec2db2f835b53e925a28c35a70e6de96af8ce8da4e
1400	56022587d5a956d201a54f992f75a3d57765f32d3fd9895fbee4dd6f098b0b7b	9a0d5f5b8b4ba76a91a267da5e55d20d8096c8dc9ab94eaa68eba6379cdec746	732712334e907b3708ca3ee8edf162a2986447c25aa9742cd271ead552e17371	e7d94026eeae342ee04536c2e6f8735cf37436146ffe8ffbe28524bc81eb15db	385553125318e568254aa693424947e73f5b6ad11ffbbf4ac049868a3523867b	6eea59d6474eac83f5ce2b8a5d6e0c0cc084ad4e62466f4ae0c1acac772dec27
1401	2090fc37d024d034aa8017d884ea41323d2d57c9d817d5f1a70f393a1b2a0ed0	d236794a3e02cd371947d3f6d907ed09096252d827587159d5cefce0a5323d0e	91b329c3544ca536ca328af735267bb046deca1573be11e2d9c4477dcf8fd931	043916dc8fb3ea0485e725c54318448b2effd402496967181c1c9c7465a823d3	a18240046c7c288ae46c01159c8c2b6577005496af95a313d6eaf09ff0b54c27	a93e561795b02dce630e2a34bab8de18458d712b12288968d037e6c0b874a9a9
1402	324bfa2770913a840c58bbdaa37fa280e8717cbd2cf34a3585118e6bff62b08a	b20934be62e09109eafb93b5de50dc1faffaeb82f532f110614eb6500a9b0486	f758385fa5af0525b933af48785b3e2e468317bbb65f2b91965c59e2c53721ad	5a57deafd25763a973869cd207c01b19c058b03f92a2900f8bf0cd4632ded3f5	2a6d931e2632972ebbbb2d80b648a6df1aed878e8c37f8b3ec65629914d957a5	77899c5534fadcb785b6498e40e5a1c4418c649e0de9a6f29fd7f6a095ea6895
1403	c9a76863eb49d1cd4157e5b4a8893d77595f750eb5b0731d5f50955c1e3a0ba0	206a67f431b98a7111c7a662fe6b8a2839147e4412afd37ed3f0856a5f366f0b	9b3a4044c9d02a925a32e91845405f178ed5f9a4f179704af611bf0d30481e23	4d487787a2b2536306132cbcbff64e8e3f950aa585b3508dbefc14be2b31ce14	83114397e32d915088679f5fbfbbc09a293e3b31bfe1818971b3eac51d602c03	29f112d20da96e96c18607f2bb931b65b42acb06968323906f990dda872ff9b6
1404	363744e462d7c395c8e914708663056d3b198db2f6ae08a667e0c573a58afac0	17abc171b28b2af6c055045964192476407adfd71fb8bb480bfdebac625fb8bd	b0e5779ef94526db410202299a1795ecfcf7ba4956188dfb7641d8ef2815b04d	9e3da86014de16db39ea9f2215ac54d79510cb159e3cf0b22837cf6ec25c90b5	fb1a15c5617268a137c1cb50fc04439ddb18229ec032a2d17f297e3ae01ff7ad	31852572157382f5608976a1f0dc93354c9eb9fe11b9674a978abd479442ec88
1405	afdd384cc05911759eea1e98c7be41075e07910c44febf58eaf88a9424d6f0ee	33d70b9bdf0840f76bc25aaf7ac594cccbff0e815ec13b24536ccb09c9ad9d07	ddb38fd431b9305b58fd2e2dacd0b0e73566e75298cceb1de1e3e67d544b8894	a39974e1d39ea7f928d4c7be4fe358e2b6ef8ba6ea9a3337503dd76a73493e5c	f9393fdcdb1b83bb2a9c035549a8a0e2955179d4eae2e1f6b55a4eaca84d3640	23030bb2e68f6a9a90d5da9cc50c2c64f1c89fcf14d74e72561eb1293f3fe8c7
1406	77e258779eb9411e6ddd006991e149eeff597e4509187d8747ffb895d06876d8	e817fce3e3aef4d82f446ec8cc84a2e83b05d45d11743cedcff3333eab75fdc8	6dae27097c3483360d8fe4949df1428939ab21e1201a73e19193c7e6e1d7b842	63c457415b7c40203fe77010f858f31cdd077fcd4e680036b5634bca431b257f	83624b1d56f88ba20e60bb51445939c2fbc232b635406b77f73c47b8c2353315	6788bdf35aed79eb1b7665af2b637852dff2dc94d0b20b4926b104d8eade2a7a
1407	9e7040f9a74dc00fd31d45b7ce6b0eb4eebefd4182596abf78df99a46d9ac0ea	e10c2abdf17579285915d7dd1b8eb6510f8ab8f800fc7093296346bc7eb446eb	78ad58016b1820150fd4182e19de5c469622d9b2d52290d94581b2ad0fdae7c4	6b01107b9194008fe4f3853873246cfcd2fdeec1deb758a2229056e252f3453d	443394c07fb9746cd4f36f802325791c17e6fddd8e5a7932e6bb8eb2e2282c2c	8553dfb90d59868eddce0cb69027ed8a4aeec58aac4f3250be499d14d44defc3
1408	f7ec5746931cedf67626c1fcc3c0b2a50ac611e21feb850c8a882eac11f8f752	1c269d707d4ce0ef800a3a36d9bb5bae6dc2a062963d5614d574c25eb10d1c08	9d36f0d652bc6de5235563c912ba9d6cf911a636edc17842d6bce9c879fe64a2	70614e83ffbc4a6489b19c9d839ed352b632bad29846ea367dd62d5f99b3152c	16779c521ad3fa1ec75b7a5fee92f71a8c3ab1f7e19a06228131b8180d473a89	843e0911c663537fa023442be183b55d42052fceedde3d35dd2c653dfea0916c
1409	9fd4bed255f6e3ed23e3c03b7414e3eb8e3045975943a606e338a6292776427c	bfcaca3e074df39df41496167e40d43ab27c6e0c239ecf9e85385f6caec0ae67	d6e6e4be02cf80ac5bb5129b48c0e1ddb4051f7bbf1013904ec91e7a2e031e57	729b3d05663d905c97caa701bca7eb7d80abc9bf3d29b0edffc2e0e070f9f347	61d8c91c6cbb9481c726c09fe2dda2ffbdf786c90171096955cc7ae99dae439a	ea8bb4f37f1c9987012ec8196a5805309f9d941d7c52625cf8deeaf3500d5254
1410	109b68dd5a14117c479d9b1eb93e4e4147aeb46e1661b21af3c3d2a250e4f827	84319e146859ebe75c9639562c9635f8c0c9f958e83023390d49e4beec05977a	bae238fa356ad1bb431d10cd40e327674c9abc004e960ebebaf12696bd996f78	813a4494cfaba2bf88f450f6deb4cca0a6711c76b9e43a78e56a9369e6ddad99	480038d9850df8ec6c7fcecec0d83e776bdeb21847d2c15a330573da866eb7bf	57080a836ff55bb6401764f275eb768295779c94bcc628d77c7daaba27b37681
1411	93f886f3c83589d696a91d3c698ef8a23ae19e5c456c4b8a682e015fad274c64	abc0354c3f7aa3e64509fb2b62138bf59ffc6c0ad0b8783e9d466fb18b500de6	29013ed7b4dd12b485ed6905e8db84e97340edef84bdf48bc535e1faac7f9dee	8368d9bdef79eef3a7da96e5b05a904f68864ec4d9025a21ddff1c72c99a8e19	543939e03cbf444180b34b884f06d2ecee742c4c47bf7a249bbba8ccb626c44e	c890e62eb5f4f1b9fa6d28d53be1b3ad34cfca16bf2114e0a20d6bc411783866
1412	25df397d6cf02dc49aaef52c6f453f141483885ecc97fe743b16b65f189b3586	b44650a6ffbbadf8b51714253872c0de71e393f9ed7929d7e814e43d87b78382	ad31c32aa69bccfe6f35f80114351a7ef184ec3a2cdc4f3e6c6b58892796eab5	cccb27a98e943875b0d2ad06dd2ad67aa4ea5ed2cd5f3c506cbe92c315d539b9	056e6452dc9164cf60b0d87bd2d765d5cde79ca12164a999ea3a73a7001d95af	1ecc595f8ea64161e26f02adfbaab5e229a78843d13e8dfcc7f4caa564e79679
1413	a464d5b4dc73a93d00fe4ee61397b3e7aa5ab0d7ed0d8b5af7cfa5039ac02ac1	8025d0cd9bcdc28712f44e981ae146e0d234e0b1566ebaddef8976c7c2396614	df52cc7ff5df2a3dfc0dd27f8d9a59c4e6044ed908de50dde8cfc6d579255a56	5d52d18711fd695cecf5977fd283469a95005755f21820992ad67eda0d234f0b	832896d26ecd8639d0ad4da0b189af8e62a00648ae5c59df3bf0a58f31b5ef89	30fc43bf6578b053040758f0198bc015b5e7fff3c33f90cd539a00cbc2c83f8f
1414	d3e40ef881f33e84cde3dd788d891a113cd2f1dc1667909688f9432da593b231	7576f7d7e2bf3a6a5765eb14d85fbf4c9c35385719da28e36a2d7bea0e1a1bba	3d02219da7c26a2327a861d48a740e405e1939fe8388775ed0fe19711c821ce6	415b396a06285c7200ed48ed191ebec9e32230f8d62b7d546b27683a9d98f98f	730a850ca87e1dd293f62528d015b60daf3649507c75bbd115af4014c9f25aa8	d7e9e317e60605af720c4195edf8c4e51174e477926d732bf20a1814a4fabd5f
1415	18173a09ede01684cd5b7cc80b1949bd71703ddda7bf980089804d660e8bd0c1	862a0ad6e952c0477d79dec05090495d8c9be1a78577226ffae566a7facafd52	c63b75e4fe6f7c233cd85d99656919f088b202540cae4f0fd38e807b60c8930e	d11cd66d9f24eabd8f2850f32c7a723095080b1072c2859c63e3ed86b87b985b	468e268b7083973fa5e09861ddc9fd3f8ebcf2db1699787fe85b09327670048a	a17ceaa8c9db10df47df8e4f630c29291c5700fe83c0d7294f7d433f09fbbe0f
1416	03ae2d9b523a49065140c3c26ff444de6fce96e13f46b1bcd5b3484fa21a7a71	db5d9ffd9f119b09d199bf10f7ad79fdd69856c5fc6f746bd622d76b5fc586a7	db5c0d38604b9674a10e12020da264c97f59430937edc2f5ae800c1cf0773692	9c46eaa76a85d98ef5ad8cee8608f5a1de29eb4666326078010280be4c4e8c3f	fc488fdae1455dff1dda9ec87462da878a9cde85c192080193de9a01ece0530d	4db436f608c2343855d0efc2405aeccc2097bfd49610087c6cf0ca6f1c59b28c
1417	13d55351e5c713e1008337aad94e79a956edb8bd906241df3a20a6c06ea0d645	31a17cf02496d1c4f0bc8744bd4c21978737bb78b3451dbe7a8633a928bf2cdf	93babe771adab80b0a0193aad9a9734993e95d96cf2916e845b0f9426c1cf092	15a4b0c1d036fb3ca8398dd5ef3ba7e76cf4997459d592dec8d3ced68c48b471	6a2c704b96e50103c49fd115ac96f937a5d1ab148fd324795d35e3608031c23e	065634fbb87bba44cb228714b2e0a1b44862ff7ad7bd7e8a4c13d1d3b6ab2cad
1418	a0496ae32db504fd662a1f424316cb569a78abbdb22ea5487215e07286530c39	b3d11c3bc66782c3a269b556011199e0d65f846c4980d3a9ddf13f9a0419709a	4a274aa56c6d5c2e4b816541fcc68c36830f06afc847e7f19e667463aef87670	4d1c84fa76e79d734084893e67dd06ea210934d599ba0de654ff80961fad92c5	fed7ae1e5abf09fe676b63a2d94b130a48cdd7c71523c872e6948e84c16ddcf6	26bfdfda9bba7e11f49c89f7427730c723d8cc8fec91f66c1eca4753fecac4c8
1419	aa2a0053e938d8e9eb1a8a70bbf5097643483de54e03447d4957c026b3b2c577	18f78aaf74224975f79c7b656355f15ea153da846e97470a90b1f46cd5a5f681	130f9384bae798b9235397616391d7488a250c8232029488d22c5e001020d8d3	cea9e1da5e44ee017c3c053fc2990e40ccf34b09964b93545f34f64cf5214cb3	74ed90949573cbc71f13a1129ff752e4c157a26cf178759704ec88dcd204284f	8f977b7b4f3332e04dae8cc2c2c2e89315d11720ea7a8c6a28b37bbcff071f54
1420	bc243fe84d69ab11ff5dea50a534f9e27d8d03401773320e1bbe04c637d5b264	6270162b6523b24a394279cf9cbacac047751eb1b2c8a31884d9f2be0342c29e	edf6d36aaad96ccbabce914f7a71ddd6dd469658d88b7a433cd521a30f7ca980	1a85e8f43acf2bcc19b5a6dfb6c132850248700bf86e9e5ecd6a0f815fdb7412	b7a53672a64ceb662592c27c3b6bd1936d7d695a554b048c0fec6cc1125baca2	ac011b09945539eebbe73e1fe63ab7271f0b526a9b92e151304c17243753ce06
1421	f92ff40e6bd4470d3642145fbaadc3091baebf2366711a6f4a8dfbd9c34a7e9b	b7077b7c4721de877c767556a695233f9da12a16e278049e164ad07cf2b27b9c	d9b1699bf922f66e0de17ea4950c84b4d03ec1f7d5752b0a30c3c9547f11d6e2	b87e5237fe0f0a6efa368eecc791acededd5e609119c732cb0de5c411189f03e	120c394fae154165d3bf95d914e25cb6c061c4c3b3bb8f3a81c5e37903f6e8a1	9fb80554c6889dc8e8f58102e01d01a92a9559da2fb4f59629a9d27934c23101
1422	2b3387b365ab4ec436439648774bb19799908d7651372baec7d187ac478e03b0	bfecc516b6e6d2f5f740ecbba3afa21c081b835581cb01fd7a25af84422457a3	89fdfd2a701bdcb71531da40985f31b7f09aef37033e4b559d2233f8ade1bed4	4690b81cbce4f84bea27979f1194093f249ab6594dee3970846183be7d04d043	19f58fef491e48130c3ef0e322e19f0d95b22ee300f2943103ba8ea75ee00672	19c78e8f69d3c4476e8ff30cd0be76dd39ec0c5ec22d7200ff01e90af05fabb4
1423	98019a7df2e4f7083cf9ae25d8645bd6dc0500e2836d919817a83228bbafe894	65db0dc38daecc8bd2e2449a0fe360ee968b8e4ef464701fb417f263bb3d619e	28cb084e20838fe4ef0b5720e244bd56a8d064de5b7216818c349ac2a3d4d816	2db5d33f3c2bc14f5fc2a8d5ff27a35d565b93adfbb2302bd202e4dde741336c	4f9a1a3542c7dd2006853c387f5da1091db0d6d9ad27a2720f938e4e2b2bef25	936c9e44fdf225a2e40b04cb08a4d73c92591813432dc1571063d4da7246b947
1424	bcb36488f49322297f5e2bc4d32d6c066c87c686f2a8fe0e4e7b2c2bed73c340	b720e3c52349dd9865766fb4b8dca2c13146bc298bcf9edae636edf529075a99	9ca96776d5f1eb92c9c33a22fcce8ca31dac260f310971ef11acb969d20dd4fc	b4e02df80c7519da3d0d4bdc820343be58b601e7eb9370a3ae5ed96dd0f85896	fa71dbb42bdc43cda64114f8ef8e350e01262c53b652c99e37cd397596d5632e	36d37c9ce614a11ef4eae2eab3e6d117ec589cb2b20350160f0b40a6a5f3637e
1425	f48eac51bb80623dc17f2ebb2794c27ff4aa8eb137334859ad95c15e8b2ba685	7ef575f18188b9277644cbcd088705ccad7365abcc1a3e907c4c9aec47102e66	d37490bbc57a3f5b193c864d8f3e88ae16248ae4193c0b60a38cb7aa800e552a	4e1dc4463a96befde6e75aa5e1ffbaf350137e2f2854d629c7c715e82f73a024	6e68503ee497c3d75159450e28c9ae329e33cb5a7837335768a60afda017549b	d42a64b8ae39e77b31fa844cc993982eeb9173d6fcacb11e0f8494fdcca9fd50
1426	92a089a4e581a60e316583768ac54e2a88b92bf25d01be6610682127a93505e1	8d99ae1f1aeb04931f6025913c907e993ead36a49ccde347c1b6cb505eb09ccb	34233631c9eea8ce8c3fedeb40cf1f7c7c0eb77798c002ea099d264ed829c7be	67a0c5bf080b971a3a3866855cc9220f100b61c935243e1230b42e3b6b046cc7	cd500213e14cfe9c9642932c2d18df7b398ce17f77b4fdd89f58b4074434a0d7	b13c7a14cbaa3d4f2093d35ba8e8c0f329bb8735fe4a761866e9ab519c6a7ffc
1427	891e555d6731d231250a38fd4adbcc7205e552c8012a30dc1d34fc34ccff0bea	1375c3b51351abee68143177e4453f57a40f5279a0c379fdd8df29ac98661578	8777be43c30b1f9bb216d0e8acabcc411ece0c3f47325bcc3e5a22c081f2f233	ec14c991937a9e2a0ac6db4192aefce7c57493651943578cf7bda53298a53318	58a5d3d1f81fb9ffd0a8fd7f93646b16e138cf0197b8bcd36bd6a274039702cf	30a63447eba8474c298455eff3dc34b2fd8580332f38a4cc9c6f110999a5d1b0
1428	9fe8483d203d8f37b816555ccf36e1a0af04206a0d98e87bea999b5a44aa082b	5f72cce0d7090ecb12bd79677b3633d3b022fc17a6a20477590cef1704ca33ea	5dd6275c1ff0db90594080d50de9dc07415db82371bed1d0fb9a9f293f8b968c	ca6bd2691a284973dcc17df6921038b865b6dcc5505204ac2ca8748d47a8e986	d8dd01791c741e231b93391fb6aa2d6977283d7ee2703d390ccd2f97f86f1f63	c8df3583dd283f54a9ffda1b956391439053e66fe476e0e19ebb1d83c2cda48d
1429	5b4e302fbe462ce14765a3a48ab14074f12dbbe189e8c1c872d236115c159d62	2b0212e575cc6e3d4cd02f0b99a1a42fcd353a3f02ed5eeede65cc6c410fe64d	ab15ecdd88f91fe661aee01bf3c342c8152c07f42957779ec1733a3a19ad7222	c69cbcd8e728deb94a6ee2b7da65a8de9d8a98f15df04a16a89e945a41d724d5	a263a0639ec301d01ec2b7e36653f840ef3486e803b89a635e0cc34e9a3978eb	c91eead570b2c1f81e4b9a5605f5708dcda445ae03ad7e2822584d73e13fee6d
1430	db94a408ee437095dab26dd7c82f8c5ec914b7a8c3c543b94965ab6102591500	7f7dae673dd1a27c612394e9aaf43eac8d098966fc8d37c2cd80f92ed29162a5	b14b7897cdae69c56714e6c9653abc72d7a102b34a5bfa5ef475fa64d9fd81b5	0838a3713250a2555503c456a0d13cdb5b8c0684ea6adbe8a5180344e879df62	98a1fcca6144b7f0216788a9f01b4fa9cacb023e806dd0e2405ef6f00f6e90d4	7808160a86ef78b0229f1a923cc761c79d5c7c2f2bc1643d2a799c6b7aa60c6c
1431	0a724a769ac731ca2d9c4decd8be1de0359401dedae171c94c5ad6c0048debeb	57933e7a936ae94f66eb4213ae9bd6273f1075e819bb6ed26f655f931773f519	e301723542ab33c02fe2f26119c180354d4418983207afd15de9fe42bbc44c7c	8f48a3b2e0f4925c955851eb63128fd016a787ff98bd739bb8999306041083b1	038fe66deb44f3f902601b9744ad020b2a438cb7205576f21ac2792197fd6d0d	6930009197992bae24c6a5875c83e8ffd607f5561fb13fe919d89e09e70194fe
1432	82611d63b5ea0b0b14c26a5bd80005b23e1df89871460b2b21cb28b0dc72cc66	fee368d0b2fcae05a26da7c20d8c4de1c20292ff86db59fd6723862a2d5af1f8	a14d90a016100ca9cf9f3e0bd87a5afb46af02d8e3521795f0fd32a59a25f56b	6840cd08b3fd2e74d6a5072d69446cf039f580c9c27457ea8dfebf5418232eb3	0bc639607c991151d8b3673f2e18ab34297f11b270464c54c5039d0b7d18c3c1	df5c2750fcfb155ff126aa983a2edac3a11ef9390740357866844564edb24ff2
1433	f5256768be09a3d7a656c9b4cdda365d27e3bc26407cdb75621e31f91e05e5ab	fcfbb6aeb4464801fcab0ffac0f8b4d6cbc6517dcf8aca75d31e821cc081dc7b	8102cdf45eba33e977de91bf6edb9d7db41aeb2383a5d95cf7349f98da53f981	191b1dca7cb389ca5526300665b3abe9613c9a16ed24914d0fde5dd78e198969	04e7c7d51137c878eb2a2538f38f686498c29820a4cee30ff208d158a30d41c0	45bcb8a9a53072b1c20fbcd68fc1678d2bedc9caaa89529c5e23dd680e8df595
1434	e5e5b658d28e4448be1b827cd4f469f77add4641185610caec006f8560cf9ac0	67ebc8cb79bcde23f8b48a48c862e45d5089f58bddf10ade366afd3b6856c59b	31668094c89e9055515a9d1587cd0caa5a9f151ed584001e98aebb189369d9ff	8b9c016c42a38dbabbb46799939a769f2e750cb1cbfdbc2ce778a807c74a2560	3c23cf1779e7f14d1c6e8db3608e053d77d119bdc342ebd4ae182cb3ca353db4	8dd56bb3a3cb6d43f056442fa395c26a9a770203458a35c61023bb38da66d29c
1435	d53a046c19bd4f0aab6e9dc8ae4565a9b46b80a02f40d33998386f5a4f5d2b94	164f02595c60ecdcfdcc1d8d344af4548545662f841925d72ee4840d1fdf48c0	1aec06a2ba0f4f4ebba62bf5d5c35d6ca28175ecdcb015fb415262147f639944	185fb3756c9b22e833bae80470b3d73d08247132ae589921475fac770fbf871f	c01c89dbb363f58d084f7df2d8c0c533ed84231d0aaa46ed1f3b3dbb6f7146f9	2d0de59729e990d37501779326c50882af6c78b1bfa3095ed7cdd8bc979af375
1436	0d70508c0277fd34e1f43a795683278d0c94477d6e5344ee0a61f1bff4760894	afc4d3feb055b837c4f580e65a353b5a404eb3384eab83e70cef242aff39cdf6	7cc690e7e98d102b732e1bf823b40c97649d2abf12f1cdcb412ed65a3dc2b5cf	f6d47ae4bd2c8ba1bbbee5afa35513d9ca4a42dc5940236ce5e252219ab59598	a6a0765dada2230ace3e0e7178f1830bebb2f270261790111099736b43cb9e72	ba4d67f764afdb336dd58e9f8ea6484caa05205b77e36cdb7354b0df00d81eea
1437	28e64330943f988bad7e6e6298bfbbca47d8da8054ee737012359c34fbaaf8ef	13438a51878363fbe04b54b975f52537af71d56a2f9185a23b77d3015bbb0465	e27657c751dc60bc2526edc713de767835453564c2eda3a23100f80fb5be9ce0	21681a8dd6aeef556ec2b0b37248e94f6272c57651cc3e8d03a4b02ae1a86f87	853f3724b61388c5857cbadb17a19cc87e783a56c69cf15a11b4bb653b60bb17	7de88347fba45628c584804698df06e89341198e94193ce34a68bae6d30ed999
1438	dacd2e5e7764495aa05b656120d6925d0b134f80efb450c0412b8b1ccbfb67b7	6ec3e713fa6013bc87514c2e7cca710a44e5261dc65e28c358cfc521507a2de7	a9dfd4f493a8e41c687d3faf94fbf0ae08d9eaf2a9994763333c0629e975a526	906d7af81f13583e212671472ef7df2eefc9ca332749362a5be71b52a9dcc5f5	4bfb4c5bc2dd551209dd285888f90cc9e42eec388979e689a38c327efb949699	bbbb67164f5e7027d6ebece8070bde6e6bbdb45a8893369fef16c0f314c6baed
1439	74510a2ccb909c038e6b0a4fe4cd8f6821cf6d3e64624fc98298fdb9e9b4bd8f	69d147ef9ad4ca17dd7abb297fa3734136693c3a8437dd2b47e4538b725f4836	895d685c8d8dfc575201a53c361cb3d5d82e252419a8cf8a461875fe9f20d7f6	a69520abe5f5916f0aa0991d5a785c29f56eeb4df8843a60fd54ad3a6e038799	3470d7c1ffe5d6037d9a3f978e7a19ffc90cb4250bdc04552188aab00f77f066	f38812f580f129dfb75b0a42bf6dcebea2ca8c510c52478d9dceede0bed944b5
1440	b989fe4a2c325075a062b54eb89db10fbb850aac5d88d73028e318f26b6d56f8	84f68e7da5c5f8b5ca45e79eb031b5623dcfdbd50ca6f754411674540523d12d	ee649abfda15a81a36b58c848d06a086e4259a75cc5a95f4dbaca36adbc458ca	ff60681c5c5a357f9b6d1d4c87e1322457f61cb9a80e8fca1bc331a6d5f4fb9f	fd198354c9d3818a7da9a9f2ff218cbba84ffc5a91766d579735a8b89300fa03	5f0beb463aa6a34a8fe73b0390bf22167216c1bc059fc1943ffb9dd2947508c7
1441	bcdddbbe99d0ff056d3502ca7979622779820b5f8bc2a63f202afdf79687ef50	568b0dab0ab3b5f1a392f7234ecbe1eac5265cad9cc57c52301bab5b27453a1a	d124332d10501914b7f8f2bc7e3910e55fedf0db32958b363c84ee109016da2f	02fda26af40b21f27bf1bb5ce205b2f20e536e60188b324fd325ce3f2ac5ce41	1bdaafaf7df8d1079967b15f7ef638b467f5937b7ee95e290c7a133c39d25225	aebefba4c5b51e8575974f79249c4cd3784a2faacb3458295396e84539967e96
1442	d0148948ccac8981a96bec76e594c29af377488fe3019eaf5f6f98f68dd06fad	f82b920bb8881b688b0c39dca3839336aeb9c2d5f2f9aef972894a3d130e7e81	9d72e22cafe3948f8da4ce04c955d02938623fd91099ba0259f3076e70ed46bb	d7e79f01be97db90a1a917b9fde02733bc2ce0d0ff42dbc5e67b00ec887b43a9	102fa5d1b4994be24621044e830601c35fbe988dc267589320904da8c79b906b	2f2aa686300dd1f61a5cbb6e3cae005967f47b42dd8c7c15182442fe34c5e7af
1443	1f38e12943db3e7c7430a0aaba259c23a3e79023cfd6a26298c63dbb44bf0fda	b97340ae4583efaa222d74685140acad4ce76a02db5c33118a85163512f4c6d0	5b312f0ef511e5fa21634924759c53a5cee2094d048ac716c5b3da70b8f4997f	f110a4d05984ffe74a93b703875a4969a86edcfe355e5d16565c2c245750ec3b	6f40b211426f03fc5aecc956e7090a339287614de6a77b38c37a3850be01090d	5c21da1a7653bc4995c56834521a4ed1ccdec71813f1c05ac9ce41c7af9791ba
1444	ed7437b79eef90c53d2b8ea6f1d5b514ff5c7c9f7fedf4780e77125bd7f515fa	6bbf96d32fe7479578a350531306233bc91d1ae5aba67e97cf6fe15e32e90ac6	d877eb5d40852e5c910cfdaa6bcdc1d0cbc8c254990a10d610ae0a89d4263d66	bf2e02de4b30e708ceb5999df3ddf76d319ec8cf68f5fee4c9ad3c017b04db41	8236f2ee9ea224715aa382fd55e1dabba5d06a016d0b3cb3b3f2f3105be8d937	bc6463747edfde63a80adece25e6eb63c30ae9b5f2ae7baf0c3c0bae83ac3b6a
1445	5a02d39d8c0f02f2273943a2f02696c58317017efbe65ab4fc21677c64538fd2	df308a0863a3c6e389e8bb9c295149a4dda4fd708f415d7fd302c99cb40335d2	20004d0673ee52f7c96605ca114a9322a80e7274e2690e42e4619084069afeef	895497fcbc1082bf09ba5995299cf7dfca5be00a9fa4279fe73e524ee8ba098c	5d6c996bd490d2b313be5a593c6f478cc148a22614b686bdef09c21f117c66f5	d70e55d28e75906737ff5db4584db1bbb357c24004b89b87f011e32aa9e0d1b2
1446	f1c26bc3df9f7780966be5f95515106dd273bbdd3c5b54ca0b6475d2445f4f42	057b05ed1ca1f5a251f68a3153c8f08589fdeaebae95812fc2a530eb535d3e1d	a6b472d6e287faf40d482389ee2be1bc3459d79392ae3d55204404386332cd95	8a206f9e4d461cfd76bd10128d635b086aecb5beb9fa215c85922b3669e570fc	42de4690c2bf6092e3dd28be688f50bee11361bcefb38c7f7f1e2d64dfc14162	464e3d2737d53fa8e4d7f21221c9bd0a218632078751cb8ea2ebab1520577bd2
1447	92cb8d227689c9d93c9969db64e2cdb04db0553392eb22a64bc1fc82a899a265	955c18ca0a7c318d18e6aeaaa75c4aaafaca179830228558b18d619884934f4f	1da25a0be608a38572da3dcb4ce8c8cafdb532fd0b09cc837af2a40d16c039bf	94ed425f9241cb720d8183452182c8faa442f87bf7f68a5db740d96c5bff36c9	2362e6f22fa7c423d0cbdc3efad3f6822f3552eabe9088c4f0279658cfeb6f56	d8ba71b497a34947c4fbd1684212402b20fdda741c7ab0800218dfa82976b1c6
1448	a6184de5c8f8453a0f66a5d6fffad62cfd5fd3f5fb8dc97da959c136d7b7b41b	2da6cdf235aa6e0d23776f7bed2344acfddb3655ee7259be686d80462978fbc6	8b395595e50997f9f7d08d413597d5041e7ae020ea2c04068e7e2dd7af9acea7	027b3183a2b32e0c4dea7be12707573ffa5fc1eb5a27b260ba704ff07484a186	fe0a88cac164339bd790027d6fad873f3ee296fdf1771854d8d99818f058585f	f61a806081c3cf382dc5a545e0f652499ee0c7320502a0fae35fe452b7318171
1449	1ef2d229ee5b962b14a1288cf703f92049e55fa333d3345383cbd2be6cda9ff7	c67aab7350703fa5beefd2a2aeed6f65a27b0938a33c9fbef087fcf730e9ea91	89167b6de1129acf17ed73721bfe61e971209a48b38ed74751358f2eb12d8d82	97051d9c651946474d259857c0eef772e5e4683c6dbaa8f9d8740822986e0b61	27470ea3e6abf63954ba8f560b354f4cb65733dbb6b9409d7407d8571d3a5689	207603273da7c39531cb3073e770dbdbb31916d20995002e15e4ed2d53db6e14
1450	d22b3e62e1ac9a942060905c54b07e1d7ddb625de37158d88e15a8e46d9b7201	1e58c346568da341a3efff3b8145cd98a2fcfd127b7cd408a2f09bb0e3edf187	7779d10aecb3c478aead93cfa7182d7abc378298c94a39ca5c2dc0cf62a61603	005d58dcea3d4151abf976021fb018512b7eb94d3929e915683d23ed7251aace	53188c92004fc9d6dabd7e96c36d3fff2d04baa7fdaab618954e4f61eb9a4b59	e11b085445a8001d786c1d46fef452cda620c4f31b00b8157448c610505e278f
1451	1d6ac8845bb452a43087c2773a21b5ca0e7d814e1c0a388d73a0ac4b078b131f	f506d7bda78734f2cfc3572885a024905c21d14f216f1eb8e142fdeba1ad6187	ffce9e78856ef6f4cfc798dbd4b7f892252cc7d8353a85c7609b1d0a7cfa0e0e	f6285bc7cdb53a3fb77c01f1114aba9cf0b5915e35bd5740ed32f7f43b4162da	a506cd6a76871390c7e769b1b51313cf68300fb2d676b89ab62d03ad27d65cd0	c13a891361b9e0199dd25bfea6f7ab801acd525aba6bdb9b04edeb0f9e5468ca
1452	837b984856aa71afbd79e0e4629a69fef77d51c5e1e8efce7909cffa6cdf9cd2	3c4baee24cc7cb201d2696be0a1a7bb411b6f3cf78e8cf71f49a6f514fb574c4	a30b833a87e8df3c69c81d522b92524de2a3497d07cab63ce0fc11b4c9038c15	b5c17396daa5fd95574b7045b551b233a7990e9b0b0b041339dc9dbe2287994b	f5fdc8a860ee6dbf651d8b629af83507f276664d2a1d98daf9164ca3199223f2	e2c6b31cdd9a7d0759e813de86724c1b0c82cc4f6135e64b0fdab7f6aa6cd181
1453	7cbc356f2483a2fa2e76952a92f85b080d68672a4e1ae47f7b7ebc1dfe324e9a	ca040deef4b853993ac86df2663dfa83d13d2ea57c59d02091805ad22905938d	d0fa38cd1e47ab6637c82b8113a6672162f3ef643bbd446a732021f9be8b550f	62fb87c153067df7ca2d3780f9345f068af8089c86d4e1320b44ee599f94213b	41c16f643b1c0f8aadb55162d204346ffd3021afb1e67f3e12cb638685c63ff0	b2bee3aaa89e247636d76c6f468d1699efdef96a1f725247046df47eb3c13096
1454	938c4322e61ff706ac3d9df059efc5358989e089444410d50b4402f0ed88dd53	265e154eb13b4fc3495b711e7e6a91fffab475579f6b8afde2209bb0bbddcde0	78623ed88560afbd72433bee64cdb747e1722cce8cf72537b36ece0dce3d405f	4b220260d6f411ccf9f3f8457d1e71a1ef8afb897aa1f20e8b9f106d17f12c60	72d884b0d55403d2513f80fdf3b937c56b0f311142691778c9e7e27da1a1ac8b	f55680844079160ea7f306ffcf18cbedac3d7e0b7800341dc648f40d42811936
1455	63d10a1c99dd60bda2bccc6972c944e968b00395128f0acb30cd266eb2df8113	fcf13a5bb3f421d7207dc75d12e3a9fd16e8fc20c0403fd0b8e923e6a6f328c4	819e6a28c19c6a390376024175909d7b093e0eb0b428008ae11cd35d2904207a	d5148f43463cb9bef5f006703b368732a15f7abc86ffe42f9cae85ad3462c47e	6a8cfc3e0c6e9e6e928a6a1625479d0b4ac3196479a8461b1f6bda3740a22a3f	b9f08311c9e0e4c9f9a9b326df80dda07654c29c8b4881397f59e8e1f4353470
1456	33ff1019ebef1e2f736e24743b9a00516e57526f97bc5746a0b6c3bc542e8329	68f31112b8b8ccbe581627445419f1d6f39beec7bb0e3cb6233cd5c7d8d94052	f654e40f3c98c547da1f62f3ce145cc9db76be72bfd54c2218f2dbc0b440e33b	43e91f1ee833a2d5f0e75309e040e801e6d0de754f695d23c9ced0d598eb0a4a	b1e246552be41df071ea24b2fe6477f7f8dd6202c17eb77672bf19ffce26658d	94087c45bb11526cf5b158d77d013207b3ee55cae5cd0129be5b79519c1f24d8
1457	b66a31d3e32f0952b1f010bfef678dcb6bf7dfe7408384979fd0d8f2a95d953a	2b8b3ed52cc6a01dbb66ff1fd7262f79c8eeb363e4b42daa4fba5140e8afc785	85e2c4c9b84d6277f7e0e57291c9d45190031837b2ac27c5bf81bd1db84b8dce	a7e6e8d1dcda619441b8772bf27e7e94c58881902cbacde71bda4e28d4e48367	d7a9fafe54d20eb6135df3cae371e1ba945e9e90bc5c11849148c20cef151315	657611cc5e427d7db0af6887021e9b1c0787d8ab6599520ad374bef023a48710
1458	648e9322a9bf691cbd16341704bacd3f1af0feea5a347ae91400708ddf924499	c82bc641e921833553b605a2fd8342b7672cb46c669ff0b50589062a4111c044	6010f150ef7c9edbf8102456256f870cddd8846e0d6418fd3bf1b3b2c544bc66	cc4cad0bfc7891838031633f0a2ec57315c19d9544664a06f532837116fc5c22	d69c6c8d9528084496ddb2ff57c09cf78ab34175297928666d3bd0c281361f6f	5d0f31fc58d9ba37a7db80967b2775f231c79d9b786ec5bfe7f0a05ca1bc27ef
1459	3f4b9bfd0e8782af81eb742a6c6b92e8d136587b6db034a4282533d90b3beac8	b77be10c5cccdef13c2b06e0230fa6d96728c14f07271ff34da3729a6a1d2437	7438cb0f7edfb02cd0f6dc7ce40ec7d6370c0432f42aa00fb378d9515d6f8944	8c2b6589292320863ce726d04956e2be33a1884dd7bee58d4765c3158136c692	aff52d47ef6f015f2db2b1d8e10e78de9d02805faa3801321cccea7018fa9f61	f1bd9edba5b10a814e848aa81cd3d0f976ba2c2605e9d7861bd579446b380532
1460	b9b5cda536430a96c7c718f436dd66bd3448aa1e84e8b675ad03d295edc96b42	9188fa5289ca09351eaef477a5f20e05b9c5b18f33a5dde1c1f34de3cb2bec95	fc3e4790efeb8113e4731f8a7c180150b0f271789eb844be2e74233d90bf7700	46740e43255450b2ce7f95214ce745ea39171e569525c3061d0eb48d05f4d94a	fea129cf4346ee2479637c8845075f68199e99f2addcefedeb9262d58e3c393b	e7bc44697b9bc8996db3555ba29371384623dbed9c61e560f464c6430bee46cd
1461	d9ebde84f313b232d4d14905eabf9f23c84510179d90fdfaec2206248af721a2	7c81dc494a15c46a7abecd92b027a56c4425a1d807113b34182ccb3c2de3d2ff	7c8b3e937feffbf67e188cfc65602ab7c141d6b520fbd03d9e7472399b6e4972	eff5aa65a82cd674fcd8e0351ba599c1320c5762d22b4b7e396bc6b653f662ae	1f3f8d0b8977a5a632ae4a0a0ff93ea4579e760985f8be1081ac4c2a86428ca2	6162428827755b0f2b7ed00f79815c7ee91452e8877ab30bc56901741cad962c
1462	b1cafe9bd84f4a2e3fb3f8c85c5c5ec67673ab50e5967087762b8a952d759ecc	5bfcf13d78e0df8115cc26385ce6b9a490928784cd7bd03c8d13129fa72d27f4	f6410bd4b3c93147f9a1461c3abbb97d63ea12e85d315c9ea08546bc4759cbee	070569937fa1b314896521237deedef76ba3565eea5f6d1a45d19a709f3fbbb0	65e0f7f415af5da53574c31048c2906c602e92ab8355e239cee94c6049d52c09	5234002d7b288542cdf2e6db5e46ec3da63cd25261634c9c116f472e107923fb
1463	9ed35546f9c2f8474fadb8de163dcb396acb14a80c9a3f45d33d864a894f8f9c	105a9da9185e097f49cde955e4bcc87b13cdc447839c3da4dc94fd6644f400f1	f08de80efd524dbccbf06eb15951d852abe21d5a6a4c2bbe832ed281649618d4	85355357013f7e78b968362654d2d96bf35559662b724602c627290858925452	4287adcae2b0b7b762574778d14c50b312a23ea4578bc967e4e39a8f2dbb0d02	01d4ff5e2fbf6c1d4e2d89b4c9cbb18680e300f59373345ebe79980bf218847a
1464	cab29503a6b9efece3fe8268cc66927a2866dc91dfe53ed609b610df96e86add	14836e2d9f76d4c9ba40afab0086ad989dc4d7cbb7a70e1d4f8f29a187138490	cff16e2e51b9755cdd5def13d9e1ce82ece1790903306eb9e8b90a3224dd24b9	fc7f70a184d5832f868ac9b5639864c49be5d524d328a77446c6212d105683d0	d6db6171f671942643eb1dd35d30182eac3ad804664383560cb1c10b4c209a6b	0048f190eee0cad9c89976713df3570ba5a5f01f87c847883150e761405c693e
1465	9ac80f3d6ce1760406a6effc1f3cc12aa7c43e87f94cc51b56f88a9db2d104de	ed34e82a5ee710a4d6a9da971c3b1788ede024d87324043da5bb44e30a6bfb0d	866a9b97d39490ead11870fa19a5c9db3e390d140ab73414b11b689d94fd868d	1ffe65cd7f821ee49a00a88b5490d81bd5cf3970c2e15bf794b058fbd40177e2	c6c5ed54e1326de0f50c2a42d1885310d1d13a16a3ef28c828037b989b0753ee	787e4306c8103f16024e007631e858fc512d044d8c815a0148d34c6f2bfd6849
1466	1d9536a3bb6fc9b68c5bcb0ad5fb1da20e6dadb5e3f77d6a0eb5c0629fd02748	cb1b87fd80e2463d0a5425f4a9afc3347c88bf2ecc25f52a148c9447e6a119d6	1539f572320f59787a7d1063303faab7eeb271b6520f7ae359ce1db5fef0526d	720f4eef15e889059bcb2a1bb32880c5b2eb928ecb61910b7ec2253b9525ae04	5464288fa548e47ae85cb08c14703527db355748f979de8c7e3f2abb6f110590	e10e1515d5dab651b6fae8a705163c9ae54076fc703c3c348d1d0cb289042003
1467	3054bf93f6c3f9bae8d1c5874ab19406322318b9d791a11c0c3e7208b5549540	43aa1c496f1a1564241507d6316095f4fee9f5e7a61fe62ad31c4ca860db075a	5f95e40c0997a04e7b548c5c33b94d9fb29bdfe4263d2a673e756d52eb400f54	fddfcaad70a940679fe874694d02a962d332cff9399be6985d3f8d12ade651f5	be634e45aaeb8f39fecf2128a3d5b5fa64ad431182ab9dd004a6d7d2312594d0	6c8444e3e4605a41a59c12963991eb0e591fb12dbafe2d09628b9df4fb93a556
1468	e2ff2d843b2537f9b31a0c6337b4b05ed999388ae3e6340acdca19fa5271d22f	97ffd15a13ea8de83674551aa4ca224f710ccf211899855e0cf4dbdbb1471e80	6569280b615da6ae0a016b32894fc3b2e0d189fd0970a1445039bb1fb79a46b7	5f70feff1d7e54020b93dd0be0513ed11095f241e59c2fb5814b41cea547e26a	ca9eb96a7c4ac9f8a690128f1c4430ae52a1fbf8b565533bc45c3e6ef3134936	93abd7469819a27a6ea8b443a8683dad912f1871fbf16d2bf0cc96fb7bb3ddb9
1469	eb9f1716d3224ffb1c0441d47a2d9138f90783af0b960c84a9770d16c3a30506	87794323d547e440763d84514ec7ea3fc9b8a85de3cd2b7fff6d4a7711a8158a	6c8e76697801ea51a687df90a57553feb745f1d85824492f4040cfa8bb837f61	6e29a0d2f9dbb2877f0f345d0f5223a940502a89f0ed135081e09bae22e4f0fa	73f8b0449538e0919b5dd946330f67eae91fa72b38987529283e89db222dcc1c	20e37d4d5e8eb396a65b533e538f6e73f198ccd1cc7a032f666b97e4f6c7f8ec
1470	b2e6657bc1d0378eb30649158afc4234bba0851550a237e3b9c9e923124eb17c	ba603b62ade80b2de032ea25a116c64c1ce92415079a3a9cc9b1d55b7e70b729	09b1217588e16e99108647a87f90a42d190d71251cfc80901c9b9485b8c51cdc	76556f3cc73b698c52ffabb95de849c6cc65b97aa75829c8f72f9deb8bc18b3a	0b5ee8ce47cf8e1ed0c7b8499b886c372eb79f6f9f682ad1623b833f56ad2fc8	5d0cd959874da41d84f9e821aef593ebaef86f2abaeabe6ce30718e0dcca6bc7
1471	cc183d737047db53818b3800bce0eecddcd7c128084b041a779ac390ba697e0c	c9eadd49f1bee39aa0ddef52e233632a6e2c794767a88350c130294e6edd8c38	0d5da09d65cccb2bc5d2b13caeb9a1589f02db47e5fd6dca905747cc61603a09	29dc9bd698efe41f099556aa0102b7c501cc143619eaedcef07dd97aae799dbd	02cfb1a5ed86a9a5635b00aa2da85b61676008c8e033146c3470ce601734167d	425579db5e9254c229c091a99b6372541835fee5f13a4bf460932c38c13ebace
1472	77ea5490be447be59c8f32e2cb0ee97fa16d85e414c312080164250f9e680b7c	5456eaa012c088c7f501c5f562ecab6c741c90b055018ab813c8fd926b0c04b1	108fc4946eb4ca70248d96a40e901db9007bef3adf2684f1a2384f8606a22a21	aaa8d4a4bbafe3993a3e625ea4690ce7fe965788e48d76aeccd0f7db13a578e0	8a677f616850de13108219a64296902baebb20fe9ffa6486bfad360005af3f55	b07e7e8c2493e31f2133ae0b8bbe43cb98a00040742f2beb99aaf20edbc913cd
1473	0c8f262357fa7be09637c1c017eb640afd3c411ac94d45d5d9c42092c54b16c5	2e6dfba0e506d6555e9bcd870e83521e0adae6f35af2e3cdb9ccad0410c38c6e	84c1ac12f7690299fb3cffda78f2d6d2ad03c8097378d5c9d70b40131b2eb02c	89b4aa8443990102f5e92e6acabe0358de53bd200f34953cd42e750f27c8d0a6	75cc206f9eea11b15fb3719b2a7ad65b528b1aa05cc2b4683e10cacbba8128f5	2fb2ff04670e11b4e2339d095f3f08e734bd8ecc8dd8c01d7554b4af373be0b3
1474	a58d68ee15822fcb83e8e93186ae8d7f067cdab8c7f9e889af8b6198637c6bac	00e5140cb7f40c9f78d4ec7ee3fb8ebf821b545725d4bd5e654e53c40663d5da	4a3da3d302a358407c07e5cf810e044a0708dff89b6263a1f28e5f829298343e	6b4472b06e7664bf1b8a098bdf5ffbd302db9619c904bca975fd08ad3e9731ad	392d28e8dbaa60a0ebc143a4dbad6a3239170cecdb73f0a53ce6980252fb89e5	f8450a88be8dffa1df336653eaeffcb90b4d4f9e916d3f80b741ef6fe830996d
1475	3d32079a5ffe70cae2bd672ced320449eb8cbe3860e46d2d7b4bc62c91ea39eb	ae897e6c4192aaf86c37d59942dc6af8ba3c6ff3eff9dbfa7deb6b223cf052da	2595847da8c42b8f3be373a61654ea3fb64c88c60d1b67ed313f6a4d70fb6717	1257b0f369e7c23d1706eecfa32d87584483a596ad3ff679845069997886f001	6eca4fe5cbe24f80dfd7b595fd79ce4d053b84d43d2e58a3767371fbc6544f12	e582c73185ee9a0c454c33e6f5c1f36374d5bec96b679d086f7d89f7f9b30ea3
1476	2831427935511745f7a800aaadbfd8400ca6b779e0c962efba70703768db7c7f	ca3819bd2c1705aae136659eecbfc7184f912eb109698349bc0a8a1a63157153	b49b196c5119d5c65c759e205a26b5f9662df6e6dace98b5a8ca3608f64e2881	d856794d7359e9d0e79e2679e05123ba903e208d17ff0bdc5951e9e64adb5666	1e1537568b1132b97ef5735e5f83888914884259b3be595729edd8b1166c0ac7	437d5f39bb8437eb0b76b2ba37c452012746586f86e7d6080baa0dd80653fdfa
1477	82d62d30dfda4fbba08e1816661105866a69b3342a090267e66f0d62ac9fb846	d6a8951e955bd0ba3a31e759d9c1674ddc0e1cb55b9195a4884c8a57f0da48e0	e9d83adbfc7edf0b66278322388a4450791fb079c2bfb4a93950a879a1f9adb9	6b679e932f2d047a390a6ef5acce30b9fd4a0e318db00395ee4f277b878bd8b3	4fc69005d83298e98b5f3dfa984d505c80fc9dfbcf66a000173da9620ea94d35	e50034b329686b3f861db0e1ceb13327413ee2c059725a8ddb8e2607f5d1bcf0
1478	a79c129f3d51e047993278a1d26e2966820dcff800292faaad2776e8fd95b015	ba522695f32055057ea2a0df048b8fe0f869a4088414486adfba28d55973fc89	0ad404f784ede8d165d78d2b1302fe942daeea923e716d64d17e44d50496eae7	474849e20bc97a6e30e560fbe20ae8a1ea2d30a84fb3737c334624d23d215bab	a758fb380d51cfa68d030f7a7601f69f46ddc6bc056e317a0cea8d5d6b4a766c	f1f1d9ad73bbd60be864c2cf5640f69e27107a33cb2dc23547edaccd1c5a0f51
1479	17edec349c974c7fd78560fd9b95366a6ece1b7720495d1084086fd18243e9ae	8a099be122ecbf348226d24f87eba4c51209b63abe6be31f4f5e1a0339ae7886	850e5e2669b5e4d9131f7dac7eb883d04d8255c5a0a9d0a99a5da6f1a50a2d75	6bac88a4c6513d427e11cc3b1d773af9817e35ff6a870e4acfbbfe4ba6b11472	d6bc2699cec0623f23282f033797c9fe4e766a94971ffe869fa664d07446f87d	bb6b294c71bc340afdac78a2354b5da8ead82956f8642cc217cfb5833a1d6c74
1480	7a56df1acaa97cdc1af066900430fc79a415ba82ad4eda938420f73718273415	88b691582cd3069c0e0476d48cb1e28f36a327767e6043dfd66917958f16da26	0a1df0426128b6745d61b052b334d3005e1693f68a64b106028d39811fcf6699	56b4ba2a6583390def63181ee053cf3faabc9287272fdd61aebab8bae1c30478	152994f02f7a6065f0d4f7c0f93b00726e9e022160add311373556e77669ef30	c86c28e887e5126ac5e6b8b9da5098cbe47b37c5bcbc9548d01000ddb77dfc63
1481	b9faab02acbdf590f8bccb9e5cb0bd27a5b5d87be2d3d184cffae274d6348b2d	7a3afc66c7d6f7e6effd7c5d24560734aaf193304dcb87be908f269a8ff4152a	a2fa5993ed5c563647686345ad713fe4dfaf2722191ad8e45d46d944efb972bf	013b811f820dd15896fe2f82e940ce4fa40c8936cb493e91a8f0f9dc322b834a	f5f31ab473977d6f4a6eedf467a348f25d01c02d7534bf10151be0467b324222	661737b460aa108f892d2e8396b5020b2d37fb52d5e800c7549dd99d78301cbd
1482	47ed64620e311b60e73cd91fb6939b6ea79f9adda85bc445f7e9880eb66d09b2	8ef45ebe66c8a3e9ef64b93a4097a0f0d83fb82f05b31c087b66e67df52e2adf	3d9da7a88cbfd35350b68137b162dbf05080e302ecdb22e0189fed14c071d6a0	78f1d050a9780e7a85589eb8c4a1c2b3571172e76a08c42ba46282de6f2bbdef	f3ef1041fa48c1f84aac4d2aa64221d84d96d5e3db8f2079527273d289ac4972	ff26a4958aaac2cfd6e0b4629427b81e496372df5a43a0ad5d5df48c978281eb
1483	813780cd1da2f0eb431327af9f34bd2813352a56607567d0be9013edf74b8c69	7e6eb1f2edb8300771030356c854d02e9de631a23512953728ef0bc1295a46c3	2cde1813d2c00ab00d567c07e57c506a6b7b7d59a42f2124dc8b09c16d810889	ed8bda379ea4abd03c5c1ffd2557b62b3dfa626a4245db8fac5d8b575bb7bf84	9085d15db57b28aafd213154b1f8a8c4fb72bb05c2da11a711e6c5ad82352721	1c995752d1f7637021c2f6d07f7d52dbbe2ff687160970197f7811847ae6aba7
1484	9cd976f4c1f7e4329837561a6801eedd8db47adcc12fa1a89ede40a724d64c9b	35f40ff05bcd32acd423fd9d7bd4be83d8d1cda7a9d58616435508d206e871ae	35dd3152e0dc923f0ef71e262efdbd9cf78479b9d30008e0498db0a9b7db2367	17ff8f725759960012e97250d01fcd32d34af7496dcba46d8d061c1d54eda313	0b564a583fb65dae43ddd3452901b74f27e1d2db8a908f99680825f6cb2f9f1a	3ab9c3111cc5b465af39d38a758a55a76dae1856547e1f138cf699fc6e4033e7
1485	55a4d42cb7e967f024f2c558bb10dc077efa2a88258e2dfc413d13378766b4c6	6bd13c5e86ecd5040b210902ed33e88b205250cbb0f80646a6d23f2cec5dd6fa	e745c2adb27e06395c089fffe7c77a18e9d09041d9089ea328087a71c4ea6787	94fc889e64914c87b5ba943fd1dd0aebf8f22a0020b65500b9e9ded0c914fc92	573845bde71cae0fc5b5b2d811bfa0c9113ae07e2b6e3faf2e1b1d4d72d86b43	c18bb99346880909e5a7c82fa15fb8e28eb0aaa23acef128ef366f26eb1b0c43
1486	b204ab477e6eb88d8ffa4d31321c37f5c77d14f9ff6284962f31bf2a13f2bb2c	2b3c5275f940f8a6aba667f625b701116cc19dee6934db3960da546b67ed5e43	2e332f430ce99248e5b85cc3cd7685f50572ffbb5933f7f1d89cd06e537d3cc1	fb4cb963cfe5f049b1d8928cea089f9e59edc347e75121f74b582b9d9234e80c	d50b38a6f3c102dc4c5daec5c8e835f27dd4c6c7f7578cbff6f703afbc82594a	fcf46a5ad1cdf541d8c3674ed5bc51ce64d4b3a6e8f6ec3e40d1cc1e1e24f9cc
1487	3527a302baee5bcf2af53a8791e214bcafcbce7d9eb2f6c88f555d8424b104c1	ff6dc388d14f6e2487e2cf14eddbbb60e2d383169fb9b11915ac6524bbfd7592	939c7c80a8e12c4564b62fd93a0e7f664272a7d42738ade93543011321a4e914	c2da1d915167281c6e1967c919d9fe0201b216f3bd4e860c0b89260cf5a0655a	a0fc6cdb307cc35b1877122a4e17c5d2dcdcd0feb568d916e322e8d12731f001	2d3be259e83fd0beedbbe55042e44af01a151deae119695ab35ebd57c1b9b886
1488	1f3503565392c7d97d9568b364934e4f95cb0d74fa893f068dff57f770940fdc	247b0c3f00604230e453a8950f49c4d0d54bfbcd4e07d83b479259b682886a1c	82ed790a05fb58f8fe803b1f7dce5fd59392b8219f1c1c9fd4f12ea228c9e286	eb3952a6c652e77161ca7b98bb7d0d881ab1cb7f0526efbb8449924ff1237640	32a8be1a5e71e4d8a483dde6179224812ede94930a83b870a12f735d532f3780	6ca58e5ff33cabe3a192c231c54619b91e95949f063af10482072d5a5776cd18
1489	0c052c57963519d5d93353853fc8d2b4de2342c47f863dcb419207299eda2430	2651dab1de8fd131f1fbaf657788f9a84a69812787d742dd96c134a17e3aff52	991a422fa8c6bf4de260b851c2a3a408c44500f1b0cb5e460201205baafd1431	48352956dfaf95d51483892e71e56449a872a8579eb71b333da970e73807bb37	29e5bdedb7ac6d10efbbdedb048cf83c648939f6e591fdad4efd4da1bcb04ce4	0e07e88f6e6d4f7767c457cf0a14c0399eb7438a086c4305f6670b20746e92be
1490	4c3b4d1190efe689966da4fb041fdb9e8f9bfadefbd363bfb2e80cd751899448	4614da1100c29f946dabb1de59d2b80c940d5e3addd60a71a0cf3c635e02d9d5	55b45305c8eb24901952e0cce3103fef6c84eab89ffd21a00e0a2398364a10ec	d41dd1d201c71c7d47caedec40ae3c8f2695a78fe05133311b82862ce473dfb2	9d91753b93947fb743625a66fa7aad8d66bacf66e0220aa5654b66de83582066	46f70a34ade04ffc895933aa8cfadcfcec17f4e08d492e758e9df7a2740a9809
1491	4f5063a23dbf2371422d62cf1fa2f3e6de4543207845228e883c0af872ba5d2f	bf12a617e82e2ca6e47613da94ae277b940ec5278d5dd4c13a32520fd997f158	7cbb1f8e99f7ccf80edf028509e48b6d4e88299eca5bfddaf3c65ccf9bc7e68c	a8e0ac1c56f9414e8be25d284d6622ef7fcb34b5df2ee56ebcf134a1b3ef2348	20fff6cc75fb7c81a35f0f100ceff5f10006e2776c20eeda75c2cad30d447831	580a2e9968909b98dee9a03f575e988ebec76ed58668c6f845dafafe95972c02
1492	ca910d0f474141a2d003f62c1d6a5b3c329f0b4374edfa755404ef3f5bf3c2b8	e6ce99bd554f0a7e9f085e5e7edc0e02be5654f058ea439b51a55150825ac150	96ec61020c7d9ccea9f56568fc1d8d80c1b4224db2ab661076ba31615d366f9f	acab73e8ed2a3abaca0967bed01e8926674b4912092a24b98520df5008f023ea	d4a4ac6eccb2c1c2d65f2d8c1de5ee5a140473f7fea0c67a19976a3706a94520	8ebadb186b8adf58aa7a6a159016a0f7c0e3ee5010b2f549ef082fee548d5360
1493	bfa82c0ecf0f91dd96ee2e1731030ecd810a240da0524ab674087f6a0979b82b	c28b76fe55ba8e2a0ea9a6921f7acd1edd915a70a8f8a37544bf91fb388a4e8b	76ea24f6c3f3b6b09c50214ac45629e5b47298c66f11eb8062fcc4bcb8b8ce73	c77587616971af2af375d2f2ba5e246661d49738f4114121f5d3f496460467b2	ad9390f1862d4093a97dc96073e28d0c10564a8c1a305a7c7f94b49f9a332b3b	5edad238d5885f35581451ebab0050069a8dd1bbfd49e6b8975a09605a566adb
1494	1e3ae5a363cf8afc0c7551ba9706a5bf06f0befae41cca24e4094b66db5e46ee	7f6bc9e6ff278f0efbf80aa296f7b73218213ad33fb369188ca9b7187a4d37b6	996a3df1570090e8e07ade11418976200fa568a408b546fbacce2b987fcdaa4f	d392e102e7583875f69a38c7c0fc152aab5d82d7fa7be5e84da12cc22aa65e16	4dafaa0f16d55ae5d69ddfe713383e496b90e9b307e85e9060da87a7cf33e1cb	4537be625581e6205dddf23e60f2756b4e1d5ef72a98e3d2266e6bb386e3f798
1495	f2429a0fd7aaa0e8c011044a035f783b406571f1d3781df830b2e9a2ef0238e6	17b55284aa627914d5558010b9c8bf3fa9a693bf90d5142e1035f3935b34ac98	09b6aac5ad0b0003a95d0338cf5dd36b32e5239e045e1876a83299057baa33dc	02fe7db80f8c012f330f2468b5fd0ff6f1417cb1e72e62f45ab7f8b7da68460d	aa2bfc84a7a54758aa39ce1a3140d16f8971442fa849017920a6f763f463d48d	ed950e88f0d07aa8b7205c8b9ba45734b140ba12a84ecfd6b76b588d63395893
1496	b7bc93b6f131f861b7872a038d1e4d6615c69e851057965ec008ea45189e2786	bd209adab374b1145def42162256deaf6d999509bc084ed42c66d1115b417274	663ad592aa30918f6df305f2cbaa430e780242bae3cc1016ca9b615e79c1d934	ba897a855cbc611dbc2d6722d236eb1251b2cda160243d59e49dd5f81a3c8c14	0a34cb16af75e89a087fe6ede83181b1e5ee57c3bd4edcae9dde290828ec8e48	19549e240e83521cf683e3a537c4f61f2bbf25e4ee2fbc53fd2fc1a6a069d333
1497	c5aadc5d7008fa1a56b12074d779b075f0984c676bb2885979be049c2a7447e5	a59f2efe5faf6a977248b943da97e044cc25d658776e89a83a1397d143a57268	0b2712dcd2b9479839839d6ca3e8b9e47f66736b54d6b7a366e02b19a9ded67b	042417010254447e0e87638ec4c51e0b09266ec38aa65695652c9e9b09749e4f	df02afe9293029df2c9336710743ac088eb6d0e7c302c4e9f2d4ae8b2a335493	9f4ffbf3702e3f06cff2e2a2a4d1477cd15e490ad30b0d88ea50e7f8c3d683f2
1498	a26d1dbb686adffa7d06a34f43ae284e9907ab910314836753d1d431250f19df	a5286ba95f93d59fd1333690a4dff4880e73c82c9ed2738903945dbd5c2858c3	74ca1bf11dd79535b44b9a6b1aed72ead589411cb9e8f9cf1cd2b40265709ede	85fd0a2567f5fa107088f38e2593b0714e27f9947898ca4c61d9f12cf6f65af5	a16604bd4b72fd1956d8d2b58d8636ddd7853f8f0f953e0aeea1ada8c9f4195b	a90a4e73edd3ce97528579cdab1df08252ebbab3bcad086de62c20960c0d4a2b
1499	a7a433c7c81f85ff1b9bfdc7606f7a251655a35ceae6c49171b894aeebb8b503	b7ce7fcce7387dc0ce4589a30f6cc9fa6c02b8502acdeebb8e29a004a6521eb5	76bde783340131bdffe01763c386bba505f0ef5e357e4bf092299ca88b94f1f8	6ade4f77358f9964b63f25d227061b5af2da6c4d8bc520b953bd1963cbc360be	54364cee31063d50b5154f1e7d5c09860e649059a6060deed589bc032be4d3f8	ef8fdd63db2eda12c5241ee5d24333192af94f82ee7f2b7574fa089b96132891
1500	38a82fc7ea6735fd1ffe25f0d459769b58174b951fe7e103bfa12ed7080ea373	0fbf69630b8d2a6eb30f7bbf72ff90ea462e062d18b2641fa3ef493782218ffc	be6b753977379959b0ce1bfd778437c1bcb8ba84df77a9fb86e42d46985cb821	4ae0b88fdf17a3470b74682553df0f686d245883cf3d5771d22bc0355f782268	cf5034ff41740b8e15efdd24c3a4e9bf94523872e8422ec8e8303e8559261986	3eb802c798869c3d611bf91d9bc8d8e564464edd0fbf84b6825699eda7c2c345
1501	29eabe899240486b1126893ce57284f066ee03c99a15d1f396208aad395241fc	57e74a2a0c4c06b8145ee04f7de2af739214b9e836bc9c7b9cd739e730e7e504	dec0a471f11abf52fe9804abc9ac916c97f0ecd9ddbb9ed5d9815da6fbd61370	e13bb284ced16a48f0bf7bd83f1d446a41c8bce7c8ef10df3cb7143bced67f51	58848d59719d151cc12f6669321216970cf67ccbec9200a4420b5bf4ad3e1f90	9b2a2c322833a72676a218dfc5e7bb47f1a45be032929f8bdfa8744a3dfd1e93
1502	fe4c56450365806e99e47829e861d8a53d9bacbe3fc019a836a1f61777622776	9100f241136cb75128c1d2a28e1287ed3722a3b9c585427db9970815675b4dde	4e3a5cccf876800b2f9935a1ff73f215720efad5cfa1e63565129b95f215fa31	e22989107be59562c20af9dd9b0eb1f9394db375c6b7e7dbcf93232dcf6ef30c	bc8e1f83271f3ada9c6b6ad1d41e6c13886731ddcfed38e519a11198654ea251	89a76f297be01e568f718aa59d24c7f321b0a6172a9ba0c31441093cb2a151c0
1503	9963f58e59b59a1f246dcb4bc9172321742d29d0c581ef3302f3d19281ea1c2d	fcba7e7c4c80b20dd05e8db6abd904cfc39d014d577ce02ade97fc0260f3eafa	431e8595973590563bb97a4f9d1f8eed79af4083645e3165155fe5fad1acbd72	d26245d5b8a6edfc2cc0bcb7dc7de8581ec261f4a7da4ce1fa99d6141ff484f7	acdbf109c23b9e9d7254e301c0a3bf4df67bbb5fa6371e3863c977d6d8a3d806	73ed3a1dcb6baa18db12e51e20cfb6e324f2a779d1444de5e38f8ee568c968fb
1504	cf212544f74c182291daac2dbd6533229cf8b4b8dcce7cd4b1ddda00bdd74d95	c245350edf1c6cc89c484c010018490e8143a71ac55c2385465b3ccd002c9a08	9f8037df61dd1ca97402d8583ab6c2fdfc932af882a2c6867b8042ed04263f41	c4abd56705a35561904ebf0f470f768d976b064702b43163d2b989ad0926789b	9540bb7eec5fa687e97836d048eaa0e1443aa94438f1340b16695aae8bbe088f	229fd3e6bea579db2dede26468fa7fa18e0a9829744a30f473c5077ca615f7de
1505	d9b7754e7b6bd3b04c67692945bff4fa7f554f439c6ef5d604d2c1f764d05575	89704c9ebca9518a70beb58abe2f9b7ab335feb7ae3fa59b26148529f46174d4	6106bc33dc47dade1339ed77b6f2ca7b831a5acf76b51e1cfed670c157eea712	e770c29ca8b218913ff45cc6e0adbb8b96e6fd9b16bf0aeffe94cd5eb5b6d1dd	6d3b74fe69dad744aa10061a223c532063a9c3baf719e36341ab38fcc74bb4ed	ee73df3ee317315dcb7a01c2b7ad3d87e4bed3672ddd9a19f613434d6cc60e96
1506	19ad1edd3624a656bfedf31ed3bd71002fa04ac7c559e9869a3287af38e37fc0	2de7b6578fd3397accc285b307a327d46d8d1ca1506d37c006b6df33a5ce2b73	4acab1daa50f94e95f6e124c638792178e94c08d01ac98bc68069499f710bef1	699dac1f7c1bd43d8e45d6bfb248a67de9a64eedd135715efb161adab08022ae	a9dd948ed2c567adc36b0ef2825aa5b1350b094a796b9f6b6a9bc7a616796ad4	2f74c795abac01a719305363ecc04308488b71af9fcec01937c2535f4a8f5924
1507	ca428aacf5e7562881af23b1f8230a2d2ab4754587b5e1c1256f7ac3d625d688	78219106f6ce0a21030ab0ad4d122ae92531cdcf61c1cc6b8059c1038ae99f4a	d5f7f7a8fc02394a94d1b608c430b24a2b64b45a8078859cbcc5df44e3032b95	a7d06f0dbb8b6364f6716e51ef3e77b4c42ea761317ef8112eb080ab66f8dd55	105bcbe2dcff6d531c349d138dca68f64cb4f9cf872675b543857814425a0396	6cc0a5812081c8a0b2c26a8311214f2f8c954ae83c12e0ce05f0fbeb4442e7cb
1508	04b4bb560cf7b02cfd71d031d466d4a2a1c83e43c00ec9bc7b50aacf1425b1f5	4f9072a7a0f80a491cd1c241bb14a5e7b8e33177b83d1dadd294ebbad86aed66	4a57087ecf65c30617b380b612e693e58ca3c0983be7046f88fef00a542d41f6	a50849e7267178d165f7245290146a0f26641ff614b519dd102589f4301d5d77	592a63c30b8c306b4ee0d57f79bccdc43fb3aabdf2319b88372fc617129fe53f	f9454ca3002ad0c1df24fe0e476d098de1a555e6e84800cf93bed0582ac0af7e
1509	17cd403e5d0da124f3f56b3879928c56a8470fbb1c3b5b5628d7d002009bf525	76fc7b32e916d75cb1551655c796ff7ba00a0299b5d288aaff8294481e3671c4	50146fdcc17ce80122fb376ac77b70432567e80e9d7c68e703356f386b260d06	53850e1af5ec407354e799ce414d351030c42e06ccfca6565d002c408efd3c7f	7eaa910a25e45b64c64d1e654b0b8b06d7074ab7e9197a371450e5910cdf82b9	0244ade172b992b4931fa1be9651728e913dc917b9541b4620fa975a785e21c1
1510	289f7b8c912117dac48947de3f2e2bdb9ac3a133c98163c5cb2059802981515c	eecd926c78714d8ac346afc02b44b52287f1269409fb7c1bcf94d9c233204218	a8f53a3717b4ee1053b3e3e3c9316539cde61a06d2112e0f02f17fd715529d52	b138db646dc3c8e3e13a3b9de4fda9bd81162fdc1a9e0943f1351628ff72cec9	32edfa665f6f4a8c73230cbd126ecda047424f32470c316d5a40df90b9de1861	f7bbe644044d1d93bf554e1885566d065e3f84a4168aa6ca4eac7a22bfd69a98
1511	5e467fe4041505a8f622ffc31c0bc96f98758990264c33c9ed84cffee8885e77	8957a7d1f27f18ad8361a4bb6c8f02104eee8a8d361762ba18a027985b6f6560	a7de5d0b2515fa57769547b1ae4547d3542ec81c57d84abb7fbee969c1c000f3	3d24450a574276c0ae07fdc11ddcb4787aba14c3926ddd1b375c5e245de8794e	4365a89ebb88baa7fb3ad61b2905fb4cd510eb00bf279b2348af5902a8abbc67	745ddbf35d83d4d6312f9ac0edce2f7a4f3d5eed75e09a39347cac59eb85ed0d
1512	fc70fcf5b40c1803a13320721cfa3106b16b62b5e288eb842fc20e642cc911c0	3a34f19f82578cd8b77d4d19496944e145014dfbfc26a6473b98cf3e1ee6ca3e	a47cd96f1b410cc2aa53f53502fe909b654987bcb03ef8b4a15dae98f695b63a	5153fde58b0a60955eb82575b6dd48704c70e8b25309028160803b642f467276	a28c6695c3939206cff45fcdabfbe876db091dbc45543326b413c4fe9f8b5106	b5ae20b60eb7e4d5d0935bbe5d77fd8907f4adc7544a8958adee4df95ce2186e
1513	70f33da4daa0dd1a8fcc2f4a9edb0a292e96fb5d01fba49b328c1a40221dc4e3	3cbfcf0283fd14ad23e7e0743e7e389b0539b40fdd094092b683ccee622b693b	ac78f13de7d4b8bb52f801db940ac357e1d643adc2c0d72c1b8a821b0fc0ed5b	52e291952edaa6e774b93010f540d98be5af4aa64b280d8bd9063a085709cce1	e4e1ee69a10c70aaf8f7d3027873cc88827912000b3a140309a72ae1f6bdb2e6	876fe0c4f9e5856dca5b8bf92fbf8a7336e65e4d2e873f876189ed3c3f843098
1514	d2940a2889f645855f231b5de8cfbf7787059334095038ade338d962946e67f7	6a710ede0453cb7baa983f64da706e407410de43faa91d7e75d8bd47667cbf7d	57ce76848a0ce64ce56cadcde44c2aff9ead3869f1caf181656629cd89cf3c6d	a21b82b9a8764807493a8b6f8be6b5e83f7ed818a22e256353d79404205ad1d9	6e4a7c33fdc76cfea63fb4ceeb52131e454d233c7826104a54bccf0cfe48627b	7fbcee8b2ae135d39d91ee77aad4073a9087965d30839aadc764e34a6f10a282
1515	cf28551cd5d86f47cb4d4f4dec2989b69b858e9d71a163dfedcd8862919fd1b6	9417535f3c3326b88fb44b80aae30cbcaf6197d73c1e0cb6002b93275667c088	b0eac29f7fe4552bd0ec564e223a0aa92e6558c438ce9af764306b09e870c3b0	3cc1ab7badb8b5818b50e1a901b2b7bbf0fc790a8be91a3a969e4f733b65830a	bf506746c1b2cd1e3f43707c0e6c794963e0a393f23ea32bd1c9fb4d3c225e22	bc9e5df693865bfad8858ed74f6271f45404dfd2786afe749f5bf4f9fc29d8ae
1516	6ac4809b28263d6760513ab158d020bbc0e8c7ca577ad98c670ce91430d1466b	5a86defb0faa8f7bebcc6e08c84b086e8c2f2b8716f9a3eaad02cbb08a331b25	4a75ed612bc4ecce100171223891c11819a36945c92985320ae7931943c1387e	b432f894bbeff36b2a4859d606787b682d27c1a6fd786f6494410a9a64b44bfd	0b3970aa3f97b2132ca76dc4c0efe37542506b6bda7297ab4e3cc2684910154d	8d4361e576cf82cbb84c5eaa4948ebb34278f9f37cfb531ebf426664db8b4e7d
1517	febecdd692f61488f6309a8dffc347f1058d4227cf99f4a79e6d97ba2830a8ca	b3e4f088a8d04009f2ed5126c0aa1db66dcc1ff20debf9bf4ead396e2e332ec9	578376c423b64429433c4a98e8575e99bf5dc641dd9c168f85a805cae1b87861	e28f3e0f374171526fefb348fcd1152cb9bfff8871688f6d4b5564c336ebfe5b	8b7aadaaa3ca76e5f2604bb8223f6dfba58d93e2de39c8666f701bfd9776b463	6d1ee50a78c7b4c50d10a170224e77d40681e0c8888a4fed7d53dcac52981c44
1518	a733e5cf93fba5560db64f1aa409e77c7cd8d8729223961d82bde692a17e761b	b2858dbf4dff3d725dff96ae6980415fcc382f4d5818de9a6291a15437f6e81d	6517b2fbe7aaeb258b37827aec2b4941bd8d4f486099a028556cb86e7a4a0e37	5a3fe6fb613a5d43b19fc6e8b704f8613c99ff201f2d3cd0baf8ae7f1ca1b3f6	4003cb6c190176189ed6e49c6225aab8eb3687f6e04091bbf1d1f310e68d1fd7	8b09885e573a5a00ab3ddccda6c59abb4aefeb9d49a27ea18546962921a1d972
1519	1c709e3154e56239c8143d0279d98cff7a0888fa2934f7d01b56530dc01163cc	cbfc2e80521c011f92061ba3af864a200906842b648a08823725580fe1596eb5	d4f85db744e7a02262ff4b455a35e146c1fe3ef2fee7a13061f3c3bfa027f975	42c1c7e048fee45b4e5ff50559c8631b938e6b4d52ab69a6984609c67ecf013a	379e55bd3256230b982cd5200d01c33c9e9bb3df01d72c33f4d3c27fbe7cb0e2	6a48967ccac63f736a04d9d689967e079a370f640c3940140749985d6ee6b6cd
1520	2f1123a5e4670080f7c1ce5c34321d9b486197e9ffc36db7cfbf9aea09b8fb43	132dd6504ab53882fafdc58d9720a0c70aa34859d9cf7c978f9014fd4aa4b5bd	e3a936982ad094ba390a743217d10d9b0e12f545c7fb9bc055be9d49ba3a2991	3beaeacd424cf2a71a2c8da37c4eb0b6dc22d28c5951322c8e0a81085fe23136	82b185a65a387f9745bc0917c23fb0eb80a51d2959210294723ddc6320f6d59e	4dd9aca8293813ecdb8bf55791b0e48f275369b15fa6b96d9de84bbb8b71c512
1521	ae14e46c7f1f2b965bca859be28caea97e5c09fc8e673b850737df982da51751	ce99e02674b949c8a4814df133e87fadc832a000924fdac1bf914ee121fb21c9	7b16d2939d937fad21a304050995b80ad03dd1e8ddf7bbda540f7d30d9207818	5f3b147be4e7f4db35f9d95b28087abce16a7560999a80adaf47f2245cab02b6	55e4d8bb11fa9c29897ec5cd3fe7559510f94dd3eb5f4c5ed688993803552769	ef9d5f286913e9208c590b1af6f80c50810651cf9fc3d37c0e697f8fcddd06bd
1522	238f8e3a6c81631521ee53bc08b9e0b4359d0599a5fbde5d11eaf18540f9c2fb	6ba52dc008f4d98be2a37b03149d798ce44c1e0eeacfcdc817cb60e6b0c2d360	4134ec55d12ebd2d7041cff03ce2b57ed8e958016629d88ce6dbb80efd029d9d	6180a8aa971acfeee1bcf03269b424fae4af7179180821f88a2996ec83fb7781	fde1adf2b45c9e33c01cf0423f3b769a3677160c17c259f5701be17cf024024d	9be6c07706cf103fdd384f4c9a35d360ae4bbc3439e355196081dae45c1a25a4
1523	ac22e70755969b31d5fbf401c5824064f3d81d2309a1b4619a1fccefaa48b8b7	cf943485481e8bb52611f0fa0b63a2f3f149487e6203603bf6ae8203fe6a522f	e6305dc7e4cafa6f131fcd30aded506f095161814d4dcdc0824e789329364e42	3215693bed91d90e573c781aba0e26cb3e01feef4213ccb800f27ff9513a5652	ca04de92969a3fcf884c42c3dff7ae286fb135556f9570c8054c4bbafe608e54	9f350499052d06e25687e7806046358da2f9b7bd225a49ac0ef2009cd74b44ac
1524	b9d76318cfc4221b0121fcbb06bb95651a1ec3817f25061ca4acc6f22c05c40c	e49a06203410115f722d41705808780d8c2366ae1aa8924465aa2e006681ffef	f028c8530abdc72e6caa9bdbf8bdf0dd4ef769388e7775a5c03c9166d3afe3b4	dc4f4fbdc2948624a3c68036e158ff90eca5521747668fa9fbaa2544b90f9c49	ef7ccaad00107b1963aa86c7f52ea94b3fbb2207ea9dfffbe029af308fab4421	56977a748216e4da00ece17ea6f98c85d4b76c332fb6d784b7694428055fd8a2
1525	694ad82fd985184e39fcb0c7feba8dcc8ed7b25eda34e445001204b9f916b074	e491a3fc90d9c02c16e021fd73bddab1a301c4ff9e8a6856210efa2d63f83dee	6ae0871e4c5f8c455b11aef7790d20e881b3276f60c830d5bb5c1fe2e9708956	0236150a5b549cf1a08d29eec6fa29e20f28a5594f483d2f822aa5f8c25db003	c8ac33f6d282a4ccd80f6bfcf9636c44eba1cefc464b3b12a199039636f769b0	18bb4ed76757f4d23416f19de324f00f52309b7551238c94cd025c3326d0c9f1
1526	8a9b926010714b6e82cfe27b64621cdf6d48d35debd200209cf078bda3a9ae49	95c8742c05b72138539919b45b17363074befbd5d7c7bdf462e4e4d7b9dd5e3a	61a0f7178a7ab2a820db28df954cf6d8f5917f1695fd1be617d332b126694d7a	512f2fa7eb9580b14ae04abbfed88b4037d373a065562a71aac1c973b7b88988	b0cd29aa7c4afd31410bec94b53863535328147f289bca6f2c09eb5b4e4d869a	b3df94b1566777164013644807c09a20e187ecd0ffce4960e7ee6851dd60006f
1527	cdec1c8f4983dcf623ca294d7cd79b78fe9a01c1e0e1cbb77ad64cf94e2da12c	aeb6adb183cd5269fff53ed9b4d5cd0245d8df46fc2e5fc2a40c8733a3227275	2f92bdd96b1a31824029074a8c24dcf9b82ef746d2cf1c5c9e59d54c482f398b	499ce62898d342a6a2d956569772853c7ea085c757e86f417ddb9625bb448939	c0e9c46ccf0c8fdef042c032654c5dac811a3b14db08f3326dcda9cfe0349a3d	8846a60aa3cd57e82a491035e1f79351184cd3b1ed28eab97c67c323da0a1033
1528	f7513289c4a425518794d15dbcfdb305cb837de8a09d03c2b02cac468adc1de5	b8e146f5fd86a4a3eb79da1bc1b0be12b0197a216bd5c3445894c937f16f905a	0df5eccba15897f004d70d40ae2e5644a07fc8ab79a6c48a349c0a4434876fb9	1445d587c344ae347be87fd438756fc67c6fcd238c14b3548473bc421ccb1165	ba66a475b73bcb631f147263c18e188f738b89098403154b5a5cffa80f871c14	dcadde77b755ed8a8b9b6400a7955a56a937206fa3ddb542e613fc3f0a0f2255
1529	932c888f20131e874b5796980a01d4b39cbc052e50fb2d9fac291958421b5860	e917d0e91168d5dfa244d1b6908a14ede123ee281b2485a81a9e151c6ebbcfb7	724dfc6f936a4d2c75f2b990bd5ea5f485e0170fae7936f01610a77934404684	a3b19e714c5bd6e10897fd3c83b08f22d04a6882d766cad0b2d1f6da3daaa44b	a0b3b730383e7614c4107bfea4d27fe0559e9f5bd38359a81da8563bf3b5e502	f2e9d446324eb298130428511115cbbddf551f4e625827885a86fcd341de55c4
1530	30d883dc86e159584f6a9769f73256209086a0e556601259183fa9fe3a412b73	9ec3ce814fdf6d93fd45749c87f601dd369208b6a23030ed84d16fa70c8d99be	bce61dc9278c2060d2d326899928984ba5fe1528ed457b3f4fbb996b399cd444	9b251add4489cfa2e60f1a377f96f2351be692f62dc0c88b45c521e50ca9f1d3	776a19469d3c070a1e551a36c37d1b3f3ff4bf80479d84b396f1ce38a196cbbe	904e0fab0defa1f329258c0a7a5098c17e8082572da8622d34f7c35badeb2b95
1531	8060c92f92afe197aa7ec73c900c1d5b2e1d17ac8d39d342a9e9e93997f4eba8	b7c34cd5d1e4d3e48a2c33fe876a7215f01cabd4be99b35a3180d94c945d86e7	afd6be2dd4d2fd899d9595f7f5b129a3cf6b6b1a1ca9e9d482567c6bc8ca6b4e	cfe831f5f4e2235662577c462ae219bd0258f623876b15c06dedeb70f8b7e833	34a6a1f3f146ad4ba38194adee73b2256872d48be8adee25c434214df58c93b4	4ddcd920bbfa690225642efccc480716a17cd9b6705e6631c9fdffb89e9c36d2
1532	c14599b2a1fea1d402a97c8f4107fbd426d439bbd0bd9c957b85cd79b8dbadaf	eb03faf8598ca0914329d0a57a5437f4bdcdfb7cd69250ca34309e6cd13cec88	b2bc97581572ccd5cc1ca74bb015ddff411b885ff53c9c0619308ef1662b338a	a7f96f78a03bcb2e6e1ec7727c991ae2f6b605b95d8740e71c5e063d9fb42570	c55143d0826cf18d66b9e1424a8102784cacadf999267dce0df0c3b22c59c924	31c74c5c35b434c56f6746941f7d5b5d21ced4bf8be343fb501353c3b913384d
1533	4bb987306cf582cc0b3e752b1574448da5a774173f74acaa7a9e4e0d07a67170	76ce68104bc419b204727935988bfea79d68e4002553b902d87981aad651b7af	134a05163338b18da88775352832f21e12046bb09f114a3868d767767e1d7887	98768d9f9c0eb9acee9e5df2983758a4e51eb46c9331c57e33c0bd65a4069956	8d06eb446e9e930211fd618fa708a8f253d5a9c311ed77d285ba4f79fb63caf7	d58be87b37c5dbbb151cb9f9e7311543593382ca4effdea76da940bd34f68af8
1534	06eca5405c9252a02f83f39f83934cebeec7d3842e3777eb77b7628dfdcff640	c6359054d0e63d37ef9979fa591193b97e7ceb9262ad6a36339bb2497dc069f7	3acc766d26e7f92949f70a89fa9a1083906e0d31f969a882010b3b8650383db0	64f8c76656741a8f2711a443e0906b0c14e45034eb8ed556199e68b0867d6e1e	5ffabe1b15369e54e979060012f260219a61686106920c163118806a6709ef80	5ece9505ad34f3eaf840d2cc66cb48d7e551cbf22ec9588ed6e96360f56851e4
1535	57c91e5fd8d3a6c8d2307fb49d3871988bce9f7c986736cb20c3fd430a300345	e3f81542ee4bf6f2854a34bcc4fdc2ecf6d23566fc80cd62eda2121d2ccc88db	d7ee68ac47c47bd5110e8eaee66c1423992249037bfc4aa3855282e1008fc58c	b279eb4a9b21032a7118310246f41e3c6b4910643fac3929fa39c208341cb166	5c9a7be60b50302b798da6e91d0dbd2ffc00356fb42191143adb1df66534fd50	95fd0b63521841519d22eee89c0b0d2b8ad3a3e62062daaea18a04c06da348c7
1536	602947a4d4511b44c0901de422e31654bd303cbee656566a4deac7222bb8c93d	686836fcaaf9d1a3d0d2b5ac95b3e04fb3610427817d92a6866f87f4d93135a4	5a40cacb5477c4ce4231e21cc5d0092b23116104dfafc201ccd8c077a7b32a35	68ad50bc70af22bff43e7c926534c293d430532ce5d9a13fe2511ae970585567	449c4d09225fdb8da8e34a9987b28f73b288c96ee229cb1f06800e421155010f	5697b709ed9b95b77a748c232c5756d8cb81288fbac4de6efc265e50a8a2899e
1537	2a948a0d92f3937c0b61623fbfa635f75e546537e76a5a1cfdfd5f21af765f70	fff9cb719887bf63581b82d2fc05d6c72e7f63f494cecf8b2ebfab1e627080b2	ba2c43ef231b7016b63777862176ce66d0c7a555f3326a92d6429c8ff85b312c	fa39a80bda4a335fd0185a97debe099a57b108414cec3d628d22affe09f23280	ccc2ccb2fa883caa7e853c65239ededa9e9c7cd562674047972dbc673ac851b1	87e28a6f3a0eb16f7fc1e0ff9d96907df123bfec661bbea2b8d097b0553a69e5
1538	a714e15d508e5c3265c7133ef287dbbf0b6b6ed77099711043216e99a53f065d	06680984e4263fb08637ab35a9a715786c5fa488a79ee42079132533753e4169	fbf956b75e8e5d7aff6bc16f437bc4759f510bc2e72e1ed224e65bbb5838ca14	a5aba56f1208b0376b57804163ae7d9354514b86b70f9a645813be4441b161b0	f276281ab2c4f16f60f0646a5e38e8a0dad28bf2f9a85ad0988456668eb10cb8	c66de544723319e1bec9640a0fd12edfaac8fc41c08f1aab2d24c699eda5a750
1539	61ccad62b1c24e367a2184ff1f01cc1ecf3e6169951656cb605ecde9e95a6f3f	5be107f8c6fb07706c57538323ad639b3c95bb326c5109c05a57d687c7226c41	bcdfb9b58dac560924eded53c512a625fe31911996512aa7e9dfafbaf043db59	548d9578f3c85cbe833396b74d30a4babf6ced43b6f67648834d39fbdb0b3a55	ec64acf8c9e36ab8d50949b09bf974c5ce15c6d7e82705933acb3fe399e52606	df4cd9c035e19266c20ae71e452168d0e8f3f5b4134278ad13c305a817642a80
1540	64c3b29f9defb306dcc522d6f966666e2cd7d64fcebdaa135fbc756cec366787	eb747e3eeee2b861637e273c533ed153a0498ba650786d30e72595470fa42702	5c8051addff38e472f2c303f5e055bae39e34a78ef8a2c6c99829a498e910ca8	3dc8f5a533b8ceb6903c39846f536c5f9cf9b11f5eab277b6379ba0b1d4f9a3f	b825a25fb5679a750a79206daec118684a271df232a33e8681342acaa1829674	cc67e779b4ac222e2701ecdf190358ea8b08c29ecb656d370a655e86638a7515
1541	93bb88bd7427aeee97b88e6567898818797321711aad5ea51ee7e778077574af	cac7e054bc3fa856f73e4a494845f0588fe013c85c95b8d454c71e92ece2dcd4	dca1569ea316feb7577ecfb96084e847a47bc85c19e4c239d01f89bd49050926	0cc56f40d03cf5d2cead6b68a69298ef13db7c7e4416cbc5d4c16a777b77106c	abdf79f5c54be1470db4f6f96f80c363f1ba755064d85c0e9c82dadec45ecb7d	07c7629f9d8e1b965b0d3df3aa12269a2191cb29d65b520efea84920e8276c53
1542	15e4fe62c8a9935a93f2b980bfd1e40d3db776ca24367b2d340839d23332f9b2	735eabf961c105c595b4030f5f8b5f804f07f510cb176a28443f0c798eaf7f3a	0b80ca1a99f810987ebb98ec6d6dc277480de8f273c32ff7a367b06cf9e2249f	b9c97f577c1f666a053efc8ca5cebfa381dcf4cf61179882ab93deec8633ba03	fd3b9b00c748e86fbadab50b22908f6b8557f54d377fafe2fa341772917ef754	d1b7668826a78951e5463554ee4536eef561d3831a8386dcdc2da08b755626c5
1543	7c3219c96c38a16522647e9b5c75a40684205da56d94905f54d95729d7595ac2	dd22516adc33c6f88d4968124fed2221c1de008ec75feb0831fc102ba28ec187	fe7d23365418afefb918bbef4134d7127a66e2a3e8c9834e7d2fd596854cce61	113d88d2267eb2c987b97c278a50e769bb55a4afb6c8a327241ac8338dfc38b8	7557df4799d4dc756820a2caa720f6738926e09272834ee4478719980d5582a1	bf86132e3913601a948699935d32abdfac3819ac6386e47d68556ea90c1aa4d6
1544	8f4aad985940c214582826044a01466f3e20c48bab2453a7ec27b00d01e093d2	fc0651360f69ac7e6419e442f5a27c2e0d254119e70a0ec10082abd2d72c6a04	f05781e35e101d03a3e637421b4f9cc34f4d55cb762cee586358f46f05d18e05	e6bcf7bed05a78a5ca428ef6e4d538fe3275b67fab4508c04087db82dfb354d4	c8bdb856787f46a22d752cfab3897ebeb63e6e2099bbb0040a2bedbbebbe3d0a	309c41cfe04edcd4a289c95d357296624623a1b2a003ad655d8834f6762a3e1a
1545	7900cf1188d6b14a8ab54a67a522c4a6315bbbd19acf8aae2cabef1aef669490	61f6e9f7a50c6c85755b3c2d4f0b1af5025e3fedd770bbcecee0a8c2fd2fd926	4d8a67ec61707b23d694d2dafe384db83076556d3321e34aa83c9a4372f7125b	4f9a1842172d7cb7e0e0475832fc3384d49097951976ee70d03da9afadb05806	67e248caefcece79a22b6836de4dd19585f880bff54c1d1808eb7998a0d9bfa0	24dc2ac9009f2999039284595488febcef89780741747aa2faa51cb5af08af15
1546	26ba43a841c091fb4c07e386aa9afef5bb9926d9c98d2fc12b93e5a0e2b8d085	272e3f2f72916a50a2b9e271282da60fc91917e679215f87cdee8085f44258b7	2a67e01f9a40348efc0897f8fefa51d964f1592c080e8c033321ce166269783f	96e4e9f70982c8beed904b0b05128bc5b5d60b0c18d330b32ba837565f4fb838	6dcae2e47bbdd2f79c0fa0efc94dd2bb1fd6e67b8bfc523215368af33ddfdbb6	0a13e8773f6e4de89a8f6b88a6ae1f4a74b2dfb0d3d6a7c34a21585a1ce7e984
1547	3bc20e7fb0add0f04f7ba1be53ce84b719668e41a5a3055544a4ba4f44aa9eb9	ba602459b4ab9606f7619de18cfe75c995f1b954efe7d64ba341cadee11133ad	73093c7dfcfc37345c4f6f73402784528bb49bddf19da5698d303e6cc4c98c4e	ca3a6f58c6852541bbfa74f57e5c255a66870605641f6d468f382d9c0d3ef237	5b3fcd37af6882b92a0ae244f6a427d4085729f7e53f886cf4705462e02b6619	dcabb06173b68407b13c3906af28f254c8b07e610f2bb4536ac07ed51485d616
1548	ccaaf55282ef6a9f91d5214223df675a2c68ed741186fa23d3d9563a71cdefda	286773f14e250cbfff7cabd3e2e791e9126306b1e1f1f212f3e849616e524538	937d49389a6a3def650a5ea3c39ae7ba7801c2a9710aee89b2ecd91918be60ec	0ee16bf534f0ead6b1a8750fe8f4607495e833ff521995d085f418ed748180e5	ca0edbd1f699544fbcaff2af620a343753557045946d43fcf73e3cc7c7e8c40b	58e4d99d7b5ee5e649f78dac76a77181e106d1b16f5521bfcf99fd817fce2153
1549	41d21c906d3d26d392e32a29a9239e3ae28cd4664d180a3fc14df7aa227b8d5f	693644d556811a820f9300979797873b19ea86e30a96c2f0164c63cfd2cc945d	dd68e9926d6549863f5e5772ef8f9f339107a739600f1f0b808217e6832a4044	e8cd149efd2d07ac6abfc5efcbab788b3fc200cd33aebf393c57cb6368bd8017	ea82290f2af67b3aa5836ca856f355890345cd74fcceca18a8c5cc24cde65d0c	b7b9e3d59d5f848e322e860eff7fc31d0674fc1b17ced864da54b1b01393e9fb
1550	391843c856b7245b198d50d447907329d236a381421ada143caaf45b4e8f296a	51b64aefda73c9363a4df4a7a2e592ab8fa136bec6018a76f90ee2320d859521	4276c7e9403c0f81a61e328c87562a73880acc7e8e11f3a314813fe4fa39cb1c	74c074d7d7d44c1eaefc157d18bf20294abdee0e98ebf293dac9fbb0847c379a	259eaf2ad7278df0329d84d808a2e42578cbef2f4c5aea2500b3fd17159a3a5b	dcf5cdcfc82a4e3742b5ab81ef51e79f7a71e44f7a230a8981290a5dd789a228
1551	71c301cba273660d0e10bd37cef81e2bca11389f08b582641023cf2b5a5ef4e8	20577acfd0c315300659d1331478ca837b98e686ecb537da0e9f502a149c7364	b9ec98282a281635f1a4a8511dbf2e21ebefe38db95c28cb9486afd6a985357a	7770274f857f614153c63cff45300a0f43cd8d082443d21843dec86fcfa34569	eac94c04f082c2b5092ca6b391de09c975c65859da2b39c88c913a3a0e9bdfdf	e42e798398fb28afcefb645bd960d9166a712020d0fbadea9af1721f83a9fa04
1552	3a2830ccf3ff4828d7b624f39be329e52fa60d9a9099d86324025c5c9757edb7	3a09dcad800dbf63f8b6341afced30e30ed037a3a974da882a777a22be5c1f61	2a9c1b87938d1422a2297a50600d2126d4f08038c229aeee34c872f5a4531203	00407e6e1a97b8064957a6e94520e596983479ec787965c7a2239e510ec44bfb	3d0a4a305c2b96405d6ced4fac015ffaaa8fed94fd26e85904a574d552087abb	028d6ec29057d0d65fbcc742a81ccf39dc816f598a04464a83c04ecdb5dfa03d
1553	565e2bb3e2de14c5d7a468a9c902def236d58fe34f6075dd5f0a33e6e85ccfce	dce6169f6c0aa968bf895dd8a620dff22c9a908f34f7fdcee977e967d26963e0	086115c758a7615427863273d7eb81a2252def40df57e165fe1daabe82669476	b57dde3426cabd043226d779ab2a919e6d19df7aef12ac80709092e39f4283d1	afa066efd24b37cdba2f6e9e7aa329895d323541ba15860220b02ea980865eb2	98402b4972fd4e87e6880c0706d370998c5893577fbeb2ea7f5730186cc311b5
1554	2f1dc20dc8fc09f45d0d42c83c2fe7a8b65592fbad62361335042838fe9693e5	12f1572daf8e05a0c3cab0b16499425fb2eb2e3d3fa53c3c9e43086a5ec35d4f	090881e7ae5cf1c8651edd9733af8873370cf6adcf4a5db2e9d25969f83a1bb4	691d894024c73cc63187a38ac3d19f1d66e373dc7f64ae75fce56b67fb3feac4	8b6488429cf2bd8ed80af1d2164830ba829451b58e6b0885770634eee6228dda	3d7fae673df9a997e8dd42692efc28b197000a3eb3f2cb1c97aaf480999e3d38
1555	64a12da402f12ff073bac63b5aeaac38536dc5b2bd694f9bf3d88f358c92f115	90d34fab735d935d553583deb9a861674cc9350c293ab26d9d240a80b38575b4	b2be43e90f7e82af7320b6d61bf260df970ebf9082096253e0d1b8abb1579ef6	b103849a630f25ecc3a4270d111aa547d221f0174dd5061830cc5ea95cab62bc	313a109f69a0e9624136416efa79a75f4485fc15fc0f9610e93f8c4b322bb124	f4b93840de8a45f819884934fb5e880c0854e9dc3924aec8f9c853e4adf78756
1556	7c5d7d9ec89fb178620e26bb3cabe516e494aeff5cd10d99b88728b77f0c3335	0a0283fd9ea82e8c2535c8f6a2619c3191dd74de6d893a86707e67f08db8e981	f5e106a7c7f9d2a1ab1dfdc0995d48ce6e2356738e87453203e4ec1a2b1f86cf	363e21d92ff862b8a075255314d476a4b7f6adf3c6225f7208e6f3749487bc59	649360862224aaecd09819c93944950b3437855298a2aebd074d90163bd4a4cb	dc5dcfefcc8e7ea080c8cf6e05d3a6ecb6a8e2b6917c134c9214cfaf4ccbe206
1557	67898fbed1699baea527841a4be942901c6446bc1f566d1d2cdcf0feb3e84f35	ac2088518aaa678eeaf8311f506807d76e8801c641cef5200a4e69d7229d9765	11afd84a29c87862c52ca28c1552aa565debb05e8dfded0c6e85d82282874ef5	36c2be678ed637a9fb2714b8f3beac14774492d50220f79193b25215f2b3c8e3	908efab57f463eb81883eda1d929facdc10f9d293dadca14b5ea5bbd4ff8e5af	095c8a479e92692ff459239a86828d4308bf80025411055a4782ba123df30ad3
1558	e0875f889ccac9adb6863ef1a85b9669a301fb7a609eb6da71166641bf977936	5dd6a624130523d6e9c9a6a566afc8563430eb1ef800b4baf51ef1268d8663e8	20c8acfcca6bdb8e72e2c8541b171638ca43a727aba3fcf3ba8e998b9d672d91	5489be0eeb6fb2e4cff93d2e71a8fdcbcc7c92d0bc526910000e51e7b419af4f	cf7fdf49d5a02c9a933c787d550477243e29d491d77779daf33c18dd9e917ef8	7747601e0b787b6a92ce48d7fe7710bfdcb89997d9772c5d413b24b24f5eac2e
1559	8f87c6f5eebd8c29a7a6d101106b4def2087507fd03b3c05fee68771530ebf1a	77b44f7122a86c22a64984bb5f3ad8771c625c6cb928d4749476d539439d395c	9a286b1bcc2a3d09fcfeeb36df9bcef4de78b86bedec8f320cbce8978c49175f	65acfba1a91ddf9f92fce3b38e280817d1509afe9b335fee324dc8afe034ca62	569d31c22b2e97271fc0d69827b8b6b4f6f7673d4b85c41a73704257c6f5b77e	eae800bcee2a7f9db7aef94647f75ea6c56cf568d70e109989fada36060459d6
1560	65ebe46de2f238eba1babca09801ad6506f91ca18d2f129ff3f6af888123d1b2	44c6f954eda98bcd5e690ad1661be4efeb291e54a49a14a38949c915fa9fe1e2	a091fe4fd30b1b4cfbbcb3b7d0eac4a04652ea5dedab59e62c32eb8cc5b1d25e	c10312a6ad1458f69ec7ae3f721501f171e8bad2569480300c6b98455169c746	d66d7d37dbec6acc1b8073b80439458229ba3125302232cda509235171acd5c1	607b4b6813cd512bc1ae99913462d29fb79c97c568c0d65f9e922573aabb75f1
1561	a944e48659c1f148997030772af668739d080279abd6fd5c35bee9dc6f4e9b23	d666d3cddeeea9c706dd39e32e3315bcc8e7c6ea2bcf9d7ec4e0f6ecd5527692	82ac219deeb986dda15474378b0331046ce09b32708400319ae5043fb27b2e1a	d518034d2d24b096f9d89590dc4bd69275cf8e10f07ed1c97e68192160e64976	80b833636dbaa3a6155009672fdb8173c5d7838a500237f2782f7d3b1c222053	d1c604eecf6e673a03ebfe174e98219621ecf12cb17dddad2b47dd47e14fd316
1562	d0b3f80eb1da286accaf9daca56350e249e2b0e65774c342c3ba0ddb16d5eb95	a620b99dd93ea8144ca48945141d5d5a5f78f482d2ccd9f8f8e3b51f6eb7feb2	86bfaadeb22d86ef76b2579c55a102a9f59e70226f9449e3a87f3609b562e385	93650085b25910aea5f5753965a93e97951c1b28908b2ef03f119f6ffbe63320	7c37867350aa2e6f6011e4cb040ef3097ae552b83f5b1eca9dfdb4ad7a3b6667	0c358e822d77553e43c3ccd0e15eda1316f3de428a6c41ccc06cb6420b901657
1563	c1c13facaf3dfe4bb004cd498072338378265423decb44ddda8e4ec0fc0917ba	5c197eddc1f48ad50533a4d0b7cf54cba8dd5731675c734619e171ab3ead42b5	036318b5d48d5476e6e13b886dea0fc75ab1cbc6c3334e6c61e9adc3e29a38d4	24760c3e5501f186b874e3cbb3880893e310c159c2a2afffdbd1d5c18cc8fe64	3e6bcb5cb32264bf89c3c1ff41ff08e7c74b09d1f83df7551dbc616c78c5b0e4	7858c8fc7992bdca26e88de8a07d353236371f32043fe9bbc9612eb01e4bb4e2
1564	a77d76ba64e492c616bfe64d17dc08866698bcae06ca74f09096b80ef5392d40	668a192a63fecc0ea390c0844a65299a655a4cdc0e54f15623dd98505c1b746b	d5721b2c99c5a02c7c70b1375b7fd3f3d0f9c0856fb74bfcb80cd6fc1c2bfdb7	a52bf02a86ac40a5234030ca51e7425bfbb493c27c0bd7df4cd4a47bedba4d33	a16243d7239b82470364fc87d07b2e1a74613191d0f9ff7450d227abf943fdcc	a09e51a1dc7988926b9930122b8dc6db07b9d700460bd525f514a7fbd13934c7
1565	63361912c40cca8b4e770887a6b76e4a9a0df47db88fd8a91f9d432819a68b9d	016c8e12eeb95b96b0f462753596f355fe4e7ec6300414d9ecee3ae45bb01a32	03f8f10cc35414b88b541b2d58cb2398eaa93067af72e31437bdd0b2042b596b	e7488092937761dc84086ec2368613c9232edbc25ae8d68a06b683630e26b3e8	04783c72112232fb53ad578aa54763844f39cc0464aae3581ad29ba9b86996a7	bb8a986f554daa7496f74781c1e42bee01cdd63097d33ade7464f05c8e854d54
1566	95405391740727b7eced578cdc65a554b5c5aa21d6fc0500460e92e895a05771	efce75acb6de2157914636ccd6c535e39cd975bdfc188bfa228b69207f79df7d	19bffc54875f50998344818b1b6dae63aa118cf7e13fcce1dc43836d13569bd2	07251b55f4f6bd750e9bf3df895cba8518003e9410681a13900a0429f05da168	bbe231dd4a4d95457b42ac13e57e67eb44622ec447d8cbf822139d2b82f72a1b	b98b5f2c8b096e0b237d2b14fa221ec1dcaed151cede3488a3b21ad66ac1ee96
1567	a0d0412fdc5a553a13c6a3694b8ba69bf88de0aeb6f0ef5b637f32f323ed26f5	baeba92a70c62517c1af5277f80231ddb8a75f027b74ccca4ac1338656101a5e	550a8e87e6bd00153c0bd606e20bdf7f69476e632e748838f21c7598c5934294	989d75d6b7c05f4e6992698166662fe99ab3148cbe1316deb1df208a045fae81	546f7c7854f23091d46919a23af70c3d1b529cd87ae73285be5f61debac8731d	ce6a4b101178c7475318d3760937eb619e58530847e7c3d0304bd564f16b0ba5
1568	db08997239ff6570bf3eef9fd5f248726e887c0128d2ad773e1d9e14fdc509ac	611291a72b2fc722167506bfcd4b148bc2cf0b64638522b862f7703bdfce0808	f5f7e3bbc9e20ffb5b7e7a1abd08d536f432bad6254a0dd00a68121a0ee665f8	ebc3dfce4cbf3ea831efa79ecb49458b5953daaaf698032ef04295c41509447f	b867854241a5a20649370d420ef4986d08bd54ad913b7eb32b8ab051b182ae9c	32f13890bab795b41c448aca79610b9ebe44d622ffed2f52910a47e0f3cde281
1569	7f736902f602ca6967fab9bcb36f70ffcb20170b70bb64e33139e1cf98c4e40f	b1293aea6faaf3756ccd453f37c62ed214dbd777ca946a0bc9d73f46763834dd	cdf3c2b6716f886e6ae2972ce2fe9e816633c1f4e979ec51655dd1468ab04df1	5ee2dec5368922bb09d42bccadc53a9d3ebf20fb210217a9b72b307ca99dfc8b	7a56f12ee479e83a4332a0c4ac3eb9ea75989dea39532a57e415f66a33874af2	67446b2e1d0c9ffa11817853f023a797eb4cd36fdf0cc8be0b3b1cc020fb978a
1570	a4dfcac8273949229ffc311f19fa3aa93aaf761116bc3be82ac3e06a5db2cd51	04950c6e0101759a78875d8d19d89bcfc0aa2ba6851d9c7c0df71ad20ee2e3a8	109f0a2a282c51e85ddfa9a0663233f8f80f6885174833ae017e5d2ccbde5815	55cba6af8e9c79d3330eb28527ce10010fd562cf7d42183ac681d23606a525dc	05613d72bb5af9d04ffaf3ca93e01385e4811c7a41275564e6c060570f7be222	531bfc3c9b7de8b6d90c79576ddafa50a4a4c9a00525fa1da4a77eab8d3e68fc
1571	e137fe846e5e15e2f031c7e94caa0513d08d801d221c8fa2d96ee8916853efee	a141bdc3a0bda898967548a551c8edfa06b36807b43f04bcc5e0300fb1f41d29	2badc97b9d96b78f31393fdef8bf0917d7a6a913893711e3c9b82e8abeb9b5fe	8108eeaf840518a8efe6b719d85eb124046d1ec4f5e8c6275cafbc1afb010fda	954464b06933a991c2d4004412bb9300332c8b651dd9edd564621d765b955363	935825710fe8b7ea827097f822ec44ef0fd6fcce00e3f711f322874b9c14ebed
1572	0704f8fcc62697244bf94b428f4a361769c21820e67d5af9af9ac18a5cba987f	e26bebf5285479b4eac0bcc59cf83192a31493e6ea0eaad4875dad57b5fe894a	d13923658846603c77d9db76222efcd4cbe707089e2e6285898ec147df858507	7c4a4cee5c3439e9bf7a1f133f13602a129305f4a81586936c926dcb879bac5e	ed7c7a0ccf7d260561126364af810f819061a55962b588558dd024639fa75313	7fdcc8ee8ad21858673632576cb94c533879054ce73388d53629317726438392
1573	491db1d74844478c9bb56c8f7e1ed655f5b2af548f52ac0f4e4a354da14533d5	0fb9d1781d41bdcaf115a890178be939e5adfee7655e327cd1c1ef895a252b37	17b0761f87b081d5cf10757ccc89f12be355c70e2e29df288b65b30710dcbcd1	9d60b008b3b7f786cc9516a05688f03d8654d7ffac525c70cab113a3d3fc57e1	d264c61140c7aad3105038cb832330455aa7d3883ab217f18d4053a9d008dfa3	539a52bedbb4a56b13848886ac5f82689f3fd409bdaabf6fc6ef509dea053253
