label	root_state_w	joint_pos	joint_vel	body_state_w	joint_pos_target	policy_obs_history
reset	2df9071c5b66cd879c924435812c30132b9b73d9480253bb854f3c1a0e3be79b	527e112bbea5bc29dfe6119b49b2331c99cd182632dff97d326b545a0564bf4a	f1e52a7afe802925b45ae011358f6a290c0d14fc1928478ed8a24a9836b705ed	f8003dd9baa88b55084470ed656f7f01bfd8b4026c7fc1b60f5d61461f9ad185	3829965917f3e45365e5ff9f5840e1451c88f4096256a52648c4831715d6742e	734d4c53480c577d417638c911f63c295ded791aef2f1a7fd60dc1c4170b1bea
w0	529565247d9845e0f474d02d428f2ee305c4045264fc55e8c893f77a71f0ee90	e44ed041c191127c18e7425a84d0ac467a206057112b55db89d228fdcfa61236	283470be6dccf5ad01790f51e0e59c082359ba40106f2ee6b03cfbb234e47446	266ae96edd90c983b7f495a1f1b659ab50ec25df3b11e3a484b836f59941ee86	4848b517538bc9f57e2e5eddd33ece242601635ad9ee3015cb56d9093414b0a7	5995e1113d69be5dff9809d62805089ed67351bc0bc4a1f1b141a114d3ed0769
w1	5b4d999c48731858ed42a11564b936329fd9e9391e0658693eb0b3221a2a15c5	72b38e62f542739c49c60c14775ba6b909a934fb4646fc9f9aa005785457a9f1	43a81422fb28bfba7880de4dabec5853e27407e23ff8c84373fff5eeaa8739bc	6d031865bc4e0338d0b4a896230b3c8df70139764360a54c7a84c7d354068b05	1c3af1484dfd85949da5f5b1b2aac998cf8b528bdf8b29227427ae0319b9aa0e	f4b259fe997fc5b507cff4888695b2e326ae546a84aef19b13605af1ad7d8073
w2	1afcd51fc297b19299f752f4d7000411bc278119ead607e8e5f496e1773b720e	9b1d15897dabfa5f4c3997464fa27ade25faaa5461d0fd9b690e97ba9f5aeb0f	15719ad5992ff627b01cee3704d108f1766cd48baa76e2d8c8222a498022d8cf	1c136ff3e5f2b8b5bdd7d97d90bbbf55a680d1c0a1d6d11371920a66e5b25da7	e177e4de3abb9ae116db7cad8811ec8c07708ad44b8dabc903d4658e1d8af906	37f99d5efa31ac06dc70b272b8043ca56d01292966d29ece51a3ba48df057e8c
w3	3accc87b04ff9d95a1f8ffd5c7810ced027a77ba827fc31c21fc3c03328b426d	dda4075157bb9d7a645a0da1c333c214c85fbbb6fab623e28257181df972d9ff	e2100bb507e191d2758a5dcf236572e99c2b7eb69382b6210c5888d73784c0fd	b703ca7efe8f77c87369017b6b428fecfaab7b61c888e1d2f7695fc661c9f6e1	5ba139eba86df5a73f014df0dcf3dd7c61d9b3dd71691a0ac75d14c114571f83	459361547c6fc00cb95c3336d4a64e9aba07110c3c902da3ac8049b882bcae75
w4	d5b6cce275e12c1c053d3218e9abfbdf0c32ba3f9a33989d1b9ddc7e30258d1b	e902359727121625d8942fd599282898ee7a8283c34e34e494466e80631a50c1	a00ad3f2dad9594b2247073b6853d287efb15a1cee68f4d0b6ce851142711b77	53bfc8d155888d3bb7faf8349ca806fb996cdcf694ffc33c8712b672f2a7f97a	e034537e025c3e2a292d6524cecaafd1504aac387be732772ac055dffe56b263	0298ad1d5240de115b11cec696e7db8851c712fce8c88229e471dc35fe449380
w5	68e3fe21f6dfacd71e58e722bb1f2e41d4e1b82e87cb3c7979e2b68af4324309	9105521badb728c9da7229e3b59952fc9fde2a2bb739b3b6e32163fd97e7f953	c6f5edc2b0274dfcbf12fc480acd6d4ec49a9feffc5f5c8ed6e21ee47e117429	3a9570349a9577f88c3d4972e858a82d7a3a267ff3856b06519a5bfe475c59a0	e0bb83e10ae1eb15fc9e16fec8f8d0e587dab43340d05b59db4cb218737f955b	a589448d7d1104106cc7efff596e84974658fbcedcd60488b990aeab265e2f82
w6	33bdf2c61bf1361c484a38095424ad20b887ab921256367812e791b51cfc40d8	0116302dd4e54d59e8ed3d63c145e69bbcb3967d1c58a07b037ac6ac692d1342	da089e8fe5853043f7f4e4c6529d449ce4d945561e16fe358e824b956efde048	39d25176b249e487401d7a4f6438a63310bf0553aa9fb0d0593c41606a00c904	2c6e536a33446f5fda840d4931aa02fdf93d31c4acb2d04066d3fe42adcf552f	077f9c358cb9b5bd01174b5366181abba53288a21e995e4d1bdbc0f9b12b3f88
w7	f144915758a1b6c89e194dddc14a4dc8b0254bccb2b361e074bad4f586b794bb	244760312c02bffa38be19578c6aa94ae9cfc48ddf61e41d9db24decf187a2c7	dc9ef7f6cd92365d8b869a3eee56695ba6ce4c2a70dea5ea1b7c5f621ee9a319	5dc6b92a4e2b2e50ed2971b0525a81822c4f1484d5f5dbf45bdea484f69948f0	199f9aa0bbf086aecf6467983ac1ed10436b7222780a397549f1438843717ddf	cfc29f9f5ec80d13f4eff02a09ff57767a69851050c225af677edefaca9f866a
w8	8a1dc1ad0a8c4b38e17a4751d59a7f712b468ea23d5e782fe735e1ce0182b9fb	4235e0faa660fc24438ff53570310b7ece61d08a0cff315034245b972b0bce29	b8591939183e0712accd29cbcd84fe74d1b83e7dbafbda27ad430175d9963857	5b9e093d842838ea0084e0ef3d820d2e1ef5d4d6073f46e75c6bfde66dbd6b4e	5150615c44ec0f9bd749c1872b37aaa968815a4849e10e831b0935e317e50f79	d1fd69e83d8ac8ece5d207cbe47031042661a837ae736825a0b9ae1a0d6bfa7a
w9	7c16766f3cf9315891f3f8992dea8453e93dd11c31fb0ce692c9177bf24f3095	3f5ddcf18b97d7e099ddbf58a31c55008c4f237787e1f96c64f385d736c371d9	5d5eeaf6e50c7592d9d407838da89adf6b9eb88733da0a1ff0d97e10b02ee028	07b2918581bd1679471027d0e8ccf978ca91077287dc8b31f05ef1081f2f4efa	cbeac51637111022661a76c0ba96eb807949ac36c2883a31466bad92bd001ebd	a827400fd09c0639528d215753b95aa3644f122919af114bfa86e41f3ae2cda6
w10	5c5462e963faef4b8ecbe810ea3cd1e6acf285420473b0317381be985c14a910	4635841319a5d0b4b8522838b0cb3e45ab4fb8b94fb6e2a91c18f72abb376d4f	a41fd26306fa769b8eab7e66380ec83325a2c8546453e9bc024a6e87650c9850	6e2aa10891376cc097fb36cf5e9ab6b3014ab07ff54f9248956663212d3405cc	fbad4db7309dd0d0e84678d5f6c4c5f4e9687773de3f657ca5f70fde0bf9d141	daaffd270bdb14c4f26ff06b06c63cd04e8abe1e1c7a2cf34e80d76c91900357
w11	57f7e6d613d041255883442216ee0bf2a5686f337bc634b6e44d3a21224ea0b1	309078c8d2615051c6eaba2ac2bd7a2943e281e9ce2e1a3d31c6b4ff68f4ad66	c372477a14c495095e7ab1b8e5515889fe96d5710885381a53a4635521134266	c8db133f8bad44e2f81de63aacd5c4080b7efc6d6cce14e76d7cb0b07add49df	f0c762deac3fb444a55993ae73809ab62922b49a5f803016c310d65f5807a201	d58c37762e7d0fce40d923375265c4470a9a7e65f008889336d453d67aff1dc5
w12	94365b9b2b06bacc28f285bd95437e81a57910ae72c0b56ebfb858b40c17c3e8	7211ca9b5d124bcfa5bd1a3a71545c149474c165acbfbb96e40a80ed0e5f9999	8162e6c0cbc9b971a2348ebc5b553b1f7e4bed672605618e53e36e3cef7e9288	1379789fa54be0c5e332fe8a3253dcbce0a15c3ce3651c652932a77f66878cd6	902948bf5f30d7f6d54bf3f57295eef4b240edc9061df23275272a9e3cf6b5e7	da124d6b90b278eb93ed9785431a9a284d068830207b28ee47946ea70d6e3034
w13	55ac01e8171166e9488425125edbf280eedbf510d4da69c836b59a60ecf871a0	a8aaeeb0e99eb267794f306e0d53e5c2a8efa4b4b3f8e1defb330cb85739e9fc	75744727fdaf1ddb920a92411777fceb507fd3647a4ddf3fba7e573932103b6c	18cc48e011c79e9f3f7549f946fadadeea0804428839be557bc1c8a86304e935	74c10f64a938d176800cb6746fa01cb1ac051ccd7a20e2204f619992fd2aaf9f	c067d60e3f3106e14b20d003c9ec10e86c81c02cdc9741e11cae67609e7dfb97
w14	baaa8929281fe65adb8fabae7f45cb624c69b878bdfa5356f31da7130a24548c	ecbead6efe0e54ce869dd9cbe17687743d38a828ea9ac2944eca4c01335e3926	a916ef5418a2dfe567c2308d378b24965fc295a17bcae5c6fe207c005b866ef7	9c4663d17903fa864bca6c052c0cad4b901c26064b32b0ce5c04053b148cb77c	e2a127a6be2c9089acb50356e171b4be5437ef7f9ecc4b37981c250fe844bba7	d3bf8fd21590bca19bc5be36e5b4f81b8821927f09dfa68c9677f65951acdc72
w15	37231ef23e7be753213d2afc26d3c57df2e8e47bd975748cd147e757de6b625e	09d71a23bdc735f0a51fa2d992df0705bf2f733cc529c44efe74f17a85e0d7a6	6339888b008220eceefa9cd10b8abdb05ba94f6a3e135ae5d6c10768392584d4	9af23ebde9860cced6f30c9df558fe062fc6d2fdb3751709fa8a37afe27c083f	e4546472884ae24eddbc83284c9545c2a5e4fd96ae224e8cc162ba90e90d969a	5d4b959ee82306c4be79396c1243c8826a3b6f13db12aaf7416370aecf58147f
w16	380bde8782af94aa79fdf73655285fb117139aeb4fd9f3a7d98dfcc8d733f863	6c6bef9e936b8f9e46d744c9e7a86bcd436d4dd7d0dc81f8ddf7d3351ff2cfa9	b6fa7b5fce4318de035d9a0dca7eb9c6f19e1546eae75a8afa02a3a1f4bb8d35	bc342c95e8d79125ad372b2f230a791a00a62829c8221742f644ccf0077585ba	fc10f8acff5bc5206218c39cc5a964f60747b947acd2e3353d5145364cf06d39	ad1afe7c4c1d1c21064e88b2de958f7a98c8f4b2d2262bf9816fadf0dc3b9fe7
w17	758cf03aba49951ffaced291e66d6cc741dd8b546e9460224231453f260c3246	c95c63829d9f9d312e5263128f3cb0e583407e4b0ccb5d9b0e32879df7eb3d6e	4ea1294b8d530a6dfb291682547e52fc0bc081dbc7ecfbf328f3cebfa8479182	8f7d29095cca584fe61b12b0df47f7365a60f4480a2604f2c75d03db7be10534	32fa5a6a01053c510154357738f76db400e69aefa4cef99c0f1fa6597060d6ad	e8b53032968bb5d27c13f24568a1fbd2af09ef70d30df8abca6ee41801c6f992
w18	95881f024091ee7ac026c75ab5b1b9f33282eecd3833e229a9d33019e020b662	2ad238bb6d42240b0350fc7cea52af4278cd44269535aaf6d922268da842b035	006fa586c861f02b7dbc51d971451c56b4887edc0dbaabed851752a1cbca3515	d6dca15f89bba42d370e1ea19cd2e9e2f9bcca54b9875b77504afa94b3f92f71	b99d333d41a32ce5b97c5eef8a4c1037093c54706d0f8d79259638b4e943bd5b	924ecf7d075e7c7514be4f59b6b846b87115a92fac7f05fa5aaa87f1603dd271
w19	f9c3c0a930d4c3f88ebfcb732729409f9ee5ea196b76823a874f804a3076aa3e	f64e9d639df36d70a080fd23edec2ac201b685bbeedf9e96b047e41d59af3807	18c5f4e91bcf4b05a71e02b435af41e79a26d82c9f6b6eb610603447f5a09334	f5312e5dc813cf5f75d8fa3de6b8b9e981116c0859eaa8957748ef559b3a168f	71d2a8cd5fd5c1511c84d4ba32e3e9c61ac170b279f60e678337d6670f4559a2	71186a14f50d139b3ad9cfb0cfdccf5654ad63052a34b0501a0e04d22f932af9
w20	fc453d153c78f3e05fb5dbeeacb51504920d97046b42fbed80ef59982e600539	2544eea45613f374f33e4801d40b668b2cd9bf18d07e18695d3a6a8093f3b14c	d3dff942bea5a57c0c10c02f8234f49940ca30697cf6ec12df4640dab3adae01	542ef8e9738ab6fd64e6b62bb97c88be81a645fae5079a1fc239443d3f338f50	a8df92b26f265c59bd232823fb0dc76a5a30a10ae0debde58f0047c167200ae4	279d0fad1d5a392806a40d0ec4005ea890d9b790c1d7c326a9f804f194ddeac8
w21	479fc11f4141ae3d10562a50e2642db6e8509062ee3d8720bf6e369d4b64f34b	b7854a71abdb1631b3aee1d9067f1309cc82fa796031653ad8c16d0e88cd92d9	51aa143952bc3a67cb4e7cfcf8e00106d4ae061c726f9e2f63b9bf365c87fd96	c5932af88cd34a59bf6e17abee8d4aa2f73b5635df0e66e53d4026f4340322bc	f280d0ddee32fcff7554279f609723d74827ab75ab74bb130238deffb8604f2d	80ca465dc73f6c8e89f6f2770b3405efeb99e90ee8ad992e4f99d614b2b7d488
w22	65cb2969b39c2c26c209dbcb5e97db9f8f6c4121a231766cd7688b6ea55ec372	817f1161a0fe7d4c2f716ae9d43807d8e7aec4796b04e1cdca66d0ac1bd27ed2	4803a0eab55a0879721d77ee6c854d5e318d374c00259dd87e9f0d54144ab6af	fab2748cfc95006db88bc1b86153fc29121d73ac368bc2a294c19f68dc7ddeda	bb895a8212e0e7f1895026b89cad403e5dd635b07f079f338c7c1c353f73bc88	d0984bb7321fe5a1bd063b135de281eff185b4e4947dd4b3ca9d2656fd09d186
w23	b65c65ba7141ee849f28635af7d076660b9d5104e3a97a51d7d2f8568713f994	d38570339a505b1c21192b93fcccc6c870db2604d13bec5a8b2dddc937bd8220	a16cc66d53173fb48eccb46355dee1230a01e06ef20bfcc9cec3a6245dcc7b19	e0ce00373701ca9ac20fabf4f4b1cffe79385118d194927fd90ad7acebe6ea41	0c58fa48be415d61b57da00fdc16e6aa525878650f4dabc2ac9ac13159461a7b	333b2a79bd893319c7ab4fc25dfca98ed71d878f9002d9262a38816b73d97f3a
w24	b16c9325cbe28114923c108b297023f76b2fe8dd2e749577ba9ba69fc7b7841c	f57bf5a2b41cf6afa558422bd56d9ad8640fea6ebb6d4a7522be3af11774a66d	e7e9b9030aa455a5934b80a43d233deeb314eb71fdf2e9d144ed17498102cd03	39c39cbd2323837106002d20ca9b70c849a57d355eb3d4bb8e33a67d10a673b8	f89f06054ae2e71de89822790b5a5a567d5aac7113424bcc2ac66c2694706958	c296e9378078a51cdb22858ab11306dda04a7bdd505c6733688abf68905ab812
w25	be6f1c5a3f783da80c5db80ed1181d92ebf60a4eab1531797018df3054df5a6c	fea8edc5d4ae0d68c780f5bfa1afbd6e66125f833181397d94f237c99f3b9af0	cfc8695fa7d2bc7065692fff666d427e522e7e9ec85784c39be10d166ce09ce6	51a572db2163a129a87990fb8ed4284f358e9fa619268796435fac290463b47f	21c596fcf0ea5bd1b6d616bcfb25097fc176a9ff2caeb92072af54bbdfc1c8cd	c28a947517d79fd396e1addd623d5e830aec1ba65f688091bb0df9f3cf398627
w26	fa0b43b73c08b291c44e8f99ffd2f2617bf54defb38e7e888a79225e751fa528	8df54e0981d09cc9359b4c40b36defbb45d7f2db48c7acb77d7947ef2f52db81	49f3e3fa8093a7052eb1a037a55f919f1a5d0e63c804dcba4dd97302cb7f4db8	e654a323de90df54fd1c0f976ec6b7f528ba4cd942cc33d290bd35af1f34b071	e13034fe5ea04397b9e1c50d66860111e675b19188aec6bb7dac5d3e3403130b	f495dccc9d7ba57a58a22978d93ff238e9eff46e330deff7b14a04e615572f0a
w27	ff38f864ae719c3cd0e78f8cbaa217ef41def453d8aec9b75fc4f58581aaebcb	831839300ebcae3fe5fa39cd58ba4ffe03e158d1324fb710817efa080016dfb0	439c738d97de61ecba339eb97ca89c473eba9c541efdc3cf9da8a9eeeba29bd7	caf568da32547265fba6cbb012112fbf2a13c7b663813c7d18fb0cb9f3de8468	12c6f97f3ddbb93cd23f4aa407d217a223ffed08c2c50af62bfdd95e161f02f2	e386cb7b3dcb1ef2a31ba2fa4ae3c65a8905e3fd98fb75c31acaaff5d4cf5326
w28	e07fadcb87e166eff67ec4de8d13e184bd61ab7a2f49fbd98f56f2d38dbaa95a	ec91e426946b3b25da9b4c9c21c469083e6b4a07b9148ed2c015a2ca59637156	593d820d4f4393fd1e1c31be362c10f92c200b630c4502079bf973cbf979e2a6	8de1370c856b233dc1eb64e5f016857f2535f15666660543074e9cf42cb1c037	3410d5e1211db2254a9b0f46d81bded8e449e0656dd3777a567e756adc83b5df	8b609861df26a380ba95bfd5cb624aed3b84d0c6717c1253b23b35b936388912
w29	6bebfc7f454064ab856f98b50391fbf29bc2f52f687b725df435b48491125071	ba8902cbb0b49ec29850f435b213cbc6363607bcbc5b2cf0ebed24dcbd7d8a6f	7f38913dc35b49d1c9c2f8c41e6739a0ac9af40feb4512348988a4dc9e66a4b3	8f587e0666e41ea4a2fe336283164b2d819715f254fdcb9e0dd9b0f7a0ac5ab6	3c59c85a973ecdf2c24d325cea38c4559e98db233b751e73c58e5aeb2127b758	43d9bc8276548e9150166fdc454516b12d610a0d2765efff5173f5bb5f0e8cb9
w30	b08ee7bcc7232d8ef9f5005f8c24f72b18c6f5df2b03c43da5eaffac84d4e956	fc5087099ee18c505ccc5c3cc17d8aac79119d7ea1e15bf5c6568c5178096f96	856d1eff6a18974ecf221a8b7e886535a35348c183d5f331188c8ea7b6586965	03ad46ff56991694bbf367c9c0cff54e62381c31e81e4d4197f1788fd59c9d8e	cdc09fa90628833ea720fc9a6fc5454607c0a108611086fba4a07cc01854d223	ca0844e0f465920e0a04ad39e82dba424b01953fd853fcebbb075f95b91ef47b
w31	d21dd64c1086adf4cec41d8a8ca2d09afc4a9dd71d95d752fd1a29a837c95cb2	30a882ee68bc16fdd91fffca44822a285ac7af90b805752d5dd0c9e05af24f6d	1d57cf8a7eacb68063d636b5454a24c6e87d8f4bc97fd19cf0d070df49011a90	26c9403851c7230fa3b2e6b33fc5b0adf2afefeaa63dd6097c25a839ceddc9f4	78b84e2d5efe195104d91b37f1569e732e032bc1845118d3d9d426137f4051b8	9b8e80d313081cfe712988fb342620e1ba7a1787d53a01c2150cf3b989b7cf06
w32	2f62f00295d19ff8223ea781f70af6d006a66bb7ad58e2475c8cbb04143abade	8c2f87e2e243681c69d5da55031fd24aa2afe7b59361d598de7f2b30a249508b	e3244e003fe9fffbee1eed825327874b3a873860e51cd6ade9aaf6143d073ff1	063478d229ff2a3b30e1b732ce5cd678f09207191f7ec561f983686574a7065d	10c3240212dae1f72e507cc88d57640f9e259d75e3fd0d0db6e3892c9e02b1e7	708606449eb5194c8acf724f79e6efafe0c1823afe5e804c5cb027ba9f6d641b
w33	d1873a7b42f48e83b60d3763e78fac6250ff2a3854a33314dd34084862189b8d	3ab9075e416fe0b607869296b2d4476a621ca9c128cfd8d130f622252ec2319f	06f16867f2c3ce273fbcefc331c73c672ed0b6516d072528647bec316066ee50	dd6e77b71a4799388f8e7ed46a1be59a1b55a47e9b7936de92ade1629f3eacc8	80927d4350109330ba9122e21a9dec52032fef3cad89ab8564dddf282baed9da	bda9e43702230e91fdf173c1dd6eeea44d0e7198df7c34824b073d4a94adbfd7
w34	7faad60790ca3a2ef36d1de70b8a5b575ef6e08412ed544edef7589625180109	0c5bc1edcd8ac6091b0437a63218c99718829b5daf9432f059cf2033e31ec61e	1ce26fe88d0ba129afaab448b8b1a37dbd3beb46163c579227261cbf24bbd494	a3425fa6da30aeea97a989c31a605a4c905b50d1dfdaec5e5ee46ce00dc972a2	3c91bc97a3508943155771433d25210c0f89e042275f44e30340108165de594d	0cf1e22cece48a3510b63d5d1d97ded989de95455b032a48489587c12152b969
w35	6e1e7a9bb3af0364d7f5ebd94dacec4b43807d72070eddafc68d75a1a5e56201	7ac263f9e4661c8a69577d5377de1958f794809e14df1cff327f7f4653d5d678	48441cfe18e70b2a6ed0cc22f62e2c83b994bbcf456ac029db3de9ba6c73ee32	f637621c60f939fdfe926b356525835fa6c04226234ac27e375c0cfae6a34c43	76f4539914cc8232ffe1d83177fabfad05f289cdeb80667b350a5df045fc72f0	ccd5de153677f0254b386d1995a07e6ff0bbf3ccc42ec5f3832c82342ccc5bd0
w36	8692e633ace2c7c0b16837cc1457b6dd96515565aaa26becdea1efa552057f7c	d9aecfa1cf4379f18a0fa63738d7f583d878c4f7c7ac5cf6efa838e1957e9276	7491b6806f149bc53826ab684d588acdbc5c2f92957418b9b1c9616ccdc5f2de	4fc3acd536af0820910ac49e6b84ffa0766bbeb7c0ed2e8c870936befa99fadf	2b3376f3d75bd04250c4b18b1eee85846a232254e0261201dbca1a7e7551ff2d	5e86ffc5cc5e5ed28d57678e047b8f68675309f3f21fa2dcb41ec52de543f6c1
w37	a6f3b25eacc38fee2ae68b1e4160d600aaea6280e7300e93b0caf9d231c6e407	3357acae1332a01c1116ea716941b73211c338284924e9540a02f91954f8c22f	141cfd36b0b76c17a3880f77484ff16a6389395c67e6e2fcf9d1e2c92641b063	9dc3ae181f8f242b0f5c85d885430b5103fd4a68d29d41e044e64eef71da4fec	78087c9c449044ff30bd493e599f01ae249d3d715430f4943b0ee2c04d39f830	38f54ec3c9f408d6086d22000c16a05ecacbf14e280a4e98e6adb2622544529e
w38	17cbd8c9f7afebdb3740028b575cd00890139a9715011d241173cb0a6de82a3d	c401ece98269e6f6960387fa2bc8605bd729c38a3b2ec3e1faa772885457f67b	e053deb333e3fdbf3a15c046f891c69cc6ecc805ea65476496f0c36e7f8378c4	71e68b2f9c8b8028ace0a300caaea0edad31a8536d7e69da7cdeb54d62b6fb0c	fdbccfc9b64e8c238f8fe8fca23ac7e1d7335d606199d7aec16c5ab52a49d783	ffee8e9fd11c293e3f415194bc7669c670fba6b537dd673302546ea9ad9436c1
w39	4e1af4a5c711c8fb8256268ba71a2ccf8fb940abc2dae2ea78c19ce6daa97dfb	10b88d8164e22a3fdcb9e2a16446b294468ad91c0cab79ddcedb0c6921a6610c	aa66da912b1520ca11ab0904ca5539d09d9ffe4bdceb3ffc547d6b3db6bcbdaa	a59ba7f8fd2c4ea8f74b2d9653b370ece06c784bf318bef01f4d4906adc31f45	f737654fb51be1adf560b4f74f0d13d6627d71fb8d5c215b12dedf89433f43d0	b4bef93d7231b8289b21c9c2d0c1a9a5bb6716a49fbc624a3c808ca02ad95d38
w40	9cb0e3234557f7b552ae2a8de06ac229a6f46782fc6d296fe7a9a8eef4829111	135dbaa19d8742936249e48813a0362895a119f61cf350a5a2a130a9492724a9	d895bdde1fc93326bca5e39e0f05519d96fdc7b1d2b53bde7cb6622905e943a7	51f27e955c9505158e2068145e6cfde48c74b8c753ac444806781421717f694c	bf93566071fd84a395b6c87ff03920f56b104a9b3312ce2c0978f8b698cb2936	67c91bc809fb92311aa3acd0e9f9083d2504dd993a3816b3de07ea9699f3a034
w41	d739dc2aa557a93ff5cd4f3be7af445e67dc662f667f4effb8bbf8045f172186	a48a9764f65f2e2802e59f20505c552234bb27326663fb641a028afb75191b45	8cc76c1b466c801a260275af6ce6f51c19a761091191a76d97e430d6d8b0068a	db6b49055a553bbcc28eba960e9243fe8613aa44a396566fe699f4e27b859096	6f8ab2c454e50fe2ea287835172358690e80ee6a9b0632f3f0b421c15c3e1805	ee1596e432954da60e2b89b7f804436ce42647d0607c5c4bda504ac2f5884aa2
w42	f0a85d7f8261eaff84cd597b67fe43dae2a992f0365b0f13a6fd5d0112c36503	26edde2bb5a01173064231dc80c49cdcc011c3849bc304f88db349142272a94b	dc502df48c81fe707e9d3fd6151b2919074eeb7db702d1456ce7a14a19d7db3e	e1b8b5d044a79af5dc0d9a24273c3f65b42a05c0790715b5eb88e6b922ebf954	01892da65cb511b8ec482797e484741190800ed58f4692822469e12a2a3095f7	c924f1582fb148474da626aa01936b25619219eee3e9d1d2ec95c1fbef996295
w43	e7552f4201bfa8ca1873a8f652104d16e4f0169eeaa26d3436cbe918df9b7c52	0743ff2af0f149fe6e8d656a9a448427b9e63581b42ce13c72470ab99abb94e2	39d78d343965289e51ccc774067e944c8429faa2319a29cf7ddceafa50ab801b	e909cf020aee709f46272be1b0adda3f7431c595b811bb14804032b802b75167	67fc8d87302393070fe30e401afa1b88148e6162d490588fd5e8ed6623c00f4c	4a18cef383735737da511d80d6fc86627b61bf4b0e2a911f2378fc2525dd7b52
w44	34271cdffb62f3d2c714dc64ad53e03c6bfe7d294c7d961655941084bcbf0f65	c60c3544417734a63ecc3f69cbfe3f3bc211aa6cb0c8747b54afb1696eb6ff2b	53aae2eaf4bdb1f5af668490a75beae08c95ff385ea6bf39d054166f331df8af	0858f32623416001eb90caea4010df1bb5506dcee024dbab40b528dc623d719b	f816cb0cc3df77ba43be496100cd9051bc3b555ff6c7e2cd4f104665dcf4a491	536c3e44391edea55887e4590d2d5619335617e5e2b758aec269010869833d28
w45	6220e5335cd831d6820cca9e67d1e7ad9015f2109289677f6faad8c2b206480f	731d5574e89a510f0762f29207e057d2edc41be3ce0b1c571205b764245512b8	9e98995ae85fe8703d790cbbbf2b918ea85d8b59a332d2fe1e8bfce7b4925e89	5dff410d5b9faa1d3c522a53574411d3ef8e8cd5dca488540acd07d91d989238	ca197354446e564deddea5dd1056a860c0ceb9e6a741efedfe3383d786f8027b	fafc9ddf59bcfbb78318bf9a3a3d5536cfdc3879d6ffa0e7d3d343d58a456aac
w46	54058fcf92e810ea66518ad02e6ec7d95c8060a252305bbf837cdbb8b71fda67	ea50a9d578a9cbc2195bd96646d7d85e1bbce4412e7f46369a941e2290bc78f4	5e18b27ee596d2708ef57e34b174181ffecd11dbbbb891c69562cb6d46f31e73	6332db5fa16d5239e1b91f23cbc5f0c196570f9b7e0bf3c27773ba6ae0750a89	9feab84c385fd4b34631bbfb0651335aa88bdf35ad45e22e7ce58ea789f0748f	0fa8e3ef62a0e02beb6b589dcb1856bcc2d175b8880c92ac56063a642af8c233
w47	fae49b60c709b0fa3723613f5cf1b98935ac670e818ebfd614dd33c7454abda8	312ac6731fd0b7dfc773c2cce650bcfd9139815cfaa7d02efb6c7a59c33aeb64	30470a4ddc22e68f5f8c75771d2a6a996adbbb1dd52264c2a35d88bcb485d740	a9077ab15df16dad0316898d25be0a7e3ab0aa6d969540e0f5b91f7f16a621de	81acae77296646da3fd2e0bd0fad41dce8de694003ba26385e03475c075fa13f	5cb8c174468b705d3510f83a4af5bcc2691363fe62898bd3faf9801cdd254827
w48	a8786714f741f9dff0af438efa424a24271f3b03747709695f635f7a78bf0876	5aa62a33f3ff13c7055d32e32b487200c41e168a08489b72469f0b6a07d87fb4	cdeb9aa0a28381392e305234bbd8b936e2d055219451f635af95c3c0831b5caa	0ba27804045afa50b3246596a3534f27f420a1d0c4006d98cf2f4b1069c0c2a3	e17059b62bb0c3d386e0853cc700ab7d9f9ad4c51420b1babc5d91e8e73959ea	837f527470f087ccf59d3f7363690a128627b63a701f152ae712fa30ab061e3c
w49	9c3e1c93bf98cf03b001feadd48bb519cd5046124e58a1a1cd978c904289dab9	77c40199880630578addce795ec57e3bd71db4a7045b0d0f392450a5b774f76c	af67b970ddf663149665b22163a40e3eab3e9c7574b61cf7b6fd4b2633708624	203810165531529147b0cc9780c866a5c4765aace0a4a724fed1d95587d6a156	3306c5e9ed98c32b2f14ac8d4d53072e70f17b67df2e4824522f8d4ccb14b5be	88029f495dc11897df6fe3fa8883a55122af123f521ffe006b5c0d9295540289
w50	dd1e25e4800851afa693b0574de5c45e11776ca64519a0997ff867db4ba299cf	fb638043c83cb1560105f798278efe6497bf2a713056ebe04f9a85bab135970b	5f504292b2622e579ed36bce1ce4f66c6d994df6e863fea05701b550c416b010	e6b941f8226fa17c73542628726e2a13fb7cca7ee5309fbdc5e9a9a4002e582f	7d71ffeb6c3795ec425f11662c398121a33b4c95593e91d22e86752de53fcf19	98110b005c61bcdf1ecd82d53848393b9629322cfd6311c83bc6dd1eae746b3d
w51	c0d1f97b732dc47ee79bd803b589b13c05abf3a07169ae9775e29b2499082038	54565be351af2d6564fe326768c5d7dc1513677bdacf073de73ea41805c8084d	25149b58b590bebaea7c0cfba2ae285f10fc0dce0f7a718d24532821ad30bbf3	f19bd05336c2899551fd770fbc7ac08dc366d715c317607dbffb75e3949c0a4c	e388cba7598b7b50a81f256be9214cc6295181c415c3bba5a1ce75bc7555c806	70a79598463130d5a9361672647eef99ecf31e7e3810558e5f8b7d9011ef55c1
w52	7c2e7da0e0f82686d4f24b0cd7b01d887ae5d0985f05567717ed8ab25450f799	ea1de74a1371d476c87b2a7d8676428f63a707e2a195f46588cb2487f7862439	757668b49d2132b589156332eb3988784c50f90efe3b03ea373b40e4b1887a0a	40388e74611f6428de01e35e100820bb42262a703c8ada42aaba80a2247f8123	1794dbb827a778bc7e668e29faef7c42b1104adadd28a451e133a15b28c74403	a43d155815c7f4f5dd248206f3a17a3ae0a51e1908e3e3bc3308b8cb9f682371
w53	71801ffa99c660c8516f9fc556856fbb38a1026901670c7afe012c563ce540ee	9e6624cd61a1de8024e0571de3163de3aaf67f614c770cbf654e410e2ea22609	53e02ecd2669244f5e00a5646fd3590da60ca5202799f38b683031bea41df837	0ccc4d9f42ec044dada0a3162a0398b784f1ce17eacfc22347e16281072ee54a	db3893e4cd5fd193be0f38bb640253596ff54a2caddc7551965e31772bf13d3c	c2a7baefc6d1cc985a9ce39fee6c82c660254207961e12eea0753ff106fe8472
w54	6c2a5e72b98d1c68d471089675c611e70fd50fd8c463ecae89adb83a4c5d5ac3	cdedc0b783fdef50019ae7578e2d3304177e097cec11d610ab586252cee5d92e	d020740e9bd33ca5739f8f692e1e97aff143eb764a97bfc04e3ff1c1b6356ffd	e210097ac85e6910e1818eda18c6c445a2bb89f09f8dde25cd5fba44e916e002	b9e9790a2a2572907b0743efeb7be2b6c51687aaf26a012c58a787ab46b77c61	f81810b75974325cc5d4543b390e280f39f54633919913e2814fe2298d21e514
w55	af7516c664928801c91e5a741317c7cc97b758cea5e5d77f8ee24f9ddb05a907	5a6855b72ec46002d6fc57999c1c592f068b5f6ae667110e1048fa038cf94cd7	16b69d594700d8d1539aaa4a86f4fdf62d852e6ba69d6f963d2815c4e0b003fb	94550bcc11acac08db9dae3b6e127e608abe344e3ac190b211a5398cf23c94ae	3efc6d1eab495f9d2a2740bf8ebd5cd2c8e7c96b728b219af3cd5999d73599ac	db397928b578c845d6d8d0b937b7bc4f473fd590e0000bfd0da75c15b62bbd4f
w56	1450c61aca26d32853b7f6f578be20da8ea9676dd8ff9924a3aac3382f0ec80e	3a6e0af31ed019860a73115cd67bc61deaddd91051f1ce7b068716f0c8ed8190	726996bb9de6defdbd03cb67034844f2c24c61980b81b567f2a42122e41cd949	580affc5b1c8a3875a4ed4de7671457e660beb36dc3a361d1656de0ad64f45d7	0a9e55fbf47536124ab5bdf98a27b926d4cb947f3537b9c7868b9d7c79fa2b3a	f71681d07ed4c91299f6db5fce75f51def9e0a7df00e0a27d3852cd68f41266a
w57	22a1eaea03bbab9f69a37b0d97e329ad6688dc939bc7108582f8a9ec7aab5736	c82959246b6f52d00ff1b4d7ef1394a58e15ac4ce4996631e66411b3aac2df3e	045dafc5c33d6f59c02c59f56cd7d43323d24d51bb3ecd52da7717e6c1a24f17	7c386d60c139fcd0804a12e26fe9c7e967a67c2a99e1192790cb6f831e4a7abd	849af8c3db5c9358793b0a143c9f2da2472de07970277b99e88b364b72df32a9	1c415f8ffeea4368302280110796c737d9bb07c4ae924ff70e5c3f5afafd37ca
w58	358cde0052ebce17b52dcc9327daaaefeebaedf278eff0413971dd441e4d5989	e7d43a501e7ac1427ddeb6101dd30bd5e93ee6d20c6d10dfdf0b8777c08dd113	b1d39d9a962d879303863ff8b7690b097b096baecdaff6b29e5a640d5140f420	95993cb3811ec942760a8a6d18e1e197480634a405bc34a045f58e2a031301e3	c326b630ff807ad9dbf1f6e53334e6cb3c227afba56f8bcf2c1beb8252136f66	b23fb2484a4ba2b45ebb5110dad92b51233d74a560e42a1d110c350559a2fe84
w59	1d77cf9a69d648c6a5f5f1dba8e99cc44527f8689be7bdd685652f4c09fa6cf2	cf7378563c7c39dc73a8cd8da9b4e7705efb9bfb03d9cbc4be4a4330a0c54679	8ddd789d68c98dfeeb34665a8345a6a775f68c9d11ded88c459e58c6a6fc76a3	fd67a5addbb40ef3074425b325f8f459a9d5cc0a1f0a071a9624cfb36aa63738	a4bc6391282148ab568b2c6f4020e0db4502f8e3292c1e4b1e70ba61157dbccf	adb5a485910f2eac2e22d4f2a8b5377407f97db85ab7146a086f85adda88072f
w60	1649720642f4e1428b7f204aaf04032ccb505c60a09c0a0aa98dd74363409fff	9ace703fd93e35b187472b7d238c7bd1dd22abf87b7ddfdda90203e8e6c9b9df	f0b5c5517a641ce78a647f08fcf1b0379aa97e6a493e3751a6d414cf9584575e	c1025b5358173ba3e9fc7a46c6617c6cadb037ab69d214a99183d72364f88008	0d4ea82f964427d33bf79d24adceece317498f2fc167b86a8e93e746ee5f72c3	35a4f59247bdc1212e5a6d840f1789e6d2c4ea372789fcf224d275e00b4927e8
w61	2fcfcce1a8e6aed13290638f429b825be5eef6d366f8c703bce4d0586218611e	9c2897b7a92920f99b38198acb209538dbddc78585bacf159620ebfb3a751bcb	db3457c7d8301def859c710265c006ca3e419753c4f63326ba3bc8cfbbbf3cc2	a3e1851253aa906b71cf5b164ec8b5065f9ce03f0d0cb61d730bf3cde7b4c8cf	a292a295c6a40ef56c734163f93b3189ab445c921626b2ca9f40371a1b1c9bb3	ffae62d1f5f10efebda52cfd0a66e025f3cf4c4ef93c1b741adc5561c8b03d89
w62	0aa8489b9e155d9912536a7d4bbb6e1dde6b3fc64d6a914eaf4ff85c8c3bb0c5	1131d5aac4ce6e2504f3fbc0bf382273e29b04c160078a7484dfc590ad74eec1	37944a8792736ebfabd67b999f0354146db843e6d396ccd0794ecd747dbc3756	1edd0c3becf34810573acd916c278d78d941a38298d5d7462a5a81295d8fb3d2	7d89077d9e2550befe0c8f7a6cd11e6e1519fa5a607574c635f3ef4c53493007	beebe6e975c65287a756ce9ccbdea20c285e7973a606a83f59e7ded3ab5cc521
w63	e803baa95e47e2e788a46f64f690c3eb4ad74c25f78affb2a5c6fc962e5b8cb0	db77fc6d41dd6dc61b5229fe9cb05b759e2670cb5034b29f96f7816ceed7d1dc	e61c1225a8e71f804b26489a2714fea72361627b6a3851e9a173663232bb16cc	aa2d43c6fda5d62116da45aadc9c640bf56ab8227c20cdc2f278d0c3394d56a0	91dd92ffc7fcadbf98983ca6ae6f8c9dfda5fd7e09cb66745cb88a6e621f6a6b	bb22236559296a8868a25307cdd38725d54d59cd188e5ffa8f46988a5fafe893
w64	679c905c5135d08d6502d775a313c16386783b46092e6cff03cd707d32e2d390	848aa670158d66f6db0adeb50578795d7b9cbb26cd81402fdd6df1213f0a3f46	6ebbec8176956fde0f1c9015f5d6c8f8f87604919fe99e4fadd05d1b43031fac	7f1fd8f3caa41e8680ff4c489afd4c09d00d405ac5b30b53952c1f22c41fac56	5e387f365d9ac1cb5419c41d71aea7cb3be0fc540b27e028bcfa5c9fbc0c9ee1	8f3e3c6290866c4070ad16e9fb263f836c59bef1c608c66268f546ee17ca6583
w65	f9ca4c934ce12f03c9f19780268f6ab9986b5c5fc6a4261bb542e45cbb83bb85	d7b907e8e1d90215c6fa3f2311b5d217e9f6c14b089511aff9bcce94fe80a2d4	a8a75c18691eeec8e70efff6ce267166c365e8fdef56fe37d3d1f0124d378132	c115628ab849e4ca393e998cac25a863129d3c2a85d588e726ce731c304de748	68c5dbffcfa658fe9d34ecdd11f67769821a12904482ae45c7dca8472509c824	5fda0291ae1664e7f1750b502bdb18d16abdae6326c7e41b1d85e2ef2c6cdb95
w66	783d26275a3c839ec693a77b631be28dd4137d001714cacd910e7fe7d9614bd0	c9bed2c4862a064296027567ab0a57c230172d5bf18abb4fe6dd9968aa09c9b4	9cb823422e747f9aa127e2d8fb5f9791b609bec060f26e226fc41dcf086c7eb2	f2db738a0da9651658d428694ca0283075656ada1c57c3b9f615aeefbaa63c38	a338c1fb4e7892c4c8cfd210a482a9b90df53f05a36f07f29420135c2b26627a	2341cf86d453baae864729f90b3991677c4304a27565b31e9f3b93f39beb3c67
w67	09513b7445d67f737272eb76f148390707c805c804b3702fda1c0878838324ba	02e82f4154851ee71f4af8f556beb8245597c30bae0c3abc42259994f6b4319d	3856fa8ff4b477e30e16a89bdf03b98aab96bb6c1f59bd035451b9298dd11286	3b2030213c5f835ce53a207db78e74293ffa37546ddd54bf425637e02a2cb482	e33c0c6f42f7933ebc25908b9813a848a937f795bcb8fdcc7108abffb6f7f7d8	01384630e64ba36cbd332619dcfa017cf0f971ed087696236931edd489599e4b
w68	f1fb64da49bd3e9c5b82ee05449d26744b33e38a5b95f662542cfdeb78c5d0c0	25a19038dd869a095f4682694b68ca14e460048c9c8592a0379b4d98a7403ced	9749a7e3bc685af2f5a22d9bc07a66ee5dd520ed9e461bdaee27dd089b631f5a	84df7b763fa9f3d6a263af134afcf4eb4cf58fa158962698e447add423be0889	5d12806948cb18e39bec903a68b5d4e6426ff0e4c5122007bbcb9802336ba7c5	bdefe7d936191fa31265925c2cedffa4155e754ca4b1248e3161737c1e9f4633
w69	dc6532b57419797e4067cbde157e381444c519e1b0e007549efa5d8a0b094863	6d1eedab28c9ec6f4418961fdd8bcff08df7e25f9a4b0e095832ecd7250661a5	67b823d542cbc79214c5150836225937d35c23f919cb25f97eceb77724332470	b9331776fc3bd1ec96c1f60d0dea89952349ca48dc0c6a584eac0e17e90fecf8	2b2a9a3e48b90fffb3f28bdb7ca9d61c52e04f2ce1c5b7313979245e74b51c02	8058a3e0d73ffe61fae13506c2529071f94c1b04cda0fb0a4a96fc63e59df836
w70	707fb2fcdc7ca50a2acce7f4e81e6d0d346ace459bca6ce124a3e49970fd01ed	4a8ec07caaa9c2cdf204c72fbe3fa5288fa58a71d1e094a88201ad163af0308b	41ddd0d0a3a6d0dc5bd90b86b7995607d0d69f4937cbd321d234fb402a4d1c82	8ddcd09ed4351ad8c01a1325eb6b4fdcf271044bf22c8e5cfe54c9d031a22ec3	22a371ea867df99c085fd4cef87a7fcac608a7b568aa4bf377796710753052a6	a9617dee52f20db0e823a1ea353da3109bc67007219982494826a9585886df43
w71	6e6fcb50c5f7299fb05380b4981a882b471d3e14ca4f3e9c85dcd2aeb118fa01	7708fc23a3785826e55cc39fc0998a870dc543c04484a60f45547411f6830de5	078f128d3c3a3c2d02c07a45b09d3314b8cd78bd66f7a66e2bf915c70c22c0c1	c0a7ca4084d4e536d657cfc72d36cf20cc0d98eba967f3a1ee74f8f7f0dd64fa	53191408e40e8d05421a505639b7e6ced5f49f8a372cfc5afc18330118570509	eed74812863ae347997c02c17cfbcdc814c762b0dfdc374f1b11dea7d3e7f142
w72	1323d076560bd79a97abf4ae4a8618dba71d364271b6a92e4571c6df498d18b8	281d8a44fad459b3f8dbe01b92b471939d79b1ad2dd5fdccbbd936bda890a579	4990e7abd2f4370277dacb9dcd5466ba57939cbfe451728854d6e1481fc3bb45	f8acd8a2b738b4d198738efb6eed742a54230cadc0fd14ea76e255f6baa23a81	88cf95439c36a577cf9cb7111930e08c17ea382fd005eb371da52c05674a99bb	dfdf501b8cd0b7c9b8b3e795d27953b507fe334549662e77bf6ec056cfba0e8a
w73	9f4d11d39f9159e4f6169054e1ee6cab607489c2154bf00dbbb4407c0f0a3602	3cd72089b48f1d8c335b9fe0ec016e13a5857e5f522af4bcaa40fea3ef09db0d	813957052ce77587c8e98b73328a51fe59b602694c989217914daaaf5c46ccda	616009ad99995e0a21a6acc11562139eba3784a0b800d3f3fa9ec28c69ebc3be	4d82104beb513b07e085f1d58a245ca48a3d52d9e21a6300d26e78dabebe2e10	23e3dfd38dd4868cbd734337d9b77d6d618ed596657eb4a2079a88faccdd7dc9
w74	eb59a065ce9f1ab60cc0392f812ae26dc24773db79f5f79248033b6c9a560917	e9c001ac58f54175d9b3baddb7fe63ac0c1201c470ef730bdff6ec48d395fc02	22c873fd22aa2d8ccaaf16196ed3676bbd3faaf74bf9331f7b3436c0127feebf	7c9c17ce4c9dea0633f9bf25ea134042dd9be8dde02f74c86f5e33d4f60fe212	5a8624a0a9f3f0e30609711be3aaf828ed7e2ddc3ed4228714237e9ef0212ea9	a641ade3790f2b53bb48774f2b6d977f42633178cad1c1443b874a5713501c49
w75	a20490b9415e3b5727617269021915451202bbdd728116d743f4eff9755d0d6a	ca6f8dfded8b3f3b7cbceb155258121398b3d7d6c434245ca570afb4faf95c21	cf8eb855716c9380dbec2cfd0544c44bb943528a29d8ffea4fc46a91e220bb6f	e3d160de69dc042184e060e614e9d0264ceca64e95c2f320f533bcbb5ebdea0f	7d80489df9f4fddf52bfc80604dd3bb7a7d522dfa0ab9a7bd51ca53c10febbd1	8e16c1985f47ef6dff809a240d570c7a9fa51be5a03db8a6583824cecd010a71
w76	adef78ee45e71f3022053284f472ed125b4080160d8ed2cd889512ddd909b7db	6972cf1c5c1dac334aae811756a617e7657ad58980aada4a678e46241b7e496d	d3c438e1c3a8265ecb214934f125110e7095442f05684bcff6a4b88576b5d50c	89cb9439cbb310bb1bb0d016998943dd2359f03720d395befd7da87d92d4a3cf	41758d7ea95034df29e3a5f3ed81aa6f382c2a4247bc3ffc417a17a37242ce5d	c78f3c8e20b0cc0c53f44d449514cb0d0f09bc241070bcefd64d975b7be6fbc8
w77	0d99ff88b91e1104142e12f04507cc938917daad29a1326e232873f809d88ae5	50aa87583f2ca53e4fd75510db9fb1c8fe830adc5c0c709faf47454c426618d8	8f97ed24fef1d98b839d863fdc25a5dd7311940b9d242c63e46a7b58d7cfa689	8f81541308f065bd6e9be8104622ba31bd37f5b1eff22b878c8a43894b7b0d43	fa8efd98788bfd28ef6ad24873c9337922df7f481e9b9e911b429f67dfdcf5cb	f2aaff5f2d935c52cbceae59591c1afa5ae40514578c2f3f99594006a3306f85
w78	c63a2b44a7f372393dd5a243e26021bec12147960dac971a3522e079d6f637cf	56810b8cabb40e705b943977a8905478db278be6ee02a5ee6bcfe75d64da473e	2f3736049b5256cca0139bc1af85865987c1ec0f28245dfe49997bba8f479353	c3a53fa9157e9666664f18a95be80dbd0f7f6692ee46b2a798c2911841c23c83	2204bf4be842754f5605eb49c6ea7423ac32196a412774f87422c5364b589133	0092ecefbeadfba3dc61a2dcc7a8102fc6ad10cc2c97822a50306d4c257b8019
w79	4908a55cfae57cb45ccad3870e3c4117d6988be47ba3a6dcd2da6d97f496b517	caf3633d166931dc7e6a4aa6196af1cf3d298aa0537b297d89c899e3851b7d2d	13cd1bd3a97d68bfd476c9699f77d6cd90385d41af8457eb38f3c08affb5b723	dc6018822083cb8f522fff35d2d9d022e7aa92c6ff307cdc7a9965954a386a39	10678467eba9882d086fc6b7e2adb5a6acbaa7ed8977a4f93175b3ad205272f8	5735b1f3cf54a7276ebcb7b919b8de7bd8b2a9e20bfff3647f981999cbded5f7
w80	727eb63060e1fa4f41225105f41785d91347c4694523cb141aaeae5f92c64379	63570d0efa69ff9c908442360cdf19db2e524195907a545b054db682cda58e4c	87f5559efe6a9d3640ba7216885280ec41b52d24de9c2d13e14a32483f50b9ed	7b53edbcc0d0ce6b1ed9a734ecd1f8039093f7a832a90f74bbb6a320c976cf3f	01eb02f4a94e2b91a77cd3cb64612ae29ad67e156c9fc509babab4622d9babb2	412fea08aa12905d9f33d27815c1c38f588e88755f7d9623c217db4ff0393617
w81	3fedfb19896e3359a58d4079ba1475c6c9b221d959828dd0e5f632af70fe5317	e8081df6456ab1c5db8182ecf03a72027ac9decbca8e9e3e34149b801df47dde	5e2528c4acd577bb90f23edebc966156cc0ab1ab93fea601ae6a9dd6c98c2e54	40a6fdf31c7697ff3c66f2a4b02dc11ffd47f2175a929f3dc9b11e08c2c74221	320f1aee58572574959df50bf91d07de515e034f084ba77341cb62251320b056	b363b42178d1c171eea64f37fef80bfa70b66bacb1f629b790273b71456920df
w82	eb22400ce4a197a44d229b22ca5465d0562fa034ba682849162fe043447bd106	61c972393ffd43e9b1d3f3e553863d9a59565482ccfcee4e5416ae63063b178a	86e24e9d2dcf6d336deaeec6a723ceed5563e2ab3581f20e4c8559128a858114	66715c057ca32a34af731119f34ff9f149cd6bb9061dd20f5325fc877f7a769c	9031d0e85873e4190a955f346b50dfb452dcee8d020368d79cf4ffbadabf0efb	0fc305c918871457da6a58a82fd853f78726ef8605354b96aa400c206ccf3f91
w83	f7e0fce4a7a3b3cc5ddaa298de134c4b5fdd7fc79cdaa05f57c84d12c595d4fe	326c18aeb5ec16acaf2385fe3b8a4852b8191d6912dede1fb2eaa55f4f92de42	22d62ba847c82f664db346d06125f2fe0c223676f014feffb1cc4332441a009e	c2089658fa8cfcf59ca2fb5964840b7bce92c8d623f395444502dd959e3031d5	49487f4b8418559f0582d38c23a228d4a0233ee480a96733d74a83ceebd2aadc	27ee38fdfdd2fa21978658edcb2bfb94f3a4035cf70dfd7dee61b02770361f62
w84	24426b7f0b9484cca84ff2b747bf6bf2168b950fb17bc6ebc8df9e162697a4ef	1b1923d8849cfc188eea4f533c8deae80d30ca767068254bab68e4e26736bff5	6f17076da1a9a4d532e1574aefd68eb2c670fc78bccea613685b2401f5edf47b	651fd6ddc38e678cc3d64cd2229777de05f4fb9c431cdd3ce61ee296f9f9d0a8	871e57bba92dbdd6368360fe19ba5d14da7c7017ec1a8fc1c74517ca67eaae7a	8bf003f5b754c314ba94765f506ec24afdb726c1c8b4781c918f053a827374d9
w85	53347dd4a980ca80381a7680392de27e16eca0cb79a7e8037d2e45c896d19011	672416c57c21f9e0d4eec2d7792135098c24c26f4bde9265fe770b602f279ec1	4b2208733e1affdc8212c9e6d11feb783b14f1bb5035c0e49454978f1d4e43c4	b3c35ba4792688c7dba6d3509223ead5e1c779058e2b4b6068f51bf3a5bf3cc3	4f0777be02c8a1c0e74a73ede2175ffa34df7b49ea1cd650da03cd82f313db8c	fb7dfc64d4b5a2a34a3d6cf43fb36fe2cbc7baa8c1eecc7f2e3816d259144c20
w86	7395c596c6ecfe73b360b48516384a570dc5910980d93830d4c4c2b76df384e2	c6a8e8f3667b52d477aa44c12ad62ec7fea544d614ebd5187a69f6a7f4e23cd7	669c13b160eb7699e47b07973b017bee6767cd456f26a93521080717445512c4	46ee1867dcdb093c8671f5301c31f79fac664cea1c987e9cc7b16bf41e4b73fd	80df14574207da2a96a186e32374fc5bc4ae0f9d12b445ce9ca114e78549d192	dbc48214eecec25472d62838b3faea43142b8b5d83343ed4c6572100e51dddbe
w87	8a225b2d7b497db8180a2a67dabf0fa558fbe0216ca5643b56a7d99022138cd6	2ee842bd5dec55f991103eb4dac064f5af853a021f0d163e97f2aa4d7aeaa6be	601b78f7c5da469e2ccc31f6b3891976443ccdc4cc66cfb7cf8724abdef30b9b	1171d4fafa2e2b0a5f75e09ce9342226059b57e64969b6527c692f1cad130929	fdf5e851d1f254d6f22ff8064853c295c24ff295fa8ceb4a3e6a1553ea7a75ce	3b88f6d58a1e7dfb99ca9c0de068b98da0183d6b3e08c698787eb899b78ac56e
w88	9ec382ca4a972bcb017dab6a4dfaa9f3a337172cc93e1486df7ef3d2f831a991	dc6d33efc0a2a2bf64161a28301dff148e96933f8e45eaa435fca62b8de6c625	25e4ac788836b5215f47f70675e5a731be853829e1b38c003ffb37e6461cf882	d6a89ead9dca5d5f77d55097e7b94f55aa855c531b333e9c9211ef66b9c4c31b	63c68d05eec5b29d8484a9fc5d712ed1781d35cb379ba6a3052f9275738a2a02	e592ccbc8408e52d080bd70b918bd404f6b30c18b138a94357a4594979084e88
w89	b616bc9b3723256c7f9dc07e0f37af449e128a702a66bc43f4939d5e2b311f42	2b778c73963e263c94a5327eb60005ce97c87366c95107239dbe33c8826cec60	947b28ab4a9b4120bce3d1f2feea7f9b7a8702c4c8d54e3f69cec2b42204f9dc	cdcc5e74914db9a7cb6a81941ada45db02fe2ad5248ed45b8001c256aad77066	42c55800a46d63972970d2edd29e2bb2d651c029657e02f282a8e0c5d0d169d6	14729d6b5184b6016dd98ad124198c0348894da550b331f62c109dc788bb2a86
w90	5199ba28ef0eaa58a9241efe4f5d9e5a73fe669e1feed587211576faef639ec7	b6221c9d3328ab72e9ae56b652857cc407383f9fe11ac000c7241c109b6c99e1	2d48cb75271d7173764cf9aed261b7df25d22e65bcf6356ddb89566fea6f1900	544a5b766192bda7878305952a6320b877218d0e3f1262ff4d343039178e0e40	c965ab737f24ab154fe7c8ef8efe220dce53149175081f46c0849deee6de600d	efbd23078f3f5c1ef7614c10c9ddd2ffb5cf94c7086a23bfe00a7ad6b1194e23
w91	db3f243e1ff010d5bc3a794b83876b0450f5cae06f6d090532625ced4d7747f8	478eeb7276a721d22c4b7ba6476b006665532e73cae2e95814703509137c2ace	0d47d286dff1f8cb7bf89b96b3ba7e51d439669dc028a0fd5ba91f1fcb3ba0f3	a5d4bb016f4d14c99b4e99641a0eac7689713947ef5e2cf819d233ab116cc85f	92360a29d388bbbfd07ced6b19e6431935ea1a046fb990f20cdc9c05ef6b7331	8cb1b39553571af9b70875b83270bd73e51690d37312cfc9a371be8f7bd08ea0
w92	0b174f6d72d3b21ef2381419e741ac729dbeb11c8e05f80f108c0ec62fa829cc	23548b3aa0fc4c964a64768b7fd867aa92771e0e087cb2d199377f231eb2cf74	e6612a13b27640c65c286d4120140ee518cd8ac7a748af81b3ec74c965cd51f7	1ea0483d97ecfe7352f56279cbdcfa6ad5080567fa8b1b640f5338b7c41a3f7e	1b2fcb149e7025f63a4cf2b3314e3abd3d1e6e44a56af7e69c5c68ae9c226389	5c200654b920510408b311c38201c886cdffdf63211fcda0716544c6571d6bed
w93	51cec3a395a46d4796bf082770a4c0624802606f539e8088bd631df38722b0b7	1b6e312586250320b38791850d1ccfe4566f9c0f1433b9c6729c2c380828144c	ce6b94c1829f0aa9fdcce6f003e02ab96c9add56edc83a3de26827e798cae504	450103aaaeac2dbdfaad17a8038145cdfe0dc77690a52e32449aeb3cd52efc9e	3e473fc20a56e168774e4cdfa6eca7891ff7bd34e1183df5c026024a3c1517d3	7187465bb3f200c6014fe0836b80690b1ab89765f9f92e4e175e483148c01e4a
w94	518357bb5af6dc9cea33468dadc69ba3c30db76ec9258f7edbd2176676b89797	43cc3a4b7e0ab6f8d47180c7bb1b6da56bdb6706431c31162d5ef816a14af236	f76cf7d41faa6b6eed0531013376c393d9372aa21dbc2a3787cf9ba7f28547d3	97292c046b19c7c92eb43cb7f1a16dca96ca951635e9434c6a19de8564ce0a8a	2cfad3f8c7cd95afae4a15b86beaac27b10507f8715ec7b8f164ccc07f375e09	0d92b525ce6809f80ac6f6a317056ca539714d858339023d116b5c1fa328b754
w95	6b21e2c78dc9a83e41c30b82dd1fa398db346f6dd98eca880895566359fff6bc	5279eae2a61fbf06736f40b6d76beea761cf6ebf5a9878e8435209ab60d26f23	fb8077af277bd5587b369759f6d566d3deb847376c1f13e737ad1a41701a75b4	c7bd84a5e01ef01e5a3ec919d938613b37ff269ccb721ff3bedff1407a80d126	3089a1bf0c5461ca6bdc050753540eecd59cb2a404a723e3b7fa7fc2f1442b0b	0fbf4de70077b9c9381d3de2e4aaebc4726bdf9f540fc52250be080847c8b506
w96	7b78959269570357970f689d588bc083d112a0de88a17528f6b9479b499da738	ec17cbec881232d56136d64a82e851d89f179a911153b7e69807a0343b61c40a	5ec54437185e14c817ab5c52441c9222c5f5fd3c08364ae8d3f8367b41f8858a	57276e6fb3114ef8855849317f0438bcffefd50fb87ba2fa6770b6131d629c5e	da3ae95197fc2366d2a36845d07d45fe6fb7090a6a64c88c98e38823a9361e91	a99a3d08e1da67aea128c9318c0e7ada7c1550b6ce2730bc1f7facb078458f1b
w97	fa5e76160699dc3cbe3aae749223c716fe47a25470b2d476ed30d8d9afc82bc2	2f7b2e9116641bde9abe5f41a95c6a4a94630ec33eb2f393169203bcbbe25704	89b653a37d0166ac698391bc5ca0adb96aeb52cd9bfbf1034ac4a81560932475	58703cf2111e193a26b1ab65e57173db1b4b996c95a6870d77763605a0df980c	d8e4366fdad1be6a0a81a7b68bd3eda976f44132a1430f5a96f5240aabd2fe00	ff939dae59f19433ca9826ce5f80daf9b0966c3bab03dd358b2611e9f058858b
w98	b053e5c2e2baef4768de44ef65297f6485038684e612874ecc133d4cd51b4c05	6945ba11f07a7721655c951ece60f7df0912d7ca35ffc86149a65640f74e94e2	883cdd5aa78891d96aa802b77c0cc0d5f84644d4b692edebaa0f37ba596c14b1	0d28652771eeedd5c07249329f71edaac4f1b0cae66281125ca91bc5b2b9dc00	9398054047c717ae78b8eeb0b384b6febdd375e7389df0572f68c322b0e0a755	bfb4de1810eec52477d29123e206bee75193a2b1b6340dbe154e9c7e075de58f
w99	164ed0b387f7c52f1daff5c00ac678a2966df9d55236ff330ea888f71d0e1a4a	7f687030ae21874b2bf28c871a39b6f00460f8a86f6aad8712b9924c43e22a67	d72be47602a05bec2b2b3a4fa34bbb64d97c82ea7a9b13c57239c227e0cbf6da	fd5c0696ba2d604ec1f8265b38d36db3d74c66dee063e6a78e673567edd280b2	99e6c5af45cd1e3463c091f170d9824e3447627cc98528006fc9b96c5af01493	094d9c3bbdb0933662a38e51bab8e35acce5e5a4e8486c274c151ec5f59a57f0
w100	8920772632f0a4577901e377a8a98c248152d9b71c4682ae43c652f87e3f7e39	2d855e552392da77895cd8b3a518a9477e42cbf2b267d5c6f687d25969219a65	211d8aa1078f24c67070dace69b1a098a1c054c4d2685ee8c5a58d2e4cd18fd4	73e450cd7bb9b297814271cb1d7b8a1edd140ffc87712ffb90650a249c4255ab	ec4b15bf7b4608a70b1ce1fdafe6ab33745f43219713108e8bbcbadd86f3c5b4	164ebc6ab151798cb31889a335491d0ec9c4e7ed9fac819cba0261109e8e6b13
w101	fbcdbf956d92375a10d347c7daa9da36a48caedd93a7701a24282cd6a6943815	0d5475da3ab98d43d8cc3269f361b9927ca57f2d10b88fd724e91765269591b7	30e5edfacbfcdf0069c35e1b59bb90f9816a02a32fc21068bf7f035734c2828a	1594e26c4cd1064276c2543395330a071afbe45750a8efbaba2183d49310aee9	6c571f21f1c4ec390ebbf66316d6f9d6009f88bd242882f06d541530ac74e266	f489ab79d985b34d63274562574756f1f5195043145d70f90b32588ef66628c8
w102	ef4aec2bcc12670ab27933e861e77860db2baa3be9dbb6f6a56407888dc8fbfa	1924b98373d29aa0630142b1a16e6b6fd55ef78ab9ceda473bb3706e79eaf1d8	0f957f8c729d8daf70a65365fc3fa9daeb2962da1d99c9b1c5d7f9c95a99e8c2	8a2b7635d5f34af5ddd550fc241d4ac520b62e82b92f42d1c2a017066489346a	dc3c8589cd8f089a8c5f174a37fe32a1cf35ba1c5941eeaa93ae650188716c1b	2ee9cb3644b783002da5b72bcd7135df51afa0f6ae8d586d4e500732694b3727
w103	2f18e8a5c1ba80bfcb8b8109f7f8b294d560146483eeda55d7a43a94fc5bdb75	53ec5edfb75ecf6cf59bcddb9415a7e8d0a34975daa6cd0474e6427339b27663	ee3235cabfd38a4a8dadeabbfc589fcb359a4859e1036c505cea3a33d64f60be	94362aa7fbee1b9f65296d3c916a909ef38fccc4afd053b424db46e48dd77997	8e3a317086455b7c56531827a388feca6f01ba30bc9a2ee8ba65878c5af3295b	ac8b643409459333b90c4b3c2e2ea2fa4418ede84e16ff6295cbd6207b96c6d4
w104	a26354cd7cb99c4cb30fbbe436d526bad6849b1ad88fcd124d533ab6b6c4679e	9745580f5ed7c001e1a80f1867441c9407f3d01c7e20a40604351612ad11d31f	35036bc9dce1032d933a1b038eb6e3d48fa9a2bcb6a5635f868fbe71593d2db7	9bc7b77275d89e634c131d2c91d70068c425b64a1708d759379128626b5a027d	199b18fbd670035bc34fb0cbd1ab8ef0491e64b77518d5e79d0a3e5758bb4396	9f96f5bfe32afec0e5bfc0b10250e41fa5615d827fe7aa0cdfd91fd331a1c51e
w105	a56efb937c2ec0a95313243ab8c98029d6c43fc01c7449d068a36adef7ab1f9a	98db6a231cb25f0dbb8af818cc2cad1082e2c91b8afb05955f363580ee60ae90	cc9ef56a55c046d7d79e1688505e9015a8cf2f10837a678241066f58893f0967	2b687d18e623b491a1f52089f16b027ab44dfdf5374848be838d3f46d1bb0655	d496b7c2905b2d7ab325ea0be440621f231963de6855a8711921751ed0c01409	e84dcf02680c896df2e9ecacd8d6405d192118793dea0e69eb47ece3c017da2f
w106	1d193919ef05f8b074f11a0c04fe16b51e65786b2f90d8f42b06d6e87eca6f40	9f84c5d2d63b5a9a24ca9aaee25dd29f5772d28f83ee784840cc0c1398ed8d85	ada67df1ef53e23d89701bac817b3540de709c47de460c7d65c4a9d6f184e172	1abcf0674f2c5b9f220a2f14dd545c4ae90fb9f63052da37ebb739c79fa92cad	063074f19fb603e66be7cd0fde004c2bd07f711fb72af0f7d0164e2d6b6522e5	0620d60747c537eec41619640eb5bc2ab337605a68d18be299ae7d57d0a024bd
w107	bf951fde29e1ce69abe52ad002bc0bfe2c1b48633ccbe5e688e0e3a41a5444a1	8b2f9a6c7e26389279d0ef95815b42aac3f2b52ff9f7f208be24d24914f209de	40bb5eb70f84088b2d0f8d75750b913f28712a5bb21611a93ff4e11018c32068	5d2cd5fd8c314d037ba305db05bb388052aadc837f92616cabdadce3041f8754	21c09f8c3f03bd396a63ffd632a4bcbd60573c1612ebe6167db66aab67d4c23c	0402d1d4662469902a23f1c6bd96d6727b685916fde0bda53860103846212d88
w108	b9cfc1638042bf9d668a420c7ac59753d898ddd41f3883eb3853ac7d412c9006	8a98f7991b6f9a9aa3f35a5699f253b25aba4822acb7fb0d892a5571dd607157	4b52a259cec525ff8b25c5c394dd3e8b1e28ed67a9e9c7b94e67db7920e216a8	186eb2a9e4a89d3b02668f8955313199d944ddb910e58ba0c9e081fd4b289721	0ce9cc9302de7cb01ad5063a94ce3415e78efddd3e2cb600f5582c7646ddb195	ee8d0b0e69931ab871f2e7530a682207c2682c6fd8557fc43dc665f188fc7ab5
w109	22c24d6ebe0f87fc32b76b15c33e6f2e4eea48bbc66899b16194530515be9326	1338bf79ea5582cd4c9a3459e9b06dfe0466082ccfd0153125dc92bd192cadd8	c38f1c0f3ff7caf0bd66f5be71ac14431ead9ad757319a9128d5dea929364c1e	7f937aeee68f5ef004d26f228367777538906af734c2f36a348cd99881daab54	ebb7dcb2a89ed0f6d78f345a60f7a87cbec1ddec06bee5e158fb763cf0dcc439	a52525eee7ac7c38c9046c079536b6c00a279be65cbcc12c9f61d0549810a959
w110	25216a359b860537a97d16a7871d2b3d18d937d0e5b34ec4ba8c207653bdc43a	e837d7f555c9a13c9c2fbaa57e5ebe84e69a9e77a7499754a45732860b8a1678	ddb2e698bd4a9a48ca457a86b8c7c05ab2ab8bd3e23a8c0634f8975f0088ce6f	9a6b961b4e9a55ee411c91e59fa999f021be1be1234bb4ad96932cbf7eb004a8	a9b217f01027718f79632347548e1ee4b19d02e73ab33dc5d2900cacdb7a7b03	21ecf3bf293f5790b6e33fb13c90389b6926abbba36d50094bb51ec950e18745
w111	5fb94aec0ee994aa2bafbb02b517667f8f7e3e20cefa3725c8655bb05c26d8fa	0e4d586cd2c9b0b8b982122d0b0774991734a2a2021569d0b9a133690c0dd91e	a0c963278b0d4c014c5ce2240b9c73139ee27cdb245d060f09d5fc4712b4a505	2ccfb5f80526613eb823f61e35e2dfd006a7257c5440176692312b9882a15c03	ac33aef53f0badd6ec1a986135bd0328437db0e8606e3a966a56c02901595995	f26e3cdebbbb4e05256feba516580f889d53797c576e1b12f76ac4668977749f
w112	b7c1c8dc24980766e3eb55ac262bf7a2ca8e3777312ec8b22bbc6a0077435598	0e09d5cb4a47f901a89df624501a2e20e54887af155b05a951fd6be13c3d459e	34138495e86c70a08f8e4778503bbd94eb08e150f6f21d3fd61e9d6c73d12b2b	56229646f5d36890df32ea0a3af8b8d34083649f41c4da51302069dff6504c12	677fe0931e1d56cdb89b1889b51be3dc78ebe98ca1dcb1e2bf4cbc280f5ad28d	6e14047f9ddacf09e4f12f6f2b7c8694f28af1eba17090b1389040a4c09395a9
w113	99bbb4290c1c374f6c40e30c9d61b64472d0077182530c7c942c15967205359e	ba5fcec1a0e20f13f7f3d604e62657cf7fba8a4f8a5571fa551f2b9d5ce99e0e	0d9f028a43affe51f6aaba75f200e93092e634cb0775498212a7831f3ac47520	4038f09b145df4cb2366985a8efad78e0a8700011514b0bf95c087518bea7e0e	bb52453c5c7e1fd8dbc5833445cc928c9f918b64023af3604a6383de4f94b522	70122ced120948100aa9a71f84aed88edc2c8dc2962302a186331d8094575525
w114	1847c0d734a26b510ce916f17d7302b48db9e63676826fbb31bf8a4f658a8e36	55021d960d4f10bd9146a0f5c8efc23c4fc593769f56359f27269ff1d9798aee	d87bc009bcbbc3825d1c25c55afaeec4ae1f648aafecc8c4e7b589a7fda59d88	43c3bcbb4c76faed47e68db135ffed33fd554843fb5e2abe2c329b5349324534	2121ee5a79e8b41c1b38544684eea3c06d766304031862c710f862cde10c4228	a0266e856ab74dd4835ade5fd97802d7bcee7b89ca710eca062130839c40efef
w115	f918f070ecfabef1a37cb287997093816d79eacc225d4496bb0fd331818a1cc3	03d988ddee043cbbf37d93f96eb01386fd2fe9bb95d9ef95f1dc6f1c340a4367	b7f8ecd6a40a253497f73d0b417010e82190a5ff5ed87a107290fba2885d72ad	86ab39f32c38201c7d44f3fd311d9edf5760934be5944ae20ec3eaf3b2cf023b	4d234b10210a4e903b12cc4d3140eea7899ee1c47258db0e1653ae4055148766	1d38cbc1845a4a3c2e3b1223320b0c61160d6b9c3d37d3cd515f036e708528cc
w116	23177f20206ba51b84e68bfc8a0aa00e53002de6660ac5b487c6854cd1e01b65	a87b6698657a8f917491ee3e3d527ff652d328a8015bbe478b96db9515a59686	217a95a3d0c13635f6eec408a324ccbb720508b584d4dc9b49b9a58115805de1	6dc394bcff728773929f46f3a38d611b1a7930393c8def5b0a3b9dc8c5f3eaf5	7ddc2c4bc4c01a1d35f5474c48ea80ea1efb04521ce83ae786e665e4a1b70f09	e7e6bcc282d5c2f748fa73ed1722eb4943a0f7906092ae188feda25fb1d9afe4
w117	dd92260393d52c6e142824e89ef50c3ca8471d7f4a00a9aba9adcf99e55bd288	ca77e5338eeb22f5e9e075c2e187959078a236087a78c2b35b84f58bf9864f54	9f664f2263d2d2e0ff8fe34563679d9de0114dd080bc5a887d342955b9b2842d	71bfeb6d279d01328c4e00e4a02a3e560f49fe8bb0bf24e9174522c2be4dfea0	c8d78e4a6a5ca1571c9b81d13ca9733ed34d2129028e71c0b1ab06d1eac73078	9b6aa98eb651bfce6cd8ce750c1679f43690aa6a90231a35c84a98e7f7d3128b
w118	7c9c380e74058b60b9128dffea6007b64a161f73fe479a82e8b421953e2a811b	f036c10d586d1a447bc5430439b15af0b77f454b930ca1627f0f7282dc49b06d	cbe0ac9c614df6dc10e298788f2a3a2d0a4a4e09d7fe37f75741bcd0f7c2c07e	49d43e78ba7ffabbdb57e8869a4e1d8e7057ed4a81fce674cf85e5f78ac4e0bc	17cf477729338a990b7ee6ffad67c6cd415856444662e5088b9f0e9c0b5ecfdf	8050da2a1425ce28cdcb63d284521ef2f7727c8ae4829351418cd8c8f3ae2ee3
w119	94ed3f1bf8d0e1ee9d416561608cbfae435571148e9b8d283b26853d429e07c9	b14a636fc555a3ee5fb3088936fa1faaff856c297624e3b906e5a03e64015ddb	f8aba08d0d01ebc950dd934de0f860fa939fe8649015fa18159de847b5256f86	b5ee55eac40c2fdfd27c76245be87496218042ec25d5e688c2c20c94667eeb3a	46e2ad45579e74ca68e015bc891d32952ce83c258fe4d567a6cb97764cc5c11e	51bc09ac83b1cf9e34f1d614d327a3c94f58d7c0dec01c96bcc880575648f2fd
w120	b003c24507cf19968dc6c5b8e1d7da00b5683a8635be069161d961810a93cdd4	4809b2db6a318f8d27e3f3b81ef4fe9e2d171cc0352e5a54c50031abfe29f54e	ca49596e81ec2db2b3515fff6a1bc4c08229eb50d25adf9b2e70e8564e345290	f63610dc6562cb19a93ed68f7079a4cd695af29ddd2998e90650584f78525a0d	e743d6027670cf0c878d307186fb4450baeae06982c41a0dfb6a2c8878f35245	d529387b367bf390e2b5e9d951118423e7b09b8271f0215064d764af18f8ae6b
w121	f2c0cc8bdf0bb43717ee66be46b755bb770e0a35095f9e9a573e5385a88bfb78	ffcd26c4703ca292ecb1894cb27758d850c1bfa5b8f5abd1219cc23b65bd52fb	7ee0d679ee4dd7441d8ec62706a1a1395cd369cdea55039b4dc1625fadc6c37c	2f7282fdab6c95bc7781f51d900479b54ab1f8af1e19391e80a2cb743ffe7716	04b7a3bdaadd561f68ed755605f41081b79a04e56522831b5b07ed7d73abb1cc	d997635e57cfb982848f5ea592b39f4b6b23e23eb32535f5cd6988fa6618f61e
w122	e10aec7fd464eecd3d151c86e6b6d831331fd8da5b8e7dbbfe865dd8382c99f9	15f359ec4bc4a37a71e70eb280e47991c7d6e60bf71bbcb5a4dd32bec3ce8284	3c85b9cac622c1b60ecfe341698d99ab336fa26a4598412ef219ed5ad17e4843	c68062ca9510cef3f9a4abc5126420ec9a8897a145d416bf98a9e5349d7b8a98	332ff73da0001441ce355a8e0bb0d5294ca80348c8f0273b1c45983db75c4b3b	264ac681c99f06dd75b024196a31e542e3a320bd5c712372081f1b591661080f
w123	e2cbde5e71b99defbaa8550c0e15d9a1ba6e277fcf304d0204b3636e0b7caf4e	e710b58907365ab37d070d86227937a2e439b78b1a445243916d456b6c699592	d0f36a549f1b205fbda524ee6eb4a475c5eda17ac4dd116b0bf2c247f40d1587	5f3c8b1e58ea7c3339cbdb80ea8b7627e8c2bcb2080815605f2fc810c26e145b	9035bbfd184ba5389e29f37d4e770e88785dcc026e9bf7922fdaa793948c2e0a	2ec20c0151a38c372079992f48b59fce0f7d81099471bcaf510926831df96f1b
w124	23e696279edbfcbbd17baaa7b1605a128bf27b805d9881f200b032ad5ba85da4	3ce5c8cfbe697a33fb49476bc53ec6cc1c6cf0532b4bc1f1f3c5a09ce0b02727	a4cdc5d3756bad11addf21dcf1dd3750709223d43b509a5815339db2f09e5e69	270b4f69743e06cfe2b9d4d0fcbd224a5a2c2e2f8b3fd2adcd596550af7238a9	9ab8d1fbf8a6e348d4ba8126cb79246e09b3a64dea758e6b26ee1572da2db479	83010cdfad844733e68ca9c0a13fb3bd3325f2744fca57c1a86ea8cb95f0331d
w125	b9f07b0b176b194bd6054eb9aa7d70732651287db413d082cd6f995bd9dcde14	9179012744a556fe9e5a5716b97cefe73bc51823a3d81202290b1a0f21644761	6f1fe06dd93b5542ac095cf63d8641070697cdf8596bb729afe9bd06c8a28e17	8c48760d56aa13b68a3c9897429ad8fe40dcd1e0e1e96167d81d77789b0b3500	7fd09b76203a2fac19a0b960a793a6ea42aa146eb15f594948b25a2605ae09bb	6d86d6d4031b885eb6bf6e107837764b6aa7abbc4000b00fc2937edb1820c134
w126	227c6b2775729f20f401476910857ac6e02ba912033a7753b745e380a35053e5	71a1a892dea31f23211f5dc8c68970ff84e555c61d483b04415d584d4b71bcac	2b063dd8b91c76b6c7c3b83e1fdc11de4d11334a25f3be7055e47738a9e72526	d167c822d634322c24fd84a0097913e72feb6f9d7a26788de501dbc892fb7c94	31ccaad0ff8118836526f4a0dc31ebb41df3ec8bc289771ea67f2d804e7cbfd7	8a16fb66b6a54bcc49d23b0b0d40f8d6b33252724b6e146719f831f86ff5969d
w127	a2959aa79b147f1a9a17a9e5f3f20a7b7fdccee018b2c5c26baa1013684680a8	408107bdec21a92a3e0dbabc4aa626a7eff1cafe65673b13ffbd4470af0b589e	357659293604400957c5642095cf79f367d23ca1c487aab8bef42baaa08db277	485e4512251726c257c7b9859c69bdb9d24f02adf69bf9fa07b9ad4389f445f9	fe347d223b777ef1372c65915006c88794784d5c38ef9907dec0a5f38a889099	d687358ee7bad100c2c34299c43a4d485b7c2462b951626f329188f5c48d7226
w128	88effa893249d76271a795e4f5078a0ece889031201c3e863f490be32f180089	323673ea0d424701794f54e5333e54ec4b29be4db093f7fe08252d2965458add	94e10d8ce41edfb86949f9d143f40e1940308ee024da5af6cf7fab5c3b6b5659	c3dcd8dd3c8cbd3966dc5766146cf7df0cd02b5eabb0b5d44cba0122dc21c5c5	b220513f2d70942ef00a14b53ca7a4b1f26b9350e0a251936ac5358e3048106e	bc77f9e132f09fc3b8689c440cc776166316f563a26175b44810396a7942d329
w129	ee611059aa74d6768320943cb42b4f492d5cf8c8f31cba46c00ca8c6217e5eee	e06f31be0da32786fbc7278fb144f3dc6cc0f67b8c6b3f6a2febfe2ef94aa8c1	029ed90ebc42ec7e16eee5e53bd77fb7dff6c127f80139e3b5bfdbb394728a36	95301e84ec7074dac59555e17cbb174db83f6cb84bafea21fa00cd09a2962222	fdd2ac2f39b6520d80a590bff74fc7572761cd113d1b832a4a0f037c7330d5d7	343d65c3e0158d274f5492d5669e199936d573cb9fe77ca21c0c545886cba894
w130	e87414bc82ca986f24747398c3e3d8244bc8332cc4057146ea1f01aa3c215cc5	8d7c83145f1767675bb4ee7338e16d41d028449b3e4bc6cf1ad49d7dc157ce3d	a3ddd3a9d4f479b675be642a33e7160fe53fea4b46843a20363fc9890a5a4916	e0acfb26612b65eb3703705965a5990dfac013c9126ee20f01f355e256a8a221	1667a4c541b6072640be8d2620b4f2fc1379e6cc22dca8c6e41f5858472a1b55	da4db4d38ca9a51c270fde385a28cb024f49526ca72a34c684a497a1521599dc
w131	7bc93b37077f4f6d6edf10c846f32dda95096780e924733707f7fa90fa6fec12	8500e6d715f729f35f98cb8d54e5462578e960b999299c268d76523a68e064f6	590e2e18c533eab94cde22f803fa3adb7cdfcd69cc4d5ef9ff412aac3b179277	261413e4ee4ca260d549518af0b8b2686af5725deeb757f6d55c698ac724bbba	5235617e8c595842d1f9f2d92a005dec89d243c0f6be2300fc91e7bc84e0daab	4950e9adac6b88ba932133bc1c7ec70ef146bc09a6c98e69a8e50c621a4dd6a2
w132	ea7bf99ed535edd1e4518c22793614a7a6d2bba16c797df5feb23f0f5917830f	dcc21a701cb01305c3fc0a1bd2e7a2a77a9b5faabb41e9a2c03ff456c1435a2f	4d86da3ebc4087e21cad1bae70466249a8b70aa90ed9b9012e1f7cafc2a2e85d	34038ecf96ec84938708cbfbdfdb1e0405ec8a6791084b929f99847f4f3c23bb	53b2401f97ba77e69b34cd2ae7bb1a19a6689deff1704471578e86d19c1172d6	3018ce08f02317aa1ae1b7242cf88848f2305697ce99320a70275b9f1c556679
w133	c43b1120515c788ba08f5eda104ad6494a9d86d0307af666a3b332370e18e16f	24b77cd83a0d592238d4dadb29a25d74b99815bddddb36f6132bc884c429fde2	7eac08b1af2fbab56490e13f9e7c469871793aeb17a71ea8959cde82a306af36	d537c0ec89d7ba1ac98ad532f976b3fc43660b0fe3f16dab78dd95baad85f93f	f2e31ea8192b73abb0e7f1e70e63b54b3d0fcdfa01427995bf783c5d5ab3577c	0f9b427a90b729df81436cb5ed78d168685843a92865088a02e25f4f87335428
w134	cac33a19992c23cd5407239835629469649ad5fb973bcde5e8613e651343729b	28dc34a8f52c09040d190e44e7c03d947c45f0db0cead25497656869b9bf75bd	a697e6f9702ccfb8c95050162222071ad9ba95da2c13bbd83b7f989a85962c01	73c938ac30a8aed0a75c75200d66390947646c1dc35f28481405da5e63795bff	4d7bfd9f03368da0cb3c36c91af602ca17bb901c870917d851247c0541848193	86f7e15ed5dca1b7bf86300e525608baa223484afb86cf11d6776fff7b133d66
w135	223caed622556c932c82fea0367b22020512283bc2a7b48077da8098bb29fa47	4d2c1e48a60f2851c73655a4703e754431cfeb09cfb70fd55394c49c4fa34d66	e81b2eaa983e9b9d9688de04e8c7ec9d64382c1ad2abffdd4801edc20bde206d	189cf7bc013bd5477fbcb9e40c3695786d1e30fc3c6d5fa08e5e792a7a7ecb6c	29b980ff3517d61c038ae1b0664d08bf21118ca12761ecb7ff6f9c20cdf0a894	f0a0320204e3dcdfa0832985a3cb9e1bad3b531c98aac9b5bc2a4f440c8f6b71
w136	46cfc13895feead09a1189f294c6e1071697c42078a66d4a4c89dd67bf8c06b9	e0831bdddbb5dc61d07a3af10c2a34c596ece863dd5abfced7ccdef025c2f85a	ce42b522c3ebe467938f5ebf444a2a8614287c05bed2ae13363ecfd5557290e4	333c992ff1cffb721fc24b4ae8338c68a6f357eb8d0636c37bd5198c01d8eb59	c80ae887aa18ea3574390528581f7864fbaa8cf6b7f7adb3c8d762a2096b48bd	14e1e27839d394ef2ba8ee029ec7c0b9c79582a069a7b4c7619be3047cd23537
w137	7b55fab2dd1b38435124ebae3a8dba69a175ee125699d76e58acc459c3a2c793	aa6bde54e8d91c09ac9c0d31fb2ef68b7111c54f55a0224c035677a15513812e	71f72621e92abd312fa13da7c3a941a03d42dbab8be3ac315ffa84bbcf911b49	68a65cfdfef89f0ca842080fc0c7823a6fba9be2214c497858ac97ef499ee4f8	00dd2d8394ca252350fda35910f4fadeb47c4fb7c735c226baa01547fca7b157	e171a28f2021f4cd341183647395a187eaf259f3ff34357e479ec3d64c874f57
w138	b80ee946dfb79346ddee501515183afa85db1133a6711ac8c5a961cb422e72a6	a60e5845040f92422b80363c4416569a94c21e2816e8a4b224678b8678bb5f8b	7bc9e00ca0236f6ee26b93765745717dbbc89e3541418fd341edda93520c7c88	2b918f805d8c687cac14d7e6e354969ec9b1320e87436e9f752b3ab19947ca4a	118eda3ef986e555905563619426422ee92de11471d01cf5f49668e46b0748ec	20470ec39d92719ac5daccb147990061a196d9a8e7bf81bb2c5951e56670b7e6
w139	a09b139bc358283c4d53b2479864c605fc72de8f4629399d751170376b441e90	9d6029e2aaeb8bc1f75f0445601bf96424ecb232f02b68d426312885cc9d912f	ed3870a5535dca9d0aaaad5fbb746cb350222096300d0a7d78db1fb89ded0b43	d6f614c09f83b3582fd0b4d9fbe8bc15e47685519a83ae0db4b1f211cc50fdf7	d5a9681d9b9f197f12f030261e2df3906b7eb9e799f47718be6588af47e690b3	ecec4cd065016311e3d86aaff2270f65eb527e13a51bcf516192995e95a8237d
w140	a05e4b83f9ca8617ac0f71ed68462bff7b1b82902347cf52ab218edf786a599e	a5235b8701d4fbb2d0879fe36c7514e09e2197b84e091e0c19fd399d2b89c5ac	e9723543e303089bfb20c93a2aac4f44f9d882b8841dd367333eb8e5f826a329	d543f4d806ede4071583160b248009f2fab182ff29b5b931fef8d5aef23d949c	6e9671f03e6fb4c030f35270a3ad32659bc6eaacdf718e7e737799062b59a006	2faaec1a4cfd98bb75ed6a240f210a2746f6cdd34c52470fb10d76d373fbd563
w141	adb2bcf099ecd9e44d619625a2c62debbe51c0e0fad0dfc47ebea1d8c768e6d9	e856bcbf6b634bc3a1f8f3bec8edfe01202abaac5c9fcab45140d1798a05a870	78721a6d0ab33bc509f192584d3cacd3bfa8464148a654b3778edcf70e359b26	fd1bfbce9ce3f0f109dc91efad322c5667e90469033a13f75c8f17bcc043084e	ecd90373d86c69bc1c91ff50c26cb8ce7482d88add777ed5cac91dbe174fc54a	e8ae6e245af6a167abcefe7fff220702261a14eaa7704b2db1b6c465277e75fb
w142	fdd222f065b5d98321178e3177b55ab04fe4a16863e4942cc994012e4eaa5515	f2cee4c4e13f5f4e33d806d3b33dfdd811c6fa081952c3443294b98fb9024baa	1b1029771b4fad6753439bf6597f05a2003b4044a12fad18230301dfa8780203	152c06d2ba071a1f48734c14458135ef4941b4c97ad92776eeba4497a4fc8797	9a50e2d5139e0b4021711b42b315c6be089db17c0e55a83645238f97f81392f9	d2bace0cca8513a90e5b90e831f96eed86f2df4d78f9ccbdfb76e79c892b5635
w143	ae49d83608b09ebac196c1bac1472107e0c1819d933583e50b8a03b2ae7239b2	20317d18d2140f19647908e8a16ecb88e6242bbe12989430d6f105b1879e5364	5159a381636180f17b143d439515f7e89c3dbc3447b6face23c23d816add4ecb	8664ad074389449e71f7a662419b771101ac6fd615d9416e3e3c4977f4f0310b	4095cab2b958064a348eef4fbbb774e3b187f8d73f7ec40ed695b85611251e30	1bcd1f4e4f1e0653097f02aed6749ac1b884f914b8374ea2d22d81f3807dd604
w144	a4bbdcc7fa25920f096f043ac856969c06bc6559421c9277f92099c086c5c285	5664c8dcde1c8a2fa56f67956c23b34de7592e6aed930981e396e31c1a6be0dc	c31f55e3928731dacbb31836fb1288843fcb399cf82f4a59e4b3c54388876420	a50e9e0b42d363f04fa912ebc261cab1fb386ef931c22697be592be7a8608973	13f3a2f29931bb4d03e6662f9a5df55d6505c3a74542360cfe170f08fe2ee30d	2c8381ec506918a6d30ccbd0c1463aed8eda4819c201591fdfa235064da6fbc9
w145	0a93d76e4973de02d6ccc95ea50d6b71ad0e05a3c77232c2f8f3fee5b18092b6	144e3d4888672468a6153727ecb845b200db397e2f815e5f83a9a49bb29beb34	9fdac08780923f679f39453d118d3146a81759970151fa21ba2d71a404dc8277	b3f7354cc6c141a7f427b7948153799ce1daad2cebbf19d69bea83fbfa6e24a6	b7bfc439af8dc4369ce1a0661ba620f6f0b7b190171929ad2585dc4292c643e1	70888486dfed31cadfa7151859d0fb05f91c464bfd008f86c77be3ced78b6d74
w146	04e636a098afbe8ef79858cc05d42e0472e62ab655b198aaeaa45929ec5cc896	fa74aa27f7e4325ceef2d91dab195189a36e7c2c148c160c472caedf6e7aadbc	8581f0c24ef7030e9e2c4e0295211e75e8160c2fe8b68d66e4f46c2b71405645	3db9b86bfd9c2107c5f1e513abcac7985d1b4576de63b13bca4ad8635172f544	fb6b1eb40ee19647c44f105bf3422811ec578f8c903090cbdf3a54f48401d32d	ff510ea8414359074566f3a70e9f045a68a9137565d279ea50ea29da05c4b590
w147	a170ac9055ec0d581ce99fe010c078c24ff71711dbd81ac0d219d0ce3173c97b	c83827bd7e9970f6c80d9330055fa04a6da6fd09626b6ca4a725074fe7d121d2	8dbd9c9d040b666d2cac8ce1b581d20c2dd674a7bfa024992becbd38db85906e	8840358dc698a02e8ef03a0f4e8dad798ea2af8a554e2435a1b8ee609f64cf14	6935d71fb13f60b546f08a70739297b46539c6390ee2bad6c5c9a112a07606a0	847758ea5a0324bcaecffe0f67f2cd97835425bc7049e8a515b5aaa50aea40ce
w148	9022b06d2fc1551ab74b43adfda8390c009b32c641384bfd842287a22799a1e5	b3e1ba5bdd2b3546c8059772310ebd41e6b527ba99ddadfe8ff90b20bffa1cd2	e89302c82af4de81cfbfaebc23a71ab0e93ded6ca18886c428fcdfca4fa18cc3	9ead5018fe0a7ea731ce3cb7e12e4673c9825718575c48dd2badae109da7be00	367b7e93847ef51e2a42b14ca12fb0c6ab56c01bc85aa9cf4a671c6947413fd4	d23d83390c38d5ac583e20fb9b37ed55cb553563a23beda1f5b92918f7ec1383
w149	1e8908761ae12364371db7e8a55eed19569dd26865c5e79af432e5a4b978027a	a140f8b2db00faa5091a02cb8c05248e88222cb2872356c87d6a35671b04bf2c	a90ad2195cfbbae7e9b75a67d88c2327416eeb4ffae5138057e4ddb6a74686ad	3f5225abe5a3b8509c6116293477eb2989b850c141d27c74bbadf23dacbcf8b2	fb399d1364dc2028660f64c15fb663b866f22167afcb5c1eaf343b4c6f4e882b	1aa20ff7de8e7f6ff2f4ef7be1240a4734eb5a360d77aca198bd76b33fca427b
w150	ba8207cc915fec5b001e9b7ec31f04b3ebbc0bd8bdd8673f216a398ed977c6ca	214bb15573729c187fe88661a24a55a9a041306c1d060e9522c4ad490db31126	a17310fbc5b97c9db480d2d02b9036018669f46d68e2bae9dbe49ee7c989a689	f38bdd895199210cd615e2d6e3ec69ac1accf69f6dde6fdcc2669b0d98b88fba	d9db115c92dceb5c72b11771b0858a79c17fefca536403c7d5cda34c16a56d64	ecdd4d742f89780718f708c857dc2dca2fc58df9547b466b8088c5242298ea19
w151	67247a2764c4274ccb75119dcc78e800e3ac851dfbf870ee37d36e2ad235e1e5	dd8a00e6aa8d9a0567e99a6936d3f7b25933bc3f159548d5fb1b727dd8fb8ff7	ee91b0e51264da61d4e9604002e81f85428ed34acdbe77f5f8576af8ccfc5ec8	ea6a8016ff7747011cad9984c6187f7907ce780b28aa8766584973e41773c16c	5bc9bd4c472757dd625e38d1e3326a6d9fc96c6238abff607091eed5d336117b	b63e1fdf3078276b47f8021f1999faa22b9c454c9fadbdff698a8981e7ed825e
w152	456166ed69d1cd00abf69ccff0838d2bece589fef42eab6fea535ff4723beca2	a648fa8ec16e21f2d2a9d2979826c6cf837296a7fb0957c55050435612dbb5cd	e9056012e908c568a9e8c1d77afab930d0dfdba998513a80280d705f4f0bd335	247aebdd1351e3cde15871e5fa32126f461f5e718a5f137c3bb8ed6b912913fc	253c19d7973c2276762a8886165111c03ce30054af099f00b939c137c750014d	ce3cfd67dbd33a0bc015b081c3b8ce3f9b6f004d5525757dd55581cab49b219e
w153	1b5a60493047ac83852cccb0476c6dc0b9528abbdc1340650073dd6c58895cfb	d077c84a2005541533be9f23d482ae70ebaf1fa19a6b380c2bc492503b6ce23d	3626c8ce8ce7a59b94695c3f9eb836fa5539490ab9c5e934f0d081ecb4ad65c3	34a9d2cddb2914345c809aa7a7cfba0474dd44853adb038c2cde9fc89ffa73b3	c93edef32c104f7a0eafc39faff5a16c42f94d8e14166cb4429296dbbb96cb93	764e487ffda703bfa29ad55fb5d8bc0f4b54427b13a841a9297837cda4b0ad14
w154	5b6debbb0724095d10f2afad9d2cf8bfa0b60a857d1d465d7c28e5a0e50f401d	0581c81ac3e3ad0cff0e7960b703ba786b3e4d4dac1d860edacd3906eca883ed	e9782baace0f408bb36e62aecc6708dc314a240dd3c9fa606a6a24f7a6c0dc14	7cac2954c58366c944c6c35c8c37f4ab9fc58a68a52972f86872f309448ad645	f75ed91717853fd5794763642cfffa2b43dee147b8d0a7b1cfc5472d9e31e0b5	3f1b221d6642db132c20429353df2e45ba47e5e9be80f2f69851cbc1c087fe1c
w155	2e0de8edf711b010f3855e808fbcdabd8460a29c271299cdc5189680da8462be	9ec5684330c4c0f7f45de9df73420aed0361c5ece0fe51d1d3fefb65b3e3bce4	d3ba0e99167a1358111f7e74a33f976828747212e47dd7cb9686c4a2377c87a5	59df02027e766847824b862b860bc669e491d4f747dc59de3f75c46bc766914a	a99201447858f4c19d3f890b29682330e671de0c5b25e9188ac98aefc0442afa	732b2fe824acc4236422b5128b8f8e7da9c0ee57934e310dbd9b39fe4ed9cfe6
w156	97dc21c723140e28075caf693678fa2668cea395df000e4e67787eb3e9434df2	d2e751f3e33f4e501834c56a774d42b31ddaf1d4a81c7d2c85ee1a73a491e739	5647bd14f278255052f8fc4a071de5ad58ce29d9b885efb3f95d5ebcc6cf8b3a	a3a11719e696c0b6d45e9ae3265bf1f943eae985fea0c69e5c1f50c75d361e10	1bcb6fb6b46614d3fc4aac49d2f884d9e6ef3eb04616a30eb49b9c269f804794	e7ef647f4bdded0964e4754cc9d1b7952a7e9389672edd2f001831a9aa2e4a98
w157	600e770c5b97831beacc24a9860ea61e96002dcedf154055939fbca0a0922e82	9368b614f740946b75cd965818bdc7136ee3ec48fb9cb391ed9f7f748866a0cf	02bd8db9de128244ea6fe0b47c672bbbc2d84f7c6c2ea6b4d07a4c352abfeda0	0410a7a261173695993ecd9b7a157fbc9b38d13fb84c87e6b44acabff67412f0	c60c5d726bda743330f472d836597bade3beb988d0c3881fad0dd1a27a627fd5	8f55a9368ea2011f4481c569603fe35d864db3178f30a7669eda85e1ebf57b1d
w158	9311d03b7257857b70883811dd7be846bd24d36a841737c27170c16994fb3811	d283d1a7c4905c2087f36c10e6b3cf5ede7e9ac40ff4320f13042fbd3035f589	41c21ac16f963a055d3ef0f968b7c2825a87c3e8e9404e911a41910ee93f35d8	843b532daa073d9f4067c190ea09dde4367a9326309aa4e85c6ee4b7dc5f2665	c84d5a5a50b994c7842b2bd6ecb0a2c47b18e7e2bde0e259c03c1778a245cba8	f4021646a34627781f68f865bf6bfdca4184008a165c2c39aff2c1b9d2878dc4
w159	46215747afb5a0c6dbf1f9cc439c1d306ab1f8acfde83d6b05ce9a15f5460d02	c3dce9989a037e928ed1bbedd08584dcb293bebb2fa4e52c0c402ba85b5126a1	671c74c5c68571f842bd55b37720641e55b4fd3e660ae089a6ea898f9eb8fee4	c8d237ae66fd55ea04bfa2b73d1acade83f72e41306819ba3d9f6874bf4e5a42	d0ab5e3c1626631be7e6ea170e7706615a9425b8604ce4d706b278478cda36e2	d6f340d97eb40ad00321d9adf13f37dff1b54ee06a4b50410a6255e71dc3e228
w160	06ecf9909f6bdd5c894cabfe97527ca1b4a0bd4a8a4ef6b40dada413eba48245	23fd650dd7bbab76d639b7ff913b0cd3d93be2072aace556b2d80da2b97b1b16	b8d87bb032f4fc2af2e3fe0d4a306c37910bd601b96b73c045411895fb1c4723	ad50042962ad7b69a7584a73611dc72fd9a3bad244345d0c4b502bd99bfdb8a8	22db52036a77f1bcad7a5eebddc9e73ffa718b0d7f796e69fa9c64cb5ab748b0	25679f2a63ea073cd3badd04f7aca2f1f35d7f220c82f65d6d1a856563e7e814
w161	8b75f544f43fef5776295d79753c5c99de442c1acbe74e8102ada967e9c41c3e	e489cef88abb0f307b5f08df47e547bcebc833fd9c52b90f0e9aa55ffc6e1186	6bf61a53ad69ff827e21cdf65cc611531d17439f8a3beb08f00d92885a62226c	978490bf816e08cc3570331e91f6a7821b513d4bf6a6045eb63742378329ed28	9e194b998cb105fb61661f4ea5aac0dca98a68b4e6bc26e1d3ac9f6903b08b4e	b72ef017126223d8985dd0d78feb5a745dc975e7a08549715d9a6158ef55fd40
w162	db4f90d1c21d275c63c5c40056dbe536a79806da31948f347870645328e00391	416d5025eaf294d636d12b54bbc01616ae83d59c9f1502d8841072782ff1ee60	8a86225a60f5a95f047c18940841b35b1e4fc49bdb56ce1fdc3a06591080b595	3b6e25b7c64fdb1bdb93e1fea0641a15c758c5ab109378726d98e9629c2dada1	2773e147ca388d4b6a234824c722be5e85b597111b53259dd57ab8bb03e2dc4d	158360e74eb3e124d3b400c654ce014d54c5874eae1800cd8c7a20522974bf35
w163	8970f2e8b55f3a928e79903b33631f1a186028a21867ff8b8b5e190b3b37429d	a05b57cdf2ede5bff3abad77917eb8679b8ac645018ada5c12978dca4183b3a4	87cb86964b9058c1125c5b7f441b9474b77574efdd9626dbfd4a1507965d8e43	bef15062120e53745b2be509106ebc6bf4de751972504cbc2554fbdcdbcd776f	9733870b41ca31b77e5949df5ca0ac391b89c1743cceb07dcbe0a2837cf1274d	0e2fcf73ea5c81c33ce7e4f3edefb805176ab22ccdcafe547a782a1f712da05d
w164	ae23e498c5f5db30dc56f3481de549c1d6b90cf1c5e91a3958060b5c493510c6	89a5e9401ad176be9681d7eac173a7fa94f5098cca6c1d8448bdd44ea6faf8d8	76970329fc1af85a515b4c8f88b29f95dc27d5406b9903f388ba5716eb591b38	d193b85a053e13372fb866bc06b290c1797c2baeae7666b51c195f01f76ad078	080503ebd1c679f4ee66d5e75db3e3f44e668ef79d7d758bd7d9d60eac83f684	064bbe23e3f5e012091709517d0aa52f8b6c9e61d31380ab6a274f50de2cc992
w165	9fd1e958bcbeb5cec64825427df0e39286106827466d8af52afdfaed69e024a6	557cfe3900fa9883f988911931939df774a1b6c29f50a28fd1969fc1173d11d7	7529795a1ca8f0c78f9c9425aca73dc004dd607160d22a079d1641bb21d1bb0b	2d3d4d796ee668c738f045363c0bf190343cc98c4dca0bb22977a57c59c08cdf	6eac7bcc457c3a64b2d1a49f583d19a72e7adfeddb2b7a15b88c834fcec6aa6b	d0fda8e6bbdecb43720341389178cf605c1d4924fff2e296491b538c46054ccf
w166	2a5dfa45f833578211ecac5ad38755381afb30d0f355a92e77856913f5c1a869	3035a389c8cc9d107386a1655c5cb4e39577c04195eeccf7fafc3ead8fce989c	4c5aff9886e5eac1b66c73f58e570c1c38c631f8e020d648f304f6985576411f	7d6944bfeca590b47e039ca8a704254daa2537098505fca0f87fd50705ab7302	fb7a6d16b33d61678431db4be39fd40c80283f2828d46a3700977218cdff1bcf	0e31cbd90b8b919d1ab2e0e3f699334e2177c935120f8b1b1a5ef1ebc70ef955
w167	563596c02c6ed392386aaa6a8e54f3d8234bb8cb2afc29f0aaaaada8f9af5ab6	299c97740963fc42ef69bc44d4434f49a89f032932faf346fa3953e9b794a0e5	bc9a2cca2d9a6342b26700036215c572559c0c29b585716fc95be41b3132c4e2	a0fbcbae9ea73d1a2d067de70039ff194c343b398309a3bb904a21a8576358ee	c2b6eb308d6892fd2a3192c03f616ebb26ac9fedd0b63e066ee6ca0ffd579e10	fa28aefde80f2b91be8209830ff417f74881191d402278cb5099f3e9422f1de4
w168	e3afba9558a80e6243a308c8c9624c91a1fc201473086128f0d4b4a655c017cb	25e8bce1bc43258a185c34f9ec1e4a17a0d85ab1a87acd443bbff1a936749e6b	d776745d3215a1e348f006b97d6d0bb98a97703262ab1c5933b4999971646e23	df93b79edc532a6409e4cc2eb57e9621177909871f48bee397d51784afc4551b	621df6fac2ef1d588a933379737591a0e9153a67d81fc45145c9fa3f89712384	fe178ec360b1cc6974c02066a4596df0c920cba7e2c7355f3f5a1849bbc4e13d
w169	10642309b5006a29851bdf5ca4a38ecd4915e2992a5c63974bc9c5e68da88145	f53bbb420f3994afe043d6b1857d232530a94a9448cf0b69e205a6f36d4d4f9f	0eef5aee0299ba1d09cf946f9e44a528eb38bdb6153086ed53d483247419c884	c4789f0ae37fb268c4e2f4f7db2e6a67dfe72ff99e9becb78edd88e87c190683	7f6f44aa37fe7e012c8b2a11f06139371d6bf398a16591e5a273f425a15baf32	f616a210af9b3c0ba44ac57c4e39013decf92e6dc8cb8e521707878caeb997d2
w170	62aea64cb7e4fc1e98350a81fcef2e6aec2ecd1117e7174918429d3be4784150	de9cbd98bf1cad6df7a5d140f25b5fefb8b3fe234722fb3c92c7480fddac7d70	77254f04d39b774a51574ed8cc187a0d0553affd9c69b3ca3475741d2244d643	f74288c792f0ccc43567fd8bc48cf2d22127545298a48bb652337c353e0cdc45	7c2d80537d160473d328b51d35036ac8f63cdbe3f120f885c9a316c3d465d453	368ca3b2666c97a1bbfc10c45ed746ee43f8c00da4994ce3bf0de3b2272982fc
w171	e939aa9be1374c707e2f3806041bba39fbd24d8b84b2daa4955c6669a04b4d2a	911cc0b269032de51bce5ee0fcd549e36acc0d95b40ffec40708dcdddfa6bafa	5f99489ead7d4ed060e7c0597408147baa53e57564193be45cf5d8328df9eb0c	01e0ec4bfbc00244de21364bcf00665465ea93a74b1969f4e0f602129d92ad7c	06a6c8c7db88e9891e79d8bde004d0d4d54406a099744db70ee80342d5aa8f14	8afcf6f8c67f46f0b0c8a759fee2de37e7bc759991bc8db5cef330508ff4927b
w172	b65c15d2a68acdd43789776cc47f488ed40deb4c233b641127929a0d89645676	01e216e4bee46173255a9678e137f1db5c7401abce067208da38ce67d7d0177d	ed1386797972481a782d94aae9d59dfa472c4e6c924ba3f828df35101119e95c	abcf1bd8956ff6d8f8761a0e0ac545c5861fd345c8718e6773f4a3a663a22d1f	0cc9d8850a2382f0af5d0593c88a6e6134170996dfd5be25a9cacf0cde9261a5	ae5f1ba517c50b49bc4efc3ecf45f5eb342df42e4d0e42efa28eb1e8855c7bab
w173	93ae4008c22b8173946f17dbc7af449d4da61bbe0f84a0978904d52355f36418	ad29359f3096c0687f2adf1bb19027c84b0b8ec9c092b2b79bb237910f4468df	85792d766ea8ac4dda3bd525c7d7ac66c6cbc8d8eff924e6f042910938a22104	804da6203065338e1487e695d4d12645db03df0ae8b748c258fd10b1f980eddd	651870f18c08779848df376a97dac203c1229cf1b888f4b492efd77b9d4fd422	0320a236fbfcf7ef1cfa80c9d7604547b0b6964dd8776d94805e531084b3c9b4
w174	4d8d14cc4a3d927cb74ce72d0e8dc335065e5324050be77e6e8bf4dfce89e145	9f71faa11b958f138ba6aead2f0c02fc03f2a47e1014fc15e660356af521d174	55754bfd80b6d7126342d8003315c19a0ec3a1a323f879fdb53d4288eec208fd	fc5a9832d8a8ad6b48d5f3396bd60c70103280f73f0569d80241ea6ae2a4c5b6	613e6db672f97e2244af00faf9dee163bfd1d98087a3c78d4071b254262278f0	5ca6b7c1df55e39b8ed3f78ada97164fb73da15adecef79e0e07e85d86d82fb2
w175	2edbccd4772197118c3a458e5d6a8fe055fc11420581d3ea728107c7a6c4cd22	31b08a6cc531c1f18e62cf585ecd22716357acc6bbd2d556959ab80e2194df17	444d1e26a942f7ae556b45a06f4b3269ded16981e8271b3f594eae83f889c6eb	4f47db82229cc1124399c3571253895b84a0486b28a14caaed517614db26849e	d1ac28edb6e5a1a22df831ddc2f0d92c06eafcbcb258208c0e8d9bad34c93484	92c4e226b4be6dd92034dae41cd9f094d70556e68c4ac913f8afcaa9eadd3090
w176	00a5e7c03f7b68048f3df4a52a3a5c1c6298fdc6acb590a67bf2361ee1438cf3	faf1a9b94586afef8614d55c9eea11e884cf3d116db973ebb4093291dbf04ce6	3757fc4fa0a495d571344318ea9fde20b93bf7caa24b733d07b2a031c9edd571	da493a2fdafee626e5f1bc4f977ee58a6622824dadac6a412e55f35425f01d05	1e8ca3f406ff90ccc1492fa5b9f7515c9e8b1a347bec73ba97847958c06c4027	4e8469212c811864ce2913ca969154bffd9b3ccf9c1fe54e8ac8cfd70089effe
w177	1e07b7802ad9b12160b4e786eb621ac6652652322ca76db76ceaefc03cbe5891	62726ffbd3c93d5fabe7e43fc45087b8104ab040dbccbdadbcd19412d2fde93c	246f59c43612a1a2dcff50fbb6793795c4cec0e2ebc9368bcc151fcf29fb8232	84f090c9bf003bfd0934849159e3ec92e495469c5228c82383f59dc526439d37	468644cf6fee34a347c55ddecd78537b2770dabd349893d39fc771dca89e3a68	8389aa8d5efb99f1f61fd8efeae56288d5d06350a95f5f7a7510dedef4881c2c
w178	395947494df9e4b89c803e97588afc7e115e2ffb601a08c59a04652b3cd7431e	371a0e01f2dec1d736c57233a536c0ac4c04553711d69e98eb0bee05c3f838ee	f994d3e686fa1b6949d7d2711e0675f959c8faf7ed82a084db449a9f2df4c3e1	874ebb60b9e3f953ab0b78e8f8f992e7e0c2b0195b0d183c334a46db815d88ae	d586b1fc14a5b3b2f2dc1edc2beaf6c78258808da69b2e64f397c96e027db331	325630155f4d41f3d7084b1ec261e8bf70b80f02bd20b497462c16d983ae8f0f
w179	b15066205286f9e83a054037e0987e735649603c580f5c995b3cd8566d220573	611dc37149f1a06cd990318598683a58f8cc053e7561dd4eb806eabeebf91c05	3770203bb47ebf7e43f78be45073f25a2209e6328d5b4b2640668e0efc375372	564aa84471280bc0e666e44654e4014c572381395dbeaa94e4c70da65c494bbb	8dff24460e98883fd92ee0340670bd2c9ecdbb07aec79cd9f296ad5b59904ca3	c888ace5f4009e8eefca642c31307a604bf57758dac136b23d8a0bc05dccc0a8
w180	498a8662242366041d734fafe6542167c8d2e29de5a0dce4b87e65b8d6616554	6055a070154db8a24f8764feb56cee61bad2a7265426440bf88a807bb86e147f	5deeccab9caceaef940d91240208bb2466a55b86b4cdd092d23d4649fdddb1c6	52a703e09e2eeed40232d85f4e46dc2fb7bc060dd794d0b465ac00854e115b7f	a1d6e2ead13e81fac2eceb2b0cf679dbe61c4073e1b1b136dee547d05aae968e	e290988ac41b68167bfaf0ab30adb2b742780390f57031adfddc01c76bd7b4d8
w181	91d9e25c56f3c12fc99929f8978647a37e747009e943ab7b1b33e959d81028c1	a0c12ce0ef7c394ba0e3a995d29427d68de05c9983e662038fdb1fe03729a100	bb024efb2c77f90db22c791e8730dfe37894718e642d9244678c4c3e905747e0	33b648bf38d175c47f40501dea905a42287c52bf39c6f36748e65a44d2a27b7f	fdb44f4be9ba66cb40211fc726d8c5d4e1067eced13d3ce736c3659dadc095a4	3f9375db6632c9a0c6fcd1737ce2bb4472bfcebd4aafd4a6e151728695375f77
w182	e04543c655e59d87f025d83729f4efbabfb68084581e9a98496b8da0b6b27263	f47795d42e8c6621dc6f993e885f1bad1ba510e0e7eac72b87369a7b8881750c	4ef0ba3236e916acb550c8ec5c465d585949f708fa0d648ca3f4380c697ed772	4ad80eaecc97beface7412e2264b181d559d8f34baf5fe2a3036e1b10821593b	064e9cbd7809c5e6e0514608658ef7d60ac5d0691c027bee4af37fa9308ad72b	5d17f7ed5184888474af9e1ed89dcccb03bf4bb69c49831462f73df23e320e92
w183	06667e236dbc4d3ee7c670f8ad2b8d803b947b388e02fed76e0cfb2721b35be4	103aa6242a210462583cb36c30d1c0c88b88d09584943ad6c15acaaf447944be	2539498c942c0a0abdb1cea6a4f20ef3c4283886df5983e7903329e430927b60	8a05acc69c9866260cf180316266ee3011c2590b6aafe224facf17dc4ad10786	a76a973b209224277bd2fef7fc0e2799451221ca84a31320cd4d209f3f004dba	40e2157865f61c8881b241d1ff95a4ca6f60775b1cb45e91df5061ee3e6d8739
w184	f935f8d84b5951ddbef48b45c76b35387f96ff4c69b11b5fe52656680cce173e	4011bcfa98dd0c027aaecbe7966ac99558fe646b68a5f2c5d6ba7548e0ce567d	26e36ae145dd5d9fcce0f85047328d933d11309568d4354c8c30114a1b96f736	39dae94dd29b7199369525b4fc2899c273f8ea4c6465611f3090649292b95644	6daa4389fe1e6ff98179bd00eb4c72680ef3919156fc6c88069f75d5b454cadd	baf3b6a9533d141be351bb365e19080895efd4ee5c761c94644d284774f8694b
w185	9d2e7e792ce517c711d70ae4e8f81570246a1fb56dd1305d968130fa26344c7d	516ddfccffb1c33dfb88dda63c710893645ddec692cb37b6d53a05e095023aab	e6f250b80804e8f35ea48c6af0dfa58a8770d80d88a7ceed58e9d71aea9936f4	74b95a0022e7b2efb3a6ef6960ca3deeef41fee6c0d12cd43d21688f6f64c2a1	9c96826c5e760677d05911930b825c926ffc4d1f9a3b9245a63f1c5cb800cf50	21c1ebfdb360bd8c9c06255fc786e81ca6a1e7ed37a20c05deb04fec7e369d11
w186	5fd366a79586718ed745ca9779bb40682b8586f4178e7e32bb8ce888b3b39ec8	afc16eb62fcbced704de785737f0e0030a34e21a63bf806a8fd173bba600c0a7	86c97d2c050e46d2e29a726674689587710d3783345587d88b393931b4c96d3d	c87648c2f1dc6987cffdc6302e99a5144d750ca54bd3fb96c7cff2ffe5d011df	a82c08c7d91fb5bd9f0519d25e050983ba0b2d2b26d915b316b9dea539c528f4	481f9a6d40494e19354739607b0a24d6d122b1f69a7ebc70ddaeb1841dc1ae7e
w187	404ee93b62d006c042549053870b77a9377705728e84a0cfc512d54b619f3193	3b4bb3d22ff278adf0898a79575e2de39d18ca668739c2a70b9fd774b3854c42	553a6f12c45a793442aabdc1f43f6157bb2bbc9aaaa0a336c087d9a56de57285	7789689557bf530d50d33779ca695c0d4a3738d241781d63d0c446b35455c745	f98aa04775464dc725c7e6bd54b4192088d2823726abfd20922eef2762a697db	76f5ce8d89c82412570abeba3cc05a3487f92bb2ac8f6ea0289e83ce2f5b8aa5
w188	0b76e6aced338691608098a06c4f4b8e196efe2402de01c67581af5f2a87dfdb	1e583d3deebd0221cd0ac12d375eb7e8d64f8ad484bc2c4a60711151e5852a81	0e5c1d990b5209e86f6cab58c337226fd964e6a7c2df794aace2c2a829b8b908	76f4f0fb69fd8e2a2fcd37ff46df429dab838cc6c37c30a0d57a4556edaa822d	b19f4a67c0026169befc34911e73a703ccaa1463a8b831b5b5ad3419bef2da6c	77327c479288bd2ef4d52e4598694f4daf0f33c7c10b8456e0d98fc7c52fb0fc
w189	17f5918458a4c4ed139a92be441d4152d879a45f46bce21dc7bd9e0672e352c3	4eeabbd0debcd9d04b96c60b4a105cdd2e48f1549c2ed45fed5302e275a61268	37904ebb9a57ca9a01c8b553c956c0662771fc583bd50fc69435f241759ecc82	df012ec9274422de9dd6ade3be6b9aa9ef4c8c374b489af12640370c8f6120b9	46784023849f2a2e05fd3b04909100a7fc3023cb5028fd2b5e20b496981dcba5	1ee1f7dbeaa9b93de80ac63cb344d7b5763d1fd73342f0c874ce70d0bf8a6479
w190	e06287a83b68933d029d2a767ebcb43a94b782bfdd20d45279d914364b66cb82	3764487a20023871700de46de09158b4a47b7f4d9b352d42466c338397ebe957	504a65a1b2ae621fcd66d7f156e463e54815217871acb50773f545c680cf018c	a66b6d74480b11ee80307a41528e5e35880390496ae651ab6229804b56966f41	7156b14a94b56fee72e88df3408b7e77bd1a1febf2c358a8611b9f0efae1ff3d	e3ede56f6dd3ec4047172829d6f2b6eaba490c99fe7a1f834af061ae0a928a20
w191	851bc0c4eed4f513b425eb1ea5e506b726666852b3bcd4ee97725127f7739e2f	ad97b3904e089751eb70b5b8a2b7f5b3ec62c86c6241cb71a7c54c572b91e298	e90939e4e9d31d2291aab4e33b2d03633936fe62045323c20332c24acfa03d79	2c031391c6ccb36cb99ee4ebfce173572544c1a0652098993caf00a26185b51f	40add731b35967716549c7850c5fd81774f7a1c355391455ec335c49bd00ee25	a09388fc939a9d610225e6efc0b987f3fb68f622a1a80d04d8ae7ed47b2e31f7
w192	ec09e0c5f61b17054cd1b2c0a74da693d07a331b7c0ed15d67ca2951c8f20100	9704c356595943650799b236e96452954b0131c6e939a51d57271f658c186311	f618d5a45551180dba1d89514e67083b8293eba5a1e03cb968e84a38a0715c1e	9a24ada7fd617a4f9d8ff8a4565c00c1acf9712afc35d660996e2541d8e664cf	c990656db169de00163193b65743fe83c9aca97b618b986b17779c64d9c3ef9c	4e6f4bec8f79ada937de230578f841ed341258c4c4069a53fbac860b48f7ae0a
w193	237cb9650e6119fb221208475399bf56818f5f4677cc1fbfd228771864358d9d	01a9515f48e6a76e3d3fe4e60485228dd9d508c6df80b15649b74a073d6d6274	f5a31d2e51d193da59c2c1feb50146a79bef4ec6e5d08a3607537e7463808347	b5c552fdfb3ad51b4134f7f409729e10a934f6cd92a55491216bb19fba1141f1	471acaa4714ff96a4ab2eb561dd3c123af6939110c043af2190b217513c34a7b	95128c8e40191322c3c6df1919cd232ddb1b5beed598e5be0db551058c81937b
w194	a8c1a8f61da52a63002d3a90d8febc397f4f4791d5cc37b71a3963793a47ee28	30e2aad25cce6746d900c980efd1d464b6db697e6e70acdcf5c7136075130169	6e8c7a39f1038895f1f000fd5b3c35e38aba7373c709fc90935abce0807d0db6	ea7b87c967e74e2d6d47057009870c2370a043c41e719e1bd8fb46c10c5486ef	79bc4338b620ad435d010f56a52d4d3e8a8092b3c306feacfe788597f412a8bb	69069d9f5c40770c20cf3575fb172a2cb58bf8ba510c1e173351e72787bad355
w195	229046ac711cf490a19260644f9254a995cd9869272aef82b7413ac3e1eda755	493b9f9fab5f52e6b7b07bee9910526a0dedabaa0ab1781381f8773927412b70	40965173c07baca7e976b25dec84b36c8918d9192dd702ab9afb427fb666664d	0d10b1876ee7e73125e08f5f2e5bcbba9261475e4d7dd842ae43b343f794624a	1408a28714e6793048629b3b7754ce290fd30355d2eb99878e0374ed96205366	503154ca07d576ce0dde29c191e022a2132ca095943fe7c0cd0f23d4e2d5fad4
w196	696ab80ca02882ef07c420c49c5fca1defc3bb7f05af14de0df878755b21d60f	2a9910ba05c039705591e5110b1fb936f7f67011950df24d54f7c7acf32d466d	f18cbcb4b8dc1a1fc4c0592ab412e0a79b5c0fc3a848293dc67610394a57d7e6	5a7aa6bb436efe09dff8a4482cf46c675f0abe2dac20c87de57129e2492b9303	66eec4182c25f623c8fe440ca27b8929b8ad89252ed8bb97773ebb5b15ee9828	c5ce5a85993d0fff6cdd1a06fc8e7097ac4a507d44d2021b5b70c593ccbc6f9b
w197	bd135d652f3c508aa3cbdf5f1e6dfe60dd739387c4d3c37611ca4e15497a2a00	1cfba0d70b55967b2132ab6f96c81edb878990a55b6cb9afaefa9a098c65d254	6de6ddff3395c24dc4f44af58c6987140532b7e1fcf3484c3847fbe863674df6	903fd75cecb27d67d1db1ffb0e0fbb98d633c1a3c0dc7e71a58433099bd42fe4	5b0adc950d0f8ee838bb2c9cafd23315f3011e536f9fa1a7641d2e201215b6c5	84632823398cf46c3ccf5b8d02bead84705f52628816f510a4f66898af0dfc7d
w198	121a905d7905e153f5518c6cb2399c874d02608ba8f9d3d136c71e4799acd03e	6c22d22a4104dd52e4861d5ef05e905424bfd65a4dd181f007908da9d27df0de	1f3c33968a0218e8ace135a7a58054159f7057b24c5d082bd7c5c01f014d4dca	b5c5191967280296753150b94b59d1de11fea50594e55b791e3656ab6ea94523	06561f29d076cdcb45782ff14860db5cb9624f538a3943d3f752ff4e45e0359d	7d253e7bc9b9b3bfe0e3e03d54e7d3ea12eac5107368b9efa0876df62234daed
w199	7be85cf7f875730561a87bc375c0c34b0bda0e42265352769f2e3b62fc09ae3f	befe996e064ceef2b776dc883844d185576129bb5c2c1c4b0e39b4cf4d35f74b	73bfd205d8d32222f1d78e083da32fdaa71e38930e4ff595d62481ca7a25f1c1	406549d4fd4280ae04cfed67d27e7f4746b280643cb303addb39770d87c45649	e30c077a27548b1cafa0be1558f3c8a1ca2a871fc603d8ded37f6b3f1f862ab8	e415179c9529eec56062d00d57a11f314af6be0f81c378576ab743e61e32a4a1
0	be162e7f36942c0acbb3cd3cf1a3d51ef2d4aae099f95642c765d9422d5d40e1	e1e7710941de7ea9d5d918282f9eeba7eb9c5d3adb286ce312e806622df19351	b369cef6f6af6488f0f156b44803dbe29a0a632691b33aa80ed9a91ada99b56b	27ecaa0ea5cd80ea9b3776b47008e06c1d3c9c2946cd224990f13f2f524c202a	44c2551eda66672c095d7be5ed6a7267ab3a5463a59ed26cd477905d410c47cb	a97ff15f34be05af085ebec903ee7b40756d1e7ac74a9b34f50558dee645da88
1	a2d8fcfe9330c8dfb69d66295eb0d0a4595fade1f19e23a9746653fedfdbb9d3	b6744a7a101cc399ed39e9200a466450d510d6fd115ec5dae0826492496c517c	1396d4d05efe18c96383d9542446fab8ee94666d554aa2ba97e4f48af2241715	89f5fe911d4ecfb08fda4aa713191133b3db92bb77cc6b337ab0c9fbf9047a6b	98830f273ee298f17ba725781d7c310f7a374765a4b5009f7dee8dadc359a363	a7d5758f978587650c0c5a8ac52fb61dd0e9d5c500595f7c5aa03f4bfcb043cb
2	8da00ada6ae5dcb7e321e14fcf0204e52ac5b332f9111e11538ff081218485bd	7c2e35ae04136d9f0fb21685de955d26de6c6d7b1bba20aab91bea321f60fab4	cb277fba51d504c7e74c785c2829aaafc77fb4d868c1f8c057a8d163cf2f6e70	6ddce613d9508a1eaa29e4ee86894896b3a2396f38376f93f61f4b7839af5f08	ace0afeb9ac254fe54442e40e6735397f26ce67c463437d7065c97a69acc1fad	71ff702790a44c7f6b4e0da426ada64273e410efb6a9ab4b1fba9ca2fe730098
3	03562623682c68314853f8af7fe3fdd83e2672c87180b465f741ab3ff48fd91c	7fc165384e813fd87e80a62fc4975892dcddec49be921689e3c3c1dfff5aa164	27f030e8d584be9a933f528fc34fe76af3e44fc3b56b21c40f3695f2d1fca755	551329ca4a0efdba3fbd3abc3bc5b3ba4497a04a64508a5f5fb0ca3afdd15266	7d5e53f6eb35f30b5d0a609f5be6bbed543ab29b9bf3ce077b2d09f1061a8081	8cadffb245c80932a87870dcfada5abb46065dddf48f267bfb9d05806b42d015
4	dd2b8def308f57a016533de14b05cc678b7773ebc6799572f91198baaa8ead3d	a335db270de709993b55a7f8ee3e2fd1b0390b6a733629e4ed65092644c9b5a4	78297f05e7087bbc8e45b67f6415ac0c9d467cb095afe90777ce63c50760b04e	5d0a076cdf29933232a53f145e67d791586b764c0296f273a11f25090ef4b610	0f1826f18a206ee4cbe7748628598af2eea188411eff4b80897e5b4902c8355e	913bf15e10a394a5a3af51d2dd59feb5c8669d8f3c54ebfa2b70d95bb71f89f1
5	a52188afe209a867e61bf46a55a4b70d182ae8226ca70168e1bfd91046f52600	e8ed40d50ee8dd618d39e224949fbc26d1729cdf9d7a45d13099360e25c67cef	0416e9618798f4f1df584ae7e8c212a5af74212a55c07f542985010e3639eba0	0c1c911a51a5b941d6743edccf0236495e808bfb27277e974a4d4497c9703d67	bcea8b519a91b8574ac89baeee15bd4140c0383d3a4d1f5bfed3e61007971733	8ad17ed70f257c74068e6de3f5e5c28f33bc512018df41120a8c25d9d9ff5b12
6	1b3bd5f147376f48e74b345a8b1b4aba2c9410fd2a758b5ad146fb99032b62cf	7cf93cbdb58323dcbc122d05d67a7a87524450454cf629c97983fcc566d11655	6b04a2a2470d9db3d5d09dbc6131ea9e2f96eddfc3b9a35c421cb2bc7587655e	2aa2d10cb05745fc4465ac1e4eee2b00ea35ea1afcfc30a7084156b5dceba87b	b2aacab0741689771f45817404d63e3adbf2c0bc2e0a075d04e70895169a3cb3	6c9acc77e47875fc9330095b47c8c7db6038104219c26281c84be8245acee17e
7	868108184a3768689b15ff78cb9b770e83d9a6a3e5a7231108cee6debc865efa	67f5be3fe4c389e6b1467f3c948cc9b9b207373b176858276f5de92c5f8badc5	6a528814aa5b11d02eeee5601c8ff135d98401e52bcd9512db18216e1326800c	3b91a79f7d44958d57b7ff109536a9da953a6cd1dce59dcdc1d81e415847dd42	0bf7201861552a4b2091c3a13b4c18a2dcbf911bfd5f07a396f8e692b3e59b4c	7164e146b292b83da26e219f5b67d6ec662e41d4860ea9c5c22a3360437f587c
8	2d69e697f708affe77e6fca5524f908809ec7afd10fd64e770489a38e9418bf7	b7baf9a5974727f6202aa5749c666038c25b93bdf2acfbc1646b343fe9548422	36f0ebda98205bb200ce797ec361b9a251c90afe89cc9948093f90a23f8c5596	8031c25815eb43efaccd43d58fabc56d2dee94c7c88c842f51dd61ff43d1ce31	4cbc43356182530642c88f9f37ec78b92ef36f69ad9adcf31d04d7d4eaef87a8	bd02465117919099df50a5b8d49e584e13e220e35e3eb5d199b8bb14e66d7368
9	87157c7925f131fccde9a4279ed3a79ba88448e30668be6720be56bc9e5a5475	c97993f74d7297828c658fb3f1e012ef2adb5cda99e248e8a89eb55aaa816e8c	551e48da938379ceeb3d440ed2ade8d1b8dc7af6f85b1c9c15e6ee3e48de6d51	17f5f8f406825eb87c483ec76c9b414bfb1385b54417e79ba4c2b3c056d6f326	584ed106bc8926084811c4f5ebeb0bcca14e2403a1432e59b375a78ba284ae02	9a09696824c8216bc7708ebd6ca56289d941cffb854eb11d91a2be8cfee08195
10	ed969f932f8bdacb6f11fe989af9a6adf8fbfab097d25b51a531c3f9078aa08b	787e5aab54def96e4c967928b7fa19245a3a109f9122b12b6968c2c71a608ec8	cc5009d3f6a09286230f48ae64e30382085cb17357027539d4816156479b905c	b695553ff44c940a34c03e759f78595fa99695c314b3c1fef6704d744aee7f09	7b502b9243c786293dca4730fdcdea5130f336bbac57687437df67f7a3043772	01df97137d968827bc9ea4ecb1de88ab9bf983ac33092b97e0ad62f049e9a1af
11	0d73b9cfa6431aca4c867b2b336e2ceae31c1cf0d847b62d2ef5a85861ab08b1	342519cb88cb6db8bd5ec1853ceb64a1448681cfa7b8911c47615e0a12ddb124	12e56f4527d9770adfd3827de522f36b1ae2dfd475c4c17287399aa51189f60b	31d00863aecd14ba06c1abc613ee2e08cadee933c4bcd64d692d743a639faff2	8539457d0c404a934ee80225d8f9e7617126db3c46e4d8dfd0dd57b9b6299eba	6c9934010acbded81ff932d45056185b8462372ab430f7f19b9d2eda58e2e6c2
12	42df8c9ebab495dd7f618a0653fbdd697fe01bef8ee5312914159c3b30bff933	b76acc7647f2a45f9027eb7fd3c99dc00795589e1e63f10a959c0b265c3c7b51	ecd9167a5009846a097ad605e411ed78557550ff1901aa4a2253f49f4384e173	720d218f57779ef6ed06fe9777ef08ab3338604dbf623cf816ac419350fd2645	a9d748a9f40233e040ebee72224d0be2b251b56d42bd5bf390b3056d7c349a6d	086d27622019f988374b20d552f22782a64dcc61f26ecc762a18c7361bcca5d8
13	b8c35cf7dbb642551d437ce5df8412440b64dd2bbd2eed3bbd61af31f5650738	4d5e0deeaead10f5314ed35496fc17168d337b6655e5aa0386e5a5ea43e9a39c	eda2140f2cb298bce48aabda73fb60d830825379676409f766c3bfbf12ff421c	d736b4bbab87775d5275a9300d29cebe334252ec0e74993bf18b45978181fc32	7878a8187e6a69354300a9df45a7548ff3e634d59ac1442718f9fbe4697ee89c	3261717be5aa5cf2372767620549d0157b0922065cf46d94c05062eaa83c23c9
14	bd653b8828cb155f5c828516b2b05193e7652e02351bbfcfaf28dcfb57a7fbd5	c5e2a05a38915c6ad246f4ee05a0f780889ce105b26b32b36a762a7f8d9663a8	4025bec0db9294a4f55e7497df4da71e13d87c83ccff8a7778c8e2302696b07a	09904cf4bb9e63443ead6666e2eeb128dcc2aae97b7b0fa75e36dd70146b308f	951c0895348e08882ea00478808988afe538e83eaea304c54ce86defa35e19db	cb49881c0bf2825560f4be7c647316de37f0a5f42feb1deb55ae5d8fafc64d93
15	8ec8c635906d7dabc144d2a03ae4bd72187e973cc8ded1ab04fc5fb888061e50	d0b6f19725d884845fd10646649c97d7dd5b1cd98d1815db43f8e6af01e3b6ad	a900575f9c4dbdb13d39946c79b9354de42afba321220cb7be9631a8bbef04b5	17b65d4dddd6207ef189b81f8c44fb654a04eefe018d3c12a299ced43cf30410	9b32c368f79ead31fbe750a3410c8fe832690bbc0cb6df642d6ec324acd3b5d2	8c3a92ed5af612ebeba4f01ecf320aea9cdbaa97005c5be5af91ad37ba4e523e
16	3233d589d36519042ed914c3db1f890ff51d2312a532c4c630095f4e732414ac	f2d2a4ba5fb7ae58a78376d8f131f495e55da914e2ef6997dfe14b2ea7d4ce0a	f9f4236d170f88734ca42af27438e526cbafb0199abe79a48c111c09db02f360	2069ddec57fec7ab20ec3e7c530b351ff2fac76277e2acf8376395ebc2fdc017	bfe7268866b754a801b80916bc5ce30ead73e64d91180a1ee27a7bc8eeb961b3	c7459f1e98200ed3b0f499bc5810ce77fe9d5f0af91d3300181831c0a9ab46ba
17	036553a15f874c434b88fdb2f39792ec572327b25bea2e31e9d1b75c6716163e	1a17e18d07d03e32a92d8916db7431098aecf5a24c2ae5fe48c7023bcc63d576	f1baf55eb93b92f755f5e23a2e89207ece095fad948277653284fbdc38d22ee7	eb3e6c7e0f4cb23a621c99f85985f79bee8cff6b2f3e3e4b493a939d767ce67c	1a50ec6fc34f8d2c509268e03647d13ac69934e3b7bf14f785140987d46e15e9	969403c0e68f122709e537e7d9700a47a5ac62d4ebe61ad209f20e94d864b882
18	f0fe9d5e48c00f4f0fc4d75b3a1431fdc5b64b2310f69ba57b8e6b7eae33c193	799d7af6f8e2af9d6f00105d5e117c861236af2a276716ac23c751f270d83349	64010b3db731446dcf2ad1b4d30d70c945d7b94b1acf7d14963a4ab3c503fc71	2d832bb4dd33f27a86435b60373b043f045c7c4f7ea9fcaa568229fe45f719c1	ea0669c62d7c2c8ef42d96f12814873bec1858b0ed1bc1dcd01b4a38be6097ff	674473fd2dce3df09e39dc8250ad4aef6750334f8b12386e8ac4fa6f698d69d2
19	ca71d4a5d29d29836a03cd2113d94c395ad1f6f7d3e2b59441780a5e461cb81b	0e36dcd1ea8fcdd89409bc2d00b7c2ab4973df30d923a1d386a88a4e03f760fa	94c8c110e0e76715dd1652b2b400799a12f013ce9abb76bf6fc889ea3ae25ee7	c4f519adb8390e18906ffa7162d93bbfdebf8e00b4285e19ea85795717fc3ae2	bd3bf56368334d7085c33afb573f370669bcc36e3b6b521aca7cef6ea7428230	85b7c0f59be37cddc1b31f7ea3e03d082e966ca6cc0a48652dc1fecdd901eb68
20	39ba3258071d1acc731e027a31dc9ff7a5945b47ba65048306be3707140e64d3	7b7d2f3abe11496f1c2af0508077e8b2ebeb416c8d481ced8dd9106645abfff1	ba1e77ef8a712885828c38c390f7d302fbec67a2283c611e04ab60958e57d701	47f85b883ebace2b7c848c61fc02b57dcde8d19d6a6aec1170c24db2375d4f58	2b2d9a1e8ba894912c7e645cdc3633cdc8098ebb7a9161b9413d7b033a928467	9d80782e3dae0f10e60adb9c32cb000fc0609bb6a847a03cddf00da408b281fd
21	b4f692e346c87c45b5521d3a40f7c77e0da6d9293197f527b20d8cca4787ed1c	b49f6fe018d57c29d26ccd9dd90789df79108aa65ec1ba0c0f81e4ac20898890	e9c188577c569cbcffd962c82b12cc67978dad5f9b5911d4d5f8deac1a8617f1	32ac8a9ccdeb9b331bef440890052cac36cb921a2ddc1c7406d1e3d74fb71171	4241cee00166cc6328cdefb7ad8ea5b6cbb93e3eb5b61b237a036fc0689f5453	8e3cecfb9eaaa45751765196d0b5ddd938ce4aa7a636a4dbe664b48eb998b478
22	23f056ab0da5a8a8f7f3ff35216da47da58c407534907addff25884e2b3a6a19	d2e7dc3363aea06de329a80357e02f5fa0ca810492703915152670eb2fd4a5f1	7c8e24d24c0ceef27623fccfe95a1e07998165708ee59e73028de7cb792757cd	d516aa6389efac4bfa337e6a31c2f3a8a9b5221b17f7c15cefa4ae7581e1d8f6	cf61b2611abfaf219199e3caeaf0bdeed337aa9495011364e78d3f39edc1c751	143b7cac25ee9f47cdbec84d095797b27e7cf4c684848093f42723df42bd9de1
23	daa6bb4b295ab038fb8717a8ea74362167f9d5941fcf557854f9d0d4cb81889d	56856df40da09310ddd5131dcd7101325fd3b09ec0f88c1b63eb734650499ff2	2ed6696f71ef28a013c622a030c303de68ade92311af70e63358ee4d53d23a83	60e1a3ec64969a753d00e7fc14099d263120e658fbdccc0368c8e5c029334db4	3d77938e1fbc4c558196f8528993ace26286ba71d3cca8c0a9128bb85c6f3499	3d9f050fd360535347a7add6d76ae3c3c49d52983985ca3698eb998ad83092ac
24	e6baacf3ac391891e8c1f5832b475414d1c64ee85ea34c7847707ae95f5c52a7	3a1daff727642772b0925fbf04882813ce5acaee259bbf9d348be35494c15a1c	26a015b4f73251d299c4a66521ea62f6d0f36365af49ec93ec85d712d3c74830	2c7b94e2c809da29fa6b3899c1f8578ed97096ffacc523a9467951317d877d6a	b06f4e966d0110e05d1ee89a72cb3ba92da6126ba9afc930f90eec2713a5e820	c6a3fb1b86d1bbbabf6d9a1d424db85942c58dd134d3d52b138cd855f839eae2
25	b7c34252fc4776801527f42f29e307c033ecb8540dd48e5a2700712c04ad58b0	1550371481f2414064a997ff19d67c7412c1648208270321039fb61c711a672b	e72af9f9bcba8ca4b4b364c4181e9eb785579187fb928f26d351233ad42ec369	ee6c884492101de9c3ba5e6543901b2d6f7031f215f9382b0c44c3fdc76d78a4	a5f149d451765368b3e456aa15d464d291a0748634b8c75a1960891d5f4efa7d	92d34c3db54f79cf26ffbd11ed1d901c4947d4c44b0a6f9c1b3138a72e8be09e
26	41f1557d659c0fa66f86127a5429d6ab7d41d242333ced0b2d95ebb3cdbb8670	88f914eab10968688dc37f73c175de397c970dd89da0bf2e365004a195ccc765	d460232ff8a4359f01ed7067124267c77a4691c2a2816e6e5351c52ec507331b	191090a0358640e7fec60974352946d52d9f8e88ba6eadbd8c650a6e1075838d	3ac51325879a6458722b318c775be6b10470ba2574e5d922cb4569c255d8d51c	d3ca30ed6330729fc36d364ab76aed02255fd11f22b1355ab0f9a21d8b1acf0b
27	fb0024f2214f0534056ef0455f1b1ea79268ac0043970effb879f2eac94c7680	2101e9e5d9f62ca19b398ae17306ea4e2b917826d44d2f09fb3f4abbec9470e8	50984de8cd83de6228bedf9f9f210723b7ad2ae0a431df72f16c73b81b0f9629	7d3cf7affed3232355dd8600cb3c06788e62dcdafe30550e75854f3f85bb82cd	66eae64a0a93b03d140f52b81f8bcb298ce90b3d53bc673665ebaa9c54a1444b	33939fade56d8959f5071003a065e544ca5b5d432a1685a9487ed40aa26b87c2
28	7e2539d8d15f273c80c6224b8846d07c74ad3951c3d51e1251b932cfb9dfc25a	a0bd9e3b6e80833ac91b536e79c1dac96c10bb857adf912c3d65be260773adcd	66f4b054efb38653c9f1f60bcc038d43738b88c86f8e259b8da88256e32cbb41	a390ca2fc3277fe9e65be03d9a317a9e4fc9661fa9ff3864bcdb450e8923040e	3f7cde810016ead819a5efe214561ff44d9b8b390a23e4b72a603f0d7e1eb678	84b60306d184bd76ed2e5a271ea8983ea8c6f36845dc4c1758875e08038aae64
29	89f958dc1585d19c22b4575f4f3193f77361247b5db6e01044d40c3195e088d8	1234b7108f1e5ab661b79f987632198742ba58d9545df6180130d770ad3c6e6c	b6255e758fe6470ce8c2c719edb1a32c62b55fb6426b6d2987fd0a6ab5f14eae	fef2307a42d3951e490d2620a61dba22e71f7d0dd5f33517b810606f36b1f027	d2f55ee95a047e6ef3a2fca89916d7a5a28d7e740c15777eb361a6ee53bc30f4	c0aa8e29744b71708330da1299461544786a804de8863579169d81a11065fb2a
30	43ba541c3ec2566a80580a4cf3ff563e60c82cf46abb79d73a2bce3609cadf54	70d3555e0ac4718e419d3ec1c275936163b8a54710e2c3dc1a77edfb057ae8e8	15e5123042e0240b7e43cc01e6cb3b4e16da42df17059d9162eb5e9d3e7343f7	893ef7528fdf0f84129abb59b26e3f78c127eb7076c368ea52a5f1d42dae5347	cf73302eb246a638c86bd16252ce0da89ef47491bb2734743cb2f035c3518807	c066740e6323063e838611ce5cf9f9089aba91faea3b7a1a4611925a0af6b071
31	4d1acbd0ebd2d4f38ffed4287486d8e62c11b6ca78c85bfa2a958202ac3648dd	6a442edd918cd468426718a1d3e5ca27c707440c631c9fed8af1a1060589b3ab	790fd29291963229a7d5e60d644530b494fbe1eb5bc0509783138fb43dcf9ace	665b8c1659470b09eb1d1f072cb042308f242bdc371773c920d3d2c4124ae45e	e48b53f0c21b833457c4fd6a9f44f652e06b9a95d1f0f1da410f92f9c531b8ad	4e4f13aafb78ee18b9124b51a3c0ee2272295e72933a8e7e2a58cd075732091e
32	c8bc9a3d70bcdab52b03adc6466d3e3c8e1eaefbe7b78b0a87cf1e86f3229bff	b56769ba7a73ebf42f80656d4f53ddc0f0c936bb8a8ecc13c2f4c674db2ebb10	f553b0db7e1b6ff772019e62694d3cfff234d08d623517119463ef36058114d4	3a76163a1332ad17221e7be3efed9ce962d3b95ed7b5dd19b6a2b665a80816e5	38ae0cd4feb0c597947a936861a8e25311916f2ea19f3dfc82840889c37b1817	7b03abd5ffb01fdd56eb667fb80813d85a970857d1969a1dad08ee643d86b58c
33	bf14993c12add7f4aca21015f739917beeb9c7dbb1953148907fb476d9a8ebbd	bd78226953e9caaf90227167581195477a225af36f16f1cb43cb3ba4cc951145	021600c2f13702e10332b6e86fe8cf3b6a12c242afd3c1e5dc89b22f5ea602d6	24230d4f631734537be2b49bacd446b4d31e92723a93152cd1a4b5dd90e16465	58fd317c204c693bbe33ae94820c885fdef688ae9f10bd40d09f331638d766ab	201e36a696e40d0b431c87f223aadcc644d33154a03abe5508ea2c8975015db0
34	7b563591451731e89d53599eaf8fc545951c35ed7ab9c0042909b681bfb84703	928fd86c381947382bc2db15408625c10bb4bb005e4d6dacf39a4109924626a7	cdeb24c124c8f8d2df0a2903e7e93fa372a2882e6aa40ce57be3320c0f552937	defc03194f0f68d63f6eb6408df1c225baf169a07c9164d9f371230bc9e25c7a	dc52f638c3fa6f1117987bf67d6e5256a9b729ae80ee66bfcf9dfe66ec6be000	cde9e6b9d336ef593158e031adaacadd5cd63718616747fab3f0b7fd745c3d43
35	2e95918aee0d13ba285e1d6e8eee1a0909e2917d57fde62aa57e01463ea14512	d7de07162af9d13df348628b0f4e5ddb345620d578490460590151d0abcd349e	f229cbc608ec99241021e2b53a6078351b3982058df126dd68ea35c096a2a8cc	5b87ada64e5faf08cb12ce60e67d518f549ade82b7ea01447582aa8bd6e77572	f314a302687d959a4422a21ac88f79a8d9c55a455d5ba7295b89d3dca0a4684c	eb189fb1e8fe0a2de71810cd10f01b195f6c8e8c1ea16b0f622f911284272a00
36	7ffcfdf4f1362a533d1c101281e55d619bfbcd933d6f6df4a8e3be814a2fac9f	5abca9dd98566d964db6b699c678bf7b0cafd913630c2f22cda575436f171e94	3535493f814b1e478c4eb89514be2b0caf2f151cb786698b3a0127531aded363	1fd81baa9737760ffd234c6ce67aeb342cd24c31bc3c330ec736ded8810e4321	67f3b3e012da16e68e4b2cb01c5207c0065ceba1db88000b0b2b8653c9eceef8	5d410cba0e2f04671b866830f82fc0f677290dad0f94f390ca618c1ebdfda31f
37	44bc868baa714211d4b1eccb09a42700daeb65c065bf69b19d18854cec8a5659	c8bf13e475aa138ebaa1dc490453078cf91ba1e9cd50167a55875163afada54a	faf7ebe12385eeb4326503cfb7b0715e6764f94c3ee92172b30c76e8fdd9ee71	0bc7ff02f5a339e45cd91be0c2d4336bd61a914fe2c35614b2cb6acd412834b8	93e63a247c4b518a6880ba0f0b0ddd2e0c4d972b73cc6352b03a4b4b4b2843b5	c9686c374d665eb55e52b54f95eee58b3804639cbd0453b2b4c627878ce93ae5
38	7720cbb4624396dbfb18c8dd8742495869c05de832e30a448d153af7ef5212c5	39dddc70adbb4b9d8593738bff25c2132bd9bba3fa2c478cd48164110252bd0b	151ece43ee02e1f9bd8660b07484e490c787979358ceafe6471dcd10853af0b2	77945d4ec51d1fb29f6282bd508e8f0327cb9183bfc044c4f70a75dc7c31166f	55d21b82bcc0f6d7bdfc2a159ac35212bd45b14cecf2c6a029c6726976e0126c	321b4193e31e3391d4d997e6d079d617befdd7120c2a369be2e9ba47092ac6f8
39	2ffd9194ad7ef585c58321247eb4a6b6ae731c3173feed0a95d23907a567e544	5f6db7355f4b4dc8b0085d75a908f6891c828768612b0abf5b75126760b5003b	38a5eb41c4790d6b7f94cb4c7737aa5b32ad314affa40d0c714f88bd37d53655	132e277111bf49cbdcd1370d1667650614848c61edf1828dec8a102ca8d3fd6d	636bcfea15a9bd4ec4eb8f6382d6a8e7beed8d9a5440e66b27030db39a218850	1b103572cdc35e81e893ed0071d5b137c7cc30d87bef008577943b88805f7b56
40	cd99406d52b34e7f9bd269cb4eb8b309398c86faba6442eccdc5d79f03d73ca1	328dac3319833f42fcb0ba41cce6415a3bd22b859fbed24565dbce23a7204067	bf4f5bdfa40615311cea909f07fd6ae68e228e88340dea7233f86bbc05c94fe3	1b67c4a669f96ff1d165d036a2f9b40f48af53ed1ede041f3309b8f1296724af	a0c6724d2689a63e0fdf1d0898964fc832550fad2825493e1439699c5db9e2c5	9066b09c37a2b8cff1202a74b280cc48765f427483a8cc1c40e13da8d87be434
41	d7efff9a4e97bd24b303c9ebdb8e5d8eddb78da2be60a9d0d7d898a92db475a8	a3f7cbaa9ddc18da1e1d41e9b33c17fbe5f2a7f5e589d8b1db1dc86db38d0c9e	4f0e666419d1cea83810d7a1525660618468ca4b37573d6a490ca2f0ac25d9ad	24c8b402cfc743299955b4e0ae792fae721c7a3b1af51c186f77320f94f21c8b	8e43baf129cc4743fef331d7bf2c9664d3503898c7ceb0f1c2c39929ee091632	cba3ac9e4085fc802d5f98b3058c5cba2810a0f959228eca66c219be78db9c66
42	1adf2ed7816b53ea688560fd5090b66cb275ea57a3a75590dbd487bb47959a43	e9c017c0880879ab2e49399e41d37364b9a06d3f1b3e54d7ae688050fd001dcf	649fafeb4956f7de3549d6ef9dccbb022644da85bcb60e4921595acdbf68376c	d2fc9d797967d036cd931c5f9f1808bd435ca1098fde753ba37b73030189c3ba	27a4d9f96e1bd0660fba2f26cd6ab1c12f821e42fefcbde0d27da62ac8f95889	a8a50ad4a5cb7d9e6de958ddae58dfef10e263838ebf647526c416be776f4b91
43	e2f8a5a172c4ab686f7ef34b1048b3f937480bfcf23627587f2f62c30e4e9e8e	1f22d349e7a62c00fd3a2680a6b5b3aee062cbf7518486b8de6d3b6277f7107f	3b75758df4afa2c24aa31ec1159a15cb7ee9845ee7605dd885ba2a16732c1eea	e38b87fdd93e1318856fbecb10223217ad1e80e1f90993c1b7b94530c255fc2e	d24fe4df06e0be4fc076f60b7d34f4e5158193ba86a3d6299e9ad7a3effcf2dd	ab578b737052d7bcc62562f711361b5d06744a210e75159c56b75a685218783c
44	67c7821de0d0b5d4b82e50fe68c1eee6e80ea5806d735c60845774a929842e73	a6ebb02f2486246d815c53fdd4c74eb1b26134be52e121f128c02fd104077aa9	be0011e46dde83e3425f35484910d4861ea912f7bd7acf6d4f9f6dadfd90e9ae	419afa0ae7a14ce3a1d70a66c8c0f59039b54b70ba1fd55077af467d8253c6e7	9b2cd9fd8540c6dc82852f3950ffe2c0cd779761b9744f8a02409799fff8d220	95e5b352b94328fb872e25dc7b515c2e336a75e11222aa14bf1f8bfd3f72530a
45	0b3cc65082473aa2fa1f6085fd6f4cb0f912e6a8207c2d5d75ec92da3665c1ad	99cf88769d47d0d053f4fe27a23ca139077f41b116074e54e30b51cb41fa8fcf	f2a3c196c10b22ee398b86b6f9effa2628d4cfbdf8be1fcffe9e77be8f007c9a	fca93bbe7c657040edd15cd56fc8b0f21d4be44cb362602f447acaccace3147f	56d7c90f99cf5ddfcf017a568c5e946ad5034e7daf88b66bcdcfe7dd3298402a	ee9619fc7897f193f9ce3348b928a15ae5318ee5b3634d51cb6d0f3ddb9ae7eb
46	77b9921eda91193bc547341f5db94104debd185267c14522bc1724413a4c980e	c250dd8e31385b03c792ed4ea82990914b298736a3b2b00cc6f39bad69657f4f	3853a08dbc1856f00fc61e93c261cb4501edb2c924910c83e9511152bd752585	08beb21e60f7e30a95a51f9617fd267e11c1eacfe32177024adda36682f61785	039a2c5c6658e9cf4a1099155bfbff9bf4d6fe54c9bc2ed13b22930f3688e00c	6f65fe348f719718589a3e116eaed47311a0c5937180a2779c9f433c655eaa51
47	ce05a23e0d5970c5a37c8f36c12bcd529cff566c2e247ecc75329c78f154ea4b	74d2873fa3416aa57483a864eeef7db62d9b85d074fcd640ceef1ea698511e7e	13fc8f986b2cb3995beabbd7f8ff7272b6a967805643ec17ff31a0f114371aa8	ad2272fcd48d30ae616f273bc6fe87078cc1e3c87fa8b3574eb4c6f4c790ca05	c309ac38e84e0cd784f8e751822742d77b4d9dbea10faf216024303ff58994b5	734c62b92c175c89c6a6d3d23222c10f5be57d3a9afe801d36f8041633e25b7b
48	08cf6ac6f490aedc71e20dab691c82482162a0147d937810a0a6ac93b4bde734	fc522410a20bbf3e0f1d3acdeb7c9378fe505d6679f951fe0751a3f20b8aa97e	7b13e01e0aad6fff4b3e1988baaa83127f945315b4d10bf7da390c4909f4a4c4	b5ce84ec8f139c2d61d2a75eb4642e1b28c2094223166ab8bacd27b991528aaa	e917a359057f6c09153a40c2518905c4ebad8fd2c91985194e1c5728cb00add4	3a3818fb7a641b9f09338e48606928ee52a437a077dcf372538fd6061d37acff
49	a3fd01905b99068d7e74fd664273737d7648f48fbeffa69f310c3e2b52571667	133e2686ce8d68b8c5d52093c253b9157eee150e9d33c6249cf520def6ec9af5	3c162d1d58fb0b4debc7a7b21cec9fe6c5cfd68c53bd15d872f861d3b331fadd	a4ac1edd487c8a5fb1cf9ba2124b226523f7c91a989a244d4b75123e4332ae5f	342633c4b97fd6ae65e5687bd377e5fc44741509c7670ed2d118492e8fe2ad93	7b8192cb3528c0f36dec2728904786f9c1346eb6b05887fe78abc0e53f53d669
50	8964c17bc439f4c9382396af452c8dad15cdd017e05b26cc6beb08f2a5dabfe5	6970da0cacde52c83afd87197360bebb0fe9fa4fed66f28d17b28c2e1d7766fa	bb1a7c542d84bf2754afebae4a8bc8ba3654f07b6dd5a091f95e58ad76876263	d018a7a128713974cefd2dd4c963cb4f10cf804201d7b859d6d32e0a12189445	57c133dde4ad1b215f9d1cd844395e690a014c3ea89e5ef01a36d15cc46afc03	3b99ba96f79aa2bf6076d003bcdea3ba4ff65809ce33adbbd949f2ce79f2e62e
51	597a1c302e8e3a6f373b9c2fad4d822fd65bcb06f7a29b647097ca92de089180	bdcfc954769d2b84de09ab68c19ef14c158d1229f32bd24fb3eaedbb3a9ea333	9c0433b3f538a06d9290226e232de919c2991583742da9d5dde9ec530ba56e0b	3beb08d6a70980442739e2fc445aabc8a796cc4b7f033bfc1e79b9be8df9f80e	337f5a4282fc3a71c4fb535188bb836c43815fbdeaab55a4a697cdebf2a406ec	c3b9714c568e1c75c24f91add1b6ff8a66915118a450b58afe37b7501620547d
52	7511dc3fe32a7d1f18bd3a3165d94ed7b78fc71e2da12834fe1efddec00b34b4	3bc3e6f501f63be60f46a103e46cf10338306604273a3375f03e9d1e31131bef	e1f8a76fc4db49da5378258438c86f57a9a13523737c08c3f968e96a54920666	054ed42dd593969a3dde9256f0db966aa26466b25912b829ac0c013a6582e9f0	f2b7f8ee6af969fffbdd5a5a5055b450e74a2884448439ded0c2576ee7eac820	cc46cbae3c88bac6791d5dc6bd266191e6b69db890e707d64db8cb4a3d6a4846
53	0339c5eaa4bfe964a9ba2e80bbb559baddeecdc74cb6b76d06931c683bde2077	3fc4c0d5d6a106451db3153cf765cdaef3ce99cca40e3f816942b09fcb47f326	7b803f2d809e6c958ab38689d759b37e94ae0ab00b0f78708bb7b1b093175fa6	66cd9c47c049b6909f452d0645e4452ead9b13de15ef562892293bbfa451794d	e8170dc09d397d83c708c1486768f5793a9a12d59399f7e738d88e5c14d07fd0	4389bf1cd997059000e1f856ead1e6b0ce6bbbf4e1d8870d417f19ecf9bcf0f8
54	1d56c8700034b8cb1a4eb297df03076ea4bf056d1b1ff6ccac40550ef6e7049a	afa26a08b4a3638104f8b4cb38c7de4217443f14a7df1e06521a53bdbcf55a25	400951d5c5b5fb745323cb19734316416cc826d41d2e8ff3104eb4c3cad3cbda	cbdbcf21f9c69af8032da3fc4ddec1987ea8aa853cb8b3d8197772beb4041f18	4d1af88ae46821d18268d54081f8d38706710591a8020b6c70b676dcf7b4a388	b3ede69e7036533ab9b11c9e93a276875e7336dc68bcac1e2d0ebe2249675908
55	e7b0fa610287b1d59ee1b633ce2ab963d8822062b8658af33ff388b690e56839	14a4a091fc4d7916e59ec98bdddfbbc444491639bdff243b8964612386f15ff3	bed8b6926145d27449f09c76d136dce453f0839e98fbbba77e83947ca9f3531d	fa6f9ba56a1ddc726b744399c492174209c404dc8efbf37825a2a5c0ef95ac79	4769dfb6a8cbe3b12ae54255fb2134eda435bfcfa5dd6024c4e4f713a0141a71	449a117cc66a959dc79b485371e0d6bb099cda5b5ab5c8d7cb66e70eb63fbe39
56	c07cc7780199438093836590fbd19f54ae68135ec4a2da7c4578e58f9f17a53a	907109d1ec69992709f819358b361bb3e60fb03bb32ab6987bec054d7fe15bbc	c4a6e7d71f026935e9896f4f1ec119414435a574a358df608f45c159099b3ae3	90695ea3b6ee53b9c0b1d9082a02e3ae06b0f603437e14887a3e7ebfccdd375a	3711bcacbd57a4a48a48a6129497cef2ac0f3885970f296555fdb3d15c87e829	ac45db0d5aaf308f023db6f02f45c5cd595a7e5c64250bdee513e2af431fc2d9
57	c5e00053da46284bd51075745bcd56b6655e3589d53421f574b9b1f3495debc3	d394c0063969efb7e9097e7b4aa92a36004f2798b116245411c997701ccbfa93	eb74a02855c757e1d1cb82224cb1fdad602e481b6c6ecbe085d38e9982133df5	66576704c782e4398ce52d1c53816b3d0303d55cf1b8bc607ceab6ba79e4b5dd	4bea12c744d3ac8f343331a12000664eb95888af5ecdfaf18474898315fa4084	570703b43b675d02acca27119e8fbcd23b7305291f8d8ef85c63df9372ed1152
58	52df145751fb1c453d38ed22e4e3934b07ea054141608911cbe1b8950018f212	d8033de4e4b904c54704ad4c9c4e6c60c70125b83f7a3f295a99bbc610066091	816b61c2fd5782038b76025af2702f51cf3329db2b9a791a5f827dc7987ce654	9aef4a7c6dc7856699686b635cb7a3958b864b8a7404a3a15ec6f3cabb58c3cf	4bccf739a526f89f73f5ad23bfca8da5ed0195763ad8a0691e8e906685f58963	38d20e7421b99af63c18345c6123f4e35cb8c92e675b474810995c9f44f1aa82
59	a208b091a698e4a17fe627d34e2760067bf4bb9dfab1182c007ea68df11407dc	c85e8dfe3ba9d1e062bab54b14e276460707d49411f99078fbf765ac08ec028c	52f3cd2bd3a1cc7e74526717b54e62139f8b05faee1aef10da2b317104fce8d4	e6509ecaf017f738751e08bf2b7e40f3acae85681d070874e0366beeed6467f1	1bdf05b2b440b9697733c9c9af30337cfe485bd99d497e22c43ad04e9117b0ad	661bec34f1c8dd8df31cc917914968d915d7aa3d89cf9564a25100044f4e65c2
60	bf2854dbd05ac99ce82112ea0d2b98412601d33cda15357be0e36091f14977c2	e34d4521c50a43bd72a3478421016a96d8a4bedc40d9ec683df3ba30d81e2451	08f1a243a1d250f4bf2406f5b1262910775a3c48868fcc3b7c17c682121651d7	b07067a6322aa44607cfbf7a56a5e1d0dd19460bafe2fc62641b53881cd47e9a	82dabc574ed904fdefe41b39532dec4c61a2a1507d141528f3cc4f91eb6f5979	68cc59ff7288e549d44dc284cc38f66dd724ea6cf7b9eb10bb780e5061c63bae
61	b5c6e0a0abade7a52ed2910b717d494423917db70326d50db63bc9bf15aa82c9	ad92acf8a779dbb70cca35923d9f259f4870dbec4489092b42fb27948ab68928	10ac3fe223b5775ae13eaf9fc1ffb98b72a401825fd9caf72a72e3bef6e8c492	cf65d2fd877fdd1cafdc56b5b5e845b32de018730a713ad53543084935acfbf0	8d8b797391acda904d8ac9e0f99c6825758430189ff74a6ec4ef21f2b112abd4	784729252b174684740a4cc245e0a028cd9a5bdee57f3756e3ffcf0f3099f6bb
62	2eddbe12b6af7e67bc07a1bfecee4a4b8eba6ffbeb8de1880a529312a2c97624	686695f24799c9110959c88314bf6302f360b8990b9f52ca20dd5083286cd6fa	e7423b341c503c16f90a291f61ce2fff8d4b54ceca9b353a0b4e849bde2c13b4	4bad6981cbb0a1335a4f6eca8e64a42c1f6e0a873675c9e54f99098f58e3e78b	b678751b80a1aa3f25bcddbaec5d72f40c08867cfef9467f307e9f980cdec65d	56b21353979c1750b95cde99350664a2057ab15db42489984658a5f842451a8b
63	94e08fe8e3fb486dba8d0f1d865d4cd3a07ceddedd9b1a3c3a26746674e697d8	380fd85aa47fcbf82b56b445cd835fa8a79bdee8ad90e100ec7e44df3f593b89	8d9423fd777fd92a8a1f4ba9c60d1eb7f02ed504f6a0403a04470efc097990c4	882e0e2732439691937ee540139558de2f7b09bd2a1ffa1e14b0f3b755b698df	c641f1d0a4b660bfe2751afeda6031afa0d067f6568f018166d8a11bee798754	e629e756b8ae2011177e7502edb56a2f72a442095b63652918d628232d1f203f
64	ecc93466f3a2d6fa721ebcb7e90b357534da39b145e896ecaef918e1276b2c56	dda93e0dd4d4df22c4e7cc97e901402923c20de425d40e7fba342e50355d92a8	c5a239c3eb7c8cc4f9ff4e5ffc09733e44e0ab2e75a9b8e45d67c0648a0d43a8	964874727ddc50846ae3c72d9bf2553156aa89d4b2cf2cb44e5b0a44d30ecac5	82ce4db21bd947f0989d99a32db2e695190fe2e6186a843c7a3d3177d93fdca8	81235da40af82a2a3c0f803124f168e15877e0fca4268356b594aa3ebe73fd58
65	9d846c09c8900cfb7f52780fe80ff51d4a01cd9849d33ecc4d40b00fbec38f62	3c40881e7fc9f63fa2f3f9a6bf62688ded3f4b6e36296b247f74789049e7186b	8ab46c54e8a7f17f5721f8ac44e25d0e72542a92e96b389e12312e308999b58a	333667aca5bfcc3414f54528555c4828536dfcd789c28ea4a01651c8f0127718	57037093e3919d631e34836a78f94ebe48727edd60a7a007403733d0362ce4fd	14c2f1c86510f05d2acf8a8f2516a789a0adcf69436ce23782d26288349138b0
66	5b3ad424fe263ee5e0986360555ac0ceb96870ec5f822d3f620a457d2863cd03	3341404a3f48fcd90198e22fc58d512cf1f6e9e210e1b5e979e1a62d249fe646	1ec7c53c6120db40d072a0be8873a0cd99cbe90ad4ccfdaaa3424292a2d0b1f2	3a17f281ed050ea295cdf497535289117fcec4165a97320acc709f117dbb8970	3d15150f2a875c489d76915ab157057700bddae067aa3d33ff15d8f9fbc0979d	838691f7c6a22bfd7455d1b96bba76929173dd854145acfc5ffe18ab8f5109af
67	015daa10469313cc3789950b8f615992aef6aeb11ea1b57f3757e2d70d30bbec	e1ee83f2c2707434a8ea6a3396ae4885395bff83f6a0e9f60633766a002d24ba	f5d2258732b084054d61e238bc7bbf932848fee632a42185a6f5f5acbaff169a	52470532757d1273e0300d8955a3bfbe0b5ec816b125b21bf3f63b3da443af54	51a206cd20c62ac3402b14d9f7f6b52de3b40f251b0ae16cd021e7b10bcdc26c	0f1cc109c2e336838ed033a45d71671994a48912775389b3a36c00af38f79356
68	05f8987075d3dadb3c4d7b09988c523f52e2d600739533cb279cc456f923a8a2	99663808f5f4784f3e9f22cc6256216eb7a06f4bb2125b6b34b8093e653273c1	47ce4d64396e73e96f774848ca9b9e6d3763fd367cd585083c5f3f0e0175e426	0c8654417d54aeee7d63ac5f01c145f838c976a8cb15d5a20533fff87d9a0544	11b2051397117c94180f2349cea97f455e67e724f4bb44c94bb02748e816b45f	54b01a567ece4bde9da22f1651a5567ec11dbd484a2a89c2f8d2837688d344aa
69	9eefdfbb4fca28ee2e95067abefe8cb4afe39cfd684b4b5eea363aec4eaa4ec0	9bc80773d9936727d5f0e481af5d41a1d84c948055258ad07767ee80165f20c2	1ea651273d5aadf6a224861c36252af82eca6c20db4e3a9290444771f3ef1a04	53c710ab37efd69e0ccf89b4025788c57f1e87dcaa91e164c1f0a7f36d70caed	4c93866f0fff41b52a3b1d59e33e4bb764de0548438fe1abe12bd9cf6b81d88f	c115e4922962a9a776d1850eb7703a3d43df8b8e83ebb04fd1ccc447f79bfcfc
70	cb562fbbcc1f40d2696ccb74a7c0f3c8c632e2e6e1f18008727a666f3ad81883	ce17cf820230037e3d2a8600c826f135c97d3758480575ee2e744710df05283f	c9d96c8f6b98de71238a9e60a5c6a6db011aa9f7fb6b78b68ba2aa5530381257	a22f5e47d142d8f606c53ef906de4bd37d54cbc43479364370e3a8daa1424127	5a7ac9164d7c9c28d60f7ea4ad7f7d69a5d7b1871f711647dd8fe8d2b455db3b	e6b53fd3f7583ddcf17be234a92e0d8c632a5fd9ad45b5bd389bc59140429f5e
71	4f1502c57e58b28910006ca5766ee69835fefbb747da8a60ea9c0c5b74b8b21f	78c3d2857b472b3ebbb16940612195110cdb3538668980446f5ac33553eef209	b5081e87fb64f0b3be70a90ea57a22e0bedfd49d7789c1028e9aa8e23961a0fc	dd834f6aa71f6d7e43f1e0e729bcdeaed76002b51e45604cc3f118b4d5c59ec0	6253187e75c42f7eb77906c55a18d0a287549abe825698e31c6778ac9c157490	f4d6bdf714e9c7a3471d345e8b6c0f007e9869b6b53ff0798ae2670f956104ea
72	eed5e7b64123c24821dc9f39f68e3764d2ea14f4217a762df3cbc78c101dfdf3	329053917e10e67be23ef1b42a479dabb7f1d327498e76a28568c44e821f1b29	0f177f19089e685b144fea2061688f397b346cceb01ca29d04e0f09979f78d19	0f1c541d7588cd1883611677e598fbbc63d82f4969b46595e226c01cb7d70daf	7c85ee15073d902755a6f700e9a39e105664e47726ed551a79dd2f94a54d9e2e	934aa1ae09a457936f89167d1d2c639db6d6ac9cd0a4c9448f333957831a0943
73	60a9b3625d8b20843488622ed1ef53b6e6285a7a8acca46cf6fb3d63ec5eea7a	d9248fe9586ec2e8aceb76c123a7f3ab79344f8390c0eac00ff725a912f148a0	d3dfe96aea301589da9525c5f327edf11db3b74aabee7be6b638ee23fdafeea3	413c6337521d726f516c16c32ebd80ce312988e040aa644b0f1f9d2d15f9af50	8a641a837cf640e111b055108c240a9ed9dd91cc84fc12e978d57a84a88d3948	1670e29bb5ef198f166e0afead4826982a8531a57b5a4f89745f4c2afe504285
74	945dc227f08ba6240c72a06a7da564c240436ce212927cf12e4155109485b3ba	f70882ac48548194822bb6cdaa01a12fbfb36840af1824877a2efdf82e9aae79	65129c68f5e0feef1840409e2c06028fc8ff3be29b1f3b627f9b84d14e0a5980	65786ba01f2d017e589c5a74c3b329531a6121f7c0f83e1d9ab1d7b79546ac3c	d83e4d10dff1ec8a409076793b7d5edd8cb0e8e420ca751ab4e5da474e98bb1d	520f2bc97a1ef21be91091539abc34036a4b42a9f5ae632aca2fd0ac3441f82c
75	39e991b281c426de1271622a5b4cd44b7067f6b228a9e940fca7370f27c943d5	51157cec7769780d9ff4fed0c19e13d5213be9f20f7054a8156e070795c2e05e	bf8b1a969473d462165d7b1e43e31bf7f344589c4cf00f8b22adc68c8523e0ff	fee45120b0309ece3b0c69e5411d76cc4684fab056269e591baa1ed5f066e1c5	f858341730b467c96da33c6551c40539e0cd1a51b92ee7307b0174b074831f74	b8bed98f6bf43f1c39ec708fa7d7006d3ad512d745e5fea57ea6b28c1806d1eb
76	790324e8e30c8ae4dd036a14849a841ee4cf0e0f58569e97d442d4c86c3f5ee9	f9c1ccf3c8d8d3d55a988b18f9c8efabc13c9e7f867275f8e910675f52d01ee6	91cfea2c72d4bfb090e7427421a4ce4942eb50a4b262c8a6d1e5482f57a36f6a	0fd91fc74f8b8c289b0c94902a49566395abd68e17da07dca3cee0efd49dcf97	829f9ffcfac9bb995338d38a393cdc9a5e33b560ba7096f98112a15a6f79e269	a7f0dc4b36b3812fcbdfa4906ca889f2e374c078024df53629de01ad46f372ae
77	9e45a4aa7563e5264a973a23565e15a4f88ef8381f96a13e4427efcf1842fa96	17c0e7fe5bc14ec3c5cbb2e29847d1a11388b109128577a8d842c2b1fae2da9c	e554eb49abfb9591a90b24f9cf937cdd1d8e330bde6edc72afb06608869408f4	d8d0d0448971f9f3b2e0dcb95988d346605b3449db1662a2bd6d966649061bad	554a9f0ebd04c33388a26611133d39275a4f460e065f9427b9e17acad7b0c2ac	0fa145818cdda2da696e621bf46ff4103fbb22fcd8570e6e3d21043104b6d93d
78	756e02a8815dd82e817a7b031005605a720efa992add9c9233a73fb9ec3e6753	25dafa627d8590e7d590957f9919928e578717a1c444673c7577fc4fc50bedbb	9026a81ee8dbfc755f2e1c0f417706f3ccae09150d97da0f316a3edec95777dd	040ada4410f4d323ab0da7b2e15ff19af7c47f44b3f77540e7ef77b2cc27152c	68ebc4d72526ce81c70a8768a3d7a94b03651b4cb75f43320fc2783a7c261517	34b71cee60ce8a776af768a6aa452bac4f2697cd96a5c22c3598420162a844f3
79	7ee7d6fe570220f719939be7c15303f3364517680963274530ddf0f3ca7b9d5d	08da8b5a84fea81e90c6682b824b4ca81aeb1e3eec55808503617ff3f58f385e	a6bff0fec8228a9082101622af30130e4f9222e04cf46f7f8569b0f0d5fc15e9	72258439f01dd1a33c9e0935bc8dacc90c6afd352f0f97a6d9bc2b411a8c74e2	a7da5f0c98777727c702ee57086abaaa69953b3f243acc0c14a5301c88313887	56feda7bdfc1b0089953da371e7272171e8920ef1cfc92afd3a76c43f7db81e3
80	d8db52e36cbd4f99d6d91d0fec432c441417e19e8318702f887a33c4c3ae23bb	fea6a05e83befd653808930ee90f961ca77391ead2f53d4825016b59fd8cf610	f3d9bf2444519bae6d0afb5cb61b473d1a0040e4256a9438b8efbf22180d8e4f	83ec48c23a909d6af6497db73f54f66abedad6e3f3a61e65b2321034bfeb9b92	265379cbe8d2ba7ee59f9996804216efe5e2705617c3e80c6e8f283741c6db37	e456ae610230f4cf4922cf1bc072edc873322ba6dfdc5a233be91d0c6194ddd1
81	cddf19496e7193a5cfe406e08df3f8a29315502e8821b7a83fcae0ee667dac5b	1c0d68a89f820027bb005b1a559df533e018f0a193e904e57e2edaa655c08f3c	ce8867ae6347aebfc1104ead93cb207b1ab7a663ede9a147bbdeb1579fc51b5d	7c3fe2dd882c122d12d57a7fb8579ff3e4ee7497a06d6b05abc44a1874016cd8	dc083f7e8632e6a71e13542bc256e5dc59ff1de19a8e64983f3dfb23e6775967	4dafb5eec5264954195e119b069ae0ee5c36322a00b1ba177a0c284329e27ae7
82	07bf448df4d32b688edd56766bade45b442b7fc07288d0d2b45f316e179d8be7	55824abf795f17f50d022b32c6906ea59526151669fa68718f1c745c7c68d00c	3a3303dcc5efff9d69019f951c8a0ece95b10191cabb4771c9715e03f0fa9df6	0a37411a82d5946fc8fa1834c574092e30e264907bf1ec288ba71dd9708bc11e	e109fe824bd7caa7da30cc4de072618c17a175612de6ccad2cf690d3ef147ed8	f3fa041c37791bac0fd0347c326c52cc8deb181da5dc259a2b7ac439eec61f40
83	bb9e3f559824942959c40b4b0804c63c26593461437b36d7fec84680c17e6557	5d935a849e9c98046873e6df01d798b83bc45a09e62366ded765ad6dbc756b87	9c2389aeef802c6f7bd0cfef7f732c7f5c6e2abbd43380f532f8ec73bd0c1981	0992611849258488ca31348ed358f7a0811ec27228455b04e2ef0b1dd44ad8c3	de4e77735019d1f9811fcc805d12aa9bfb2b4da1236846969d7186a39b4325bb	91260ffb66f81f16d40418d90dfd3ca1e306487d3c4e2709a57dedf627d0ebbc
84	1109d16fee6844023d2999cbcb1b17394d0b17495f2315b56e51ac60e881cb0d	2a5c46e397d1002727c3eb9d2c3431791ca53552298ab837b85410b8dba0f149	ca77ae8cbff89d28c6abf3455b86e3d8448156a62b23c6be058248452163fb39	be7de9415212c018666a2c3e5b2376a02908a9961fc415aa57167f9338c1719b	e837525f309c566e660c49e0ff535a3137b5152f86ef9bff3dd55599fad86703	c0490b3fa3d75d1d7c14cfe43ddde39b559739f29ae6f310f0c3a9b24ee8c43d
85	3ee4e3c8df3bfea3524efc66a8c059a4183ceee489b1a64cc77da99a12c1b85a	8aade03c6456869f6807f7599e07495860a5db0ba638d609b476c6b20de66df8	50c8b14e2bcceaae452fee9836bfdb4935ad1691fd04d1c9a7a47c76990d9f49	e61fc4b5d969a0b15c9de165ea8025ba8be6cac5b8f59de210c4a6f86f35e29c	b8bcd35d7d46b3637b1eeb7f24e1fab554d2f20e871d5e75cc86996910c4890f	04053ba41256a4893b8ec0a72ba9a8d53997d9fe48096f516a1d0d9928c19fcf
86	8ed1f1375c640a403dc93296c9644a8df043b13f94d54a07e8e23f6982b765ac	6a79c824ba6b6da9fed98b6cb577333ff05528119d50c539847ea18a6dfa76c8	b08b860723e029a2a673b3aa91100b7fe4cb5bd399617294e368e39ad9ae87b1	c683e7c26f48aad1b38dc1d2de9b1d4c0d5848df6b9b3342f432f758744b1744	22a4a189eeae3adc54f73e01de748e6d26d86ab24ef0210a9b4a4f1f7de39b02	99eb8118f41b70940078f87c68c0df4af395b74f927b9c6c8c0d46de8adc3c06
87	199c2ecaaba25c795b94efffce34a25caa07f4139c821d4dbd876df18b7cb6ca	24971bd41caa3e449d3b2cb5f7b4518899acbf1f52e812f7ae622fda78dc75b7	0937807c5c300db928b70a5862f548d6bddca1ba2b4c54b5f81261a109e97b09	b4a33f1791e97b43defe69558d431687eaee4c2061acfc2a275ddaa5db2342cb	8484d6f69a07b8db1f040801135b2db3bb9101602a429c3e52347c8db84bf657	0c9c6b8212d7885d503dae5674c0e6a012452c82006603e370f659757bde1e81
88	ab89f0e3841a455e06b52cac16a4f516147e30a6c44a31aa76266d9b63c4f853	4ce46e2ee60f676a31114baf857ffa9ea04e8d7f0a38319f1248bc95e1d20a90	6b0796d3064e16da89df0c3874038715cbb5d98904cf26e835e2ee9912e8c74a	cc3d41cfada85be8d01db8d9e688b6085c3ed223b8c176642bca99a3112be99a	b7662c0adf383ff5e7bcf21db01bb58311eddbd57dbfdd56f95c339ab3921d7a	0ceb1561b6fb522a8ec88de1d4fe0cdb37c7a2dc4ccda1e01726f3972d059587
89	bd9e3de2fb65d361b7c3e23c5b31e185e781a83452df6a088c1be875b8b00add	7f258c2b472eae1a2ae6a8f41ae106e2d642f41039ef1b7b1a892269c3f71536	56a8e1969b8fc8d028f120b8a2525d73f74620e38c83b4fc236e15ec0d641d4c	79ee35a0808c42aae1c6ba22bdc718d1c244a70901eff2bf743eaf1798eff81c	482fa5e28540adaefd8c642ee1ebd87217a320ab2e55314cea47b2d8ca360ea3	ae21b611b71bf0cc6888efb50c1bef7f39b643eb477e57ffc60ba6751ea816de
90	26cba9f8acbe00379a11898d2a7049832f16d87e641ee5783c1e05363d0ad1b9	3b468aec6bf6c490133e1bb6933407fd393217484bd30213349e4552e1f1296c	7c8db81faafe138aa9192989d1a6905f00130546299d7d7dbd6c3805d27a05ba	94dadcf715630d2d33e565f6eca7c1e78ae16a5b52ecfb445c7ebc941137354b	6a4719fb33f0215ecb5e020dd5ab648412edddf407c012fef9818495f4c6a577	e118c7934e6eda63a6335b507398a972e25b94ec9c57cffee6e81d85274b5282
91	721967c51c7d7f9d25df0705c42311364d8a4dd8b03ec21ca0d672261b8561e5	9d82f360ca0f0766db38d379211e422ca3fe042c0dfa9dfea557b3eedf993df8	1dcd4747b9f79ab5188154860ed9809e811824b6057e565e6ebf054442b59a01	4e3c8f5be526d75b956106817452967fa0dc7f59ecafadf11c7692089ad9b63e	278b9f3a46309ddef67cd1f0185db22d098a5474f2883d487977e6f1b9e0ffab	e2d2f85b920d741b8d4113cd92e825b1bd7128ec858e48155226f1d421842526
92	41393e787cf6b447818e28000744a4f770c0747b131f5933b05d39eb14506e96	01b571e6b2010f8e161dc1e23c6da5c6a81421476ae34b5c247c9113db306bd9	d03b24f2452b47699ff6a043aa04c6cdeb8ba50c65030034f4bac8224018771a	b6c231fe77874f6b8944d2c18f03f4177954df73e45586e9184dcd9a24845cc5	6baf09272bcd5133f4616edaacac3598bce517f9c3cef93b733704cdc23ca57b	ee1aff7b74460aa5f8d05e789ae8b8ad2033097e08cc829300241e5b86db405c
93	7da075e55e2bd8ffe3545b52bce9374a793fea4da4d8a467cea62223fef26866	d46e78eaacffb50a7b7b9d068b7ed62cbf10efc7316b792695b090d338f5e07d	584d7e758c051f3dbaecee67cfdfc2d6d33f62b8da10f179de5ebef6bec84210	d8693334a02d4aed7a2421e7a02ed76062772368fa346932d0d3b80c42a276e8	ec68678e8ec96a08b8b7a2655783aed27b219726f71ce9e383f90c2ec0de634e	0fe3fc98ffe691c59259706c2d286348b1b70dd011b071be2d573ec7257bfa51
94	e2294421324dbd231d880ea746a9b0fe058bf351046513e2d39ccffda644054f	dec620fb1d4eee6b6c7f7067fb96fea96c924199b6a5bc78b808b50be1c46cbd	b7e90509993c4e09def2d3797e5aafc21d5d4f326d9d057f620e12cc3f0bf503	42512a3468c586e53b1dd99e58ab24c2bec8852b2895e52005a7a60432d8ee07	7cc8aeb2f42436c7e43a70850448bcca9950dd7c83e9ad7211c3ab23430d904b	7959089a79c5308204c371ef7e9ecb8fbb5e310a3d9dd3ca70a7b694efc42539
95	3da6d79f9afe33da287e65db87bbad5315a9abad166cdac0ab8019ee54e82ffd	20c3d3d527361e0ad8eec66938e73c4b5589a547a216e2f728970ebe0046d09e	5ec58f0d35180a2c88655e80883e0a688e0c44ef74ed5eb79850b01c4cba82e0	f1cb53b67516fdc2ab7bf5845865f3ab6121f62b5b79c2a09a9bace301a0f95c	85ad1d3b972445b9f460da699e47c5361848575a020349443dccd6bded057581	497e8aab4aa8744ec1db6f87d3013a41b2d968468cf7bbd642e4b325736b791b
96	175b633f0d0450715ca9bda763f3e23041bfc596f73e5a7803a651f757fde318	c33c8dd6cf8611fe7d4e86b0cc8fff88b92a658d62fafb4ad1ccc9dac786bb29	1004b776a2c0643e6895690992f571aa4466f5385c50a973f6b82433b433032e	5cef7eedf248d237f3437d703b0e3e2d78d1b7b435b9036815ac258a00a2a2dd	8b8c5ad9468e9a08cd3863d489f7734c594ff4c3ea96d5ec6b47441ac0ac3282	71913dcf22f0cb0ccd9e7744984ca3d2c876650cfcba7fc50a5458537f072949
97	c86029ac4f8c9b8d99a0c99edd09d113879a2220afee6c831b954fb73f24f733	54e50ca151f4affb8c1640f11330137710c4c7b38fc7d4ba2fa1f15df29c060b	3b8482de8ecccaf37363ffd9aa3e553c8a016cd7a089de3ed24ee29b6afbccde	79496933d5ecd89788eee3d91eb4e8394d2bfa09699e4a658b1b62c964ebf9b0	30832933b74fe62e57d2a10d270750a5b1c925b4d7abe9632c256bf3d0f5a296	85d4596d588e17150498850a8268a5394387c6af70a47c3a471500c5a0f8bf3f
98	e99c7c4a5266fb532656141181286165f2087abcf772fdaa08d653f600787caf	bed9ddbc937c743ea635c8abca10ea163e5025884c97f106d0ac188abc867e29	eccfd59bf89c9ca0ce7b9b34bd90a68ae17a6d61fa4022599168418893e6e38c	28ae7d6089110b2d83404ce354624cec92f0881b029aa479f6535810f19454fb	8bd4d993a0931b3e6f6764851ac41023bb200a82b7a5232ebbb4e46a5974b625	87219e94105894af6da12a604368daef7a252235e0056ca7df771a76188ef128
99	050ab808ea867f417f94febbab96642154e177397bbd8fbffae4e26cb560d120	aeeef5d4110b29474581f4d055a43fa5f9b579dbe77150146804e8a138cb5e22	7810fff50a0cfab946abade727bbc84200be62c3422a8fa05326593c523986a7	ce32e5c67448e77889a10c72ae2d3a7733dc72bf2b72a3228a31a3adfa0bdb06	1012c62b414fee60da6a9325f158c6e82a1a0b1f114d4318d9ea09ffbd2ea32c	7b16dd6b0b7b2a040574d0378c6894276994154ea41133afecf3cfac16bd9551
100	c56468b63af0a09e187671f53c204d0c91e33af57ce5aa16d741af30ae0dcd5f	71eddc20d2c9fdeea199b28e58b8c3e3332a08fc20293f490ec949618bc01942	16d83a909869a9a68a474d024e213f8bf77ad8a3589dd461bbe042c13f33b887	7cd2141ff8a3b7cc15ca398e99a926040272008f9d17d2839a9eaa76c05fa895	78939bf4c3147eee004cfce8b28668ad8c069ab2b7e26db5f70a17233b6f2e8c	9bba3bff906ba4253cf8c717731130c769ab9e3ebc4cb431707612d10e3de022
101	36712ef207bf91d5d0224a7015d1d54f49548534f01ef42bd124dfcbaac0c27b	b2cb0a8158c35224c3c2889a261c6f3300c23c1ee21eb0ea8f8849229e566397	b5c6578de07ceaf1807353a9cd13b23ababb342f6b18b0e5b68f2ad2002e894f	41e9076439731ec92f5f1b392d4ad1e05e4b7e22b5b30fddc169cca68570237f	518f732fbef07a481d9b5e2d8ad94f3e59ba4e39ad5e4ad62126201eef36f84e	0e8a9a383fc4e8290cddd2e4646ca6c840dfd88baeeaef6d925a5dbbead15fb2
102	3380216cd7d8152f9d6c44c3b2ff418fc41c7eb443a79335858cd9a60d0ecb73	718fcfaecf19c4769d0edd9559243122bbe854cbf55f5be2c4e5c0349d1f73ae	7be084078640a4a4d26af7f284ffb40358d178372f797a34954e654c7b16cf68	e9d7f709fd763739bab4fb013920a091fe09e559961df0a8b26662984e320c96	75eb083d5ba2a8c3b3b812cfe8f02715755b04bafb827369166f98116d402117	158d53c18916deb631c5660b368c7d1b37601344d905e529384f8bdff8273abd
103	4ba41aff7574671456c8b97e08d423e17f5d7d0ae1f524394fde9673c1e9f297	f52e071f3a8aa46e25f8e42efd688681fe8b11340e32f6fdc987f3e50d1f152e	4b15c43839e6b92e93eda95bc7641a0954abde12e4633c86425c793c0ddb08db	017223f5b146dc3d240e8fee286ccfe26e48ab2d5006c79d68c42b74b494d53c	41b5eecbbbc44d4b748dac9f719c453dda1a5bfd0642e0072988ec1b4c643a07	d9a0ba913de688682fce53a5bdd33773690914b35b71d2cdcc862db7ef9c8040
104	481336108556860e0eec7a6b0e0649476e06a7e3b1c7b2603c28e9ca039c61fc	e4b8fe2c8f9e51b42b677e853fdcd715d2fc0d54488ba998aee3e64b4a579954	9ec67dd3a4bd60d4358150b51737dd96f2b4d990748252bf8f1c2f3086636f1f	3ad31545842b192196783222d877c83af0bf9801e74b8dfca0d211c5b19ec9d1	739a7ec5e0e46d81ce8b3001bbd0d88662cca32482b93c717c0a9cd04c647141	edd440818378a6288894be3afeb75871b4bf7b52d8df6ca2c8289878bb3d1995
105	bb8f6c113c81c3c63036711bd0f44fa1eaf7c7e022339615c6bb700b999014e0	239bdfeae4fbac4e693b07826ca168c3243d73e1d0e41cd910511d737f505b3e	bbd657da05b8b1eb073fdd8d5969f69d44ff01e376575db0e54abeedce735f65	d8fe8c8cc8eb4ea74f406fbc8c54772d12638e77b62e583061cac79421edd57c	da6a2abee27697bbc364f2318146b44dc7efc9ce57d0173fb8087f88a3983ea5	5fdd3ad8c1475c84d66d57e7b2d0e0119e4e2157408017fb95df17fa6d505cb2
106	33f1d494a330bfe9c14028f52833e3a752c2e9417abc8247391996c8a3fd06c4	4b55f77de5191359dddace8dd7682c539785cc57cbcb61c0cd115b7e6c6a659f	4b420493318d9a7dc151f804bb05563acc998014f9cf74310f8e919fdac76b11	102aba30cb7fca01b84ec9cbd78b32dc8b8701d003be4222d1c765e25e8a4ac4	67eb07466e63df0a39353a38ae7ab4186fe598491774592fe6c794f9b1ec14b6	dcac534a26664854b60294e4fabb79059e95b3c78487875147b6b0daa0439f62
107	3f345a1fd71f7def95bf6179c246c5f5489999f3961a378266b0c8aa704bd458	e5e0b893e3c4d9cdb48027d6b49478abe3e29562f6aeadd5147a3cc6e3e6442a	58521e194611d364422ece0db45675026bcb66ba11408aad1699157bc814d4c8	1e6247b0b55ee0f16a970f52292b2d0ea3f578ad6f6eeaa92f99dfb8ae761079	cae70368710593c8fd46745f3c45f78cb47ef3d9a7725cfdb6cf56b147ceeda5	ebfedfd191513690141809572077cfad4bf1cd480e2cb61bbc8be2179371e36c
108	ed0337492c0baa99d9f56f72d12982b85406424ae30b164beddcb28e72f37fd3	f26f40503392d7f1ad0c616967cbfa9d30b3aed96c524ac016da2d751dfb0011	3b5ed8c37a80be4b8a0d1567baef71f4175d460bb399f01037e66adbe5c425a9	614347371fa013c079ec78e7b88205918011f100012d20eab209bcf26a1b1e36	9d1470a60669aa204521e8e27c21d4fadb08f7da148a877a3812ead0d61ad510	f71c61f02ee5149c2299cf743c538c47d320c22e887c92048b326ab62c3f98d4
109	1c6d23d365e57a6c7d7318b3bfe01127bbedd16aa2cccf33e7a6361d70f7df05	da4e158442dcfa6afac1194c492fe5f3c03dfb32c79a25cb3738dcb4503ef565	7075877fdf40d63c5e4c9584ceeaf44763ef2188d8fb3e2742c94eab31d7fd5b	f8e77fee0b2c9be0b20ebe93d62441a17cec13853b9728afe8025209e393a60c	61f75542ded5f04e6c918046e6f5d4c27a3d66f8dd46db7f3233bc3cd1a7fba9	9bc42e81db0a20000c2eb3db09db87d7a362cacce2b940eb51766eabb2e6c680
110	a4a5a79e5eca16689dc2cb14715d7c381e666c248af1ee097ac5d7db14075e3a	35b8b40e7c3f1f7e47ee2585957a65806f8dbbd77476d3ea84b8480854a590f1	77ff9b60e6e572d859589e5758033db97140aa1086be698628c2f0c68174d7e0	bb23f2e7fcfd4a7a0494fae0c2ed4149d241ae8b01f46f44d1fd3ea2c4b284ae	9b37e85302145b597700671af64bd1e642daa58debfe8e7aadf6992e2d508320	3100e0a35ce7f4af5af6b87a74008e56dd4f8b68d757ca42efc0eac8e07025f7
111	56fddeb55836ecbbfbc0e3f4d7d1374f1542e08b8b95427777535732624081d9	e751c72a08b1311ca70086d01355a91b58a8148c64780a2c97f942d470698872	7e142166d6528db6472290c364cd50100e4f7aedb55c657a21190934f00c5a77	225673688ca3c2a7ca4b7a9dcd07850289c03f243e7f2af72e70c254a7d2b7c4	02b08c40f94d4c722310501a4fad2adcee60fb3d4d821d5c967d7a572980f796	1c6b329ecb7db10c95e52723ae38b3091956de99ea81a5b4af8bd962cf8c7c2f
112	0fdc53746802c88d2328c3e53f8c71a94ec9a7f6d5b2983c741d36c58463b988	707f974220c3732ae0dca2645bffda2bfd37733003d481298b4860fe4550749a	7421a77ff2f69ee50612694f492ca638bf149511a71e233edb8f64923461c1bd	9faa59c0ab1d63d2cc599eae09a4258ce962b39fb6de756c56af388263cda5b2	38c10238680d6c21e6c9c95ce15b271e4be24b72d01bfd1d4b85dd8272147115	4ca4ddb4f30a324ec02e128ce3dbe416bf9b20b6d04274b1ae972a8bfcb63a66
113	4dc83ddf03a5e126e8ac422b58d924a5e6633420f515beecd704efb6fe1f9bed	36eda8129411cf3036e350457860c9ef9cd8f7e4186ba175369c9f6f1f34aac2	559cc9a08503d038059d739d26817a77c334aded4363281c0162704ff145aba3	c2c8ac934e5c4e4c5db0bebd3af6abfaf2ff7d4aeb69c86e83b0441997608485	e803641fa56c4b392adc17d123017da2e6e0af080c69e3d4da1e4d46977026cf	a34125941b2e3ca3b82fdac701f510148452880007c72cca48a7b90f191cac93
114	2321a4445158f9e9459c9fa7bdcf621b9bce85168b9c137350769e40fc66b610	0cd40270b7fdb382caa3d33521b9cc91d4f84a1042de1d51d809c89c410e184e	7d7cd449671b18e5c0241e03fed5f08fe3e62d254eeb0a9fc7ac869ee70c916a	26463b39b75c0241354f280565cd13afff48895e5487eeff7bfe6fa822ec311b	ba52817c690eb394426130843a94a3232d33d02594584812d6f6ef98bd18ede6	e45114b0079de88bf5cb66e06c9fe1604f641e5f35779fd450da640e84b8224f
115	ca5b409994de39221fc6047e16bfaaa6203154801dfa24c5a9aef324a1175ee8	0494b88488481adafa105f1a1116a3275720af869b48692fcb3136e37615bb21	04ba653902bcf5dd9da5397b9827e1b34818bbd981d4b068f6cf0d34e1a73970	34d29b456c6bc51cb99744b615cec613f93d5b4ff31a88d80b2e6c6c079d3542	ce5be0312f7d450fff249ab87b776252e1a637bd662692ff1fd4802148aafed1	86e91d82578cd285a263af6ca72f656432c1849dc632ad8dd59f09c1a97c63f4
116	b71bd861b1c27e83466834489f00465329436070ded65110f72ddd2a7216d140	98534c485a4463f9f59bd6b755cd49be7cb61825a1f0d4b099b6384598d8d0ac	e7752c7eb776ead0f108294e61b00c971277114c7d1b28671180ede379c64371	e9bf9128a5512fb20b2705fd0cf8817f3c7e4c570f50a2799fdc6909f6d65126	f100b4f2aa2fa41bf5387b59ba8fe1c0d013ff6a9d1df1a96ffd263e80cfaac0	055b4dcf50224b6e0f0ebc4612a880b98720e2b41cb5c3044ad28c18621cbf1b
117	3d3cd344b22a916dd4e39d8ca74a03106c1e54cfe521d073054abc0cac31cde6	8fc64ffdc19ae40c887997e3badb1b46de82fca57d3e9a9cb0a51bc4c0cd7353	c88d2c52556c0a4c8de4c7b89ba4a96d38fde42632185d1d06d1a1472819c756	c0df8263bc796ce99a5dd0bd5e3014d9c48c97f179cacc6d4cd1b126f18e4804	220f6d6e7f01a7e799b99cfded57c66ab20d4248d1656664dfaaf18240bd860e	aaf92812d2ef7cc1057e85dd5d9df4e0cce74b67a199c65a8663ca1f7ac73566
118	fab81bf453f27ff99242a85ebfdc0a296165d64c1ee5ab2b5fc394dbcee1b13e	933b6cdcd2e62418c8f8b8c798c07fb8cb768729e397e6e067e5b71543f6d60e	53ee833cbf7798d1964e0599dae7d38a31985c2b2a961dea50a94f120e7ac6f5	f28d1d6ab8df9e0b88ef2d7d48226ffd2907cd49bf6cf168894b3f9a7d96d631	7825841be17010fe26f104130abc50c0c0b3630a52df20d09204cfa0bc3d0b18	2683f118ee118793753d45d0c9ed8b46b5ab73565dcc04f602f537e9123ef53e
119	512751f3d890f7ce5afda731965ac45cede11aa8b37044c98717ec10109be78d	f5e44fc2e6bc90b3f31aa0847851673e8bb5f6b9483fdbf6f7d68033d8fe67ee	c722cdeb778271ddb305783f22ae3257978fb0bf3df3b56f400b21cc2ac36011	3dfcb337fad4cb5862d082292ff1cc054dbd447cf1e5e0737d2823c4f406eabf	7a90e8a1326253aec17df8f1e5412abf6d355082a0767eefbe7a3a8c92693da8	237f9d01876e0937fd9963b3cef6f93b63926a59885632e9aa3cca5525359a5e
120	106e6fcfe435f77bc960505d83f6e0b61758b527568dbd938ed5c8cc0981217b	261fd41a19a74c3890fdf560f2a3957801fdc553d3a31ad41fc235abc8abb60c	b713550d19e0f0aa23d5f0cca9b393c99f8ef028972e2d1df783e13ebe9fe177	ed4b89dd56d567bd29500c3a1b9c4e036b5fe60d776c28bacee86ac8e5345819	bd41453b4c51ec4100786dbc73558954758c78668fdb01d885c8e329f67c19fa	15cb4527b22b69cf1a10bf38283655ba5d4976a038a53ffb3c65b35f41d954dc
121	9859d1b2493d7be4d6fbd2afc3d15c92a69bb34302f5b88240c03d2c9f11c538	99ce5b84e83cd97788a8ba593be39103456ebee047e5c635d9ff0b360f1b6632	0e56a8dc8cfcfdb627397203f8433e528159fa4b7eef3a33bc359dce05b50acc	da633d0ff4b2eb2bd2dd1de11ce19c3ab762d6af76731afba6ac514b5852e34f	74772ab9aeb6607182476fa112c919bb6f90e2c355d0340174ff767e41c3c357	4c70f354033ff3788c405bc8a5d30c2f19156bc3596c1b14d53b45d1de18a985
122	47e433de2b9242f9a4dcf703064bf4404ddc6ef2262df008fa2c8fa5a7f4bc21	febc5a2a67925891b5871e7b1f5c39f18fcbe1286494f27ddb04a8a6790bac95	8c94f8002f4515107255249b5586decdee43cae2c8aeca8fec020d5c5f14f2cd	31b4907231d9bd5390e0f3f9795944b85ede4b6415f51b7a8d3c570c8ec99fbf	303abb7ee942ec93182e57a7df3c8629bbc12408b8bf74c52bda6914fb39dbcd	1a59208e5cb9ea9adc9879b6ab7e5e575a5de9143c7eed67eb66bfbfceda1904
123	8d8ec9b27c1eebd49f472413c05412893a206e6de5bf6a5fdd8f9fc4b3ec0013	fd86de3ec89d981d8eb355605ce48176cbad65cddc84606a9b5335e741c4e3c4	238b302c1d7da2c1a595b96a00c3f4fb20559b2e53f71c9d507a0664712fe2ea	63502818065e20b7cd8b5d65827a1d869b9915840b6a2f6ffc317b7c34b4ad09	46ae3364124dfa96a75a6ffc082b1eb1bdd208309724f9b1e1d6788ac258b30d	10410edcfb47bd64befa10f6421aef8082a72169df2aeaf1e8037cc7cd0632f5
124	6b09a282b8b66dca5bebd862925077c29c9713b598c2fd93a08380d033cf90a8	1712a8a4d55b2ca449303e4e8eaad944375a9af20a7acf1e9e524ee69a5fcf99	2ca9e403ecd94bce9ce6bdc469ed99a4b71cbf2612d3f906b2af0feaff5f7c41	e5037681790bb6f7ca7502cb96eff64d2e7662e2d5f91497158d521e77e66d04	23569034e3b402e81d0224480a4d2299f289f5cc68d61f37e9c21992a0c459b2	a8bdf690c5ba79a51cd547af846704f471bce04b2d8bb74168e5f76596c112ec
125	29f7163ad7130371c0f9604c7ffb48e03cfc84773c7542882fe9ab1f9c366a4d	9399227541125a922ebe98f87569af4f6867a1aac41c2a533661ccfc7a4694d7	e098963153763ea8e63e79783da1ef01f714495bb619ac2305b8947996dcd4ca	1c051c1917bd68e67d9a4f65c4783532c8931c58e1b45795579345879c7fe132	64a8a4ae44ddca30f7b0fe8a800090f53d74f5d00849b0c2d46e60efaec93113	7db2a4fcfc068b40da54506328ba0e00949f2524f552495403a6479e7a0a395b
126	1344b32344ef4ddd65fc3b79b0bad2167ccff05b7f27af9bcc709e28dece5332	504ebd5cd1351b0ca6742a838081f060678b5bc0534bf168bc249ebcfcca091e	e5fc1eefdc5fa105944ca56285de081c33da2192b9f38de7cfe9c840ccec85bb	5b5974cd30824f1a7a7ac23c29f871b2dc80473c33751dee75099a3821c4de1e	8afdedcaae188012781ca957b6f0ce949cd9c69997ae1e3b1f14281ee7daad99	c4673a4f4ffd3f08b8f8156874b75b02ede8a25aabeb6480215d745494b91027
127	7a74b4b3e0f9d5b1e161b69986ae1eebde8702541b71fb27c19bb05614c4d939	456bd534e508bf374f11d8bef181c61477ddfac59ddf412c4e162aaac1a63024	5f5cb1461e5b8d3908bbd21b25dd90c9801259f628f73c81194bde87a69ca504	778469e422d934414b66f4ccbf8202bd7615313f9469d2d546decf1735486c1d	a50de0b2dcd76b51da11f75c2715c8555471360d379faccef1d7ffbd8fbb8969	38b6fc26bc71a5ee38e8a6d23805fd05896cdb2a90a34573179cd30301989d5a
128	7078b82ec7f43d1f006ccbd73f24d3852098a16e2e1f3de97cb94d4f073b464c	02ec424b205e8b9990dea4f6272d8a3350affaeb5ef1c4ebf6da52cdf59e927c	8d05bdb4ad3e29e501d6d7a6de05f7ebd6be983e371dd84abedcb0ad4e2830d1	7f06a4a57c4df0725f5d23b7dcfcc0673aa9ea0c47c6c13d2c9354c9f962ae5c	eb735e4034bbcc3318bef0f6de79a58ada25e8ddc51ab78917266d63880f3e94	8f9dc99c7ab4e3c532ebce5fc9050469b57a72b52dc55e637fe25cb0cb1d376b
129	4fee89ce9086932ae3a9a0b9ffefb2c2ad3052195184919cfd49f3e656695f1c	e817b74f1c4236f49e9faba1113e25aec0ba1138a048bec51fe377ee3d1bc73b	1b587d4f1f76b1fbfb3ae43682642b9d7e37a3cdf67510584c9a39fe49a88e8c	301f3b2b85cb77a0a7d4551074701d2e64ced8ec6168ed0731f0b833c5dd8bfe	1a425a351b096375f0951be89599ec0f6fb9e8a83f5f68c8c4447b04978a1f52	38ee22353bdb9dcff0f9c89d9b1739b013c7778b5331fffd528eb0f40b6083dd
130	81307ff87d514fc7bde952eda3742bfaf07b68292f1c87d287665cb0904580aa	1d443df66a3463c6aa7f2ac0a865ecdf67ec137324f22714f0b1b3f0d0c7c83b	9db274ae03fd5ce5b52e8c45dbcac8c7e657529fe7f2892dc0070d206994cdee	39dd409134ae4a8be42bee9868c6862c79d410cf1ff6aaf31d945b45ea2c09c6	99ba8945732cf4d8d1e91c118f2872b68fccb367b0acfe19d9bda1d74982dca5	dbf091af555fe213ff0a69620b69773bb09bf0f47bce3a6e5ea9f0116464160c
131	a1d5ffe306c7a75ec03b5fbc026720519b3adb208a459099c6db422b6480d959	2ce0ad06e2bbffa937e10532af0e90bef94293f32c31eb0135e5482ade4e42d6	6c5c20f681d02955b620ca04f616ab22cdddd11141d56f9165c82b1787a1903e	df04a4c5f3759837f64b2bc3aecad3a629f492e4871e22211011b58a8589add4	9f310f5fd34410a417377d70a92253272619afa54e539862db7fb9038751c959	47099dcfcd05fa306a2832728f624c7bdfb614a273a800447b9fcd9df8fbbee0
132	672e067628a8dac54f8f2160c0ab7fbd8ad7121d7f77b3a5c53e44896bdee8a8	ceefaace142de71dcef4e11af5d85db6b3edc8b705354c7ff03733c011d0587f	50af9f63752951c721e917a561e49d021510397fcae77800af966d91b9a1fcdb	4b7bdca93ddb27bc29c8a03fe6c3d61da63e67d3e1c3405fb63e0ec1e43f4f38	b568bbae33b2433f1336afefe6f1de0e38ce1380310e60dee81d338d3d931f42	1ab808fb5a06fbe53a3dd01c6d67aa55d2571b6524b8374b52bd8e32e526d1f1
133	b17877867be25aa1fbd5cc42e8a92484d9f08a0d74f1dbae24dbf05eb00b23b5	0c3bd130fde3067ae7b246c8cc59c850272c54320811ac216600fdcce58af9fa	fc9cf2a6dd74610592e3c00348e1edb912a0c028076012715c0e37bb750ad01e	1ba56f8368afdee2612658dc801de6d403d68eb7b067920dce3c162188301fa1	40e1b2ff20c65975c651d63f3cc0076332fc5cae177c231985d832adb69f35a1	698d9c8bcb251ac39fab2f783dea3ba8489e50133f57677dc578b64c0d3b0bd1
134	a33b3264b2a1472fac0b7addb0655c12c1570536e46a0ee40e2740737bbcd51f	ac776e32667052a151b5df95ecc3caf5cb7cba0fd1696e1bfde159250cf2d970	ef60bf3fcc8f0314874f6c4283b16c4386b93543e88d6fb50fb56bc8e7f1df90	c32a42a76b30fc6b44b6b98211c7a8962e698273f6dfadd9014f5dfbb1aa7b52	b208473afdb8e638d5c488332979fa0ed2977221d61eac0a3f440cd74574397f	98ac7b214906fc829e49b37c0e53f02eb940248c9856bafaf79f97c355aaddb6
135	70fa01e1dcd41a2aa78f716b7c4c4e1374cd2dbcb2a2e42879cfca87119b4855	a24e8fad2ceac793112f8b2a2a9a6b2e801b3ca61c00a381d5e4d037b902cb9b	db732dcba1a978baa9ab1257eb61947a83b890c185946d74be395c9c3fbc0adc	8cf462ef632e73f729b8c47f9438f9b5029cf6ed74baeca0171dfda4969e7909	84a465c8ec1464b3bddd3647e60aeddec17c12e3528ecab75fa69b5e46ba0c9d	eafd1290d17b373e005463208f016e47e61627826de9ddb7fffce1800567736c
136	71d3696e7523f885b3211f217711c764f22a5605b332ec5eaf8bd26905d49a46	a249c24bfba64b8351b01d5d4dac16fccb1cfad66bb34c2567c963166621f2a6	63a16721ac1f13d51d132011b0aec8938303b992f96a55825dfe02398f6ffd25	412a0232280445c296c33f5ed24501b2e22a41d9ccb42f4f03449cbb9c09c280	378477004c6002bbdbcff83b763830634f83210f2c41570502e71b796845df16	ad9271daaa9e5d8127433b36f3616ef2c876640aef88519037de5f278eab3cca
137	68022177bdf0b4c659dbc7414af96e3bfad23cebfec65fd41971511da9003065	bdc91172387a552bd8bdc66c9774ad6362cc74aeb0baa821d9a0920ff1d26b12	da2b487346c8298316d25c26defc160d91b3a1da7a37fc99fb11822e9d76103a	408195cf28f4bb262c5229fc9589010ff627719639671c6253e5a7844bd9b0b4	71835a42bf6dfe982f8dd30c7a3fb31e4d60b7028e381196265874145cba7886	6da5189f224178536060e89ba7bb8118a7f3a9f02670d072768f06972679bd0a
138	734330e39c9d9cdccae877607817a4d3ded2b5c7b636d2f763e6748ff392029a	6e95438bf9576ace63487d6e52dc2631a5684a95576fb81f397569500188e36e	113a2f99824dada0ca6f7b24ac488932bee4e4d20a2239b1d6768f573075a8ff	4d54337f5d9b585356d3e8e64a1585baa5d62862dab2430fc7a2589b3a9c1efb	46e8d235347a39c1122c4afa28b202d891e610a945a53d4568d28e13a190b005	d6c023c98a72d02e120957b4ce41a20efcdd15dca0b88058eb0a137e956e0fe4
139	b2bbf68491f54100e72ae652897ef6c644765ad4540551eec6872b13ff77bb66	5493d33c36dfc1400eaada858ba798b9e5912c77afe003689cade65f85c26979	1d755151e33d1385156367f9a9f611286e7f9b2070c274eebe5b506dc3ad242e	40acd20e4b150340978eae3c3310a092712a86bb53c1d4e27ed3f1ff749b04e7	3a5649d984025a2598e3042c69e70e556848432b6e0bba4e84debed1ca947710	895ee78795fe8c94afc602748ef882527ff6bf8687b1d8a42faf1992219c7a18
140	4ad6ec24b84f2ff230444cb4df0c5b026deca9d3568c06965668008f159112fc	a04501305dc82bd5b1a2178c72a5f9bad9db1a95f8fe30e4bb4e6b3c239c60ea	55f691efbdea5a30cd56198c17883a41d05b840df8f12ba204862409c7ff8c2b	6db831e052954784418d699883939b1611e81c3ca1017e855b75106aa362d8d9	58fe412339433730800d76c94749cfcb9106b6d78711ac00350045264abd1e64	c52bfa3a854e259f2f5404e5d8bb7d9764262d7447b32c83898db8c85c8aeeb9
141	0d82819055fd6173c28021f1db82ac3e452fb84355e6dd3e01c3e7f2ff7b56ec	d0d61c1633767827a3f8f3d18b95833eab2ca6dd91a85c9b46c54d7acfd3b4dd	705b9d57bbc4a328fbaf06b5c57f8ebd58742c8cdadb35b9deea3739862099af	2b31e49120a3f72fa4e152c0cb9a03f15f57adcce3c506bf1900953a1deae5bf	a456cfa3c518cadda037b6ca65ac892392efe03912fa43d394a8e6da430bacd9	e456adca1274cfcdeb773bb87842650040078bbeb3b04d13b6503535ae413677
142	ebfb547829b115f12a94c163ea1673724bb77368ec69683146bf9970abbdb5c0	91db8f10f069332344e26d5d12bb282f718923aa272b31a9c6a52fdaac5bdb4e	d747a92aeae7eca1584b2b12a717296210d985bb171249dc2e0731ac79fb5f65	48e1a89ed65de8ee84d44b704a01bef76af1cdabd566b7fcebe3a3e4fa45dc3a	cfafb23ad90a259d754234ece04247b17f7625a0235d12453248398b95512000	c4bfbb97b3c3f1c8f1c3e964114a59ac81b67ac32acb3078c049ec5e25007e4d
143	30917544f1eb3608d73ab707dc995df432be6defccf71c7f25bd4931245cb5c2	af9e6b7a9f377e16ea9ac976668f8aeeeb43a0e8d125683136db8086c5c03403	570c7b9975d165aa1f8df2ff671ba0da6fb87304a6acecc9d7f973cfb6445edb	07570f7eb29e194c75bf6e1f86584ed020adad837f0ca98f9cc682739e3e4817	ab1c647d9c24cb12dabcc4f273f435f7672c80084b696fc6f5f415a4919c14e9	202be148ac0d882c08db45a05803eff935f63a91a552920bd1359595e35cdfb9
144	ee2a0e1e9328ca4110debb39c31556da3a488ea7ecad8bfa7f4d6a95a13da87e	716895c4fa393f577237e5fbd1510d3d5d7e81f7f7caa9e5f65441f4b4546d05	ca627c893bda6cc1d4dc4155d8dabc5fe3e6cae26a9cebf8c523ffcc3797b667	43cb78b258d9321a31a71901bf2e2967a7e22accd0d274c2b07a5db371ddbd10	32c52f323b634fa1809db13c24535bdd9e4ff881b58c83f36ef233c7915301ce	56d8a49be3c130a202cf4d61e942b421e6f5f6ab14edcda7ef17341de1d5e47b
145	6d7931ed9d03f96571f742bd7454019b31e6973af117b1f6ea347f3fbdac38c7	9461c75dab7fd3033e6729a00d2521ed409dac67c99a94ef3e88ee52b2fcc07f	8679e7b15d89ec10aa5ed97ea4b23bb0a3bb1bb6af7e56510f9c95a7f86511cc	edaf9e141bf21436936fe8cafac3d706afe948089f423f8286225b9ba7b3c6b0	297288dcd5b9ce4eca34befd8adaa4f32f8070e0e4df13c7f7f434cb9ae77f95	4ece27f8c0c4fc6f269e0346fb372551242bd048b41d6b7f2e4217af49f4de56
146	41c8f7de35005289150f10a028f80241106d334a2291acb69fe937529bf690bb	47f114a30d12c1d10e78fa176372a97a3262a325340a63e04117f38df911b3c7	08018556e63d605a42b3c7b83bd553d1dea4d097713ca694343d42d5b5959d8b	c569cb8e3657f607295258d4d7ac3f9efd497c599cb1fd8f09614c524e21d562	1ca2bfc6500c5d4b75811a5e07d3ddbfc991ee3bafae39418c65ab05dfc4414e	2bd3196a527dfe07a12a117244104e1a085a6df1659154b45fbe8ee9e83e48d0
147	178c81d53f1726194af377f4884419fe9a7bce3da53f0db5aba4e651fab4a370	b5ffb2b538c781a492ab3637d7471715e9c18d2d3de7c57a699f3d13cda08915	3b188a039899feedd17ac6dad987014dcb37021cd2ebc2186f25d3eff25c4084	9e08c00d0a353cb06376092ee3a0fa0084ded7b57e423884f4da1d8a1d2a5f14	9505df0a6c74634affceeb319f5536d3ab4f2c218a049773f44196e375021014	bab741e267dcfef50ac9fc5ca5b0cd071fecaf1bc1de5f2b7219908473fdf761
148	f500b130afb6c1ce2d505c5d877de06ccac9bc02b82deed57ce338d90805be2e	1174d5a6e4422440b00429da7731beddeb95796e39fbb50d260af7450b388b4f	17baa969239e35dd3ab1f804cea168d9cab9b3b03d69c5ea649f6c839f9c1f2d	ce882d27e7db3a8281d95f79decfb853a725be68b1de0ca43074c1e4a10fecbb	fb2d0d5dfa07e7238287277bda734207f5a35dba41c45350df6a3c83e99d58d2	a5013fd2b7f490f1f34a3eef2dd4153350eb11e918cb2d527b21e0ddfd270d68
149	3e957e77f7f53e726635b8a827f99d69f5e4927360519aa71876b5fe1529f7a7	403c58e839ca261459750f949c74657b29c0257511f8a87e714f51f425a741ce	dda047417c58306b3715625df98862a61a7153089c64b1c1f280ba1a4428dfb1	37644ce21a1edaecc0eaf1296b7c69a45819ba89695721083376768cdcdd6e5e	459b4cd5b02281bc1aaf40d8bf8ffb0534c54b890de41bb8f2961d06e48e1495	af384f78caad5c099162f7884a20e0f2328b11d37507c9783650425992687894
150	015e02e2d9294b4265996471e12603185318db602e813ab8286d8a9bd60f31c2	5b85c3f350f5bf0712ea7ea22e19b8753de8bfcaa9d8f55b3223773d94465978	dd65e49c0fc64f62e5f8dff7b8005f43176ab6c5938f70e6e2f165472dc133ed	97703e5d5b3f173b0376e78e5ec9fdd1037ceffebbce777f8311adbc1b1ba0bc	a2530c85b129aac48567a7e131423db4a535e677e14389db5b29ea9e0e376cbf	aae5e56a9dc0fe673d2a7ae6d9ab445494a12c65cd7b3cb4c4ad20215783bf07
151	47a337688bb707bede91776723b74940f3ad2a7ce500dc2d4fb699b16f2b1478	f42324cac97185be40a6add3794bc3dc90c6da82dfce1e31107cd17153a93160	459a3b5e56775926f1073d1e0581cb72237e9f6442c5f7bcec2300e7bcb8dfc0	16cbb33342c6f929dd75c35cf58e159b43d6ea36919e3e7e00f00c21a51f85be	c05430fe2e1db698d6f326c2242ac63c3fe2f60062813413800983298d2b6dbf	4bfb1433c3392b303d27966894d3c281ad2fa508147dfc94f2bbbce375bce3c7
152	901111dff38ebcad32d1b1e806616515352ef786154d75279be4a860f7683df0	dd0c93ab2f9459898ccd4aab8b65d9c95688914a7374e2cf5b06641612accbd6	291b800d6f74c4e92959539d95df3e9a01cc5a6b6e6b25310101468cae8177c9	1d215daa2c1d406cb66e546bccbbb345554d16076b11b7a2e16167c20be872dc	bd3944ef2923e2398f027d4032c37d05472aebff0935539a3bdd4b41d5314495	eb42b7d1e481013cd9b74d141b34a73740f54e16b2e08bb5a2ee5cd2bba0a1d7
153	9196769d8405db2df0798cd11cbcc11f0606d93ae5a228ece61e5d12cd352882	c9ed637aaa3c3015d2391026080b1b9216f3dc70ea943ea7534adabd8ef525b3	8f4c616d0cfa94b8d993291fd0f0d82aaa182cea0dbdd6a45f840406a68c5fba	e2485af7722abf60e7049080cc64231a4e1ecedb849f95ed07c1b57195be6bf0	8734f2ce3527864823b91020c989ebb508af8d7083fec815a25286095d4b3c90	179de8dafdb65d5976030b66f15d3d238ccaabf1f39c1842ebaa3b1c687c9211
154	087d7cc1f5fa8b46a2d656bfd97bc47565383102ef9d9bec7e40ad9f383bea2b	099ca242571cde3e056464ed82844cf817832caf1bd10e76b0761a42e6ae192a	b9c6d4e36c0933aedc9ad0d623c5ab733fabfa2985c4201c637191ffaa41ab15	f8fc63267d18be9f1a35107ac6a11288fc4b00bc3042cbf740d09cf2aabcdf48	e40a1e04fdc5850dc2db76af64dfa4591f284fbd8999e13c3938b615f830a29e	1fa8ae11bdc93d7824f0c6b37606420fb81e8619f32f2d4df9d16b1b9dd98963
155	54524ae99b022633b0cdba888a339f6f781a43917aff7b1d2be25781a3ca3437	fb3f19b1dc914bbd6f16441fb2828bf051ebe8ac0269eb1ab31ba4d4db64186f	04e6e88deefb2fabc5f2b307c7106269bb5efda74c53ec711b4cdd8c018b2542	c61ef219cf361604d6b2a5ff23313560811b2c1ac15d4fe3549632f0d9a33082	f02833990055da26ee0e2e2a4f95f865c4d1e66351f7bf79e084b158eab06323	84de689ed620fb8446a6c04b91e12db5873c9d7546696a40bd9c281f8e7fb412
156	924d18b9e02e64726b5d86aa9a6c84db30b0d386907d40017b95d30ed24de3f0	c9e2133caa2d63d857ec682d5ffcc19d113f0480dde41778997becdedfc2d48e	1983aca16f96f479a9a2fbff2bdecff5109faa576cc70da1663dcceea9c5cdaf	13f8475d109ab51d22ece202277f87e394fd875b441b552928a48ce934cd9c91	b0584dbf90ea0d0e761f860dc8981700b685778dced439f5f7f4806380ad36bb	506a18783fae7c945b667b96efbf8b8cfd444a9adfd0aa5bb6c2c0a128d4d2c8
157	781270c8da5fd57d91e15a4292058710b7ee04bef56cd438bd4d3d4ea0dc7918	d03ceab2ffa1d7cb389998a27a4ceb83279ddf49218e184939031e87fddaf838	87255bd1035de8229c8b57429cd84625e3efc802328faf9b7608b6036fa675c4	ac5ed89ac586a3b533cec8747888bc457718e6efedd8b68498224b2210245a84	1aaf1c4cc7ca7200449305b883b291d36b2562c3647fd1f02be2399806699f70	9c35e4de5eacf0cd947e92e25027abc8329440d5d743341e9c5cfa5969c3b578
158	b06216c74d3e51614668f199a6bded49ef2326eecd4fb405cbdba141230e42d0	5eb51222f41239644cd2ebc6a40310c9a46444cc3cedfb5f2a7d7bb6097c5ff2	f999ed772a8925eda1de2c7131daaf2ab7623a06fdbda55b2c2a8556e299c00e	bef9153433d32d8036704c249a54e157bc81dbe4c03d52939a6af0e0ca61cdda	4046f5faf90310e0c231dc5a3b67f3a57763c16d2ee7f55e6c289c2d34768220	25de9fdd5f3f30c312e282ec7518344712a1de3877254161889475664c4a615c
159	dc41641ed7917fd518e413e38523057560c4defdded4fd95bfc5c0384e54b1d3	bcb3d4d0f16f2d3ac374fc982f0066fbaf945709737397bc7719585b85628f04	e0c270982396c00cbd6aa7fba505e56c0fa2038c27ebeecc1ed86f9eba2d32fe	f42a766a83ab8a7913f4e1f9010815ee918ee4fee1fc702bdaf0a4412a5a4e19	b14dd37a57702c97425920398b2ce5a94f089366058f951f4485955ed4981234	6d79a71718005b41e2cbb1eb138476b8c915a3dfa19bf28a58b8dc0b5681f170
160	81c5d71cc331315ddf3cea488e9b8a8cae18f8c5f596d8f4826ec509054d7db3	e616ee8913df4ca38fc6ef4c82f17a10975d4195269e46efa097ed9bea0cc190	e2858adcc68c893eb40fa4e08d3bdfecad1a30f3bdbd150491226a3ba624f748	648aa94612c9c5a01ede41131e44e7d3c47d5ba7b4426fe7f2c23e2582d486d1	6e801d08918478cde9234887fabe736c995194de41a2009c502d8c8a31ddb0ac	8c3c32f0f3c2ce780bc0956d4b45650309bde9c779989f368747946e21c054da
161	3528dbeaca2dbf1ace24f2134c3d8100054dcc98726ddfb2589ed0de8d5ac956	3337a69eb6503f21d135a8854b12d9cbfcf23a219d786298083535fbdc587c59	74f7db565d649992387184e3394075266767bee702a90c4154ba518eac749126	317ad3abab2fb156654a73e1124992f56dcbdc6dde1f2a4e1d1b2fc78fd51043	cf50ac6f7c59862f8536a6edd872b5381c510f86b106e3a3bf0f93dae2d7f301	abdcd8eca5b3b531241194351ffb2902cbbd7ec5d188fd7b40826fdba4e13322
162	5f9a8d679f51612019b2b67573a52e41ecbcad2a1ca22577198a78e2c1829b4e	1ff8398793f9a8971bdc1b42b6967b67bf6daa58ac9174a102e56717a31d06dc	3392bcb12fa091b4311d874ad16b724eeb94edf1f70932a50f5b663d7bfaaad6	dbdd64a1fabe0cc69617e18d2d6c75f0f661fcb72f73d94e6be12b7c98505027	320fdf1591675465d7472a5679acf85c054f5c4476ae01adb10f741e6191f4b8	3975ffbaf11700747bf90ec3cc039c2e7aa0d33c060a4d4db081efa5447d9492
163	1fa472a2fa7324944f9602ea3cfcb0c0feed8f8d1ce58d69f8d77c6a93cfa9ff	402a0e674c7d86f216d4ec24f1a736910fdc77c676df38082eedb62e7bc35c89	8a76d0f8e8901757c5b3f3016c28616c4fafe43ed9ec145615c0a30742402f07	7bdc6e78a1ef4a12a9af2230fd97d82bce1ab2e2e555beb641c6b2aa8a241d37	fb8f59b79b015e3ffd640c90071a144c4b1b60d9da38800a15b6921629e47b3d	b5d21f68f916f37b9edddf85490cb537b9d90b148bb79e54b18f3b0cc65af8b6
164	8c84a354285636ec5af4674fa18dc8f56a9894501bfdad13d5510368eeb0b715	323da23fb560c0d43c6944c860bebfde71bbb0cafe771b5461fa82d1af65b23d	d34aa01e24331d93106295605049d292c1c791e925b7ff5a418c94ff969e1d95	7515a8c6479c667ebaecb6415ab3aa7bf0ffc794a90949f8cd3344122e13ceb4	f33e7cf51ce6b54e526651038ecbbe346a6bb5d15735bde5b017564f5bd1a2d5	6b257a652741809526140d064f4a7e267551d0fb079992f1e94303abb17e462c
165	1659f0e4fad7ce69cee71dc7f5ac3c5369e4ec7d65d131bd3bd777928649bb09	f69da53e24471b081a5490691df97e5143cf01737c2707a67166acef0fb26498	ab05fc997d0dc96b44c34dab8b74142cd23d74952a71c9961500897e931062e7	ca316a786364886fc1d4ba2539b59998ec6fcdd21da9cc8cab9908626de183ad	f487059bc80333ac091a08e7f187896bffbb6cc7837bc7c90863fa3d6e331ca8	7912dd03ab62cbbf2154f75fd2fb95825b62924a32e857ec66cb91fc8726e2f4
166	0c77d310467d01411dd24ec430315f8c80d10421208fe66b55181ea1497eacdb	83a13ce2070721042d6b3677bb1dfbcdc64db7f0c825c52989adaa2f78d6caa2	19b93ee679065522a098a23e291217f4b1ca60bb862486804499d3dc85d26630	02d47e03274edaf98700c24455981ae467b4e425dff6e5c3d141337ae152095c	0857647ff63d056fa4f2ac73f3206bb0c8d550f8ea0630988dab691fce215c4d	f103db5a83510ca8d9886db0634fe467b5ea7492ef8e297ac68bb2ff6d3a6543
167	fa054c21be17771285920d899823ee371cbac59be160d1da2e6536210566276b	512809f3346a99798673fe9ee3d519b91ebe27369cae4ab63dc6803218b4d9e5	c21fb56f417ca0f2108c34679b8fcb42afa25ec52272305852f97326ffab24bf	33fa82feab80d4a6f6d6d44c83334d82378eeca43d2ff9bb85e80f1548577bf0	a16682aa868fcf927cdaec6146350161bfb3b747347105a213149cbcb6dc3beb	10f0eed261f7972520f325250b7bce2d406a5be79496c5c62b84c22b991e68e7
168	e69ffc3c1de205d03b53bb453808857a6fd012b1490474c8d40b88308ace3686	579aa9d521fbdeaae44a958a2761ac9a587ca962cf120d13cc725f9b2791843d	9cdea0d3f165ab0be1220ec752c5550fb0d8b365b73cf0577f0f26a832e8e7aa	fca4da7eb4208c8cc9b389984762370ca2696bd17d0f15b62b7f94626d910c2d	c4dc8e0fa21ede89a465a05c5ea906169c3694438251812e05cc2a4be6c9f3fb	086e7efc0542c053d0397a88c06afe10a97b2bc0387d2d97c80304b953fba947
169	4629c7785d80701b86364a6e0ce8cce6bc343628451e1d40452e52ed84cfb6d9	2db99a961b3e4d941b45716cb2e4e4f5cad74daf80126f7f4427668f656a896a	ead1ee4ec4fa11721c31eb32bae3d7c936c97ea7ab427d04ca514cc207e040ac	8bb5558ac4806f4d5c968b6cf1eea1a1bf1b5fc67d6d53f2ea215fff0b440fab	2b682191073e1e63cd7cd0cfbea939c3b8ffb1533f0ba68e5e13ab91801ce9a8	ab749834044b8d0181d3245c672a531b6fcd116e912a54fe65703edbe847522e
170	95933d36f49a41d98f801036530476c110bbfb392a6e9240365a71307369e26e	2cb1d08978d2e47a25c076ea475f022cc32a580444322ff86d5809f9088709cc	811fc36da260984385529d38778f4ad7832e1e6639dd3e0f8148ba55240ed7a7	474aa65e3a76b88ca4342301bb5b132e19105021fcaadc30a59e2481964c3b26	3840fa4194dddf5236c6bf693476e7afe61051e88ce5f808572ae48ba74b135a	0a1bb342885f264e100a64c44afc91c381dea7efce7d66fc1dbae57d72ed5cb2
171	6dcc07f7d8b7a6e86464b35f3c0ce4cfe2cf7d4896b6b933cabde9b683bf4f57	51fc956016a984cc471f5491dd88cd1d531b9b9449a88c7ad4bc03af10debce3	aefe49a043d8da7026ad51e20e200662b6e690174ed7583e70219d2231a221de	f429bc84d1eaa511650f90e72cc3d3f9a1a9ea14143e074adff99e0a62ad25d3	70fbaa863b9de7f162a02864108d506ddddb7a0918db12d2789e084d5b3820a8	800241db2e2718a260942fb87c6c909c036ae23599be92f94e0996f80675a791
172	331be99d930f5698b3c91f3f60656163a6e183a8a294a1548798b8c6bf247112	95455a1b0212ae24325da4c2637a6037dfdba9403f005037cd006ae7894bf91b	fb555b269fa4ceda9f5f954268d47aa7940c4fda35e2dd47ca51778c33eda427	023104e71f92372baed702513a21913783d603d9450513dbdafdcc6e3e9de804	041c0b1387009a66e558644b3a6cf1ec58e9bcbd6eba403058035ad780da24c1	f4d485ba06ddfe3f8eaa98995fdb552b619b21c405cea0d24d7fb0d379d01ac1
173	f2c73d9cf42b29e60abcd2360fb0d2263b7765465b64552ff15e88215f35db23	421bd1a52d1929d70a2e4a3f0229ecf58f33079985f808e24a3ef5c063da2052	f74bfe53fb3b790609e255a2482616cecb0ab9090ae839ed936872441423c481	ecf21a11c65d803f5013c247b95f04bd6a01a7007d029c9e490bfa2f3f76f6e8	fffbe006a31bdbaf5e45ca8dcc29aef1b5336576b16899486664cfa71baed163	28893f6535203ee8489a26c4de5e725f5f00865c70330e61941bce333944abbf
174	33530287b78e0aa98336fa5020cce9a14bd8acc687ba6f37d3ae68d27dd3a132	63db49a23c6b288ea795529cc3814613e54e3d5364abd5220c5cadddd4635fe8	8481758a7318f51ade1e746cc69c7bd373ed534a5c0411da246b88a4a80a34a2	2ca543c484c9cfee083bf1f62efe98550e551a84bf0f37896993280a04e72a79	7762bc30eef75b5a801c78d612d24c60aa131c78890768ce688b5aee01da3f9b	f61c3915a7bdc95ef6401b926085d422b9f9c1039fe4575e902e8e3ef643706e
175	880c874260f0d9f788c6ea6f0e94f7c3a1102f99fcfa63001be6f341ea533583	3d8bf8a7ced4cef5f867bf2a77a0a3680bba5dda39256957d3897199559f2bba	c8a14cc543cb849199a278aa4a4a0baac90ad6c369f6cc0e096775aea333b43e	62e3bbf3dca89948b2ab2cbf8b90bfce136f212f1becfab979e14da73eb2c8f0	85d447525b2256fbdbc0f34dd9fcb2562208e51d3137127a2dad83f8201676b0	40ade9912a2d3bb0fb87db1a41cfe522ff9cc34b9c3d29090d29bb682842d7dc
176	59da3c2973e988e520bc747cbcf4d511b0523e561bc213c2e7f481ea65dc0c07	b298a2b9c17caedd0c5e4ceef16b43e0bdacf06d03194919af4252d608bc1a09	df440011c2dc785d5517c801b0daa3d6868c73d8556d51e4c7aed781ece1a456	3cd2706773e5b3b4df74bbc39f8a4b699ae39abeaca4d0944b1dacb026bd196a	eddeb501015428e47528840b67644c6595d7cf6d290e95264f77cb37ea566b27	aea8b896f4e44502f6c68e62d76f791fcbf3aa52460a7b7b5dcfcdf80340abfa
177	0dd1ed8441c2ab7df6466d9aa3f8b4d809a8068b719d3f4daf33697d983e25af	8c7edbef91c656b1a1f89dd08424808e99340d095d799322ee304aba69587441	f92869b1292b78b025434280a0ce44cbca102bec4d2181c927263816f6dd97b8	372ac1845fef9b33d0a5d06c1a5869b9e528146309125ef6a857ce1b632dfa2a	41406ceabfc31e9053a65294a4ff9270aec5a6dc2fe9deae483a340394528cea	6434d8e728e71cb8b6e049ff5e44ac60ce302bbf63fca88e94afe5504c6b1428
178	0c92679f260f4b7373de0ab57b59e49e794f39fe4a10b945358570c9b70d7fe1	74c87b9b48a9349372d3e76b7d5dc84578865d3dad548b12a2e5b230af51cc45	7f9e9925f68283fd2051b554c454336f3791a75e614499fccb20b2f7829a9007	ffd8ae7d829e22798ceb662bb3e90f09fe0dfd46fbab8cf9b8975693cf2c611d	a7f49f689935ababef7122ef112d48d2fa2aa866f92d59e3dec8d9723788eb80	47662c1be3b250b5112035fb60cff979ac2950b90990b61c4b496bfb0ec487cd
179	8ec8027905b7b64b0ec3252f873bfb3e56e185f2f54e7e5df7aaf0b36a36e428	7b4a4b5deb8af9020c577515bcb9e4cd14b697079cce1d54c301f6c9ddcd26e8	70f54bd89c092db27e308a3274679bd653d7d0e65caf0f9978cbcbd0407ceb3d	adaefb487c9b3c6089d7be68d85c4c23062ee1614a60ebafbacce50e08e2d8ff	fb53e118b21b280e6e5985db51b209faa8dad0b743abf2776624166ff8605f3b	a10587460397aa1f60d13b12aa18a1d5e127be3124b187a4372d078f985b7aad
180	7b563e250a636f3b3d906130e8d856f89b3ff4c55e5c615a38c7b5b1de5100fe	d571220aa377de644db27bae2b418d1867b7a9d49ebc44003aa276da710aee2f	963e4f5cb9d7212522be9f587a281cb35df3f3cc8765963468787be6ae943d9c	b24fc8d5ae217df6b4458464e666991e1d2969955c148af0b19c74cd7950e2fb	fe00e9852b4cdd8d693494074f618cc47c32eb462ee63113509d9a7925253478	a047588f75b54969515c3faadfdbed9bcf3ef2478d18e37265a768ce57f51389
181	101cf5bf1694c6dbaf08e8632586852c974bf4d9bdffd788a76396ae3581eb7b	829b498f6376b52a6a11477c09dda576163fe77747373ef5c7a7075626e98af1	dbe1d88922ab2fb85f59b0146b96aec8c65f1d0682d3458fff320cd97767ccb2	c7e5df3877186408695acd67dc3ab7b73450ce13e14d77702207cde90479595e	0b481bb856106a3541b3389c23bf600efddd74af8df7d3cdbed9c55aadde944f	0031cae073e16f8e8903f023c835cc630e1a193bf3d6f05e6f86215023348515
182	30bcfcafa88c966d52b51238b8b912bc92c34dee5a62ff4616d348e9e8abf184	e709adcab854d6b04036357c50fbc2cbb4f10ee8d65a96400fd4fb298f94a114	79343770b9fd071669b6c3471d27b23d8d039a7323d247223b6536a52ffe3f16	94e4358b81b663cbbfbb3b9d55c291083f4f49158440c829f87219c2aa675dd8	042e726c93a172942e942596c4d0dc95cadc5c50ecfdd1970bd90b1b67041451	24321f126bfab3f0cbd2eb788fd00468d4ea0f097d75df34e6cf7d7b87c11f9f
183	b2c61e3336e3c08656a65a522a00de40a2c2cee26da0f51efa18736900b4a199	e56d68901799012032ea79cab2467090ac27cbd7770ed368eac5924d3decd8cb	0c5433b8b84883fc939d479f2354a6ef3bb572b06e13d1136942b74c6294338f	5cc3ea4714ab554db41e56d090d878ffb6c92ac49cd7f396583031502983b841	0ecee068b424344f5ee9b4f97a05e2af49c2bdb24b5244b2dc6c83183792ca02	e0afa512bfc80a2fbb56788a250b6643f6724c831e0263dd4d987b0dd1a49875
184	bf5e1671ae08a8d0db5f92afd0787184e40ad75015493e80eb413c4fd604627e	8a76207b31c7ad4ba2ee6a381b6873309ab4b25c3f1392d5efa9fbd07e85ff70	c7d25fb0f5ad0eecccee8bccf85d54526254069652f8f52adae9111a2cacf182	4f48cddea10f66ed0b398cd5c24238a471c33203cfe91d13feb299901ac9815a	7264a274893778187204138c0768f47cdeaa6c767da31ba5549af1d2a0d8a0ef	a26f18256541339932a2c4fd950a6b7a084bffe77425afa1738f1ef98c88883b
185	b85a974492d6ed5f3257420f83a87c267815ba3377a970483f88bfe1dc576837	6ee7ced3439e669a9455a3979ffe05dc5476ec0a656264e98a6222f686e0c104	331497702227afc115572bf86669ee6329db46c4b30be9ed75677af3693395fc	f74ceaf8a47f53f367a99a569bed5e6017a4d59ad159c7c4fef7e8d4d49176e9	2809f91118041474ca916832fea4be00e77f51d4cd9276ff22fd5ee518afd336	ed6ce8b45ffc14822d39701e2364915ee6b59d1c85a2a23ca9fee0a50585e436
186	688025490b4a09e34f9e5d0a76557ec9875dca8c96442f4f791d59b685e1fe1a	9105c525f99428658e174f404fb26e7f2a5853957c51bf1d831b533b5498b845	b1ad456076b32d1a0fe023c0a095ab9256033d4e7f4c39fcf0f715a43e069147	ac5557dcb5b1a2a926a023fe9319f9f277ac93bdeb1c2d89fc8e802dd24248af	31dcfae8b1f972f46198fa298913c7d676e49249d6105dc23b5320532fcaefb2	aba5a190b979999940c75c59452731db67da02ddb2b9cf1f97eb8400efd0239a
187	055b849816410657b3c4db0df4d18c4e1856916e15e4ca52f356c34d505a736a	1b80c74096d930532f17e0500ea3416d42f15df89887593ec495c45a3fb79494	d8e425b55812f381b8c587b91575418fc56109d131e39f4b24a4d828c1474fb9	fd70067e23952dde85f68d9d57b9f8c6f58fba9c64da97238abac14439a6c14f	cdc4f357ee674b1b184cb13d40fe427063273091691fb08fc4ba7f1da62338e4	7257ad7d84b20e2a2960d6aebc4376a15c1bf06a747f2919bebdfe3f3ab17e5a
188	9dd622f821b2156e51ef8e661b6d8d3b40712ac0a9a282317228bc61ec40ef6d	53f96f853f0171e419bbf072cca931b888744eba2f87bc5ac5caceac70a9d842	b78b162eb7ff773fc2167da28aed5491c83a6d5e5d79d08fdc5340173041b974	6e709b1264bf2b1d6eb568cf008d521aeae9e0d3a26401c55ad73a8c4568c14a	398206eb4889da4750641bc62e91e9936db9a257fcb4feedd06f05429f971b32	43b00da580bf4dbdbbb5c4c1376fc9ac4a554c474234afc20d15da8d85726b66
189	5a60b4d128fbaf96abd514ce0371cc67047754d803a43da9983ee124efb7362f	e004533d83e9c22f2617a4b7ba8992bb75eeecc56df2b3449ed06c1b5660efd7	ebdf4cc7e71ecf86c078ec0476f5dfd689d8091c1921b256b1ee4cf4b8a557c9	5e87e5420465a0b0d34a1883f86f021c49126a09cc6b4488a4b33b47d8b19568	6551bd1ff6b60eef7c9a87438c26ef3256b0941ca748d3880233491f98b43c2a	0a055c7ea455e986dd0bd89cce984400d801f278e5a87862646e68b1bf833501
190	1a0ecaaba335d0f1fb7558a9c7b820fbf6bbc5a69fb3d0c3df141f3578226edc	a98cefbba949e397281760448d84d22c37d18db8801ce502778ea21721cff873	802f4a11560487e0e91c48a7d9e6fd5b432414f281a068c648186d3e356f4818	5081afa9653cc97344bc9c96805201dae2a7b78e1a539b22008ca37f790bbde1	16fc017731762e81a326600dfc3f953675d811b80ac605ae1cfa6fabea5fdfd8	75b97975f06eb2054f5feb009441bfd0c3ccfbde72b9a3084b692cde6131f176
191	b3300a275d488b79003537cb03702e475e651d00f917553818969b56dc7e8a93	1b77c68d48afa54df4363c9370a4dfef93bbf1091d074e787f2b88c8f9d991b9	2252f90b954c5fa6c97f49893e26d3015e4477459449668849eab5ef93a40781	a74a15dddcdaa1cc9cbc7fefaf2c28825e3bceefff17dd6cbe3984675fe60bf7	3c8d22d834fc8b24e51112fa114467cb6f9081df06e8e1ed98ccddedaa100ba9	e26f8bd530c31729ef782269facd4a150f52f355b8dedb906423b0ccd5c23220
192	305a2a6ffb24e870d10733bb1ef7628703391785db20e4619d5d960258215e2c	12a8287c7a6d63ecf6962aa4351b2fff3bf56ea1adce1ecb312fb23d78724a9f	61ef2f64019b2a7a771b6e672a65ba42821083d18ddeef15d281ec8f51099152	afbb4f18634c67aa23a0fb25dfe865eddbd4df08a78349a4da900dbdc999888c	407f2db5f70b66eae7df3c58b615988d4c8e1c5d382fc0b6544ead2f2d9698ea	469c739509736f81a5fb10f2da735bb727e7519d7ca17e6a11bd4bf78044ba23
193	de87e02f8e094dee7a4e8a7e61ed627602f16a4942a5414a9fca206eddf55d22	5ab001ca40c5c0d340da861b935bfbf11a2cae30961ea5d3d73d085cec74fd19	5b04f6f4b6300672a20401bfd16aaf09838170c4fd7c54c4ee309dab90f96149	58668e04e6ca3f059f9b9a66125da226f345153494d971849f329885b0bdef04	9b2a932ad05ace5a808e084a354e470fe307e8f64d70cdf104b9a17e17e81fe4	42dfc700db1f1398d8382c9084a36d5f18ddaa8c05aa0c122834992adce9a34a
194	0c910c58c16b788d20de8f16d4b581bb95b4f2c4f8f481a03effa6ca0a73d5e3	3d04bc04030bbc600582ab7c3dc48f365b89ce0774cdf8d9d3d3c0728e60fe31	d7488feb89ed05830f6e865b9cb12b687ba70412b557f4632956089cd141e40a	a66c8bb9f0a45c713266753368ec4576f2d3688fc052d12acaae9b9f4c0f9636	ef615e1c463051a2563b5a18ebff07c74fc6fb4e7efa82356c87e9c8e5451207	696ff980fb4f22aa5cb2d5f165788c1c12ece60bd8b2246ec0ff7e5899d4b5c8
195	00ae8b31c52f1c6a25ed9302ad6351b804e8c68d12e96284ab5ded4acad02dd9	0e3c5979fe05e426b530cd2503e18df41aa48395908a8336e313535abc532c8f	3f22c00c20d7a35b18ca6b380adf4cbd67d13b3e76520c2515e2eb8b964df6db	9cd7f6be949ebc0da684b268580f83271ce279f72ddc25c106bf2eea0f1d5f0c	5898354d3ed74a85e8583217c2d99bb1061dcac54657080f6f66d1b7ae988aed	dbf8da7f5ec25ca21ddeffeaf494d62e89feb533c01afc7abc5bde5134c43ea2
196	8e293d05f83908b978cfd664182d315732aa8ade3435d86e721068d89ef2a0d3	587dea6a95273b72ef55928faad53f9941d994e6807ec6870ecc24bee55a194f	d46dd4ffe2c0c4ec4d5bb071e1e5ab252952aa274e25351f786a29014d1d7ebb	8c9cbdfdb12d88c6c8fcca9fc5f28a79db7b5ac45365f2d8d2d0751add457e7b	c43bb3a8d1a5922dfe723df1f844ea32bdcf637805acdfb9328d5745b134d977	88fd00de90b89a9edeba6881f517a18d7ea7f1ddcb1e9bbafd7f3ff9ebfd6f0d
197	1f949c36c6549ece60af6e90875e23d02b842bfe84f0f8334958fa50c1bef5b0	696d5c906691ab960cec148fb0a6af67f84800e507617d8a386f93b278ca0879	221ad8c3a700b55f084b5d3034bfedc2b731375fb97bc08f3fa5d9c09894b86c	dddb799a6f6976bec0c97b5ed8ddaf0dc44c6e98ed59c5cbe9c8fafe901de0fc	4fcfb51a679524555b3e4d2fe1c9c06c348b097eed278fb4a18c9524e84b3933	8198429f015c6b347158c3a9c0f277e334741e464095d00e62fade89ac476045
198	263b3e1d2a8ddcbf5085745060a91969d50b603968e55ea36dbc53d3e94359dc	872f7de78428c1d1e93481e358624b79d03626e3a9d49e650297967d9fb24f68	48677501df989430d91e358b8b0ccd145d2094ac3a9d4bd9587bf4f0b9996bff	7b8a2ae184920130efa886bfdcfc8807285dfb091d7f342841fd309a3f3583c6	2665963e23846c7d6b5002bf2c3e25e44f44ee5bf74298e2bb4a7c6094be91a6	d97d969ea83ecce7aca644270ef11e5aec34587ef556fec653f1b8d8d3b16c6d
199	7c4f542ece446e11d4cbd95ace63d077f8b7cdf70a96867948af3781ec28e0a2	d35b38d6f1c9ab41e7946f0e3fd9670074cb19c98164cc8ab88215d10510f51f	ed8c90be8384bdc29ca76e20dae95539789242471a900b5588c568a5c2cc1cb2	69d7448fa3a7f2644dc930f46d2f5479402d3ce6634555211e0ebce4310ca1af	79ca47448751e5c95d607050787bec7edea80d8baea68de83796700af9628fb7	4c946e81383be8ed596e699cb09d8b775d62bdba612a022db98a820f32351995
200	b91a8623055eee953087a5dedf8b8fb68e6e8b4f2c0d562f4b2c6c5f6a965686	f91ffdbc5c7e0a978cff27154aa0a8d1494d00b2796280ec3a2e2ca247e59094	a470ee2736f4cc1b80c4fd5cd02b837377613f06a3690565537245119908cb41	564236f86690ab0bf4b7220662a491bd2bc5c4fd66c3684c949d826761bf650e	9d67f6a22f8009492f538bed23cd6a76ee682e13b6a2c1da50f4f7fa73eda269	bb8517e1de3ec5022b4fd3aad33baba0f42ad1fd930c04551a76e0be87054058
201	57259d9f8bd4699f954a979ff4d72fa5d9eab248ad0216486f8b761f82885755	bfa4b63b5b7180cc8a6180ccb8e9b373e331a903d851f9f7a4a41073a5013a5d	710444fbecb1968f1d4466ff340f4c278d939cfe72b9a9d5c8b533ce5a659e46	a0ac173566b412b223a66fbf14ea3fdf0041eb99b0c2801ff0cd4a8a319e6bf3	ed5759a97632b5c088eee78c1d5b6c81117898a38cfd676bd11a67116264aedc	e6c5555c45698fdbb6dc839a243937efc170c6dda1c4ffc83a44b5cce2abc62f
202	88d6e1dc17d7e00d44b72f768f6e6bce5cbab9e25593c6a2432fd4e0eb3846e6	b95d787a5849666a2555b765a561703af3a589b113ba40a7d79cf84a31340f41	a65b4b0fb2495b0fc94c5deeb9650d5dda4f1c95f5a08545cfdf3c8ccb8ccbbc	7e61fc8690e29b33529b26abfb3ba0d4ff0b4b64744c9f190d88adec549d63b4	ce2e32bac23111509b546edf7676df5407ef4a6959859edc790053d0ca9830a8	caebc094f59c0b621fdb492efe0998d0ee0d0e6fe4554aae6c28af80183e7d82
203	3f5c00355248dd39bbdb7e97cd799479754852dd82272d6064e2761e2ec85462	3a21aefddf809ac4eea6fecefa62d358f20c837100d3f5d3adcb3eb7242de8b9	0dc0258d494cf76ec83ec1720f15b8cc9aebd202ce0365d85d561c0019c981b9	290c22792115ec8a6193cbd489dd7ea086de17debc0f909dc5e4b2a8a52f7eed	1fd8335630057c8bbef9d5b8266e85a10457ac2354e76c34f22481716131e5fe	c32509d7db3e129700b10d834daaecbcd2ddbfadc5e3015e216acd36efb432f8
204	aaee2f54ae2ec4b9158020be13e7e33eb7a159c8db8c71acd28c979215153d00	896a51c851018e92e45651461ba877ba5576a67d0ef9f9638c8b9c8db277211f	7235234f51d6f8401292ef4fb8662084835702f2c9b050e5a97d01bd54094519	87d071e190155b628883be94de863dd92df3574ea44c49c85037068e18404368	e1020c708a2ab2e4c69c889a7ad1e9361f00a88674a234e22f41f75f301ef2f7	78fd8e8361adf5226a0256a11aa4c859229b62ce87adefa4b566f57cd05ac43d
205	03c48a6c23fef8409d869bc6716c430336cbbe0dd81122329fc08394cef20592	262e04180aa9e0049902b68b07c6975e55a884857e5aabd9fb7118f3fee44fd6	9593f1612fb2883ba8de7cbb28e7aba20879f7b48c6d0d40494bde4f8b44b672	f2865ceb35cc56eccc1f9dc4efec0090c2a0eaca5fa4517cab23555135a4a519	d96d4fb1d3365516eda95b223716f20cf22f4d5e6be5f3e2e343dade86436ba4	eefb631bd8f1e6acbe42378199b5ed10cb42ed13bf506de27ce2406a5dea1ee5
206	4c59ae24c8ee16b423359ab398bf62dc237b8228791046ebc120b179c22fdc8e	9d06039f71e25860f6a0d314c41607830ba4ef92ae3681d3f7a080bc0b933745	a4621f70fc32fec9db48c529958ca83c224ab1d5f62e15deabc302a72f2150cd	0b1f5a3cb964fc9bceb15ef6906ce65bbaa734f08a8d7f3138dabce0b741e404	3e9eee0204be342ae0b47c86f97832e5af053920bdae46da2f90f99daeda9d4d	d2c6c7c774700f2757d32e7eb854055087172e325d91e9a366f3590015d6a8d2
207	c275856e8e8bfebb79e45ce209a683fce53b58ca295464df3fdf7c5e5bee4da6	18125095c80cc385859dc41551769efa35d2ebbee646d5c7b650feb863eea739	7774d09962ed6a02a5911e96650d8f0f3f713cc7fca8d726404618d7ec07c5be	5f5bab30d219b5c5421304743a2954565e35b167bd3a7c3051f3d363e5b8656d	a5b2079651c142153823b30ef438cd8ad77fbb72c61fce0cde712c4b9f3b867c	b1b2845c44bcf117c79595929bd7983ceff3d7301f5ab406a11809993c20bf04
208	3e8c1f2dcdeb654fc01b0f6df53da8f6a11b56e744818fa18698cd23adcff94b	df33d884fe4a164aeaf940409a59e8bd90d5c47c7fe9377184eef38c4c422a5b	9ecb45b09b05696d2b514a8dcd064a663eb750aff41ece0b64dac69a1a1d2004	1ebb5568d8f6a9b0a5ae4e6ecbaea02c0e6f8c6538606e23c6b47e84508e1028	d8e51f660a44aa9048e0771f88e1f261d7889b71ac5fc0a50fc1975928e4511e	4d07bfadaa85620de2afc49e55852bfa3e37c19ad464e33e69bbffa320bef219
209	adae18ee516f5857b2e0bddb1b6191594d1c26b0de39eb5c876a5946f3eb33d7	50e5433ae2cfb986db5dd0e36edb3d397ca1d0ea6509fda36ef28bfb7c48266f	a9238d0f052b5a2812f444daa0d76e6df549469fdfce4fff2f52ec311df4c70f	b71c347221e46958082c614e66312b5029aca41faec88b7827256a10151a5c8d	620f8580deb5c58a4edf9d6d26767ffb5c90f7c64467c72e7749887f8706e2d3	4ee50777ab9926ca38ae51aa7becc3146de9c405103bb50c9fe66ea550bb6cba
210	b1ac4e6ae542ab09cedbb4d3049765c6cd358b71f6386fc3898b4520b0917314	06a5db13d047a961ce22c365c2ac397bf269ce925e77e4efff214c77e47e8614	78732903edab3b058b5d61df93dabf896e8e52c0be1987ab34e6249eb03eff3d	7ac1888863aebbb4225bc6afa7f337333f911629a96fa11e240af7b0ea34dd2b	0ec862472514ae91de7b63d0da857373e0b074f0f189bc2692fec5dffca37883	c5b0622b634a683ecea19c3a27b07c1d2fdfe33fa24a0c3274a843726e6b8f3a
211	136adb13b123247c7a2a0ca407db459a35710e8f2b7b589a938e5ec9df3e523e	66e2b0b55078ecfa4ed18ed7d39e41ce013544bca453a489b14232831609dd95	e393e760d0b273c4e4037fd9d99e164bdb69dca3f077d9541966755db4f55ca2	576e52d7d74d44d92a075c2066a717557054223578fbae68ea5db030db161115	04190b2a81433d417f74d96db416dbf56d0fb187abec69260152a2d8eb2d3e2d	1db869b5b10c2a75b0cb4088a04384c5ea291bf41ca3c2684b941e1ac5e23192
212	21d9054003f1b6a9e833f5cb51e119c1925845e5ee8842d7f71bd3199dfdd22b	991320a7b705dcbdf0addc79855464e4cf05fa6203cb9546bf7fcb2784b5ebf4	1075b10f99c3bf96f73c9621136314fcf4055c22e506a4ae60f19f4edfb793bc	74033c555b55c03f879db4fe499cea0cbfa21de303fd726c1a9febf3e48be998	c74f04c5b9364bf9ed3e6324de8a81b3541d2d58d5f3fc87d55df8d04888aef5	6ae8825c628c6a8d6214773083dc63eb8a28c9112d90b1185dd30ddd96d45de0
213	e9bc7544878ad12df7615b31dd5da8a7dea4ab81dc5f50508028f8ac16b80139	b875bad628b2719995aa9f19d0c0bc903443de22acd9461347c802029ae2fb9f	2d9e7e66158412a1af0316559fcd35051873f9e290930271fa8a6898276127c7	472b4c99208f0edefba0f6a27d9c706f621d46175e69dcc326f61f73e30f081f	4547233bd2e14e30c9eaaab82465c3308e44d89bf8a854747e77b9a064dbdf96	cfea0342c1cbe686f2b8fdbcd33adb93f34435a31729fa23904f24ca0a4d90d1
214	c4773adfbb53242cd8aee8829fc84c2b0ebf4ab62f57aa5ac232ddf6a382012a	155db4e4c656ee3682aa98087026095a8cd211a93155af2344fda242ccefacc1	665cc77116323660fd3cb6566d8063b671244b247d9f27ec6a0746712eb6ab6d	3b139df79650b4f2204f53f2f3db2429716b8e1134788b1982a39bc84d48a0fb	adce8b4d76eead1705f2bbbeb88364d26903d4fdfa2c6c9aeaa9be1caae90d76	4ce2b1576bd70f80d8479a0941bb74c0a45e9295a9fa11ff27f8fd29d04f3e48
215	e9cd15c1e0ce60ab04ef8bdd9f0ee07aba65edfa6e1a8aaf00eaf9d5dec7bb72	ee41101f1445cd7190db66ebd32acfc771ba57b896c4fc91c25887acbf6cf84d	dc0c9d6036a30f6c010b9bf962abd46522b90a2410c82e93381ed5ae8fb8e2df	716da0e0946213b4f553dfad2a0963a16adc69abdfdb8da2be958614ccb1299c	789f988317bc88b294eb55917803106a037901f350600e1b0efa57934acb761a	cf6c373db0637f4092e85ab7ef54fa80c309c596cb764e058ce306e597bcad39
216	37bfce5f446e630bc0e842d2e0c953546c0019b1330a92adf73c80ae9c6aa7c3	72d294260ca9c55ce0a6cf6f3eccac63f75a5ecfe26405e5b652fadaff108796	1ac870bc932a2204b5dcb3cadd23635971ceee04143f4200cc3aeb7daef5c1f1	867d9af7a8a3a7f4e47382333279b5e56e02bfdd3bd090eb2de32ef2e358812b	a63709841ef398b314167a08861a6c86be0d2042b593d2a8949bc5a51d060a3e	674162349995d933c7c6c9f4209bad19ed1834e6f6f1929998e7c6bff3c6acb6
217	98e60a27e1dbfd4196586127a5b53b42e0f8b6053c559e06a3198bf30385e448	fde3966bd37abf2a820f0904a5faeb448a692c832f7749246972f7a2b8649b6a	0e2d42430a18469d52294ee7decb952071aead91127dc1ed090d60a66baeb0c9	1934c16c4781a026837ab55047462e3323d6062cc6d53fb3126dd6ee731ae3b4	17e5857ad97d69c2a74e2301a2aa2e9063e816d3648dd3185c459b167a2cf9b0	d496b6881f30b3b88baf963afff877a4356f7bc2511466c33baf619422322e0b
218	8027a139d85c7b89abcac17f79162f2883133bd0d679ea88dc19bd056ebce3fe	d8dde6383adf2b83f5f9dae1556f7085a54e105b6ca29cf9322c00051db19917	67d7b180ace6af494ed130eadf020d905d3f4366095a38e86694f4bbd9fcb5ed	b7b8e085e303658e72cda841465a76a18646c2229ec4245b6567d91857b52451	1d662c3079f4b066e918224eb0f7166bd0856326b951d1c627a0e6b6be8711ea	648500ed34e8828492ac4829cf22dc96d50a030f63e94e8f9ee4a1f6e09081b2
219	b3c64bd9f990f2750753fb350961c28ae02791cf275c159ddef1be48fcf73dd1	c4dea922a2c961a735088da473eb5e970d3ffc50655b66551b98c4783b6b1cf9	76235c044638480765b3c4714ee24e982a25ceba8244635b8ecf7e4741814012	35cf7ec43994ededf09f08384ead4f67b165dbef1966dd1e4f22957f28fd7bae	e850981e492d614e7965607d4b17bd8dcceb2adae5d7c248930b40beebbb0856	f323cd07fc95ca0508910a3f4342cab8b65ed547898dda0e07bb6fa5e94c7bc8
220	e54ee2b19de55df27ad64e7bc233d59b11c1ec43e7efc9fa5d466ce22cd4dd02	d2e48a76fda35c9892b927836e779df0860c7a8dc608ee2f5c830262cc0fbaca	2f2f70f94dc0fca2c883b3e8824f9edbe60d86539dfcb1c9716d54ac7996d43d	38267b2a2babf901bee47f97b547b33218436c6acf6a621b569c753a62866c3a	01bd96b233e4bd144739246a6947e44b9c756066d01d8821c1bbc0cd49d17890	f5dcef9a330c3aa855f677c14a31b936baecc9e50f7711d0600b6c0490b4deeb
221	73bc248981b73444b869bafd85e04aa925f416ca4e99799d91f3cc47fbe89e5c	5711773e4416e519956afc48a8598102551399ff17218ad4a691cda110c5849d	cd8839a7333b1bb395144d54f8c092f5057358dd4da6c8790daf20be7b637cdb	ee8bf14c2d2847b0fee93e85b37c74642821f83e59fc5edd76c5553654b708ac	352291c71c7e7d284b50eff4cfed8309ed33b6a535152ebf4411a11cf4ac7141	fa427f11779b752c65162fccda854a7d143282fc658f8e33a71e5816c0e50f32
222	7cb07bcac919897d7c77f73de09a88bdd30eec8357abe167735bf13ebc6e4d57	da9f57070c3e847b5ad2856a9908eee77dde0e759e3fe27f92598028f4470c4e	c92da591d7b18e80623e8eb6a5e80305d3d51cbc8b7bb4aede97b79f0edad77c	25224bc45eb610037cb3fedd9a9b315b33e7dc51f270ae90f7c54c5819912170	418960018c3e22d516e7b3d0162588f887da84848ef6734249cbe0c16e918c70	51c58f42756ffb39c8ec5dc110724be5bcd89134decce803b013df8816ffad55
223	2618daf3250a841ce53a82ffad7b8c83ffd1fafa34d495a2e7da903360fd7aa0	b0f65945b63ff0fb9f2cf205345589d3bdbc66652f4054bcfeabdecf0f62b0b6	c0a86c386d337a4498f564536a996f277c36bb06f44acd76e7696ed3afc895bd	ae2821f5aaf5800d945a65aec2970b0d70e1a781a38f826a6e8b0eb97389dcce	4bf3ee829ef539675778a76948411a34c254e386b681ebbd595af2a46accfb89	7437df3145961eaa4e7f060e8153cd504dfaceb0a57b4f1e9bc88cbb3368f266
224	71a6df5bf1eab67fc990321e6b4e547e056d2828a8108874117cf1de1650b687	e34eab6fde0f65812b87bd7e8bc7fbb17366cc5047c0bb63f69f8d9175c76938	669f6f236a4c3e7941630a7282d758966afd9ce3918f3f3063afa622cfb7f4ea	cfd8cc686a51d459babafcec709f9655c6029838dfd5051ffb5bf2c00e7cfb10	c813b7c67cc21c283a986fecff8da6cb14d94468d485aed2ae8c167c4d02364a	1ce5d1b1bbc6dd0de78b8ad8f97455171f7d08bc08e4045a07c8ecf56b03f89a
225	d7f66b4f15c1f4e2acc1659eded6152b63a2c3b83677f890850b5e83cd08dd58	3fcbe3bed4a624d04f6914aeb7b9b7b4c45ffcbd92377b1976dffdda2a26c9c4	7afbb964322d76ea32deb30f8e307d3c3b1e0329d7fa91709de488a6e6897284	1eab8bf0ef8450cb92e3b259d0fb3b3561629bd454f270310861081493357cdd	33d259e9eabd4e933f78f17445a81fefd9a0685c13222efd36697f6c3d9b0f32	2dbfad746bf5209020bbf16a1c5716177bdfc867c6fa1c216d695c756c8011f6
226	e9049a38cbae0fa6389141cbc06cd41e01ceef8909f225c0f7eff67d2ff410de	b1c2f9a1ff287d942518d9c1e1eb4a24c0e8be9737473999b9ff07809ccdf937	2d824b3dcfba75f91b1bdc85351420468798afd439c70ceb7df17a0046c625f7	c719dbfefff47020613e414d45a8d3e33025959ae38648d9b169489b463a1004	8e59b77471642a35bb8096b438e7f192e033c98b42542b3adbc973e0ab311b85	b841ca1929b5af18878b0c5ce9fa29ae43b48ee0dc1da655ecd6a294ea03f656
227	ff42ade90051eba2f1b8f9fd7f30f2aedd8912a8671597936b7907ce0fb3b4d8	997d1ea2bb7a5611b024b4f3ec9aa86b33801b4fe6f858cc6f63788518274fca	91e0b965ffc61550c49caa066e4ddf4e86654aa04b4c86c0c5bdd0cc7ec87f17	5b2f1419188a76fcb30231bebb80d44977810aebd731bc6921ebce8dd4c9e446	a6ada655344596ee3c1dabe877043e7bb6676ee825afeab29b342f17bfbd6ed1	8e8f662979c1b017072b1822af98fe6ab9f8baa1511e69c8e82711b1353671ae
228	0bc55269d7ff9a4b4dc3fe7810d2be6b5f73cdfdce7b28b24e30ca193a0e6067	11da3a57b2e4ada57752ac5fce593300050c084962ff7f34e5e4141cd53feb92	b803a8c51c39114535a73bbc00e5891e5f6d4979e596f4449993abb9e028bf67	f72dbd58818ab88efed754bbb342b8aba944e6d2185533b3dfcc457928cb32fa	c60ff52247bd35908bdf6d6956afc75465b22fadf976eb077080a69ae991f636	fd532298dc90894bf064401ac6e266d3e80f2f9f76ae5842af90bee0f5e5f57e
229	7e2c5b26ed6bc4b5102524b336b210e34b28f4c2481ea9687961f920a47e7e4c	5f3d3604897d84ba4235de1c1be729a18dbbe31c6f3caa504fb1e391413a8f2b	6aecfd96f8e1acffc0936a9ca50144bf2e3e9dad3f13c829abb112a0f957902f	81e20d2f625cbc242b0f9a395e278547e31aca8e9d622d1a0e95d7b996e1dea3	3c563de48403249c9e04041e71409d7522072484c8cb51cd45ee0e7e0fb12264	ff64ab663ec216f3f320595baf4eef0eb6696913d5640ec574769495cbc71509
230	0fbffbbeed11ef751ea2b5f9516244396595b5876b37b8d189c5cf7166db17b6	817904d6e80a887c361abde26b211bd4d9c3a02d308aa5248d569c3a3cbee4c7	58b7afa9e90a78a2960b0e66e8d5fbf6735d8c664459eff8701931e2db537f8b	444ea0e5b038163aaa073a60cf3da6851927e8e0046a4dc83d39c50fb70f1a92	d3b31cd450ed5fa2cf1882ce6c37440b1234705d8e23873e4828903c89717940	2bcc8bc8e45c60f9a3a80f1bc37bd38a53bfe48939b925fe3fa05aa8e804e8c0
231	e2050323ea1e1376c674c45b1000660b88d28b23ee698263cf38b6dc2ad73570	59a09983fedcc5eacaed174f2ac0845b27eea0187d455865474aa0b9fdfbad19	c4937d2875a9ec26bfec37fd9fca0248642bfc68790c916e8bbc5f8aa00d1011	6a4577512f11e815c10ce706bc2d23e5f924ea9663539cbb330127720291f8cf	2f28ae4c906925c7a68f9dcabe4fa95adadf75a03f819e15c600ca8e7b437303	54171e84b50c1735e81225155d728b58a8e3960d6d4a091ee034bc0582202692
232	786b98ba777157e88f48e344ea9df79f761a837a37aa95569b4b606589a00840	c4124b1c02f2c3a06b346d565de0acf047bad049a62ecdb58a88307496cfb5c7	806d820f4c4423e3d8da757432bfc309dce57f8fb909a20c1246184e1a8805f9	b3ccb90a388cf18069dde6cb34cea9832d2177eb79b88dfa396348a3d1937e5c	907369c5a2860bef25fa475bd438e836089aee1c8a45097cb038b5f5c18a03b5	6c36538cbe85d2d219f484bbbd8e2d45f7c7fcb84385e98df8b0e54101330afb
233	e10575f7549f0efa7ff3abe0136bf4e7dacfae203c35b13e74e58b3aa660621c	2a4ef9417d851664c9651f0294102efceb92518df70de2601fe9c91943184f85	1d0bbd3d14c6fc447ca45ada5e4e4a69255af2567594b493543a363c4d5c4a3f	6a7739db42258efeb3a0b51929685c91971f6d67e4ef96f9d60eb8dc56e136ce	c3e0a123548ec244304c4e68cde36f4484d003d5234de08505d0c22c69049703	5a225350347049601a7551e73c37581f0f588b1c6660c3aea9d59374e30114c3
234	23f904f9771ddcc1e7aa3d2723c9b9c83c2421c92b36d1bfe47044695ccaab89	16669d91543b963030f408dd5ee3451edbbf8618e76ea7071154400ef45488a0	c14de1b899427c4611d2c4ece56d29944c136510a22715566a4bd6e0e490bb96	d9f569ce6e039604774b49a302fc8bd1cb46fe23c085620d518b3c12a265774e	10526ad566cd714921cec9772fe8b3e47f686f8d0a95f6bad8e040946409d170	9e3ad543e032581d47f4541dc87c467c807ca54429c5dc18880d6b9029845942
235	09ff49129dac1d236d5545c8ee4f771db39582a16566342e36b065ea18390bb4	6f8e20512ce633065148544c9bf762324e9f00b6e45f9b62b999b709fae8600d	527252a2c76f37e755f2bf686ef9d7a1460037e0d636dc4252210c3c8be7fef9	2d8b2e95a4b6fee7d88630ec44f97e8b82b9d7c0537c52f3744e04acc9addfab	3b0ea4072c679d24c99f1cf0a5adf6ab577dbf2c642677a8ce3054c9cea2a80e	d92fdc8938e4a39aa67747ef7770775ae7f30615ef779baec17c35ce53d42432
236	061de624f8d16e559613fe4e249d66e23cba4305845418a970de826713ff3fe8	dbd3ff070f4eddf2377658c693b13067062557c10053e9181f731227c7ba85ec	c70a994aec6494f0172d7e960f2211405b4c2373a0b0d6a7149bca62a880ad46	773a2d8e65b3b514dc9dd34599bd1aacd7a479b7d01f1f9f8cac6983485a8274	e129a79062543458d2a78bd91969364cbe796e7e7592a4a33bbd003a869e1d5e	0f09f532bed38b58f55f28f08aa4a690a6886a35a612ee4cf4854415c6184882
237	44208670fe5e5e80268a5ef386fd4572a819299e1e7f8b61b03af5160c88e02e	b8fe4bf92e9c33df3c34cb3c09ceb46075d09454873f9644d174551e352091c9	76e2d64852b4f8dfc8537a0aa0767f4103ffabca4e818cb4069149e32b932edd	0813b4eaf01086b81cbb7dc6a691199d41340f34732d32d2d90935696100bde5	6caad32bcfb387ab8f192fd91768e946c0f1ebc9fd531d77e2b565ca2dcf2c73	fcab7e5d226bb380e10da73ad84bfc7a04e96abc3f12dc897298414e261f5195
238	88c667a70d817952f9c8b16671fddaf526a3c9d13e529dff35426a2e12a7cc82	206ab61de2f539806fe3878b6917e9b9f92481521c40e4e4ecb828076e433ff9	04d90902c87fdcce197d4f0e365f8e38b24c068ec5575d03a3284f6e4f550257	2e1c70871d4485ba9b975f79439ac14c0bf16c1b545cf8d0c6f84cecaf9bbc17	f3aaf7af822d6fbf08320b6bce24a3235058a7fc86913f0ec2657bdd4b9c28fc	7b4473ee09cdaed7202a9bf2bb645631fe2871e62ad82e6ee17abbf647c59615
239	3953081e7cd43b24fab81f2cea760da011d8252ea17c07b68efb3edd5e6a4e58	6b8ded2060628595bba22a2e6bcb578067d3c807a992746a446d62afdce8b83d	fc21825de0c4774a3c93273cf64085ebc1d3c92690b60fafa49653b0761e7931	eddb3afab64129064b4c007d6a13b55efdc8e4176fe8cd1f234904f200501be2	b80a67e199d9385716d7e8bd20c0946d91e3a57c82a62186941faaa694dfa633	058fb1ae79c34a082089e24b4b38c119eb1d3f9e9433c8937ef8ff282c122fdd
240	b44f61c13a7463f06be2d55ca8df96ddedeeca47ab9c81c46ba4e45efd1b9ba0	2298867d5539045a889bf01a4f49f9c666049f1109646c7719615e9836dff05b	a7ace6aba1db900803ea43aee50d75072faea11d88b8c81350db416d69532708	c1c2352e58b7348ba8c86308d1d3074da3b051563f76491825ba8103b3eff892	6213f9bcf425a6030ff58e54050f40cccd9969c4f934f5ba3fe3ccfb082b85cd	db7ac8ce00a8fa51d52a22214761fa9324799482a929b06ae6655593441321a7
241	ecc4afd35976802af3aca8beccb096e5f585e8a3c2e3e45a5d29dd08748e508f	402d2e66502b2b37073ea85e06f0b93bfedcf7aea607ff375f651ebc7a49641d	cb6a59b2008736da612c523a80ff9a1efdb134b29377283d5f64b8f92612bb79	04817e25c8bab7fb2d8239b84de201f0bf799be7b1eea2986952c3806538f85c	dce09ee6a320204b9c5083e8a78db3520947bd4bad17cfeaf4c69d55e3d1ba81	90e131082e318b840c24c8ffaf8271ff646f74ec73905ebabca2dc01862ff7af
242	1ff4259db54a5ca014c92fca654c620fe0c2ecb4108f93770b6b3388ecb5dd26	4d915183b569794ad5701600b904d073516f0737348c206453c3f447f1f5eff6	320575dbd3793877ba39da5e777bf1a9f72cb8dd526c8add0cbc2d670c47c413	8c0314b8f7d511340c6b2963db11d273ba3c7100c91071f4171c4e546892f6c9	bbea60abd50c383d71d5a383a6b9d0937511b2eb8d60229081929c8dc2975a6c	287b892ca0600d4c77453b8685a5ed1902c2bb7164cf2068ec6bbdcc85980575
243	755349431383f90d5def0f27bd231264a5c1e3d189980695fb18f226d3c2eef3	7e5a00db27d833beb1a2a2afd4aca44a31c2072b843dee31d4a5a228bdff52fe	081f51b7984bb31e7a2e70f8615425f30dde33284936b0dcb7688784b55fa572	1f34ad18d934b5b1aae7bc1fc3b36298088102af1067b7b5d1c19f2a8ccb2bf4	8d76f811a6cf9e0be988276209c825b63bda96dbe8981437e6b9d29bd18797f6	4707b9fc779d90ee4c9288e00cdbc2c9a5f404d6c962cfbd828959be3dea7a95
244	983dce6c41bfc1d28eb5bbaadae54fd81ef7f9d8ce99466f2cb47322b7b50b27	f9ed6bfaa95dbfd9510850aca7a50552db2a19f0906ca9ff4ccbf3c702dd32ba	f399f0ab64c0c15553e0754a018d7ec108793b9167b61508e90bfd3a895c9cda	6aca27a672d1510db4d48b231f7bca4261605575dfb632b94fab1ef92beab31f	94b29dee905e6565987be3ad3f00ca59ba0f8058d6222ec0944b1517a33f6814	e65c39c64310a95199bb9b30712abbe68415112aea29e7891c5c02ab3c0ee27e
245	8a5d9e33cebdac6a12677bdca30ae12b5cce0a8d68be99be6ace9be694b2cb57	86914eeb7f5e646b6cd230ec04758529e60c0b82d112178d209a22e6ea9c010b	d86acfb3e2ebfcab43a54a3c3765f1ad9b04fa78f2b2b6118705814cccfdcd1f	4b936f694143a0d705e8b853309630893ea3e556eb519e15c1cd0a2ece35fef2	c276dc18e16866f292107d13f236b29b537e6d6322473a7a49dc976304091ab0	cd3224ede65749498d2f63feb5defd80a2179cb683832d0f4d55197b25a9fbc8
246	adee02fbc8880b69e1f912d96995cefda49add055ce0201ccd33a2ac08df36a9	9b74d53916bffdc95db08cb15679b8adf2913f4f7537b427f5d25a34d38f8e97	397af1c94db1610ccd1a383fa8457ed7da31b5dcf086fb48e8fb2a100113e633	605d309cd304d874de276bed64beddaeaa850e21b1ce1dea61e546d6394078c2	5509e683c1ace6c248449ca14072818a1763a336c0887adf0aa1ec900eafc784	b4e658ec33e55135ff17f1eef280b778a601a26271755843b32e8e77fcba4d56
247	42114d101eaf6158ea67a67c01d144a456c3b6c9c640422948efc331a3d7887c	f387c9888088a2bbea2421659203402cd4376f78da31ee0798323b1c7886d5bf	0d2f16fbbec60fa54c5c167a9fae06571459d022cad5a33e4207b4f5d0bbef4c	ab4815943acbf678ca68fa4b7ae86b7568c4f5adbc899a0b0ac5456de2ccd79a	01fb5f7f386e57e7d3d37a812d1bcda85f846fff886365693718ed48a4072b7b	f87981f1c98c26a60de40e44348c546dcb57f075855e42dfaa1490e89fdbb3ae
248	fd49e1d071c84c48170671e9a48c16677c564ca6c3c083bc19e1ed8f1c7fa4e9	3b2ae9bada674dbbb91414e3a873fc010872ed9c1e5a43e633e2d00fdb363c83	62a83f5c9b12fb9056ec180c1c62fc778d1b14be476c1f8a690fdeb8d7070fe1	df314e9022600092f727776cfffe120db4abf534b5aafb110e7f605d8cbb1f68	55d27713c9d13f201b4aecf448859ffac19b0e2dbd947f8338c4a70831b6c756	d99535a11eb39c89466ad57b8183fb3c544a6dd6de84852111f0542bec1c41dc
249	50a12e8d06b83b0672102e95d7484d7f3cfcb5bbe9c8a6e79ebb043923f716a7	ff220020fbd5785f572e09b5f14f98fa73654e6856db8801d3ba1ec81ba34d6c	cf8b19b3500de53c7fb06620b52a941b9212457140d4e596263686429389bd42	da7e9f2edb79dcf414a698e0a56185b2d5e55c35e984c09a28600e7a4ea77cf8	3896ff239283bacd774da13490155ddf2b338fdab6265f0616a36703855c586d	d9758f132aac3bf38b8085f32b02f8cdb9ce3074ec0803a22e798ddbc52ac992
250	d19e0c993861f129370ce632b65bd31e04e60ca54de929efe022010783bea9d2	ad0362d3e32e039f631efc22d2d767529149d55b6807e6b9275985c8a18b5df4	e49f6b551b6275313dec7e8a5c729118cb616e6bfa568465167d68cba5bb7020	ec6a8a56a3698e1ce905686edb4a7bc3480a4d6fe86a825f03f6fbdf32f8c146	80fa555310762c3d1f4c324ecbdc19103d72e7293066a2d78c897481d61c45d8	490f8065206844d0958c552a2a5259217a6d46d58ecf8ff0b19375a778cf6096
251	1031730eb7660a2dbcef59f7ba1c10cb12b02056401f9590015b7e9de1214608	7ea73d59c580e35bc2cfb1ce2a28fa2ba4fe8a1f945e372c519fb4e901f5d4fe	6dee855ded0e059881210b24ac632bbc93d5a382ef3f2c61f47b76749aa5a57e	f9ffab53ccad5dc9641ce0a61bb196e14c43552dc4f70e44958d3fc9aff5c46b	6ac3bcd7c2ddf995f331b30dd90bde8e44b7a1c3b8b2f459fd08a70e64dbc227	40501325be9b4333b851bf2033624a2d637fc3d8b988570ee66e491580023c2f
252	af8b69812eb1b9c59834aa44cac307fd148b4e5a44e5906983c0bd595e1df3f3	f87230884aab75cb870039c3eaa77f5c974b9657ccb7e142d003e315550620e7	b1151a66d971b33a8116666593e0cd6584facd26537d41d37ab7187cefdfe40b	399c5a5a78207ac96cd6634cdc19f0e38b0a66597667ccbc0982a921a1e07c95	9331ef602f9a0651e85b621e4928aafe9e5e747aa23c7eab34e180461b00ec64	5e893bb8e092a8b9e8ace2fd31c541716dba184d370907b8b40baec4a51d8977
253	af92c3e0f18ae2761f836a4237b9c5e54177ae46b30d278e54de7acfbcaae41e	5e610f18247b0ba9a6f8426f7d22b9a6d41e1c1200430ac83e1a4e5aef545df9	f547171d688a85b9e1efd0069ecadc19c3d1f98621a7e45995ec0176b52524b8	990ea5d3cf986c52edcd33548cf9c140d080c5d2c4ca6900eb8ba98fcb0503e9	545a95dde6b9bf2524aac61dba10f30df90cbaee8b7c645770076f9fcd694cc2	48c8c362cd4521526d26cfec9e8d92b151891ac32b4561567efa532eb4ceba15
254	579aa40b0b2e81b6feea8c0b61e658f17db419a5cc9141f8d747a21158e87ff4	30c6efe6688bfd576e106e1406e501c25883ac582e725609700e41992db9736a	b6241d50e7aa5bc37a146188448d92103126abae3cc269066dc3f2ee87de4cc5	a543341ed7da16a6b86fb090b6b2fc48f488c814619e281c296abbcafaef8e40	2ae6d78ff3c5bea7371943d1b8aa0307f1bcb85c2d832946aa7717739a16f31a	cd027a0759d3a500b05752b21df45805ffad65bc1e1a97593e4820742fd94acc
255	59aa63c245e6f8e89a8ab23d58d631fbd6d02f649cf272099f78fa3915600d5d	9e47104c839c8a88a44c483b1af6f712a1ac2b86a29d53698b69bc8bddb2a3c3	c08870b92e816d3eb51dd735ae013d109b2706ad9fde36bfc6c35d60600f5731	d5fa90b24401074b1b51771c25df3d5eaff73fcc3e9efa746ea3449dee5492be	9d58abfc9c34bc30d2c9837daffcdc1430c7c0f74f86e8c9857ef1a8b643e7e3	dc42e7732f792b06ac57920e6f2dfef0b43f0b23d4df099750de6c5c381314b2
256	8929a2c526c7dbc89435c956546de2a7c323f1b187819d49588bc7cf211c38c8	9d20c6f8e8801e78e6e91b9f0bdfcd3067206f96c386aeb52fabb6c806dd052f	a9e489d3b745980afe67011dbc374a9b4753ef23ec27171f41ddecd908c22126	f3e68153eeb34959c98de0946dbc18e47627f1c66f0451586ffa7eccbf485f6b	e2b26224035598a338fdb9d26d56907003b4248d341a1cbdd8dd231953556ab9	89a865a5ca55a0b9cd9a6fbe5ffe4d50440e1aa2643c60ba05f245a97a29d5fa
257	65755e1bf33d4d51db2193f70665d5de20ce400dca1c82570db3b860cd7dc885	65799bddefee40d078306352999e1a986893d4c36b7a1098aecd22bd67564e06	5b0775bfb9b40ce602e4432a352a405a6dbaa862f4a225ccce4b7ee1f3547f86	3b043bedaf1ee7b87cf6b4c4fc92acc58e418ddb4c24f70bd1e7d5923fd0dc49	85a513106fe040afa694fde8c4fe19892337dbc6742b05f9ed80035d2efb4e58	d3be5bd49cc1a92eb09bb138454a77ed482216c42d4f598d612ff2cc8c068ab6
258	c5f2a868546f2880225c9bb9000044fe75177189ee5e2e6a649b7f8065bb71df	0a3bd0e38f64702fbf59f94d84b2bf1887ab6dc92f486cad39f9d23701aaba61	7ae70a1e1e42c00cb011e2f9754d4502b53750de15b9720c011e4f49119f06bb	ecb09e5f0bc8fc4c35b7b3dd489365702d687144f5f4f60acc3a929f346cbaf8	29b6f694dde30161179d566a22117b756396f50f296cb8c7fae4d731308cf4e8	a0e01616a82cd0a6a9f9e970beb2257842c1870f1c355507ad2d66d2a70ec1bb
259	5a1e553dad6029e70d548c5ec5328edb8bb843f373b022151ef7d7ded8c41a47	dd3829384d2b5f5bed5005274fdd0df970fa95bc695066e0b15721723dc5be11	a22d59cbd690c86135149d89029d0b6ad372ca5f9176352e8fd3caaf974d952c	baed57424f92fc956c03b4d009b9ee8ee636331fbd7d18f83c69899dde1b2543	eb50f05414f4045ca9f0b267fba37529b197eea0e192eb470a0321b72e5e4992	bce2185bd25bb49aaa443da7395871cf2f80090835dbb280e751ab5c8dc5c973
260	2ee7ee967b47d1157f96f5fcda16557c2f245260cfcd8896085afd56f4afacc2	97dfaee75062a97ee98243994e16c27a4c7241d01d04d00a836766dca16dc1e9	56f9d7cf38611db77cd23385eb466ba534ee8daf95f384454c2be13acaea0982	5d27f739a53ad3f72622b12bb8034f45c936153efc9cedc860c955b5f9db3338	fc8dc8e7bfec6d20c39c0a0d1d36397fb59de5d1de4d8d05baffdcefbf8bb9ff	2a2a7ca497403d14c80580326892bf960f740b53121717c5484317141c0e1bcf
261	00034d0127652156f4276a1aee48475d0906d27cba2e73e0a8d6ea371e2a462f	60d3add05a76b83d8bb3bb3767ca9c0f9871004dffda230ef66a6f5be4a1f84f	34e0d6af3aceb4bb1e9eaed76317bb3065087b2e88a163376300cd82e643deb3	3dae7c942994a758b27b9d39e31135d9bc45ab837080299232737404b229e697	0b3e450950580efe79f7b4997d2b9d8f0beb4500aa3ae175778ab9968a14e654	70e6be6d775bbf7379716abdb4b53afe3fe4ca9c85135e3e0c7dd7acb8a9683f
262	864222d209f94b1f2ed2003ccae756c132c6b23eee8a941a675623875eb9ece2	1355346e972b75ededbab0d78c93958da7913d2e34f63af8842224f30e9dd30b	85d0b339c30808937f4fc70d9665f4d91feaad21abf0a05db1a56c051c4e1d75	f8fd57188a3ea65978fe75420c87f0f4635dac9ca0eabdd5243b4be9337f6349	c431086c6eaccfa5f1b060fd20c09a39177b682eb37323c7ed5004d48d342307	7ace72a765add68a3b1c48c6b1aed8ee0123afa6a670990835d8a03beb99e09b
263	74e28eaabb17f46ef5d6dc0949fec2dbbe4846054336580c0c51f6de1891919a	e813d5e20b16a2cc1a710f47581eb39452221d22c517edf02064606da963c9e4	9e10774cfedc9215c7a238a87321e535b2aaf8fb8dc08545128d5a963e547cd3	d560c3ccc2846aa4c8e11352aa34ab3ffe69471f07cef645fcd624b4b2aeb808	531efad6334be5503f6b3890678ec737721e365979018a0f4551807374ffa40c	0fdcb6cf20b2f813d7db3f1d7e4361ecaf3545af1e33c44773a04889ee849a3b
264	1e5ad9b4de231bc8041d5e7ce0f64b76969a8a9b0371a7b3230371b268df794e	67fab68b537659366e924683687af7dda677a9dc0fb6e96d14548109573c40f7	a2359debad6c8f6dcbd0407fc092c41a8e9cc8a097eb0ac375d6b3c61b906ca7	e0161a47ae9069e50161b266bb1774d40ac59b92385d76bb269c9fe03732ba71	32bbe2a153c436982526725861a49e530edc1c80bbe40e56499331bb380231e8	b2cd1e22efa5395e00d64e281502d0595791b0b5629b9b614f97578e4dae475a
265	e891df99839d2fcc44a4cad42b58356a1fd80c09331c01a57c0356e321a806c5	0baf941b2be7c1c97dc42ac4b277b802e74eb3e524550c183be819d5f1225cf5	cd9c0e89a12ff2424bbcdaed5c1d54f2054e4189f4c3482e6f40a757c94736a7	f6e66c096ffd8058da4c3706c222ea687a8876039a3691dd46f9b2b8d68c226e	6852d4db73bae4c048d4566a7815b83e63c092c21a5beea653b3c7ca3e061303	f5f5aa7e101bc18ec91ca6915166dd7f457c977fabec991c80e1737921dc0558
266	d4b745ab2fb27266ff36052c63899b1dcd934c71e7dec4cda542ba130a9be352	c21cfbe7687ee40d6189af7eed9a5dd19c0b43347398c3f1be309c70badd3028	096c455f26f8e7542dd6f0fe0b8066fd478291ecc6213537529ed9a92b7b4c60	1ef1330cc3630b7dca3cd56a066895d1cf65bf65e7bcdadb486de7dcfc164449	8bb74f53f9b9ead0c345c2f10a482d9c6e73bb0dfb589827148328fcdb9c7df1	d5a60b96e2edbf705d7d050a36157b59481ae2a5f3382b15ea8e3a63146ee24c
267	38b11c4b6e8b5e67b6ea6afb0747763b4d6a48cbbee8fd69687c5e2486b7a3e4	7a192610626b0205751853dc670dd6b42d85c3e90fae9a62c2a9c905fe962568	05426df4c53127a0857ed878855ccbb16e6ce5e74efd9fef69080dac500a207e	fe6aab660340317575f7141900319f831a6a1e2e3544591a5dd91661d712fa63	856f24640fa1e10460f5cead37fa7da27e7c58d6c68216d74c484d6a6ea1bed4	0a1718ab300fe68739d7d123b637f69f1c002a4c43a7e1211231aed66d7aa8a4
268	9612885d1e7d4c263498178004151a94766b2ff864c4da6ab8a763e8326c39f4	43fbd88f8b8219a050988a5ede0613741f30f9d979dd9fa973a71033187c83b6	445cb6763bf82ce59ae64f7a029784343efb00860279af4dbc89a508d6b24ebe	8552aab08dcb310a6a6094b405cb65918c2e49174a991ccf3387e6f3bbff6d15	ae2acdb37ce7facc4b769c5e54ad4f5f29fbbf49dd3a6266b27518cf9b01a584	f15506e95ecc693aa3f66f25adc3edd438b75142fcc03c4d132a242442a854ff
269	7f996500dce6ec1fd8d108011f83a77194dd49ec53c9e331a4f4f6f12f14ea0f	e9fb4dcdcadc4aa6aa618485bf113efd07e13e7e52ef67e8a06b95aaaf638536	8765f54ad02d4e2beb17c9645bce3f23b251789ca024c28c0156658ba39f5f4a	e48617f723b7a8d244acbef0c761e9bcf233119ed96c57e975dc3bbcf84a8d4c	01f2ca564c85e722f0bedc4d1ee6561561dcc43c3efbf379bf1663979c5d5ab5	14dd98066f96da8505529a32351f1907381a3080b19bfc2a28dcc716c5125c0e
270	80f292aa6e0535eb9cbd31b00777ca9253b3bb0ebc61e904e085b416595a4664	726761dc5303db68177f32b339ecdf51706091f87d85d0f99d24e40369876440	063581a62f4a07890171383f51787672a9590c2fad53567ed8c3efa44074170e	a976e13849736c353fc4ec4d040c92d559294435a5b0f7279c6b3ec318605728	d77898f23fa5cd0243872ae73e6ca93a363a0e16ba0c9f5fee0b50d4be700187	12208cd4c710a5518e75089bd28b6355365120a39ab245a0b3705a761edc7113
271	681623dc58e4d0548d12ec58eafdd26eb138634116df6d3275dffa313790aa7b	e77b2cfb9abc6729242ef56d985aeb35e33aa5a432bce1d7e47b29bc5df7c757	ba54ff7704799e3d84d7ec19265de6042e554e9dfc6c3a759567f5f6c88f0ffb	d1827617ad5be473addec88167a1f7553db8a05466e524af2dfda8e4b50c828b	3d94bd860a48938cff2821c1c778b833bc3c23791d30ce24130d18202778e5d7	1736d68c7090fe72441b38d21ebfd7d10fbe4d8d2ec06cef92a70fbda8ff96d0
272	94a5e7ac7ec4951f0feea1d1ac224e75b36ba4d1abed492e518e634675b3682b	0ffbf4b7f11adfa65026b4faf0ef8884f3d9cbe0a4d871aef03c1d693537766a	c2589e8aa82102a3d1f21c722ee612c5f4bf867965894a684b314494f8268e70	199b4627483faedc2e2cd5c0d0ac8ca6da89b63174944ea64a81be9193992214	53a9e6a7939dbf1a2a548a4faef2f3cced462418585084ce8439cb656a6c0206	befa16cef95d49110cac84e8c10822cd8c45a3cb55f720da5a34f72ea94c358b
273	66c3de1a0ef7bff608c5fb3ae785880cd0851dae13ff8f147229d525f21d217c	fd59625e5c918027ae0a246db34799fe9c194e77bcaae34c011db3757d410d55	9c75b1c2b2eaaf66e88f044587e382151f8f903852a154f1c2fd6c5b01ab10b1	3878f6d7fad4b6223bfb00caa0d2a27eefb80683788026d15fa51949dc126090	04283cb895514e54efb2ebe36666eb07a1e92fd0e782bd5e247172751db426e7	a2b20ba5b72a6a32751d53d0598ba7c047724cdafd3772048c232d353881b901
274	7d7dd2367153cf412874da647f57ab493e86301a33da1b3a39a4709b6c22bd95	c2726069b853456ed4ce819961d326449d18cbc5973c97473baae141ea71acde	8368a688ebabf5d06c19ec187c2e14b04f7bf4679ec8c5a20e23f13727b79ac1	8cee7a819e72f100c896de9eee315aac6228de02e776ba62183e075b1af3321c	3b35c95a958d9881666fc2ff751800bd9557d51b0d1cb997289cbbe6471b1f79	ac5db71b666de0790b1ace2a29bf575624ddba0830ce1845192866a4ebcf7552
275	e2745b3408fe28d315aac54246bc5176e098882ed1a2ebcba49f6e362bcd0ed0	4070f51162612fb65aeee850690a13c6f6c701ab2eed16df45b22bb3112b5c83	942af51b45b8765d72695572e43a58fbbf5f4c9159f7ff36a5e1ae9e82f24237	883dccce1fb45fe72f9661cc38ad959368c949d02455f4260d15ef3dae562bff	3258ff07dc2934d3c8cecb8344bf1c6e2e7e86d3ef85df7ed13c26341975c280	15c14dbe72450daf551811b429a832b2b81e8e20a670cd1729167afa236ff50b
276	a3b2058ba34fc3f4029e675b3196b2ed067f6df7a52b11541c794b21e3678895	306f7738730ddede219c99e9f876a6d9ab7916491aa880efe67256ff9abab976	731d19ffa211c90b6f3c5306a88a16d0828b00149be0f3bb899d16d018129a8a	77b279cf9aaf13f9046133c84a802a336e211afbe0b2ac4247b2d4830ac83b8e	29f3a49dfae622117a6e114886a6966288589bce0831f1291482e0046ec23e30	09cd95b68895c3c7080aa3cbea56362f46992435b555a8dc6526f566fca8d3f3
277	bf4455601c72d607157ecd75a5b495a14c1aeb4744e5a92da4fc68138a55ddc6	2cc273ed9d2c50e22d26fa7b143bc77e04fd2b90b5dc3caaf0654552b8c942fe	26a88f8508df9c86a708b8a7e64559e8fd94591251bcbf8921ae8beaf28dd2da	a5cd848325530e113f11d57321933c10bf7049f2d164f10339a987d6a35908d5	cbb490b582390cf0fa215b7d701638ae474dd731d703a104a90024161357a9d0	0307cd43be490b39bec5d242a183752ff06254a084acd6e93f7103d4d58797b3
278	34b7a5c7a9226ccfbb544fee136f7d0404a776c39c661cf9f876c92f9d8e376e	d78666513576a97a2cf3edbd3390d6d1c264ea84ba6419e275c49f31c57560b5	3904ac3cd2a68eab572743a281e5ec5bd572f60602e8dcfc5761b0e80f41bf4e	b2eabf1f2d815e005e31241e50cd9f082f47664bfc501f1684d2bb2d36d93d5c	2b9be6e8a5034bc0ded9fe441f179b80d33f06eba1e703d7376bdac02a35c88a	a2c8476ec8787fa07a452211b2eedc1cd107d9f86b824c4d77a340a0baa5b57f
279	1fdef66a7d421ea2ddd69e6fd3767aee04a4a5146e218cee39a577644596bfee	2d6367d7745a595fdaf7bfbc442c05589b2e3710b9eb351c7dbd06a671a3c45c	dc28d83d755dc82df3e97d84940d70099d365305375a990162b70c2b31e239c5	2ebdfbecb35daec0884d3f8c42e6089a116576347027c557c0d9377ee13ab70e	a566c45e91b89216199679636be7927b4faf65ca37d6461cc0f45c7b1a13151f	6c6dc265daea382ab33bff14075efeb8e2a2cdd4dbd0744320901780e4cdca8d
280	df395559da8d943f4f49cce7a7e870ff38b4bbecaff1a649c3352ab3cdecacff	f2e6ea411ded2b4cc382d897782203cc70010b72f362bda5df234970af19d45b	3bae3f1c79a08b6637097154dcf9a823a8a7d103a3fcc0dd154a3d2f27a7924d	410c8fb6eac54f66e39fc7eaf30ff1360ce934540fe01494feec423389f2d34a	238ad403ae709049962b61a5f0e25c7a245d08fc8709023b8f2169ff51934657	f8e08364ea05afcbc9cb3d69b13157e7433627e3f7bf11ff09b8018ddbd16a32
281	859b48b09282bd4af7f338fc70b01c4fac6156186553a36d6af98dfd75c86807	562f5da55b910f12695e4c0d2ca4e2143cce489fe6bfc528d54b209469b792e6	384764a5045fde6ac489d06f6e4cc391da80a9ea77e2b2239580551d8f959de3	bb1793818c61c175a333583f1cde0bc1def33f535b716dcf58609967991ceb42	63ca0ce5bf6cb986dede77ee8748295e35639a98771737cd35d07e8e649514a8	bce7985a23e452941900389635c0f04b07d353c02c676c7dda4374049e5c95c6
282	52481736b5f20b38e1cf2eba4dd2fe4b90aa29987dacb2b8652bcd240b2ebeab	2592d380b7aabd668759550f8853e08f307006c73becb9fc17999359ae82b2f7	8623423b5c47cacbe2b626918e0ec7f6cc6c91de0209376f27bce2ffb1a8297e	4fdf9a1dc296f0969ec553316e2d069b2c535d8c9ecd7f96b085a4cf19591051	58d4428ef39c208f54a08a735e9ec4146e042ea040241928068ad8523861e767	162b08abae615a271e7dcfe014aa359f924da05d82ada38408e207ceecad7bc2
283	43a899bc7f568d291b7d06bcb72595080b556acc94c57d202d2648135e5ad7fd	6ab8a477663e3800dc9d6f17fc983053abeb11cf2a5df8083fa5c9c02323096a	64d8249cc920534bb22463e1ecd3cbdce82f9194b4b01792e6826a95d74aff87	6fa8b2ec45456b59edf2dc7190d153993392bd420de5be9eaef79e9f2d269e80	70f1f87a956e1d7f907ad747bc81c39f0801e8643edd1776cc162390731c9eb9	6ce9187706fe02cce833b8c15c43e0ac15344dae39d29acf90314efaf57727f1
284	48da2304e016a357c55f3c3cb0ab78f5f293aea088889679372c5ce50d5478e4	bd9dca9c995cfd1356182de8a1f2d906141a894bb2502fb2c29af9812b363319	f6d9f9990083bf4de467a65242a98139a1c702d6f6a3c6b6353cffc38e73b873	bfbeb2ecb78b056df333a206c2bf71369e2446fdd2da3e92c3b4f27cf0e0191a	30f514bb6d4283cf095c21443cda45a8ed5bdb79be1488e24032675c599b0cc6	87f8ac65c8bed4523385bd2d8534823164119bfc2ac5f500f7275fdc13ecb7c4
285	ff29ac6636c6c12f03764145a55e1494b49857dee9d608e2d49130122bd89c12	9eed8cf80eeac9a899f27477dd35eb10361606658ee6d32055ee065641d79c90	98a04c507dc6c1959e154f9fb21d73fde1acf5c421cc7a8da964dc1cc6976085	82c02e73766ef9585e22c02870d093235ceb2c517ffa73d1034c6b4f07c3e6d9	a14b2fafaa1f16dd95a0dd44217189ecc4dea2b5b6315aa35e83b549569f3d03	1ae6909501d8e4d566896b6f9f865c52e87db1b166631fb7e9f8a5892bb9401d
286	a50d40fbc00749302cce9e6abf2c4c1be5504d1b1d849df391dc7728add40cd0	05bc47836ee22626ce22b2f3f38027263769271e4936b99ecbff8cc219f5eeb8	700ee4dbc694809ec35e1fabb305eadf1f1517a4b06a576a5760083e4651ca85	a52390158087f45c7ee57a44120c7bc77417515b6a5fd82c58faad1332c88ecb	4b0eccd5cc989010110ca273008580cd818aa4e018db6e8a2717c72ce2bf963f	4d6d363031c959d08d9f4b7b2ee79b1ccf6c0a21818435aa0d71605cb602eb7c
287	4ee9e1ce80ad0badace2727aa31451cdddba2e0c3ef6fcb4228252c994223b87	07f8bbd700e900a3ed41f7e01f446fc6f8a9c40e8038e273cfd4f9fa41033cd7	9744eed5a3a951671884f9531280dcee5896b63fb08f08525858f6b76d7468ed	d46887d7ed6aec3af7c4de3d4696d74e3fca7fae67f7487c37186112a27730ae	5587a0a5a48d5ab0061dc05a9ad7af84a98de1ebb900a74ef2e43d75494450cc	e5c3d58e852ccee5d9bd50530d7b60ade937701304ad577e56275f60dc0d7fa2
288	5d93def5881db7998812884b2a0e701df964748497b4eec86e6adec3a67d30b3	0536a4975cf4d48547d830dde42b9055d573eeace456778bb161433e50cf07ef	bb1e032dd654edf5368b4b3b666636ceedd4b8e480b7846337b45f0686275a26	d6429c82086e152e26f872390ea66c91883e5d5ab63c379abd855089e161eab8	1c18e4a8582b956bedbd8596925fb86208fe369c3ac3c061275abfa8631aa4af	b771379e6e88f06acfa85973578f131fb6cc4e9ded677ee28475680482a9def1
289	6a4a72bdccaaa06cea8906f26e04648720883dab988b14cb5d8363e4731ae8d4	d181d5a2b58c3ec5073401a14c7126a2d9d8d382cbd2bd9775b511ae316c2754	dfa5fb9401e34e0146b36ea91aae1d4510f7eb1d6d5658225ad3397758dda810	0f534f73841afb22bae0b3fb1178d0c8795c0b5c4c975920d1680e9e5eedd90e	e751c975991a5390e2383b4e33d5eaab958859146cce8234d2a4057c8c2fa902	33dc19699a00b02e6c972d02231e8cb46e8f3839bd31f20b6779ae0f7c3d027e
290	a7b5e33c0fca6189af69e8a204f5444c51231528bd458e1383193fa7bc7b6ffa	defa69692f5d3d0cdf434bf2ec09d919a2b7d41f4c674f048a9268e505b637ea	b52258c60f7802fb979451bd5d5a74206ecaf6fa9b3e2e83e62d7bda2c66191b	219ee94194e44bde341b2d5904b50aadd1890517742ab729b48e02231ab17ff1	5a319a5c8c5d12d3c6f0de436b705e08a295a4b0f9dec72f7b8b7909a68886ef	431cb6b84c8083a7bdd795b25e9012603c091b4450667f4d0664a902a0c1fba5
291	b68629fa960d103068ef65ebb29d0c41b2717731ecd78ea9323d15f59a5856bd	86fdcc2ca7b6fb298c4e85c591cce6bd9162c8b52cc2e0e1c78957aba6d2f049	ea0ea221f6f3f6628ba522d5f32a0ffc9261c7353adc11daaad40fb5b0569161	353fc218b771c64c69f873c117cb3118e8f953bb8ee14b3ae57fc81990e9732a	39421a899e2e955752bca51539fad9b492e70a08a80287e9a5f00940cc979adb	52374aa6bbd76064886c6ad7257626e05a832d36e1993ebb0d8380ac96854845
292	8c689645e4fd178fe8f130763e87d16d9ebc1f829be5ffd63978edb4d085e281	1a4397970bf85a78780a1862bb09a6a9796d4e0bedd78beaa9b10ec6d5467e85	78c777cd213eff55a50a6c9df6965469f59249ebf9e98deddb0ae903d4c75e11	46a3f32e17328e472df864cef17b05e4801c4ef49bbf8b049904f3bf4a7171ae	3cabbf7470e1ad4011d42a134d69ec738674d4255f9c941da612560259bab8d2	26ef6b7e5f89b9979bead224816fa92cc34290fb63136d920e38ef2d2c468d54
293	34b82220521a4ca59394bbfb4b2065213523898f5b920c472888183bb2d7b34c	cf86f54c8e2c9cf84cfeab4d4af83642f52daa87a039eb4314ef7b1106928bd1	a1ea25ec728c3ff63ea1711387caa8a703cb2426aee54810936bdbb5e52565a5	9b48b0cd43f22b4732da38182356b7c326d0a9a88e0b6cd9560f1caea0905917	a11af93f403768e7e05e58819c64197a6fea17e74e26dfc2860544ad36145e9a	909dd9a1a7420fb028468b36ade4b10ed13f5419b74e208606c011b734d781cb
294	2ae053b2002886fd4eaeb49143bc72561ca98029910c66b30e786399b63f8b72	f8ed6af6b80eb6638e64cb81a5f51346b39d7dfd26712bae6d535771b8370b1e	e47fe5ace6b7ed3b265c403fdd1a5c130dd9d8fea10d8cd12c23d9ef7e9a618a	28bcdb58a88c1bd11b82e31fc0d1398650ccfca326173eb347801efb392b2093	cd3e9cf9715fe7fff50045d0c88998b80219ce291a9e3d1974030a35e1d57c9f	ca3eb4180fc1cba5079b53421cbf87a50fc191bae4416d5d8cf22f912d81e090
295	fb57cda937d5d1a9855610389eec67ffed56afa509a96621de91aa5a2c61696d	7aecc665e69d3b1134be70378abab26aa5abc92635d691f75466a9de293d8076	ffa049afc29e22ce4784aaf919cbcd643f2f98ad65158a3caac2e4951eed3f5e	0fe2e96cba6c9d9944d5a8b06b2f612ebe11485147010ea2a4f2eed11c3bc6a3	43a5a4639391fe0fa4fa11e2fdc0c5aad25b91c596ad687bca8b9c038a0a605a	73255de42118bdeeb64d1e70b65e48b0da8e9b06daec365542e26643076cea57
296	0a9a9dbaf731213e4a3f9aca44ecb0352e79da85d700d7a88c05c4f4fb622120	a87b0f22fd2d161048553910866e672c690053cc293470c07898e33ac150c8f3	1278a680717f723db3c54f155c1166c62467d91fac25564e0f34b349847ee6fd	4ad9156ff2498cb562b231e048b6c613c2820ec64aac66ba47c118aad2ae8bf0	0c02d247a28957928efb744ca3995c8d4d5c98ac37ce9e4f8b64e8385df5e1c6	261443b398f25525eb57ab54ab104816b558f09d57decabf1958657677829300
297	08b03a0482bd3bb6052f075e08f3cac977da85bc57652b608379fc86af8baf29	ad9a4ff1e94eda21ba9dcc133d0fdf4a22cd6d1f49d49d0d043d12a91281b294	ec7fbf717606952c8e9df88f25da887504ae1eb6a3cb15525fcb320f0722201e	f4aa6150803ae7985811922019655631cfd897abaabe3ed32eb1a0d88c3abbcd	7d9e63bd722a3366e5b6b259c9bb8496696132cf62090a9b3b58d27067f97d74	2734f575c206d868d7ddfc5dc24569441c15e6501345dc713a5c2b5c9137fa2e
298	00ce2df7d21f55aa731beb5ad3e5e0a6ede2b22537c4604e487c21675ee43e5d	99b90c301dd64f5715b1942863afd4f2c492cf835ed0228ae5ec9f802afe7db2	c888e5706732cd10f36f5f44259d78eda00b1183e177ded840189a0c50a942bf	b326e3484fd01c50c2ca44f0f5425c56f40ec311c048a9f805d8862b7509c1ea	c7295741418dfc1459f67ef7a1d2a0fe6860fc846b9307dc612821ece455b4ad	0a1afe4f31d71be064062fc01494dd5e6a838e903c17c298e958c35ffe65fc40
299	1d55bb78e7d879932f4d5f3181473499511dd96c713d8765e75f2ff1d884c49a	3cf4cf907af7dce3d4f0cddbf639734c20c7232c69367436b516132c64362cef	5d861b37e69771b897272f825d8a8fc0ee754e6266d7c30b03766d203949ed41	c3e45d8389a2dc6f10ae3d440eba71c7bdbde95e83d58f39f058037af9293099	0941bdede2166d21338532d227bdd1b1dbbc47f2196ccd7ab28e81a0b011db33	0de6bbe02511a560dd8a8d133ad13ba26d24add45e74d41624c62d9cb9bf831e
300	714ac63edadb0bd133bab25113db7a1add50ae1c64403c238f1726ace052e338	87e20b10fff336dd95fbf3f28e7746d82b6492c4476b504b972e67c07bd44749	b46d94c9d65b28ccac971c6cb6a8eff37dfdea32ed7cab4fe2d01e22d34b2cad	d27278e8a2f80de50c842e3e801a6e5e736a9810baeb3d48cb978dd6c73eecfd	7a750f703a6835ad6b5f68f0f056f6bd8f85b3c673368cc84334c85cd3148a4c	773ba88031163b00c7afb168aad65ba00409bc28aa4f979c71387d27bd076145
301	3651f6c7911c2c550336348a4fbd73db7fa59051caa1d041ebda0f2be87911ba	cd0b54b27a85d78a598b5882354c5fe5bb1f583899a112a54044774e3fae3dcb	306c0453199c903222c973daa732a9aaa6c900ef368cce34c79e7ebfc0456afa	3a050eb233ea4dada250a700135e90bc1f83a69a9c9739843d35240d9b3452db	39dc3c85a5396a64d1ce0017040d0f17e4f8f25347ec2837bf762b0ba62d833c	1bb6856770e850ac5f13034942147dbd251945d54c331c1938cdcc70ba1d501d
302	f390c432c383d9c8fde93cae9b967166d0f5a892040f7d506bd1a493096a1114	843ed80e3e41d9281572ac78ed19bf15e9265b8062172e411e298ad6721e545a	387d5020f34bc323ab0f59cf05ba7de63129de320da65ba3ad7c4c9cf09d2782	008055d7f505ea095308f5d4d585a70d9221819331e281ad83dd8b0790d54987	858be739c37ab62a48d6736e0868de20eac73675ca9183734b5bdd97e8d1e078	af7a547b57d8e116329790c7b0ce488934360bac72199c0b4a54a60b572300fc
303	f2498af765e5a445b0b3a9c9dbc617a1c84e46ca0fbb5389e86db13ac05705ed	152498bcfad7ea640cb2bec29c8c8f2ca40ad8a7baa583ab68ab7e351362951b	6ab21fa8076a348d1f0eb79aabb218281a3828f5aa55db309e8b1a599431315d	94812352cb4ccaec9d20934020405e6bc98f4498e1e8e4a6a6ce46a91d1cbf71	6525e32c0e2ec8380665989a7c6f7ef1c3c9d80fdd66e055ea706adfd5b3eed4	ae9b681246134b531fab284cc7d8a391ec4d4d66c5d975794ac26fd2a91df524
304	286e61c72e77cef66c7a7d6e8db493843b8fd9d197c96befe2bac3218bf4f2a5	49cddd7200cdb3c18ac33ce0bdb6f6a753f02efbdc3eacf4bfd2daa1992646d7	c31978243b0d9643962194ecc930e9aadfe5b450172c12a9902666bacb618afe	2b205cac7e8525e4c9f8cb9b315752271db1ad1e0e24e3835ea0e25c9f7bcfd8	8bf93855310cdd94f5c4683fbec874aa58e8c89ad148ca9879b55a2d65b81bf1	49e3008c62d4977517d0888536e1a426c5290a97bf4bc14ea62b45ebd734f8ab
305	790d3ec268658f69157542e7a93fe0d3ce027081ab967f33abffd8e7ced3d35e	2523cb681b6aea31423b080435c670d7d139d44ea44c382ad12481727d3b71f5	067762728247cc96e546b17171358048c6e0474e00f819380b9d4cd5980f98d8	bb19b31146de84b4fb45fd00a6a77bbb9019dcbdfdeac2ae22dd9ff0e76ebad7	5bf427d1aea622dd3746da2e556f48e875b76cf670de48bed7ee08aee5d30f21	35c623d7762d1a2d8eb195ef63164ff9961218f5a2ad81a226e240ba07b5cde8
306	acfc0713c1a2435cc523f8c55ccb5a2bbdcd1af3b2d3a4cb8030822dccf4ca2c	f28b142315f0f6b9271f3d0b9dbe8ca0df92e592a142bdedb5a9604b34a43a9f	74430a8092c524fc12516689b4b580f1a572631fd7155b045c550b394866e047	ff44167698feef7aabc566e5badac47d3eb11004f6de96632188cd0977547599	565af096b6ebffb696abd6ac658d33b6d053fe65b3781d95858e0fc725b9d5d5	0bb2e6b7deb0090b05e3daca93291762b5ed058a23c8577741f2432e22c26c54
307	61a6dfb9b2194ae21d852709be232373bd7500a28cc3cc798d854b321333b28a	e0c704280b785b0409cc27d6882385deeda104aa91f8fe4a3e455e1d7bf73ae0	b919f66ea4d8101b66acf6a9b036a1097640438f101cb5ebd160c9ddd4bcf165	9e9e1828e818f3a8221566be105594ec814da9e2717835518d3e8be8c3a0bdaf	8516c0ad6940fefed08dda97df3a7191cc7eab7357fd04ffa9ac34e65dfc2056	2f08bb7f8464d598aca2357654d5d00e2eeb8a943f9afb70fd21e019b7e86e56
308	532759d83ea9f03ca41d317b9f6471722b69a050dcb86e9c87794caef5bfb0da	aec9c4f562d3875c251eadeab4f6536615ef3bc6640b607e628d81f34a115079	56bdc62257b58aa8d60b6ebcb1f6445c90c99424932f5e42f76697f42587bf7d	5c03ad953fd5bb67b1029183787d38661c177d474a907da50db7edab4eaad938	32b8fc34eac51f715fd6c77030432ba25ea2e9490f449fb0e049fc54ba58d93a	23ea2e3085591340951495f78e171de3a94d016dd02b0acd75512f7e8a29e7a7
309	89ff46288bd3d72b2977589e355b74cae4659be046b58e6390bc501ac31e621c	7c0fa0603e4c1f94aeb0c443e4fc288e78c93d7eed9186293a8ace4e7124c1f2	c12da6c7f999a268888cb9ca2b0dda563d2793f3fc2a35957d441cabb65b1d23	3db28dbe58247bdb3be3a9f2028b785a92444a777c0e911be2b97f3e1e750aa9	6e22c73a3fdc93f9b3669bc07de44837eb9cb024c403c73662a0fbc76e013dd2	2fa2bf564ea87714bf8c3db860136b92ecfddd38dad6cac46801bce0556be6e4
310	627e1e3483fc8f6ecaeba9e58e043e6f715b125bdecd56e8fe0eec058eec6fa8	4c162440fd83509da0103c42025a1c9aa6ffaa99353c42a7eea9b38fff39c291	0450a7acb61a0edaf3cc55714a1427df65aee73ffcac822c1c7d192776db9c91	7b320b9dddb1a018bf6d9d745c639dce20f7da8f6817a675bcf484d9bb5ea5ec	7f0b851b5cb6708156b33a62be80fd71c5c9578c9678c482e10fff96e4fd68da	b4eca8d7420f6ff35cfa119821808f9661e1c68adaf4db757005ab23ef027853
311	22282b422bc1076e4d59c4fc38080ab804a85a2702f4d0d2b7aa02ffc5fba720	d0a3743d5d328ae3d7ed0b0ea41b964f1fe1034ee12bbc1b6e1fd6a644862936	3814d7150284ef60bee7cae8f9336f5df768c93bb98803492208acf9f98880e0	dac39a7ca3128d65ab60e106ce09fdcfd20e035a8c1ab11f1f41a1b1087bfe3e	1228b66d372bb8a10797b09999750200e24089ec974cb31d889a742ce9e8c9fe	bc3dab09b6aec97c49ef4e21a54f3e5835a803ce48ce64d2f6decdc06d2dafd9
312	a0a723cd657603fab719d8f3011bf2176baad06c9356683c7718199193c2b213	2560f8a6f5711c4a8b44f61c40ca1e4be966e4ea73707c676ac2f4932eb15e8f	cab2aec1aefa32a3768d5c3c311cf6de8814fc1d6744f72ba42357b22ecd5a62	55d9f5903bbf3942a5e343db8a32ffca0c84a925cf04569ba29ae1491e126d26	59306eab0cd18003cf92c120e906e59c36e67be08de497b6e8986c9a6d84afcd	899f9fc9ea304632db3872072900ec0aed45640988cda6099984a12727a20976
313	96f1eabe1f6da903be4ce2e87e67a1a8126eb566e9f60628707540025495358c	6ce6dfe8351a2af0731f72ea88e8977a01b95b37729c326050e6bcf12f222fc3	69e8261733a529147a27f3b4037f8dc0c214428a30695837c618559cdabdf092	96802cb10ef367bf9f75733260e8ccd8663d463365107f35029a63f78430aec7	8a6a61d282f83a22a105407e8ab514ee0f4ac4c8d4604aee1e36ff0fb12af0cf	9e82d0a718503e7b0a2d1fd6a2131425b1e206880202cae6d8a3cfe2c47f90b8
314	4848845af4831790047141456a75f11994d997bcead3f10f7df8e03a1bcf12da	c1a6e7407dc6ef3120026e91d258a3f81b3cae4a5c244b17c511eefd993e8bad	49167f7a690a2c3415ae0616ad092d0b6f11bc5e45d4c783ad1e49d34b76bfb0	c54440e7ad3d1165b27719a1a93bef25855bbda7ba672cd1bc8ce2ce32a850d9	0b4073600c7b491ef6bf4200ec6bd297495713a236e8f76a064539ea064ac800	32f9023c10eeca3f77c5e41ec78120e20bd52471cf3889906d6777df8afc7cfe
315	26d834c2f600071f7eda61de9fb05237b9005f424d5f6d4493a8a61774a01317	c115042bd57319875002886a42c78c8cafe027fa37a8547249291958522d99ea	bd91b4acbef82c87d66cd20ba2865b6899975e109a819f63e7856c5d33b499f1	9f04cbbebbeb0970b79ba8d089b07442097e0009c7660adb396221a1bbf72e32	3a4b19ac13f2a621155fdc715d38e31c02966c4dd68523e44308cd8c3c31b658	6a2f76f308d24160ffbc2802801c4c2196a8b712d5e350672ab47c242e6e04af
316	5497094126e900f374bdc8c04deb3207e110e5ce1bc9e7024222e1e25096e6be	7723375782ffa6a63cc6f2e1a8fcb01c9406ae0239383c8d38e78b7aa8f85653	e469bbc40ba633bb03dcd32ed04d02ecc61ad546d3283438dcab8dc3bcefedb4	7352afecd2cfa58fe25d2a26d9a4324a7b8f316548d35376a763063ec56362b9	3fa7f3f8734b47ddcae7ae8be282d28aff849599fe9ca94662910c2dcd9ca606	ba4dce3a777a39b717e62d24f8421f5847c0d15d6a98186994d42095a1b4bd0f
317	9a1714986e6dc32ca79b5c418750d814284bbbf4f939b93a8d1ea585d6cdcd7d	27e1f7e483d96635bab39cf29b2a550a734c2f98818ee7a7bbee858120b94af5	3996f0e991c79305d3dbb04a3d2fbbbc88dbd7c5b4b5b8802b60bba9819aeb13	924583a02bb779743f3e0ec95febcb1976ace7ee82478c981d39beef4e70c0d0	6ca8e60ac1691e252bbc57df43655c8e9b6076c68bb0a0b7d4188bcf08863563	21f3fb6c2620194e1e7432cb8adc866e3ce2c8152ae9080df858dc040aa9f2df
318	e7c20d070b4a16782c329e689ad51ca81d546f5aaedf50a37ce4a136ee5f848c	52914154d505d6285dbb89931478683b82ebc130bf0c39c87352c169c4dc2bcf	1d2273de602aa8ab1aee441a705db94fb31ce46cba566123a6e3e37e4a993e4f	a2cabc3a2589d902883c5cf19120bbeae5cb71d20d408d9a81e664059a5e3697	144fab18b79dfad987af710c867773a718238d415e5e9565781340be5d7b3a73	5136c9ff71b1a97ea9bb162bc4c7f18edbae94087fd9f860c31b8098fddd65d8
319	e4d73d2f4ab158d487cfc388a289abf24408e9157c19d8de35492514ab109dd1	61aaff15381140f2983ee7c3cc7db71940cc95b5f9e6f2f57dd48d86cebbe02e	1286a168481a23fb1a71e07ab095137b7562730946decffea7daea80668ef1a9	e084168515f8f86a795975fc2adf2a24d55c3057f6f6437ceda4a95497781bbb	b7ab084a03d975c1c8653bc6278a658b4ecaa308cd3dca5cc1b402ff6557a145	19d0407170e127b7a8d4221c6cf7b4a8cee94be65008e636932ddff9b5e61759
320	6a955964350d94243c143762ef3ad435868609452e6141ee4d4c99f8c9686984	b06ed5d2e2186637439fd4c958ff1973ba8d9acda2ced97ed8dc19429ac954a8	1b10ff7edad02cb9282032cf0ef850e2968c232991c1ad453ba6da44033c3bdb	baa46a2a232fbf595dc632db72127624358e1e4e4ff620443364bb9f46056283	f73a02df6634119b15f1b551700517b1d179ca708a8f88e893f8605b458c17c7	a2ce352bfd4f5d5228905581caf0586d021359ceec14574d8bd16c91be782816
321	23e72eb4aed93304659351ea57af35fdccb9a17a360969ebd4f35c360e012cce	5f18adb98536b8919915dec3fb70f1dba55c2c2c14b68c5dc404d1862ea55a9a	c5a94ec62dc95d07709d13e5a1e650f1da45b90196ab4ea62bf0b0f0ca386de4	b4eb8541632641878d3baa7b360eb381a8fb0c0c4362cc9ce4a4b629cb5a0d86	d75d0476c3712a29f059f71807acf5dc4634cbbff2d82a9a05c2e146dba033ef	eb3f68c578942930290911faba2b0571c3d8908f1f8d4ec743c1d3d237e6a4ca
322	8c171f2cd16d9100584498c178649d1c020900ec80fb9b88a98f5beb880bab73	f0a9a2909753a218cfdba7a2d07a8ee74215257990d693b009c237f17cba5195	58f2214ed538db28ca07e0bd883551ff2a2af73ba633bcd20c70fe41b002ab78	440d6da485222dc2421b2ef11132f7156ff134136fce8351a051fb7d812f2479	b8c996db5e071b4ace8cdac136ee1345055b008550492b4b27035190e2244b43	1dcb1e3d407318adb0a72a2d1b768cea223c96581fd5533b1be23bb7c06487fe
323	311f070f8f41477a86ab4ed524fd69c8318f1aa5dd42db6e51b103e693dfbfe5	cb3506001c00762ee9d2e3d2ab115abe8760edd94cca6a8d978b6e2dd9e403b4	befa80df487730c30714d9c65985aa113011165d61580b2af385a2c17f57d25a	047737894c4d670a4d8714c279f26e7dffcbd51c3a21783a1381eb564abaa682	31ad36505be5810233c10f9c953f111866f7ed067b20749a4a75c5957565f9ef	920be1b4e4f60c493f322ba7303f00ac6781cb8655c297cb8e485659cc84e5f9
324	735317c026deef6d385808a142eef67743ad20a6126f97e879ccb03f8bbe435c	e6b31b6322233738a159f8f490c497f1700f21dcac550de29ed493b417c47834	80037d472f61a01bab342b4c51031cc912ddc9414895a04d2d7d8018e13880c6	b831c03f37a3e12689a682d831271f747f1368676408429186d411d1ffeb6d58	4a9203671e3775dceeec1f3ae1b10213e58f911bb0ab40aa96bdd637c0a8feb6	83550489e5a7abcf8b61e2145845c65c2343558c7e34537e70115d28bcd697c7
325	98feda693ab6fcb925dcb873a0bce9792f5b58f7d9439d4058a2352c5461a23a	31047d1aea81b15f15b25cd87c2b19b2eb20f91707184f117494154c82ff022c	0dee426d57bc90ea1a5e838ba6235afafdaa3c7a889a178f148b4c8e0a7ccbfe	d00b610968d22a88c2d656e7eb968dc367363b9095687fcff650cfbe117ed1e9	057e4e8b25630f9be187b5a1c75e75f0f6043a9429a3b2abc180cacf11ae23a9	390dafcf52e3ebffd2205a3ccd61da043d008d87037092ec32cb728856f8b7a7
326	93452f5b67a7f3daba4a968a6f98f5ad261b2ca579b33b082307917c3834979f	e5b7aeacf1403ee7e49c584aa0689594fe5d84a3bb831a3305ebce5b6b58e963	08cb6b04d0b0f386d429b96549c7cb6a8a1f3d29a2f188c82a25d0e71128ba83	18d5fd9e8d4262d56cd2a3ea1efa7776905a630094e3aa6accdd6cf6db2e0237	e84988eb874751d7601fd75f7809eee40ace0ae1ecd5c4d230d0c11e0f11b25e	fd4ac68e19506b42fd5acf9d1af4d466bbfbfa4b329c5bfae312b87696ded070
327	6f4a2162efb646dde612d632fdafef86a0edb8d644a023914fb4966285547f27	571a588f78bf125c408ba0441b9e046e804626a31097a12aa34a21b69623eced	7eacb2bccd9365ec2520d5b70d5f1ee298115b6f4a491fe3d530b642cac849df	590bdfe02300b2decbf188022e5120f6e3d7d1dee3c00a423c09fdaa6f400fd6	72133bb2de0a293353f4e6f681d2c5166bec5d498a643cd9a7404a8ce7985638	770ec43120f2f22dcb4aab34cdab77a543ca785470f72449fa4ba4ef760aa18f
328	e8bf3f57fba76cab6f425c6f9c289f2cbfc1925eeed5b65f31eed7236b625056	327aee1b11679d532653a61f7793793fc71e21b43fd14746cc903221fa8cab4e	2898a102384d73011c207bd25cf0d631bde85b94f9b37bff9c2edb3a9df33d5c	2961fcef21c6c06ece3541ad497b16ff002f5f2678e07ca60c894e4cd2a210e4	52c887161b8c4fd48758a1bde78019905d0830f7c3dab290c0193a0a41552fc1	378673dbf91a206ddbb5100b71132fcb2860a10c68ad17d68f60e43f4f4234c5
329	783082e2a7002dcc721f0598c685c0c6bf6bf73b30f01a54025e0c8a0f1bc154	81cdf1e8aa13bc010d1e415c79a80149429bbbe6973d11a4b40f428f993be3d0	40c22294ddf829285c3ce6832fd708f39d81791e015c46eb60c8c253163e3783	d785580d23349adaa512ba5ead6f271c89e92dab7ee3e975e1bb80c1dccc8c14	bd8bb105acf1620a39e0be897e4047441e12bc8b6556a336783262d1d6a95c0e	12c24f4f1aa27dc5f6c22a8c12768be0dafec1abc7df7e0d6427d6ad47bcbd8f
330	4452ce344525ba4754fb7fe3aff551a7c8d66292398217c953d3153d6bf4f234	24d61f6a13092361e077b22092b8f37b7de317feb1c789af0a9f3146d132f26e	328cbc06695a7721c7a20c0ef596822dd467391469abf5ef2d386e0c9cc0bd99	87dd146142baca11ec65e61795f8a19457bc0c112017c477da33a668e3091429	9bf08abdee2e02733df477e821843c829f82d06d0cf693c3b5263488839862d7	203db60422b013643718de3bd635d51f34de167d50b37a67af78b555a71e340e
331	51c1421d8908c50aeb14a871e3b6961a0ff2aa081d7b3e885973e828893a8753	84ca1523339f4c13931420e03e83500e3a7fff7498328b46c3ed12dbeac5304a	3111456c1f2516d1a56b01f323ced5239b28f098b4182041eb42fb30f1652bc1	6f7f77c862b87af8d58bae7a6c6950ee5b53954b71fa6138ebf71ded156466fe	87375d9168514114260911e8dd0ceff4eb3272a390c5a63ab8c861a6fc96a7d0	81c3c14cd5bc23fcd383cf4a1e7e4bfb3db931f00aedc0a9e3592047566520ac
332	dcbb865a4a2b19bc32ae2207e614af49b4ce821144487e6d7b17ea95e5178c81	26a05530cccedb88e5f6370eb560c29c664600128640039232a5ef6f4a083bb1	9285a95f43aada884c97080a9c636622b34febf2af9382576fe278a462ba2230	27f648194dc62c9f7ecf88ce8a20d3b1f4a045ab0853521a574c00b5d59330f0	a44b5c7afbfc365cf95581501f2c4d97abd81de0966b83443f478d1b8c964760	7349d9974e57d58c32604cbf2a2d30338f8a1613a8091fea2fa6bd69fb40cba7
333	c9a424551fc536b45fd821ee2dbf14fceffc92c98d52c22e9308827f23294ecf	835e5568383ffbb8876f7dd61080350856c0521938f183ba3792a7c12ac3490d	dfc5ba432ff9f72e43d10187e5a62b64b0249b973f37bd79d94226b067d0c579	7270cf71e7b5b104448c7bce84a69c6c3b8e29e7d045f99b49983e14aa9cc660	8a35843feb67f55898fed39964d32aa678253c94dd3bced4b1d394f06452d4b3	79a1efe24e56a83c96e880d54eccac50635aa22cbbd1959cf70fbf5ac85da8e7
334	8183f7a375b9f3f49e88e4b2f193a57757d2943358bbf06c0ef540d7183b017e	eeecc7cc50352ee6fb346b46ad1cc92812e7dbde511662dd5aeff4cb8127629a	b34ea4678d51b7aba221a2cdf8a9bc8eb8dc52d38c2e31033b3d9ef7e520f830	d0be7c53572ec689bcc92bc1ee534421bf82a3a01bff99ca04e6bd62880d1c17	254b171f1794696506c88c1f348140964a6a394f05c611f6b94671e6cc86e081	3878aa00d6c4a7abfceeef4e67d18469091e3eff45da683a449072a9afc1c2c0
335	1688702aca2ac4347a2bc1e7521f848eea5f88741bbeac11e2d89940c4f05a6e	24c8a5345ce12f28441f03a373048b9f8480d881a707e5d400483fe7601bb651	693a2e346404e8e1a1fee28da1a2c8757cc42e272f7b0b7e7a48491cc61de227	f10e3321a3465c373bcded8682eb4b1b564986da0a8638e2ec6cd9c60a6284a6	bf942bbacc37667a311f33c83d272439f25a44cbe5dfd6591bb9cb8d87015726	8e1a72e32bd7185f56f607b4e5315f16484faa899f38143c278453a9ba05340e
336	d5fc54b80ba2995d71d5afc430f018b94e3573a91d90b48a811c222c6f38b925	13464348af488f0867c188640f4069dc6268b16c6c591ade374fdc2c10f1b1ca	2b50012ce204277b3dfcb5ce5ad0d983d1bd53288ada90862c79e7c0964247d2	eb5519afa9156e08016ff8f39bea4a6ebd09acc6217d2e7b07ab93be258f97ee	e969fa7211943cb9e0cf5d7042bd4c93671283b8e96386099a07ce458bb739b1	de1a651bdf6292495602d0feade5f901c2dd30ddc4e48ce60d19014982fc1e01
337	80f3acc8c33bc50b396469dc2a46b275b7d8b6319e70620b61801a9f27940fc4	c6b9439ecdd086b4f67a3cc39ed5f6af08fcaffaf50bb6c1fa963c142e1e1d2f	da04f1ef9ffe6803f262f9f95b024f5ff60b0a3b8c225bbb2d6e72d4abbd9e79	740e30a08bc6e339c6caa0cc8cd119f43bc94410b4f5c2d05fab8708cd680c71	5a71812d65ef77d6a99b4e269a0c5b756ac16672d0c0158e90a29455f9e0140f	734575103d1c7f9c94ec23b0e01b8e2b8bcc297efda9a64c51de65aa012f67f9
338	2de78aa0fc076b4c7831986621cddb5cc684ed568b57d2bc0c9290ae62c3f021	219d159452b52d0904c535e03f928bff7307baed20c285f9dc8e53255223f8d8	c9e6d6f588d6f90b797ff67a4562efe0bdb5af1d2e40a31081cef187933c4667	ef6f8786abcea749b3d61ca24059be42e7078ce08feca01667d34ada3369f657	82d0fedaac75c24c670be48a7389d56991eaa14ebd36e0263d44868167567b5d	4ce0b358493e81395df50e72e88087a04218838a1f745aba20d1985a8f719e00
339	834ba77d6fd900ec5769ae82e4d9f3a053e3ed45eb1066971327db3ae5ad1bd3	fb29d86eb3df0f43ee049769a1fbae793aeaf7ef2dde1d289ed08bf5ef38533c	1ead2e4181da83d820f5220d63c2a85765809b049465f8cd6283b8656983b76c	0fc6d9ed0b4486513e663b72b143515579b68c7a2f02fc227926f9b9d557abe1	79513b6d696c08d12c3b6b838e36352cecc27f1b45f0b9bad2a66097107f23a0	e16e1feccbf10146eaaeabbd4ec7fa3ba90ada145e1e66246b3f870209d45e07
340	5ee869138306bea5c7dec5e9cacf012d59da1c5f8059be330bd683fa678c493c	d49e5b6dfe77bad7140d621f625e73d4909cb239f949467198d0293f7cf07c70	7b8e803759efb057aaabd5d8d95784da4721501e73c7eb92fa6865844a88e1bf	12758cd92bc4e5f6d382114ffc1d9d764130448c6542dbd6858358a8d20ccb1c	e56a6f24b8c0c53799727e960e2a2032e523773e98b11c0eda82a5fe6bbe4e71	47059f370983e6096c1134d33156252f0425bab974f5e770132ade4027fa073d
341	a3bef3eed702809def28f770c2c0a926d2de801679f46a2b37a7c2b005b6a2e0	0ab52192ca99ca4fa4103902c59f276985ac139253a91ecd4974825e02d37d7f	724a99fbe536653bfc332d59d20aa0dd1ccd175238ec39b4d13980fba7acd313	93654c6303295fe7b331be60abd76171540abcfb4a3f1c2bfd6c2883ceb77952	1333bf3bb6056bd2a97a120435bfcdcf2b24a0018070039b0d4d9138ca1ff221	4150263cd01ced051812b7630c07a24d2f92877612f5e433b083e0fea0a2b8de
342	1c785a87b89dd6e0b2c76f6423fde714e2e1e27766de80b34ed8e78734a53ef4	a1f3ba3c17998d318c5b300ee6052f6aaffe57d3e43b5dca6a757fcb850fe9a8	271f577660a0378473b05d91a2e582eca745dcc94a413979cd4a4002826d1e53	28370a5139fc654be79eee1e8d79779c863fbf65e5f877bb63f07519452ff66a	2f8a46701285eb989778a76827c8e08891cbb75eab257f224e1ffa173dc3b27d	b8bcf392b5ba2e54c25677ab97befcf8e4764441619f1854d99f40a5c8a7f06a
343	888993781bec8a5250e3719075bda8afc7685fa0f17ba6f630a337b050c61ee3	a95bca7ddd5ce914eb31e49a60524b4812ae1f8bd8a3cf7626bd0a6916281f34	4274162799ea2cd20e0340f3147ce23b6e9d8369fcfc4530122669a9f8eed380	ec210efae95d7a2e8052c7fafcb44d2e5d3a62bb949ef4a907889e97a1269b67	d82bee7ead397d56e75dc40a4c56e46d998e61b1088212141202e47d749ddfa6	2a57a14a84bc0ae5ce94193c3d6e8f8e8f446e05db3adcb6d6345bf55678acfb
344	c7064a53271697d3b14d7458b2d515a172d9b05da34da4cb2d565e3d5d78a48d	e158c014c7673987fd9f510cbc9ac1b40e11b3225cdc056bcfb93e604c677282	fe32c0095bd1a5de2ab971ff031ca21dfa458d84c0ca577f335ee9b18cc51cac	858acbd7408b652df822631e46fd7c08daeafffb89bb2d7ca2b60069809bc97a	c134f80e6d9d17a6d92e28b298984bbf80f366595d9c3a208daa2fd8a8c69e18	a866fe76decb523980870f3855c7b409a265222895540187dcb15bced3c96512
345	8f62bdb4b9b28ccb8e09eb2021d77f9962e3523204368b63f4e5baff91a0bd6b	541f83df8741b114b2cad6ebbc20b85e849771fd0777667fd5ed7379a6080ce4	265ac194ee6849b845971a7273db49f4d56cbd1d2e65a256bca29f8934798bb0	8b84d811eb2305183cf35028eeb9c653cea156a137ffc3e3c867c52c0946d897	929666344131533f741cf97cd7bda0a0899e9c269b42ff0f89e350ccc196df1b	aecc992aa3a98effc81e091618be74456a25230d1065e2e7bc5bada7ad59511a
346	e656137df2ef560c5f09304e7e8a36ddcb3701166746208f994d31c87d7dece2	55692555050c0e1130012d94ad380332e02a4953d72c009a278ef9910f4ee8f7	e874eb525eb0d7c58c6cdcec35bc64f2bc438f8b7c5b5db3fe28031e0e30da25	6aadd90e08fcdedc67c9a5963aef83f97547243e29a55e7ce4768e45a8a5fcd7	236fe0fe96973bb949898e597b595d00e70b9d1e7180581f8f035332d6ea7ffb	bef6f1fa5c73deda0c94b1ccfe90028a81e29d7cedfd9d0e1d5c567663e2fa25
347	cc969efa24e74d90e4c39c3e7b5fdfb0af720871e9df1aeb5adab7bfde0ee93a	16c2f585a84cdf94ab2be8ebaa97e160a8c0668d264109936aff0ad180b813cd	73d0423d1d04db80423aabba04096dc056e8569adbecd6e55ad742976f392b99	3cbca75f08a69bd668fdfca02aded1f8cb674c490ea64c3d0ef42d8da5ca7b48	15db2dea41d337fcf4e88423942856b506f870b8523889f29a3f2bc2eeb438ec	9a9751e47c66e38cbe784477d6391456995c5bf63a4a23b3f840b25052bbb03b
348	b8476ae398dd2170bf4fb122920c476ec5a825c49ee963c53745cfdba48b58df	101ddc007101501e51f4ad96d0e0b7cc21cb920e456c0982c6dcc87aebf5b18d	6447865b5b73f1d08cc998a644e8fe8ffd3277f5a542a97e52cc7c7bd81fafac	da1da0c3ef3e0e5bdd3ec3683dd5bbc0a265453b4130a481bc9907660c20d675	cd5d2d88dccea94dd9cff947dd74f10c331729e1793462888ee0dc8858d648cb	b5cfce64f6715a9724d7575326c58efe968d335c1c7de6efc248bff6777edac6
349	d12ab7258237e10503bc49209df3fa1727d1f040cb8be0cfeeeff47474d8b200	27cee1ef2dd7e89f2c3102e10b341eae4b937a602bc7d648c8c4a1335c06dbd4	545963d20f86c3d8ec03ce4d53a0306abd150365ffa84a1c5253cbd34356de40	707e1a0cdc71ea500bccf6a5bb1d1bc54a98f088774517421ecfc672f4d5ac5d	85c5d3fccf0ee84581a04497529f79f6b254955fe82be3f553e80de383ae19cd	766bb537b6218aba676e543c46d497d5804e42f9f8f31c0ade21c34b6f93ae98
350	10088c7d472e132c6ca2e239359bc6f6f2462f989339002bac70df128314650f	176373192e3082ce126fc37c081c7f34b944d53dc8f563fc9fd4ab8bfd186671	47d48bc250b586142366e3aa982fd4cc9d38c517e40c7b010a333b37b23504f1	d0b6cfaf8e3696b0931d23e450a679983fd8a8df2556923a29b4da7cc19a632b	f2eab73c33e0399e982946f7b6e3b9e88cfe71f93ce9869bd30314f4812cc8a4	561ac10d5c0c2d511f2086c75be511f16ffa7dfdb99f94885fcd53d4c97dabd5
351	10c572f22486277e7b6ea4a43381dfade4d2da40bae9595051608de11878567e	e47a476a3ce773b9062983d78dafd1f28c86084431563f5cc854469b9794c421	955cebe0680ae08a826997bc2f68e2aa3081d5fa80d4087d3d7f9a5a3267ceaa	653cb5007fd24b6bd96ab6b86366d72537baa5bf48259404af18717dd0f4c228	fb2923b578abe54681017b53dca3ff22505a058a63b680c6cc80eb0ab3beab68	c64bd8270f3e9f5c6cb08a002b285d38d47c416657de844acc39c96053ad5654
352	a4886ff9510ddf5874c2ae8ae35044f639a8ebd315b1de043286934a7bb2b839	ff7f952dcf734a55c21b9c2043cf42897783977cd99ce009506ce7db03d33cf8	1b3ab37705387ea5ff37ba0f7064e369e43bd542120807671c8a0b44f9bc75e6	699247027595cdcdfff2f590d329b1b51acb758b180dee04fabdf73dbdb41d30	fef94b1433e5d87f4ffe3bddb40acbfaec75d05fb3d71b30042b82422011eb52	e9b366315302ad33c3d9443275b4efb2e034f6b146d6fa3311e0f545f8cda21a
353	32f95b4e25bb551b0b4293581475095528c3f5a247a377c2c397611ca6166d19	025454f2e644c4b36c169f4527cd1ede6a06d3903d4067d4e49776b008e632e6	dd20525886f3db96b3808da4e41cde1897876477b53b70fc4f8fc96fa908060e	9b618aa561100af20490d94c9934a488879621b7276df2747738bcb93acc0995	8769eaa47e5b2f24635b81c6b7dd65c5a7c6429d7b04a56a4dcc16f8174790b7	a9a0eafb30b76069d29d1ffe30caaaa65c3e0edbe2acdb9c4b6a9e42de79da7d
354	520be39ea2d06b391dc697b5ec3b922b33bed747c0b22936560705c3792f2af4	1173f6419bc8ef335897766c77538db534f915277db459779a1a94febb69dc84	6fdfd7a133c135f3584450e64a9ec8751da2d7d25cd0cdac61dbdbe3b33f0c89	8eef3702a6fec10ae3d5e2d900d61bb8768a08c4d2125b2e225b9d463332f4b3	91e8cacad50b790214891657e1d1e38a83a2fafa55442c8682d8b46487ccd656	1b8866ff01b2d5dabe611545aa168194ff2de662277998b9656512fe04afd7f4
355	34fd612a3d933ed2039caa01b3710b794deff09735df600ff084b2f4b3b07592	d3ca58a110c0e408191b84dac943235772130a74dea8ee94c90af503f8562873	7f2c07872d060506a5e998d6f860cc5bd96fef6103dd0288ed32800c3be6038f	9295465203684f451c7113bab533031c0b3b635d29a1f9b6dfe8cf43a2eb99cb	99fec66cdf7ba178ca8a0f7a0cfa48bb456101b370d1faf462485d5490e8b950	2f9c5a4fbaea100a7f3c82de7fe46b3632114f6b32f47a790839ebefba280798
356	4da69f18184631159bcb78610d2c010ed1229d132ee0f2610d359d8f7a9ebc30	c9c38a0abc15ba196ec1d19a49f3fe6514c2e2c7e59c7dac47b99caeac2a1d47	ef70176d7446b3a8d72b79e3b4af84dff1b777bd82ea7afd73e0bde7639789d6	ae19b045ffc2c84925c3056b74cb0902d7af85608e9291b6405722d1f1ed80e6	8887d6051b64e56aa1dbfa455643fa0a1e4be3fa9336d1c49a9ae48cca19bc00	c177d7b81b68baa80d77c264f04573ed57872429a2b9c8bbce8d76c34a05d9bb
357	789be714dec425e7acf3c8b0896a794d350e75b6cad9e39765331c2157af547d	381d6febae379545c60b137d74f37269c558e0ff5a8f426ebb7604fb93a997ed	857d2df72b52025f2ad75be811bfda6703c855187b6110c89637c1828dd0f73b	f673a7fa3a7737dd07b1462a9087cb39ec92ffdf01270f175626b5f3d38a20d9	b5b1f9a37551f8563e58f2884b61ea9e2460a1cf4a29aba1e384938447645563	75fb2a69c7f9f28474949f4dc21678723f8563cd0889803ffbd5ff7f41d8ebab
358	5babb0157a3ff7059030ca3e801b58ba3fffc367a2efbd2e91a0b47267130a57	e722fbd51f0edd3af0d1492848ab1a71c82954dd704de849ea35c3f28ec1d875	7f40a54cad2d69565439bb12af510e2ae709d760299e849d584f2b144338dbe1	641b5289753bb882c149dd892428583ec2d37cdf5184841522a9272391bed500	97051ed7673efb9e62e0d3db8116f3ab3aab19905edde33dbfdfe7568c4fbc81	c06ad9ce52df21d4b6fdcc8ddaa332998fd2bd5b1620febd72f5eea1d122eec4
359	3d0c7cdf499d7a43a9acaa0d57a19b78440e0d1f6d79da2c57f644a116da1aa5	7d2b31033979fdc3ca69ce74a659c522eb862ba19caac4aa263cb79e8461823d	18b4d74297e9fd627d93b6670070711913ef0cc82153b4fa501bb0164ebeea43	18419be00b147f90a1cd30f2dfcb7a298a83c5cdf21b4e432c42167a388ed3af	91910fb420424d7392e878fc98a1cb72e722f5fb95d6fac31c3f97c961302862	680f148a7ff99c272947791500ce87e7ad80356d8dc07a46a350fac748cfc173
360	2a5cc28e1cf1e284221f7bde0a106f808956f44ef2e10d00a9b21a94d6289cda	93286df50e70424536cb1de9ee43074e1dbe08ba40002145e4640efebae092f2	e30e751d61e5f1c15ecea9bcdc824db7fb5edc2c49c53733da6d23f8c6f6e724	9cc1d0404d341b1d94682cbb424fc6ae7f629df04741d8a5ddb84675ca57f1d8	8f4cf509b43540a515023e9006b82de4153e959f87d811b9866a27f5c12847a2	fdce2133bf59e8e5d8e40ed6eae36d099052feffda30f95f6a883acb602a51ac
361	5d1e0bffa43a67ea190f5f092638db3c43fb393289eaa2daf86945da018e4277	b7675f5f8062c0a533bc9c56f2e1302f5f9a3fc42c98a083091e6157dff5cc46	bc519930c88b5c17b63f49c6e8e74936a320e7e07329c9927ded5d1c3694038e	b81077443d7c0db6b86876a96d01caaada016ee00b39569d4b0d33cba22bd840	8829092612ef78f8cd3833ec8ec79f1d5b2b96b65f12cd5e9b68af0167b389be	e755eafdd5531a1ed12c9218f965cf86054d3e69748305ce8a680890c423a85f
362	0b0895ab2dcbf2885d594f10184b441a17bf6a7756682988255114f4f43a3cba	5688fa42ddd16268f8f667e9fbd6984c5d33491e677d9f1098f7a2573a1ebb06	35f5ac0699d4bbe1e66dd07fb0b86fec10ca4b8f15e24e70ec70e2457c2f6ef6	c5466c787a7c1cbefe21551c92cd96be91595a99d548ef565b1ce3b64e888a6e	d88fe0b9f900f27ba9ecfe09cd5962ca2390ad6d205ae02a63b1f3d0e98c7c4d	55e9f38ae7d32d2d4aadc2ef31aecdda63e23ce7fca79d1a57e16321ac8844e1
363	cc7e145b57be333ffe60c161cb182fc70fd182b3a3b3991e18d772c6cd4138a9	0a128c63437ff0f0f7bedbdf2dcfc387deab87325d8c90823badda63cd5fcf2e	319366aeba9e64d9c604d14cf24936e982098e114a60e807fd8f7ae84d67f582	b5da70cd8af7221bbac3f52cb384067db0e2548c3499c1a300247ff1091dd0ab	79df29e695efffac2e942ff57e0f86be6a3f9a6b1453da2960b90c4ddb104bd5	5f140b276709ec9f7d1006649fc6a83c3f7c922bc65295b2bdae289f7473ed14
364	43c65891378c854e819241e586079b7155f7f3ea08f673285cf893230996c840	433aaf5896380f95e4ea2d60081ff0ba43999c9e6f132ab48d8003bf46773c0e	74dfa6d3b9396883db567b6403c5a386f4f6332af8a6cd81b921a9b908ddd1ab	9d98d998e0d07bb13741392e174e01dea9f1555777e7b260b001339b08959924	7f809eec256c2d5e005b9ad6d3289b9122c6068d558f7275fcbe4b8000b1b7bf	a3b551363978916831517716f87addf77a7c6805bace8acfe2bd9493b1dc671f
365	a6368c86670b3370b7d6b77cbe307f321f5757009a730dba622fd3659163d571	9a15bd278bd7119d477f3342dcf31afa3a565a052917e8401ba2744326b5f5ec	2813e9f09f6aeb6ae32809485551ea5ba57930c3fda7d005885f06141ceb3a5c	f51a7e5677675b774c4000ab18fb28fe40ceebdf185ab115b3c161663ea60d95	de970710a5cff2bf6c5168bb07e566a275f094c080a11fb05e7ddfa5ef9dcd14	91f680c3a9f6570b3ed9ccc6f8122741c2565617f50b0539c1458fcd01deac48
366	158596c53def9601bc725982abb0f21f71bf005d588766adbc6b29ecf144fd25	e42805277c10e353b5c69432d9430942c23d82f019ace150ff2c70593a0f1207	ae6fe2e4272c29b0b997599b2521990f4655b4da57d57a87b415353edfc71d70	00cc6445f78dbfcd2ade2f73b94af31bd04ac27d7a9500bca31e3f415a700eef	d237a218b000f0276b20b1c0bc04f66fe605965830d0cfbf651482243c75f64d	d576d6a1509d0726dcd8e088c68a781f127db63f3b3dec4ef4a8b2ae252c174b
367	e4f1ab828ea00861245c48ab2657afbd9138318fe3cf828a22ae28b4f10b9e6d	a2b0f0aa3be4b4a09a7f4abfca989462d092fa960d078efd4e6f731427600dc5	e052dcd015cd5a935105311f84b07c63653dd0f9126f497b0f4575c1f7c9ddee	6485acd22ee98f264e10b4c67d8add8087989a84fb9f9be8d889557e1eb8efa9	7b23835591c9eed04577e028f93bb7e16b27d1820427ab32cf83679666ad1f90	0717527abd0704c01e8922164292666037d252025e75762c6d165742ab560761
368	6d761aed17afc4f83f7ff88a6b6dab9bd14aaad90089480747e4194c1e95277e	cec496d2d97138c9964a423cefe5ae3cbb1b5fe8c73edbb17ef4f2732ff1a881	bd90721817697ef5861d418ac9f9327eb4c2da7c744960ade280495da9b98981	cd2df1575647dbe76bd51552c0f376e36385bf937d22151398fd148cd63c00ef	204092af9ca922a03bffa2df9d25c32f30242a9b91736b4e7af53e3b13ef5f28	b504a4ed8ec37fed4c44ee301a7aa216286c3f782a6c6a72330d44be355942b9
369	79fbad186c2d540ce46a02339ea87d0a39763ed0257a818f8dd8fc83d0248541	fbdd03eb48ffa099dc44709fb1d93c00622673f025eadb680ea95d04a4ad29ae	b15182faf2ad7a7965730590f81b5695e654ce690ea0cf43adf96805e08fd03c	2323705251aec5fd50d7045855b6cbffecec48465420fa2ff89bb598dde698b9	721bc3ea873bf94a0a11c43ca29648356b75a15d74b2d19d6f02f5feff358c00	e56e90b3d7fa9a1768bf79b204aade78d88f379210d264fb26cd05f1759c6044
370	31c6238ad52a4ba1b9f4c2e98bef5e0e2dafbee714f9aad73dc85c6dbfaa7c95	1e63aa3d1776d83ebaa0f6a8aa62d5cd04e8fc2be90e1dbc17119d12812d286b	dfcc68aa74a3c819bf62c153c8af4b976fcce03dcec58097c132192627090315	e36771369615a78e07a53d11c0492e3fa4c1f526b496a2a1f2ba3002d627565a	82300eb14afb49e7a6b34c0392dbbc03387d6c9f6f468b3fa870b75de5d21b1b	504e0d6f285e7c198df0e87f4d948d15401dfa24fbec21a31b9a69489d3fe0a1
371	19f3580db8f439f5d4694812e42904438183f317e65f1cabc81218abca9dd385	b32d9aabab84c640ceea68fa39a0fda06f880da9fb65db9cf4edb4cf8d1bff31	4e739f1aad715bd82e9173f09eb8ab20bd13d236ef2262b352ae3f29c2f40b0c	a604b287bd633abe96f6fbf6999d8b2d10f68b0ee39aace87d77bb066299fba8	5448237d46c6313a46fd0cf47d1001025c1bc8ff8cf771cea6039d45f04f981d	ee3694022d258a597152bd84a2fe1555c76b0dd22492e83629be50f47a2d4f1e
372	206dbf35327cfba7701e3e9f2bf2544b0e4be521091d47ad4513c7c804fc3c4d	41895b860a217357790bbbe8ed14b8619211075e0d5ad66b271c5fd0fc56cf60	187c535404b77424ea1bdad881e8572a0771103ac359f2407b2f52c46dc33164	45a3a0120cac1f9459adb2025ccf937b036950f7f02ad74a6dd79a9e76781b34	d3142b11ed63961a31a6b0e39b3d5a72981b8f1e64d28903a98bb0ae11d0dce8	59923cb471d7651ed6afb011d6d3ff3eb23872af1bd89a2d6c05805055ff48c2
373	bb341d9a89b7e37bf5b264287d1aef06baab38b579ea3882a648b101a8f8da23	c7924b11723b4bff7fb3a9f5db5eddd2b22b2e4036c773582790d509155079f1	f5ba11195e9842a292a54d9a60f51b191215eb3e9d47f98cebad50166f9d960d	26daff39da06ecee6ced5adc7a2a2b85ed0ea701344e1662aaea070306216207	03ccdd23aff4b3174514032808259f3268c158f1a84891c92e0fa1da3082dc4e	968d848581ccfced4bd03e8f46ddca39c80c51ed93a1ea9cbbed22cc61a3ba8a
374	abf74c8e0ad903be127d38fa879c1b4b1a5d1f8f7802f8a89947a3bce029aba5	1b62c702a2797110a226d23083b810fe9e17f056bc3191a6cde1f5081042ac45	c131b22af07a57f14228f76be41986ee4965e6e9d24de5ebb94faf43a8a013d4	6f19eb12c7ab0cc05623ad117e83a0262b2afb8a0cce6069c5bb84167a91f4b5	b8ab76a238e447d806bce46035335782a91a725f8343ac774f974a614811ee40	3bf7ee3dc4b8a12624dd989dcb4b24947fbb5b0444396c6810beaa4dd3222e67
375	0bacf09bbdb2fafa42e3081030a1f3666e93a996ea980ef2d908cd8ab9a91038	30557d0874dbc0f7a61d6f1845f1b8405713b6ac84464f0d399020330e60f5ac	559e9187b17bddf99bd297205c1bf18e6575ea840608a37652f2503260d56fb7	70d370806292ffeb18bd824278bc2343150ed4ea5b2e4530cb43fa48c53d00f5	d228a03e9c22b73be7c5b3c729b7035bc5438fb98e9e891c4a5710582d632da8	76940761c4ad8d4902a161b8b86e2fb30b9bd4895906f4705b0b8bb68158b419
376	974fed4d6ed26760f676bd2061d13ef70a6faba1660c3fce7e05bbd7db2fb1ef	ff4313022b8279d44d472ae05033b7e0cdc21a94fb4627653f85c392773382f4	4d1ed7de999ef4f5de6a2cf3ed925c243db4414da75850ae2b48937c7e70e7a7	0aa8cffa27f91131c2a46f72808917239cfe5d8727c0aacd2c9d70f0faa28a3d	05f3b916dde2cf66056f94a8e056953b747d11c179346130209f2bf4a17f8af0	282e4879aa6dc462bc0e937e405b4bbaaec3f7b22cab678780ae5a04ddc5038c
377	bb3bb2133f6b0571b727b46654f7de2bee657ac1685d985fa1be167fe42311d1	bcd96cd9019f1f224fec8aa9d22521ed7d6c3e604dd422962e798d749acb0ae2	5da50feec7ff73063d457b9d004e5dd5946269da4b1a67dc8ded46cd69b04652	edde1a2c862f51897b11b8497eebfd31199647a014cafedcd1deeef2badd9c87	3c6da0584b03b969ef8b48038111794fdcfb391f319d72a8d8bbeb35f04cab40	48e5f0a16f7143d6edce966414986e72ec6735f8fed0a978c29a8d1758e9badc
378	b0cdd9ea499d68972e1c0b8fe7c08b35bc0e3e0e94cff407385ceb86a9090106	493412a4b311eb6f5b11886fd7d19b72145c2ade9829c3c00c6eab8760f0b1ea	86e7c136cb51cae8d294ee24d4384cd0962b29f8b95aa9e00c4cf2a357b429bb	e48f33eba6d62b4235b71c01d99646625a733a0dfea1cf22631f976a428dc297	3d67959647927df38aed81b8df8a4bb9c3406cd81c0fc756f2cbe26ee100dd21	6501284e25c1be3638e92fcbca13a35231d504f590fe4342079233854d536eca
379	8f24f6518d9d8d5e20fa8de1eeb828bc5b41bf800366bcf6551da9fd2a0525b1	5cfffe5f286e071c482338c330404ba3a0b31d663fb56ecac65c25ab85fda1b4	f64b44d1600757a4d3f4f7acb0674fbe0cdc4aeb3f15b55f165866d9b6f162b8	072e4c4847b5daa7e6d6153f0d8490c697230c8b0bc2c64bcee96f39f0f26dd7	d2986910053d5bac63b090ccdfee82a33d3f082c1d2cd2e8e007505bf30caca3	cfd9f276c0a198244eae3220c1a88d16f77283c71d4ab129ce50c9bcdd6d5f82
380	67f7bd34d5dc2445c7eeb16e0af94d2f8d6302493610a9c5afe2d0d6745350ae	356aa685b905eb638336afe9c62110e16c7c97d2243183acc479c50fd534a89e	da4a60075d272d629bd010cbdea4b8ec470087bee4f953fbde8589b2121cc512	c01564d211ab70a78d96bc3ab5746424f22ad8300426e35248e58fbf849c3e99	a0b15353f25e9a4aaedc6267a4fd5eba531ba029343fc3832f0f11a9a288adb7	be3258abbe11c7aa8bc8b03aa481edc463ee64bd6c82eefea7a30221c86eef86
381	96305b3e4cc49961eda5686b1d29852bcb795af3e85b2bbd0c9f830e4aa62f07	23073217313c042f88c87bce706a9380f4640564b23c2c24bae59f1aff656952	b5fa7c4db1e881a301f5d412cae05095e606c0a8e8376632df56d6991787d9b7	1ca1f46cf365356ed029b8af6c79bd4f513318598b5cad2b4e0a100548f153b5	d2e5ab8547d1e6664d04d09f739bc826528539c7f0909fe1856db06a14900b9d	bd6478a5b836ce303610ac8a2c8343c4417835d60542b0351c6fc09a9b7333e9
382	eed57a8bd5bb2f1a695c1b315054913314cb3a02e12522590621165098dd9932	896bf730a4b611b14022204678b84a420b0a41e56c36fd84b47be0353450efc6	db7d209d2d2303746c9278fe234ba2fc3f561ff9caa76d4ca1979d63fe2b98aa	316cf83d1572ea7c2fcb57530f19870b380c79b030794a108c2cd5249b6c2773	66e9d8d369fec38a71416a86789ef0b3f13c8b3a8cdefcec3ab6ff758d68d453	7bdba9cc6c0c4b74656314a98bc4f084daeec636acf9b14554465ff87f5a4162
383	3ada7b6487ae0b174131604f91649f2a6807bc9ba4ad9a022b27fef84ede5883	d2308d954869d012ae68f624edea98ff3e57f00b34d4e2ddf16ef5f4bf2f509f	8e70a683f9202229324259b739c30c38676c39d7203aeda8cf411455bf921efc	58011635201c2f7db01acd7804f07aacf7a284bf024b705b29e079451dc50f97	b1520d580799a540b8b01b47f685d9c21a69dfc455035169a3ee3c56d912e8b2	01fad9078cbfae02ba25231bc9087292019d0232ce820dbe024308e55125e2cd
384	f7542de21fb70cc9b67298f89410adbe7977f23f394d2f4dc128998f821db11d	6026cbcb231a2c6f1f884f3c1ac665f530a363df15e5afac8c507a118ecda60d	0f25a4d845c63b64dbae5931e01b60510e01526c21400816fe46a43321493c8f	754f3ea808674021de5f09b37e4f99d549b575ab12484b6bc5e02c66ef996cd4	19814fc5dba8e45bcee4a693ab043d566d299f5a8dd757c2107be13343a6823b	2d11bc415c7a3f174f54fb15a47bd181c87d2765ba59ca1c2ed5461eeb1a2b44
385	2fddb431ab1ef4a1c094dd3aaec121111f36fb6c729b0885e3dca54da49f348c	75cd25526c68190d31411f401b560909938ecb171ad82b4a88c28f7c34d36a1a	c2b290e44e9dece1d6171fcfeeb3cb44c609d174859062dde43b3c6a7783f6e4	c08d0408c6193f43b266200fc9f6e13231aa3278c0e7b7a83ceff5b264048750	318b64118aba0869d50dad8dba8c5483f49d09b824af155f833ee9abedfb8c30	7da8146ee6e6f8fecee67086846b1fbe5c94108cbf07cfb6d856d46647428ced
386	a16f6c90560b93535d0c73b3e6b3e7e51830a33cc134478719033408c977897a	6dfdda72a1789e663212af8caf79e6eaf079b6bc7edf0982613cb500756767a9	62182385d9c213e687eface2d81123a0c4b3fec409c4bf2ba78e1f9a4a0754ed	a353fe2120549c3442aafdc3d1bd5764e2e4c7457437e869624a8d3585d0e3e0	bff36f6af2a398ca2f4ee61190a83b1b6ac52822348bb6240aa090ca73b20126	2b4bd4c827ea4a5997c81c112058faee855324c799b26c66933f7723c6ca1073
387	5a2b8d585819fae12928c3868c8a504a575f1a3b374de32e712b24bef66368ee	95ade568b6af9bf6972e1f755c9e219d0591c7f46b778b8c344dd6a0fa655410	82d893007ec4646b5673d3bf7a5b1f781153ada00a28fc94235ec2fee76e1774	676400295f5c370abfb2b5d6e6ba74b308c22ed3532265afebc74dc7ec4e58f8	0b1aae868146d47cca2d97fb14f7fcfcacfa5a3c3f62986db55a54ccc9a6fecf	86e820e569fabcf56c0f35b72e92b703673c2b4a7c8b2da06499c26ee3d945f8
388	3e63f04ffb7fcf3ff62fb646516479455de86de28c1e971b25bb68d6b064bcec	5f69e729bcdff3d3b113b65cedf44709dbc16cb253325e3a03d5458478d96c8e	d6e1acb1cb69ba735496cab8023b43667f2a1194568f9238c166df2c318accb7	d9f4f631627f92aa9563b98bd81107d0f136403e1a0d9f3cd1274ffe3f56cf2f	c11680fd79a5151b5457579d9567a12dad10d17f665c63dec1dd641da34a8e22	463b102bee2d9c6c304c52fa971d218dd294fb0ca3c5abaaba962057b35f4689
389	b10fca6482e3aa04b9c0e0863c17b25455ef9248d286925fe320d70d496f353d	66d52bfb221ea75c9d7ae821a957bcac982dc91f9e7c5f4e7e7362754fdb6cbf	5a6e652790c69fa599415eb312392c27260b21d3054e5d5c486c9bf4b52e5a94	749ef80ae669dfee53241f9189ffb5cb07c8b7070e9d1efb1d2319862ebaf148	1a1271f7d180bf45e39414232f7c52a8e4458277ad22ea1f6071a0f2b43edceb	26b1ee72927a06036a941ddf0a557a5d128cf2a8d76854aec6abdc7e22714a54
390	896b2b182458d262ea76629290f929d884d15014b28cdebaef986e727741c3a5	2795ab963f85a6ca3ca082f343392bc26df27a0c9d6ddb36561223c9077aa437	44ef31ec0236d28f4a47a61ef37218789ef199cc80130256e3c8fa8527a3013d	9fdeb2aed770456bd1cb530edc11d6bc69119c385cd4ae422cee857930b3d591	bbd5cc7dcbdcbeff90cf5d56de86bff3eede64f01141b9520051082470604906	e4ec013162adf64d48e39262b45616bbbfde2295db98b93710fc6a38bdf22c69
391	da6b7783d82d54f821d60e714a478dc3399c8851da695da07abee88fc7a618ad	c37c11244be166d9c83d90f23ae31b5a990fe5e45d6a819f6737a4e0d85bddd7	95f8a2a25fa3ee5317e2d204a8076cb419b2f6d99aa2ba9829bfd74ba0437a8a	08e6c650ab19adb8e1769a333615cb94c81dd0471fde838e1e9cb57a8c14cf04	41cd156d4eef11e81ee1112e3a12f3322b220ff35f347cdbaa431d8855df5eb8	5b5afe92b8e30adbba930af753eebce70af6a8a88f34f699f019710ce7af218b
392	9dc4f2536468608ffefe0e95d83ee2ae4fa9fa208eb2fd9cad0d42c1f7eed1a6	43b10a0ab9ced735b076b4a76e17149513b847644668aeb66828c17fc23b65a9	de6dd9070cd11e6c9408598fb8fd3f658a365a2fe0819488efedef6491ccb48a	efa619d0d8015c2805c325944f378d93bdc7c8154fdd88bf70fd55028fd99a8b	28dfa7f93e7453826978434676edf6bfb1fc02a61272e94c597c7ff7ee96a8dd	98b96a9cf13871f14c7c140d2b8be876919d2526d8f5abf105ac9eb867a80d7b
393	ba4a8df9dd6db4c64e85ed022b9030b3e7afba3ecde78a5384e7dd48cfd55682	630920a3b576a4a8da9f3e19b4f78e24f7227cd804a9d462e1b04c82ef5c6bec	fe2eb37dccaad97169798b6a22b943dac3dc8c2c27c85aa8b2b440e8753120a4	88acb15adcadec7e79355e15a4898d1850d18ed4d97fd39f54857906d55f38cf	a4a13546a51516d3e6dac36eb18f22150b1a857c7d38f426bfc76a379747d78e	0ec471ab9329baf15ea1bfa1de5e619d5b93c1af52f33ccdb69bc7fb35df0faa
394	a14ac45025bd475d822fa46172e105adfeee33de95483432311a1eaee1e3bc60	b2acff10d107b4fc4b1f0265d7e51944d1b3838efb9199bd42fb8e45874fd4ec	f3794776129c27629a92150e83974ba6ed3863ab51a281603361344957701cc8	8fa9496b1904eef59a00a64408cd33a96ccaab293f3df72183a89945582481ed	63308093d8644297a7dc3ca435e86658d22af8d4d1cc614cfe2927db2d648525	ff05ead8fdb5a26f5a6c901c10b277b1483023b67ff2b13331a5f5e99000ea42
395	9529e980592d2cd267e7615885283772ee437b466bbac3ba3d63cf5c2e72217a	1e910c8d5337fea16e38ceeb7ad5771ffe70cabd66f2f640d545be400a521400	c58faa0365fa77efbe6cff8452d4c5f8208b6d9be361b2ee82b9343a36b95716	90f597ad9e7ffe0b7a8eca2d9993ee5dd477b5d81b46505820824c8987b3640e	5adb72a9c84c0cc842a13c6e806fc498b12b691dc5f5883ce28b8fc44168a421	d7fae468717817179653a99457d87a43262e4df60b0da4c5419bf1b2c74add7d
396	a136c2d8690eb4e61113e1e59e3e4f002bad1a87b1b5e26705757549e7bb62ab	16f1b87edf70c625d6fb2535fc8c644a2c558baad733cb9273ec5cf6c0dd4212	b882baa60924f0b4636e2dc18248cf94485ed4fd97ade9de3dd0187f40228ef7	5f6dd1b7577143434fa4b56e71922f32d90b31d98c534b17f260860ace6a3eb7	9ca517dcb391e60bde495c574064314e2d9b5835b509ffd4f2c9d685fc53573b	ffb8106ff54e7f0d3cd7ef712dffc75ae5def7a802c74ade3fec37b56852070f
397	e7b839b47e4bd23493d02d0549deec8b39dfe30fb812c4d4bfd806f170f4b164	1028bbe505187e50d7474dfbf221f9394b2258ca67f2128c800d05c2f7f27309	41a788495077e8259ae61b9c4e053dfa28050f89c99214d1dba1beda3822179c	53f95f672f1d72f1c2cd12b0b7eeba7b7f0d800f5e67f706c8632035dd268e4c	640a51bf4e967e0aee704adf4b6fd5036a5d59d12e4fc01a04a157bf868933f7	0df835459d95ca41f3e33eb1e6c1038cb2f804f2d77491f76ec506ce017303b8
398	8c8f32940bc78fbd2b9a39b3c603f6a59be99879aed432529d46a7e31cc2c4fb	af1e8f3669a576a1e858f7e44499e46d6e470e7a6ea1ccd2127c123d1f316e21	d78d8eb0075ea3993fd34306913f0a375f40fe7e61e4a88ef3ca5d80e8efffbe	f4bbf440b64919c90f8b3cfd093b1d98617534ebcc3e70e946930a766ccf9443	a0614870569b81b538a0ba16eeff50cf5ca9bd151927e3f118938656a90b910c	1a2b45b5a52be6f2ef60c8f12995339d57a884779cd356dbf1dae255f9d60dd5
399	237e5bbf9af87e5a2b42fdc4b526c4e5124f962a2d5c789c5b1765f1bb123485	b25b8ba519f2646e00558b0ddd35a10a9fcb0fb55e651a6a598b2f8e2802ec74	3c91eb5d857f24c559862f55f289efb48ccbbabc002bde1bdd3a17a6f0b5456b	25494d8a33b31890377283e641c763ab2278fdbed62c9922086b1bcf8fcbe8af	a47d9fcbbc4d6023e70208a19ba35c269a194ed844e65e23bad764eabdf80cfb	8d49773fc697424065990520250f8aac1826ed3bbbb83364f220e626961efb6f
400	810be5c42547f46dde6c1ac30c12cba568dc639fb362159e186b12a00e56c424	3b18a0d8b0b4da2b72b7646d6e94bb3b7b826615d3108accb5435c5d036d7483	37ae53402a42b1b2df951716482a6eac3421a72b69a7decf85e04cb370fc02ce	71b93238f0c801b53c62a42191e0f0703fd45756b23b5678529d5d810b03b6aa	090063745a2d9179c70693c15e82a7a57825812d352569ec0cd77e950c07942d	20b66a9c785d7c1fe53001bc9834940ca0b384f1a60deea10c9e190d80875482
401	d205c5d7c55545e56f4d3a9eba299017476e4bfa3c4006c6bbf40da44bdd8476	706157472794601d331aa73f5f5454dac5ad0b9721f8962d0fdd6d6549ae1c93	bf106b2e0631d746d127890e29d25f5a55bd0526fd6d46b7a5e56330eb445500	da5816422333154ad2a2e9ef9a678b59cbfcd4132efa9a644d4d7039ff9c0ddc	e36c3237534139a42e014efe71fd77e3a11b600c1d98f2315d95770d06a6dddb	888cdd3fd8061a6ba34df3a0ce89e8b65f8df0a9355c64f8da6ffe4b3c4bc99c
402	cacb18b128ab12be2a376526a5719de5600279fa5eee5c4a9257c8e6fba546df	0cce66c6fc5f7a3650cfe8c6e1aa0c8550b858cad8f5bb3e2ddaf1191b3a0c6a	0d72998cf3248f95d337b3dfe627742449f50256bcec42253c545d2dc5ec5f44	92cfaed13f9d7dd53754006240a6ce9bd8a95606abe1b37d3170b2eb6c37ce73	af5779c4aad6c8e45b19758604e2469c2d8d65bf8e1ce585aeff9c0681217050	5f9ab5a5020a2c1e4933e0e52bf2de8eff79b2fa96698d355f42ab422ca12d2d
403	19d25aa8681c0d527b42ee8046596615ad32e0de61a36a8aa06e45cef67762e2	9750c3c18c3ee458ae4e813ad17d30d3a04f76a182dc3288b2ed2b7ffa196c99	6cd1bd92212453cd0be1f0881606e779ec88554991c44935221e5e29a199db8a	bd6beeff98e33878a34bd946d4a9de2c61761f0716e2ac7fe300c1f995c21e83	f03e9deb86d3d98eaf170e528eaeddb769b08fd175550180cc40e50a62527ac8	e04cf29c37dc2b88cfd22c56d659b1a6cac40fa8cdf966dede584bdd42d58504
404	54f6e981e0b5fdf8e20171220e83c970d18011634a32b33875d419e6d7649926	4c7d1f4c987702dd5d0428fba77255431726021d5e5788f151d3676d3cf63875	b42ecdf3f4d8bbacb15403f3f2f88a3c38b10a82be72fba18943fbe48726510d	52836ee25518cd616274c9b9b0bf397f14f9d8f6623fc18f4cff231a37113df8	1a1739ac541f4bcab60ae34bf4d9e09bbdfea95127a6fc7d14f5f654eca482fd	3a17e931f04562004e1b1d11aad383cef567cf22fd6d65a285925dd7ae0cea2b
405	3b9d5bd7230de7d09eb4d82ebaebfad8fbca4ac7460d3324d4a5cf289a2ce949	0fa0cbbb8241b65208d45c27837bbd8a6c0bfaf9535d353538ab5afcb33ef7cd	6f35ddfa5606a4aa8c3250bcd0275e4f5272e80b5a6e61d56fd3c7c93bd933da	bdd5c6de555c76ae3c6735bdc9848f0f8884e7c1c59a352f6c86ddc54b8223a4	553b667744b5b018a6eba91bc331871c39406c7bd1a2c1080f9d6e797421cf72	87dad0feab9b8d4cc3847e702560af6541759a54329ffd7d6a8bb9e768c71cbf
406	50f413947a887a7375a4687141d4f484577203062efa52d4182ddbd402bf6117	560d400f445302b2c1a1391a2c94fcbab023fe125c89321a867e93cdc5c72c86	47875b1ef6068c306a643a1121e129f8e840e7d26bcc7552d82684b35659a7fc	bbb27915558886bb3ed7dee1cd672eeab820cc3ba4d749a866142556a9e5cfd1	74aa7f2515d82c0fd2adfd48b9db8f3b9a6974be49defe658bb4852721f559c2	f47408e5ea885fb0a2d38ff98f5e21a41bae60e613296ed9267585abdc276473
407	245f06c9bf9dcafa5d2b75cee9b3190de4789cb46efedfbd7c3a6b17ab21e818	9d3613c61ced5852230a3da07b622dbe03b97685cfd5a344408caab8050fe44e	bbcfa65fec7a9339a7c9c80d4290b9a014baceff19c720f050a989295a4e6673	15b5a623e522bc4a3df434e4a42bb8c1fce4a394a5eec6c93d9ce8e8c8a20800	446eaf9aa78fe45e621ab152dae44364a4e85d0d026c39dd5d08ee0ebc0dc191	9bb1fa4a5a9a7260edabd8e65ba69cd4d7b8c6e608529d6a76d300cb811797a6
408	0f46ef8043938827d00b8217c1ec0930fbe88f4fb852f52a30de5c7269d150b9	f3c690867b250573a70f872bc63f6e963385f96adcf23fb1690684a09aa02e3a	a5bd26424f60c0270c09dcad0116d06b854ee4ea11a7cdeaffda9b2be6220e13	5c889bb76a4e7a0f501f8b4deab3b28724ac8fe0431cb1c9fe9ff26815c28458	a3be51e2d02e9335fbea68ba02ea11f1f64064eb849a26e787f5888b99cc2d5b	926488c2c6ec6e74835750441ac4a142bb7d7b80682e7eabf0c56caa02532af2
409	5fff7d8c4495e76a4fa02fdee0e6f62a29a3f2f417646d113aa471871b4e4763	0e92b8f2cd0593ce1e73e1d3bed60ee99861ef5bbf2c686745e4336caf0a866f	443021cc60771d470499b30ea92fa6aa28fd3909925213979501c61e49666cc0	999cd88b08c7870a7e44195dc7e3549256301ce8c3c29f980c5dc99a4b3e3c80	78fb5ad7910d32423deae9177840bb2ab8df9c33faa22e65234e277a105799b3	8bcdd04e103ffdfdcb6fe1cfe64f32f9a94ce7a7a068f85f57624e2d4ed3fe00
410	0029d4d4f431a0f612c0e0fa5e2629adbd2e616d29bc933fe19e80841133b2c4	9a564313f84b81f65d68538d8839c9f014be6f0d25bf2cde8efaf01491d49999	55ab417816dbc946656a8992bfe65736d2aefdaace1aeb3834f997d3a39e5a31	89e8ae0a0e4f45da269ccce57cc56f8a3ebc32efd8a2f61d551ce33e6b699db0	1780a0b83361da2d70cbcf286bd6b00c18943f5d639c8ba77a9ea715dde40323	a7053fc2558b6d3ebe763fdc148cea905a034de87e586ad4a7d169740e31baf6
411	4469293cf65548ae2949b3936fc2a15fbbc416260c981a310855461a51c23a9b	57ad54f65a94a975d9bf3ae9191f5d79f3cd028aab73186d5071b664d9604cd5	68e8db4e8b63d6b57d25137928e6755142508400e68bf2a9d110de8d74149a1c	5e3b0d5a0c9cf1a8903fe7878c5d1fdbfab48f1d4f028aedfa95d19971fe687e	1c1e5eb659f877994735146a5c8881c5d0f83cad311d72b097962862dba21273	7d6a406f0f4e8b48b6e0a83dc2fbe2fd4f534dd5551d75c65e3a31148e2eca30
412	0a92d3f1f5d1784f53add7aaf0c42fe2ef8d8bc84c69a9f89b19e1a483c223b3	fa50913f0b712dbcc4b548e3ed5aeaa524577590cd590e8048930e0a80417557	5806af867835134a93a9254a1593577f047afe9a7605e6ef8570ac4d896a3020	454aa0d2661fddba851a37319ec6fccebafd91616674a82af56131bbe443b02a	3f81e15246fc9145da77e5690f450882ff1d0328cb43b9a0611be53cd1d7aa3b	9c20ab95b70e2aa12e299e5b5543c9f6824bd82c621ec6c074c87b1affe23cb7
413	f772353b50f994eac3da8de0b6fe75ba64385495f90c0d8316bbdac3e5cde500	6c7b09b09769dbf681ea45a5fd49842024c6cbee8011f0b785e11f90a8ac1661	322eced4108c310e56e41a8a98eba06b2f77c656cbb846e91932ff6aaf9e2047	7bbf3e547379ac1a534c151397ed18f4cff867bdf0c93975264167475b29d473	37f4617a255d8c2ef182ac211e0b811d6d73b0039910a4864b5f2f6bfc70e1b1	4ac6e969acc1cafbe495eabd4f20be845abd4514426d3b046457d13a10fff37f
414	d453ec5b88cdfb6336f5b0076b33f26c3643ef33b40e58c5726d55f4889d8d1e	2b8e5c1cf5e0426c4c1ca18aee67b231898341f5c3129f3d78713620b1eacce6	aff7fe5c4266b3d57db9ae84768ac63422cf61fb3a8b3cce4929b8194f68b2ca	caa5594be45f9e499553d3d16a7d495903c4855069ed53bd4a4c3e717a6af360	d002c6ac4396b8fa4c2c69e8df5e572a98539b1ac99fc96b6c41fef28fbe4268	261fac4de26244bea9832e2274d1728f7f616ffb266ea2f75ebf65b8a43b9f6c
415	0d3af204228f9369994a83006839958aa85a53448a60883c51f6a7218fef292b	49109bf59d438dbf7bf146692f0d0c101fb144906e46f2dee56c0de4162d35de	94f6e6602de0286a7a9d661233d0cdcec419aeff80ce6b324b85ce90fa07ce2a	12d5f88c457bdd79799802f00ac5ebf260b1660f8af8d3f7d465a3a058293189	a8149f5e555c7d2922b9815c7ecd7763ea893c9a317b9465883d2c4134b7e3c7	073af2a78beaa0cdcd0eb545a73b95f68ea6179a715df88affd6fbe91c448915
416	42f0f8fa20dcf4814f2b246c40f215285552742b8b137259c8d0f5ade4bceda3	7c73d6a156bf045c8f2ce4872c1829a7e11f5db4888b914902aa9d97b05f942c	31a6ed35f46f3079bf4a7b1ecd18ed4775a10dee8aa9aad7e5c6d659c24585e9	b2fd451e9bb11b77acdb32ace6cc43673357f579805dcae62654fcfb712f88da	0bd1436199d00688cd39145a279653604514ed0bdf41e4aa1631c521465cba4a	5d3d7b864eec15f8a1e0de85eb807f33b8c522648458cc82cfb19cd4f82fb62e
417	8a3904dab5bdcc16ee386fdbd0340d7ee36856d36fca2b65ae89992769b47579	a8eafa5d93b9846af87b0eb06f74ef4dd4725646b0755c72baa7745690db0259	6868e27698f7c90dc3a615e5bdcb1e9f84b6c82cca662490be1e6a7cb84c25d0	b4a4ff987bfb645b56c922b0086a8cff932cac6645ec40e6bc3f91f06e511638	bbffd55166040ce127a05614215c2b8955f58101a909d2bd378840e19bbc2865	e03dbd666532d1db401243f889297446ea1bc8b24ed35f0041aa88d26f5d1342
418	1e24cc69b1897b7be664c5157370b6777e5819b51daf7bbc611c67d9b3817c5e	712c40e2f54545fb1e5433cbbb89d58e57825fc054457ff52e07c2c7e9cb4cf8	bd148c2bc58126a473b405bd093e48bc621993a865cefac941b69ca4b82c583d	017814584618bd1cd973ea13db16ebcdc20c04ccc518f0bf2add26e7be8dacdf	13c475a6617320a42ea79c27a7e312931165d59ffe518d74def4bc8e1405ce74	76907fa4c30f6cbbf014ccc61430c3ae90bda4a9ac42b480450bf3631c58ef44
419	5a772ad536fbf32647dc8ef6de4bcf3000fe213d7c1314e42b6f89a55816242a	b587706a61adc185d5bb460226803eba878709f476aaafe829e24f2ba8fd9d65	91e5cf601181033ee05fb4cf84b1a80067b6a2e5703d73f0ad0b118d911ac428	1ab92ef525298377ee6979f45e7a1b122e0f1bff7ae6807795c724f5d8ba9e8d	9b9900b8ee612676d297d1e7c822d2a0d49f6899f5560ff5e49ddc9d3bf3180f	619eefbcc4316cbaaf83cd8b8df761a0d9d48f8d6275eedda52a1c21732ba19a
420	6fa04b61f7987c23afd0560e48e851e5ee52905919d014656857cd5ada75f839	a1c6a227ce6d1475883cd5fd2b5ab30339c66872aaae6ca3bc155bb5ac9113b2	92846e70602c782e5a324cd73286eb8c1f62d22ee5398e83bc856a0e34105e57	06007194bf6f4ad39ba2eeed8b8b27a47f5cb6694a0ee6038173a68899293750	20206b38bb79b6532022a1c486d5f9c760ed25e9ffd5186ad3d92a2a277ed219	7217942319da8dcc177740b93db41f046bedfada4bde6ed6c428e4c3b339eef7
421	c1c2981c80c3d77c6f632407bce41871ff52079a30c2b900af44be6f0bbc19d8	ab254f30dfcb8f076abf81433b6e1a80f0cdc3338ad803acc182199f1896f359	f741a4002c238a59e0747ad707988f5f0128ba8e74c65723268268f5614666f8	252bce450cbad035a70b85e024659b818e7b634ec9e5d20afedf0e842b8401dc	bfef121b92bcdbb3ef0406a586ab203e6e8a3ded38aeea54b8d71c1e65efb274	3ed0136148d25964dc20a8350f4d3916888802e7211635b5d1bf12ceda10150e
422	dae6a27b998fc4dae01de99b67fd6735cbbf3c91bece6aadb2b96558378729e8	c420e2e24a7a3e7902edd443407255a7b38a21162ad36b4df00a01bcf88cea2a	091cf32972f543e66c55e5d53828074cf35a4b5ffa19b57d7e879498eacc1b13	736dda797fc8b9b143c4c48b299cfe17ca675e636b4e5c05d45c2704a9bd24fb	e7cadd576e504d1d52946f90d10b10f2b3f5ea12f5f48d5567fcaeb65600fc42	4af05b56f2111edc4d728d49b1f6c5c4c50ff83e4e5b3e6adc63979e7abddbeb
423	9e885887571163a2cb2ea8ce08143ab93a402148131c579ffa3ead094aea0948	13127a6e02911fc08cc65df0154527ced5330b6b9d3b4df9d42460cf857206c5	f6f41ea7d2cc3f3f842859944d580ccd90406b03df4ba051b32718d5ab1aaa78	5c9e176d12d9156a2ce7506cc36c569221ebe16fbbba7bc266b4d58cf3eba257	d984770a12b556a35a3559b70abdb7e2a9db1826eaca88445bd0f427397bb6d3	f342df47913c2f73926dbd9ba2d1e25edb4bab152e3d868a4d7a9670595f27c5
424	798183577d04b07f664f670e16d6099bff59a6a87c1e37d59223a0fe9d35f7e1	0cff2b43f037c59c4161c217ea5230ae2444e7e17dc07b3893f65cf93d00f6f5	ccabb7be9b44385f66cd7d52fd00c4e2b8d1a803c1023b674d39778f491ac4f5	2d1d37262ea3220dd77a76c85932af2693e8fda21f1401402415e670287577cc	65b9344aec37a57e6f4225a0184cac20e490dd19361c31435e8e9ac0c8efd0b9	476b62573340c6fec69fc542975dc1c939eed35b920f19821f6efb1f1265de1e
425	6dbf3ada880add972fc98335de512e5aaba405ebbe55fd84813b55086834152b	f9eef400701d7f5bf011f3225abdf13027deff38650df4a73a3ad7d388b98f39	a3ed288ea5784d7658547a949081f7bcf21b3fbd0efc9f7c5f7d0249769f5a68	fcbb394161c01d66e92fa2f45af46537be16d771fd12f3fde5349f089fc51445	c92d6e88fd252145730fbce2ce22c2155bb3c5e267d5bc5080aa6c289408b867	c482cec07b9241c1f70431ac061c4557324f5621fe6879f58ff114b80b024cbd
426	72f042ef0ee532e42e7bd56f1c350e25e589178f27d12d173c93e9db9047c356	9720cc8d41aaa78859874514867c8afdf9fc017511b6b0f24337cd893cc04bfe	7903fe9ba646f8271d9aacd5a2991b72f241cfd01c4420482fc87a7aedef1752	1d0551f0793b5d2cfcb593dc30a12ce37f3c52dca83575290a239d8ec8e32138	61f311043c65fe6e6c297a964d3486eb7ccadf9dce9fd435f99ebf1fc6a597f5	041ef07939bb19e7ab9c53b10ba120323ff062099f61f09b0af11cd4efdabf7a
427	463585c34c9be6f6f54eb6b8932f4a1c9f56763f7a56dc4af225790192830871	46d7fc7a86c68cf57b9a19ebf6e23129fc3fc48c03776aecfae573e1c9881c03	de3440ecfee6827e35057c380dc2117a625a4f168fab4b0b683133b043161380	cf9711a01b82a3d9a37e3798052b58d7e5d6df3c03efc1e4fce8766ddb897888	f79a79c658ed2a8c31424045d256c425c6bd355df8a7ba4fe78937a684217cb2	e116286c8dd231fc91ab6c9902ef5e5c1d9b7c5ff8cfca5342aec0a553a4f188
428	0e220caa42271443498c8c4016c9c5c79fd7cb8ecc93c7ff37471acbc3b02d9d	8fba9049803407961e056e8fd8ebd4f90ac97c6285b62e208864fde465925aad	ed354a5a4fc474c4a0ba5222533e68726ccbfe2cda2f1864782be22e0e9f806f	ada62ac6ffa92fc26b3a90347f5665ba0b7e1cde83b784f8640a5e3d98091c76	e3b6d4569c3d5fdcc5ea5ca183522d227a17ad3fbe5ed406ce53698c136b96a8	99e6473b0c0547050cb7e5eca101fe1747ddd0922d4bb66ec87fa096d6a20d7e
429	4789d68f1d77dec1b02452a7129868f2806afd0728d1e5bb790e9ef9291eca31	17fdeb57438d3c3a09b9f1e772f6c48c3a0c3a93e5469ca1da4bcf03bdb43855	5e45279d74549917c496c39a46011b72c65ff1d723155ea46f36d125e1ffcd38	90743d3951b5a5476b899c4f2273ffe8b38e5fbd61142e11a97c67ce1e82665b	1fa1de1dfd5f3329b6cdf97179983f613e10b4bf5504057e7b56de286c1833ae	499dc951b5f46f959f972019c0d8b3a2a4ef92d8e60c795ebabd7c79074060fa
430	7b1b75386e1ac60eb9e1f71c305945015f5c4cf1af349ac011a77052e814b2ee	dbe09d3502c35db7e1d6eae81df50868cb662066dd40504c784132d35dcdb66c	79b99354fd1d427c11fb7f341642037c19a38ae14975da343cdc0b2e0771f06e	97fe53180a5f0d3c0374b8e089ba26e9d2a04b830d388a8b53a1872b2101e136	e457371da488c7cfa47d8937c6aeaf0c4cf3600849035245acaf451d3d1d57fb	c14e43fcc2670545705c90512f74c386eac6919bccbea5e690d67f4f42c10da3
431	916cc82327e23ff549dac2fddf812205eeb425202e8372de2790253ea8abe34b	479c73a7f21d0e617c13cb9c1e95263c2e9f2f360d2070c95f4d1bbee12598af	548113423d35173934015cf2f74cac9da2b9a053bc6e48c0a52e481a25562dbe	e4ea3672bc2986e2eee7e55fcd494da055ba1cad3f175a3371fe3d904bfdb87a	9e33c14e1946f7292ea8a1264c6ce97bdcdaac0dce9a7e13dfd1df3841da7d30	89e335ad533cb7250495eed04150e0ff8eba57b36e351db79e5181cc7bafe67b
432	0b7152247e859d5d167594b933927b581fce62244b9186c5255f701db5a8c77b	21b67f62b0fb3a51f00b12c82d7cf2e62dab04d39e84e2e43ec39086e0f39ec8	d20b60af7cb3d099d8baf2d7b9b9100e265eeb1ddc171cd95751b80ad6310757	e35f8e51ef9daab09908f9187842029993641c24205ec2f25dbc386d4a07b420	b0c9731b32f6389e06fc55172d6681171d2638b2772ab17d7930e3190f54133e	765b1304f88e7713dbc9eb13006f0510dda1ed697068ceb5198e240e89625887
433	b9657a52b44ed1f527c86d2f86d640a001543ebcb06265b11ecaaf3c2095e459	e3aae85e44965d2e0a4ef9d61b0f65d5efb3b9b300debfc923c2dabad11b1405	e5c7738ac1202deb9ee0735b58e977fd116b6929969e6ce6c8a03d53547245f9	793102f102db1a179e40c6c4445ec040277d56d4a16cc0783fdfad0407e31bd3	2bb5e9c78196d08eeb03f17c3073b73dcbf4577c2489b06391bf5e4b438a4a55	6508c2856306b6f5fe3b5be3255160a16ec302bf07a6f906caa02f5f1dc3a948
434	fea70a181dae9d2d73e025cc67ee261522abd6b70da36929fed28388b8892079	dc9ddb7ba5b15c6ce0226e01442c63e79c21143fa94a25fea216a66d2597c49f	4d910cb691e0f5d0269fa834cd61efcc66e11047446919dafc750652833927ee	25b51f9bf1489ee478b7a67f992269e10b9339fc46b8d9b6ac5b52778c8c9cba	eac10e64e30d8471fc351e30e38bb2f65a9ec9f8789132a10f40f905dc0b9e0f	43b5f81ad4e10903d4bd8966c8b9ec3e3fc80bfe25348cb09969c45ab95f5f6e
435	4cbd63181735c00b062e92f6044470f006a1aa55606bb2d405ae9e1672bb077a	f4cbf77f66fc673eaa5210c4d3621acd07c86b80ef0d8e9cce3b0b282602dac2	fb7bf7abd69fe48b3aa3a2f5db1265633e67006d4a8aa17c0aa4d4842184330f	99f61276aee07e1f4d787b61515c069a7383911ee895f79640352276513b3b71	af359a4e1bf46bce612997965eb868dccec436d053fc7a389339eb0bb6108b7f	88c64eee01a8ec79a2f89923e2e5b1be54e570a279fd0ec92e7dd35ee5099264
436	248101d723f1fd93e40bfdc30848397af4262f813999cdf05f9dc81f41f3ff13	7ba41afcc4040b5b7c3063e5c5574ae24d17a0f8bed19b6d2f7b26c5c7a7f5b6	cb647b7030a08a91389eac02e9321e75fa4ecac666315b7597a6f4a481cd593f	5661c248d266fc831f17b4fab0faae72a081864e20cf0cf4f68d02f72e6e2b71	e96aa05d2bc258cbd44b4eb2b2cf3557b8032e552b1cb5298a9f102a26a4be26	3ccf93589842d8292a79c1e415511a6d385479906c0151bb26dbad6dd95fa853
437	08b46f01cff65d3b84dd719b9fd10d7c25228f5469f027987ef2788be57d6e27	373d21dfb847385a4c11d8394c8d9441ca9a6ad5f4c2f14c64f1c0c80084ff81	61d3db626043e180e163c2222a41e562805a4338732abb21207bf27120b3dd3b	70f2cdac829a2ef4c17dff3711a0bc61bab47175123ba6becbbbdaac727a53e4	2c949d70885c456eb50dc8c3b736f34b246ed31fb398e74be977e4e76e07e702	3911b8307f2331bbc1d3c62cd5908756a27d29cf9ffdc67aa5ba744db02c218c
438	b43f744c4f591d8e0fada6357be926b780f3b471acb1f994a09b7a25ebb0bc9b	f40455fbb585b76844d766e7abb92579bb6caeea34d5b68431b53792fe20f259	9419f23c27ec1eba795a6cc9166171493bb471e6afee9e526406c80c022d3a9f	0817c4ee2f63dd68e6c3687ba9f49c0be273b7950540fd5e70fb3d936a24233e	5fdc5a26a51c34c45f624847eea302c050695dda93c79d36a038365c13901ede	6c4cacede852aaeac4d0b5e72bb2a0b60f6f65f62af169208d48d60e03bc9bd3
439	8843cda9d6dd093757b1003d4d7a40e59e601d5280cc8d647a5541a1a27b8e67	7bdba3e10649eb4e82da15f976b1e63f19ce1412e1e6f7405b3b18dba32dba49	babe02831590cdd11b8cecd714011a149e9a6b0413f5105283e9e4f19526cc2a	060c7e673e8831eaa3acc226ecd37fa61b7170f19f3afe369bca36d30ef026fd	98e623e4702192140ba46b56b4db56a614a21e904869bba0da6c5f9471a68926	80d43877171151a6ca58a24f7a5e47664bbea9ea00da3e1e2076fb69b8eafc76
440	49ece42262e77f866ad07e84a57615e612fde68ac94cf2451e7ebdcb5f88ef25	07971ded4815a4ec9d631d56cd7fd5b08f304c422a4142dd600cc984d871184e	0527768bb1e622ee09aa8bd0f6fd76d1a3fb9cf6ae8f7eabd468f35a823a3e41	e9b97e03b1eb003eb0c53857937579c71c0fb41db511e686baafc5d376412273	de84294cf5ded87ad029cd805a8693c833bd9f78c7935bb5a3ff6a5af37949fa	ddb9446a5c7ea196d320cbdb00f5d4e538e47bc49325f1cdbca6ca04bdc5453d
441	2e643bb016100056e3466a07c1490991d2e3989fed0f73c58b97cd2c6635e3db	beb9038d056da61eeddb47ed3bd5a15f43332576932510321f8fdd67a4bdd561	28a2b39a72ce6758c490f1b0f8a4738bc9e19c1d78f955a839cfa23b36b00116	8963d096a5da202e95334de458da6e0509d7989e88315319af3a3fd7cc5adc63	d02e9446adb0cc406f9baa97644b74b83ddcbfa63089f1d8173aa83e8668646f	f743600a55ad47039d4ace3bf0473e7be6da43d91a96c80cbda5c1bb8af27a8c
442	9806466361980f9d168f08ff3c7dc8e267df3b19ccf404ae5f55966692758b4d	1efd3dd2f27f6508b4f1057b45af2ae47c05beb989bcab80fb7c93ca4229ad38	8251856836cf56714963e1aeb44d738cbe85191a56bc4f3970c9cf7a034f1796	c3df75fc6958fa2f69702c9cafdd504f3580d438259bfde4a424e1315957064f	c89e9559298bebcc652de93ae5a009c0afd47eaca08f96e8c90c4c929476e43d	15b1179c508e3dd3e012048dc49b88e060530d84f37ed94b32a0942c7a041367
443	a7d3a2ddc347e44d947d1fc4eb2769b468b8940e4d1207806248aa9680f51899	7574a4bd0a1029777b9766bacc7c7875def6d5cc8fe363849d20ccc520ace249	fe87fc688594ac2d598142046ac742088ef8f6c43d3d89e4dcbb029a6fd1ccd7	23c545afd6a7aed5ce882cfc5aa91a8890d515ba43304a06186bc6880581d98b	901d50fb441c9cb601eae7a92a1454ba4cd5ada05bf952cff6b926c971d83298	a42d382fb419856842d7ccf5c85fc3c652d7865f4f6100a715695175c50a2a20
444	7d0896f81707901089155cef2eda897386d6b8e735eab4d9f2827c92116cdfff	87452efe11eff3eea084a56ba31b4873dc41b1bbd0db87767bb5c0dcbf285af8	21e5832e15a06c319e78cc55632ce54bfd1fab586bfc19d7de203e668957ab3a	c03bdb765a7b8d0b72d813b95d05f57ad608dd1feec3ff3d8baa042c5388ca4a	1cc086ee5aeac383c0bc2f1e84e3425d39b9c05ede777c3c1f025337b26f84b0	f09bd428e8b241bd40afc6958a73accbda02549b172a84e37d02661d5e49c3e8
445	4d7a24c9cab1a569f31682d78c30dc9d5bb540766caf258fe45e8eaf24109a1b	21b4f049ca3df879ec9ef42182a5f54731947fcdb0e5fe8d1c4cbac8ea6767e1	7358204d08a480874f0796691588709e8acd11b3cfc174c25aadf0a3b7e168e8	ded82c3b02723f141b48c2205a2fb45dc24e3f28a7677189c8bc3679d3afa42c	0fc92b666e2c91e6089a4fbb8f73af9775392e890f18f66e30e265fb6c911439	eb211f87cb439e7298fb8b2223c6463af3a444aae1e08598cf9d3133acab88db
446	042e81ffca9df19b66a999e5c1f4d9c062644772818eb9054c50c1a7f8e4f148	f0b82599fa2cc36352b77edba206c7f9b1030d31c43ebb691ac1f5ddbe131b67	a07683b40245945b18b4827373c59692ccc773ff97a6538985abc22d272df67b	c79238b319016f521fe1c4d2e68e8f3db35c0af252229a008a199aba1c7b771c	9b983c63f1ad058afe9e73d153e7a0a7dd6c3f3f282c9ccf3b538f5a28f4a138	2d552694be23714e217118e240a7b99b927b87bf3a246530c74c86acd35f0141
447	5abc4ad0ce98449dc77a6df23a88da01200a912c0cfbaa970002a259d4b620d0	59ef35a638da92fa0e90d1943d7bf3459d3131051994ead8d782639fed1e9cd6	bf4a6f03e6094638f14b6b77a2359979cb372a2a74b520f2d641c5db8d428d60	f1045e194d43943977d01ae5bb1a58b2941111d09c653cbdd6abb996029801e1	4271b3d9bff6fd453ff06f7d9a3a4b21e0ad4d8e156da758aac6d3ef4fb27a62	f7d5a4a543d98fe22a2efc1890cea0e41ea36a5542eca81f7c7a3a385cd2236a
448	4aa0a759c30d104834586df643870e0c80d91ab9aa763ea433a33c952ca31fc8	44b210f7b778b58b892dcf45d46a328a2fc985930dbe69b542e296a2cab40be8	db67f22f7af3077a70c53156ef43e73d2be5e3b47c2ae6685298e36e0a6f6599	92ac594f3a79e7f1e6c86885f03b6c3e6425af018229056b117e0a98e14f7d50	04e4afd5f77a589f8d9edd180f989d4010bf5b7c672c49f79af728e039c61345	996bbd9c28e9f5701c9a4d0d73e33f139a7da9fbdd8265b0a5a22fc13cd0ebf8
449	15b914d219532896da44cf3711991aee6c49d50a280ccd01410b03ca05e2388e	8305d142ee84d1b9a1b8494117743e467cb77b0ec679429d3cd547b672fe5b5d	dd2db3ac85717a9d30c9c41e472acb313c4332ffdcda1d097782a172d6747581	836d7dd2dfe0a08b60fdf13f91b1c773fe9f318daa4a5768c5dc715f3ee2e399	14f8b0cf882862ad0a547a07912d1c78d21b9229caf35a6ce82a6867feffc36c	850a8c08ee8bb170244ef41ae5501aea74138202cf95578e30859c2ac6c7591c
450	3205bac5b27eb2734e0a172410a8c36fbb35a2b5b2b5540fedc149ce4f7bdeff	45cba34d839ed03c31b97ae5aa783ab4ff01523284025e0c7fdc6f67df8f2800	ba7eab813266bcf23868f2fa9b9f8d684f794c21bc56b5972cb8554e86a44053	b3e6692324cd9077a1d0165bd1fec9fd5f62b66822aa8de5aff1d25d9ba3fe35	67724aee8307b5a0c08bc172ce4d22dba91051de750190c4c9372864cf8f7e52	6c87f63f61d284b55b14a58aee2b615193f388d3b6b6610c7d87360cfb814a38
451	9bebd84591e642cb916e56fb3d97f0aaa59fbc4454db5b0bc36212065d6aab37	c09b79f9e02cecad6786898f072269fb88c6cd5db15e4d49698473955b0dcc63	df9a552161eb83aefd49a64f512fc186066a7b795d0b28a434b0d8e7b547d448	eb78b47e074e440b31c28e8c2f19a615108f0c8d3f33324ce2c1ab3e8935e6f7	dc3e3d53897b255dae5995c493ce29f359d3788b78cdbed128ed8823bfe3acc8	57d40bd41720187f22d2bc528dc7b0a4dacac80600f6259b544b2fe80af3f09e
452	f960a5ce15c9a42918bc159a0193304706ff64610809afd5526a1de8e11686c1	c9d50db388863f1360672ddd553105a111bb2732ebb722372b5d66538f74c6ac	fe9a1bb68464c2ea91d32130354deb8eb97ea60002b75938e6b7b32970585421	0358d6d9e163bb35f2f3804917eb398e7826b6d681b4775ed21210c3dd258a71	0d83948ed1948cc32d35a0fff42d6a7bd61c668b9464265427f34b2190cd4d55	5180627b28dfa477b29cde2a764400ce1965d08e662c2b8f2a59fff10d672898
453	992e3404db5341f0567cebff9bc7b380e6c81bd911bf2c8f6bda5cf3e49faf56	8d4c50121d2613250a120019679b48265b004f288cb8d6f82f9536c7496b52df	db837c6c2bb1dc738d12f000acdd266272cb5a881efef63ccdaa3cda5e1d2a3e	5006e4bb30b7baa25337b6e75059f4f1fa8e0882cefa76bcce103cbbbb934a31	0739823921c972537a82c292240089eae95ff4ebaf6e3e4dad5087c2c413462f	a36ad7079b68e14a11db39bfdb18b2b7bab81f5eeed8ad3bdc1fd9d3b900a8ca
454	c3d53abfa5c0162284b5b0d2ee67249535a2c65299ca675a19ff9ed440247990	7a58009dbe97a762e2185a4ddfd3940b1e0ccbcf32b7ceb990a22777bdc8757f	56943e3d5a3586a198ac017578442e40b6f9b42f564f8f6a1ca72983f58611a9	d533bad41e548a6a6b47bdfc624ea64dce90bfa1a75d03234046dd0c4ca1f5f1	8289a2ec4b2ec9140472673c9bbb7921a2bde0d615262637c47def4b709509e1	5c389d33bf8723f2cfb0de13eb0e3258c8eed6706c059148afa8bc3e9a37489a
455	40a10a0add579d0225cbdbda961c41eee6651fd55aab51b6813216c6dde78e91	259dad7521c3b3515b8216698fdc41661e4f1865d18c5d27b0bf9d106978390d	317ef5b0dd5af6b45f594db14e8d520fd05bb755b782e9e39e5a202019643c45	c5cc0646b4d61b78afb5edde4c01052cfe4166debf0322d09db075638edecb84	9e494d20b9682838751f1a9e89a285a157012d3f19efaebb1aef43f49ec2ab29	40d19a89cf739929eca47a3b88c3e91a0f07d66dcec64b0c0c41625022ec952e
456	a3985e501a65e5049a3556c1e01430a9eb9d2cd6351bba34d085d9c5040843d3	50736d41df1980e789ba52463f8465c7792ceea3fb6c6f874c2651ccabfc9ab5	f101deb37883be8323ee703a8051986fc63c01dfd3e412cee45cc600e6c42a1e	a64f15f04df42a97bb24ae3fe264514d064c226d87ad2d02e16e60b8564b9165	cb0263b1167bf76610e7f8302bc76eeae20f4883d522e7de6581774062ae5706	a749154bf38f9d4f1dcc75374c263998bce6c44e1300a19a63c76aa24d4544de
457	77719b7def3ec75fd9ed8b4cf0a1a0f581b20c2daa28ded42a5c44ee2add73db	f84baba1db3869bf5b14389006d880950b2c41b364efb732fc2d75fb67c601e2	778a7547d07b7fe33a35f520585cb59b33c1dc870252311579dc96040e311ee8	61c6826a357e0d431d160441f685e6a375d3605d40471c25d0e3edcfe6465c05	7aab64ad39d87b480044d1b366bfdb1faa6578536d0b1b08122663e9937b6d69	2923e90ac5e3df2952782ad5f3766fa4bf867ba942d55734676ef9179efb91b9
458	48492239f4e785dd20f40e8b52fe3634807624a5ea0970c5553db9522165b7cd	6147f67a554fce3877a753e702dc3db88c2321b076e965ccef705d52186e3206	a0995b6b14b239e8cf6e15be4524e5e3e506ae16b6eb2b47fcfb6b129a603100	0fbdb078f4a797b4245d369a3378da09ee036c8c7431d4d0d8d04938208d2e7a	c9d44f4d64b9700d6d28aaebf90a57ab89d9ef0ce03e0e264cd6cd7fca802573	12fa5301bcb721f241eb9ba2186512ff384cb1e2b7382bc915344cbff06b9bce
459	f4a00369e5286ad138485c38e490d45f43ee2bbfb6661da99bc45e7f5bd95cc3	3f1ac1c1fc15864c45ccce8b05bfb11700433ae2851b7fa174e6678e5c6d8616	b91849056fe02b985b000450197a2f6ef5499473685dc5bdfc0e2b020d23afeb	9f3ba6082122034570db53d51e53a014654b0ddc5162f45fe14d275ad24e2c46	282a14240b4fc63dfa11d2f3b7ac73bf6743c192ba74b3513c9ded51dc05ad7e	ec9666fd04f7f684bb0f0a0c35f83d7054e6b1cd0f1c55daddb35ece9c347be0
460	100b0bc1cd057e5ef16a203c67324f6fedc3c4329c9ead624812a25ae27baaca	c91f8ddeab5a4f1ac06412200c52bec15a2a0b6e02f89c510f6ef1cbcfdbac94	81094b4efaab7a5a0155380567e3540cdd4e212f38e70b36391e37612761350a	4d74f42178d7875f6184d84ef9607fbef67e761f29e290889382432c14fba67b	82c5f6765dc6137b4135aff45069bb7fdba394f692ae52514ea85b13c49c4d85	16b259236857b525541637b51c3c4d946ace6324d58fcb7ae8215dcc1790a501
461	902a2414b3209c524338181c751d748258b8e09136750b5f3a353d1bc1b44654	59d9b83bd96a319a6a07160fcd10bea794772a2e7a163a10512e8c392b8edab2	ee93820c458d51fe8eaab6bade0fef1be112d76c8cd62818a184dbcbd79066a4	10b6dcbbbb2ff98ce29aca61f896a2e5daf10ed5bd0bbc779fa1be17a6a15957	f306746a122ec81129f3b83021d069656d55726cca9239652549dfcc0796e440	d1a94e31cdecbf5a34e4b588a99ccbef837f55ac2631aeb333626a42b03a90cf
462	30de333797780f633f039db7168b74c766635a47325c02ac9c1ec90c4eb363dc	f8f2114c9fc7ecf592bfe439df4961ccba5dd4738be19048ae892d9ab2da0d85	3e445c442382fb574f1c9cbd42bdad15e7adb162a186ffd2167e05fe84e72c0c	0a28d639a29f0fdf7438bd52f66c28161734c1086f57ddcf445dccb5b35aecc7	e63a3398391c157c46768d3d35543cdc45ae9b3a658b4cce7781766a2de4e7d9	549fd970c26a12e4df1eee008c723c8033ee17a621a28b17ec945d4096e1e53a
463	8a1ce823ffa4afcec89c244df711c07e8c1bc9ffcf1f5d586bc301a2bdbd53a4	bf63d9b09af5cea42155110379229d533a90d2291b772b9099233ee3a34c56a7	46d87fb75f10d326712dbf76bdc913bbe6ddf206f44e53d9d2e83d583d55099f	b5341eb8bd3fe1979a4b086c28832e2a89988b9eee8050fc14067f61cd24e84a	a115722165bd676190109db8ed5aebe9ba531d99dfe506f1e86ea7c0f3ffb625	0d50a963936fa5f976f42914595771cc7ce99ce6168e0f8b70918e5ebede89d0
464	242451694774d3838ee3090ba74ae108647c0ee2463450b6b3dd518d410845f8	6bc03f5f911c569d54d467ca9cccd62546aa34f4bcf707c499f59cf439f9ac66	4c69986ef9f94df37f0c4e49cfb755547b66a4667de7c46a6df14e032a432e18	71a343f615810f1584da3fea810430f48fc96b1a7284334731a6fde897c0f5c6	2d99ad58dba7a97ab652e66611a8c3a4756a4f46044d612b2ae79d21090b39fc	18924cf91a48a5c31e967eb4bd1c837cc7eaeb14f4d20009bee42fa414e487d8
465	9bba759f28c355550b3f94ef5aae77086c8a001c1240bc55a905b946eb2fc6fb	5f9601e73217dcd747e003303d964bc8ff717977fdff05d9f396dc051e1bf33f	bd73867c2a5255a010e32d3bdf344386bf3170180afb023ae96807d5ed68ebcb	4c1a074ece82c050968db6dc8e05016afcf8802892847379ee4fa7f2e1ef17e0	07df6bd303f7a9375a697e1dfa6a1b536d62cd305b983a0c56565bde6e2976ed	98b7d182c93ea1bf5827c1dde5201918238ee4e440e279c2dbf74b0622955767
466	b8dd518b1c58453b9dad43eb055e1f994ebf8ae2996ba329c42a28ea792b9323	a2fdbd268ddb463373170110e58a3416ef2c557dbe48e96b7ed66a505fa1759a	09cb4fc8ee08dd71957c7869fb333a3321f907a67ab85e62aa29ca37f0d87448	99dee8604839bf70c554be2f02f459e288a74c969979ec4edd160d4c3f18ff01	a734e52e6ece21964b1aeea9aa0b64ad0a8c7420a7ddd51fc6f84c5de60b560d	cb607ba008f89cf334aeb5e32a9a3b4af2cec5689501c884ea936b041e28aba2
467	34a3bc398a91c7cb8aff15d2bbf9e7f0b2ebd5087e0613e4702867ede3f0ca5c	ed609295acdc92ca512e846c184ec1b6f346f43941eab37120670e037f4ed657	7ac4dbb1bdae3d6b042f0e9c0769241cad4e6b86c6028836428f65d8890ba9b4	17418245a4c85a797adab9a42fe6912184b8e55ba5d3e1767b74521e80966d8d	fd9d40bebb72757b495adff0660d5d85b8b1062b0f5d9297b665695a5f450a16	7fb5bd2d6b15242c37a0be4b62e703709a8190b84fbb778718af4941f0a11b0d
468	0079325b89e91501fa63972c6647983fcd4b001652dac972b114e3146e035d5b	fa3c6f58fd77a8398b7a2407a73c7cd207ea2b20bf9c51cf31c1d585c0f33e52	30a5d1e45dc5b54aba806a78cd0545c56a7935df77449d2baddca6a9f318a403	c32010d2b0d67ea4439b8f82f36bd92f872d02831767e224b55ac0def529a911	2c8830d9eb9140432ddc683ee349d9efd86d71dd8239da709d2c407ac5617d8f	890c14a06fcfa5bb4a0d59a576c0ec6d3293f1c1c5551a926105b580a1fefe15
469	0312a5c47792e295a11c23246a754d360a7abfbc935ffa5bf8dffc419402f35e	a95eac73b73c3ee62b0ccbb8c69b0c7ac9e5d1a294210eefc42db847be7be077	407f7234c3256ad5c80631cbf18864ee30950988bea9536ee424bd900836c849	c6435aef159c2c4689ba343ce4cb64657f442b64d46ef729f3dc38f9fff17357	7ff6ab794f4e2cbc8601fd049c139d0abcb20e73a56561345f9bf2307fb47363	bb6b75d142ce0d0acf210836371c0851d666eb3b1aa68805a717377e1e8f8465
470	64e9be4dd6ce9ff186da489d91f7eea1d74368d14387981b668fa6378c205fa0	a944895725e7b0ac540dd542f92fc74fd13a1bd6857bfa6d7592a37b9744b382	aa9ededfe23a2c0edcc28ad8640a78b668b139d2c8c86d972b27a938399a5a2d	d4f2281c325de8246544148e552267e323ed20feab85cd528698567c07d5ac80	d611ad4b58b845798cd8df3fadc810117fc736a2683e2657ee2c035fb81d2fa4	a321a676b7a5ff8ddbab55e9e5b3cab45c6c97e30c4ad4158c9398cbeaeb9259
471	0e74d41dcfc815c4ace5dcb475f4e859192e97f60ea74668c9453004d08b2de1	260065c0b3e7f0168f0b0565dd3befbcd8035bb8259ec46a8fff574a98599fb4	34bce3d5c42db0df152a055c73f90a50c779c6d684f762f5eafa242ebf076f2a	de4533231b115fe474119485e3c643efbb1fbffa2d75a7927b71d760b5ed3a55	4cf9d283578f1b2716782e66555e3e7c7974d2173c38ddc6543ec8281480a54d	c169b515adb11f7efa5b711eb44f46ffd6b932f3e0286898f11c480dd83b8b1b
472	1af661f4cc29f85a78b15684a23f33a02d8592dfb5e37ab764fbcbbdfd8e561d	8297557e6149d603931912f8052cd0556d7e13e51f64b18541374a500a15063e	8ae118bf0b9a096398ac1277a74b8e51d5b1bcd053abfd384b279125afe5ce0d	b8e449e23ba7cb0410a0ef3f74d843a84ed16c617982a7d5692fa4bbc13b5e13	538385f95e7d770d16ca6edcf9a47bd721779e9c7c35c2746e47974abd89ab0d	405381db300c70c63350b2e3ee972f425f493b6112ddc281c9e9abc61f21e065
473	ddb344634704ff2c99991baf7f91b2a047daf75fc5fc4c5b8031d53110d967e5	928755d637f9d399a352b06ad2686edc59b43121ddba25aa39e3167768742a9e	29ac6be5725847bbe0a014117a65a496963ba870f2bc9e45bcae96b3414c20e6	edd54e3fbc031934ca49b9701716b1bf4451fe3097ec0424b414a89ef3f59736	4ce14213606094bf60ea9822d068a96d851d7cff0ae29c685c9f44f2835ae5d0	9f0aaa869cf67849bb856733b355be5b206fd4bb87cd1a77d2d36b8c12375cc2
474	8b5a7bac510c944c1dbb770fce0214f77fbf1c5369683f258a7681a4a4144230	bb54f5f0f699cec75b0797f9fe90c18e336c2e966dfbe1f44f8546c75eaf995f	4f4cb5e590a5c7c6244cf29dd2085703a1e092bd9ebd8d3cbd63cc1f6762a2a2	6fd1afe6addccbb399c4622d72eb2232451aadc482eda813e685f8d6e098c227	2627507584382495ded3f3e55465ba6064c9fec09ca97dcff52e145a5efbb193	8dd6a0c690cd7cec95cc961df522cb0e878261d83ff436e3634bd19e8951ade5
475	713b7e2124816b1e08e6a39ed4a75ae290293639a4f1a871acbd01c934854d1a	1928ab3ba089d185404c810bd066019985466cabcc70b69c22d07b47db3b2145	034db87e65be85d47fee5efeb7c1b5b8fbb7e1dd74cac454c0f9dc5a1597e8aa	523bbf784a25f96ae4dedfe9f7940ceec5630609a9f5fd302d911df2d61e08d7	e11e18f6cc6bb4154661559e9fcfd4d45df477a9c86ee50e3915127c5203bae7	fda4cba951a29c631a2d7c55f695cbf5e3693a1acdc0c2b84aaef9694ede5c7b
476	c785fd4b728eaf1655ac9d56b6cf31b538ad608c19ddcb92344fc327d5b9e7ae	48ba4ec785b1df3bb7f67298153945b7e230b80fea5b7ae3dad5167b1db0384b	8e65e44e9c84a77280a9b27577375c8eeb8f8045448f01e13dc632def7b3099b	cc3927fdcbf70ec5308797e46fcc2e9cc92713298dd9517dc2315b4870036f0a	466bfb341386c2294c0cb267d191b1f5ff7f8c246b7ebc0f2a1d44b14543ad98	3aa984d8895343a2ef05309e5468071340f89d2b0c16969dd0c1d8668a59e0c5
477	502ea29abe62dd9eea7c09219495ac3fdcf20e17767dbf78a4d86f84d8f3b4c0	259a2fec53bd9c549b51df4334d44733a40e87d9edcf9b248e3b144f0a001ea7	b86d691eb037c821a693bfe2c0173ecbb894770b4c7401af0622b9d9a652e446	4887bd1cd4be092c8583d3b8e397e2137dd2127f8854c07ffb48dede26391a1a	3d99df3949c869ab079cdfd0a71ed45131497dbeb719c24d623dc2040fea7320	e1434de15bf349281cb1d8636d2faa8a38954c9810506c978aaabad507767d95
478	6378e3b34f8f9b7c9ab98b6a9fe0ca7a5644e384119f7ec1944cca076ca34c17	06b468b2acbb8383e3b94d7c9d2e183eab182e07828f55453dd45f77d5791618	ea3943cec3bd3793a6ebe869d54de34b9e0ef5751228af9b6bf19d83a18cc847	65b2757c82e9f154bf25af2652ff494d41b490b293be25ec9bb3d287510bd881	fa90093177db05bcf027ee460ab3eb6fc033094db87e947df154079f9f261376	c60e382de3e4b0e7c943caaa94135dc3ec0b09d66b5220f3937d7186afd6f860
479	a9724623a5ba96d4e7856a0940cca0bf110b02f674f01b15d2715116fbd9a89b	35ba64632ba8fda60e8f4d583a25066837c21a62a9dd83466dce7474b6fe2f16	846c4d9c332d8a5791c1685741c37c5b0aed0a20783339d51d91d63e1f8f0c61	4f44f542fd04c4cabd99aca3ba4f5b73f9db777b598721c8e1048efe527e53c5	1a3b002acdb8d01e2182021eaa14141ee445ed7aea2f6a8f142f5841dc2a697f	ba7879a7f86d84e0368ebdcaf471d130f4ae92e3e701e52dd13ae58620431a28
480	ea60016a804105aa892892e3338c8507d54b7decd30ec84115a402989658488c	f8ef877492eb409c72b06ab7808746e456f29ab21699511eaa5085187b7241d2	11eb6c0097450db5eadaf36e9e77ba36f329611b3b20549c59ece12613febb45	0ae178e4f8d166dde77f1a1c4ba9f0b23b63af43d8f762de6b155e1703ef57ef	82e1e6879a1b5b1fbffd881e8caf87ab1fe765ef6cefd9d9bca73edaa153aa2d	625b88a572bd934ba8bfbaf5ea474ccf20322f39ab53218735ebe26fb2b32089
481	020857a3f69d4e553344f89132c4ecb20d2dae764cf358b41b022bedda23e9ec	32df58eec5f49c69feab8ce02a8585a8d2a161ae222b7bb2b65806603a9d5c3b	46e05a4ff17dd309d13914eafe23fda398903ba577639df3c6b071cf49e0c4f3	81c564ba257b26ae690cf7965fb0a823f900f8817da3ba4044eff638a242cd71	75628f560a22fca2048a5e123eedd0423858fc215b4b1a26e9a3d19801eb6216	bf1de22a0ea9cbde2d5290a60ce2b3300a3399ca38f09620ef2ccf22da8e558f
482	dce43509dcb1a50126213e8f746ab53003225af5d27bcfde24fcc9e8965e76ae	606c1d166d10d76e42a1989883daeeac1973e6de04cd6ef18b7d4cdadcb6d678	5ba09aca36f23ebaddaa5890376f098c24f9923b676fa8d3336ca0e555043fe6	3e8e5f883692bc3fa3e2dcd9a51fe8b931fb97895471184bcd56f346542dd5fd	2e51682f3dfd2ffc28f73623b066cef9965392747670f3021cb2e603bfc8c3e2	27089063c3daa51da4b224af314dd68d6bdc088f25d7a9fd5c9e24405236241d
483	cb17da71ed0ed25401be81649502df801804a9a617d5fcf6cbaa55cc1a95da19	202c1116f066d21fa6d69a80097bf50d819cd7d95dc8b86dce7fcd1d20f27e2b	4144815173e67b3154e0e2309b988c8478a24a75e674b2d96a4da92a831afc84	f263c5928a9f802b3f4b1e649de63cd83f9bea1c3b4259845dcac42b775c2b98	c0ee1d3207d75915f7015cf881ca2ce42f2b805e0f087f13d4ec157d58be7bdc	9680218da205f9812602d0d9abed8f1d60f8ce68063da2daedf826cedd002230
484	867b74b31710c034c8839a54d852b930cf3ff2ccf8e76e95524b07f95cb9aa7c	b159823aabcf61701d96667a283d72294345e08de2e1bb83898612a17b1d831e	29aab9bbb7e7c5bb467beeb2868701ca218dd6bc9ff5245d61171e58113b183b	65246bfdc39600ef1176fba15ed3bf875aa3e371395106f3a3d2b227f31c27d9	646519ad7cefed9acd1ead2b702a08c8fc860e6082a2e55ce88374d56cdfa778	d714ee2f2884a3c23a8ae21394dd3af3a90767c6718a08c515283acbe29d6947
485	a1435d15a43b3941586164c19795df6fada70b935578330bd944df246063e3a3	61ff4230dfdd5857c6144e7d8020db3fef69ffa69635398bc229df61668ae119	e5d0adff2c4614f90551d5ef370391370210d0041d8db4390e965627d5a2a482	140713e4d5adea0f35b36d407bacd70e88b4583da5d51f7bbc9b07beb27cc5f3	896fdb938b676232f21fe80934e1d9e4542c897d52ba48554810ae50cbd052cd	e4681383244fc89aef147717cbf61937c2056c120e5f7ca1d6f169482c16cae2
486	daa928fe33de1379e028489a72e9d66450e764a876d58e9856b0516495c899a2	536f63c60cbae62eb590b716382ab804aa835498311b480c91f4b30e314f9647	4ea729e7483fd14b745b64379917d03acdabd1e76fa62cbb914caefa56d9aa51	5d8682ed8ddbad13e0aa0b21bae7b5ef21634f53a70fed964f5e2b7a63302fea	28abbd308edaeff607f3573c5a290b8de85a114c596f93a5fe4e1421a060d55c	e597dc328b552f2a2f10a0cd6ee6d034ab50b0c778598142ac517b5c25de986b
487	3684beb0a56ba283fe7ace980e82310a06f75eede6bbcae4f1734e0d96e4ff52	93172699b9492625358b500e8d77e2cd6babf9c331529efc0f55c04aa382c2a7	ef26fca70605e83b5df2e4f0ff7ee2b9d0f7fc81b3b0fe797469387d1ec74b65	66c6aa67d836df883c936cfdaea64f60bf8dccfcf84aa62935611cff5cf18af1	eba5220417a4a46899ea45aebec43e0e26812458aa49cf6bd7fbdc35540ad500	59fe19af53c63f0e6a074e31a9ef815c662dba708d3c16fdc0684420800e7fb0
488	98992a4c55bc57eaead4dcf246b6bf6f0d235f5ad65056774aeb06e4e1191700	4863e2c5f2c739ffa54ed85bc4f1971c3765aab22dd376d6cd58390f4b499b8b	34890e5f8ef7c7549ec9fa668a0fcb72e62920b5f339b32828ba278b19ebc536	fb35ee18dacc53d4ac2a4c9c4d3fe27740e398d1d9f05587a579b1b12b4a3ef6	205648483406264e03be3a5e68e20de504145b140dd0ed60b367e0f5ccbebca0	e34d66bf2875e07a0acf5b55adf7b0bee4f438741a0703ceb6de61a862aff310
489	daa0b7097ef3819066d95339124bc7ead8466e289593013d2efac30d67871f4e	8ae12364aceada64d7b8ced4149b74b7bae8cca59a8813491e833d30a896b7e9	a7f4ce9241389fe924a40ee753daf033155612e13a8b496713cfae44c3225b1c	72056778d35528cb6a32e7df8367063ab45afdd3ff36d4a7faace927ecb01243	30550636e0f19cb0630e3ea8eacb67af0b7273201ab6b549088d73fcbe8e079e	085bbe11dd17b47139d3b561a90ca2582de476013d0d28b3996e893c2220fddc
490	eeb8181ecfe143477eb8a6e5972be3b05cfd384a1309bad547a8282892582bdc	c55e020eef9b8b8f3b1356c727df6a21b3919dde9cb843a4a818d1b3802325ad	d566a09f224df75d64e12a1d04d11466b37e4ff711a978c6fbe9889bddd49cd8	80b8b0223eb7dec0aca3bff5fb1259f09e0d3c27f593ef7abc40fffe8611e2f3	beacb099d2f289b6111e926cf9a85a2a92b48cbc73c05718ac6586ef280bde66	c6ac1eccd0d05536a0104c0ae76a10c13f1f717b1ebf9ce75eeb479f61335ea1
491	19855ea2bde5d2b032be83d3da12e0ae67b92556f39ab743e01ccc6dd1064894	3f762a54d1358cf1c735bc6ccf16b08220fdcb5a784c8426e125b9de9a79785d	f0488b62eaf2b69cccb3f92df6cde2978d3ad2c3e4dbfd02ca99da14e1c3264e	ab893586bcb4bd9b59e25ebcbec6f6e484705dcb6327abeee5dbd59981ba56ed	52113e6aa3e879a1182aa57dd41d480edf8d011023e117cfee91bb28e887cf7e	910436acb11140e0a80d8b404f9b3b17e0061b5da7c3837c5ddd9f01c723670f
492	c46d413865e75cc7896babac2e5d61baaac2064ef0fb164e9920d4d35c23fa75	9de90939b4853eb284a04f4d42c996bc138a85f0cb83b7290d3d12bc77e42060	f99011331dc5ab493d2ae1caf8723ae9842a0a566238c40b8d4b17097608ef9a	dc0b3f737f8ee671753a44bb99b1369f931b5bdbb734a15f21164fe4e4317804	b1fdca89356f899fba5aad0c3eb051e3aabd33079856890b03475aeb13bf338d	22ad052d9c201c9b54835752fdc2a4609a9eec5bea0061c4beb08142feb4c0da
493	964a65857852dc934a75b32e2f46ec9e33544fe5f531322d115358cd4b5279a3	426df029f58341cf57cb5cb80856d382f22df419bdf313acb6544bff99d40463	75efb23522c195d2677366bb6df57d483df303d59f9ea4bd3e31c9c5effdc241	ef87013748d0607921f45bb7642b093d6b654890840ea915118ff615d647330e	7eaa510e2844e3990edf700d49f8e8cab981ee98219fdd9fde78aec2bb5cc849	fac9fff3eeae588d01579d778350a63cd0e2c16cb6b258397f0631c23cbf7b1c
494	8f4d39e2c9021ef5580a118f89099e5154d11c3ec850941e3018068c56924550	d639b1b0d1d799bd7201e71da24f480db841744ada6a8e6c803e6f975ba272ea	c02c85c469937f1f4ade27298d1b74c18957aa86274ce6e7247fe77c5ae73bca	2fa9e16e2b498dc447b131b9160278fb0d5102f947f122c8e558167aed9b99e2	3850616e3c631255e1fc67849feb0476a454e5726853a56a9012df4d48944ca0	563255da0d3c8e63bc4975e3a0037b9c0b91982548a4a0e2c12eeddf6cb8b8d0
495	dc990e4f6d112e7d801c204b7356f02c254841f1133778f1a8e7b239b5683d63	6fd1a38ffd5e9db75f5a293c10659e06e86a917085aae17a2b95fe1784dbc610	f34f323a2e50ede8cfe085b1282cb40896a87be7216f9e782449442964b91b85	1647315027675cd028af0e694b8bedbd96e74fa6d418ddb9fba1a5d65b8b85a4	da77bf7eb0761d2e3b1904cea5066ac7b9b8a2e5c4f3fb126e6c96bb7f343000	f86c2136fc92c2e0c721c63009d85afaffe78edcbf9628af2ec539ae8f124494
496	4d62d9c7979915d473ff18209e8d5d77794984b70d08124cbee1f5d7c57e9db3	8b0930964bb81e844ea42efe23eecafe3abf8c55c3b96d951613583e9f282468	bf3ac95a5b06eab0b9369c90bc5d9d247fd78e2956323f6e416db5c5731f9edf	a058fd6a55caa05cdea88b1e5baee2681971065d91c8b799caa3979fae100cb7	8bc2d5fd818690b340067f79e91db7a6d839f436200926f916f49f0824476478	9efb4448ac5c61bb6a78b7140778932bd235313ec9417a08d166b92c19532c13
497	e4fc0a19ac9bfe80087802baff3e379d8c6510f881f7b95aa01afa2ee190c80a	f22c9e5d08e3255bd43a37b9388640417cfa3baf1ae1b7f19c96b72c76ef7594	bef7c3444f700f9431878ffbf99a2ee2de0220ba3ae9dc166e238066c2f01fd0	e681469864a692b7f0a6cbcb3d2c9063454a5e94e659481b01cdeb2626ca5e46	1121376503927be82cf1802a997a123dedededd35c012078b95fc47d53393a63	f21b3dcd795c4ff78d50fa127a0aa3877004fd24ed6f937532821bbddc4820ba
498	e9842be38ed4ebdd5fc53a5a62aa7ccc721f228ab04fe3fb39826a27fe6586c8	08b507edf028f35fdb4a1db71151922c038065d3c92cfbb9cee8c98d8fbe2bbf	3df8bcad32ed781b37cf71ccb3bfbc038e0d272abbccf1517b1859a481e00f87	5da78bc82fbaf18d09b48aa68785e05d25fb3fdf8118f8619107f6aa71155c82	f8885db8c2834a5b0f47fd80c8a0279acae46ff4813d0cb7cb8cae9ab2be5cf2	8b948a2f363b6d24dfe259d92eeb4853542aa38a61a1456f96cde3989cf1c704
499	61163675516a33f4432af7826aa1a8b4670212bb8ea60626924a85dcb265ce03	b5a7fa222ac9aa1d3cf456193bb7ede079e710f833d3d842fd25f25fd23096e9	7e026f0f9bf07913758a0d3d80b56061a6c11b6d1495cb591200c3e830f0bcae	89ca1fed9b531e2997ad53cb3f1eceb7fa0630738bec32a6303570e937f8eeae	00915a13be2431cd115a1d351db1e59ca151d4469fac2cab6b29c89fc1651ceb	1923e2bef6555ada0201cad70223460def6b576e95c493335266f4082887fe3e
500	88caabaf2ac07a969222ec3c187599799887bfb89014e1f06ce23ad48973456e	9c50f392935fda9d1b71272d824e7411705a8f087eda61b4cc2c9965a523e31a	39770b8c400c87b1b62a00bf71c95dd398dd95844d39b2cf9551234d9cc62fe7	930bdb8561a65b70afc3d569dca36613a0b8db8c0aaea9b6a2fcbd81132c87ba	3c26881deafe8632703d005c1576c7e201edbc7b309e3709c2a1d4bbeb6e354a	5578124272c2d5bed734e1025c4978df47c46a8048e94a76ae895da22fefdc56
501	779f53d197f729d68bccab461d9e8801c58a3aa7aabb73c1387d1fa278751e7b	3ea11a92ee3f485c176103fae5006edde75dd1a6a68f02a661251f17f33d1c5b	b61af876106c056d2a89135a5d06e2904ab755710b0419b61f39952169ba0cf1	c03028c9542922ed7182989b5220111d953303c84ea139183ef371d8dd4edc13	4e768866fdad3a70254719508ab7f80c2efb740c24bd195708922537f09251b9	49abfb8f0d313229c1599652f4a60c148c8795eb000a6ce8dc2f1177df19276b
502	e65e505dc8bc768be8796b45e493f15d353de81e168e2c69770a27846d05fba7	fb0b8789e93e27f9405e6efe463c758bb1175960d8742683a1026eeca784589a	f450f51b0fa404b09ef164be4c60cda91cd02959b64a30a1d0d603c249dfc131	71ab0919a6f30c0a1d0a5cf8ab866b1b89ab405d516d7db5ff020f5f41b865d3	b0a85ed271ff6e59ad3618f9a105eb704c05de2df389c8fdc53701574921cabe	45ab58b719a3ec86aad5268ae792014b6cd81ba4a967bb5ac0b7f1b670517188
503	980d18f2e9ecc5597a28e432eac65aa83f3944a456c21870cdef5b6479177606	47b8456156ae276b2c7415dc682cd24de8e1447a9d23a7da333caef809fda11d	3887221cec3eb9f4407e7c8039ba4eafdf576bd8ac82c9949ef7822059412f45	9eb9d13d81d0c335cbfcea4e83bb4cf41a216cc89acebfe116ff486a11399c2f	9832892738a1cf854ed53dcb3bf53c1bf41925431717104bc86a654c552cd77d	3ca4bb94fc6c3b7f8f76be4d001f845db2c684bce7a7a3ca82c033e94e0bfca0
504	55d9b652e4c0de979c80eb0d242b2a145dce25e2f1c5ae033cd23ae893350b4d	5d15416c823bc6a4afdb90c4abd49483d521fc13b9afea12f92778c3da0da1bb	df5e16179b7b92232e72b67909234a46c1456fc579f126e31df47ea12e12eb2b	64da746e709ed98cbd8236f15c2aa5080478daddc55ebb140583ef9d097c3bc7	f9094a0c9890f49864934c87739a8b899516e8dc3a74a185896f7d47e322bc93	f0599d702f28bf660811df34b2f52d808761338e7a989812776383878f58b259
505	9ab7ab33b81c1492318a997ba142678ba7dfa67aa2246462c655d020f660435b	ff648c63d294b5c6d8cce6345832002533e799ea5f2c16604bc3a476a7a383ac	18717c47b320661d969d1a1e9f8d99579a4b7e505467ee7f699a7259b2a567bc	490de5d1ca3bdd7a8530006c34585e12142bfde0d1cc79ecc9e32bc4f4c3c6f1	356285397e674378893bf0f23d9b49afca8bf849105acc4e350c67546214e7f4	b1c92063e5aa71b0489ce88615647306c766ee85df3c92cfebc76e0a2836a690
506	41ddfad44f816ed50580a5d4720f8148a9c5ba0d08258b5f182ef9bda8fce4d2	d11c37a02c3d22715c263855f56c6a4188c6a551c36c8f6f48201f8d507465a4	9c8c8ed7bfb406fb706864e4d33de2f0731dbbb74755fc461f0df17ea0a278e6	3aff6a87b00361766539a9d7c428090f83ad9861d33150dda261a060f21eb6c4	b430059ac54607855012b36f0b4f6a54b02c9ba7cc787fb5210196a30aa72f08	778760775e6672141adbcd7fb1d62a963347ae375d52203418d54440f45d5546
507	acc1b2f9e596d302c82a2dd057f007febce47e10dadb227dfa178d0f078fc721	ba209d7c288dc9de3f4abf8f41376db1f17bfef586ee47813503b40d9499abf9	fe48bf9aa124aa4a9b7a033087d693db2b778418633c835547561a2f42bd2606	1ab2707013cbb30bd65131fe11f033394a40c319e2c8d83de740538787be8cdd	6f1b5fdd66ca3000044a1cab964a4ad98daf4f3f4bc59e02c15e4dc77e915d1d	9f3a2a16a30767f33c69bb8493f670d1ac2fb0b03c39b966b5c097b2d7c13346
508	6a7837756f51c1bc2fc1d95ead4c8be46647e8268be4d2f261079e869dc10b36	4771910eb50a368d0d694268e7c3d0a40402107071eea2b4b85aaaeef27f3980	0d825d7586388ea26115d757b8758a2ae218ad28f49f228fba42281426c51124	85a698fb3f039099b139e74f66979d8d7c4c680cb73ec1d9e4b2d37446f35a75	58ea798affadaf60e70670b34dbb5b2abcf100c789ac969f03034271eb2816ea	885491b1bc69b021e120903dc7d0f5f6548ccb088eb0e0286aaba186fb1b8726
509	7ed643cff80c666cf4aaa8847fa04d17e07a8a165fe04da7d4016b2131fe7409	2f5286f8ca413945497f490199d5e7f2e40f46044c9da26ccc9f2025a2aa5a5b	7f3f33d2fc17434250ac6229049c49d109d8147363dcd6c31e49ea6d1fec8ac3	0a5c87442c0611d7f0e8ecc0c15b5ad20dc10f1b5d674375d1032faf89b5a5eb	47069da6e9980f09f4e7c4c7a96178cfbccec06f23760cc9bfb2763127bd9c3f	6a1bb03fffa877f5e495f7e7df6ef992a7723d5f37716abc54d9860258f948ec
510	b0b14517052cbba3b0bcd38a9e576137917d488d1cd6e261243a27ce7ad1e728	61f25d2475ceb5ec9c6a622b012525eef6c754a45a94db9146d8e72fd2d453f4	077e52d400a4d625b7d1935b97aa037f0e7fcb0fb8e245dfe536734a3722188b	76b2fca7e534cc025b87962a2074abd7636f910f10244aca755652f9a532f713	119f7cfcbd09e88242ba8e73b65f74af79bac3a158746cee25612433c39b7695	bff32293e02e4d5d5b8d1debc3085969d52629192ecd72235627b61e5f5f2721
511	acae1f093eb9133f305640949dbb104bbce6d16f550501dd2e2cf0f091cb2749	32594721c2ae64378ef76794fd968611fcffca3e688071cea4500882ad51e0e6	a84dfd0e59da391ea06750705688808bf5ea2d2e531e1093a6f793fe06d9745d	ee1497abd7881e95274abbba5794d8da2f2027e7c66519d15a70c45c834c794c	32d78a2bea16c08975128a1018ae2c32f005a824840815f4c948b97f062c0db1	025fba4be2d5c602edd18cc0627309b76c724c133dd019396fba61380940adfc
512	3b2d7395958308a4b10a966cdf5211b6d46e0071c0b037274ccc6b10587451c1	4a6f30abf19487f7b9a5196a132eb8377364b62206196dae3eb4e7ad42a2ab88	4bc755b5d24957bb66547073f8f07fe2732e8b079398de8ca7eb08da99bc2e70	baf781b55a017d6c50f6499b70200d6697e5c7236f20ea59de81314fe3599f1c	61a03e1df3429ceb2bada9ccfea919dd721c743cc1db9bd9df290a8bebbd16ed	a4d1d2ac581704a557a35eacb595f5ea88593f17d3be9afcdfb4d3546168e546
513	c41d8ee15590ee2069f81127921a98980a43b0b7efe80a416586463802cd631c	6efb85210e937d2bea74c38bfa9bf06fa9d2a0dfea6ad9e9280b3d4ff66ddbc3	48f91de0c8c5bdc563e47f21dd6902f22133c8c2de9eeba7606ee12176747fa6	d9924b319af557943c2b374a32ca2e11555654a2cde429266e5b92dbde6a892b	781df14ba1a5b119facd2e11da0692a2885acf9b3649edbca92eed9cc06eacae	1826c95f80d9d1020dc6ce7e144b0bc6a56002c61fbc1a900b437db0dad6bb10
514	4ae2f343e86c8db3d5c79ab4d7be4737e56cd0489c36a77d44d4942c7327d7a4	b4586c59df85ff04bb6c595c8c016f811f9fa2309c4e595e38ba56b76c539ad7	90a0281e9b7d679b3b3f74904ab40957c7836dcdc487b8a7f3f37be0087539a7	a2861fca596902a7898c7a639938abc86c72569ca0c5121bc0ebd580b452790d	30edf292f02d3bb83ec020a5dd06763de9df4a6dc46dcd2de53e7f74daabd397	7297edc6a5eb1f0d0be9337b66b971439f1c55395521afc003e7a7c2cfaeb5f1
515	deb6721c23c40a9cc8e1a1202ac34f0c5b4ff172e496278a68790022e352998c	5a2053eb17dd693333a83de6a844b8c7287742f62c77bcc9979fe769c6c62aac	ce5a74014f099e7a99b8cd5dcaa0bb3f87f2e9caaa4757a78f4bfede39b130e1	b7f87d1ffa33df79925a27733b4f95e5b2fda356b3dc7041d4a782bb8383a6b4	67a0a43ede4eac6c70869a8daa8492647fb48bc815a3b03fa5895c018999a066	6ceb5f14e83a0d32f60236a8eb69f1ac585e4fe3d104c78591bae8fc39a84633
516	d284adf762b0b4c3cbf72dc5d5ec2eb13c7840694e549faef6b80bcc07badf2a	963c60224874e961f7409610b9c46cfcbaf83a182e259d923b8826803de0f500	69f99ebbeb3db01097d31a8f4df7667b5d99e90b9bea3a57eeb83768453895a8	1370026bc1c93259394b65743b72254ee8f28db62c67042689d4b9777fcb7ddc	126127322123cc407bb02dc8d3d4423e47587f0fd247e9a3e40cd5bebe101824	70057b36e231b9296852c8afe169233551221947da65f2de98a686b0f5f33cf5
517	85423814b7bc406a3f40c09cdae3a95a6c97f7fb7aec779fbe3e0cb82d81025a	ffebed2ef3595f088280fdc82e203db581f6f277dabdd6f119f91031ec425c42	0c87a8a7af47ade1b22006acfccf9379311645a6276b3f2773e95656c36af8ac	f995daed3bc262e8ecfdfdd136864a4c9fc519cca40b4f51c2c2692a480e5359	f2ba68edef57f6b8e42195c343c391cbbdd0d8fbff70228f562b1bb71a500310	eeacf9fc7c29acee01e329033b63efb04ccc89f559f4748dd843f06ee081d825
518	2141436fae507435d71873d3e5b6ea0b99b53817abde3e34d6d7806c13da5e16	c7c449eaf90f15f7678f1d233b6ae981f32747a2cf93c9cb40dfab1ba569bd15	ed31759c39215a0dce975fb291701c279740430997440765d0fae006fe90aac6	c421213f4f59cc4ebf67eb73fdb1fb5df2b9e786420b60ae54adb4006fafbf30	14e047a60f935bba759cf5e85cd2058abe25ced9f6391cd89f864375cdca7d85	8f2cf2b1b1bd43f5ae0af3fa5ab51f2b16fb8e43d79dbf8aa041339d2cf0778f
519	c2349449584a4b5e25270d51589bee1ee720d7867de61df64f60d2eb1c205111	4f73561acbbb2549c2f1e3d935e226fd57c776953bf4373ef908b1aa84018817	f493a7a7c5a5335c026370edd33abb7be8cfb87c0b58d0c8f2a4384a3ac1d009	61649761fcc3f6df48cdf3b5116a6f17868c5fa18c97a815173eac069f0d94f9	5eb0120b581885cbd8f07a070149a81a4d56d61ef51ac66ddfd6d29d33e337cc	774e6c4a0ba76a6e60ce35d2f36c055390950fa37e4ba02185d753bb4f56aa68
520	42c0accbf4125613a96cd83cf55df090f3d83685f102f1593b86568ca3824fdb	8386468129733dce3487ec21d9b3a8f7fedb75579ea402043787285f89d057cd	e9e12e4054c62530d20233074ae9bc17d1c91080e4e79bffcc7e09b0c2ab364b	c5670960d3b060bb1cd26236104ffc23c2eb8f0f1373f290881a912d663e42b8	39e2acc39e51cf2bd07bc3c71f7f59d9eac39542aa207ea7af2649d1c37c4a06	4f3f3772d92a909974eb0748a2a62e09751b458c871e637d48e3ae06da1b6ed6
521	f67695aef6f426fa04ffa32ac225a565f9601775c9f7beba53ddb826ef6d4fd2	56e7e19280137d6413f4d77709ee84e2fc6f3edc69cdc20d5c71f9d7aaf29524	2a2282b444da8062cd802117d495b6b552067235f74d4c1f3261f9431f7bd466	ef0f0e5eff297d97938e423c1da4d3aa74a572cacb2cc8d3f36b88aef8e48f69	6ea5a7fb6701a390500eeea2c3f91e61508e8b80ec2d94cdfda7df7b9ed86c91	676cd68fa11f2e731c8fce5fafa3701c760012ee6cddd466fc0b1d2a961972cc
522	fa861e83d3bdba89ec4a43df56261e54f5762042b83dce40cccb856fbb19544e	93c7def3cef3649633557b7269e7d0280be8a9d27310f2483ce49f08e458bd0a	38138aaac0ebabb8b73a975b8a76cfdf881892a3baa9dc2a5bf358d1ccdf5991	9a475bcc4a94cc2138ae1784284398b3d570604a4677d61b43fd01bd649ba4fb	4e28bf84d192d03c98dfa1e925897e632866f00e18242f4a0cb68c09837af617	92a03f56d5877cf8fa9bed876fdc173102629779782e19192bb5e45494ec0781
523	4d5240bacc38c95ef000edc6f2d9432f03f5d721aeb3185a99a4da735009e822	82bdd8490f722de317600dece363a629f28afef8b9e71e33b11d86846bdd896b	f0064cc9520b9f62b31722306a88c7f199c17adb628f1f10d700859e29d1dd7e	c609d55b149fd0f3fa527a4ae903a08c03fd2b3e405420c8b54ce190f34fb13f	aa50f39fc7cd5e91c4c03e9f902b944ab8ac082c357f6cf4be263a403085373d	6249e078a843d4ff258d6074ec05af2a4c4960318bbd052110520c9c91fd0c25
524	e9a802e84ebf6028e3ea81788cb68ce805bb6ab247cfd35341b0a56cfd1925e5	c0899aa720ed1c1d615da21949fafc924cfba3ea91ab4de1e2eb1a787e781cb9	b2438e48caf61f5e31cb3114a013b42c0acdd7683cead83035527f9bf8d4514e	16408dfeba55fbc7325c79ab14751f829ae97e8c63769731feedd99913c6b219	d12fabeb39fb4eef6139a046cc6c4f3d28faa6541f7a1adaf084c38b4a778877	d2a0aa83e9f35c43fadea68de9cd906aa09e8f268f184520c9b51b8eced061bc
525	714cb53f279e5e92137a61334e67a81136ab9b104447e691749a58dbebb713f8	59aa08d6b453568f834bb7875e33ee1ce6e70600f8bbad768fd93c33b5012c12	d46f212d9c0ea62a11ebcdb372bd353d30d9972189eaff54c1d2a0057c3a46d0	848b85822746f807e45e39ecb21ac8dd23934502fdb8914221ac1760c8e89876	de9fc468d7619cd089e813548f9df1b837791fd3d3702694c9a7295d860f8d0b	b08fe9d6677d9a34b73293ba16fde9f70b4b44ea8593798a276215620721e892
526	8b148f9016a5bfc0eed7caaa1d8b43e109e59cc3fe7a0c485819ae178aad637b	6872dc56ae024db1581f2579a0fa18b231b06703c4120dd51396104b5d0d9b9a	a77496bba92b4e68a7a3744ff1429d71d826ec535d6185159be71b23dcc939ee	15bf22433df657ea23d4664685b48f7600cb75bbcbd1d7f77e59554760e892b2	d5ccb8704a75893690da974981772925f06957d73c2fa8385d2d78a83f27e9ce	1f517b639c6ae3f94e76c57c6a94e6964b3a2666244a73f7fe10e45805daf8b7
527	8250be62da49ff7e6fac011f206a77d4f132c2ac5dd13357447b964a3ab451ff	a003358bcfba0163bcc3c3b8238806eda5b6eace7eb162b18f6bc7ff6fcd007c	1c666751b934c5c959add6ca915d36f9841aaf569d280e7270fd156a8b063a4d	72e84fab58e6a7b1ede7df08f9d8cfc3056fa38688450d04b221b9b49c2830bb	c33a85ca508fef03bfdd46aa45fdb36def673e4cc8a23fd98849e25ef7367f30	73441e0cde86281edd3041d0aa679445f6687e99eb61d65a2ce591f534073d9d
528	22aa067de478753c7107399c525549ac6db3b199b3e6b1f1b27772658599768e	41b4497bb7ebad002a86404da3815b411c760470e47da9fbd23870e31a613cae	aece42bd00b43ac3f2c33ab139a378b5f00a86fe4122c622eac3dbd80e0b41d9	a352809120a958ff31c2b985bcdf51b2819d412e9e94f2aacb2823d76e5029e5	5e6a1998bd36ab7aea1d71eeab2f55b7eb86f7082ab3cc21a42598414f8b20c0	251d45f6c516830e90be0270f43b0045f19c285087d844379888e0292ef0825a
529	18a04a6a096ff48dc9ae574591bd1dbc8d4013346c0c90c56a675c0e47b47b2d	c78b2652ef99aa851dbd002b7b7a18595d8e14a3aa052ffd430103eddb2c5070	c73b0288a012d38aebf9c6de6df67ae79770cdbab0547918d34ba9fecc68c88f	fcbb29400e8ded83f24e8a168043eb2de9d323c736299c800a34a595123026dc	2a878a8c48b69358222f08be3cf10eba8a28d812cc891591ee865a77acf48027	75b079b6e24bdb8d1550c2d09343857802594a94e5ab625136dfe2037c372269
530	7a9b5a64e22ba69f5d72d536836477f7e0d141e79723ccd895f49a103eef6645	a6b3dbb846ca9d7b5d099ccd2c617fef666f006e6ddb0569449da296bdf373b7	eb2c98e3a387a0c0d5071764487a683e863b93354f219fa75d3ce21a1c3bab5d	2572594e13fbda598363e46bab881b3c8b8151651579edbca4af64216638480c	7a8b0d402813bdbb40f8ad43fda2c1cabbca67f6fce577f6954a2cf0b969e438	019ed5fbb6772fe1155fba59433b48f5f31a48891461512a7414bc73be5cfc6a
531	2dea85c38df06cd0150ccf0dddee7d5e97d616d7f07e177d483ee1afd719f79f	d65323577a6bb3d99a5df432d731e9a7f21551d24d1cf7b8e45b3090256505cd	027cb1597cba6f7d1239a7300189db8399b85825fdb59ebe157159a2f598a936	33651f8fc575507cdb6b71ddf2c526527be33f99801c8b94455c16273780df12	6b264d15cde377c8cb8e09cf4673e08298cfae4d2edd7e63576e8e47d0a205aa	fe994214a3fee8c1979a2818afb0c0c8326f6e2cf21436141e621517b0861e42
532	b7d7c93c1809c7268e6ccd08dd2dd2ab80f04e6b81de04d53380ba92829b7635	3e3ec7b5b2ea7ad484cc84f63775ca8331d42338e8b46c8488520612e6130856	4ff6e786af503a6a8a4716e73ffd8d2b808332897f33e8aef70a6702694731ee	9c52e036a2da1b275ade10105bac35e8489224173543ac127506eea9c8986095	e4b2f59c7ea1fbacb80c56f9622667745a9fdae9164555342adf0cb6ebf42edd	59f5698eaa882a1f2dc207380d35ed3cca7bb550a7eca8c353e24c90b2f2e505
533	b48451571baab70dfa6949c37ad6180af20acef89328a5ac922c6457887d6fea	3f8d4377d5d4ccf34c425a000245b4556a3b640b7e1ee3852ec332d75c4f786d	edbaca7bd3925d93b099f00354da0b779238673c72d074dd335378895617109a	3b1538bc82bf2b258eb80ade157b906dabb00f68119d9cd076cbbd6f4cde196a	fa72af1e11f76631a8a7cad1f478c05e25418e7b2821a10d9339033966c46c4b	4c4cb10fdef67c70c21676d4fcc1551e55c6a2cf35314b5b0479624970318f8e
534	be2d59e7446e90d03fba4de7223f0815b15b01bf48d5f85d0534f2993695a1a1	fc824173f7c36679494c57b47f8f432fee01d3e006155ee36ef5f38825f721dc	9af72a6488e62650bbba617e938ab2f4f19eb41fddb71a6c1e9f67515dd62311	126b276547e3a57299f62cabbb56a84fe613f0e1691f26a24fccbe0c06eb0538	c191ae110a8cce487faf3136251c548728139d1e072d353c7e9c286a04d5b1a8	436b2a73f09557699fea824fe06425b52c49865f64d9b40f6828d0f212519249
535	b11872feadac27f53310fb4864f5a1151bfe2d8ad3db4b0c30069529e21f255e	66fea1fe6eabfa77b3b644cb94ab29736d123af437ef04cd2c37ff26769e6bbc	f7a6803c26cd3d1540d2d8515f6812338313096b0d76d633959b65735b9dd495	ac893cefd6fb09ef0d793d93405038df667c02aafb52c9d0b6aa7c4298ee5c62	47c8c18e407ffaef50c8b2217d178bc0693091f3a8360f04a0687f0902f866fc	1e38af2be5439b1c29c861309c2b5e049214eb262663c98a95820a7067cc0b9a
536	6a824c683e97faf1f278e1bd7deea657a6cffd28a337d6627b096280684d3b81	73909501c781496a4b4729f646d2bfc3d32456e60b9feaa2006c980c13b98add	e42f9a70e47f3d3a149b58e9ed85eee28cbeed21c10de24c38522e9bc0ccfe4d	865edb3e2d304f97f6e124d42358de15b6ac938a5abd02380b1233ddb57ce7a3	aeb9304a65424ac650b648eb3aa216021ef6f48fe786825b29e6f7da4e596a0d	f52a260e2ac5167e6d77b2d5c5fff98c1a586eed29adc19d42103471db3f77c5
537	010d3ca8d1f6806e928a736eb781daafaff959909c95cf836d8434dfda37f13d	4684dc717f6fe8d70cb657b30d7974503cdae256042a1d9045cd4922d7a01d68	5a1dcb517454fa1a15d536417ab3acf0badcea6a05333b2539cb64a6d3edd87f	37e97bf9cf38363443fbddd0ffb95a6572c2b883c0f3aca23d9b725c066f8fc1	bb092dcea34530d35303a68c870271b802d232fdd8898fe392d0c4944baa08ba	5bb96e5f0ca33afd022d214a59e103afc8a13241d5e3072ab92fb2ef5ed7a236
538	953de949922b528cf55551fbc6e87c94767e97d0784a24b3609d16ae8cdd2941	d443415f91850ca18259e31d31ad305c09d463c13473946a8fd530d780a80015	354fc527b295bd6beb402a22e799775bc19aded28e21f13150111e1fc2a0f670	ab16d172f44fee83c2351e73209c409c725d9d16f06967faebe051e60aa50b7e	ad492ea727a4a497f7a7e67a956deb054c27c1eba77a262fb0ff8afcc1582cff	387e49a6bbf6d9215a52510aef16c7b878b951e3d17eff703642db43b3b73b1c
539	1ebde89be27bb7f7a841311aec3a433510e446cf21de887406e3a0ebe04e753b	151ae412baf1fa1af5ebe50dab2805e1c8dd49b2a0bc0d74a46d89fa7083de2d	d42f3e103d0b05d06d7b1fc4fc303d7407c3eb3a6fccc35d6fed710e5ebc38ea	46da57f9dcc61151dde6cc6e5dfa872e7eeb7467a576530de8c565f5edba6e70	cf1df84e3dc2685b6ebf401e98573940222f8e8fdc162af41b25e7b5dd29ac70	58215ad4f43fffd6fcd74f4e38cb3cec5144c61d11d578f425f5afab115e0673
540	03a9c79cac90046f622cbd4a24ca6bae0c3232802d7e5657bc46776a2b61a722	cb9dfe30fc5611817fc5d6e95368a16ca8c73cf8189ca79c739ae603b70ad8c1	cece3ba6eee6b86fd4e8a7e2926ddde2f002f0bf28d537a9b98487bb4b4d8848	a8f3cceade841354180ffc7c542efd38049e4b3f16f10e195e056ba5f9979343	6f57cd2fd265d552fd7f8fe45123e37057e7c8bb737f61e8b9d1a3685031d304	8ed1525776227cff9fb2fbc4cd9f4c4e29e9ed2a8c728e08024237dff496bd3a
541	fd437659b6745bf1869d188c1687324f6d2598fec678b9799fc39a274a53033c	095fb4f9ab6b7d5e8c44997ca3a12f223be5adc65b18839103442e76b934ff99	4c120fff6317588abba78eb7dda1413261c4a55ed7e2675e0d57f1ffa3379ebc	411869922acc99e26006e62a945a37f418052ab151773d1841f45e32cdb0967a	a21ff3e317a207995db09258674cbd926414aadf1af8de28b8c931b876f4dadd	56fafb6fe51506e7d9c0996854b9cf4c9f0ff6212fb6223134d14478f8431093
542	81165da1608c95c0a0a07c96d6cb229cc44045b127ac1cbbfa746c1766780059	a203d8ca94fa23635ac84feca0990118ca41ab7d908349f89dbc25461301e283	9f4e4e9b697e4db4a92a1988ebf30eeb1d149c4de2ab2ab3e71b8c3cba8a9f1f	a2215ad58e4da591d14a2f665c6dcc2e3372debab35036c9d36d646b5a792ae3	1742e558500b006fa35f0a645f86c88ffb6346bd5958631fc609d109e8e6492a	221f9dd5d062dc71c6b56e7e4bf91902c34730ac0361aa2d829b4dce042a8b51
543	2d5081ebce6f63be24ae420cc5fc7f7531d3daef4616e68dcf47cee3baba25b7	c7051e917fc0943421fdca10202a4e996b0954afc10c96921f42e06a14359874	6e70caa7f8d4cacc8e2948c74ae5c09049f197727b79ae654e0e11a5a2ba7659	79b12fb0d8eb186a2e61fcc5e0b8a1ff84f4a07248a9dcbe7eeda48f30e3c96e	6f27f17227e31ecf26e84c2a1c443e5c6e0e731112ec27f929775d0ed3fbc876	10f682feab05dddc9e58b313d9ae161461d26d16be0b91444affa7c3a183feaa
544	de726119f96760125a45cc05f90481af347c887ee5e8509f1e1c3789d9daa0a1	f7f492a53389c2d1d62c90fcaab42f034781b33d43f9df06914d1dfdf9dbf8ea	3fe7eacbe98e4b5329014e89245a9807324046937830ec7e8b9aaaf0bfa6f414	64c970bc7b81ff1bdba4344b233666dbd4815879cbfe5abfead9010277d8e6bb	758a8cf37cc49f5e6ab49959e6302fa3ef45d6037a4dceb724622177a5fcbab4	da7878b161c8fc1df881863f4ad25e8bbb5c9fe90bb295f7e5c57b20664a984c
545	a87e9ef640fab197fc67e742c8b6e94d4ea32c251af26c29ba81f4d6237648cb	bb35864691e2ee2a583b04fda4b86c0a921605bcb0a34f1abb36d5f6f314cf81	2b559a31209feccff48e9b72a718e1815c0b8f822e693283bf0484cdb47cd8f8	2642b02ffb707758eb5e5928e1f1cf9e7f17a454c45a5ef4f6b95c0b093af67e	44c21bd66d532c331433354f3ba38179da35e582f2a566311e3c425b51be5a69	9fd3f054c4342e6ffe90f7b320854074df3d94ea939464199e4a44ab7633f642
546	78ca56b5aa9e8d6378ea592d9abc1c3175a1fdceb1c341e98557758302cbd3d1	3dccbc76d2f310af4040e90e956ecd2582c6160e32ef817a5366ca23c719aa46	caf037ab310541e629aad3bb5409dd72282a17c1820457df687062f6c6d9f51d	c99275467c51357294e8e05a8000779646eb8de094a74624f996ca4aa5715b90	882f47b016b4ba929bacb90d17a6fa1d36cf7da750464281bbe03445b5767784	af782daf60234b84801cf6fac868090e41805eb25472c9e752fec00d6594d23b
547	d1f8daa865403b6022b51a98409b329f025c72600b881ebc1e02fcac9263962d	e53c274dd1abc93ea4a6b753da9058fb31a7b048599cf830eac3bfd4078150f2	f357cb9124ad4ba2331ccf7c2fb306906cca9995883264542659b5b0c2a66176	609f7b2584f61beb0af1bdc81430ebcf963455e282776a30b96b2ba9ff2e29c0	39a04a89eda649d96150ab5bdddaafd18dbb633481c36fbed44317b5e299be71	8a08c5f9d664228f9285b23906a46f5286a86c661544789a3e53dc39a1a5da9e
548	600ea5b1242ce05221ea055cd21bb8ec60ae15bc7409516b3b6635318f010594	29e9ac125adcfe042f7d0c36b84ef1a2363c61c45dc642372eb5c98c262aa5ec	04499c1e93f4bbf4ef076bca2c5e05908ad0e2d16bbc6b667695991b36750685	1965aae2d702134b002919fc98c1e2a771e44dbf3513703e2aca6181d9306112	3031546bb44f245f825d499c13ed20065e9e8985764c993f385ac080f55818e6	004193e56457da389ecfca85fbf78d025acc2b6879c3fed31eedfe072583ae00
549	2768e73850f5d4032bc115c5b3ada5fde309268c04e50aade473fcc219de1ee2	74f58afa4544dfe16e0add371e0c98a9cda966078b1de032bdc30507b38c32fb	b12efb7e87606d272645ae1ecf8aa75400ceda492d78dd6689a90575904a05f5	1252cc7c4670763b43a7231596d06c8c78113968d1ce9de9ad7072d34fbb9f12	15473a00b203fbf212bddac0e39932865d4894647dd92c93402a447c49a10837	181562169f73371fe4644035d98952d0783c418557e9a9edb14bc51ec277111d
550	00124b1cfa10537ce3dfd5e8952bf8720a1d8648106f10f676a6fe22c8849758	11390d41b34a0d5fc0f292af561e49b8150dd6bb3465cd8c206d0e07180dae79	ed3e9cc1f8516bda2e92039f734f6daedacd7c67f452cf4bd8c7cee63de93ab8	7593914de357579111d8ed290604b9f741fea53f5e3d9682508e81fe33c6d1e1	86661bce7642964dde9f8d006df87b8c33557561d33e646e3cd84ee24678959b	80d56e43044cf35eb1ea85850fc67bb9aa8e1a366474d0ed88405ddc9f83f98c
551	915150ffad5b846b9d0c544fac36487b4f8dc0ab9974be5f6bc5ed1f8b751b1f	07d4c2d1b549704aa35f3476878694f39af5e6f6bf5229cda6738224f5665d8d	64feb034a1ccdbffe8e4db63833fa670325d735d1cfba2e12420c9a47837b33e	572e0a8a178989d631da5faea64b8a94c6edeb8ae3429cc7fadc5e5477e3dafd	3dd3a21fc5eb15233dd4d8145632bee7758c6e858f9fee7d14046f77b958055b	5d5b4e688e6f121cb57aae58ecee39938fcc9a3e5c651d4125de0fd9d77e8b70
552	29a04b9327991c8236b50962a292fd813be930c1735a529f1ce721b34b3778b1	d1262789feccb1413becfe8af685b91226c11d7fa750235c889a37d3d7af5d3c	2d7035773ba4ae0ce372bd4433ddfb8b8422bb300d1cd695d8a02d9baf200593	343c37edce5ff6412a3e5df23825eacaad484c3f2f3f9b020f1301bf60512615	e15bbbf6e3bae3e08a6f49d226269a228438bd523ea0598c2aabd7460e24f808	f2c3005e91eb31d4c78390e1e6dac2e70ca3ec72c4e98f2b9c64403a50c69624
553	69a90d4ae1e9f3d4f6a952976d78cde9edc57d5ae3dcd1dd46e7b1632ffb6136	efd5d7afb05801b485ed3611b3428a85f86577fb52ccca1903a16b73e3514daa	2187f82b99b0480700401a6d261085c7ef44eebc60e9d5ca5eac71219cbd1e0c	795546ec7ce09ba76e09a0ddb0c0075a541e866e9895de87b92236b252aeb23c	eb94b4c708c9e85eed776d0c473fe6b7a405b6d666bd7d77869bae1c9d93cecf	04840c4fb835a8507fcc0ca100bcde4ea4c83b81a8f15e07c0049cc13eb796f8
554	c4b73a6bdd36cc1731b8da5b354144142bb71a108e6ddee6678fdf19c454d482	ab6082c7e15cb80e8df1a9ab4f73cf537fe2059cdfc6fa688e9cb6e181753f61	388b746d6bdc3fe6372fde04ca5c7378891ca39d523268a8b7f957319cef235b	ed2be0a9d9b126b3dfbfaca9b9b7e76ee437cc00aeef8213d3c6687f65ab2946	9da5226eaedc3fa082604f03999d8095bf3d12ff423fd112a74c460dff9e0a94	6046951e08269f716370dec9c9d524af37b769023e50dbf58a5a3e034683e46b
555	2df5c048b0848125d956cf8e172302741366d5036655f022f62e76a87999e7c8	caf14f86e128061fa4093143d84237080c4aae13bb084e155a67d8f5cc2308d6	a0ae5ddf4a85895cc838e26c8d2854318df6a6c6238c5d3b30074065e5f80c2e	b511fcd2d59195d80c96bb661e455e4938aa185f634c5c25c04a25d9a05c86c7	b625983ec9e0af9f39858cc40dae4e683a6a3596504ddbae44cd045c2bac5c3d	ffdc0aeb19c6bcce41a108c9c462f666483a9cfa5938fc0a60cc92a7cebc9681
556	0e14ab2e8b4c4c3e971664d2ac381c1f4efe3f7b0e3f162a5fe79420ff7aef6e	da2330e0b778306b6d2baf8cbc6daf1ae006105eeb942b6b2c80428ceaebe84b	295c3520671a8acb4b953077231622faff4ca9a7b8c2b9eb46eb9f2e86b81e62	92ff89ead16e52d0e2b92516d35cade4a61b4e466e74a4a5ada344e4a2b7f06a	fa5a62a9103db40690a7643ec652d92a813e11ee0d47efa5fd0e9aa9d18ce4a9	8517755c0bcd321146b0483bcdfca96176aeb68f2426983779dd3ff2efc1a435
557	7a2b33bd705c7cf46e8e59f175c7d27ae9eb6840b6c48a3331d65d96f72cd85d	52dd7f7973b8cbbb491a8d64dcd7495c5fe807f03a2168eeb399de48f2819331	c17c5c7ebf50ea0f40af0d810b36d4f9b428df88e1ec11c33f9b8511ef635861	896d881ca9432c23533adbb1d600edfe7ff266ad8647a5318e8d17a02b2ce017	30800de6882abd600fb772b002a9d36ca24152fdcb37df0b54d887b1234a984f	9c0673e9e835fa33aa9391d59fd9e926d709720dc185d210ec63ef6d5625cad4
558	9a0bde6601c9a36c4a809318ad26c124c26fcbec8efa1fc41f9197a3dc90d11a	cbba7cf9c51b9bc40bcc01f07509fe04775836d8edec20b7c5180237789e06e5	c95638efb1d6998767bc59fee178332f9d4ab260ca405bb851c7034df58eab5a	93a28002f74531c7cdfc2c410ecffa6fc7513f4030b73f0941177a083f54bbdf	3e5e96bc7fa731e07bfc5e573dfb1234a2587b1a4f9ba5922afaa583416c2e1e	0fb7d1575e630c33aed704335bcb3c7bdbc82b55893db84e235539056a9e48c4
559	8bedb0696026cc5fddaf2c8092246bb35e52f010e2f928b1016a7d73b102ba61	34ead404ade56b0f93beeeb14fe2a193d2939d2204de8648c4f26dec48564001	17e40370957fc87d527136ffe94db58a16c8c347464ef1b17cefbc4a13034d7a	98dfd00a53c164a8c313d3d4a78495ae0717183a3f13dd95ebaff1473fca97f6	ed58a4fd9af0c740ce11f12d21b121c4b0a148943a3c62ddadbc043c8ac51d09	8afc9a8127b452396bdc0dd78b2efadceab59622f287902f8da1e6dc6eb8758c
560	7813c648eddf1f0527df406f285563820e9a8c8543532f310429a004694f66e5	42cda0acf918f5a48dbf6ae83e64bee603d7e62c44d3bd57d3b7e372e293cb7d	bbedd2fe938865b63e291cc33f82a91a6bcb9d17108909d1d0910a1606a4a98b	9e2f31d3144f389a183fe8bb0a5fc94a6097a5e9adf76bd3e909b5ea5bbe396b	70e1e5f8ee02e86569724ca569cf769ada5f49e1dc9ed78f64f47bad0f94f9b4	fb705e385068bda6da3abc86ab77974b468bdae1f16dece58bd554eabe4b6244
561	b44d7f23fa97db88a2d068fdb024a9906878d63843c019423aa892e09df62ea2	f08a606b09fa81074422b9e2c1dcebd857eb95e2c3b44afa9d3680af2add8c78	e39e133ed6cb176a91c101ad2550b56ab7943561d5cceb2498ffa83f59185659	585bc03ec90b8e77ca13ab6110cdd48051754b44ee53b1c5d91c84f7b07c8481	b71d964c032c9b18c6dc3ebead4e786387215b946434b178b2c5120608e90273	34a8dd11cacdd336afc8e24d69b8fba87de75057340a72c6b3ac508e34acc193
562	ca0b6774482f7cb04376cfbd823356e9439c5fc884de0cdefc795e1fc07917fb	eb10d22cc324405c339b38b5c0976c8f66ac8c2786267131f1c6357d9731b0ef	88baf06f19559711dc3233b3891681c83c0dc428f13b1d587f193d2d51fa3142	67924df7ebc17c223971a2655e1bedd8477f42902a16866a3e69254459c6f921	8822886f5781989b04250ffe772e96211c7604a1d6ae0b7d1f002cff73b5453d	72b9466163cd1e6281e3e589fe1515cf09e0183dfc93f77f3796b55014a8cc4d
563	7f26cff64eb6684d182de39418dd84ce4808ceb0c97c64a315d7e77152a5d56b	938ee7eff1afea1a89b557f6875b5385656c7ddecd3394d53a9fe0bab0d8f70e	d42e2296846289b23e10b60b25e806c22fa54eb7cea81bc03688df7caab81498	1efd74c952a2c906bab88a5f5eeab5103340f89e8da7a03b0828357c2b6ec104	041d3cf4327ec56aa15a2ac39534f7451e0581fb84cd55b9a624f3ecb4e5ed64	0ea982273b9177c9c2b36f343c51350b1ab0479b0949ba1beabb222f78bd31a2
564	3c1846e0a414ba233fd814fe26b815a78da171a1d0c7accf9b2133bc21d7b9c8	4b0c1ce084fe1384323658c51a7917f550400cb420583a89ff4cc8219aa5a371	6d2d47ca781b931d42bbc0aac3a17e801b222f5b7e788de6a020adb72955ee02	390c5e62715916fc7beee7a311ed9af052ec4698360d3bb82d08e9845aa610bf	a03ad6ddaf80db56abe50efef2a22c6e7c34ab50dd41b4414375e074f88a4944	3239cee42ed11cb0b2b2877f7fb453cc238a6ded846036371ce97578204cc3b1
565	c2fa1014c3c7dd1fe8a2f8be6b5aa4ff8f12e8db8ec4b443ea373e07a9543f72	365080212b581ab81c6f21b0b47291675dd17e66d59e6f89e2f69177b16ca8d9	809cd3b2f87dafda46dbb2d3b5b971d12e6a8ff6d0d8f3cacbee90e3c8979140	b922c7f243b15541d9c84fb91f0aff42c37fdf3f4de1fffc6661bb709adbcae7	640c3996fe288de716bd7d035437b52dfd3b2c388550d66522d2e9024a5a5227	4a2a059e4861780daefcfa4e85c77831f4dc12c2a9c39ce17c5ea586a8876f17
566	0b8d361ad0a724689c0e33553f9ed7619fb90f3012ee5b24018c3d9572cd6e09	3078e1c4b750188dad6c049fd27e5bbad44c9f12b87ef0b79dd7f6216f8950a1	e6cae85802130cf0010456d3e0c9d6fb63a0e0d9d64400e136b8474aeec9b30e	474e4f96fe8d4c41cfed5b03d4c1fa0788ba442497d3d5a87cb6ce7b5e938d7f	f5b07705cd7c0951b6bbfb0aaf8d8f095eedbb8290f2721cea81ecf47c161358	7f010ea3f3ac6ff520fdd01179ac4a16186d06f7f024ee0f081fd1ba5e7267ec
567	5212e04d67612f52de1ef5916380d2465c6ecee5bc347662a6b95e6422a21042	b627d5a04eb067fb66ae4e5eefc65ea76e9f4cc56b7f2dd700b5f5506d3591d6	95a0d904e265de6e30e10e1c9df76d4b90e4c8556ce2a9176ca28f5387ed744f	d36f553fe4b81e0074fa2cc72def35ae391dee07cb8934d29aa6afdad21162d2	7f020593116d516f5a6830cd1255ee0a7e1b72aa5f6e3f88e6822e9ed8a82ded	bedf8c7999a73a69c2e58e731c5ee81739fb2d74ee9b8b29a85aca14a16f6537
568	ec168e402d7d6a52670a29a91824ff986a173cdd8e1d3cc3ebba33b02d23f622	5c578a31faa097cbdb8019cd595bf98c6f8b5745a58f0759a42f43343a5f927b	2bff020ef3d6ffb53feac646a1eed0ac95207948947a171d80d5820c56b36864	9bfd2a16fa7c0dcc6c8de2789909a421ffe61a8b95f1732ab92c48dd7fc68d27	5c3fe6880b1baca6b894c8026e5ea2fd7b88be2607c699793e59bd958145c7ca	3eedaf919156c5166d407f2fca818518a99dbda5c1dfcb9c6fd201cdd65f61c8
569	3b8d41d8be05c7272075ef8e7858b7c1fd85741e615a268b92e3bf9ac450a64a	e205e08200d7c416ecddc624ddb37565e1275ce95ded4f1913cbfdd98f223752	6202e0621eefec987a4c2bb9e6952efb1437138341fffbed479ba90eb11c0729	1038c4cdd95ad785db17451a2b49b89eaad8a15eae142cd7f327c6248888bb8b	42de93dfef595d06d5e90d2cbd00ec2ce695ccfd04cc7c26f41577fa54158d5c	610c1512950759e7e64f27c941e14ffa3ac6209cf1f496bf1a1331cee59703c7
570	17e474d97f5950c0376816f2ced5ef2dc4cf74d85b992210a2638d40aa0a2da5	a5477d5024372032111ba51b7447ba5c1c20b05b9e05ef5125fe0c28fb4c1dae	b2d6b7288195e0c964fd6a92e60e929fc6b5c2ec7af899e11a813440dc3d853c	fc96bca9bdc131d4097af96372e0ba2c73f563d2dd70d3754f09e83152860556	eb9ac4b3549a9f1321cbc9ebe76d2f889e8b01a9097d9ffdb3a0d67862f20286	bc0265210173605c6d1138d635ec181e1c44fc4396c9e0e712aca24322cfc404
571	19cfc74d983f4bd88dbb005d9e66de83ef3518541ad6259de7c4c7a0b76a5338	c8f7bf365a7b460530e16bc09407ecf052542b46db42e7ffc3ac3709f9343fb7	a1ac26ff2bac345d8197dd5a246d52e4240deb0b0cba9e38591079ef5ce0160d	5b79291067710df2154ea0e3615918828e37b1e61798b32693061db6b99c9d2b	5448cb0af8825939619ae47e3de391bca12fb27dcad888faa78bdd56a7d94359	c026fbec75298e72c232498bc3ac88a4c3f5e76d94b3d6e476382365e5b1443d
572	625a2389af307f80fdf0e6b6ae561218a0899931125148760c7fe4e8f2695353	207b3cd0c64bab9321f1782b5ba4fe9b2276d4f26edea158c82dab126b613b04	205c8140dff95edfc761c8738632c774b42b689210b80dd7da852537d6c0f518	294f970eec352af4458f70d9b6f139bb94ae4f0f061477a25e4c6ef6fb90b388	e70454b21ff7ad0581cb3a20f5a7f007c187443d7b8277591e386e5579800341	641a2fa8070cac8bc147e4281ebc4afc6d16bbb3eed5da279db9b7bcae0a9f60
573	473551b84fda15909a9882fb9ab1a1a5ba44cb112037a67991da2fdf63cfb243	bb5fb1d76cd68afd90e3c4ed0844cbdda553b5442716a31c767dde53133fb440	977f7e3d7dec86181413ba457a96b7b3f9d29eec29f60bc46a6831765faa7b6b	f61f27dd38d86fdf1abb66b63e5863a5863979baa1904b117331e95146db0944	d03b836dc4082f4093d480d36cf1f048516fdb7ac15f720f5fd1fafaad76cc06	02188b2a0029213170671d9b7602e6f6e6bc66e7bd6c0bab027940e9caa65ae8
574	9baa4fa15a492973715bb0c5c2f9643facdd907ac8acc21da85e7d4bc79b82af	887503759073a3b46c7dbe2cfbe64cc6ee68ff084c09a650c750ca65db273972	afb26c36b93472e74781e10e2063a76b7ca436f100ace74d660021d1518a65e1	a9d9ac64b44c4df0fe5de5890a86f1a0330da851834184db59fb1fa9def30b0f	c33b3593847aaa4411895a7dbebc9485e371420b9bd86422f9485c0babfc9f40	b6167386dcc380a06e8b55dd2d835bdda15631bad2c2a5e7bc86cb49c92daf4a
575	2e1e149f82bfdfb95fe70a422c29b024320173d2d5eb4de175b9c6c83504eefd	88bf6de8e04196ac815a7475ceaf5209c24ebe986c005db65d4c3635ad61d707	9075427a26917887d586c30a1919fea198496deefb8320f38a85bbcaadd998cc	4826e9b6f56b292dea4833fbdc65329900b95573b541e7d09452951d16a88061	a65b575adcda65ed4af055717c936e3db0277b20edcf2641d62a7956d15af9db	471a0a7ae171e2f63daf1c6d94a1d230741f4f4bbfddaa37d0b23be48c4cc426
576	7a1a70832b826c72e12e9112da98b26cdd74c8ae4daf5a853d04352fd87e76a6	7725a962a3ecf21cdc30413f73efcfaa1e551eca33d98ea3df5795d6ad5b811f	e50a2347fb4b5306d1d6f863f3a1be2240fac0ecc9f368882e5c5c970ab62944	438b345829b6601fbdf3e9a2d6469e60296afdd14b04682fbb8f0f83a868a2ce	3f30fca9cef0c220b8678f9b76ce491be71ed43b43738511aa4ce4bbc5870be5	2a60f3658f4ca1e50cd5b3a80bdef1eedbbacfa7cdd0567e6902a4fcd428d010
577	20a16fc1084fe3a5063a4b458fb12a0d18c94e3e9fa16c9975d2bef14ecf2c69	8bf5b9ae0916cf39ebf44669b5dab063d693d341e3487c18beb243b8a6a53b1b	022fd02cc320e2cb9ab93fdde8866e5ca7942357aa1b0657c132353095d5c949	84c56e946797f1e73bf7fd0b40f8c0f5e9a02c122acbfd02adc60dc91db55f1d	7abb1952c1960f2ed0c4edd6bf6f4d86ecf7aed468c26a9ff9d475125103c9a8	314c3634e7ca5527fe3297e9b85d1503055777424bfa14c190d725f21f451a8e
578	f46ee8aee3be3cc5c3ed31228b2e37bc186bec5667eff3dfa45299e2dab1cc0c	ddefb6b2de4fa537cca0cb9a47f7b404a67cf7a41b2a74631f32124e1335b8ce	0fc1ac8bf6817e229119e88c596a65789331938ced6a80e56599d05c2860827a	b73d8c6ddab9a392e727013ead0065211c86ed576d29cab16b6814ede981167f	4484452855f6a07fb819912517e376ad123b35e07150341568ec559ff2a55053	2993099e41f618bb58bf496db91316739f0164a4529e345661ab0bb559027580
579	1d70133697143b6c81845a451652e6941d899f5bd1ce8ef683bbc6dd144c5198	f8ebfff8a4370f8a34d14c25737bc248f59dd05ee761d9536226b4c138ce1ba2	dbfd29595a5aac4be4a284a7f7720e30f97fa9bac41f4d7adf4153bab929bd6d	67d7b4db9c3b106c1b144f3c4c923b80215900f95c74d5c319abe0e08806b0a3	ef221b4576fbde951f383d8a3655899058a450849d1f95b70794600b6746efa2	6c6de56415c8f08e4208cb147f844fdf86788e7cbbade5b64de1be3d5e75058f
580	63c63339273d5d734e2a1cb743a60a91e00c5f3cf49c50c291d682ee720e61e3	f208985d77e29815024567b49ea418a9f886bf408f5eb1c2bd4fdcb5c4c5251f	0d4b9dfde023b352eb389c6be0220acab5c321f54f03a2c45a6c2ea055203707	835f9a457a4451080fd33342ca03729408412ee6daf920b0a44dc441ecd3e8db	1672bffe0befa4a6d4d150ac3e7ab80244cba311cf4360a0877a2c004e3da504	ff988f1810ea69e9d27e9b23dd15516d44bdd8bea860f19aa9a76bdeaf77e9e6
581	0929c119efc5b43806d77110a630040dd92bd3965a9ab233e5967a11b9f59978	d0eddeb32cf9c5abf76d7e9ee12a63be99c1e6d2a7b3080f8b44e54c46f8b09f	d15f1bf21727cf012f9db6592c26ffc0e61913abccdc6113c0d518be5b43eff2	8b7e0e5decc35ae325cf683427d7a7fa77d21184449ad8b42e47c7d9d9798651	925cf50b1b2144e81a1b7b642b527d369d0a18aa2db0e2da8b561ef88698df5e	c15fcb431eb2a0c504a0c98919589d41b41ed6a38adc75c9902ada4e4badba1d
582	4b37d8c4a46e89288fdbd4eb60d81c8d9e695bf794aa83d8d88d696b48d77a7c	b507ba4968d1b8822b8a94c5bbc482aa6398e2ac1dfcb4ae17eedb8b62aa57a5	c74455a17e0fbc43e0066851930c34748ce9c3757e2aa1ff0782a3529c9ebf4d	31442a7601ac12a607cd8c29e2d08340c738f948153503e3a84546fd2f920cb9	1868635288b496200b925b6b1e520bc44a01dc1389897dee0d568968bbfe95b6	28b256ea0a36950c254ac4db6b700b73ff53e36e6295336e17c97a973d3a7a63
583	b3c3b0dd2296273fa4e7eb5d626a8da6ca13aaf210ad3f6a13b6132e7bc7803c	fd072349fae87e67f0310a35d3ea9a53be61d85e81e494794d113a32676f137f	b2fd66a527fa738eb41de2c53d8b0299ea0c80ec13481d95ac750467eeabf02e	d43a52e2ce6d232f4873245fab0fe2b47986dce6ba68ce8d9529baa4d6189e31	bdf82003ebc9d11409639fee90e2382c865d1c0148e6896cc9860c66996683da	8b4f7eca609fd4bb0832796a116a4f63dd16749e4bdf8e496be105ccbfb20665
584	a1ca7339dae4079833c39523e266042459e94baead0cdac703930bf788d7e4a2	775e73bb8cd2a83227e6839522e137e3b45a2371ada57a2941087772097a7d5e	adbe4911e73bc8b9179fe9105b147e13066f69d210829ab3c60e67df451ff7d4	0ef347511b6171e26a48dac1009ef763cdd598673542baf9d76928066b56a540	75189cb56ce5e65d04087a1e1e86733c19c4056e46392e831bfa3586cdbbbb8e	477a873c1a4541bee577352c259c41bf9e2826269e6e8e779bea6da445f9dbf9
585	aaf8a8a0f54532f1ba9f5f1697939646bd8a1af90c33a908f51810ead2c8bac7	48c35b30a0186853435a90783ef363d346db3677e8841a04ecbcf41e623894f8	29bb90eb530e736eba0a7a768c10abbace4be16fb8c6970beb67b7e01523a1ae	b05b725ca2fb93c841d74237fcf7fbe78ee9e74041ac167b0109dd8dfb788a23	3ef99c3fa25f371eeeec9dfcc46ab4d5f50e01e00efd42be24622537b5ffefd7	c98eb3d3e065806b666a7c4971f711139d1fb203ede55deee8777cff85291ffd
586	3799dea2aa75f6466c9519d29819fb0e90e919cf844d3381b086ccddd573b883	c0701db69ad586d15c3f983d0520fedbe23c0a6b3e6c7271c7484b4fd745c0d8	6aa63c033a0628cf7db5dfc00be61f2cae033b0a128500e6ea76f7d8168f22a0	0792948674a4fcefdf0e060cb97b518d557151490b8d2077f13871e4b41e1fb7	c6a59aca2ccf401440c28b5a4bee21929b0aa079593a638aaf9bf1ec6818c1e9	e25db2187ac85b9c2bc71161a3ec708cd054477af910e7a703de7e7dfbd373b1
587	f4b1ace288ae44fdc5fa2414fa6b5d363a9e49516ca7d9249b795d2f027bc271	03436beaacf03d3cfc93f952d7d4328fb1b0c85919caa86e214c67b2442b8756	92338d9b292b5cfe3b6d8acb8ae5688f33f8e9e12d4abda28ee88a8e778236c4	78de247de0a4bec87d8196baa5fe65f251d0d97c3205130c9f19df677a989c6d	cd8b2ffdf65aa0ec92043566663b200f2ae92a3e145c6eb6d0427b1ebfa7b6bf	8dd24efd182b32f927ecaee7cb27703991973fec810207118f916d165abde7f4
588	5dd09cb2499b3aa2a6d965c6f39ed57763cea935934469a54a8aef270b49594b	d8863802c44c215b0c5de7ba1ef7f02914b4aa84dc56686e483bbd168cdae139	1180c840382b9cc767b4c0af3bc1a914745f86820dc74bb8dd6ac40a30708c49	63ff137be10f440fa395e61db0bcd49df50cc6d7a3aff58f4821ad8074ef7f2f	095ea8d9bb87c9f9e5c256585a1851c4b53b68f3fe27b4fd2e24a2568e24e843	840f77e2a992822100ac9832639241d8e60874d13b4c04e7814fdac42b13f7e4
589	a05df8a9481eca5b8542557942ad8474f92e45da4303c7aa618907286bc6b372	adae034ad603c3821724b67382b77178bcb8a5cc06e6618ac380ef8385f1bcd4	191dc0f766682dbf80a8c1ca2c3180a40d3d7b9e51b68b97615b030ecfde48df	a047ec62d5a363ba189c02447922813a7a417e64e321d562aa3c25ba69c3135d	973bb6b0f9ebf0b151b1139778746ac06143dff80a369fb18f11baa9e5635ece	74981955eb4fea130459595d93d26b1022964a7b3e435fc6e014e44d1f7c15aa
590	34020127265fe7d3ff1a28ccb7b38a01d8077548bce798f0862911223ca4d847	57bb0dee4bfd851a018a5b5e5c0a89f8cece547a8b6c5dfb07bdfabd7e4f4c05	f8c920aca867c5f199db6de02670f17fa981120f8d6e27d30c597352b2cef9ff	32a9edb94df236e8aad4f59561edd0789d0abe6f20cae20ec4867e945237d34c	436ec55e968d1d9049c62e1e051979a5f3ffb727227d6c35fddbaad60a45ebcf	8d992ca9bd16b114b4f6e551e9a8fb84b25c82e4a17fb80039a969b01fd55ebb
591	174654ba40f24a7198d137dbc94bdcedcada07bc3cddea4bfa2d55b8a60b9273	04496e3223724f2a7b51437a26abb8f825ac57d86dda2681a3ee54f61fb36a5a	00fe623e97b77b54fb157df4cf73f5b3eed769df3644f939593441df6806a6e1	209e66a87ac28f3895deb070725aa472ec48fea724bb1f7724b8b5d6cdb8449d	1b0c419fbed03f4cbc1e38fdeb987f67434a260c84aad94f3c8cd2e939896f3f	3e6d906d3cd6eabe978e170f19c292fa815b2018c3da9ee15ea83906c7b5c043
592	4475dd8778c4d36611cf4f379e8ec4d71b7fe2572f254b4fcaf4c43ecaa89c1b	852462f33d01ade8d34dbf8b6eb70926107f439c077f050044575af97feb8ee5	6a5b750adf2ca9ab27e10740cb3e7f2322349276e53b9f67770f5440c8243de0	c5ab6d3a7c652b0e2b085b9f45956bfaf51eb80f68b62cd4dcc11f2d2eea524a	fc665318d1a784ce68a593dbd1a6c8cb94bd982a3745333a47b5593a001bab37	55df07cff6fc9c9bbfffcbb9a7706ec4f5ba548e8939a8b06a71b6f63441428d
593	04b4c308e3864b61c360b00587b4d165bcbbe05ee8a3dd8196cfba9c5fa7515a	64fe4bd1ba94c6cf89cf431e05e4a350aacaa2d7e3da5beb5553b386b60e19b2	43503e89ab4e99e12c76cb4bd265d4a0008fa5328b70073492d61649f22404e4	f21d75965af502b1283e0c163ecd6df7de5924e8289599cc6e8adf26aa36cfef	28c55d71edb93e607e9bf3fa11983d90741688858e3fb8a221af1c9c6129abee	e4ee0cf370a9fe0f2807c3e5c124bda95026321fb511e49e671e1236ba44faf3
594	c7ef8c874b4b007d8fc70ccd75a426a482bdeca2091acc40edc394a6e3e85e62	b100c2e03715c45b4d76690eee57ed89395e97dec8c8ed86dcc040ca7db30659	aae1a175d62e87e1974a218281f9b04198e2fe75aeb9e175a36e558790fc894e	ddd5d91bc96f3ee7a38316b17fd5cd4bc0df60f649d16355e5d33ef132fff31d	09cc08caa52fa3a4aceb47da1364fd1b93b5de93d0f296027c2482473d7f6b50	5dd6992d5756d252487add4ce3f6274b1cb00b1cca4540f968c6a7ed675b0808
595	2f55216db564f21cbb9c00444129dabc380b7a864744f2bd06595cf1f519cdb6	98e74fbd6a407fddc399cba8869b09e8012dad5f374e0eefbcb1c06635b51f8e	593d93e1e86ca6ac741256506a494fb877a95506c9a2ae3bcf97622093124968	e9be0265cb31f9623722a7a1f55a7d1b2aa48a3b583a37037ecbd7cd8f5ac791	e8661355fe11de42f2cce52baed5a7d7955e160475916d68962e5abc5e790d0f	71e23996b74712fe27f104e67c84bf5bc64c05170d84f631411cfb0b60ce5070
596	f91a3486fa7b53d1ae9c1089c562be1510ed9cfe2bbcaf39fc86c797ac295ee3	29e64b0721594585e44778557f984cae9226527eebc757c286f5bdb76e541c5e	2d1dfd3ebda662248d5afb2deb7b093498f4291292e880924338e4d44031119a	6f3778f4eac9dc8b34ced46abf3c04682187967d1b438510fe7d2cd01d51683c	295b71fee4e3e9d13934124bfbfd374945addf0500c8fb2d848b89774c94b65b	9b5c11427d2e95de7e2ccd29273bb5e0581e8e08f8aef00fc52bde0f707c6f5b
597	c0acacf003f295161d5e278f04398d694196a6f246b15fab955fd6651ee24d8c	6d8200c32dddcea162b7677c425f4b4889caf86e696af939336e585474fa4c48	ada93b79a35cd50337e0075c9eb25537416c0af69082dbcb163b2581f19fe71a	d5fffc5b9c91b8ffb7306302e32424f1dc58ef2c81ee99e3ea4dea9df894beb0	a9bcd7a755357602cd0db725e8fe19b599d14d1d1bb06aa40248da48a1dd77ed	af6ccdcbb0bca47a35a322c117da7eed377482cf979e7e6565b2f66023fadb2d
598	e2564cfbc7a52282c45734dd70a4afd4da35e8e14c45871d0139a3622fa2cdff	dcdaf1a6aef6417d9fbc08f20d93627ed7b9280efb8b7379a3a58b35ec5c2c35	fbc7bc6bc618974eacc9f87b8445dd65883e275001b32fb564b863f7cf985256	a27a0d531c9aeb6f4e6c0605c808c9a728be8c9b6a8cbcdf160ab7fa6487abc5	95c9e88345455cb1c4f8ec67ed96d6e71329ac8c0e49e32a7b8190ff1b74c8cd	cffd3f38b60b143efc554eaef4c8ab173dbf77c541f8891e265c91d17d4d4e62
599	924845f4418985e77e7a34d37a737b871bc817f5138029dc755eea3f07035e63	0f4e3ca5135176aad4c6d77b45f4e747e50b7c705b7ca40a10edd388c4d6af42	78b41a4429d6db59611ee496561ad5f5801e1da4098a77a6f610e10c8b928bad	24f38c5edc0e392c30e71322d1da5208e421b0b050aa5e57e2a0465aa718d1a9	374a1e7788ee6dca733e40531a0c7a19c4ceff95d2054b3505dba0cca564c250	d7121ada88d021b3ced7c1809f4e5b52215e3a8c4620f87c52759d7ec8b7d858
600	4382560f00ae6062c49bc47abf1ce237927a748ebe4b4800faab1d9172795797	24b9fde5f95227bf006417b9a89929e17bfaf100ada7e33977ac28612799c1b4	fce2470afdd4719eadee3517584a75878bb6764ff6a8bfab86d45df5d658b4b0	1b0638fb196d0dbe5df87fa98fedf25ce39bfb0dcd4233a1641f3e504df27285	6d215f4c3beb0291baed2f84576f115458205b84f50b7a3fc2c439a9c963d62b	e898c0228c16cd17107976f6b390a42c14e41371a4b9e60531c1446ba436dbd4
601	45d20c2bacf5212b4aa7a7af6317c809bdc5c1cef8e89f53cd2f70f165b67d9b	5713d54a7f0436a61fac17514d5728afc838ca05b02a0a6c0e7616253a4ef27a	226ddc45cecb6a0b5ed12e50e8dfb7eca821ced8bfef2d2abc348c71d52c1421	1302df63a7e3d7e2cb45c1fa08a83ac73812213c7689ce963afaa52105f2dc16	b930375b97a147aacd96eb37b3a276e772b762e4250170a96a6019c5394a22ec	ac9b4b9244eea7dcefbe69e1d05361c544cf190a86973ba951bb207c7c0d6cf2
602	ca5b128b5ab91ceaab50e2dc1888d872ac18280fd67160036fb39d112b414997	e698c18e2e92893a941057e6aabcbbc9a6384e2e221d5a5ffe422f185ecef273	8d99f7c4bcfed34a6bd9d77450ff62f969068d5893f9c5b0dca601de1e49244f	5a5aa3a87ddcf989608204b85c567c135ba0665f42459f57d64e7551fa981d1d	8bfa0181035cb477ba241d2d22061fbe424c86ee7b043c2bf7c9aa3b7a3084c0	be747eaab4772cd26133de04427cb26cb126ef4d6cc69334e81e3d9217cbf653
603	0cbf0a6f6bbdf6c92a0391ed3299c32220ffb6fb6ea599b01e74ee24911631be	02494d4d5f07471454dc5d24eac4e62ebd97dc4dc7476c2435ff370238ea917f	552d0fe8306ce413a4341d4a7b719f02b446865187e5a02f527d0b31ab530569	b9119d2f352e61602552aecaa396626b1ece3ce812e0c5f128cb627fe968b9b3	d2ce027d434c2d2a1dee3c4bfe53d0eeb6e0aca81806e35bb80cf720a1c3b732	75bfaf7c52b92b6c543d6c2b8ce7d223f28ccb049976d1ced0e242dab6940c12
604	fa6db0f6f9e0f34a2e67d90d38ccdd7bcd0b0d6d90722d0a94045be0d31caa58	f42d50cd6ce3afd6e6e1978d8b0da2ba23d7bcd75e188234c343e8dc1ea87c84	64dc40fb27afb172739adaebf5093d658b2979c9ee20f2c165c99b9876bf645b	80202d081c26fc834f1189f886f5555c5fad6a7b7efc957985cee770ae3f2234	7f89de417d48f66a096cd5786d71091ddfc8b942c7805de1c92aa74db6702dab	302c8015eab608d1882afe02a8e035322a360d85abf44567cfd2f1f3bf5faee3
605	49f3d8f844327a2eca70ef59592cb8069cb4280d637453accf883a4fb6880691	8b7ca21d82004ddbd5a9f9f312ef95894c7f5acd92b00825f6736a805e1c7617	b42b7d437ef5f2e87c8d0747714049fc5ff732b225c3536d09ac5ed8e2a572e2	901b4b5eb63b64a27c911ea4bfae61c6ef80833186cc8575f35f2e9558e8f1d3	26312b06a38f4ee9999b969c5d11f0a06fc7bf2aa5ab8f81a862eab103ba061c	3ff5499c0c5e33d4d4f5497df2c1c72dabb5635856bca7f22d6e0ad7857798e9
606	e7a03c2db652e517a72e3d39d6982d96ae08f27990f39438381535c38a9be692	01aa5788dedc3dff22ed222b9d1eb94466c50911aea684440836fbb1eaa0da8b	4bc0cd4c79130d132caeaffaff493f1fd5a65da498349b295a551d4a8f8ee97f	6d47dc6a1ec4fac7ec21bb85cd75a7816f7fa3a8eb02c892bf645522649a0d4f	f1d5686ae3cfac5309958ae68b2d81bbdbe4ef3b51616f8f38dfa95389ef9c0e	cf504ddb50af876076f8996a9e3c00d20a15c985f22d23e4b02e820e0b921c07
607	9bc9895dfe0dbcef31393f818d1b525045ec516c836ffc28ad1af883b3793e31	06ee5762daaf240dca28b4f58a03eadcda88e05df2c868578bd4e1070a853d48	47fceb5ac9b78af604aca8d3b8191dc1d3c4c3cc637a8096c8505e5abfecdf9d	38b85a2f1b94589b84fd88c4df5b4b03d41ad9e5f3598d14294b6db23f73b428	9b0dd750e2a6b902f0f4edbb7ad57ede8ed18d1a434e577f5700e50aabcec03a	e165dcaa5a11735f4d2c5214756190e937f777e8917bf1e38ef5d033a138fe73
608	7cae766e495d1dca1054f77845ae233b7f92915eb1a079feb6c2a76db499f5c0	9d511531893f8d2e09c290b6903e60569e041d5b27e1072be3539a7a0caf6e8f	aa4c3a0551b9b3ecea62f68b9624ce7cbd794e1f2cabc941d2025dbaf6471b54	0a882931f7859a0bd69612e11c43a23880d914b5ab5df40877e02ce984a53f22	247421a9750a20f1076732b7e2e2bdef31bee8381f959a0e5c96d5271aa46915	bbea6aba8817e39645a333dcc0056f88086f2c3fe33211979f54983ce0d1e57e
609	e19b0883e44c649c8f8129628a119da6a3ac6c0407ac7ee7b33016fb873a95d5	9edf7c136d1622ffd0299d927d1fd188d84bcf99f66bd63f50395640b116c3ef	2c49d23cceeb0900e5ab13d19fd27f22fe455276f9706a4c8d33c6a12940f093	8058f21400c7bc97f365f6a989faac9b09ea9ae90287c7fcb62c8b27f8606b4e	27e42b2ecac347a8c155174bfb0a382d20e094526e7934d3dc882fd08a458cc0	6e4ce036bff8b7b11ee7b8088ec289c8693b2af1ee8f8c152de73309373a825f
610	4de8c9fe264011847d840487e7c30505faca4e4a449340771b4e431502fe9f00	895e6c1ea633089a6e5fc622bb3daf825b7444987fd9af886f80ca2c717eacdb	48c952b6b74ee75c14c24f153a5250ec297a1738f8114857f4eb04a0e338acd2	32edc28bd572702285cba47858b6035e76b4fcc94427a817fffb5201f64f38de	9b74c7faf93daf38407b644f3b3360280eab66252fed39f6e6bce844b59c957a	8045fa92d7cdf0ff0911e27f732ba8d557df202262bed47f52760ebf5833796f
611	53eb7321e18a3ba85c7b5704eb84024501684fb302f4aa7ed19483b1a2e55a31	59b6d330676767f66637a03cd06df1531b1edcfc9a5c6c69330aa241f05f0d3e	f7ced675fe3aa7ff7b7bd8fba8b9a3eeaf21430d23d7fa80e9687ab3533eb8ab	1c9c0cbffe5cfb5c4fb3c5d2c442bc6745d0133a100426dd0b2ca29a43075d5b	ada5dbe645ff44e884bb1ddc373d5241746469d8e6873cf5a48ee266ce587652	2f60c44353bea3172b9be7ac956c5dac4385a4e03be4cb2fd9146afa57b3691f
612	940de3f4e122db1107eead23b53f81b2b3530634b3b227af7a2a95b937fa0324	1a58bbbbcf845441191dc32bac3c2a6622bd6357ed1fb8257d0974cdadb9573e	b9f334d58d0c9e6acdc406c96d77fa284aec36c313f06c325859d3ea547a35f6	8ce763d57eb2e453956dcf00d3fa2102c3bf5bcfe13f9cc8e9ab468129b7958a	620724a56beb6ff5ddb6f4c91abec91f94a69308ea9b5e8d94d6e67c537793ad	96e50d34b94a8273b1ab8e73084d199626d12d3290a676d794292f0c672b2a9d
613	d94c8c64c0fa46a693cfd9da6db4218fb355b1522156e4ddac78011b4621b0d8	a2bc7d995943c2fef6efcdef9d83baf2e49ea0bac2122c5280cc9d69bb9350ce	1f5fb3c0eb5946b758552fce8d604d8f89b7bddd03a051a2ea2b8f48f78ac683	76dd63bce7784e88fba02635d6de68b15d1107a9ad2bf949c53efef9553a8ae6	334034cf4fbc4885acc0768e42341df55e4fccc2422ac48340163472e6e94916	1e2bbbbafc3a28d2762a238f4eb10202d4845c161f88fc3cd3e37804ee718b1f
614	11332ac39e4454acbc0f194f36340787e421acb61f1f9de50b1811ce638e7292	4a7952dda5a1bc340307473ce035f8eae1c99e3f8577530610420d2c48943c4f	a42f55f625dd8b721916990012ad3784e9d6c9b25eacebbb560a1d0ea90dadf8	cf0728777a8fb0dbdd10085edb087b87f514df950cf2b77336e18621294165f9	2a82cf3006c762c08ecf036e96fe3482296304106b9f3c5814486ec3ed648526	91686592b664a973c47b713c0915d556ee2c411a8b126d7e7d6747b0a64365c3
615	8a1281f6f3883d2d84cb103a04ff445b3229300cca97479250d21ba0c4e63382	a2323497068ec60a5be66318f426179b56966ef65bae6ccf2c484c3197c96689	c9ece0342ea67362a0a0efeb3df6be4cae99f30a6ecb5bf082ea7cccbc67ced7	27fce4cdff8d952853b4ab6d7c50b56cfa918fe4b8f5b57798f4452744bbe7fc	1a94627f8dfa739c76111492af31883fc253eebc9f540cb34edc53afa0d7c5cb	180f24dc0702d00290caad1f1ab347003ac54fa73ebc9981b438e87889aaa932
616	a1a3e8b7a3c05c77992adbf5857078025e17bd9aafc1a1791c20efc524142e89	c41d16f82bf0579f030a793325a75dfea8cb77a800261b929175e010f6a9625a	8f13050ddc89c1143adb7a9680cd138c40dad51551c9771ebe0aabb7f6bf11be	06815aa3f33f8e67d4ad0ba7e81362608a9d809739e40349155af4282841ee04	4e54c54222afd93d9dab8689bb8f9fff23b1fd37eaaab893b9f0c688c7bd647b	194454bb763074ead8cec2ef34d98555bc76118bd40e0e480145ad8539e497c2
617	db78af883fb4a7a702cc8a063fb2ef342f6ff0e2d46e0361c7cb2d399d43cdcb	54a242f07d08d727d0856711de5a2a289e25c8f92331b37333a4e981522172be	8b784e915a1da01aeba1bf65553c3b90758981af0c0e35cc0cea1329fc90e0ce	437eda3437c8b1ffdf8c7516c9df25e336722d1989eb4d96b14111bf61a80a73	4ad1bd3c84998110e9119cb718c6aad60675d423246b234764ac754c321a1fc6	4d7a0635f25157807634b8164a40df643c32e42112b6a621eca0dcc041ecf7c5
618	57f8237c87a91cc265a85ed8615d5aa567b20bbb4f314179c946a4063ae77a2a	399361e0ae2f591f74467ab7ccf3811823080e80cc3d7b7d75a99a2b6e2aa8a8	32611d12803074908aa2e3279119e115615110b5b4dded411d39e2f97bdac5ac	6ecd4547940c7931bdc6de400fbf11e69badf63fa0084a17fb8ae4bbf095df5c	77b36bb1d93b15641324c3c0ed2ee972ee0c11e05b0d32817f8af672fd45890d	4f959be7d8b5823b408ff4914d274fb9a36d018e17efb937dede9f9333530161
619	89611446c1f2cb7854dd4c7564d840540b1d512f00afef9a723ab412dea5e491	5f13ab3a956c001beed311bba49e301b6e713544d662f79cf57ffc02ac921e1e	f96fcc67bb3666e13690247608b2fd506261ea10376028b8a2051d242195eed1	130ccb897df37a656825cffbcc1ac6d0879fa7c9b77b599be3d04677263b57f6	c04797ec370a77956badff374c306271f7b5c00fa29ee18aabc2a22b7e4c565d	fe0a6d00cf245c2ba0cbe2a445d46332c9ab5e440660a32cd262237fbfb79b5a
620	f52627e8928d1d9a5e01875a9c2ea2149fa23b497c603ccd23dad24a6b57b269	86efde9682cc5ca3a11c6536acc26907c69b9cea7d54a3969c108bdd7028ccf2	6c897880fbd2baf9783f0b82200049c47586c1708b73587818a57380a7b272df	532c6ab19bf2f1b24f9cbf64dd78f32e6e8f95821e5f02d4392c094ebe724268	992c615d8c17f0e3cfea2dfb87ec5215b6d9214179e7e66cf4860da2cf82ae2b	692ff571da4a0fc9e31eb9a47382829701c17171823a32a7d0a96416b2cf9602
621	b876397a7eb032471c91b63a0cb623a2150c7d9dfe52578f3eb0853a26be56b7	638cf10516eee13e990aca87165b4ffc2ba7ea884d0a02b5c2e8b1e64e9f91cf	191e9114b8336f831c2e247988e122e431f4bacec4c46fab0c3902ea042ff779	aa72cf3e5079f3e21443fc2056f003125fa184242a658b9820af331029f55a26	12273ca3c883eb16e26b10cb2b61dc6e93ad1c4201c81cf359f3e2a1c5870237	c0d566fa2b0eae3fcb1ce7f0effa73288bf82cf076225426b30b4a0e1f2e5c60
622	94145eac59272339e0f4ecdab628fffe909e3bdbdfda494cfdfafa5498b744c5	d91c4c68cf193159cce3962b98651b7f8f27fc5d026d45d3a34085b47155e9c9	40577fd95fbbc11624b3cab8ec6a77a3658a9fb4d02d88ecfa1250390adbf636	f51660236c4877dcf22dd32eb4baaddf06d2606688efbf6919b455c2a0d8fdbd	295763f4ce9c01e808ab55e4aa562bc0740724eba15227b6585af0d973cd618f	4015fac2c4235ca3c1350a639bace02b46262db907232341c4e7546ec96b69b4
623	971c44dec4ae4933f3bfeda8a61c7efeeda135b82e3981d962eadb2982aa5904	caca2c83879a76ad81ea532b03d301148191d13a4fd496133f787277ea67749e	b793dc5aab71addb7fc2920358501fc9d19344271b1d9da3aff63e362f8fbfe3	0714e172608ca2dae8508b2805e4f2327442bacd0eead84918d1bdc31d70c898	cd6031406c1470771395c8c8633bdace82646e8ae286ffc9e17bd13a8cf65c9b	5fcd979b2f6b1e3313c873d37eb2250a880de4474179e16901cab64aaa54da31
624	fa2593c0874d5fbee02c0adb033daab01e378dd189807577acfe38c3722434ac	1e79e064aad4b47e4433e662c352ab0a24cba1d7860170b0bb3b6f97be1d12e8	8df3415e85815819d8f61fb6fe5345a7acab5af04f9b85749fa221ab2909adc2	de8984420aac9f4927124bc0a2078d34b13fa74d06cdd1150496b1890033a3d9	69ed6935974683c5daa3da44873fd3e0b73aacf09d8c8f2a592a7b017a1406a2	6d7551906eb6bbeee1686c538cf29f46378769dd9af7f4a9435af3aa1a940567
625	d35d62245ec16ae67d1349e235f283c9d10b23fbc7eda202f4308fb65e98c45b	60010c8c633513788f7ca8448e517080314ee1c24fdc50ef41b01bfbb99c1a6a	c6ab4751ae8d0a353b66e67aaf63af5e9ed7ca359d5f6ef8b9eaf309386fd261	913230f1394425670257fb550694348b9dd2f0b1044f2ea547eed53e919eab4a	b2a14c1ea241d06cd2c86a00ed359f83eded66fa36a0106486494a17d8b27729	ae37c322060a211cfbce80e2640ff12682d5b0e072e0e5ad7344713b1e5440a5
626	e73f34feb4990e537d98a13f0a248260bc3b46c384e705193cb916505b43b27b	81cc940fcbaf670e796aa28f20a336b8789e421ae828bdfcba1bd7477814c94b	24fcc571b6cb7b71c814f2c1a73e54e797e4227450166bdec11dd7192b616b87	2623f804bf08af1dab44baef85686e0ca00608396917e84edd7afe951f999d63	7f0170f50a97ce7eafb69b914ed81e6ea2afb3f3c394ea4a22b6ee9a19288778	7da39605626e3a898f6fbb6d2ebe676dfe5df2da9511d53d107c6035c62ad979
627	db4232aa35cb04b204bd1d318511c57ec8c411ca811338a718f46fc4d7fae4b6	7601a04570a45885f57abf104edd207b8547a2ef2952d793021c7e18b30dc710	eb69058ae117eb96f6001c95c686b57c355dc0befcb59581ed93a55fd1db66d1	89bb25edb751f918d250c2a4e1373bcd7aedf7c22a27cf987cd9bbf0ace7d893	df868b0e35cc9d7815917b6852cb228a5df8387b66f3e57bea8dbe753919842c	95ce3c3b6441f8496f555d498452ccf220a47cdf77fe47f080f16a6d04490db6
628	dc5f4be77ccd70d2404d249797f41bd41a64f165cbe948cb2b53e11a45a21b66	f6ff4ccf35aae1e1d3f3bf767d3f0f8d23d371d23c37b8c9f40de4c4795f17d5	c18fce6a8038f8d30cb9e488191c00fd3f9443b20a037d960539388da48d2e38	9dc216f2617a9239bb28ba58b2aaad379c918b11ffe351205a410391f6589d0a	972263124fc93bbe9dbaebbc5ae96b5e6da6780a2c16db459440fe97047874ad	ac505026aeeb8a09e7eef9504dd83425a7168dacf37a73de28630ab673b6a241
629	44070971120fe043b40203e1453047bf1f223fa62dae6b805d0bf03e56b1d2e8	56e64774b42916c3153f7564027bad33b94f1d5d1967d7e50883a45746eb8498	9613cb722fa883d2899606a16af2aacea8717aee51fd8e4154e20e6285e6fc04	e6abd84432c3d56ca295b29ae68e7e894f271b8ee4ad4b13238f4e5443cab10f	d0a68628d955b64f1dfc35380b52ef5feaa7edbe09ac58a40dbab8a41520743a	9b1103cf803c6da45e471473787a388bf96d37224b49ea2fcf8c19ada7896614
630	e00cc41d2f92f80b9100596df08b300fce988fc9504420bd1a9e197170bc7389	53eb63eef8dcac578c711c7d49d6011663b87102ea4458d2ad47dafc4e5cc542	30a0a3fba09e8c9324b74a9486518ae5d26ec47c543a942f3411c41a222fea2f	aa39b0f97814798a80a44dcbe86d32f348600477c307dcadba65fcca0c200f98	39592c81313ed14e48100bc4cf1d7f7dbba2aaf33bfa941c78549c9a66fa4308	c917fa36cf585044960bebcbcd46d7ac0b4932c65caaf6ccc73a860cb79d010e
631	0b74d63c0b3d9ffbbb91caecd4b7e3919173c88295f167ada2da767c14dbef77	2d4c5225972c2f92b1e5f771c8434a3aaad09feb6cef1e5d0b4699cd5fbbcf14	e61956a2e70cb273f33dc92c661c5af04e0514ab1bab89123a99e64546198d42	d50579c893f8ff883900a51507eceb6f3c2096d4c4f0a26eb3a8c2520f1dd804	2adcd06f5dfb8d14c286a0eb3a5beab0c9519625d02a86e44902f43e4a0a8a84	c48e2e771157488d23fea917a947912af055e008624183958f79aff5fc968594
632	6a12e70baafe11ee73b56943686b30fbbdeabfe9179c27da5c0ba3eae1e44033	659855f043b79db5b0c7a3e532f673090020c3cc8091f3725608cdaf3cd19d73	46791bee4b5bc94eb3e08445970aeab5b5974655bde7e0d417f794db41d8f513	fabd4a31ffa2bace9acc9b6f24bbf353fafd624d5c3379b2dbca32b9d241cd1b	e62ec2c82abdc506d41d5c1ff55772b5d8c8d9e97e118bca9f6230e8646caf0d	ecf36e5911e92c62570660f8bb2d823ff441644463963f63e3cff54d420a9f48
633	6a4fa9fe4830aff07edaf1be8bc133553623c503aae1b3bff96eee857bba1075	fdd2c3eb4ea3100ace081a90b04496a3fea7c469780b396457c499a290c722dd	d713ccb2abec33fc8ae047ae81506de4bc37bcc38c8bfc4356300b4faa024c5d	15e98191ccf896d43aa27aa092b4dcdf406f51ac7c9d35c6fcacd82d5421ac99	cff7ed008513b9ead9b6a910659ec64305fb9801bcec756362bc7a81233f9da7	49a1e966c64090783b55a6e59bc81863dad5574b006b5db1d83eebcd508ac604
634	740ed94f753fb06741f43ded8f236e6f3da7a3401180d84e40273ee757a5beec	295772b8fc76853acef1134781717598819f3225bd1a8632c9ec7307cc988717	f97921adc0965c356ebfa6ba840be6525639032a3ad3a72d52c1b2d8d45a85f9	3f6e4bef8286f819123cd59e2b4fdcfa937fbd548b53283c2d133ae4fb241741	b021f06af181902620cc469aedf49f921e27a64c51abea32faaf1ed52014a483	f3a740498b4714a9fbdba7b8cdffcbd33eaa62e149391316a11a0404d6f51314
635	684ba71e0176f6afe8a05b94970e9fa875563104516ce4008a67e65a8726f92e	8587161a275d7bb3280fb29a7ad792c195728fae695b9048e59c33aeb87ef154	912332b562083ead7f889995720060f204159e0928b5a6ffa32f05615c837ac6	9f0dac3c7d319064060a3a9576e8c8eff0b098d29d2dbf6c20522e13213667ec	fab4c44eac3635cdf0d2833e7516f2466362583dd16fdb65126c4668a2100071	015b77c8a9e27e5a02d7be9dfa15ad916b0ad19247f5b670906e52121c1b434c
636	47f3207d0dfefcc9e96e4dce1e6e4877071a8d2823f98508e3723b3130140fc5	bebcc7e09dde89eca97b84465d6a98e4f62250cdc65d10453c5805f767a9688f	038c86a08897c8aea026953b7872c753b716ded76e4dedde61bdf8403fa22956	678a938044ca91b229eed0fa943c5e061a2ed450a0c8fbd4b0c80caf40cede3b	550ecc4e0dc84f8c2737fc712589eff86d14cd01f823ca86e6b1ebfddbed6a3e	4a668de9c6065ed3cfd20b20b8972e90060cccdd16153e09422cb93a6529bb5c
637	439600ab32e087f0144f0e2e4cfbdf05b44a9dfaa79fd1eb39f95efb42c17f40	547dc2a515a6a42cd060f5948117fe08e27cb4690beedb5ea08b48578b780545	a55bba02df5f3af7069223d0a1efba76009bdcbc30dfe2bf4ee18b29eca401ad	f9549d28a2ffb529b88f7543028d7f063fa5cf9d5d8c7e2adecfa5d6494dbbc4	3f3639ceb490fd8a1c24a8f20d88314faedb9f97b910a81d7cfa127fb4fa10b7	9783520870852bc58abb7783c24eb3bacd522b5314ff6ff88ad7cfb3d40b949b
638	335870cd217b0d1d4476b90144a7daa069ff7c9e0ec9e80b65660218a7b40539	eec9422cae0230e50e1c88f8f4e37b1a3db4172f77171c4e3c49fb97fea55a9d	62bb33526974e268f830aa7f4862b9fc7b0f536a2c0d2f56cae2c1ed5c9c8bca	44869c5d0443310fe011c6763b26de241fddb8340689cdc4b686c3657c0d2923	d4be8d9afde45b5b948b07d679236b845094fbcc947b861ddcbcaee44ca1fc19	f86618e3b1dce1de1d5a45840424baf17a3ac1af00f1c13b44207919dca95c84
639	118780253f6cb692865504be7706e5b5b375b9c0187282d78ecad0bebfe82e6f	1ba9cf4cd8b7df2a2333a757f609f12768b03f0146bbcdcd3124aa4ff63d8260	44f572af65b3cf4cc0061f4804deb797faa96b82558450c31e99bdb36ad6f1cb	03319fdb6ec68516b69a17cc74ba42502c7d2477a5e5cb4ae1dff4ea378442f2	ef49f8fe605212c2d805a277147baeda7f0d416853e258526917b477b3b2a94e	837b017c2e2f9b4c11f222780ba3e96df1c74c8c98006a34e65da2e8b5dfec41
640	347fa83f6b47a729006fed727a369f9ee5dc08da0f9b06b1d717590638c1ac36	8e5a5230fc1ccba4f5829e185dfd923e162974d6fcbd22ec7a637d6de7c5d5f6	6a349047654c54d95c8f6de2dcba07f6fd2a0b06398326dce8c21e6e86d1e773	214379bf8bea7a3525db0f72963c3254122332db0f4f08bdaca4718022bef725	85663dcbe413c6cbd09ff8851880858fb72fabf548e620758a8138de84f0be7d	1659f0aa2af2a48c537e6459330e201648ee40d16a1267fee9e39207c41f8d71
641	422bfa1f429a8dbb054f14cf6c77782a4c719a4fbd31b5238b3c6f104c7c5436	db6eb12fb46e0d84f45baf054e4150cdfc5c12c0b7e69d7bc38de88a22b5595d	79b0de6f21b6fefad9c557e266916bb10a6f75f34c244df5c0c163d782d5e60c	807db53dab64017794622ef2fa06d881557c3d8ed782378f2ed8e8d8bd628687	d25cbe41c7c3521f1ca82e0b9a6cbd4149b57e89e463fce18497d5287c642374	08c987cd320c870b3fe639432b2863ce2f8f62c1d851c4f6070314746625aebb
642	0bd9a49281672204e0f45dc56901941a1fe2a92924dbfcb284620d072ceb0281	e7264e4e6fb96caf1f4c3b456e3dbedad0512017d815c10b64edf3aefcab3f96	6ee44836ff27cb92b7dd2a94686b283bf3dde646697c417156daaf9aeece6e66	8cf2523af8f9b6c4270ddb26ee6b10e8001c77d23587bc5ae7ff1a08ca38f9c1	aee837aad5f0b9acdd1024763f779af0fe12be2308f4c332fa0ce60b32b142fd	bc87102ce14b54af7ff7d829eb86cf62efbe1a17eb5d2dc62331b22cf5ccbd3c
643	90d695615484ac37e8b0e861ec1b4008a8192330273b5c5f3819d6c8c6d517b3	7a5d720b38265812c4530e1c04d5de66d6f3e232118ade3f27e8d06a1d3ba515	b757d726217c2e026d0dabf632a182ceecfe8d05aae0366c0dff06faf01eb74d	9bbd4f618271655a6e16396dfd64326c3d789e4dccbd7a0eee71520c20a1dc23	c3cab7efd9afac3a981388248e1c88126d050bc91a50845f70fb66a8d1e6723c	f99ba6912475f15b546095b83cfc39cd2e4275682cb425d40fe8dc440363486a
644	e58a482665d86bd48f7d60bbb04dd41ca4390581a32902858925d9ef2ec2e58f	481d58149c27225137e0a8264ae210ebf32cf6eff6e1f35b2a93ef512c33a3b2	56d2d738a860674c6a341fb27160c6be389c94e191ef1d4721e5b688ad8b6aeb	1fdde771eed9457c6d321f5e832a5b314152baef2a807ffea0d2364e6e2537b3	67814151c484081a113008692abf9652f0a277f2b68ff109e59a665a26035f5b	c8df02254d009f7ad5ecdb111123fc235a6cc615553557065b6179bdf640e7a4
645	703b97145f1e8b884f2640896be0725e27f24726c40b789108b7bba5bad52dfe	8ec6157a3f1c4d48a99a3cd4d4ce81f087c90ef3280b44dfb4936ce4951f6342	1b3d70aaf74336b35b66354829cc9e113d4be7cd0a0905ff29df6c1081b03f8e	8ad9118fd2a34c1ba4f8069c29ec60e409ffe6c4db7b64259ba2897855770dbd	9558251a1589c1ea4088f57dd1f569ef86bfd346e751e65125c45fc95e0943ac	9c102efd335ab2cab43676fd0c6d9a736d03b2f6734d120e017dc3853bdd0b48
646	367059b9fe2f87a7df1973ef124545d1786e1efd2252d2fcf763324bfb55efa6	387131284ba535e3483ecd8f1e08d3d96afe98ec323937eb1cb2b84c7d632bf8	0f344ef0d2b37b674527e442cae5655f53da68c0bccce1557d40f40d76bb737b	7608ed71342fcacba438106db905c6c0a6d1b576ced3b39bf5af348dfcdb37d2	136fc6780a383ceb595f51ce36a89c60a429583f3e1f804598f152553c3aad2e	02501b09a29cb65d407a3bb108224384a26d15f29798bc2eab1b46af83242c84
647	28491f7f87d4435fd1d70e2d3ab2eca6427984bc561adc574355c7c920dd2a7f	45e84408d82d4542d82a6de0a06bc4b7790142bea36d084d102de5307283725c	ef508c77f7363ad1ceb8a35f0c92e3e3c7cfc4f17a45fcdc81a6fcc2e00a0b22	a3cefa48613e1abc1dc141c3d441ead3a918026eb446da2b9be14df1b8d31cea	1654155acd432d7085bb614042149270a0896d8438a06f6816a6dcc3d27a8892	f5200cf18c3f3719b4d458132ebd8b3b3cccec433543e3092cd160ffa609da59
648	199fcc16e445044df1731831a0e69c749aed2fdcc249da642c3e458d329ac345	652e9b4bc0a22026c0b0af603239b48ac3cf67eedc96b6622f35602c2b8078db	ba806648d72c72c960d5fe42959848c02d978979ccc927db64ea19ddad7a4a6f	8bf5a11c0d5062db81b8a17b8132ed3c64491e59e4340312cd18e485a5a57180	acb9ac78cce6f568e7bb8ef9ab010e27977cef0b107fe2d43c3e6a625a8c95b5	b1c25bdf82fe139e39101f8c656606898c950ed3706ddf251219460c81dc5fa8
649	2919d1448da27330903c290f4d0e1cd4f985c0d2d21b21783510c22f294b1a75	f688ed2c3154a0ac69fddcbedd44cc94b485f730b4d22a26d905a97c80d51cda	a58f2f402c45b7a32c2d01ec53d971ac83abec7af989f3e5cea1646ffef0b397	d210501fb13b7d0a6b14f8b5e55f5df9ba6c6091219606512203dc6e398ddd72	52ad6912710cfd7393ac16d40dbbaaaed653fa3e5b300767bcdb46b9a45e667f	1901cb354f2f06fa52e80a0a1a0a07a76fd50e95c68d261f41b66565b50bfe5a
650	5ed8813cd743321bbee4ccc80a8f02baf37c3297079c978c9228831aa5134439	f6d04b35512dcde3f0b968c8693167431439f325d24dee2168af81b3676e9eb6	8ebf0c38d96d621cfd93ee767fb9f64a1ddddbe679889f228da62b3935d79e46	01609533cac2ede2bd14de0ea76d9f312c25edba18792fa3334ade48a7e94e66	9a46a8bd7d06aa69e8b8a5b0a08b2e59debae3127a11d77d769368cbf7a3c2ea	ce71be4d88a9fffa36b9a2cdb14c6bf86250cd9ae764c1bc2c50922a10811667
651	8b579759386cef7113c27cfdda4e2b8013d350d4a6f4b83c6790bd8bbca4af0b	ad6bca99e5725e74c8a163960b955ab5f8400e2849a9485fd5ae5b523cfa5832	3ee227008c2bafed1ff2c2bd07dc6d20cda472afcfa636a7f62f3a83865cb7e9	32a0b92ce57743c05363a046f791eedb9d34497de99020ee3194e7c788f2e42f	2d4ed0f75dd009637985d2961d63ce1567ceead6a72661d0b7998525c06998d3	7ca42382c12f676b684b2a6981bd5d7935a9a5ee206c642985faf6d529da239f
652	ef9e61ac09678e87081c1bbc0b3947eaf93e903303b09b61ce8d64f4335784ca	462f6aee10f87ac671e7a0381ed317158e91f445c7374d6c02df511a3bd38273	e2b29ed3bdde51694b73c7e70799d5d21c46323e91f58c7f69f2c96a1b544943	9e8141ed6c5b7761b566c9637467772ffcee827835b7d171d35c4dfe1f67dc88	22e4f8e8f417319961961b6cb613622d769f896cb0dc0a77c19f59345c7d1d81	f6a17fb8706c8aef1d7deb95c595220e355ceaa137fa8caa46d8af4ef970fb2b
653	fa90aa58e228cfdf99e4846b85802f707eef99020cf11090e424f549c4a21944	cefb958b6a2dfb38dd958f45682061b788d679b0f13f6deb0efe628e03c69e9b	936fb4a2ef3b18cd9b20c3cfd10a450e2d96806ae21fd0cfb72377180dad63a8	1ded66b481e136e57b2791f6c35ba0e0c46f507f4d7954dbcf0174e93b8f39ad	1c50f98dcbea4de3627815ca52693a9bcbbc825184400ebfe095a8967d8274ac	90741b7899b5801973b92eab62bad53d7f1b82c25ca916aa32a330f71d7b7c61
654	aabac0c27f75bd7ae9f56d8f2498d37933a890e5381a340e9e75a0328b41effd	91e60918208dc6ca77f45c576a453bc89002103b657b95b0c152bbc80b8797c8	da9532c1f9027ba6b75c09936ecbf122e1c0b39d10bc34819d4e87b079b2db74	d52cf612ea000ac680b4876ebc0a36f26e43506a434f433f6ec505f7ae98cbdc	984312b4439581e8306f67c7e9a1b9bca490b1696bc8a7bd5560fc65efacd210	0164c89935031f413659b01a74f6d8743001d2fc373c2854aa8b6d7b23baedf2
655	a614bdc6b30d8a5828ac7c62c11aa732521260702a79336fef055e92745619eb	2045fd3b708585d4db6f68517fbf233f01b27c600477f8b4275a50404a921900	e959401a1a34bcc7d36d6f7cf4f63ac059eb8e9dd71924a99080053611a28ec8	e659f266b30b95c4210e6065077a40e8b5193e76e44c2f235dd6cfdef223175d	c16a3aede478ff8b2a1320988c868e41219a0e92dc21fb645361b7ee951afb6d	0194760706aadf66ad6a7b6f7b24e452c3add4855d617bb11de394350c5a0c74
656	293d2052e6583d2158265c0c99755f8b187d43e325bbb1336b12cdb3ade79a9c	59a9fac4f46d45de5651c026f3aa2c1733f4980a201ab882526f7d36a1a9c26e	0fc83b2944a56f5894e82e2851c778a7111a9a3276741967e293445abef36b7f	2b7d824bb414403e35d7dddd9851af05714ed29ad46f31281a6d77c44f1e3087	220fb13177f0ffb8312bd5a50f81c67572f81c9968bd03dd37fba35e2cdcf672	7239538b797d31b7aac146c585f89627f9a2171ad92fdcc6efdca6a82a29b9ea
657	920be08e7a3b8521eb2e2e8aa4f636a2ae7f3c534f91509f762e6802cbb40494	908891eee7387981c2499266ee2d07f1a915165fe41ff4756f14be39aace5cb2	628ec66c9aeda5702f61c50d83993449a5d4ce4119275e5c53079c3b78621429	ac80db12773947ea677878b53431da4dcab7ed17d3b1d403a6770728c7a3e467	25c70366a1524e8bfe5fd0d3ddc3db8bfc6661a707f8e0d3378f40f2633cea93	938cd2cb07ebfb66c994478295e8a8de6fffc532a55740ba010b05c6f8fba841
658	6d6f4d0f077df9b53ec2d040d02bff90ffa3324ec2f3a5e03de5ae16f0825572	04c97062a34315c9028ca7af9a8e4286d72c27519320227ac8683940a53a7dfc	8ddc19ee07e671f34b7c917a9c28a4220abc573650fdedfb2b2757456b9f71a8	42e26ca316528e92f748d4dff352bab7e76847ce548e43f1a95a5980a542d3d1	2c57d6e01267a1880ed28ef3396304054b923fe5e32f17f9263f0f8c8a37b4b1	82b735f2d77e0b7a7d4bc29e595b2283585171be95ba02d5e94e88d5a8f63d89
659	1f65e9725411ba4cd1c17398f48dfef1f52d2e0c16198e18463fd81ffa2c6d1f	ae7efb0b12f100fe0e5dc1dc11dc19f34a63eed555dd73e267624e50751f9b1a	034232315f5cc28132c72a4706c58a51b9ecdc75cdefc3b469de6cf487384b7d	97e7541de5610c372ff199fee3ed14f25f3acb9507609bf2dd931e748fcb2fe7	a33f0dffa1e29d501b57cfd9cf7c17275b1f5c68827803ea4f96410f616d6887	18ef37935d5ca5e5b827063d943747fe27e890d8740b1936a78ff1fd73b57001
660	6292036c68a93f4024a296e98b1a6b373ef458d9871223477ad15ea61f65c6f0	4f48cc04ffd60eda0b93f8f5c771e730d056b7ce19efba3a7666c25edfdbe39b	297dcae45454024e23fd627087f9a40430ef46f635d8de58a1b895accfa2810d	ee0cee2b63410d86c5fe28d1f6ff03f15e24eef0b1ed173b3a823c5fe4f9c548	d898ca8268668ab2405125bb165dbadbda8c7b75b40009629a5bc3c17d6da4bd	fb9351f541d486a49324e95c015ccf0a50d8ca4ba80793cb3b51a21d0bf27828
661	f2d7b330a4999c381a504a65506da256434d8ecc7d306735d0c29d3449f20927	5046f51445c0983dd1b7d8777269219c6cc56cf9dc41600f18ad903982f3bc45	5069b18798f5f9be233c5db5929bc19eae40d6a401b4b6fc45d93f80c99a3559	7db21ab043281be33e4bb35ac7f7f68c573952cfd41bb74717c9a03d89964cbb	1c1d202668e538f264c8fe02d1faaff642b263e1985dbadb46593dc39b87b3e8	22d0e277b91cd090bc5a7ebf4213ee7e4a49f0fdffd53314d9d0e132e360db2f
662	4a462133b7a403f73b379400c80a32e9304a8123915e3131b546a56e280d0e87	695862b1f7dd236bfc5a4ab354a18ae0fdd6beeba1402b91ee0d2d3b9aeb0d4a	dfc5730ae3074265d4ae7d011cf24dc664b718d4dd7e3a81b4b072e4fa8314b0	4d363a514dbd8003eed3f1843dd07b97ad9374338f8d95045979840ce4755200	b2cde575a9abe39081e20675b786110e805352f38e978697b0aff2aac12fdd5d	63262df63d83bb6cd13398a1f621e7a8f3fea9cfb0552258b75e9829ce6b69f9
663	13c6266b043cd97a27286db7d0baffd1ec03533e72c7a1dde29437be7d33b2b9	8f0352b168e734565f20e7366d11be61baf02093a4ededa2c7c3532067d399c0	ec3e1cb572132dcd13723d7feb89f2746fcebbb7442dc5b7eb2dd9ebc79d9820	63ee52fd9716a93d67b9f4aebf844edf15642d6c7d0b0d786ef0eed68edfd15c	06110888b8a1b936e48bca1ef23c2cd9506ab757bb4273b8a406387d97ffff07	ff1812c0de5e8cfdc4cb75f291cb8a04e7fb00eb1440f480c5a5086be08b7a18
664	f5e71e4feb9147c71e4dd094a6e0efb2aa4a27cdd564f7a0e45cbd22debdbaf6	05a6ccd267663b21d6d3997627994b0279466078a52732c3f1d4eeed5c4b1407	48e9a1862a9e1063e78f608fbb040dbb3463933a8448459d01c616c62b1a785a	0aa2a594ff745d8c6c38e32025184ee56c0c379f7d9fbb4be33234743f4217a6	4c717b75260bf0299c33d401b1b5b3470cc2c99cbc2837b0f2f3f752c01d40a4	00be55eb91363f87f39858b4b86bdcd5957c15e925876692146bd0f5182efa4f
665	5a8c6680148d0e6b84ef65799fb2c60c52a4a374b0a4b8393804b60216bee53b	e8c1fc30d2e24419e6431ab3f65e41204058333cdf6789a28741b83ac375e5a1	da8dd03af95812d16dd6c94763f9ede322456c40c763749f5a4184db7740c06b	90434cd923c7e9e61e84224b31981d18d666f892cf2c00bd4feca7a1b597798a	1e95dc567500defacca2bdd7cb51288f01ed455a00f5577dd8b94b8536e63d37	2ffbc16823e3a7d0c8030314ddf867451be73a75a12a79b1e1d99bba3b1b39fd
666	6e7b3a7ff709d6addc5e83b638da51aa908c5e8ca0a688c58ad9fa92c96cb568	16560bf0ba4992ef6ff10844f2168be3bf81d49904b12442e3a61aeb9c551d6a	6e19b2ef2be16bc9c95f4274b13960ad4257a1f3fcd07741ccdad2665739a6e2	f33798f3bcf2e55bb71aa1928d2e3476c37e340c346a638d1f09a803fde720d8	7c10e47e2502689e7ef7b243013db245db128cc761a0c85e5ddf1ad8675ae376	534e0baa7349e55bfbefdf5203800350b8429f3dd6718f7427c6abb960e7743d
667	0cc38d019efd8c389804366c2ae6fd101c1e010cce8a16a2a6f81482009e23b1	ebeb8f2936c03de6a4e0658e6fbc30f0a37b1af2470fbc04a81f7da0ed03b3e3	c65b322d01edb819c5a5c96cabd2e794270e0b07924c03365d5387021208372d	905512c70f61fa558602a5213c1508c5c4a49b871a9d148f8b9d64c7e3ac7a6f	26d1be0403771e7375f82849a161843d17d141ae902e552857328ad3832c8b51	f0a06a79910ac0919435a44d1f1b397d8171dccedc90c70baf810084fd4726fe
668	cf36c9358c27ebc7811b1baa39760aadc0330723d6eabc2b033cd8b460c8938f	692be2ec14d0d988f9bff33e622123ff10a7418e3f3393f7f1ae4a54f10e1546	9513c6203b25cd457a5b03ddc5a6c3d7ea248220a52d91de10f054e4e1a1f871	fa41a8d71aa904d5a3157cc5da7d8bfd89bc950e1f5087d56947953138a8997c	c0e852a437b960d893661d365636ba3b6cb90400e1971477f0b17dcb9cdd7d31	1a05073d196c0653a7cbe5511b7a3d846cd6652b645809abbbe2b1ebaf9fc3ba
669	7682b1ad31661188641e92516758e52790314d70b147296e25aed38971255d0c	d0fd54d2e85aea9234ba55398d4d2ed94213989a111a850d85ca9d9fc4cbf9ce	79043d8cb4d56433b73260b8766edfd54142c1a01dd055ddfb36a79c18d520d1	f3a7310d9b04f5936e8c61a01b5a297385a985663190aa2cd3bce81487614fcd	a593e0d88f334f2a4b029ffdc5bcc490ea91f3719534dbe07f170e66c154d26f	44f8e92f5b8080e03434b0deb46888414915f9a54a93a490fdd7d289fc4739c5
670	ea2bd48b2a20d8c5d82f226c34fca4216e9870f9aaa1738df78dc4cf8173760e	40967da2104b4f8e48ce64f0e6091a0f0f6bd7e48065dbc1ba882fb0be734dd0	73e56372fd1b89370037514ffdb2aa6a255694c3a56c4e3f3ce17f399bb52144	3cd75e785214b595de0a1aa44dabcb8a5b76279922aa7985a39eda41b4f8b633	361fe85038e6576f4b9648db92d1f5d0e6a33f987ae9108316920dc78e150699	66e49d977ed287c92a76b9175d0b4784f9291c712721becfef8a15d30b12399f
671	6963aa7e1ad04dec3b1eacb09078d3564bf092bd682c8ea485575b7148232021	4ccb834f698353bfdad975c4b8222584b8ab58fc8f5c1b517080590de80ceb4a	8d5d3b81c24730fd5b4ff82199773cd4433f4e282fa006ab6818a860f8c3f99e	4fb0ee43ca6caa87911a7fb278e8914de518680d7f5cf44b94f2ff711e7dd3f4	effc2faa540ab5bbd0f509ff4f140cc2592fdd4c9575bfd43df356c51515113d	124d39373dac44938cf0dea3628033a3ec16b028be6e8debdb817f1ee893bd64
672	c325bbbe1bd42f47698d57244772e331431ef437d29ae223bb808331af15d0fb	5e02c2e535b1a74eb8d956064b7374a98b350584fa8f5542a5086718e16b970c	b7da69ec6f1774c39dcce66a2debe927c93ca315d641d664641999ffc056b85c	1b6291f3b66d2ce4a8b3d4c4e2979cadf3286f806d49e1ea20e6b316a17c09ee	8290f13ba3b91d80228d67d79280180facd06b81cb828b1b6eede05d2db36a71	cd2654e4311540b9c81f360442ce37fb0aebdb88123b4ce3371bf9f33f319eab
673	25d1179a3c710f31127ce65d08038680cad5186a57e314fb181db95ab47dc1d0	013e4f3ed78f5fe389501c08cf718ee277144beb248f597d79cfaa8b7ae3a4b7	9af8247d7dbb484e00d19b04d0ba11bbed2430f136045e0d2976ab5efd1c9042	5001b7a59e516e4e3b847dd6da1a36597d75f698590ad98d148bcafbf4772e80	0a21c221c5e4dac78647b1e5bec0a2a9658bffc67b30010bfc8b573d597f024e	2bfc427f5e5e1e114aa17886ed4a0edb4b4e319ddc3f96b6f278cab552c14569
674	90eacb3540054e53fc84fe305d9b72aab792d2b34277f41f30bf92051abb865d	f6bbb9e310155d7f3b35d55f05af6b97bee9b858b8668f29826e88e1cf4b522c	7837411cfb159cfa046d8f73f2f556b6afdd889d745194e86af4cc30eafbed98	a2c743b747dbf6c8d3f9e8d90fc74bc747aa3ca23d87cdf30d98ac43a37209a9	5a3526f18d14730db0e9d74ae621efdf3a01ecc10ed84c0d1ad21dca91ee0047	2b9b370433a60bb0c9d6b351e9f7c1025fd01e8ee50b2e17bfe774524466de76
675	539d82ad330a21550dfde259e3a6a30f2eaf3aa5a7a3f9ff5f6716ed3f3bf1c7	e2cab5ed87a451dbdaa69e8b0ef6e7fbfdd7b3a66784a7f2e0f6873c63dbede6	c9da471fcecd10268334db48d96275bb3eacb64dfec8de2fbcfd342484ecd318	cbe2beb1b39750617b7f33fe451cf72eafd8edbb65ded95c3417978af5c246fa	2e4486158b7472fcb733ddcbaa25b9da9bc81b11e539c6bd0de093f7fe96d2c3	a8d6f288162462fc317033755f06d0fd65c67e1750e4117f35dcbd985680b010
676	084a8b1ce28630f6ebf22c8a779e2d3ddc2497ebceb3f9718f8e4b62f8b21c5b	c181effa2d8e828d067569d19d553c525970d4fc3834b532228f2e06182492fd	8234b0250ffb3132fdc606bc19ae2b5873d3384d09d2f169ca356fe9ce206a6a	d5b56ca5c5e5462cb41c0b10bed5fa5bd4976cb732e644d88135a54b40b8c7b8	482451e0ea968f88bba735d35f6d5351259c1c84ec74a3352543506c6b965c48	48ebf6846482f442f502cb50cc93acbb9deb8f22b8af93df0ccc7fac35d35eba
677	4019745d9fda1c88577359da470d28c68d849b5655b28a03683b0fcad0bfd65b	51328780269bbe859182a0e3f6d8a4d15933364782071d44a0332a91c854af2b	c1432726b4692ef60d718e57a78a2483da134a17235f1f68466331cbd81f01fd	c4a0e45adc72b2b1cd14b7ba57eef671d7c87311606d4f4ff514ad364beb0bc2	9080e3b1991791f21cdc11d84d1e5b996f8d009739ea8635e6cd46f3bbb58210	70c5496fa52b574a8e23d085eba214032edb80a7d2accd45fa3ff0e32bc8e240
678	d444ceab7a7e1fdc7a20c99b5f7fbdc4119e61f41f5575328786dd0503518254	efe5fc4c4fa7e77f7cc038757bc766948db5af92f02940b6d78fb3511afe4180	bec60ea5732fa348e35b6c691bd1d6217464bf7ae2ecb5042e011c0456f977c3	f6a284bc9047c66a2a58323842614ed9cbd52e66889ddf0abb4fd149c4d403eb	2f4fb9b893edee345dec51010d9f06a803289e14aaf7e5a246a7fc2c074147f0	748b22fdfb78612c17bf0c380b40edc94cea489f44d63287462b299d8d1fa0e3
679	41c91f5d441c98a775e53e957d8f3ee04a2eed6c972d17a37a83cda17ff60c02	4249630c47f590fff76990563c9034ae2089677bdb34eb3874e452cbedccd867	02cd666d24c6af3a01ce41b835a41c806440805a6a1e73f35298667a300a3969	4ddea240646c59d8e544a8fb8610eaf639873eca91d8e4a42917d9ca7afe91a5	1edc84ca4d027dc9a74d8564c59965dd0ee265297107851e4d943818c2a38ab2	568dbe9afaa2f51fa2d4d253148ba902a66248f9b0daf85cb5cf8e1b1cbc9354
680	4be0e8c64f80e47b0b029973c03ec3343c8fa1e8c9f72281ed5afe55fd6c41c1	abf0421bbbda6943ffa6e89d6c19567c1e0bf902f33a9d0f122430f169ed5a20	5dcf599f71fcfc45d4a6107f9e340bf0baed82313d6693653e24a163df155c69	904eee1503c3b5b9004c306076257d5a3d97aee42860a2fa667f917df2b2a6bc	7e44fadb61946de79ec4c036d47e2ddcf17498b9f1fe62232cbc7d8bad1fac55	ac9988b94f0959376fbcfb53d7cc8b87b23ac62fa0dcc6d250a21bf5465deb5f
681	794d2d55d1d87e6398aaf1605dc9d0d80d47253d0dd93b03bbcc00ab579bb94d	cb9d60f8ca59cfd9e9546e3c8f2dcd568d5321baf413b34cac298313b621b350	49f746062088c0a956fb44b868d2013ffa9cbd7fd1d8a37ba1ec0f29b0943794	3afa7759540feee1da6ae0abd5b1f6516c4534c0f336a2eb503bd8faf783e2c8	d39249f463591e0056dcda4cc08e15f5374919445f30a9d4eeaa2b0173c834b9	e36609ec378dadb307b257572d127ba39b8adfb4fc869b68a5c832a83b7cb583
682	e1999015fb308db62e2bb2d847014d0bd8251882aeb0d7f4e43a9557c7f9872b	b08d97a7d1e05d0bf0b6069c6bac17424e706d006e2b9e8fed2d58a54407345b	28749e497fe2c161df19d55f2df62e70000ed9e8d4cf369b41e370e48ba0d9cd	879608218ded4f79d3b7d4473d686925a7248d1ebc9b9b32a36a1067aef5988c	a2423edab62c668b9af210fa5ffbac266fd75b590e487c214b20aae44a3a7131	915a010b34efaa08090221caf09cd54a67639eb69872a3a7fd2efb28cc35d9d8
683	de89a94edbfe4fa7814218206510cb034dbe8ac9030c21f3036929be83606a0f	320e5ffecbe6f9bc3d35d0123c39c47f7b4bb4bc0c82ba6d01e999323e719fbe	b5ce66329a238f01bcea665948db8b6ed933de48a6da23be1710dd72782dd3d2	83dd7bee9f48bf88fc405e5c8829f6c8cebf065cda7832d0fb6df89344640603	8be8397b7752762428aa90de1b2d6611d81477a1e595466700abcb922fe7552d	82d2e4e7158fe14872be699621336e6a0468ebc145d446463a03dd83446ac321
684	c5dbb6b67db9ce7a11efba428df45756bc1c74686e6135eea9702447fe42f84c	15d73dbb6abf98888e4d522e357d4f98d2d1b3e5d37385c8f8bfc987623fc5c3	2e9cbb0700cfe2214565f3126796fd625f7e763f87975f263265ff254661ec95	419aeae17edaeaa826b711e8326eb2d7327a17c6187f921e2dcfe50aab3bd978	da0a4f5f3c4f39bfca90a33a2606f0f327e29868c58cc76cdfd2fd492f7989ba	f18466d0f818725c917d7e85d046dc60e014e1e5a508b93b8c8813a1c9bb5e47
685	305c0cf1373a211502dff938974565da1e06435d0b2103e1dc59c50cb43b5b30	5cc55a227b22173a714dd5fb6af47c5bb805da3e4ed982ecc4f3fd79c4675612	5fdc6ed914beaf0c69bbe34dc86a1147f9c0b6aa6731850943d41210f5317744	5751bc04084de095959e77297cf03e0d7c1ef908b5afec91057b01f8228b775a	87bbfd56a14fed023f5e99f4df7ad499c1a26fd54702d5b1f0d4c56f29d422c4	f934571159a84e67553a9e7f470935cb739a8c429ff2babf4d1a54e2fb2bed86
686	7ac9e1458fc3f7f1dce90d11c3b398e3bb1e15fe2614af1ff55e0305f4b60f39	6b83086ba3d53fe019fe2eb94a23d5991a4847322c99058e99621a73858b3292	489d2aaa88d3a75554b147b13436765a2f72471c3fa325ada6ca6c0edc662a99	2fcb05000fc94c3ba1420f363d729c1743e6024f676076f827ee9372316dbe3e	d251dcc926e051fcd1966354526b4268edd3857ada8671cb98183aaff35056ce	f4fb12cb229ce92a6655ca2734b39354bc734d012ea6a4ab7f4b6f3cdbc261f2
687	5fa1b2b1a40632fb6bf4b024ab3c05ca392bbf02a5b237d121ee738de625e438	3ddebbb8c550b9d3a8ce3ba64a2982f9170a1c01dd1241737c3b2c16e19c64b3	4d7f57a1767f4f135e121c3e310db7dd585522cafa0322465f02dcaa2f961551	40569c49b13730c2bfbd12e11bc3676723329d09296671954cda38ef83ba0145	1e7bb08e0b4f93f8b7105d0c667656cd3d49d4b15113191ad763737fd268305f	be4c06451a893dfd64aa812d93f89837df837c8b864d5c8aa651d188749d5fb5
688	1bcf37ec4cd2dbf79d1be02ca43333f444c4fa12b98aeaa1c68f5c08ef4d68a9	a7afa1c1dea77b45604d1cbb7f40eb1dd4c21129413c77194b456f743b8b6b27	45f7751a9af422f78fed1e579056ad0c197e568ff744ba4cdacc9b7a6470bfce	bd0239adb18f1c532fd5aa6551327893f9733b425b678da4c5addb14d2e095b1	8425a0a2e6f3f50da3333086ff82d52afd694f38c59505b83321fbe40203c518	6c8d891c02f83b27b076e9774af6524fc458cd243da155d4db5e503aa476c686
689	2716333f5fc290dca211f355435be3d8b90c1fd0acba90e4e9cd8412e68e1130	226a3d703f453a7eb3fc1da227f84fc596f75b2245bb93e9173d89ff9d41bec7	9bf06a1e608f04861fffbcc3eff2faa9248481cdd42fa163252f2b61489ae94b	e14fa02a91440ad20e707e8249f81708f2dc8bd5c75324b3f23360f1fbbb227a	8f3fa23d6ffe2538e0f10d19c170a57c1cf757a25ee08c19fe573a7583b629fb	f5369a81ba842ea60bb50a78bc215154afc5b2b33f7ec295acb810cd6d551e33
690	a668700752709dd73742ce92c2daa02220cf1b85eb7f4d91252ffaec13e7120a	91045bc2f128a2c04210da7fc6d44d246b749e251699c9fef7f6e33fa1628dad	39a91634a65420463461a7d3fe917d2448fda4dfc88793b05496769a882ea3f5	329bd7ae2339279ae9861592f6f8321ddb1d9a73a26f53d20a701a2a3b84674c	8a65d70d1c04d93c1b36a5b5721a2d882fe54781b5ce725f7b4d7ff7e5f259a1	4845ddca7ae31efb933080fbfda9468fe04806f2d0c538674e90d3cfba54681e
691	554a4ba5bf1a289cabcedf44c40186e11ef9c8135224467d4f707bacfa68da0d	7cce04027d368c5b54b624da56048c033dff408a3270239ad9f0a85f2d0aae0e	4e5fdc29b300710740a66871ea5b20e2de056bba593939c030bdb82b07ef8eb8	f6a98e6778834dcbe5912f0456661dd1d03e2f19f568618f55dc441ac7f01ced	76dad9fadea72852e39cc8be1d05b9c3b43dad1e4a99e8d36b59b63735487844	73d4f4805567fcb398e4906265f560264cd9faf1a4b0cc6c95242ff4a4310ea1
692	f5c0f79c0e09ae1895ace711826bdc4c4704f66166df7824e5950f27cb9a7b10	981240dcc3dc40da8c2c64742817dbee4ab4c6ad1b5f437d0d0e47a0377b4ae7	495cf89da6f60302de101e16c8d930983d7ff5cf46133e1a61f4e08d17e21814	b2c853011cd8b48810bdeef15d544f067e68a0bbac001b9b490d28ee9088ff56	0d732bbe06ba1df09eb34fb8c2eff6e9032d92836066699b5b8fb3562ef27d85	42ec1995b3f5ee977169409a11496ba1369ea968d891783c6b1402cdf902ab0c
693	71f5c9a8fc6c1af1c5889672cefe31e2f01eb1953a8cbb30b6e6f638cc447632	9655d57d85142f565804ee53cf58c0f7922cec670db74db013626e777ac74823	e6754610574984a0bea5a83556e9ddbb03f47f92f47f3053bedd7d7ecd23530a	721e25b012bdd37629a60ee10a95e29c3c256e9e6ef4a7446bc2a04a5a755f1b	eea400895995db47e3639171542977c4dc5f85dadd1915d27275bbd23ae5701b	a854af6f0acc5d26695e250cfd67a0fb7d9f6420fd3927f89f9ff1e2e6c76fe1
694	76a06b361481d7f6aa3ea2a25390e94c1aaa303371201da28e2191e0c1cd666c	71f455f0819c9551f45111a5bd060c161bd5f38dbeee2645bebd9600512ef1dc	e2ad773474c59d9ee34b91c765401e6ff4f1cfc09865d3dfcbddab5ccc319221	d131effeb75373f05acf3d3da20a72167dc401c1b09a9a3c218ea1d7a6500c13	c3a6f06647c251ec5cc69ac22fc031bb73e2fb1edd87b402a9cc89e5f8b19359	6d0fc82dea20d59f71a61d9afe5716f436675063d103e31cb0b49efea247a592
695	c88acc411ebd84652353a8d67a117d93e48db0f8fc41fb6ba2755150c185c4f6	b483bcfb8a6aad3bc184465a546a3ab5af0c5f6b66497376f5f75391c14845a2	9ae009b849ab047c530b7e45b21fbe00f48908e231138da81184ffa6f8707685	5e7277de834618f8ec1b45608d22e4fac134fee8dee83562e3ffbae2be48ab99	6bc9cdbf0b0ebe50335fe2955e71cf774f6bc94d4fc8d04daaca4bf8ea1fc311	c7ef04d11c1dfbf689a32fdb9308ca0afd1e436767fa79b718451bd45a80412e
696	2b71a2742722a2da2bb5eb75afa0d78f2819a729fe6146571fc8d8e374b6df9a	01dcb245871e879b4c3b6e5f56125bf7728cc531c17bae184e2d9c65ff06cbf8	53b22d60f27348f4d6609ada0f5dad4d6b7aefa0585b70866b24f7eb95926b1d	477a97ff41422fb7b06cbb1c5ec147fb2a76b049b27de270c066b36c6f7401a9	ff43397293efe3e978b3e97398ce1d5cacf681b897d3ab47749fd5adb4c352d3	59def001da175607893922d7a6880c5c77b404c70fcf2777b8e53d6aba182548
697	b013bf4fbf82d84557244b2f492e70779fc55299d3268fa92dfaccf14257e23a	55ba28aa9a37b0a23a4d9904a0d212f57ef3e52829231bec9c2945babae3ec59	8e385c73b3ddc9ffe4402a1da8a85167c86a4696a3769c8388349ea0fa4afb0b	9128f47036914abd5505fa093046976ce5a4dd2232f59e7aece45724d15f0e7e	af4e60c693ab8d463db68b0835c7fa0c9d3f795c8aedabcede625f0c129c2447	5f54d650585b67767f28e044708f1279383bba4b6deb328822c31ec7079abe66
698	98d0f2c74f9e90f441b07d1abd645a4fa284bf94a707f96f90da4f9082479636	3799c5c4ce77120766fadb014a0197257ce70f98096be3209b651a5856469182	c0da83edd6703d5d8a0c95ca57664e553db1c3fcd12f24c0e29aa05bfce15060	71fc4444713079af5de407c6bd38b675a187c9feb7cb96efb4a3d4c39bac91ac	6a6478f7fae0e9316d3b4123dcd5b2c4577a37d4e33ad02369aded204c2dff66	31c6c4ded75cff27d81f4afe086c0aff95b6477a52c3efb2f0871c1397a84928
699	63a3443df0e0c0edb7df068f4351fe3f6d5fdaaedb44174775444efe029403ed	f95e4a61d39b59e92f18eac67e1bf7ff7c292566bca6ab0f82315e00c01ae17d	442ec4a9ccd044c96dd9506b2790620049242b2876430a6b3f06ed41f6651ea9	3f48fe923ef4942ddfe8a4255431cc8cc6563bbcbd6054f73958eaf5edeae9b1	e4d64329919e14a80fe05af1c866558f0f1e2d17adc42978bd80ff5189e7e247	4813b995fd754fa731fcf4e287df10e769c1bef3196deb7257c3d3ad704589bc
700	79ea7bf47e3461d0b40b822df80acd26df3810da7aa3068b122b1861019ea988	a5fa2f894a297cad384b766f25e5740bcd5dcb33068d76aeb881a673b9c342b7	0de605697b612382ed729632c72bde50ce7fb2b70b2a4d901367489dfdb78be2	4217dc250908187d3a8787984797b95d4faeb7bf7a9ee84830a4ec1aa4046c53	2e3f448b329b2a4568e10aecd73115825f9695dfdfbcc806533dd844a8fe771f	472d693d3a9365891cbb47e3670490994b000969167324310381bd2e04474d4d
701	f3d3b1af0325c9d78254c49c2ef58a90627b3830aaaa905df7cd3fcfc7bb3491	665b8e02d25ff51b90f2d8a667cad1001a5860362c25bebbf64fbd719c26d97c	f85635f985e71d6ec58e9fa8f8dd12044cb76cfb773f5a3b96cd99ebe21305e8	08b0bf5a900e126d5e68c499d01bbd161ab9d49511649698e86249d5b3f52569	8213d6dde2be36f41740f132238d3988183e4e26a7abc122d574cd79e535d9eb	29fbb264b516d25145e4323510ee9f705c3de18845f2629a1c8b827e3d5a61f9
702	a71cb849d960456f5299f3517cb1b2102de383c5c76dd40dc3d979fdaf3514f7	8b8b2df6e910d17516f76570cb3ef64050588e033a3a06d1ea3dce00f332f9fe	800c3118f4fc8249d0701606ea4ae10fc7586460a07ccc1faf194ec75da87098	a875e182f68236823c0e9432f37f2b7f64c60d91f03534ebe6991693e467ac7f	eff8dc22bf5a672dba306af6d193dedfb47c324ec2ce8634cecc92bade4c9779	ea73b9bb89a7684dc853a02dd2194c2063ec25bb4e581935b7c1dd37cec308f9
703	84869b5b0a2e623e7f7e5856aa940beea74db7f2f306e6078ac885c5132e3717	3184a1f279c7d33d30cbddafbbf2ff8d6f8fa75239be4d97c3f71e375dd20ddd	0dc3307716743ef3a0156cc4d6ebe3702793c1bc2b1b4a2d2112387aee8eff69	8846311c8d711ebd8d20dc363fda3b69951cc2c34ee29b0ec69958f47c76ed01	93e3d535d2e87c5b837221e50c9c4fae1aa4d72d677d9247a37366636742e8cd	c07c749ed24c738968a37ab900120e3931b75fd182543647b924be46b7ea0365
704	cd41e0ecb32a070d5e67e18f9d3fa4be2db57b91f1170af5611625aecfa7ce7c	1077372e512f33d50a940e8be1ae85cbbb5d336862f673baf18734048db56388	54864f1e587c990672fe78515bc7481d38e281778c0ed9ba0b0232832a298d7b	e49fd56f34460143e7b1791ee836e53b49636c32cf3bfa8235ec54786ef8fd35	9bca04a8a584ed494132a8fc4cccff06f9013ee9313afcd3232a305c9ebe85d6	4159126b269e0a847dfc2681624f425de1984b54cc3e145e01833948d4ec23de
705	eb8330637ba13b509e35f8a8038733c24ec664f84ddb8ff4ffbc144b0cdc1b0a	2e9f1ed1290883e15ff7ad19464d63754a56c2ab5418135a768c110732922e6b	914f969d70c4ca03dd74c801d1ca5e45a882723820d7b83e5cbacc08a7fc9734	3b8112cc3af3e49db19260f86dc6ef8f3d4fa30e7383a8284dd47ed803be74ed	02022d16256fa4fc80699c6c84a9176f802400750ef2dcdcde5e8d4369f212ac	999a853940600236985315f68078165d7b37b642fc0ed0e3e6ec48565be34921
706	b336953b9df2afa902a1968b6f561046227de70d8c7df0269b57777e8dbbbb01	a325df00c777731dfdda2354a74cd69430e857d7f9ff09a92f52224010a6de25	e236dbe1dcc93e7c582bf5c564a80c48593efe575ef14e2222d2bfd58d579fd9	5c0612bbee4353df4e7e71925ad9ebece08b4f80f0953f6d7e7927c9dec53fe8	3ea2c526e5cb3851a9a096e0dec91814aee9ec8b0ac016dd49f4ed779e243bf8	217ea6bdfeeb62603ec597da35d5956570c60ecc174b951f9b977e1aa4a8e236
707	238699961586aab5491100156dffcbcc9267072435ce44275744d0fdb7e4cd19	960c77501434542d01a6d8b7a8335cf4972b76ccc861014eee42ded1da256fa8	544a912ce30853fcd9eaa138625307f898bfa249bfd43e68306ddcd5cb649ea8	bb1d84c2dbc73a67a317d76735bf6dac7665432e65c7703a16b1e8bce77e21fb	13577b90021219cc49c7bba1c537f791ec1231f99e657c38f79761c8a742b149	5183a9320f181f35052134ef695209654b41b574658948178f77392b6999b742
708	6e7d34e03bf709e6630525fc04fa21c90fcf3d510b46782d25987178afe20be3	1cb24303d9309f70f67f1b1887c9318e0593c64d11653c379bcc2ec19f32b392	295af214c4b8c20fd1ff2001c077115a9eaa46278a7555261ab0fea1a4d9a616	a784c4176f6441bf25a3ee007c8567663905deb03865bda882c3d1789d3fabb3	5ff6bc2dc94176f21d21beeafaaaed6d40532de5f7733797c71f9dbc0880219d	9af4dc0285e6c31f4d2ed2d7edcf3db651bb633358501cd704b5937dd7718ac1
709	04b274113cc488f02cb7d6bc7d28f6b500f6ad877ea0b128435b4f7cea03159c	53db6014c446654c9f42222f20143f51df952208f39cadc2cedb394c2ca4b9f6	04be0e59a291caea7b84df1e3f67e40d0b9d07c1b88d1860c8054a3985648511	b8b753affb2f5da4fc2a570e849c3580f9dfd9223e4e215f045a13295d1a557e	960da8216da17aac1fafc1f1b255e3714a6d5064c50f56c797cd74f123c5d627	f786d1550af9747ce572a4b01acb05b74ff11fdd694f7886b8c045cb78fde1f3
710	585f3d0c48acdfc43a0612a59fe8d138b8127fe0383d384032332cec4bcc16a8	0d2644ffff07040ad4aaaf781185634e97624f53eda0723a258376ed204d140d	886eb478317057ca62e84e8479650025be0d28a685c0f66754c2de4c84b0502b	a568269fb0c98b16f5f7780a62635233d8507a1a20e01459822d1810bc16375f	97375c52a231bcb32d995b07c701b7b2d4040521e91da568f53be2e4191948aa	227f102c137d85215c05d658c2d6860bd975aa8029d8df1ccf4bc3df4080d224
711	32579d6c46839e23763e1d01637793d27734b4041e3a09bda00a95a96cdae150	f9a701123b27f7ab17715fd4f75e7410919dce04fbd7f0c2a9ed22371f632221	24486702cdf8dbb31ddb79802922c94138af4c22fc7a2e2a622905cb3df2050c	5d8884a71b3b592f05643e3c6e741114ecb8c57543f5cdceedbb3fdf6ed8176e	850b2bcdd01415797e8d404d5941b2d6f8d1c45bf547a1dd0d99ba99abde6fe3	3e26d9243317e48f330c67656c729b7519aa0bd2b9a7d93f84643bd3b4d52eeb
712	0f648c1285499007e987adad9cd689eb514ce3da5221aa5449cb6fe3af2f8158	2c46272d5970a105406b68245e56ca06fade6ac8851877c41519ce8612a44e9b	af597c83484533234139b1c7c59bab42057ce269ff023ca056561d09c8e4ebfb	323cf173f3acb98e6323f9d4c7a66ba24f247c9fc7b40660e209528500232527	171feb045df8de2272fb301d1ecfad246fb5e9258d1f62a7936c71fcd46d7776	c24b710d9b735f7c944c6199903de3ff536a858ec403ffd2df99cd679e40671b
713	2c90e6993babed230270d4df19b41dd0d0256b7917732b9271c4adf3bafccc50	61d3f86d9cc8eb497ac0a01bc54a6605ebfefd22d71ff22f1e59ce5e73a0cc65	56440780ced4f342fbb3eb9f46787d8126ca06b289a85672c7ab89a5546551e7	97a1df6af97949d5ad5c55b0419cd73cc04af9fb8dea61ed69f79d4eb8eb5663	49b9bf8c484d2752c2446e69d7dad65aef75cc6235fcdf65bf4eee44437c9963	b256565cd136f56c7418a28799d19c0be914ef1de26c4404d5ca8383f40bc8fe
714	31bf79bc5b224068926532ba826024c3edb1349a090aa1177bc21d6fe3d083c2	13c5fcd3e308c74f8c315596ef69d107f7825133e887f11c31bc0935835b2e27	56305dde8149156aa6a8896b6d31549082343ae4fe906597f01cb6502335b29e	dc1a79f2ee004cbde2c6a809b2bd41b13c9021bb538321f5e1e018da7a663c8d	63bae8e7bb9c762aa3d269bdb22fc2ca4b856e3c820239de293a48f4bc6b9d4c	9df3907992bf6e32f244b05e7bd7fe22787322db3a83f6934ec9857179c9b031
715	b79129be0dbb21e48f29d13b4b84d814dc07918c87f91447b9c1629028e01240	02917ea9c83152418c66f4df628d9283e91cc5cdc56c6d601e4d2c8757a450ab	abbaab2f0512e4f316eda3bb8e7c6957ebf807d91806a6165d1868a4d75cc504	b36d90cc5d2e5f27c2fb57f692589b345494931d8eab1450c62569124b01d573	e63b5b91bf6f2973319cb7ff7aa8a2eaf9a4c1372aba8294ba5aa049551f7d52	f467f8bffb9a968a4c78c68262037ee1cf106427b20ac22e3a2f5982100d2f12
716	cf9fb05bb35baf24b86f2883c1622f16d5f674d9b5c9a41a2793c2f56d7e8341	6a4b23fba8fcd8e1352b3efcb5fa263b1ba6caf52d16d81b4cb2899f1211a8c5	c5f41a2882d4423ac41068151c1a1eeb8eacde7204d8112973da14be46103e48	9ef4f0f1074c7e30c1dc2ee1387c9ca074c263cbe08a21738d52872f907d454d	413ae209c55210d22047e770c5b4ed173e591f2a4fd09b9fffd3b579696261f3	57b90dacdbf6d050d8924d6ebf3aeb1360dba27d6175995afd043955f399c422
717	f1db7cb9fa51af8d7a566a92ea81fcf010f2a61d2850b4f5105584b4f2fb0524	bbd4c1e03cdbdfb6d73f46b27616ac8479d2b039478778b6fddae6463f887c47	89e78f16a0dd2b660c6240ed9b4e48f4fa8eb1f3ac15dce748e4ce1dfe81108b	1cef415a94a2c1b05ae6ced0e05988070654c0f7c7515e0d180ddc4fc7486f90	f0f556b17ec53bb6607b73ed49989e72cdb5617d0471866dd239442e9754a84e	4625a1e575f7ea5d74da3f06053b38eecd703d52830a5a9715eb033eb356e5d7
718	0fcad5ac6c6a2fdf9a1194b5e2df00070fdb31c925ee1339e444bb310a8ec9c1	81e4685375dd5d0d396438e2c2bc715e91a8665542777751a7db9f5e31778d2d	f4a880f31c5f2a665c95752e6ae101679d5cb8da9df2432c78ffd60fe98a4289	1d35d469b72628f9e82f8b4dd53a2a552a7be3a10f969b486be9e0ec86ed0060	cd2504185d0ca6f516f86fbcf5002e7dfee48631144cca3c67786d765bbf7137	b81a1beb3b156f8d9aa460ee490b93f2ae85416e5eb20e9ee10b489aad482568
719	e9046bfe06052184c808aea6436e7e4bee1bdde1cff5e2546b69f6497c3370d0	c35aac2a26e30481a5afd25e81bd358f604b2c41ab8b9c767d97377f17f870da	9cb20aee555c0aaa6a30abba524a952324ae8bca178cca287f48f8f8757a0d44	a5357b1101c71c7e0f8f1bb530c6210a65b7d63efdadaf13c8bd9276fe141b8e	d0cd50b4b2b178a88dc920ecce14758f0caf5518c30f4759d7b2c58a595d816d	f4f38fac983ec126e6fff98e1ce1b83428bf2cd6e089739fe1323e905da500cd
720	ec3b496040cda2479b807133930c91abf6a66039d713911ccc891667ba52b737	831f444a6d1b08d315d561c92a90547e06c1ef2e395d9b4bb46e0ce8cbfd8cb5	30a03f9f38ed2f72f701561e6a0520052b1caa9850b7a71e5e8a94514ade5f1e	94c72787c722d5967108f2f94ef591d254014645042a558208ffb8400fbe38b1	6365495f39388eb02d55b7a43cdc87d9a533e3868bce5bb9d260a1624870f752	f6b9e28e085afc3d74594aeac302d6aed59f8d396933cb1bb9f2cf84f2dacd53
721	1f44ff1c71b616a4c9e4e785fed8591a2974e3c0fad0a2fd033e469ca1d7bc68	44cf35e8d7dd70481fb1f80c4bcf120416259ae2dea8fadcd30e93c70b79e05c	307d29c49a37a45eb318bf9df6bc8e2da1bb76f3564ca8bc44aabd167de5d897	d58cfdd67d65dd01617bed2dafb3b86b7cfe821a5f149ca02f2aff884677eb82	fe5e096fc4240827da20e4ec5fe3db72243c4fb790e8076da02e2db34cf16a89	2988a97a87d468fc643926e56e859f2ed09ad1dcaf3bba480ba1c2e9a6500e9a
722	a5d13ec969002f075466f029b449a0c63d231383ab03721acda0f9b99f11e5d7	4519068ee84df987eafc73c887be443a051f300b1262ead6fa44cdbcd1dabf40	c7e6bc4c327dece7f53335f3090d1b719198a36f4573bcaa0759695141afc1cc	74372ce71d1c714fe4ca2eacee6a075c7e0df89950cda729bd86323307c8ce8a	f9e6d32fc3b9dfb4529e5e0b1a26dade729e295127e44a8e1904659165d2b7ae	b3dd628cd35c7453c32fe4d751a217a05b9e472d66e07c99b47a44f73f67f491
723	0804c5fceadd6b6be265925eb297cb3d57c000adc82efa8efd5baca7edbcd6f0	6e616159c21fa0d563ff918f9a8bf5887ae2a81516abfec89bb7d062153af134	5412d476e93de49877610a9c10abd94048794369c68492712037c8535ce8ff0d	d8e66914b0a42f05a960fb814888c360a433fe08814e98017e106d54a869257f	f9005c1362f4605fc84ddd5b6e807c00960fe153f04426a4f5cb8ce99c98fe89	845cfe79918956e66f7772627ca3cb3644d2985526ae7506a01a316a34cf5fe9
724	dc369edebb804a214ebcf3d4251e5f7da2c352deed0b4ece530c73de92c8feee	633db31fcd30b5dfaa5c561d6bf760d598a5fb70b6b9f13063be5d9f0022c952	317d7250b244760bc9b2ba35c9e07e52987d6c4c9bf206cb91ee3d36af1d00a5	44065700f97ac7d4e84220df3594f0dfb8938567030941efb2914d4f68a8cff7	d490e46c7e8f10702f54e04180f4d997f60ab8b67a28fcec8226d654875cc5ba	d90bf5ad63dfef4fdea08017c89c1a3c3c68fc618fff50d6c17de80e3b5b574d
725	3d9bd0376315c438f281dd84a8528b2fed4ab919676a7eb92370ee05dedec586	6086e8b87041f406c21dcb314be2175f339ce645325321e25727c0d0b0f7e10f	7e2ffbc23d7c884800a2e150020c378f778aba3dccb5efbe1f9c408d5ed9487d	d762b40547767553bd8dea5e46773bb4e95d4e7e2639122f09ca9698b21bdd03	9e977199935f9d6b6715d04482ce4ba2877efe3cd2ed0ac4daf9757dc418e5cb	ab1d0442f35a87018d41f4d6329e67a61b9fb08511dbf7166651971fcb8d9dff
726	f8303d39a3f1a5f0b9c07a96774b794cda383f6fddffc92a43523aafef233392	cd9ab21b78037621f2b66729c50272f967247db1e02e1fa413b0f1dbf0c7f3ea	d28bb077f450105532c11e08cd70bee64d934b4345ce38ace146e73f1790934a	1b40b28d3cce59fda4d4e6104fc394daaa8d1fabc30ba953837dacfe388cb5eb	c80bc3c8a1b2ac99b76901ee1ba94f633ba29a753828d90e0b19a612d9dab52d	91e3a956ff58b94403715226512025edbbd87597188e1e02dec059edcfc3447d
727	99ca41205a80168e6b0e688bcb9d74c04e75f170583f83007f003067054e75f1	de49b1936c6d415765e787bbc72db5be58ca2eae4697ab042bfb7c9d3ab5d1a1	c4de6358b591b8578c057191bb92612caa0ba7d032f36e5cb501eeed92b3bcdb	bdc6cf96fa1ab796495c90a17542d63fa401e85966b382b254222982525aad59	9745b9c599f7e29edb4515202487697d536931b2e94af20e9cc88143c585d90d	73fc547a35065820acc84947d9a7e85d12456858075ffd1f82eb6996c7d177e5
728	d792dc4b25817228c742d4281c91d39818f5b36d39845676bb4e73306f973885	371db6fd21b7ecd041c095a651e626e49a069ea5c0ebe665edfe6e29a1b56a03	0957071ae8ea361b0a1870f81ae8f7e63845fc6fe0062cf1ddd22b753818ad7a	525bd5677e360202af31ca46ed872e8bb90942a8b93d8a8e85a6b24d32fb4b2e	4631d7fd6e2d6907ac520664d4bd9b1db9c6566f297614f8802762161028947b	db52452a4d74f6ed674daa9366ed4131845d56fcc0325d84fde396db4a145d05
729	8ae40b4ed39faf1b12579af9b7357044bdf3b36c5481c7d951ab35c173f9a1a2	609e7ff8a29b854a73cb8bb06c7dc0dda252605243a9bd0af85d2ffdfa2a217e	385edc73a01a60342bfb13d86fb17d410cb374db6ccc59a0281cd0a37aef85fe	3d6b72c783b7364b796a3a503bf6ddd3c7e76f29c07cbd46be65dc67ef3dbe16	588638194bab88decad47d983e13002bbb645e800a6cc38d063ea0d84aad8c43	bd1ed9c035be0d029124395984bd1b2450c6162489377fe56ca229b8c5559afe
730	5421fac3e90455e1f62ac211d42036217396704964c25d4849204d70122696a8	32d42b15bccfdfba42ea8f91b823446ea000ab1cff7e96afdbc5727ce81dd5a4	aec5b1658d1f5feb869194929d9fa9a7bcc9aac196e8d24bdb6bfd75ea34ae0a	ae0cc064fc1b81928b4197624c14bd8af9a2b1ef6b07b9dcfcb38c48ed18a40d	d010ee4ecb75d36abc8401a81321d5dab1826c191e7e13e84d37bb605088c3a0	b294cf913af684eef4880113936a1ade35d5c9cea8b4c7ed4f3c8ab827e22143
731	bd98af7a8c5d41968d5fe9ef72e8d7ecc465f504f01b56940e07fba4c0870c92	cb02ac4833489a39c94c4b50882bc8b464b28c2375146b553940af50c3316668	6c0f9d0191a5b343de0288577e8833d3bc9747a6aa3e2dfbbbe60576e428bf7d	d8fe638fb040f186a2f0e67780e17a2b6f616381fd58d48f4e5c911d191b505e	50fbaa2c4daa8ef8ec1c24d480a40bdb0710b3192e84bb6ac37180a6030b542e	d34a90903582aeeb368190c4b4fd4650df6afe61969c33d274adeaed0ba2e328
732	df1ae1485d19a07f2c10de34aa3dd47c5583d9876868fa7d8bb5ec2ee13f57af	36ec2c243602f5f6279acf067ef406d12e0cb56c0f83d30d595d691431613ce4	89970a3ef354cca2e77c01ff93e6bf481719bdda57676308e6be02a295000a34	ac78eca4c699c16ff37edfc65c5da0c36cb91f5d111bd6b9b94a2c7590409fa4	bab68b1b52731a3bbec7b12ea39be170306c72e27950a0b51f4c54a4fccadb2c	e529ec61e8e957b883cdd46188d58c2d0dec618793c159cc8ed99767a1927b33
733	64f20fea9fe88f9c8bb6e095c6c2b8658dcc2ceeae83cb42154013b6ead60017	22ba79608efaa4c064f0dfaac97f29f5bd7a81da4644f0645fe39190c0592ea0	efbdc4fe262bc216f57bfdc391f37f5362133d93a6a40d2cbe7c026ee72eda48	1c76c37dc9ce1b944e6661c095a227b77ee79f5582ad7780d7451448156c834c	c3c7d52c447e758a32346a8e544ec12d2e07bffbdc46abdcac543a00dd2d0ff5	03b1bb540f9752b1e75145a341eabb79c6e8787514b5cec69e922f5d698d44de
734	3448bf407331f514df7b37a2cd0c67f37a8335a17905e58e0f3401c79b1af79b	50c0627fdd40f762bbc06dc0a0f2dfebdff876ee7955cb5f55184263da3757e1	93b98247e12f94438e7bb538f50700b6e4725f6492323ceffc32545989128516	e37c1dfeea7e455c6aa8ba249e255df49534fb8e812714a89e00a38398cf7570	c108e0d4ec100b73d78a5cafd4ecd08558236c6e5633dbc291fb086eb7a07a44	e73c23a7e832da2518dcca32d6d57f53ec4d1e9aee4e957c93e5b1c71a606756
735	02e2d975afa83f1e0989941e4b4f43bb50839bdcd115db8547df5b4fc5516d91	0aeec4a1fdeb4c47bcc364348e0f9020619f092adb830481b4bbd8de7c7a58a1	9df9366dc09c9bd9149264a264d199de1da6ddb0252ea7d694a23885b81e5d5e	53e6043cf969b6c95ccc3d22310e2b6fee2993a9ef5b284bd28d042c6cce01a0	f9184c45094e3b844985329eeeb955db856f2281e647ac9cdbc5761c8f749179	4cff9ca178eef6192b43196e3e2cb70a52b4a45607b15dd0c69b459a85530cb5
736	d09ec80f1a9fa9e48b8d77e6ab4c5882fecd9a254b6c2ff99fa1bd08f997dd12	a1888df757096550a41522f63d159a74f95e58c552e15f4e738963389015d629	960086b9037f746569b4e7c6e76911f50df7f39f48240375e24e18c9e6ea0042	56111e3a9c8f61b539b23cd867cc409d00dbb0159fa31c74604922b5b2308705	c842d05baacd33f5e39498e89dbc44ef05bd57a7d801d9055ca62f531d01d9d0	f112fa2324332241f2b99f50a28bb35484f4f9cbba7cff1109da181310d17745
737	6b25749c92c2333bec63282c2988c2b05f3bc038b65b8515192c33c4006aa7f5	e5bfa6fdbe1b4238e0359842579d6eb7dbc8ce72b442fade4504921b331e6226	6f7ed7d29fc25df8950f0b951571c10242416fcdd3baeacffeb4b918d25e1838	afccd035e02f0b1fa2a5516f407c966617f799b3668c247072581d94933ddb6b	8f500f41148abded407394addd83d6597ce7e503e289e09c59ff8c9d007ef30b	9f501faebca4344fb56c9d546e7666bd56c4f69e2d48d8e33cb84bd7f8f3404a
738	e4fd1cb648dd9392eaf8e69bc9ca9e8b6dfe318896dcb297ad81236bdf543dea	b9b65d84479bc9f99578a6504dc9248ae45c3fdd572cd4a178f60875e72819b4	5d867bb2566789eb906bf39f9e498aa9b9b09d088d0f76fb1e42b0d5278db236	c5982772b2d0e937850e00c82dccc7deaf60dc3b649caa275cdf33504f175fbc	81b837c35f96ed2d18c0ecbd8cef9704d5874d2020ced83bfca2c592151e130e	e38efd9bc9c245292c821a109bf49b7ef63f2af787f4ba67f500230bbb604518
739	f24d9fc93de74426abc5f0889da72850947fdf518339e5e839e87cabe5b1dbad	f92b14ebf9ccc40c012dedce9ec1ce3ae951a29e0243d4a421690b3e1a2522a8	614fe79dd02ff092cab913b57d56bc7f8ac14583896194ef03a0008c155344ea	2eccec538be369546290dd59274c44745ff3d32ae26f516b5521279559351c30	7cc39d2d60fcd536333d2154506a4ee7dd42925f4d298ac9fd72e4c3544dd104	5a5fa27935472470852bdb7ae8fc3cd0a70bc3e8c3beec1061db5845bea61e92
740	125096d1bf09b67fab35d9abf1ba4a48407ef28b6ea95e95eb55877327e14a03	6b3671f871a0285053713a31586e96d3bfe7c2f46a0f8eae50ef11913806a23c	fc07306f50b2a4ab10beeeda04db62324a34565075cd4d895911d9e778e0d75c	26f8f6c088ee2550cee5b60d99240b029994aea95b09771f0abee5f400eeb922	698eb183d7b15d6843f3b73a28066a1968a7bd690e11f47114b8ec5be114555a	63d2c8f14d997c43dd42639bca7e84ea70ef02c0d155e9159c6215a4b2468130
741	9c917932465e8f578b6e9f69735fef4d0605d79eba4b00b3aee4d16654123f71	8a8268273fee31f1be47d5e0bea7f6ea53ceaddabdced246dc113819d34d557f	e658522aafe81b7f0d9fb5be1a51578a9bba31b3a966c1e0dbcf011b8e24c0f6	dd3e63e71c67e2f0fbd86a8a99212ef65dbf219671cd2817a6b568d7a4cba7c5	61afe666df147b8acd98a621c17aabb7131f313508644a7ca24c600a7c140af9	c1897eac8d9b3e4619bc4a9fa31fa1e09a1eee98e82e7567ca77d92d2f41efb1
742	872e81fc2ba2e390ecfe375aa0c8bba189fc70edbb1cb4e8fe9367fed70977b3	152e3ec505c0fd302b14ccb6e6375067239f08427602026bb6ae67aa392996ff	34bb68322160eaee33d4497d21085f6c680904611bc85fa4e847fd3cd4fc9013	38047504c80d13f7372e92df8e122970dec3f65182cbf7b61fc3d6d56b66b4db	ca8f5a5a76dbe4aa0240f670feefd317a8ae17a8b7ca7a9797db3018653cdd4d	913fc5ea0e4281065cf3e76cda7cf2876c1767b077201695f6eb73eb595b8137
743	fe5a0b5396ca2d0c13aec16eee8e66816b213d21ebe382e3bb6b897f60137faa	f257bc85f03512fdce75fc2f78b5f5c57194794d4ae1cee4e66f72cce532ce48	cd5e1c314a65c4eb22a498e0414fad9cfdf30ca25bdb9337cfe9bda34ef9c369	9fc2188966dcc0c645e0681494a2e12e31419d026ea09ae3e9c968a3149cfe24	c2ea00992e005001adcc1178088f465236e7dec6c0eee50c4745d3685928bfc1	dade345a5a098db1e845dd9657b7f9fb48da0e6a0a2f225bfb149e58c3d9910c
744	999fa58be1beb05a1d7bea5ab5b54d154fda6cae765cefaebc3db9673e08336f	d7d960cff09d81b0e7c88779709b95acd233cb798c57273c79c706e5158f3d35	f40537de31d46e689ccea9d64411d1e03fe5a04474b04ad0d3eabf5e79f8bf08	f854d987274a9c700ea0baf38990687d7b07b3ca4f09bd4aae4964a61a3a546c	2a62e8026257c95b9fa5106c15aea88dab24bf4fd52791f7fcc53b2eea98122c	5c4dfe862a3c25e5ea1e3bf7ad826fbc75cd9d9efe067b05a2dfb03926646421
745	e127f39ef65d67973fca09a356fdb0e42d3e7c77488512d0a3e682970a99081e	4c17056d5fcd846640fe4e5ba45af22c6effeb3d8037f24dd9f7bf74b542474c	15803ace4ed4953fa39af6a386187daebb899cf819e8e51e5838f6c89f3a0310	05ff7cb46b8d9a92a713e866006ca29f145c5dae7cd602f783e8d87d737b3cbc	1b3ddb88b866f6ede29c0097acac43abbf2d3250b268d02002bce0341d04d06c	bca76454188215c200ff722ea021c241ead86a9bb9a8a81da68d2129447f2273
746	db97e891def49f1c39128ea561554a8fb811a663ced62c1bc481f7d6fcdd6a26	241c1dfbe299edfd9b77138427b4c5158cc1bf866174daba0392b12fbb7de30d	e8b031cf3be3c702594d7b8ae190a473f554525ff2c1c91aea0be0d737fa120d	9153b906a1210e73e0218339b3aae0bd1d79cf08d10f544b3d4d035e6a68bf8b	fe08cef535fb7ac02fbede3ef63c6d16c5cf15e74c49eb6219afacc561bbe3b7	7aad30c489ea9c1800312cdcc146ca4b0f61a301a871064d05a5ee6db4476a33
747	e1a671213463eecde890ddedbbead9c1ba5b6bd8f7aff862f9e2da248f3d8bd3	69451f3ce23605945ebce80640a600e6f621d467262a6ced43c23a2a21398555	1e83f52cccbbffc554c2c5857c5df69a106d95d459268fc3f06389ab8eccbd07	39e4cb6b1dc35a5305fe0f454e113e51b80670eb798eba742198243d2e8bd5a5	b4db8b4244a2ad723ca26d8c3167371f96582c0da57cbabcb4303a2d444f7881	63938b43cadb6e9073ff8f8d63b9c31be75f5d5e8d988f27fe2864289b4f7b99
748	cb01a5cc41188f4db309b63694d641fb69795b67448fe1a406a0ce43cc646070	40fe64eebecea4fc679aa176e727e31ea1bf4ff11581e2ae32671c3bae9447d8	38879090ed4ea343bae273a1d72ec5e8e249a4f613f75f5823066c7668fabe3f	6a7cf85a3ccc27b220c2e73cbd05d48ec184c0da4615446606020878e93efb46	4adf871a63d9d1e9db2ff3bd4bd7dcd2f44259b618cba13345e1bea9a230194e	99f97ae454ae0a44b15067c83261d5604622939dda92f201c97a4ee50eda4b2d
749	a3cc87f2bb2e77262a31cab8d132290e9894c1805322cd30ec499e9d0c228d5d	27b21c3352ac99cbc0722ef91c26598dcd5f49d4bb18ea4941217aa953858ff7	2aa54ee1e08fdbfd831702c78194da20c1147c3c8b5e29aa9a870e4cd4aa011e	1309e03869670b50576e36806122b388a1d658faac4fd16439c1dd4298e329ae	90313a6aa012a42ce1ef07c86875ea9c27c3b995b16dec7935171d5b36fc53d3	de51074fad486004814b8ab28df0b55a64dd8b958f9dedc8c8746ba4ae177465
750	199fee347da0f7a52feaaf28c1c6bfa592566c57ae55956cbb5fc691f875d108	2267f46f248ebb85b97156018e3f20280739304015e0f5c906618aa20e328419	ff6d457dafbd1fe7a9f04ea7ca35ea2c8054e74567e2ed221d6f2a37dc0c587f	b8db82308810a493294997accbcac934a3f9c739c3bc345e4fe5da4c3a04523e	5ed80cd633adadc8203936112f965efbac2d62c48fb3fc9e03a79f1c90ace940	15966ffee626ac8f241cdaefb99e1ce8f52a0d2ed31ac532b8e9f46a7b62a57a
751	d596df1f5e17ae81cf4d7a66a5b44ffa8252b9207ab2cbbbee5342aca183278d	d223fe676b204a0195e8aef26f84e67e1920119a592b433ac0537f8fa9326698	03226ec412149a643259e112b152623f8c87d9497077e2ec616cc58a9b5f910b	86e614c1acef882cbebab23f50ff7b57ebde396cc765d44c3cbfba7d1408d040	257ce3d6118057b8b0ba2bbd821a9b586c8d1853c1385d4f7fc72a039c6a6d38	ab1d0c2093506b342023886331da1c50d7637282aa4ee61fc48088b04d63839e
752	0e14fce5cf51b81343022b43792ccb63d0513918c393906da75c1c3ba9c7d0b7	2c83a23b4b00bf9f47d9ca26461765148d85acdd6c6ed59a1858e5a3d389ea42	29a9e19ef03655fd951cec6838d54ba7b78e7e18adc4246cf7520ecef3cec50f	2c38997f895dd1a81f74a8058a51a2f291bc078cb7b0b02c4299180bf0887920	1a7b65a9c76212d14775a8a544a4a2f465ae15bfc7f058cf305d7d3c72e56e67	055c25bf85f850ac1749d36c925302618f44e5cb012da83a59462b2f4c166150
753	4df61acb402ca38ddcbec67035468c5b262fae08565499d3145c3a882acca66e	121b154d2107cfbd5266fa506d93b6a83cf2408ea6460eba27fc65b6eeb38898	e886f5e759edffe672fc00a7f30d683073b4b4b1e5f66ce4709a45c798642db2	24c477382be8244d920efe6fa3dc1fcd5694a10142ea2e1afaca621d2643585f	a294769dcc2c7f7bc8cc53ba65ac29a03e4498b0b441ae62a9b7c9400af97fc4	e0f935fc546497ceef394306e92790212963db7f73ba751efd1d93be11a7c575
754	509c3247747e7557f41d4248108e2b1d43c8c57c3e67baaee696afa7d337b4d9	9e83188b363c0db0bc050fd27d5e0387a4ecd40207319ef70bda04fd3c0c4704	7c053fdd8fad95c6ed77ba83c309c399f2fbad969282de18f32c4963530ac373	2c707b8f2f1e9b41738dc6bd6ad081c1f2d2f8561ef807bd5c73f267b1b03f70	29ef596ef784e470ee72f13d4a3ef2e99ec91ea618712c6f7b0ec048cf8b3b2d	b10e6854f19097d568ba80476d73f6f39fa34fb99d1df6246a4367a5d05014b8
755	b6ed5ddba80f8d5b0a0388cf8c62295386233bb5487e6234a6b305ce4c233269	fcf37d0c04def1c9eba9026054ffefb850f619ff21492e00fa8d75a46cbd514b	eb708b3e99f4ec9ed50305409bc17992d8760b2703d4067d88f28e772490be6f	2a747ec09f24f871f1dcfc6a9911c481caf0f90d6d458d5fd4544f522a9e18d7	b6024aa1e7949ad372d646660e6d0aabcb6c6cd1fb3cc1c660a6bc47a4ca7725	8c3cd00e3dadff8d0b189b2917c16a0630ee463670e4f7815f508716c7aa6509
756	78c70b0ace37756ad9899f490a271134a7f79cfd4d9d3e4a874cc62b8796553e	05ba4bc299e19f80e32c97a026933903330c4078481d9834530ae3d3dda9b6a4	1d5ad9e1c7650d48e59d1bc77113ecf10b667d567feb0330051f14c537e000b9	d7625a413ccd506528c1219420b443e42e557f1c7444013aa2a0a5cc306f4706	46461c5499d908a7e6ec696c4497586b7e8be947a3ad62a0a7aee6224267e1fe	01f8a03d506fd40c8c888de3e26153b5c0d44cc4334ae713a3d870ed7390e462
757	107dda616b87b530f8348dec27934e76b8408c6b882afde92da1aab15690db01	596387a2d4d262633986a0a2278738f91ba15c396062d41f0bd89e070b7a4f63	76613ca690afd3cd5d13eb8a343eeaabe28903b1ab5885bc47a66f9a0c12c39f	85a7124956ad23ece1df7bb678b6fad2f34b640c9f5c2820be0628400c132610	f1ffd7c935cd8f888ca946e5018f200e5358323b0bc278463f28b7c34d70d4a2	c1080c433df88a34b698e5a656b4709c2d8b2e5bb553929c99d2fc662c5b69f2
758	aa594c1654bfe23470cdf4be9d4cf34835a9cf571c8ec8a66719ede050b2ff61	59b58af6dae5d5d14b22932273d4a4fa51031648522cc105720acb795b87f66f	77f5ad379478f27ba23df681949327b318f0252164b90e89bc5b415b9f9b1a84	334b07929486b13b26f3dbb20d4d7337ab03b1b7effebd97999085f82a24b6cf	26eb7d9bae9336feed20a2780d784c6b85cbac1405f06d093ce9086d303cc7bb	cfc0a51d755aba9af41dbfbf6473512054eb5eeffea9cc9d0595e4a7536a8587
759	1cce65bc316be1de899c7c1cb31279b637fc9eff3faf121bebf41b447f3226ed	1da47e11ca163099af60a00cdd989c7dbba487433295709f58d7079472691889	bfd9fbdc4962d8f37ffecb5d0e917d3863466b1ba464c3bdddf0e1c240fc7f29	e7d73225201253f56bc33ca6732f9e0cfb5addc9128f05c14db9d3f784ceaff1	418bd9dcdb8c8e72cb989ec22cf2ce14311bc0658e76dd90d3e73b104ec6cac1	a3bded8258862bda38cfbdda42dfc57c381107a1d736f026d6202e6ce4ca2b96
760	f6bbeb437ddee1dd560f276e0794ee859786c73da28f57286466a45ebbed9853	9b97f89553a7e10910c82698abee8121f7e0e68816254e698e43757b1ce3e5c2	a4581bad3694faf7268f5f023d52a3c0defb5e771bd71c33d734b1e226c1e09b	5b6144eb5f335cea8e59d8e97a02951ec5df357dd4d968d393dd48a6c2c49899	9b9bd62f34ca1af2f08dbb914202779fce01854ec0acaf4fea4f2033374bef28	98a006c31a8f028e9d8dac0e42295cb8f16082160d667bc832fb4f4e7e042bbb
761	dee64764460771bd5f6c1358a4b53f6bce216f7058317f5d51e652588d4bc0c0	9404bff2aa4f6d4b34bf6078dfcb9dc533464121f39c5f58202c599e0e368d6e	dbf4521b8f8ffb817f718267008eab823ed64a22cf1228d7d6898ddf1833434a	dc35094451db00295ffde8a1809d3712597b4ec43156c266a2dfd3c72c88dfaa	fbb7daf6c1d3fda81610b6a6533cda840bdea2fec288c662b51664e63fde2d6a	cd0c63e2f4b22afe2d633ed5ecd9730c95f200c3e6d34268cc854b673d80e08a
762	f17de4c96f9c40bf724c5c22dd84dce6c0b6d15e43d01ddfbb1680038378f23f	05f33475701ad99a448af72e3e183345e65474dbead3a44e996915c1af40ab27	57c22a60c57d67069e293d426c7730255584e1045e468a2e53d7ff69acc0d94e	54f4a29c9698a6e62b0754a118ff560a7c139c0ba84a98eb71f080dcf5c35ce8	fb3de548f78fcc268144f495739ac97ed264348169550627aa31cb1811df3017	1fce580b48b9061315883fa1febb549a0ca028986016f8adc0a0456da15d76be
763	d879240b813c3561d20b3f9055912ed35203f6b8cd26d3d0d422e3fc4d1c281f	4df37a8d2daa8781031cfb4124732ddfd3f049283e74f06578504727c682cca7	5ecdd9000831a18f325833ab45c73a203ec2a22347e07b6c5ef8ee151d60df08	b0ffb296da876ddf75c9eb2e7a7908855df009ec775f0b29db91c41852ce7eb2	7dc13b70612d630c949b014148f2dfe67c32442d931950a1960758b145a7a7d8	4c608d37caee1326bfcfeb0b44f27158864a4f61b956853e0bf8298c8d5c9d9b
764	c801267e93b9cb9fbe800815c128c125f8ed5c55d11eaa83461dace5c9dc6dee	a4f51232059e7208639a939233b5e01296cc8d686135dab4ae6217a264c5ebc4	1e90aa576300ac9b1a8f5cbce2b1bc900635f9ffdac2a17c611a0c4c3c7285b4	2e7a6bf660198d1aeda10866cbb43cf1c59b7d3dd9409460c5b9ede94c4329ba	dc5bcc62f8d8b9d2e2d87868e7ca5e5c40a082bbfaa19e414b29ee73fff60a2b	904c0ac20e507effd64c4342f6f0739f6d574a97e24b95f68c40c5c10533d738
765	16832ddb0112a8cbc821d35eada903833eda90b17df873beb29cf7b24ec131de	3a1323e5df319d67b3356458f569188f0ed49e04735dc183be96f8b5e1162c36	88c708d4def4fede8f7ce1d17ae8b95917ba0bffa4190bb8c6c3aafbe5d6229e	6208238732c93cfe523db677178765f7a7ae61b137e8bc7141b9cd65f00eb7e1	1326189bce154be053adf5e0d84fb432db5131a065bf664310c8ea64e51d29c3	56cc4e4582459c5c15523c2aec6a05e165b70b023d46b82ece69d1a96e605dd3
766	cf7e0254445816c3c0d548720d57df5d251bb962956255e577f6d3a14120618d	273ac7d42094f930078dfbafe60ee253624c734546af26b492b19bf4943a742d	12c56189139d1ed0d17ccbb037ae336ccb7b6a20835c4b7abcace6e070ffe375	58e8acd95cca7e8efae0e6dad0af1398143fa799528f53d3e501496114b0a7d9	2703e4f10e90e6aadf6533059673b06bab18af24bcedf7e078c578cde69c8178	cc41e4779f4ef935fba08c73adb2b10e22393f73f7d289df0d599059768841ae
767	482cd8d8ef9eca02cede4b66b154640733a56ff70ca2300ed891063a748f7418	77d5fd702b3e3af18bc8c793c03dd868b033d8b230a6b118101508f96bfa34fc	a143b6eb4e1a1ff480c31e3d221fb5426c62c41ff8982d95196535b3e4d802f6	7908dd61650eba7edca4bdd6fd0ff3efd466b0717db9b0d37b9964e4b4b41745	3796a216a03b7488166d8ea71b40726a7132ca16e91a8342a6e790cd2db47f72	a4327f8d198beecfe507b1855b2e5b3bfb1375a4ba8e0adeb949c085a792109b
768	5a3ef14c49dd37ace2fbe4c07551786d43c6aaa12a35b17888a90bf5dc6e7c92	ddd9707ca820421409884cbdcc99716d49b1a49206123f438a58702bdbd0800d	c11a05a4dad7bb5821c9e2c438f480383e0457060f04dd700b8a7d162225e669	e5c2454ea03cad9a034ec78b74554c8f1ccd5b38da2f578f95464ba126511102	39be9749bac0c2380a5649273639816bac319b5f90fed260e6c5a633fc37d2e9	2b7b8779f427864e558fa8bf9999e012a9a60a83e2d36df30b51dae2a2833f55
769	bb1b854d16602ca1fb9ac9911925ab90400abe9fd246ed90bd71d9de888782bc	43781d1174f0c584e0accee33f8c5317e6424beb8b50f5f7c037e877dc912563	fd3c64a106d68528d30ec038ddca9629767f99da2fc7f8a333ac076bc08d5797	0debd41ec0e269a4570d957dddf155449a03f74a1e80027e71ba32d972f4f1f8	b4027ca902e0f83018cef1e8fb7135cdb7aeb0a0d831377a1fc66d0dee0c1bce	1e8743296cf0f724f52ab6dcb59891d7fb6b3061d0a3e8a671643c2026b19aac
770	d4f920ca38de4a7b3d756ea54057b7c4e0631f3b86f7831dd444f88d6093fd13	4f96d3d5efa308de17dcbb31e68e7415227516e6b8b03791a3d5bd3a86495ca8	f85256014f8e3dda955262878644ddd15aba5431b95e3332172702106cd6d3eb	7fe4abfe5c88d38f8596ce4a6d3bca0d2013d9e7e55d04ac10e94553be891669	eebc6fbfc946efc477d85ab9a3a3b0809bc6628b08a3a44d2bcfef67d40cf3c5	f782563a1eab152d0d7053369e9e2dcc12e3fbac0e0c139794c0d2daafebcb33
771	9f1cd2396df3de7663c6c62da52575eef0b7f7aaa6c25b1f09f87d3ed948b828	b41928765e989ab560230bc054a52fdf3ba993727d6b0b8a8af9f210ad2e6d5b	8fa4c414f9824e99888737a4371d8e8d905515efe222cb2cedfbde1b29b81df5	7b60ed99e2fa6eddba0e73c020c6b601f7d0b3578d3c6ec53f3d612128236bbf	ed3f20b3964482dc7e4ea1ba7525248d43c6b8898140b0d07db6991095964a20	fdc35cadc38c282364ed236e147adc95f6e1b7e9812820ef98fbe8062dde4f74
772	04a888753a0e847175c8bac78e6527220e337ab39389d349bf7151cf9970eb13	e7d7790941571c7f75cd1212401b63c3871a9f9958246e29bdf638e8ff89e5b2	3e7de94dc0a6a428843e0ac5fac477258b694260df584b4330a5af4a562b540b	a8a38b10042ff7839579c57ef92bd8d55287216db33ec80f31fbf4043d071b46	1d60b6c1fb28fed85cae57d9790d727beead2e95d10fd10a8c763514856c8e4f	a4c91d78927eb7e675025b5326bcfc80c5f9179d99cb5e659c96458eb3e88ddb
773	16db560f674de2dcc0ea2e5893b9ddba6f4eb1d2c4aeffaab7b6038da734ce09	4a77482921e1ce98af1d0856a03d55de9960ff6443d44cb92e7fff355c9c4f0c	f48e301c8ea83fafbbe345e76b624871df66020acce16599ea1b2963358c967d	fddb45d7a0656d0a56ec20575b2e3ef11ed9dd9fbe1405ca0815a77556fa9272	a87fec433949ef813e033f1448235b85c24d6ada4fdc8fa0eaea7236e0a27c80	38dac1d1384df6f507f25db968f53d7efced3fb8bd50c3dc9485c6f471871319
774	3844ca2764a629dbd4d6a63b73d1e04fd5ce7cd8787ad6eb488562b7a677e431	ece1ed22e5ab2e0a5601d8d45d7ab63b608648c59ce7ecf7edd830200fd3e0ee	eb1f62184465484091dd1f7573925abe0c19c9f76bc50cadb80f140cee4124e3	955a9e1bb93d2f5094b590bd792d408405114dc053005bcb41c1de443039fe77	1e7a90483af1c5e4bed3280f08c5f8d8ac318bf43d4ec123d505025963b246e4	e9f496bdaa3907623c65c325cb282fbb157ffc719898e42585a9e0464156f72f
775	742ba728c501839a60d824f2d6b79965936aa11c82ce08bef5fc98e709c56758	5b505ae03c6cc750312dde2e65c78455f8bb166738f9a8a9590ed94f6abf40a8	6cd4391e886a88796b3e99965c95e846197978f26b6f9d45806fa21fd806dd7a	b15cc4d158b6e61578eb220cfa937c961686b74860338c47bfbb2ad4ba0e70af	273afd2eb8f8aa028093a555f10621ae842248838db0661882f18f77c0ba4f67	3ef25ffc4b601992f5114c4be0fee048fe68806b19f5e54ef30c6faf4d75cd05
776	91d0232e6fd7f9405a404ca98ef38e435816699e263078b8c1bc77cbdf508e3d	4e69d7a93b1bfc3105a55255ae0f81257a5cd5cc3e35ec8f34d939236e48a641	b76caa651f306fd6f5d17f95447ca0e974b7c51fb7deb545e5bd1dce8318386e	c8faf08e7907c95110d12b0a1cc4e15dbae76eab76e4dad80028a899f3e3166e	e15d30d90ccb8d6107e33242463932e48d18fea2c67ee2ec47cf33567a1c4312	021232639e088e155987d039748e6cef18be09880884c29360c4e5a3313073c8
777	318837c17f3c99bf1e88b97de6e294cfd6fb288d1084a572894add3b11ca0ace	e56012b8a9774ca7fafed5825b1d16a19b36166d34c7e8a73825b95c965af3dc	1b016ef2143f1f9fca9a43408b8b700500efc93e36d82cb2786b643f8e839de8	591370e38e629740200da30c041e34fb869b4bf4937ba8b6be3e8dea6b6fc996	55afd7378743fd8df37180732af7f9c941be1be6660da1025a3bde133666195d	783b78c3046a16d42223a6cd402089b7b63bd8d919ed977e24062ff458799f4a
778	a2a57bf156c74fafc9e8bce1a129e82f395a495741fc360d3229de8880734572	07c2258d34b5ffe5d72ad10fbdc74b10bbe47fa9e2eff6d934dbcb73f091d7f8	615a4e9faad2a9cc4c532e8e0ba22f85c2ce4be5895e1e1dca9f89865c8ab96c	1e653b9b1bf3b6ed8bbb1b0c4e8b066e0816b3d642e94048e70a2be8aee2b3b2	3ee62fc1e42d7de4992e0f2bcdb54aac895eb9d7a47eb5d0903df56584d8f781	9cf19cbb884a1341ba2ad8c92c09aea673715cb5db667714424ee24bd00e94fd
779	4c42b1f7e04db205c7c790c67ad8b2573f74816a688636586c34e43231bebe10	371bf05a0a075d83943e89c1438ad936b5ceb489c98a2d1f3f1516d61a3d6f4d	d55fc52130dd8ef62856b750b95a68dfb91efeaba3a541a5403ecbaed6bf7e25	eb776ae954d9933178bfcf3c20256f390bd301b47c30be61256bb13656cd23a8	4da7f051ddaf948270cd863720b6c3adb5c0eddde432b898db1a56917f64b853	b9d6826fb54b8daf022aa7e2aa569502d75d8192836baee47f100fad60a112db
780	9fd427cb1c17f68e2408aa76e830f1b4cbe1ca1f351c114a7cef498f5151cb4f	91e89fbae9a69f2ee2635060a88d6ed28c4d32ceb16605f0a4380de548d1a19f	39e2133a6811aa6c08d8a722b8335fa73aae21f0b80a1c025e519f199e823086	d42093c55de6cdd9786861572dbb853fffad3ee16bd9dc68a0ccb59d27b11018	65f93bff7321772cc00bb1278b887db1fc4b139a02fe3a06da92f35f19599a40	f90bd4fd5f54ba44fff2d521f26e0bec0abc66e79bc7f470d22219ba913a55eb
781	8436527d3e5d5824b27368b36151f14ce61d0834ed702b79337e06e8088900e3	9b2c45ce03a9964ecd3e484dd1d09268f74b810766a524188b304d70c1531202	7e68956273103593cfd1b60df384f417337b99c5f20dd60f767633277eb3e94e	128cd01b08297f94c44ce7879012e3335fe890e3337158bfeee2fd6827b0fde4	84c14a3d95ad5abebadf497f2480b534170d5917ac3373ff7714cee7027ba3ab	160f7c53fdcbd25a4313495aa78bb27c3c8c2808f9fe95e4c7b157c4bc12e321
782	efc1e90ac20767c8850ea8a59e1115d245b3f122ff2b1c5e9c4c7c59c052cd7e	2eb38c05e29f373adeb984a3c3d24be963ae735586ea971d21d008146b10d6c1	88ef62c9bd9e2ef9c9808b25912a36ea0be293197fee15cee3f193cee7a95254	027c2e6a93de40a84a4ce3577d3876a8009c272d30eb63e6e4f0ce43b720c750	823dfdddf2025068958195927389ce352674ace565268fefec475903f1572468	9e0f40927e1fcd7b71e6f7c9add49ded2da99f0af557890b8434dcc007786114
783	367f921a8ea30de741de5f82d45614fa46700e1e898a40537dec7de5990d0bee	cffc585857e109c655a0919bda504c91e07f1ed3ba5e7495ed9d818a0876ca91	4f37f9acc79a46b25d73f5b436829c0d32f57c59b20c6188dfe8db7a78123f1e	164dc182e0419aae31639867a75fc4ab9a396026c5e5ec9343bfb8a4dbe84972	8dfb46513990bfe1a190883f6e12ee8edd0c79b8bcc1032f524a6315c1974ffd	8bda99b1e3ef1a984c1d4831c2688c369a0b5310ec88a12bfd10b4557577b818
784	2dfc4a8315205119a9ac6ea4cbd658065c4271acd01fcd44b87114be84a8e6c2	a247b5afb757afccea9a97cc1de2046373cf592804b94f7a556131c3e8c60ef3	001a3d19097592526c7e98484a60a0dbab8d0e11457dcd560b1fbc2676981c3c	d6eadd13fc44008feaf0303cfd2e0ce9bcf19ff1a8de197684ee3544f3483c79	42a84cb72ca72dc043b4bd3d2418ad2f8e3663a2586223cfbc04e1ac4ae55f39	43fc725be9e5d790994a6a926ccedb8b69ac9b33d155155b76edbce11bfda9b4
785	053ede9c742616854b1556a09c29c3d1569fcc50327a3edc0c892d6ff015cb8b	24007ba207a39d9876a13477dd58f1037ddaf4dd4ff44ff9ead71e364aab0aee	7b8256ccf7c8100128a691c19b1f808828489bd734e5828b468af6a444740265	2360412a74726cb9222e6fe019872da4517f23b571db277e8f79c218151aa1b3	ee3a21a877c10e9513c57e55e696d6647682b70800bd1d878aaf91487fad7c5c	84e2b2379c31320f2be81464cec593e6619f85b430e21e93f0de50995957e65a
786	d1114ce4abc272d122bc1b480af98770597c7c93dd481bcd623f7c8ee07b217e	d3fb4547b1054f6547772c9ddd704cd5ff631dfb0ca88e1754457e92856a9da4	fd94ea1b115106bcdade694be2ead7b6987b735dd3b7ec8d65706dd8e40ee29f	91f5ef61fadba180279d9556f17bcf5c9648990ce7eee87a2b77177ac25bf3f9	dd1bdafb6a447c641c982a81c9cbb5b6c020f87aa6ac2b5d3652630cacd63846	0cbfcd329444ed55752047c49b8d200928968af0da664204f07e3c0aab84b9ec
787	c577851913a538ba64b7c0a19f9e31afe62046e91cabd3ffd01b5f1d1cbf8a0c	ac00510cc3ce28d70ecb368d3bd51618d684a76f5d444e187f84bfbad46dbc7a	0b49de69e5da555dbfd7cea41dc006df17caec678bc2a2bbecaae85d51f7d91d	42785d52663a25e405f153fc1d43ece08d8df34edcde8fe5019a543cbce79aae	d58db141712a544353eb6a192b32477b9b71f8edb43049a34cb3b59e326f0f4b	d30561835478d77fd2177c1b70dd4c1a84aa2c66076c50499b04f335a5f29fb7
788	52393e127d6e68beff29f233b3dbd45beb7202aed2cd9f59bc585cac8a02d7dd	44c34c4b497548413b42f26ad0e6aed59f012a82ea155937ea1a48f0561fb191	d904a7a6b8c4de1de35b17cfbc31af5d120b6c491d85c5b65aefd2c43593c16b	c68d8d9cc6bb1a1d43b5c9503d04f12fae97957721b860b61b65c2699ce6687f	611014d8ef1b85fede016736d15d425bc3b9f09744a693955dba37fe469fac25	c9c44b1305b4b61a88acc15361e8545ac0d39b663a589f525c7b4fa21b5f86f7
789	ecfbf24ee9d4091224ee3e427e5d4bada275346b46a068ead783f7a5ba53a4d9	15a06a16111bc0334a330ba11f99326294742d152f1a65cf7f2e745f55178c74	22be3c05c4e004ff03e79f416f86e6180c19272dbe40a02148dd7d1d20e4b32f	16d9da70a14e5ebeae0f9e2ff46d515ee9b6c6649ea62e7d6b918da00615749d	5f03536e5542aaec476480a3dd16b09342760c7587c138f91f36b4721261af14	f6de3d5fb58441682ea9a4d9f680691976c272d8e82b3c5432f3a703d1264615
790	c61656ce128a664304617145fa4a73964c65abbb0820b3f57e0401abbd7e2640	0969dfaa3d11ba14efb575b9dd65ea620deace501c5d9c6e5e6a7023fb8b73b9	37d9a7ba549e6bf287e1880908d62c7ab5d47d5da2e320daa7030119eb7bc4ab	d67102b69f559e66e2238a6f260d188c44678ce716797eefc6fe10f24550f76e	5c7e4d5708d1cecc965f7e1a986742aca7da40bd27d37a663439dde39b8239a3	8d60756f2e0445e720de331d131ec68546505d388c1f650de61978573775d72a
791	85a478bdcdd9f10d74cebef28a9f16c1e67bf35942bc7f2b24d41a22aff839e3	179efee9290669287342373dddbf7bcd8981f15135bb26d7a44d1c645ad772fb	9138010dff8a5163659ea28292c8ca9d09ab651f85e4bcd1d565bdfa0f2f923a	cd125743cb781fe082e3e1b75dd3e54ce6b907affa5dbbfce423ff170039e654	c677f2acff16386bc9fa2c2cbeddc9ea6f28a0dd432033e5c738b15007381ff9	1cd78ec61ba53369a40528be6e05b0b2252a1c60eba0040d42245c40d7bbc6c3
792	664ccb5036905b2f69173b88864b4d0554aa7611e6fd0ae7aee537fde48de2f1	ea346a1da6959ef13e46f8396c5069440bdea6e6884629302b7f517e5cd191eb	099569b48eb3ff383c5b2731fef0643a0bf5a78b506fa4152a5ff7907cfa1070	c4898c004a39295a96a4f0a5b18a4e661cc19f3f42ed81f638022c902777e3d1	dc78d933c6387ebdc395237bb5d4fa4e07351443bc91bce10f3872829d41015d	a737a82f46ad01ce191432af0ecc530dcf2775aa078b5b8ecaa13f969e921c30
793	7b4d3427875e718adfd5396249303513a4fb38beab230814f34c7414e9887ce5	189406b771b4811ffd7ddba9daa6a7f825230dc7bc3c52def7fd4807b6cb77c4	f1f41a8fd15249cae863dc3ef3ab51cdb3ed2bb4dfc83daca11af374e26a7d6c	f5d7e9d3d152d37cfa26d9d695662a00d048f19034e830fb52062ae7f937f588	0cbb7d03610cd53477fe3273fc8104a501ecfea43a635f229c79da571cf2aa35	4dd76619a87acf80ac782d64eedfbdb0c5fb2a9cfdf3e2cb08b03d9d89be0a29
794	7a593e0264203e07de9b0c1f5658ca41b7a799fb2739949ecfeae327319070a4	f8faf315ee7a4ca9ad0ea7075e4906deb5ac97cfcd86d034fdd95af3c9348bba	8668d6b3195a2322c81751e0efbb2c06b55b76946ecb5e9f3c5fe32acbff0d38	3e2221cee510259f91c3a67220f8cd02434221be905acdfdc4b8a60aa75e4e91	5950dd49acf3d8cb339267db429379056e06abbd0479825f3f4fa7c726f20b9a	7c9fdd1dadfce106684028e8237213b383be0a530ce1b5afe086c7a4ac271913
795	91e1dd0c90a5ccb0b42410ab5850c76b6f541935ef274fba18ce63e03a8b2892	9efe78045827b27613d6a388fc486859584105f21140673aad5bb53be1458f54	de8a7b0351c6422f7ea5ad31535804651d6d08cb188cf130857e213d38c9269f	1ded3a6a0e4f488f018e6c74d296e12d7736d943133762426c5b84f6e8e58943	b467360590217daec8f300e5d02d3c8782e3af40eccb4df2a67f6944a8ddfadc	9f0009a2cee2cc29ad644c5753c0daf475fb5c31fa91a066279c6f58d5b8f1e7
796	ac04b76defd1541eee8b4d1339032b6655dcfda474db471d3e07978a1fa3c665	97ece8bfe1339282cd3c59b2843789ce93bca5d318797707c60c590dac255414	cb1259ad9b817e15f14bdd7da2596c4dd5182dc02df000f058e5be22fbb78740	9928cfe4b178a3d5a04933f9b4246f3e02f1b092bef739afa8b68a9effc740ca	05a5b036cbfe029a3557cb483f53a9df173f82e84b7e6c8e17dc4f6cdf51e4b3	b32076e38e1a8d91682af2e58387ec7420d20ac68cdfe087ef58fe963c37647f
797	0537a8122328aaf9b75d4767a2eca7b923db5ff44b98e0b8bf2cb00595beb430	3c592550c08a5159f7b2bd3f73fce7a151b6f62a47bae01a94cf0c1b9bed400c	10295c4542372bc985399a3c30a286b1e3ae24dd601bd4d63c9c79283252dd2d	74b1a4a0ba33137502f673edcd98da899e33bdf71a452c355eff64094f3d2531	956ae5016269f88d78baa950ef9abf298957d53d7a4d8123c88a1a5e39504c31	1a94f89830e617e80e4110f025651aece3287d4ba61a18f14cd21416151d21f3
798	cbbd3fa650de31d1627b162eb668c17ffc7e5f76a1f333c8b13c08ce22734f58	5178feeb89beeb1400e5c1f50c823eae9d380b3a221d09904b2e6892d5508cf2	61923193810b26707f7e88378ca97a31f8bbe181d39b5c172126caa25dfe8faf	e37f83bbb030f4ce10b6698f6b793d830d180798d803689f4bed6e325aaf33ce	0e49a4b92d45cd165940869347920fa07a660325c650fbe008597abca0f65d06	c87aab04540e4aa4a6f1fccc0854d2e7130a0c6465cab1d0bb459604615028e6
799	38429793c543e9959a3da1dcc8917514dfbe671b496ffc223fa71706946f76a8	b15ff4c1e1d92795e8b59335c5c529ed6deee8688b33da594fcbd616aa506810	e45b2abb0dbbd9713550cc060329560f2b56f3039b7f2e3b48b4270d89f81742	b4a0f68f801fb003682d7382f731dba85c34519a0d0e7aa6df07688fa8b682e8	dc535761f1a6c2a125e2890c773accb5f64d900a9e46d5befb7af959aa924c01	2b78d2b73d9861d2be9c185311335fc242f92fa1bc3daa7ef71927340ecd63bf
800	6d5a632bc5aa6df193a291040719aa053d3ab217944c473b10ab4e3467948fc1	261cbb2faf2a4413f709cd322e11b3ad1a6100eeaec790a07bc098beee17b307	4b03e22bfe4a04de7d761df1ff5c18078a1120b7b7af434ed3c011bfcb0acc5a	4cba560bab83ed03bb957fefa3ed9ede98c7a3fa5e3283d0b3ae6c33f0d8c90f	1f498d8f6335cb7106bd7c48fa0e8bf9d740dccdf3cd49f3be685e37ecd7d670	2709f9778bf64202c37ca2c43eac523b2dc73f645e149e958d2047185f074483
801	2497d38a0512972d105faf43df893f2e1a3b446ce142e20eda2b799792884c14	c3ea544ce5186d218a11f665e33c56d20c2bb518ede1cf9e1720e9984953b5ff	aa8571d63e053bf7e4140e9f9905ff735f0411f77ad567b5cd8430c9bbd281c9	e5f8912da996fc775fd03225e73c43ef622f30b756de26843db634d575b084cb	129f783e152ad4814573945a691e655917c2dfd464e629eb8483b90e6ba2aa49	975d03a65cc93346a5b67b18f6e5e3aba973866a376c8e44873ea7bb42368188
802	33966caaa86d3730fe85d833e48d25d565b7e686df7ced08ed7cd032f8b48382	4bd95f5275cda86983a69b6b24e4a98d73dd666da08933897db75a7f3a5d80c4	063506b855b0fa559bc4340a5fe6314f073a5a651f542e3be96ba8bd89f4179b	1077456b94a351afce96181d0799a29204402b42fe988b97769778ae01ee6ad2	ab7eff9aeac2698e38eef952d20876abaf6ee6dd58d87944df8e550f68cf2b99	01006a01d87d71449d94013e1ce187783851757cee0a0da0da91be465ac35190
803	701ed1e7cfd9909316c890aca96fe11639a620cb2d71f392abd65828b690f2a4	31d56845f2b8384f9a4b0012c7fec1f35e65e9c7dd1c5111c5962314fe8df93a	7d7ea40f4bbfad4428ec850840c8b975e449c88727b280d9c247a563abfe0de3	658653380a1c654bd3e648d2277863955cf9c516237c74560ad15075b9407e0d	c9910f2331461126b4e76fc318bc4ea7ba59b96115a875eff2fedf93ae3803ea	b6641f0a8bcd4546e019fba00ff1c9866acc6a247852afab0356a1e95d760148
804	84c53ab33352a338888c216d731171e41875c969dfa989196a651c91d8e59db2	02c297c5a5d33d60d8be12c4eea1520425f47b01bdc036c1a34d0d7228a390c2	293c82d5e9a2dfb2d5dcb241905c1779f6896a2acdf78c653b930a84bdb0488d	da6e303678698dbc7c937ef531630527ae5b92597eb4addaf1cd2d18df0d5928	a9f16d0d2734d124aee019e2309e9fcc7069361a0348a601a4d4e5a288424642	8310ce381b49fe3dd4c87da0915a7307b1f575699be3ee5b0cdb5992e3d8445b
805	a92ba2479728c1ac8a4060c9eb27763dd5ed8113d34854e8c57b495f1eb28ce2	40953da9913b67184246d30efd69a1f538288eebf67c48d29fb466d7aace7ed0	7f9d531cb5f2f0fd1820de636d2c3a83b1ccaac49c12a058a919f2fa1487c399	660e8c0c6790160f40d14cdaa091e0f63fb5b31af43ccf570b6db0bd2c1826fb	b43bb1868bd82b422e9dfef98e1853561539686b61313e4f6311d5d55c4b7a2b	38084eafc2f5ede713ba4b41b18243af8e1fbdbd16febcdd121f66b57c92c0c3
806	8bddc08ea477105bde1dfabdf9b16923bd7df0d104388d7f7e118480ce3c7a88	a46fac07091e75e259207297820ffe5dfd1ddf586470e440d325b3e356b47576	847110fced9ec8c216f1625251fb13baacabf130c043a400821129522f97aa59	44b47e1ca6f2e446bfc112a8a4918bf09b58df55b45cbdadb519d022f7ba1d63	16b63863ec4c11873b1865bf85834907e92c1808ce2c92369b472a75dd96a45d	4cb8e0946f0fd526ccfb72b8ae185617da38f0c12a87509359e85d1ffe83165b
807	e55f563e99e9b699a9c4e7b15e2c3bcdd9a7052015e66f25c76af05ef1f079c1	e4ebb7dddefe6100e3dba31b787f5b2665243344a6d476dbc5ca610b8ae86688	1b72a290626a5c3cc7d0704ccafa7406e8a52c572f08229f72007d4ca207ae9f	e7b7aee36e438b548c20bc68f12606b13dfd36659aaffc507f8e75b826caf116	f21f0a615a6fc2e9079c8c21fc148f151ab431db7caf275cbd92f460bddbbf99	ed0c17147c8800d63f573e62a1d9b7a082923055dc3b64a34f9337385052e340
808	562496dfa77d29ab3af5db61561133fa0014f139add70ba8e32dc2a75c515627	33e1b16b39b7f636e964ebc8cce610767c54c1ff4ef8f2defa9e34b0ad10e225	75e71e22576af045cf2e5263367917adfb9cd56f12f7550372b0f6075667a201	22ef6882be1cb52f33dea6be7d42182cde1850cab4dd6a3a67f3105cbcad6bc3	c75f0cff598fdb68bacf110cd93f1a3519c8d7b27173e843a948465e6bae6670	1e9cfa2c7b67c1b22682072cfeec606fac5af2c9ff989e6b3355435af7ebc7ac
809	a7e998b8300a84d8f827079ab6738b87aedc25e822cea16971364c0a79aa5a33	23e41d0a8bfd47862fc3a6b4c27c8f9aadda6da5e1bd4beab11ba9f5d5284b50	4b0f0f1ffdfedb4b781b5ab8dfc2d1354fa22216965aac841301b3eadd934dea	841f002260da39517563442369dc37651f786e482d22ead777ef89ea11fd1a1e	c0b8b1c5c63a78d7d72addf7bfb28f636b8519f30209503da37de90e00c16aa3	3872e73091e28ece0fe87fca8fd4c8caaf8e6000ce94b510e343deb9a73c742e
810	60c5ba2c62924ddc157012f4ea97fb844bd993cf33ed520da8bda606b2004f3d	81542235b7a842240ee5afa52e971e54f7520eb790aab0da50eb58465783b808	d28f01c3bf0ade5d5368366d1bfdcc3d16bebcc4736fc4efc71d00d752061848	834ef711458e826a7c75d1139da9bd412fb8464230efb23e0e8e808ba0f58590	2273432a8e22010b240a7833d63acd779cbdd7d104ca7971afc90f3a3d39eb0e	38d1991372186e58c4a364cbb81a126276a739ed65a0640e504aa1706642cfbb
811	236334be086b06a13933587907131f057cc3996bc83e91e15faaa7f1fa5c3c02	36bc381f500a42f4bfbd54ce7bf4feb9705a9fedafc21f8e6dddeb6496e651f2	2674764a8dbb6394cd96c834c81c6de91eecd80ad94102e679c0c5886e074dcc	d621d229c2fbf4b1764dc059c336c938054f4bf49f104cb3f8c11475a1853aff	79a28ae498731d0e659296ee239bd03b794b3ae335090ea92868d10c53e707c7	f946a2819a3e01f64e774ed1d689cc3c77073338da704ce8d931b9ab2937c648
812	4d8e09afc3e1bdc72dbc6980d88607a251d61d14a696ae31a2d9946ab25206a9	b3b247a88ee1e6d40ccd59747578934146d7927eba75853206f091a2aa2c9036	d99c65ed8aca4b39d97cc6acbedfcc9e76fb02a16bfd8234f7073a8589b337bb	51cb02f543cb32793a4fcedc26c7281f11512190219936b3e50013e178ef89f3	67727c1f9cc438041213dc8e7d3c98d62c80f871a9f8ac4a4b95a0c702dfe604	3bc8cb2cdde1c8a6afa6d793309f6c928c7b552414e1b5134cc5ac1520a0ca98
813	893dcfb287a08950023e0e50ffcaa9d1faeadaaf136c32df2b74fc10ae8ef490	642480ab537d535e1201caff516b988d77d381d179b06000e8e4f245c6e9b7a0	eec6dd84af23ced054f09ce390dc7f22d3b8e89fcaa9962bafd8a48d43cc4007	d1e5971ea3c611acd966f7b7b0661e05335888531a67218b194b215d7def6793	053a8f70f6a50ff89591688ad1fc4d84725924ae7157d0f3bbd48513981b439d	b1b8c446f31be310640b0307b4d6d46fb6cbffece817aebe8a28d55f7df201b3
814	408dd2e9148d550e848ab04d6fb687d47510390f6883b612f8ec9c22c3543be4	24553ba11c68e90b47a24dc170006a00d3f7c17992045424179ac63cef1f965b	b3b02130fa2fb6267a654a3122b38b2256ea3b368f06c56c58d39eb40c1bc4d6	c55ed6125e041f281673dc1cb73e8c6b15f6d4203a1e163459907ef69dcf4045	01eb088e69d5ace6839538008e3d3361069bec73c244a3585876ca259a1ca991	dc6a810e4ce152629166685199f244a2c5b7e6d3ff4ff25d8dfa3eaf96583865
815	8fe4bf83c56023dfc1c8abee2f1b88ea666a2e221b99d928879ab4e0f47b3ce9	a399cc0605e31077e958000a4f964da43945063f8cea2b79f03386ed83396517	c6a56706b81a8cb5733ae20ca104b435c08b3365715310f8f5e44bf78f4affe0	8d90203723a6adc7b53e9d281d1dfae9e7384f1af187aa86cb7964f0c4253ee0	93202c1a56b7501aa69563242b82c11affa848604d878412a9cfda0fc3cc2c14	346c427e91ed10c318c979cc1c05412ec10bb79a961767ef46bc17e7ccf04348
816	4e04c7a229c542842bbcb17bfba063d924bf3e4a71ec4c5315e635bd9885c326	1a9b6266b5df6e385fc27366ebc13a7b33aaf33543483327292185ef9f23f4b8	75d1e5dc6f7df24870b70ab9bc8a766d2c0f87f1dda9070786f536ea069b9883	58492f6f0d4bbb940e799f910bebbeaba97757900c7710b06214b06fef61ba22	12c3ea5479c001159e2e0d8c87decf583f1fe9ab7eae32a64024d0a1087c4d54	b334c17cbc9b246a4bf8b440363af4a0428a8c1a2427223b2a8c73c512216edb
817	77837a1d59bf9d14b22919296abd825df0b23570f742392e8fca4fca9d293399	1839a5143a58614dce9b6235b4b06f52821420991a5c18b4873692e39cf59f3b	99cc0f85a4a806aa159f19120d92d5c35d4fa965f776126c02b464100f89d20e	f0eac2e938b57792c495dbf76a62b36658e7e1f0fe9f58f0519efb99e4d716d2	c754c680cf0c3ac9b22b4709ed36c3fcde34dbb7667c208b96a93b6f5aa0c427	203612d38fc3650c81f7133adc4e894823eb39c4018d5c2e865b4665ce4001a8
818	5d8f650f9bf9643f347f7a380fa10961be0698f5853a7fa66c3540f02b640652	7510fe249d46c1395c3b6cfd74b8359967570e6722a9e7cd907c180ed9971c0b	aecc48055a84b512e3a6590f7d75c19cc55ef7023425f9867db5eed90ddfec1d	8b8e64826c7077d9271baa905bd604639690e0995aa7495cb0412dfb865a023f	83cda2b8fad9acd8a5d1309180bc51c24544cb31be83630d715f749b7e615aaf	ab01c81789e1cac6dbe3b70110445b11777496b567b9e0a3780121d81e696f86
819	0148d5f80109d8ae78db9c52955cbc16ffb30d117f1cc4fbe86d439e5d539dff	8e4816e5ad060bc3ae12d182f92530c63f68f819194b7fd5745e2a14cef4923b	f749fb0a6c71d067330674b6a0e11c57db17062c84a44291dd6a9b02920be98b	31861d28c41cec07be86edd862e6247c23abdb38c692b54ffcb500e7d0531a6e	3ddaf57074410c3f560170ec2a22777e96625d48a74246e3b3d7e2ad850117d6	c9c747d40ae4cb4412428fe79ed3cf8452aa61be07cc5628d555ca60d3c0a935
820	d404b659373fe007ccb79f6ce4bbfae44f82577803e1d90165ee3cc4801ab802	4898034cb04c68d830140fd27fd6184fcaaa0304a9705f3f1c37b5076f701c47	f294ea0873633043a15d2e605223005fc50df3b40e9c3dbd26b81389fbab1a0c	0beecf28c7c5aebc7d7d0913779534dde682ff379bc40ac78ff8c4ed04238e36	84704d3045a07cedcf16a6d315e522cdfdb668c3275547c3316abe500b02be72	ffbdfa14fe2088db79456b19b9798739582fd03db88bc18c18b709756820800d
821	cde78b3e2f7b6d770c031b18eacc3eebcfabba370cf47cb1fabeea1f74d8fd1a	c196b18243bc1e2fa3d25f6b15361f213ae782ff20e83963d8cde2e10b814d0a	4502df06336be3c0bdff20637910f463b44955ab8dc43831b41559b371632285	8e869a74fe715f9ee4a4ada30f2f5915e21c94e92aa70802b9d54b7190ff757e	727fcde1ca3c512750306b84d0f14d84a5c5d6ced40ca453a35917d6482cc797	f320fa15d365e8b0785a4a4c760159d427aa8bd56900bc2c1d373562e673c8ac
822	887b6d4fc008336e60c7e4b674f788374ac43c92d01986177d5b9d5d417e05cf	e09a906a4f3f8f90ceb06d7502afb51e423f253a8d94ef4c85fc93fd0e4dbba1	d3cbb2787d839fb79ffaebd66a70e0ff2757d6cfd61b0f51f423796b79a8747f	e559c85b467adc62e0553b2651e877591631e2e9056c092ae9119e33818fd104	438fec8ac761847057de4886bd495a687e19b6c759a889bce572062889671fab	1ba3166fbd1a324645c6c4418325b56c1a016c6c88848f103f26204041f16674
823	5c580144565640919e049781335002169f304489e82a3bf1d4db6c7e214cf17c	046be6133705f81d536cdf2adca39ada82f1226407e67d58535b9951443b127d	a462f6eee108eb5781777664d0bdb8fe3733b7e96ac1e35c24c6488d4c610dbc	3b26f97bb99aeb1dc94056420da74dc8677c2268efce93fdb590dec15f5825b9	002b52a50d09858ff951ad561b0ba6043c3b6fe0333c5f187992b331295c40d4	bbec4c77291eecafa7a6de1be98afe82873b10469044adf898ee5f14ca22291e
824	2b776c965742edbcc9ac6a2f31c7d1cee421cb4a67cfef645d011f6f2f00b8c3	0db6273c4476669b7c4ea5f95a44bcc2c48c603dbb5a3737c3a6fafb529b76fe	809e64a452cee2c79e845f9400740bb486a887d9961f3d977acf9a9147b81f86	5e682f0e58e276bf90436490537ffe1907b6818b6b44dcf57a1dbcf045b5a2cd	1d0d1a91e81f6ac119c0e1726785ff2873445e4ead540801fff0ec7766c430ea	3c56957c7be9b28699a7d42b05687d1516a0c589fc6a437e49bba417c23f3748
825	c538f59a1ddc18d4e323f4d3031fa1bfdb667e191b4db29b70ca3a47b9a34c86	5d0e264a3ba43b36cec9d677d0aee06c23979536c45feef44b5f86ec5473093b	67c37fbac6907e4a710a2a8c5134f96ae9efe785c094aaa74a6a0df62c74f289	c0220e36119f9d342c3e50c3e155b042306cc1f87917f8452f8a06de77b385f7	c73adb2c92c72ca5dacf6ed65350fefaa40f721d5cc870fe65aaafba53e76562	9990c5cbc72f3e347bdbdb2aedad47b94581730607c29896266f32c640771983
826	06a3f19b11b7e19353fe35804c2c3f73a7714f8880d7ba8883190063ae5569bc	1fdb51d393fcb864b9b7d3679bc1d74c264a92855145c7bfba90e75e611facfe	36cd4d3fafd9928e624b87fd26d2e122d4039b6d44c0bc32db7b58fd17c18c13	db10f755c60d93141c6fcb718a8ed908443c6029ce00cf201a85fbbe92858950	6500e25c9f04dafc3f7c547c8cbe6e1200f0ac731b2ec3dd72611d2669141579	0f618f20f7f1d1da9901ddc90c44ffb41539a8b474915034e9600329429ee753
827	ba754649a7f530b3fece2ae8c691e97a3b37cc2526f416002f1c72788fb68aec	59eb0b11631edda373c4cc0ee929830a8c15ac8b2fe238adfa730f23b1c67f7e	d8ce2656e566b00c511b2c487ac794c05d00e360f00b563f0809ef77c71a0e50	e0da55a9140b7d682206125d47bcea4282f8e7ed076e0dead795fbbff18541b2	601ddddf567c48558b9e0975e87fdb0164981a03d5155f60822826bec2c94a7a	173046ccf642b2e2790784c85f36766286fe994c2972dcec6865e6aaea3852d6
828	2e8ecbe86e86b0883bdb88325c9128c586947ad527d53f919204a5d722b970fd	c5e9b80d57426a31b54f3408db19dce17c0ac3a5c25017196b544e7fa2336dd5	7a1a32aa09540f6f575e041656672894972f1bf92865267dc901bc2b7fc0c57e	3625fcebfce21851e51197f068ef02004f821a1f5798898d1a09d02d6a23559d	55069777c2b9882b5639ee0375ff0d90830ed1823d0a4f581b4e5deede7651a4	5a285ad71f5cd22c13b10580abf83d9a83cb5d9d536d3d9b393f2ba702545af6
829	ef7cac97c7160841e387d7f430e1bbe35f1b281b5e509afbb8863b8cfcae60fd	17259f1f72bf65b19c3fe7ca8adbe4663d71cf60523eb62dc6d2898e2377654b	e8bc2ff61029d4095b166e50aa2df720d35edacd0b743967dd1beb918cf04f27	404cbbc196e19bda969774a3732f1d9581af9bb47c8d84f36c06c8dcaa51f9dd	53924c0b98f6a85a0289413b48d5a64e95937c18d53ae05eca092a39c49664dd	01c1549fb8bdc3bdc0984a0336a3afd432e605c792ff78b9b26321c29db1336b
830	5838428bd66d345df419590cc0aa425d350bae11dd6ee4553c021e6523574450	fac66fb16ee331e15cae3d236d3eee8df9d78fa6bf58a53753fdcb0676829e58	8b896844c15303710924331b8e4c321b3af6e4bf70bb3a06255e8e09a63a1119	cb5c22a74cac3774a9d2b7cb35f684ec1cd015e66e36bd09887b2c3b405847ed	f900a07f8dcee241ecbd3cabf9ac4b1b05a281229a7309cf8c19990af0f0efda	1d8aa2e06320aee331d26f3d2717d6fb21d5eecfeb63f4e4b7f17631c2ea1752
831	c1afeb0438afaf6b011245f4db9900c84efe8450fb33aa22a62495628e626421	9166c8b1b4461f0eb40066a47a0019514fd5ff385ec25dc3ed630438d4f1d510	d31e3f5734c502e580e555e5a1346a7ace5c4a33e87e52d29f9d11b88276aa66	2a5fc9273d62696e1fb285cecb55722f798863a0b98daff4a02d23d075b96a80	8cfd9d4bca5a849a5cfbb742d0f1d3c39bf6e1b0d256f095b7365125045d8348	f8059e157caebcaa55ba329217c656cb21c5ffeb74a1de7a352a666fdbd1b945
832	b90bf3a781e5c464a877a25f0cb26170107d1f2c7b47bbbc414e4a987b102b0f	4bb5cd45ea9f825f9a060438f08acde84353f70f4a670623c00abd5ed3db0679	620f4bf86849b32c0d5d8a05404120359dcefc14f4bde07c28263db1333e15c7	6b0849b278ed55b0dae14260659517c3479e36b08c92f76383b043d98f758ae7	931f1dc9a017b38ee287cdc4beafdf143054108eb384aab06d17d6dd4de1a35b	3d77b931202d938a975a5d64ab35c73228b5c917d7a8d2e7b9a5b99615b864cc
833	36387b6237ba8e51e6764babd2307a3cab052a7ad1fa136d13cccaed9f8c54c1	65956ade710e167ddb20ad22694e412e5a492a22eee0c90d66bf6d11561a1e63	c1aba2ff340926f3bbf1927de5d77edfff6ff0e12d98091720fdd4a5f658f582	290158b6270332ca822560e1d317042a6990c63c0d2b9d23b9e38488be7c1865	a0b198385daff141fed2b3214554538c06f506030435c232814790c9f534c683	6f78607d3afd51e460a485d598443179e88efdd71869e8c1bb6cdbb180d0bef9
834	652fbb9c19ce2d2d56ec3d4591c9a81ac6e52b063f6b5adf51e427d5ba11f280	443e4730ab3228b049b5ef845bfa43613efe7921950bf9d8f33ceefbd9813d56	e8f47117a25802ea1b2dbc026482340937872b3a1dacbd1e2d399e0d5d9c78bd	14868119aa44d4bf1b9d325cb89d596b51ea7b7d90c3ad4a3b438e629fa85339	0b7e639153468c5ae1910fe15e31d0901d18ac45f0eec28e1d27c83ae6a850f8	cc8b10ebe8eb4573b74ac07cc335415da74797374aeef47b7ab16cdfcae012d6
835	868b25e1195224260bfdb070bcd3793d621055dec2e461877f9a01086a9e15fe	4dae5ccb469b6ac6757afe26708edb4861d392a6cce84c3d8190c8cbaef1da6c	f29af7de62ed22c45080ce6080bed403b1cce1babe5556e5b0b5a18eb74e4fb7	c848d844e0122684b626f8f3a7d7fed85981ee472789f15f15b93f9ab6813952	21d5a5f67d6178c3a376be09b27a462489c73d1c99582caba936665adfd78f35	9a0e3026f188a829b96a0f5c38ae32aa6e7cddedc027db3f0c653eded360d342
836	e5e44af3b4f8caa0aec09bb82faa91a779aca672e67c258896ce69fedb67f3e3	c94706df94307efbdf028a69f8a5c9ee0b5e5583438a54fb3a362d065fc3a760	20394e8e82fecb4d1c4df6b2a549ae49cff12f982dafe9fb6dc3372ea6cc1d76	1e08d4c405eb19acdd9dc716455770ce9b75802d94dfbb68e873934bb83a93dd	d3b522e38684812481f66ad7755295c03838b5ba98a860df316fc9cd5d844d8f	60011fe9e545941e4957bfa5ea9749e6b6ce7ee412c5fa80010848b0b62d323b
837	7126e1946f47f63e7d6a75a2a033eda8fb096f8c98d45cb986fba8e874812ca4	22ceb75f7e7b78df72a10a989b4e4f56c3ffeb27a348f233356ff238bb0091b1	fd77fc581b1b7b142f0a5d7c55d365292a7e36a3b5927b05b7c022bced2836af	65c858959a0d79c680b5c0f614a70c870d1194262e5bb13ddf6b4a895cd449dc	723bffa11c3dac868bb662f128c9d2b18d156d8cb6ff6e5bd607d8245b61dd57	64e0d5edabf60b7f9b9504e2dc14a083e0be2685060985162e1e498c00bf0284
838	71580c4eb1440a92ade2a46495cdb36e1aae6d94d74e38b2a663c2c2924e719b	825210eda7eb8f0220c57a991edbfb3b28a1305337d8fabb422457d22882c6e8	afb728a12a51c7d8e211c9fde0310237ed128f135b4cea850a3ee3f4a13d9676	dbbe1716387988d16c52758f3504642490035d1edfd15f1ce007b97c040046a3	a1295233744b74cc96be99cddcf9d0b3e1b341c832a8b6c4fcf7a69addb2bbec	c9a0590a3b2f49bc473cab933c3417f7b8e69398487cb1a843e6b8408b625bbb
839	3fdecd9570a48f7ab96c4c2fd1c6a2976fe66da5b058d3a23c57377debd34ffd	6b21b6387364ca66696d26278ef033e0f72183c3b70ab540024e79a0b00f83ce	9b8cad1cc306e7d1b06a7754e070d63a72b6f3f21cbfd937f82e7243f4f09722	3d60626b7c7792ec4cc9a1efb660361b162b273994aa2b137eba1114f194b6f8	3f26a736bdb6e3c582dffe790a3114dc79f515a7de61f47e8f032314367419e3	b974f847ed2670bbde10325c5a830b22c7119e4e57f2c8da06bc7057c059651e
840	e0766643e07673b7d8086ae5f27ba1ad5341c3bae105a7bd298c1baadcc13519	2bdae1ffe26ca4a091ca6c1ac612e31fae508b8d6ef8d14183c0e06aea9105cb	4f1383b9b472f90038b0fdbc8444d405abf02570728261fc6ff2133ab1c85af9	c0933cb5ecda43aad77f7e2c83c02170ee1bfa350b98f5cbfb16a93484141165	415f3943a474118c4725045fcac814aa6986b416181ebabc2a26fb6eb5e5c437	f59b22390441de44625e6d8abedee6ac762f90b3758440dd7bbc28cdf45d2316
841	9a24221e74a736bd818132860d6a2e6779b868c07f5f90e77b4dd1e81a69967b	ce944aca7723030dad204f4d87537ec07bab6ef9eebceabee1df34474acbf8d8	a29fab1f2d987cafb2af2f5fc516e2b4b1d46897eb12ad8fd6481167e7cc12c8	d64e4dae6ea19c12366a338cd1d59e32b5c60d820ebbf25b8d845cffaf36c426	f5caeb48794ccf97f3247ee0b93a87fbe6aedea2b05e15a4256c650e9e1241e1	81bcd70f103ae4d8e72e3ead13b4829d1f9534f7f3276cb345eee0a44fc1d966
842	419eed0f81a590736be0e7d19db16d1709b6f793868328af9c77ceaebb0b9b91	ff906d5b079796b4b81c72990e3972215aeff8d76115e33688073439bff15f92	e78c1e394666580b44c6f2dda6b87984ce4753a3362b2e7799a032d325d964f6	dea460af7b816184b6266e00106ab76e84464aac4a46219cae16b7ecb0ab1a7a	7a559c9eff2c86226ad33ce2fb8254df5b600db68261e7edf0868b1621b59cc9	e01d062cb929d84cd8d6d5792611a5fc4ed89e0998ac41afcbb5bd117a50e561
843	91c3be3fb83e7468aa78099daa1b0330ba1cb4e053cb7c075d21a787da906034	8558fb4b8f8619895972fa4cbfe6a9e9673111f46f707eb6e55d1df540d457e6	7102216bc1681211390999d2b6c0c95390e37d250193c70a8243fdc72be3ab29	54e0e4a0f88b54f187acefae32f7f9b69bb71ed0b92272a2fdf4fd6000f8256f	0c3237d6f413b33055369f09f6ec4e0044a85fa0b3ee110cb604f1eb7adda839	974217535d6074e7ec109a2e2c11c4dba662486ba3ea01ca14a0a346eef9fbce
844	cf4fa51e752db7b3ac4315425358337fb2b8fd2820a1ffed05f7db54b184eda1	12def1f5231b5cc8626114b9245cfa63b78856f280fe2d5bf24f3097b4dd8bed	70bea6716e12cd2a37eb2891ed1d7f4747a8f3113800459e1ba5df3739b61a91	d8450569aada2e133f4e30721cfa8a97366e11326382f4c691ff28ee777d68d9	cc89c9a695b43c6b82b69cda235c5451245c86757310714cfd15751a4f2efc7f	2faeea599efad323fed590a55e29fc1518da7e6a0cf5450bde550a425afa4b77
845	f2b43db96d6f8574b726089094f82c6ae95619d81917b47d777db8b82c936ef8	9539dc05bc901bc569fba600a0d6d99c24a0d7b02d5207ef21b7e5ad05022d6f	29a352d2f3392979b8f8a10538b612d5f6d034eaf1c2f2b98ff90cefffdadedb	3db4487ae175b017ec79c7c82b0b96ecdf5dde506151cced1685907c9a05adff	088dda4ccfe3ae9c0e1b0bb4221b6b74780df53ad2a31be431de582e2b5df657	be1f4fc5219a7464bf1108861e3e8eac385b097836e5e4697a05788d5493e27d
846	7099627806209574bdcdb2c31d11da4f410853d783cfba2200a1088a37507d48	f772b29356f27ebf8c0948f88d1b458adc37bdafbbe12401d78f88c26523ca30	50ea05f611654787b620679cbc4694894b90eaa36b83ec9ec5e85551886b9813	54c35e399ded3b8b9d73d5cac001e274b982d73bc3e7d96b3dc75f49fc0e4f15	43d6c2c0cf7bcf8feb828c0bff4138c92f4f970bac37c320b6b454bbf88e191d	23d256a7c7c3771f653ec7c1e953743fb9aeadff70c0b194c8a1e771f1d750bb
847	a350ac585d6885ed9514932563fbdefeb5a9ace6493bee042bfe1193e386e2cc	42330e8866ba985d1a6fc4442150d1eb93d2d7a2923c2d52f6fce95e65d11ba3	920389e248c19a4850fa87be4407b9500132ddce52144902a471381ef4aebf41	03d59bdcccd715d2c5b365a6958346b7f52e636d3b83a5dc18f7b31efe2cb7b5	953ca70c59135298c0a8077320a7ef8812c3cc3ceec3b8efdfb0446e4ac90013	10b4519d7ca143cbd37720ee5825bb7aee12dadeb38df47f726219bfc2312e26
848	d4e52aca20ef6a27ccf92e2b0a4709ad3fa32216d88c118577be060eafc3f1a9	a9b622298f8e6043f9277d17c19716283a5e331673a46ad5f09337566116a21a	afa51c79cc559b0c6815dda1570d03300af20c302d7c9e3bf1b4ff7c3c8bff61	9bd372e6e6dee4650d941b98bb85048220e6f62c8e17c880dbc4680a4b6f5cb6	7799418805becef465add24030571dfcfbc69062062d4289722febe0739fa474	2f3036491c815e2240d82ad59a41fd6601960791a29ae8d4a009d2f9a806deb8
849	7b68ca7fcab626057b20d0abd4e56a2449b8e026f4626d299865cf774cc2bd3e	ab24fe8e1f9ec43244b5441209fd74a9921c9b000271e26a785a6d55a3d6563a	6b6624d566bd731d80670d7b3d1d953e7107ef452fe6537198bffabc2b68cabf	66bc34a78c76773a2fe7109a19a312b90b6becd534d3301d803d4c212f1d2a07	1fdc23b2cd11c3d4bbe313fb641caa7dc428a87b584090cbe820998655b27d06	8aaab16010af7d2073767ba149fd5cd4c7ebe35da25f4f48346e043535422eb0
850	58850023be2e809884370fc850e9b13d3820b9662d5e84043f0506dcf14bcf6a	223c814b68f4740b49761a7a0f80c3301a53e5ab7ca36a4a272300a1671411a8	a90226d94b68cb15a7699332acb743e92b693c743778ab7e91d34b86e1201a4a	d02edda3f8f9491f8ccb4a6ec5480f0eb4e248adc6d20097790240fd22fd488d	86b9fccacfb050710d58e740a72f43cde6da723ac5f83b8bf5ae248a877dbf6c	cc85f2d23747207c3e2b4b371032b6fa004b0e975e86af1d5da11a55b63a83e6
851	0d783b030fa9d75ab52cec7e140c06a6dc328f829dcc7bcda56d8bef7e0e0bd3	4c6ec427b10a9b46665fd93d5ea37343dd05495e566025956b7dcac2a5fc943b	100c0a8fea1cc3774a3d8976dfa8bd766ac344bdbd2ceefeb050290b4af9f74e	2052bb74f8230efe81ae5bae9dd2453890ac55c36737ead468612d8fd1bd1a62	932b1d1f7349c20687dfcb771adb74f6a1a6d2b7a843837d52f45cfe3572559f	116b8b69144aaecaf9f2acbe23beea93c494359ba1dec75dd9d24367b5bcc2ea
852	5fc8758bf238c1fe6f294b957606fd2da5dcff4bfc50ef6dbd4536191e0a2328	404dac04aeb5dd3e035463d1d7875bfbeda8b6d34e73c27ebea4fc883f83908a	339b8fc3917e5a9ab04de5dca261e6d74ca7c1df965cdc979e71606b7b0c3ad6	97f4da4b35f00b6dad9d851d2ab8de04b3f4791e9eec2cfcffe587f7385ffe33	34066aa3b691966016bd2c8c884f3f9763c52cbdc3e519caadaf829fb719856d	07fd70589b6d1a80e96e82acf1fb4851acac0456d8aa29e1b14f32c7ec36f654
853	b7e45c3f79e9690c147ea912eff784093dbe38d60f59b750acdcaf6e623792dd	af7f490bd828b35e50b2d79fe1e167e694234b630a7b2915045ed069b7560957	a030bfcc7131b296fd2536511b8af87f79585db8d485be7a0e1c3f6bda75b847	7e02a0dcd84342216752e1a45e9a9d9639dfdffa89ef3d20c46aaac4e06868b6	2b03cae9a2d5eb480c498dc888a4114e434d4d71d0722b02a1ec8e2dca7ddf70	1a1f351500d72fa2d42daaaac2cb2afe9d96373147923726bacd2f754ef0971f
854	be8cafc278a1484ad51b6d4be3e3635ab8b486a58cb7cca31ac0ab29b4cb2b43	1061fd76b051e0d23691b3162d9bcdb806a4610dfceef7aaecb30d22083eed6b	894fdebeccb1018a127856abaf5b1ec86aeba0522a550204ce1c9c7b65ce50d5	d2153a9bcaa552a6ea2c2f1fa7bd7c5026de3bdbbe25dec324590ed4b06a6706	790059841a5828f815510b2e440dc0c61f476294bbd6890aa72a43a85096d592	ac48483065f27a5843cd2b649cc8f1854324bd2a668f87ba00ba6ee5d7c7e172
855	960d935442dad717a0f417bab55dba134d15aa2daa350063557f663ae1cecccb	a13b1eb3809aa542456020d9eadc44a5908ee5853b08fc32f8933d1feaf9d4ed	0e37a2f2b4e430c1a09477bb4d38a3bdd99dfc6cba15a6aa1ed3fdce88d8ab49	96be833bbbdc4ac13ab12b2d694e57790cc5476d630006da9aa8e89673cbddb4	61907ab41e3707fc838c4f77d17bce75102776c8b0152761ce4773fafb4d8c1d	c94a27ace26a17590d92d3e990e413b27d6521a0dedb7b9c25fb3bc6a88dce1f
856	18c15e83ca64c6de1c805d7c114378a883fcea7531a1b334a29540796cc9f3a1	a634e1eded2fd3726d41b128869f5d685557a10c02f12150a5f2d37078b333ef	26f2fbffc74d56fc3499aa990f0f626821fa1f77d3341201d7b664c24d067262	f9c5c7ec4cd6897d5687f6812f74188ff349361184f7929e1f49f3ea3bbf0447	993eb886fa7b6e4b25e912c6a186d5f1b6510fa2f811006b1e678e0be8ed3029	1a81c5f648eb10f5a5c65377b1cdb652782080ff23438adf283f7acce9a3b1b4
857	08abb43e4c85742644b8645ba407a89c191eb32221c4d1ac22b42ee4539b54a9	e297ef55644578d10d88e66619f5a8b63415bb5ba0c4f1dbc3f9e1cfe387056b	ec1f1ba164744dd69cc174d9540a262fc4f4d6d824d6ca4d12675fd3b0aa1faf	60517cc9fd0fb7eb1a08475010e7727733aa8da6e049d83c9f874ad01649527c	58fda83aa7e3c1d770bddcbdbc973416152e03053754dadda86440121fe244ee	ab188914ba98cf40a0486d7e30316fc5e5cae0a76ea51057c051c2cf8babc88b
858	5847e0924e6e3a5834a487fe3e51d2b369a4a60032661e389308cfbc925b725e	d09102856bed373c14bb4a10f2b7ef812cf41bd0a144763545dfebeb0a061359	92aad14c4db66b09e3ec72dd6e6c17ed6af829e1b186d0abb516726a1581df0a	942b61d97558bcb66e9b07aac42e07ebe5b43eb74cd9cf781a8121eb90c75877	ae41d818766f344bf8cc30753e496fa2fa0315f351626a675b206f8276c8701a	60b8a7fc860045afec2e1284caec3c1e77975bf753fd4cd701e68e2a89b58bd5
859	2968dfd6ee92d6d2af9719c92917284c41b55eecf8a9b7724137612043eebb93	21be80f681d7c24c69298b45eed630aad33aa733eb56a00d298ba2d0ed7db46e	0dfcdc857779eafd6bfb9e5afb9e7d403922c6f150ba3d5aa0f9a0dc2b84e8e6	4fdd7f3dc1bdb4f9b35b2925376e2cf81e8e3a3049c31ad0ba41f6d39d31ca7c	aed20346aab4be9b4f5733e8d892f17f19012a57ee2aa755a07f86b13a0341dd	2e012a6e32b4585a94dfe339affd229bef404837e3d8992467c52a06c5059483
860	2140d3a7c30f008a0783ac92dd534d8f979d310b0e0318c42f1e801b30d3c47e	d011b3f81346cf4e50472d71d3ae6a13fffe5dad38ce31f786fd22566cc20c75	6a1f9ec7346549fde751ad5ca6357abd5a427aca7220bfade5d059bb988c5d70	87db646280872a69f97396530be8115856c2bc9ea82d077c098a93ebadc92d8f	f8bca43a645a12a46e3a7abb3c3425699a3fc7b807119b14f408c02939757b2c	3c924bd57616e04fd255e5ff56a224e770a7b5256263d41d028cce059418faab
861	19be7f6bc7acf8a89b852141efcf0f23855a5840f4f9c3540ada1980b33c31c8	e1a23c8f634138c1acb817de2a7eddad760a99047cc83a5803993f8bac2fb1c7	19a73ad51663dfd24d9ea2030bf589f9f493208a8423a5ca87b9d37b3c8b36c5	7c5de401ba0a1ed3cd1dcf10fb2c043ca46cd15c15b3f955c22c8c33a1991168	05b3b65469b55de271211bcdec9107513881d0c4b50a5e94f1b352cf0600374b	355c919710839895f5e11e433a89111f09fbb941b3658d2880f6f4ece937ee84
862	337a2fcbdc1bb21f4611c4a94400a53cea6fc6229ad5522aea746ff1a5c5e422	eaa65da7bd1c8bd3a428cdc49e3e5820b81bd9f500045c90a9ee067442a6202c	34664f2034a5a382aed0fe870b982de65a6c3cfc31b225f4bce125923dd204bb	a2f5cbb715c0a11a1b4f88b4d2e47497dc0cdcbf882b3e9927c7f3686b4de3c3	ace921559b27f62904a84646c9b52e5e19ff2260a9192488d54e24b3c71a3174	677a3f669eac0e1f62493d70012f7e45547bad16236eb9826d6c411b13065922
863	4f0eef2ccc0f39fb6cff992300833389d7e41c0b370ab0fc4665ab5ef0217e9a	cdca69464e006fe2fec8312730b7cf44d4b447b1a9cd98aaef4f2a1325c80610	1cd451e930f1131ee9ecf359de215a1a2f361b1fb65c84d3a038120be3ec2480	fd8974db0045ec5688aa2f7fe1b52aedea0aefabbaf687ab990d4ea4f6e94840	73e942fd51bb4bd3d0149c00274b8fad1450ae488a2e91df55c447daacb7ef4c	e16902b9ec03733b42a87038244f7473903217a2194547ea1fe6ad4c0ed96c77
864	99fa8760b4ecd739986fe08950739ac25f0257e28c6726fae99fa744dae8cd7d	0e225db539b85141d930d4d11007d4343882173cba53ab01defe7112d8fed5a4	748274d5f0839e5eebe2f057b5640f7c5917a24f02eddbede183dc4edbc9474c	0da50dd748c204d77172af528bf29303498b576b17d1a49f5488a6ab96215c08	7c4ff402477e572ee2f0dbce95c48debf0130e3ff6edbee70937d5b9ed2edd84	17502d74639e0e5889e91744be5f3463880b1ce4ab841cdf194490b7ea78156c
865	649b13d735ea7d6a725148d9dd563ff76bb40446238b87a906fa712e1f7f9232	b0c7ded1c051018b222a4fc889aadccdda1710ea66ca62c281e384a1df810364	55a8b9ae3e982f0e535f55da95e5ed599dd7e6c3f4951c9409ecb82e7dcb153b	6dde69cbc8e07c5e86aac002588cd70e4d5a11a96927900d58df28609055e0c2	babad945dc33051f526bc7dcfdf7c4756a86d04add43ec5b4f160198f5adb262	291407916dc1d4302f3e9634babb9852b4ef567481328d5e26b9227a16e55550
866	44547727e3f879c10a401bf6977ff0deff4604adf5e6dcc01895dc713481618c	f3e0a528e9db79e4c77ddd0fc0504efb3943536fd8948c611497e105e39eb5cb	73c10801923d5e7cce4d91225e605b830dc173f574fca411faff867e5ebd2fc8	921b8c408f6c9a08364551f5b676fa6722cc5bea272dc4ee4344162ef543320c	eea19139cccead76fe20d9f507ea18b5c0b24e19d0f5bdbd06fc6fe863395996	d34e6494de1e5e34cc756ad9170bff9d0800594a2f82e57b3cf1554da8e1023d
867	f3997f528bdd7deb975de82cab0389ae312c7519af005a707b97f2afd65fc752	6b53f1a7ac82136e213e49a91055e3c6d1d07f8510bb161030fda177204cc214	e60e23eaf3e4dff1603f14cb74a7cbf7cdcdf742c86fe531023eaf8497bec526	00dbdb896757c2e0099130f354c5dffbcd1a5c64215cc66a41073ee5fdfecc4a	c8a9ab2e6fdcd2b481b10a6b92d530c043a08ef9ebd20915019b791f0b3801e9	10d6d1bd9efbf6fbbc5b6f76159d0bfd4871795392b7bbccca1a917472991665
868	afb50e129f4938476061a8ec3b8ce485db06debe67b1c023c661075c43cd14a3	b246b9e7843d1e67b0c82569c1d6fb2f9c02e0a5eb08fbe6fe8230d6040011df	4b7fcdb00d12d1ade7cffbcf93ebe65a2731e4a23bc73f3faf28923d5c02f17b	39c07543304197374c77bd79892a338957860d04579b015f7babb58bf4e68652	e36c45e35900dc6ff189b7aa4d28f80ac1e5c4c84c69b22eb603f233d31ee2df	b5765a2a9adad96c6715a6ffe299bdb96195cfb2c0a2aaa493d9ef6919d447d5
869	abec9153051b3e5454445211da81726a8139b6cb22a4f8482c2ee81d6e47d83e	c281a938a93322a9590e8f61c7214ff0289341b154293d219748d3790de2c3a6	a4826c1882bff3482c85692ee97bd12bfc9dfb9d610445f55f46de032a1fb658	05ad9e9e2a80ac49f4159d8f7fda11d483622fe67e5a0cc5a4af12ae3d1e5118	16005bda4787a7e1e73d204e11351b52afe5642cce6ea0ab2476c39dedac835a	8415f08021c4950a3935566d356fb8e3983867d0b254446a6da8ca869d82c9be
870	7a7c358ab7239cb21177bc50b4c07484b61d844bb978ab11a5ee0db01fad3066	457cbfa8deed4d0dc81ed369d3f404504b36799c511e4a68b437066bdef78655	fe5e1b66db8eba870282905779a930a2c714b368238335a45efde624e87de769	b4654f1993cacb6b8bf7b34bd36deddaa82f44d428ad38297e2825d6a0119e27	19028a0a6d0e0ffd91d5575985c225087a5b0530726a3009cd9802bbb2cd35d1	3acee99613c327b85e0572c0145a64009c48033efcf9594445167aa412ce446f
871	9af7d5f3fbe6993f81aecb847fa04763eecb3375caac85050dfd7581cbc27183	9a308e2454bf7c6231fb7d7baeeac81948c44d7072c3efb9dd466edd2c2d16ee	378179e1a940ec49e093ff76bd9d38550d38ace5e597204157de0c2c20b1e2ab	f04d3a3938fc20722fb9a338d5ec1a91353ba1392f9971c3d4968546222c1517	7917e6f14c51de6903ee5ecd46f0fe4045a107c49507fa1c86f9b774defa59fb	9fe96f4d6cdfbf74bbfb1c0751a46b0b9a0dc9dc6b237a7cdaabe499c506e02a
872	013d73126eb045a03d8826e9babb6f25e1db45bf30b55452fc47d3b9cf0554f5	60a64bd38f37549799177b5abf0be627c876f5f546234cd3c8d3ca9cc9d7a18a	763f191bf66fc637957f121b8665109e3669d5c65e658452be42df65de43ff43	c64382289c732edbe2afee782ca82598bd99ece8566a81897672a913744191ad	f90b2700857f736b52a0bffd115c954d8b670c79a1a82cc32c902881312043a1	530bc671ea8e3659fc629a6a668c3ade57f2bb215a86edd0a30ca4a0f7d6f8dc
873	3b938db89cf62056e4e6cc3ff1b41e5ca09c0f26de91b772b3794ee722091a71	75df397f0b5669c0816ff3160edfe7272882f5f43400ddeacc2e9aea2cf91453	3c16bb8e11c7a76c4c7c4b153e1b49c9110a7da673e3fabfebccd3e91580e7bd	440d128bf11c1bf59b196abb4a72b7a4ab2d3b6848190330d4bf227d54cfaffb	f66f81e662558d7b2f1d84d8058a717589bed20642c2836f941670bbec15d8af	81ec4a314348e97a649b3d5fe8096d8bca102299fe6121cdcc452f3b29f4a01b
874	c410a4e2002f75fcf4deeac68df8fdcad2b7e23d7d22605d20e3751c709c236c	77723ee9ccdd95dd889ea723e63d4d6af67f561c221aff459d8e57ab12e478ce	2278bfa5a5f9cf83aa33c2504d6a930f8f80f37d700f5b7b475bb1bea859a05a	f9571c8268903a4e702e5ce686a95e0b12ce23e243978caf5a5e5bdfd8c911a3	c3554b9227639c598f8e1a777a53906a39c358be18fa059ecf942df1a91fc288	753684df183f51a11d8e5570bae48294809762032c1f64f646f373260c150e23
875	be04050adfe64615faf15835583588576b50bf05948d50e18ddaa2c60ba334e7	95f8d5f82b535ce44d65ef8fb290c134794f5da616d5da36c0bd3cc600b35e1b	e4e834c528ec1713d8f017b6297fe1ff0eabe16d67265b326fd65a40fbfebde5	fad67ae8008f6ffea4ac8e19ff8963a5db31271359deb7c3702e6eb7911501ae	f6a891edf86ec572aef2c4356a0823927821b264eb764ad55fbe8ce6a9d7ff8d	29a53876062387c5c75e0757c136b72054479424ea02db76d5d626e01959812c
876	d63572166465884ff1279352655f1bed5fb0556a6e01f1d717dcf33556fb93e8	81e4afc2e09c08196f46d5dbb4603d9ac429f87bd6e4dbcdb7e9d216ecc4b7cb	aeb6dd428654fb502cb30f913d293fc76ae7624fc2714d3842a5d41060054474	a0658b926010c66ec1543b5e9bb1eb4bfa23fa954e98681b12edbec8621f55e8	1b2f2c5f3c3cf4beacf9a697dfc25e3a468e3459a830e0b31466a93fb6214f10	513c5f0b52e6c1af6b31bba6e4dac836de5f7af9b21972b8a18f00a88f511e2a
877	73a0171f807150d01e5d9bcbe5fc5a64dd2536058bc209bbce227291c8e1f441	067e08cd1fbfb480b0097ef87c78fdc9dac8bc8e3b2086fa048ea67f3bfea1ce	07566479b0af68f36a20e62b0c345c43abe0be8d6f2780a7dce413ee4b0d0003	45b9815b274d0675cc0c7f75d67a8997d00380c18159a8265e96810bf4507633	0ab68d47f84411a8dd5807d4a048124514478bbfdbae2278f9229e17f3d19273	fab3d5aec355a1a9f3cd785eed47613f058909325dd35a8a22048099ba006147
878	a985d3307e5caf5e369ee9d740cb9b9199a003b8cceabb38407e15c1d4194af3	ee9a1c7639e5930d29064e2ec251fb6ad5633c222ad968f50aa89c615ffdb534	102f023400f7b3056ac1d4cb42bb52d292da0627071c0cbb7ac3e74a7a82527a	331e34f19ff56f9e9a6b16c56f51f554c81f756a5133ee42753841c30dd49b26	3d05644c941b9101489f6c277c4bfe09fe085c9490c3529427b0cd53a1428552	3c58ae4f669d8615ada20c9260a9caee6ed28ff8df3b7731282b177b64c22772
879	da7cd065892925f2d99a5379d07b903c24fb421451d1b3b117e83fd50566baa5	de8bfffb10b14050ab283994b2fd411650fb618b8a4853b74f6f005673f604bd	cd7f6f98aec0b3a4570d19a7c9043c034e9e721ddfa322058e024257bb8e3ecd	0b05a4721fd94b36cc4e2ca16e31fefb16791085f68d4da60dee615f66e39c65	575d254ac358d5bbb38eabaf4098e7affc75ff2ccfe39c8575186b750661c213	82b9f606933e275fd41959cb51cdda40a9ae125a9464614adf166b5f7aa97387
880	10231486f2793425acc9aa299c876a6626378e536f70846150ffc7c3f8caf2d0	7ad636a01cdec9eb750d6ea00ba960ab563cb4d3a099c6c3847c85d6b2e66915	ebf24a7247311cea30dbd0d19225c05736da2b3212d318fbc582cf3baa039f65	a0e2da673f3c0d514549e843bcfc98c05ac30d0ec2cf4227a328abc6461066f0	61ce9c23f6b01b30fdc689a2deaa95e7db85c1bd4d3556b93c035f804c926beb	36eb0ee10e689fdc10d8b95e03dcdd3a2270a4102131c4d4185e957fffea431b
881	9b1f0618ea5ac7e7f4d334c67fcd34a7874222c35c33145d95d3305fe4060526	c82af19ca1b706460e9e1106456dc37eeebea34e00134da9d605fe824607103e	5e49c6d22c4f643bdbf4a574e7a9ea43050027ab8fa3e724e7e8fc72fe0da6da	dadb6ccbe7e42f5a838083278f15d7cb6013595f061104a57bf71539debf9fc4	a0844775103b5c1238073fade9b9ba860d59c26612a59996662713201318a7b7	f5cf9f3d30158cf7a46cb9e6b508b91853e2f68a70eabf0744869cc37500442a
882	e626c5fd9eea9ef41dbe4b0fdace6a2eaac4bd36c1ee52a804a19433d7e4b366	bf8918af49ae326d1c22ffe5eba995ede769f3d62975c592768682bc050e5fba	abc0ad3711cb726358c176094054225a0ea9d04e8921fc715c3a43d8d9d3e375	924a22cd04fbec6f01c8643bfa4c3d887e226e94ced3bf1e74b15c6840c857f2	349a4850e28fa5558a29d519a04139e17a8d9b298a5eaa619e51f2c8c1baf1f7	0793a94de9e780d9e38f34dd8a58662fe4e375d0f71f54c3b71c2fcaac80b624
883	8679e29ca893e0772d75260628b49a7804b813e9a45e1525792d758943f20c48	2670ef89e7f3bb929665d19fd513e71b6cf90d0a3b8ecd34c935f67b8e0b3522	5f1378f1fa330be21d562b10fb4c8ff494f6bd8b8821642027a0b29788558bbb	577426870b67f9050d848db57d371bcec0f7ea9db9f96cea91ea7fe5f6f4056e	19a5afb7161dbb3baf14a8b7f78433c1581e975e302e5ddc348d97e5eaeb94ab	7ccd15411f678d83879827dc3c77291f0ef6681751420ea910d938045e71f332
884	41f03f5b81ab9cd372e04ce5d0a4a1ffd435f00eb5287a6bc909a26371e71de5	ba685151b71740ff4185f1d33c2f242ff4f3b540e9d7a5eb974b706693d4207a	0cd43ae3fd92ef3e062ff3388f76dba6da27cfdc3f4cd48dbc3d297e4ae0263c	2d51a50a013b4f40dbf880f889c39378763efc2d9ded80ad37d12220aae05f50	25a51cb03664ebae6f5c2ad33e2094bf61fa1523268f40a346b0c743e926ec96	4ccf5fe44399d3e9a9788da1822730d6cc2f5173ecc9dea2777410a1ccb7a487
885	7c86c8eead25f75a91f0dacd89c652f57eedd4b2b40587db8e462cf6d405a977	5ab12c5d9bdd5a6d8810c576ef39f606679fec59c0695fe4604e74816e222733	dbc0005eb61552a3c8b68e205b14aed6a9a9c4df3b7661d2412f1f7e07f0b361	29e87d39c9e6ef5a75e6c274924477605bb6349ca56fedeaa6ebc6b2b63b1475	f259c2d652f638a92460bcaa368098a04f4aff0dde23a7db1078c03a823a7189	f6815c99aae2bc6b45015b312e5058d5c42dade82142674e4b417729e3d062e0
886	07972f9d927fab7f434a4c0177ca876053a54bb12447238226ca69832e1c1832	71a20381b8ec8792115b237ee7ca021f3e02d14c472b14ba8fa42e7ef0451092	17fba63aad53f202daf7cce2fc1d7ceb3e1e2ea3f66386fd93b57116283fa4fe	6750771c53391d88c378319315df605fcd02850ae8988734e721773a9120e778	c2e894f86a56df5cd032f5fe70bb596fa0f10df00a839092697180a854b56333	7f9b50c6bd9d6768a7ae6303ef5f13d3ffa4ca44712d77fe82d5fc77e5555134
887	38ada6d98fafb7fd34181279ad989d74c8285eba2453c0d40d51c21641184578	5d209369aad1bffc7373a1d77f9fe5e02976713587d70422244939e183303c27	4d1e45fe357d30fd308e86e89e3e6e4e2343c05229dc3988e213797b3ddfb482	47994868d49c943e562f7d42ef57da2c0080da8fa391396fbdd03a5eb3cb6038	f96e815f993628c4f22f0b67f46df87bf37738ff88133bf2093d90127d9b7eb0	551e8edae99d296451db9fa795d8ca92ab3326c1a5254ddada947cae1dc63d0f
888	1e9d47a98b5b0733809d9a292f6add3665e275983870c11789cfff341ec07c9f	4ce73de8c87ac1220370ec2fb846d5e9365b06c44375ca9ae9d4de9abd01064a	27312cb1bd3b282d9246062246520874fe6a3977aef645c845f7ffdf8907fee8	49f142f479f297a0e46666188c927cbaf51dfb719fb75e074967dd31fcfbeb40	178b94510b0109107dd751bb95c3245c60ac305cef4e6122c87e2f636f46d1e1	cb2492f860f629d936059ed235b0b3964cbe6bbf8b02a2c1a3a3c1ea24facc42
889	94d50a183a821e6be7edf585b712b11167a366b61a5a9005be8f2153df2c22bb	cf34f0e427be65bc17b965a9b5e83557592f858ebfbc5cbd469f4458cac1c3e9	7cece6d9b3ad1bd1254f1431f3a5e20511152ebcab2a08409b29af9563f10bff	f0889c1e3769e6bd6e28ce6273f7a2a8b3e42036b4edb735a713380543c42694	6a5a5f68c79b54467be3730419cbb91cbb970588c0752ac13dfa9412f56a6250	e0830876d717009276d4974931f01be1f7a3a6a2b670e6538267bffd785560aa
890	696c755673f0e1bd36c8d8bde5a540a4915148bfd60117cc1ec90dc56b7c4e7a	b7da15681b092702ab396b76b4cd87ca08055653d5d3a9b3d3993742cd92d6ee	762d5fe92b5705d875c445f8351b04f411fed13bcf7d5bc9239b431f4b880155	91e3b9ef2483cb9ac87994178b3a9f87be9bf46eb7c044fb0b92e4b7feecef5b	8c1565d94437453b503438996eaa7f7be9d19ab697e0e5153944108b88846cc2	99b7ee8271d4207c0c1fa6af74f4feb2f2833a7b7ff0ec2bc1e4efb77bd0af24
891	27613ee828f186d5c16412f7859248b671e8fe9584a15ff4e941f84a00a541c2	76377b36de9debc4c507ce09d742b326360566a62341adeaf57776359244a8a0	ad323bcc8584ba963de3db239a9930cee8eb11ef3a8fc9c4c2eef5a6d47d22d2	edd57032cfd936f2e75ee65a0f1acf44bffffaf4a888f863b868989edf68b5e5	3e712c7e4bd9a84e05ed78106afbf1eb31ff5322912f7f5c4ad8f243a75260d5	ace280175c717b1c9179fd10a73b23a3a5f7c68933931a2f5cd16c27b230333a
892	ddc82f36711b553508c638ccce8b50857778d361fb33944ed25ecb319de68728	94d21b8407c33501095f6ac4fcad9b0265050199958db550237cef0c7c723504	61e5a004278c614a99e1347c5112fafed6b5b2b4159a257af13fa59d359ab22f	5c9e6af15bc8bb2f9ba56507169902138cd4c08c11c55753382ce1e62e569d37	c8b4d16fce43a6bc3afb635af62637ce3e6806d2a31d0ba6d3656ec58c5de38e	25c9e7dadaa5bb3923a7196a8fc66ec78b24ad5a60e7fb028a453c87b7851caf
893	0d8de1985e1d0396093937c8ce4517ff47ab66841bc134f99da61c3a62d8d711	4a681902a8944bd8ca7a483f2d7322cb692fe79390c39fb20e03b1c24621b997	ac83fc4150c0622ff034c13fccb2c996caf88d3c9d8f95537a6c6ca37362674d	ceef3f463c4e7a650cf31eb2d77280b549d9a695ee89b14e8f47c509072a7f73	b67c5886876ed7f06909fb02cecce4a1ae39282122fac1dc8211a78c038bbea4	d483bddb65223fa94f9402f720c4e01dec71b0eb3e2a7168c909c147f75d0639
894	b3f7a5b2a316b3bd42fdb8dbe2b8ee48320fcb14366d6a578676d26dbe325a2f	ad19bfd2d9c33764bd56355a755933dea8423f19f322bf9fde0dd9a52bca8437	3c74c619b7d8e1650e9df931621fc9f1ac58fcaa7b89316106d3ac5d8edf11f3	a28409eec75b1dff09bef76decc9b737164ce78e069f2653bab09da73b1318f6	f40858a8fd625a82968a0cf49d13ca31c409ba1d25ec5a6134540d8930ab45c7	a58ad6c694c5d1f7a5d5e140a46a8c0a7bfd367da5a94dacfe40c49ddb01efad
895	c214c3c17607a124720305996a78c99dced824bb653f57b123edaa40f69f689e	55e0e66dad19293ec5ebe7f70f0a785d1cffbc67f5cb580f5939bda43a6ef477	b1b4bd31535141da37fc442a132f213ec46753c76af6399a9a2d1dd962db9353	0a7878f0a3205b27fab0eac0b49bdaa4b56a6cd9ecb518d3d42c9bf78ff98d8d	b63ccd08b1cf0b7bb9d835951edc1eccafd5313fb2b7dc1fd2d1b5bfa7ac5adc	f4283b9e4537f9ce68740bc4838abd9f5fb6e4413d19a2bb17e79dda18cd1913
896	82b52dc69b5ae8187a2475d22cd5664e3aee65732c6b992018db3fd91e294a93	563d731984faa32acd1f40fcaf3a630c1ffa3841d73c24dc8ef76d4584230e46	937988a76972f04f37f0d5ce014a5910d698cdb78720c8d049024e1f9c44bab7	e96eb6d5e85060bb2b98184f4eeb0e51d5ec58e41d8e94e79d04da2588014571	0030a19f385c682ea7d5ada8d4dd3bcec1aeb0b2e47bf4ad7594c0aefa2a4d31	979187dfb8cebb9a5c2ad4f7b17cdf7d18be220299770164995950a1d2c7690a
897	43b8ece29ce4a99aaf06d96c5ee900911f1a1b6bc515cab94338c28007987ba6	a5e91b42fe11167c99beff737b6582003ee41ff440d55974dcfe102fd6f48ed4	16acb52f3c173438d30409956e3fd2623b2fc0f6d0bb66d85add9ed2fe213dc4	a2692a1748f6cea01d0a6d8aa993ca8732bbcf96f087ca064cb892db81b7d14e	024a03047f98f6c70ad87e05509f661363ea7a6d7a61c10d0f3437b7b07878d6	1d32c14e0a415de423ae55c89fe8184d117817aaef99981a782eb842d31af41c
898	9db913a9b7a52704b5ce87eeabf1814f9642b2fb5cba0f4b4f6579182a555da3	d8abbb123ba2b9f85000498869ebdad111a17cdfdd820fbeecf510471cecbbd2	e96fdf52721d135246bafa534b951a826e6c0240a9f6dd89e67d35d753459b3a	4ed58631b7b59c600f3c52def1be2b2fec711e274e62d747b21fd799368ef6c9	d0821fb6c32f2de393e08412a82de82925a963f7ea54de4e7fe943f4e2f5637f	3bd0d3cc3011eab2f9bbf7658fab50981697a37ee494c9a48fd6832d6aac16fe
899	b158c3cd8a97f6c06bb497e442305fa09d6b2f29b895b60448a773cd8d3f4165	65ef162ac66f4d85306b2188de8105eaf6d1a8ff90ff3f9c296bfabe61108df9	cd02c4b33766dd2f6dd81971b1fe3e4996be60005197515f8d7f0eab1d77ab41	841066a49a3a76563d1c4a91395e0a711ecf8689a3bf5dec8e12279785f4ba3c	3e207b24a7a2034d86a61454737dd36b222294c5d71ca61de30d20e39b31135a	262ffe2b72b7cc3ffde550fe8634369575617d8ac9545cd74e356a0fc219e57a
900	3f840834296922414895eff05f3e45f09f2a8bc2833f6d59cb981504f2119777	7769af5ba581d911acaa16fbc910528fdef4e0545b193cf396752d6515be4224	f6a1ba2142ae01c30ca39c9a89b2427c0db323d3a11664e692c84d1e6231f3b3	1d1351e39688f5466e5f30ca21c2ad1ccead1058fdb3f95dec8b32b85dcdd563	1b4d4e742dcd46f1627b7ae9cdd6e0e7091c91e16e24a4310972b2b64e68ceee	179d2a268e04a3ee4ae3f4fe8e4d70329d08d97b67ccd0d0494245639bd03a04
901	90fde23a0bf294b09119bc9f9e4d363d658b941b307ba7c1525b3db76107f936	37930e16c21f5c560da3b2b5709349a92a159a0ca4502a425ab1e17c737e30ba	8e616e105e4b955688932c3626e2d18c8f6b0aafffe189bb547214b9ddb18457	5b6535252435b16263f51b5e7b7f64f115e3bb6fa8638317d1ae22cdf4516565	11861db72a7a8988b973b34e228c9995ec6e60927820f720a855e838732f6993	468bc555e0d4fe04a234dad4d715b6744218aa2c27293219ac2a358eec7b13b5
902	5f46c505b0d11509d5aa4345ecbfc116cd90518877d5404a8bd4be1557c14d75	cf30fdd667048d95df44f82b9757ff6f186120c1c0e828a82ffdb0b6aeebc362	326abec81b229bebb44c2e12a312a16bae316133b38fb41cbd90e11972e8f817	3d2b55adead80c8c79b0d62488934c47a5c55a4561dfd06a2a8e432c9079b8dc	73f4081a52b3b3e13fff38117d9a72abadb199b959a83264bf63c6214d799198	28dd775703755d24c6197c5dde58640568cd2ddacebce223a00f4065c7d53142
903	b404f6f8691ad6e1e5cbb4549b1b7ccc9755bd6d809d51d99e50ba1b593f7040	919dfbdb9b35cc96813da686cfd9a8c7744cb4ad9ff64e2d8218d30bd7196b68	31f919eacb013f5c42336456f88ca2c700e47ed33651f2dc3fd10c234e3a5da0	65751829a07843c40784b9655cb465a65e491f3a6bdb1b4a00b1d68a415a096e	896526bbc09c7966d15e5ac31749f79845ae49e2e36b6bf1c5d1daa06afcd2a7	47fe82347c4a19142442e5af550841de2172e0508fd882a083bb12e6498737c9
904	bcd08abed5d7c8c54e928d89b015fdec5d0fc23431dccec34c4a053f9601eeb6	f75ed21b34b8e288f63b36fb3718082396ea491555d2020728c1658b085a66d0	dc6b1061d2710d6ffe72f9365b194cd5109621abf9cb68f6afdb5ae8bf6a3163	22e730d325e24995221b48a72a2a6c27d766a4c9321e7cfb3e43fd7be2137e92	9f2a413a3ba3309e4c6cc5a692bc7f5332b64a4efe1f596daccd5f9c80af9c1a	ee10ceccf97c7e9df1f89a1b89e03fccccf707b898fb1b5af0210bd9aebc82db
905	d453f93c491303843aea3dc614d0c08dc6df6773501b21b365f6a233c88cbae3	3f5615848fa48adb0fb7821677b18300c9df42cc80b667ee97cb0806c7483a62	88d6f10af967fed2a9919af8586e6c59f6b4209f41601571375983106b30f218	f9b424370f799b29beb5e92c62d79055808aad671f015f9dc53f32f5437ff8c4	a23309ad6b2a04a3c4ee75cbfff2e383ff35e32de8c7a59be38312517e925857	743b394d0db653872e1880c91edd4a0b8f2edab36c30eeca52ad52876ad5e723
906	ab5c169432b2c42c64efea50a54cc62c9c0630ca971d9d28190e1d802e4934da	1d59737a5a53d836207a651524d91cedd74ef4b48aa40b8d722291f32d874493	6b70b67aabf76ea8e038e125797324f24dea4dbd204c2a5a71bb6f496f968a7f	cc4adc4dde680c80ad8a8d86f0cb632fee95ddf468396bd1705045d6995d62aa	1c5b46a5c8706f512c49e4b383100061093137b106f8aef4e7e25f76b9af6fc4	ecf4c550aee7d46f70263aa4e4e90d3bcadbfe500e2a6baeda217e66c35a1d3d
907	16b6818fea420afcb905f686495ac0128732183a37f3287213a4294e2dfd10e2	453bad0ca0408dad9e5da51476f901a89046791131a4c7788c03a4ab03f0ec45	dc073f359cb6d85155c8d077b490297676e07ae4b56b271cb526cc5d5a6af505	f4ff8c607569a46cf65e6432b39f5512c10badaf3905b2b9dbaf27187457e639	40602493691db6fcdbd2ad75ced678c9e0bc8e121c5a4660ed49f3e36e45ef7c	4a31cf2a5694edbe876ae9421a35ec72141abf42edf118cff700e110282abb60
908	ae0aab60c5fb20d3acca757e4cd5241e3b395cb0e6d2bdf5839a0c5c34633726	8bb93376f3e36485b3a02a09699fb24de451bc30195505ac6d5f87933df32bfc	7e97848a34127e3605fa8e2b7201bec33ea1ba01258217bf307def816f8db80f	1b91998cb4eb00e6d26d1c9aedac916f2411648560933f14d5237528d993530d	930efc0a1a5404a4073c4436f140f5d57da2574ed4cb67051b7651e963ac488b	2fa2c65485ca1ce099786c4cc6fc21718d933e8bb02216fabeec7fcda07f5e33
909	cd26d5400724a61bd4e7530fe7d8e940f2c30993257302da172154e85395ddbd	13133260e94f9615d7c10679ed73402a0195a860c937ef2625ce23ab78f0042a	6f357a3f3f1b3d5b76f304eff50c1d027820d8e15ebfdff5219b91749859b1dc	4a4a27b18020b51f143f85fc768a6558e5dba9cb59595822fd2d82192961f86c	bbbe4a930df60fda29c116376f8f61c3833798de1bf771a6c9f8d18edef44f52	d896f0b18968891d396a3554d1a7765bf9bebd42a0c888cdabb62fdb7adfbf77
910	7eea04298fc20815945471126409f7bf711883bf919e33e898368fe6db9ed1e9	908817beb74494262d7251ee98794133604c3421725c555cfc92e94139c8834d	df689fbe74eee775b888d69938588df37cda6b63d880fbad53b2f361819a5b86	3060076f8bacf4fab9186693c54bbf820458ba3106e85b6b5c54655eccc7b3ac	d2e59b4a6a0a3db87e61cbf11a7facaf80db3be92bf2beae5ec22f86319c72da	660300e3bda2d42a4b38c50c5945f695d6580e37a06ab80e5eb840301ead35ab
911	ec707050cbc1860bdf754ed15da94a3e88956c0c82adfcc3de331a0ebe2d2eac	24d4ac44b7a742a18c44d194e756bc209c08e38760ebc1f47da839fed449a387	b6755b6b2df38fe66eb93f72494feeb81677c6b7b3d9b855c49e10ce8a0683c0	0f753a7135a72f996c9e0568d0f99394a000f01a6323a4db1ddc53d7700ec254	e088a89f03efc9e7547da887fc012c177afaec2e28b68b69d376d5115a50c2bd	678897af42f04e25375aae0ef0163fffca29e3dff5fc3616e896ce2c5c6cc147
912	c89c838069c4907e6f0ea8e4e9ebb3fc5987d95cbc81b60259eec7f04e143f04	d67cd011c105f59fd617f9716ff106219874410eb0ac6b669d22b35d80b19de8	e598c29e4ddef346a5fd35d27b5ea60f3e1ed1f23c166a6a9ddc845e5f75a47f	7f00cc805bec7daddadca06788923403d354f8f16677759bd255e83b998c9ea0	3268b5f062adc45cae0793bf0e98f8eb8862de8f674b5a6997de4a68405bd12c	9840398bbeca75e857539178ca68376924a81c927776c811e27bc7a678bccf33
913	ba380ddb4a8390f6b0b87b4755a567fd8c744d719c0ba0903285bcd71fea35cd	b4cbf2758b5a822b2e56d85c4a800779690ee5d393d5d36a0ff6f867e98f1af0	6af9c9220d41e499b5d41ff7eb5b830af29b200cad8a2883bca92a4dcd9d9792	a24c188462d3e133f069b0dea52baf26104aa7054d6107f0b18acb744893f1a0	a287cc50f78b4ee376290fb5f1c143912c1a7164ca316d2baee81a3e3c07f750	e1da99bb98f8d34ac3b2cb15708a1a33dc2cf33a74984f87d68f4f738a95786b
914	b6c6a43f01e965cddb47709884e7ebfcf0c73f43f4c67174128bfc4c9ef09d92	0afe693e276f233a0c27320d97e33abd18165e9645b117cb36112f8849ba0614	37df804ef3e3934a84cde9de0fcc5ebead20a0f515bb8ed5126ce5821ca759db	c58ae8438e94d63357741d424cc1b45040c1f5f44be57adac6c523ebe2eb6d53	3a2a86d356a1b7c32efb0920ec6a1ab1f75ecfc710518c7edb71b0b33aecfcf0	f858fd2128a6f70280722467bce00f25e4b2823ddb1387d5347b4172712f5def
915	6e028a646d80eed0305b8a36b8e0e2d7da5a0a128cf0410fadfdbe82299dcef3	11a4450e3315c2351039a84c44a603992c483c52debf81a1895f79e577b2d780	e94e7b846f310652cf8edc280d7ab0469392151aacaccfde80fcc66143d8a158	68ebd7debf1d2d850676c07d0dab30852ed5e90c214b1ba3f52d1d1c52a385d1	db181f1db5a598b1ffd9c56d2eaca8198415f3471e5c7ca69883a234971acee6	80700b66f9999b3a2916e7744ceb181736ce6ebadd47f72fec16590389e5c6dd
916	97b4c34f266399dd5566f797cbf5e801cf4928fcf5863fc2377525b116250bc4	cde244b400ebd047a4acdcdb5cbeb338afe635fbaea95a229b3724571156905c	ef48689529ad4ded99d738cd2211a1ba5ef152182a30c14e34b03636bdf3300d	cfa2055b2b8404d4da477abda508f7cba092d6041c55aef3ad077a7fdd0833da	17e15b7d066bba158ac71efb65714d1ffbe5165638adc29b2afd8b654596b41f	2f8615691f91433c41a92c0be39503360ddba32d09e456a5df48ae9b12bb2c42
917	0139d63da9ef5d44ddfb0242812ded38aa49f155224df200c1c7bc715f8089ba	b58e62615d863e1fca25122951ecb911505762a1b8ae9278e21e2b72f4f5de0e	d2725eb8a220bafe6f1bff8dff611943da2b5e47939dc11c1eb2ecf2ab1aa006	fcf51676d5496adea3059c3849922a9fa3309a6dfd3a8301f64266030f8534e5	073ad682fc664e0804530ec498c0e8c5f9df93bd73930896f175acc262a433e2	1d4154fd3b03fbfc7b7e4b38f0ba59507ca7f05fbd7571e94f2dd6f85ace2751
918	7d43ae69ffc74e4474b08aa25059bf4249fe622c92dff71d3f13fd13e29908cf	11c96229bdf5feb30594a250a94c69534584a9412acac932b5b841d1d74d036a	6ab565f28fb8e78c1a435681f0dd413f6cdc22e477eea90c73d559a00a9b3013	249329570c2ae6323268ff8fedb560b8aed4adc4bd7c66bd395129d516758f7a	28744291d2133feebb725cda51093dc96f572e1d994b1d7e44a3ef97d886dda4	6e45c40a61d34ed9a6883cc71eee203d0fa72fc0050faff491b87044b5535795
919	09378aa7e5204b6561efe77297f0ec3f50288c33b9d435b1a48b1a5e30ef1d6d	6606fc407144d4d835554498105f9adcb3759bb8ad4080f54ec7449889a9e828	1795dfc3a8f1e8072b0275fe565b26c64ac359fbe44816440a60c5b374bec0cf	5db430a13a5896764d6829fd7402ba0abc95c9c3392b07d2879d35a85e54c9f1	9fb2cfe5986aea67466f0aeff503a4008e891c2b29fdcd2a645a551c1db283cc	81f4ad56135682893d38b6855b2268678a2216cc2d94aefd65cb4cde3eb63282
920	021bdf289e66f21978fa06dec7bd1542673ab54e242ae1d0ea164fe418a2e961	54f7523a9308bce7a2f862b045cc872adefffa362c9036dd7238df036f17e939	e12343c54f8c413fa08c1072d4e9131b94aa5e6de9df7d3e8c5cc37fc535b8ec	a81e746268aec87ed67b19b782607f43742e46070d985d41f14e2229cbf5cf7a	67a9e4ff1cf3861583e83d9ab0d1df3d56edb4c4676ff263a890c58552b8d7f1	e547b3e2ad426e9cb8320e5b1dcbb6ac8f52116a7377c516ccf896477b0a6ff7
921	c2612d2faa7b50a4361c348b1b1834b35029a719c908572c1415b3441ec9e994	fec386b83f2f56491d0f314830b88b096f0cb18b5a487943ab762edb484f61e9	5b13f170112d9edab3fd572ad47902498f1dee502f90a5b65b436608c601b53f	1ed52614043a99d24fa5f55ade274d9a6650410f3749e6455fc704b3d8ef123b	950e65c75bcb0f2014a79b24907557e43651b3e8e89474c34c4cd3013d963a94	b47b51964a82401fc7752dd8d230808dc85ca30a34c3c9f0e2986e265045e878
922	a5d63407e2c66d0f7f74de7ff513526386f10312984800699bf7be9fd6a50ba6	06044899a0bfb6f1f2109e709c4d26d2a2d8a498fda25047f98158e8534854da	3cf0a10040d7f6c4632589b56cfab23a1674e5e28d58606133f16e1f6bfdd3da	184eb32b5849bb53758335a649753d3d36f4342b8c11a3b9d2e5f413dc020687	96a275a8c150f81614ffda6bbd744402b7ae4e9338bc536723e6c6ff95bdedab	1f963c7380416c817d5032f6aff27deca71a2f7b41a7a0ea5631b309bcea7feb
923	9b28eb18c2ab7d3cc9042b9e42f5841f77c8d5163fa5c766eb0fc4a83712a83c	fb71d73057e42ef5d3c99be8ef158c261fa917ecc0fe01799982003fa2237386	a15fd2426369e16eda6577cd7b4e4fabb5f88885cdbd3301bbb8e097c4815afc	c13ca784e97c566747ff362700d9112bac183b27f9a8c6d071e2e109f2fa42f7	6fbc6b2858de38f68611722e807773100b89adc36eb39b7697b33d587f387fb2	912a1552a4fcd452dc4f2e751aa9211a66e69ccba1cf4339546a3fef874f3b29
924	6d60c7f2772379211ec954bfb4b492fb71863e8e2cbdae674fe07344bcc3f943	a7e824b57267aa33135c3196ce121985c65652ccedad0921a57cb010f4c77b6e	2f45ac189c5d53216bbd831a039c23660555b5211b4cdb37aa1af1083b816460	8cee866d5be144f72ff622ab8c41bc6e2316148cb5b7991c1dc137de78268572	3d797120264a36a9c8e4ceedf7b47c43793834ae849cd33b4b6debe7208751a2	b76c3dad5ff6ab6e69283bdba44dc00ecefbaeefcc055728077d79fa9ed58199
925	6f8f0aea3302c15315ba89d871be759b662ac3cbf59198c101c9df0ca5e61b7b	cbd8b39fb132abe6361cf9151f62f2fc151a2d43a5ef886cb50b7f947a28846b	48aaa0040e1bef2cb6effc66df073be6018c86564d1b5c07db8357c0b7f25741	e4784e00b1141f755dd50a422a9daaf971451fa9f506a04bf55b12db68b42b5d	418a12f2c32eed37cdaeffa47d9cbdf611fab54e669987af5838ba113998b364	41718c777f92e045fcd6d31c9907060a11d9997c0d126fcf716350196111d6bb
926	1ba8e811ac297a4f318e7c5d68994d1cecc757f48c9fd2ffb0af89683903a8fd	9787fe59361bc47e3c29631d53ff6089f262a7443acf87b2beb3d85515e3db6f	e476eef4655df0850927b61f2fd2e5c7017a112f465c464ff72f48c007d7dd41	56a7b46d897884fbbad3cfe559ce73a6a1b787802c8ee0dd1bef9b08b78541e7	3abc5ac7a26b05abf403f8a2596edd844fa917a0f7ca4e3d254578cbc9c81138	904d6f7701033f4b17cdbf9cf0b753ec32316584a81ffe4446d3b0eeed1469fd
927	3feb79c0ac8771fc7bf1a1703a13855e98b752b5314d8528abb7e813b7d57797	46bffaaa69f23fdc7a16f2c13e72c8aa0eaf734587e4862990887d4dd1b0051a	9aadd1cd7a5b0a13f4d43266b09386af80eb528c9bb8e7ccd1cc57438ebf5957	a7540f3a8614af0f5db76d0aac75f1b979d9391db902c50639637a5637f87878	8b7122212b0950f2a48a1f10368240f0141a35461211257a550ba17031bcbbc3	4eec6528b4e63b0cb4159090796df86416acd58792884d008e5f212d070d373c
928	5f75bd2b3a84266df2b55c2fa3e615238e97c1822e4200d32d76af13b1994632	c1e6329960843dd8a36414e978f56580063736ba03d07170ea41bb361434906d	17063be8c00574b2f17f0d02dd2f34d2dc568bac171790a88298f409cbd2c616	be5af992fd52d46bd2075c1059a636d02b36f9cc4b34423db2cf1b66ef027ee1	6cbee907ee47130a20dc7463c01d31afec582d33dae5cf79bc9616d8063fc4f7	17d9e0c4aed09c87d68097f1378c6c43425809153c95e39b796805aa9b799655
929	d4742a2ab2661ac39a6064b031fe392c83b1bfdb42777b56626fc9212bfff495	67c10c8eb43b9d30486a0297c56aca280a68de897ed1015a05f035cc3b8ba3fb	122c24b67b1b3a6a4358b4d5dbae92ab448831afd684d979c0b9559c346d464b	de729cd0f726b2d2de74b8fd29d8d28422453d1406edb2917b85b87b305ba5b6	742a9fbdceae2d3d9a6f8e94c4ede2545e57ef9376fb303b956a8df604b6d3b2	5a65b96b7764864ab7ff39c2ff5166461c74362f993b603cbbd7cdee8d5db662
930	72ce786882693e23f371a6c16c16b10f39a1cc5bf1cc471d449ded1d84f992fa	00957c55f5ebab72f9f8ac30c261e7e706cb2fe0f4d8f4ea08ba5133287307d2	4efc3e8cb0783e3377eab8efc71d85d996654745f8127ab54b4ed0c62d0c4cfe	49c38e2a9a6c3a6dc10b71c42deb0d61a25c0644f8ec8a068740263d35d4e03d	b8d29c897fc06dc709ffd0766d3ceef86c7570715c142cce6761fcec235e1c0c	1f652ccc66dc85134a83101bf6cec5eed7a7337b2137fef6a688c300414122c4
931	d496c9a55b5eefcf4d04e2699788835bd875e01301a0717666d461cea2b96853	301ebcb19d96bf8daff155a1b0d9ca453c5a0a199568904bf66c9f03a26ec119	8ae3bf2d74ae3d8a2afc67d164cc189432383fdec426288c6515f4e981233bb1	66d6afc1c8bcb733aec3e188f1570e78e541aa6ae0de6f92fc5eb90655a7eab7	ded217cadbcd739cc844e56f9f0f724c44ae1f17e417eeca4c3af8a39bc8c1ba	0cd83a35377f09e409cb20eb70a518a3466f8681424528853dfc6cfcbda866a9
932	727a39c77757e3db0464839309bf4bffb109ba80b91bd0424b7e0f5ada25fdb7	db686c3733da9adf261992c4a292636bca23c993278114b3eeb764ad7d2b6e81	8e039b3d34009413d8eebda06015f8c6e685315e5a759e8468e400bb1ef4f345	3ed01cf6366cf150bbc731418a764161ef6eb02108887ff01a5bfebb384d9cea	8cb299de484c990f104528d020111fc589d2aa0fb28c1d240c6532bc31c55198	bff631686c02b153285b9e933232d86ef1de7af8d51fbacc279dcd3ef6edaa7a
933	fe00eecad3c93ce27a877f2936b5ab82149bbb9d48da9c96874c1514223a66ef	b09e14896d31d887c264d2449364e7fb9d2efc7fba2cd951818caecd2ac09ffd	35b8554f940f341005f2f46e9a2c28c73707fe1e9866c6764c0ef284ee1d2982	469e8a108dd9cdb60e88b2fa096583675c8416056eff3126faf2777bac31b687	68b15c450f89cc9380532148ce97c4ab0eaa5e8620b27dfff67abdb195eb9bf1	a03b2e08489bc06136a299107b85eef0673453c1a8493ba613d6ff4602ea421f
934	d27fcbd065fd51bfda603c7f178303d3a019183fd13e9bccf5d18c0a95a9c052	719856636f330d880f3f3e34fd428c36225d84aa91f49f94267289d896112e48	d01d8cd554b02e40fc1873f25e61abe9662a338f3cfa696acb53e2ee1dedb926	55d7e73a66d5a73e19f9f7e25f4b3d4f92f20447e4db41b4e067a04a607737ed	934ea3e6f8b28d50dcfb33359e7a5194612132ada7283099ded413c67d835bc2	4a56410c8a745a98b85310645dc7046f542d0fa8c37df38ccc5cc2612074aa52
935	5114acf3c2127146d3e9c07aca8b32710c3b65227384bae42e9bbada4b1d3c29	333d4f248519fd84bb7117cdf79900cbbbd1dd629217255e4ed2c07b19fa6c09	9846016c57e4749b702bd2af350fcf381e92b9632b7432e307acb28ae3e8a3c1	d30fbd06528e414cb7a111985ff1cfe2ee32fb289b8f798c41a13d21ec34cede	56a99d1366b879c973d2a91c7cf0b76f095c3487a8fd3f16452d2e67724ed295	ecad7a6b78acaf55c5a22cc77976ecf14f9efa4d72ff7617c67aea1edf547b97
936	87a3cea30bb38e888f13d916be32d2bdac7e94b1862e068aa1f12d62326e898a	d04d340648911856be0eb911fa7d8d6ddd3e10311b77f48cfc837ae2df78650c	4665dbb967e14390bae69a6c0d3b8d3fb614eeac0c7f7b31ba0ba4b85a405811	dc187433d6b1285d43e0fb7cf6929b8d439b9a0d68fbe0ea8369b590fa46f8e9	77fa222f2f43fcfa63e106ea9c75aa4eb9c8e8e63ef37fbe235d712c6baa5fe0	958f25d93526995fb8dda9c19e1317eda63f5769517728385e33773074319d46
937	aafcadc74c3a91de87a954ca6dc0e940925fc88bb6641e7252b1e488537b3aed	bbfa92282e8cbbd4cd9db4fc7aef6c10ba098da91fddd88221d83ccf9ffdabcd	52c4dcbd31c6f76f39c01cd73419505712143944185db80cac3fdf5d8ec30c42	813822ec2b2f62bb9ca5aa6b51719c7ec5a329e6e8274174a42ba1492b6d5531	f512345158a493c966cebe1354ddf23ed8a6c7b11b9518587da81697d11e2436	b8264daa50edc89b47c171e73daef7da0b89798a970610340d1574520f224449
938	3199d9717648d3c773cd3dd106e262be8b908a3d9673ce461ea9150eb22a7db3	2d87b8934f2872245ea543a7836d55f69e2c7bb2ee3c0afd141a5106b2db3e93	5a78d0fdf6f52ef8d5edd680b35f76143a9f145791350fe5c113551e9e18ae9a	64ede17af10596d5f700be82d65ce42b52fbf680e99eb7a74cfd4d2d5bf853bf	91d77695af1b59338317911d62328eae450b1b695d0ea1d5baad0480f86956a2	986f40532e7c1ea1d7fb7339d6e021c3cf17dd3f9cb62c7d7ef14760cbec1f96
939	5277a51c4ea37f7a52753f715a63fb7af73d430c77cc2e0b2a076ce661e91f9e	8951b9882bc052c29767e5e07d03575886e3ab4fdb2f9b4917d24a47c6352786	d29e493ec1c7ae82ed7248b0c0360e36e3bd3e0495a0dfde83a52548a989519a	b05f8071dad6024c66eeed347dd79099aa33fac7823e8e1b4f561525c8b6589c	51d0165e0f0bd0e8bf2aeb75f5c4c851ccf5f2d5f139ffe4ed4cec963f6ea7d6	c1ddba966d6ca738735da266309f465cdc35c4c82da76fa4033526953caff67e
940	08565c5f597f0bd5f4df69b40f7717a35a4c17af2616be765dc754a1cefbcbcd	860c029bb0af09bf78f1e23ccbbb7293dead4017a8fb3c4d4c1ad391c8d354fa	be5e396098249575cdd8fbd31b794e4693401fab5e2e993c42b22ce0815b3411	f882aac2d1b078dfcea515e44dd88393f28fc4ed88751b1220a898003a61c30c	13a51e808faaff41ed905b22ac17f6c021ac6bb0caf7f8dbebeeb65cf07634d0	5181e60f7fbc4758875e09e94fd59ac6bca7e07a4a4f2f30ddf8e50ed1dd943a
941	91bf27207eba7fedd8cfd643eac8c8b1cad5af25fe806d1ca9a4c1815bae88f3	80ad0853a49a16e870a5e1b108297e12217ffc4021df797d22ef080f343066c2	67357ab5a4f8a25b6f23232f8f66332ce310cf04a5cdd8815af071ab79c1a558	debdd43ad9167d9b92b1d1a17e54d5a9fe9018a06dff2dec1e370d10e5f2229c	3f0d2a9208bcd4d573dd1d16afed7791ef285524457fddfacb747d246832aa9e	ed5139666368f3bd42acd05052db96497fa0218e4b1cdd77541cf1516a84898a
942	0bcc531ff6fbf4627cbbb6d64c16571952d162dd80ef6a0a1380076f4ec269fe	7863c2000fc05dcd85a275deebc39446a73a075ab15581b7b1a96f1091157dc1	f82f7d326e06078fdcc8eed6d0ad8eca050d8919c262285ed8b70e5045d1dac7	d0b2b9e0b184b4a950c7cd513caf2e18a2aaceec3d947ed3112383b62a61a1e2	847dbdc867e5b20c8dbbe24648309b4cfcebf472a4d29f02dad7e7cbc7fe5a59	f4d27acbc943d5d3fbc45ab4fe866f621e9efedf00e7d94a90bc8336b85d76e6
943	ac2f92eab81967bafc21d8187350b38dcfa4d248cd1f8e04bbc48ef59c313d9f	c846211e553da3299ffdd5fe6af32a513ca05b30539f0a1b136d2cfc13012f6f	6f3a866e61eec7e07987161221d64f8c32940127054ca39cf4bc38ee5ccf74d0	a604428c32925f2e9770145ddf5679932a846f1e3d3dabd820b8927d9b416983	8b0b9c8847011ce02120817ec59a10d9d68c99760064a68aba10a0cdcd8c9566	d1a461f23baa0ce911b4486ab7a81b1304fb823f59e196e9afbee8ce61c0fc60
944	95705b3eb6105b2d0cb06ec8924769dfaa4b51c43f90814ce4751d5b4d12c18d	20c96feedf65855ce29531f380f6db12b36e1b71bbb44326bd52baf4917896fa	d5e994192841eb7c11b19069cea55ef145b51f7169a4db370a5d7f3fe3c64521	48b80ac9ee8723085cf9777d66f92208f62e19a2bfe9d204bf7b1e835ce8ba9b	e245b72ddbb894e3c09aab3d3aabcc2dd7b1d5d8030a8f4f3d7d6899e2bb3842	6dd0f32ff1c0081c35c65968db1704695ec0c2cdc0c8122aee93e0a3f4163ad9
945	ded6b07a187df897bbbf6ec0d284675be1f29c5a183d078dd56418884a9c0392	3d92fd5986567b0446d5136696c0fd20f11626c064eba2ea038fc3b10d78c6f7	3c2e5bfd5f37478009e2729a57320e29fa59bf2e724993404f3221d7db1c831a	72d5da136cffc8b66b50bf88eb8170a951adf05294f3fb9ea4932e9905eacd21	0be0cecbecefbb8b73440c22a2c9c17898168c6568b2d1692c575282a734c8b5	0862935c16df83c7adae0fed9c03ab90a6eb84959d6ea815bc95b9358c747d57
946	cecf8538f18656332b8bcebe8095dfeb11b60d894864596d46afdfc31d924fd5	ebd96a87dac38f74da301be64acfeac84babd9b3b803e55fd0282430725f4c65	991112236a18591720c035c3ac462ed5d0bfda345f28431a2b5b6047f5f50f00	d5f7ab22540196a275ea378c9f1f0347884cd9f32f9724d0b4e3b2176a907f70	dfd04764806e0a78312c2a7b8d076dd9c5d34a09c8a108350d3810e535391ca9	62a160b317e71261a67ae573be5c29abad3f27630d9c066b65d65b71c2d32a06
947	a4bc74ec2634d0ad6666441e00b8f70c67e76ecd9f2b420b17de1a8b63c45401	9aadad1a43a270f3b236ee0401edaa76c39517d8fb129e155c24121049c2d0d4	85d50d603c87d705cd8528285aa7a1de6777578bd9fd4ffde43e3b3bda0b1cfe	eaded0681ba17cc08949984a9369e90945ef9816e510d8ff4ae6d2fbcd9e9a96	2a69a857d0665b0c678ca3171afc39af7941628cbb60d2fd49a704d6365724c4	f6470b62f8163d8af118ecdb031785f914bae717363135ae1c239bb05c75ba8a
948	8c966c6e29228fa89b24819ef5d3caab2cb4f8ad0ba78f53be180af02bd9e171	811c00e3f7a7c606b9c4d0002a12a587ce2a1a8fc2838b96bf6d6bc511630a3a	af09624559ab68e91bb4630ee76d729d182afd331a02196a2dec7d10e8450138	253236a757e58d3905d3cefe16f9c351efcc72e8f4b902fd257472bcb93139cb	1bb464a4dfde55f5393afb15ac9b1607b9686088f85b5abb4ddb83f94ffa09fa	46ea77b234f05ca8815c48e7eed26d18b020b52a1034a1010e7d9beb2bcbd299
949	3df238948c837e90a81d9905e2227f0e016e21c6edb05f5225f66fc3c0d4d8da	56a194dc7c00b9f50c3b6b35deab421c3713e3cbf5a66db7f2c7edae2073b46e	64749426db93884542a2d91319e2e0e2c22381572a825d610ef01e19f9355951	6c5f8ad9a1de3572375d7159aa57f1e923f356ca5d4eacf7e64d36d603071003	bbf659a3288c654c82830671112493a605d84d5a0549c178353246a20fff9566	a8f5edfc224e5d6d42156e0fd7458b5c1c0769c1e06b605be865e28881047045
950	7c5e57b3a12435fb31aaa5a6085b48bd0cceb0eac6ae18fcdfaf7851373aa50b	91ff6786087ea1ffc79faf411633958e97a52e69abcf049db99d067cbc9cbb5f	2be540f81d0146b74ded294e394d7e645e206a080f9b1f51cd2b25461712583f	bba90f516ba2a4e14d47b2acdaddec731e454b4c09f99d702640114fc768aee3	82322f68b4abf881a6771a9c29927b09e3f2b1b5e94a5faeb10ec023b7538fe2	ac99a9dba12dccf15caa4e42ba7fecd99ec1e11d1b5b71b56d969d1b75ee6979
951	b215a8dd089d3c867133eaa2cc66c3b4cc3d90ac7bcfc22cf644e6f063921027	9004234ee9488a91e87f102a1f4a590cf243097e9a195ff977a5d1c8719e42b0	354695a5a425bb8b5b7afc28776e21e87a76aba085b7dc0be981ff7c16f14c01	b2c56745ed4bfb16aec2d44fb608f92e1596dcb53adb8bc196d0edd8b18a3a4a	e4b281a2265328fda2b898dda9e3d3524d60c41df1d4c86d8e5b8535437c332d	a157cc2b3c6dc8d4dd425dc75efc12223ba70783c947c40d2cbd91dff67edd6f
952	6b7f46f43ccd8cecc3aa060bf6bb78063417695ccc91b317f1fe7e0286b97733	d8965c921c88c94e7f4032c647a4fd44fba331d80cd4f0e8e39b86c02ab22d07	5fcb6d57eef4ea8220deaf3b22748f55fc348604383ed2d1f318157545ab60e6	87ad287476e009baf78f30a979df67e1721cd24a7dccb624c3a3c96f078c0f9a	14e44bed118ec021161c0f8c0ce687d28e48c2a2a05b1d900a85e1dbd27855c3	3edeb784dedb2a268481096947609f66cfaa4015540f1050c486ee82afff254f
953	8988a345b3c9f2b0871fdcbdb85edbb625938b49295ae92ec7aee7e885584ab3	87447a8114a576a375529fdc8d635a5a1867118b1d0f224eb02c559b4a09b3f7	184e64af9b8b2805a8c94ed55c0ba9b723b4248d63f858082af330c8984f5a6b	22449e9dece42fc3ab82e2cf89b198fd1a38dd81271d524e77db5cfd6a89f356	4b93252269dddd93c2d84d6897f5dee4ce576ac69938c20e70d887b4027f3b02	7fb1e7a3dcdb4365aed141dc1e037c7dc354b7c71b0dbf13dcd7d25b5a3426f6
954	7f871629f7316b4a3bd808298cd007a71a830728684e11f5af9039921480a744	95a9ab5fc180604edd6fd67c441b67df020fb3c65830ae7a41d4d6c0c00ece3c	ad721f85c98a0940f4963f510737fd5fc665d2c5888505207b6c77306e4dfe7d	93d96559bb447452e1161490c5988a8e28d4dc3e631c8bb3004b6bf55f0907eb	2a6ab8c65d2c21a8a9ae62d4d838e0e90204d6205ffa5b98d0af49e5dc885135	f11f0a79838615f50ece474a708ddd0a63f7dd6c57cd9865a70a2d4d249499db
955	2a35c64c30da2a68bda67fc745b588e979d3f48e5dddd81e0138adb02d1af7d1	89bed21dfb55b27db467039bae45fe0fa664c44f598009e53b38f0cb02c4acec	0b99897137ea0d15840071a594692fa4edff2ae0411726740ed42fa9a06a51b9	5ee32dd72290fa09d6502bcaa8ca7fddf9f4f3a8503d10899bdeb7842bbbce59	2269ed78971da3cd9c89473acbfaa5713364008fc37d83295e2f6d9fdb62f4f6	2668cc462cff899a757584e86fd8cf4e6f7e9ef7d15fedacb058590b4d10f072
956	ad6f0f90bb148211e13d4a42a643e5870ca585f5365541d5c109eed1e7f0d7c5	601990e46749d97002c4cf9f534f725167b6e47e6e0ef8365087c7293fd0b931	425a9e20c4949a07abea3aeb3fdc5cb55bad51aaa7d0ea943d77949901ebed44	d9541e50fe924474ea5417ebd2b4741003897ecbdb64d111241fcc897f56b796	06507d8c639171e6e19ace698548f6acaab0cab9c46e111b8015fc4acbc77114	2c59884a37fb448ea719393038344c34bf1e423a7fc7c75f188b752cefc6711a
957	f89b69309a95448b0589764c7703ad9176ae62af00c21de352c6ee577da4ecc6	b3a18ac79e7aa8c6390d11bc08c965ea90c16f0efa6517a096502ffaaf14ce8a	f9a2bc040d9996e250d73bddcebf37a44be3878f0c0d32f32dcba3543f0eff12	bb7a868257b17d593dfb0244a7b4aee0403f3fb3df9b9c034720cf5111700d10	3cb6d40669e2f89d7205209c77b3f8607997320df9d93e19beea8ba5990439dc	a3732f9a62f117ef4a37a73674fa0c81eedba20aa8c7d9484087aece3b969990
958	d19a0100efd444f28aab0f0821a4dd5d30309698bb5a048fe1decf8168006ff2	1c6e4b3174a08d64d2890160fcdfc64865e3f58370d64555d2c03f81c9418adb	77e171a00ae5cb14fb9b8b4d6b472b513a93370dadbbed4befce864479da8fe9	7d9d709a38009fbcdcdf666e93240160c391e4a8425a5a387891244cc10e0db5	feec0cd6af7e5b313f9b02c708c4f25b4eebe9b5eaa66db38492c83eb16e7b06	f3939ce8926f7cebd01bd6df3abb7b5ac3f2259cd8aea51562d996017a2b0bd5
959	37f5f39b3b9794077b2048eafb3b5c5220c5b4b95821403b1f1d82805b7f5b89	1bb3bcd75091a592d2f944acc05649429dd0df5b626d61a37a2b5ac1415a0a29	610853b93d6b5a71d55acabc016b6df9abef29ed9efe15a49b2b1b77418d1b39	c56b93824c68d2d553e0151396ab26898cad6b8020f0e1cca1aaf702aaa8a572	d8a1d7e1db3b28868ccb88320c709c34a9403eeaf1071c63a7bf32f7e3aa81c6	c76e9d17ed0a72116614b63a27e1642948565f26bb77b09e38f55f89b8a9f71d
960	1096bfc6fc907acee331fd2ba6412fe86bb58dd7cfe956a542715d47079ee4eb	0953429dc801c1521eaa8f6be7071d2845e862608f0825d0202a7800cf903337	6a2dccc960b7bb36e99a0ffe081b6cc4cd2af06aa99f0b72166c18d638a41740	2f4f8b9476916fe7250b26224d03fdbdc56dcb59fb4ea54ea00b2963ff66fa1e	ba3a4ae9b254f490e641ad7c387ed4829a73d2ea6d21a79b7b1abcd6a10e9ca3	3849efaa19af34f16a8d63a8f226fdccccd76d50daaf4b40774292ec62783058
961	6c30ff3bc0d4bc744f714a47da8f9d1d0dd0aec92f4bc71ae9f1e65befcfc567	d1710daaccc750cbc921f7a02ea642d83d3c1d8aeaf4eb8e9f0fa74c9a2965a8	b36e0d721dcd7a8c7809925b274bb6d2fd79b6d2c045be3d265de821cb24a838	3feb34d978eab1377bc613ad0649a6b0d44e6254dd20946cb32d26e865831c83	fe7f07a668e79515e4a6a4660fa80cbcebde50c232dd3cccc23410568e9a50b4	180521c538475a78c797db8f83e8c1b5fc9650a304fbb3223bba14b57df63d44
962	7906f653203a7d56a1c22fc25eca928a346ce7fe2d2ed85f1809ed8d8a4b8606	63798eac347d09238c1cc504fb28cbbab224ca4b1de857c7990a0017dfe7ec06	f8bbfa8f71a76484716a753daf3c460c330747fe4b25e508167075aae081bdb7	fdecb1b4e50646705e16b11b88d85509ffa25be2ca2dd188771cb7ec66737725	eef6e8a671f60c71e60dbc5ca6f5f997e74bd6a78308f005df9ab29821800be3	3edb7f5f7e8dfc3d981b3ed3353b50da94c55383f3aa2b818289d11ab0f5b593
963	80134da4215491a29c011ff48bb6cace74076d0e6eed64714075efb15cfee81b	c6e12447a3c32e2a5e9a76c42b7dea4517f29d5cc477e398fba319198667dc39	487a97c0df72e82a04c219654d42ac48e8b6fae61b180878ce4e4aacd029eb6c	85450f72f98a7e0467fb3d628d7a545f592765b2b31377b4887f3306c9bfc104	0e0dec018ea1ee45f09a5c7b8317d215de62a085f3f160c068039533c4394dca	0dba632c4b68f9cf3b8244ebfb4a81833a73dd26cc1c9b908871ec51b4e1ef42
964	9e05ea3657827210d5571088013232c7bb87a6cad59f8100575e2fa36c8b439f	c14aface646e01787ea3a7531811d36553bf33c66811b50c93dc4057db10efba	095dfef697122a5e81c3be630ac7704d019ddc21dbbfc744e2441c5a0cac6117	24a8d8e170ba729fd1f0e3cb544998db4d42fcef11a3ac62c957cf88b6bd5879	d4acfd69d13262d31f7c49ad9f54e58ab40b6bc8075726b37d0ccb5a6f9d268f	8de5b512f23136c94d41da07675873da926cb4693bc5b258b6a83a5f0e0a8540
965	861e1e75379ee71a650006fca95c77b835e08a994747a416f50309b1794f5e5f	c85d8a9759ee41afc71111a3bd34654c8829f2c45a7c66f85d6d11a09b0d0897	e98c1525e61d037a1b43bdc83e02e90cf48c368327ea0d4d4d9c089e077aec41	4d5b557e08d2120cf1ed3481b9ff2bf3c1cb61a12ca0024e2a4dd5baffe6bed9	4af736971f0bc68bac3473e3e26c300dfde563ad24b0619a99c15df1dd777330	5af8748569df90fd76b88376cf4317c2ed5f1950c3d1f791419a00a7cef361ec
966	d26f07d23ea8f26f789321b5a98c052d5110f2224b7a57eb2cdad1cc1511b975	3a1b36625c1c302635b73ee4fde7061cf32c9f42eafcad74547ff9503bd54f87	6e54e7a84791a6d0e4a61f000ef80588548ba4c66a5a2771ecf4c8bda8443d2e	e3d72e113615d0558b44591dbb0d06555fe5523f60b0c0d47c84c5db50e77ceb	e4f866be1679b47b085a9fe03c951f6c317d775cc7c4c27f3aaa3ecd81558502	f905aa6f9810a47b765b96804236f2dfb09f08f20fd6c8f2ba282dcc232edc8d
967	b840ba0cc2d7863ed90acc790c021c95c0968bb0c028401ab1004ef964e6402c	99fa92000e9b2a3abe441d307f0be2eb6e73582d474b32ee3f7f795b1af344ef	3265008a5e3a5e95bcaceeb20af9c3cd1c1dfaf0eacaf3e5fce80720ac6bf287	cee8e470fc88b1993d49ab9c14f3235403fcd88559667aea8715a4afe986f9b0	51e3c4940e63408b69ea33b10eeaa9c9460149f9522502b527f604f99cbccc12	4710423c54c950dfc5f621216b8e4249cda950b2e022842c2fed8468db5fa334
968	acca5f01ae14a1c472129e4a223a60328ba84b7e8589cd2fe96b26cfc187958c	ad528280398e0bd412d06eab2e4255b67fbfa2a0d98a11df41ae9cf38fc6f87f	6d64a04071b0ec582b292532f45273c8b33695c23544a954af8a43e57a95ed16	9680be9e40582faae12148da81525c2d179eaefc90aa9308c89c85b56376d15c	3ca229185d1272e66265259fbf6e7224f74fa376bad79642eb1be26191af940c	535ea5c535cb1568573d0caea0e0b1b40e7f87e61f7328529394dd9c34ee0fbb
969	db5e40aafe27878876dcc3d73de658880b28e145638010b4e743d62274d5d189	59cad188fd8146dcaa7cd63313e9b5bb6cc9b6517849f8e808868edb0ace24fc	941fd32bf03afb7bf40ee3cf01c07147140aa0682d29c8472766a3cf1b456d12	9c2b936a5a33861586055e344ec288e1f8dde4bfe3f7a8fda28a6e6086ff35fc	5a19bd8435a1e10fb94754757f50ee16fb49dd276a426c87965dd49a33767a76	620a8396a53f23c9c1c4648ec565e3784bc1b4c84ecbf8d798a5f4f8370d19f5
970	cd97d2d48e76885a2f948c955fe7cb6f6f2b31c2035729052601797ebc4b39b8	8beacfc4d4cb623a02daae062dabc83d9b498fade6ccad39e7cc9a59b4da0e3b	633ce57a726e16f02eb217f777971a952de0f06312701d17efe78bf24e40e6c1	5ef1f259226b8a6e35e1df9ffa1c7292db16c28fd3a5b914b91d7dfbd4f4e209	ad696714ddc438f4bb05069e75e6dad863b8c23752362097e88f01130a428c91	b2c8803191cfc47249f79d99a150a8eb7c3387d2ff5377b81402857ab4803067
971	374d114120ef18fd6d8dfac1b9b6623b3d93741f320ad4cdd81740282ce808d8	85f67ea63e17be3601a3efe9620590f22269e033b6253722116781777bd63aae	72e19ab71cd106e0f02909559f60c45390090652273cb89dfb3f901b8159a564	4370d1354d0b783862536be30ceba42566f38a8e280a452fadf58daa7304673e	c8e27bdc88c08c9057547a20b1fa0e495ce3b04c299ca3c00417e0a110597321	eb4902c1ac9901be705f1410be6bfa1eedd9c300609829476913b1b8b49349fe
972	c840c56a8a6ee7ce94294398ef62cfeb79b95a56d557b44118aeee19911a062d	f7c49fcfb7d35927a4c2f1b046b28e30a6665b5044aecbbc9df9633ea3e59f10	865f21bbe1728e8e71c59e431a7e6dca66937fa9506cb60e5b3905bfb787f7d7	7b0a7675eda39e86ef6ad35cd6f35c527fdb26dcf8a2c87471d527e1682f5978	99f249c6c981d9e6e448617a7fa1ced8d2929e4e05bc3f441e2590cea7ebd809	c335fce37cecf3558af3c97ff27a58a868508d76081bec0eef79135a008197ad
973	0628af54330376b1e3536ac4c28abe7affbff63da421724d3b2d1e280a8d5962	6f7edb791b7b76586514fec5e2cc98e6d75c4571c27d59f91adb11957a41a7f3	bc4d77fbfa64835d798e3a90593c1077af4ee4bf465a2c78c505f2704126b53f	97c31485829a38146735e79fe0114004670515cb1733c09edfe9d3d35b7839aa	fe0d963203958ce35a91784182fce8bd49746cef63e01316d6311577e23f9837	8fb99b56e1ea6a633977c1ca5493cd1c0d49cbfd9116ccbce251129a6561e23b
974	a49b23519b46ef2020f560c824f8559d5568c2acbc2ec5f9754f9a3a9a53c3b4	85e11979ff49247dd243a082967329f8be76ec8fb352f711f23fb096a4e8c65b	05401b0bd99a259fb7d45e42d2f004631ec9ad89b0cbb1d6367f460ce366d487	05128ed8fde814c183b68d9eb4f8630ad363604aa66cccaafb2bda3f1bbbd125	4f64bd4aa8130f50db210996a308ad023af9037fdc71438f6b1b6568f8d5e0cd	ba7f7c2adcba1985b09540c89c59b299cab49b8d476cf8eae7d32b53fbb8a1ed
975	570ccd87be330212ff6c1b41f71f14987cd3fdf014b2445f9586fb787c541e3e	dba3042d1f37eb68f3887bdf7d996daa5443fcf01b3fbb01cc875cc86182732c	25b63168664cd5ff1b3cf12c9055c1fda598dd241fe49a0536d1a1081d0d6148	f2ed008a188129cc705bd6b92544b123caefe7011e0d5dc9af5fbc6ea1933a7c	a81fb4179cfe9cb67da4b0fb7059eaec979cf356cac25c4ad3625608fda81e3e	818abfa48fefb0a3c25676b5ed64518278b75cc9705e9c816739d773c46d7f57
976	948142be638a3f5b40f26a84e9979d3e6dd6f2ecbc0596a5a7bedaf935be5fb4	67628f9438b48d7a13ee0bf326c7b08f68fa6e610296f4ad87ce9d0897ef2570	b617e5009a65a4cba72d3fec72bde6e3864b3903f8d453287c1b7b07abb251fc	2324a2a1847b9ca694eaa168d172e3a3535f963a4027600dabe7957ebfb26777	badbe8590260e390b3c1f42424072dc222231f6e9f278cb8d6f3b8e5e1464689	93808a26008a477537057e592e216ade7111fd613d4b074e76fca232b0b14352
977	80d8dd23000f0ebc076c57f9c0b3b98731f6aa7a0be40e97f12957f88dcd55b8	33ca0b26b38bae532bdedc5381ce8d29d941cd9cece25458d2529833fe1caec7	0d0a0260957bfeb9b68bccc704a0e018206ac14827afb33e8bb38432fc73e9ba	732647535e9e398e232d99c2fb2a92667770af7e9fcce2deb36658c1392af1eb	234c5ae1952198492ee2a03e0b378b452b10c8fcbf1fbc055dcdc9bc114fa822	2147a9ce51b29332e4c80fd6387942436a6e7b49f5766f433f0c770672054e67
978	33e9aa43c7867eabe81c2be70d3686f3a713639741b09368b65217629dc1f674	7d755cc3d44dca53ca867db2a7bc75bd9662ae2508a29586eddba83e0e2c3028	db8f282d0d8b60da95378c154fc522a513874bae8fc70bfdb3f44319b1487695	76828578d7d4681a829a457524da2e6cd16b5c1bd3af9482a1818f4d707c92f7	b974c634a000576bedc95fa105b3e4d1a7f87c0794eb33aea8dc5422b15c5ad9	c0ac61b1891a901c3b3f3c49e67b3d7bbe3245b10353932327f6e4ee4409892c
979	680e961029297d59c44109d7b104be56aeace3192861a347a1faa36af10e418b	8f98f7e3143fb59a6e626c2cac894de19e0138ad4c2efdb09dba8a799e704f17	d1663e668e29a6ae7adfecb4c4f26ff4828fccb25938f12f2fb7ca2d5a77794f	e3401695b40f2d8b24f9aa79da388a79d27555bbc7959301de1db8007daaf2fd	da5273d8c234b24fc7addc402ef3278aef869beb68d412a685978c95463aca8d	6387f53d44c2d19dc18fa676ef4b0aae66e2a7c439724e4ad30854d591e56ece
980	28c399aaab3412b464c2b962a0eb0eec67cd12102f77cb4a34949eb44497bb43	418d4cdd6558f4d6373d31899eed1c9ed33a25aebd77cd00089aed287737f104	d560ed7c30ae94abf090788e647ba8cb612bb24e79448268c986773313baebb4	fb266254a486e3d68e5de9849ff255f6a8d01a2369fa75ab841e97ab42dca041	4680e83f6d1de90dd6e89dff9370c50ac9045dc7c0e00374ab64ee2244beb7f9	3fde30269426d5e0f1dd652ef6ea47b03afc69830c22f9155bdbc8f2a71e91f9
981	02d65d2dead59a9789dc9badce301f37cff70564fd46ba38ad59d4d449468d40	c88f5ef8434a6d9376fb5c1facd2cbea499a49eb4b963d08234bc73ea15f72a6	4afc4d891178ee27fc7813ab1a6314b56e98305569edbbabfd0d32cbf2bc3f01	58f983ef8724d05b707c83e77d66c64797fd5300064236dbd7ca4df57186b112	e694c00d2872be461ddc8db5ff950b5c84a4f6224d353cd3d2355504ba5a229d	f0fb4c634335d2d9271c5a09ceb36a7b7781b59e7fb9ee35c07311d43bb8669d
982	525734200c43a6775b5a7333062c021a7597ccda966fd230a02b5a02840dc9a0	8f05c0978e1e218de1b7c86797b83bd21bb7ddb9d6f48288a03352255cb6d552	1298302fd4f11572e2de0c8dc857c3d26a7421d0fb775e60646caa18a946d3a2	61ffd0f3a078a164d023e73b7eb03af0f6a985a89eaadc3a83f9f8e1a55ace76	2917e192ea6c49ca0027fef6ffe08e9ee243c3b66fa3ab93b07ff3cefc942dac	64dc0b1efee98837fff4f304da0e2ca56a46fb13bf00121141a69f432ecb97a6
983	acf9e1506c400791e987b5eb9c2778c399d635df0ba805cfbcc3d4179f59d4ed	f011ef028758b17198a2d8e52a7510dc03735ae47b8d038633967952ae0595f9	a8bc866f3652a887eb663486d65432089ef2f864644dc17595f4050be01eb94e	ab5072d34003b31d5c69da01e954a8bf21ac67096441f0593837dae02889bb85	028967df905e80b74370845051a0440a74bf14751ea2ad35fe94efaf76ffb2c4	d1ba09ebc813275a4442c9ce076f606b972a6780c96419dca3c9ddaeb18f1ccb
984	3722792ff451257b6043fbaf33b33d34242880e9dddc4d331fdb606f727a693c	6c9dfbe072fd8dcee74485a563cb6ff05ea13e40b63136714dce844fe56991f7	f2d010d453405caca0bb1bd4974d40f46210bacc854c17819c96b76d3574afbb	1b91e87efd4f4c422e7196db427d1af578f400c5e22884180f2a70c34960aedf	7061a8f684697a30fb6e1162d25e904d77d20c18c533c74efd073cd096b9301d	8a91919775430887ff2a82ae14c4858abc251c7372d19cd5a139201077cb338a
985	b5d7480dba227f18910b756695ccd393c764c4ebe26ddeb06b8b652799c6e2d8	18c9c8435c5fd2fc98aea4c27fc0895d656b58e0e0265eed32287eacfb4f933c	008c450256744e53be5590c3fb998aaa43917ace1256d7f5908e2e32241939f6	984fc4b298b4ce8016fcd5a192b9dca2f7df6047600f42051a7d81b01559ff31	bd46df4f105b715972bfdf7c358a40d50ea048d54541396ca75c9aaa47ff762f	3278aed9157383c5e085bc92c85feb34c656c61dfdc2da2131eda65b3f9fd638
986	3a05c3ece488e16f1a4d0f15353b36f6f2f775f2dd8c71cf3e7b2f6a2df3564c	1bcec7ecff6d784a51ee510085259953b3b74f27f40cf79d4e2083195e6e4e21	9375779715e1b45bef98461650e8087ae6709547847b728e9305405375a5b506	23aa9fad0b37352d08a768fa18eb969ddc5753f465a8291f91c185d2feb06c43	5e5fc7fb03055cd4a778ac78b6b1dba110fc64af1e1435816044402d506ccdff	54c7429559467920a517ad000782424d4928c32f833915f37a6b56d7dc35fdd6
987	a72ca5120338570bb16bca1c7154460a590667c007a34ce1f56212b8118a1e81	8aa5322d45101a0b040692fc19c5e6e201960b177b5b2af2f2fdf1111df44d6e	1f3233ec14b9bc05e45644c5cc7bb3678978862aac620907c6aa62450721dde9	3c097799893d0581de4a8fd7da6474f616a959e0feef917a1c29930ca8c9ac91	bf1613ce15a1fd89afd08458567a31a1b1e2751074580d3129e953d601781d5d	21f874639a3f8b4a69b78c7f6a7e727713a590bbe1bd2c8d1abdc6e7dc3a27ed
988	60bc6eefd641dbc76f170927afad386ec166111c87229c762b0ab810f8126264	ae4b383395afba6eb526788e6c3e866cce778df470d5c223a84ce5d859a6f73c	4a945b1b7c83ea6a809c9ed0b0cef8939376095060bbdb1f4ebcf48c4868f751	c5d9665c645832ec7e00d8da5b9e1cd130df21b4cb28ebec01ef10f19df2e026	633881a7f1e18161a4fd1cee363e7bcf0e95d2fdf645f29fa78414742484bf06	fe60341b59fc0db5425fd3ca116cc5de3b00fc632a591618f984bdaaec4e12ad
989	a55075308beba8827b9cbf43b925386f1c3cda71d3b2f167c9dbbde23ce54ca6	4b27f9f7a906d4dd87b532f915644c661beeac4c6d262f56d3a3e213ffe698b3	32efe73266566426780c7af8a67f09b39f1e857fb681d25c1ab1cfcc99caeb1c	f860d7a678f903c78842af6a432e5d3eca2b792da51c499ec2b6c52b1fbedcb2	acf1e93a4e99dac26a6a967a6409f02ca4386539b9d62459c77c3ebeb753c3d8	bc002b10bb2385e984969dfd73b07427dd23b5abf66d56a54a668b5e9edc91de
990	a93c0b7010e9dd209f1faa24bd91f83ad750aa09baf2fa6826da9ad998df7bb4	b80df296d909bb0b29eff7b422a20b6e902a50ede57617a0d45563c64567c0f8	a8e3e1e79aa8be15bcc06982edfa5310ea17f997488af918ec82cb07cfd259fb	756b22626e076cab84c50d09b031b08d1e0350d3eff1ec08a5dab25d8b5e5b7e	e698029a7501a9b1bc1d0e48a723e58bd3fa2587c1ff243545b3dc411b9eb58a	e415cd5380d393c8a15b482837d3bb576d716a4dc119b6b07aab67e049eee16c
991	9aee5c69a8147d06746d2d6aacf45ef1d08cb84a01626c45b18a291d9f011485	db453dab6bd08175ebf80a1301e80c974f39b84cafe8c20335118d38cb6aaa09	d45cf506a40548ec9c0adfebd29b6dfe86220287e88c649ed4ad895ff15a5d9e	29d056a59069e54da5f8faff264f40aff0f51c77ee016273586ac5a92537346d	9d00841637852609e6c73f4c7e7a0ba367affc74da944929eb78f39068c8d7b3	fde94f3c58e78b0aba72edd701d20bed5d27a7e0c38d87847fc1aac0f14eb3fe
992	33c09b08c5d9bc2d8433bd9f36a0573830a5afd20de2b36dff41c698d94c326f	fe735ae76c904f5913d8743a499d7a49905b97788ed51e1706f282739feedb5a	6703c6db6b269bbd2c0ddf9cbada3bcfb750d0dbc507296b6c1153c5e2f818ca	0744ff6940bf56310f41a8e452753a3472cc6a5cfb1302fbda531c156e803567	9cabb833aa6945125ae61c2e0c43f4a3df93f35080ff6d9eb7bc26ae9e9cecbb	188d7ff5d6a63599c2b3f3be6ea539ef49317ca5d11a365a0b457b130df6a764
993	187dba0399f59f3163d525e823dbd1c5bd2226bacccaca886b101c7c535b5f5b	906c69f794fe46a3b7ff704796bb4ba80124012af52e62ef9099f2f7228a1db5	35d577a181f189f8ccbc2511f8e5fe0795a0c06c0d7869294d33e0e03b4dc40e	0713cd57b358f6f3bb12d1fb9fa1a6120f242d977ea3c611728f3d56d4361af8	ea8193bb6545acd97aa5020b270b742949c2b56f95a36d5f8938ac5681615e72	e21e44e7232c36ce1354ba50b14b2b58313b72db8dd7a50882c5a55361f2059d
994	9b1c906bb6ca00623d38c7fde1989442353e3fb16a2278aecdf21c893b346576	776bc532b8e8a77cbff3ebcdeb8693528c54c5520816fa80a4fedbab78747611	6cac5ecb08918243f09254061dc6329d01ad72082637385ea36bbc001039bc09	d16f3fb2b8d1305c653242f2517668e3e2494cca20c02fed7a7e9f25684e137e	e7ba4c7a6420820a632c95562591ad7d7cba905a451958a541ff2c5b652fac64	9e9408f35005270c6304a00910c352056e53650c198b1ed66e770dbc4019bb4c
995	04a96d23a42018f214fafc6fe755f87597473ec588a662583a2e375083b086f8	f3e624013eba126e8846c5e886c77cc8284f80bf7cfb13fb512934c4020df89f	fc38aef08f7e8b1eccd0e35862cf305ae94ef6fc8ceee40d6c5ea339d19f8d85	c062832aeb54735dab8901bb58118538336d71d719edcd7ec0fbb71c0d51c7d1	c526609c0cb581a040c76e9564fad2c8e208f71bd638b00ad2498051088bd55a	a6a6edafdb4395e52a7a340751d82d916652c0002744e81ce47fd68bd2f77c1b
996	89c49613292a1cc160bd091072ca54ed2d8a6610ec96c188b59a162ed452160b	60f196bb903c8179e710ccf6f8302940768cf2a22cab680da799b2627a891917	a929f8f444ae38037ab7c61f2a54ac3e769cbd73e29694abbfccf874bf61da03	b72321d77e51658b2c659a2097037b9ecdeb3e4f4602e4b87e1e31c1e549b526	1759cb8a35ca7e8978993019f6bc3acc2124354ab8297300288861de6b0536a0	9da00fa253c073c97127be802d10bbf1061dd6d0b4e55132682db9ea0d97c9d1
997	85cc6f3ba811a34f4d490dc4be81c2d3a58c86e238dc0f1ce6e27ee046c821d1	48c361abee04f44881b52f4ef0e5a4d0620177153bee0c46518c9a8306522eaa	132771b61517990fe56053917fae7cd0dacba10611502419e7888b066a1d209b	99e303ea120d3f0c22431bc8f4c0fb6847a81a1bab8f12519ed951d896251f34	291b7dd414c38d7bfab6c07141cff0907630523a513f79461a1bd436fe758858	c2c3f02e9857b499f0afbdfca826bec76179c87d669c35192db55c304d0ed289
998	31a61e2b4d21af3ab8d451f26f876046e0dbcc205687ce6f203783aa1cc07262	0e00b5d5d0c1bbfb509677b9e6f12213e01c9ad78c95d1b3334cbc170fb4026e	c463a578d41562e66940c5b5b6c6fb20d13d51589ccb612f6a032751f443c81d	4817fd23d3a001338e6427572dc55d6ba62189c69badc7b7e4f4ed6c624369f3	edf44afe5835ebc81458ad07d9732dca09759f71e951b56e9163883d389b3ddb	d968b20e6047f5330aaf425c821e328f47c5001ca1833b7071d3280ba306d393
999	4165045e09dd7e4e59c05a65e7ff816cd93736c4839eb0b5436d599b9f897b3d	b3600ba7ccd83051e2659a1a6491f53041967ab24c580cf2fa010a6a376bb4a7	38f6b1a2340d15a6f8c128000403e392366ce38e7066f8522017540cd36bd55e	22f72ad0363df72cb962d9ea9d2c335b75123759ed1cf524f3b5cc1092df80b6	aeb34e01a83e12faaf73c3d03b048d974f0297833065a1217b746684fd1e1d3a	147964b0345b1f0c0f66f2ae849f3736a68abd088e6a9dc862bcdf4fb9ab1555
1000	9ec788f4af4b69820e544693924b3e4095c05930663531be2f9f2095d4880ea7	a4dba7845c3c5b89e3589336c2af082566b007530003f43ea46955641c8f791c	7d66f7096a097a38756d9a93635da18d60be4f1334ef04d9f1df7755a9483b66	779dc24cf0c72cfeb30775c84bb845a115afdf6d6deede2b8bac9210f40ec1b3	2455ee9a1df33ca3bdb1a0124f5621463f3c7d6b9636d74244e207938451155b	cb6e03d5b4ad37d61ee22f2a8a168a4c41682692361e8fb6f56ed01d6cea11b0
1001	553145dacad71324e7e508d85d1a368973145d9a32dfc1c9520b1a8a39e58926	fb9e0e4218ac6740e77e0d0cb08404bb785c5106e64250f88fa547293e3ae8c9	eb4a6f32df0be94a78930b39d2cd8fad25c6c649257b1fe4d34e036b40dffe00	4ece44c96f250ba9f4489c92a2d86bd4f3695e5f3f827bc12964110f7d32d31f	f689439e1d6512515535a6c8ef570a6a513578f16396f8634a5d1e086efc9c33	120a815b3dc0a21c430454e2871c918145394aa36e84fae0c3b21c18e26ec179
1002	51e437d4126d17cc37ff8ac5ea8b9fb90e47f68661d98fccb68c0f6f4760b692	fddbbee0461a0e78d9a91d5a72308e86600dbe7e2df96d70d6cfc19045836084	561bac852718266a663fd88f6c2df563a4ced9d514f301d8f654c2b88ad3a061	9e4542dc0266dc5a66d7e1f3987d8b554363cb6c6f5d9d4b5b6d44e727e2fa04	ab4c4229b5e6ac2c005851dc46d522368293a499246874ff7f568582d9dcfea7	75835909172ed4e60990e2a62c2e393d384209bcb847e99527ed61e03c42e62b
1003	60ac15af3774e8944819e7f4a6905cdeb1e426220f0d921e86044c391e80c3d2	510b2acc6d1409406d9d53cec9c7436efee7511d971014b74a22018db329e00b	72cc94b5fa696c95b40ce7a8fa8a0bd0e42e7d86ea1c8b381ccc6477e9f7945e	da9bdefb35e0beb22a60bb5e94b8806b9b57f3ad78f983f7784828f37af8768b	ad1329f8c34f3f52304c0cd4f5b1fb17cff63eeccbd7ac95bb6fa6dd76f45fe3	dc60cd0eabfb7b484c0ef232b506fb7fa92640a03401e0185b68c11531bb5fdb
1004	8770e84e39639680f2fc0e5b372af57f77dc1d1cf19c2bc9eae4ebe6aeca3aa2	6fee833aa6500477fb2fdd8188abaa8be08d35b314433e59a8090e28dc5294ad	db6a50ea259832e21bb38df594a3f1472cca13521750ba63e2ceef4111441dca	10390a42d49da0b33ff3a26413fbc8d2b3f6a67cb3688d0ecc9f846afb0d277b	54d9bea750d2f2270453c0a135a35906193092e08cdb62a5cfdccbb3f5d71d5f	3957ff40da287fbdaa611249814aad16867e0ea74e71feab5ae8ec7b217d7825
1005	5792ecc6cdc4e0318d2d392aac5aa1e483df9d6cf97ff7a04ca63c552a8f4732	d66d314b8eecc8aeb4041ac910eb11f2d187b376ef924b9d8afaab3e5d50845d	7ea15e9a0e2ff50753e80fd951c6c97e29ad2b7695e70ada0fabc676391d4006	873f0b4b83ec098736a5a96e15fdb9bc71616e5cc835b73aa5e4b48cecff5898	394f85b2ba1c85c1b334bc1d07a53139d9d28ae1ea908caa548d64d817091f52	448a0c0cda4b2d66d145e53e33f83199964326c74dcaf2d1757dc193a47c04f1
1006	ed75bf4427cbcb1bda2c27b68590b8bb114c084fc1701eae7f7c7b81071f51fd	fa8126421760cffeb5994c9e6222e16efd57ef690539895c0021ddf12b2f75b4	fc0a9e72819f893c0838295a442a97bed227c58b78def4a82ad46a0868d4b719	abef07da321f1d2e07b3d2cff3181883d23cf90d5094ea745e7c6758f2c5a387	47e32413b516a567aaf53bd49ce3161c487973e8970acb1daf916a6d44cf54f4	14c39697888d4aca0a1fd3b22381b0738d9c05482d13c26577126cf3a614b6ac
1007	6e5907e43813c8c0c1b636bdef529f9db9facb6feadf4877d2d4ee555b203796	07eac38f09da95922187ef1633571e0df44b3fb41f79e62861d6afb9397c5ede	94f01a6da53e397a77125a2e38e10c3fe879d7af1fc8fb940759ecdf8acefe09	cfff289a4e50dc8c417e49654f741024c8d438d8362d6b8a91d0f3eb625e5e43	b8c41624fac6af4160f258f42f6fc9f92e3dc4ca7fe78a58f7a831e4c7f4809c	711c4d9869bb9baecc28f1d66b499e800bba417b532699aeebdd21319f5e93c9
1008	207af758256a81fcdfc1c3f4277d0907a6b9879a2ef847ad17dfc0636ec5f7c0	5814505a1c153cd554adf5baa03b9bdac4ca83ec816fb23915e67fb068794c88	3502c605838f7dca5fbae3f53aa0bde88cd21e80bef8f9ca4200fd9e46b1ea04	04d37ea0cc46aee28a037dbfecebb4294c9d1d4803c1f4bf59478b17b361ccbf	892a1787f433798154d0d66dff1becf168c5860ebc154a683a342db11e243f2c	528a8e5c4c3b09f9baf8d13254512a28d7f3ebf03dd7642a684b1a5cd8a0eea6
1009	9acc8b0524cd3601bd9967a597bc70d8931c35b47cece3f55d19a83735ca191e	e308359533be074c2efd8b6e697911b28763ca848822485854b647761748391c	f249d0b8e77b75d0c8080f183c4fdc548137e3b0f540e255efc5967479c15338	f79640c60aa145051ccefb0d69b2f62d900fd5e37021df37992f94b09b57041e	5c18d2fe72c8f7f6f2c4328309e3ecbe70ecd7850d80b7dbfe8fadfe92b23415	cfc871f6b33783f787bd79dbced36371f4fcd8b558c5e4c061ccbe1e5598fc17
1010	57cf5944547ae1aa8d633f071b27da9f219a249a88794deaa9d3dfdbd81ffe7a	d02eafc62b78d9dd3f1aadd58f3db0a718565559c79ff532e54894ec1f1bbcd5	c15c94f2ac5f67fdbf6a8933554a145b6ff4e1ec90371f89f08595b161d5bed7	09fdf6ff5696667b8f80be0dad1f6ba6ef000f60b7814f45c6201b6be5a670cc	6aec927bc26516e060ceb20bde0fdc25ecbe628f8ec398296501fa2ea63f468a	3dfba47123dafcb44819ed3328c0db9d32887306ef2b032927889b02f11fce1a
1011	04eca26f20266d12d03929708865da1b49ca1cde7c5ac6a2500ed25cb81616f3	f9e14ce360b4ffd72cc7928d549a127ead588a62fb6f8c6e63f57162eb1c5182	efc2b996a37b180dc4dc6a4ca25bf41df83c315ff76974d98dc3e2bb7ae616d5	16dd469bdb05a3e2e480783fac0f85d1f74e70fc6f387ec5e17228862bd63c1d	0ac97916e822cae29491dca3e1cc41fea73966fed3114e7d68035ca701303e91	02788acb3ca9c37622d3762e6cb463af4e361a634e87294433dfc4dc2867aaf6
1012	d64b56468434ee295970dbdc31cd15742dd5c2eac065d60a52e3c646d1519866	3bb63b4739228653460dc92db924786f22c697c632c719faf4ac038f9c03db12	2046379dde05af41439ac09af99bd28ed14cbee7a0bab8897ae76b03cae3ce68	8a9c03edd89162f355d79ab7b0c741c32216292d0256c49b4455f1f6c71f081b	18d5bb687b934c70969cd540ab3619bf659b0e53cdff20e462acbdf92bea001b	df1c36ca2418dc96251d23d4d1f9908d7bb8cd1e9c1e736c7a260eebbace2700
1013	84b0ab1a78486134a1d41e57a335aa03b90226032184829dc027ec29175ff610	d8bfab30a61f5224f275684488b31ba4a1560ed3d56f5e702e11c4f4113db1b0	f4927e1f68f1d883db15841cd11e5ac9150b3bea5e0e55cdf0aa21224bb6b7d5	33af7c40534a9132eba5126824c9da0e687a057bd401e9ea18c9157fc52e0a29	1f8efd0da20ef283b37171f3a884316858bd14aff5c044437a638c342d7a3594	3723ef75400755ce964538d943b31ec1da2fb7c66a60dd04ad6a40dc3773360f
1014	5a23f4a8ac02bbc32e886267760f8b7c8e525458a3ce6fafcc32da0e04a7a7d3	27a2149fd00a90794f7c640bed90d0ed9e32a7fa80f1809d37f811b9e214258e	4c5cba6d13a054bc265953196817b76a1a856c1cbeb7ae7b5c4e039863f7f923	036dec667bf08ed538298d20779282e8daf661fad73adc9bcb27f308f8f416ad	2561d58a3d3f1c188f0575431847ad53d325b684a0aa042117b67139c83899d8	39c28ca357414e613266fb785794931c586eb35fca4172f8adbef4b1bbc98336
1015	63100ac7084af7c471c89244a8917d5706447d20e5c1ce68a2b10e99fe5833bd	5d6a11fbe05c597eb2ba6270497901ca8d05493513a1777e848b8d10fb16b4bd	39845552fc91871032e466ecafa03261493994722623350ac59690ef4aabccd9	da8376b959c6127a76f3d0b90d6d37df37cb61f7d378c39b87b610f66e5e9b43	25748191017bea2dd2306418e1ba8192e3d340ac0094592811c852b7a8fd20ba	b5fe46419dad579459db35b009c7739bcf7eede0ef67edf6f772aef26f92dcb5
1016	6b83b3d5b8647e38d49bf0107c9cdd65457b0914248499e8f42493f59b61bd34	fe20863b1136a5381b01263f3dd9bce0777bdab2a494e19e655d1389287e267c	46bf37396b22df303cc045c9bd69a987443324a46d975daefdbf1ddbfe606cc1	a75152e8486549f5dbe7daec96ea3fefa204dae8d2ab68deaf223bdfd0c2461f	4e7972c95259bc28652b46c58e180f46f6dcd23ab49d0cc1203b07f531bff96b	58ca5f6d97fc16b9299205d00542fb8ee7f555207b462681dbc37f18e0fe398f
1017	a0f13775f984bc5dac52dfa0bcc7af19a33c878a37ec771687b8c51aec48d419	c570e6dbf3c26b0a4cc26aaef22a63c5b18a21659a76a5e495a7762e6ec8aa25	f7be3e1fe58ee086e0f6dd3476df1004b2188b460973a5387b835bba0ecd5f7a	5efa4e2a7f8d24f2cc446aa62a3e37f8626a14c4ef093b14b1df45f3fa86c792	7ed8acb5fce3b229412efbcbff2da914582024dfecbb697943d6cd6882d501f8	913ba58dc5164ced4b60fe5d41b53565a87a2547da4e538cd017003b30b2b0e6
1018	7b564f949b0f53fe72922969ab1fa2538b0808bd1a93af85ed221e51218fc98e	d6fd64b3daf5e0a2f22ab5c27ca45fd081fcc23223479a4f60934f4c8fd65627	b4ec750764571edb166b7d2c1966f7b3baa44d7b6ea1ac01c50753f01ec4b8fb	ef644358394c928434f645c16c70b2b5d376b3fceabb4cb1cb8340b9a4db10fd	5ef6adc9c592683d520bba49027ebd3a72b4717ed6da1b1c40c09f0d6180455d	3fe876f41eb01461ae695f160c98d0b21dc8ac033fd0c77605cfde275a8e489d
1019	d4fdcde2917b28f8c2fea170fa8bb55088e4413d47c0d489f7218f5749b21c2d	9798afc9ecd7dd076b8eb07e5db6c4412d2ee7b81e0aa96ce41d25d51fc3412e	d6dfba9d88cbe710d5d490e9039ce4cf09f7ae5df811e46eaf16e6dfadc192bf	89530cbb8880c46ca4e9e5e2fb94efab8dbe44e6a6e92031e53ab76b7a672fec	435da1749b2c029d9e37ce958a31320ab95f62d1fa80edfa7f67121ba7d1dc5a	060b3c2622207b897e2695d894c500de245b6f873da00e2df4f9ed919c330895
1020	53c233f2a28472f620ce22154b9b693fafde4e2baac75b00e6926eed7133e9e0	3309812495ef52529573c465d1e13b81a023efe6b69f7267c42395715b616d0d	2ce5575545d67d895e9c96a05ac188a6a4880d72625d2be95f7a830b408f5c36	ebc61f24b47d434d0c5e53a5d5c760ad484814255169058ef571fa3f24fb04ee	328257db528f825e0d5f9aea24866ed8c15f5f3c428a42fcd868c4b1c9856b2e	517e536561820b70b25ae08037bba73e8888ddbd4bad6853e1eddc69503d8bac
1021	ade85b5de4b70520926a3c1c22b25cfb822bd79f97a7afecd7de130ced45698c	3761ece774af6dba836dd8bfbdc552ea96643d022524e9f90df5c55d1c36e478	d59779f2e96053ad3e3eecf400c4d4d324c013e877e239c969e23fef63bb3a9d	347547cb9520c4134482ecbe19b624d8728901e41381c4a14e99519f46073e7a	8c5afe072f736b2ca1990c9ed795c8e86674286dc36b96c4b61801b70a98fb3d	3d03042d7c7a527dbe8dce077be9ae8ac12d5752dd82099422d815aaa74f4b57
1022	d22e722910804452594d06fdc3466c1b73025225f2918e753a9ece86a8084770	b13d6a06b5fda35493c1fb5df2e0414d873d8f0cf6f801017efb28c0016aa705	6fd2124d08ba3a8de708c21f8f33d3ea8e142530afb5c3795c2d365ea7a16e52	c5b05f2a50dae8b65238bcf231ae8f3361be56f710d89f976c87ae27390a058e	17ea3490cdb95bd34d5ba1fac17ba722775d39c7d4b5f066a74b646352aa8749	61a33781c9726f48100cd2147fe84425f1ce3803f31edc90bd9e747f8f817879
1023	1fdc6696e5873a184524bc805e1396289ff0ddf3b31e267fbc65e2f7e89ab58f	b3cd6f5f63e6e44c08dd6e3f5817d32fd42dad5e94b025df7dc2c3b1d9966053	21652e832b9095523ca0658a4558ce366d7dd6c184e7fe590b33f6788d090c61	6034fb43d33ea3ab2735be081c540a7e7fc54db377e4a8c63b26b25139dffe5e	06eb6ed6dbc750baa40d12f7a9dfd6e12bf1b7330df4aa7f6bee50496eabb1db	bfeab2af697a273c6244b35e549e3c7ea986d2a689ec9b1a91cb947c84a867a1
1024	de1661693dd0b0626012024cdfbfa7b387d49d28a2627edc2a2f431f6b0d7382	94ceb2f5819087242340e19e5a83689cc71d2754cd1ff74afe33281d5602cf05	5a5807076de732cfdc75eecd620331477a9753657d4d71fffb1cdef8f86b4cf0	10089aa7f3547919a92d216b9259696453b7a94899861895d96d3bf2ac7ece1a	5f42a7ead5d26b40d3b1e8b7b55c5f77e1725ea12733914e6778795a822f0972	4acc1900f86e4e1c68bd202b24694f71099737a723bced2911f6848c9ed00aac
1025	f9831429ccaca76b1cdafdd74b8fab5b1dbde9bd47bcfff06f26cfae978f16bd	94818187352e7f32ae1ffe0039d98809aba0b05debfce314ec4b614737de1fa6	6b9d4a54139e5aed064d5926462727c18f06fc9db6d5574d354e91a72948ef70	4ffd2a41a8cad2fab5195213654e62ce7a4cc98004bb387277219b452d38b8ed	82f8f1c75b411f9da046c87bd4dc637e5ad6df1591befb4d0caa46c47d622379	a7f0bb207ecc6b9a0804eddf8a9593f488521f64d67782a333bc6e04046342d7
1026	765d18fbf6303ddfd730c9ffd41f6686a96bc9bc5820395145262d9a83cae9b6	a49f9728af6a1e24bb29720507ba9c8e8b9809a797dd3d0c387e1bc7f8b9d426	b54251112a18ca2461bbbf4f4007daa247fb763a375f4c4b608f9e2b42cefa7d	6bbbb0751d76c4f06abdf36501168bf6e1be4b48176633d62a43529681f5465b	061be7ad65eb71911d099a4e6533e7669a013a765b249f851772ed139534ef60	d287a5a5e793cf525a87c7e4b9309ec64fb5cf8752a13a97a4f0e714ef8ce08e
1027	b1bfd474e9c5222a59787f6e000546eb9b39b2a2a78ec521b77fe865d240de1a	29a33f08b6492aeed6a7b01e4949c26fc44fbfa83c5cdac1bdb32ef79a279940	ec3cc00b6cf46f656220648ffb0dd2b170ed23aafc07d3256715c9a5f22da427	ac8e19d04b656fe0e2b86abc73d6a897cde096f27dad12dc8d5437b6604dcbfb	d42650a292e02a8fdd6887394154298da440ab983f2833148c679f58089acbaa	f286d692268304cdc832985db54b9f28941a95de6da9805d21d127e8f9ff7423
1028	b8b5c7cc3cabd8132328a5ec326bac90a05e5440d5e018fa89b47abf0b9b0567	83260b7cdb559ccfc699d56791e8776c0a430bd48a0b9a35cb75240d18bdd512	f6c3dfa2d0c0afecf2880369bf292b4bdfde61c97bc62ef50ba8e68d62f7c085	45e64961b2aa35c33f9641f21909e886b332c5369077676c87457c6a6497bd7b	f6324c33cdcc11d97fcf26bb519080d9b59ba07673ced290f0665f2e58a7c0bf	04e071d254078964de960e413a5f42488010e0fdf42bd56fee5a2f9ba833b947
1029	f4a68d6e3ba3994ab795b0b5e86dad527007ff4831fe154bc3c5453716965659	a48d72af19d282efaefc94f214ef783e062061ea6eba3494a67be65d0e8f9dd6	557bd8904420ce3a57f464cd94bb53f2bc9553d24d0fd4774d06eccf4162c0b1	e9c2db3ef73d44cef7293a86dcc1bfb77ad8baecf15ac362000baa96fb29196e	2ce5d5f217ebf343a11858b284da94576ab6201fe77418fa2f7875b0b31239b9	8cc753519e10785b8e0ba8f2ecdf8bdcd81b367e8ae38698703403d7e6303944
1030	dafbab03668f6770f6e658cbf2598f7368f64cd8d7366441de924558a6331cb3	91859f5cba7e7ff0fab489c7a1ef8f65f605fa7b99f7f54d86e656774c66e24f	1e8f6fe627265749adfe136d5cb707c1c4332a6bfa404a359777537d46268a2d	b49bae1aec8103ae21fcbe6deecc988b72fe61fd32f04123b3c89e75efcf6fe9	eae57d99ceaa341dfb9e5c3724ed25d670b1b07ced0ca3287f835ac18cc69760	74575e1a2f2c9211db21c0e71a95bcf34f6d3529adc201417bc5d135f2411c7f
1031	eeef6b15b92b360e8932c38923da6264d16ae8c2235d72ff5e757851a4db7563	11bd8c0417713f0e748208723393c71cfd67c9ef4bdcba778c41daaa402d46e9	471370f31cdb1e1ce7349f5829bcd04567f7f86b5fa0c1550b998d6b8548753c	00774b5a6c6cdd8654a3bfd197052012970792e6589fa29d80c1ed44ebd410b4	437d4f3ed64a04eaa889f91922a6727da1a8758a4cf75e6e0cbe3d35da96a49f	a16923d7793f8af632671703d07439177904899c91677bdc00123302e47ac7bb
1032	20fc8508578d55ed316198ce7cc815e132285986acfbcd6b9a143d8a3da730ca	ecfa5cc53f8608a3eb15a36f58b7d9257a5bd1ae341c20c914229710604c4c3b	ebdf0fc3ae27d593bf39ca3a6a2331ad4f982d9f0f3e68208a113f8f46ce6289	4589a9231e79514025f1722416399879c3f0cc9dfe1aadde673f4a4bd1f0e319	affbd1563ff86af1152a1ce55c77e4305f179ee802e15adcafd17d955519a4eb	9d7764c845c4c68182d303622f771da4d767f87786f7b5d04cd0a57255ade707
1033	e799a013bd06deb11b9db65b5bb123bea5b549b077af50e34bd604707b4edf5c	644d4fb30142e0a3ecf78b5314a885d3c5848976817de93f9d433761245d0fd9	d9df0dfe194cee768cc92994bdab9505df24d2a488dbd1c224e6621fca10fa4e	5523ceae951990aa19a6b5564211c0787b907f990507f8cbb5c3f26f39a7e25b	84e5c72d67c24ea73615e68bb673b83910e66ae478bb19cf279dc6040ccca3bf	28f4d80d7362133284d94935cd801a3ac463bd1741e990c851f6620b0107f8fb
1034	257804d502be92664695bce3c9441a45b81d28c636ac8f9e7fa8817add6c0ba3	dfefd4f962ff4d2b3d5f8465a1c0f094f01694e04a6bbdf99783bdb91cd0846b	5cd26816903d397dce65b7f780b1ae8594c090d89f094f1b320db868d84047e8	bdb9b51e875219faa4f1eea9b80a3b3568713fc449a2ba9cfcec32954e462a4b	31099030039eb8246015e1980c52bd7f3f8a9129788f92fcee1c199fdc87eefe	60058a6883d07cefc17a68a844d4cfac199658d48dcac3b8c287a14c5be01f3a
1035	e91b560648c2c9a47172f8ca15e09fbaa1085edaead8d6ac69e4d7136f6ea312	4bd79ac046cbd3b1429f59bb49011edd452287f5a39cf645bf9e0ef509d4d8f6	226ff43af7702bffbbce5668660cac4656bac13799259ceb2072c69a84e0a6ee	5f1d7fbf911753b22b4b73033ab683409f51ad40cb100ce9cab5c1bdac4350e4	0740ac4bfdd46e31d5c8edec70b83651f4e435e77297b1e52c6aa2576fd41648	cce7cdd39c0548d4aae87b4786d5e5340c0b6cc404ccb8bd828f74f36bafe044
1036	dbd296852818b32ba8439d84e445d02aa4f0595bf246a4f71200634b63eae151	51b1d088970a97b0eb3cbddbc33a0e5467852daaed97281f7a57b87b20d57af8	a0a475f7f9c33c7ff2c43e397dd259696610aa561e756a50047a583d27a8cfdb	03ad76802e1076c53ddd1a8269384017c4ada8a35b134fc0d33b5bd66f42a85c	44891f15fa8f723f6c46aa55ce2031eac3135cb4840845f40f378ccd09a1647f	d8938318b5e5ba46b9a15989e4c958555271ec281c45b60c33dc5d2b63985df0
1037	0bd37393fcfc77645c2383264dca1f4f289bb0fb8a7a551e9224ced24bf31b77	d16bd4a3fa5d4667f5c329bac8f4542676c49c35e620469cd5ea5e7be65f8c41	eb2fa2b414ba21149f818f01eb0f851dede9d0eb6f4fe925860004a651adc4be	8f7d85db525b2171d348bcb51efdbe236f219d7109e11d6f928cb7932972d06e	7d9142780b8121faa7809d3445307b1011fa711ef83a56fe9b17a08ec20ca254	51069f7dda580956f30650770123403bff6470ac70c00e811f250a2765bd26ab
1038	d46719e688e47749fd9f95a34a01e50aae257e3fe6f140ed5b7dfc12f7ded4a3	7353a3dac8f3fc176701ec49ee424514dcd40370148b7cebdb22eb9afcc33f1c	b73134c8da08db91a25347f7ac39435012c4fc212af65f11f4fbb30e41b35587	7dc83f23951dc35c500d2d740722951610cb4fc68321a1923c2b4c68a26532b4	267dc967d779ce495b1a72f96c66bf04f3db8393b2fc2259f641719e5c955b9b	cd6652ad7a54bd45996bfd4ee3db331868ba1d9ee7519683684e90bf27bcea3a
1039	31d91475e8c67cd481b2e7c28e4e016c9b655f8bc5e22b590c31c90919581070	dfb91f4e6126e46525ae836a9fc57dc56671ce435b16a5d83de5e109a0c5790b	60b4728e8b9f68145f517d6a36aaa02f3793575e3459a7a4ef6f73cb7ac525cd	9887ede754fe2cb1f7d9d87f7c701f08f7c483822a6eaf0f1f9545f73932e0a9	e4c779814bffbdac1ee5e70a7265a1c21604e5c503a11e41e3cb0b355c2a99e3	f4e933d99fe48a47818d19a42f15867aa93a189bbe4cf0d62b20f0a00ff3215f
1040	f1fe9cdac331e5bcbae6b5e51c588620a9f3076c511c14688519b482db1cf72d	90ef2df6864182c06304610555918b5fa988a6ed163543ef6a1229453e4042ae	ee1095a1c3cfb66c1bf198c27de3285ef903f935579782bf57a5ec0586b3f5fb	b3ddff685916ff73d4a6aa331df8c8e33e6826e8dddccfa6a626e281e9b525ca	d2ca5ee30d4620fe133271125951dca1442ee933b299b2a50792faa98d97a0b1	2c9593d8f018ca7136449d4d2293c1ecbd686aa8f73c9d720ca3543919530097
1041	ca12b9ebc0fd0ce2785558737f1d83d95c049bf6e659828ec5ced124f2a7ebb0	ffac83fccdbb54e2b99de9b3537c2f9123484fe0dbd6f41df9b168ea9e4c0731	9097095ae2c35a9321b07d031ce80a26cea96e4329b07c2e967c428093621020	e6ea6425072eff07baed79b59990aa13f7bd88aaa22816ea1b0da6348a7c2b57	7550e88889443fc620621ef3c1c3af4480eadff85e8249ac743ed413f427a520	058d6dc25f9eaddc834a16790797cfaab9025f1ef9954eb23b9faa5ad5fe77dc
1042	5e6d491adb2f0064995fbf217c0703e2b58f930a10cf327c3d7533271cb660e1	54e56fb839b9473d78820394580b51402ef64fabc3ebabefa76ce9e504ffa2e1	7c1b480f60f075027c004f05969a637a9a33621d45c484694f5cf2af3f7940f1	aef42d1bb9666244e748fc97882835c008ce83190b31fed986323fbaa830a5f1	a66d61837a46e06a75cf271fe36ca0cf1fb5226d632e887df3b877ab05d870d2	af334f80da2a8a6e09bae37057a7c8d535ca6cdeff743943c5deb69c674fab35
1043	f5a4ad2e4570e599d2398218f75cc4bd794d1de1bed76e30d6be82b1ccdc76ec	9da294b000fc047bcafb2f8f1b3e493c27b710abb27279c19469e62ca3244d08	4fb2672989b6e9f354bff407244a1860d9bc313dea72eeb0a65cc73580a291bc	cff3970010a94414d4f3efe91e230a9647c7e8b5a94216c6f1bee6ddf584f97e	770bd6803293fd6e460c95ec46cbffad58d314cc220b06325b5e1b2c69f8348d	48f0ccd30fa5f8dacd4edaee72ce701733ad03b3d2fb0549a8721c34de259975
1044	a0042e766f852a8d89423eab46a06648a8b1fccd7b0a5af104efd743acf43270	43cca395c269726244c5964e0a7786a52788fdf81d8096d49b16f04b98904b02	c59c04bb16c1e75a29307e25192a7d869447b5c5058a1b6c69a3dda8c7c4027f	da8a6e3bbbbed70e951fb19bdb9ed358bcb61495f152053fc7b366ff46aa266e	c9f1e53e7b61192652a07ade7eadc016d7056b2fb07a78dd86def2cf1c051c67	611550e914579bfc4937112e6011c6f55c587b62b92d8257a2d06cf11283138c
1045	9d2cb8a3428fe342972900ac44ff23604189b2e313582869c88634b1b459893b	a4679bbc58a0815353feb1b975b01c3f1908163e0720139d4ec08f1de77ed501	260184ad22187524953e8d631a10199deb6bf5a03571685e96f1e94d1bd74c44	30ebf4ad1939fd582a8eacf5586d9187e51c04fefb56ca7bd592948e27249647	3d2461ec6b80788d0dc3f517b6051a24a2c8aa6ab7cca484c59bbad0d77202f9	92ba46063599c0083589a865ff6aa468e5616ed6f9165c2f8f240215e0a554db
1046	7acf1887b78cdf9af2100b04c101826144bc2ee7d9fe20c28abf6d6ca2012d94	4a2ef2c05dd96ac4ff7458add692c0c9580e694ec5b2405a7e635e1d33d276af	a09fcd690147358e1819eca56c3299ca86b6b05dc0915c21c8a6d0be121faeb0	1cb134313e96133c9dd16a0670ac82207bd1a98eeccbbcf053f3109175c26583	941dbec185ea9210fd2eefa0d2b61a435cdecdf646ba0b8462e61c62280ed1d9	f07e25ffeefe8f10d75bbf25bdb39f32ac5f50c48d70d806fcc247736c966651
1047	d3458323905234c5f43b78eaed8409e564ae5a2501f0f8cb0af40f29d9b3a861	37a1ca23d53e1361d932138535f4a3bb75b0872269614d17b04840faa24dd3d8	fb44e6afd09d6cdd2124e2c817e56538a4f6f275323e94b3c2f1af3a078aa5ec	5c7eb56a005a6f50ea48ee2492ad512e424c707ec0655606751e4e1c6f074b74	196c76045240ddfd87623f5cc8924fc180a89714ebc5d74f1bc33a6d99493e44	c7a464b9210aa86e7f08cbf9136259757c342a70f387ea0e4759befe4dea5815
1048	59b164f0d44668a5bc170661afcfbe424375c5f6864d57c2052eb7e2e568a72f	6dcbfbf4de8e2c196f047261b93e57981cac1dd17d11adb7f39377e3adf5e4c7	84b53820c934b5532beed12a4a99cf7c397d858a8bba9c80c9cde4fb7d53cac8	8534078d2ba839a68b00cf73413bf6eeca762904935f6e5beb8fd2acca288150	e34e691632dcf2fccbb84243256c29ac6c405f6a2f307960e4eec806403a84ce	9f67e0e83da81997e1fee0e9d8e6a3defd4822729dc5175d8feffc5d45a6cb33
1049	dde733ce97e00cede63da91717903dc3d20c369de3fa5d7f77d5902fc0d5096a	e77afe342bbcf9dda4613483017a183cae03e4e5e552a2b0f10413a734863c92	cc39c5430406bada2d2830b896e3988400dabd0b03781adc4a94a86281bf2199	4ff8412ceefb9c40a926b587d33310087048b73c04dce7a7bccbf1d35cd430a1	1f70eed41b32d28dab82fd970313484d00d63783f612a686245db9636f72fb68	606a1e373efba61ce61002a91f6ef02284bdce91f4ce17c8c08b779dd32df4f0
1050	c2e3b147a5ab20de0b872b6cf6a074d92d75f214321b25e75e5ebf7930b710c0	1a79d44dbfccf23e3c75f753c23512ed56bee3738ba6cf6eba6a58433c3cfcab	edc74f758bd2f24b1a79a44d3562e032a158b0cf57d977bd598b77adeb2febb4	114f772c6b828310474f88afab9c071a864c1cd6d8bcb98c4b1e83dafbb837db	9822627df6ab1dbc8d36948addaef7fdf56cd47d793f29e5200323a7dfd1e411	34b9ee6a6b1f87be26c909d3f38c57ee96cb3dc3d57257a13b2d684726da8db8
1051	cbbbbe4a91dbf94da4715340f6d779a53d6b7822bf77fe5b11add188d0a6ed81	8524db212eb65c6cb07cd2d9aa9c097f98af1178d668d0cba8ef937e8a38e75d	02122bb0b88d214c476a2565b3a09130d061f5509fad5a3ce2d9507b8c40d513	75327ca54f7f06113bd554fc37f2214be6cc33f74a15bd9accc9aec612f2f107	418a09509796ad53d7a0e5506d38df4c22acf45fe84de206a2866cb8b3a58337	ea4cb3e6b3223d779459105da30de696f9590e111f5ba34e61c455e10ec5c357
1052	f4a249073f51b5238a9560c30f0e646135287247b830e29c52d2a8e7ad902d42	a0a87c5d0ae58a6d5664b26007c947c2e3932b7f88c7bdcf6d1f0f02a0d4a90b	a04d4ceae0bc6666477d57e2850157c7e9cf32ed3862b511affc1df779994bc2	0149f4a845fde2e216da4c9b1cb8e0bc871d38294f465f7c0787071593c37268	e52e73ec2b41712495347d59ab5b98461a25baf66ab965df88fa836727c1bc5c	e1c667fca7ef3cb01284a2a1a5d17781e8709b7134e06ae9e88988ecb8617ec9
1053	253a5b2b7491b4505e4a24f6b963ef5aea14a7566983ea5be56e4a6870025337	afb91167e6cc624d38b20bef9aab3fee8b4a7f4380440232ac9cdbfecbd4b04c	2ebb2df603283063165af7de4c8c9ab3d4bd8767a7f2de52ac7fbb4557d260c8	0e5f0cd96853a16f0042c77e97974694936860868809851c70cf70c637e68ccd	bc8f755580e6883bffa9067a37d1ebb0e4f31908cc5889a64a28bb5b86883b07	d8d810a4f14bee38af116a570e13b5f6df8b2696a7524ab8f4b583242fc58c8d
1054	4e79a1755b0a287999e4e7f2add90914b24f98739d466b731d05b1b17b6f2fd4	da3be4eb47ada8c5853c098cf29a16c37ba37aabbb5f704852b0d0f719291c48	ddee071181eb78d0453399af97c0f6488abfae6ff0c2e850822be7bb67eb80d2	005e1134819cee7c580ee6614a0db63b6879ffa0d5e95921b8018cf58278dda1	35568e29519a0fa8497c570d75e247af049a8a0b83a0fb16a7cdb4fd69797092	d7ae92c70adc2460578c5937e47494c4b878fcd10e065b205a0a01c0fa4ce265
1055	436d870a80722ff14e63644970a3dbaf12588a370e669ca6ec3a8fb7fef8ca9b	12eb24ba2637d2cf9639149c5a299da7272ffb8c8ad8b85437c145a0b5e77e22	9bb30cf0e78f944cc253b1f976cafb3e19b414af0d65f147e085c0d893ae42b2	c2342c4902cfd93657b18d06e44a1ed3f8331d38e976f824b1fcf947c225c525	64937553012e85fa611d032898ce95872cee991feb58811f6f7cbb64a25f7b00	28f0923ccdbcb27f75816e089e12adb0494f5a67d1c948c037105f913d8d50f5
1056	f479a1d7388710885b2827647e0164809a69f2f4233ef3c1becc19af4f5944c5	318b774fb18c5369e99c741f69c9170763c79c55450a718f3ba49420004a2755	8205da18cdb249b244cee260417f1fd1b920d37be49dc0ba483a94d350fcf37a	b8d52207b3a2f673bc77796850cc8d2849e5a2b6824b900dbde5cd2ab03298a6	90e208990b785c7f0f980fc88a3f99a9848352c2bc9df188ee468cebffef357d	6860e34519d8535348faddd99d049cf7a5d17c9f1604b884e707326c05d6f63e
1057	b6885e4f6eb44ecc4720eaa9c415a832910f09084b7491f0411ba988b8b50509	1eff407271a31c29853c41f6c81cba8306e681da345a50c000c3921a3bc852b8	7ce639241cde0579f16566776b5999213905b0e8dd8ad2c232e7314e6d0b901e	a475fb1e0356f479dbf29ed488d3850e35392d83a420452f3ac21f9d70e13350	45c5363902351adede4ea5a4d0a49845e34333463f6d7c45d1fcdb4bcc7373d5	c0594c5762235060137dca358274aa889fc85bb8bf9b7a08ca810e50b0f77493
1058	02f1ece57dcebd1db554e7629da37f941aad197cd8616d1e1be2b08bc15aeb96	2a7109e7a1a81971ada5407880ec04b0a7002a568561e6fbb4fe12bb7176076d	1d30655887b6559e80df5ecb8dc86b8100f4fc4802bc603618b9aae1a85849cf	604d0489825b15d72114c7cadf5db32379aba5b77ac8823e83d67d74af8b2a8d	0f4b4e7c8fe78cb48e7df0730f3e833ac436ee34a65aa554d6677cf8126f489b	8ba043428a90ef177c8afdbf945c53e5886d9b7d01cb95bcde05ca23e22d7d34
1059	fd52d04c3bd050b33cab37a704288a06c261be4070ee1b9348ae839b5dca30b6	e6ee48c98f560f5a294d70577b53331bc923d06b4267376c9b66382184884a84	e0b23cc0fa8dd5f5bac8afac67a8991042f522ff6ebeba2c7eb3001ec4b9bdce	630c32959ad63098265dcafbcd17babad7d479786ec0f2fe84f916291c37864b	d59fe3d8951321e510f0b98b1e40c6f614621251092dd2f7e8073d7fe5217952	634236ce47baa72a1f36adbf3d9c5f16bcdbecc0f75b09edf7738c90011c3f4a
1060	ac69f7252fd3f86fecccd87ce43dd71cb90faf05f959b7272e148f0be5f84754	20a53ef2d9870040ad573314e58086546a71d8679352b39ade3a145a0d19b517	87a2442b863ae6cadc1becf0cd06d18547467f2eb44d1756e2887b21d0aff6c3	8deeff19f0eabd7c82e9fd41c5988d7ecb78c4ec9089975b223b5f6e956ad796	a9ec258897394fcf646e53528d395f24afa946bbf208bb198bf8bcab080c5e73	9af5500d252440053df03b852908ade31d416d8bc539f8ee9544693b7c446cac
1061	d597f7ce27b2b9d11a69b975298d94a866091a490bd21c143e0f4b6d390bcbd6	85c3b8abd4dd429270b029a2ef5dbebd0df5b76488ef1c3d49b63e33407633a9	af7414519825a7262a150ae00a6916d6ffea872a8980d7c28b72f8c2f55ae013	09777903c90c18f36628c2d4681ed3552432747aaa116b88e9ffd4c0bf48696d	e1b9eb44834adf6d688020a3d6a78397f152e1844e374ba4c7a334874c557bf2	5a6a96c134f5c36fe6f57872de827bbe04511ffb2f75175f7c9e11af62732838
1062	1733c6233bb0579c0efb187e49fccf9426cab213837a723a7251077adb60bc18	118b15aa4de999a23125616516d63c36b17439329175521d94cdef5aead8e297	804c1b046875995cdcacaa369e1b2ad87568ee63221adf2073f64d94982fc3d9	aff548fc83ec71eb3e4c46000a07b85673725f6306da143ac7f27ce564ab069e	afa00beb7f10337b4314d324194f83325b8ad9b449488cf9416935c17bae551f	f275b43363ca8e7815d59dcbd1241186c86aae860c658ac6f4874c203bfa53fd
1063	be3c924076ae3bd7ed8632da4475ab55af54d494b29d696af805c6d2b6b12358	4a304e9a715498f3ca84dcf0aedaa6d6d867e576da4f26b945f8ab17e0d97241	0b7e8826f262537259e91648f91208c3002cff329d26c778e98771d80596b837	74beb2f65107ca01666c443056f8953638a5e131febe481354796bc231beabb7	ef73aff90321c7bc9b19f8d8ec8f13bd18c818fe843a128c0ea54ff3570dd0df	5da051cac3a461a5f5504319f122e52b1b84475d1b03bbb8b3e5a597f3eb6500
1064	ace6f884bc0fc978ca00234d97969359845667c74006837b00107232c631a6ec	60454c63e8c7f26c4ff9b12dd503678280b678f73f0a960879dac9db5ea284d4	7510ac817594817934bb781fa1d51831bbbd03808d1c03b3fc78e33aa4094c11	64dbf4ca3d29bbddeb54e94ae573742067cbb268dd13d0434f3e3a6eb1e4e4c1	19e0f17737ae1f610af810cf09d76628b8296ee474bd51be05dd4c89f210fa8f	d450a8b9d5203b6199dbc4a8fcdab67e59350963e0bf952fc8ac7314dd623777
1065	0489948f054f554bd8de618f98d2d29fcbd94c7d1253524a7dcc31df24f0941d	882a18f883778b558d7f39247a3ebf4aa77386cfdec5f5715b2a7fee160871b6	b3756ad42e26f5d789be44734c0bb28e96c6f0ce4d3ab1ca735e2f536510a416	7db412c2a056dd242de9a3d0457dbdc947ac4459b93f78b0eaeeca8faedb858c	a9d24cbdf0feb611c3374274760953ff24f45fef684adfd8cbad25559ae331aa	910c45bab3964f8c60b721af5aa1f12cda5d718eef7fea53dbe2cad8950598db
1066	ee2b999190079761013408941552b8ad5b0b6b6569afd474ddc65f4df74ab9b8	a6b32798507948763d35dd3d46931a13e2ff4cd9f11e34eae0343948f1e04e91	5d1a3ec209c2841ed5fcc5ebcf1699dbc053970cd3c88bf8f141ce77ef9b841a	27c1b461f29e8a154574a85dd0f856d40f826d93912148feb8c668347bc65df1	529b1e5eb409f265b5356c3487d2e67e5d2a0509178e8ea85bd8bf7c023b7424	eefbc2c8996c33ee1883b26929252b97cc649e6a20aea363c1eacea464200bef
1067	dd6c3faee1b72ad2305468a7261d0374f39fcb67a714214e1eb86d41b2e37b44	103f0365064d87ad1e6f189f355feca2f04098ad09f7ef6770800234b65826a8	56a3589f1858604cd66367c7312ab533e2ef05550fc3a3c962e386d3b9e079c9	ba06ece9ad217f2f59d5262c056802126717f966dcfe173d225bf7cdaa33475c	525cfa2f0a890eb18fdafc970bd9e3267123a4142c1b224931bed6df4e96679d	da9d03557da2abba218837fe7716f95455b62863943e01d135a8a9e57bece830
1068	ace8493142ef21828fda3b80da524c24af75daf9e7bfaf7b08b116dddcd0c43e	2719591064f9ed6ad6d953bd228e27d576d4ba784b9c8f449bb22f79286243e9	383d08d84c527302fa2deb2b60836ea775b115467d0b378cc2aba512a608db40	ac31ae8dd8dfece9bcb840b3bf59a25e2354b0ca8bb48bcce38eecdf067e925b	cb172abd10b81f53ce9af5a7d29627e0799c06aba73a8f80a1554da2dbfbd562	2662fcd9b8e357c50e1b47413f01e88c1d65252d9f1dd808fd86d2160a9e4040
1069	bb19e23a87215a94de7da713747be3227cf2e970e50f66015902d86f389e35ab	6bf76fd783b0901fdb4c95a79b895256661d5da97092334eabd91aa593e13dc0	3db85ff2cbfffa108705ae7d60e2c554cd386d4fc013c58964266bed360ef7fa	67fcb0b074a3b8ba4dd064a0d38f73e7d99a7c85135917c26ff54474742ffdb0	950d745d17ae486d5cab8b4fbca9f783f90583b0b6710f0b3ad53fe5bb69e81e	19f86bd1e70ba83ee28704092848dd7f73a1199786baa2b5b50e7755e00758f1
1070	f5c288a55e3f087673a1904d6c52d25300bbaf553f4a4dff5dc0b99d03ef03b7	3beb1890286bf859288d789b6d57c70ba617c3335af3e52f8c6b6c9e55f2c3ac	7e77c7994cfb5664ab15a77affe3918cc9d1f5395c5843e972bcb71364c61f28	5ff20d0227c581b3198560938e96f4dc49bdab7dc0c1a247156c88ac40eebe77	35d0d5e072cb4b23bc7b10994ad9d4abe98329f7a2e6ab44a509a4d909d143c6	b9bc2517035e04ecedad629e68d15351bffcf13ff794e729450e04247a218593
1071	e2d9e4f83455d06ee04b45c22c04edce2b6543853bde94830eadce3861b831da	3cd77e8b47efe399af18d359e2593b64278179f2ee2501e8a87c7b743439eaee	31ea3d86e657ba0804a6fa9ff080f6d55159e7007144334ec41a1d4d3835c913	e34d1d1e15980ab0a353cbdc27b240977a200c15b9bd89ecaed4d6c77f98e68d	feaa27db696292132fd7746c145c145d7a6085025332bf053f4bfcf0fe2337e8	6fe8a34f5f61458d889f9d4b08e50aa0ca1cf79e65ffb980774134da5b80c119
1072	6d24184c32cdf1ccc5badc462ff8bfea393e70cbf65d2314b7366d796b328eea	47b9f484d9be73f570acfa1765201330e54f1aea6a55cc48900cc988d1fa4e9c	7d6fa3de2899674c6f6f7a3cc6a009a1e3e70376f3e081c88ac5b3f042d2c5c3	7210c5123e006ca0d704f8efbe850868bbce796c0455ccab84f06adb880da230	1070cdd57dde9c05e5ec6cdd94ca73a00b72bf90b9d5a5d217e6a6082907caff	8b930dd2c0b330fe0f6d09439fc25dd1e0787c35e9e0aaeff1fe362fedc55f8f
1073	386ac1068368954ccb9932612d6fd5f2bd3f1e17205d060ff871f007c18cb1a3	266f06d3231d968c3f726886a8b8ef6307cd22697606118acc728ba79b9fbafa	d637d138a425c5cbdcdea55bfb38f3109eed1888e23461967852a13219273dee	a930a9d27facec7513fce12294ab95d3de1880b9abedfaf1fd5b4fd328a55f41	37e2dc3a0d5fd00fb6984277618178359f30eb9b300a67cb37b970a64ca8cc3b	5a02a82ad10dff898b8b7b3b8abcc385b5c8906a0b992951b5b9dcab6a6048c5
1074	0c94fac1983917c9565c1e710de90b5a66bd432943818d93c7f40ffd43790f14	722d32dbb39e2a5a9bd246c28796357f45b4057950fa42a01fa50f7448c79f7f	b292e20316cae26efd6a6c938c5da6f30605143303387a123d03a4e677c3eecd	e22bc2f00356ee9fa92b7995f675215668b5a13ab46809c45954086089a03d0f	47b3b71d328b2be008b2fd9688d077d9b6beb0ad1e5d79252624bccaa4c0677f	1049ecdb6a76e4916e3b83388dd6e391aa48757e189215b52a5a5679896c5257
1075	9f74e83ab31c4b45ee91d505958572b0934ad13ccc180e2a2ae4694b77ed4333	9a49fd5ff86813f5892b8b43b5faf0d440a381f762b8080fa7baff559d973297	c7c30591a83ec6cc6f381d0ff86c299fc04a84ca39e05d00eda0f7cbb7185a2b	0b7c02ebcfb6573f92ade11f1375385df4302084616b4d762664d52927dc5770	277bb2bdd4b50320c86af108bbc3573884218b3618dbda1eae58137bd03c3b78	72011512af70f2954163ca6b6ae10eee2090e3d46b83fa440078418aa42dbbfd
1076	cc1202896a63ff4d51d863a19c271235d26a7b3b4880cd7d4c5b7fb5a1b6b18a	f95563493f35e05ac235e5fd1ca7238e779933dc8a3c0eda94c4fd095517070a	91174ed84f523c6858a4ee03922afa8f588619f8b299699687db921cfc862c41	f5df3fb67cf75dee4038e30a0cc8309b2ae2fb350f31ff1ac45f4854ea062240	1825155fbfa16084ccc4e3f6e8cb74b98279a04ecd9c5776ce1201f46ebcb7da	cc2ebce53c7f3f5a220d564bbebb00b4390dc4ce3a57fc1e6161ab7389958243
1077	7afdcc95da01a9edacaa04265fdd936947b37d19a9f75851585d3d3bf7a41214	58a8ac322dbd4ed6373d0a9f2fb6dd0cfea89f59227b1b09b76128f4bdaede7e	f7e01841c82f6081e6af97b528cd9f6be89dad275257fe05de27d7927b427875	65a45039bf379095793a5f89fe90ba87b28b19c452a4971559e5589aa180fa14	433cd3418b8fa12f172e76078f9d3aebbc3cc9a905f1b3be4d098d2e8cd45a83	82b5f1345e2f658549eb407786b0e42e174818fe78839bb787e90aa8a49e291c
1078	5e0d43c17c0ec8f56b6564a1f0d797b9acd01ba38c752b3bf30c7e5bdb89a9df	7d264f314384dde223ec888fbc60eefd06cc5e02656c02cf952a4dae23835291	874d3c71920e6d628aed1325ea844946a8473af8bf1f1703fda722f2eccac139	8c7531fc8627867522d13fa841f4cae300f5f190cb8593a15ce4edaf43998ebe	0b9859622389347636e989684cf8ad7ada3794afec707d7b19fb24b5512943a5	930481501b9b175cdfdf1d59e54494084156719472652ad9b930b707d19516ee
1079	64bbeaf77883ed4e1db74ce6deaacd63173484d6047a4b4cefb85d95caf7d2bd	fcf221658f73b849dc0f0a3bcf27aad83424289e26607fdab018238449918a2f	b985f1f31483816df1f466a372a2d4a128eb085673cb51e0d30882924c6bffdb	fa0dc89873f55168100cca488b3742b6a5a4fc3e0299be187b23e8eef33e7e0d	91bf5f2693e5697a68cdcdec15bf29c685661102bdfba3642224babdc1b2e2cb	3cad92b5ad5e5d765d71980a6386a58f223c7e7877f1e71dc84d820dd8235ee9
1080	f30bddf1d79e123bac67c4442c7d5d227904c5e37b121ba75a904016fad9bf0b	0ce7a7573241917df25f0a8c7a3b55017ed7b9051c3cfd544acbd4c3dbceecc3	8a3942885f8a1d6923f09b3b52d82fd5afc9db8fd4571449c4fbc6ee721a6ad8	308ef2b15cac50e8755771b1c5fad808de540847d3bd356d5b9ff91f9400864d	229bc63f65489d32928c60b88b648d3b9164fef6ca672aa88e9f3b0d77cc5425	9ad244f86a9ef95ed21cbe233e8aaeeb03ebf621c647d9db27986bfd56e71c03
1081	c70e70b160024773dbeac00b62ab3556eed39bb1addc532444ecdff32063234f	4f8af01a93ae74bc3a8125fbde9a9e1d64a13da1712cc34e3b736c379f450af0	6a4d2f879be906943c246e63ec98e563bbceca618f2d3079a95ddf969f48bce9	8bdb13eef3ea0459ec7d90c62ec95a62e17d7caf088896972be7be4b84a46222	460be7d3fc09f27a854445a5c195c91b662b92296d54b558ae32c7b74bfbb9a5	5fd8a68f46a009f52fdda93f7236cca123f47140154ab822fa3b3cb95a73a63f
1082	a032ddeb60634c22b6dc65c18ce9efcc159d50baa5bd28085c7ff3e4ba382edc	2cbc4c7a57b56c8f37293b197ed98ac9d66954d1bbdda9bc70818c8c0134dc96	88ccc733ad8310a42cd5e13328420ac5cb4d4936c8a433971c16adf0976e7104	eb045c5de95d64a88538f49292475f88c42d064ba6c80d1af191fecf3b45bc5a	2f80201760768ef29d2fbfa3a1f836bb3a6460eb0550d5948300cb092acd421d	4be2ad43ac5300c41e2ba1ce560e6ba1eb9723d85c449f67cb4014366ff83324
1083	e25976fa5c3f81ad5f480b4e7c5bb8cbfb6b077f1aff4ef4ab440cb5dacc2bb4	ea4d9bd18138c1edfd7912edf58767dd607357bb6cc376501606916c1b4d7e36	a5d858a8d5e90f8945b005e260ac87b5e3222ac784ef5216093ee0a09f0e44ba	143a56178969ab3b000a5d65fde4ea79254aa7a695d95c66557c8a207ea2c8d4	93147c74c7e4506e5a2794f6ac0c1c3d36d50172aaf001299ea958365a288dc5	22f354901350ad1ba02b53bd3b6f5d9b21cf16e1980da62d03c8bb8bc8ae00e0
1084	ffb6e2b42bbc909bf661277f35f54a1857f54cb344871c3a085ccfb8c7c172c1	ec956aaa3403030d41c505cba30a2f7d3e1cd771e3b21967830118d80685a574	fbc69abce8947197c840fb7258c8f0f9ea45ef909f67a0a02b17e3237140da05	5958c9541ab83ae705ec4a935853f7d7e333d62637ce0e4e74b39eedc3942c26	154d555bad130632f5142767c95a425510cb79f9452704155b6b1d74382b3c97	b3f100c2f88f00f4ef01635cd63b6785ca5ab594226b24569eff5cd97de527d5
1085	97689a9e914b1a68c82f7f33537c5da047c1744725bc8c57511b93e7268f307d	fad6c5cb6cd4183426995a781b8b50f14f60f10a59233c2f19a31d45be6566ef	45b253a31425085dd0cb0f8ff20930ead5749e62fc5d89dad981b45423dd8bf3	b59bda3cf326d5964ba97b4bdcf516facbc8d339068b45f1158fa94c44e3eaf4	652ba4fc50363a99ed45d061880379c216cfa21e08f016386af5f2971ac262c0	89c5735990b6d7d298528e7f629b5b8ea9fc42a3e4e29c936c3aa92db2cfc9b4
1086	de1442a4f03310473aaf661f0d441411b5914b8fc9682ba078e887d19fa35926	07597d8cf7b80963289d5d6e3ae523ac16155356df30ff691d87defe5b77b503	cb829b63a69dad585e97d2d952219d873e1b115dc3013f2f8885ab11c7a8e673	ecba69f2a457238022271095e542921165dbe4281408ee8438c5edee2898f8e2	8e4b5c382f93f4453e06f73aab66545b46911b0bc240fe54cb561f30c0c145e6	266d2aa53af5b46cad896c2b042f27597f40caad363db1200d0705cd14d14ccd
1087	a1b1772f90abede80c61bc65665189dc04e7533999f5a9715d3b9d16e7d2e9e5	1eb693426f7ff2c423e8fcbe19d43a523aba6a96397209b15cc0515814ce2692	c0a88165523477c6042ec2b2fdc2608d1ff1de5454e9121969923f1bd4a373f9	89875fe97397101ea0665b4e8cde8371a1ec87a3c7c100ec44adef00f73faa75	b346e4e7116f0239035abb1ba219c7aa0da7f583c49ce95bfa5aa13543f7b79a	13d7f02bd5af77b4956e61db2731e57cf77fb53b9abf1aa02e9882b9aa10426c
1088	1437f59545fcf36ae614fd1597719fd907a7b0bc01e345c64f8619e8e4da51e6	87f8ea406b8a1310ce32a5d076d974a32a1a4c960e30d471b0ab3f1c346df524	f30db4419dbe192eba1bb44c5afbecce381e2e43ee758e0a72c7879f57f9925b	3c0f31306db80f5bee975b7548ad2dc633593d8aecda3e87c92a87858cbfa13d	ffda4057b1a653bec7bd5ca2f132432874e8d3d3bdb3643458ad7daecfbfbccb	457e4750fe1e3f74c4cea5c6f70a4dda80c6434b8687b5fb649930e4754bad6b
1089	33782432282a53fd3b11421fe06e0e24c3e6483b4fd2e6102597415f5f09a75d	d13cb38ec738147cddb65917072a3394d1d5a844b509d341788c824d53e82ff6	ff557de77f6b65518fceed434ea4f7652392c35dc10e17f5992d5df0fbe471fe	67ab48e145fbe43e29feb4bdb79b2564356fc4aeb6b598110afd57ed28bbdc4c	246b4a11660bb41abe74d3e3ba517ef5a1f4b6d3a0430c8cd7cb1e4fd840ea94	8d4e94d259879620695fe6a99f33e999ace2310212fe188461dbaecd4be5d767
1090	f32d96f9269bc53f8d18831f1b5acc5b33296417fd852973453811d988137315	bf435bc054dfdc7a00909fae4d6d58ddb0cacbaea58ad0c13627f60531cb4b03	b8d54697fcc6bd6aad10126c2f62744544bf35725869d9a95c090cd486dcdd60	44072300c52921ab2b7a9fb0588fbc1bca83f44048b5640d962af714ef18b1d9	514360676bb24a4bc5b7242d860ff8a3422c772e1a8b176cd1b5a71616004aa1	95486c6c6d1061ee98ea23abe19d09760317814c1e0e432b7b49ab103135bb7b
1091	55f8924525d7dcfba79824a0a17e9741aed17da859ef24a5ccfe09bf65eda217	5900f88a61f7003117f6365b80485f6ed9e31be05a26a7578e4a291938ee884d	d065611596a9c4356f7ac7b6c4ed75d308c9643b318e9961bf38ea5e85f2be8b	937db0106003639f016f9e87e987921fb414d64ddd8e3446aaded3f9a4f4c080	546f649d0eb2a83743fb395e58ca3dedc4910f421aa367fb2754055a18e7d2f8	43d2b39241d4f00d740730c62161797731cea0b2dec58d69e0fb16ad0e4c696a
1092	317c865bf4e53b36ef97639506129c4fb49428b1f76a873c194255d9336c1256	513deca93476420ebc0af9626e0614c71c41760cd3a6984492d0d7f20884422d	44005c9182755c0b43429f2c9861404961856e3e2d316780ebefa672b3894bb2	56aa9ccdf2ff2bf5e1cb71034b6ebfd4c95460b645ffcbeb7b0174f1b167031d	dd6ada0a96d00c4849f560807a6ad502f0a5850006489fd8a303443542b6e268	603c2f423edd9405e817216dd5f875cd3bacab584d88461661f1d2ae99cdecff
1093	11f21e68923875a78d993312607fdca077afc1540ef38423bec658923082235f	e00d71a05b19a4ba6e7fd17617cbe78a9db0eaf1318fadc69161e4a00147254c	1c7e9925e9345db5573744401d9b824a768c28c2caa0b5047a5a3d8286bf51cf	708a80bbd7b948726e000d2e16f24dc1ec2c0d19454dc3dbedb2fd9359ce30cc	de5d62a2996c506e73f85042d379beb4a2709fedb7d777cba32edcfee7080893	3113b7c72d65f76cbb0d6c39333c51f4838eaf6b1281d052619d13e27ebbf153
1094	485e88666880ee21c8000b7e730cea2a498aefc5f0dc1db30ddf34a4ea3f0640	8596d703ec12a83ffd78f5822d319ea4a596d0affe91bb193a7d794fb1262957	9f11a689b976be8fd43fb7d1f1f1601c77418b11170549a5a3653674d4131069	8034404944749485061012d8e44b4bc88b0a93a6dccd0ba67dfb700a7f9033a4	a327b474528730215840fbf64558900011e5228ac10831cd234b465d7225253e	f4fe381202526304f4eceb28da314c0605e244c456a7120d2bf7edc14f780639
1095	2774610c186335011e27ae00b42834b27eb5bbacba43173a2d57ee5c0e194cdc	54271305510293d88560b429238f31d334177e677376fb29c5fd295d5f6ad459	65309e86773d33791a9ca0adbe8c287a022cfb11e42dfdb1d3738052f7e95650	5e50a02aeee5d58cd87cf9fee48860b08ccb5c47581c9e45b4c010dfa6ec8656	b812f771470e9e43d234743391feca25c8f30ad31bacc4318e3cf3565d364c0b	141f90f06e37659a4d95512f404244d8a49b837c05a9a2fe061347c4af3114f8
1096	ff4cf681dd45c5344557ac5cb93d31d2b5fdfb8cd20ada17dec4d8722995103d	c5a565f14d804fcae8d74b9a1dd4bd3060fc2a2999120e73a380848c1d5839f1	3fa366326bd831dce6f22a34ff846285bfd75bd4b3e632a7d663f48fb273fb35	48bcfb3b7356ed723d842d02cee711e0cdd47fe51f08221f6b11fb64324c4d4d	ab7c2ca09a124ecddc2b6978a6b4b8caed47226d7e900aed76ad7c741bacf472	40d464015cfca120638c293cb52ba14f791fc2927e58ab04729b4c3342b9379e
1097	186c07f48b24358d67bd5d3a70e517e9b2e2cdddd4270fb4dbd6d3da98d9b4b6	61b49a37b7b98fd7d5dd6884ea8c678232db3d8eef107e4c987a09e5fa3755cb	d4aa78f170ecc3ee8732941c52ae547720b0085b498f38af641851c980886f78	11d9c596e020764b5d094dc91cb45e3629686cd16a6b43ebb52a3a4b640db59b	45c053b74bb596a5223ca721456acfccf35ca3f10c26c71829654409d108abb3	750437fc55c78eb414a961753e8d12afc5b401bc6a35d93f72317708a922a8a4
1098	af573163cb1bb662952bacf0b295cbc0cca0c2c98c793955e647e99ff18b5956	4c64e3c88bc8e6cf2d65da73fb0ae938ea98d49e523e7ca892d858b52e4b740d	5737c190684393bc46d952a764540f7651c7b7133dc365a9f8fefa82cd3f5eeb	cb2d30bb79ad83b9a31a126cdc4a20ee76b2e17c6880118035c430f1f5ab75fa	017d045795febdb230defa13c1fe2d5d8f3d99944afb549206de67467b847ccc	8f5cecd1fa5ce9f76fb46afc6d0b6b8133360574bfc556815f2b430858a702e1
1099	dd2a4bbdda8183d98db52c55b9ba8e096c81507cc41b87241ec51cdea9b616bb	ed89b9dd67072c775e26c3f5469dd758de907539af66d8af0a5c73b550167170	d002c400d07459c544ade5959ac4e1426eb77371582866d136cf54a6e1639743	1e8cec5612adf5dcb59315a73ae53774a9db50cd2454403c8493d53bdff4a90a	5823def3c4fc25174bb5b1e0c6017ee94b93abdcf058d3528aac2c172df35fb6	75e4c73f0a5b4a6db0883fe33f5e53ed06d08d92eacb3bd8f839da1a8ab90854
1100	8a1059be595d004334bc73f89bc4304ec86d52c46e0ecf35f075d0253b8508d0	546c7fead90c277091232d5fa37602d70c968759704cb6e95fbb423e6a5d1f61	3d97a9d0926382cfb7d0e537dbac139e6d1970a91e97d1315df6b73599d82388	5cedac5611d99bdf004dd2a27f3a3331ab348abc2aa9614e2c45125e8e370bb6	e8f54ec34b64646bb58bbb770a0455adb98e14639450de8bf66256d6dfeb3306	8f880eedfe524a9cef5a805bbbe88377b9e934355e393ef5f5c8c95df3a33a98
1101	d3f7420b3214d0b52deb0e2c5e36268a5f246a561f7fcfbf0b745e1b89f062a5	13450a2c7715077bb4bd4d234e60a6b6c98e0b07363d1a65783baa3c195a1e3d	908320c587a8998e403eb490df9ca66cc3d7a2ca35601d48c428bd1ad87b6a0b	55f4f8bd265d2e66d3c81e611f4d572892e5c9f7bcf1cc1aa6ed9aeda87bf67f	1a84abca89c192dbef95d68f7be18b43e5bd223ed20508c9652465eb2312da05	d59555d9ca5d04e4356092aaee4fac1f548bf65e6b35faa085442109446f9f2c
1102	d6cb9a0b8e680acde724b513f782a32de33027ac374bc3f41746846de142222e	67e65ae242ba2fda3e7b283df5c7cfddc6393c2c2c87ab2b91094abea84c99b7	2af882137a053c159f7049de0b77fe3c1bfdfab8930d03aef71252664d7cab4c	00739116b46c5424514f6bf96387a76566e8b008e22c0e32ad4acb10af46c569	9c213b4ba1d882a56da24aead213ed1bb88e0af97995aa75d02da7647cea71dd	04b36bed130aa208b2ef55d0cd8b3dfaa5562cfe5f0b50f103f0378789169368
1103	43ae9b9b47bb44a1d64a4379e8204737e6eca62c0c43f99fbc7528e9a78e8378	cedd73b5fdea33acd374b7a8d2ddcd1b8114f8f77dfeac3cb47d222ea7875672	c2b851cf090566be4c8d1306d17f98fc62d9e05ca0fae781472cb1d5c1a5887b	5484b7a7c8a6fe7b54627b11a92e258b22e51cd4ddced1ab512a751dec1072c1	220659833a3afb4eb811dc4dd7f85963e139e9f3d78fb41d49e89bb898c4aaa5	29d665b7c07d99837e91b3e11aab4eda6832a015484f37c06c989ed52e0a1ae5
1104	34274c373fb4d130576074cc15e21cabe01be50286336e8f099e3075da27d395	e92d4377474f63b98e1d59f10f0e2d74d778e5675cad99d5c2494be9f60d4304	a78d029bfa81588f631efdb5871f352a9fe824ca6ac75dcf5374f210a228a441	e2cb9f8c3f355fdebf7726b600b89eec121418ed6c1fb6834aa6c1ac9ebc093a	e0f96a73b6df904e3f9cbcad368f92d2e434d75177800c9c57cd297246bd93b1	40f6f874b0fc48373e39cd6dafda01de65de17e69161079d78062d4b0670f230
1105	853582c96ccc00bfe1f5194e8647984949057744dd6ecfa8b9b9eb12bf8c3e64	dc84d9653fbdb493f96a0e4f480ae31835c3a701c50624762b6d6692acef79ef	ec9c40642e36f440277da919ceebcecbad454c580a1cad5876004bfc94a80ae2	e221fa0317115a293c80db551b2c0af3e7316e48f8ce9b123528eb2685aa3917	715ad0f1696646c0e19c2bdeae9db2bc8382986798be2c3276cf93b8062929c4	548631e803151754a2b47152a1136b9f1ee05fd393261d12d1dd3e923dda3f4a
1106	63b1c8698ce671504957f49d39211a38cfa445e9b76de92ca5958a02c350e8f7	1de1281fc4285e0b7248c3267f0e74dba60f90bff49fcafbbc84ccf22676facd	e86cfe0cff620d219d25bd59845c1c099b5fcd41299c7530e992e538426d34d8	0bfb57271b83ca6e0649c265cc7e95e31d91edcaf61e31ae5dadc5b56bafdb42	1dbbbb4bde0127ebf1d9ab9b064d562ca769684e6820a642a8a1193c8aab360b	da31f2ce75f3fb503ce3d7d556abe6726edf28801f1996de81aa21629661cd1d
1107	c800cc6cd348fc1c457587f1e36cd9caca495f0c718447e8bcc7d324fa654228	361afdfb84a9bd4009d9600cdd8877fe1c7f15362c5d7524a123cf9d694167f7	c4e777942d46bf13063afe9963297dbb6177911b78198e0d78edc7517ba3e22b	aa567918b4f205ac8e7c17ae18ab0f40f7d9489d31c434f5643b2c0ef900aba0	b3c17491e55a5d5b416ad85a21997481564ca3c8bd75b94469802d2dd31bbf58	2f50fc630636af6a9dc178d2794009d323fc41c5affd5b864cdcbdf60b02bdf1
1108	2e449c9b76f0600e3d5e8032240770f7a0064b5fcedea8803dfaf219b357d05d	26abd8759a404eb72a1629ff0e3c3534b8ee1b9e767080f9592a12248075a35c	f8b46e0b12b671046400ae4e3e07424a9cc7ca112e982ec39a4b9290fa0f989d	164b11d91460bb00adf47b6bb2d2e2025589ddcd55b6723f7a30b4eb52bb7130	8f414ca7306d839b2ad3f77f7792d67d87841b163c4fee977219b7bda4fe664f	d800e920049dcba0ce4ed1a356259006fe6a234c3b64ca1b22209fb8b4eea755
1109	4a694572f8196eac25ad92403f9648fd816f0de2a472fc32aa03903f6e10ee55	4d550c92424f56e34701ad339590339f1c10d9a17a3359a60931d100a817516a	5f0453b81c9141e97264e48873c677438ea9f4357a29fb7c37c86327dd38c9ec	b1fbf8ea900634baaec9b8876b2fb69501fe2c29b9ea46849ba8112a1cff80f6	770cfbbeba0fac3890b8a4f3ddfa96d9208ce49eeb566f48156e67f53a119dda	8fc18e1b0ec8e9c3da1a65047fb150c4cfcc71541248e8f94acd82877e248ee6
1110	e506b4b4744069935ee00262bfca7c354c3fc5ca4f3a0bc154c76a0e8870fee4	fd7eda2fe7f55028a38d4edda5567437eb83f7157e140d76fe7d0b3c820a4de6	7e20876bf452c7e388d1bd599e562f690984113f58fb0c9863060e28c6c11623	5c99e8d85b433630230ff492ae4cb580ea2eacd92f57bd5e022a21208479f796	34733f37583251910baf8f55af67ff326d5ed88ab5679491c719bb7778fba84a	f5fcee098a0e45307385c5f45fec86778aa023789e9be17158671513ab14d2ae
1111	e03e40493bbb50c12e72f449751bc6f3c9416fe3d38ef9b741a4cc3c7a538cbb	5838c2790f794cde9b452639f6b349dee6001a9a4ae600c4d93a6c08b402948d	ae305cb69ceaeead9afd6b10917016ec88494018089c0c56c345cad7b607fb59	1d6921442cbecaed0766ec83789fb5a4f3780de0ae3f9cc352163ff1ca307026	9ed3c5d6a41158a23e1af04fb4185df7b334aad63ba053761d13cbc60badd856	4f5b4d0b75c9f49afb74a52d7363e52cfcf6f1b1adf4028e73db1e8bce0c3151
1112	89c42d9baadc2720d606871d2818019cd8fa1c1b8675595a16d43f11fc2c7dc6	9b8bba60f089af82b835dd16c689b33213c3d1381108ed001d55fdeb34bfc952	fb52a5602cde6ede37a0b0f6f287526fcb9e1e262f9be13908dfce184b2c7074	f8d103facafdf20345401912d081794d5d9d197a380ffa6811e81cffdf49d191	31f7721f7d40fdaaaa905caec756aa54f52653565d4985e98eed2c76c37c4bf0	476826a31038b5b751345476e69f4a677d287583c865e5cf845380d272ca1794
1113	c4cc69bcb922a1ae6a298e1f92a539be10d3d6f8cab76c387048b697296f4607	b5efae32fccbf4e319db034f09265f3d42c8ac7cc389bc0066302e709565d237	dc4fece403a9c1a83718faa2c76585850f6810808d3cade98b5f4dc374c54579	ecdf82ac4bd38bc3b06d272b14060fcd94bb29f0787eb385cbec18fbada846c6	2f85b902110fcc4c053082046392a459ce3b176f9143ba753a75eae000ed8cb6	773ff2af0e7e876189da2562c5c9820590bbdc065bffee9bb1180488485ad4bf
1114	898e554afa9c73c928798e156425b4670f56859fe0b12656e348515614f8b404	d0febaa71ed3d358b3234290722695ceb99d806314d97021540d1710401650a0	7e103cfe7b668e166f1b814b914979c8873401b17f256be35c28b87f4653167a	e53237a822661dcbda8d6c27d4b1523448ce80bfd57ec4ff4838e60e4b8def8d	a190eb44d063b5cfca169716c46d60b73f94b999029bacc3abe4b72d46f2a58d	2f730980ef64e85884fa478b1b94dde6b69a41837d6057361e7a46727162ad65
1115	634078f37c286c2ba59c1098558979ec5323295a97ff34ba393e45a135f0653e	4d8a59a1999fb1d3a29e44ec5567247b7a3676609805c3f745ba4fa78d83d9f6	cb9dd6693703a1a800aad34a9d26c2a58310d31a848cf27041cf40dd47f51036	f21d96415a35f8b002695ce1622a0df7c46016b54d2af71171806d72ab48d4f5	6b80ad29517c875a06a6007b211e64ea74df133659a60ea52de1ad3fee2f12f7	f5e3771513820617b04e3e15a66672ede6b383b2ca6150f9417e60a5cee17535
1116	1d763612604a171271078f527e1ba72b3e0cd73101e679bac0acd17b097f65b8	0e728197f61a2dc72ab8c3bb4e8955b327e2fb71225fd47d344c400c65557b5c	763022df2687cc0093f1101ff3f49400cb551ced01636f14e9630d22c8f7e294	c3d17c72601355b3e6e3448e5a36d606be14d900e6e86d805da8b350260068f5	32479f442eddb55ea415623ab690ba100fe214267cdb9cbe3374eb78fe535c28	ec3657b3a9f6a247b8d6049a2f3c378c024b5e105e9825ec56cf05d39d6770a0
1117	1e863b23fdcd1db72db04611285abd438b91fe2d2f7e35e0d9ba507a8560d498	4c9e15195ae7dc4e83227fbdf7f9087a818a2430d36c246e1e9816271fb1426d	5edd006ba41935e6cd9d2ea4ba3bfdab059cc706d877237ff4cc9c13314531e4	6db437a40697b2b16945b4a2109f3de65902543ba9225ec97f82c69a8fcf00a6	f2dc08778f9cb7acdc5f6e4600c9ed49354051a7081e467f6e810c5b3c78d92e	e3d0e4c0a1e9d40a1d27a0ef00a92b158e8516d3ee6d638339b6fa4524d9713b
1118	0f6d477e639f87391d5880c50c80641db43cf13f6332123e266b85cc9eb365d8	4e0e7326eceac4e2aac57d7db3c9b1f753c09b385c1179e0fc5a1d7e9293a702	a1b67b31628c5c6d02c07b976186f1b2e49ebde9b08c338e55a3d4596a29f1f3	1a542b65e8c6353fee82a0668e4d5934e514be92d4cf406e82224b2a049d7a4f	8cb78c0f32e580fcb3488da82749f86eacdd77402b9a3203f266123e5ed5086d	760b4ae348eeae16aba51653a955fa3ecef1bc012e2ce74cfdddfae8d8524a63
1119	9641255240e38bf0f40975872d1cfd87a636e2fca39259425611533c549c6230	8b94f195ecc746a52336d4a0466acf3c9158c0d3fd64a0d46118813d06cf60f4	ab4a2b14e1e7a8890350816bd838c89be14597ca74a64fde4935f1ea5150e891	d38249c27ff82d273917bce012cfdc4c3a170a8b622c6cab71b051f4cdc312a8	7dcbcf078b9493d36bb9af09b6394eb3eb57c54fc3f4b961be6a1abec7c6f110	3129c3b857bf867bc5f64b6aa780d7c54310ac1e0b056ced4ab361d1a8f0f907
1120	54330213de5dd1390e53f832510d68b0923c7d418707a21ebc15736d2ed88224	4942db527c0a7ce5ab84eff9aaf6ba516be59bbb38fa7a5d7723077ecde08541	34ec2f7946e20212e6a3b1ba91c80d26d12eb1f1384b7c713fbb51b0fbf063e8	2da6c58f833922dfcac0bb293a1fd634e115a60ccd748d63d2866f2ef1064958	2a51c48866a3bba194def06aec2eaed4f30d2c8acd0e5fc66dc3d94d4ad56e46	363473dd9e248606880831f3809de6db7dd2aee209454f88d3279e00a67a23ea
1121	d869f7cee666c3927633b774de5e189bd01995a9c120226a5e28e0332443d6d0	06a742112681601f3f3815da0e406c3209297f362be7936ddfa865f2f7c41649	f1184e13c41eaec8856f88175026c10c6b2664389724b281e0f7779101719ee8	08660797875145b2eeabe36b040545c10d45c8fdf064151d6f77090ea2301ec0	793f65366ecf5934c62fe6d4489535a6271a4e34fd7d626d45b02f90cd60f9e7	21a12efa4260ec1d24026ba00a60d5344d7738b31941f81bdff15e995452f711
1122	102e0b6f43a213b16c638bb0c7645a7ebf9019b97b4dca4ea2b6d193ffe2aa3a	dbb34c4776f92137354cdc04f14f1de7696ce21758ded8631f0ddb60667e797f	83ead9e60158fb00260a03a9fb44ffb77640993b5b4e4b256426a4343a84591c	7ec3d7ca0c940e2f5974ae5b31103b2992613c3af236a8f76715584aec77ffbf	91195846829bbf5342937c80c641540e5cac05e713172ccec19a30e122aa27c2	274fa3178a33e56ef5ea402da98c502955457449d78b031e65ca4bad5d5d76f3
1123	9740ac30d82d0487ca96f0eb833bb90470a3cb58ba71e76265bf6765bb7191ee	1ec3c8615215f79be543f71059bbe788a544f1c1055aaafb387613ee1e0c22b7	0b223d05a9502431afd150f3bc9622f750833201789ce46b6dd6c54379f08fb9	3c7eb71a54856204ab2ce21f2315c785a44a35f96e21c02b4a08c08e71f66d5e	eb8e9045c577d8856ca5ec07096915954b4253e3343f22c664bc9734cf71cdb4	005983221acaa97196458bd0d2d61979988ee738f76624ebd21fe33b7ec753f0
1124	ccb37452b041f0e0b890fd5cefa259dab5669195d1dce153ed752273d10d490a	45525281bc11636b5e9dc863f98f936fad60c1e5371ba17e3b15f805bcdda748	5dcba45819c6868b3c630f88c3c3ef91cf873b2530cfba594f32e45e90e98dee	2fef8dfe349e361e402dc2ade6e529786fa03b8ebbeee5c6dd5c8e42c4d286d4	7866263d3694026908ddd6cc747cd9aa47833d93c1ff5d0a6464a360a3bf8426	74d8a611e3079f54ba1c50d5de1e31aafc30d1cc6015ddae7dd07215987035bd
1125	1ef9a616d5f800df639fc182a36eb53335e4a43a57bc5c9f6e712a7dfbc818d4	c762d4615abc6cf74cf078efa8ebeefca22a3c2238cc4c39c630008f01303a0b	033634a4b463d0b877838a94817ccb70045f2bd227678620df3a54642d7c729d	0b50815c047f7c4d3839235d712501a6f557519fe266d1a5935065419bd52ae2	edb3fd64423a7955ec4341543cf1037fd73e7bc173361bbe773eb0c5e10c53e0	6cdbe4afa20b01f0948f04f95975b0cc221692c9479418a50ee68920beb7bd75
1126	d46316b055b32695d39508f1fe32f1c5701ba9a17cc5de9a9f020ab8dbee5002	bcd454c5f9da24343d6621ca9d13b0de4a0771bde67fffeefb1ee04cc1b2817b	7225abf03162875721827058433d939ba755d911ee8c7bdd3d6ec844ff07a6e6	6c37a007375ec52ac25a95b3d54106978e75765e5bebff364f0473108e31e67b	38e852dbc567b21f4a2f4e1c4ea4d6b62f0dde26001f7d9a8661b8083081923a	0a377f380041e693377925ffb7f9781b7418269e8537720a141cb672ee0fcc6a
1127	73db50155f0948c8b56a274845a43c360c5cc10538b0b73ddab82ab59917e107	ec730ccf3cb8df88f80b442c1d7703ee2914014016f3b5bf42faa107da2cc2d0	88e4b0b6e7dbcfc601f1a859d9856d8be7f05176c1c328f16aea5fcb05007b22	184fbceb8ead92d0e3450c6796c01642cc461574b4427700bef3177916ba7d3e	0225b481829828543e123658dc125d593ea5afd83e5249f881d09c1b8a400adc	5482475a2a04f1e73f52d900fee1b0eb64e99258a6aad4270589294dbc34e4d1
1128	9d510c047d412710a5668d8dbdf3eb0c48cefd171173206587d0966824ab6fa4	4fe29d9679e20844dc28ef431598492802bcf9cfe0ec9ca9aa6e46bb63fd6a01	f944e2b9d5175e1a24a00ff56334916c26df6eb624a1ce4ff51a952ab99a8025	9f3d1f6955c181e50abb1ee327259ae687aad99ff0f4d47c17fd96647bd88c3a	dc38da20c9e24c094f0ef2d4d632fbe0a78992194b117fe94926dd22041f6891	6a9268909a84f2f64421e7356fa957670d624ba8315abf84f21cb8666b24ab36
1129	e41d092c0186f4f2087ee41dbe8aecb337af464a29feddcf3f41bcb4d23113bc	7aa774e47ce16793115fa722d6d3415c486e5c5512ab0c97101311069953fc4a	b1564715de73064a283e005f449f8902f97c3930000917ea6729f6d8999432f0	035171ae36d7e4a030fc0def25d018009ef2a3d1b36f5e7ad9e30556c04b026b	326c1c8ec39819b28295826b6d2e561f33b2205836b696fe9ddcbec051386c69	cd64bfca01123c84de777d80597693539087846e6b132115823789b496df12ea
1130	ec66b327655074da027a0cef0276ef8fc8217db4b3e6b33220b86c11bfedc209	474227341bf2a22a12b8a443118afc655413a876ae611a2d49fdab58c32ce3d2	e9307a4723957b0b31727124d5e9dfb1b2b0c4e4ebed3eb47d8bab9b243d05de	434caa70a53787339dbbedf8ee3cb71cbd93d361f63568f22c784a7fb3ab416b	1e235f2f506e735bd3480d2e6c10fe553a5ee0b26ec6e2e85ff88b1eb5aec9ba	680683721e553b0efbc19d48aa39013dd1c0905ca6690751c0781be7c15c1c74
1131	34fe27840ad535e009f624d9005f5eafa0b2073b4bd4e1e17eda2f6e1a61be3f	367b37d6c0c1a34e97128d13f3c1b6068d2c9488852a3f14a7cc268360f1e383	ae78e1a2e7a8a9009003f9b2f28b37a914e18aa993091978d7645d918ac9a8ec	c38e952c60216017606b3979bcae73b9e93df7660e407296cdf6844e617901e1	007fc9207e12acece00ecaa1ff9f5e20cc70d71a57d8be8f60ec2c3cbe726753	c842a2f2cad6707fb3cd6f0b93d9a698be5317cbeaf211f642c7f28e1a8f0bef
1132	ea34e0fd1534737d43c894f8cc08a6fcf2c1669d2bda8b8377749219b042e528	098aec0ee77d01c36c37d9adf2628fbbc90bc1a417e071020109c7299a6902e8	e2a3440038d4ef17f6033c9a787fdc196262510809351a7861f97dbac12d3dc5	d94d6e79859ff345dbab1c958adfbdb1bde1929a1231e06360852f8939576714	f0682f05b1c28156687e3f4e70ba279027855012dc97161a60c2d9c0b79660f7	096aedfd2752294b27b9c26f7fa5bb80849b7085761a73ee81b2c9ae56bcdbc9
1133	85a95da03bcfc082e8f0abd5e090c8e92edead96854dd8bbb33b00ffa0394c7e	7578ebf222fa476df4e957607d86a7899d1c108b416e733dd570bc9be981c79d	2556aaebd3e69f86f9e53d4f6dcd2015122dbc48ef5629404604677456367ba1	2cc89ec33081e81ad74fc8bbbf2824695c21cc5f06dca5a5ade993b3a39ceb14	304dfe845423ab57784f8a1ee7456c4572ebb4261c8ee9fffaa9770d8fd4c880	d388df78a4b9b06a1c222281768e5479e02ceb830aa5d79fffae16fc4f60cde8
1134	505dadd0c5effbee46c2ddbe2fe1e29300153283b4102dcc7fd061fb23180102	f96f74d2026f4cfe695b3c73d382931a1d6ad2591a431d8392fb09c0782eab27	1c10590d4d51b7d2e4da946a368dd55751e7c39c3d7725c70a8c6e68e002f6a8	ceb4b2081c76ccfed2f4388a31a515f3a3ed2675f1f43d751d3ebcfe4fd548af	30a48cf4dfafe673550860f6b5a801f4f2cf3d37b406fb6b4448b0698b9ba54e	0529d6e5197024ed7f899f768ecf2eddc3cf8bf6f61cca60a33e69b9c8f460ed
1135	8c7f2194b46bd10310ac31cd608e0b13c076b3df5d180b13809f065ef3cca679	4fdeecd1ac90769145322173b65d43e0d13cadad35674c2f3c548152fb9b9a06	ed2926ff8f900d50caefd6fcb12b577b6467f8cabf29e35791315aa936b3c241	6406b42b89a89cb522fb56b00d3b66a391ab4fb76ffdda682b1fd187271aa210	b9b6cffc78cca5fd8969929c4051adc7979cd224f92bb75bdaf0034f1c4d1e8c	03cfaf7ad7e1e1b66cba4f36c3ca65640a172e60b6a248a64e427278ec25117a
1136	7c1e075ae5437361292728731528783bc138123bbfb5725706d150130e73369b	1fc75d84bf4ab1f6db6851401784ac34104771f0765c1d9db3fe9fce6f070c3f	35a7ed9be1f53f256d5d7a8f8687f133159e91f437000cd11a8dfc725f7f6bfc	9a244082726a671ed032356cd105b85e433ce00f2744a36b9974f53dd75c1562	d5e627247a275ca86ff42c1d98259fbaa8595c4a1fda97632839c775f0f8bd42	b85b8d0594a395d543853dddf7ae8af65bbbded11bc047ca4d98d81943de4eaa
1137	80995ca26a644455081f745981adf2038bb4b26c9d28616f36e014840416d8d2	c6d95098cb597c719fe4c2427d5973c9d509cf1d5fe096661d74a3009eaba4d7	a1a7d6a0cca1fddcd2685fab656cb7d0d0f743c9078e5c4df011cfb65414a820	9cf012e8f26971e45a149eec521a19ad7c74180d92f2285d9f006891bb8a8803	7aff8465498355337afaadd38337e851ec6266ad26a2ee0504ec66885c1ef245	6c7d93a9fe9830f22c6f28140b8aae50a2a1553fbc95130ee2efe6d5113bd788
1138	e1948be3d45c8b69ff47525bf7cd9f6feb705f187ec9c08d70991f1f6ba41701	521c3bd0a30fdab533db20f35d8596eb205f79f4c86efec5f9019b6020286c35	c4cec1d2c5cc099aadcd612f9fda03cab4d982acf2f6b95e8f4052c14db44a6a	bc8580d531fe649da17fdf8ba8eb92c1e5a35307645fe05b675de7b54719a604	5f2860540040c79902441e29b6b72d9eac0d10eb6266e2d089cda7eeef8041be	0c008f62adde1b2e57412428c8f11bcad03ad96b2f67575c2a3dce4f40c6dd02
1139	b85eaf9e65c4339f13da833454dfea55edaadd486ebc33a5e323a4441711af71	875657d0440d6ce1940e45760fb714259161c2f7c75cae7e2333c56756790741	9e0f59e23c418755053620b01f9b00dc92aada650b5dc93e953a2a1055ed7655	f087d06d770d7f6c93fd5ccd306397694077b6d25ec689da8da7ca3383ed0983	9785733a567aac36bf0a1a7b1ebef92204f3bd386f4a67b2fca7662f4ce8554f	11b2e708842748f34b8ef48ce565dee1cb64375d8093e31a40fc5e93571f58df
1140	9c2a92b1ee43f69b629455d5e4faf5912909814ee9db241b3aec37bf6e47330f	12ad59a29fa49b45b8f384efff195394a469cb10d21132e4cd24c735b4bd9866	490d14413f6fe09952912ac77ad5608ce9731167b50e7cb68c86f29bfbe8509a	f1706bff0b1d5ffee083b693241b7c4cc96032845822d813d754059b24b15966	a550fb1d0d79a74b89da5eccc19d5e66367d4a68d0fea1e28558662418c77a84	c6f66c209f582c2ab33b60951fbf3de900de02ee3fe7550cdf52b5b619aa3b9f
1141	9dd09235b6b19bb9f5133ea541c2f86fbc3572c32e716a469a080fdb2897030b	0554b6748feab7e9a310f0c4bf1a623b81f34218faad0c7ab90ba582ae2e1a27	7a9dfba3d1e596f74d3b0c104d873a009c26920b9e5326394012091e9fab522d	e5c35ffd14a4474dcd853ba2c403bc9da667876b9e75c1eea1331b8ab323a29f	0846882e1d945ce84637c04f6e3ace4c09826f5d20ca35f5ed7cc08b2a79dec3	3d9c492ef6faa1335ac5c4e04bcf17fbe92a852b1338cbc05bf51816d257e139
1142	13176194aeb5a56ad96b8f2211cc455c0adefc4f81c90add2adad72941f3359d	3f0353516d9933fd1903e68c6e2a8ae06d5fb29fba42a3cdf3f786528d000e17	476fc1b9c84e3878b306fea83e4c38d69f5347f7ad88d158b50f40494fabd73f	c94f5e8510848580243668dfb0c77c9f4f2f3b21c2782497f43fd4b821356fe1	52b71fae99ab08a25570fa6763c2708cbc7d58ee8ca94bc35108da84815e7695	56062707497071216b8f9589f7ea0d8f7ccede84b94ee49b475140960b0fa52e
1143	61b28d3cdc1dc408f8f4cb13f38c078c99303b5ff98f7c4647b3d05c64d9a94c	d4690cd2c5772fdc7e0034bd88ad346631bf81eae4a3c93c3f6c6770dcde25ae	e318479a58263d62791bc28f3b11fbcef939a8d15fee12bbb8eeec00015cec33	971aca4a4ee8f9be1000271087396535861b225b0e3fdc94dfe5a258329ececd	07da4839eee0996e29030932e9cfe2b9490731400f6ce1c7378319b1e519f5e7	0d047e6b0f1517faca9f3a6dfa67aff64a4a42e56f6d357ae15fef144dd989ba
1144	cfc36e0e20e9a522dbc2c9c9a0315ed847cb2f9f8129b9e9ee99b8a0e3d44712	063ab218e9b76386ba88cb6826d4afe7dd623c264b73d6cb5c093665fc91f124	6223b9e56d33dba376e637dffc076956fc3ba3ba4b8b860684d290c16e2dbca8	2f8f869c8ea93e3f6aaa16aa5dbb6ea4420f1ee6f2778b235c1eb8f4dad8cdff	c8e91ce41b29621ff73dea65a678f4538cdfc96e20e7bfc87440a792d19b7ba1	cc439ff95de8df984da3102f566a5d76d7c0e21f1c271b701084c73b0523b994
1145	6c92ac30c7911484335ded33858a0ef5786dd2ee728f7a6334da73e63fabfbea	f1fad6eaa3287545de3418fd5288798f4e2da8eb1bca1f9d8d9030dc60a96456	4fde1062b1652b67efbf09071cb114d19a6d13204c36950901e1ca691e710bad	86af30733bf1b334db7530634977eae3ebe03f3eb5216c7c2446ba81145489a0	91c0bed87e56485972426bdfc8df02cbc1325764cc4ad764abdeba4aa7ffecea	7e5cfbbe850cb531b492e2de94dc36d1d66900d898dd9417c6ff6c7fbf66bad1
1146	6e3575502564cbe2e12f067022a2f1cedf2f627834a99b0f98b9e3c5a2259480	5e7cd160d433ad610f97076f18439fdb5702ec38ec4c0df17fbb753dc90cb95a	8d5d52c32fef8a09f473b1462548faa56fc0ae663bb727c6046f6e157c97d0fd	57e0de4028bde6ff587ea96814ca9f1263bff90befee27823b1364a07ee61b27	e7268418607384badadea864e4642bccd6fd35a91291058fac27aead146550a7	55bb19f390a1739e54c3f19edd77b39aa09b86df132a954d2e65592e322f93d8
1147	97139ec3990458acfe678951b102c88599861babacb0e94a7df9f5a4e3eb392b	5d5773dd78660a3875af96f02f9fde8486eeb3ce3762d74c976405247060c584	98b3643cd3b68bccdf9b644b0e1ec24a613f6b0c3e0c76b1c891e39079ea7152	22ee6bdf476735b5ef01ea7b785837399635bc1c225de775dbc318219a6ebdb6	7d2ff4809be22ff72d70b8930e067787ca5804df5654632c59125522be32e68f	4ebd4256f4a903566477cd5293ae1b680da693a663d878d713931324605af894
1148	10bc9fdef553d05205d7999a022e8e6f89d8caf3af88ae1b3f2b118fda020ff6	105549ae6d3c371a72464f9c1f277b9dec50a75fbe20045acaeb487867a5a18a	9f1bd6ae51bd42eb555ebbc322f047a0607e5164c7ca9a315ee2e1ed22e185c7	de8963a6ba9d409908582755d92cfc10ac0684c6137cad8a6c08812bdca283b6	58517fefb381c0471dbfcdd372210716a9f9a327ff59bde44672beebc7fdd912	c1405e2121cb8663c2edec2bb4f41e6470b2298496bc3bccba23af80e1b4a5ea
1149	d0a2b1d956d66625952de56bbdd7ca12cba973313f1ffbacb0183c664ddd70b5	9e35db748ba31b41c7b543acd8c483317d5b38a3b60a585c1f156d71596e7d84	b99e382490fa3de81973939e8d385a01d828ce5f419b412735ab9abb528ffbca	dcc19624b095be674d27f9d7e33078f68aff85b26cd4c4a7a5cc14648a3494c0	47daf1bfdc4b4efc3ca963af092a4d8e4de57601fd801f729dd8d65edb742987	edc451b7d99aff903fa48d1bf177f1fe37698e74b72b8586cad386bbdcb24569
1150	f4b8c3b9d9739cf7ebb2fdf06c8433683f14ab7b6564dd37fe5cd0b8078f5f2d	2884e16f0ad85428f34b569caf9ff09b426b7e53fdf88eb7268bb0bb49d3692b	58c9cbb24e059acc404de79a87769f8f6ea7e1e2aaef762169cf1c64c8286edf	432a6e33e6c7ad3f33c86104df33e21279a1eeddc2346f30509ce4774db7cd8d	1a1a206d925393ac1bb05c52e50edbd4655b639ad5dcfa616bd7111d918e8357	568f3e234b17c86c778291cb700d3bc76bc0b42ee204bd95bf9038d587e1c737
1151	79389adea76f22a2aee076087f55632ac943ee4beb369a21e2250f7d7a08f4a7	8acb1bf2e710cb3effe50e5ddc373dfcb86a7bcccab53a71a7f213165ea85112	6af9a8c74ded729778a8149b719843e80bbaa452d586ea73351ac86ff805fcfd	b3a77bfdb2548804585fb68542031e71b7a43898d800a3e121d0c540aa197c4c	5bb4b0f43131c37c0c28a8fb8ce38a0764f9b0eced8977cbc803ba7ad221c943	7a63e634b99bfff88412a99a961322b7729816594eb01acf6c4f0525897f3b79
1152	fdb39deb9e5d646aea6594d2bc57a9e5ba4d1fde1048d33c5b0319c8d8bba8e1	76b268b61f59af8af61ecf3537cbc346dd5394e2662f667e637f81c1a2fd77d7	283b3c4e9793cb0b4d3273ed55243091e7bfebc79a22e27bab42b38b5d9b6c7e	1b32010969f3240d79f6d78a414a41400eef82dede2486feeb6546580017c345	917acaf91a8dc84bf4e7cd56bc1590866786414e33bfd221a8821d56b069fb8d	6b5e86b1a4bdc34858d31439277b7ee23a7ec6eb930122e6b6c5d0917705cf40
1153	832b20878f5665d068510c3d0d7b246d67dca8750d88ab92969306b3857a83ef	cf4a5d8f2a499c204947d631b8b19ae99f6191164ecc4cd20eb8e03d9c947d8b	f50f337c01bd07abbfaff8fba907316a3eca68b2eae81047f0f85ac6867a8122	afffb5e37c2ff31ccc6ef52480996a99d298e6a5288d58bc9ced34c84ecd797a	81722cdecbff3473b3df85b4aa4e12385575f166057ae32b62cbecd4e7e9a2a6	a8eb90d64734df4100c8d1cd6f3814e5e0a304e9c0525ab5a21aef4254d25e34
1154	2518acda94b84e6befad85ef6fa70c8f16cf52b63da32486304bc41837e98e7b	596440673fcd5432b1b07f79f009fd10778522679d18111612ea3d47b490bc80	21927144043a3a5bc8eaf8776a14c04aa11865044b9b0bac796ad487d29acff7	09529ece30fc65ca9621c83146a5d164af9f9fc3c4a65abf1384570a796267e9	400dd7b04490db915b46ad42b6144ad29f888e7eb04cc06492b6f8250f3cb36a	be75dc7bcddf902836842722b7f177acb3c46cc325307d007c999ebe36ad9386
1155	5878711470b5ca4a4b31f6572ba05cae1f1fab5a9be4fced8c48c1c0dc6cc5bf	d4ee039196c8fc82c947d2c6da0d1f34dca9b5b0d862e29012896a3d55c45957	6e9717d64357a669964f94d2baeb544871f0543a370c3746bc2fc388ce52c9e9	aed135ecb1ab615e68620d4a47feb41d7edee4141c10f294f3379d51a391b015	83ee8f2b6c5ae8e5fb5041edfa4b3f258ff947e2d8185bf2935fab0b87ed31c7	8fb4129ed70d7edc91d20abcc1c509a15b9a0b9a534a5c820a178c8348645c62
1156	740157704f9813c3c7f933608f42df3af9d591436a39b3480d07cef0f5892e5b	18f251968709028e97e68e21aa7e7dfa0aadadd95549fae03c4ea8377fedf0a5	8d66533165ca7478456943742f2e3f36f3546bb39fd2d78d95eaadec17512f8e	bfeafb64a680536ce2bbd19bd1a5a4bf96f7728c97153cd1bb64046a4f18357c	e0804466b76f3b6e91e29918b6d5e404c1349b8b0a76abb48d6d65c156c6b363	6dca774bd4854cead0950cd2086edcdfd822fe44e80d7da22c78787324af045a
1157	c73a15626aae96f0648fc6b673ef041cf2195fc1e7f002a309550e82d24b1b1d	720e57ea4ef2ffaf13aa62ea9e1c8439edf4052abf39c3c13da498821a521e94	aa59b60094329214177afa8f64fa87ea8ce19768a9f15ea7d2c79a06e75ef111	f2c394577ec2579318f53d2bb26a4c9bc4c17e64c3f00276b537db25eaa5b2e6	1d074a5f7a1f75a4a9709d62a0e3d5ea095b87f5b2a739f20b449b00e1289321	5ce21ef6a48cbe0ad4e6d50163ba253adddb247eaf828f14c547f9fb611fc6a9
1158	7a5b7e93c24e878feea673ff535a8bccdaa03ae5f2c8bdbe23b11e3de322f56e	6907966e3f53686f447f48c758c7cb3c12d1c444d03e88b3be064872bc018abb	c0616280efcd75133b51b4e0a6d6edc1f16307def106e660df45353e15089fbd	ff023d0ebf0f7cb08dd61e1177a5f54e434c76bd77d0ae936e0b344462364b48	36d4ded6f6b90866b3c350500d71b2554d413165306e2f9fd1231b5ad4b64fc7	8c2bc3adafbc35b6f23d4e2c478661bdb3117d230c9ff67c9105d4e401d7b60a
1159	012c7cd4a19d80df5858059561a5315ea20503e0fadca44547ed2c9c8381a5c7	a1018ef40aa7a665a3c6f72be88f2ab6f26b18ff8cc8e9f448006529c736ae0d	85c068d8d05e41a7279e139402e2004236c44e60c0548c09b69fd0c4a912bf1c	949d3089464e2daed9d5cf6ef7530e0724157ff9ebb7935e1f4378ca24b73939	6e2d8e55121bd5d69f2c2d9dee9df3912e24c439de46cb57a563e43a43a26342	9095e7abc08eab54eee698d3a0e99980368ffe0007b524b4d899acba503f3ace
1160	4f9f864c412282629e8fe6028d513bae2044cfd4b574b47fe0979a0a24093e4e	2f56356d52810322ceb1d5dfccbf381a15d220ef4cb7b8cb37ee97a3e939904a	eff018572a6630c311a5efcda616545b285a8689a920f06643743d592b4ccbdf	75fe14d375becb1d7242a3f4016eb9fd4d4814e9bed2885a98973628f97d10c6	faabd6176d12e43fc352d90d55d777888a48b1d518e375b1ebcaa6bb5ccefe0f	aaa796431ddb2e7057353625eb1a847d4e44e0fe2e6926ee3b2291aa9485b09d
1161	3d8efab70e3f9faea64ff831e48737c031e2e24c2f1888324e1851a7c638d13b	a085b2d9b3a4e38fdcb6e4c6a3ac2d4c7591a3a4716b19da6b1fc13808528e48	c51590c70eea3d9498e1142e8a95bc84838c34f4cd8f1287c28f9d0b5020cb77	21e0ddcca2d60bb06082aeebde3495188467d8912c5d5558034a647ae2cb2d9f	9b1b0dc69aeb529a0c34bc581a919415c13042fc50d7c3bb1f822a9377c10e99	527e1cc0a48fcc52c500a66706d3b8be6f193cbfe807bd67bc69352a68a72c01
1162	733f152b5ba3d9e5c3c22fa0e5a1b004b91aa480e5500c59eb680c8e11828575	07142332962c077624d182d32ddf3b08d5ea79617cd157dd58d1d927f942c0bd	450811496f8a9aacc780d455d447ae7f3e180d6397650f869a30ea8ab4427d7a	4925af75b2a621b0ce5b446017a4901b82b84b759dd3be142f737dc73c04eedc	862259ffa3ffd665a9ad6338b8c86be2989222b6f3ccfc22c4e56f36bf589b8a	0476adf149cd9b2cae1f0dfcc58bfcb861edc4c99ac8a3294c51d3536cc81578
1163	efe48187091200cb937c0c6573e986dbb0ae66fb3455e464997738de3217206d	5018b36b9c546fe17201c43515c5cca03653b4c5a1ca61e9f503befdaac59a7c	a656aa68c87c53ec1aa24a656e92e0dcde2f92f095abf2d3c5d13a129899adff	13e9060e0df905b7eb28a3eb08c1e1e09ed3c24a83dc3a4a6ad68930b6891651	aef88afda18f2b3837e8893d130d6b9a9202d091c8c4f0fdc29a07392b704b9d	349ad57b2761aa2cdc52dca0129ea9da36de433cc44e0701bf40968b3699a76b
1164	0e8f04901effe644f59f84af2e75357592f15835a720002d0275bdbdfc4b16e7	49b78bf649a34a0ddce69c387fddb74d65c20347497321f079ae7ed58a267e08	06e936ea60bcffa503dac2824f53f37179adc7c4b21fb86d1d8f419a209098a7	6d5add7bf9869fd2327547ad3f2075febbca13b180034697149cf8463e4550aa	0580a3f556bb65fff40d1e023ca5c8c8e03bb3a8c9acd7781d84f7a566a01d6a	86ed2ab5e190e897c826e9d0aeee1c6c164ddf30f18561da5f57d1eefb204321
1165	7d91292e20d7300309e42c844dad3cc2a572324fad75bab1957d74e4ce7f41ca	53747bfe7be39e61d9680eb24ac07dedc888b51aada9d34fedd93b50933c799c	16056c4eb033950672242c9d5fd001e6dcf6f422c4debd0c3b6af0ccf3b36ed5	e2cfe1c800b9560b83ce139a148d8908d3c33c4291b9ed14700172db3b403276	09306a07c830b9a137e37c890e02d8c0f26a8b639ab9e190b4dfc04fc75f6e52	bb4ccc03d030d50b656cdc3efa6212b26dd3d3dc0b40877e662829d2c24d1699
1166	46d3332cd563540a9dbd9538a76c540aa47dd251e441f47b77a17c684cc5d62c	6fece50e76bba404988bb47132a300b88f06c0a9b2a3f8475a88bc3ce0e8d24a	a6a5178a3754a7cc11f5d18debfbbc3c362dbaf1bf739058c411c9fbf461d747	d900dbc7cb804c63f7347d1bac305e954f008c68a67f5dc3b936a3aee22219d0	ab80739845b159bacfe2989d66848cf662d3416ac40e95cc2cecfff7ddfca423	93fa53c0a0f6d18ecadbb229553b7e70d1d6053ffcd3dc4661c738f3248bd9a7
1167	50188c764bc1dfb2140f7afa477aa7bf3d21339e0d741db17baabce64e3850e0	57377aec5f65235e222785bba606c63586b56bace34462131e8773928c24d9dc	a6c7e1795a9f45303fc4444832a202cb2debcfe59deeaeeed49886db192d4aa4	91b9e807b56e6ee7485a9109020ebdaba758e8341d130020e08e78351f5a8bc5	946deba1360b8667ef13c301df3d92f54138bf5c8e920a97627cd40cfbf59cda	29092103fd902fad89e2eaea1b767829e83570d815f1ccaef0cc60210d382e40
1168	4db10aafa2f80db80d3595fb68870c81612b4bb269847f029062999040a62b59	1301547db1a893b2048b1f0f2504141da0fa5f427a55e1fdec74bd220592b468	c45dc575d2633e547e54f0b2416519cb7634933b14fdfe100fdfde688849477c	e0de17f02a57bfd7cb3fee0c9d5a5fd3097c7cb3752a6c3e7e4da59e447cbc35	d1728c0e174351f95c70b85fbdfe1d05bb7e00a880c496cee5984f1e14160cb8	1838b9af726cb94d1c22c906fbfef9e4a4aea5e798f44114a7f80976a2caa6b1
1169	bb473c4190bb766312b76667c88387f4ff154f0c80658f87cb9525e07043164e	4223e50d850380d4fb9ce4eb2c6d25fe0d9cce1da4d097dfa8e3f16155f1518c	5c37d97c78fbd321b93c7197476de322d3498d887aac9f573e115bf4db3ce703	3ac6a4c04ab7454e529ef654b910c6f60584dcf256535cde6912fd7b2b75b411	49eb7515ae747df0c37f8215f52fb6c6343ecf3efc2f2043aa2c6471c5b911cd	a8a9b056fd511ceedef3e3fc8d31e9d07791078143036da48b79376eca6dae9d
1170	76afb7fe8dce55a2fe51fd142b891f4afabe2edbfe3d93f3dce38d3b2b11f29e	938c6da10198275933ceca8b65393297e14fdf00240b71ae53df79d7bdbefd32	d45fbba5d777105babdfccf925e16108cd58ba64fc7dfb397626cbdc2a8dd947	d3e8481196975604bfba9a429861a1c60db984177959b40058c17fc38d4bd4c2	e255df2e11ac5a7fb20ae5f5832a72e4dd517251967455ad94891e78a56923d9	62f2d582ec4f4de10f08d9bcb36f6088e468fef5c7e0a7a2c82eef337e492300
1171	c5189edcc0640616a110cb9f9c810a52c46e32a131325b196550003a20152659	ce28b0fa4d5070813205367bcbf530f1665f5934008565831e94a3f3123b0517	1223c7c41dbf2cfcc74c0254d44ff6f78d79a5593e0d607e56c7b9bef572b5a6	e3dfb62311ddb2c2af6919907056a668c51b526967888774ecd26bb291e0c845	6c6c97d11c14bb84cad28ba20f03614ebd3cfe95367aa6ca21d3ed469f4976e9	67d7cfc4c4951045f005dcdc12748e6eae6f6dd530cd69f2013264ed278371c1
1172	245a593c46c0622c8ffa497ccbc8708cddc968fcda7402f4e59901981df17eb9	1819b56eb5cadf64ff339907961a5462fbb6c192666cf0814a19543315526282	b92a2ed0cc86bd8a364669af18f2a15f5e876cc18c79532e1955faccec416670	d331ff37a3ba031acd56e7fba2f249fa84bd842655366cad3e986b8f176c50d3	772fd0370b9f3f0d39f1e18cb1a78c4c9a1f5695b9c17ca8e235ff45d08bec7f	8cbb5dfcf5be85d82d9a945d8b78f71a9132c8a54dfb668dcd0691c77669dfb0
1173	b3c01c16fd786c304e8d0a2ab291364add8815a25486b5f07476c588dfaf4401	92577a3806bdf469bb2b1519e7008d0549d292e2858bb2a0c604bf6e352c033a	fb27010770c4cd27f663f69617d8f06795468f0641a8e5eec60f7977724f0b9d	c35aec4ec7c28cb49661d5b609c6c4cb330ea652ec2935a1767c83a1cd507238	bad04b1049f8d33e55ee02397de56db356a578812bc242123c5209b587f11e83	64ac84afdd0322bbe964c23e3d1ecff8c72e9eca3914c34c124bcc4f8886cdec
1174	1998ae66d7776d5d381ab98c189cacf4f907b5db656de0d3567c731042c18bdd	2eb52f356f074eedea160a321064dff29f18e1f341d0a5c5a8796fa073cdd1e3	7197956ab4778eddb7a48c0bbf1b2635fcb59eec95437bd0f145b4969c1483b3	73e6d0218bb494575faac745a1760ee5c6a4dd2919ec25c91e550e3788299afe	2640a7b73819f02f2d922e8b05ea5681d5c55fad58ffee2d66d74f43de52e7d4	dde8fb580eb95315b14d3f46caf22dcf3cb7e83d30e5b9d7c9645c1b1bd6e280
1175	12e98189ff074dc46e87eb803a4a789d00958a7a0663a1151555a4c6999e60e5	c96f3ab1b3828ad69bd43ff03351451e482dc7f073ce987da93263db80ca7d67	a4c2bd5116e52a0b55a99f4672c1e4d33225cd47d703640f32c50d8733ea1974	3e25f5cb0c9e298bc3579d11c467d015de4fe937c86443fc2bc4a0f76f2210ab	acffc402b22f6b6fb261937fc2791499fd753bcf83cf1cf69526909b15aa474a	852089d7aaaf61d2c8bcce9196923a4cf8f8f5030f4e68d43cf615790f62a7b1
1176	9369eb0d45139162c5522ffca5e765475c30b2a945ac3a914e183018aad13c3a	39b5673bf1a9f1be651c07cf350d28b517d80b3e76d2f6ba44ba7bcafee22ca6	818e9436159df38ef32537abe1d123241be1f7058a239968485324a58da142d9	9e140eb247cc2bf070b5436bc946be81f03274c3be0ad03d29933c7b413c82c5	cb8cfa5333a2e6fe6eadacef6d6cb44fb56d7813779e20250728848f83bf9d8d	e2c0851d17c8ec46677953c90ac9cfd58dd94442372551f00885b1b923aa7804
1177	9fc1de21548f04db992c1f93f0f7abf6185c0900b2a468f69ff1a89cb1bd302f	27db283b0c777ee0f672d37eda9deae23a8a3297e53beea8d21da2d822b23206	6f17257833e40bb9e592f8a90b1a33cff228700c868c0f51b24a57369a3ea56d	34ccea7313e04882260ba6df89d4d21f936d56d3c8073918778a0bd6c32f659b	ea0709fd8e8db33273e748d11187e77df274e9b3f41a7494428dd566fded3506	4c3ee7f50e8e1d31e53a746b4a0170b0c048b2f0825a8ef5fc6d8cd6e759a8ce
1178	f0db85f65ab9a41637c67bb5541d569d3b33dca08ffd2a5709920e49fb4a27c6	df3639eeef0ee760f6251ee55b9393de789ec8a84c6891b55fad3804743eadf8	2a9c04928248411d05d09e982319ad575112e864327a3845ab54ebd13635d355	7b3faef0c3682a5b616d61750aad733b0733ee3625ab78bce5257a5a84046792	1a076d1bc06d22160f3ee879fbdaaa314823e286438512f513964b6703b77db9	ccd60bcb9844d65067051fdf164f49f5c08d4de6ba93f9d6bd8d776a9563968f
1179	1c9da62b970f5ba3c96d5cc76c608729dc18288e471b0b359fc6fc223cfeac4b	8c9543de4875c7e3873a5bc4289088b32814f1a7c33afa35a63ea8480ec01918	6bd78ab54375b5cafb98ea3483c9615cfe376b41151a4881ed3b5675557ebf93	5a861a97f64d0aca9ee51cf6afae2ae7877228cc0e1b7f203a9157b41120e1c5	9b3f96bba6cabcd41b214c5a6b683b4b07a9d9d8a34bf9177cdb855cd0569ddf	57d4dfc27ab4545eb207ba6354b5d444d30ad1c0b406c08072f97239f5db2a04
1180	596273ec336e666c51ab1dff5d6ca8d170c07dd064fc87aeb2722c921472d63b	e648894c635fd7a90e5e50bf983d704a53e9edb767193e68a452bd52116d5095	ff012fc73c3be0ca29a85e51e69501b04c87793ee6bd8cc6fa0291cfbfef520e	1b9c94ffbcf57c6a53a5a42d690f75baa229846753c065bdf43dd53dfc739976	d75ed7834350b6a1eb9bf92226818b9ec83d0f62620334112335c27cdd713165	9b793ddd57c55e07590b07f9e059ee4fd4c0db27b67c94f01a7d82970245aa1c
1181	7a01f8b51cdff01994a5bc34eaf0a2e6e1bd00897fd821a829f0f5acbf55295b	e1825e5db284a3e161d26ab1d25ad7ce3387f9ab2fe542e16e0cfc8c2c94a2b8	5f12394f9cb8913463f88089673906d6afcfd1122f05be1cf343a587849f07c7	2451fdb4c3d4731baf752b946bb43540daee3c79e0d898222f033b1256255be2	1f042ea90909637272163258e54f3c24531b93818205cc00ac49dcf5268f9afa	6dc551563ac3a9bebe3ca8f977b8455265a390e983d2431a748c574c928fe611
1182	bd9084a414af0797ed19bb3c3a1181e5cbef875254283fffd27e5ae2b29a90f9	158c9c306b0c5f37ef7f1f979b384d4b13e88949bde9848bd34056e58bb67c0f	793e23135208fd16af81dacd2f4525c0a066c428f8ea769de6211f92168b6c12	553b1b652fe1bef4a746acfd2641233c01e70ab2594c27351e17395145bac8ab	58134ed17010ad1dc27a0da8889cd6fda87d08d3321c1d4697af68acc64d0ef8	c00cd7b88cdc648dcd2ef9cd1d0ce15374c9822638229aca21d000fc4f14d2e2
1183	79f63ff31b5a01b7a4dd6cbb74d3a742b192ae70c5de4e04066d77c63d02bb26	04e7ea54a810b67a0f39d26b86e9f19aa1436e46d37c069a2d0fabea7013b38b	a9d14fcd0b3d992bac9253f7a2024aafa89c566d82c3f815f1ea42bf906a1e87	989a835a853835e33bafe9b1c5fe3d63a686cce9306a1af90e4ecea0b635ae5d	ffd76203e451cbe22491aab3d1fc324163d323ba10ec03884bafadda4838647e	558248ca9eee614fee8bf24a95acc607847a51d3995d2dc058a738ebaa9055a1
1184	9ebcb89d4687d40ea3395ed00ca0e060d1a9491dfb4025b778dcb312eb477c54	2a6d76c8bdd2e14bccb391d21c28029266086e7207f46e2ea09b575600b8ca4e	8d80f06a484aedb5bd155270896fcb4b7c6c9efcfcdb6dc7e81ce4266c64aa51	5975a0261663eaf4ab8db266c114ff005bd4a1b9732142fa53566887af9371a6	8bf6874dba83b37896ffb9451dc264431b9f0b7998654709deb333ee3f0a778d	9dc1601c96f31ceb1af68af544b7eefc4093b55e62e03013e98caa419a7841f9
1185	8e292be122ac1a56f1d7ad5e82311cc29a8c34af692a32da71d16f5e7ebbd151	e072a021866ef4a0aaa28e54af72cf8d570e9c2e57e06937f2b4c08460bdf19f	73877d6932c09daa59a22e1dd96ac3ac559dcc82b475a3da52e297be5559cdf6	90583409165abf459be94ade314fd945bcf2818b3c469d119a98adb3663f2cc7	b9739eb5c9f8bdf83854f9e6b21b72b9e53731761292418f69d923f69ed4f438	f5db6b415e1dba10477e39c4e1363472afddcfe66b899422bf87a35d71a603e8
1186	a03db990cbd80449fbe42dea82d5d18fa49f613485e1da06159224db5cac9166	3d14f8a9555468ef20b73111f9b0a738735fd225bf3772305c146bab6207e372	eb993b1beed21cf1042e174633b962fa9d1a2faebb10149baa2d8782d5076a35	8a64b6886b3b406d0c7d7e4cc8963b6304cb20e2415660ba097e1c01acdadf1b	ece10c10ca50ca7f44faf24e4a0f766c57f250fc0723304ff523c150dc116d59	ef00629d3648bacd89e58f423ac9b9811ed7f599c9ceee3725aa75f5e67fdbb4
1187	ecb5df8933405ba5727c94032cd9a578e4d0f1d26dc8eac702ac220c5a779b23	9bbebc6159d5f26ee3d179bce62b321af972fc2668cb98cf5d349b0afb4b31e9	e9104d78389c716934eab0e1575649908b5874edb15921b48a5b86169e7470b5	e5ebc5190caac4b463631d07fe672093ed7e66b3337190b590eb58f4f4a45f2d	e7412523f67c765d6bc5198c12cb0a48778a53cdb057ee81a419e86a9e81b5e1	153e4f7db25c0c179b1a22476c4c0f9e85234d52a38097187182f5adc9ee8984
1188	4c6cbed188ba307f2deb2fb8357d5feb182498e8be02f2c10fd49559fa44b6eb	9c779cf4d39ffaf42529fa93f95e0f4729d081f55e9f2e93f990da946a9dad4a	af51d6834ee6b218e30ed4858ac96d68c56a86eed8f4d346f588b9b4c6cc0ab1	d307a3d77fa44cfa3509c83be7fcd6607c5bcc015846143b7ff07a6515b17fbc	8f1b6912d0952b3cc98a50deac7778dab8ace9bab79131e31fe0031136eb3eb7	32a7f53528a4d41a13181a06161eaead52dadaccb5c8777f055c87f597106e8f
1189	341e6c68911629d3c9500aa84d4599dfbc2d9399ee4dfcac0cffae850c6c112b	48f883e76cef0c5970d5f9872e4a125a6a71aca8e36cefd68ab7edfc1b6ef98d	eec42f68cbed2336431f8bbddd6edce9db27b8ec7261eaaa4ee6ac428a8ad990	7116fca36c92e585a41c42bbcd4f3fb8a67f8b3ba2d15d5fbc9307a0289c0e0a	d33291e034ea101798c2d5376154fa4929d0dba3ac753538aabd7f65fc1e98b1	921ad3b6da15b9c2a368e25c5f36dabc4a4107cb0867ee57b75dcf3e01efd3a4
1190	b8f19d0febe7f53a7dd5d574dbf25168df4d16998a63a55d4de0992c86e346ae	8fce06ccd41d08336a4a5266e8ceeacf19728daaf263b1e75be0179bc391519f	5e977b3e73aa5970c9780f7dcaf10c3545bba615fc221e10bca9227ca4ce18de	59479c6f04e64616db538a390bf27a4d04aa29ce99176013a79d5233acc290d3	a78758688dbbdf47351a792054a89bf8ddeab128157b45e8ebf82c45a1496319	63958bf9331e51b4d02032a821d93cabcd9c96c2a2e027037170082e92bcbbe2
1191	b19eee2ccbb7f3468237b958c37957993187ec40eadb369f280c3f164564b089	70465b7b804c5c53ba7456ec33872ad9578d10a676e16b7fb99d9cf0ed6c0cfa	91c82f5dce1a19434a0489f9a1e76a50625a7d349737d065844e8a384db72f77	9d4ef319a5c2d4a11042e0ebc5d927a0b25a00ce935bdcdc4f10521ee79d095e	a07aeedb9b196b5aeae753586282fb762b5ed559f5e99e8ebe5335d3a8040a38	c9005cc47ab53ae46a8b58c8d0eac90dbacc5d285aab6e17cffe0cf37d98280f
1192	41b19fb71970699c9d4174d48d308a0935df881ec0de746c9507d0f7207d16bb	57074b0f98e9e552cdb5ae3486471c63d2b6c21cc2107f8dcac60f6316adc6d8	c954991cf1cd1f5eda540c631848ea6729d613dc2ae19b3fdba7c13435dac637	78d17b0fe74f4b6755086264753872a0996e7bd09e5993fce9e1aa4465011a1b	8a7f5bf9cb61f7d3bf8f89d8dd0c201d457e136d2062d2d99da6b673a949cfa0	4cf199e60318d88b337d65d5b46b505f13155f878beb713244e82a853a57be86
1193	b1ec73d1832968096b9424a4217228bad53e7a1295a77694b52870023024b356	3530ed89f02a47b34f7fa8491aa284291baffedf0d6b182616fb2fe4a2b4dd7a	f5c181959c74f4658af1cc15dfecee5dc966ca676bfd7fb70cb68e5bb2145e9b	a9c758632627b7c1c6c4d6593c67267f639a3481c2b5a382b195559ecfc24e2b	99c0da148ae0bcee26ef178d6f74e3025f7d7a2c7938353db73abfb656b7ad4b	62bd62131a1925a461a62c12c4fdb80d8310f06aa56a95c0a6ea51bb3eea4130
1194	f4ca2be5e0d9479658f4afc161929e65c71ea77406d9502e44e7f2203d1943df	ad4f9f29f188f61897b7d6004f47fc1339b5cb0c6f0434b6b219e74934e9a316	20c3806436645c89c1ee1bb78b868a325fdf7c330939725d2da425502661df85	85c3d66852817cb2fdd93fdae116cbf3ac1e1c584f6e03f67b799350a73146d3	e576bf642843c53750f0e80091ce67b4d8cf7caebd93baec9610bcd2fd620709	5df8635e0be427bf96f1a19aee0a00b09a985a60de5b59ac432ec7bb7676c76c
1195	bbbe10d951fd516a9f5c58413628e29df2fedfee279c44079805f3aeb91c56dc	ccf871bd42d08b8d3012519dcdfa6aac820c753ebc779a34c12186468da356c0	0dfe3312911957a49a0c3a5f6531543ed30f968260e42810720f70ce7e5acd9f	105bfc876dbacc6b103da1daa7dd44a42045bc7c0e8b43846565f34d6bc6f3ea	832904d168f60e821d7e48f7d038b0369152dc54b2c69e25904e82465c62952e	4d259a43dafef4f648a1ee8d10bae33823e13e88c36d0a9d6e8dc1c4c66bbcc7
1196	f79835c0d67282787b016b2c53809cf2c87faa4d36e43dfafd332703fced7c29	f29e8d29c4ea2753797ffe1851bbed7fd644d1bf39cb7268144fa8a9946c303b	2a785a1c12c40f3a387ee9ed40adf1198c03e3dc3a0200287b5e463161f3d268	0005f62414f03875090c5f1f3092edf06023672aa3dcc0858e9d19599874c28d	dfbca3932afa1fcfd5bd315230942ca00dbfaf4b4d831919844e2f52193c188c	38f616d69a6d37c29165c02f0f2c627b5f01da5a42127b1812630b34c8970325
1197	f58b7e752ae4c15c798b6787b5ac7c576e8f4de82c0eff778b99eb17e29f21a8	1781a9b3692ded3d7c83c05e47fc744e3dbbb00d73c867344f93e49d8d4a7d82	948a6bfdda582e751c1306c8dcf04a21d58e460c70890e0cfca4ed4f22d058ed	3fd5abd8ce36158a9954cb89e8db32519526a1bf47d1216eb636b037a25a0d8c	ce14e71363c202cb97a0e3b9f21f52b6924080290f2a807101669be2b141b469	4f22e16f0fa000a518516b5c0f48b04cae3b167ca9f8ffd14cbec9c8359818d2
1198	178f5c9eb7e4d24b9f3921759d704b11e6eadb254964ca0b292f817bc8d1af67	60594e3afa33dca32e32777e050946f6bb42bf2d10fd46dcc4f209921bcd5155	a131e82258aa500b5d097435147d2e3cbaaae2f22b3aa9012f3c23c263a89c91	720c3509151d822b0ea0f1008752f66b1a36ea679a587b4f418781204b51bfa9	46fac955b35d56a7a57047bc1736a538cacbc958022d85963ad0f644ab21cea2	fe1e0533002d3f1bcf716cbd63f8fa3506b83fc55a0998cc265e5a874f3c447f
1199	070521989172cbbde95567f4a05e87d80a5da2669260fe2a7773a6ae7837477a	4285d61ad58d77cfcf405391bf8bbbd6d552fbe7682c25b6423c49163b1c90f1	fb059f12a1f72762d3590506e66200dba4a607fb4074571320c8b89939c1bcff	bc8e72492fb9a3ffe42c2a4ad5af9ee987dbd00e64ff33fe4a42dbbe0e3671db	bf2ec813eb6f67615ff61bf2e46f4d1805d3da74837f664fefc258dab5e94810	aea0b51ccfe5069f242f2681d113f12ed584347689bb1cff41e84681099497e5
1200	e57d70f274408444cfa753a53842443bf398550b63e3cdc6049516cdff52e1d5	561390e3c9649d467d75a9211f1352b6f2273e0075994c4a53077305a0b44255	e294b1d8565eac41e253ce36e2f3dd18bb1cdac9f80484c33529d64743c48e21	c5870ddc73184841ac2ecb86baace981f003b6158d7a5c2a80ea7fb139feac5d	fa9aaa08dea3da2681e3e6a60865afc64f1c3a68ce8336f9222dc114d52fc07f	a7cf0a550df79af93cbe69704ed24768e4cb1441361072bfab62fa62420304d1
1201	187d6864d3a17496ef03d9d359e55c1be1e29acbbcbd68804246cfe190bf823c	68907cf25cfb458620f361152f5d8ce50f78782731af996a0f6ba785c67593b9	9759afb455eca8604431287123730b00517f877e6abeb52929756d24563b85a6	ae9203248900166148440d87278809cbfe16904c6599c018be7f61ca02211be7	29c299ed8a08c1ffb3931e01e58a076f656c1deed57e0bbf187382aee69cb660	19be8d1d0697b1570b301bcf12a2ce403c63471a57e9972474ca724542510986
1202	2a9647626a2910b2a1377a49a95631e608c3d12f7b28a5d0c2ec2bd2de9f629d	1572b587977d64b3b09902d0b700905494a3b78eeffed17d5b8805a5b4c45b46	6d388773ae14dff7f3c6fbd6b74cc2a686a0ac9813c63aff58ff7e28eba58e8a	4d0ac5d63d25ca4119c3806a3169916a30dd1d1f69a3d81a5600c34c5b98ccc2	10e55d48d1b5838008deec54860b0d3afee0923bc1b01e95e6d47a7143849cb7	9f4614a4cbd3207991ae0f46d2f8f152721d9ecac861dca70e355a2ba13802a0
1203	a844b1f70eeb170644d221eb8718c7af1885b4d30c23ca8aeb64d24c729aed0f	716f36145480044343b56fcde5b2ca89b56884eb24455f0fc6eba734cdfe1d52	862199cb99052d864a50271b06bc9cc8ec657165bb90a3455b2d337f0b421599	1bd1eea2be4c504399e46c38714d8b80ce327ced6fa12b247e8ebabe217d20cb	e60b552846e361c424a3e81742a95ff70f0cb542f7dd4e0f39bf2b3f6b22baf8	c2e904f03ce6edbd3eb0713066ee031798be52bcbded872322ce8dfe0fea72a7
1204	a1f654290f6ab2c559742b49b13cf10fd8d11f164a06a73d8e222bf2fec1cefb	e7cadc038e3e4000ac11ac98f7f5ccf919f26b66a47546b28e0370c2cce5fdcf	8c15e7d0ebbe861a14d4dba469ef5cf20001ea3588a0e37cdb7e04afe4a56bc6	bc0a077e39a074bcf128525fc8371c842208ef21eb862bb92a196134abba830c	45e50b5b11373c473e3e725051552a002a2071baa422762a328234a33ec6be45	221b2064821f2584f4dce512c2502286f64ed694ccc8294ccf7b4502243c3a2a
1205	ee8ef9862b40161207b60f1fe17a8c57b97b631e2b47008a00cac1d7f92a6928	c628998afd545288996c0120ef6cf62e49a6fd5fc911c51df4adaa8b2e9ab1a5	270267bf36cb34d3dc4376226edba674e36d558868e2b38816e48e203e9a1c65	87f649203cb6541dbca3fab5d156fba2f3cbbeb0263ad9c76ba9135b5a17a36c	9fdbfcd8ee962c866bb0423fac6c04ba1b9f39f4a2c0cf71c2ff24124d04a202	96e2c52cecee64913b92f263c133b0662fb59cf3fb7d5115fccfb0c7589d368a
1206	1e4b503b977007bec0a2b80c079b22d2116d4faf305fdc3f5b66045fa054cca5	4776a71116fc9b15b858141e6e9ace5670aa32ac04ff534e6ca6704a0ce43119	f32775316c8b13db2e257fb4d6408f27fb5978f67eda57900bb63f4e674ce53f	cdedb114dd098b16f8128a8e64a7c9fe439ee0b5a3b87d84bc9c17400db7d51c	e04590d9781a92016d222a3bfcdee63e36d0cbfdcb1b150c95e1e7fd71c0519e	489da80309e56549d60677c7ccf2876ca81f6a1ef2c9a6ee47a4d64a93e3e886
1207	03eefdd245036e0847e74c5ba5b97dfb86825cf412891887af296fcaa5841cb0	2e5f93a1f7568d6d7040e53f2cf1cf9209630454abb9c34bed6ad1135d0e7692	4a58bfd8c4ab7a2611bf1f1d66f9ce68507dfd7d76aabcbfafe73347057a80eb	a234aca6e40b215c305573cbeccc4bd7c33f85efa9954f801b47a61c6f679054	55150b9c43749ffdd35129d34690d02c679829c9cec4240f7372e08f5de4d753	2dcf1e24daee8a3bb4978fa614823294cb89d8b113532fa49ad5fc9f1c9e804f
1208	118075e7acaaf0bdd33a8f19675ad53b45455ad2261aa5548ad5cf1f6192b741	f3ba5479afc5a8a6c63e670a0806cc70392dabda1db1ea36e2605e45257a8f0f	2a98cc4809c40c84a03ca4c8ef0473be97f3892be8a5398004f1c7a66b22a232	a6320352772a90123a2f4e117fdfed9e642a62e4e81e45f83de97602feb20949	d5b387fec128f6267303cb9ae8ae3bd1a3500fd18e4f881e20809cb49e5d7e55	4776a72fd57ecacac99a4d322136ceb734fe90d8a3aeb52179117e176e78ac86
1209	bf8d3153ada89f4b590fbb69c7f385914addeb4aa16c0536df1aaec0b88fadcb	4eeef36a2dbc5f47330d8344f88dcf416c815b975f7b838b71e0158950f5e41e	212463a8d98aabb76933a75c3902300fcdb340146053b00ff037f3a97fb8f26f	7dc89d75a99231e9e5c380f0e5b5b1c58f56678f6cdc96fbc86c076f5885c86d	0bc0fbf98af625e4cf7a20de40e3b8227d2fc4a8d2a2abf4033dcf2107df8340	14e3a56979c259430b8bfff7c43512c8e764f01430ba65a81b62daa6f5266afd
1210	d8a45089df5a1220ba2aad204df39d716c50228c0cad825068422d62946660c0	3f526509b17b62c1578419cb53c8a1151e6539c25a65d81559156d8823d64a2a	870627fb8c629e22aefd3ff8394fdae585bd87d6efeb756639b0d7abd8cb39b8	ae0281a5668170a8eb19e4ca0697266a65766148ab4161092022477c8c54b4ec	0fed2875f38d7ddd31e4d9fe2ad2046b637e381c18499c5c218bfc94e669996e	974d87d6a3a46285cc5bef7e10e23c40610ca9bacbf7c1fa67ea8fe623d31b8e
1211	665e7b98e0390ef11a683e2f182da8e31304ae01ac613871e60a4be057e65006	37aa1cbee8858f979b6650f9f71611870810a8b3d6db513e65619a95de41118a	1fd63de6805b83b606a0c86ebdfbd95232a21c4da2e8f04174e882b5aa088f74	7b0d468e2a0e527b0b92dd5fe2a595018353a1db794ca89c8e2fbb2d491fdad0	b1128e8ce703eb466b1e78497bda766c4edbadbf38caa97305c8f3f56c072508	c933e94f1701ffb41a58905347eac8438b5e7028a3b778c42f3539452956a8a3
1212	65c217f7fed39f4154a327a2fb5388593530ea758588a95bec154c62e0677c74	3ed12d8f2f89698ca18d6d53487881c1d829645a9d03646c81174b842ae787f9	0a39aa56284f2a4414230101806ac75733f5ac3693d38a6ce0a2a8ba168f3af5	4a0fc9ee8bc32a18c73e75dc56b3f8827da669238cae7f2d18f10956d6b3d849	8daa5282c23a62ee65006195a7a3f741b7bafa6fb85aa37211a3b4c81ced8127	fb10049b23237be58e3054c64cc9ece6b9b1a1466492277128ad8bdb532cff69
1213	adde292b855e8aa1e1d7b11ae6f75d6241d4eb5f363a54dd3195ea6f2d708c44	9cbd79d1dbfa1502c438b6e7bcc7e4186f74828c0145f42a9102db55d2d668df	c2865097d681c3bb92fbe2780cdfcb1dc4cb93b50c16bd08910c100aa2c5ee7d	4ad91ae8dc9c6bf04edf67f088542f87b7aebf1de78b1dcd9e5b1f413ab8c74a	84ccf4b938ca0460ef5a09e614bea249316227f1eceef7ef2eb0ecf0b32f8ed7	41d160ea8d6dc58a8d73c96c1c7c776bbac2e728b7d44dce491e8fb3fee18dce
1214	54fcf1fa307fcf8ace585e7b9a2519f27a338849847ec002e9a4569297a73ab2	c94e00223935e17dddcfdc5e332e1f7b8453b477e052732a4be563e073a8603f	6d3e358e642db7d017c867afc6fa70cc1b3f33c7c2c69c5925cc1c3e7cb0ddcb	81fead7fa6c4e5ebb1db9e1585291f256d4e39f6263ebcbe1111d00fa398e11d	939c8f9f1e54f2248a218e28a555c3adef98315549466d0ab1e26b1d66d2164e	2b87cf9d84f10257fe95f31c771eba416cbe2bb3c5f66cf28226fe67c5e538da
1215	c1cebf69950f6d4ef0725bfef977075638768e3a3343110fb10e95b5db69e539	1f7ea6e1d829656cd0457318e77b186f979c5b5d77ef74d0a37a537a677f42b5	f85fc7681982b6d08131daa1487bc24337c711ec224990bec48e75342b726d6d	917b7fe0f0af6d4dafb75aeb9a9d4c97818100c09aad9031fd8b998a206285dc	fc55b30758e7ab8d93fea57c4a16f7a697b21cc25e4a3a738a34fc4dc17d3fc5	7a5d1f2a02c96968ed59c5ee23cd265ee332981955e556093ffc93682168dd9b
1216	094a2fa5293891e2ec38befa2d12e26c908ae6306e91f8a00c918cc3abfcc484	3512b10f67a5bfe08c831a1a905fe9bba062c451b1611e92a2ff04e09fdfed62	bff5624b4be22c52985afb99c7d3a882306209a81b9601cab90ee2e206106fd1	de3797551cd1e93f622054bebab43f10ff8b77b2e59a71ee4660254678a67fd9	33ff774fc206ee6dbf0251ab321e5ce3d33e02e509701ffbd344f370fdeeff2a	1f1d5fdc2673d1380f68bbf87bde1f267cc91401fe18455cd02711aa1e81c143
1217	0ce1880ba0fadd8f80b8370ed256d2bbed0ce630963eb318a771384200516fc7	ee6824634e28ff0cc8c7e76eab7e5c44d3bfdbdc9397c7f82fb5c71e5b9abffe	b239c8fd791b9ffe4da8920611694e12fce3aa38595a88cb76c69b9c92b4c35a	eaef0653d68c5d16f3a207e28508fb0c10529edb021bb4bd8c23b8abcee9d445	bf045c95269c694bbe9fbf60588401845aeccca2df21f6a8b9308e2e7ea838d2	7da78df0ed24b49a2dd61dadee989d8fe0ba9caa568bb53ac3c4adc0e2fbc2ce
1218	2d3a740c17a5163811c7adb4328fbe7f022842106cb8e9521e05818393cbe263	7ac9f49ba5f8a06d8ac9277eb670864ba6baf114d149d8054e5fe3c83cbfb558	948b7c0dd177c26060a7fdfb971681b1c682a9b88c9111793bb8d54950b676c1	615609cedb878825e686d10000449307e484fdec593b7d8f32ee8f42afcda6a3	53f30b9b3d47ab34b270b5d9b5ecf3cd90ef5816d9f5eb671ab3f14ee71bd2e7	03efda0ae937bdee2d06017aaaf475eaee95bb174fb6dae734b608e0e8f76a01
1219	f291266d1690f3eccf103a2fedbe50b64b3ae2f6d42f763a99c17f70c0a17737	9afedf34dbf9de4f25869c55c7fc6d4f137641e264841bddffaca5b5b07a4c1c	21c680d6dc54393376b6f30abf3c5490fe3047bf50f2a861f5ff37079ef34eed	872b892522cc4dcf502288cac10d265e3f99362a9a6ed4d3ca74f8cbfa87f398	7c6c090560161b2157586e8a61ac7c5c86ee2e9e0247259e29613b4ecc0bf7ff	60402e40a16087e9548712f9b3730102a309033fde714ab8dedc99ab0e670def
1220	db48a7cf8c372738426e1fc95971ed4cb07b3c6e8f63c408c591f6935cd132b0	f52615c2bdf2e153a2cdfc3477e5ac2ededf1bbf2e94181adaa344aee02666f5	4a9301844717e221b096f207f447fceda2642ce5b9d27e5dd253f25430a92260	c46957971cd7cd604cda59495a63fd04ab791e2f850854ffba40c619a33ff653	15a2a9d38e2096f6260b3594ee0e44f04c0369bde73c644f237382fdfc4cb706	a9f4018f6cc328cc6c82145d456da72e660b875b1fb5385a3cf7f3a2623b2af3
1221	2e6fac34db1c0efde0f67dc928684a6e4fb0c9844a905a5bec53d263f0caa5ab	4ed2a63f28458fe9f05d73f3e572fe478e5650106cf9938f70ee3c8a8a7f8ab9	b67b9b48d6c9c0d6296f31d8e310ca93c73e06c6bd0b95e5e5bfc752c11e1ab2	7e3866930aeb5e7d771a98661b0615cb06fcdcdcf611715d20cad123c9aa221f	9880e84ae0caff03e6d3f73473c34428da01868379a4e4a43f8559fc2ed6c91b	2e50f62b8b2a0c19afb840b9347ad4475faf45dd6f47c6dce446ac71cdd77266
1222	d9d391cd3c0c67b454550015a8a9fa1d6153a45c294241874fbad81c401b8501	1c41824fe4099cf0a07ef7bfc23cfafe2c564738c03288a5a299d7c3df498309	682a2d7538652da0fe0fec1fb77ceb144f7aba55031e3ed74494f21fe49f3974	ccbaabb952a02a92ab1938dff58a80495922e19b0144be4e02a799e40c8bc6ef	fa2542d32e32008f71361b0d0dbcca64470f68a0521f0379d6dba424a534c089	dd2f6421af9d4b85c43415a0b6b6083052ab96b709cf3963cacae64e3d5c6fab
1223	d5bea1a6265217c4e89a96c6f20d507c41d5330ae73a833950081b7afc2c3b85	54e042930595c1165cc2fc0f1730a53ef9940db215cfd70b5d2d54b359adc724	583e293db150976cd441ab9db1897ee9a9a8590bcd9c3fde036b56d8735e944e	313bea5cc6f46d2616b5a3de92e79cfef1815356e194945ee3a101636206c780	e2c89874c9d2ff87d4dfa20643ef3405c4324849c4658e45b077f052c65f6ef3	cb6c94680c50fa677eb7ee51f12322247b24cad0fab687233356b6348d9452a3
1224	bcc47a49833d93c61b43b8ce57ae497c0d38e043b9aed3285386a47361bb93c4	527888e21a67dd1bfd8f5498424a2b1f22a0085a6ba2dbc4015f20b506a3f538	5b3c0d274b0b00b736d22c75749eb7fc0611a5091473535a7ccf90f5937ac865	97bb1a604e70e5a886d3168c603d63709120777e58ab5ed348691659d0b39e8d	7c69f99dc870ff4b387984ec960172b3e987ea795be49f8407d934105850b2a8	94fff6058d5db7e81870ba83fa28d12dad9fcc1d229cf2d79d6536d2d22cee8b
1225	ebece9a30d9297f325bf41953e158aacdb51b252d8de1ce0b52cd0a807ba408e	5175d26fcced6758f8ef6c38e47c775add88eca5ae9882a651c9a22c65051988	616246b58fc45126217120801cc7f4f16bd3b7b2de156d4a939d2a933e9012b9	687e597a99eba48a23c58c766373c5171d62605c7338bda7a9856fa1c1b01b09	124b1ea7b3c4eef75732916df4a1a7b9934ab718ef9e285f6528d9c1f7efac78	753d6794dd012467d1d0975f87c0a5068bed9de70ae3d7c72fa6fe97c37f6c9c
1226	742646465d2bc804b98016646b0ecb625c09c27bb9bdfbd998c26c30d72ace92	9a98b3ee658b632193b4e61140275c05fa51e0672d11b205741e5379db454d6a	6ee7ff20ef18cca1eca2e89d1530638d3dc6e4f79712d330390c3cacae26455b	1a6ac41fb49e0dfa761f385632d56c295b8963cc7c81fc0d021563a934ca2cc0	3c9f1bc01eaaf690b5dc5be79a421e6c19497e2ea87b2c179f8934eb547fd64d	995bdfe258f15eab24f33e8c96c70db9afcec65c2247aab0aaf6b8cb95a7c7b5
1227	7651291fde9fd42ff6424198c6550864624513b5096f6b6e7c8bcf06ec4f572f	87df7eb1462af3efbd3d87ed81a433c57ddc9db0bcbdb65d3ecca2ca4af9a373	fe35faa6b8a3252e265f651234773bfec510d14b3578a5742467936e6f9f3e26	5d099c5cf3218674b8be1a71ce2924768cdaad4e2a2aef668060df8ed9dbf193	8503fa3f06162631cd36e8c595ddc247b7fbc76b70495758a04b2991060ee6dc	053a37483039a7336ed28ea57340ea7fb34077bbd08667bf69a3ef00d5dc24ac
1228	32757242e920354a15e8a0439a97c8733544d867a86169efdb238401d2555255	e7a5195399fed470f85c8df273baa21665d1e93d1877ff48a2f5e3519587f272	6c2ec8b85b0448c7f788efe9461b2cdb551824731411d5a5f3c0bff0046e86da	d77c78ecd3af3621023d9d8f613861dd161c1c93b171dc6b556bbbeea5ebd100	a5b20e3df0a86a4e9aca8df5be6f028d23eca70c9170fb6ec1481725af20bc64	ba4089ab011902310b951a1bd84f97dcc047baba52ea63e053a998b653005f3c
1229	dfd6cfd206a0f384ab9d82f0c8c860f131bcfce149fbcc1f6d636bafd5de7fa3	b8cfdbf3e278a884113d62a11f477887c9b62b2a4b69dd4ffb8d7c9946ef8f29	174880f2f67dc512fd4c1bfe4521f2f357fc0f34d5516feeaa9c7c4f8fbb1244	4eae4e0092b9990f8ea1b6ab0a8af790a0f7482d5e83858281cedcdc00797be7	ca2d0a78c5f9b904e783ca743feb3ec11cf028df4b5c2fe2d0ee7bc076b16174	3c0c8483858c41362babc3e7c9351bc7db3365392c0fe124f3f6c7a19f408174
1230	d604210fa80a9ae2e7483998df0989d3adf841fb2f467c114b61605a95b04dbe	b0fa98a0e7a47cc7a660292d8ad9dea25a9bcdc297814d4856571e61f12e2cf9	0a37070583df55ea9fff2580bb8b4b3096ba3deabaa45eef7e383403f7c635d5	83d249c00c9b489a374824a5b128ab849cf5c202cf7d46d415713391a4eb07d2	19d968008cba3479fb660f9c4d67852adbe95d8e28c02160fc10f65faebcf96d	4b9ade0b63d2f9a783b9719dbedad8679b8c545b0ce06936ca3d61672e4a6aa4
1231	d1d26021e5160b67006205ff47bb52fdd463eaccffaa2c56223972b845c177fb	f814cff6dbb9643cd19bc05fcc909fabbece7cf38e87a3a2530d9b12166f9206	f3e36c8650f5ceadac2db5d4cc303f32e882a04589891e068224fbce7366258e	71d1f5b7427115446888e002d5c258ae1a93e236cf4c27bbca5b2a12eaca60f2	36062eaacc9463205f0f52bdf23a26be771a8b5cf72a1f40d5750113684aabd3	3d8fc8883369f0cb74972f6bc256e593ca0d3b491e03c82ae4e1a6f6a20294fa
1232	e1bb704e5b969f66ba6fc33150a35776931515f5fc00ac1426b2f5845b379ee6	d8ebfa011c5341361e82741993f9d257b85d02e4958d6b579d7eb57696412899	ba3e3208a3f0481d06d64f870e690f70fd581a9cd9f10a06d45249f8f8ea48ae	b01e0da756f3389175a5481bc705d02d50a48945c00a9bce48e12175a578ca70	59202c3ff47863967a0a9e74ca2e17cb932d71cd9c3d835411074b3d28792570	9518e444e45673c1da4c0b939a9c92d37a3cc8b10ed769945e96b5d9a151d606
1233	386ead2d47cd59811c36e2a7cf767bfc085cb593ae07cccea1a450f6e31c9cd9	e5b19422956c415b15315e91ce580afea61ef361360363a1c4df18c192adb6c8	58427d8851b423f9c6cfb26011bd49d9b127c068a853dd20220f5ba44a89679d	c7063c54bdbc9d2d466e1f241f84626b0ba3a6ee3aa5df415db535df0eaa5b2a	bd9b0ed61ecb431d8a55547b340816a1bf490e4250089454f378ffd1bf32fda0	020e716c4ee9a758e9fcd35e464661a44c7e457a316c0c175d292f59e882b421
1234	cb32aa6a8beebf01c7070b80d7551ecc5b12f24417a6b59b444f0438e7c7fa00	1bf2f29fa93bfa2a09041902be6a9802b0cc5d738a9f0a54d44f0ead93c69225	27a8e463fd47ac5e0daa73d783a297fd508ae9c754b8f8518b53cbcc52bfc5ca	a3b49c668b487a7751735addba659f79d0f94612ed74231122126dcc067b944d	f78072b9874dcb51e26ef168fff600940510f87946085c465a8d01b6ab5fb0a4	1dea52a5e1ae830ccc7d4c4941465f35e6306770d31aef302fb3738f58b3993a
1235	1819fd6453c62751b6b9ceb782271a142aa0fda77c52371894b73c43dc7b943a	e66c72f19ead980885d377b56d36e341d4648874dad50d2121c29840bb3547ac	db7ef10ca3341ed4614fbd94bcaf29c56405a9cdc79fe89b35378738028816df	010f50147b224a6c3441f424f92673327a51c0a927339b368afa2d71b98b4451	37e949f28764a07f99cafbfb4fb663f337e8efd5fd3467d05f12b0c3a56ad56a	9392ac5c8a05823f526a9c4aec4cff232aa9507c2f1149513a7ee3071636ee64
1236	a29235ec3c3f26805f445fc658a649ce7c84c9eff4dba97c6ba222102a25086b	8146404a52f54c5d91f960da53f741828484c22b6fe7a11d5ea72461df5b373c	d0caaf0286906bbb3dc754d0cf151fb725d7e925bafe1cabd9b9350bd856c5b2	1897909ecc711f4828039c6f1b0980d703deda5de0cd7b9c7e5a4e510f7ddd87	ab4f8acf4309933cd21257c17b60ffe841fcbfebabe31696bd453638032cb53e	7f3823c32c8fab2c89c652f4d569e5a888fa0261bf856edf20c3774d1a190c0c
1237	651120892c4de58df58e63eeaaf575783c663b2bd56a55490e3af2432dfb14b9	c0d64de99e073293f3345bd1642a3df9230fd5c8b370175f173d98808a0df2e8	b637e1e47e4d23f36b675191415a6d1df63dd36ab994ae1a9350a85c4050ecca	8024bfee55c496ab823419c20e91b4a791fbd0a0c57c8cd6399d65103f31a716	fa2cc364796a907f2e62c7580524242c4406e85a170b4042f891c9b7673518d1	bf4ff748b66fb3ffcf44d9f180ad3fe59f9ebc4e85c48e181f350f84b104d0a8
1238	dfb107eacfc599a6ff6349fede54877aa749e2936053592f55b1225e30263a3f	4caf28f56d0a02f14591024314d533c6bf8ffcb27e289306b6d2c60dd9d5bdc8	9ba757f63078903f389961ed8e580231ef3226b9f56a40e0bbc26d33ed3013e8	e10a17d4162152b05246c2a4ce4fcf9ecb75c389426d9c015f4f6c0cb051260b	2cdb99f98582fa9ae7feb452d51febdce7dd2fb1f0621f983fcdb9125757df60	7104076133409d3c42567b61915b05fe40108869a450b85d72c892ba278635a5
1239	2abb7b8d073ac3a95497e9f5a40ff6b1123a654f45d52a443a4b1818c2c3e5e1	6a84aebfb60e0ff0423a2c9c277afcf72da0fce0bbc3a1c4606c7c6ad3b89ef5	ce6e2eeccf1c59adf7085579f33e0d23060a0ac8a6ab678ab01e17e74dab06c7	ab2c7caef1ab820b8427e295fab8690656f7158077e39bbc202738afa7110efe	dd132d11eba54d0c926b11ebd7368f911c219ffbe13213474d2b23297b834385	c43d284b908ab99a40ded8aaf9b7d2d858246404d571a13134cc6295bea7bc40
1240	add1dab54333de898b83b23c0744f907e462bac0f5af31f662cdcfdebf562c11	5842c5b89d0a2595d80fc341653e8842c506c7fa7b5f30303eec42e1868b5e93	1835fceb04f1b10570bfcaf177a79755a93fb7f4cfd59366e3d6946943008fbc	9a403bfec7d00b8e15c15b732a33257c52bae091b0330e47cd0161f2dae9329b	145268b3ebe77cad72898f8488751f60b984804f8818b7384fdf0846ce00c46f	e393f4d8c4e95fb646fb94020b04090e2defdd1fde0d525ff318708585cb4033
1241	df54f0a070634be83f138b5d238bc4aac3208b278f441c2634ffdfddc7668b98	c71ab37296c9b90b4f291d9b480bead475e0b4916780802bfb77237eb013c22e	7627c86102f99ad3c9f44a7bd45c00f1789f205fd45dc6a12293d10c9044439f	06757f7a34d291e92163270fcf025c4659482e2ebbbfae0443920c6b4d4edd23	562f1640b23df252fff4d97aee63336af5f582db68cb84029f28e48aaa201419	a87791be96c6d7c4c11fb28425010a8358700ead562b8c8a05f4983e2b997c58
1242	7f00f411b396e75978a6e07a42d194b9a4782131f57e2cead14a6110edcbaad6	a24e0380e815baa36af4ff34c03b977b81c0b96f703a37bc6b7f03b5810bbcb7	f345b6747b9920d9909c0bb811569ef4569d002ee5ec9fc456700fc6014be4cf	3e01658a91633890d911092e0a773ee203b7992d667a26b64da66d3975ab3f73	e2444b70ab505d721635f2c462d0e9cb5aa706b266d99cbf1e1d5dfe8df7ef4d	3ee336eb002e8011f6ff1eb44530874a6cdbee72411704bb2138475f98ea7c67
1243	4940b2684560ec7c5a1b59f462e849aeb9adb6513b2f5b974b98c4ec3dc3a3ed	05b82982aa47fc97a27609f672b39ae03b3eccae24aadba174c49a4b4bc80153	187ce784a1ec58c778201572aee87746ed7caf4a2bf3d9297cdf86a64d8fc3a4	b5c3683619d27ed896f9595c27d0f489d9e0af580c90f4a3e9c945e79f8aef9a	744b84320ee602c5cf98e17ca93bf597b9549417dc5c997f9947a5d7f98bbf4b	f7e52bb47a3d63fdae8db71fb65ca789fe23f7697a66aec42a972b742a91d480
1244	6a9d4110991db6f43d300d50aee5dfeba014793dd4df2a7bae81867809ffc2c1	d2cdd2129ab2b53bf9436f1f1718baf310046013a69b1b3a8ac50e9ff2baf42c	dbf9363e236419f72c398ef1793bc4a7605f34047043d86cc3300fa0667f2cb3	44a7f59cceccb03c76e1768f0d20584b7d5c5ba2cbd3f61afdbfc4b548329943	61ee5b5d898a99713b60a418bdbdc4c55909d13198e83693cf7c6c7033f0a9d8	86c8bc66367622cd5160896f91e04130e07205f9488861e722656d0f45c9034f
1245	208aea19f195bb4dfd56987a2be665b241ac24741dba63d694e121fd76b4b6c7	838091f76f3729aa10c952770f15c8ed634f3724f4530ff15bb7eaa1ad65bc4a	27250dc3f3b76d672e39aae52d085dfc29122c77429e303a47190a2506c88a6c	fb2d7dd1047e51304905ebba4810e56c11ad0af9d3326e2f81375bc305e6c6b0	51bd01708971e783b139e79fcd85cccf72c996c593c0a0405e5629c5f39cd679	84a7419698541cfdeda0773cd684719834f400b5840ae4b35e36768b7b6eb740
1246	3c0f92b300cb733816852b9d7929dbb20b070583a91b106680b274c71860051f	d8c7b1293adc416ca7edccaad127a96ea2e5e15080d9a032a02ab0a7acf2cc15	327eb0bc70610ec46ecc84ab3a4d122e2eba8371d62ae05714f91c0e592cc07f	c1f24d7e0c08634a75d1f8fc217a24360e84157a531862e82f2da3e7cacba1ce	7f95f8e54fa8e3cf8b3c5c1cfa626ed180e31ece5a4ba44a6fc166a4e52f6df7	ead67365446c1ce7acbf64be8e2f87008bd67e2b37d250da6f81af2e4edaa1a9
1247	0ad027745d3167b8ea77207ff45c487aa4eeefc44e81cea3b7e3d7331b62255e	edacda9402559a2c71b20296b12b94b34ce79e17473d3a71cacc8906a02ce78c	eda17da3f0fbea43bd31a3502df93b0b9a518d9e544ed32eefb0a4d17ed35dad	d96a8e8d8a8b4ca499442b6df0140b77f4a34307c4fa5cc30096afdf0266af11	589dfcab9584843b428c327f42748c958ea3f9ce2efc0a49ba9c09cb33f30acd	79a25423ab664ba49a16d8a636a9da757d70c703c61e89077ee1f7124220ad8b
1248	22e042df9b8310b625fccca2bd6d40b89af45af18a9e9556b3fb68f34f947ed6	aac6f1db276e0d7d4230eaa6234c8dc8f2dcfa9f0ab734365c44939c94024300	2f1032b81df9f6b2db19e6344128fcb2f563ff600615b9453f725e7e19137cd1	254ed8a5f25805ba1b63279e7ef75f2dae5021d73f9418d58a3f67ab8b9a037b	c9493966960fc3cb99db82b10e77b68c6a221a155d64b10cdabb1fb573cb803b	6981f2b05b8d72a27ed2a7f27ac0fe407f4f690813424cf17d53b48310c43573
1249	e0859e293c4d98a46484a7506341d6d9e144e2050d9b77959b38b9e8dbebb44b	b74fde0b4225729ea10f26796ae1ec340228bc401a6e000a5c66bb32a52e2e0d	3ea37e2d186e665c7f6485cbf56b46d1a79b65604816e89d8aa1f69276b347c9	085da6d79df5a8cb508f1c71694e7593d485c57aace7b06dde2c72d41041bcbd	dd8259941d4459cc6effa5a434358e24f6c470262dc86a91d14f262b4ba7f84a	7e38b24fc4f6e23e1ed225a84bf2c3968138a7ae736a9c1ecf4b3804d1ebebbd
1250	260ba562bfe7b87141068fb582141cf3df85da0c0055c21161f259ba7f2cc220	15325423a93bd886f7d5e4137c20cd0043d81c6ac9dcfa183769ef15d2c11c5d	321037b4fb440bdc3f9958c11985520e354094bb2e36a1720ad6a014e9dc1ef6	fed44ad1f44ee774d9505eca4b87d9425ed2fd4adef84006eb7d1c817d820c56	f686a26ce4fd5e441537dd2bcde938e1062b4522bd4ce2632b3486ba1140449e	5276911a3480449bab5d853f065357e0e79a5ef2d078b182633c30e71c2b0a5f
1251	2a0d892a9d0141e05866ed2817fa9539f4445a2c5fa5b005f8314ec23b24301b	3fa0581f7100211edd72cbfe4dd928cd0b0926b6fe4ca5fe012542fcfa19772b	224d53ccdd436c3aa6c35bbd841f076b77ce8f55399552c053556fe4c778d84e	d6161654a9a72a393b547f05101f3e90a0f679913514866d5842e1b909805a48	4c8fed6203c650002f88f4355e294a4ab3b2cea33e149af5a03db4014c62e45e	9f1097caa94431cd720193fc3bfe780182f3d07d7a86f2f9acef242736c63342
1252	a0175d8ba95ec7404e4392a592c52e40356dbaeec47c6ca1388c19fc21946186	cf280707112121b8649b5521140aa6562f1e2b938d177aee8879288f0cfb2139	6c59c1c05c544f74906de360af4e9317905bb69fcc796997903e6b784debd1ac	4fc67bc9187462432373f2faa97a1dabff14dcbeb84451fddcde56fd34dcedc3	8ce1831a177f967bfea7b5a24f0597b386566791069e66599a1981ee89b97c84	84d1cc94366a1ed0f6d3496ff03ba4827f3201cd664b106ee65244bb8a52cc28
1253	f5073b0876503aaa10c557cd656a3974cd9b13e6b97f93fa64fda3d8595d2894	6afc08481fbfd0336c910b0d0945e800d5c9383513a063e8341f4950a722016b	56e9d64065e586ab9fe24d3dcc17cdf517c836685516b7f29c88be22267412e9	c80c3b52ed045a40010496f97c1adaaf155418b87863b1043e55899623046422	0f847802d634f1d70960022875418755c401fe8ac1cd94ae7ea99c575f056134	e642d579b1320d343128cad50d00f056739dfb2927cfded205b8478ea02459f5
1254	b531716d986d08702fcb6c3ad2ab4e7c31be991122f1821c2b12af56971fcbb9	b9885f307baee3cdc505159e8e06099995f3893b7262dd32d4ecf620b332bcdf	28b2ab431e2ad809e74ddf68fd0c2ba2ba33ec11ed96cf3c0b47f5c813d5851a	90aa39f11a207d5df95177885d071b13ecc01a346df0b03eccbd2d7ecc0571ec	221fd229835f07c0a7bc6679338d9402994dfe645f0140a564911962513787a0	fa55c570876b0edf84e903226fbe784c509ce1b508dae378ca80d616cf178fff
1255	1d09b07c000c2cf4fbda606ec2d13dced4b764641de923f7c9e8d215cfdc4e5e	c4da7141c95250c67dbe31ab7d45ba0abb30258dfda911096dfcb312fa0ad45e	36901047997ca5eaf333b4fff4b3d7bfcbe75c119b04e1208e4d662b689ada29	7a61104c23c85cc9a9d0a46b06b098588f7ec6a1438511999c04ef671fe66776	353124061f7153fe5e0435ca33a08e61b10be22fec538c8cc862cbcfaf97ab46	e5403734a38715bc4d00fbacc8c718b31d355ecddc9c7b5aebc9bf291894def9
1256	b65c923400393b7e20a50c50e256192920718661adf5d5b261c57d0194075053	eca1b3b9a261ab161e9ddd58048d261cec217ce61c3a174247100529b3d09bf1	79e851d1a2aaa4363b0e14aa3ec8dc9fed42e18742d29da88422b5ac5dab0505	7d1e002854ac82fa016e6b072818fd4589c9b8af808d3ee3be695aeefa05f127	5eac0b6e4a10bab26876cd9daebc3f6551b552222b95ef84e7b35a944b4102b5	3e9fad40681bef55da7efeb3d84882c6ae2d4d6e1c015fdc9eb4eadfc0d3d624
1257	443570e497fa6d3274669ad3956a02cf6bab55a47589f97814dc42e4d3e411b8	b4995d811956f55502c2880023a0b32a805258dc0f52fd7fe3a00e418aaa4c70	91ced4e43082f64b348f90b2a67fa15418c5d7179430bd0ee59b592f9affbea6	73e23a27f1a5e914ccee6276cf287f6803fd6e4aac9ab75592f3f4d9d4500e89	9bcac2ff6ba3154edb6579b87efb2a00acad9485b499e0c3593b2747c6691ec8	f87fe8730ee881a072d1bb6b6c860678491d78321a018d4ecaca5ce18e72d401
1258	dc1f5c201ca274682d9aec0a5410a86fa4bea2caf2193463ecd60b77ae36ab78	be0a3ef645e42e31170bd7c8402394311a45e73ff32753a81145ac6c173f187e	9427690dea79c08c63f46cce91793333c602e63860b8c2900e49d9aea085be31	01714ccf7cd57b3e38d2ec79d2ef5df342feaf69f969f033ad38886eaad59453	0b7ef219d90152bb71b15947b54492a586c141e834dcf27810850e4d79c17842	c8d786985b72c36b03200a530e46b075aa9da0893598880a57586f181bc64f1b
1259	b655d6e56d49104723e1b79f059fc82f2bed2b2632e437145e9f280d17c877f6	ecd9cd6e8fb4a8f22e5e2a689e0b4ad06abdd1088b90719a2ca62737f8d62dd4	a64e6c0e4e0949103122dd4bfbabfbd619d90b2dcb19168fa4807373a0cc1533	2e635fb8a64c6bc874ddd2a07c050314070b5e272a014fe92d2d720b77933862	c448a3071537ce0b888f3391d85a729208cea881500f4ea7fda0a3e5d57f7e87	eae0fbaf381e75192fa90b7d33436609afce98db6b484f1de98fc8760f617b7a
1260	834dd9d74da840d67743f02495fa73accf9103a1f811086c1f4f19d1f2262210	42348d49dcdf997f97c4085934a12e107f6aa40a997352f633eca2895e4de6e5	0d671b898ade1e0471c743252ae741a04f6f65c56e91532243555fb8b31d6404	4c4fbd7ef116674213aae7a1458d160a64849eb0e755b5e0ab88e663ff02657f	c9a27bbe1d3ade78871d8a96bc28a9f5ba079153e2841ffe61ae6a4b4cd9d56a	85b3e7d2d7e867a15db70bdeb71a5cec131f7cda1897fd933a86becb61e34cda
1261	7b686b5912702ada29718193305e4259776662767e03a708265c8b0235d12c4b	80744db515891dffe15eb840f80efabeedb06f4768bbf9bf29e5d3e421a91782	58d313fd94cd45a6de1b2d3d58fefbed3244279c1362ac4df8415980f04ea282	0ea19cbc1a06523dba965ccbef57c8c5e2a4aaaee3f78e4e3bceeae59bd76a48	481f583f9740b3b44086998eef2d957655b355893a7ab5f52f52d8360c7a3238	2f7976956cbfb4336c82322cf89bef2b08f8e23ff22e3027ef728fbc96d250a4
1262	001aad59ff4dd1ba7adf5ac02896822cb5a27d56c619fcdce96af82cf3d3d373	5629cde31657819441d8bebb95bf92ae0008b9fa5a94284e1844fc897865cbbb	fd4bec12d2a759f1014948e8e34863897dd65e8ef9239176c65a57331a9f1dc8	b1f2ab824e25f16756626085ba67d3f3ed4fa14ef694ebfa902ebbff2a185f8f	e556b10fd7af634a827676b2290b9f896fa91b11783fd996ba155dc8efdc1e9f	2566dbd280de7868ed713badd7685b5b4d60eb8ed636e69f08b6e2b0100e4f56
1263	f8d3063e682b2eb1d0cd601b9310484419a1d6f9f44752ed1ba317e9b6ba052a	06c21652b567b43437c1aee38fb806d508fb9c1186d7dca1caa49b3588667a56	576f9f0dcc7f8c3ab81d24dd270c67fef825e9d728f2066d05f1c3254d2de4e3	4095924c5b2bceb7ca28b7a158b58292ad86b2f62d4eb472eeb5f43e67ed68ee	cd0d5b7120105ea0d953b8ef906982f4371863672154853e5d0865decfdaf75b	e380e1e7f020c410373772b6c6bcd39bcf6c454bc84d80a0f47d9ddc5b0b6abc
1264	b98dd3d52ee320fa0c5d76a2f4d0a395bb175cc0cfaf17dbc6b47bd0c1a63e18	1bc4b1aa3640cf942cb530e86d6333b8bede0efbef3825fddd38998a98e752ab	d488ecb04bd692b1aef03c9eee935b756c729a28ba9d8de36a5b1cde54769f88	d0201d1bc1ba830d4ca8ebee927c45fd9a948a0e3cc8f7b1cb3dbff872034dbf	7ff4e01387bc1e586e34f5a5f143af6a7b2908f4a2a4eb16eb94e4915b36319e	47714acf787ad0cdf22e400d696edcaa60d2d3f31e49f3eb492c6def10a75b9e
1265	eb3ba316b198e8e7de6fb713710ac2bb7e300044e05e8948c57ab4b2f0c89ccb	b80654040cff72e3b6469882d9d26919c6e4d295737f9d0fb7d566d6a76cc3c7	7e0bc4eaf6e0ec431f825209376dc5cd38d0f6bce120e641f11698f86867e7e0	69877e773754a37d37dc1e11e98fb75de7133b07d98a6bc384b090a18f296cec	d2c5175125f8572e0677da0c64131bb56784ad90769ea4a70f88cc15c9369f34	34e4ad959071de4bdd5460eaa6e8abf7e2fe3eab74b8aab42fbbf68b11092963
1266	248de1e8a61904ac43f409b3cb86fd716d092435cdd77ec6c1102ce5d8129578	f16f3b31d1f70a244eb4fad244f442a703a65d4dee11288a3bb951d06c3c3f0e	9d70adc567ef53708c01d3e1bbc4b155bdcbc1beaf217dfe1349dc0191a434ef	3fbd5b075869abdc87589b223b0606526dfb5266717a5c334a40c757e036d304	ac126d88fc9e284118475948ed2d8702c03e8cbdb8460a0a56d8e0d4d233166b	aaf8eebd34df3896be3102fa85d3c4be8da65152339056b250a8f533e74c9a1a
1267	4328a042205a541cc1d4c01e7bdadfb3759d884daebc07543dbf36bcfbedc1fd	136b141df3aeb27c50f9a2333fc2bd4bcf0f6c10b2cc7a5c7ca817b56b9884b2	e0d7ad860c32551c4954dee06415cf4f0a0e06e54f0afe40a81367e132e98291	ebe7d97274de38321257f641f8a66d3def3e806cd75760ff18eb9115edc739b6	96b12518f710762d6bd49de14254335e4520025586427ae54996188aa7b354b3	4c067e5ecd5d5e6fd9ff2c0a0ea669277176a4df5a9bb90b14bf49eb1a248bcd
1268	085c7f0b8fe1e9639b02cd8fb146375601be5d38d8958c7dedd721fb72f49fca	7e120f8cbcb0263c841b3ab873abd0b7d0983ec8c699d8a5fa982031abeaa7be	38de4a6855e87be5b140c7a72226eeeef75ade5acaf74ee4b6f713acd0cb0622	3a540a99e7c95595de564e2791db9e34bb28cfc5896e3c387ca15a66af2bb130	ed356a30364519a8a5eea45ae779d7309ca6bcdea8b7ed6eff571f2ea23e225d	0b92d9bb1b1c66c4711ba96b181f9e25a08a1e858dedfff7857fa54b007c12d9
1269	2a46323f799db9074f6a2d0eb2c846e13f54a4e52bdc442192f6ca3431ec7df8	d8770b6f21b5537305b7d8e8b39c1443b68900e1d641192ee5bbaff62292f03b	7f0ce9d50859de089c13da0f78613753f6540715e72e352c35fd6b8e3404fa2b	d5a773c2b638dab93a04c028129f82d4bbf14dda2b69bd15183c02447ad76b6e	71354f8bbd92ea4341947d182458e5c7e3930dc93811f8fac71403e1b81125fb	46916379ee03827f8b263bbcbf58f1bd3c7a71a6318959279c94c0d4b6d8b6f6
1270	fa2aeb3c5fd3c6248c4f9ec51bfb14c5f8c4a14ba3b1170d681b96398de87e29	5b6b1eef5a682bc97e8a7759d03659d1710150f32d4273ebf8048de54acbfc8c	00e9d35d2b7e4b4c3c56191abca0bda4ef21a6527b4bc7261854d9b806a6f92a	ce4e35dc6d5c1ee949a903dac8a82e57709cd947bd8cde13fe9344cad23c855b	706fd338e69909f0960aada59d60a023f40a6e757d6f253877d9d233383ba0df	1c1c22e1ee6077c9623d8d17d3e28517dd8716e06dc8c48f64e2d9a297618a2e
1271	79f83c06ee16baa38b45c657265fa1ca6c210091c4d4c8d24a01168df5f607d4	0b8430d33ab410113cb08e8f406589635af36508121ea096072f869f15e5f49e	51c4c36767bcb96984ceac1f381bf5600b8df115b498992c6ac1682fdd1b5a93	f01cd10a74525976d3f8eae96e35f732079a054c07b2ef97b0b27757482c9dc8	53d97502aae0bf0af8262910f0cb24d63bb4005f1e16c1885965d8caa5d885a0	78029c0d1a1c08fa8e9cb2a19481b8280f92741e3586bea85a328996dfe4d9b3
1272	e996ecfbb7794d87e02ae6ff2d0893cc97f6335692dc2c8b1e7083ee36c2c28f	e9d45282aebc329c17a713476e892bb7ec8cfbeb3019a0f742d8abd7cc223625	c7da1caa3372c4164ff0eb18ef5bce4f804f435a1480c248d97717e600324a83	6e5b604ea96f081b9d58c460f2ab975313c0f4ed4c6bd386ef5c3e709aa82514	11345d4a916f97380d837965fe7f7e8647f19e440b45a06cfdc50d11907a8923	f2129e4de274fd8daea1b50aa110c01a4ec2f2215a6d327ad7855e4c434aec8d
1273	ebc64b9f22524114f60995e6f88caabe6928dc64f9aad7466f65d36f73eb1a55	f6073442a8169946215b11c2649ceb3870134959596a102dbcf0f2414dee79b7	670715dd952fc1917a0869d1c654ee1583aab1af98fe19b2e68907c052332699	081c01581a2be3ab34ac7c513241b1401460dec28af7af19f933acb257ccf858	35d02ec4b61df3937a9035d6be935772c1b935fccbb6ef735bb55de09df8009e	1669cbd6f8777e037c747d7636282d414e55006567b9b816b48be7310e105250
1274	eac9a46632d8e14a7ab29b1c4b27c44e4a400b3a8d2d7227edb5efe7fac70830	5e60bf1447e4ffd32534aac477096966ab181d7d7d07e2251b0d1bbeca27f5cc	2e3680aeab3336ec7a6e734036996f1cac009dcb878e60ba1752a26d7b435d90	d7ac9f338a1d3bcd092ce3a13b5cd906f3ce4a4ab60ace4800d2b1f654684aa6	c2ddb97ef2d651555ee361622d7ae6f17e9f47ecd5a92172630eb64d8bb78f4f	cdaa4bfeccf5bd35c388c6682d3faf0abeaee1cb6d29c6bd66f004aed8ab6428
1275	298bd08d5b8f156cf90b36781e0a50a8c4ec514c979d8ccf78a93e221ac0175e	2906e982c22db0f0e6e40fd2e3cbf0dda8114c6732cce5f48f24aa075b200b90	61c36fa991388aea06285cc778d20379609eb0a62ca8ebffe9f2a07ccc7fa623	59975bc8cbb1737b27f085a05db860f25505e2edde228b5ac3d8895d9aff08ea	6b3d7191745e00fbe4ed80c62b23b9d3ee913a7af0e14d5a93d47d74cc485bfc	03cb57c8fb2ba1bc7221088e93d4bf26ed7f93068bef3831dcb6926347f1e3af
1276	a9e6df94d0c140e10aad573bd6ec020ce69b2468489f121dd22fdfc5a109f741	49f98b2bec619751e69f6e026c160374576a02c3f504176c86f3aae3793975b8	f0852deb8a186261d3324a5786e971c78e3b61f4cedf278fda927ae8d913041b	de1f2eb411c95a66b59a1d4e5748e0dce4a5a5853a10f3a8913da0bde85ef024	6b675a8476dbbd12ec2c5e38df2921c727df9eccdf10e73e696bee50288f3ec9	26255a9d89a51a76e52d3b41b026d2e5755c0163cfdc7d17f2acb66581a4a552
1277	4c3dcf5d20b752ebe273629f03e345be1aec540544c00c091fdcecac1cc8f573	8c4b086d6fd33ee8e085b01b5a84238fbf9742d6dc17b25a92211096b02222ae	e079bab9fcb92d4c8f6f5308c59902edc0935c886ec8a4b3738db3121570007b	84d364d45727069d4c8c1d71d5865b0d9601b56389f22947a9e6808314e541db	1e7fd54435fbe0c74786b8af434f67d15235af4bbe80fd683df7cad3f76e5370	f5fe5267a65b4e6b05862c74559f070a807dd071c03f6427f2fc78a76b742db8
1278	4bb1cf1ee3e9dec104e6fccca162a9e58f95569342d041e33e30faef67c9a83e	b1096801c28321366b7e27b7e59b1dc0e962082b2231a3f184a8081934d84740	851b4593de4669e5e140934ff93d9917c4784c48eea8edffbd71ae7dfef4adbd	00c12828381f678a9f91aa004231e15869a5cdaa3f20630fd6051312df6f2b67	df6d66eb7258919e756bf2143ffb75f0ce517575c17b3434589fce09f31340ab	3f91cf98ed88b56d157bd278c04ff1aff2d9e345c148a464ff3043e6ce56e92d
1279	a6e0db976b0b577a3bab85f4c8eab522b3c5e35730b2700b96954dc6cdfcb0ee	bc4394c17cc2472b5aea269ea02af25cf5625f117b4e21f2c089c0b4b52d1bb8	be8cc66dec1d2a2a0a2ea962b5e187dbe41d9ef57f6d02398374d8af6195a3bc	d2622040a4a9ccc0164917cf6196b60e02faebe2161cdde880f87376c1666abd	57af15a2b0a0ca10cf21259539bf79da9914c79d07c1e807667b3c5e728d4996	df2671932d4f8d13938fe7b68e2c02253920df2f6689bebfd7d7e017a9f96d9c
1280	fe8d3656603d4dd60dbe23e581e677d2ec0e930efdf493dbfa62ffaead6d6aba	3c7a91864b5dd600cb87021806919fb551e476d076e77289f7db4901e49d46e2	4d1c3c84df7579cc82196fa4846eb8a702903c7cd4938dba3eedc0472967fb36	251c331a5c133877480ab04480e6922a9c0e4d13c9c8d31b2c5737bcabd3633b	bada258c0310fbba79cb93cc61083e08a83413b512eef6417c6965df47a5f5e8	01519493ef4c6fee220d40d08c8be88763b89923ffb65b2d7cca753679b70078
1281	4d35f9b7068726f35061d773f507b826f3a3917ec6066c63ad177ea33f3245ac	4e6bf87bb4c4d096f208af75b4d0a8cd000a6e7b88b32ca1479027e0b4273cb1	73de7f97c583c6b0c8e089ad6261ae9eadc68e5fb30ff124e62d80338af6df2d	0b8e20ea036942b80aa9abd5f775698d027040e3b55e13bf7728299f4f6f72d4	8aa924571adbac77e688c8f5eab6c8c2f14c780c0cf075957733800eed2b7c4b	a7cf55c5b769ed83599fb9f5ae7719fe161e3a59ce62bb02ec83362d6eee594e
1282	6fc96f6537f5f1a6abeef968c8dbe671c80a0a10177540a7beb65a7a7164d56a	175324bd9ebd99e55c1c0515d96d35af71b2272fe673faeb501fa8d5b6273561	e15e851639c3c2467e016d409f7e8e3dafdd821f151124252cdbc6475c9f0362	80f599de1bb59944f01acbf91722eac72bfded4542f89d427ebfccc4baafc3ed	f6a463b8e0f46be5e951ee0a0ae74fe8688aaaa95e27dcc1ab533cde5fe91edb	35207c93e8bc41c02a9298618e31e76fefc2fc33510e2a704a1aa8f948484256
1283	18501d3a687419a6100dec99100f0b33b82193acee4c4623de059a59dbe5bd21	bd00910e8e306e2175b50bcce699f48fc0b91839616a156f4b3cdb9a33771a2d	dcbeb0c14019c7058873c183685bd70eb6d4deb9130725f27db9d22c9a9ff5c1	144f682d237c11bd6b1e0994890637619d05c56c9c8e8f5cc81fdaf14b0089bd	6531aac9b03eca4e93832ec747dbaaf04d8e89b816359ff5ca31fa3b89b182b9	00dbb78e26c1a14828745fcebc6615934c00fd09b0728990d86df03d774f9bc0
1284	1d69a18ed7b1f3084ca8099daf349ea205ff97478754076cd0b6ee2ae501d98f	ac69598d1d1107512e96716281b2c67eee64dd07fd7dc20b1427a51e045a62b3	10561725959b9458e80017022100ce7706c370f09d29c592971c91b48e46f9cf	59802b6b62bd7e924530e6d57a2a0e1296ef802f73c7ffd3add07715cfbb9546	8e85737f8ee719e7adce59626c1867350340e88a2c769ddde4a26ce87288deef	6314b7439733bbb4e004df4de64ed0d0e0a32777dcf5ed24d17e22f6c1c7aa59
1285	6330fca468143e8ba39f8ddb383049f105e4f47369c75641c7088316b3575984	89cda74f777ffe3448da1c73ca86fbcb3cbe40b31401e72de0c025a7fb040b79	c32bdd788bc07580611bf43ddc58713c6d142fd533e8f52ccfa529b9f4d9fc99	c93a1f9f3b9eed932a8330835f44930cdfbb46871f139da9661f78bc8a16c129	9680fb0d2e2e2e5cee83110a3e1308cc32e6d67176a55f5d90fde9c9f18cb73a	652259e9de56a55a8342e0ded2eadea215430ec1214b8e43ed701db7583a7d64
1286	2e35c1b74733348056985097fee1e272567a6a8662f4842a000cf6c9c9045749	240e3472b4ae651301d50f268a7981fe58aaed97e587edf3b115229dae1acb64	d2d882b268c5eccd4be2e363657b141afaaf1e3550c24ab39877404ebaa2cf09	548e17da5ece8980a69527738e6e3cdccad3c2806fbd84254a47836f803d00f5	41678cbd9601b523096b463ee4eb43bedafd6f368008af33955946cadf3994d5	970d3b534fe91faa27dfedc2bbb2246e05842e2858fe2369aaf62bf5ed046af5
1287	ce7ef17fba4047df2aa4818c6fb170728829a9351bbd5ad81d5202e9c51d5097	9546e9677a268748f51fa03fd11a512aec0aaf509ef15a0d730d0e0aa9c0a2c5	5191760175e0a27876292d5df2acfb9661924fcd38573c0283533c2bdc398df5	bbbd16ba70067060c8b74009a4627a9cd32de724309eba13bfd80978d924e3ce	6b8152b6fead94b8e1c84d0613562efd9a2288aeb92e0cf5a06647c4d613f67f	0473bf79421d8be9884d567d35b0d09352a7d1a01506ad4092d0d4bea4b7650f
1288	dc59b16a52aef542c0a0d5b357c74d174eb596ee770f20c06846a4b654f037b2	9189835fa35379ceb66d1b154bcf31916327f3deda60b38e348b4c825161ad13	fa2c77fc46e4ebdba2ce5acfd754111d8dd393bbc7400f7f42a75ea7dade5f14	429662c40b32bed41f99ffdb30d256596c8b45ce6c4030f22a7a44df0203a487	97dc560e7b4e1cc0312ced7dc2b1222de89d250d7cc1e7768a0d1e493a5d4a57	45b8384852ad5ad952f8c41926c8e4ddd0701ddde9ad711fbb6b95c748f17aad
1289	07d43a6d7c7f6526321bfc484bdbce1e039973bd28371477f85bb2c70fdb878f	01d5440dafe82a5dea50b582c6923f52622fc0feb9a1fcbe7a8bb704ebaae581	7220e071b9b7b2d35b097e931ea049c84ff96d117c890d0d0fe0f0e08ea61308	a4c3453381e6a563cc0bf1d2ef1adde899ae9256f43b8bc196fa313a2262758a	16e5f706b65038210fc9c913e0b363da909be8e2351caa75e90b3f671e64b6a1	86cf569010acaca6d4d5c8b3994a26d4e11ceda3b260d4a72b5920a9314d1334
1290	905dc930c8900b16e1b3691aecc6117679c8667e0ac943782c69f4ba93a69022	ac40263d1f450ed39e01d88381eb67f02ad231a731674d7db8bf98114adc4082	e6a98f378f7c739f340aa23406125f3d90d5377e2946a36ef2ad8496b6bb24ad	b5cd3dc01a0a0fdbfa5b3860a21b2b05ae3db09fe7f9c1b1b0b230354d246bd4	f25d2fca29adeee1e1de8247841f03681dfd19d490027d1276dd70e95762cd06	775bfc705bd9676942b3d46b30b4e0f825bdef38cce30c50ad4e909cad0ec6fa
1291	e6cb96427b4dddb8b8d717bd17989dc9ed24e168caf15a27bfdc5428b346ce0a	faf6a125f6db75fde6c51c15ca72a042237c6fbc22391a0df19752eec856af57	0dc718a79a5e921014a9adb5dc197daa5d09ca79e61dc388a1abbfa7a7e5db9e	e92320cc96739f5d6f643cc674c445086dec667709f5bed0e1cdd3f4064c2b52	9a4773b3f95f6be863191c87fb749c73f804199f164a8c6b52897ada81b74992	a87a5064964b7cb75cbe8fecc6cb937c72ef175d1ca578dff1a0dfbb749d0433
1292	83734e3218be4ec987cb9bf36b55c97955095cafb1009658c8e20a8d8fe24b9e	553a50df844774d31b8e1bebebcf6555d2374f3547fc97de5690407de5179e5c	e27fa5d3ed853457f2d30925b8057f016beba32c48df75e1dabe6bb4d5d7bbb9	d94186beb60b61911e70afb55c23b8bd130a8044fdf082ee524b57aa3ec42e0b	213efa6325e2fc981c3a5088aaa3e003d25286b4f279b99fef77dd24607b9cbc	76fdf1aff25420ae5057a698cc1acd666b926fa9056c850e9e1c4a2a124f2aca
1293	3de245ccb7b5baf99be8c88367e57632dc5077dc16571c4f47709bd1f999d4f1	dfa0b00266e251d94f8a856b68a0190f40f07019195e2a795155d9eac9c939b4	f3b4c6160cafecc458de999998111e79353908cb21047962a533695a802eb9a0	99f869895ca2f1a7a795d1bf6336c9fc5d9a651d1b2fffce67289ded4492a0ac	7f330ba83625ecb1533d6d7675be27a783a8dbc40782fc73f34f8df5f57493f3	e9d025c5bece48abfeea79f904c27dbf5a06fb2bfcff80e3d2862a3884a9429e
1294	12e451bb4cb2f92c83ef24885c10c78a54a0ba13898d6f29645679a1e9fc027f	dd36feb14039741eb56e57467970bbba93250f13b16e932e084a4345a1db315f	fd7fb5f3665fbcd13ebcbcb43cd26928125cb61c6542e27ae1f8372fab2749e8	7f0c9f52ff0119d4799daeb258de77de156cd9da3b15226b4e2d90023d66354a	8aa9cfdaf3e9f99085022ef417dc75c69f97f8f70d764fe3e027742f526a1bc1	986917c693f814c23a10d950f12f898d6c770ce9563a35f16f0d87d3d7c4b2c9
1295	71f26b90ad02240bb682775ae421596444b1d02c2d14be626c9810de2edfb510	f930e8dcf865785e6c008b0f7686172705a5ff546b019dd3010aa341b064cccc	4bf66b798ae9e17e25ad3e7a99ee3bfe8c907160e5e1c32be64d80b2d044286e	eb41654e0aef4d68218aa6392a4795ac31a66020443ffcbffb621fc7f5dc4e79	4334a460f2c4a6157a82438bf41b30cc4afac6ca7e7091f97259103cbba65527	b10f0df760575d82415ef2530c0dbd8a41b01f400a04bd3ad371b702ae5fee34
1296	82ea04b35acb15120e96d7b361c5b67041713fac45884cda19dd20e140b507bb	3751aecacd317a1191aed391fcc6b20f54c935396659ad2e31e0de34df7d3613	ee44acf3708d57e0feb05ef56c28fd15dbe55f13e95641a6606645236d431dd7	6e217d20c99fb2481fd8ece5c80c708fa0c4a230e791fce5727ec6e012e802cd	cd82d5e552cc3376364efc94c03c2c96889db09752bc546fc5dfca7cc61740b6	a214de9e7e925d82b3b919fa5903108a1949e46ca90886ddc2e5a433010783dc
1297	ec757b6be7134375d454da2c0af829d4443f7fdd28c69291dcaa1e3c1df22433	61f7abae14727947ab1f2d59a290e549e2381411352896f584cffc2093a48da6	7f452b1653024951a0882684d17f0438be569a9b13b5c798e6ab49888421ed4d	74e65a4ab06804b94309693fd58be972f70f9c66da2c4e32222a83c5f59c7ce3	7288d772a092c9a73eb07db58a280f124462869844436c893020ce30bc3db3aa	f2a87d8aa606edcd143bf67293074f44dbe40ed3055effb8342a9e688893757c
1298	9c133a19b74cdb466c8cd82e34d5eaca7db479a49b64f48c250691784d03aa6d	f910426cfc049f19c3970700995376598f5bdf051d150035bd93b7bd8d08bf9c	3f9a5928ae4afe77e449ff8673c21b3b8ceab88998a447a1f7250520805f1170	d885f280043cf40ecbb15310534114219a2ec8e7860d617876532cd3463fe91e	a0ad95b79e47121cb68800c0f037ac32fbb1f14561842cddc1e83cae60d79ce6	c8eb7c8c6df0fa4467d42b83cbe0b0305ca31da02632aa2533290f85aeb2a582
1299	d896939ae215220cb3f29ae1671169a2ff06edc27c583c51812403a9529c258f	208977989780f7f93f3080d943f6b24e530b1a6e916c5c78a9acc307966f6e3b	1dbfe1655ee5c48a84ccaeabada0ae4a346adcb95d11a8967a3059d75de22dcd	680bd605ff812212d92c1f7ed2222902ed32d6d1a2260918064bd3361e02d21b	5838e7f74cfa66c9a10cb4acf0b34ef7c051bc94cc3f02cd3df6feee18dedd12	a32277ec5e0c32c8a9429167eb9f4872e237aedaba0b63e9ea28b5a23c83f0ce
1300	ad6f3ef1ca4b69d8768a110c80aa7cbc355b8045f533ed136c147ead64349821	dc7f3c3421c82480affe52a5d36fb76a1f6950bf837f480a36126b8fa9797b7d	63aad49a91b305231222ed3f88e564ab09baf6c1ad35d8a8481b3aea124c5bcc	4ffe28cada977ef5031bca3e05507bf716a399103d74b4ceec2df1b7b7b03cda	39fb4560bc2ceff0656048f385d4188ac1cd6f6d58792709ee65c5bd08db5003	790a67bef87ffa6d70a1e9720697a49152a0748aa7ee1ed6ff74adf013a8a5b3
1301	d528df3429c6df151ca236004d7ab8aa4327f3ef6b662d4fa7bf7ea5068ed15e	2ebbef30d99b6be24496ddaa22c53272a22d2dc5f9769f77777436ef27ec4ec0	d4675be616ab0acb42fa2aec38f52b29a903be9509135d1ce6f8fffbea6d8f12	45636af266f1528abe76591cbaf6228fb3e1e8cbb00b52d10d3d5e73833fadb4	4ed1d748040d5afd513c44f3d9f61279deecd5f86fd3c55ff093bd3a8db0d756	3021cbae3bbafb187f879dca785148becaf5f8daa5cc79def4a211145e52aa37
1302	308f959bf5d54d63b291683404d706a7c02448c47889a40f2768715a641b2011	9b69cac5115a0688dad51095457902ba73da63c6af97c2ecab2020e0fc8b9984	56ada8a2931dfaa35b8005b6099dc4b3c1848d2a6c13f0fb74f299e3ee0743fd	7fe5b41818aaaa012350232d72fda6ae3ed86b15a2129bbac80c05471dbe0754	b8a857f73449ad93d9d3e77dd08ff737fcb42bf3cd42e01f73ac6b7ac9a7c17b	21cf6852c44833f54d42a345e00e57adb216567e4637a5dd73fb127ad96e331a
1303	3af5c669cf20781b5f56f902ab001c8bfdbe00f7aa5974bf12347c6325ac4dd3	18004a238d81393545218a784aa770e33fd5be20a8c5b48e3dc996b3bb252444	0f4b1505b7dadde8e214090127350080da95074bfefe1d4a68ed9c0c41efbcee	89e51a3d91aa253faaa3e4ffde9f332536a237e66992a7093aaa5a6df335b746	51c32f16b6d63b458d5f6f07a04b1b26fe407fda3d2aacea2d36cde8a0035821	b07e0692a3cf19b8474add3e935ec321b3b48a970155b056852a95a63f337ec6
1304	1c4d5cab61042b7a0ce82bea274f8cceda030332d7a7e9811cb74fba49714467	b52cbad6305b200ba6a2155385ae799dc55c2cd3e91de0273d2374492c5cfe55	ddf5be40bab896c37ca56305a0606c793763023a7d0fdae9f40f55c6ea46d377	b4c9723271ba8c6110a9519a75e8c13a09804b76546ae8dafc0dec37bd2ab831	d10af3bc0bbc88749c3beb528066316fe3bc9c9997a6f524c2af6f25df917b6c	756b2158a55e4e9e961bb0ae4655b754fcff7be6d4c79da085ebc67763465568
1305	a640e3183cd4d05dddf9690a37ba3638bc2d7af1158a23aa47ffbdda2c7092b0	bee8b0c923a2511a425e101a2f0953d2b276742cb269fb26a808973d7de8a122	3766010f01a58aa9cfe724834f4970ce2d3e0eaca5b827af70f7ff1be6463941	5893da941f013b1fbfcfd9257d852708c82d3f025fc84b90d203ebc70d35831d	988d815edf6e295be2b0c5f73936544e29ec0b229fbda217935866eb4152de46	c9c089be60ab6822bcde9752789f4fa4e167bd6d4fa2dd062aa286dabc13b7af
1306	1bfdb5647a1503e2963a62dd97521f4263183dbf1c572267a520f9d77d63b042	c6c7da41725b170a0ce651599965e82f1af5c40a46ddf5e7677a8a8a26f0f09d	8c2bde3352302aa83c70553e1d6a9f23fbd5214d979c67f859f4b712da645e36	b858ca54b2295cf7cabf27e6921d5e901aeaea085ccf67bf0e2dcbc5bdae9cf4	5dad1a7bfc863b6dc115274ff98503a235ab7eaf779d0e5c751e1efdf8533976	a5314aa2ae30790ad66dfc79edfed0c120502045181a3a45cd4c7c8b5b7c946b
1307	7c2ad84e1439a458ca2ba08738b710ad1fe894fc3d43b54282988f15bd969a54	a220dee1962e5d9de2622b9b134bc9cee38d0f05d2c0881392df8455217bd4c6	37b027905fad8f828202b82ac7ced82e2e1616dfe9f39d22064c73231b3cc2e2	a7d826335b3dc6e689e352ba66fa2c258547564efc4daa238d94930e562347e9	da9727ef785b3b10fff1e5ce3c40f890447158324edb2e6d78a1d423b25a44e1	ec384a30506cf5c3f0647594963fb543e2e24edd23b00462243cd86aea584c8a
1308	12731278d29aa9a3cdf072c9c08192ee0e8ffa46ec90b7c6008fc1c19121a4dd	58d3ec7a7ec7ae4fb6e15160719277acbf0a0a04eba434694e34aba3199c0188	ff10aa1fac12b6c967d0a4e93a23a2f66095819a1c248b8f55a418c3e11bf1ce	323916347b9f094558a3fc415af8170cfaaa99791a91b0fca3fd5a62765ab794	77bb3505c413de3bf69104f334d0e32e892d0f82059fb2715bff85893dca03aa	59c1a136a2cef26a6469c0962c587c5fcea3c02c71110b337546fa939cceaa09
1309	132adde370489e40ea87c5849dc605b4b74ce266d9a948a7fe97a6a7a098e5d3	3dd477554b1b117630a5d2a1a1516e0ac6562549dc38b731f4d55b13cc75529c	1c4ff99b8c6631f6f2248b938f50685a92c88030545860148557dadfe33319be	61636b4cd1da0c842b9651550e96c845b730530ce8ab400ad6494e3697b53c9f	7be2c1863a4b1dfd04eab164f98e31c52242963835049d81dbc566c7f645cc6c	16e0b68474004d3ec8e596408682d59eaba8f92d5ed2b06a46148d7b3bf6e692
1310	e0656ce06bc3dcb922c20a106734cdcbed7cccffdd18b178b275ce712f26c15c	32245dab738c294f5e28481236153597c62887fca5716e765cc3ec9600f35078	01489ffca8cc6b1674646613d2ec92d20eb558b539a42352ae0bc4d444704faf	5780fa3a722cf7d567da53c5f32cfc44ad03dcf5d26c32db98c5a88430be955d	133361cdf7aefd7b9e8cacde7dc7973dc1a493c089e02507f8c40a4c72d8f6bd	715620921cf28ba8478fbf8a7d3826a8589647e7e6b0b5b38e4fed3567406219
1311	f0be05a70caf5b82b9d6b520c6c5a8e6c36fb38f85a02f3561945e7a306e58bb	85aaaeb4b75fe69fb6f677ba6c40f288d6c81939336054479bd592d269dfbdf9	f05d20494c25593ebdfbabb2224d78f63ec9774d8cbcf800f64d7adee91543fc	98679d161714010144470c813a0420e0801b54056dd0a9001d512982d76b2916	db65dab82de45a33913db16cf17e504db4fd412064a116599422fed2ce337299	24d56ae292e18b551dc1758093f5ab4f2360608889102030788fd835cdbf2fcd
1312	8c47bd513745d27db4d2c2dc7d1ea4521d0c4779084596fed44d74994c90131a	4edfb332a9bd1a0bede0f71e66a37660b3c0264e435d6f71a68676bb74f06071	6bca241a12c0e4b795c5f54c92508aeefa0c8995cfb6e5b0e4fa4b081fead3e9	840abb5d808da846477b7aaf20de10cf8dca1bbc786db36fadff543a2ce13d29	71629b7d46b7c82880da6ea6c9c8c096872fa0061d42020a44df599fede492fe	b1007070acbd60f116e1debf515859df74e8d92cb2e3991de024ed86b465869a
1313	efb8027f9fb75d0d034bf32c4a8e637339b4763c5efc61fc9b4c52fb86776498	eda8891c4a98df554faf7e223fe6ecb7f07cdd7cedfe10bcf9533d58733b478b	b5a7bef195e7259c93778214e62a706ffaea2e827c51981e81ed2297414cdeee	a4037c9e785bcf76d152dcfbd26a1c27d092cc78685069eb563e90f2d695211a	3bf6bdcca80cca3601c84f4ae52f237418f079f98c0009772872e146f8927c0c	9aed969eb3696627a80e344e911ae9d1bd9c9c0dc9b91a68c33b6e5e851dd719
1314	3e9aa33075cbcbfe1725ec171ab38691efd7d785c27aa99c9860509d734c994c	4da8996cf470c80dea37744c3a58134c47ff0a88542e0abc999262af8cccedb6	1cd8a81ae3e6c97216cb22aec9c66371f18114e0c37da4e107607b3ca48207ad	4df9b5c432b40cd406b680ecefb115270a643190982c0cffa6e27e32b19bfecf	5972cafa4158c147e64acb0f0b8ea0278279cc623be780198dcdc5523e5c21f9	4d14e7f9cd0ba50bef21f1ab8579752a59b8dd5d695d3a57183261f40024d46a
1315	7da41097159ecd6bd929752cc3ed149d9e233b655578ee9af7ee960f9bceb588	a024cd08ceb24e30aa524ff569133ebb4d6e1d50b94e68eedb12a995180cefc2	e14b8e90736db61befe1504c98938e10ad1114513aa7aba7b63030a653e09bad	36616da963c7217f3be90d7a953bb82a0d8150489cb252597b6b4c11dd179cb7	c5cd4676fbac9327bda07587c39b8c41d49fd5986ef03ab04e4ee7a4d28d6c3a	3f0f961940c226e72b343b1fe481328ae7ee3a19ce0a270185e51921a6ce255b
1316	6d8c42193ce177f304bed0300a0854b2c9b0bea961a722b3ccf551c4202e9c1d	b43b867238d697bef12857efa07f88e95761014b354eed679639cb0c8ee3ba60	8229100468a3e3e491b5d8c47c496f51eb36e3e6c0f62b4ca97ba19d4c20f183	520f1be6176be12f3fd7aa755d682794b583cce32156554f9b11db88a68afde5	c2f2f613e711c4d7e58df01a6256ce8eb9e07337a45cc9e3d3877c3ffe6c9c4b	66c5298723b0c0545845f1dd17ecfdf069cef1c60ac74111bbef2688cfa5b1c5
1317	713d53d683fbd4f241422ed8fbff2b94c18a8f261645a6ba76df3315d9e7c329	321c41bbea345fdc2a66f1463201275ac8b0d96dc610bd957e23b20861cedeb7	f7276a0b0a20c665d9f59c00d2a6b16a8a6f12ec8c958b54d1bcf1fb1c97ebff	3ef789118d7c8b9cb589b22a0dd9e1f9f412a5e0691c47ea168002018c747ee3	0b922fd400309129396b3c8029a839cfaf11e5a2840754353a4103975d735451	2a9fde4e8b6a2ef8682c7551de9525a9e90587a97f5c6ade209eb8772b40d4a5
1318	79215bd7ace0deabe1c7b1eef8bc527e24c244dbe1a45667f9dee1d866708ea7	db28814737c905d7f6822d365757ddffde37019c8e5ebdfa39ac89e018cae6ca	f401098a574db9b051627defdac34d29f2dd8b6a293c8806b1d96c9b5f1963e0	0ed263f8c12a87190e4715cdf5125a4b89938ce244ca8b3fbead5aac74ba4770	596a3da870b70c5852b1699375310528dc0212a800640eb5888d75e6e4d99049	5060124fd6b7a806f533f4e2aa574935f9625fd72a172ef45e7eae52659c9cc2
1319	223daeb7f40116e29cc63d7212ce1255cd33cc00e35cdf6f6b44965d19a27c97	6ce155ab21f0e9367ee2ef91fa8b8150274f5698ad27a3316161f67a29aa06e8	9f5a4ab08e1705019376bcb5cf860280aadafe1736d92d734a8f5fbc89a92f61	9d04b779b02d443cfa673c9bab76043d09b832b57f0412802db79654cd8509b2	394f536603c9223fa830623a396db0270a0c33de64492eba13df0db93198f55c	9449127a18ff0b9b017cef4686abc56b539d13595e5e0607567a33347b1c33ed
1320	4ddf8e659dd72afc6622cc6809f18942f440ff71a3449d01d6ec8adfbf444251	a13ff8f4b2428c10ccde46343b76bf7cc3c81134b4dcb570bd55c3e678be3f03	d6020b96fdf824e02738b9cf9f8ec0c374bde8395e3565ddd8f909f19b5fa214	ab667b5edc8395892b9accc9b57ff99fbd15553a8c5e032df53795cdc80a32a1	6dccc8b6d243630a6ae29f0ab8b0de2f150f98527fe1cc6204dbad1bdcdda300	642a35ff438464bf41c1e2c93dc69eb03ac971e9403d4284b0fd4acaf1deb9b5
1321	c1e68356cd0d5a78d68b140a5e9a8a36074ce31133d3ca74696bbe41a79d1414	358f7ad1407609958770f7a0e8cdeb0e82d954359e3c21f1a7d19a585151d4aa	d68996e5565dc20e8e9ec0ab44fcdc7ab8de73a62a9b2b2b975b93614e5f54e4	c6962c46070056a5a80d70678a9fbd74b6c55a9d93f8827b9d6b3ec6a416c56b	279118b76537e17ea2aa86d31372f74351ebfb340bf98021a0cc4359edce8acf	38f692014034671f0a6d9aeae2b03a500a598ab3e3ca09542553010247809a2e
1322	79e0497ecb6fac1a7e26a559c8ccbdf3100446bec3e2075eee051430db2406b8	418c72e73e3edf1a75aa7fce6e6499184e964b7000e7c18ac347fccd2166141f	4ee4cee17a8d8a35dc5df8b0f2f01f89624b5b066ff0b2a3af540347ed9c614a	8cba759cc3ee74fbac47ed3ab1e123693fb2354e92214f14bd4a4949043bd6b1	977d2aa150a004cf5ef517babcf3236caaff4275eabc30a7a9ae7daeaf62d205	76c8e1d88267367c371a4b7afe22954a2d92f51fe33a2fb470ac5c7b26a48594
1323	43f5481d577ce55e1c2e4c48422817c4500dd89495f95297fa150a2d9681d445	2503094f67d0bf18eaf77753390292d01f187b871c720e463cde7966b2167eb6	cec5c1e41e9ea88339a3fb392ebdf17068a1b453863d16b63a783003373e6ec4	e4b85e199abb64ea920b392abf224d8d1593e4de755efa15097341dfab22548f	d32767fa6428ab9ff36051aa0a30777cb3218f6643bfc81255f76cacdb191080	1699b11be8a75f0dc25101786a755e4752c8a7f8b9aaaa7de1dd013d9ee00968
1324	db8586f1d574fe1b3bef38b0d868c4f6b907c022e88857561781a951f8d5c5e0	e7bbd8470d3a07208ad8ed75559bc745c7ef7f66a6e518a07b97092fe1fb52ee	93cc46c2ef353bc9561967577a35b5816a054a4a1ce2e331c435c1275583eed8	1f5998f496c7f529ab4a95bedf7bb8d772d4eea8b44c193d447b8502244909cf	c31477fafa8731419a3796bb94cf562749e659f40a21d27dfb2e3ac328ba5f93	5e39624b41703d8ff6e467038385db40b1df75f0862c39dc4d3bfae0a608a625
1325	8eb9b0240f8408979d4eb9f54820ef327bbf5603d43ed6e09223f954d402f9e4	28bb614672f2dc63e5e43d5bb170eb190233ee5eed58bb7d400eab73eba4553e	ac54300ea5682f5aa90f788c2c349ef9950f822290fd1ea944bf9be3be3c53a9	a272e2e340ce3ec2b6e73bfa8897493b623f60d47975724f6f203e94cf53a298	6ceb973f1bf5516ca6ac50b4f549b1082b470d4494344ebe1184f304ae7600c0	b947857eaa325b0fa7788202bcd99ee2783f8378f5f1f7e36c38cca6ec28e732
1326	4382f2ea96cc1db6c1b61acff0b1af3f50d795bdf352370223e2d7f45c450610	bbc3764b6acac4d1e9d5abc0dfb800b43190e4a1a4c8e8cba0007f7f6f39dc54	27034c1cbe39eeef5e749c35e53208c5e46503cb615ceaf14482b9a73d8fd3be	eb8b3bf2ef8e2d34e476bc7686b6eb833107e8b977ad112db2bdc763de6b7665	3391ce65675b5c98cde0f1c9102a1d4745590338f6e2d583fe5c57e395cfff32	f957ce133e4e2fadf73da298f29e777147136f421f9dbad6b3c16d6e6ebeedcf
1327	5c9f312fe9594e01f42474bb3200c7691eeda2d839173131d9b7679d86ee1825	899b18aff79d63b4965291f357960b899860b8190ef8bc01af1eeae4006e12d5	43cda5c1729f8781585b320346eb41d53e1a01ece0b1cf0fdc349a4518e722ce	ede706179a1d291644a7d19c483a24bd04f4c84763ad1840a1062b6614a3154c	8e66705b591fe909aac217e1a2f604542dec3bb72a5462885ca9a3f61c6557e9	50c031e59c0aca052506d939f55771de7bbcd80020e288c00b504f848152ec68
1328	b98654a7903884a8eaf09da1c2650430a21e24fa02be8222f8a08fec2aca8c30	29b6a0e09440ee3e0e9a97becc502491839f4998065d2e7af2911e1ebffc1526	1e86e72627dc863cbd52547ecab9d441a2ca4d97ec0a574b078d03ace34d4936	6a0035b0c8201f84d745b94407c30b1c736c18be959af67d410aa0ba82306f37	bc3aade72f9bd817c81dcc69e28ec5955bb6114b9323460a70ca5c4976edc06c	74cbdba5c376fafee78a0540c33cc15c978e9b7497c341a789bd417efe554172
1329	ae25169f1b57d9219b6cce4c804a17c43e26b9ca9682c9ea12c4be63dd4537bd	209879f3ff25b956275e483d39b6cb2df9a47246447652764c28807b61afad71	75da846c75172baca4b1e94e2c55558f6b22165a760985aee73ce87bee87bb0a	c3bd28a25b8dc8b258e1e549882fe061da4a72213eb6a0f580b465865149cc60	388a12fbd17e50ad6b6f575ca9ec2ab22d1024fcfb8243a4445bde59f7edcf9b	98d5d7008b778f5eb73a4ef505bab90db50d24532495a025fb65f9bd2e8a5992
1330	102b7d13ab6965d6c21c3d273d5be57769c8f0099f3bc678631f31988db54499	0e9de796a60b35996b377033a54f69b1ed6edb116f98f0a32447c65409851f40	eb0b0743744422c071265268d6c290c6930233344abb97dd4b885c619f5d868b	5f64064d392501c518b02ede2658131b8cae36115c0ad7693a17bb1f019cc3f6	187185dc2e5fc83e6e95a3703b61f3dd0c8aa5f54f92d801555044f8cad871f7	92a3f410b2a5cf31f667d0eb094afd513ad1c03cf102bd7a8c1d0c01c72d5d14
1331	61ca0218b6b1f321d30bf3814baf20026621705c35aa856d3a8d8f372358c037	ce589b11339967f8c983c6127acdfd400ce03269f65b3f8c98f43b1b440caf9b	a81235286fdfdf6d4053a47ff8403827e82399901d799933a85eae6a93f88ce5	e0e8c858e980175f8468bda974423a387152b14dc945be00babd8db1d20a384a	e73666d1928c3c007ac0c33e7aa2c36fee7b6cfdf8eca6b8f0852916de88f482	4766c9b9bc0aa50ce945eea8a85b7c5628ebf06067fb96435a61e1a57f0a2a3e
1332	29a0206f563c7f41da91e5bdda3cbea9241b7fd51d75ac79394271e3fd3547aa	87ea7c9847e437fe90e966140f335f386c44a09b3ae3424d43db8f6411a967e9	23eb68c0e09c816db859f32ad4d2d6f9e6bb5240fa7198f7d6d3fd2197d03dbf	fdae1644e4d707f215dee48766146b0c97defc90a7aafe0595687b0755a36ba2	0359a93dc3ecc4b55abda92da6edf5b81ad1e0a1bd68253e3c5e6589aee1c9b6	bcc59eaa3310b3f70b7e1b8b2897b1342ec0d277d3bd667824b4024ab7ba7a97
1333	1ec7f564691514e6ab3b2b0c2d4d3c98641fbfd00e180d7c3198b3eac765c058	c76c891bd764d5cfbb0b3ec9f682b9e8793f7f0e7dc1ef469747f7a54bc9a36f	10260d82b9ee5117b2a19522b43663b9382dc797bcec04244bf6357b7e58a69f	8340a2ca07d8821eef18dcf77ba6b1793f17cd8e8c32ece415c2a64ca8e1f88c	54d7ff18feff56b72df8ad02da2b024dd9ce982358de13d0c5f9b2719f890edd	c0b1ee0860ea409c43f89dbedc01ece6cc87568198d28f6f5eb5973955dc8208
1334	0ff27f9a10dc5a674242923fa0fa278e6ab0ad91f1bbf15b29d4b7903c5d74fa	ec43d92835fa8864d1ee7ad4e91cd0aab5de97e2dc97fbe293dbb2c19f1f16bc	026d7cfd4a9c536d52002f8c78587c2bfc8199e415f3038d77b9ed6d96c3c64f	8913f3a79ebf4f54a822717167c32f47bca311021881674e806a6fd79b232c25	08f01e00dfce78f8b6629edfb13da7255495a26007c498cd95262b2bdc8bb742	c2fe90dda0e9e86fb9f53ffd78bf5d67e17ced786ccb8717a5c3d778aec71630
1335	b50b216588e6fd0b021fd1e4f591bfc5d407ec6e6b0f891be28baf8a8c43badc	4862f38ce63efd6f41774b87e63af25d059861ee8f89806d8db3128db82e49ac	276345bb2372b7866054f6b03366447911281c0772194dbd05742b942bd21f4a	d6a42133cf274c0b465ea3052aaadefd110f81634de917c2936dd44984473acc	350017f4161f1ee44ee10495cdea51eb7ab65a4e5c2340cb83b5188016e46ab2	f3a5f09a3456d2309ef4239d5f976b5dca633e514e9c375824819099e7a5685b
1336	93c89d1a088547b9e63df129fe5ea7f8cdc9393385952fa7838bb11afb32cec0	ac3e49b467c730964cb395826eb462b17f4dd991349441b85c9b8d05fac65395	bc2de90e2f73ae09acd5df3b3c02f31860cef8aece5a20be2183e51a21898caf	61dabdd2a6f67a6a34fa47466c4f30e1aa4ca0674137daf13ee18e3a5876cb1a	66a95432cc4e9e39356d05d554ccd8bf6637debc98a4a47226271838f0adf5d5	c61b5de3a7c6c15314599a58fecebdbd38359de88445a13bba11c90174949397
1337	183b94ba83f45ed0c8cddef618e8959a043c4ec3332211ead27863f4b7333767	a845adcb3923eb7fb8433605ed52e7fb5f466de9f3a7debd5d809dc67f33c4b4	7291f98fe4def2c01e768ac249db9029e70c6f5e91560946f150e1229a69a0cd	8cd2145661069f41da25cb5e3f0e6a1583f9e36255b657c02a9e3d0393ad4abd	c52a3a4ca59da2aee846ee81e52c0ff27bad7e05d58f4efef00675790e543072	73eb38b5c72a10babe60b2ea7494e9082b679b13c82e94e359429f0086704177
1338	d2f7c2efd68772d241de91eb8f4cfea5987c87741416a916df783a267852b5de	1b82191282119e359b652a60f2f5af7d9082ca4be39455c1dd07c8898bc9caf1	f6dec2081680f769f7fe048f0b9653df12ecb8adb35f6a58155bcd8256ab7c4e	04b134b877b799595e30eff9d72831df0a0a08e3d3480259947974c31fd75970	b4fb08ea419dd24984d98a077c74439afa91a7d95a955b1149301d2929b344f0	3fa458a3589f74f1135dfa98b33a2f84ef9889fd5cd4f622347b016510be420d
1339	2c76d8dc5b4d75278b9076f0866f313963a5068a1d8c9caf45ee98bdae800115	fa36d407596d5fc032a6ca50081919974b7f6b93d320e9529e47e9ee79304ece	cf4f6eb70ba02992fcb37626e73977f408f1601f8a58776a0ca64c024d7d877c	143c2b5ebf10ea0fb245d70bf51e646cfe8a48b6f14672307f78b481931f1de0	c21a384cc86ef2c4507334ad87625773364d173eaf654220f0c5638cffee44c1	19f7fcd3ba85168576e3a1a5b0043213b9809b125083f20a60df510284da55b0
1340	3ba8bff7adcece46b12eaaa3f70f463b366e2f38ba4439af9a269f808490b785	bf97bc78129ad85b65e2aaa83aa11552c20933691c7d46762d7a68a32e735bf4	484f83a1926538c361263086b36e566675216fc47cd3ff54deef7b745374446b	49cbcefc901dd2a1d2b419af088a735a98731e9c798d0589a7eecbcb8c5d09e3	5987fb3b54348409bbb1a272f62525a37bfcb76bfabf9def0226688faf672546	28c6eec06887dbddc63da0246b8ee7a03cc1bbf8b844983f2b4c063cbda84a1a
1341	1b20d3cceeb8a7bf917bab61c353c277d3533ca37b4a40db3dd236477094893a	cfcd131baa40ea3af08faf0ea77b0c66934c83f0dfb8f9482d20541f256237d8	b52a8123c6c4a5c6d1128408c21dc879d8d3e756e7e7293dfb3b529901822440	c40d408eabb099a60a5aa4c55f298add6142c78dad48e2c393caf24f5e1fb74c	b03fb1af86cbcccb8b5b5ac9e98221c28d5782047fd5c31be39fb616cb113a61	e886b36e571455473568eec1a50029028f6e471a88d16338784f1394a85d5320
1342	7ab06e7a1848652299f78b7083809843dc11d2923c37aec8413f0d1278965ce0	2af1cf57813b3305c949f27faad13e2dd66275d92a8c64c3e5680be455696248	698a2609560a5f233ca21eefebce49aa9ef0d53403b820265f3f6a1c407b6cc9	aef38472ef7a9ea3d0efefd27a69f41bb39ff2813dbda7872c47eb2de6f59991	99c7fb23b085fcb571da68c5b4b94dec9a7465e2926825532352967d5eaed22e	98d6889db325ff7477e38df56cd51b0487dfc8620b6673c778e47a2b1aeaa03a
1343	08b4c45c63cefeaf8d0d2d8e67a3db87380399cf00b4629326a36aaa34e5ee90	bb18c3b5b2c9251c0f1c133912bc9e04ade13c5fec615bbee8bfd9d2d1ba8b6c	7fe28ed959d81862faf749e8087f300ccab6670eab27e2698d42aed63196bf40	2a611d88db966cfd2f4e845a6de22c4a230b7f47143220aecc1cb6ee704a5ac8	979f471e942cb72952b2697f86a93500278d4580f376cad27ffed68f1efd5204	5c8bfa7ed2e811802c810981b1debc23f9b22a0c09523b4de61539751d327e8f
1344	0ce776b08c0d9844314fc503bf5195c2e7d7e5c8e6182bc6e69634144c1da51f	42d5537bf54a9fde22a0318da247e584832288e6e16e831007076fd56a2f05a6	e52ab46b42bc9aa07d47db290cf6aee4364caab8d4ef7828951015d8e214e814	fc6fcbdd2bbf4b49d676e11fe75f14f4579e03d77f3e9a0b9427a3a1f2b3b78e	6529863f462523848fb276546c761ba55a5148564e4ada51851e41d29cc3f899	efd0b3cc02d1984edfcd01428a5d0ecce4c95b817fc765c84570f6698f46c235
1345	08eeec1d892a5cd89a931d7201783576d8570e4f9846824c3d147802a447d3f3	64b178ddb23c45407502f562a90cf085df85621eb8a0e15cbce6430c0b3eab59	2ee85f938731999849b015beff428c6342ef51b20ae9f15b604515ec5b8c4d21	8b4d53ee5f16f402c9da9178771354a7a4d666dd1b2c5bff6c3103873f02763c	3a38db599cdb683d697de8a176cf0c014e8946e1e3c67cd7228777b8d55bc6e4	115e975908eac5950dbbc7c8f5d3807f58c94c1d0c583db7c68259ea4c057f11
1346	73f9b24949685159034514dddddba1f86e1c1611cec08de46da80294e14833c0	3fb659406918dd73d6db707863c4f4ed8dfe60d6ec574d3e3525f30c9ab12e46	35205bedd010a132a04eba4b4dec6f1970481a21d89714c0e06c9b15bc1d21aa	98324de5a3c12e0f54281a88fb19f6ad9ac412eb46143281939927a3360ba2f0	904138e7a4c0d21485f96ff5b43ab3b6ed36d6809d1e6f4cd68f767fc5ed5674	abb5cc49d1f2c371e0b5927f558fddf65cbe25706009ef5936189b8ad94aba4e
1347	c0fdd538e070b6a10c48b6a348c589c7a60df0090e3d1cac0db98439d9c8fbb5	227dd568bf6d1d4a20485030039a074cf24a5868af996048753e40c77953e92f	199122971cc5ef6c07b3793a9e2925b717b7584d8b3a1204fa66fcc81727545a	cc46edf590f171a193f86e8fa46a9a8e252899e0b1685f28ea66dae421762f58	e0988876a9b28adb370ff6b9a1286b0ba46628ec18f97fe1137510ce7f0cda8a	2e1409d2172aadfe720b6a7c9b37271a2fbe938d9ba3ab955f9ce1ee10d31604
1348	bb76702eb311ba489a36e7a93c5146af332349b77220b17035e5c74a89d325b2	93be08f672edfa56db431dc619a5c3db95bd8ecc31f981bc706ab05e8521983e	a8d68073a6fef9edf4739d36418917bee679b247ef33a87dc5b1ee7107ed9698	b4e30b1ef4fa79165cf9302a638a63b10bc7a383bf81dd50c760652276cd98b4	526e7c70c28e75d20ae08540b0dc1132e3cb34766ca199978f71a0b465ecce34	d12789867646dcc766df3c8270b36e6a5b0a5702af38f9a3f7aea27afd9265b6
1349	13e107c66c1f94be4031aff15fb77c32ac187738c8bbd97d6aa1a9e975124510	07633ad957a24e378d96c4a4d631a498fed8df4334e71a51061fa3fc8819f835	dc2c7643610e1bbec19b1ef0a3ee6262dc3f461e840e8150e554ebe3847fe5a7	e569065866d1a9dd9d141cdf4ff5a7c2186f41f937fbac3a5d06c7444dc5fc39	2d609f1640ea3fccfa05ee17391ee5c76e6900bd2cb42772f5e737ca29f3781f	6bedfbc5a53bc212c3e9c1a07a5bcd6785a8314e1c58a3dc02f994091d593dce
1350	cfc0446f46d7dcee19fdb95dd72780079929aab8581e4bc337077d2bd72888ae	88eda955896d22e9660c785049f1e3171dc2b026012236bbbe97c4b4d923ac27	71906b9267d6e3702b08823700d929094dfb206169cbae22b48eae534edd66ad	07e5c5eb20d08aababe33f39ed3bdfdc8130e2ea51f355bc9b0e65cea6e86193	e35b9cb0664195fe9093d9c17c211cc734ee2e91c643334dad8eb0ab7ddca606	01d983f5851e346879d2370f9b480616ef42f5758df895a647965de2d8fa1be9
1351	da0e7160fcb2835e937970fec7a80ffbec0ef54e4161c6e84b693ac29d2c1172	a7d270b93b08b8dae0d1349c87e57ac2cee76c126b43d1f72a5fe2f886ef4b22	7f6dbd106dd133f840409e76e44768502bb11c16cfe1b206f64fd9eb93a27dd2	da8164f3a9d69e3861bf8b3f0441023da50141a0fdab5db0ebbe3d5bf73db151	f4161cd08a5eb776bc1263d90f83fccbdeab28b1c0a4897c4a56c1e3b8506583	f27ff34ea61275d0e0edb30c2db0d85156d696d35ccb3a5f3245b1da51a22de2
1352	0b879bf62cb8ec9ebcfac218a157e9debcf1787851a72d108fc31ea0289b7d76	820bb99a434701079f60498dc57afd5704e4745aa63fc7cd5a93bb7c5a653d2c	279f6f7c9e66b7b11410131b6aa3de5d91542cbe20018f509d06e5218cf62be0	aaac9650ad3448fedae8d455cd751fc2e251a67a537e2bc08a5dc5c22ab99442	9c46a0ddc6422d13dee444967c796f8ae313aeaba5ad3532f9b3f78faaf10559	6ccdd9d3a6a957aa307bcb47315efa5e6738064389e3d7f1c42024743706e45d
1353	5e3ef187084dbc0a74ad90449cdc8feb9a1a47c98c267a5ae557e9dfb22f1eff	4b9b1fb4c0f141a9d38037dbd4a15219988c19b41343215503e63d7d439933af	dd9cb8e12c60527f69e382c20094f631192b0c5edabc9d806a91e48a377aa928	2df5673c499652746e348274a93d12140613374e9d4f71f04a9891d66abd7c2d	a18a384c44f4235eafd6ef0d20c9f8a87e9d0990d189a5ca403cefbd6c1eceec	e8fbaeceaadd25c9f07cbac6de6eac8fa08dd424aa2f5afe10853616ff87277a
1354	5aa5d2bf32e82af5c5ef4bebca9983a16f37f73da536a20742e3ce55b1dbf9e1	4db646441a59f7cc5e9a120a41626927a76954dc555575d3995665f27a4a673c	1d30da275dc0627a0c05ca7e409fd268a776cd842294b25753c82e0031fa8575	7409952373e8231525515271ceba277191be335fe58ac5b1d4ad40b44615418e	cfc249b7cb53f4d60fbe680649d4a0ec232202d08eb2c50d7f026e72a959f051	5cd2c397284b289b1ed05f43153d6fbfa35d363f4ee9a2179169efb8ba03169c
1355	39b861b18a11572ad0c14b16779b42809d49e52043fd321e408f59c26244eab6	5179c6449790d9ad01fb7043a62a09516679ef3cd2493fbf54a8f1023cc74df4	5063bf51281f0bda8e9d175119e1ceb6b1f02651edfcf1549285f049a9872d12	64499f4957f364ac4c8f69c1685e8d7f32dcaacbf115a8db55150fa8db9a161f	a8f011aa8b408ba5742c641109665449792b501d8540d53e16810dae33a408db	dbc11eb3767eb5b755e30a9507de7bcfe769431c828cd4030bebecdffa581f1a
1356	3cb275dfbb6715c8a47a746aea7c17805ed8829bebe8af92bcca0e59e1fbb8c3	9a3a97a3683199db6c643728e446c94963970fda40ef5ca6441358f159b2c7a4	5b39d52c50ab4e19cd86e76d260abb6dd10a422ad20badd78fbcd2baed9a9b9a	4df0c06dd4c90e17817cc5eedea470f237b130fec34ef9526eb6d77d997c152e	77e5a0be51aec7557223eaab0f6078daf8d228698b5154570e2fdbac68e8eb7e	db2e80c110bb7036a79554bd95c0e0b350f2e78b38ac940c3320828b054faf49
1357	8e4904f2f35e81c173e7f9203be1985ebdfc921fd90126fb4840456ab0320420	5a495eb85d9eac814c2bcddf89e8796ddeac677bea91408d27b116c97a5336b3	56f41d112d728a4142e3d47b285e7759d2f5e35a2a12d060cc9cf5136580d046	48d866063d56323f4b416b481761c7405d3c8208ebdb1af11443ef46dd3bc711	74178f20d76fa25fbf356cef39d3675fc5ad1fba164b9cc1ad21062f5ce7d87f	fbb234ddf43191a031e234423c3442985f259a96c7d444fefb71a4afcd663f35
1358	42ea990f8b150ed9c8c9c4931cb0c0bfa3a3c3007a6f67e8266b95f65dbbe2a1	7301fc5e9099f0fabd2be84fa9b27652a6daed6e38633b9b7e8dc3ca5dd1ee56	e58227de113e75c254d9c8bf28e6e03bbf0d44f0c216495153106d878be80084	0eb736783b0755c9dbb34bbf63a19cd3c876b58a4ed343dcc36265756e6c7377	e49ae95823fc0fbdef3af5f8dda187acdafc5523d42d1600e0241ae4d42b18fb	bc12bb4c2fad91c72a94b21d972a832fcba464301c23527dfc4bfc7db83db16f
1359	45a0f466848409399d16db0bdc3a0725ab2972a78305f4005b4d24c1ffb21baa	facb884a2ea2bb7edb42792daed48e3bc465c0139032be86535e6fa05cfab2e3	5b1ec2c90c6e0ebf15b873527578c657747a533b4aeba14d8a1d52eef343e81d	560604ffc5e2c00796561d026b832d88e54f1e4249976bb259b374b3c346da41	eca734c7e47659b435aa54ba0613fea9436810f4dd8bf04138b5bd157786e5d6	f1da1f52ea4df09db5f86d1ad761997b2cbcfd8d03424e5bbf2b4396d31c2473
1360	99b3f87922239a8e9ed96f73fe8977f27e2841c277c215beeaa4c9e049cf6ab7	24df4aaf79d746fc953257112a32674cec696f5fcc4da2b407060ea201c5a8b3	58e39536907185b3910791ea171db6a9b0d161f23cac022aebe11168de9ae04a	303b2f6f41bd31814bd9e7d0d16a44372dbbb82a4000c5f3b7299e18047d2df2	1c184393de13e99d46c045a510a1abf7ad832d5f2a687147d40adaa3a887eda4	c45f831cdec7d4c4adc3f61b8afd821f182583121efcffdf567f807b9db190a8
1361	3ff8bb0df89c7d6ba153436d6bb757c7a1ccc5977206932248ba1aacc03ada25	aa518a5391538b06ec6ca0b75ded622c883297b69cd443e2f6989ea1629d2f4d	e0d8862abbdf8302f5ac4e8acc4c68039346127b855025399abda5d09597d0e3	9075306c37f6fcbb961f2db9239e6a2878e12513fdc953ae01e929460017b76d	db84e101c7f82127d8a212f9d83b3a93d84523243263df6ff65f5f5d4ecca32c	8530b2da91b9c777b50b9d6022a06b35d073cbcffa363bda9fddb766e2e0a318
1362	832eb18dff62af2cca35e95f5dd62a64ae309dae997afe086a4a42fd5800d0a6	acb47ff7a8978e81f11d1e335c310f01d18c3137314e5730f458298df32d9efe	4136e0676b9973efa13bc0598386da9e49356354f8b871a7c27b2722061c54fe	afed8adaa2cd53b9673523b769c3af53ec380ae80ce1d62f5b2ac17228b3aac5	04911365f4d1b7913bee0bf0a2c18ef75e9428eeab30add35feba675a6186432	515a6210446953d8d94cb8122ff905f7346248a50aa1c5a51bcbcfd06a583b9b
1363	ec3a07292aedb1087d0e692f345e986141c4a4c656614e851e923fd8a052f0ed	036e2d07f2bb7863585432c1d75e0d8413539f848f4ce911d8c7f9b782d747d7	0f6210050878611032a9d7d1002dcfdd39285b8fcc17388f8b5d23c93b93e8b5	c2132f5492720396283b8e36da9d9f76bf2cc12f55b886dd6f31b480f98c915c	01d83015291a9f986252c9aa332dfe93aa03875bf00146c38910b3e0b72e6e90	161bc25f064e1c4cd39343b30506c399bdf05907f615d780ba374f90399f8ea4
1364	b4d3bc1244394eb72d99eecff8677524d1a70f036b4c7514c0538267369d6a93	afb410da0f1b0b10f769ac2b81426954228e698fdfe87e9dcad3a96e6811597a	213558eedb647374e5f226c2688f17ceb86b6ce19ff23f38b0f10ce9702c5ec9	f2438889b31fbfd3eaf1b9a11c2d833371248a0ea8b4a4c51a7262206cf3f3ac	f63067b2bf99d2b1de58906c1b3c157950b28163f904d0b0830bcfcedd5adbaa	c3f7e92353048c3f96bfb87462717910e5edebf768e80ab9f66e129c2c12f646
1365	672a06f841b45dc997d3f5179ea72ec4e60eb2c18f7ce5de2cb9bfb87d83b99c	12d42587c2efa20dc93e3000b174d50f4dd584f813974845ed09e91eb93c061a	ed1e64deec75af7177eb5cdd52afeff20f3f6a38f6b5b013a6073ad96bcd36d5	bd2f64d09ad707d0d8a2c2c39d0f45c13c2ec0b677f914cb51fdfc038344d766	169490c0b9fe4d125a8f23bec2832bbbf9300fe3a6483834e114e76c416feffc	603957491fe67507a95ab869eace14ae33c314259f04a3f94bd55d3480f9f4f7
1366	5d964ebf4b8781ae93be60491c631b56c545fa2c78a63a95aebd895fe34bfd28	da3ad4824de1d8b348582b5e5cfcbfe9541ff3c754d58a3aa8e7d38847f4b225	b22a5ac5fe0eaaa4b51632c6b88f68c6c78067e1fbb8ff7e69b0183162a91c10	142752c9766fa61eb8ed71b88a01ec37996b14c1040b58c7d430476af082241b	ab3f4648e442c83528194d01e4d1ce6792cdd8c37ddd1c3a42bb477d19d54b82	634ef29610e0bbebde16898ce079b99998c4212d85db155069e67dc7c22b6bd7
1367	959a49d0166ce2329d3c340825f3a1cbce3d06c1994be38fa8250365cf4228e7	d5dfb79b1096a5f4d094c22ea7ffc1f499d22a8d0c0d947137f8b2c25be9ff90	2f9cb2352a3b9e09dd8521dfbbca97f8a2569a2722669f1d308dc090453ab493	2fce417888e863541a280f1fdb5e6bf53d60eaf7bf34847b7cd02862e3a7203d	8d9d9dbbdafa9638e6ab3f4ad1443662828ccfeebdb956a2f481179b8a866a5e	ef6260b16cb6161d4776a8549daaba37e391cc4667be66e415cd748e2bb2fab3
1368	180dd130711263f72532a25369c1d05103b9ca9215049d5a22bff324524519dc	dc83c723ba93a60f010e7e32cfbbaecc1a053e4b2db4dced1bbaa3f2aaf74fb5	5ec0ba1938cd391700f8a1774dcc9d5cac9e497a1a3150530344c685f4d95a31	5ff69f4c2db34c4dc043a8873a276e493db459c24a7ec9a4b1dd7cd4076bd900	c9d27d2374bffbfa557c6fc098f08ae9909c1ae85bfb0792e6d892f91d4068ce	5037db849a65f51498f5a2730a8c6599b46ba350487b25ead8d68fc1aa4538e4
1369	581c36f4821191739a5419a6d0ec2c470e2c462d45c12e13fa5f0794a8dd6620	405c90756cab4ca00e4ce4df972fb8deff2f60533287de2b56475903ee94eb87	c79b053d8399b1f5632c4899f2a9c86000b770996a3161485235c303d6d8b1a0	c21f8e47a2dc2a3cee055e01df67b1b29b3732479f29133cb7a8314edf76256f	d4253a7dfb9953bec19c2fc86e3a2ae5e43138e7a707348fbf10d5adab5e2be6	5bc4c721af810ef5afffb601266365995c584faf955894822cdfc7a35102caf3
1370	2bd8a44ff48f9cc19543f9deaf037b9d0e4f5bc8a25eb86d5fb80a4673600930	c50e6d43d2b00cf5247e8f914473990bd2e385b6507613648e873593b7e2c97b	b319aa608a268fd2046981bd3f53aed4cfa07062cb004b64858fa978eda0b334	ea5c1ed713fff9ed2adcefe547a450c4b786b6cf7d52c9663aa8649caf038a95	21f6d912b836b84981239323d181ba650ac376da9ca9270679348a41fbed1785	bec0d97d1ec29159821aa0bc007cf3682090c1af1ee254f6182a0744d4738236
1371	b651b69dbb7b978cbac0091261822fd47bd8d6e3b26422987ade93371228734d	d7cca159ea2db1f5562bc28e4df7a891795d8b124fa51110f78738fd449fcecd	171d759114c8d66704ce32095fe218f10b6e0cdd621e0bfd15668d28e147adaf	fdeac2f40f3b355ba99384ed996be89c73a52b8c966e67496ecc2a9c72510e40	0b9d58133104e1953f77bf87b0e32b11a4123479b7cdb6827b6750303a217a57	63732527a46108c252d7d83c0bb31314e4e6c3d659f7dd333cedfe509c16f98b
1372	603c3723333920ca4a7227d7e9ea07236cadf2917916775c640863ee19e9c37c	f17c80b822e879260efb4891226404dc451a98a028f43602977370b6f93c049e	799fb26a0160428f7b14d42f72137e7acc747bb3176df6b50c9469baf802f153	98d00e797c1f179050cf45b8f5f7c4ed8b61cbc3f03a9bfb2f0c395e54c60132	c08d1654c0cb42de07d03f034d19a7e4ea88d8c5c433a1c8e899e4c362904cac	a87d5abd699e1dacb61f0082ca480da0bf2bee6eaf481f58f2c225f54986e087
1373	df4a92803b784a834378e1f463f626de57f3bc475cbdff607e28a5ac128a0291	e2115de6b836de30a7530541dfc9929b11905f60079ab54b1f94d04f1e434280	786ad82d290525c5b349dfe0317ca1f5e9b480a2f4b2b31301841714398f02d1	cd455de81103ae9f13fe23b5b2daea26bf2ede5b969bf94db77bee37722f25a4	8e4b0b08e6aee72b802aeac95ae464e6cb184bbf4e1e69b57ca60a0544bc1660	ea0fba042cf901f774298d9e94fb12c9b586366f270b57897415d7559198dcb2
1374	69fd258c8fd4478c16b063dedaedfc0b78ed4184589964dce8c81a64077875a5	9c1ba6a8f7fb90d57f0b7ab40e9dc8a90541e71e1da5c9228bae970da17ae502	228f7903526f7f527cd0f028af0c0e357285cee61ec2a8ab2aaeb74000ef017a	d72a8dc51a02d22a5331e08ce6806dad77c800f31dc91495792d44f0c2fbca80	36b33d311ff53a03b5b614ae2c79e2b4a22749e6043008c072d2d317fc746b10	6f364bff0cc6323a059e585f5c8533480f94ff400684fe5dd5b9ef7da38a7ed7
1375	22954228a84435c0a7392c0d2c9b673dc6848b9bb96282dc04c8536d1d68df29	556770e7448c009d920dae19a244ed394c0895756bee0d0cbd614f7718aef7e5	054cd412e1c7fdaee97ae0f491a5dc22275ff5d4795ec030c5fda1108bdaa4a6	853ad961d869ff68046fa2d036c4f9fe1b39db6bd06fde3570862895aa66df45	da51055ca2303bfdd52f80939ba5095db4d5cc98bca9e2fb7a464cb426e6675e	22d6cfc7c97b7ec02730a1c898d0a2bec910a17a3af41e1692e35aff21c09b34
1376	3503a91ac2dfc30e704978336c707ab9a75a3915893c43d141a26be620e25c66	801fc40bde0509def8b15b31e91790c011227657c12f1196b068c2d23b194609	79e092c224187cdffea19403f364caedb83344cf33949ebfc365a8b2e1c36e2d	71db74c6a2d68f409e5825ae7538a25a70aa65592368edff6b922cdd9ac0bd3d	965d941c8dfce5d6a1c788733a0667de9b0d6d6001524554747bccf45dba3ce1	f51f10ab15249a868e31f38f477bd17f061bf129971893e58380ff6a41ba783b
1377	1181138894b6ee90e2a466c56b4984a7f9496329014f75bbeaa8ec96db328808	5ff2039928b15d6825a2654467310ef535614aa4e22c5f714e087bf7c4edc069	ff29126b97a4e9dd94d1d75fc71e8902b85dc5409dbb3ff50092b6ad1ab1c282	01fc9d7927e81e50b535746f076cb8393798f26c71c78a8afd2e36209636e94f	cce8ca2c3205c6ea7723601b57ea4b8768dd0c0c468a5d8ebd8bb8f8745fc26d	e121b1c7079c89b48236c2c47e99ff91eb47fd216a0180075eaac3c37856df0d
1378	3675cfb65fc56645e11a16ddc88e74f0965daa45af11144804dadd0d944d7080	b19f40716a08eaba4560b56fe4fb4f16c615c999b3958c796903c20de903bf31	a35d671667c179578e3acfa0bac947abffb8fb90a35970fbb190d90ce2edbbe7	85756862ff103273bcdfb8dd48585d3eda00de5495ab532fb8696ab87e179559	5b24c600ffe5042c4a474c7463f65f237ebb0b85fb453ceb1e0c6a1f24111241	d81bba5add03fad325953c27cb765ab5ad2198dd02c3a53796ac5f4dd1df7d32
1379	023fcb7030373744ec08169b725c7fea119442e88050eb2fb33c605077fcf280	5774e00da340d287984ef42f2d1012257ff5e695ca1534d58482d7f299b184c7	0f04816159a85f345de50b373ff1e055266600af6c9532058f943500476ffaea	2e077213cc7c921e27a1f0385a44257ebb37c295de4f03834b76b446886ebb96	fb9475427e28849da88de5309614ee320fb1f7ea2dfb5506ca52d2c8e6fb4bbd	c24520f5aced4a29ffdaac3a1770304e7c13248f00a015490a1ddc89c2c6d7d0
1380	a0959f13848f9da9764bb28845ad55bfdabcba647a52131ac77c8407734f9457	9b08e6e0fa600363aa8c1b38304ae4703ef3e6117e3cada543911f9fcbce6ee8	34b10db16c972d7d8f49601674cafb007efc6856d6a2a383fd11ceacb32e1a2c	95707180edae6d056b2ddbacb1a876631442fb49f7a98dad8dca0b5b2bdb4ee0	acdb4ad95bad4ff156f7e365a7311bae79079a22b161aec60fd91dd052189c84	e8e0cd087d44dc8814c671af181addbe95d9882b25642c87c99b5041ad25ac25
1381	554e1785bff8fa0258bdb68d5ef97bb6870ff75b003426f60ef464cfb9d8a409	28b3a384e351873443fb337a7dac126f6e62882005ef1af5b3c02cc207788ea6	50c75f77219352b4f732630a9731d07b664729a8926955629be017734af75fcf	72e4662144785ac4935bf14d1341d84917644022a5d09a40c0601eb6b378bfcf	8d3aacfdd0fc65ca94ffd66ff1dd9ce5f563fa024c38cb9f9ca56d3429be9ba1	90a9695f3c16e2a54f32fdbf1b9d8c57fee1d4ff0845eaf6f20e959262db410e
1382	9563670243874afbbed1ea8b7484fea744a31134205d335c222b27c060ac2f9a	dfc4657e5c404ab51692b814216dc72026f966f230e4cd05c2d757689ac722ba	7e93ff55c95e36890b204d67cadb0b366ead61d3857da16ef545b6211b57b764	657ec2f573f97390dbadd4bc243077d70d77ef6fd2b8164f5f101fcd2685cbfd	85f6137de628e6bb238209eb992d58382bfe28b3f33cbf0a686114dfbd2dbf06	ebade128b767ff1b8577bbb1ec1b9011d0a19e9f5d74bd16ca4a720394155fa9
1383	e4ec3bd1b08b8f527386d1c696ced04e3d975c593568e0b679e0977f3a6fa00c	496f96fbf767e660e7db663b682de5a7fbc1d0005227a9fcb7203ff4535bd67f	672425e7387ad2f3ebaa5326995a61e708ec9a8f011c9410544e54b908631909	77f8bd2dfb1a00d246e2fc8e5046c22f57ed736eedcde1834dec30394a4ed982	35b59b7e824a68b24aef5a39d47271d0a4fa15685300236732dce5f255bff231	4b67ed8be159f728ee1a8a7722921a15ac00df2e9485082376d77a1c95877a31
1384	57f9e9766bad93f4faf84170fb54e313d6839ab63badf64facbcf12a00e47d1c	a9fe7854cff077b8a4aa0ebe67de0ad5f2d305122f7a1bbf24e71390115f6b9e	bd2ae88a0c00cdf82e3db54401f25bcbb77f9985d2ca65a2b6f591f9b85e66f0	17a05bba1519581dc2dacdd2e837604923c677e8d52970be68e9139194a3764f	854c1411a0d0b1f4e429dfb39832652bd98292b72e39f69afca9e8a89965680f	c18d5602f26424a69cf21813527428f4266bc2311c8b264a65a73f52fbfef1be
1385	0a2fff8abba6b70b71032104b72319b0d68ca5e875e083f27bb01cf174502a46	cc2194eed66635f7838c3cce2ce14947446371a9d37abc6201864dceffc01e51	c5986604d16fc7bef786c45bdcddd80678f6d060f4d2a156c86d5f1ebd305d8e	e3e4a77a1d1fb02c1b0a13fe31cbd6431d3cb3eb6fb3c17bb3bc4a1aaf1fa43b	8769eac8a9503e786585cdc0f308d187c274db2ec1dd0e148bdaca0e3038ae64	ae43892b1dde3bb4573b2f55471ebf0028f067ea238af89d23dc2b1d95ac782c
1386	7feabf869f44f4d3f5da1631e696a2a9110b14034d1c36203bb8b5b1db1097d2	579e0fa91b2ab56869527eaec8ef522532ccf26cc91eb3ccc192be50f763a77b	f89a235d8041327ca7713a6b167d718c946e2f3fa2b74eca16ba358bb23ee08c	fd83a9a57afd8012c511182e13144abfda443188af2bcd06d43787daded35529	34935adb549319bc3b0892bf04378e90894b8f61ae48c89b9fa095b71862889d	7dfd1e962068e87244aa0e370c2b30feb92f79c4a48f2b5e23bb63d2941bbb3c
1387	7c5ba53f4d549f24c1cb1d88b0ad05867b9b2f1866d8961df227f72e89deca9d	0000ba39b3e2695c642841ca3da95644e30d03a49ad8781d94c6033a6b3c7721	e8a02b11076e0ecafc4f09dbaefd5418c51f12a0459ce0b12689d088e597fb55	e814c9e55a56f1703ee62ea3c31dfc03fc9d430292403c71e725d4426c19e702	a9dffb6ad51c9ce893711191e4c0a05af2e85e3584875e7d43223922a9b01d02	a9c20a9b8b728c4f74408b856004df5025448697bddc95a65f3ef48290ad485d
1388	2a2868f6719d4d4938fd768709e8429cc371d75d8f4751151e69051a39fe1af7	09cf49483abbb78012f154bec0e05938be48b7554baccca7b5a9f8a5d3cc7b27	97f0fd5eac2d33e24ccea14754fe599a34590ee89a710a716dbd2ceefa71c880	a51983f8af210116c2de28e27f3b2aabda2227277117ce02a7855ae76a7ba8b2	0fb90a98a82bdc4866f44e1d9e86c03ca353ad0007c45f862af37ecf36618973	0ac40c3bd73f5b03e8a94018bf27b64ac8c2ca28ceaea43b9ea034cf2456ab6c
1389	51744fd88c11f1c3189ba5e9e55bbe868bd123549f41dd3ac2524bd8988f1bf9	33ab969c6780429f615dbbda6ee44475c7c08100a49e85b1d15e3337a99bb5a1	214070d067a6a575da01ac17f64c5f4e0572dde3f6d4d37d0780b1114920fba7	8992524c3eb5aa928c1597b63136a18e8fea3a47c755fd8b22d4bf7d9fe424a7	29c2c0816f2e60285a9396958726bda6243d5ccedf09cf980e0401bfb2263b34	523bfde62bc64ccb6e914bd34198182b8925820255d771d0b8dc89627dcc599d
1390	7cd27c148af8b4643f056e8bb47cf3808dae396dca67c46a79bbc3c7c5664999	9322a1bb368ea2adc16950f8b257ff49912a10d8ca75673b2fec800eb96bab92	900e9b928d5c815c09c394062296256898b218b4bf241504b1884a0032bcc2ef	379c9fe073ad3c92aaaca9e07658c562b886fac07b892630ed1e316949d70e38	fef51fdd95d4d88d1019c11c205b6c92ba4b703a90e227dceb4cc43fd0b13088	32338a13d63fd91918138802076760f09d8bd26d35b78433810ef66ef60f046a
1391	1c82c3f00f51d4cbb47a04244ddf0df7f2f4b07d32f28a067e5bb45012eccfd6	947678a06ded82d34348130d6f02f73aba63089b40e00f00ff369e425047943e	8de0ad29acf99511e0e65ea13318ad4faabf2f4c14beae301aaa79a00fcdccee	aaa3a127aa84eae1a7693f075af8cf92ef24cf269fbe30b04e517913caef2b60	4a8b5d598aca178afc5e5ef81952b78f10f6867b510408fce9418faf4f6de6b1	a199beec51fe4505320452ca4bfee80e3b68294bf62d36acd4ce495033085096
1392	89106e1a04e31c8223631e621008a377e968f3eb1eddb8484b5196853aa9bdcb	cb6eab20997257f16f857fd483414f406cf83c916c87998e121db376f27b962d	f7c3792f5ed6b33d78cefc7e83cfa3a793ca6eb52b02cb1d3818e650e33eccb0	7b1d8cb7a0d33ac89aaa455cfd6281564369323627f50a682228dcc9d6c73aa8	1c33f226295943ab430d764381dc2bc77c5b173cad3dac435ff4b367a25991ee	84cc676a39c37e4e596b550de4141bd882c07b1281ebce8f3675e87144570f73
1393	78bc9a12c36544a795ef128b9a4f999b6fdcf2daee6ac418e1b744e5baa116cf	6fac4aa45d087a10d1867f1cda175fe387b704d0c62ec3935b70b9bf9408cf2a	5182353827b328df12978579a27971b2c431a9e767e0ee65a1dec9fb14a6a538	8317744282e664c52490c4084e5a7fda1bdde430551dee70533c0d2c639a07f5	95793c662edae62d8f79299e895e94664fdc8f329c394e6317b362ed5f0a5d92	42432383ad9712983dfec75f82c7d5522d73502aed09a9f89098ad33637b7537
1394	e32e964f2cbb98141f2118d8ba8427f1843692631dd029abccba1b638e0ad68a	d48b19377d58432b6ae4e3d9d4d8287f47238f556ed4d79284905f02e4013780	3415562537d9d7abf5765725e1c6416c95d3de7939394a7ace3882e0b0f950a5	55d034b81f24b57494b27920196b2260964ddb277b29f8528eed883f6eddf1dc	055d429f0bf8b9acd8e0c3480a95fdd756630acbdd568c49f5aca89ba7e95b73	f3fe8c2e29c79137ce936e141920609a024182a03930e61815526104eab68646
1395	11d2379ce887ee05fe6b2cc2e711696af336b2dd208e11b883a2903812cf61c5	28053f65305671c0ade690cbb6b2747c9b6b27388add8b90a2c7dcda4a9d4e7b	4850a689ec7327b9d6ec630dabb4a37fe3aaa767f53053d1aed3da7abb65cac4	d6d1cea744cc243e38d852ebbb927a8002b5f8eecb1c9b81d6a76421241ecee5	8c88aba63972ac5ba90e440d79b3f685b0862e58ae6b200aa3475c4d6013019e	b41fceaf3679341686ff8befb83ecae6769e6c0d64ead9aad025246afbaf6718
1396	ce42c2ce47c745048acd29bef9cd139f3ee0076941adac4a06bd6ae23c52faf4	bd097edf61ec47028b020364bcb763461e0e842438a8b19fb46720f203741d56	27613151507cbf0c282ac20f8f1efc9dff9ccff2a6653f7a9849e173d5e674e3	70f57ee8f8b3dc0c7ebcd0acf939b158628c65cbbd24325def1bff4c507e2b70	07b204c632b0640b4c21f1a8664526035aaf8f678eb60355259a2f1ab9d9cc85	ab1f91548621d7cd1d80656407d38662393784c838c934bc10f9cccb954c5ec9
1397	25f65c094724c9c9459b44832c69b0b13738dfc36a2eb1aee8d163375054f802	1c4127703b8f4e3ca0fc4f0bdcbc97d9694ec14f7ce3beb1eb88a8b943bcfa62	0a32fa45061a7fa54423b99e8a2806779dfc6a4473bd67ae05ead085069cf5dd	b434ece147b46c479b9557cb5bcc279b0e98328eb9b8c55f5dfe858260885a21	bfc89f1db359bf0db37f0a562c98b356093073da2017e55598c0ce47cc6acf06	559caa9c8612dfb96a30a4091257b9e0efc6e91662faa6a492b4d9e8b594b513
1398	fe102056c5ecb44feea66a2d7b72878318f1ecfe999d64cb263a5e7886173224	a788c5c5f9dabf1105b10ef98ce69b316216d05adb961c56c51feb87bead0d72	ce95a9053c7d1c0c6fc24fac36ac679734e0fdeeb734b9d3f0822f2c5e0fb256	04a9da997af9ee145df9ee1669a947e961c7c7a90ef7e2c8799030a168affa6c	72aa79d9a220373104967e193de37861eb6638c3f2625ef0182110e62e8e4ce7	869a46ba3e601475df771babe61b8b4ee8f37c4f153fced6b949ddd80df76f10
1399	3005cb496b97b102aff11a69111ed9b7a6a4df44ee269a9efe6ba0645d6c07e4	090e878d77a1a32c60f9fb9fe9e0ae3f790653e1f3493e37ea668c211e5b13b9	1a6dc9851878b658d57e2b98a63581d5a325bf5afde95c320dc4dd8b2faa3d4c	ff2f788078b829b7d8ff1a01b5f036f3d0fae184010901ce1eb62c1a0de36d35	e2339f755e468ee333b2db63779d3f3cd5c10d3b75693440820a49664d203d85	4c61d42d90f1bfa3fe879dbabef5f4b54f5c721b4bc8622a1b762c6668881799
1400	831bd816143f30c7e2acd27550f2b286cdeaa41293bbf63decbf162d8cdc24de	d9219392017c5c4fe6e5cda1ecddbaec57bc1cd0404d3d1940ed616fa6b842fe	9508f2cdcd01df24ecfaf634bbd2289614c5bc7f06cebe942fb8e550ebab4dd2	ef564492c81097f3cac736512a00712f48764ea84944d10ca18c9ae19e06b41a	c43ea84b9c118ce15d94d212561ae5c851a81470d68bd33306a0fee101fbc743	570ea6c6f6d1e01951a9ac91bdf65b862e94026b691c5b8fe8dde4cf69eeda2b
1401	f49a600bbbd817c622bf9a0e041cdd23bf1c66ccb55974a1c22cf51bd50d3c71	2a148a2312e4ab23b7a4655da4fafdeac7d7788c0f76da0a2ff46f13ceb6511f	0f737528d98669aeee228d14cd71f7a157e70952998f474f5f3a69b32aedcc7b	23c5ac62abaa1a631a9e30fed2aa8f119bb0590f928af539d0ca5318fdcd49bd	b6d8612ee3f0ea9916e6e7c91786d57d0ede37d5ba4be9a2300fbc3af9de0b92	b508b88d80bde62ed9ebb72950fc47494f044fba9776c01edd13f0e6f46fa3b7
1402	20b3b0b936c5fba97b97c4932abcd9c742b32708dd96500033687d687c472f84	a41656261a6d8b5d206e085e3a364e66bcb06ee640599fb832e9417442793311	e27b1cb771c691bbce88791e6122b7a805e2b54402832a288949fffb41213215	f2dd8e3f0efcf58c3449d3f78baa3b21a63f15c68631a317005563acbe1db021	c62976127dcb1aa4309636e5b3db9c42e6a4b217a725b55a5839fe7b4a3c3a59	bf90c506ec647960e5a70fbd7ee3304d6c6d3363933c496e033d13dcfca2d174
1403	b272e8fc7e12f4af1bb033173e1a3b020cc2a0be89a6a39cb9e43b30377c5a1c	9af859b5bcd9f84d5f61e28350bbf201adb018c544f3d435a7c5b14dfb64ddd4	d285081f434e4cab67626b14dd971688b79e30d6e195006fd25f8b544edbca72	a8d968fd273f571778a14ee70777c4218249069279b23aa7986ef18dd4c10377	4ac11949831c9778f0fcc03804742146230c5803bcae0f0d0dafb99043497dbd	af08bd2311764a347ee282a1d3de1e9d5f0d0022032157b4d114428eeb5e8766
1404	3d64f58c6f7cc8013a9a645106e1741e4ccd028b40b5dbeaf060cb6fe666cf1e	43942eb34f93ae89bc5097b281429e011b81b53de657c09996b54dfe43dca4d6	5e5a864ed0868536d8a28537c1e0a2a3ad1588e8c333430fb2b32d6aaabc96a5	70d590b1efd56bb88a941bc37695c03bb546c08bfc3e4612140ef502a1c3d447	50811dfcff671ff846997f271d4c054ced521d10ad586c42653dc66aefb61def	f2a8dde0f1e4cfac78c0118c6d4a7f2e7576763b57dd317a08d160321f2d422c
1405	e5e1a09ebead27cd104e08bad7ce0a6993252d242d6e5b4f73eed51aee9970c1	1bb88317b25d87997be83122f8a136f1e52e0d898e1e2d0579b52962169d7a25	15906ab9dbae5245f519b470e831790897eee7da4a1f3276193892dbc0c5d271	67da8b4b4f6711354461b72bfacea0bc815a9c0a78cfb2ec1962534cb551b507	e142e3d85a2ffea8e237a9d8d6ae6005b96448389ec9389b47678000e236c6ed	83227ffdb43a35873dd77389bb525ce7ad4da3a1a4ed8d90090be3876204028c
1406	78c892ed549f4b2c072bfc8c0ea804cb469fb41c0583f0bfc2c84aaa0f1faa86	375a6767ee240734e12c10b93fa112af7238cbece845843369ce71270c5c7480	7bb4d221c7234cb377ef4702ccd5274b0f12d5acc8c4bce97868f03129ffea89	41e5809a913e6341ab6c81da8351ad29d30ea8c2bb75fcdb72acf561ca001f1a	1de851373181313333d7a1c178757448b370af428f72af3888f802bbca5e7ac4	4a5f69d6e8447f3be1a52ab5d1cb827cfa4566e0f8b0d956e5181262439d3545
1407	5301f89905c3dd36399ddd35b9420a90ab946a7549620e693c66f7e0faee742f	2432d3507437ca2b6503abcc6df9e295f88ff73865b7f866c9bf19cf263589d3	72c4b84b25c40fa83410d4a7b29aa5ae882f186671d9eb92dc2830df43d5546c	3ca5d29a8fa1f0285b35d53c2728510a88265db5775ae891306b1eb136d35844	d34913e13e9188cd7da641fb2388ab92963f74725d14ef24485ae6f3f01d58c6	30a6fb46738e3f21e7df4dc28d723fa91d27a47ad117998d8db3a3607eb97b36
1408	9c33fa1b9ae001063e192bb9bdca7b0e000a87a01a6702c944dae9ff68f1fd48	adce3c4f40a3d641cb4f4295da0ba833818029280364b8228d3ab710e1382e34	3c1fe37f26177d90e70c041046694cc365b63c24e0ac124838ec23838eaecc21	ccd645d47e23665fde27508edba63307dff058af74439b867bdf106b3c6a5501	bc1a10ee821ae19da7911bf8d20cbcdf070729b386247c1ee2a3991afde27fad	6506bb24908c51672a29f2d1a64c9f1783ced7dd5b8464644ac161521f0b62f6
1409	ccce9724199f4d6381a17a58163ada35a2dc1643a5a5b03b732f21af5d8d6f8a	c625183d18482393fafb6c02bfe097410004d061782f26dc2ea267513b0955ff	fcbbdff468800a296b0180b9b08d266351502fcfe67e03d7df8096540a85c1ac	d80d707a5d2ab8148ef574110b583e276353f4c6e6a810e73c7dd2f7a035f7f0	97614a954251e7a7c2782438b5c26ca27c912498ead4f888022df4231396142a	ace62695f9c69137d1bb7252935d242c2b1b231e731cec093a50ce9790ca3803
1410	2f94723467d32128839fb234be8350221d69427da1a6add871725a65eaea81b5	40d31b7019b69f59db2d478781afb9f865a4131439a3828d45c29d8e5df2567e	0c0b004e7be600e85ae5ea512c91730d24bf619220995140290e307d95c7962f	603bc75d9dcaa4d057e6dd2b6c346ce3464e8a3167fcc1a8b32e47412ba61c7c	4405e8a0e991c3573274b086e69ac966e445b881e99b8b05328163a946f2b97a	5fd6386ff6b494c85445ed099f6df4dd9550f3cb3b8350f775228bd52fa7b636
1411	94cea367810a912153606e40b795488931ddee381009ad865cec1a6241d46e18	5359b57e8a8fb0b25af71093ff90628ba3b0455e863392cdd3bb30799701b700	08a95d72c5bf23247eec0952bebad6b5dafb4de6b6dd1429bb8b185779174234	3d45d428c6856f7f606a2f53826b4f8ac053c9aa2c8fdcd5f79926b06de7e333	e7437b3bcec715fdb44a31dc317482a2d7094258b811a7f50e050393165c222d	e1d47221b13c6512a8905302e48ea7a67028f26bf2e864d0f5fdf084d475ed85
1412	96fc0226a8b0b0762b3fb6e90921c8a117be2d929609758d208d6d7dccf778b8	e76ac522b49ea26f03e2e901472783b3fbcc421549206d18910e7b4f3c51d4c6	ede9fb83024bdd8ce09174c5b8f9436575d6c927f4eb737853fa34887f06f45b	d12dc4258b7fbe1979a923a9e56fbab9ae2a8e1c21399f442ff19fef9bb386e1	bac7419e951cefd979adc908c13dd4553508d59a8e845e0ebe2c33f1c2f23303	2b4354d05749e5ad569b92969e8323104b958bc1b70e84be95b17675a4a6d1f8
1413	e6eba94f75594169cdab62546533438645c8c626cc87fe77d7439c18ed118043	17c6875ffc5b97450d2b1f5e9786c4e93c7a480fd9b9694438ab3f5425b60a52	052e9fd0ca9dd5a764219aee6029861e4010045c758d99d44a39083f08e7dc79	2cf3d914a8343df88bc096e676c3398bb2bdfa2a707a70216910ec6b3bb32eb6	ec7a9b21df6848eba30524a564efe14a317616031a10daf85d6c67e23562e299	d441b8dc1f438317dddc0efb2a03d031f9ea0861d656bb61e5442c58374f6ed8
1414	2d5b17a57ed52006ccd115f6affd46835ef856145311bb72ada9788dd950080c	ba75ecdc7f8f36654b23439a0ff3bb4369b25fe2cff9dcefc6a325e83814c5e5	bb18472bf5e8c8770f59aeea9ca97be4a7603e7c25759bfdfc6faad383ef4842	704cb80a79d5c8d07b165a8515e884a05048dc2d8bbe5b376978ae2dbadccbf8	351dad4b28dcac292bcefcc3683d92e38250eba0838886b4959188e805324f36	7e7c9f3c300b6a245499409f4df51c99c482122139ae4846a820df8400d92e67
1415	ab44a07dc5e967eb4be486ff686bdbd68bbd502151705f899158a93b3e4e623e	b3e0a6eab4d8963396e6a262651c9c5218fd28954a3ff92795c2bda383c7e6de	093092ce5ec77156efcd32359fa6061e125cca62c7d518d4115f94c20c18038d	68396a8607129a8e401d1e3ca2482a72f82f7338199cc06ceeaaeac3313c1387	8b6206fc37422a5f0c20c896f2147426c26033892315c366998874e163c49b41	e8b5088584d42e66ebbc90ae468bae0d129b58f850d5956cd5075c126f4a784a
1416	3be0984d6aaeb5b4dca6d863088ebff3f1a6c89a4a188089ace0647b22fe0b54	3b011a528c21ab29e62e5ba4e171ac4738fc976236f530063e8b589fc4cce44e	00e89130b3194dfde99910ebaf1b970963f9f5f6b60207e663307c3b657594d8	42031bbbabc8f626c16ac6892529d5be0b8f22a8a50dbe12c62851972206560e	76c69452ac498c729a8ab59d660857d720426910bdf1820419fb50bbaaa39bae	a0a5bf6f8d742052c19f4f780d039b0b5985b6a1948748e3282a950b212f2c2e
1417	4795a4f07d75f9dbd4975aa77248c4c506f06cbca537c51b81f9ba8ca3b819e3	dfac726bbae9d740a7e2a43ba63aab2984f479873a679e67369caf817a374bda	8d1e861164ab72e19e17fd4c609fe46fcb0d84e6d60eac46118474275f415801	feb48402c843b6d4954184b3dbb1a9a2d83e518d996beacfb274fe8106e90c81	0ab20f9f7bd97ad81153a04e935cef1afb0d89db5bbf96a40239ff95c415f97a	267bccb227605569ee10341d04d29bcadfbfde08100deef3aa9885953a84ea7a
1418	6cf5b16f2b0d5d34cda4e684ec9ff20b855e85e0b021e8638d0aed7c57623503	dbacb712df79b908141e1bdedf034b7db73226f1543e23b99e97ce594a63603e	bd19c70c575b354835b0788f6995b6db10a2afe3fd6dda522201ce029c4faaf7	9d7e2dae71cf097c38af6cfaa1927566b60b753b7f5bf93b41d6afe890c69605	7dcde8d59a3e233a6815dc285a491b78008c73552ee90954c5e8e1989615c93d	a3863eeba2311339595cbd2091082a038ae6b686b12e1be1bd6183fe2a8ad8ba
1419	025cc873b5e0dff734044cc1c2b66ee43d0001de6fdceda0ab882a571e1b889f	4da61fbce1b93c796dfbb0565a8dd1fc4e4f974d148f8d0836546be0523feb31	ffa45a045a2b40b693377d79b609221e6242f13acb53d76d75f3261f2502328b	5aadb748577c5f4618c23e9769b4882fe36108bdb94b5b9781ecfb63909529c7	ca5e976109301bee6d3eeba7089e17db8fd6082c11e6d210056d76b79e35b79d	fa4ab03e2140241ec97fd11e6dd79470dc427db30a15f70afff02d3331097aed
1420	46a02b6f0bc414b23aaba26302ee721e7d2a6cbdc56ea1e241c5bcc3a1f5ba8d	fa2bd8822fb3fc8bd2aa0f6c63e882fdaf23434e098b66776a830db2d017af76	8864f59ff6c72615d6fb421f8061c3a2e1f8a4931cf5889210847ee51e3ef813	8658b2cd5e395f38efa09b769da53409ff0e44bf0fb4256e73a1fa8217381582	5a71801b39dc0978aa4b7f2aff78f181b91a96c14f984c56e6218ed133603a25	47ab94e9d0d260395c56ef339b2b1076328044db30a68aa5bd94cf58e87cde93
1421	046a6ed777f0e070cb320871922f345e6c822b8e95217a099578bcafd5a3271e	1388f10da1d00afb81cae68ca6022ffe2496d6d53a9baaaba011fa997045cad3	931cc1e77ce60889f878c733e437719312c8939adb87e64eb47cd5586ff8ed05	d74af563374eb72668a46a20eb14c8e7b16037ee4e854a502aa4f4807734f966	184004312889a846a77c48a924d78e9c7fccc2f89d1a89518c406a23fd94cdef	7781ef7a0b272152b34ed9b50b9dfe0d6ae045d7fe7a825ca1a44422b302016b
1422	1f84ce50ce6f34a6ee6a6ff61f939dfa70005b1be71863fad0f5432d42dbe9bb	25187f7ca3bf28c0e4767da37ff39a61cd6ca02e45b9c8640b98eed8995fe57b	87bea3503031abd70753d2fd17673d8b0d6fece1183e29ef8b68718e06d2f06a	ad67b2b5bdb8a497028c299b2c060edf2c004468884ad88a8f12c7939ab407fa	bb00b7b5faef2652918084a687c30436fe3b7fa08b3b80deae115e1767defbf3	0ae9a0c708e59649e3a7113d5242a5fd523b5e31b0611bee9e9eb49d3e21e0ef
1423	11e3ca5b6183e4dda0a3fda35fa791109bc2269428237be7dc0ba4553f802c43	bc6487eff15ed0fa1dfd4912b22f867fa8a3b2669431ec02c52a055a4dec27fb	94562f44f80955db9ed689ab99bd5be331fb442646e22abc193245e28a49cd30	3ff4be4581e78876462552cfe70bd10fab2e02ff2905b738030ce577428c1498	09a45482d514a4d2116b4fd358c7e343c96f6cbebfe6d61daabe1b65e42fd006	a70307f8d95ee2b926e1a78e268e2a54df718fd58726870b0a59fbf86f29f9a0
1424	f1cbe0031dfac058641b94dc3f07700bba082522bb0370623567c943f76595f9	f9114bba08998c1b40f9f5b8cd626cdb1fb08ce5a88c1e0919af26d13417c9d2	406cc0e651b32dd1b496a59285b2e4ea03ff2cfc2306c5b033f33f2eb51b21c8	f9aef3b7668b140ef85285f51801608f7f28561d0014d6f13b5609c2dd573bbf	dddde637993a5244cf03f997cc2323c8a0e96b75f5a75e763dd5342d6368fca5	944ab274c9d812d90f181be07ba174efdd8abcd07558c5240c23924f08ced564
1425	fd8a8ee678e97fcdafe47280c93be35f27b48a4cebff8ad669ce88820da1717c	dc9af686b88cb93d4c7133e8d8169b78ead2a6feb637ed3a24e2c8950b6bb50b	ff19ff139188a4ac8a27e41df343530a0aea492288e42a1a1fd8b7b44e594894	fc0dc4b2938aff3f6fa541153be767c8e74fb53d19d4a5ff0b4644878befc139	5cd1b1527a2d8309f2b8e44267f03a5a3ced93e48394e1b24ebddbda43a41176	3822c01a55bb7fa2863dd3c677c04aa6ec2869293410053c1558606e219f2c16
1426	9f261725902b081afa4d9dea55f714dca9b1d8788ccba76897d24a0c91bc56de	f31cccf1cecbb34816724a721432fbadc448ec17ab8f5fd61885daf2ac4ea6bf	566207414a31d9bf196d0af5faf17a4640e022781154d6bea26479bacee13225	9f3b30a805422246b13dd33555d6f54b2f627f46d384fc646246c3e01e186bd5	e1ad6ac7ceae65dadaa54feb7eb43010acf2ddbd2322d5db0a71a3d0ea1cacda	0568f0ceb9939fa609bc20f8effe42648464a3a54af4ff18169f4a45230ec5e4
1427	c41ff0c5dc7f86043925dfcf6aa4b250b48de719e15a366ea4daf87d41912d72	41c8b6e10d2b32e9e38b477e22f05c58ff76dfba8860e94b983f926c0a1ee0d0	36ce7b637c0fdaa4ee94619b5c456ee23121b6b8546f05a501866e637e5afe01	5d5d10baa2406e3e13010f6353d3e7cbb0b7d1c5babe8efdffe411272539a956	3d69d906f7d9d3b49eb3537ccd61b3f9f81ff3f94cdf8a40378b8192125b392a	7a8beeab51b727b1168d1d29f14b2ed9cf3fa0827cdb7444fa2528aff8cda38c
1428	4cc96d30af471e7f17519cb8b6a065ddd6aad13138e1f3106c846e1a56797c05	c52da037b982fbaf8ce8cfbdd2dc67021af4e02bfc4faecb1c7f01711ae14bce	13287c2b43cfb59d7c24ea8287427c270010710067e7140456810a34d4ec3ae9	6c7936a951fd4566fdb1a4d07f86c462141e9a3e8c9439e9ef74b762b371715b	b16adbaa02840ce474f9cff973d33fd9880a86b8d39c01c6c7778dadb6847b66	1fa816715d3021a73198b9bbd8f3756873c8c1ceffa18ff8ee584b3fdbe7ca4a
1429	35591f49ca6ba07f6a1613b8566c56adea99fdcad5acb1b6288b794cb600dd28	1ed914ba3e6320928c05c57ae4b3eb2519d62b5b6c9e2cab8992d791da0bc225	642cd590b2ad1eed6e075c0e9e4debe5cf691aef38759ce3f460942e96c5151c	c728af9ea4d163a2e4c18e5b6c5a742498c56c3559e4cf0dc2d75cd5d0c9ff01	23937ab246cdce0a3b4f063278dc735858697159a39c3b4f3f72230158ba82e7	1e0a40528d4d8f673363420ec171c1ec7e14f45fddf3a30d397726e44c5812ca
1430	54f500f529f7e73554e6f278aef78405d57baeb64f4af8301c281229d40aebcd	4b635f4ffbe9a721617aad4f833929048a2fa09c0c061dfd0438fc00f9de314c	b7a5810dd4b54323ae8af590ce254cd635e41187fd3f7cdab938cbe880f64b89	919bfe5c41c01b8bed45cf337ca949c4d86e39d9110e13153bfe6d246f4bb907	9be30c2ba0f37ff1e2cff7dc6ccc59894626e9961c289aa2b6b505b0ed1004bb	177841f224a3887a43e9010fabd303c58d604d5931a227509e3ddae569732911
1431	ae78819ecb61598437313e3f3d0020aca8ca12b63ec719da7836d28286883237	66189185404744b161e791e30ae26aeeb3cea496c1e538580b1993ceec5f8ddf	4f0f42b1c4153ecc6436c877c80cae91cf57891867e43018b7bd49c523f70d4a	070acaae13876c431eeedd75d433e76494b358402a8ee9f8b73486b6efbbcbcf	35bd11fad86e555baef7cf6e97198a5ab2acf533083b711b9e3d72989ebe66e3	4e62c68f2d832ffa8c07261bdcfbde4b8e9a3cc6d6f946cc04b5e9d2992ce6c5
1432	3fd1869b878a5f553f1dd0a2e3281ecd8ae50245edaccce3cc4c51e47fb427c3	e9cf10017f454003db4508854cf34a56d157fd2eba4b8861045ed815f8b53248	20b0385bc228ff2a12743f366669275db28b6d9ddbcc4adb67dc9e7dd04ad266	1dc2f55dd073293a62049ac1f0c70dcbef7f7ec18539a19148963be7d51edb0f	da0281c77613d522fb948f9b3de3abbb7d16895a2a2dde2be843ea34091bc439	f9c049f506d8db58d78eb9914108cff4b8d6a43ce11a56d29fbb11ad89ead792
1433	72ad5dd88b1aabee48ca511a94cd9538ec03062a348a0b285d8e5836c82e6445	410b44cc19571e244f4291d6642f0bd9661d89d37676fd1b85926598424adced	ec3ff2e72c9919f69655fd6114700eb54a63204993d4b2d645b47a72e8293a0b	1a8dc44faa0af002e9cd7e8ba1398b60b3007ca340583037135391e13d425ae4	326e9899eb13c83e5dcb29d11f7695fda27cea01d31762ef6799e46c806867de	437720d717f37f1ee09c1eb9c5a1bf438aaf03f9dc8d5c8c0c1797aa9b0f6e6a
1434	336cce0a1e84e751df31e113f27a06e95aa133316726b46d31d4505032d79b0d	49c35275d9be8f976576310bea5d26d9c6f0793123d2a1376f6568259704ef4c	d7f2793a214e6d57514cd133a422f55612f724660a45a3d337cfc72878dfaa40	649b5e6d08cf3edacf17c438d5c147693aa79f15801bfad7547dbef00647bfe7	179cbfa0b7dee9a02d60ed5370608c94ec675e93708e47aa7fad139171548f5a	403595db581f492e16669017b8dc79fcaf621f528d1eb8646453b9bfac1686c0
1435	b82e2cdee8430bc0aec69b8df07e405fdcf8cfb62dc373c2c6b8a9d49d495b92	ea882de85b483d98623f81ce62e9b86ae2166bb5b83af554d25b57065ac4ffae	1792fd66ce12dd3271f55ec0995f74b01ef824cca83c2e0384de1f9edc539110	92e64a45fa8cc2bdf00df5ebc59d8c10bf7ac983d3b34da4e3272cf78c60fdb7	59889786ac313fdf5a30481e693a1b1374a22cf961434fbb02aba99ab5915967	979231ab2501b05febc68d914871816314f095ee191a4b3184ba050a5d6a35fc
1436	7f1e50fc2775fac816d505e3bca08835b6e026adcbf6fc89ce4403ceaa974560	61a54c5928c2c4617a670c0577f56f8fecea82e7005ed792858c258ed3923d13	1c395f77a99257dd342b17f952ce5bdd29041543f2581871f049a1b3c649e991	649f412d5764feb345e639af90944c241c1a0d975b0a69588f5b1c5bdab0c8b2	d99ef00f950c96a38578a7d22ae985bfbef0d94fd3d9aff0b13d1f61c39e91a1	8d5ca534b30b6e17d1ff41fc6b2338cb1524bc3f33c917bd0a113f6e4dfe9ea7
1437	9529e9ea0ca02e355318e6f3d540a3c00ee409e9801e29ec9cc16d01d1012974	ab0277917c253dae617acf3f14e22175f2e68190ca8cfc355b99d63d62676220	61979b7aed954b0907f9de7719a6c025d3f1cc0d598a9b65ab66cbbb7d41c3d1	50e74ec1da9d42c68817fbe4831d971229656ca20bac765421af67d8338638ec	6ff00665c6fd57c9553ff601027a93c104e5958cdb69f6fd7995ac1c07eccde8	fd7db97281df20fec27845891b9342e86c7e8de1c24725d79d9dfc6aea0be3c1
1438	649fc83778a4fea7ebf8e96e6d386db013af83179dc7e0cd63e63e7cf5ca1a5c	6353f82902b94573192ddc0b692ba1316d5b26963946a03e9cb9f15bd82d9470	d0633e23e494e4ccc85e87f03048ca633c082a47cc1a85aebc95d489575e22a0	509c45ec1295dc6c0d2b3bfa053359c82ea4068bff4a7801e4780f999e529525	c9aaec2e22387eee56f98bf70a4906f7ce217d1b7f4794ebd112242af6c78210	35f7d7c9ecdf73464018ae33fb95574902f6936022756e18caa38d133188ec6a
1439	c85f65bc95150ed5196a78128e1272c6f1c0c3a064fa62b31e59105151e5227b	1fa4e12469c2641f434f7162fbbea934a248f87c5a3b6618bae369ab9c100629	c0b7f2514c5735e4f939f144b2e1e29d92a639207958fd28b27863233c5c5c4c	06f08cc5ecb603d175222ae6f763e539472825ba60d1b690635ba7c118880d48	9b582d09a5ca0d635bbcad0916e53dcaeccd662ea1d17f3a37f9aeb7f6799089	8ce9261be92b7f497e62110f5edded57324b77d3ed7910a2124782d737c7f227
1440	816f1f613c8ec47cf8f53a068f4e2fb84540772e00a57cf6f2d14d5d216fb1f3	c84bc280e67105d5fb80561f2301a19018c704284a42ff0a77e484ac3df8454c	744cdc30dc2eafcc7eb37ce98dae08abff81439807a5cd2dd86c8f4da33dc003	2ab09d1022357852fd0df8ce0a586b604c95d5e2ef0f244fb4d2c3603d1522ff	dc714feb02ffef07315a59519b4fd387790c43bbb29a1206a4ac4918976d5ab5	1c296cade5682520f0572b7a9d479276e23dba90ec9ef6603831f7b27ae969b9
1441	ffd9f93867944928c1a05b3819cbeafa9f159b060839b1d7bbb641453d282092	08d07012d1d39fe7f78f070be7d9f823207ec8eb25321cf5d9e2667faef63523	c51f584f7c01598ae6d0da649bcdb26261c2eb92fbf9bf5a899695f7e4b78d83	04f41f2f044843fd9f385e43d60ba88245572c850b843542ab1a7dd3800019f8	7b3e7c648718fb94a00854127c6c47b7a01494b099a77aa27ff7e0f947cb8374	9d4c8c8833cfe4f7f102dd528cc63f6fbc8cd58a348af4c288cc41a503bd8523
1442	c413406fad1a868dd0716cfb8a9dd01ea6a663850f2b9b84313b9af790514462	a65e2abd141e929581b025785becf5b95f09c1b30694ce5054a6f31dc24dfed3	a0fa14cba2ee675d997df933366d18e6c4226bf3f8a56e24763927e63ac2d9f9	d30fafb5e5ba47426ff8835cd3a7221aef78acc6ea1a9771ebf2e1af4e24d44c	e0f06a9ec25d757ed82799055d8aedb9f00d478bea8cb40346cf3006cc1579f2	bf4c934d3d3645d4329f79993417403c9b3aa47a380c69efc8d31de3307fb1cd
1443	6b14ec5aa2c4366c8e6b4105779beb588935060a82af28de8f09f10a79f8730c	139a73b382bb8717b34f41ccfa0955e934d41a283ce7ef97a953692d34b0c770	0907a7c317eb1e980e3c2030998b67a513da2fe093e11f6e97abc51447b97996	ef221cff37519fa8c20fa554e843bd3413d327cd5a2a5c744c13c28aece05c0a	70bba0935b245d5c528c845140f839eeec3d9817e954eba125dd9edc8f833b38	abff927522ff52cb47f72e00901a13861f03ab4d8638abd1939017b9173b5c5d
1444	e561557f549585e5eb58ef5bf38621a646c4deadf942ef14a38f156ff7730b4a	47fb510e1e49208da045a79309eb5b27adfb505857ec6819e4c57b75ecdec3ff	4f6f446f8fed8a70a5205eb4a4cbed632140e1dcc4c2603d8e306b14e0ad896e	37adffd7505d8f4f53f70dbb4cf94e9b4dea103bcd0dacd5554e5a0f470aad83	c63f9a2ec221a015a537dee2076caf6d39766fdb5e6f51be7704dfd2817bbfa6	2d26afb9bd612249e7bf3d112360e997a7f328cfcda1ff2aacf8fbce8124610a
1445	84e11999b774adc57f4b48733ea3f18b779706fac3a3640c8018fe25af0c3c18	a8e5d73e3f3b1149ea7630388ffb40c9c3204f87f008246c3c30fd42234b61b1	abea552ee38ba4abd79e4804a7e4105a6f6a2dd86b1457855d0a872432a5ce05	40bb2d5a2ddacb323c7cc53e7f2c8497c0cc076f3ba08e907a0d33ae2a901c91	76c29819565ad374e4f85e1b23985b8ee82a8fb91fc8847447cb6ae6df9b951d	b3fb30c93d9846771cc9089df2c52a040d43778a8b61a6b6ec2f965f8836f170
1446	8c9a9b2652befc53997ffec77c2a516ecb2ce8ecc15f700118a154b337540b5b	b21eeed141ed33e72deae65769ae3dfcd6bc21b9a2445b18d605de82d6da3c30	1a62fcb1a596266fd0b1ef3393dfdd238bf614b45ce33a754ee09514a9e3688f	8e49e0ce2320c29b6f00c1808d3cb46ede8893ff97e3148f234ef64729dab8bb	4990c9e28a73acc1aab93b112a18870316b5ffd22185f3f7e375542b4f366b55	cda710352607a884633a3c1137e4bbabbfc840fa16b21e13d9ab8a02c78088f5
1447	d286ae017da4b9e664524f1c5e09db82df67cd481bf9584e6f2d51e094a6d606	0d873d43dddb1126778586937733cae1a2677a5218dfac5128f9fbef9dc156a0	225a41c7939924fde5540a2a5108f5402709715d14a51d0b5442ff5466705da8	dea8e4ba4053b8013d5a7dd2c342e632ac9990230fac682476e734bd99126bd6	cbe232b9357effbaaae9ba3289eefeed7d007f112bea6c5804e6b03d788599ad	819a295aca01233d7c2de9bfdfabeae95da37e3a437523df07257c15776d0451
1448	df87c205ea73e0ef0f8289e01252164f41d3117d32aa6940e836bb33deee9463	bee0acb930c6c4664db553b556c267233374c6831c4d5ed5de1ab1fde1533956	3918f1bc85ec6acdde9bd64751f352901150818b5d77491beb59c454e3fcf329	7eb836890b6c43b8ff00522ad6a15e91537914d01722bf8e161d90299eeb699d	1e4befc4db13a5468d8c7e59a50d4a9d108a55d8761a540ee0f8cca7cf72a0be	e848eef8e2e13dad52fefff2d5388dc531f6770d1f7a15fc39422eaa6078c2f7
1449	1ce581bd7e10ef3a3c65dcf735cd083396165337d2dc0a6dfacf84f74ae83557	9d915c442078efee8faa328435fafd9222e18616abe96ed7ed54fb3f4541b496	2d00a605d90b751f24713b7bcf32b7f735e1aca258b17cf248738cdb18064129	b9f35a3392195b687660ae90dcee34a42bb071643dfd70fb90b7440276c359ac	ee5f719d63c6cdf907e61fcd93be1b435cd8586aac0ecd47d8240ffdb85518bc	e987b89ed2dfbacd4b6a469bebd2e77ad6a5e4ab992f6f90a05e3ac30c2ddf44
1450	92d61616981711004ad2a3da0790e6fc28dba668dbbcb915ae90a445867d2ce9	87cba6c816adb877430f09245dd12de181d5625cba71dfe9473c62cd9686a4da	4efd0b4d50672f22e8d94f7c5db7d90b8a713d4ec820fe4405ec8a695303769c	c17278f20d3db184f300b9e6cd78eadafb990cf3c1c8f27fd78b7103bd6feab0	79df61344ef7997c08870a69f37dbf7621d40d2470101ed6249ac31ad62ac992	66a54f5e9ff17316023789ec2650cd563f005405b28b633aa43c47882f3539de
1451	9f4ad564e8855869aae0bee5bc66b921717c66cd21932e7d3390594aab6544f1	55291791c0892cc9e4aca02c86dc177f3b856eeddbd0d41d9d18a753531cf5d6	015bcdff8c80f082ddd8dd5ab8aab05dbe6b90fe3c7738c27235fc39fb5359b6	c84dee90eaf203e721c6d28db0cdfb4a96adcf35f9e912bc6f998e8ad3d6b4b4	8e4ace4a6c464fd2ddb68c4dc2d91dea5da305162d6dcbda12ca35529f58f45d	81682997d6aba76be9f4e9958c1d115d9482eacdc9b32641be2f9f66eed1e9c4
1452	db29157cee012fe8ad07143950d8b471a93c386ee8da27c17960c513d1ae5c4f	3bf11938c49eb7d733f70b6330ca664e7eccac6ee4c4df78043ee0466f4cc468	f2dc4b8835e4e535be11da338d990d79da0e63143151e4b96283302a3432298e	0c468cb786a92c61d0b9e48fb5005be05b89313e9dd4eb2a39b848b1d110cdfe	15c84b79bc2334d0720dbfe1613ae200d03e99261a3cc8a2e162fcdf4cec27af	fcb613fee0cf12aca96ba0472f06f7ab7d7a8c6cf718f5ae8a1462f2be85cdd0
1453	305476ba59d01d092715f47a157b6a3c8bed4959552874186547de63c12424f8	c6e969ee343c312da961af8145eac0e8b6241dbdc886e5cfd3bd1b3f7dbe292b	90f1a0781f86f527eada380296fb43826714bf985eacb225de6f4109a50782c2	0af5c4718e8eea65ab9cffb8fbb44a4f82c817bc6760189b86d132e0d2a3660a	a5029042bcd86971ab7128542277cd7abb61ae9312ce66f086dc833773b0b6cb	d1c90667609fc4d6c2cf64c1f90033ddacd2468a00ca79f5e812e36e86f6d4b9
1454	edd982204196b6375be6c3d2068cdee14ed3f1f8eabe12cd18debbe44e27e7ee	dc7b92e8122c65654d6123cd82305ac00451760edb8ec706b3199e9c4fc50601	f99bef16196bf5f3115e50a456f03d38db9ae89c6d5f13b25be2c415bd4aa922	075013b1eaf2299cb21e6957edfc149e986c0c6b36807cf202b985888e0f3b5d	1f7619946fce161632d350a2ad58df68ab74134b3351451c0b109493155d9710	7460bbe1dbb32a8716165cb628971f2833537675ab9f3519444c33824b29bfb3
1455	d158dae70c4df72d1552b9193cd11ddaf251fab1f2916407424d6783eb340408	98ec97b3f578a4059c57bb39d50c62e8a87b2303b135437dd3bf7b26ee5550df	a347ee9883f3fc7aafad58cf5488ba8c83dd301f8656daef1ae0ac5c3e582bfc	127ef1f5f81a6efa6a3ec24b8275398c2f4bb6c811ba3fdee8319a3a974ec588	04c598ae9bab7fdb90b67dcf37e3771d893a75d19dccd8986b9ce83e735a2f89	60cd8d1cac5183f2f6565568093212331553da1530c9ce97c7622abc25ef6303
1456	7b2f7d726c6c1931856f14d0c798b29bca9693bc2705fc1480a1b90fad175814	42b7cbeb043990b1cc595c784716aae0c3d6b81ce0413a5e471e19359babaa79	a6f316926f1c4c27fa32304c10c468bec9e3b896028a9afc06b45f1f07624569	d7bf2cdcbb708622b8e99e51bf8ccb2987e20142744a07590e2aa276adad48e1	c3304420c23929725a76edbc98eeaac53aec8f110109a557ebdf1b2990dd2564	854a8daacf5f15e304fd9cd2a7aa4b688867300ab3d8968d945f0aefed0c8192
1457	a7fb2290ac77677266a2b3dcf95540688ae615c73d2e7bb4868381a0aa42e56e	7abb1ae831ad4c49ec1963e19e2a34123877122b7153c66c8ac2b0a5caf45c9f	4696c9836eaa478359fca4585276eda8204078a1680c1e6af30d505ed9c4ecc2	a07924ae40652ec732dddeff430b336a90dd888810d47f818a91e9c88944c021	3b95cd9b45a04143d5e5c687a37e79a7b3b9b93651d022cbe069cac612de4988	fce4e6acf361fe75c67ba965d7768d7f56b9a99839af4feee4ba5b7117908688
1458	3b5c75123cb6c225c39d5108033c02cfbc4e888aab9afe42851f962b43ef90f9	e0456bfa2a83705f4b532604f761a90ee8c8adf84d5675329d753a4ca559e016	0b11c69de3fe2133d3bf3780c01c6cdadfa18fa531f20dce7c1d1a77250dd3a4	acdd4d8996779d6aa062a36c90d41f24e6f59b0f38204a77265bbdbd98d2642a	34dc765b81b859fcb8fbd697adb07b35adf56cc52b41b5cf8a5f5ddd2dfc21dd	e6c6dd6a04f00eaedabf9994f9b28b82edcdc76257dad6f7fbee2f396a4a7cba
1459	de25370d153b82ff579c84c592e6eea79261de33dc58c68fe78a306bf599cce3	9575a214388f5db0e41427af82a07692344aa3b5405d9c8e53de9b3a2042e800	719ef4d99048b7d0eb546ec05380869a81645a4e4785be63654edc6b15995a22	fe2398b0da383181cef4fe5d082a5b2c84e20bb469130ae5155aed94b3bcae83	5471ed083c65d6a39c69d44bf3fe7b3c3d309125f93007e3214275083c18b2f7	4d6b18d462db299041a986dbdea86e3cbaa339f4dcd718584acfc057ce30922c
1460	383d9c5e3619ae1f8a10331d0d584a337ef7258d667a54ab0b0cef13d3c8588e	040fdf69acc462153f5050fe335704a40d480c44aea1a83ab6b10bd4c240797e	87d016937f8c0a450a38a6d5cfd9d919749e12e124b5620c14b41147caacea53	1caf0cd4d57ec9db5371c61113701e64553c3f779a1e8ca9623abd6e6475079a	d883730aa3c5fa252ba1fb85e8f323adf2c97241caed0fe7979f055d4a00a82c	4488f8b528961b311a9b28b8ffc431843b607ebb17ce0cdfade5c9ecbea3c16b
1461	54b8e658de87d942baf2f06367331259a2230b91552f8d8f8641247bb5f0c7a8	8bd458c70a8ce82093d526ce6ebfadc7ba5ca584384c35bf6d89e86ca108b8f0	71b32dd4a94e6563d02030b855b75a69284f9afd6c575d0571b89ddf99a95a0e	a41be3fb08197bfab80099beca299b3713dc6cd9c8a22c43fd1124e780564164	0fc2c093d6b444f151964891bc9a9d48842b29da6c46bbb53bf57f2f22ba1d6d	bbc1351d2041aec4eb295fd3d018f4ac046d710bf3a8a4520e2680844075a878
1462	0703bec65c998a946889615b36afd88e8905a37d7c384979a024c0ddd26b9e7b	c1c912bb938eab6d883df11bb73424cc369baab47bc17389a43825ebcda0dec3	a7e75d076e828d30bfaf9201b26efefec740e2c20867a1e30ece69d4833b0c96	7ca06dffdb22336a5d0758539f8ae58186fba6fa0ae9364b9e74995d5506669a	cc094c1cc26dc606cee5b2f17e7554f23181ff8846b3fbe36ba1ea99efb96c0f	092a9be4c0d1a3b057c2c42e703cf5d4b1b28cc57793c31664d5e1dd6b9e43d2
1463	a2043fa423c1da953abd02daecdc319010485c76a4d89e9226122b00e41dd36b	b43215e0802fae9d8949872b71c314eb9e8f4a29947cddbd985bf341c1d621c7	bb815d2ab789c9eaa87ce9a353e920c36b86f46369c4085fe8659faec8f6f5e8	45b40bbf263b401a7a2e873c4556526bf2a4299240c06478447283f9e27bcc51	b636caf6172cf3b758b8ba9adad36bd52103b44edb756e4f9c4327aa0b1c5e93	c9c3fa0d4beee6b4f1f9f1bd8bb2f89ddfe13f95057c9b62b99158a976111a97
1464	7ff6d38f0413f94e970878c5605d684f1df3159938a3e8e170f60afd99d0035c	6e22903d2e10a18b84f76f6a859f3340ff78197dfb94fc1f190e5bc4404badae	7c56067b336b971184d3745ab0ab278f2bf3bed6ddee476d1947558f797b89bf	397788dbd6db886aa5dc5a61b11650a37f5ec2b65b3f823f7c307134cdf876f6	47a97eaad3283f1d3a7a473890287cfbcae1d8085483099c593b42f85641fa3b	907b77c1f44f12fb6b05d029f386de35aff8b0c01c0d44b2de91a3571d57a9f0
1465	a033c9c9a396dfd176a2cd184db675338174530a191b3449f2c706a19811162b	e5480c07e26f3fb8bd8486e0b1e676f7b821179acdc63cb46781bfe43130e832	ac8b428114395c394b0e4506fa34887d992a580f6bc985ee032f56751811692b	4ea96d8673bcde00138386df562805b6f34f17694d977b17f1eeaa855af5562b	74817981981d8bde512c5d0e60c190d5c7163f0ff385706c47bc572ebe923d32	2b752ae7d7d581844a0d567fe93877eeb425675e2dc587d68c484441412e307a
1466	d21e31b808c5f2f8f04a75baff47c4a6e8ffaf3c36958a48448f8ee90bd155b4	86348eeef51ab94fb772805aa7e0d54847d5a0ad093d131a397a9ac7045b7a71	abb0f83c3524ab40b1ec97472c679c09babe99fa96e9014e3a357aa99bd45a25	70a37a0810cdae9bebe206936396ab74489c74edaf2857e90933a3e2e0a57c29	0e85cfb95ca51e8e5e7ddcb1abd9468cf7a942b51f349e6251db8e41c6409bc4	2fda56aa13f65f522497e44a7088418ef13a7b0e3bc3e348b0b565c37f8062e2
1467	1fc1f40fe96ac349269e9099a92356f87c7006a883a7cb0888487a6528533e4a	1bd082d699d16b58580ae7c20896b294141e41a89d9d64b6e8062361ed4e7d47	65dbbf1d9f1391e3f1bd24464aacf30495044faed5a8cad81b6cef1d972f0e5b	841ac2f1dfa9335f3bbd253db549ad196955a862e56ffb314133cff3c8f2dd7c	21fae39980069257c3cc3511bb9a3779198be95c1c4070e39c8d7d289032c837	915e87d014046f3a08133e71a8af9d169a28bc21ebefcda6a6f01c65884a96ff
1468	a45295a92af58711fa7ac05ecf4b9566e9b079ad7618e27921e1031ae280d2cc	d0e94790505f5e3bb964e47db1ef94ad2e29f5a9a718dd61ed4c0493a3eb9854	0c120b7853a8d9919ddd8b45be85157f7676919d6da1fa97b10fa58f27245f82	fa2fc7dc4913452925db001d66bf961830323ac6b92637a997fc9d5069f7bf6b	ebc647aa095edbadc00634ca8d4a550c55d2f3bf7bc441a39b9f699c463cccf3	2e0b987dfe651925806327f3a802102343fabace02abfcc38dad24676a498282
1469	73278673f4cfb25cffe21c9079b24c2f7094c56a6f21203dda2856dd92b209c3	d924cd3de5616f0e6b7d79eae1e25616a599481ad3caeb03ac9006421871d0e6	09c07d3791e55964cd40fec3ff061f9eeb2f7df6341b53c1bb497c453c40c538	3cc3b9f731dc379b42c2e6f431b4a92932c4ef9961782a5b5f99b0675bc6abf7	5ee52eba22568c37d2e9cf7aef2edeee1631d41ab2ff0f3d90d8f838b1b29961	f8d00e8f90409d4bf79ef60aa3fd9056e1bc675db5cd9ef2cc98a6775fd8878d
1470	6a855bd3c819ac4b842ebba4b95689cbb2bd8795b23e881e48ed7f9ec361cd34	3f17ec967e09240fec3ccb40588b53495b6d8b663a834e915f7da00847e7d1bd	caacef83de539f25ca417fe8e174aecb1d53b8d664e8b383eccac48cbde9e68b	d4e02b69cd08e2810ebea4bd10bd4c5e23d5b88f1cc629ae286afad5ff3a25dd	5f25496029e32ea5ee70361dc60470b7e0198926fb11b01fe3a0a70ddd91b0df	be17230428515d5daf941d5ec06c09d074e9bdde8bcdb2809aaca084595b8238
1471	ad652e4266db515b7ae01ea7d08d104527c71de7286912024dac43e5fbf5baae	b29ea2ff9e2bd3e6eed53dc82f5d0c2ba10644138716d3fdf43613589fdce3c7	3ff6b9b9900296e21feeb7f5920021f887fad31d43d6c6bd0eea50b2ce24692a	7cb51d2f568123fd258a046db96001c0ca90c94961075b659e50eb696dd7b4c9	05a1202fedc0f21c1064bc0e082f564441c9131e4d7584450fa78c82ca5a062a	63d147aa473051dd44e1b88faf21b898f5d4c0c9fb9ec91e06173593a6015bba
1472	74c176670dc329bf9954ed73b8d47c099bd088c2164a7a1312014b9293e1b2bb	a7929049eaefb7dc6f4405fad723111a3e162b6f8c22df522cd02c3f444f597e	f63ebba54b62819c98c14293aece29dc5a01aedd9a1be4ca0bac6467239e2adb	b3c7a049f2867f818c0048f934a94b6166c048ee1a8bb5c273afb3b7315f0ec1	70681549383a868940cc30aadf597458dd6436cfb3025f6a708fbb734368575b	824ebe02ecd0fc804171fc7e1c2df0b96a52af303f924e2714cdfeaf044a6ff7
1473	30a99a53e45f48db35bcfb689b058c4272a8de6686dcf6fbb3ace8afba5b64d8	ce779958691a19e78e237f2a33b0cb3abcc896d97d593516a75888aa6175750f	fd80572add3c9c5f0d1f166e86a421a65a050f719d0bdb2a7910abc4b9945848	7e9d09c328ccbf7b6d831a876e0203cdebeb16ba6308cb37c590bb7c4b44d03d	e759558695e5471eb51d05984b056071f90642baf20a3cd66cd08f8493f20c8f	3ea4e583f668b93dcbb3b0d28b4dc190e45e98495a7e038c24265460f456c1a6
1474	5595d0759937ae67e5b1d6db60355712e8f03956ccdce3ad0eb69b3c384fed3d	fac7d776662c34c7246ac70da7f4c6d3b8cf53446641045ea27a326ea2096b4c	95b5dffb33395900a5b91a48547c60166eecf077df770052d590168b6a391dd6	fde89177b89ad0a9faab106d14aff74163e4ef02011f4383ddcc6e13f7a1496b	79653358b46e3153af3bbf904a3d7771b1a688a6a334d7c7512bcce276954769	5c2ba1d635dc700b9a72837c7779dc80873f50061f5089289f0721ec61ab6303
1475	2c10dae8b46719723a065c4f68302c9708d870a47a6418478ced580d14c7e4a6	fba7bfddc6e6650fa792547eaba0ff961480dfbf74f7d86164080a0826c30e9c	c24c8abf2a72ea46d78f787e691d4ee0ba349eb0fc96f2d8cdb947005a697456	90d312e76139a11210cce0aacc307121378f46789fdb6436b126357a139fd35b	c814961fbeda63aeda72c59e8ca878eb005562ca6720d8d0af82ed5fe1a66244	9be6b3dd73a9365e3ef3e44308d6364f892f79901d3a16e91e9b4c04314743a9
1476	bf5f1686ca274d5a4841598c4217dcba343799887bd110ec57567a9be34b4b31	0f7eaef224061e62c5f745709db41ce3492a00ff221e2db18237efbfc75d3581	acd92b45cd0c080b990dcd118d4bf9b9f6bbea077c71ffbbd36b5cae2bafa719	d6e8b4ab27af3dafa17e203d0ba78d6275c44a5aea81b671ec7e39cd1908301e	8e8af7c08e2fb04db23b8a27b80362f97441e4ddad3a7f9b28a932e82616ad34	73158c9b68451a1de3038722cd2c617cbdeb765355740e6c00d8ba1b5d9eaf21
1477	1ae7309c00e575e771dba5be9962110006a0c147c144a42dcd713a75b5f7f55a	a600e1a27716623255d2d7311c1109fd4b952a5116da4992217bdc10af1c8f5d	36c9515c9a85b8a92ee9a82f79e7a9969928d0a78511278a69aef3898288ffa6	e97914bc6a8db717759c3bdbe32060693019b12fd5d45ef6f848ef1da843dba9	9257d7f0de83ce249bc4328c13c6c3451764c7644a9d50911bcc7e98d2d755ea	73d04185fcb470d7b176fc0357cd00bd03b7b47c94d2deb4a8b941eea343df7b
1478	94c04913437c5a809ad5a6b0b67e9ca741b6da27bbdd33033b19f2701a3cdd82	92e241c1ca1b1d9f9fce65eb05831dcd54f1274e7eebc230c26e581c910afa05	e235bde9c9ed4df76f859c68eb07374a3d1169ae55e2e27f0d280370fabe1c91	b403b881d8251564b4055b6684e8aca3eca730a8459b25f3c35e87bc02be2bc7	e0b333d96699e92de334d0072b760cb7996d5a580c742325863fcf2af7c8595c	de8024c8b7089a66f7ac3070cc76cd7efb5727344ecf59d053cb4ab19e6ef85f
1479	5e52d93fbcc59a3c66a8817b2814af9e9687aba674a8bdacb4eeae2410af0c71	64b981ea2dc7d18f7eeef544fe570414ff1231051f67d47d7163ca7bb4fc8f2f	5f303a7a4b99f457229594abbc4369030b0f03de8fbb1104ffbece9ff1915c95	743ab547310e562cf1037fadda101ca37dc004566fb3eb6a3691fa4abed1679f	7b1da784dd69ca7b16427922ec10908b31b93b0bce555931183b86763f262296	4cd87885f96c0ea0b8eb420ecd6f03051980f73b6b05584567880b78ea94381f
1480	056439329f15ce3146f1ebfb9a4e2cb743ff1b1d7c05f6be78771297e9845bc9	822aced1e101219899857297f422becdac269303575283db682fc9f86862f1b2	a0a9c722f2f32c3d7be571f205f8c5f8f852005e009a5376636b533b1de34da2	9eb519ca35d552aa9309cd556ba7feaa01da6df0a755c9931482c9adbe43dc77	4c6813fb3ca68f3e467c78cf2be3c2f69a8a0d333d6a954635b3970e30d47ff3	9bc9a9999c2fb829f215f3bcf043b3e050664781b0e1fa3f0d80199f3f2dc244
1481	f402d347cb5d4a4d9f93934248346afacb08a10a4e67d4a536829da80b2e2d8d	80266b6680f6ddff334a710364b4a3bcb5a0b339db916bd99da14763e2efe4ca	8d73eed3b9a0867543c56f6bc277a17ae9190a1c3cc181e593b8684f1a5d2487	c921802303329006466b7fc7202ab29cef087239cecbac03468fe37cccfd4380	138b8fe8481667c227ebc464142a7f27f7930850a4e9856460cf3971644f8439	1f6d0649b07e1c9c176470fafcfe835e3c2efadd3d40c15cd947dd2c49c93935
1482	22fbd1b3029834bc8452c539c26121209c084c09a305eea6a8b10aacc88bb109	d9f98a2feff672043e3c1828e11ceec511bf05cbd66f37c2a43b8c10224c2d9b	83a21df056b5dcc2e556d8008fd7b59015e909d74f4e5af0ce48d4d59db75f90	ebc5f55373b7f8851cfec13ad1a5a8ab37d16d43b891eb40763d63709f2f06cc	b41b8818c9eca0040f14982da355f1ab3d92c858a07050304f91bdd582d745de	bfb3b41180cd44f19d6f7e34475da6d7ae38e3bcadc2c292de3a0ab0ceba4e9f
1483	c6b2df9b87c5372dfe76360cee31de3d09360e15ef2fe08000b8bf23877f3dc1	d3eddcc884340ef9c6582c3cfd967c4e90532971eadb5811fafef20d1d1287ef	aeec7c283bac6bbb0fdb3edd7e55db0543ad34402993db709ad08cfdc89bea0f	153a1962d5a6e61e0c46ba0bb8a7a2985089a04809f9a9f7f53f3a0b5c40a555	33e4ba4eb1b8b718c3738a71bb9108f7da3b57124652c777c42e0691d4a88e3f	d8d0d66d4b8ef76fd917d0950fcf358fe9502c70dfef3bdc8a542ae94c962ff5
1484	47d4e62b234d6373a086d0db69d6e1b4605de1c6ad4a6143a5e89ab2f0dc0756	38e46a7df2336eb9d73953dc3a7ee5f1fd283d52adb0f4dd52e66c3ca49ed961	3dc72f59ec001ca5c487d5e5afe4327de69250667fed4f943cd727294edc58b3	9f93f976675b48ef61412208bd71d5c29a6a07566e8a1a210eeb158831fc7b9f	8980794d3f61bb815b8fe4796e92bc33f31de13166213b2f77a67cdb4f1984a5	ff1d5077a1f9b1d7400ba810ed328d62f63b5be8090e84c5fbbc27289470686f
1485	a0035baf6fcf5b0f8e7e35f29ca00ad2fc8b3cbe5bb4c096fdf91c184f651eb4	b060d6894a398ac524d7b0213485af17890b4f69b352f6dea5c1de74e3bf3768	1ac18ca79840a93b810edcdbcec508904673e95e7b5b36d46cb80edddafaa576	7f1ee524946ea180f2d594f2e8e2f47d20664cbe9f59a2e96e45759bb3162a93	66ab8c6fec43db65119f569c7ea7c826c211e2a3b5395e783e144e93c4c60dca	23cf7dfd5afcb10bf87eb3e6f334f503af0b8b55b41598cb231d1537b790aa3d
1486	ac0bba9e8e4b38bc9d26d1888e6df42ce57e75dd6e19a61fcb86241962e3087d	6a5015772ec3c5ffb11df1cdf4829a9400dd86b0954291247ae6401d0e76ae0f	b82b5d329f1e1040af1d5209d99f8437009dbd74206c9e163cb4ed82531ba145	713461a2ef9b05925d5798764d7671aaf8404179e4fe5843a080348a770bf203	fcbecd3b910ee1a0b52ecd8c090807f5d6162c01ceaba65ed8d7cae9ae38dba5	1172d4b33364418e69f2a9112f2ad02d3c136e2f5ff7c435d07cf788f7033063
1487	6203a819929928fbd9c3263b0675233be74a9d1d26ee30afd1eb32c14b3751f7	63332bdec9e56884e9181ee1c652f3a0819362640ceae564be0e4c9779908380	f389213d389abd4380bf1a8708c06e80c4555cad702ab5df67c103b852c22756	ac995f0da00424c8e9f1c8bc892622f34e92bb8f31c91a3524afaf9d49e9314a	46fb477887abcbc0484bb0b02915b6d409f9bbae2e476a519aa0b40f9820e5f5	c67c63adb54f1842b1e173a3a868570f76cf572d4a677f0c997ac16b33d0717d
1488	9fb4d89c6db1b710784337db23674bf666f8cd46a9801ea45f2b82fdc311875a	17ef189af2a8d394826f9714343ea08babb8653d77aaa8494357eed50e5c903f	a36da3ee6bb1a30f22fba77104f654b6fa79a6068a21b2fa126770f66ffcd631	6cfb08747cab5dbfc374e13db6e876f2c0b263113df695de648d264a1c76e2c5	b571666f4ac0cf67b3ca0ff2f9f77b5dbf2d62b3b15d6b975889a78ab5464dc8	48711a7eb0eba6c05ea0315afa3d6621288fe8e0068e08a5a502bd70b1fa6866
1489	10e350481de849fcaccb35be63b1fd5e1061d67717ff2743ee258abf810ec527	73ff9a1ac36ae03cc5d1a36ccdb550f38299a4d9e9a3e1bdb49f3b94aed335d1	658c6c266df57bf174fc6c513ffab89c956a0d111cfdbf75707701c0f8afa0bf	687c84f01094f01c621587ca41786e8de2f90d7c6c273326d5b645c80e7ce10e	7d2a3ce9b817aff91768817e51cdd564cf3ffb1e6381f8bdf8b3dfbdcd185d9d	aae9c65349a858781e78a33d603909384fb4d2c06884bcd33e934cf1a4d5e56c
1490	e07afc1bcbc32f1db68ce312e7736fd9c01c20932bc985358fe267da44633407	e947eca0a84efd04d970d6ac01d5c184c032c53070a2a035f532fe9d97ceb2a2	2c122ab20cf4ea8b27f8e1132e02f64ccb34d6f0acf38d5679e3bfd0c9afa5a9	1c3a3a4801c6421481620ba9703e09460035ac3bec422c493c6559547e7d32fa	6d96e12ccc8d13257adb1db9c77551bf8657a4f9cb0807dd90a2c532524b4b66	556ec3db4658c9af498e9e75cebe339758c712d850b62b976296a4e0e690dfd4
1491	e2e1ee5a851191c52eeb6e25be4217ef4594b9de391b3f13b786cade9e5b8a52	402b071689e5d3a20c7ec6413cfd9160631abfd0d1cf23d1137a346589228ad4	c353d91daab073858745d1e42b95f2010df41ce7dc5e1a5141186f04f2d72753	1a08adc001240eb01769e5cd0008ce728f135c2fbd39d49025f492159a7c2bb2	acf0207428c1b5a57ab7c3ce00ac33f39f2795e6b4da28d0c1f1ab53fdf110bf	865d88020ca5e3736651a74e17b1139b74b9c4356e83cb759b595c97e5598033
1492	dbef92e2676e975c663ea17d684cb033b495401818f1c4c729711504462e3041	815904e13e5dce49da07d4a89f605f0516b47ecd393579f32f57a14b81f6b6bb	b02a715c5228a8c628a58f2b26423525b710122132528762b610dcb37639513a	713e09f2ef019b087e504cf51e8656cecec7e9d4b5434aac3bfa405fcd6540ac	0dd330a91a51887a09e71c0747461aee45687d80d0e78026ffcf4bb490c6ed7a	df476372e941437008faf9d7ed8d94a506513f4ff6cff2f8388ac35dd34e6ce2
1493	833a4b1002ab31d01523d89b2be67de8e4a028fe0e3975c2f027738b0cc4a73e	d65f6296485c1625308a6ca64b0a7631ce28689e0475c6b6fb49e44bb0d57074	a7d2bcb0dd702d54ee9b83869c005a6ca97ae53f951dc5d4149f2b17caf302bf	4586b4a924689fb50def761c9d5770b6358e3ed59c461da2b61dbf6a2c168536	2b80752d33b0a623e3d450c3de5260dda1e34384dc700fcf30bfd86b4f91a2c6	30e5d219826c8b4e01e19cbeaca8e202f4e58396774d0a20e763d4770f7eabde
1494	a9645ff48acc319e79e6fb6cb7298b34fa7da81025eff1dc3d4d249fbe101395	63042d9ae0350c444054740aa6d9dc849e562c224aa0bacee4db1091cf5f8b46	5848c74ffa5e62ebb9724c802bc6fb8034ff1a169a92ce650986bdf6fcfd6729	da73bbde24c8ae8b2647b16157fc1e180165a0a69a9d2de31371be7dbb3bd294	15f83f7b46668de4c2d893e9de340454e7b5edfb2863c74271878bb09948ed62	3d1ec9d1ef58872e64853a12dc6534e39623ab2b6ff39668d85722829bcec32d
1495	4012a978b12e5d64ccaf117f3512c6fa746a1408b17dcd4a46e67ab37be64504	89863009452f0db326dc64ee036c8735c7468bc2f15c54e542b08f88008d4dbb	182761ed25b3ffe4e8be63a36980dce106530677313549c604e502949bf7cfd1	811e935d1cb8e263f4981665e3dd78d661b801abfc7f421854b4ae3b463bcfbb	889e48ba940fa184758a97d50f270131fa879292a462e333e495fa7560a29dbf	6ba6a89dc04d23872850706ebea9dff8ce4205755da02c26447c18bd6684dd01
1496	05357374a6a2affda7c4cb7b97fd8959849107b5ad1b45607ca367ca300c3703	e98b8553f412dbd7d34545b898028a553c9c3076f345b6190d2a8991293c47c4	35dcdb5b65ab82526d2876b48bd94eeca2a140bd3b5a3c81756ca39791af6f3d	ec6dc10761e632663c8c1aa125a169ddb60dfb5c3c361fb7fc9d08f92f4c025f	1a0ac7593306073970d3a5275b42fd9c54e0ce9a2c8c314c370c54e9b8716fe6	8c6f437b4b45bfc0ff30f656e014d0a0c3d15ed83a4fc89e2bf5fe5f56aa7980
1497	c9f6899938cf5eb5facc8d98bba44f479981321652e813a4b4363482ffcd4584	5cbf37fb5244c233aa212fba32b09af1e761f400523d359933a90f67092b1549	f2a507d5620165fb1595c4ef628d27b3831419e52d4a872d24ab117c96749270	f29a3a7a0e2a74f71c9f885f1b7ee82a0c0e9bd19ec56046ff4a438fa9ba0f91	2a14655ffa1ad58a3277603ff532d2695d7903260aa7b19c6dd673fc1d452ac0	905ac8fd953bdaff41dceb3d863a4f4941c43a2401f2603b1748f5db7e00d9ab
1498	6fa17558d27c0e7b803f8c4f22ba89098fb534d38caab8129705822a85995137	0bfc7d5adbf06b8a9d934e4e3e93afac3f12dffbb3d981965f41d56a28fd4529	d66344a60a945b399294316cd14de9f65ba75e77ce4b4bc7322b2b82dba0a1d1	0fe2efe2480d7b7d5b69e69bb977f139380595654e36d8db53693eb8b51c014c	3b34f24dc53b739a989df2690d7df38f491e26267370915c100aedf8e4f38a64	66a13820e8dd5513e709fae0df82c62b5fb4d089f0810389266d6cedc6708fff
1499	f690dec77084b64e8d5eb9e12654807272740bfc24bfc3ee85a1aa133198ca67	a460173ae2cda42e7c2d98ce11b607031eb2e8189c47c2bd3e67e1a9c387c725	1099cb3820e59df796431594542c2149c3c7af99d34f4c175d195f580659513f	e570a6e9f0f656a68825b1604cfffbf501a86d1706f47fd782bd201b6b1cded8	62c724c3342b80627a7872a31ff2abec97acef8fb5691b9af44329479ef4e1f4	e0de4a657d49283d8729209cc692c547ca0ad82db315b9651a9382fc9cf510d4
1500	04df8b18b6894f856089e2066cb2b630eb411ae4b2297f9fed0353819d5c1bd6	55a94f3b44463debd2926b650fc4b0ecd3ceb61fe0254ed8c0d98d2e867140c9	3d176ad949fa6b23c9570123c8665168bfe02fa35cbb19100363470e422bb112	3cf1b11bd800115e264131fec2e9d5ce94fa82c8405459e780a949b66de50150	5019d4ba392f17d00238f32a8814f95bac7a9bdc89b5c2132b69519d86aa3c59	652e32ae46022d873878fa9e61d3fbfe3d2ebd33b63540bd4013d5b5c73451ac
1501	a5b24d6e186c62c2f990d105956d75786240087cf84778bceb3cd93977b7d3e6	92e0309ed6bb68cc496a8d7815f5113182c55a9918cb2cc0f4b992cc8d21f033	e6de26359ad18be4297a92e9a0f2aaa6dbc2b9d49b446811ea6e36706c890a92	bec0d44a91395a95dd1865e9ed35efbcef2d8d0ea500e296e642d784ae2c0f26	27ab904920ab0c511124f24c6b8d809e4260f71a08481e592e86d2e07a3f1389	f0557c430fb4e775286f3b8f239e45414a944d0c19919ab8c74cb2d0334cbc06
1502	cd90e85e8d63c1b586c29aaec15e1d91ff07e75a13f74294891834f95221a495	916c9f8bbf1697ded80db3653e4ad1a03f34922eca8154e7efce4dd37ba8c466	f2db97ac715f7b46a6ba91301b2f7538966cbd6e6bd0e3f1d57254c43e079bde	a8f3fadd455b977122873cacbc6467059193e62789cf6042e44ef0ed68294e50	cf309fc4b06a5644c9524e6b3074e257b227a4c4009cdffca47b867fe70da9cd	91be2d1aa519c9c79f3df1357df60fcd95760cb8d8caff103cf2116fc46ce57c
1503	a7de90df53a3fe09cc1b8b87e054af0c687595ac62c4e50c9e777270ed78b7af	631f319ff986731388569c071310de919a5e82c942fe368d89fc40517ddd3708	e645f3d1f71cef57211ef367437c6612ab680d072b43a8b5042a053c4ea03197	fed8aecd639b552920ec32240b491cb43f247c2c3e13b1f66848ee049ced4da9	ad33fbf9ebd7f6a31c84248d8312bc3a95ed34412fe883662678bbfd756d609d	0951249026c53b7427272a28ee80c3314891f54bce7bda44846dc9121e438ef2
1504	bde3d19adc911cc593d521ebf24d11bc6edf9b6a46ac8493edf7500628aa5ba9	057b971e9326ca8fac5db5d6adb734149115c6baada7d281fcb641315c42ca2b	6a0c725454db4bae5774dbe94ceddaa8a360efbf3543c4864a9866855f4295f6	0b87490663f4a8bbafe0a12fd74bf592d94856784383f3cf4d9aa4d1e2b5d79d	93746f23515032e2dfff3c645b499f88219db75a3bd5357164c554a05765bead	f5c9ee6bf1ec1e55282c81b9b90d5c9284d8873095e85db73ae33e4bf9f7b9c1
1505	8f71eb9495dc02769dfdd6aecf190c06b4b89fc41bd9b058476ad7ffff09cbe7	e0dd84a75944f359f4d63c522510f1c3f8003ecc7cd80e801987cbcf72bf8373	4b534833239fdc694000ab729c00ee8270542106356661260418acb863a32e7e	d55c6e6dd552ba932d456ee759d31a3249f25fa0f4526b18c1d4134c91922170	8be657286eb527211e833eef12bc7d08b4d1787a48dc1dee740dc46ab1fc59b1	30f410ac6ebed8acb6d5bf46e9f56317ca7c65823b142fbaf049fd65c2dbc938
1506	a3d95723ffb57271d9c80beb6a59f5015e25d7504d70fdd069398a0eec0d8d60	453220d385875f49011c2d730b424d3ca4215e9dc57796922dc0d03ae41ff357	0bb1cb1a3134e259588073af913417e8cb143f434713c6699e6ccc48aea0ccb6	0d1176ded8f5d62b8140f62eef63a9e75cdf8c11cec58b9e2bf434dbb7b75bf0	78991e1559949d4bf73828532f8c70dbffb067af3dcd0709648a01a1fb10c8c2	2f402528ae953d5c85e84b6b80dbaf821a36c24575882bb99f6415dbb4d80fcc
1507	3a988a82d9c2f063b714430eae54e634705b465c6649ab0e202f2c3c0ad45efc	2db18ec1e2c53df12074c3e753263c090a827d504129b5eaaaf3842821285036	8eb6d785a2f3ccbd9f212cce88328c386f7af363e63eb6a1f4c3261ac807e765	2eceebc6ca71cac0206d3ce1229d4f381c4111af153b072eb159fbe40b99c64e	32879c92741d2a3e303bfef83e220213bc86582837132dc0337716bf58abbcda	41f5e54c99d7f78c67ffcb88124ec2e6f4743ddae39cdce44f1b8f81472b2727
1508	402270688aeb06335bb64a05cdfaaa5ceabe7ddcee7b8171d219eeaff535e4dd	d70e2ba3b2e49ab1552feea3fd85af2526c7b99d9a2ccc1df94c0e08bbdb48e1	8a5bde220e19ead0dd2afbe603e6b224f61ab12d0bf390b1ad3f0816986deea6	c108a83282f9e304b7cbec5b65340e32288d438a2b9c8f928a76d137544a4b1c	60755f8b42ff986ac2e7965d939e429a98179221f0d6289dddcba90d744c978a	f3f9d78af09677da4c18c837f6650483848160e52e12175a64a4d43f32cce8b3
1509	982b98ac70b037b37011fd16ca40642b4de96727b0d7635182f28c4f28a63d5b	8806a2fd1c3bd784bc3c09f4fa16ed2336a88d18e5348524d9d4ed9c53af9936	a20b94644a1588a3f0960ba6c06dd3d7ce38bcaf3e939628567c84b656d90785	0c792aef8059d8e6e0aeb0ecb54650e416e06902284da78c13a4378ca440c8f3	d5de599ab67b7783f79ab0ca4c05ad9a949a3ea75e82ddd689a7208e2c31c36a	1a76f31bbd355a8101e0ceb7208c173a07b25ca04030c6bf3cd0d0c49f5e93bf
1510	bc3e92e12893f0a3c2f5004480810caa4e4d5105b0f032969a525d2f53721e2d	c7e360de7932652d9940f750293e352d6961cd0c924074525bea304995233fff	953f63d47d688850927ea50a02187cded62b06166054c219205f3dab6e182b50	3c442c44ba9d89e6bf69244f91dfa76a9ec703c140dc79d58698f4a6cff35257	0fc0ceb4532e409d0dd687d7db9311d44e5c461650178261db64335f92eada56	a4bb24302f3c093d5a061442d8e99303f827772fcc7627084ffff11df909a731
1511	6485c5d505647755fec9cb4b596f657f102e3c123b17ab118747b73c8c6baac4	af7ceb594b1802787988232a98e1107da8f8f01adb9641f782dd9811b6459b48	4a7c9d858835799cb7c67721f59fbc5976534c08029da541ef684b2f1cf04ea5	08b990fffe2f92d23f20cf66b073e9795655a98c5cd8947ce5a830b54bd742fb	10e060865dd870190afe2c412e9f6afb02092106f48ef80a1615f68d0697caf5	26a096602e77affc7ac13115fdc2e73cd1cb7e5997d9e6962293c250ed178584
1512	7dc097e9045a6c2c96a011d4ecf679f988b75075de45cb74084250629dd98a05	54f404f4d8eb0f2e5a79248d3986678b5df19aaa3c80ea87087a7cedee5dee81	38c3c3d85fcbb1b8ab7988bcbdb7cc3455ca085aeac5fdb6d4559e8ac58175d5	48cc605f7e0f0c0d575a32078a4c3cd281c27961bf4fc1dc9f22c404b5833311	cfb6d72724e2e703fb41f106c810235df3c3d23986a9e0456fdb042d5e13852a	5cbba313ef986119eefda5ed231af5d16609ad574a54ccc6a916bdc463f59b8a
1513	dcd56956ac92ed3c41d97148aba1b43b7b420084ff56e942b54600910bab4811	c51ebd2b68fb14610f8573f097d3e680b0a8873e90609c78af41d08846edd19a	4be4950e5af8a20bd39ae0fcfcd0a5e2dde725f09a11e461166349648b9af564	1281c36d728ce1b121e2bcaf89f7a893b5e81fa2032e4d8722525692244451b7	9e1250da0b50d3207cfbb9a1e58c1cca10b28b89e9604408d856fa1a74ad7945	61f44f34c4154ef020c4d1e8c572517b418416b0751d0fd6bd7cd138be179755
1514	57eabac29541bc57cbd8ecba88e2d880ac929a29e738d68f113f6aa2128c027b	dbc7e7df549c74f09dcedabaae89e8340994806fafd20aad5feb7c041a8dc59d	40f99dcaaef8ab69c0659ca8d906b1c808fd66413511b88ec53bb4436d0d1273	bce3727ab964862a28e1365cb91e3bfa3195804cb7c6790d300fbc5d3a2a2754	c058b09a49ecbaa2300ebadcf47844c25750c4182a0167316d4c6f0b923771ef	6c93dac1c64197658811aaad1b54a07596999a55d6842dc4c5266175bb501384
1515	1cd922d7a94426ed11f0fa486f25597d5c4dc95fa53e4b28aa043d03c2f65d8a	1133aa2abd12b6f0f9289654dd2aa59b64c80cc55f84c555b5dec9909a0d0681	24e6731f0077c9f37e1b3398a6556524ea2d8b5700d9604c930b5d917da09fb6	8d044c32ecb74213f9323d7695b57793537ee5f2296cbdc971f4edf72916f1f5	35d968a7c5163528a4ed51bdac62a6438af2d337ab49f15d83fc62ee14d7dfae	95bde75ae493836f676ddad4061957b6d63115193180f3e3d2c14ba458bf0f70
1516	b6b9c2331d5f0b5b938989cd0b5fd0f94569194cbe4a62ac44c11e1d0936d27b	20f42f9c0079e09d873e2bdf97d9ee4945c0bb569c47af6a4083a5b0891e6941	995c89aac75e8d4c1386b966e5e4ae64875c5ac9361bcbfe268b405661742692	9e3b2e6c0a47b409ade8e83e8f725abadf0c7a97d99a8a7aa5581071006ee088	3f8ada5aeca4b8fabff0a484d54cb25d06f819cb9f2635fe7b08cf53a6eacfc1	fc391d24155c47deed4cf1fbda5d79eee70da9ce20d2dd23ff4d4def1e0a59ad
1517	42aaa240b072d355362aad58b6931aa220894208014c93d9d4d651b4e31d3462	95bb8c16e28b6bc59b3dcfb84db950bafb8aa8adc59c8a9fac6e10eaca47c413	06564e9ae0484ee27e7c4b5ba2f62427d0e2e68c86825f8b4214bf0c5c54c7d9	6faac78d2cc625c419741dcc798ba97303f79e01b82e66298157a62b638ed181	f9a5bd3b1f5cf6ed4ec1f084175c9004f09d46764db74e1d81e0214b95caf1d4	6a9ddb4753ae8ee866c51e99d578529baaaa4d1c41629344df134f5ca81fdeea
1518	af7547633b1fff7ba9523cc3ce86c3035fb767f67426100de7358a4fc7865218	00505bf04031f14989090a4bfed34ce274c7216263817e73acda9a48ad1eda8d	32c03aa0a2955ee0851584204f9d5cd0d3049d1e3998feb99acc9f9dd99223f6	28bf6d4318a1a160948c1e1865e5785160e7bd20ec591bfdd2a45d1ffad2c8b0	0ef06844397e4621528a1c103bc36f76c64bce9c7bd0a916358acca57242123c	26b3184a8c384de11cff29529a909db3690dd254cfa3961a897db44f5008342f
1519	03581b2c53c10639a1f8e9a1411872f64f92ec1f6e2e832b3c2983fa90f94d8e	aa863e96c9f55567fdee74531d83efa392e50b32de48aa4c9951eb9accc50fa2	0b142538006024d20a502141920aace91439730f269961f4c42a24a759e28e31	72e06c037cd40d83d57904587b175e773037dae0a0c2ac70a85e0f4c7bc80998	e6e93003080879b152f62602243116d946e99eac035026d58abce1a28cb0c572	446105da3e4f9c869ffe486fd99cac9bb7cdc5ed826c6294ed89c3aa4ae2f25e
1520	85d5827c3b1bbe89d1be617c639fa07d08c1e659a6f122c19d8418c280929a16	b710f67f1a910e5ea2301ea4e52323e1ab3ac10189f5d665999ba4cfe1d5cc9f	47bf543229ca8bed413dab3ea95752091495b2df0d11148c3f17b0ac36380b64	24f4218b73c42d89b321ef65cca2593b63d5ff46f9271305731c6b34c1eebed5	be7b2b6f7e04a1d4d2e2c9baba09f2290620a14e39e48b7ac77a4f38c592f304	f336b20891f15505832a44ac0fc0c13cfbfcce0a989b109c8527af1bd52e1217
1521	a26d6226356e782c7f2812535c8c1cf26f23d6023082bfcc96287e3f04bb35f3	b077c054284b236d67330e80ae0a333c30f2f503472d1ac35063e2046db93442	b602fada4578a7dfc3f8d5e7b8cd3e1cee2eabaf6e1aaec7ead1449a707e52a8	b8656073e76e34c2e8efb496557d0c3344973b57d0ea7e46673374dcee14f737	05181204ddef7fc265f12832be9a41a772747f1edbb223166a1cd8ab104e6fdf	b5fd88fd14f741e6925c75b71e75055aa39d8a0fd6be08b984d29a0d9489b846
1522	82687a8ad06758c9b3ea350eb43d395c06148659bbf7d2df15120b3abfb37da8	1f229eff69a75d5b8d82e82cb0d932f57877733ef11222694cf214d0a83d0554	28bbc830e6ee1e200e02fd62b6aedfb634243def021bdd65b364bfb4318327f4	8150468f1bb988b2686617b94b2b2f08fa28e565dc91abb449180e84c27b9065	8249872b07147362e08308a6f7a46fdada0cde41655a7a94adfc89ed96c5d0b2	f733695b06ca6e047de416642e4477e2fcc8ddbc1d306e0fef8cbf2365b752e7
1523	6993249b15386d18cf7eb9e60700dcaca6be10c1462341359d8fbe22e8871238	64e5a15cd497036dc7acf1aaaddbb630cb07876c47e580e251c1f2190014faa8	c17cae78a582965f76a225cf353e3d231171ed52dd102749bf232f70029e6564	796561fe533808d9ef94f2fd8bd0b6f6e107cb284c080886ea6d3f3960008862	872e55cce73a4db7155a00ae9f04ea34c603628bb6702c4dc55487fa9d84e3eb	23a1caf2feb8f4362029bc89901a407bd05d0bccca32cae30829c36101005459
1524	0f548172f51ca66f36c40aeb6a2d3517d19603d41898aeb061fccd3984a60eec	af584759d8611f0bc3ae978dca59e4b2c9f5920430af628e7c29fdc193e71831	6209d4671961813d9c4e1e7da37e113e6779c46197424a4f1cfbe6a33147d283	f948210dcb2ac4d5ee1e5b696360436bebb9f40d18ab818c875dbf83330b98b3	af4f44868bcdba89bc27ab92b4aac5a97968084ac85c0a477b8aa6b4971610c6	29f27a53c610f34ec4b6ed2b2bb33593a503169b10bf125957a4efc9561b700c
1525	3d4573fb634cd4955a2cf202651a7f94c96791285fedf1b1e5cb5e9cc8385468	6ae4bc652471f4f9287a9e68fc924682f4d43c381667f58d92f418f156eafa5c	fa764a9a17ab60fec15a129086892fe53337237f5485a539ba52a33cd24615d4	296d5fc24998cb3f775ba4362ca1220a8159cfff10d008f2b12c08f226258eeb	858d52214483f813af56fa0cdfe0ca15adff2fc2a6edce13ebf41f9a9eb7cde9	3ac60b909e9a6aba7386ac8da92ae7f5bcdb71228520ac4b611e9bd93228cc31
1526	9ca2b5eb07a1bd015c31c326e99096433154a196edcc26ef675756e1ba26cab8	0a6e6d437e7af73cd4ef0d5cd8d373183fefb06e4a360f51da221d4321148ad0	7213927fc7584fc419421a9cd6331fbc8622413d305e3129ad15143a29274a6e	f56e16bb656253ca7fa5e9e4e168e78fab1e9f41af6004a3b9974f77f88ed9ea	a9ad5ce0ff414423cc9ecac712b6076633cb21715b2837540b0ebd76a70d214a	8db9cd0f695d3de31669041fe20dd2473a295ed513dee5003467cf5e4543f8a7
1527	9f0437921f30390d1f2997783d2c994e1d41deb6be2c14fd2524c9b54f463861	f63bb2909d7f6617d79622a505ceb594ac1aca45ceb658225cc66b05cfa47c0e	3c98753e7da78ffcfc3d42c5fe54d98d73a6b3fd7ff859c7dd814754c4aef402	43ee2a5189fac0e55139b68a075b9328b655a31cf52dee860375d82e4a76b7c1	db94a711bbab42990f0384ed472f696ded042d6030a997ff22d2d8d37449ad39	7a09d8ae6952e9cdc0f703117b4320e81d7d2ace8c05821e30f2b50582292415
1528	19766efeef8e943bb5ca15d71333653a2c065336364635b0fc06aa9253a354c6	4f9ab19c913416f2a773cfa5ca001aa745fe1aa6f87cc0000751e795ed192d0b	4e6153340450131a7466731edebb9d0c148d64b1c6caac995eb2e790e493e8a3	ac041fe9219ad460e8f6f482151881ecf95061db6bf8e777eb0915ff60e78535	3be1b26deb3544eea1e40deccbb30971cc037183eb128a6730ab1eeb75ee4031	5d35a31b1a2bf281de9a82492dddde508b559cdc912a8c4bd3b65dc4f97f4e68
1529	51b34afba2aa065e581aff98bea8e32c7d2d89f6c399e4bee394cb34eb1703f3	23540322f9b7ae91aadcbab4951d0c8d4f30e211b03753d6937915485c07423b	e0f615a875c4511dda2077a4ee41ac594e00198cb3e77b8a2fb3a667f4fd2777	a9162bacfca3933a72ed99e999c08b7253127c2b280be2461af5725ef1994d36	451a2f28addc315f361bd7faf5fceb6d5944ae84ae281a432995df54384a7983	5f8e8e12e974fdf3e2fdeede91e51833d3b1b32206b43e2b308b908cabd3c033
1530	0b504954bdd5f21f866d63ef4258e7c59fa25fc27a4a59800779b940e602b0db	36587dbeea0dd0cf18eabac0a24c2d8fecbf8ad4d20c084d0dabd217f7d9c420	1d9a820dd360a06ab795e701bc207367ccee86ec9f1c1e4d58589d84f62c55a7	ac82ae0e06b6fd5d1601c63af274c63d26d9a6b2c7cde5339b5064ecbf037e6b	14b80b827e5511cf6b4fea729ddbc0376566327f4718931ac560c4f4dd5d05f7	bdc21f4c99b7f709e99b4ae597555b85fd5fc45646a663a6eceb070c29f8d27a
1531	2ebdf1a9bee7452daaa2750b0deda646eef0e9aa47bfa01b92636af60a0240fa	59b5a0e49f087f6bd0831fbeaff2e0c3db5026f7a627e370095d40daa4b7053f	04a9361bc78e6df0b5f6202ddb77ee5edbe2488cc565e7da2fd418972e5f78a3	bd1f6c09712656e0744a544c249dbb83d69f2dfbf0735aac8f31b16e75647650	0f2006b139649c9e4a09295ac3681631cd52190e04c7c3da80a64f5b4f76de4d	7cec776759461382240344c19b1ef3405b81172ccf62bc7ea1bad8140847d951
1532	eb8f324602a06889b0139b4c05f19f17d9dcdcf8a5cc13a0bc65a77453f0c2d1	a6d3151dbc3c6eeec59ed7550906496f4b25fe2ef23e6c9aad970f1f26a3289a	1c60f45b16b11ea7d0d953e80a9586e361fd263f652b323fdba09f2457a27bc1	78b427417fa0d19fec12decbdc5ac9e905ba81258bc73626557b2556faf7bdab	9d02c6b731277d4c2a44d56a312a17094549f714409d9ef5ae5b8f06050c824c	3bb6e9021f3a77de83b28284be17d686ba9d81b2cd2efedda231102570196ce9
1533	adf59c711ae3057ac7461da15c0b6e372360d3c7b9d7f2f43ae1e00454328de6	9c4c9ab4ae0a93b2ebe74522159f8b88960ec4bc3c2b51cb30934d274ae02ba3	d557031fb9597d2a77a0966bba87a0fa630d624f1c828fcf0702ce483c5bce12	c2e9313aab1d1947b859e7da456c0f51f86e8e3f0656041a6ff29cb37f8775cb	a765c3d416026d741736a2eb6131491180d5d18a2161400ae5439b24bc0539d7	830e8ecdb5e92aa2b8a0ad59815251d642483ad5dd259959105985ba6baeb24c
1534	21282d17796c31b21b17f2fdc249c061df94f0affe5863d9bae29ae0f0bb4915	9d90085534d26b465ba4ac642a3cc7cd90daf89e30c429c0ad6e3d9571198a9a	327b3f3f1da6bfe525f23bc344c7fadc6393c04c14fc3399259a2ce7d32f8916	1cefb215e07fe925295e85ef5f61f045e75606150ebd0ced529ef3ca38e8ba79	099b64020c702b9aec605e526a2c6e245569c332ebca633fa5f47e0e8a9737f9	5bccd553b2926471e7b87adc0ddc3f999be79445946e6dcb83c3e590fc799412
1535	746b5dba15c48b452eecc66612b739db3a52f8abf3fc52e94e120daf89e07b4c	6aa08d6703da70ca253d718e8a662f6ba13daf2801583d7d3e16ae2526d27a86	d678d847d1410028a28d17a5855b1eb8b2d4fe33c9393af48f40f1ccbe9178b0	4f647202f708d4e5e23f782bb875401317869b8f46ad738b318a80bf1050c082	902905e21fc22fc3af8cc3cd6ab56bafb821d0b9d1561c92780a9751807c49ed	d33836d757bdbe7c05b1b6603397516dc7d905baf6864bf9c735bf574d51ff87
1536	03e8c4a5996368f1d6055ef6f83c9a53d9949dcacee7129338ec89bd9a8fcd6b	57d54cfa7f96114c03d8b009abc0bdd2cfeed8d6b01b4fff45cac10698b65794	b4d1496e63d3ee16100a1d7c7bb151e50d62d074e9895cecbaf329237a830624	25d8fad772fd60719c753ae423f371533204ed6cf7249935457326e9a3882958	f92e9e9d775106b700fecf721fdbab0bf51ee83dd6f7128051309dd08226db5d	098fbd849e3cf4f86f4475e58ad9d023a27ce497c5017eb86df0006fff62c56f
1537	131e0859f715f6e8d6e67c2c5ef91265b42733863e1fead98b9ab22e1a5f7d8d	2959ba2014939706260d3386788a79e5f419fe93ccc7c4f937ad5469ebbd5b7f	2fb97bcf18db953931f3a5069276ddc6187c2754dabb221b53c3e9a5accae2d9	47e51b12347492460545d319fbddbeeb2ac8ce80ca22441448203d4fe311d613	61c10bb76d979e7e3879170400b9f2480bd966f2f8c878304453818e53db08a7	96dbaf11b8fc36755f3633d21f08fafd93088f8c406bd81cec453fcd8d401c66
1538	935065568b4f08c52632e3881efe40280e96cc00def0cd4d2ef6ac29f4725bc9	bae836fd91d2d099b09fd8c4f6620e21902548069c0d7af1e99e5f00d48bd604	beaaea3df4572bf00d64c45bafc75742c0764a39fad3560cf253b3cb6e43b90c	33dcf10e0052c24c65ea06764e17bf8207120bf15fdc5f3fc7ec8a05fd6ae4eb	7c353a9d869fb4d6240359e12cec51bf85cdd7d3382ed4974aa9aaf5b0e03202	3f97fb3e0e66b3a1af8cb79e2631c2acb7b2faa3b6afb626ee4da423ef373124
1539	5eafca2df2c361d14fd466c6fbf38031048e72c6ac5688795edf6b6a559668c8	f201163116a1b9044808f78b34dcd17785a34dacc602668be47b8c3c3d8cf4e7	1f16857776d4757e8332a19375c9457003aa5efc9c3941e544149da3f98c6941	e1acc54c194adcff0fd6f121a8e9c4db840f91a8171ecaa6b9a9ebb70059550f	f7cbc331221c127cdd4ac0da901a753aa7fa0c511a701ce011f5fad9cebb1413	7a60253e630e3b142242bc361f1c1fca4845c5e9d666b153a397048391815033
1540	2870d63850579a390ed5d51c549514f2fe464a112ff291a7480de7f51afe1bda	2ac17ece1e30de2a4b5cd73ec6e4372cb5a5311b6068ba2b1635da7ff571aeee	19b8886bb56200d7781aaf532117f01b180968ca5f1e996a3c15f72b8f05a3f5	d56430239e101a984a0cf5040096872ac78f869f502c1c509e3ac8445eb50319	675cf4f837c3e09d082ee223503948b011d19db04196d68ae2336e0697d30ff4	8c3136353b58a1ff623fb2fa8f25138f412bc8be8200adc928dfe3f24a2bc4cd
1541	cf708607adf51ed7b05933b501739829d28de88c8bda4badcbe95669212a4bcb	af79b25f8bbdb80b9b9962d0e6249894deec8f933491dbeab444663d5d712240	f832f9947efd9032d2a3f25969499a789e9493de84c92fffe59247edc8b5dd37	fd05cdb03ab9cc97d21d3189d54279262a9dd4e438cbdcc01bc9ffc2c7c87862	cb16b8c88039aff55f315bc33b6cefd7e066325a0b73507638ba5256e1ae75c0	148219002a2da5ca711cf484e0b9d970d9b27ec345e5db6c8b8a8861cd9dfc0b
1542	8d47c44fd00eadcadaab1aafa2dc61798a66eabc34b94189920dd5db184d42c9	187fd244d7e73c59ad7805f8e788d9679f93a1b2e1de205589df897573b2f6a0	6f7d68ddb20aba7c254cd74aff8dbc107125421019116206f0f750c878303dd0	9ffaa875fd38a65241a547bebb994e6598e21b62c33ee74190ee4f42380c505a	186621799c52635ecf524bc0a932690cfadb05ba1e241d1dc1d741cf62ae7bcc	76f3022aad4c60bda15a34d80a872e14feb2ab4041cf5abc380daa0bff9dd0fc
1543	e583a8910f0bd931a343882b306da671eafb001bcaf1c76740d370188bc3bea0	54fb5afe0c3dc84806255b6557ea545dcc3d8c02a0bd38d08d57b7b19e03ecf3	5162011e849cbd477e80a097098593ca7710455e6dc0b0da5439010187b3d80c	241243e629f3aa46371fdca9ec5b2d849b43c2918df6285c439edce2e580c4a8	f399c5217a8e3bb4e6aca84c9b96320854f6a22366da6569493e53260aead73a	94a5f81857e171eda48ad7711df6ee003dec464a4b3e372fc55e5dffa6c2e193
1544	30becfa99355be0be70d4205ec90681caae171745ea35584001468a08eef9abc	378b6e24479eeccb091cba268877660a13f84d1f4855d68b6d06cfa69e3c402a	255e6c25ea0407c78c93793b74da6d42191e9107f2b40da9cc1511970ee81824	9e3858d64dacf18d9a29c6e72af54aa5d34299c90a29bfafdc7dfc35658fd858	5e8d9972f93f849b10f769003d421454946ad1601cbc4c709b161ab136e213e1	b7416d87137a2452f1624fb62f7832b03f60555ea68e02e8e8eaa637d2608920
1545	3bff4b7f83b60d021488db1ce2e6394636f52d063ca990a9200a640d37c3fdba	d9d0614f91c2531c5db30971108e57bd57535ab2f8b9e02ca7f26c4b44602f31	0d682e9697cd04b6a7b6c06fd669be8283dedb976fbb12615df81645ef9ce8be	3a5446611913b2f730af28bdf467f67fb6bbe4bca73be10d59a7f75396c41ed8	d9c7aebf9dfcf0113d6d5844bbb781d1ee79d820ff7051c994e8cf7742247f89	771eb1b44f44aa1a9bc71cccc051f4c5cdb5c445ce76055863dd354fbf8d8bf0
1546	d8751ebe70bfcb52ea64ae26919a509abba5e8abae11b55cf94bccdad20b1257	392a3bf5233b6bd125294c902d8ce4cd0964eede7ff6a5ac211afcfbe6db9c65	bced219eeef356a081d76be89b70d6ba727ba4e655baadc0f79a01618a166956	30dbad3cef7326a92f80eb055222c517ae6d665bc4700635949c00d8ab70b319	c9185b7c977cac30d73cd1ffc2fc4619647c162b6e558e73b3040aae68b1e239	b0f4829ad15a895501518c0b98ec6b3f7e347eae3b241b1b8659a43a8303b3c2
1547	a07cd0d05525d7732999dd23a9620718af53fd2c878653686b66dbbcaad9eb38	fbe4c751bde7df132ca2e8581f37a71374b305a2a35e31fd74db976b8d32b0fa	8d6b635349e1946fb4b60e131349d4a603a448b3932f45dd0869d2fb9aa5b816	e189f6ad0371a3b7445b280d07d68e72dafb544fccf9fd68728745dd9a0a2535	15fa9f6a1ea07d1a8b341c8d59166aa77e1b32604a41ba7ef6c923f198f16167	3a5b01f49f64d0921045f5eac8576d3bfa53f9ebd9440163b2049cd838d9acd0
1548	27900c461be5e6c9a2743817534aa1a20cbe460518c35f1a4ed7b1c81a949f3f	069566a20a506cb1beec87b6f99f13b55b4ad1cf260410040618d82f292bb59c	05e8050e791449fb0aa4ebc7f769633c664cde0847f43754f58bd0de7fca5066	331ca1fec8bc57b9bb52efd5cb92fdcb0fa713e648b9dbd9dc8ce38859103a87	1fbcee2c2ca2b2d509b840fe208f2044f087af149b82d0bd4d3a93472d791635	907a86c2465c0f3ac9e56bc5a30e9aed994c959336b89b6a91b1e93904552a12
1549	115e70389a9bc4f536a32da456124028c6775c8bdb52ad65fa474af043a73d2d	36db8d2f1538c625bf7a44f1c44340a7e7b802e0309edd6043ad76fbcfd4b98a	04ea13c651b7000dc0b11085557949bb1b6d885591ca96bbfb71f45dfb7c7175	9cb49b76e0c2246bf1ccc7e1998acff5fbe155cce3d4441b7d441012e9a8d59e	5c292db1a585e15510d558a947a9a03f5f23495db80e4885ff576441f9e6393d	1d9965b23ea18ca2172a6981bba6a4457b36cdb05276eae80488ed60c9ca5372
1550	15232ecf10b730aaf6df6059247c0e54fd3b9b7997c6ef2af262b0be330dd539	9ac86953115b115ca9bf26a8d428a9abc5815bba1ca3cebd46b1d759cf7962ed	782f4fe36811d992f1e6812d2ba89c7bec0e6997a34e7e5413782900b24ad717	211be7b374e428f394efa0af82060e7c46e18fa73eb6e880b56490be292eee64	59bdb78de0a81df0b66813699e867aa8341f04466668e7c6d544264637184b04	6907546bf17893f95ae614458055e020f936269df564a84b95ea3ddafd090c9d
1551	b1ed653883df15a74d90bc5082a6aeefddb88aa8b27aa8c669a9f443ed8720bb	68d70603e7326285ef9fbeec53f2a4bee9f1062f673a4ebf3933dab24945fc59	da83a50b4fab9c9d36b7f8e4d2902d577d646d6a13fc939085e25255ab9d2316	8d783650f3390e0dc02d6d9fc39adc4d2fae7e23f8fb004036fcecf4969f468d	20f7b84e04767fe5abd15dc4a37e470f4500fdfefe7dc2e991405f54a6b7dcb7	fd9be62673db533b06d7d2a6863331feda8a5da4af89044c1089b8dd07651863
1552	d575f015ef974adb35c4ceef918db25bdf4943fe082b260da120e1ee72f21a95	6b781b38868a74a0eafde3f4d729038016c5ab80f18bb144e7c03c18921c0e75	88635abb8b028efe999cd17aaf8f395164057a4f167e9c90d03adf3588e2c21f	1e14891283ce727667805e75cd41dc97a2a6eebe1bb98de66870a750e1b0a41c	ee15fcdeab4b1175e16539fedbe0718efdf16d12ae257f861c58d929c4dd7ea6	f59b6e51b94a32495e9d669bb74faf56f2bd61d5771f98d2b941169e0de61437
1553	3880029cc0d50dd22d0bd7196b75aa91783ad4b6e2e3f00d38b7546ee52c0a1f	d1feaf32568d94a0e3e83f3011d244390c92f7c1331c4b9c0a1c9cd20dd8ce77	95ea65ff75758c15e31d00def963efd20997628ee5306f9294a1413e4bd43480	ae24e4f5ae7bc7e8341b8468c81d4f8bde7b85094d545cb64a7c09e11c32c36b	5cc1dc6cc3af3dc4228612905ba84cbd2e183afb7593f908e3cc387e27c591ba	25514883b14f79583be8044524d7ff5da30b8d3b66574c806a491b3a21efb465
1554	a8621e249369772de6188e30fdeaa99129d53a6fa520ff6b8decc51eb89e059d	00639a3d066ac6cc0359fe89b147e92866bc7f2d7b73d62f488bb200264f597c	72b1e8f3408d8aecdd19b0c5522c854a6131b1fba9b20b3877b5f35eac58bfca	1dbf23214e05d218ca17fef85617e32836936de8db345e80a092a27b0793e5cc	9f4f72850a266b5654c0fb48d41b7d9991b5c925a05c3f432506658d47663325	3e7cb1d076d639248dc9c52b678cf94d6816fd4c407656598bbdfc3d3c0e6feb
1555	a9d7f4313013caff0d9814adbcbea07df6d8bf0e3b9727c82e9537d709bcc337	a3a44942780f850a32bd1f6798d4a403bf234db8805b2d7ed7bab7c91888f2ee	ed913def7a0b24adbae49e7650fac03368ad3444463a2996b10bcb433de082ca	09448c4082d35fa0653f70324326c885d1349a443c2a0df551abe7703ae4fb0b	bc3a89de9c6dd33091a92a4a83a8da753cc1f12065607ddcaeb36697ac1b966b	3dfc0e9f87d5149fb6685824bbff0ed8c8bd0331f82f4bbe69b9f0b9929b2417
1556	dddf4e8ef1be908b616ef66ccb098dbe3573959ce579c17b5cfebb4708aecf3c	00f0922c9d1362e43db696016b5078a2f713d73cdbe1bfcf3ecbe3861a1d15b9	297e462fea368a1a967e9a98ba2d0a16fb9c2e3f4de70e500c69e71843aa61ce	067817a1c78d135f852e9c6945ab8352faba5f5398e8a91489a75eafdaac90eb	81d92f78ceb14a323350a22bd1ac3de17b466a5f4a2c7beacf0f6dc82e2be71f	8800711127cfb0a6291e56c73c55d0783994096fbaf40c41ddb8325087c8b8ab
1557	6e7d7e459115e6f8cf12999486d35286bf2d5a0f0393cc1ab5b85b17a5f367a4	0c2fd1c77c9a203326146c481f51190d58920ec58b1554750bca649d3b050bd7	b1db6150ccd201dc6d2b58afe581c6b973804bea7d6a54bc3dbf70dd6a37d26e	1effa204d1781354a970b5e276776c389fe35a5c6e3f3b6b7db27a9dc5c726d9	72c146dfb63ad5469200de0bea65012d5f492727f8fea6eb81735ae11c4299c1	eb75b0d55bb50c0256bbd680456c44ed42cc769add49ca9eabcdd0f1a9a25e3c
1558	ccc9235ebd9f1abc47a5aa4c584f05aa0f2a1f8f0fb13c8edfee51a527569892	a943a788e96f5ebe305979fb9f5a78f0d72e41d5911199cd54bdaf49c68af40e	1fa42908632e2eefaeb3903c3a922f10c255893ec2b2c397f5fdc6d3c323f17e	d5f4b9bfa54508e0a49206e651481589223797c4f8d0de35d20f4cacb805d620	fc4395c0b093cf506ee4486ec5beac67852854f349193c2e3c192da54c08a379	e5e15f2ee4e74648c886802a5a491098a571f41ee0123c22563235111c3c2b1b
1559	ebe918f061ad9b2f25ffd5555fd01d079df28ac6ad45f587b803b3a31957a59b	bde6068b77bd67818272ff819e1c40c269ca8823cd696d3226615609020a62a2	9190a155d4ed9cd25bef0ceca62ac4d0b89ca0cd843522325a0f44ff293aa3cf	3a4e3ee6d6835bd210c79a0b7f38b1bb88483d76f6a569e8b48b330bd0c90477	b86244eadf595e42995bf94e3617175894fbfe30c25e0ba1600b5a6ae6812f6f	e7d9c5f9c27ffbbb047a3a122d875d187487dddc004f360438566d27635a7a13
1560	8dcf747eba441af87d67480e69ff26c1bad4e28fefc50e689eed57a664bc4b78	0a1bb63c6fa7d3a33a73f3b7efb2a93e537290da7ea5603fca24a6476b3e9ae5	6fd50b3b409058e0ed0e327141cbe3ede451215842a9c2f76919e1be1022f50c	ea625a275e8cd84dd079d7827ab38b330dc99c52d7f9ab61f106f712f820aa0e	5f3c59e52093b50a28f6024e38d5264dd8f8d1575c90a322621164586cd13c14	5969ced109c4866cef17593e98bc7630add038b69c0ec0b563357bc04abbdb77
1561	626aa7bf1fc5115c58c708d1f460dbbc18e560028eb35f6c90a2866598a0c422	d6b7726cdb8207f310e59b6ae0f7648042375706c93b881d30a1b75e8098bbbd	ca54f3099b74d8e5842b0a349b608c0545e4469e739da2eeb9ba39847c2cdf75	3d11907fbf6e0df8db2b2925c6788b2ca9f41789c4214dc0bd0800b29ef07000	8ab3523a1d474568fcab7b1c7792e7bc7c98aa8ee02576c87225fead8aae16ca	e54319c955966f86e7a6c5cb59babcde779a89c9114f34ac1efd88aca04b08d4
1562	4327f3c6acf85459bb6c6556dfff548cc761d25b78a05a358589fe1630edfa1b	2bf412917b3ade4e2c2495832c70ca5ccd0e0fa5945423b0f76c841aecf447e0	3c9eb03489f4132a314802e7bdf82a0225d77a0a84948c90c53fe0e4b3b8aa06	b5c0b166687c057a88b67c51ce0fedd85902a4cec85c7eb5ceb029f202133243	66e01d98056ed2ed36a62ef81cefeafd3e4eab35c794d60782021a5dd86a1e38	6db5d06d9fc9b2edbd591405fbdec39d8bc7ac776f9096f739ac2670975a343a
1563	e4b03df4d428b578e81c666b2685a14f8e6bcd0af2fd3ce4933666b8abfd49e9	56266c5725c54067220e7f855f43446c17a80fe2b34c68bc17a2416629c2d17a	53d48dbe06b9c0a511e5550e57cf56f2c5d3c8251ca5e1445f376831ea38c097	fe91fcb4dfe505bf35a4230695f615cc1be222a1710eeb7102c538ca9f96f35a	c9c7cb92b66f579897d22332af66ca7d1ecfe3970b2bda501aaf732824a358ce	b3bdadd413afe279680654242f44ddd5819ddc49e08c434ca11e716145632638
1564	0ee5c76921fcfcd41dffb3c36055b6247982c8d5c3d1374178ee0fcc83f0fcdf	1747fc71582aba0d9287c87a6fc18bf550cef02d7b7dd69d83a3a1ed391730a9	6aab293f70f8d4a49f1092b4f599530008d98281b67780dfd2fee4ce43b2718a	24e62ac3c59982545a77d0a9be8df732e340949ab823028015af0acd2b8a6277	1469ed8f1f1af49e7201772055a674dc4b923c7addfc68641365d9a5b87cce00	ee0d108d2180a0f5df2f5a8468712c87b717ee8a89fb83b5539ec0345a108751
1565	cbd8205dbdb778f4e7e4f0645560dc62b6ea6f5583c50ac6fe4d7f036644720f	acf9e79d8a3034222f4bdb804a8b8b14972295a345566d306ed228cf27daa268	15c5f2c918155136627814a4a47b9517793210baaeaa1269b01bcf12b8b7dcce	596aa5e1638bd89db4f6a56b23780f92734c1df66df570bac36317d193c3e395	7daa50d4ede45bd28530575a17c8819c029092856d725f008f6f4e186f2e3365	b74c0f5ed5fcdd3c0ad428caa05db63636b292a75371c3d25b52d72f9a5e000c
1566	023758296f0a7ea654b0e6edfe6363215c778f49473dca032554faddd1cfbea9	d3ddc71a899309aa29265529cd572485d1713f8f5cf24b9f5f3cb4021a590a7f	0bb169cecbf91c527576bf11b929143e202a583060aa957419888759db027716	a55656e9c5cc9fb13b79f31a042d63445af03d873282ecb17e4b601924bcd5d6	9048e51b4d59f80e862650e4c12b37e2b3f2a96f3f0a52f3eaa0e47d0de6148e	99fa9d5985701521888eb549956b0d6d5a3e48e7d2684c497a59b9e5aed2982d
1567	0d9fc79a618e01d33006604eceafc6518c7e48d3d77332b379fca091394f2479	0de40825216fdebd36ba7dc396ec810997013f04f8cbbf6968160bf3e4a8e920	8747a83e767cd1f30b989734c2777844b6e036e93a7f978b5546098918f1222e	4bedc5fc2761fd504664c4d6c45facad205aa5b2261d9a5f65084ef09af2a791	56ba41a8e753fbfef7de396955623cbc2b0022f65c6d5a8d4ffd90057d9aca2c	8bfacc02d658dd978a65cf9388e8f4ac02405e2f9226bc594f48ce15ebe248bd
1568	4472a86bf31fbc64347e6f1cdbe8372035e7a534bcd2c2300568c55f9819a8d1	954c5467201f567e6bf338ec611cc33932aee25c956900a20d5d3eb1af7c2053	115f73e9d91228bc23bbaab153ab367b2045dd28050d43d6819e6a7ff9e7b178	a5147879a3718254797bb4055c38d03175097f19585a6f69683c522089b32bb4	bfe587b4bbd7c8db9798f9a7b2b0dd4c307dba7c131b557180af0f8e04a6e954	5b1924e9a24fb472471e628357b1fba45e8c80779cec8ce6028aa10b94a1a271
1569	9cf11f7c8c7e72d705c2c83d8bc7adbd48b56a4ffec8d716263386e01afbe5de	0cf4c4e5df1dedd6c92a32b43c543e3f4090ac331068d400bf831cbe6b7458f0	9ff59a3a31111362ff7779bf5b9ad75c131e1ca309aeca11e4fdb54be86397cb	12de0b4dff02c879955628c6ae0bc2c9d8152e500bf854eeedba756cc7400b0b	0c68e98c767a5ef06663e3b8e15b6dea75f65b728f1fce75c76c09b5c3b7da19	916cce0f7278ceecaa51d9a92ea162d8ae44f81c823767d0e2cdc6a8e1308226
1570	a03f2fb6b4b184732dc0de185d7edd76808d94cdfaaff7c2a0ec93b5b3ac1a66	499f3247d9a8b108e84c88d8314916e720a9cab665a62bdc28f853662f2e5c14	4dce47fcaa5ab650c3f297448882f27e20653c788137f3a78de7a858c980b131	09654e5185e55f51603a2d814c2c97fd2cd35ff0d2ecf9ad45e628b2883a2bcf	2db800598dfe70b882c0989e57a53f03d1fed21e73f34a894d5250d2f4349dbc	b8cdc25a52578caf547cd5b27bb3d07d00f9aac01c847d7b93b67bc05861088b
1571	c324cdb5890086843f4751121b6dcf6aa61dd58a550783ee7276064aec567190	311572c39ed1458c067b50952874d7bb4c93609f6bf9079d0953ade41c09b015	e9faa3d335a27e0bfba74643b91925f7bdf15490443108a5b60746989d486b7c	14a0e130d1a1905667faf3ae419f489835a984da35191ffc03cfb10f57024cc4	23543165709856f5ff19e48df4d2c0cc3707fc08278edeb62a64e28a424ed3ef	724c6a2575684b7fa6c94cabe66932e62f1dc7b5e33492cee247854fde902704
1572	7294d964aa9ac39073b9067ff9bb40823d0f2bafe64f850f8f88d0aa5051b334	227e58959f18a0af6170b4d275a8b036fbf53460fe642d16cfb674ff98e837ca	a14456f470948ea12ee4ed13a56e95d3113efcdce1bf159e5fbd937f6e3cc674	0b603e4dfde3cd897a25ba3978d8742b6ce4ea3ce39f8a00c83372f6b81059e7	a01f1fe499a9c6855ac32b4913c6485ed99967004c741f5653809e708616b348	837b8599725322b035b17ed649b7f4d5230f122692280b76c485d6007564b01a
1573	c1724d4ea26a93b747bdfcadf48c13df8706b439732630a960f980111dd82922	78ecea5084b8fbef978bd56cf5da9a220caf26187e6a76ce8ac49d1b26762d38	17e7537a63c5e6ce062bcb559512af2031b2a83dc10df5e78c7e40750b77a299	248a5d23bf7646d43955ec482532549972e0875352a1b3bc6c4f43762638d3a0	1cf15bca809be340f3c9306f957e6d867535d7f1e95d18dba9d7ef0f7d4aa0b9	2489b0190715a5da74c00aa1ae5838fe57e37d2a359a908d16de674df41fff99
1574	fb6f86501043d7a76874bc679fc6d9aea2097b6023cf5a4b8d2a4fc41abfff17	4de86eab2959e2655eae30935787273f6669c40645a0dd4b9f8c28e527bb45a2	a9df4adbab6d8433248cd7b9cfea3f963817c025e125bd3a392fd4502f959140	7d5a4d2869a368d061b7353b2a11a6f276b94ec9944ba0009dac0d2a847ab211	2c1019bdb5a334aef46d0e58556e5150d7c6a4ef762774c85253e5003ad3b72e	11db0106eee6dd19d79564ced2d2c43c68bdd5935e1bcbb367a77d33721917bb
1575	4b482b27cc7270f5d7a5b054f1d30862de9a5f7d33c726741649de1e0a9b568f	604c2849444b0f37f151ea7b9bb876e66f149b43b6f652b4aa569e83319f7a61	3773c586cd8de25090310a8bdbc1b62807c1441e3a3e86594ccb7e373e1b25dd	2008a74c4549f9cb9937acfdf283e47f6d84feaebde0a5707a02f2e7302e9727	b8bc1c0f3aa3c6513641f6c86b79cef17c17b8cc0c2db53b97f94596f1a60e61	cdc04254e58b8ee160a0cf466fbc9a1dddc290447475685dfde7b91d96eb8425
1576	004125107f887e669792a1d529c1424415fe34a0df2c1a3a4d19728a2b4cc569	c406f958d6849021138e57aa86caf9b6d5d6c535972e5f707403d0d563dabdb2	ad928bb48db2905753c354bd3837b90a86b34f387c1eaa1c7fea6cf635b6c91f	199e0c713cde253603408d53d631fcbd6b0fe6e36e8a4199238638aa7293362f	f38e2dc36b1bb20147cd263faa5414896460d3cc6a786189d2fce630d49f84bd	8cd283253c7ac4bb00a730eb3c1edb989b4b4bc855a95c0f87bd967525f4d7ea
1577	b3a12367bac2e145ad242bbc88d70f0911955cbbb8cb97c87092a8a8429d9d76	4380d90de7daf5b45a72d9a7fc3225adab01120d94e7f52e22bf44e79818edfb	f4c56e6938082e2b3ded45fad18f7ea1a41ee0aeff38bbcdee9578afe6b3c84e	cba65d7f0feb5904680ce8aa5bfc2c26a2e7f01a6a64b58341f2c85136f0ba7d	368d0f8d2d1760f432668864fd870acc89030d6f3a1b0591ea555e8534476ac0	58081117ff2f1a9453cf4335df461e3789b9987ce6739303eaa32fec6588a0ae
1578	6280ebb7139614c6e08a292e6bece24957c296f8d108c790a5f065528d55a69e	66489f974b1b08bbf49bbaf5d9c6a9b2fae8fd8319ad96f3dc56ed12054bae38	8126212769a33db64a5acfb8135015cc79664b8048391156ed8731d88e75f201	067944ca035bf18f68926f42f072b7a08dfa4fcf1d250342a38cc9c51b3c8849	4906aff05e856729ca2789791a3a1def33e24233207722422ec5c8027e9e6197	e8fe7e6b8147ffeabc99b8b2a3bddc605d7e88ec25fb7592c795d6cd07d6cb7b
1579	0bd256618724cd24ed4209814a5f11345db67ea575c769c766b5c31ac98eab25	a6afb429c67460a098c80d25588dbd2f141fd6ac4e75e5f443a8f4f057fff7b1	9fc54266532eee11734dc8d7ea191cb7c90996d87480d43e04821e3a2654cdc7	a4bd73a46a95b9078e3ffc53f958ae3a6ca82bd8237e467348601d4eb7cfef2c	2db021355a98fc9971e7d7528d73ee3d63805a7d44b2e4438691eda654ae2821	c412dc6292a57459dbb5f591ba424a36ad7dc0666bf5d1e1a2a0d51253a72927
1580	140549c767df3c7e4d40eff6d02121a5bb144fd165c5ef3289d00656d1656c12	6d4e291b3f3c1f45733740ac202c7c5d7c5c82fdfec024c55953252aec65ca88	4e69961c9f6a4babbe3d338c8dee311c8b6beb129e59254a5476e59b74ae98df	e0d65ee6715ace10cf1e6f8b6225f49beb6b4758a4be586c7eca92fb5f5de432	97494ef2568ea1938e7af8ed29659f7f8a6443ecdb5ab3762574fae827cf6576	9d10ee0f041a723fd1d445431bce2699fa696cede363ebd9846d5bc4b26401a9
1581	c7324d951faa1aa0dd4c22f500cde911f579bf1246f9a41c069b7dc2342319f1	efc2e75347650403f091b8f1a020b02b7e633d10591b48316ec52a5c541121cc	ac67a4d1b262b31110f74de808fc224867b1ad186826effa49ae6f4dbcf5f350	b21bd2d8f1362fc7e90a4d40ed2439a90092dd01d0f8107dec93c7bda9209ff3	43797d783aac7fab3e5050d55c1f76a09ea9475dbc913dbd797a891d0d3400a3	cae1bcf707ff2999e90a49c92c79e0ecd1c8574ec0e2f638acc80a722018267c
1582	3062813c1d3e8f5651de6692d0d07cae46e1f55b21d07b022d97087e7b14c34a	0f6e051b752b7406a901b8035adf8beacaa6882977dbc39539b7934cc091bc25	569d2f648b55f52d34670fea6d1de337f488b544ee1ee4b58e6241dd8ee3d7bd	f5c38ef872420ae6704e26bba113de2ab2f78f66a6bd79f0d11d40635128671b	2491c26f88876428980a61f7d20331450c62844cd302c46c663be39e00c10e2e	11199d470ff6dc1c77884f116244efe06d7f168420320c276b60a02783823ceb
1583	a3d926e334fca2a61e72f092f9fd048a6b7d95c8aa775fb78211dbedccb05452	b226a593a6a82ac13f74ec6612c84d15c23d4a2bef5141ab4aa6fc6bec0a8c2a	7016b531969f4063a578c8c9631fa91f037327e2373fd6d9042c953c084d7ada	591b97e8af144caf013234020ea08d1f6d5d360852c3002860a97c5d6641453e	104a92e514cb67b230c8a27458012e4dae9ac94d0a1c55638593c1103650b927	d1fcd62f0ea08c4f1cee6f600f7b46c7f24eb02875d30eb711ea7e7ba4befe32
1584	5b62a5a32782faa78a164d468e42187389c8e0d3743083e5b5d431d225422d12	ee42e0b76d42fd3d46b7b828f0c76bf66194e06771808de65210957177775b17	882c54ceb3adf9b288f46c00d167bf64d52bb3ae8ccd2e1aa99afe5990fce5ba	2eafced617bfc61cb583907e782171c5f82a990d96a613978678dad38f49953e	276518f78a9820473e189d6897bdb0b1fc29e3d4f4999952d6b508b49971c162	f95da305c3f4c64cffb922768a63f403610c000b6a3e2a3bd484ca0ed6cc6eea
1585	d5b2608617a1a18900a9c2217971067503d10783872ecda3012842d4b66b499e	acd2605d0474c7119ed13edb3ab2258c94e91d73318d32b6d3aa2d79f96fd8fa	3929b80fbf3ff3d4d1784026016ae5624a5b77513a466650b7eb02b2fb7ae28a	b06161b4de549fbd05542ceceecc93434ae5333ece7f3819d907b4fea477c279	60ff2853dcd488afbb729257681873ca8aef0b0d64a26348437f40bdc076c7c7	4fee7835a36d011219d20632137dd3cd71c82193d52ec2f192b4b45c4807e9aa
1586	8cd4191388aadade5cd2a832851ff2fd472b7d7759ae7f818882883f51e86565	1b7d4bced55244e63bf0875ee7bb5965b8480a553fd70270a0e17a6933aca665	2d7ac344b72c2a6abeb06f126d05bac86951ea6fbb328dbb54463f6cdcb5c477	3031aa398614932417ee00120258e21ce25358f1ef9e1b9fa2d0ac9796d0e52b	9d30f09df9da4940224a495fecbb181a881f5ecb3196e6fff88a43b5904456a6	df382cbba3bfa06c63e8f096dc00b2c1603582475b1f1a98eca2087b13e40a60
1587	6a7ba96a5401380c9e96493c12e9557aafcf24b048fb9d0771dba6b788a4b10b	1fee4194dd9a76a080f26e6994c9165ed8f1f675cceed064e3ab9fa73730b54e	4075aabbf9cc3437a39c2fba31ed89923e916ad77a4307cf3158c9c5b796aa7d	7a1a62e8cde20709a97e625968740f3f7cb6b72c36e4a64889510696dcbd81ed	fe796fc5eb079cad0f191c4ab15b577129b94bd1e4b0d6f82f3bf923bd80a92f	74d41a24deb231ece762f688b578d16eedbcf6aacd9c789daa45fdfa10d881c1
1588	76c4399c2c268cf3fd3acc6bdb2abc026037c3a93a5f3504ea097db5d8fdc334	c3d2ded73a8d98b3c5b0f1c9a2a06f53bc95f0975651f44b0abd357da9c59ebd	299eb8d332ea547588d7b9bc6948dbb49aae4fb2a692d25bf5cab98abdabec1b	478f4930c5616257e531fadba7b27cd290a711500c6a9fac292299b00b30ea3e	01f48cb7d9796c205facd0845fa49aa402308d919c04c3f1f70e529cb5988fdb	78d38c1a69f30f73df8ba60892635443b7f45b3ea6f04d5a23957a410f6ba93e
1589	9cf2a9182426454d4cc48797c551aaee487a91bd76b782374d936a166a35c998	6069b815cdd5f907be117c7935cf04d8a57190da89497986a9c48dd3c52393a6	0b7ad9d2967c27dff2474058bf0d63704ce3f3ef9155fb172fe013e630c24210	2a2a113491ceb27616d183cc3c2f1a7f932d27abe119e1f5c9364da457beec8f	bb260bd78d14dc155b4bde2e1304efbd9b00603ab61ad8ebc90e992747dbe8f3	267590b9f538e59606b66ae5ddacd1f91ab4e2fef062d3f1bb51698154a7594f
1590	295b46905f69ea4e53e7e06ddb348af491b4786ee09769eea40d8090f9378278	c1eee21f2f8d6ec33be0d15a9e9da71a339d705fdf0408f5041a2583df2ce1da	9cf2b2eba3b36fa3912093e9d9d9a7bf13a96ee71af0942d8458e641ec029f64	528c5d68db387f87e73cd6ea98254397d6b06cd108eb6e41d19cbdf4e912a163	6834b33e77217304c8ce11baf3fb4f9832853aff21fe17a482faa6babd7f6710	3bf8cc816edb8e6292d0ee183a8137799fa915ab67a337fac7b1737c45b0afd5
1591	dfee04076cae0906e3c662d88b84e55c70fc35a2c27fccf056bce79710d15704	e25246bbbe869535b5e61d3c7ce717c843c785a11f4fb0de1bec978f4bef5190	aa7910bb708a3311821fe228c3aa1dea3aee825c0cc1653cfe984e700a822682	a259ee3605623ee92732a2da32cb1a06814c26b0a9a8c089717e5cac1930271d	44d27182f7c6502cf02d52dcc73d0c69db20385770176f42623ac0dc61b946ee	a56ebc4a8e6d7008689e5010cee5f962d40ddbfd5bc3894f2190a185b3d443df
1592	9b8dd6c6a04bc1eb027a716838927f0af10fc6d992819ebfb6081d79e474c5e4	39cad25c8f1dd732b9f50fe60d7d3fb0f296bcd8457efa67c74da7e0827d143d	38da8be331676c9c6c17349811f1f6230d271a4162ba898eda3b776ad733b056	88451cf4c29a2d870e4af8742c6174c47a681e5805a8ee55789e8732a95d0fb6	1ffb8673a39511819fe8c2be35bebff164b51e8c9f410c1aaf321f37eb365b3d	36ff036483ba1064c5ca7e03e6b1b0e81fea6e7edb278fa50d717c903a0906d5
1593	0fcc0aea6c7691b2aef71f796fac180ae5262b333c71851b7d20035a730f8f42	76096a087c089ba1338d4d3e0a86f0e0cd7e2dee6fdabe02f3c45703df00432e	21cd618fb3b12cd7878a8d1f113e2ea3b62fd88256749b89cb3afe4f462bf89e	b2627dc72968864c140a878467f1d3856961fb884689703cdc601d5fb0db45f6	84aa5e1dc08fa1265a7fb838474130bdea4f4df49ce9daf1b411bbd1d0ae9aee	f4a0412932ba41c3a319690d4533deb34b274989282f11f9ee28125aef4e1f24
1594	904f7660dd12d52a38592c9f4509c4684bc267e09e8aa82b691fb046ba62a616	133a13cc28794c87842296b11d5a96551e90432b7ff54ed76ca9e3ca8b3c64d5	ddfc4d201f888b6332ab9e3e7f8904ca12172d9a809260b47e37f2d35a15063b	e213528cc3f1aba2d64c81f9b31af5ed528d3968c69459bc31bfeed7974975e0	cdcd07535b206da92be824d288ac48135deac9633209e1ab0c1d83bd4c7483c4	51b57498904f59733c420db97a4dae0c41bbc92acaf2f1a7a6a77885025d87a4
1595	4f10ac2024a985e910e208e4c614c80fcf7f3154dd4f06c695ff5a7208ec50d9	7596c521ffc463c192757e0eea016222e89de27728331ab403c70c4eac03920a	e234843c1fb132ce370da84d946a8fb5540dd01d1b0a65436e374bb8c3263085	e28af3fcbee8b149a2a91e524e22ccd8421447a1c9582988f39b8481cc442c81	3bc4634a074d6fd293ec0b7704b28ea8a1b96c770d7c7ab745604e98a484597d	e4d16c8e93658599b1a8fa69f37a7214135f812ff50d5bdbf97f8a5154f4b04d
1596	3c4a9de0973cd940b284c139e81691445428d03ba87718d5fb738d70704a41d1	7a9602173d85df3f4bd62fa15854c58b0757599334f773efb7d016a786861c0a	ef044c7d0bcda31ccaff4e0e6aea91ac9d1e3f0caa284bbfe06f7fa0b9dea331	7361b5c4acf94a9e60d19ae33985040c242c0f23823d9f9dae57aac82095af2c	66b4f83b37911ccc76066fdfe9d5272b9b4e7ba1abd0008ecfcb89fdbb6e3870	fa0eb0303ac8f4d74dbc39b9e3bff7ff0c76ab340288cdf49fdcf014f54c5f49
1597	e3cd8f71eee51406f977c5a3b5fb2135cf69c8b823977f63ed153874ee49ab23	8dba570cfafd26dec53d99da9ff136ff33fd5e877a71141b36d75e6ddde30c4f	703f8128d78b77756fa704e55248395b1f832af1deebb90b4810c34358ff884b	6726f34e958841e50ec2f98e114f9f3d8aa2600a109221132758d70a4f207e28	dfaeb7493e95b8b45b70776017af0d56351f3ab5e5534e8437973939852c16c8	7d62ad01f805afc0f9566e83c9f4c333db31e0ae59e4a3d304b396f2e6becb22
1598	ecba854c718e40d9775aa94a8c3469013412eecd194d205fdfe28a2bbbd1ac6a	d718e514e170b06fd0536bb1f224b908a24912e7bf9a79988952b69ee4e527bd	4aca378cc4cf5e04aa4e6f8c53dfc5fbe2d3c2f2ed9c1b39dc438da152f89885	44bdf71f02ee206ee916acf2a7b314dbd2374e6bfd2effecf8290aec9451b756	719bc08796c0884cff0d253d165be9d524d5d5002d4e9337f02532336e4fbf84	61c62d24ae2790b1405e8824070fcf2cd3d441fd645350d0543fe73645850b6a
1599	6b965d9e8ce4bdf409f3972a0ffb4c9c409f446ae6866bf4471066af8ae9f4d8	d33436c3755387928e24723cadf37e60d00179aa981de8353b5625a3bf307fae	723a6c7efa7053ab70fc9574ecbe16ab7563a8052a96c12b8b6ed4dfa1c9b228	437eab23b62ad4bf0ddf2b2a0b788789387be4463b978f2856c06d6326f5529c	2577b97aa8d1732cc424e1fa4921a332f0612ce5758d859b9515f24d10adea5b	eee266c44d11ec079c72d02db86aa639227d5000ea0454f06a266085c793178b
1600	dd1320bf8441be8cfe721585c3ef9273386f6cfbfe7d66b06629ff6e13d1af48	98d663bd3ed8ead7e2a211434c897c68042d492b085cce17d796d24830d60824	dff554a52a261ce28e878cb56b594690f752b2fbf0c96234ca43809e68355606	c0eda3a4180b3932fb46ee483b07e72d521d9c22778a3e91e1fab7de09fe2222	c993d7d24a4ada229074baf0c6910301e19497c55ba8c42e3816da47869193d5	b06f5ec0a632b8b267281ae10d342a8f8e22bed885d741d9831ed7507825b473
1601	d80a999008d4e804c89ef781849c58edaa9ac537afb965e77a99110dd37e4b72	091fd478fc7a4cc13649b8741e53a637000db851d690cf8c67ff74bf3dfb7b75	82c6dbf547bc2766831d8c4212d449275c6aba7bbb50d7c1800a91d09b3e9611	68c7125bd2e835cf1e624d1f4516960bf47333827aedbfb93aa3b60c0ff74d89	3f26dd58a04e11e91a6c725013a6433b7d2230d3836d609e2bc29f618c33c729	d2ee8573abfdb26b152b0caf2cccfb8999fdb66841f0e3416cbe0a3be0b39d72
1602	53b6457b920664f797c2a8c7e90c3f82e27660f650b3581e45cd1155ac02f741	be384c0690ae5d869ce5432317763db205bd6c12bda26568f67e1811f62be100	4a617201761b35ac18f9acb42ed61a48f539927ad02cd43b7648f341fac95166	3b259a02ec751cb02012b034b5f0ff3719fb13e960db349ae7fb909105bc90fe	e36a95757ace1a1eaa1ef95b95a5592fdcdf2135fc74063f6e074326be69db9a	4de791bbe549bd9039f43fe2daa73d1976e31606f46d3bd687ebd13d54f658d1
1603	47962eb62bb727c7f7b5782cd2d2b6a9107de21510ee39956ef86f888ecdd588	75f04ba410c27d127ca093f26bd2d7cf35a57d656ed0801b5cc7cfd47e3cf429	2b08dc49604794a9579ee4710810bcbc341613a41577536a002683e0fb0e9a69	9691d79b6fe29b36b649112b9ba40c24928383a51f0f19f9640b70bb58731590	5b2a881c883fd978dc9af0439931d8ed134834912d76cedc24f539a6ebac440a	d923950d2b505805145d9d475b8e31c1030c5e369855021ba2386b3781ee305a
1604	74dc015836092968758a0a6628df7e0fdbd41db8fd3564701d7375a9670ef7d9	f3108588f663a96f6fb197052403e5fd4a30782b77b5931b000bbbe727e5ad4f	0cf731e2d5e55a980b99e6c3754bf5feaa3a2c19e46959f474ae6b6f26bf5603	2b715a908b8d499b46bb25b2545499347f81b80012a47d38fc27588e972fc6e7	259bcebab283a21d7fe88002d62d8425dfe3ecdb3456198b5b111367113f82f6	7a475edf61a10b574d6b43f1499b58757c25142030fa9e65d852e286e9ec0854
1605	fba19c85f9c32e9721561c1cbea7eebfba2c609a84408678f99ccc0dd6c1fee1	1bbf40c500b3bb7596af7f770d9be1a58b7610ed7828be22973dbba55d00917d	47c6c68dab5c530bdbcbcd6ffa192dd77a0eef0ad4e2443c511b29c77019a1ad	40dd9d94e07848d94787cd3f3ab8ecad733d65cdba04ac560884cf9afb7e8934	b9537315462286c268bcff25280594f6cd6e34fde86fe08d801f4ec1cdf5d54a	e72b5cf29d5db4114011860e06bf851f8f73f215b7058fec8ae4dd62f0e68217
1606	fef7b7de808bbce5f36172d6ca51615adacb79540501627bed6b37dad1ded064	8e0a7eca1c13fed1f0b6da109a192b972124349e8eaaac681136cb621d298e73	fe5f223587037de3aa0f392a9f7556ef62512be73f870cdca1d9caf3c0f5290a	01b76f91f54de194f1f4de87b7aaef73e31e5849dbabce02a389de599628593c	3c281c97eb87a10c5835fe9febbc0634bdd3a5c5017e6b5905bedf60a926c1da	70e9143503368cece82d138db263ea368d8e1b41e62261291abdaf33078c7e45
1607	7dc52bea48c9d4c2895566a5585beae474e4d0836ceaa9d894a6ff698c05699f	5a5268d8c5dc19846704e37b1371c87e528d7e7d122939c97ac9690c550cf1a2	ad0ed36099393beacde6950472c314d9326b91594adc7828d0092a12d7299a38	99c73c61d3c46f5ec557c22de22b4fd82b234efac6094e853a29892a6be5b602	0a1a97446cf8f947615d7ca31c707f14c0d1522da6c303f378fbe4cf6dc269d3	9551087cef78b214962c4d872a6571e3d7197fb3c43a8c34575f68ab9e835851
1608	401e22f2979399189244e44eb78690c4b68122db2584390954aa8e8a7bd7b6e0	fc08145b9b8cb698b1bde722f64c4a6aa3d722e4d40fea70e14c8d28313f81fe	31a5bf6caf8cd3fbdb1a366db1f98ee14cc10877e9b96c5cbe39a75464270a48	d88a9b0ef4f30f1810b832f6416c0a0bd87d1a376e57032ff667e1d14ccb1125	00ab1428d2c8892391b7354d6298c2065c0604bf387f7b0cace78c1abe41c9f6	25dab4f35b21bd40fa8d8e9f24dc75fa5d1e0d12760472857a9f568044ec0537
1609	ab84896992e39a59ede27727fae8685245cbde8889e83402beb5f926b43dd3dc	6e474710ee0c0408c429f964fe3dbe6621f0552995bd3a6414e3ddfe2e551e3d	7d52f85bea06fe810a72484ec372cdf2f43162c7ae04ed459e59ffb5a18a1054	079a80ec8055a7830dc78ef48001c741bfeda993c4a88bd6aea6eef3c615d962	aabd717b472af06958105a87d35f77c275ce43527486e186f23766ea5f9ca5dd	3a2068456c1faeab00b5b486c1684454bc9bcdea69e69a04e4ced5591f651ac6
1610	eacdf6937b58e8657f1e27623f662c8e79274fd4982e3e404243771ae2cc8891	d38aeb6f5065d6bb3178007b59ca82551ad5dbd0970a7fbf1b32066945d2ae62	65d2832986c78b19eef6eaebf27e6ef41df2d53f87dc85549c7c05aa7df118d6	6d6b15da7793d8d691318e7024b7b7633722f6ba3294d0cebd29511404224ab9	2fa6da945e8da783cb60ecd07adcd2fb50baaa1b7dfa3c4c6de56681e2aed503	a52863dd997283496cc9f473cdf4c0f41513391bd9e42db37cd7fec5bb717eaa
1611	7c24a0c576ee335882d2cc19850cb96eb7c501e5780743a2ef979614a99fb3ae	ea9e191bee20650b9ea5ff1bc7eabb169afca67a86ac959c867fd0fd42bb0711	24ff7c7d2ed48d9fff0319db8d92800b22557045c5ea4dcd7ae29bdef37ba9c8	5beae6087587b7eded00196661644e7e8ee4e81f1fd4010ef1bfb38966c80e23	ce51ec51cbd7fb2384adb6dbb08db1e4a9a702a90aaabed8e4001a1fadbd091b	9f32fe003f03a4a103125c479481c307645552966e708a15f05b64d94621d60e
1612	3548fb1c629fbec419de4ffa455d52bf4db0936dc648579eb92adbbb5d5afa8d	045f7672d7ab54fca28033dff6ca4371d118ab76b843b3e8666112ab028c8f2a	ddb1c3600ca1930cb6c2f3284c55804cb5341a6e1283ca1a77c87738419afad8	818d1913a640be0f35c17b151772c3fd81223ba13bbbb2f6090901c3960b56c9	7fc07ea10cc9d8adf01eae909ce3bf71cbc9e55f0e8b1afa4cae32702e2d4758	3dc6e794427f1668d949bec824882ab6b3a23b61136e6d547df63a3db1dd527b
1613	10411785530ca975916f1aa274a7773927bf094e7c05ab938298f39a753631a9	17169a5efe490f1134579b9f14597daae2e3f52ccdb93a446d215dd9891505a5	0cea8c6b4431a7f04b353f421c6c103baed0535aa5bf205143fcf2437c53e5bf	c8e8b07fab873cb1788971c36d4c4a19eca7e69f3db693530b3a64a7b31587ec	dfc4f84dd59e01efcfe55493f51d73a128936a322d19d2ace277c428b7552114	0a6eb6a4267c91f04c466b0faa0d2f73ff773ff0b8c109aafb173a2a4529ff89
1614	5dfb0f503bf43a0cdb956cfacccfd605161475292f46afca5bf7485ec21886a4	0f8f30927f5109de4e01db04cb6fd40289f423432865c7f51f2f42056b83cfb1	587db414ca9fee4a42bf64f8501cdefaf03961b786a340703d16ab25e595910a	34d633e4c29f080ac219480c00adb12095286214d9eae3813cbd0fee71804384	1baa8783d8aedc89008b6042fa01e1a60d37edde666234ada9598cd5774c9bb4	f05050a104e5bd4c9b4cf2e2d41c5ebd507e81df638d37ab07a1711bf2f211f2
1615	9ce2061c999aed4baaf055c49a3d8f9472c97f7b95048d6efac74a2acf4dd784	7bd49da5dedfb2bf9228d46e32ea95790a10915feab214b1d00a0d5f2adc849d	2962fa4fc4acc3cf10e5547f428073be909f63fcfe9acc26ba562f1a8d483229	f275df0e313199db713c54102a6eae95181f506bdbe6be52d25b08aeb8f78683	88cc260548e9cbceedee3d650c14c99857c4f017e8315ab78423139415795533	93f45144a9ee8bf70168cf5b031787b154491f1b5e1de7fa37c80e9f72633969
1616	cfd7d0a817193d27fc522c5deb7efff49371539e4d8653dfff88a799a2cefcac	b64dc3f7b4ce857b49d1485a0fd31e342afe231428799fd66aebc3a265d034bf	1a74eb1bf9530848285fcef45cdc5422761f77b1c568cb2c191287cf7f2b3c42	06f03d37ff4c3fa7894d520f0f41435514f8a2d22a247209a61bab45d09d21d8	71ac0019f2168fbe1d68faab2f9d46573faca4bd7fb436c8d4612a5f8034753d	ae83abf95482e50d6774b66e0b261a33daf5cae8365e3f114484a180096b1ba1
1617	ceacb05eba76476141ed51c5f1f55eb67f17690fd2403e4f4117a41a2e66d930	8cd0586c706973b896b51567a744077fa78d5f2ab376a7115cd8420214504534	150a967b72d5a5da2f9b3c65c21ec68190addacad20a0d2c63ba46a56da6716d	ef6a98d83b65dab579a43dec82adc0684a02f41428a11de098627905f229cbc7	911646dc2e4ff68978520101fea2862769847a23e2764da4b58ee0b9b115be03	03fdf374951130f734a6c3ed3199360f2c04ae7b332f8a67992e376a4c217caf
1618	edc7bc3ce8cd03ded79bcc5f8470914d5376433b540f81ec98b68c6d9c70af68	efece7a94971831b923b09c02b39b3e54417ff0e441918dcd58fe21fd6ad8c50	7cf5e287239709eab3c18192a629f8521a0f03e59acf0997628d40815c8aca56	76e087948e8e42f797e53d8d0fc247334351a5a88071a46d7faf60ebdc8173b2	814d27787ad41d1949ab50ea186362491b75e2db8ae4d1b539379ed3b3cb3aac	de6b683611cd8e84d4fd33c6400c75f0281b90a83ce0c5f8ce21beec558fe9c2
1619	81a71181a4e407d0cfe8eec91e966ac01b085e5d6d4677cf9f238353497ecb1e	fb443bbee461d4d92bd80ea5d29cf8f22515120cf74751ed72f098480e4e8465	b3e889b40aaac823547ea4c17c77c0d61381db0c53e75b72cc6cf165b6dedf05	100f78fe3ef9d04b9e4f2717ef223267f807e312bb7bbedb076bd4571c5eeed7	813df8f9824c059679ce3a19ff8b2e1b4a47517733eac1614617da5db0b89781	58b2a2eedb274639632b226acbb76a19ea486401501042a81b1d9bbd361a0e47
1620	c2c3a3183c42492c366dd27604d33a0e4fb5e27d4f42551c32048ffbf5d49ef6	d34ea5b39667b3c5144cfc68055bd575867e2d86c6986c3002a84de7faef1149	f8748b873b940da7e210cdb260b52ffc1a4f21b4fa663b9d7ebb86c7f54c4719	a638b1054bb82be9ec748c01904dbeec01a13a6f79c23c592c3c1a7d874b638c	a4882e008382db91dc58e52bfe66bf170873725b4005be14367330cb16489424	8ed4e48155baad1b9035d80999aff86a89e90b5ecede5e130cf85a9c7f787188
1621	50a9946956b740597a51c10870df384a912ba453806fac77de1bf5352a91902f	7bc83f481a6681737ed886443c842038a6e6c413d44d597626b0ca9b33fafff0	795b07ee668b53acf53bfac9994f59e64c14ac7604d15960d5a1e517a0a40bed	08fe0b4d01bba996508128b053e85fe361b56466cc6c9830e22ae7fbb6d36093	a2af2d7adf3e341b12bff5467ccd7c57e3d7cc0f947e58ea100e7f5e3e332523	bc1c090aff9f78a379529d162167b8e62ac1a203c01f80cbce8c8dad3e2193d2
1622	e46b193aade5d328758a71f171a868874d3f5dcb41aa6f69e98d4d3527070738	68e37d7520151dfa16e9c3ad8cbe46b3599dbfd9f504ffc502e9c317a0ede827	4f818433443d437274762dba890ab1133437213c8ece59001073e27d75fb080b	c1175e3de3cd3a1e259e01b67e78f6333fd759048b72d6a737b9c1bb1616501a	ddc272863fd4336cfc12cbc392f57a50b660e9c13c430ea7db1b9d4a310519f7	2fd436f101ef4c6050cdf5abb830ce6d12eecd8e0886c287e5dd92090ca0ad98
1623	2d0646089d96648ee53bdd6676a4120739e87321e3829974d0b4aef37d27b7b7	d50412e8d50d66694b138190d4edb012da2f258002dbe30ebf4c4feaf21e1645	f11ab8cf6eb6d3e0fafed3b6f684b7d465bea09f5c3cc98642f0bc4009aa8aaf	52a1c646e9a698a12925bf96b66e1ad122351f98c4ce44aeb3ee0d000840597d	194b490a641fdbd6ab1e8e7682e138ae8cb0c9bd29fae6494f300efe72365560	56d16b9995c37418620db2494f4415f42a0f05c797c38a8d5da9f66252f38ef5
1624	480e10adee7f137553752b041db6797a5dab2ebae96e99cc8742ddda38529651	2abe2ca711e21c0302ff1161c906dbaaa4a8468d94a8c46d20667b12246bb41f	3e0f5d3e9b8632ec72f06d4b7b1627e0b48ef390dbf0f84e0ec2342e576b5c26	c1b457dfadf1835a4a21e6c8265fe6a343632c630ffe2a2dedcbd31ddf2e8edf	0cc958df487949ba01ee5b7345ad9480369bfd4d7c800c7880a198fd31aaef18	19f30be9f820307ecbf45e5c023f0093ab93ca0d63b965ffa955c34831d280c8
1625	c626b87764ee8a47ac5f62d139cd60e22023d09b403e11934db50306687c6c48	0c88a8e21f1cc73942a4b49fff0061bb3c8e40a38b9bd9c53a20b1a9a230f3b6	cf25b0933d6e3121a5d5fa872bddae42b0a289351cbf65568b039bb630ea9c7e	d0642a2fcf6b6b7f7e569089f36c41d66c4a31712460ebc9ec30741be1e896e5	eee93fa18673adf8f507642156dc20d0769912c048caa1f6771f5a5323adc648	8c335d0df3879f1df76eff95ec266e7d0d766d5196661593cd26045bcfbfe8e8
1626	9f91e30b391c8b4b9c6fac4ba6716929e0e098256b959e7824fbd03163d08a49	922cb866cff86c5a6ac209942251142c53c668c9c9228111c4dfd9a4bca0f002	88cb2b29efc6cb2b0acb1c8e711a97f924d945daaa996ec4413cc0e119f735a3	245dd18545dd7f77a869959c295cddeb09cdadc08dfb0994f3786dc1bbaae23e	ed43538a2626c90f2267ba4190179b417839e7c2a9c1f1b80b1520c607fb6f8f	5ba6cc7e885e40a7caa896267b5b8afc32f5eb17bf82968a32f9c7da5a5b4129
1627	b2c35706acab49cf95203bc627b3f19059ac8ee3cb8ea4836f657f1d04ee8345	8e39a1e81fe72db509f98e22b6d17242400378df489c4702b19a76e440f98617	f7b5c61084704ce04ba2d3234b4b431461a50b13632967fd9b943a4431d6a586	f37abbe0d12b1661079b994b10d281a56badf1441c7ed3ebaf27301101c6774e	21681700b06f3a025586de387721dc530dbb339d37209ab9ab584721781c480e	17d307beef650e83eee25c38dfc3023fde7e8473181472b81a2a421c7d838d9f
1628	17b17160e1f2fb53c5cae20d9fe35f9797e5d726f190ccabfa48fe1925985f8c	99a78ff5613fa7b276f160b5b7392418e9b17a033d2c71c0a8bd7b8b2918a043	16aa6981d33bd305c4100d3964e53998b1ca818b4da1ae2854e1d8a961ab98dc	99c6dc87edb2982b8edef7395e30a0c9ffc60b64475eaaf207fd53cdf24177f1	7f5cd1a2aebd3e729f6018c6c28443549908701d99ea5a0b57b6281291269cf2	1554e03e3ac4eab6cda37ae28d68edbbbb1e250c007587efe6053f6b41413db2
1629	1303d1f0fe39fca7399fef714a73177438a15e58dc594f2aa7a543953d931d8f	c9c65f2e850a74d20de59fe3fc110c70ac193b92d19a877edc2a4ef47d5d4f4d	036d226ab9400562e5f71a79d1db6eba76ad54be26d429d7f478bfef91e7203d	5fd98ba201971aead01322ee831faca1489a336a72eb7edba1cf243435caf21b	bf95038df34c26a3f3dd8f95507e5cefaec9b4e6fd129a4db86130defa9ec4a5	b6c7355d67e05ed1713b0f30af2b76edc03668d657ddd9d43098808fba660876
1630	7ff0806af8dc782f6bbc97b5f465d40be4867f092115174cef2330b64a11a9e7	47c0b6e7e9344ec86d999379d213fafa1280d8d31ae258be5fbba291112e9098	da22d8d366ea3ede53da3173e12ebce546b3cc1ba9e767f688def4db27b2b1cb	954261a6b8110e9d4c88dac9b18482c0abfef7cc4cae8cabfa0c729a26adc2ce	a590845b2c6fc0f0039665670e65bf433a1407368bc98dba5cedea48c1ed4ee2	507d234c232804f6a4391e89f435b2ca8e3996eb172d9262ad3d93ef72291617
1631	672e2ceb15d9fb9c51bebaf71104178eb1588ad71bdf2cdda01f433fe2cf1c48	e1811c597f7fcc69e19aca5ea4d4e5ed1a1e473aa093b35d6ee4dd48d8a0735b	d28f3d7b106b942d8a62caffdc60dff2e970bf5801217421fd7daf94413af044	adab35d58dab70adbdb58dd0b106e7d4c06df4caf96fa80a1bb4979aff69a7e3	7a32727399695856f624c8ead5cefc2d61fe773128fcad6c31c8129ac993b559	1ba8805d584fbeb116170f394c4284d8fd64125a96d67567ea7cb5fe74397e02
1632	40ea3b256a1d309107b64151395a7ebb10985f9c7ec340893997224d2dc304d7	989c3fe6966ffc1d65975c7fb5ce3950130a191b95b21ff875451edf004409e1	b07882fc309e42fae6d1f0b1931272e1e63523bbbec3c3485a68170acdb98f1a	e9bb4f28950d2c4a2ff6f410b9399555d5bedf65ea9d15a76ee879e6288cc44f	66ed1d3b6a2ccda50bfac723249a327630a7de8526e6e44ffa59473f5d468da6	0abc04b98d46dbaf26f8365082b99272b2f9c47fbe06bb9b37b1afe857b9e1d3
1633	c1e4c5a5a192ad642c3895726ea42dda5b7ef92aa49750069690e3cf79d48349	c541d1d8e70b8f0f56521fd3a1bd970aa830ad74fde5f92afc50f755b2c7f87a	b19d2122442bcde79b635865f77f7b562803fb809632f3bcd1872ae2bed77568	8d5154e8b169b70e91f0801181b1a1fb0a34fa64ec1f5527b438920f97402e28	06500d6e48e82fa4c3cd2d91d12cd90f534741fea2b4efac09313fc9ddb65ef1	d2572d5dc25e9638f44ccd9ebb579a6b6e249b94245647f2c9e830597daafc5e
1634	6bed31718a38ed5fa2a8587d0536c191fa6b27b3f89d432df67699b25eaedb19	e7a7fbfd48d09117c20bb5e0aee7abb1d2c5afb5f57963d8abf08a03f08eeafa	f4f6419b41e9c33cf4ca5a322b3c47b519bcc50f970850fd074143fc7b4a9611	154ec3352f0599948acf49a787c6b90e4ec97682e1d3b34484a0ac33664dc8aa	65dc52b3ebb278caee0478454280829ed181dc4a34283ca754b01e8792e42631	f222d3327fe9ae51d1a4e232864583b14f303a35c7dce0acee99e06d0479b3c9
1635	c5b2da9d9bbf9ae76aa26d0fac9152b3845024ae04739d7407969d388fcbd283	dc6897ffb39d5f83b7e7f94bcdd8a5e723ef14ee61e8e0f374f26d577e1690dd	06cb3eab75fdb832d98fe3df7b30c6aed70d802a4c1313f5e8c2d2180fe537bc	dfa62532b534d2062f649b7473a4397afb41c16e56bfef0bda071c93ddd4bc90	2137ffcabce175431a9f465b688a45a8d01763ef2d7bd3d7a8551bb223bc9eb7	e91ec2a1d1e00139bec064cec1fb7d86a78642e92ed20af551010591567e58bf
1636	4d5d075b36b7d76ed6f931e872b3a8e2c2aa1c02abcb6b013ac3f5e827ac6a00	50342221cdf1539a0c4678f5a6d7324179dd7f7da3254f8282543e5624c61091	c955404b47091bb393e20c30f6c1dcfb08615dfc5816e236dc22409b9917eed5	e2b8a4eb061e4fd9e28ee46d56892a2ffd365d0abe4ca0e17a6d7c9710fd3d4e	7c4198954396e4fd2321f19aa1fdc79c349bafaec8916d76a93bc79dee878c4c	17ac2d884223a659c51dd745735a2562833688e148b2caecd0cb58a9d7094762
1637	294ba4d21c813636eccb463cd1d957394690c74c183f0a895155805557c071dc	862f1140fd2b0e815fa3463921c342622108123aa726e51daa8c30d86037a074	db4dd8827bd1993bc159d21e6c8c514bcae80f53a7c2615b8b48451b32d62dc9	947f7c4ae770f58f1ff56e7c6cb3fbbcd69bdcdd8e9b6cbadb1b801f220cfe45	ea0f806d413bd2623a9be5e2e70d8cdc7a07aa0f15ae945d7c156981cb13fb3c	dd07adab16ec75cd1bf1525d21c091e15a14d2354acd2895c25d4d79968a9d25
1638	3026955b50e1df614482e91faa965d8a6c0968ec4ebeb1544dba62875e505b87	8b67c550b9a9662f42175483d8ca1a917f71a86b0e9f807755ede7480f746ab3	0e9933a0f2e30c87eef3a505205760a7afcf764fad429f9511098da4d7031b0b	91507f60ae08f4d58369046511f595b3cb5d29b2080ac152cfec910f84b6ff46	22a074b7944e0317d1a2368c965106ad69438419c5e75537aacc77a97ccaccb7	2a07fee15178a9e6f991a295a33fc31f21c4db0e6ffcd2e33e5d80ee6920e7ed
1639	aa9735d69d269ae48e62fb7f0632a7cb63d7167a3a643d2e287d37636580392c	69864d4b24b5311b46cb88c3aa6e9d3ffef168874c0f97b5b8b3e7d16f0a26b0	42a194f2cd06dc197593d7cce7a4ad944dad083245004697dbfcb45d73aba0f9	0fb3439d9ae34629e8944e12d45d9f28281258cb6827342b2602df3c9b60fe07	ffc97b6d449213c68d85378b110e486b5fd8748d9df06a5cfd2a6ee389c0da85	6c702ac1f6e1d10850b1caab0d84ecc36c0dc236877f27557c8a27995c5b95dc
1640	cf9f67f2cbc2ad8a18235d282fa89a00ad89c9c9a706b177de54979620aa6577	bb80965d2355b704403f8d4087af87c6e600253cf80e4ad48d0b892f7aabe6e7	a9f995098c9bf18938a4412c22d9f21f93a493f5a3d87af6d319951efde1a395	2c7e2e7e9aa2827fc5e14d1cb52d2ff79c184170413451246bba97e0646e8ae2	5aeb6666c56e5433d897da3a0b8fb1bfddd5179e882dd9dff197b63f51ba7a5e	86e188eede7b7057d9a69fc2bc46568836fd5616024fda002fce09927bc23caf
1641	b90cd4ffe206e129f991f8ac1f5e7761def5cd826f83f1d02419cd8087154efa	a371b6472794fe77ff138627e7efb5a16ceca5746d114eee0429b186387ed8f6	85a8935bff29bf87872e4532260b3963e6dc7466a6000529e08c3261379da8c8	bf5a0a5571dd39e20ba84d34d774d1bae2fddcc34bf61bf5d0eaa09109a3484e	5700f7d7791c3c41e5c14927b6acc348d8ace740402512ea7e6f4879f4fe20c4	2f0b0e81abdc776baecbab458f56cd378580b017a985f4e54aa2cec756c2657d
1642	ef13cfa32e3480c9f6a1ca3c32a37d70a30d7400b00af1203561f98d081aeeb2	db213149037f5e73d72a9407500a99690579890b54fb94189e26d1a41fdbcef0	22dd83537f99fda4468ce182e555dcee1e947e6588a3b9a369164367c3568613	f20cb2a466521d09bbbb0df301b3a7e169ed8f63367729cea579f52e759c25ef	1b6443edb4f2654321b57436beeefa653d35f3bb387bdbd45b42676a21bb028d	11a82c8edc9ae783f8d074ea13f17139c0de96fb3312a1d90bd45dbff8b82111
1643	972561ec1d8db8df6e7455e4b19478f8ab6a652d10b9ed7ce986ed509a08c319	aa1dfb5982525c3cf27d96448e064c50ba6513c437eef736082a908aafc2cf25	fe9b20a367829797016d69bf741af2ae1c09e133a30b008f71f9d64a83d40a85	25d13e539dfe79034acc3d34e9bc4c219478198cf848886f0dd6620fc54b6075	6568dc37ab4ab7696a7735a7b54cef3fc5dfead5a24cbf1c5cab147606f382f8	46191d5a7e3e76ec7c3c8d287d25695647d1ff729e80603432ba74b8a89ae24d
1644	e535cc9b8abfacb1a6352872c5d24fdd26d0c31d6760354fcce5d8a245cce5cd	f743951014ea93dad124fe4f8ae53dafbac2c623f038521cda2b1a3bc8a5a438	bee67030c3bb5011c55cc859641113196a09e0688bfe9fc8a4af9db178bd7e4b	78290386f1878fb523afa9592a7282774905fbc4eb573d74ed1a8f2e19c7eae2	d0d653ce8579f2e5391e9a56da3a82cea0c2a973d157ce21529c0427ed77cad9	0bc1666fc227dd3eef8ded75fb86d86f0a6fbc552be9a76fd81547cd63bed53b
1645	eb736490ee76f149c586729af9ab6f6ae46e09d9f931fcff46764db025034f29	14da142ebcd89a8ac3ddcfe06d1dde4ed8e591830a31a833d54cca5e643ecb55	3844aa9f7204c7bacba4b305bf1ceaa207b882fedabd659023c5feaba7be62c4	9c5a8421bcc429e29a4d8c7dab7689bc246dd0e53f3d308b5d98b5f64588122b	8c5a7d58932f6f29af0afe9d6524426d8b7f07bed59f1c4428349faf93b02a55	b5a02a23f80546b2e2ea4f1bbccd2ae2404f699a60320a2f86ec3d12f364ec07
1646	79cb99c49e029230c7e0d3efe40cee6e09d18ae903fbf3e265d304cea1ee4250	a58799cadaf1eb89ab6aec5dc9b399b61d9176c876ae0fcc5c63f999cb3583e8	8abdf82c7bc4d4767fba4fdc4802985f6a0f5c3d1fac58b47992483ef985ec6e	d84cd68d5ce1448f9aa3ec03ad5541eeabc538e4702ccf18b6096c81fdaf19ac	5bb5f666b053ae41d01f0fa3ca6e39c92b8e6e0c8b76d53be03b861b1069e095	59e5fbffbf8d3a07b764e77ebbe2d4b19b48a2e3bf2669ca0d9ff13d46b0a22a
1647	0f51ac27e2dca3a37e6c3bce9ffe5e95df075bd6e003a46ebcd8e8e12e53e692	bfb89033892099a5553b98baaa42344f1a5c0f7fa61bc6b9c67d480022912ef9	19120151462372197d4e9f0b4f9539424dbbc4147d59a307e67b32d1f3758bfa	cee1b735f11147609191a21966040efebc033c60bf612737455c2cf9a5229004	58485e2ed0b5e8fa458da9f36c0eb478721a8c85b49418bfb1535a52af765fc7	b41d40effbc9134b7993148e98e039be16b7344924d98f746d17d3b85593c79d
1648	d2f91971cf7fc69bfb56f0468db15702010ef5f274cee64d2edc3d97658c782c	2eaa56f0717f53c856d570589b45b71aa45a66ac6ee0cdd8d64c3ff1a24c1ad9	243b26b1499f91aa6f3844f2c1c0af885c1aadb0c685ba684f9d421554f0f981	05c4960206269932ff94f84a12527bc717ad397673333412e36545de65eaf715	b484b449aec587ffb97b5b0a9c3ff51299677f6fbfac6493c955c02cd836bc17	637efb8ac7e859f191d06f78076f13880caa847ab292e6729a3ed073972b1d07
1649	391d763f98e2461bfb4448da9185ba3a536cb54176a3b8d7640dd4c07699c932	0d4d5d6c2333233b2c782f12a7dd7a2e1dc1cf11cf92f7ddd0b3ae3813e1aadf	854c3d5b5a89a71e170772bfc210427f85961bb217d0423f1f073908b7cccb9d	cffc7d7bb11bccf66382058cc95ddc8ce3782ad3fb4e4f4d617c26d81388ab18	33e202e5b5d4232e7224bc6a0a88b5e941db3306c965c1d43cc388e3ebb171ca	fb799bc093cd9072aaadc881b758826d67ccf6690d925a92abdc6081e1236c09
1650	6c7b1cd1ff252b915b22e5c3550f2d3a6e494b860754dbc401d5fdc51bf0f316	249b2c67d9e232ec256c4a5dbdddce7fce87efbc243ff27253bfca3f292b9bd3	bde03c20c8a12afc9828a3171efefe8329aca453364635642bd23189e2b4f47c	8f7df652c4a4b3b9e3ddb611d0230ad737d11a7fa2a55fa23dfc563f7cf68ee2	aeff5a48791b295bfb874333c133fb1f81715f956a93c957695084287e2ee02b	555c535a2aff1c846302239249fbfb4a81dcb75fdf2d77298d86c3462da62a95
1651	5f0ebf934c3566fc342b3824efa35db367939425ebd7d75cd33f1bed50667083	1c7c763fd8d67e39e30297e02c9481d624f9c4c25f17f49dfb75c706aa02577d	3b59f4756972561fbeb5613b70bdf3a392526785f9eec1e9146406c63cd31134	2d07175a471bc051b838157790346ce4971a8a8530e80be4aaec96edd336197a	2f9d74fca8c049d54306d1d831b98b7954a60a8c121dfa2146fa11884de4de45	7051e3e2cb622a06b14dcfd9edb5a9388cd16b4f818657128151a5d1d074dd5d
1652	82c8883ba3edea5ecc15fe0b3335fb61e8abeb3ca1426661cbfec7ab17aa7381	9058b51320e7682a2fd2c9cd462e72966fce3884450df86ad8d91a4697644adf	afce0b3a9f2759d5da33d70b3df537dfc7c245ca928342d4aa5ddfed899cf41f	9fae52a351cd45d7c27a52e7c0b0444733b56183e1d6f19b796e09e1a7100751	2dade8a96733822726d9b9242c785b4f6d7aa37e185c33f86a698675e5f61ea6	4a40293564f6eb6c16e710b637604a0b74e8e7dea1b3faf7891432c9d411008c
1653	32bfd215dfe644633218353dac4dc176d09752e0debaf6269287f8afee388a47	793303231a8450617f40d1564e8a667638d5b4a8c3a1590ee6e93c856aa08c30	86d7405ec3a2a83958ef90a0864704c5e05e4ea9009e202c077f15c4f17f5ddd	7e830ae575e3ab6deccb7e7ab836c8e6ecda2e48b745af196bd6bab056b93d0e	89be1fb4248db69e7b41db297f0d72ea356e431779364a7b7c600fc852b62fe7	24499bdae8cf346863747edee089ac43db2f66ddb1ba9ade790308c7435e7c0b
1654	9edd218693bc881a483dfe932d73bbf5f6ab53a28c5ae159c85623830055d7a8	f83bb1855b27348dff21f59e8799559a47e50e420563e67763a5b68927c88c1c	f75863b6b90fa83524764ebf2be44b3ed88712bf1db7e9f5ff6c0e61633cd1df	5dc5440df79b708d15131930ebcd5cc140d7818acff2260c4533e604c56b3cdc	15e1370bdf908b21bc739bd61c7ee9e8f3aba4f309e482f52d5407d391c357d1	53adca662a83a57eb79ea2f0e06fe645a80035da1bcded50a92f3d9ba542dcf5
1655	24cabdbd7d1ddc3dc9bde6ae0e88cacf70faf74a6acbf2c10b1610b17daf00ba	b11c85203e8bca7c2aada4de7bb3c5d5261f3f92f651ee06aa7b1dbfedd35011	e49bf7c7c07fa138264cfb0589600b4bc26916dfcf3288d8abcfb3980aa655bb	afb8dbe7de9ee7b9f01836d7a9df3e89c636a3ad2dddd91c2977213e73269220	15c50ca92b9453b4bf0ad25f384c403df405cc7fdafcaf438bf02442e7723d1a	d4f9b76c01c66eb73cedb920e3f05b940ed4be7ff5f41b9c205791b1ed289d90
1656	6eeb91d246a440b4016dc1535ce2d69a8d1ea6271cbd888cc4bf334506f0e46f	c606af1dcadca744edd7815a8de36ed5c428c64cad8461985728f8e426320523	29e2a7e096ecf07e252e6b0b007c7d200e44aafe9cea1c13635778da652fb020	72c1588b6441318bc6a22d3266be5383003174f7d5a26e368d0390f85a3a7209	ac295e31682d4ddf3dd3d0235f8d48edbf43c5acca55299a08c9a9237a095e36	7c4b818fbc6885950d6321f8f268f6cc19e74ac412087622e9916d6228404397
1657	a27dcb2c2739b0cd82342055f1e03f98dac2aeff541c4000467279b842482188	df214a6d805e94ad59eab38f81513a7c43a3d6335c7a78372b925edb28744a72	6f501e284e7349b8e7fedf34119beb0bdf557401b682d5b29bbf3f661379f7d3	72f07ef92f3de6c3d37c66b2177ffe7a30740735bbe5ea19dcc4e3cad9355612	c4b1e94599deee30fd4dff288fb13b9dc28ced537c60cfbcc6fc9be870f4e364	f5c51629560841a326bacf3fb7a5f640dec3394aab60ae7a031bdab790c86b9e
1658	6f05577e0b7b6cf9546dfa50b990182508eb820e7114404ce87f926592d10e75	c6705ce2d9493c57dfeb00afa08bcb78ec0abd853220de6e059a4fde7ea67a3d	72edfed00d8efeac099b6a246a72a4a796b039849de57fd7a7e5127c191a9509	7385991667b4667fb0c047fede157c052a97c2dc4fb9760c2fc041b3c447d48f	11f0b247840e95837a74b064c3cbede08b7eeccdd06b3ea039c6ec5e8d9c9ae8	5a7fb11c1c0f346a8fb3daab5e4e1b26ce3f06798116ee34d86877f94afaf87c
1659	2ee8f2bfba644ef1690d3917973c8f6734e6d0fd98d2295a72ca0b100715c173	4abff763ee41528498276ce1f49aa6947d57bbc09d19e4fd1d67efed9cee2708	017e3825cb62f54b2ed8d3ccc37ee607560cace9df9e401a6add1bc496c909e6	588efad1c25eec363d02baca8d6821ccc0d27271d051e9940a3bddd266b6d51a	3058a95b53dd382f91d679fd152c8106a8a0e0972870c7b531557acdc91afcdf	c72642946a0fb560a8c4fc33c51c7dd237c0b8b50ddf014c171124e170295f9c
1660	e78dc0e4e10e0074a832cec0bf840c3d3d2c34618c30e0e741b8b18a99a577df	90b6bb0a14cd759ad452ac8421915fc1187aa01921e62c34efa1e337eb3bd79a	a260d86424caf1cbc323f64f60039ae379c67d04e7e2deff5e38ac86f5ddbb8f	6704578372164082490b12a1e188f2f00e98adcfb4c06ff1ac6f93a1ea4254a3	fa06718ac2c2987363eb980fce7193adbe333a50e1a343abf9ba6ea5379ae5b5	cb6238811b58f4de7c7ec5d1abc76f82d1b4eca7a58e9e37d59089063b392a38
1661	a9596bea4cf210455ab9c5b45a87402339572b77195abc880308ab09745ef343	59754430eb8a04813b219780b4124c9b850a1b606af4300e2c0f4d3077d61636	75740079c9bb12ed64934840e2ab11bc99c43178fd792ee99e9728e7a1fbcc48	2466bdaf7dbecf2b9bfc91a0ad29cde6cfd9a1ce55ab505dee6253fc26ac10a0	e1236762038834ab4f655ca67185fafcfd99dbca440026768dc6ba8ff2108945	359d582a8fbfe40a25c436642f91a2e9dc26e0afb3e4ecde16412a9404a80fbf
1662	89969a1d13cf257469152ffd73cad4bf9af0c5fa1f28e49cdaf020b6630dd029	847713963636067d2d0c4c1c7f9cdff53c16b369bfa19632b87495c875331e52	affb7242ca09e5b23d5096e6ee06ad57507d2c6e6e2fb3c313b21f8bc5095915	81fe88e07ca3e209c253b80d737b1a173997482b16532f557423e98f1309dc91	bb20e9600f13e2a95a008cd3614ab06f47a65e7f0e17486f6f88f5f25f58331f	394823717c5471f6896a32d3b0022902b63c6b943ddd385e6f4e12011dbc16f7
1663	fb87770a61041ef02b874872a93564c9f55af6a4c92cc9bb38f6bd05f8121d6f	d3609a2c4546650905d5630091c4ed4a9128a7e57dc56a8b55fb859ce1d13c4b	f1531ac6eb68f9da9130ac275c1c0afa22a01ea489ae7a9aeef31b4c039289c0	f612c52f3d6b84a700c3ad716794dd46c3c257949a8a32c53a52a6d8129b06c6	ddf3373316c199a3bf2e82a2d0532b1fa89193676c630628334f7959169dbcb8	28b869155b9030d3cd5bcb1937b8bbe9be35dedcf652c48943c3d68601848c71
1664	1798b830b1d6adbd7be8f629e5531c70a2395421555abeb9d4106df7b2ec4253	4b7c7363f89983df35042717784a37c70cfc0380dae0923f97aa5f775840df62	15dbe6822a7c843f1470ea90e899f9c9cac49b5e72368a2a79a7dfd0e5607108	7ec550dee763bf57764b6a8bd7667596e1912ab99b073cef47d1f626e1411d66	7028bb771296f1129fa7d28b2f1182e6d48460cd86ed38717cfdf33c23f9e44e	21c389564d809da7a10bd54533c064c53489440bf313e27fe2c354c4763567a3
1665	e55e732f93f02fe63aaa331fca148e3a56e062a880fef25341eb0ad8a167d2b3	c438f48df2a8892ca918781a056826cf3cb2d31723fd1fa1bbcb8a8f5d6d5547	818d48a53906d325a984edb3d18bab7b77bfe7c15671d9163d18de7713ee3364	10e05258caa55aed33517e7375a5b9ee78e2891ac0bf3d315bd83481fb55287a	b2446991cbd9e6386c806bc20397b607492f411a60ee267a5278b4633269679e	bf16fe029fc7fbd522fd5ddeb7eac680bb7a12807bf0e7c538fb3884db356191
1666	12924b74a5d8f2a6b918bb386462573c7eccd5d503d737766940637cafd6ddaa	57f718f1a88d3a776de86064f8b23266fcb66bc1677d7234a25814c775559091	463148315c07897e34f1f0cf93940e88778129cc2a2cf9c480d56f1dd1522788	7cd3ecafa009a577ffe5d1c1cd22b4618d2dcbbb01b229da78f8aa6d3db317d0	5529a649a9dff0c70c5a6b8aa29f3687e9fa7aaea1cbcf6068c27d98dc89926c	89fe960ed53f59fbb8071dd2fc2ba1d889f4fe11649829a614c80fd6e142ec0a
1667	b56dea16329ebaed8bd6cdfb5d95e42aff92a53b90bea42df29d1858ff34d9f2	77a84880a94fa88b9dd6994c99aa9a861969c812189f891bd092c953ebd3baba	7cee15c48fe090cd0fbfe77681986fbc10a055adf708ffc6127739588ec875e4	f0041923ca51d089b8d7bd85cf9a42195fcbf13ee1cefbdf03d4a9c8700e0aef	2434fea10e93a350a7dff4a19bcdb05c1816ad91a2247dd66ca616b397d1c4be	39a0430dfac64cdd91a55c99b5e7259c7812da680ffca1b312a88551bf5967ef
1668	d8917a4e8a13bf5a68659dfa9913dff50437452eb1074888c9d6ae18fd9ab0a9	3e892968bced7891f2b2846b338e560ebf03f9baba88edca0dc8e67b81a448ac	43dc51bb2e15b4ded700525bd5aee3ba68ece2f1380064618ad1d4d1ae93720d	0ac75bf0360b1bc9f3afcdff106c48f518dace1ff7bec9e5e7070de0191fe87c	c3bfa7f4d26ab5c67e56d5f534ef0d62a3400f8ee6ec5e763c878f51f2e07ea7	2207cd4cf1aef7c5baf0c066226cfeed279f5e7da4c95b2742acac9a70b9abda
1669	ec073b85135a6befeca270dea8e103cd114bcf104c0345d7675bca4111b056a1	eaee9ad5d5a90640ccafa6d7e781b84d0763cbfc59c3e5c5b781eb6d5938391f	5664eee238a7acefa5593657219d3765170c704d16b42630f690d617e4a5c225	385cf3d7d427c61002c2344653280da515ec08a027397964b8be0050b970a351	b64f11f620491ac349559bda7cb6cca452e4c7695cfb73f14feed373740b790e	9087d158a804843b37ea6ab353e62f83cc68a54675795f5133409ff9fb3dcca8
1670	5b1f67dd1814dbcd18a512803970cdde4830860dc1070004598de6d0022b273e	d35565787d1599b4a8f5066cd33c58add6532c6d1ea75ba01c52061ef105798f	99f770e6949ba24d3fd53eb213992170943de874f60358fc2dd8e1ddecb14e65	67e5ab602a5322743fb86682f41fb3401767dc19e51e6f8411968d82f30296a1	64abe15fa0189b3bd6048da6fc3606b0543fcfd4a292b79a9fca7610c9894441	ea914ec67277848f9cb018bfbab7eba0e239b1cebe7a0beb5789cc2f6c38d819
1671	1a28d80345a81c53c945f904b24181bcd53732e7d1265ad683a253e2b5823bdd	5e5d3fc7e0d39019daf29cd0fed0b78726da65e69461c2e7d51a77fa14804d36	52f3b1277f79caec88d31289e0c18a755f5947bf21017bf5eca2f8a158f96913	88c1a4f3843e31e5104b6bd858a38e51eba0c1b884a611b917c46b642cf2f663	8da7d3a9d550ddc5854664c9a4f1782781346ff6d4aee36b33a82d8e78cc24ee	95a637f0c2dfba00489eadff6efbff0677c4aeb9cab6c58f6483a9482163867f
1672	31079e81d6eb6a859c2d5cf53cdd0c005e91ae43c2159132919a6c99381fa3d3	05045bf9065c9745e1549ec27eb4a55fb7a302d14e9f2bd28995336ccfa19464	9d1dea3f1138f641a633351486397a673329e53073a4eb4442fce6b91ff25619	130225c6e13afd0ed00d720ee0f46a0aea46651419194c37ff2563fb1a5ec3e6	06d2bf31cec75f3d73071b7ce90a85437842e218a9efe6b1dc091bfe6ce77092	c5718ce964628399ed2a0e562bf8dc0dee38fbb554399412bdb7f12c7e064b37
1673	285ef0491900c1b44887e95bcde6ce1352da6171ad655beaa072f658dc6acaac	9a5a5295880e2fe6d65f471c167e46e6eedc8371f72208caad57e2377355dace	ac7148f39bf31c9421acb33c6c15f16fc3c8bd10f45e189c72155f27317a3843	1ad3e44ee1d1d5bfc018ade261fe9c39136ccbe63ec7bb8767908e9d3eaa607a	54fbf39a6ae24c47e81f1c832e5fbaa312815645f4c2c4f98ba90e9f9f1dedb0	fadaadaf2a939c2f39ba5ab3ef274d0131ea14a23d6e54f426584097736a6ddf
1674	3ef97b6dddb2a568d526c423fb91b0ac959dbbb07e09b4007c21c8d4b2bc5879	8f519481d174261747f58180901032ab62fac980d472026fce519b409885e763	eb78464e8e0926bffe0f1e90bf62bb507eb9dfa61030f2b2c8bb8f66ff95eb38	c4e1efa7a29279481bd6083704210a747624273ad4d98cdc752dd029783443da	1e6de1ca887c8e157c5717c5ff005926298019ec9434f8a363328ebd3752f2c5	19d113a76472f910685be7800582976a06627955d934229b539fe41634be38b3
1675	465bf89c815d145f063c4fb057df1832432b2406097b72bc55b77d2cb6201f0d	cbcdd14a3be6f182c0508158f3a383c08688e22c4eb72df12411ca0acb28da10	dcf147002e7b809cc84157965d5e05b7cd4e87d089483da266ae6da28d3fd198	785021e0a26a3a15acd26c8bed44c8dbf0be862c1fe5fcd92d26568a1e30c59c	d61a84e394294f5198dcc3403c81f9a19c897c0dca08fadd31c249207e08f75a	59eb55d8e55ea6bcbf2871267cdedbd5e8f288eabb9e268447cb76d76b51d5f5
1676	9cbefe91cc38fbc595b8c6a4be15109e59bdea1c5045489e7bb2de4a8948b98d	4d513830407bcf0d7ac20131e201c80e458f7bb976392431e27fe81295446afc	a13ff79862dfaca2943dcfd7a2b15d813da5deeca4613d9140bdba7883353d80	4287e095bb5db3dc31b7812ef9ca8204e54813f794cd7f909b8fefc8f3e624d4	b348a870f33b75d644d2d63c579e661394d4c502f0a84a6b2e4218a4f7a33806	d499e440857ff52f3fb5ca2442c701820026b7b04d7859acb0b3d7657f2a09d7
1677	286fb300313caf04a1c5892f575d095adb29b7c7adf5df421da2d0749a4b4c7f	2f684ea7be66a3dc5a0a5197fc605893e301d2869509e3316535af8910b887b8	f86eb87433e34683f8a6ff7c8146647921dbbf39a5647f9bc055a5849fd52da7	001a0154ec4423c0de55c1a78a51499286c3bb699cdb1bc866be8e83f8418b26	de79a54c4436ce5e0e293ab3823671fdf0121825343eb18693cf3441e3aefe16	293f5cfc96b0000f1c2c42b9476bd5192f09c4a0806dce82753eb93c9e0a0cc4
1678	d8346ddb18f4fdf093b13550b3ca91774e219a5927d957cc9bb796060cd96fc8	cf163131567b896c5e7a8ecbd6aba6e514b75508b5da0905d502c2d7f013c195	cf194f6ab25e0848596ee168ce5072391bb7b5ec3835a5f48e9d12adb8c58590	2c17bcf25902d3d0959746aba1868f5eb6d8c5c729d10f55ac95b140eac61379	c74ec8164ecea033f9409d29c270fc8a3f6c90c2623611605268a42e897e3bf8	9e10301dcc2dbe67898497a4b57b57e96ca014749fe247cd803f530ed99863c4
1679	974daace99b12839035792e7cb8c208f6414c785db1eefe150d8b2d8e08efe2b	52a6c5129eab284769b6bb7571e705cc3612ad267f49c4b1ae3027b1f95b77d0	016766da72fa2e9bc304690676ac08de4f106935d37abe0b3e2add23887c69dd	baea4e5722ff14a4b4ba342e1f98e8e26cab7236ababcaa12d02927c653de73b	8407eaabd2f858958eb34aa3f6a2e5009303b9f922c1d81ba784b1a4ea21b4b5	8cd52a24206f715c31ca07fb392c7464eabec215f6489a12eeae417fa6ad1472
1680	871605e9150a19207f2da3e706e50d78e298895c43bba1cff84d59db7a9b259e	897fdd8965b6908b242e344a33c9c8e4730a24587ccd4ddea5d3738e76673a17	296773cfc9f6ebe9b1925fc0c7855a9c14a5af42fe4eebc07f8c4a5afe19af3a	8a0a5d93efa025ae11397811e009e5ca731464978de7d2b529a41ac756871d0d	6ab27d438eb5c16a7a4fe26e4174e64b61e10b23670d7026c0a3bded2b3e541b	5d6c313cd3cb10b6fec5ccc799660cc3628db27414f4e2a4884446589288cd41
1681	6cd38f19a3e3617d0e8b1396087a1f0c67aa31b700d9ce19689ea3d10a52ca24	f0a4cb5226173f7abcf38539552c417e5c5907d26daa94c9acf44d045ee2906e	7797b7bff7fac1e6344ca4b0576949fc0b234d6dd4eb334cb760d9e1c3ad3238	05457d54ed90908b4dbbc263cfe1f0eaa503b45c354fb8acc1b4c70f924c6081	7669514b9e713acd44f97a9c14b3d9e0a6a8935da88e9074eebeff7de0e21274	0f59fc2842f75308c5edc7932c29878ac76bc20670e1943fffa83a88857e8c37
1682	2c5f58d3afa139b725e41efc8eb95eb403665b7234b151bf62b5ac040230c782	4ff59f2fb34d5503f26a7ee7ffaf0db64e8e40b7beb057b4bcaa8683597cba7b	c37255acea2d9f171674be7705c687cbdda5cc61a4ff6e3a248300ea55970d0c	15184f4b5c2b49bffd9cadd42eebe31705cad095cb0f14097eb9cc401d94f71e	f3581b9a237b98ea2a7cbc7e648831fcda893bc288930809e27cf1a8a20f2223	2c4e06f8ddc6f6d12f25c9345f7bd3ee38aa8cc89beebc71e075254564b4fc80
1683	233f8dbf65a9fad84d220e50fb930bb04ff78274359e9b085743544a46adfa54	1937bff2d8e6fa9ab3a64eee92892775eff4c1ca4e5460da82c48099c816934f	773f40237a222b9f200a75f69a608a506c715f7e3ac316efce52d614a52b3284	97868a1ef535f74755a31d71155d3d5a70dbff2b070d1130ed951c4a33cded85	2f075777b4856a24d421f6f2b4b245e8438ff7c310c8d633f608fe5c445592d8	14294ab05c2c7989b725a59d8bfc1883ec2823fe4dd8e1e57440c62e126b7593
1684	2d99ee41abf912eba2b55f3041544bc5b401d7eb52785c43856e2f08c6360195	702566faf519ea29520edbc29c3065e397508ef1dc5aa60309e562508a9d2c58	b460b7df9982e43ca7c090b89cd0fdbeaeb499ad120f1aed4c57d42fb9a2cc2d	818e9634c3d6066e124e515507c245448de90dba2f6907b208647469b8557251	0314640c4f607c0647a801bc5e84ba92c84ecaf480ce4315098b9fed98a66d45	d7e0f4951e4359c1f2de450128cb8d0f63ab78fc6234de6199931535d61383a7
1685	3b055a64f861f52ac93395943e1dedaff8f2e86bbf6f6c40054c2c5e7e085c38	06e3e9b30c523ff2ebad900794012347f9fe68f7b52cc801e958c313d3690f35	8455c44d109f348d73279ea215c751dd5f276c106b0167da14ff900a65c0e656	e7a40d770891ecb34f1e791a57657267122bcba53f24b3354508b078786021b9	728b171806da57ea6fc9db83c26c3c2ddd41e0eeab6577ab2e830bd512ebee47	ebf220958716e313306a613f5af024c15fbfd56b30b73a6d6e39dbba044f9f26
1686	25142be2d7aa60a71bd484d19be7b40ff68be6da19aaddfa974164388af71e3f	b6edf7444aee8c8b59d754fe4c6f25cc3715597fd8c4456f16af180a3c48bd98	9a97b2e90bed845605e47ef8a860bb98ea34100bd04b432893bb580e2b8311c7	d2c9cf093dc2eb98a13762ca5ad180978a32564bb7c3a04b6509ab149b18cb90	6e11232923cd51ee63648fb411b4a5ed18b7d9181e8f93d931f7d58edb1f874d	5e27eef208b5474bb216fe7a49cfb08c1ac8f5052b50e4cea69fd97f3de58387
1687	94bb529b1b61bd28867b24ef443757bb65358a82e4655f22b8d9597ae68adb42	eb450f83b1799e2577664b2e04f51fc5f86405d2aa14387eea47c9357a3fc3cb	0c865cf333dc83a9ad8265028924ba03aec9d72a8e792fca3a9edba8ef76e517	7cdafbaa002c39c125b8b923c4d9171f022280991892c7f635a8b1d9c685514f	a388c7e5873fc3daff2e7a8a64f64edca6d28d777cb73ac73a4d0a081e34ecf7	2115c7a732964d6393810e8393c6a8c4eb31a3c14a0a08fefeae588017699d63
1688	c0653444e145299e9d88fc991e73a9f513742facbfcdbf288f5acd230665f207	7318f5c17faac575fe63b219c86abcb965d782f864724203d2109c8be12f8366	17a942b2e80f0d9b12363f485a0dfb10d3aee9a1101baff92d8f9dc3721be117	13bcabbba868bceae49767fe3b196423f723167934aa1c0fa62b86b05b2cb4ed	40825b5760ad4c2c7e8635ef20754859eeadfd840c46de22599c9ce97209e94e	21e08f15ba30bc3077fed4ce2cc238e87c8c91f8ceb1e92e72e9d3955c6e8bbd
1689	5cba370b747d345e58cac76044d0fe565c4fdd1834100b690391bb399b277452	0d1a1eeefbca30bdf3e0c91ee46b09a47a712c765963d125860729bdf8bec104	e6c21987b4d1f0e27539e5b17879bca4d863d87e3790e3f7d69db453eed3c566	cc159ae399778e949c6a87d1c3747a5b116a9ebb43db35a471c1f982d3d0e789	1ac3601b7d2f69c0dd2a5398a0273682ada994baf2f6b2f95c8a5defef6ef1b2	5dc8664f0ffc99c208f6cb5674677b4b0794f446dbb2d09285c57b6955e1b49d
1690	c5c72ae04a171995e4f43fa8badb5d75f338e204a8c04b013ba5631dd2033401	eadd261393b057f56002404ab12f312d57ea78d3824a3c8a8869516674e0e30c	773270320e54bf2b773368540c22d31df639f02a1dcbb65a9869713e6e731fce	03c331775778e80b9f6ae5be3c12e3ee077fffe1715d6a4dd9610881eeda7532	7928d2a3c201772c77d81197ff59abac5d8d3f44e66d574d7d9bb1827069b318	3aa1c838383f15974658755a2249991fc281b1dfecb0d1f74a7126d0c78e3fea
1691	6e6f339e271ccbb1de6f4b8a26127a1ecc050e565ba189288e07ed4ed1d3524f	3b3253f796806dd7ca6a77aacc469446cff854d5e9565df376eccb2299a778a0	5f0cee1d36824e600b7180018852e1c21778da324d18a013805f77bc66381b00	5cef81a5f2444ba3104cb1add8d565d161d014f5add50b33bf17715b7c698af4	7ef82e58168fc8b0516249b1a61a697aef3ff1c169f24eaecbf3591f9e5317db	6359565bcceaa2ecd3b66d84c35760ea0b619b24c5ebb1be346e3bf9fc4f2568
1692	1ae4bba65a6ec1a04ebe1c1f5da468b0737e44965f71715ac6af07b96e6cb6bd	9550e4417515cb6c08ce3f095eda980f3906fa65fb67c51417f021783d80409c	efea5e12f4df04111759f712cd01f57cecb868acea8cb39d5e3060338921c5aa	e387299e1df165332b365fe1e4c64a9e157ede503a19659140cdb42b09c41c52	ab71dac17c72de90d287267bf0fedf8c6866a628f8fa96c800fe28ffca3e24c0	b156861c36fb5f822d9babfb3e839c3efd3953b76d876416911ce67da4198ee4
1693	8da0948f11f12ed891413b3541b619ce1b92e94c172da845091467332915d95e	f59c8944eff18912b788a592fe79950b6752d3f068072e2d38f957703559c4cb	3222cee9eb453279b1bf8127d318f6bc3a1a10db6351833c6ce89b3d3d534519	450629010feedd0e8eaeb95a4b978e3dbf8018ae33a6afa2c908fd4818763c19	53d7e3c8ebaf6b98fb1126aa0378ca3d94d17af8d75eecf0dc231c9f330c54bf	547f9030cccb393b047f0b25c18fa7abfdc0ed9a33f4b6ab9997a3586277b2eb
1694	59ebd1d780a8f3e3bda1cee9272334ffec5a72f083ea0f2a4d85c69967dc5e1e	767040058eb51fab5cfc37508ffbd7bbc8df90d862c791c08c8c43b50e14aac3	c69f3a7454e2b13cb78849122fc962711030f5f6226d9c66f2b85f52d36fa90f	b5788f4157cb1c782ab99a1c73d2e44887b51e4bb92fc0d8c11d5701a284167e	6b0725b038b18e1081e1d0623d35955b25f523d902dc9f55303bd68bf045f7e7	4159dff9a2c0a31cdeea159cad7af228426f1a7089dc72fd30597d05f68974ae
1695	7ab5e061d11d29554d75f904fc4912b96740c6abd39f9d95d4bd19c6ee2b1469	468746beaef6d254a8b4b333a8e1927c85f34332f898fa1aaaca9f418fdde6c4	f75504fce6f3268e5ca7f828c60b7203b91450f72d9e0e8f5426c841969e51cf	915149418e7e0164210787763a61ffa5068ffed412aec11f412e7ae8d1a40e95	9ec33c1828e70db8f338b8cd8e92fc1f6c60c7ee0dc7ae3ed21cd956be6df903	1de24171c0253377c1347768dff24c3a52453a251452b5da74fb49580a742e99
1696	e0e4cf1eec54ea6964e61734a001d738c4525249102c46dfd81207097bcd42e6	53a09262ec14f7cbdeee1556b912669b14e954c93cfb68e130fd474035b65e35	0622853bb4d4970211a40066f127f5821092b3f855b10309ce0221deff26cd0f	8c8afcf5e5578126de451f09d4d878ab373a126c824fc73abe3093025f5cd3aa	e93d46fd86047280eefa1728054df2e46c7268f2cb518211b7e0aa5a8ced763a	99588fcb9dc1fbd0120b1c5dfcdd7d1f8e306a99be6128926d9bf42042252b1a
1697	6127a981f871b9e09cb5ccb9a5fc6ab6270252d0a0aa4aa4494688bd0e3bb828	2d708607721602d8329af83e73c599c8898261f4458c138d973706009a58a22a	ae35bc58b39ab532f95d1687a8d71102830f7448c3b5706d4fe3480603b7e00a	bca8294c08d431cf84750600783d21c5e74fc4020523e3d6be07989a9fe38182	10caced2870429c74c129d9c63f0dfd633074a2075909945aa6f29041671a7dd	35dc2a5fd16749d9e649591dd1049a0b503f2de88b8d4d1ea6adc745c1bb56c0
1698	d47720ee519289e553943b977910c2bfc66f73335febead69902d695af708642	3d94d0538268438a2f465e75635a40854edaad16a9e4081527f3cfca453ed81d	233a7536366fc01c7517cd75ff19564df23c6ffc5bca1e104d4d7f5d144845ff	43c4f7edc9ea6c72c7433eaa634af25b2410322aa1c6d7bcad72f8be871407d5	65408ede4cee78703a7fa6ec5122aaebf316d000bc53172a2c8e7ccbb6894852	7a0d689def2298da4686a304cc79ed733be361942c531332989a3cbc96cfc1c6
1699	12bd45b4d7903fd2c26131970f8116525e4a2ab6b0cd5db46b6ec70300a09f4f	98d4c9ec11c8c7a2d105070367ed68c5783ce417b60252e91ae8cbb5d0efcff5	f993a4c5e4225dd61ce6ef6da8e88021d72aa4e71a7c70c4f714a1857e95d36f	4fb137559dabbe8bdab59b625e647f3e32271a1f6a2a4eeb62cfc230df7b81f7	45292c0cca78b0c92ee73d19a5eb108c7e0860adc0d20fa4ecc00f90a8630c97	31cb37ee959c30543b4b81ec08bc4b1166cd4e00263e199dc3b00e1e21799888
1700	1b24126a9fd1ed14c6b0ea926b979a54b8de3beae880af1cc5a27d93a1792683	c9ecb7553770895a13c7c761cd54f079af28d4520cf76f31a71cf18350db4dc7	8a7daa6c1b60871fc922c30e816d05c1d7bc7a548982402b3eff095ab8d0f5e5	f2091625cfaf4d09d4bfe12349a87478fb52fd9ca768344424942c96a9febec6	d03e2d8a13d8ba146a533a77cb22368e4eefada8296abb9700b393d75b13de25	b534112a2e52ca0ee9590995810343af8f44e489bd68e1c12acbbe98c8f76214
1701	2a1357369e828bfa07c6f6fb5881f8921c8319bfbcb55e7fd6c8d61adc9e7fb8	66a0fed634c3db0c1426b51e4560cc1f6a08437f81572b32ba37406106ab361d	50bc682c2031604465268ef62d7c6e2dcc88f49f62fe1bdf8f22b3653e2cce13	4e2709206c9b36894e50fa691eec895425ef48687196b51d38c7618b41583bd3	433af54391437031a1d8b5cb17a96191982b5dcdd0d395e3637d270b08ab1b5a	98b1e3cc32119dece185f5625bf096e6cc8290da86528bfa13a7ec66b8ff9e17
1702	1122a4950be5fbef806ffb629e2392c05dec749e04e90d505779dae6da8fa7bd	1466655a74b8866a58ec3d02c356340dec9812f07a73b41bf9652c1a5a29eb69	4c8f2d1037c941228aa7b9db00680e68e6980021fb95c66718807e804fffced8	19e48ca2ef7b7eaefb815b54f775d46aee6793d2e0e2a509f7a39026b0e6bc13	cb314a204ba5d59756ef0e7ff0b9da359a155dc505fdbaa42160560241a5ee6c	56bec3ed89e7ad26696b0682e707107f5c7373d107e07f26bb3eefc500752315
1703	d9b27c9c47f3ffd4fbbf40128e6868b274971dac3ef757b5590b7989c7f115f6	790f8ded6afbb44efd144133cb87f2acb0aac4a6a0ecb2333e79e4e839abae43	3d376b047555bcaf4a11b28dae1c9cd097567885a1149d49f93ec669cbaf1449	4072ccb6c6cda31819ef7603ce93463216026b73277bdef5f41abb71aa93dd16	dba75de4f75a6b46da81bf4fe95efc2dfbfce4d3845100b85257cf69d8c9fb3e	217f0d9b9283856a3bad93572e74b00bf813168b9dd461aaa97c1b1984323e55
1704	96e117e81b74ce8e4dc55b1fc7b5ef7e17af2743847671c3a0987f5a49c9c377	16cde601a81bae862456c94ff4643d97c40bd596c321c3f5a30de4cfedb47fcf	54a6ff485da0e088cd81597f4d18ce934014418d308820a739de9bcf1d427de3	dc1482b47165bd2806ad798f6f23008bd3df12fa75a46e58881f50c4b4100add	8cc63eec81bb307d3f33a199ffe751cb446d82541835913a6f40fc74a89501a5	384ead89b4b5ecf5514a81739ccf9d54cbd0567c8b06d98799ba42e5f4eac50b
1705	84d11fb2edbc37a4f19f16603df69d022147eef9dd2a7171f6f5888d7be279b6	ddf2134c7c0527a784258a0da6e1917109cdb9f9fd86bf6d52ccc9919aad44a3	07cbc68271b1d7a9a5116a75693c10bf35d2ca5eed86bc86d0442f5300f888a3	3a7fe16daa3e0a2a42a0020e0c7f0f4c94bee1efb2d58882784edeb9697d079b	87c12bb6b55069a0f0b0e3e8be43b68d0ed0d77a024d311b2f8b78d43743d82f	f8b1ce17638f5b6e05b511b42ffa59ac6f2f6978fd55ee54cf34272e44da80b8
1706	00f273ac34e9f0cae6d8c58398dca2c975c969ba547901ad26df5eb0b0f708b9	89b5129cc94494963d3b1fe2f866d99ba06fd1ec31454e68433ba17cb0af29bd	e64908cfffabde57b6f5feede1d994f8a7c4923a44fbfe681499ef0177d14659	0519813801eb57b5a9d2fed7e232524622640e744f49cab26b4893f751c97934	9f2bfc1329b07110bd678ad1e3fc7ab1ee92713b41348d338afddcf88e6aac7d	2f9ab3f34ceea338e91313446f02251d5497eeff884408482a9f5d9b910f60e0
1707	961b4f4eb497c615b6700ce67a756a5085572ecdbb83adeeaaa57f9e90a4d26d	8b4ec965f156a33c891e3082ac3e2976267a61c0c95ff85320c277be4aa90ebe	a8ca339c71120450f175327997736b0dde6ee10d0c2048cbfe010a3a2ad23631	4b084f7b045df140b8e8db0be4fcb42286f579bb387c4588f0274c2f6f250380	57a435254b6b300f62ad0dd71866c7af8cdeb0a68aa419b68be4437286817697	ff359c312ba52df51f9c0f52d8fd07713b8246ece3e0c170cff93cf2618a32f9
1708	baed38503ed31369ddd20b005fbe1db6b03aa233eac326e6de8853f01ebd42f6	421d8ac3b10bf2666ee24e08bc5fc7ee5fe476904eeb1aff0bb45d227e475e67	582a0192e79cef85641f14840c056b07089df57ebbc4bf9b6dc2a71b35fee788	e0e45053dde51fc72957c63dceaa01e9f5a2824bd4cce4c028c183c0e287bafd	5a9c94a372469c5de1473e530177a6e216e61044b8eb07c185e513cf837776a7	776a07c926ac7c0b9fe7f912bf0fdde89d2caed3261ee908ecb5b6d7749a7cf4
1709	5ad4d5cb0ba5eb9238ad61e2098654997ef2ed67de6be31ed5048e6406d01d21	bb5addbc79ad2383ac714121ec08e231a5febeabf748fc1e4a3ebed281912800	072208cbdece84c81c4e6f10f8e9720b8a4a379fc5558935f6bba4f85c9eba12	5aa83852a9cdda83c591e55eddd7f08fc8377b26c941e0eca82bd57cf8e44d5f	cb0991ee88e7a82427eb66b303a71e0522006aa059ecf1636273ac2872767841	51359fbe000ed61c246000f1ded7aec0bc5e0d0c2ee8ee2969bfd0d47d143701
1710	730d29bf32f78dce0b0185d971f9b22c542f006b7384bf21a94b210fe01e928c	0c3a39cd80157244f7455b453bbc1b6ab805f6ae35ded9f36171a90a04870571	a5c71570d5b5b77f4dceaf59aa385eb297110d75b3dacd20dab1550d288e35bb	abd2336eef563ecf1e8d16f443880635eaa0f060123d94f5c97994651472bbe2	54e6f949734f7c2a767ef37a415d3c6f05c9554bce5d2949ef8139219c26f5af	5397e55a7136a39171ceebe6078c174be933e39623cb23b26b6339753b19f46e
1711	f9a3b1fda9bce9768a853ff9869577b467e631dc59bfc8abf6132b8ebcb69a6d	55e11c1858a5be0baa60db3ebef820897460cc0b161cfc6ec26c9a87b520eca3	2772a008d38375339871da3adead63c2a307b0c575bcfdbb978616c4e9a49a9d	7716a26328ee75e5c2a6e29f8af4aa881c09c54f35fb23cac0a1247f7068b6f7	8aba2f997941d0c5b492d2c3f91579306ed4cbccd75991f8257e8220cd7d1d61	0f1e48cc7095124914967acce7dcc08f544e07d428b7ca1a956df9665a12c809
1712	d5f5974879783f7ba3a98b08b61927c869e568b4272824dea365df4a3a6877f6	d4a02c67b55750645030d3fca69613e993ea81315cff3e4101cce4e733e82b8b	91ba8e954857fc8609083ad4551c90a21db7010c330c8b76a8fd397668cf7251	cc98600e30729fe6cbcefa9ebf5dba89dc896723a937c145d962158415843ac2	35639f3426ae673336ba883c7eac206a20d1d8abb7e6d850a78b533b1020147e	5cc890b284cd8c1c07bfc0f36cff8b00a530b6eb42422f821c6d678e373c5dc8
1713	9641a0f051fd931aecefe0a81a36a900df4dc9894f219a68cafcc52ea5a1d23b	088d858322546d7da887c87c3dd05805f5400250d2e14598102c49cb82794dff	d3af59fe0aa92690a7c9d7b4c9ae87f38b3296026cdfbe4a66b171d4351de4ed	883ef378147c95c8d3dbbe2cfa7b1d379915d623c22b5aa5904e5a3cc563a660	c2efef091d75c6b73555100ef8138d96904e11dd7df0091d1b438cad89087c1c	ee3df941920edfd468846684a627cc5e42def85866547332e0bb261ee6ee239e
1714	49f08a9ee3876be7ed6075c9ac0a2568225fd7fb09c8e0a03dd7a380184f2f66	1a6bf973b745848baf8ca377928e9f210137dd21f0821a4bbf82366b0fd906b4	c716330b1db652eb1cf7bb673991a0f4877257bdec3a8cda1e96b17ac035ad82	c2a82c0270e8ca2ddc87fdbf205be99b5944fa27adc8b6e0e9639e192000cd2a	8af2b804c1d0e3df06df7142bb9ddf96d57dd7ab822cd4c6983bb5f3bd5971c4	88393792d8361b04148640b967928c6d503879c00b29dfe0c2c35c9d809aac6f
1715	8a55f3323be8fbf4e493683c2edd47b75847057c91969365a30344d04fb7a17d	688753d5d5cb033b9b092dd367e1dd92eda197e4f32f15789de41b42218bd97b	0d75887571aebf01280f41502d21445030bb59a557af965beedd92356b807153	47866a3ce6c2baf55d548494937817d21798cf5f8c984915159ecf795414c44c	fe3216075e393224ba29c02c7ac3e2f0aed53d61296bf69bb79b077c2a9c9140	aa970b4b4874d1ef207c997de305142577aa1b804bf484e0979b5984dca35339
1716	78d2d28441ea745c7c8883d6f227e57f1aabe515ba45386d209b82194335ec71	139ccbf9aa7aac38b07c7af066ec9eacf1c242013d83915783406722c0b990a5	b507a72fa97166ffb7c9739137e4d505aa5e5bd4c4259545b520afb57b2d621f	3422f5c26a8c94819f3b19e2e2f8caa390f45c35322d66c71c88fcd20ae20ca2	13cf942b27ebc46f32fafdb5738b09e4e37934225a8e5c1aa68f5aa06c6b6c1d	7ce0136f4cbd5cab4641b7577647cff7a5cac1540022a84e91474912241cc938
1717	3d1026ceb8755831760c3a5fae1ff7512a387d3500e05b2c3094e06da27552fa	f2884f72a75dc6cfcae7f9ef888c413cfa024e6a91bf4eda729d9997e4283d35	648db6d9767b0b24e6bacf22393f7998cb67697c012ff0a686596d9363812428	b3ac03edb5b080b2cda1b2ecb1540bd74d59e03c8b03997bc6f9cbae96ad9cd0	1a8a0cacfd70534982c6a2e0cb3abf6053017de47a64ea78e6866730d8bd457e	eaa4025d54ce00ad4f44a79c3bd2935f614d63976040d49560325716e4c96717
1718	0a54a0bf482203fb683986eca2fb4417cac0b2b38a5aedb563daa4509873292d	8577c582334f91260261eaf635b9528f13d476ed3922eaacdddb7136db7804f9	8e0a61a0b4f9671debd79405829e64c7be657194a86142392db8d2a2af7263e8	745177dde2cb7b1617a06091cdae87d96343c312d20d0d3aedc659b43268b695	e7297dca4b127c0fb71d2d927a1662f708131e54266c974416a653dad1977f34	4c2637f40ca064dc828e4d1e9e86ba221b03630199f009e4935f7fb4dfe87446
1719	e6d7d18695c26c1084bfcef428a44b9596604a42eb39a1a87c0a7c40f139756a	a27d838c802584a815f26f5be16d1ca9745f05085e8dcc020be0c7cd06bb4ee6	56cba7435ffe0a890820482793bced2cecd9847f1832cbbc133a841c51f4dae7	9b91c90a75a0213bc4dc729e602085639da625b632358723601152d459520fa7	5bccf6ad1df830fbe2c0a87da693775f8da6ec1651e124fac0c9c34ec6914afc	bdd95ca3477555817ed06cc107de32b360123432d9c5ecc4f26b2871ccc7a1a7
1720	1365ae45cf7cff53354e88708af9f892ae58d9afd0422696e8e7e4df5b8558f3	828bc3aa7f272afac37dfd7dde0cdff4e6dde8c6d5c6a2570287739fe29b0957	421117b0ab445b8fedd8ee76493054d5059eaa58dd1ca06e4ce91b3a1c547978	abc9ecd8793bda3f2b69232d5f4f7310cefaf87af7d6beaa33e393c940ab8d68	e095ec97ac32ce226f8125bc82dcf9f3bc21711b909eddfef657e50186d394ff	35f8694825bd12e11314b761cedbd751444197845a6fae10b19768869a9f4363
1721	61ad6d727f8b657f81f1557745fa6f890f214493bd46a46aaaad344565b9d15b	856e72030f4eb6cbc10fa179525ad05f67e46c0687a0c818716cb66b89d06d3e	d41397d31a46f52484ae40bb1641428f512a4d4b6827d756035a28465b704269	d410d427fc6806096cab84dd171fc394c09b045f1f45471e68154c172b7771f6	2a5d3959d737c76001e4a980cc381d8180d1f9404264b5e3ad705ab7d51e02ee	730b0041d71ac8e510e6ea9cb6f61f792d3f3614a4a12c804dd92a3e588485ac
1722	f3edae0f7b827af118bfe86a4dc08b26891cf4dbb39269adf6d1ebe8ec1a3482	8997b72500408a70052a608ab9bfb1a89f336ec4d5da128f2f247093ad1ac1a1	324e931b9f3a02d18bf9f7e87a5090bfed3a0e59e0556189a8689364887ae40e	ff9c07448c53dff4037f71b0ebac6ebca21505844bd9134a4163cebda797b97d	88634a5684a1b6227485a69a15f45e1ec8318588c61916bb84abde45d7117ce0	56b3af8c3fd6559181429e7ee932adb4926e64759737bc1049a0dcbb69e371b8
1723	abe82527e52d9a330cb10c33ed97c363be743dd6c9b5d78407f34f78be574c2d	bf5b2ade076036a5af9881fe335a80e3f77e83ea5b85f09d70666b6ff5aa4186	8eeb2ea99d35fe85a5473f73439f11c8c873f7c880d71c4d4dc3416a7e7aea0d	14b19a0f70aaa4faeb0d62555f7dc4a8bdab1e61b75555d62207c7946a2dc5a7	72789b1b485f21d5ccea50959e5813e6564555177ba268395875d6ef2668e753	1a38fb7fa0ac998265003baba95a23d1796a0e8fd576e5f2ed63ca5ebf685ee9
1724	6536098cfbeb7d830e74bd250019b057b5bc7f74b86b68917d28b9e144601ffe	b6ff74a4fe76be7d66cf81e2eedf6a99d618852a97da9d84c26d114d6d48afb9	e8c14263640d4771ed44227c5f620fc8b11af37e2a8c6913fa674bf1da58176f	7ec5db18d2f15345bea18fb25911614a0806e61e71a86002f34f9f1fdf6c8dfd	0753aad772d5fcd01aba4b1cabeaa9c0e68a1ca025b599c080d8efb2eeeabdbd	3459846a4739a0b6df2fc50bb2c7bd2b14e37df4614a7810ceb95ed75e708747
1725	c01977feb248e90fce5cc5207248d6ddc1fa37e909ae590905c9888cf807725d	f87dd1cb3f6fddc75f64f5761437014d67ed11928c1763d3fbc83a8a4317594f	28482c90e48dd61eee6f815f7da7d62fbdc532508746e967132ac3f8ed64216b	1e8a3605d2eaaea4f192c4688bd087f45468541629c47b3f39e36d0f6c5deb4c	0f17865ac9d1da9aab235eb713b821be7c94a198f0fdfe88cae93d870e01fcb3	c467040ab9c814e274a9d91863a106057cf9387d6aec143d5d4d850d24592156
1726	7986b613703577958d647da23ea7d37538b3337a3db51bbeebd94870373c2f85	548c42c2eee1fbf272070dd27403abe2f7d0c2cbe9856075304e626c6761d0d0	99b0e805645f3ecc0770b2a00f37786ef8f397aa85db326beecb80b8cdd91c8c	cd4ca3c6ac7f14c4a9bb6ab410ccd6fcc7571be38871dffbeec503054573263f	4c9a3c4b5c230e0ff816217aa2d410947864d0fe755807244c7f6907225d5894	05f8084a83070b1894c126e48d474a8a726a2062d9f804afd3f6e620c6838b62
1727	5188c5c0f3c0b3767126c2eafda52c19206b18e3c5779d9a05ccb5114c3e911c	c8ad44f2e5acb1028b76aecb0be35e035fa3ce0119c6736d4ffda777ab475a8d	f73c8cc7983d09e3eac01782f0754cb07235dae4cc77fe0699af92303fa2ce32	f91e36fae0b89cfb38e6f57eaed4ded525b666e8cc2290287d2e9fc314377f35	158f7932724ac32c0121807f09b1a827f1d0512f1edeb4c5548cf1d298eb610e	3949206bbb032327978e58d1a17a77fdede8db75d66734b6ab1351e5b591e938
1728	7fa5c6ce57a8d8e61ac71f7bfe76470112bf84190571f008773d56608f367025	f42499dc2a0c3383a36fd810130f96aedb7cde72ffaa86910b1524ae30c1bcf6	7571ff4f4fad355626052a8b8d785fafa3c52519030b1c713ca3daac10b733ba	41c8188c5efaebe6344086ebd8b221654b2f085350a274d59436d045cae718d1	5559a573858d03ba36831773e77f8bdf7b1d8c0c697b78c104313428f89404fb	275231bc0af04adc1000922cb255ed1f66594a07ea4984078150ace7df7a0dc0
1729	91e0a425abdff7eb5979ca519360a77ac862fac4a4bbe2a7862faf50faabfc04	b0d898d2a1739a124bf5e61bb8decd316128d2d1dd4eea3397fce2b2f48509ee	8ba2b8b514e0e8d7fe1c1b1c961633f476f523d8bfc0032d120db15e282669f9	fabe1d93774b147318d0e1f4feac339bcf594e3f70feae3ebd25aa5a610bb2dd	9522d1373affc2dbb59498df2b6738bcc9e1eedc28ed64bfe6c9c483bcb3ed0a	513fbd0887d123c9aae6f8753b7edcf0c28f0c1a6cb85f8998122ebc88dd0849
1730	f5a817ad0b4b70cbcee630d1ba36ad7028873159ab71cc697db6252a4b2d2e47	c24e4f5950c0fc5c7001e056250a8e5d46fc189433feb74e7bcf500c7d5508b7	34597f9413e98976127f8c05a2d7722d80d6005b69102cd0d56e5c1ce9e596e4	4adbd14913bcce0e8948e17d6eac6cba08aab1e5b88f87767fa2d4ed2a0abe08	6f87f35c2d1fb384c6b7225c2be292a07207e4ec736e41049e605a7dda84ead7	169b3e7958e4582d20ce1fe8f8a76eebcecea1942f29a665edf7d403f52a95af
1731	c0e64568824806e5239b6f9f4401691700aa58cbfc84eae00559ca7068509950	fffead73f69bb0a9a259b1b4e3a65b59ccfe49495299b733ac121523ca948f1b	cc543b035df088ffb772ff5a00afc8a01c4af7a550b1e22e0e7935bd410356a4	fe8981ba442bb065762adcca12e175bfd88a9bb3be06c4c8ba0da390955d200a	8221a42d8ffdd3c775bbda2085c6de6bd277590875b5a25aa11def9dc60aec99	19e5ca0466579e3d64bdfe7527d4061fd6df06fc9d6687cf8f9adcfc87253c1d
1732	e91ca632849bfd8b4682c5a7a26c0778a63cce6c17a05c7842356e33b8d8a934	02335bbef83b44cc8105751c312b7ab8acf27425653c0f0f6c19f8d25c9f8aa9	1a36a106561926769be9695b0973b0ea694cd71152c5007d8b0b6cbfd8177aee	56c438b7558b3a89758301e6cf4b7e7a3472cde6e7c62469bf6ad5ade3127ea9	9c49e2afaebbb7e280e897626256336d30036f13fcb4632cd80e99360da13ebb	fb6c9c4819c322bbe962adba39b60e5bd4a44c65689eeb6525a6bd029ab6972d
1733	ae2d37bc6d4af342a156e4c73d3cce4d8682d1710d2527310ff0e3e0384639de	70d9c94bac93bb144f2a8f7feb668d37de4192b6504a8bb81a3ff1291c4a15e9	3bf2f3e9bc6a9a8d4cc06c5227efe756d819dbebf954030d4384420a18a13671	b7f7542fe1964c998143de6fc92114b5d0de06aa07443dfc89a751d9a9bc9826	8c5d4d4c44c9a25b3d69d9d408e4e71f15e504cac89130c31f592913a4c7b70c	1122254a9c405cc5c4dc9deb63b30d960767041d0b5410096b5bbbededcd4435
1734	9e0145141a17d65dd392af2fa245a8825166dc91efa59895e76c9238165c2fa6	b18c8ab2e58af858300ba7327c2c47f2654292ea15a27e397027e4543487c76c	60c02213349b14991103f9a1a423d3e24f6356730947136a2cbb8156da4b7671	caeb00b5b9d3439536fe89fe10ad66b04d28130d28a543d44cdf61b531587a78	1bbe441ca3f55c480bf353df4db0ceae91558e09c1f3b646b6d264fa9c3aeb47	a7a1bf7b996cb99b16d36ffbc92d734b39edbe6de04d5d5c66210e5fbc41a1db
1735	1a1116880e503b4b42e6930bb1929019ceb332971d9c63c6ea5519f32022fb4f	b0294d4c0f5266137c375d88186b2f1dbc4f4feef71f78d5ebca3644f396999a	1a2d8a5353c97f1859964bbaec45795d495755b0f570e59bda34aa48779f9af7	f40acb3753c170975e04274255b3f2e13817ca37198b51061e595e864cddba67	ee91d4920954d3e70ba4be09ae3e012739177a8b23d69e5a81febe6b0e5ec10a	53144c7d699dc00cdd9e150eb6cb0ac83262fac156a5284ec84700042dfb2866
1736	ed9cb0b993f254dc9f1f1826450053ccfff4f020de44c3fc0026f714cf723c2b	0b8d48078ca80baaef5eba3f0fccef365f0a4b71693bbdfb6c2f37b8d11fdd59	bfb29cda30afd01cf2db12f135ba139f9f6323fd3281d770a3e752562e11062b	9d37b7860f5140ae589bbfe5da6e6fc3b12d370e136a15eb44da66d7170c81c9	47349bec748472fa3415ed1f655adf6d19f2e6853140d621e229833cbf77d145	0d91097bd6f3f40778431d596ef88090705606855c946a9506de37a450ba8025
1737	a02b12c139a7f2829d2b45249962246324723277d4cda76fc90c62514286fd3b	8ae02fba6dbff2f8af9bc8e601f5bef3af0860babe5ca1b510ffd108b998d118	102c5c575c69a00fb9afa1436b60f7ea28e36a13a5bafb63876819f8a0ce7d29	cb8653380d8d32e7301191126eb24156c0a9a347ed93641659deca196b35e77f	df6b87de5e544b59b5e9f07c5c9daf31bfb018c4e52e65b5e0fe3ef636a995c0	028a256fbd85e7e4c950a433a701038e8ab07d576778c4c4cfd0060964245be5
1738	f951c7d735e2d22cf48ee899c33b01b089990021b407075c02aee5c947aef5ba	89114b70cde5635cd2e6ba91cd7eb7194ed3fff305e9a95179ef5a9e8d2f8afe	0bef7b38a1cc8029dbd67a54a8ec1cbe309a4484a475b978176951baae375e94	57f8289a2794ec547f1513a13f6b737fc1a4886a5264f60553533e39bb5bf653	8de2e1dbe0af66e5c5eb4a100284947eaf3e5ba0eb920c5fefea7492c5616e68	811e2fbccdb9f2915a1280ff60c0aec04e8feab66ba5d742959258e1a9e3be5c
1739	103942dd2bf6ae60226f0c5680d28abd70e28ab5d6a63372fb0a5d2605199991	fa6ff48e95af697b43c0355ea51c35b45010d77f7e7245dc0b0efc93d27049ae	1fceafb440149ef98ca8b119e77de49ca0b64ad33032f30c99946aa765cf93cc	1b6cd4eec89f2c9dc665dabd371515d4a7fd7a24fd9414177b30a770fac5d078	e755330d6017b05923637341cf74be3c381992d92d18ecf3a7a05218787f17e6	dbc88c554d8d3c846544a47c888b02a88f863ad4f0d9009d7a11d782a01a5e84
1740	bb2a015839f34c5e82dcc0d43a47873f008223490dd227359db836633ad283db	3e4c1824928919cb8e6bba8c3ed64255ca9bb278e83c7bd6934a37760f4a69d0	220f1000381cd307f3280c13ce2968d73c94ace7f8e5a58f0b14a16e6cc733c0	d5fd3d9cc0290c01538e3b54544e25baafab63b27f8290952ce839adf0392a46	16ab545f843d8c9713e916458cf00f88b9c75a167f9af76473cf4ccf647e6c3a	4fabfdf34280c7e98a9fbf02a5047d678018b94638155de2f616f8e9dad7be17
1741	d85e0b37dc33bd4f00ac984aa330af3e8504f52fd5fe786dba313e9167846bbd	5b1c6847222c9536cb87f3c742afdbda827a1738c2204e5cc1d8d8920bc576e3	7d48bdcee78785866188d493b4966a7a7474114a3896175106a8d43af19baf7b	53f80ca132e702efee6730318617fe817091cdd2667b9927aaabcb58a436a150	d9eaaa49f015d5777e9c6eb314ac6b600958f2e5d4aaeb8a61a831ae42d40396	f1567de8b9c1c01b506934d22e41b8ce53ef22cc53a492a3116edcbe2eafb507
1742	f517a1a222b82e8a86dd4e62e24227a83664972d13b6bd57c9bca6651a465ef5	6f17ba4ea8eb20d82c32860bb9657978622aa4e528d8b502ae2af1811c502497	fc94282b092490db1ad9c37985dd5439b32ac96c466db62ee49b05d12346a517	50e4387e91b183d441a73488a48a9fd8c23b456af3b4e5af5bcb7eb8a24ed7e3	d99cee02ea2541d61b2ec899533f0cf287b9556b87f36591328f75ee3b536869	a94d0518f9e29cc5936d235975f2bb6cc8591b46fc5c8a5505333f5b18e4dd74
1743	800a6304fc17f1bd45d65a0f021bbb1ee355ffb0b5c145fee17332aa010321bf	c2df34637f339036de5a06822bae781b35fd32bd3a2ea73806ee82a0e398b4e5	58b64a75248c4fe0d5d2cc7a55d894722cb13ec1167643df9e27070dc03ae6a2	1910dd0ea87e781c2dbf06d59ddb840d30d7df33349a24a1fab54f5003f90998	36522cf0c5d56d1199d04933d4520fe68016f8cdba36ea4925ab4aec7e5b27d8	f7c72d9460568cd63ba17a33e55ff7c5dc11b8d8d24d2e02e0310896a55e3276
1744	ae28957235355bcf4c211a4a830aa43fb24033a716975b9292a92c0ece651bc5	45f4f9ef0329c5814240884d9560fd0aba377cbcd7af1de6524c92fb49e5a3cc	94f451e3817217e25d62996c32de74711c6439ef5bc1080f246ff8ae144a8097	011d6c94282af7d1647fce4de16657cd89ad0c9f711999426313f2831b5aaa1e	5685201c56b7328c9ad21b78d121e7f06fbcd017e90a32e980ecdb5559592ad8	7bf11724994c3986a1587a9065e854b75423f3925977d56bec6cb6c035dff2f2
1745	b30babef39205abcf024403ccc058b4939719d9971071791b026d6c0f86c10f6	0647d74a1c24667f61c9eedc3b233d83336473be909e10509e551adeffcc3b19	4267f248c70aa299cf1f9c468056632bb458b86206ec5f1f170c40ccb6804982	1fbe577e7862c19483b85a5d0d7b8d42d5ac789d719ed4929029fd5bf8fd3a9d	3ae0b919110a1e9c0bf12a67bda0b2b66547cfaf6d4bb3d60730d8113ac9b200	6a5ccc4939b33a6dcef7f70dfbe7bff62270b91e7864f4a90a26ffeeb24d2363
1746	c9a99c457459f0c85de64459b5f1280dda909c72ddc84757f598c27542d07079	a51571abd109fc50ca16e9efc4fd3a618a02723f66cf247bc794273bbf3db832	241f79eb82ab70c6d6f835a1e9ba8fcbb88cb63d3897a260aedb3a40be6d872c	066df027aeb50e092e5a82a0b3b7556f5841a46384e286ab6a587bc1df361e2c	ecf2ff2cf9b8094b5ddfa581cae8005c907b895ecd310a52a6218bbb6dc17dc7	b126f47d2289481e70ea97882d6f446e503e6404c97cb0a54198d92790baca50
1747	bdfd5517b47b969a1b02e758cfb31394ea9d2c7404820de8f21dff42ba15a14f	2ecc1242f5f9636d86538c799cd87e3e6c67501976eb8c4d3b37b69a233c7e8c	306d1b2ae8c949e96b439a243eed7291a27f97f80625506a3aa1977d6de635be	741a8030fc818ddc2b3393be01dd81a77532a222644b2856312d1b945d8ac5a7	fb049cf08b3a26a0d9dc1af12ec2aa12b2aeacf379262fdd52ead76587479a1c	10f9a08bf85e464190e5cb55ae224d63cc3a186ecf061475499a3b35873a0648
1748	acc536119611095e58616d3f182983599cbe37203423a17328b2e09bcbd35d1d	88aec9c290d601885d8f397879b3ef0dd7eb03aa7532ea14cd3c9d279b210334	b9ab760df7ee66f490bf9bf7f9cab4ff48095b2ed099ce573d9fc38d4131c05a	7c6b1f71e486b6ea8b5680a922d9db08bb6d34493d248176084c584e672c0ae8	a57e0d61bbae170f12637a9b52229f07c6ca956346ad0b642b7bee7cb7b5f61c	39608e1588cafc19de977f9a409eb1ef557b049e55d049f5a4902d1b42f2d6eb
1749	1c93de7ce3a9202d9e67e62a12db559adcbc85654a691d4f2d72a8c1a2ff49ad	af31df67a480d92d59b7bf54f36bc0f679050e5e6d483a406a5e55287a7a9578	22b1c214f339ac1801a0690d30020880f0da8139b6497cf8a32f39248fea4981	2eca55f2ffe706e44c92d95a649a5777a30576d69144a60059c21669d94968c1	e36766d7dcb5252430b543573c736afb5dd7918471cc62b0a9c7b90d75eb8971	aa207458a2a9681e46db223234773d5d13b03d48be9d73780603e22c717de7cb
1750	3d96aeccdf50b7d011e768c9e6791ae7576c5778bd83f9a37700629cb302a1a4	4de6be9da5a7cb453669a0a986c3e0c344e485c5e762597f0fa0e053d1c44e1f	d64d1126bae335c5d914a2176bc2a4455f2e7750f5e40c959982db85162f5ed3	7aa5354ca0eba56e2f4cb2f21d56dc76245addcc57f0eef8a7c7a1b0c04acad2	45656e1dc0328996ac78b6474d7a3c3555214b61e6d1a21c42b8844ee4d52eea	81d2542606d262e938a8ecc3656575392896c7d4c861ea04940c9c31e7f75e09
1751	4d93c22f58436f59723431f1e02870abfde8b3f89cd6e4433607735f7a575b2f	00c558812cf77f666a753d0efc11aaa26ae8d22f251488ac07dfb5bc77c9b991	6d93c90b0988340f654e2953c344f2045c73d940c748c14cf12731b5b912dcd3	918259bdea2ede8b25bd7f661dd8fead6da7c4889f613c687c69b79edb2bb991	5bfd3c90be19627572eaa29e0c40e5f381dd88bc8294c3197ecc8ae52c5f9509	ca041a836c15b6122434aad51118a1a8a7125e8900672c87ab45fc67141d91dd
1752	99c56f94474ba7b93dcc31d18941c7bb6b81fb5ffe56dad5b67afea81d4e5508	3c3ad59d16cd846db05a9e1b48b7505f89d924ed68ba56ce372a7683e5bbe66b	8d6d5a70196f9fcdb73c95e31034fa879223a4a7ee0e80ef2e19f694d86ea2b6	924e744389761179e62823fb2bedc0bfd7cc45945c6decc98f66bb4898eb4d65	6289c3a06fa4cb04afccd399c116c790dfc4ab7d0ec333fdb1032b7728fb4b80	fe5b5afb079b375c55e104c2a0029b42e19d9e41219fc0ee678a9582cb3b2cbc
1753	8b1f9264d2dd4532e730bb8bbb613a64871c281faa605a421627bfe64e5deab8	fc8cd83bf960ae0d16ffb295dfe47d00c607e7a4109cc316df5ccc3b657a958a	1aaa4b49724b9635215b2884b4722a41a7753c6fb6fcf125df69b7ceadd03b77	c259cce9b1254b7eef05f5c5a201066d87c3bc7b776874f7b5b418ac631129e3	c43fb3a89bbc8c35f2eb7f474ec08dfe03cdf4cab0b73817c86ed27fd5ed97c7	475bbb4d363dacbfc67195a78aee3edec5e6cfa10784e3d12785efecc5834a21
1754	a791f25afaff7f55257ba9c58d09a90b823802d6407b074866add182b75b4491	8475b1e5824b15c05dcd2ed65b4ccd1de9c5e8075d6b606cc095700e197ce252	b29a9de2c680f45b79485ae7a4a525f69d4551e3983c21412546d499aefb2bae	2b7a332ec1601335b79dde3cdfbb90a453b313a25fef1270fce5b0623a7ead59	a5f1048ab76f247ea43a7ac39f216928ce9e964169e5ef0b40d1071a4602cf02	408da819d00383c6d7fa703200568fb10e2c95401bce4343d24ec76e6cbd0125
1755	6414348085d86f8c47a6aaff65b9583679ba721a06ea64b7089510d6665485ac	5f0cde27c36abd9f3c5d24c5ddc9551ff82678380a977674bf3fe6f7807d41fb	9f3304186ddbe3a90649c2fb24be3a4321947d12e681aea8705dbf427516e614	3404395986a9735bd5e35e5f2ae64c87fff75064aed69b79423c341d8496e3dd	cef0fabc0034459a3ba49a3ee706a308c139d7f33f0e0aa3a5baaf71584a4b90	6c874eb72f5d89a8a679d8a3ea90cd7b4e44c834047c1a6e52140a66eba18022
1756	9e1409b603be19510fc3984cd7c6e8512b3c8e586f48ecbf1450bdaea164728d	c1348dca59d076e072e949301c1bd4b2327208d9b08e0e218fd36079d90cde74	226940e6507d64bf81697f5d1e398276e8d5451c53cf283afef2c7199e758f28	a41b211732e67fc9ddd51091cd9c2d65eec53720f64748e489b21b7c9dab0cbb	4a3bd80da4fb9632dcbb8431090461216b3106e3c7a32b2e80ba111e368b0caf	678ba939b177fbb0e4f6d63a2eeab55070d0bc89c9ef8c6e722a6e70ea385bd3
1757	8f79c4e42269dca79824b4d27eff512088cfdd900f88b20f5ec9a3d8c8e220b7	e4ab4183b047e3c4d002459093c2d4cd6c4d02dfac1c3cec007447abbd5d726e	8b631ce1292a54167d41db326823181747a85af7ea6d7dc438fa07f871dd1f50	170c9dcb1dd5de48f12fd670e6fbf90f776c9ab2f93b9036c2a15e7c8db5833c	e882567928af317b31ec202d0aed735c3223d9ef46af6c8eb466d93c5cd6bbaa	92885de4b5ba3f43cf10bce77bc343e42ed50564573576110afa7d85d57dd02e
1758	e8dcae5c7c05383dbeb9dbebbaaa7415390e83d9a5eb9b382ca57ece14ccf291	97ef120941e810a37b89d60cc47ea471e391f716efa9c2791fe273269fc41d02	aea9493b6f4c584319e4138c2c4399f0150b75c260a3280136fed86b1dc587f8	0bed802b583c1a312dcf11216a1cf2be1dbb4ff9e667a9858a983243c185ce03	0ede5f4ea70519cbf449fe4a81c8ad7cb3a81b48b7c818eccbdc7826d0aaed92	d94558275ebe9e1f93c3383d2870d31a7c88cb7ea8359cf78fdd64f911910df6
1759	4df371f772304d7cb4b7c3bb0cb46300e5b23f474e90c362b61b4cb4358c1c74	0471710e2568d107abf7d1be365525a6e4a5c451d7590447e64d161c3ae56907	572a7b221ca5b448993d9f164d7d51590ed721d8de5c406110eb8d43fefcd3ed	84375a3f89006bda44cdb1ef78176f3361ce3ae675f2f4c44f5f820347f94195	4ff156bfb9fa3b4e58ce7841382b0aa35b9514f18df30fe876b206f9b859c6a5	aa2954e42b6521156b5a9aa9bf3034353103e0c78b9f28ed0739d061381fef22
1760	725ec630dcdb10d4694580750778ddfdc7ce84b7599d132defacd8def5e2545d	d446e068108af475f93697986180b8135c8a3baef339d0b752abd391785494a5	d1e98fcb3919a8f01f0e7620e5f24a121810a4f2759d36b27ee63c2d3c20697b	b8d2537128165a44bda49d9ec3c1d29acb8b3c681ac06085bdd10ae46d8287e7	6a93779879112bf8e224542299f7095db4796ed45983d88d680c367ea87e292c	b4edb679f511b522384c062870c618d3dcd8977f5a819845eb7a87d708b0fa60
1761	23b86fc2ddda35cb794a23d66a29fe1d9ce4d916b8608445b913c52b99025d83	4291db0f2c7768edf862cb022067bd6cb630d44df1c41b593357eac13f3b36eb	6e0a89716457fb08fb0e0b045b1a54093e94222b4b98b4e9ee7913c4be74fb20	2253b24979cab7d3e1ad0beddf6a890ad22839a6ff1762bcd749a2f55a23de03	19d1be9cbfd91580b979a503f9a96d9b37a5972418140d705afd7bb303798759	8eb0599934ddd37682067ba4b134b2d8c19970bcb8b946c9a169bb842043f714
1762	f7a82ef4096aa893f5968ec2bd4e5a03a9a438830f238f2d16e9887057d946d8	a9a4c71f6e2d7f0c8bb0689460b4e50915075d5228f7a32fbb5769f95f9160df	f037051a8f2a462fc5a5c4ee8df983e6f548b9d0bbb0335cc841d6c95f5cad93	a2b99773f132a211082e4eed8c59c8022ff0361de1f62a73062cb555154b8691	61123b2e3972413a86739b12dcc5d1c9f88d3f368a807caa02006e2bbf32be4a	ee4c3eb58b91bb90cb95583ea01da77af39a0402853a6d1e2db396d542f4b18c
1763	b9d5970d16e03e3f5d4e5b9c333fe29d3862e8780e2f7e23e8efb04745554668	ea5be78c6c8172c715bfd4b69b64cad4d4f277bc4159825b5731e908938b8423	2a7b2110bb695ea5a92b4e149a51574509fe272e3d071d15db6461c2ffc699ff	f926ddf2c3597d5fafca9f78fdcec5419b9f05d6a9351e44e8aa4e2eaca3d5ff	95aa893c9378a8034a78222ce9be9e19baad3c9820a792b61c369862d17be150	ef8d14caf1148b36d9f4ac1c463d7c06c2d8303300ccadfffb26508a2f7f4064
1764	b278274ca349016e3cee3d373a4749b62d3a7074f94bdf85ea655f284448025a	ce9e1817230f7252eb48023417a22eda86be06c4857718885395de614f428f2a	3992df15b5a571e90e7dd092902722d1674b7914f4661901d97bbdec4f63dcc6	0cf08999bfe74e570d5fb6d7808f5a0f9da5f37160016480b5f200e5093ab368	878226c595fb35f437fb96cd0241411e315aa77e8d2c23a48a09ff0f79ef5519	eaf53aa1df4541f6163f53e43fda2c3fbbc962745aa2d1a2524c42790c68236d
1765	e4fd68496b50da5c8e8987bb5ce9824418921faa870e14ce9ccdbb254a450863	718214d68764cf4d89575a5e2d8807b14d1dd7150777a17cf5f875708b4b7a1a	672bf90129c3bd0fc6697f5c203937b8b226f0252a17561d48060cef8a69badf	65f78395cffe9f78880d55238765304b0661b56972d5b499f63abae81ace90e2	dffb51f48b847e3aedd749f8fac7e0710e4b9c460ebe08477f4d9367c99c254d	1c2224115ba2e56d8052ab13cbf353f2be5fe29eee81d726ffb0ac60fe7a717c
1766	86a503382654df28ad0976b990ba7bae24dd5e24b4e7d78afb93568ae0b4c64a	9043693fa58f37c39c393fdb7d9d8966fe6fdacf475e67c2bd8ee84b1bfaf7cb	5ff9cb8155b60eae0cb9d13b09dd633336a820fcf6d27537d6014ffefcd58110	c305aba524bb1b37b4e9377f88aae07a2e55b043c00ea1c9ebb1100302045c9b	e1d0be296a7b16ea144f59646f568ba7f9095b4e7772491ba44ca4509ee8bc5d	9134e4867d01bae39003f6ea453b0ffb1bd428c4bab91ac32bc6cd76b189443f
1767	a7c62642e74d2234814b0549160b4288f327d7b012df603e0c3196b61f4dfd3b	1ea4e665a7c62a9f732d335f94124b3cd070801b525cbb43b7fbca288af0f478	6957687b2b47c4ba71a1126924acd8cd9e16cf494878326d8f94afa3015605e0	57c8e3d6d37b2b39653a34c251e88e41618b44b6a26854da0fa103c2d16c6951	d9a646c0f48c99f321678f0ea08b0782bcbc35626378426cfd5d05ce9560b80b	e82d3d1ad58604c296a526bd398616fd54841208daebc8c357d8533274a21e62
1768	934b61bd6e74805b8e4962a3bb2e9ed436d1268b25eecf1fcd578f7f70d1106a	b82910d250b24375224d713d443cd2e40a48dcacd75cc6ba1fb5dc4026c8bbc3	42b6e581033d7c6e7913424e82e7db961462ca98c6c3e9adf4765c8ccfc9d20c	f476d7c82ca8eb6cec5f9cf2d43211716bdcc9683d324799e785d3f9cb6bb49e	4b8afc7757c650795b206d5c0fd0cfe698bb06e0181d841074ed704f40bac72d	3dbba0ac25587bcd8ce3effd92e2c326db76d26e508364853f8e0e4830d75c52
1769	e40581b735da75b47043a393e071b753252b1a0295fabcb83e55a49d4d4c7113	2bee603aa82b0287c0d21b93974dad20f70185dc5d4ffcbb936cd368903efd37	ed661f7d46688804295ec52ac3b786ea90458c99274cdc5f37766b162b4332a8	1e56550a9f9571ff9327c7e0d7973e2eaf33cf5a5e9826ece091be5a07f98994	b4f16be4ae6875d56f7d428c42128a20edd7c0a07590d58afcf6d9c9c72388dd	db978cce621c044ecd32d1a188513955cbee460a21dac74bb01386af70ed72e8
1770	b9b8d62de50c2f52171d06672e7c6ac985160b28a7641609a071f6dfcaed7300	525a64d89f4ff93f60d4395af24f660a7d3ece523d85448f590383dad1bbb743	733a52830fb1af5abbaaabc9e15536ac1bc330dbf071ec1d2a203b898e754af3	2749f08233b37e447747e568e218bcd44da113f49ad7049f25104e2beddc61b0	87d25830f7535dc34679c9511781f8a8d75e729d693e9055333563fc752bbce5	4983420f62c73bc3e173653fd9a861db13235925755a1e9001f8ae16d022dc6f
1771	9ff5d9a4c0bc2f6fb2f104bf8c6ae27a1b902fa69f3c3c9839b9060d26893a59	fd161d4315ef1cbdd38b250e35c81e3fa78c2121c42797bd573aaf0f710bcd85	e9e97d0e1027d59f60a5c0dfb25de560c3d0ae37cc53feb1c0f598ab6f783b5a	ea1bbf307febec846318b7dbde02446aa6cc182c5a9e96236eaea228c65718db	d437282bbb1986723e9a01830253d9ebb3de078b6072c538a3c2ff6b507bfe66	098dd9c1d9dfee93ff2168566c89257b058886d02873486d6b1f346a52d2c026
1772	da0ca5f47238c43456132f6bd79be52ef2f20fc55d6800a7f7a17654f3f71b69	d1b94a11473940ceca22a00c91056b424f138cdfb20c7051acbd7e240c83d323	4cb0ddb7e856611318aef8132616d7ea2e16a74ecd1278b4d5dd7a052412ea3b	8dab518cace4bd43fe80a710d16993fc8662b19a9c38de621e16737afba0ee68	e35217823dd5a7d854c54a886e42fb61463ccc6dfa3e2783abc742044eccb25a	bad3f43b5791afeff1bcc6c2d23265369284ab92c89d8973f27444aaef8125d7
1773	d815548ceec7e87a5ab13703dd01c2a7fd7bdd832dd80361b34755c58a7b7b46	170c27b7caefaae7d65b9a6078b7fcce77d25559fa0ed1b7e2db27ce81e96cd1	e3097ddc731f61237afdc1bc3f72795ca63772d7ed42647bada22218ca6574f0	5aeed1b502688015c01b8f7fb540bb56031fefeb6b7e1ad5aba1d77dca1d1c43	07689aa9d6364d1ec91ec57dc4e224008121341350cfe69a9eeb2c59749fd241	a3e728ae7eb421434f56f45671b29c5fe6a0461d445d0b099e49b91245298762
1774	bc59093d3a7853d383ade89b5cdce55242e021470ce1d623d193c0fa6cb8bb11	e97edac3c2e210aaa6523d1038112ff9c80b1bc87b502819cf83c50e896730a7	16a1d1cc8d3a56f8a5ca842f22942bb36532f20b90005729fae6548b42dbd44a	e362eb56004b74b82745418fc470e8cc719122c8a8523618466bf488a84604ab	d7e8ac29ac3618227d1743f96c08cddd6581aa14bda94f576a21af0e86acc630	52c22210ee3d6f2ee9a37ebb00fd4f4d47d39a9ab13c35cca5aeb1a5e529af46
1775	3e7c1caec3b1208e5a9510eb733b52e17e54de070dd15e8073368d35571b115d	1a4ca4b899b314aaa5387004941e1fd7c752ea214d59af887d8c7ad8a42f1100	99556f91c8039cdc39511978ab7bb47ba3ac3f23e924b990c843138809efa959	45ee446320f42dec7b0b70fabdc7e4dfd7556c1edfa956924bfd22d8faa6c594	b80715a3c4382ce766fb4a558546b0256e58dd615a3a71803440abaf0a93894d	e4a9210407dc0bcadb76929051c746917163b2362f8ad770c5e4ca208d84b729
1776	d2f72c5b0c95d595d0b297dfde062907bbdb25d5d794bd7352fb85dcf2b1f59b	7aca6fc8ee1bdf7cd73748ec98d7551cb540a91ce15bcbeea91b26402a41d237	679633b45639eea116339a25fd96d65f3ac1a38ec41237f3c08dee3c5bf4ce19	edaa02e5b48b4d3b0e2f859ba7030bf7f314d3325770964aaf6ebfd0f90a3b4d	10270d02b36fbb7cf995cd69be6bd96a756d7bf166ed6633a35057d3e702d83e	b604bc25ff1741c020cbcb56bff172e476c4fc4ba8f0410791e9680baba202f6
1777	64c08e975436599c244e0743c9c4ee954388e895a3faf6c656ba0d6aa952969b	428e87a627d95fb358c5b84475edefaf1a7d7b249c6aaa4c44d782ddad7e8d05	239d41f9470db6ca4232f31e5d82c7485aaaa213c7b80dee7d0eaf0bca0f7b79	66f50e9b126fe813dcd5ef82ba85fabbee83d4a1a1c0cf2ad423fcceaba56ebb	693505ec6e3520b484f69656b6ba0b63cca6d9338eb0764e4da7c463cf86a431	f1c6168e5b6fc42fe57d802ecfe6b171b69b063b3a45a95979eccd3227bf0979
1778	40df03329cb1633ca6ea1278013a209127975b451735674d617e123b39c5cacf	da6d03ef9fe85e0b3ad16a3752f9ebdf828302112d48a845e41621b9cad38af9	e64f3512a8946cfa1ce570677c681fc95ea9f2b2636654ee9f3709384ddbb611	81fb27bc5e2d9477714914f58b228c32c04422a1fd3176eaa0ad91d17dfc2e4e	bf1cf80bedcac92330e6524712377b5fbb5e2bce3ba618cfa992210c5bf9c044	e5b95c222b3c86786ccf7a945600be229a903f6acfe0935680038ff9a0a5be0f
1779	f82238351c44f5c58c54f2b2fd9a628d777a3a05c18f10e1b3b47fb3fe319e37	fbb9d2138db8cab6ca2f3509ddf60077070d90366ec69ba7467fe83b896f9376	9cd88bcdddb56e7d2dc48749f03e89ae69b1ad7166bff9ef97352fc9f36dae7d	b80738b15b6301b3b350762ed378de8934f61b1debd1b053af908a806c405c39	33ef94362345ea211f0bbf7b594cd8c0790bff697e98a8b303dcb40a02fe1af7	17c58cd1bad8405cf27f01cb0347456bee3b72b84a476efa182a1b0dd44770a6
1780	f12392845496cde5fa91dbbab8e00a8b3369f08dd67672f97efebcdb114abf31	29ab8b219549af39c7cc7cf5c39405f1b155d0bd2bcd22e3b74f5c260cf520c7	392dfbadfd921c89a727b2ada32f297a1598f8e5b0c1e356736ce32aa15ea670	84c22b464842c5cb4aad23bf9d465760596fe4838add1a47407887ed877b5219	b0248db439c8766ced580b86fb11032db486f0e37c8ea584ac59a186274e867f	b36bc01dfeb813e0ea914cbd65a16dbe67f16285c398fc23a47c17b23d7b0d03
1781	a7333c5b100c085741426074be7ae9d3ca2c0e544a59d5f62633f007d15251af	8d78a2532c70a59bcd797d48de71ed5226fa6809d93eac6ab84597ac298f0402	2c7d485823b5d6e12bb2358aeaa4798f5f4011f33e04017c53a9885fc66170b9	9267ea1d3269cb5f6cabe1b4a6c59b69413a05d1d1b52e04fb2e423ffa5300a4	ca025fd798109f67d2c9f7a76ddbd93477198512de940de30cdeda48a571151d	36d1b9eb60c79d604dae4c5b9da030787c7ccdeae8d1b48bbe61a92512581a3b
1782	771c8aef85ebff91c3f13830b9cea84b0c954e19dc8f2486aa74d9b4f05859d7	70b5df14967f887413fa5f3ad721828f754a9266c163b00401e1357122c210c0	e9fee2a090885c3c9e2bdb0486adb0e05682617c9ad673998d28dd2299c740b3	5b1f814ff0e97b34fb5df16266f65df7ca30ddf9d71bf114057c00d7280b721a	20eed5ff84c0e8f1a153308ffde06c981e6ec3b48e39c13f6433b8e308a7ab20	3a796319046063cfbff8bf376fb1d3a0de8a4705187259ea76ad7f45fc6534b2
1783	147b6397594901d71a43730ec301ec1668326f480f1a3bb39cc8a6fdc2f2f5ec	36f12fc40d2e7a8a4228a292c7afa2264e37ba1c93b39d19c6c16ac34528314e	19e627176dbaf5441f03b019ee8db6ea7fd2ff564c1ff3c7ff86ac59893836fa	0ec75424009b5dcb962ab9026fdcb04fc5f58c9a48d00cce87ab67fd1dfe137b	32823f2430f2abbed6d40d123d7061131c07780f65ff25a689baa6c765aecb05	77839c8d309c707c869d85f16db001f813acd30a1aede6a0bcf4f6a552ff89ad
1784	72a1c0c9d7d62399a20ebe036b88ec6b541b68e9160b84e688ac8f0f4a59ac0a	7380d48502550f9ec7484ef296b2312280d1b0212c6a2290b4da0b0a49130ca2	d3e7d92bcf6cc3e5309f20f75c2ad116aa27fe0fb286561790b92e3d9d7076c1	934899a575f810a85f7bb45dc96431e6df3d2edba3132b7229da1787e73ca9bd	c83ca65d098bb5ea525cb41747697ac0b55cc4e1f8c716aedd691968c8214061	e76c94dcc83a744bdb7ed98e8f34d1beee6d3dc25469b565ad2e60befb563fe0
1785	0a006c929c6956529dd504a7017eb5ff27062629d18a5b29e4c43d6dde25a05a	8ad8d7c976c5e52928dc159024d61b3dbeae4e7924bb5f53b2b176127915d7c5	f0d83d903300e76b1b1cadc173eb00bca7876de948eb2bd424fca41a1a9ad820	96925906a1e3ea38942628f080f5388edb05e0f844d9e1e084d962b0e4d0c95e	ba388892fcd706810c5ca347fd50564285fdb19d8dad20ff0191aaea7e7e1fa1	429210ce0cdc776b72bb6e2ec4eb0eebd16e966239aa64abd53201e4ad7fa990
1786	0b3d78ff8802525597a7ead35861324891609ddc6b8cfc1f3a2dd61e20c06df8	a86ea51745677dc435470fd2baa5be7a472d96634cff30dd9a08a1687ad20552	248900150dd47ea1473fa88a51f73714ae5e10eb31204b3e2478cbb004c14e94	4a55cc9ad3e71c17b589aa9e7dbc9a120b35600851bfdbc90d2596e3b8fd0707	7113fd0bdf02ea0ba6a941cf5e2f48e7f9745cfe1c6fca9d1c9ccdbecbeeca03	9bf9831b35a681e39b626aa8e59856d3d96d0735c28420ec90478efec6c56bd5
1787	d6b246f49a218596b46182ae1a1f7868f8082387aa4d0663587c9fe651a179e4	2b63c8c56e47ce7f6aeda036f2e687ad66ccd1f09a5f215453b82bfcf540522d	b83b32bce469ec3a7c5330f9840812c559366e98880ac2618141b5fb51ce3a01	18891d0a69f0dd308eb4bf7c80b9d4250224f73e37b09f41bb842ed695f52afc	a90f50659172e3a1714081012f7ebbb59d4ab5089a19c63fb104a186ad124f4d	7f19fba4b222647bdb3fa9b5311b97a52aaba364d4238a09a47183adbf45d639
1788	031a5af1b4517f738734ccbc60915258bae2f987464e30d8c93eba927ac139d7	6afc6870fff8a12a9d07748ab23874b522b63c4d0f310583a7852cdead964ac4	f0622c0878cf19eb0104707f8bf7dac8027b9723d6eb69dc7230d0bf6067de8c	b7ce950793d4698b83760b811adc3d469d0b446c0e6dfd6f4ad79055d020a98d	c64e85ed26a7ec71f9e0eb9556c4dad6eeb763b28f8d9d1293d182f6681f2189	7ae0148de8c40b106b59cab35c6516388cef822d54fd477ddea6fb94c6bcddc0
1789	6c2c1e9267cfdee661d117c0d266cb9fce63327ca64b4acd19521bb688c3eea8	8a1113e8a53916b6f4a816bcafb33cdee2897311260a826db97bcf9da1d40954	007f2965badb08231f30ecae090d1da9e2a5ad9d58ae9e2e4c63011ab65b377f	fe85f8943a492c7be0cebedf2495d63bbc65a4a7d438d7682ffdb6107980715b	6ee771e2912a7eb8e0be80044020b1130c38bc811a22535887019708f3ed2e3c	88793492c62e7d106935642c9cd5fd2a57fc33efce18e14bec9f9fb7a6d869f0
1790	707c17b89dd526f1eeba8e1258a5e242ba1fc1e0fe97f54fe15f9eef442c36f8	365f509ac1641d3988b828566e7f2782924a2f7e64a6259ffd5c0b7854387c41	4346dffaea72e89cda5d3394ff79f103cb15243baef24b8b36adbd7dc021c753	5b80f307592c939f77c41b6c4ab4a56c264b647acd890e54cf4012bc8aed7e4a	1fabdee240fc4f004e5cda60c0822bd55139281608e7074146a15b0f702ebc07	23c16161dca052dd6cfd8809633e803f24648b7509167e4cad030b7794eafaeb
1791	4f0486908bf94b28a01646c4590de768f28da90abf2fee8ba5e1c8595f747fab	4e8e3a657e74f9fb64f7f77cd2aa0997f578ddf194575caf2ea91ab1481a7493	4230e519c4d3b56cb1c7826fc34e890adc292c60761414890c513e8380b8191d	0b189d66b3842c8ddfb27ba1502cd7c32f0fac6ee04fd1bd5a6dd744f0c5fdad	13c3b69a61e6eef5a646759d6bc1c2af606fd4394e9c88ac84002098c2f0ba0e	3bfcc651e6aaf51d491b254b3201887178e20269bb164eba797c858aa4d8c0b5
1792	19b23dbf235df593f897d806031891fe3a3be9ce8812cedf4471b5bb58ad9b2b	26f0f529fb7e7d3713bb6d23b81266ce0f88df870cf11d2ad5398a5fe37b699e	a63a84cce8477fd49605dce2ed65c2ad59ec0e257fa5b557ae0df67abb22529f	4b48e806dade5a41d7b20f04895185be40fe2ca850073ebf31bc1f93f8b17918	69a4ef1e77ca06b0f757a23454df37b498b6a3532692916ebcc2b8a34ef9a670	b6381fca3da8792bc6387c98e90c38cf61393101c1b8bd2bae8e7cee2536ea73
1793	6f55c1c0c31e6744c54858a04c13e9696211244693611bf53cf9fa4d2a1ca469	efd30abee97de95a5c661322d2e6b8f15c856955a172a5c6d938539ceb989dc8	75df475bc3238b3c3fb3f533a5a035c9312de365ed18c4430ed0778ba33aa8e1	1d5454e4a7cfe30589eee23d3e0a61d9ad4e41a1da824e8b2df77d814c933bcf	cbbb9cb44df0a0bb883a0fecb681ca2b224c52e1a0ff54ea8166784163d6cdad	bddd985ff7ae8830bbb8df34c056639c6281a62a0544fb41bb03c369a74a4519
1794	302f4f342f0ed2c7a44cd3a0cf033d8eba662d7da5c9ab007057715ce93c2971	ceb485389c31a8c3b8c828ab5eb399d8a45e999c80e7d0d6a54ce2137179020f	eec376a1c9846b9a3504e8c9078fd04eed2ecd6dfb469306ee54fc5c2d0ee0d8	65f09619c97cf74458cb27608b7b2fbd1e047d1dac9be4b0647f0b4baa407707	24f373b24cdf5b279d1244f798a7f5a689d812d3ab1d5871e186d728b155848b	839211a80f464585aa0c108f78eaf01b5a6e9b9d4e52b13ba38c3e077b1fb99f
1795	7c6cbe048ec72fb57f7ef07a0908e4d317eb51fbe4f194b643cb654eeeb3de19	f5f16bab6352194c0b288123bc33de97bf421f7c6cda616ba69186e0e3ce94b1	77b2fad4c7919f94033e2c617ac1d388e671245c54ed5fd3515f31886f6676f9	f08da3a07263c0eb537aed8870b449d6267060df8c0d3ee39aec867be89f0585	6e67339b4d9b14de8fdee98b83818885d08368fe05de5c1946d45863c7d2fd65	9cfa64b300852656974316d8ff965c27c5540c3e4655f6766788676656c852db
1796	a0ed563ff7401f8f5b4c5bbbf4376fdf90b534b7ddf95ad9a3e61f989764037a	1687d3ff78eab09deb5f1b6146b03f894f1d53231610980101ad73c70ce532d4	f49faef6f53cde3f3a24ae389f47d7fd076fa8141883205a9c016f2ed54a28b8	d1dd0947198032f7412dd88b0ea9ee7219cc97e6cbe051e672b3372c4932069b	e6420a943e09db0c64168d765461b4e38b8a455ff27dd984bfc9b12f4924ac08	73c2ec944ec412cdb36ab936788d10da61d4472ca29def82bfdc24181be3d071
1797	a9a643ffc34f0962abf71a3eed381d6a8496e0420fad7452681ad22cec90f61c	0d74e0e6896e019083aa83efcdbddf8dade383bcc15982ae188cbaa0e2543849	2914dda393579d7298530cbdba95df80ad4d9d0e3ccf436944fddbc67143272c	c8aa7a7e3f60a981a81a13ab65b9fd37fca9d4d61c14d6f7edb7fcc160b00139	162959271d3f91c70a1237f0d35b9ae6341b4efa071645f0dbdbc270c0a095cd	b1e582f0cc58e29fdbccd0db91d3fda309461fab2cc5e1eab9bb7cfd04b6c2e6
1798	c6e604845c914302ff9aed612d88b78abf8d93737cd569e95097a6e3a3806d2c	d99f0f7cca06eb2a7e889e2544b0b02e089bf556530b6562c27450271b235d43	06465e91f2fb15355a446ff3a3ce8e9c95bb67511fe6aec6fb38472a909e445d	31a4c3c9704f8ea282b53c825d961fe9abb29cc16acaf974d4ced67b714107f3	ea431ea4f7d02d13f3d418003b51708d46a7e417a29e4fe25c8ea24b8c52c8ab	38164b4225699ed51805aa460d707d4f34a5bc5a4a72b0f539088c8d9db76adc
1799	843e6be4eea7a598382064ff593926ae203dca09085a47c3fdb757ee27223256	1a55af1947835ef48a10b6bdd73e77d32bd13b1819f27c1fc10aae263c6fad7a	7b5b7d192681f06c6d273b95579e75bbb6239c735d63928465b859bbf586e0ec	a4bcf0efe9ee1e68990d2a85d9556570928e4078ad794b05cdba8e200a115f8e	63673d99541335a119a5dbf0b4a92bee52970df6d6be5f9297bbb150912c8eea	67ab7110b3cd02dfcda2c17cf396e916a92d08f7952031f8b3bc0bbd090527d3
1800	b67a41f0559f86289448a87dfdff22bec9b3371f1ac138de0ef4e4ca5701dfbc	22ab0b22af30235c38a02d05c523f62033f5a7932fca88f608475303cde41f76	f2ee783a855b0515fcb073e35592ab5a9bd3ae98a50b7a8140dcc60e28de1fec	93906590572a6bac80c79ff24ee89e0a8715fad5bad7d832f91b3c4bc15adb65	e6342e1d2482e6f18ce309f56afa60dda7c99c4497ea137e58c030337abc9027	9cbcaffb70c2a54bf3a7170da029a02eb3acc3ddaa2cc0462f1e0d51a7f13661
1801	217323c1c3d0aa7a211b1e03f9ee234f37fdf58217cddd3b71527f6c7c3de210	99bf276e115400b242ba0a5889f79314c02cba74b3633903315eae6bd9285f5f	1d64234739d5d3de934de44f42294e1ac92912b1ef8f3950a6afbb457cd64e6b	ff1f5a38e04935ad2ce6a532c23d8483872a4d465dff3e7fdb59006ad1ea161c	c5ca78a892e4064e1ada898dafe842b301dbcdd219d0db8ca7a2fd2868454571	54135cf68bd5bf416918e7e38f00c534a509b4254f1f0aefbd8bf673849b3030
1802	55467034cab00e503de10d6d1a92831a9c76fffa3d812dac6a3091b5f5ffd7fc	d36b87345b09744b56cfb451e1ca4949b475482b4b19eb78e46dc896aff0a20b	2fef17734b3f09e802507ead833965952975de6de307c3420cf3531cad366727	20f6115d1973c504e450fd29603b9489186a7a0f589b53600450f129fcf5fb03	c6123b09794c3c87d0e97522b1af2b1fc4551226154da6e998898a78704ce047	bd435ec51e2698dce48e31576b60ea79020bff567d532c21866813d49e3b3fcd
1803	e60a8abc1a5f37f40e472860a1ae990dc84e80b237a090ef6b4911065013f2c1	93bd38dd5189d9841c37fcdd884ace70dff9c52d9863858d2da3782e61361b95	a6ae836d1258608c885bbe594f6b6c2f48e33e4c1121b3eb67b464f36842f53a	be5c71fa0b574dcf5dd4d3e894bad22a494cb51d1e098e4c5106b3f127ab1cae	ede96d88467c29a189fa2fddf0421f598e2a654c5f4d48a7d5e364eaaac03196	8f4afb57e4bd7d7001762bd1a63fef6abae1743d531c0d21af725685283a6db0
1804	66660552bf4faf4d7f371c54cf3019312fc83243e92dec187f08737288165348	faec3c5b837352bbe77fa06e93ec8d6c8170eaae93a3e27b8931d1f97adc061a	fc0be9b1378337e48b3d9212c3a4016052447307c9997eb4021de3e952522525	ba70a648e32157d10a28ba793ac9b0b9d48e6de3deae12ca62827cc4893c9345	4b0c263a6a0f3949c1b2fecb35e7f45422a0205e4d16570a20aa0da7e1a1ff9e	fc4fac367f347fb45548002a8acf3e45fba2ebf53a746fb71c90ba19cf6d4b37
1805	36f9b713790c38458efd066639870abe97092079bddfeef2043d5fa5108d9694	621ef289b54a841d3191fe92d429cd70b142f44bc8f3974cf21a720b3544870f	4576cc7cc7095ed0fa5eecdb7d1d9060c3939b796c53326b6f1e2a577df67692	185f223e7bb37bd727ade041d3f0bcb64c259359fec06aa1ac968a97ea616ff6	ef8c2aaf5a9a64fe6d0ca9d60399cd9386b2e43c7a07775b081eada9403a1414	1d4c806592ca386d0f3ce870768e26765dad842a472fe77db5e9264540766ebb
1806	2809469b89b1169e15c7108f4ae7631a457ca184c275cd6eb6d733b85bfd7307	d9d610836a589c026eabf6dd3b72059c3bd9441f9a037e998437bcbb30f15811	47523d76283f8a5b2a759189af40ddf8ae879074963990f0c1340d43dfe2ea4d	30e67605814ad4d5b9c6f0eccf5d346cf2915c796c2e2d18ad06dd29edddae59	896426c19f4fec5a63bef9d1e3d3d4cac3895a00e3a60855dc82bbee6476f042	54e75f0777912fca1d94e5a9c9efc95158b1c9e6b29bc48d3fd57ed3abc4a5d6
1807	a57626f102af677450504d1809679d33ba13ba727183ce2a61dad80ea809fb2f	a2ba0e45324ec9c03d70086c7fadeceeff63be0a2cc6c4cf8dbbd68281c72839	bd6bb4f1b815becb03e1b20105a124a5451433e41ab09ac6bec14675622a0fe9	a1ed1e37386087356eefb8b1f2b2966195d4da52f7f579eb1a2bfab68c72fa19	de69cf016964cb15ea417864d776060df53fcf1a3695d40d3bae2d9621667d21	8c12c0861317af156418e9724e57fb510fe995c72d72ddcdcbd763ef76d7b4f7
1808	3e05aa69d2ff3b1d55e8ffd55b0b29ebefbf85533f526f01cad9c143c6b87bb4	28a4d77305c4b6107dfa89ff919da5cedd6724beac2d01cec7cf2c8d1f470014	477e24453a18e4a9a7114f9029aa86d0072d7e3fb2faf629c3516bf793c31c07	a6544953e88b104557134a3dc2e2bc1fe486cffb310e52d34c4a7f13cf897f0d	933dae54e564ac4ebd821bcfc7a08055511bb4788ab1d2872b229663b9c5d17f	960ad14f3082e1a0d5417b7d27d38f2cb9c6b3739cd2a4d548f70eb2971167b0
1809	1db254dd33c1de249c660531c711668345ef54a4b47ee4c4cd05fe8d84ce998b	501da680c0d66c29b7e5f8575fcfb68e498150f5139d64423c43c8b1d4653aa7	487567fe3e2cf6c272b47a4abf002dd71fbe57bc7811dabdeba0fc91af9a872d	5e102291f530373a9ed143201dd9d1c0017ca8ca3b553b07d7ff18d98b226250	5c56d0a756da1e3207753aaee45bd2b7aa8122846e7247762c2f79aa6847a9b4	e0bb524ff1ff96590e474bed1cb621f6e0d69a43597cfb74bb072128bd883ee3
1810	63c8b154a32d1a3a81c0fefa7a470619e1202afd2fef407b066d558e2c152fe8	48a9ad9282c54b6205e3d37a38f936a90df8f7b11ca64a6e615f04ead6e1202a	4a3d44350e7ed7d854fc373691f3bb5ac5c98d0e7b94805479d9758ead0d19d8	231c6664574b8cfd2ff1b68df70de891e978d09d6e79ccb3a47c5509e2cfdd26	a41d3f08a51a7640f53ab3a6cb60454bb3cfaee0dc5ef25869abebdcdb7a6103	98c3e24bb8ccf54cc1b6da65237a5c93aca455d6e7557f17232919f19535c29d
1811	77eda3d8e833f2c4aa87e9ac7349dd94d572f0b66e4e4450cc847782a87c1d72	a030ffab908ef36ecb5503209fc41e8dd79a48a6c041ef5c8e9e4ffed02d6143	f78e1be10a07c6674e8a62ba14fad133a57c4a053bc47dc9aac15132af5f91d8	bcdb45b07ad7d1fd715d011581488acc1a16bba6ed254f58c65a8ca3bf3d386e	674687de7df78e41e100e05d1ce1c246ba457c56427ca0dfa3a92625a437e184	34a9e1c0aea750760a2060deed9d4e10c3aeed9be97ff93f56934d375cbc2cf8
1812	4f77545255bc5a54cc338f2667eb69deb1bb52db70b941aff70652f02df0b61d	9afa6a0a4ea500813e6a5e21ded5a282975a62d0c2197dca47d80835ad6e567a	7d617ca5efb2d307f66c63eb5b4ac3e9f0cf3abaf9251305258a80a6c24784f7	d468b02f7e3dc6289be5c0b486d15640d6d05462f5f63d9bc1890833ca63a369	7e661e3c391dcc9d04d9c945e29943a1533d1eb94c8c23d2beaa031aee72ecec	5c34f71012e1a838c8d33fe794f11fad0aeb9614ec65258ea01a4ac7a4a6b231
1813	f0bef6b7f8c1c474a8e2ed8d1ca152775e1a7877248e0508a53e7c3284bb7448	85d8c8712bfb134326346c3ae02a2f20d114c7c48d0e0de3d71cd7db2da6a63e	765c293d7c2b86d9af9c38f9505161060802e140820d901e99ed355c8681a6fe	cd92c3fec23ffe016580d4e521d4106699c2060185bfadb11d505b7a0b49a7b4	2fec3d10873a50f137931b60caec6ec1f4d42a19ca6f73435e7be07602a86862	52e9dc61efc98a97ddb9ed5d3d97e446cdabb3219aef8936443504d92715e616
1814	b38a9a52e61712c277b561ccc393064d15d4745fe77b7925526af076071d47d0	f2c3a51661ceee5b43cc154d3d4ace83a7ee9bb894c7426c6b683a2fe75dcedd	65d9f01acd3fd45c69d4985c73fa905743805e4ea4050b8307b6c4a4a2a94831	d833d022872c6b303314645cd7b3f6860b13c39a911e301acd7dd52639ab7bb2	d0058e716774ce0779d9d74520a5fd89ecbf66c599d811a119ba3bde4b8618eb	18dfbd609121ebbc713f33161a57840d0ad194df24506b10d78d5d554a441005
1815	97e44dbcd6aed0e9b8d23b2898938973d369285bc76238f9417ece1b21f83038	e80b7f290827c3a12a171e06ba10be39f2fe1390357187b47a37d6f1081cb275	a951c318e41f54f35a393a379089026f72dbab0322b8385eeaee59c6ec5a9d8e	c4d83262ffb60838770ab3b9e80a6388d8d12d6f1343524c264d4fcefb9687c8	de416f71294d65ce8d1838bb213ab8f7dd61fa5292e2f8a6bca6d9fb55dffe97	bb9766c6a87308e4e217f1b2ef079847666b82cb0f728812e0222a3e34352694
1816	98995026ca565b4c742d6926069d961a065b766e6b6413796388930c5c2c8213	7693ecde0939fb8d4b08846aedcc69ab461c261b9307562f98b19b5fbc0a1ecf	0a9ec1f1a49456eaceef847e8dd8db8155f62302b28babfbf31de2ad2dcbacc6	1f3b57ddecfc99cb6b0e76ecde3df11f5a03dc664fa96a1cd7994411c5dfdf69	530cbde5333097b1ad1ac1d9c37ba02dbbe6e4caa683e20a355bd81043c911d2	d4ea2ff426b327cd1e3688f4b2f09e71aa7b777c62ec2a5d72652b93cb8adaa5
1817	54d8db788eef45a6123b1930f364f9eda6af714908214baeb2c28ac67d012e15	c83161c338af22d9d42cb9f37e556bfc10730d1af76757b07327d125f168b86b	9661561670192dd204d7f2bcb37cb6f5eabcebcdce5e95283fef596953affdf2	4b5b5ac21ef68fc36b5dd0b7c2bf85c0a33170a89d343bb80cc24cda04420fd0	33d101f9cd24cfba3199f797418d215eed856dc75022b985c64f4faef4613677	67629b721c5a9e013ff05fedc875e74af7cf6c4bfa51744df859302024ee5496
1818	60238014f066bbd667733427bf269b48c21a5dce237ff8af47a20ba60e2837db	ec7fe2ebe79b35e699a27ea9c42df0f91c5bdb3cd80103053c9266db4ca7cbc0	dbb40cc248ee45311b8d3d0fe9a5ee75b155b81492f5c4bce872ce5d241c1d1b	92eba8c9d9bad8edf34ba9f9492afcf3b7d305a0eb07c1872d8592c5200468a6	eb95fa8d0b209f6245367585d5781b0ec1b4999f4f220b81adbab1ab831e2a52	8f37684191ca317ee0ce197d0b826070191dd51c0ace1fb44437344b7f039198
1819	4ef89b99e2dc76923dd02b781cf2b4b854b86eb05a7704cd7aabafa75d2f505d	691eb0ba94a281e94b8a7e856d4135de2c154b9e527fd7341aa62cc3bb01d16f	d7e4bb70c42a085b7346956916f131c8cfb96d8115aa14ed3437e6106baa0cde	bc25b708c83c799c9ef12f747f5c5a73e2e647e597ddd824e87fd8ea75718916	fa0e7812166db8b498105ba8c56c73d444cbd289eea0368a97e9cf76c2896f32	4f274a3a091900564afec1690898a04b1907c6a7b86d0ca07452f861ea7f8ab1
1820	7f0cb8eafbb7a1237092af3933a48113ba944c29b5a62b05205e19f691ea26ab	eb02625f642b7bf1462b9565274c6c3b43e8e6bb380c4728886fad2210e631d7	a870120f27ca86130aab7e5d7d0f5f991f6ee643cc2115af1f0fe499efb56a2d	1bd0fd852de06bbd5b9bb98047e4b8c269aa1bade8bbf24641ab1df6e6c29dd8	9dee02b6abed15378f85545c7006cbed7c93fbf0f331fe125d0dfd9fdacb5fa2	aa24f9e5cca4668992f46f57565c22f01703503a401311225e292b8773fbf80c
1821	acf19c4139b127c191907e3b01a7a557e0fbf2d9c6f8f63dbecbe095d68aab0b	b05faecc25b522c3523bd16c5d63ec9c801afa01ce0c1efec04dc6d78db6820b	50981dc1b2583af8b01205d23a0828aa1cff66689de3c294d8713cfce73544cf	9de2882ad28e44a0dea2116c0a2d9ba1876c603fe88636fc464221c1f72ffde1	7eaaed8ab622f32e079d3e0abf1bfe7824afd558134973a2411beae8358c1c1c	f1a2a7abd3568787d6510842d13b1bfc6a789b3c0e3e325a88ebaab37fb1c6d2
1822	8aa4b736f14459ce76b9246c35166c22373a5bbe1159f8466b1fc05ca1c94d84	e0090e3f0e0f7bbd286bea0b984b5b685dc34f948b75354d2fb9b126ecd45332	a950cf9c28c232457b558bce62c3e6fd954b788173c20d1a6a1a81aeda734f5a	9fe835a2dcae1b1f8efe36c548a8e819c4b1992d785cafc96c1b52ff44f7155c	2eac31a8779cdf579283a4ab10ce2827f6a4a80722791d63cc81110a7db5d652	67fef1e7acc69cb2e212b7702e86518e4feead87cb5640599d697bb38d5dcc0a
1823	e074786bebb6f6dfe75b2e5404315122e8e76a57174efa9fe614182d09f3321c	558da6ae87b4bd4e7fee22b79d404051f2cdebf4e92d0ed0a6462273e5e9f0b4	061c27cefe9e3c822f571084eed787d5a89f15d6205b17310ec276d15beac579	3af6843204bffb4b792ac135c711cf5c1e0db8f4c8fd8e1cc2f49e97359270a6	43433b855809f5ef2194923666175be320ca7a5b36098a467cca9aac2a06d8d3	f6fd7f2c4646169c017568e4926b85104281e357013bde5c8267000c41a05dc8
1824	cc7a0bfa9c2d758ca6fe5368d0b8e1ac00d0025b2d97973bc18a4db968832585	737e3cf36447671b83e514f4b063f9ed6c004c16146430d300c3626c2df3ecac	8fa20eaec7b57f9ebdf5314b09fed554295eeb227ce179eeaed20f247ce821e6	2adb2316aa05edf6a851e954e40f812fedff2edaa785d97b08972e1aa6023973	a415fd892bcf9fc7dba1ccf2d0edc7abb281b3f1687f08b8633a885945459df2	514db64ca50f048b7ea1073b450df8dda3b4848c001f056a896973aaf547c0dd
1825	6cac8912b2bb2bd791d44eeed04667753b3b74e0eeaa12fc2b76d28a64897027	1570c367026c47e7cd6d165518bc0f44dad8efe5209bf5376d9639563bee0beb	887f59db3a632dfea346cafa3a898847d4faf15e720b4829a1b3d30c2ab84892	4e72255eb21623154a95754a420fdc6bb940eabca0b5b92b17a493bfaf954d4c	71632b2684d8efed5f0300e4a0249637a1a9d6647044223492ce1b1833756f73	d21c96b1a2c2fad21fddb2991994db68d79a8678230a53a988582ce50cc87846
1826	04eca03ddd05f80a2181ec6b07cafba2cf8d74c34d1e6262b5076cf6516afb9b	9512a91ab21d96d587b6facc7c3a8cae724e40f3e3f0261eb3466180cabbb387	d4535ffe581a9b1754a2c749ae49a72b0e57c01c288e5672aa37f81edea56aef	da92bd8d1fb34612000f294b7dc53fa133e0a36b0bd4a6dc00f7ee8efd1dd89d	3d40da0fe5652553cd72bb92db97c1622a17c781bb8fa6178427131d34089100	00030496b722a65e9e539895831aed2bd08959c25b1267d77f28aef3bad441e1
1827	afe9788fa47dda2ccb65e3ddf2953a678d6443e22b7d7e089e23ec4d9845490d	4368659182e92e28fa4acc294eaca41cd8f3a8627df9b77203b89d5ecc71b483	95cf9ab2c86f1c59a779247d685757916d8a5e17b809e9fa00d54539ee635152	15ba0b07bd1dc88fb319ba9287e4624db2b16420ea115fca18c3ab290fc78e59	163749a31b980ff485b2b17e82df7ef5217803db03021d23039cb5a802ce3120	b1a597430652fdfdf3b274e1da74e14878815dae9ddedd937f47661f18882b8f
1828	f31a7f131dc568ccdad61a5781f0b0818c979bd5c214cb5b2ac0c05b8286b028	f1af57302af5cfe9651cadbb16b901cfe5711cca1f8ce82c640f0c0580fdabca	e34ad4be9aa88788ce75175d70481217295543f7b791f5b51e0d50f1fb183dbd	6169799bbbe886209098b9e2999e411e9ca3c261e96869eaff0b9a666859176f	6177cbbb5a7416ab76d6ffdf738dd04164ab3905e86ba794f08c7c6c9d3d43f9	1e8df2e4e7c9f23da503bb1396f82f7914fa7106f8a046bffc9399f98c5b8fec
1829	0a33f9dafdad9d93755715e2179442f19295788dbf00507da68a0794ea9b76f5	0a75dc4384d043f3da1d551866d2daaa67465be26442b7012b0c77f66f9ee478	f58b3c22fcafe9ee6f1f5c0353ca3c354a9fbe065cc44391d0b6c7278f8ef17a	24b17de0303922fce5e1c52b62e844ba165e69556158b78a6fbf797d8ec115f0	0597881a4328c9ac8a1135bc1a246bc8826c7df63220d775eec63a89a4ecf5b2	378ec578afe2bb89aa780fe6833e0722a25a6c0f45e8cb349e2c5b367aa6f779
1830	2b7d9c2c786f93d289d1ad54ec50e6e4d6b0a2c231e2696b6e8954cd15d33b0f	54c26765c2dec8a29744bf1e2fe6467ea9a5743fc82936d656d49c56f7963dd7	80a297803b86ae3e7c4e8543e531892bfbd260d14e0c115b665c4722624ceb30	75c0f57a5521a43099d806e49956ff8d024555e90d08964b7afdf9ef87a6c4ff	006658e916d7ae9a0e4648dafa728279620eeb8314e778aa2c5a12f527adb067	f71fcce8c7288dfee84f6edc73e93b32724a54d821726f29cc515496edb742bd
1831	28d5323cd5abc88a4af527ed6304f962bd425ada6afdd94f797d764f5d5f66fe	81425ceb9d0347747e2b75e698ae62b80590cd9e0b1ab49a1b0286f24b388e1b	fec19c5cd15ba570307f7b687e8ae0c7128e272027753cb8412f522019112980	2de3887b1cbf589093b791e48f54ee3877eb9a3443c5ee21fd87e8ba018ea16c	6101c1c777f0a40af3e3d01b3473ac6f15459284716de951799b0ddb4e58c060	816ff192cc14592d863d9d0e5dae9dd429aa66af84e57427f0e2940eea78844f
1832	4e1b3720a063615a2d0f1a979854f734d864effeb4122bfbb27adac13cf2cdbc	676ec03e37fbf46eba2db05ab089c9f014a07371bf754464950198078e3a118b	7f8b9a14af9dce274b04a4c2ddca92f0f16b079ed7be6cb7c4f79c8e06e9aaad	38c394ff70cb1509ba0370d516cda68e6e607096ef8ac05141a90c21b0d64344	e25d15c3399fbd18312a29a708ffcc1c5d124bd8bcea3ec7f2ff0f473d916997	0996289f88e212958b6874129288116d0fc3546016b900c06105693d3fdffc80
1833	ee97a76da12212d1e7288e4600475467b4ae8f59b702a9eeda521b2a3657ba63	a9f9f8dcca94d73b472a95095a2e909a6d088005e453e59f82eaef40cfe646c5	13cedab29aab651a3d2a6f7bdd7b7892962dd76ee7b74c09000e0b557753f3e0	742f713853aeb724622b8ff217ab06180b435f64c4d4ab74ebf47b1e473569d3	aedf42a5f6ce9ce9b42722fd6e5779f1ab71635c41b827e8c3b9bd46228b8cea	25c216a9f0c5fef2835a9614606d0dfae8a6360ac80cb45f3fea474df2a06096
1834	eef2fb033ef2a7cd0d3218fb8fdda32287d644b9c9b0f253a02da85514cc9737	9785757ec54abae05c14a5b07c4a4ffc8820ba9ad573f46f31184d92b298eb5b	90e6ac84a531fa6a482f6bcb3ad5c8ad18b038c7a257878b22c294cfb8d32916	14b190d2fd05b26fd2f17beeda7545b885bc053e2675b67dfb5e762fcd118a2d	1259e394e8879b35c89fc222d7049e47bc534804430d13628f5f97e759f6256b	d1f46fd8a7a20cd55628de06a229dda33b4e1cb6d80bbd147f7aaeabb41fd286
1835	3f4e466565dddcba70ea21f049f0039d894a4ea4d9c26186f04c36e7403bb19c	ffd697aab109f2486c138279c24d1e62fc89686a277e8f4470c46cf985b3ee43	f713a7dfdce6bc7ec18f840ca838fdd79834597efdb41984188ad87e1fdfd335	4ca042289e7d6f6ee5a55bcbe3811e2670faf8e18025273367de43b959186179	5b030c8a551539b263332b8e9c748839f1cae97750d2a008d6afe8a08b6ed7d4	6390b17e5432f58ee900884b6e5a591b2370ef06d6079d464bf8c1f135925a44
1836	9a1e75040d24a5b33b71ca54ccf2248b5d3818099611b3b3982a8e539364cc55	46bd77ffa54c27f73093ccec20db2a0af461e8cb9afa4ed7bb412dfff6425264	b077491a84a596d6b79ae1248c6790cff13c013bdf341424048f097063a773c8	47e65fa5fd0229abeb024090885d3ad240bc3b5b941af792df1a4e6548f00155	51686cfa82c4cc4f0487d6364c13ff8c018db73383422d0e42347680aa9ba794	3954d52449252213b5832e0a800b574a894b3efd1fdade3cd9c1617a023505b5
1837	f64068ee5091f6c3bd166d3c033aa79567b354f2b47919d9a052b0893de1ea80	886db6cc17357235267ce7b69ed1c649d5efe4982f827db561ac3ff17fd1c55e	82e9b03e5959e99143942e23076cf06a0f764737960026c195eee9be1a4067e3	1089688cdad951cd22cba1e7038b8233ddae806af0afa9621743e0af697aea84	039554c90a7ae902d38b93be52261717885f3ded4c8bd7dd65714c7d3ab770cf	2951b367be0401a17b35ff70f4edcc27044da4c2f189903475f105b9a0ff8f31
1838	813f0add9f5111fb238670066b9c90adb3ab46641c04233ff006c6b4d32a227e	5976daf55dd2cfea037fe2c072760f221150459f4368f951a167d39178367a81	8619400914e9302ad5b736c31f2e91ac3fc7ef6e9f74bdbb646c4504ad26a55a	faa1ca7bd611bfb0189eb079ceaa68bb122e9421e232f897f9c96786e1b5675f	6b8228b6df86567ac918988433e12ca7d110b9e2ad1fc500fe48749f8b74f583	a8a10ab13f9ef734ed35d449c8775fab944cc1af0c781848f7b048a92cf3001a
1839	062362677dfa58542a6ff2878ad9011bbd4f187ded7225661b7d99e229ce6c56	9082904f8acc281f6876cf5ce9d73f9d9ed5307d11578eb5b8254e1f89a49165	b006cf02f9908618ceb6482742feb9f4d0896aaf4d37f22c1728e6db4e68517c	f5a8739c39935733a7fbce3b4a18d845b40f6d89906c436a099058b8c4db502f	46862af193694358cc922e18ac82cb6e4bd07360733e7b3997bc697c6beecd3c	327e4d9d4ef9ca71fe856ebdcc0feb96416dbf2c4090f2e9918810ec5906aa6c
1840	7fe76db2ad48e89b14de5ede8502ea26dde309883f4baaec1a51c7f504f71e37	528aefedf4c5c017ae6c91318f87850d95ef109d1815e962ee6c7d2a1af4514d	8525b8f56ca96ce732314b887c616a4ec69143a44dac441df8e55d7958bac8c7	ae0ce518b7c99aa1125b034180290ab1cfbfebb9f92a88ec75311c108f121269	700e182f929eae9994e908c06b11399ab1ed15fa9ba58f8887afe8c816011a96	a8c21f0922958cb9318343dee2d6eada332f2edd78806c0d9c5ab3456a9db322
1841	a27f2c28712166ccf711b8ed972a0eeff1df412297d30120226d5ab516404436	edf2b659b7795bb0f2eee25c20dc14e7e41b1cc50aff5e336863fece268c1b56	95d8f9f7eb693c25b3e96ceb49e0d1da806cdc0fa90c15835af70f867cc8d4f1	99f0e98f73f8ece799e8bc708032591011b4add98c139e4f863a046575157deb	21ac0d35445b732cdb2e34f134b752381bb408baffc52b463d1b747fdd711336	2341c42c3b7c620689d7b5bdfb081fa40f2080835c4e097b49b0bc6bacb6f74c
1842	8e11065cd0adefea097cd716f6eb8660d9c09ef680a8d8ed4301af18cc243f5a	3a46d46e498af868a0424794e41ee21423547b99f950a053d9c1b4f1908da583	e0d24525b77f4bf51fcfafd792862f97e9d7efc96de6af5c02fd94b945c06387	faebdc29a5c905819677fc8ed491c7f40c6716a513dc2b3073edb42925dfaf26	6190bfbdb463e77a38bc969be172655e00830bee1a0ce1b7be69b80fae1f8e4e	eeecb2745d15cbca6b181150521218c5123a32a994da249d92d6f6dca10d39cb
1843	a9f693938a888253c6ec2948b08916262acb2acd407b674e5873952b582bca76	9e4b526c8f7b8d323ef0b88006aece0db32ddba1f75144ba9f4a34879fda51c1	848728ccba471a4c689e51c497113f3ed602b6c9353b63e1fc67a91169855457	eaa368346245f4020b8a9b409d5592f27d0e8345fcda05186367a6c592b22b68	9372e99130363b0ff912f08d9d845cb7465a896c4e61fcfda25865a4452f3be9	686abc55df4c1ba8c409c2831dc05836c001c731fcbe0b28c620c8db14441edb
1844	29d9d7c31786744f1a9a29c4b3414dfff6a336655970bb5e208d91cd69031951	273f3e3af40ab2f8bfefcabbf28c9df83123c56dd619387ed5cfbc508f56e268	fb8bbb6c8e6716eafceb8c5923bff062870038979a4683c6764b1c19afbb6779	a9b118bb7b4bec188dcd4a32fd93fd118b591c4bcd6ce837e265261feecb6f2e	6fd7f3ff9badbb073e476beedd2ea0a860262a35c9d4b3c6be04d4cbd3c117ff	4a7080c89298fe01dbbd2d473f0b3aac6f74033da59433b7e349c8baeef03d59
1845	8aa803ceb2cce23ccb3d0483f3dcb3f28e8cbf985f69bf42fc92c9ec19273591	588013fb35dc798d48305f9be87f28f69a2340910d05aef118044a7dc39cbb0c	f96ab09584cca0d2e600a6a3be1ffbfebbb94b495b74ac625dd25948773850cc	c8c0b896ef408465a179c424dd258a18053f2779f07a839a5787bd39a841dcb8	b156d735fa5e11edd094ba9aebd1b116bf78325803aed6018ce025e6bbfbd9cf	1b6f1fa15ab9a63755da5be51e0904084869aea0063533f229c21c3dea3ec093
1846	689028833589277331425bc5fce4b0c3170794262d7fbf9dc3d321a8b9edd5c6	7fe8f1bd47102eeede82f25bf5fe6eed98c06136a38a6bf8cc108a38ee9eb9a5	e81e89fb3eb8f6a83343d27a9e51158b845b6d87552fcd1e1af670641065999f	583559da5cd358bc18579e8a6d5b643eb31de8e1214f2d76d6770b6cebe5b7e2	feb5c254d53896438284246226e6f2d2083f6106de6c1d6066514ad54156bc27	03ee77bf48bf41d377d59a082bc1f5dba84f5cc6876d4e57c627f97b93149bc9
1847	e5b5855724b1c0ee2cdcd3dd160e476a0451fe90ce044a5beb4ae33c36c135aa	47e1c493b0f6dc9bf0c65d65519991f8213a9adb2b3942811d435899df3d208b	69b0d447e7f824532ed797794bf0f2a2897734b7aea433d54be3fe787c1bf54b	884814d2464c69a9665626116ce7c596c3965a93f7f463ab2d15f5f0c5372a35	b9f3e33c8dac9507758ac3f46703039dcf11e83b65ce491b9a455d284a7eaa41	83df95d561258ae7a7695a66fd79315a07e2c5c2e6a96f27b2c274c9c1b9357e
1848	9bfe373d4c82d1f0268c5376ffee5fcf2e2b84e5a5ae717836fc2c471fcb61d3	3cc3702b058d4f374e6533b6d19021cd363b92ab722dcee2a98962e1d33aa156	04b734289415d74f85ac26e50f9c2883301a83c5136d35e5038baa923db330b2	37e685350cb46fc9bb3fa216a38dd25c8177581d003ab17e3a3c561403cec1d8	a335d845c706ab6c739520bdf82265d87da6a91b80cdf186b44a5e43b2a5526d	fa6d8618d99ba69f6b33c77933ba61ba6fa9a9f263c71c0ec5f5cf61bef8b994
1849	83542a1c13571850ae0a1fba6577cc4366b9149c40204317143ab27f086045c5	bc36161fb1a39baab2beb3b0addae0d7baa63d9e6f34a09ceb8ff3508de6059b	47272e12e5a5ba9cfaeef563c542eb120dab57168bdbc4b08c42681c76897512	71cbe6050058f8b1bde12bffef32d4f5a2110cde534d9fdfb6e00f2611fa70b5	0b38b72b930d72f76b66a69e8ea52b9e75d2132793ff3588a99731451f4eb32b	9377731b644203d3b47064b7af0b3c51dc42c875d56935bb429c331e657b5f7d
1850	4d4f3cbdbc07ee466a68f8f07d886c09b9249d168708fea07e8f47f020af3791	acccc65aedc9e82d301b0748fe25226b7e22367c194386023cdf9a926ada147d	e9e8267ae9ef08f02130e431ac90ab3c7da56762cb0d1bd8139531b8ab760d99	11b634440123a7935459c1c984f2a6ee771a9b0dc3ce31544946c6712b19e3be	85d89b02ca1bc86405c23fd180f4d31aed04c4f8f2f35924e53e3a85c91ed430	85dfdb7415036ef095bbf3bd9e8c1fe01480cf3e2f0a8dd9a22dcae1684c3c1b
1851	78ca4425a61028c432cf1b2e24f46c5755d876e6540fd1253195948a97b14809	73f6188f8a374f1a83b95ade9fd4e60db373b2413796a5cc7a78569fa8d8d420	8cc969a5a00fc9e825c97a9838192adb3ca80ce29c33e6f0a78dc6b6d835ae16	edfa49dd78529e776dafe51df732b7efda3a3f9762f0fa580735f59dd78980e2	063c94916b17bf54c80776357ad4cffb91947ab6b09d6152a1196892b817b0d9	9e0602d28f6e4a01d48fb172c510a80b450a877e1066567d327605db0830949c
1852	b1855e9e6bcb0cb7a8e22da9231fd0dbd25144bef7b3181c4eef2322c190da1c	e3aae4e66ed33df9c3e20dd7a6ec5b6775af565f6ada5e10129a6d37cdbf803a	87243e3a5af8d60b1c56e8dcb6298c9307382cb1e6bff331da9781a36996eeaa	cef5b54a1fc4db57d620571010b062332a567af5c9f7be53e319d692e6cd4391	79abf1c6aed31dc3d6a89ac9caf08c35c646d5b9ad675708615a5ab109b4dc5d	1692ae6ca40b2157042a65d0c2f93bf5da2d02c55da3966f9f68967ac02accde
1853	e26c638f3468538f30d7ad7ca94af436a553258c09b223d990b1a14de388d480	879a60b48faaf1a3b83258dac7ab92219ce480a0df25b915ee6cfa182b61a286	5050723ff765f794fbcb911477d863a45a267cf2b78d2c140d059fbae87ff8c1	2e2b12aa37aa1867df300fc0d27b3b112e634fdb3af689a516b0785250a11ddf	1aaa40d3c12856297667c9223ba5c0a7bc744f82af2ca1a374ce982d0eb08d32	d04c0618e54e14a3e83940ce472b07f59dd0877235b5141283537890ec69f6cb
1854	1cf89092a992ca1e2b0e286f6d25932c9aab16f20be799e3589856628edd05ea	f3599e9dbc6beca1d841ead2bd4d0a5238295c3d4462f307f1276fcbefac2e8f	8eb74ec2a7c59f6815b84a6f35f3dcd52d1662ed6f4f6ad367d267320c79db26	1ccee52367df81a12fdc437a23d052fb3bcf6332ae99ad160ef505a6764fde42	b629b388b59a0c39ca890c46115b55651411bfdfaf802e5bbe7a22ec4b2149f0	af830be114b25155c9748a9fd00931f8263214a41d13d4d5efe947480cf5e6da
1855	8f78149a3ada2963053597fe1d4849f6e76db7b737d135d9d20247920a2323c4	9b43540d94f3edd6fe908422d59500af4ab31ba1b222b915715f970a7053bba9	a0bd84c9b377833acd3d2f979c6fb0a98181edd871e1d80fdcbe3fd7ff94fe36	99a5641cca288e521ffc0e13fc56a394c8d70386e408a87e746bd465b6980c6f	79d1433e6dd25d200bc23b2428eba7f8f2fd6fe937dacba529b9ee079751c527	cd7daf444ef2004286eaf76fe04c4fe366186fe2bb62998d31d998df9b25f3b5
1856	b90662195a059e00c07ef22e898d6d7112ade82667a847af7c300666f01bb0e5	0885dec16cbedecd0baab416bd5eaf2ceb41e6bea823bd326a73a900398fd056	0ead43aeac0980077706bed7f87504026f00a7f034af8b06242b83990b5851ac	bd76823ee088e357c7a8a902bac1e5b536bf97a4473b8e3623acb4a2f79fd7d5	5cf59c15feb2aff4331877edef58987c738f4a2dd1386dc3e6d0f21fd0086137	fb7d2a8c817e42aff54717c30c4df60e671b795802c5fe3b3199a878304e2c19
1857	e4bb6b2aef5589d0ecb1d50d199fbb416927a715d02c49667d57f603a620a9fc	fce75c16865129b32d3a2543aea1044a5f613edcd6f3c82e95aa5cdec6b15d7f	bac901d84f2f2cad6254de3daaf6d8b24f6242383ff053e1048bb8a85f12ef8a	f5a41ae1229e6cddeffc18f6831ea2acb0d57138ab634a0ce0814a53660027ef	ddd1dbee12076556602da05e3883568c10af86c8c02ddad2560151f3cee2519d	5c829f4baf9d3d401b2424d070814d6f2dc51dcc9ef97f37b299ca02e7b514a6
1858	e258c6f2f366b240a9e28633e901e3dd6aa2761f1d5bd97cac8823fc5ca22c07	e4c6f5821ee7fc198d5dbffe08314c2229dac74da03c170157b9d2aa7ee37b4b	53daa859fc867289b71e4cb68d7e56e33c5a998c374679a83fc4a0b39806b40e	9f081fea7b1e10984ef75de8c0d51cdc40fb7a77ea576a5dede7f9f388ccf36d	0318296b77f204e274df24ab51a3e33d905924741ca5c8141cd324606c2ec7d4	f13832c316fb06e7ec695a003a72b3dd121619da0cd6327f62a39ac43c91904c
1859	2b4db0528b568c491a512be86f958762662b6a7354ca9cc71f0bc29f6d0dc86c	17b43e852b377322d42940dcb2173a71b13e6a778909bcf457ce391e32b73db2	3916f1d53bd6f70cac98a800f2e0bc0784f38f2643b2020d6b766889f9c5cfb8	2e56d60d24be2d2eb37d7aa7549c612daed0936b7a0ca036f8089aa80e53cec8	f458b684c1d220589f99856ef540867bf649376dd7d489250246e4cb81ebb882	7150f9d3c35d3e5f7403b588167b8e8d7744099a78fdb80f92c82f7c21469a39
1860	22cf9d8ffbede132ca5bf462ae97a0e99a098583981bb1ce14933ce97fc562e8	0eb47fb9212565d2f1f767ffbfc03bf9d91a6cc3a638859286f46b3e6012eda8	2f6816c02b346b0c6ad136154874b62d486cdfe5610470b842b96ab23a090682	6ce6878dd6bcc0c49f87845b5ed3688f7d42042e609904b251ba42a6b09c7266	00941f7c45180762d4eac90a947c2f26381bf15a896350a66ea67e70fb180173	0ef7bb1cb60945d741b97597578471652acec6453d816bdbf51e5cdd38aa2033
1861	af621c6882f6eae86b72eaa4ca132dea2b99653bbecab4e75edf1f07efeddf95	75ab27b6c848637905cd90234c10ab09e45a3eed53d74f39895d2f4e0b5ea656	be27c875b4ab8d29967929c99a8857d556478f6803f9c13cedd1a0bd94cbd31e	f0929bdfa5e456e1ef2edb709dc41a9981c472c649c3e1fd1f3c4c39b4bdf877	b9679af2e9d40dca3db6f261078748e59e24ec67534f815858eba023fd29fb16	e5571d2d6b18b07391675959d8d684bd0b404a37ce375e23ef2e54cff51daf95
1862	57088879719148e0cfbe162c809935942b1a47ebe2261d0f8b1cea96f41115dc	0b130524176ce92636270576b685cdef5dcd9c65567971caba0c8d7d35f20b1c	d74220360fccf4a04740100fe2354690903320f8eeff21221989f37feb6dac48	d59d9f3df6c13e4441623aa633304559d6b479443b28acbb4ff5ece92bd72fdb	f8e7c6bca78e36a194ff12bce043bf316df106e6e3e0d1442248f3d35dd75efa	329ec4e040790f8fa699659acc877f9985aaeac0dcc09caa3f3050961d4f5cd4
1863	98a10cd7765fa75c261e21d9e1a01b41745aac9aea8e3fa148d04cb2d885ef36	e6cf959b68d66e6a8e4e5d56fc17a8f422b3ac1729c304ab7576164983a91df4	f7ae80ecf08dc2797f136f9820d0cf96802793ff550db63400fccee80173a4bb	6c9d22b4fe69c5df90847ed5c06007616675aa62877915050be3b7e9f4c41b37	44ed7290c9f6ed4aafdeafcaee2f1f5ed5ab1b79668692e73c8062403fa50819	6551f59582a1e654f4adeff5ab8cc39afde2a76c7c4d4cf2b0b18f3f4a3505c7
1864	2eadc990946c77033e9e22f48062c818e12d422601a2488f095de33eddaefcb1	c3289b95917401f289e71b1a2532ec01ae93431c6b7fa502b95177be4bf9c242	3376b193c61d19f18923d165d5660cc199ada2a3b5775dbbc89afd370424da8f	04dc35cb10ec1eb8a26caf0043fcfbfc96f13ed06181bf117adfa1a0f5ef7abd	b475ddd616de4aa38839822f877ed4f0953ad2c1809fc0e22bf48306a51affe9	b4dee4df526e3e8e6fa9d018e8c9d923ee00d90941cb038912aae62a3060e6c1
1865	f17eb211a01344869c8b7fb438f3761b430b59f5fa8230e61ed1e6183cf9c6ad	fc4d8d494271f47835095e0224d21d79605248888ea04c516af8e2a17e5c2c41	69858f656aa187b940afb6a538a34117cf7f68ebf9c2e1aeba1bf0d1fcce1eb1	89773747fdd76aa89ae2ad479ffba24baa64d4e7ac76a83c83016b011c51b913	88a47c8544559a5826a9a0455659d66e45ae06d0a1c6bdfc1ed6eb93060c3386	9adb3a502511c6165473c1e4d02311ae1947df5d73a9515b31c4ee7964343845
1866	f1ad3861f96257a562cd54a9af5bf013d36943c32314ce2900be49e3d3c799c0	cd747da1d560efa59e6b9c837732734857e6c6f274885ea0852bcead08103013	4500519fd23af2ddd44923a6f1919e0e11926edc645f817b82ca7d3010b14bd1	b2917344a7a41dca0547ce83bc4428c63b1e383191227c20515630a4535fe974	22e804c9f14920e4a1c57ac5cca330df8fc87447236508bd883c8208c805cf94	866ea15b5147d900a62381c8ffbea88bef66a51f9d6f15e3cb8f25f280c67c11
1867	10cb886b61a00379fcfcd2738e5e75091c9d94bc265e3755ae73fc8ba008007b	42d5a9d5120c9f93a6e063a1df261ce48bc6cf681d67d59a8198a95f0394ea5e	0baafa8013f8ae67a115d79793bcacb70e4f82c24052a441232c575ae8d256ae	b1130835f9a807bf0ebf57687af25fc976082095c8c111257641ea8b84afc65f	accb75ad665760890eecac155490abf7988e03b9fe524f329e3aa2ae46db091c	d98b2357cd190a1331084f23eb659d50a13ff4ea4af97f810034c3b29aeaf4fa
1868	7bd2537f9fabc406b38933d4088c78e98dd014ffe55ccb46f3c353f1791aa369	8ce6f208445e012306eb1ab361b6bb4d872e94862500cbb8d315070f389a9780	2c0f1c832cde6f3b46309b9ba62fc1462b821a5e9de846ba3668c64a37af57e5	2703095c1a8cd5b68ecaeebe220acde741a092032017b62fa69d16c87c0c5e29	39af8584a2152e34ddff352d485c171532d5fbf449ac43d0c343bbd3d8dad24d	d20e43c75a67fe4c8c835ee4d5d2f10df5fb81876a290295ca4831fe5f4f48fc
1869	022882cedf2351ecd8ebbf34e09686bd896ed9f4dc338412487faeda0198e7e6	5b26d2aaddf75edf0533798d260aaa35dd8402c4972c087236e540d9d1b88db6	785351487d254b01a1260002adbb2695616411dcf104c25e67aced816a56f7ce	151954fcfb6f72fe68ead874a5923bba1a4237527ceab74c681fe10603764017	102845e19c3aed65df224b09627166b32b9baec99a5cf6b470c0468901fa3f1c	95fca3f80087fb06adda73e172e599cb820002b5c4eac02d1bfc1664f3fa3b60
1870	f6a39e3d68eae537f7647ab771d016754129b9a9c178c600e7306f4135a8fd06	93d10d2c7429a0b008cb61a8da2d2e2e9915c859650af6b8c46fedb799596209	277c591887126fd1f16ce94d888b4e633aa519928e5ce3b4b19e6b000476df91	aecaae41cdbadd81f93a00ec1bde9e4da8e22e097a9ec0ff737b759376930385	9603a2eb94696e35f807a6e70ee7422f45f02dca72f1aaf34ca43e9d2aef29ae	93e91d4e71a5fef5de9afeb771797ca2259e26fc1f5bc1d0e76afe79ad4dbe35
1871	fd782ae23b89feffff2118fa9d5eb8af20e0138d4053c700d7cfba341ec70dcd	228fad4e5e5108d978a361a6770ba13304ceeb7d0f649b2a19b4d0a7338555aa	c57b5046223e0aea3da87576841aa0cc77f215a7f3cd7ef052a5722274bb51d9	1ed72228bd8232501e2c323d6200fce6c25a8331f7afa631540b0d4156feb77e	22712d3a286cfc71774611e299044717daae2b423e66c6fd5e2c322253bfa6b3	44bc0238ad96aa3e36d4b3a741ecbd9805a587bf31b05c75dcadd63744601bfc
1872	f288ae59e517a6086ede8473b097d232cae3b0ef4b6891ab544166ee134c93b3	1428b8ceb27ade1d664eec7f3c9b4d419f1ddadf3b5dc7b9a54a9074c9e6465d	54e9ae1ad056e6ebe68a3d5fb2659688c394676b2b8551b471350463e3e95234	012bfb756fe17744d47806684a741b020beead3e5f639d0fc03c2d6d5a428226	5653ad9c3a70c1e5c1ddf2c3719adcf36f0627d5127de79f39afa31e7e363fcb	1fc4b0de0c71744ea07efcecfdfe926a4279ac26164508bdc9d7bd35d4805e7a
1873	9315817cef304fa6d973dc7a18af2e21cda9bb5f363a92c705bb1e6a19471b46	877dc2dffd33274864e5ddd8ad5a163939a85c0c55496b35235a1cb6badf716b	324829b44b17e937304786902f6bae3b80c5d3d44bfab1e6f4baf347e510d914	fa386c4ea11f876c8bf81e3bd5846343cb100046969ebf9fb684c9b750c6e652	a4b80882529fe44a1e84e2055b36716d66b18bae3b9bf45813256475c4891a7c	438b61998f35c5b41a22fab7b2db546bede8c25565f495e3e891b15ae6502684
1874	f8793473ca12f86c05470592639a97d5e418acfe93c7f8a52307f9e898db58c5	f8bdc4fa01b0a4fd63b0650b55f3f2629c885f5cf61c79fd1906b221d0176172	89f96143678c57c25b124ca2c2411d4316c82086b46389c7bd0ffd721d0c88ba	fa09fb6b06a00dbd54c64d2c486ad51b36b6bfc81e958262462a307bc37a0990	c531816c8045b91616a016131c3c92d0cdc8a3cd381af0571bc7958e4dd1f986	54476228e07a14b5f1ff5b10bede191db77fc9152f8541a6fdf317a8655e21c7
1875	3bed2354ebf63001844aeeebe267351d8234647a7663543477d9ba4fa828e13a	6d4617476b2866530a2ed93117f59e48dd70354f95d29fe9c86d1e17fec75ecb	0a1a438106c1cc6e20565001a03da7ceb2086def75f4e3796b186a1ea6728fb4	4ed0b52532bb13d1a4a2a97f8116eb8c398bfdac656625790c3022e680cc87c0	9c9750089fa7b0b9ef9ee8f78e198feaa86053d66beb85e078d3f543cbda7495	521871c7e6c75d113eaf5a39a2de9d0d207ce69cabd1dd7db27af0f487dd0aa3
1876	fa7105684ab37ba6d0e10f2b66ade882ba0e3441906d9006b056c29e7330d568	744a0c44c1f46576993ca8ca501752929db497357425f20d798e71673f946d88	861912955eebbf2b808593de8fb28f8bd22e5e8ee20d84b8430e19559d7f33f6	b221e68f7daa09833ad08ad5a2b2a37a28276f25649ffb0cbf40c94a8d6b5199	a8052b6e1013bf51788785f56654ea35527d0218d89a01e470d787678c676757	f4f1d87207a06d265b90fcd728a7bb08dd796397c8ab19bb31c4fedcd15de7ce
1877	4b04ceca6797fba5d682cabed07115c9dba9c21b884d1473a4bbfda8737b6726	30f6117e0ebd65512e235ca17d2a11b2e93201bf4cac5bb8767171e2790dac90	41fd941567c9bb2af429145937754d6a22d74dcda07c0f75caeea830b77dd434	559e9b030f1a07edc26cc011bd68f060016f6661293b0c214ed42562e2ff88ab	5be1f29a744a28801228d3f8c6cd087e630ec7bb070457291a54695587b392b2	c8cb94d74094f8e8b75cd7c88e5ec838d84ffcc8ae6b65b49458286a9be5c2de
1878	ce3b3b655920e7a2aa9d0c155d3a044ca6fb1a58b5cf143853b949ba14d7e55c	10735436847a8de38dd4e36cb1584f99491b4aafde85e29c1dd838d9002674d0	6b47cf395c4297991b1155ed3507e1bd64bd6b95d7701878868d80ff46fc09e9	77b76048910762210e417c41d5f7f849e50914cde45d199194eb3a4fc4ffad0d	a6c40ca10044da19728ec7a8c51c16a067faee4b697c40b767c44672d4af45c0	d26e67ae92424f62974ac365b84d281952631b77972f8a1b3447fa54b9dec02d
1879	f6a47817fdd5d82f24ab94e1435fafac79c2b8f4a0373b0ddfb0ca2d4f41ac84	99ab5ee4ffff3fb28d095e4ca8b5f91fce04972193891ab45e67dbadb7bb33ba	34881613baaa6d1161c2c03682e4ffa861da83cda511c39d471988f77af13cab	8fc87d73cf88f51bc33ebf80dc93c2061751e7ffeba265d05c0b792f92cef039	c0ac038a6021f07db5c6684852b096d60fece29efc9e2341f7e502ebf5c6a69e	6b2ea384cb54c08663352b0868dd2e07b8a5a44f741f5c1f124a9c0708a0e723
1880	3e01e9c9b4b092937c0021b2b43f2a22c016e4cbc0ff6c980a972155d62f28cf	96057f4891035d19c0704e168fbdec651821dd5157b2790af1253c2075cfaeeb	01b34125d69febc9c3c70f557fbb93c5ef162fc7314cedff4463ce0db6519709	5ad8ecff511da85bbdc0d4ef09daf5d98d455aa0eed41387fe1524fa5e1da490	deb832d06377c6aef2466bcbd06da655198478f817b9c8c6e790100712123705	5cfbd12c4f0bdc858c16405cadb96fac197eebeb4c222a724368d48572166d43
1881	0428bb2aac8d6a821042d8ab62f3c7d4c8cef69a9c61fd1d9f0d4722dc6c91e6	511f76ecf65bdf03ae4acc7836b39db32f2235c1b294e47aa3d5efd9c0d097e7	c680c346891b2b67790d593b1917f938598202b9a0ff6949a359ae924872c854	cbac383d60429a24759822eccee50eece409d2a50cb6cda306c286246f5220c8	887d73ce12ff59a917b0380476ab1cb2d1b25cd76ff3d7396a3f78efb5413d92	98d3ece2c76fe149d5bc412e58e0fa5de15f78936aad06ae10ff489fbd11f1ef
1882	a95c820a13ddaef7c2bc216c43074bb325c9a903192a8381450a6262dd0248e0	c7d766b1a3338dff11ed9999ea6bb486723170419351d07781522e7e1363e709	505335974465268fb73033d5f2f6b58d855b173e2206cfdac128bd1390ca36d9	32b670717054d22868f5e71f531e098789e42ff52cd989ca7a317dafcc32ce6f	2d19d5a5f25e8cd154ad25c6d094c28dbd1f6cc7a82af5ab3346f36674e16b9f	cd3217cd63a29749b582be8515cfbef6d4c2d2c8e7e06cbdf7efc900bd23c8f1
1883	5db0f1ff7db5dcf7fa571f2643e207b399e31b2a79b67d219ae1dfc77cb19eb9	bd66bde2785ec50905950f8a41823a42d85ac53a36683a64cb565a391ea61643	96606efab0d03a42876b796f1dce2dfd2c7346ac23033d8e1776c3c77de7ed68	a44b5cacb1539d7919e9eba625cd923d9242c47526848a91866178d3678d8112	182b6b97134c7a1cf015bdacaaf930d6e1bb63f7ccdc225457d02b36cd3600d0	46b0d351c093b6b8df99cb7ad0815fde8cf0b5b83277d1e6f389debc92641ba8
1884	5f87e9bad23735bd38453bbe93e6ede12411e232a8cf39f935d9f96fc4e06ca8	72b2b8112cf9813b5d3b6bb2d732fe269dacd861455fb2f95893b15804e7b1e1	38577c25021f16443a68e41abe413c695167412e461c5b0c480072d3d59ba297	e77a5126162b4c3187cff33804acc2d627c7c71417ca1fedc8b3ad3a7309cdfe	d28f9fda4c0289677c05b3b0278e7c1858147e6c0223574c8dc8282a4e8c4284	cd7df9a08228df20b42c1131a131e25952682002b9420ea17bf7f3171ec50dcd
1885	4996058eda6d7d44fafa6a6809ce56d65e433f736933ed758ffa86588080b992	7b135e0f93db895309a1f4d7440b4b1c570e49a87d92f2acb30ddad3e3ddea19	62d6e31a1fc41c9a11f1d200131ea33d82ec47334b3e31c1563660ff4f491906	85e827c84fd81942bf6850fda837e57f8007bf2e130fd027d196ead410c03e8e	c1ec34f184eed9cca06c4c534d1c7ddfa79f3040ddf31ad6837d66cd29c48c3e	399b5977ba4cf849db1195a67b836ab8fa7ff9605b8c0301e8372e6eb2dad16c
1886	2fed60d604b95bf49c64062337544a34f153eba64a5ffb8bb6fcfb5772d54d10	92348617b6a3bd5e818e93cc5c5ea06215a1d3dc2cc47592b11778c7566a5312	da55fc119aae6d6c1ea174a29f8d4343daafcd24f0cdca42fd18018fe39a9067	d4cf97c44278078d549c32bf52f477fdf8d9eec6b06ad7836c5680fc002d2c66	ce5c2e5d73b6ccac44c9d5ea219bb099ae173f122ac22999544fd54a4748111c	42d59161da24392226f20ab270675f0349ab2567aac141a056f894923a9020ea
1887	8a4b0d4a7377cff3fd9eba7d542c0b09a975dc973acccff7071446a41e69d22e	f260ab520b76cc8bdd80c84d450785099786fe7675e175832231db9ff2c82f0b	2adb7a0f1feed2deb6f3f8b5fdc12a0adceccf8d3b25484ccac375608b0447c8	d7953b8f320fbc8e5bed72b48f44706574c6ecee718838fc146ccae260db06c7	319e4b861c8bb8004ce97398a59de34d5bf7b8ed283a431e1b8f6b010fbf0a2b	7769214dfbc217bfbc70abe3225733757416afb241d1030a4fd40ddd09311f3f
1888	af1b161b7edc43f722e218a32c57c27c0bf14763c834842f0fda1c23f03d7371	0a7d0e8c95a668582f4b1a54d1a933fb8b572f276abc2184c531ccf226cafcde	587075490e4a1052bd24f94f21e9544e7a875de2a5e6f50f3aef89fb21768a87	0e92b9ecc1f16f766f58991b38db6e938dd488b6725664f801c732ee2df2a464	c75c4b6b52aee70c3e2d52098b955a63ac6f3c5c58cdc8874d2baf3ba966613d	3b47086c49eca3774cce7f79d65ab77f98e20f43e3910a155a422c6179a64152
1889	ae7119a0bdc633bfc3b3ec84ec7e330cd80e963d35f75326e7362f0f7f53c0f3	eaf367c77c53ea5fa9c799afccc0b18e9dc1acea05fc0f7fe78b17f13b2f8ba4	1d81e73f267a7d605255cdbe4c7cdaf04761be990eac63b4a6938ea550092065	d5b5c6f7b59fb89d75e687a900e0be5f2daf84fb238a228d77d2361a477cda50	42e8a84adabe16acc93bcddfe7b8d376a9df9a7ecaab93938f9490fbc03ba459	81882be50442e86dfca187aad641a586b9528386cc4362e9d39287c769980b4f
1890	12684b17fd9ec31c7c82c7cffa0a037a2dfc2546597d15a66e101698585255a8	15922d04fb7609524635bc968f40323f01c129fca4490a83e2678dc283fe0b55	b1dbad4f87767c667a96f6c39d8309fe21ac0246ac1124840b19e7c4db4f6113	79ef2417859acb618975dec147bc65136bf9b788735c05c64099bae616a2373f	ffb99f831bb24512724c6c0d905a586df403ddefd2b50385cd3d47974be4c85b	4218f8662d24594d88ab4b5f7a1d7f13b89b603b9443ff8b7db55c740c9dfcf8
1891	3ef7a5a39b26aa6acc1b689a34a6ef88a6e87635e5d00794c6b014134fd35d79	786260c7161bc437e6eb026bf781873d873176e06cccf4db94ca670aedb4fe57	d162e270654c715f92908271a9f6a2324c425eaad604dd8152190fb27b0fc88f	da748bd32fdb6f2b73fca4001b65b89490764988e6821f61d407021ec2b3426f	d20e621b8ad8780917c4a1fe46c4237b65803108245b12fc4e41357c857e0f70	d0ed6c59e5ff81b0369e8ced7f11a654dca6a28b0510c1c88ccb44a959399a90
1892	0aabc717021af6023f06543dcf46e96df2d3c63749ea7f6a4e7e559b3f42bf72	facdc75251bf29d8d7144ce24e3e090faded66c044ec5246be16c185f3efa8e5	217fd7e6f4e56cbaff5631e3b5ff4d30b019b9164cdc0e7aa985c53052fc2754	e41cc5af198820eb64ff7eaecc0226e4db77adfa05147c0092b1fb47782d1b17	1c937952e9a3d86e27ca5a68c6daf92dc1202331d47048c03caae9897540346d	fd70800da21fe5ce5e7d3ccf637e33a7a14414bf9cfdf50ffb7be2c8e6fc9a5c
1893	1c361797525deb360844f89989faf18757c31f2dc83f11c1047e5ced3e68d382	3d607db0b3b2d65702af4b1de4e6cd827f3f7513767bc86c5cd28d43e86852a8	ed0245bf3e972b5d03a6fc257c790ef9d7d294b9a2ccbdcd2e015771c5881070	141fd3005e725e6e7c3bf7f09947d5d7ed23d9000b9d68572a80941e85782784	587bbc7846719298a9ad4a64115f3c87a327586b4d88f5997c307c01649f9201	2094fb225fd6ce0b9c689a5dc00253831b07ab9a18fd59763e2c7a7630b92b35
1894	a9ad2548a66e0c977321ca5b2b317d2334532419c07c029a4d00a4d44d9540f5	f3edd0431cba00ef06bdee2c36d9675d8b55699cbcd00a46ca93bd9531c21693	3b52c3b4d9d3d27d8bea3bfb943802dfc5b93eb5e5bd9d82aba8d9d560df6577	b0a0afe471e9c73ee057652ab0be07bf3ba4a85ba586a4c95a6eb440046c8abe	2ac078b89bcfed7a9f56a909ed2079c98a1709e57b70497594b130ae2cf254de	8be90a59339e04bf35528ffc4c2d08d593bfcc23ba6fcc7151938afa16d5f7e1
1895	d3fa1ae122c48d134b7dcc9297f3d3ba8f5c9fba85218d7108338e93194de091	b1d1ea9047c0e1cd4d98a5a2d4d3f341efc5b941d59ce839b8758360b4eed36e	1d31eb86c642f7c9134d72a255607d795aa65bff8e2624b0f56e1c681a17548a	31de1fefae97816a633150c1e6dc939f4b0ec486c10be93c99e4b797394a145d	a7f8ce96dde1362128dd68e5341d92c5b4542207b3308c25caebbc4d95caa257	cfdd37e25d8f8c066e9308540acff6b077b17ecb1a4738821555fe700b117c0f
1896	e4810f3bb54a4b42c8017d5bf6f3d099f748cbb92277d826740f6336e6bf8280	737cfa6fa4115f3a43c3960c35c644f9df7ae732276f23e40e192c843013be97	9983ded2c60fe999280cf0a7f68fc840b9080f214b1b06b5e2634a2a85c3ab12	186fdfc943137ecd24983a10ef735e3aefb2eac368f526fdcec9807c85335ce5	e0bbccc0641c78529222df7b98427c74428b576d4b17872b1636250fa25ad6f2	26bd3aa3e0ee81632f6a587203cbd9cfe7dab3c6e0bd7c6ad923c877c4cd95a4
1897	f83076fcbbe5351fb187705b325863fba80e698c0f9f8efaa33c8569eeabd356	3019d0e07c32c06aabd38033d742060a5374e8e3e65bb377081e694cda53890a	e3e49d3dbe6c02611b66070c14f7837f5926699ef91152aef2d1e143e18fe8e1	6240b5bf473a204ebb74a8983de2185a03a4ad1165739e27abeebd2c51664a00	95446c85538efc82f84fc214abf7fc9f1f1742d6f116c42add5ba41802d98cf1	bbbe6e8c192a4d88a7b95449c937526ea7453d3641f868a59b904e94cb665948
1898	7f7e1948d1336f9aaa4b1e70ef141323b5a6a100274adf369c3a4125cc91b06e	01d2068a3e65e1a0a0c56af2e14f8791631b574da366c911df754cdd87203179	51b8ca21509fa503221077f5925def1b851f8843f4c171f23bf2d41540369d8d	9dea05f5c88e748c9d9f46762ef08375e6a0b20b832d7137b5bed98f1985e793	6c6ed79c2dee958d6e85a58c39bc59676735553275a8cf65d8bd2ff9c9efa0fd	f01a6b81b4dd0b7e5f89b6096d62e5187acecd8add23069f28f22b2681c49e89
1899	e9445f31566bf3a392bb5ac7f109c6d0367433c290138e52c0748d22e62f18cc	5e65ff433fb134f17501c57e88a9d53c8f2c42c2f4d5254b900bce3d46347474	d21d5ade69cf46b310e470bd2825174e5cf154385f8502dc7a54e1f12919329a	deb5a40c3c2e9a3c9acaba7561aa1ef41d8671f7d235c9acefeb189acc1d3641	068e9e980e6a8dbabb613632403652b646c1a11d98503583e965d85215a31c0c	a1f861aa91bbe44610601485116abe12737fb0f111096ff6d968d72b1e2cb143
1900	486c751c89ffd1ed7426e9ea3726e47c1017f2ed3fb1fc2a453d12340ea0554d	921be59e588c955e766d732e63b79ea66b0c07238fb1cf16d480396985712592	beabde177a8d54b67e6dbc7eaf7ca87e3e7f55fcbf6ae6021910b37bb27f91f6	cbfb1e1d1971311b072c40cbe8cc8d4b7850c764a172580b4ccfc900c1cc029a	5a788cee149b31ebc65083ca3d1f3c3fd0b6bcee38d048d590c74fd7f9f47742	8f99fc5dea00783cc765986d97048bda367d9ee6e4692cfa76416aff5ee48e16
1901	806f1d8f8f6d611a55f8a82fb5056afb93d7db68b5657373cb69a22663a1eede	9fdb88408731fce0a02232193836a162a55f8fb7737b3a002447bb44fddd487a	9d495ce48eaa508350679ef19644551957b100bfa49f31c4fc24c30722c45ab1	7c677c8d5a13ecd868e942a42c3ec73800b836666b887b00b7b78f8da2cc7c63	22693bec6175fd005dfaed019f6620b239f246221d860087afe8edcf96e06d30	737b36d38c6fd38ad45d06a2980028bb8c7d51ac292a57aa2d03ac19104b58b7
1902	4c4379a1e777d635831d3b2a7446d3b1b210935334ec7daf20ec12f41c66762b	62a7d8d28d39d7a939d5906fef5cdac19d388f6ce6f1bd9bcc8c0ac576e228f2	c06ee399722306be8c5e1482b415281980da9416917e9cbf74489eebe9527ce3	fe38a2aeb2d3954907475886f63d70671fb8750f2eec0767d7f39e6075b9a001	590351ef7cddb2dea1bfd937614abf4a45f5ef4ae52062458c84589716b367d8	055eecc3d3d1e00b7aae1c4493ef96aae7eac6251c0a178db0df6575997407b0
1903	25cc193938c02e7102bb5d00a8f18e70a9231fc886e4c13d8a38b3dc4dad6178	e137108fbef0dd02a6bff07852149474a230f8fe9a7da664c5b23ba56a7b955d	ffeab64421e62770aaf6fbd95da82db7a979587c65cf5cdc01519b92cc8bc8ca	51830704642befeb85e2d67d8e40065933ed3397831d24fcf094dffca5a5a00f	8a4fbc9bd6f86b5015e0afc0245a4ce0c2626fbee8720263a1fb9d0a51600780	2f187b8b07b529e4c1bacb05cb6a0da39e9f1f0757245b06f59975584df80b31
1904	62426fecd8fbc0720743c46b25f55cb8740b7d79496194e30f5b1a6fb680f0a5	939467027ff9405ea3f383d571b49fdcf88a9d0e1da037ae991ecfd64fd8ac38	765c2c9fd9413ac5b8895aa865a88bf7b5a36419590c53122d2fe6364042799e	99892742594bbbc28bb0b7907680ad50656f2d4cbc253393541bca4c24b973cb	19cdf9f1e4a6de3ea1d610755da07a47600e12fa74e4b21e1abd454c244ca8fa	3eaada2ad563911ca34adc020d0cb5ff1c68df78e64f1e17e717915424930209
1905	001969830b5cabe426d71ae4048e9af9f5589a9b93e33a61fbf51535b8582b4c	fa6e37229669cdf942aaa97fb159542300445a1a71153aa18b27a621d0ec7df8	b63344691adda416eea4d5d525b296430aea3aa6959354591fcaec862f499d99	4fe02b92c7649d6e9b993388e17141082af9c8afe90b3ad92e313a5adea203c6	ceee521fc5fe2a3463a62acc14b685e28622b0f24cf00e98d1cf7600feb6f6d1	843021b16908b8bcf7160dafbc3ff68851d2d5fa5e1cca62fe2dbaadc68f68ff
1906	da06d0b3fa7159f51a2381c09126c7fc4e1162aa12d5d3e6617bf48639089543	72ab2c37d1b0efa1cccd493a7a77a1aaf23938629ef1d063f70f8eb0d420052d	75f17582dfc3a8e362863af87e9ac708969ffd9d092336a688d2d77caabfda6a	91f9ee4dd8da37aab92148720075c34830ec381a1face170ce0b1abfd407c5de	2c8d4c9f81ba3d2d83977e985d46bbfe8979e5ec2d02faad8fc8b974f3e1917e	36948b4dad08187a039f0ea3d9a21bf0e9a66de7494ccf377b7237610c82e189
1907	b08773d1fcbd79b55a8ccb8b5fafed9d4055a9855aa07a0912f1e900272db3cb	d93849221dd5c56edb390904acd0f43b1fac04f71bd3e68c51c719b06e6aba08	a4a6a5d4df1b86d440d30d8185cb5afc7dba7ab74f9c6417512529c915c1da6c	ade5e8c802836de7a832c7522312a000010ae915523655bb6c4e720fc10c269c	58ca4f4785320a3beb86846d936ba4978eb218f5c45915eed2aa0626062af373	1564e447685dca7a331ec1bd698e632e657c5953aa2f0c0d1212d3d9bba0aac1
1908	f9641bf0729225c2c49cc7799ae35df951be53a9b20ec7cadfc23fadc4f37db7	9daf9d20576f6e2fcab500b9daab6ffd750de1c19ea2988468729516243c5534	d186ddb6335f7a07bfa6feacfdf04dbc0ea53bfa45448083abb0d7ea13131635	34fda1e58152f8d83ca2c4523686ca83452969a625a724c758defa8675c467fb	2d8e373ffc13d63b8ba237deb1ddc993cc3b7af1164cf3285799f073a87a0b53	ddde9db0a2c21e952a9c06862f98ad801a47c8a68da25c11975d7f01935bb1fc
1909	4b8dca859515628485c3fb7e2056a44277958e2bc27b09a87100c0f345b59e9d	f6abbcce87c9beef1655d4c76299e65c3f648b71eaba7cf681105ac6da786d3c	26874508301e8d8a19c29b7fb63626e7cfb42cfc1ce5cf92d086489db0017524	36033848b8817da09aa515cf426633daed0682314fa2c19c2d29050e42ddb260	b6adfef68a648d66a4f9b9347c291cd5281522554c2dc749d30898ad920eb652	f74fef86484f5e6fcdbd44b2a5fc12bfaaec650a941f1a8f967358707d1c595c
1910	5cb95dc40ea2fc24e241d87e7260b0f13cc8e6a10446c9e08df666078909b791	ce8f2958b9924fbebea71e8d28aeb6b54370362123507b147ddf6f08ed521853	16958199a3d330d7b21c26d7dfb6031a36f79f1630afcad8fd011ced1919cba8	2f0e95e9241c74487a4c68775151cc27e2ee34c5ec53e8234f8ce1ccd3772680	7eb5b2ee95b906f9ff825d320399f6f6d5a8631446970dee61628575ab4873f5	80a907b018cbe754811da61851601798ed1cf53b167c9a9bdb4e98a666ff87c2
1911	81ea76695075413da7d76d31ffe1b1a81cf1363567310a19c3a816625880f9ee	c823097b1312afb27b79b81f9ec066abdc46353f1c6c9ea5226523c3b13b336f	9f9127948171b5f05689da3bb98463683b710861c47056729c8850740d3cc419	27c4caaca4a1e4ddf53e0b25961940f8983c1b4fc92c8dcab1abd7f361cfb490	95de0cac2a324e7c59a2fe10fcea4012e0fdecd4f1d88ba81b893202295a61d6	951836e8ee005a1bf4789f30fa824c1bc6c185147fdaa9d05ef57df038e5edc4
1912	b451f978ffa7d14277ed429a29223212a98b3926ad0733826d4f9cb3ad651e43	20d8da2c7cc78ad977388a2b401a4eb05b6c356fe91b1f0d2ca29fca83f2b3ab	7988c273f2ad1257583eb91f179695bc725c4b1c13bcca8f80c91068a35f6a93	039293afa696521cf7c7f9f0a5d73db77bbd33bebc6e24863a2dd9e0b20cbfb8	99d3eac7b7bbaaf97b0be2b9775a4ae2b589cfa2cda9b8316077f89b237dacce	131a27f2ba2f4c36a77081ba37509a1b7379ca4400aa8bf3c37041607e51990d
1913	84c7e9eabcc3da85e54bb39cf8cab9d441ea9ad40aa74dd11d51c7af49dad303	95c75a6496850e2c0170b3f5481ccfae030a61cd5fe3f82484714534d395135e	b336a222182d3aaf31fb74084db583d7e6eea9a2583f57415bec076d0c46af8a	8ec5207f385982f989aff3303e4b3906d6ed755f92d56a48963c70e98ef16a88	8e8def0573c96ba386017fb79275610753af710268aa2e4c5ef4fbc7f92dc344	c270140f7e81a30b65cc6c33b5d6df7c07195d15156f1d4f22c883abdac7d37d
1914	403f0d3bbaa9bb3ffcef49a7ce35a289b377c02bfa63f3d7523f38555e5c983d	6e13202fdf1ff068696f368c7d599159cb8007aecb8dbf4c821437c0cadb21b3	d232171263a0650aa9a194fc35429641493fcf525dffcf727546fecaeb82e926	4f65280a5ddce4ba2fe839b85c44e366696a06274fea9e8a704a2ef2ad6238b0	6d6183a57175afea2b3831a20bf90d2def29844c2885ce876ec971a0c11043ab	d1a2a3b0c25541159b00b8f64f6f486f699679da752e4287e16fdaee4db9b7f2
1915	a7e287c9072577664c56c81da912921ee9647f19bd16aeffa405e74bde5cb6bf	f4d512ac758a03601a6a132e772661b7c3bae38f90b37d33760ed974c3e0691b	c0fe2c02375adefb7ebab60110fd2c7ea2f0beb91a33e1657f7ceacfcd61fecf	ad19c29a0875530362a1cffdcc69a6fca179b7a253d90f8e5599bd54a9b21310	5efcf85ac926bb738685dc3347a6f1dcf5ce0935f94b45f204bfad79ef355a4e	e2a8011e049dd0ed158fcc26b48188ff67be2a75c42df4b4e0da6635601437d3
1916	85303162d875e5bc749dc47a4720e48df39bf30257de1b1bdb485d5e7cd81cc5	b7c7da440131f47b1dc539ab82afbffae7dcdb8a9b41fb807ecc1d1245cd4099	eeaecd5d50f63514ad8a6d8b226083d96aee65916ff047a9730c780e1ede6006	9592a5bae2aa3230a7153f361f84433ecacee3c3a188702203e498890f61f7dc	c64b1a5b67d5d982df4d3467e405b9fd0b0cf942d51b6d7667aeea7967440682	3d358a6b0ad839502fa158f51a313dacc421e325c9d0778490a0110222f6ccee
1917	f1e18bcc2cfc3145b55b0267ce428fd71ffcb83805f78aba87bd7e488271da48	264ca7dc4beeb53c4601e9e12515a88e9f18e469c70dafceabffe88af0a86279	1f6399d4c1d9f9539edc5b8ff3c9f0abf48252d7e3992b7bb3798aa92f107d50	37efda9857833d1bda7d0d479fdf4b1642b6314556608748c4f9bfcde679b01d	312b128dd14a71f8ad965fc6655d7ec6ad5885e9ed037fa8b1fad201922aa6fa	b80b1e89f5dc1aacd4789df6bcd4b787e4c76f44581bece7931e19121fea95ec
1918	611c27ac9498296fec40f048dd31ed1647c3b274e5c2c35c034c0402c4c1861d	2f7046efea8c8aa16b82f10edfc81c121f6709afb1bc69c9c463890027605642	3595ac0402488a1fb7cd31fcc242f63ccc91c50bafeb48f3e1abd33cc9e567f3	ba8639e46a87e5ceeef0b0cd44b154f2801ef12f77076fc3bf0de1ed95689c1a	389901a4962d0fbfc81d819da0453623cc96d271115b6d66dc936e67ccdc9236	77430c83d7975ed31d021ca42ddac7344feb333b72d8857a22549dfa0903dae8
1919	45f29ed1adbb9e9359a5f1535039fe1cdb2ba299aed9c5a4f7a0daea4c535ebb	74feceab0c3f88c088073ef7abcbb51f839617b16eba17aca19782383cc22f36	eb7f0d220512d33cab89f65a306498b61b95d1c828b49b719315e92ab596d1a5	da5ca00aaf786eef1ee9b6ad40347cf3f20fe4f5c6d1916728cd54c48b5a6385	f33aff2e98d623ab416f5adafdcf96698ee33c04a6c9eb0740c3126aba7aa040	0c0eb126f595b62c2ba75fe6fad5c4301ee3b0dc46a3b7309a76066885e41cdb
1920	ee8e73f4b07851bd4cda2f3c098ccd241275089ffd9533e5c8e6dc8e9282a890	30caef11c85c810a7d0ee6e2ceca3c0c83ec646333f1d40c8e976f4bedfabcfa	68f73f65c1411a18f2b289a3e1232ad8529611b65ff36fc93eafac858a3862ca	6af2de08b122dd8e2f2d0620569660a19e0a0fc8bdafbaecf7c736adc0b5ab60	39b2d61e60a0c134455de61ed6472d5ee888c9d882f5c66014dbf8ee53069efc	83654f78aa5f2508ddad1b5cb821b156dfe372eb8abdebaaacaa161d0ddda6fe
1921	0086a26164a84df813e6543a6fa98c83195511eb9a05466e8cee5a50ffd80a3f	373f020ffa6eeb9a46ed750ec6871b456aec0e7dfcbfe2aa441ef937f7a70ef2	35efd91693800bc4a17ae8de1ce9e7a95a9d707080be7851163ece7684b40258	1a7a7ca56f87c4698d1195e83f9885a74782a269bbbd6decdeda20a307a9b404	15443498f763531b5aecbc18049f09def02936f89c8c92c0c8669e185bdac5c7	2158752bf295e80e07e8350eb3a8758f8110d6bfbc640d3f797acca348338e2e
1922	349bc084b1e75f6320bf9217299237fafb698dae53df2cfcb977ebd44b37e010	762efca268e1b927fb026d34ff659f4f2cd6fea408964b06b519f01f00ed07d2	d6a23917e31958bd71e447a1b597c0890f511f290519102c97710da1f9534c12	9cd6691846e141a3f80a2c89972f368c90204452d81d8f594a561a9afe742e2c	16a6798bf8e711b55442c6e6b4e8051c7ea0e65497dda61e27a5817313f52f6b	d6a94b92b275e42787ccc84d991508c60aeb260790f84fb2f384628182f6e7ef
1923	cfe1d15c9025d82d987d7b03e5e9cad0829676f8a45481d793976e13667ac7ce	54d762f6b29c273eb6137d2a3a13a8bec26b195571eaeb1c76ddebca11068b0c	f6fdd489858dfdc94e1b4a2492550fa6addee9d012461655eedc215362166fe9	355c356bf7e1f37e1c2e03489a36469a080509fd77723ac0f3609f6d37b6383d	cfd7f2493720bce8bdb2e09dc5667e57b1cb22dba029f0de0e48368310661a45	1eef640caf5d7feef58c662e298491a5f264cc8b647fca9e31dea671c0a2d61f
1924	b45d5b9021524e3fab0b14720d3d6bb8aca5e64ac684fe230d16d262563535e4	022c886ad654cbe76c707b68a08f90f3420c68d9c0d7e18f840522cc46207b48	9b1a55322270a1d34b1e17a91d5ea147fe93a7f141231f32de327261d9600ec3	7f8de11832c0b0fd0291b4d48ad1dc857cea178e6bb7395bf89529f17b9a6f8c	7d3caa8552a0be009b661bcbde729e86d964f12ed0072973c4cb910748c59bdb	368a84a668266f4c416548fbf9f1ebfdc6057494db6b43aa3b79b78cf9a11560
1925	83f58f4ccb631f4ab9999f4fb94de5520dd186106722c6aed9316ef4779347c8	1aa94b48331d659fc89da161d562538d88b5e001484827f3b68567e88b021956	4fe0bd3c618100b829d3524dc220a648a064626c77ea32e78abab24812b85d8a	878f72891d228583dbef01bd080380d1af2d3a4f4f0c85e2f7decb478bd5864e	70a60e1c574f3d094ba03624da841638acceae7fc4f9d278b0815036defaa6e1	adeec2373789cf861202ca4b8445928220b5a700b9cbc508a77dbfa913986691
1926	6ca0cf653954b1a784490da9c33306784b5c4e83d9272d2077b0029625532714	f819c3660c5e61aa67eea440dc514d5c28672f1fc853fa3b5ea32514946100a9	f1041d5f5f66fa8df784e89fecdb38b15b0696f368ae3d6183511d926237b879	dd13178751dfd0831aa5793c288e016b5ff6193fa9d6aa0fdb3206fd108ad4f0	b7928a27ff1ec16ec7efa9e7777fdcc655790ec9a84ca072088570deb4703ae5	1953c3f2b27f0e263246f086ffdef577091742f0bb4af46d212c4fa3cc13a101
1927	27ffc141ce66c73f868205e5e5cbaf9378da5a052d33be190df33de8bcebee16	1114c4a851116618be60ab80d84c9878fee9b7e439a1955466412cdbb8ed5d42	3a789b086e26c54eed78a76ad918a1c92fcd0984be585bd8394143464ff2b692	538631bf2dc39d255f07c4750972087bdb0f74f3931173b4d8ca98c378b247ea	55f815afb1dd60f1bbd0004bd6f1bbcefd58fd5b902eb511c0b8f1ee1878aa8f	b0a170c9fb4121275b2c14511543bc985aaad88077aa3867dcd402605601ab5a
1928	2452ec82485cf7a8ec38fc1c37d3384b20f8734cb710f3690ab542d59639d481	9ec32035c62f0946a2d6a39332f19cee515612619744277d24a0ad6f3337ee4d	388188b2a425003a693e1a30392849bc960869f6cfbffbb017fc9b2a737d56e3	391097583a8067648898fb9a78d970472238ece42f7aa44c4b52f0fa18a5de39	74ce28b899ed149c6647214064beada84d04aa924b54b8202f16b85a536b050a	ffe48af248ab310fa107a2ddd767f7e55386a073518786b79864a59b7c5639f2
1929	293444f5458a59e515d9a7dd9d1368949158c192972d006a17c8b00cacc7a7d8	32f87414d40dcd1c117752c384dede7a33a729b552d5d57df8cad441e2786ae5	09f389aec1aeacc9c10a11b68087eb3f4b89fca6a3f1c54f299f3a6a8ce8d885	470c3a649de67a30de572d82ebbeba176a7c0876b2b4316c8f3959ad00fb2a8a	5468aa09f1214ef8d6c900dbb5bee5337bcaba4e27ef38016eaaa83e396565fd	b56d3ebf1f17b502c647387ec5442b512447b489b65ddca461b3499d0c809f9e
1930	c563e888f2a256dc9f54b576fc84c9296838e874060f52c2c6c6724e1f4c9a8a	c67f03c7d188bf2052473863db170538b3fce8657459fe5ef96642c44daa372a	b95af03d694d80ee497dc273244e67b6bff16abdb268d9452dca9baeee6ecd46	f48d836e025415e993d92f716061dd7d26f8202a8a9b8a1fa0016e7b3e0792a9	87eb56cfbc9b46385e3966c388f4ae97b4d55525d0719782c0450680ef883da8	d1e0883965f8abd94ad8772f882c5255f2101d689d63536d194fd11bbf96fe7b
1931	252e8edd77df6462301d63061fa5bcc5887888593c2e392f1f24fd0823f58de1	27d20b1de82d2695b3d1cdc080ae4e1c178c60a2fa7e22ef5b57d2598c050f05	c5462ad3122a3d81762c03374aba0108fa6b2f45866f3f9a17764cb38c7fbeb2	8b0b13d82dfea126b20deac70829e2fcdafad9f08df3f6da6893f8751f3fd46d	eea74549c0624a4b92a8bdc68e72a4f0d421a79d92cefe03e3cae1af4c3460d0	91a32cab0bad8ddd22dcb599d76ea3d2d63f1c6251e4e7bfdd6409c1226703e8
1932	7918446e5d6d7faf3a7f6100673ae12d0de612fa3c6185adefa256f96fd58383	ff854662e0ae3abc8d8684af1ef2d19e76724f3e212364f1fefb876018c56b1c	35608478eb91078db95d2d34a81429bce61407768d3e53829d0b1cf166639263	09d1e4043699b16caf90918e68fd3f736e258d121271bd7eaa90730388c5d0a6	f8bc130c54a7996414629764d0aa3c40b6fc59028f1052be4d5ca2969831b18b	d8cb980b0ee514f7d026ce84657e52fe421cad633a043984a374c67ade08121c
1933	095aa359aab241355aee482d2079357c8b6362405ec55cb2fc852364c3612471	9e73c1a86888e92b91c0d41cbcd70f0bb01823643cf9b8b8beaee152b1f43fc8	61db6943409c26b2f0788d76b0561dd4e039a1729335179ca9014d95600895ae	3caebfa6de864c971b0e340773c2a38675b66a5aed186c58bb960a6d6ea7eeec	484eb3d0e4c2ae21eedd569a37deb7221bdb09c6e189791405566a70481388b3	31c90912021755bcb14008c400f85704e4b3e3bead92398fcf58b79f3bac7e54
1934	9ca352563fbe0cbe5898d44d70cbb58f56826951f9250f6c5be066095d16319f	80c9989d5fd2bd9250a348b10d83b04cfc1054ea21c61d05a5a06b319fa349c9	777b08a71112ffafe2ac60e1a1aa883d92351dcd3765b27dc7c3c561b03ebb4f	efeed99e56f659271f5fcccec625b595f6b28f6565b1d9b23b322b6b70785690	3e828cc5cc89aad6b9c6dba6331fc5466cc8af4b31168594407fb22cf0af03e0	d86f86780414a916ac9309b66967965c26714cf0dd6c96848ae922fa91fa29cc
1935	7a3be5b732c360ab77d242b85c0ee2cdf02d1d207b4542c8d27030caf3d1e5e5	8d5fef17a6f726b7332184e38db138d18ec7659d341eea77f2af2d16ab510b9a	ee39fa7ff4cc6548b6b817572ef8bf93aaf29b4dd3ec75ef7ca0ff156de270f1	36d765e4161939562e1d0bc5a2455b26e14b6771ad49128d298487c2fe10ff36	6bcb35c554b0aa6e9e849eb1e8f9e462a2ace8a2b1b6e8adbf0af0b47c1ff580	63d574c7737be092f7655ac79dc5a891f618b39f7a44f1af81f11764b51b1edd
1936	8fd4884ebfd4ad376d8d75bfe5d084909dc6a955528dbf1c8f865a6cc4094b25	af9121bd4e6b74ef9b8ecb3b66c2d3d731c398ec96c541a915f6afde7d73ffd0	eb71fdef83cf6849c0f57a21ac86eeccea1222006e76bc136425f3ba3e86ce42	015030e084ea8ee9e22af7d198f3d6103e7c4a5fa83ecad5d97cead2b4216a05	1849cdd29441d72ef3cf96b1de9167adc12d420293e1081c246110a334ec9fd2	6feeefc93349d88ad44ba12a4fe15de862908f4d58f293a7f1049541186fb768
1937	326d5e4897a8e14a65d6c32402cc0c1897f21b73eb92c15e4ffadfb2213a7d0c	2571cb83041edeb980031d06b43dcc09cfa6ca1148be4e01f7b6db9c12e61f38	07336fb329b6b259fed33e94bdb8d8837eb351d3bd76d2b8d2562f6c97d79452	48ba22587f6cb1a1befa28ddf658a0cfed850bb33f240d1df46b1026312130e9	37b16a5d178a1d7dea6b8b9828cf3446f072f38ee74e4f59cf0a28124c5b539c	b37666d21e444623775bd50118f676d84f73acf15198b50cb4695ae13c89eee8
1938	097628b483c6fe2f30385a0b21a157d9a9eac7106a53e7c06e08bcab6492fc6c	d7be8e9b4cd200ec0d31c535ebb2c01f538618c7452557e9e0adc3ec518cdaed	bf35f5370840b1ed91444fa321b3f028a0f67dfc34f9f35ea4e2342c27386e23	974ccf4ea9dc8f11381c7a080933c1347c8e2403e6c30a2d7ae10a0e7aeea9d7	58541a8fa628cd9d0604a04f8223e2b559cd3605ddf378ca5f3bd46832a4f32d	34819f5e5df0c03b097bfa8020bfe66f036ea1f093501ca03d11674728a2dc2f
1939	267fe18c3d0145fe51851c47917768eeefa2aaae7d8225541be44b18695c7d93	454ff97cfd5b383e3c3d627f32debb51ce1c87e423281a3b45ca7cf6add08214	b798dd065252ace8f445dc23490bf3e8a58c396a973c0ffe5f81dacd4a5cde28	2967bd477740b85e632c20c6c4d02ffc8ab6402d0650bf011a25cd4da7c73350	3ebfab733b0ee7119c5203d25ec2912f2ab981f9cc9e7e6d37af5ce7e59e9f50	479429e019d5daf45b14382c77cd73db4ad1b110570805593a6922160bc99c54
1940	6bad6fbd55d6d549d49a703ff5347530a74ed089825b2f3ee374b1ee01936b9d	d040c66f50566676d64a84b046285b5fb6ebac9a060018601f4670fef60acb0d	97b455180cc68d035941812ae99ab5f60888595ae0831171d3e10bb2a2b05fd6	f28cae1ef9cf369247aca3072ccabfe06a59c5fd7a33fe90f7d619ea3411d045	5862c2a033008fbc18a1798cea6918dfaa5956c9b93c3fb2d9a8ea1640503a79	7b5d5655eab0a198f341b010e324bcc367c98750bbfab4599bbaa1fdb646f2dd
1941	dadab4d29728de94db17339fb1612b432b29ea1af59bdae342ea39a5d2ff62c2	df60d77a2353f2debc8eec6403b7c7ec88d3f952c45bd307a734defb480888a4	9505fc2d0e3105c815330a77b17e5969e6f6c9a32fe96fb95b682e2893727f43	5f81a8e6eacc6a8a878fcf17dc2b9d1e00a5ce87cfb5b684072c65a2fe805ce0	846a0af0916615f6c0f523f34471ea674087d2f02c95a8564dd2fd398a35ab69	3a231fd8409beacafc2ed9ceb7fe68b08be7141af8de6780919e68bfb18a2dea
1942	43d99b64034d0e3d704f03fc6754fd2a5a065f6d3e7e213fe9b077cec1dbe8c0	a0c3d59d0e2beb6592f6715053746fff3490988225e2e3baa12d1e9ef83c9e3e	7ab2b961c3540de34757bec0b6e88d80716b111238cc265bb4578e06289a7d75	6935f7b08a1617204aaec133297f4d2cd8c0c58eeb27683ea8b132f724e32968	92c7a4c7e7061d59b3203b2a20ae3940dd5860270878062a5e7ff82272c312ad	f98eae6d969fe947b4a828497f0dcd609409a751c62634a2e8f6df9491affc85
1943	5ffc24ca561964defd1b4a486e0bf75ed821430bb0a473b96f0e6cd89961f2f1	0f9e9baa346b29d6fa3575692ecc3f1aeb427b4090619decfd55c6da7c72f6ae	6c4e2f65a8007233dac234b469b0011090e656fd8cd0a94d114b81aa83b57cf6	129cfb8804e2bfbdb1e3cfeee577b8413b6fe36edc6a15c2ec14bc20830b127a	2743f254bab4fceb0a4f3bb5a468c6adcf0e478b8e9ac5edb9c743bdf8a4b594	0b41342861256924f2b2adc7a71be14821ac6ba3a77d1e8adeddb10322a4507e
1944	f2e4a44cbe2ea6b29039f57fc84ec388f61114cd6c4c69be661ee7d567b12a01	e88d463c07b8686e2077d91b023606a8f14597c3ded209a465d6019ba0edaafe	79be096145e8e28175805c1275001c620ac277a5710d795732e11901ee4718ea	561a592ec6dd4a5f63f91debdb791f2c334021310b0a4877fe33b400b5307045	682971e252d1d7da36d44a61241866f79284f684cb2205871e05cfc214b39a67	cd4a777d19e81e1dd8a0d6e6c7b930f1153dc55481ee5bb8f2953239641ed3d6
1945	7f8a6361e91f1a2a2163f6f0cb869f1252ba4bf948e49c8efea46204d5ebab39	89e5f5a165bc07831ae6caacbadc69a4a9292ae78412d57110408478a8075c29	2d00786225ffb2893a9dab3e507588460575abc72e2ce3f58904f6748baa7e45	9e8d93624c6ce5a98afd1dc21dc8f954e3f00027ca252da94c17c24cd1c5b1a0	65bd43dc8c7380f26a95f6e62692c8ac516d6a2d8db0edfef3545985c8f4df07	560280b9774db0bc530cb2ef39e9e3b548c4c9168dbf789b899a087e2a0092d9
1946	e025a092676cab2cbb9bc3d4de6b6f115e2da70baa9e9f6f659f25790fe84493	74d14a3252a7e7ee5dabffab5352aab6d2a175e43d2831434fc7e90355524ce4	ee7cf22bd2f1fa3ee6e89d9e134a10c1c12f03b4a4f8b8e93f666d81ba8adca8	44a065f4e6f5762fa75c569e42fbf802d97e41327734deedea1ef1f67130d046	86355bed1b549726294bd94e45fd4f20cd2dc2ac0e614700d0fa58daa3323986	28b0a765cd83a55c467033e75295ed40dca3f35320f4500c56109f3334990cd0
1947	103d7fcc45ad539df20f79f6a8108ca9c833cdf46dd1620f6ce2f04a7db20480	3eab052e315d2f9c800a185d3e1d22937906db83e77e4d02fbbf9f15acec7f57	2682587648765f5f92bd1fc1506dbad649a50b7c5d864cd5e49df9ac388c4218	a4de788bff1eed8c2837f9a466116bfa4bb615762246f4838185ee376b88e1ac	65bc3f1eac58bd25c9b7af3d9609999085c6a65ddc174b2bf7fda0ad46b0350b	2a921392e43caf58b9046ced7ad725c139435abc2212c27fe290d701497d520d
1948	1f22f1cc8eccb76e70a65a318e99d5d192ca215674a8c0c63c687fc19d17a3d1	d7e3ef2f11a67175772a4be4c8a31205f0c987b9a17c0b7eae3d121d1d639ee2	2a5531c6ac7b135f58725de92ab63106811b6fae619260bdaf7e554a750fd728	a6ca39d1adb6c300a77f02e1f12372271318392adc4e7fb1534a8a8501e2ef91	118edf3077d8c923f9e2d8b56e15d0b7dc8ea2f7a144bae0785dbf362d34f283	6f3cd5c5d2c233f2a3f39ba043c609875ae6fe75bfc49657970193c1ce679962
1949	2dc014a19341128bd0aee3f5da223c50c589912179fed51fbf251b719ed1e76d	a2b8d8b243b032f2bf19ba55611a7e8d8256d85dfdf95842f6f42994b0e89e9d	77df32c92ea02f53dba95183f5e1d033ec74d15a936206e88c1c289521331eda	fac8bbdb976885dd555a62f0a62ca463ef04e8b4087fe5ad1ef15265faa680c3	93a07d22e75aac65aa36e3a29baaeff072cc14a26761b4d0793dc68af8001637	57a72bbce54b0179af03d0aff81f8a1e3781c4e0c897a5f8182d555f08a0da66
1950	56d38e300dfbfc9c935c6192a5b37726c28bab46cc2ed2fd1a18f856dba2afec	353840427237bde2a4c9d723f3690bb7d6694e0269e2e7bb3d4f3c8d105e4b8d	0dc39e29c3904649e74a521d9a964a46014312fd329c67f63fcb1e9d6d144dc3	b90bb1362e8683f1cf41e201878e7a48515d4d23023d55e01edd3e33763f2f04	7568fc31d3e9d4389b84d84bf01ca6e68ee43d087c07e7362410575bd8e4196f	2a8965605b9082457ca1d9e3c21b6321150cd440851f26d9b67f2126d4644480
1951	587bef789443dc2f395cf6a7769278da60e51d46cc7cacdd613d73857e478a8c	1b278b8b08220b620169c9ab55ec7f1d18b906cb0a5a7000478e9d39a0d62196	32c2520390eaa0bb9f7ed52e62b87958a33c2b6eab156190944581ac01b82b85	3d8ba586987f7e325f898621cd6abf187650a5f1576dea4daad5af5f486c57f1	b1cc177be1757c790bc0de16fee5860f67a52cc7beb66efea78967ce3b336af4	1fb30053a72c0c90b8d45d41a021e670fb746d27e1ab3f8a6929e6affe336896
1952	ec1c0f898378b768bbeebbd76aa11970c1b4dac0733c2537f1e6cfaf735ecc87	b5eedbe463a1d0cbfc010a02f36ed9f70839818522719a164a066e7adf1adf8a	b974dee75b1da452e3a5a13fe57a3a469fb73c04114c17c26a222c1ff012a098	071a64661676ef03010757d3cb2b3554c406cf0cafd6b2bd96046a4f6e009e33	242aa9050487fdfa8eddc979c9d9d8b7cd7252a7e842e2b94190efc7df13ad39	956be9e0ff5d5f64c99784183ece1ea24af2423d3dd62f1966f28d1fb61f4054
1953	baeb6839f641d0c105d8ac1f2028ac9d744f453f502785595c057013545df13e	92fd7dc64f8a6568d8f9f7502dd68479acb33506cebc329ea02bcb2454189d60	64675d0c89116340f8f48aa4b01e3d82c6d81d9b99289be3769b18f8b0c11e27	4ab0b8045bad83eac3a71a145398b08838ef6f6a9a6ad2be299a351a82bac00b	6990e6f2c2353054647df9f658f6a62199cc0ac9b17f303a44dd107763f1e14a	df3d1760f5213e300fc4b14bf0170ad94c2039c5ec498db8ec6406b3de2cd057
1954	112165630c4bda79bba6b72e4b080785f147d0af492be334e3cda1b77467ca16	8f0ab5da3ebaded3fa8a8dffc9d081b8134e42a8a2a29ed1ddf4f0dcc1b6d894	63367dea47ad9d94c5e8b3dad3c77111ce02563c98bd1963cb75ae752b6da623	d2efd2334f488f2c495cfeebd218d2d294406137c806f13bf2d24e5d6f5f7bd7	6c6e4340a2b66f662e68bff2394356d9f41815dcbc0148dc98938f2b1ba88b6d	4f4509589163932d18c5f542dd4963db770b7896ee90cc099c2fc07c962e140c
1955	b58c7a4a9fc964e9170c80cf57eaeb784a6738d5d2a0ddaf9991b4154b0fc314	3e2182d920673ec6a82a42a5ea4c2a27e4f236b92a2a00d787e51070361fae75	96316a46f3c55d3ae09ffbf77ff6bfab8aa3ba69e9ea745057f6cf12799d314b	9f425ad70dc85e524e09ada98fbe1b7be59be8835502b925bcc5b51f0b778f48	2655a2055b8e1f00a7ba9aee4e403a43958f0119a1946ab97e3ffca2df2a398c	146376dac2eb5fd8e8526fa4304f671fe5ad370df4f8c0906bd6b99e56e2c718
1956	e6ef93d85d346852997e2020d8b1d02a6e0bbf973327c105696c0b2eed0bd74a	c5fab307228186aabfea608ee200a32370a5077e57c9d06970be82f2c9914c76	d8d042d13941085576b4855213abcd2a4377b44bb613f5ee1fc950f21c5d664f	9c33b27cb8fbda7eed0f299a267649e5893659a2d398998aca7689df8e95328f	b574e01282f588b8ead8818bef33d2c168a82e83e555a0ed6239cadd032587d4	e5f809501b6651601232b53eb3ce13a72fbbaba99e53b20784602f0ccd45329d
1957	0b06ac9b93d3d9b2c72d3a7c99ed09d38cb85f9a3445d37bdb978dca9d822f9e	74d9f1089dc828943ede5fa3073c1a5df5a1f18c6209a69dfc14a64da7247576	da409602f0e016f86ceaa9fdbaa330d89446165bb6dca99dad66eba043957514	30ab92fb71bdc2b9a74bcc398872e6db982077c89b8cd99bd786c93d0b66209d	c5eb0d71c76ebedd32fae3b4701ff06d53c55fadc481c409d5f2044914ac4956	a99f19e4a69f142ff016072f0c748096d6f30d1bcb3725c279d5bc533b7faf23
1958	e03a82f8671597a7b3698c855b4469045c3f13b50ae62f3af747491ab6bbdf1a	862fc4e6b81d3c121ca93cf8011077ec938f0077a3297c6d6b0eb098811b9cb1	3026526a64259e363d637ef1b3b1cd7eca5578b0b8aadd43b1d8a06ae92d073c	039b1b6cab173a2ea3730243e1f59cfd63c21b75c616ccafd661380dd31af162	8ae1abb9d5e5f4f37bc33e6cdd455ca71077cfafb44604346141325e549282db	c5dc339e14c98d8c85e6cabc58893fee57fb45adc6da6c74a5242a87d5d85131
1959	5c5d38139230367f76faffe9f291a437581b5774d7d3ffe0d533d8499bc9a7a9	b1cc9b1f2867e41fd925269649430347e74b805c37fbbcd9fbce1ca54ed4b5f9	589b39a46fbe9bb37865436e639c120548768c33590232f81bb452c5795b4dbd	6253522afbc99e717d3e4043b801786fe3069c821e0dd51f211588bb79c31ec6	9f9ec5782ab43a114917e03663fb57931040c7ccca97a58b12659298f8594a15	a66e66ea048d8971d299a5ac0bfd1e51b5cd1c5fd1afa29b317b4c1f56b0865d
1960	b15e407de5c9ea90018074eb9269307d26d60492fa049ea62a1665c599339fe1	8af630075149574dfbe4ec47d92779ffde24575eb5db1ea720ba34e399e5326a	c3ebdd5665df7fa721a94048ba74498530e8e0be19433c23ca3ab180c1449732	887ea56603702fe24892c25fb5c11ea1022f6400c2bb434a15401a1d0c08b459	5929ffb8cecc9f21eaa70ba1679434a26453889f5f1c0a3ad8f4da43a8e7399b	d72542dad845d5da346c2e9edf918e639e9af38f98d26a96b539ccac1996a95a
1961	41fc7a0011e52fecbe25847e59a990c67e2a6dcc5413eae5ec4c382c0a88135d	f3d560821f827228f81672a4bab00c0a0be2295c54cdbe8edd8e930449070622	a782bef27c0a36d6cac4a4e638b4fb82252d4b3d40da9aa59536d751e6f11d7e	bbd39fa3978e7c7abc4fe7c4eb7896821b67ae766f692a6ab677a116854d5ab4	46970444050a40a5955342b25afa839f2d7e1f99fc7aa9bf374d912d7bd57e6f	e925278803a67e6594679ac451b0e0e8d72c1d0feb4dfb719e12a532b48ba4da
1962	864b6828e9244b7800f06a435b3b4e4de5cc659b5bdf0f862fb9c4a9d816b937	6c1d4961b0b27abb92a419281546974f14631c205182cd815b6acc0fcbd0593b	bf981cbe222d523a03a5e05d12d5f03e4163a0baf656d2c1c7e98a175cf0f390	7039b105d35d2135520a156a23e3d92d0b30caf4632ec77cf7d4956daa8b93e6	1c5135e9c6327acb684761e8d1eb88a0de9eb763d2c7674415d2295daba9b412	291342b105cac11b1fbd7cea11c6e863d7784e42a6dfc6bfbf87b93a00ec7d7f
1963	c248a8b66f3a44ff29578f30419f62f5a74afd9d8572bbb2abe30202ddb8a02d	9d2dc705af9ed0c35aa0ed0e7046b204686ec424e68ac1f7733f6b3563be5cfe	d8b22c06281061765f125f1b43125b679e943d609002db50e01566ac12116bbe	377d2ccc1dbae2a66939ebc98d0108f90a2b74fbcfdac317493e797bc12cd58c	a7dbfee0d9a481553f4e246a8224fe87c0ae3b1b1d5008830e722ebc1fb266ca	2913b11bdef52e25fe0725a504caa7b2d5ab261949dfc5954b46e6150ef93e24
1964	94b6817cfc517e039e8bed73bb20f8a4b83ff9097ffb216a946b2e3f000fa252	8218ab38cf2d4742498315743655e0c04006570a4d9c858096902e5a3577468f	a4e29b85de3e206121c442f7008994613b35f446b57da0c33a89f2a16146507c	d041fc1c5d1b3b27f7a22b63ede60d4fa835fda5f33e6e1d0ff0f011c98e5c10	85fc239bd965a4f7740ca33c60ece22901012f4f1df81ced0a1d825fa9c77e2d	16386afae2e6d76e497fac1f17d7e7bd141a045c1ef0f0a30f80c73e02df52e5
1965	bc7fa64987b257cd81eb1298d5e7a44fc26b8cebc98cdfd0e3ac426ae52116f1	34826baa5892413c40313561a72a6f5635d4af8e3fa9c31147533f708dfefee2	644cda5df21e5293074f3833691b7af19614e2345d8224c46a5c5a5703de84b3	5069f0f2334dd52978266d4aef041872cd6322218bc4caf56d491774b887e9a3	e207b531d870b4bb997ce4b4381d479fa12c7b48e4b726bf27163148075f26f6	a8528f3b12554dbc95ab1d79054bf77efe45939b47dc47f786523bdfc38f8c27
1966	7cc73006cb5cc1d61d3522c0f087f9483a328685b4b6963c008f683f04a66c11	6682efd7d27d094f9a701ab8ce1392aabc03b5a79e58c3c2c138e830c0370d13	25e10c4b99dda02ecfe45fc62600018752e67e79a327b028891078c69a8ef8a0	8eb35c40d14ce44786d2e9912dafdf22f92b6ff5b96b98888f2c700082cf40f6	41800d9046e471386c6534b16b4d399b6bf3858ddda31d867ceda221b78cac55	878d8c1305550b47302951137d12259407d48cc6dbd4f0826c6b3bf8f4b52e9d
1967	3c702012bee974e5f8e27a37daa8a278795ffb13540315fdc9e46cc2aa6751f1	5b1bc8d8763e0abd5da0c2343de3a1d875b6eb379193a50bcb588d8da4072a0b	a7afb19fdb26d6269e044fb70062106d1b79de5c3ad3680e998769f62ec2df38	d31a557864d7bb8ce8d1898d475fd133e4f63c3d8a3fdcc2459c0bab2ba0fc37	ca0a3eded3088c91ccb5913efbdf0a4f90c774c3bc6552485a936e4d54ba1e80	b3c3ed7782a68969c990523dd69b9aabbbd0ed94227d19e7b54783efcea0c659
1968	cbe0b64f54b35292a79a8840d90050346eb9e66d6db9d56609d864652a5e13c5	a0ba5f8b0efa1f70f7615f2c66e27ff47c369d1179d69ff3f7fd9e4869df6391	2608132641f7a278ef49da001a792c7dac8bf62e896163c11b3ed7024fa3d9e5	116b59e9ace98e62aae9170951521d109a6be5a4dafb2d006386313e069c6e40	3949fca43c8156742101e26ed6d0c65c4e371d8a63797a176a5301bc842f21c5	d2002d346c3ea97bc1f9ee960f237d487985f018b7badf3c66e9bcaa4fdcae1b
1969	719ea9e93aaf3ac161200463742526eb0c81d556f505f04b9edbb3db8851565a	c2c4313efb770880d4764704e2f408425df7a329987d9611455246fbab7b2c0e	b41450b535eec8dbeacf2653d6921546acce0d1d00379ee31fb69d43834b5db1	735a8126df8c6ce22a244be0a2bef986898642a9f2b32c58da9b83df53d763d6	cc1ca4f0d79097b4f729d1103fdafb9856460b0295642c72ded13807b0154933	e0ee190be798e6ba49811e5ebe52cd3c3c0c346f75bbbfa670d8ab5ff82de81c
1970	9049b2aa7f641dbca1e2eebd8166183ea65c57f6c4aaea4fb37a4f9c0dff5ba5	2c8b80fea1122cdc42691a8509e4c79669ae582d8a4d9dffb2fba17380d55e62	112fa218b6bf7734fe7feb4e23c9c8a6f3fdad3f82188fab51ef1150b785be24	aa734323a51b86b3c898aa66549584728c0ba276800350c3b51b9b958422efe8	e70f1623aed3bb884ebe0ba121d6ca304fc35c17e9cadd7d0824f09580b44277	119b32a5ffa95bcc12ac6f3ccb2b0487c7a718a009170db96bbc074f43a2271c
1971	9b43dfa830b12d8aed812b6a2f6a98d67f20c2184c4b4f7c3bc19be81e40b888	6d3a6cb3f7e10ed3d0afd910973051c251471135b72849c18ec7dfd0e42eea24	f4a47c6bf482543176122a3279460f9112ae2fee1ee243f73f8f557feabeb8d3	a4302e12f00b8c1e1c364007e909adea60af2ca6e0b7fba34ac285f24a1ecea6	8856f14657283eaa66d6b278c9048b9fd15def2601ce40202ccd90b20c42926b	de16327173922ccb3eeec325673b5650064dfeea7032ba83397103df0b7b3dc4
1972	7893ca6fabcc8a7678c7d07db958e2d6fa5e3ebe3a9cac0f547977db6b1070b2	de4376bcb9103404165af4a13b7d7b8f1bb6fcd49d909b6f57a66a684439db56	85dc90d5555af7602edf74a0e67f4c2531b2ee0eef8fbcf65c0ce43d5751edc3	5ad3131f0ed57fd39b30727fc3858ce50996f87d6787bf1ba2479635739dc62b	b688318fa99fd2e2df83a41117e30d7c4cd1f8d709159619c9293c5f7ee55a2f	24ba917bf2beb6bc79d9c078842d6ac2d95a87084d30b4914231eeb859940e45
1973	2080956fde8aee016641084679547de738f3b2d0a43241db869322309f5faca5	104139da1e338e3de014a58fbab1301c0b160b373c57d500c04df87c6379bdf1	9c439eef576caf2bc43f2416073b3d075eaf20b0ae65ce7a798577b7c657bb53	39eadd7cf408ec0fcd2f2a202707addc375eaa3b14b1aa96b4437a3d231dd947	ed6e5aa7636831228a573793d7655674efda045116e299ee5340d097bd8da0be	7db2eb45c313a7af2766b0909e56949473b796f8035477b5b36cf7c02781e320
1974	619ce3b419d46039245c739c5a0755895f1b0476990575fd1d08a21a04574eff	1d02d81db344fb0f7ade3bd10a719821d0e69797a852f4f78cee553251df4e95	cfa8fcec8fd5e2ea6adfd6011f9ddf5acb4ffed52ee3927783ba5c3b1856251a	e075689d5db235a9d2c2ac725079a3df144161f8e962296752cb5bbd188ef294	0915d6ed8b72f677427a10fb9fdb2bdd75277ae0e70d72a09a5ebf3da5b4482a	3744961279371b0e8c0f5e2db5f665a1e3d10631d5d4e36bd503de372d87118c
1975	d586219ffc57941c1bdd97e18cc3f90710818575e9cd566dd67db61ede6b43dc	a7c4f8f3cf3cbb6d2baac4991f3453589e27bdba1c36c9004a5a31f5cdcd2b88	266e775dfafb47687bebd9f8bebd2c1816f4298b82c50ae1237898a67cf88f9c	92fcc6c1b451cd35b74155aa7323d9bcb8ae4e930c8f35b312ab5e574212f816	ded89464b951891a0421c710a699fd4be82b6950f33a17a350f8af53aa077944	e20419038bf96be9fece0bacc16d144a089ae4ac18218271a2aba7d9e9de247f
1976	669ed1102f1b41a3e3765491a07dcebc30fa1f35700392662c36c6b552b43f84	200bb76475d7fdbae2acd6f58a7e160671c8a1d6de243453ea5237ce3e9fe1cf	66ed4b4e405397bdbcdab352fe37f41f9045c72bdf41df61bf7aaa1097a6b325	c810881b21bf66763ddabbe756c64513fb62e7728fbb370e7d5734cdc28df611	53d58fd5d1a7a9536db9a33edddd82657b50fbdf64a84713b4f7426fe3eb8ad2	900f3f551a6275d98aa13fa7ed90e615f6381880b92225d8121363bab94173d8
1977	07da7069c42f49a9ddf4a7f54363b676392738d48b2e68ce2702c9f5c099059b	e2db3ce379417821ef03c97b82959055f7246b1842e99ea7844cabcb833dd544	8d3a9a7dcef4387d6d1828b538bc472b90b728b26e11f091af777da3a436bd7f	f49de97f682e0c4964d5b3127d7d94394fafca26182caa6d84ce84ec414cd9cf	b0a044fd8d6b29a3247f498ca5978add92ba1e6212fae132b54ae19967bc5a33	87d3afdc32af8405fba358f15c16bc036d6e65eaacab58f5038b89a98779fb0a
1978	65658cd74f1be8bdc13cdf2dd4235b23ba20038f1a7fc7f2da769b0cde35a46c	7127dfb2c493186f5654e3fbbd78083282c7b26dad1dec2a73e1062e982ac01d	698c2292d80d26d9ba2d173972a5f02099ab4c3b04a4239add2928fa532d0166	06489d47df0707f4a56c3293100bce2e7c05b29e77959e85b21b5dd61926f75f	92a128cb7c5955b066d4416ab1ba1d4a110b980a121162589b910cbdd629604b	3663cb229757fdb3778b41641117015a61babd3902ff10f617461935c7908bcf
1979	561643f738b7a50dc9bb29e2e93cd8ab6d2d914d0ae29b0c4ea9c75edbd6f0c9	875750f7b7d2b5bd724bab81a62cd7f557da9eaad7be851d5924b17f7f38b336	9fd702c465b23b6a4f1c203615c03906ea4ce8120241ba8bcb92ddb56601a2e6	bac735b9bb6205a51cde4379ac3ae64af12b16a6b08ffed75efd9961d19f795b	3ac3f0a46a94d5b103887aa3ae54baff12db7873dc1966d5d66af7adac8e6906	e4a755bf823978d5dcbc4e54408c123d3ffe5d9a5f0ae670dc110d1d78ffc27f
1980	8cd0f961372cb32a21d3bd8c67efdcf8b1ca04bfef12719e40c9aebc06417bce	857af58a8295de76a0d736732f3f00002c6162c66e0a093e049b94eb81776729	65a33a12f6bea9c75fbb48b826f45a8786d1dbe8557058daadbfa1137b03cda3	9161c1e63e482b62688cac89f73fcbb8216dfaf7b09f869341389db2d48cf441	48ef0cfa6d49a24e05a120d55e8720365b9933f16add50e92d1a5bf036b582e2	4d535bd44dae6f4bc8fb000e124bd419932a8b25d239e25375916534493d7e7f
1981	e518395a7d137ea510e205ee36ab7e8cd1ef3e618b6b09b41c5df28dbb97df46	5c72e707c09b67b536019ec76c3b3b2076b82a2c25273e80413b887288ad6218	71e8da2d0cb222cf78f42618439d97af0df081ec1eb42c077003bdd149472415	556092cfaea0390cfee88a389e7c5ae92586174e01b78b88c9c2d558f52b6dfe	23d3c9697df844bca10520df7ceb6f8c6ac6a53334770fdb61d9cb84987398ef	b2e04b8108f6baeceb05cde238b53832bcd2c48fbfa83d287c2befc7f16f7eca
1982	22463321fe78199ba4b631e034bc55e6404779fa4007c311709990468c1f1cbf	0ef06647f76aaeb346f59e49da9e4fe56fd4a52dde3c53bba51da0064ee4abe8	3e50db51dd32cef5460c90f68e5ab8656e69b09f4670e920c32e55593a1f5ed0	a8eef19c187f810ecb595a4d6aac01f5496c7d5c02afe1c72a85738021574d37	82198bd6670307c1f24a0befa6d41dcc4129e8634ec19f512a511e3469e8d7da	941764805ce8542a01e3b4b34ebf5f42846b77f2c8442bfb056f3b9e0ef9bbe5
1983	663e3fc73632ed552bdf791c826ffdb79d4a1954415ccfe7113c8d51b82ef2e9	164bc07019ee6d226d7a353a4b0763a7a9e457d2d5bfc169c2735d36bad25a05	86ad2afbdcef8f0da03f25af9aa0bff8d4b294dcc8c85659ed7e804f1922349e	1a373b7163f1f2d63f8a62809b2c03500ef3f45f65b0d0c1fd284148c32205f3	e2a27a909273c32085c6037fa5a6a7691e082d316ab94ac03db906d8f78a3093	b512bbc262a0b49f6e28f8a0d67fdb228c9f46b688f190759c2e0932c2f0a992
1984	5341c868d29a445d9f4d3540b23b52b55dff6210215d87e38a7859ed118dfd4d	7ee7bf736bd7d65fa107ab44baa9f7a59e5b74954a6114c1b5ef253c5a573723	212f4e9d4ca52cd108743fd3cddc1572cb21c37f0f0fc9a5c92201b4cd5ed8d4	575c8e1e9d062b9d1a40669435a0139a44d96edeffa8cf26072ef3f2cb141b2e	4d7e6955fc6368f9d88f8ab98d20e4aa75107e5fcf2b400c3ff702eb581e1f7c	65e2aaa0203b60b86f6db106966002f896dba6b14fe5feec4aa048ec3aa6f525
1985	e86b7c4c0c6bfe1a0ee2e3db842da94943be7049debfab2e42d7a94c8f1f84ca	39a1dd40491d72dc30376e665fcd4096b5f70b72eb1ff045ee61d1ba49f37aff	6fbaeff864d2f1e3dccade6dd0bcde30f3e3a3596c77b3ccef043b23d8b6d110	f06767d2121d77286f2dad8962b48b9acf7472d4cd30d53425646dece5ad5c4a	09ef3bec99527c0ce070d81c1eca04864a2545128f56c00314542d8a0fcd7feb	6629c03b2b0dcdace5929931cec2113e7f54a5236907aca979b4d3399f40f2e0
1986	1325295657724125269b996ed8dfd10fc6337111014f20a366a03353c858f770	12b519c08028d4de249bffcaadce58b0c63897b0cc9e97b80b1903557be89b37	b866024e1f9da054e3f13dcdbdcd1d1403e0d234ab003677af5e930b60172472	6c5197eb2d52ef3aac150864de8ae930caee1d1e34729e0e91e45704f17db6dd	ea66dd95c22e4f2d1e1e6558f5231bcf319c5b953af5675875630d7994c031df	d5bfad2dedbf29f9e56f0fc53ce67eff9dc4283bc3ccff56fcbc5b47b93aca62
1987	7392318bdd780b9550735bc30bab579af96aea3a954fd93177e590b97b52493b	35e67b83d17993260d54aba239ef9987a11286d7631a6d43dba243f29304e813	04a042a918ac2b64f2c7f99e37c9a41f9fb58ab30dfca94a815d89199ee655eb	0f08eef691c3c1bd1341b15d720c07bde99263040b6329755a329fca1dfde985	a7279e3a2b0bd04ba3cd49be4b6d574b2243cec8d76078156713275076e1dcc7	c30a8ffcaf57a12ce153525de3373d5e4e25e97b663396424f2d1836fda224c7
1988	d1941379ab883523b95790c13e580f5752382f30b4b449b0e4abcea7537c222d	93673e53b98f1f2cdff89180389c2e21a1c6b8a16f11f7a75571ed2405926ffd	e4f9ba8f344305a8fbf9eb8e6dd1a33703936b6c46e3d08f6fc3f526a9059c6b	fe1db896232c6dba5344bf229f0508aca8f63c5a5a6b7d67613d51b6712ac745	1a74821913d51dc10d722ef8df8fc4d42cacaf2a91690692765a71b8195fdf04	cc3a93bc6400851f390560bab19906ac830a93a4676297614e65df471183381e
1989	01cbf5af656b854cadd6b6307ba2d8141ade398c4444e8a9b6dd59d8f76f39b9	2d5f480c2e15366e6553652e8dbfca274637debf7532a62f028add4b9eeeeb98	4eb6d686e3dd7abc5545f6637ea1eb06bd6f72aacf862a7cef5ccdfd43150fbd	322447e4ed4e21bfe9efbabf0d7f6c89fed4ddaaab7bcfb444ceebdc3d2fb427	f20a9d27904761fcd706d9ae09bb4911236cd621ce4624621abfeec703a43f16	976630b9cc295f870f744b65620b446a67d5765f6684e8ab4de529467e3b9255
1990	d0bb56e077d8e02d3c2932771d139968ddf2a0b1594a607c49c99b6597b60b91	05f9a72a98e8cb18614495a8d1e401837bdebffb5e64f93335046fc0533b00a8	5c980c711516a1f0b6331c5d91bf3fd612a6b05cc798cd4b18ae18d7bf349010	2bb0ffa35e96b0a2c69ad96085f02a26bf0903b0f2789b2cd66b7eb638d5a3cd	7d10f9b937765ec10ed201c42e648a55cdc9b23c32f1e51f6881d44c9f89b796	d49b62d3c7370640b876b4a1513921c5498e26df79301221d88f1fc9803ec06b
1991	34df29af336bd96b5aa30ca2db7389f388c9de1e1496bdf312f54167730298cf	f2240ad604ba8ce95a2d0b711a4ce54c6bc52d7293d57fb0daa356d681d01732	96abe1ee94aa5f0b314f47699ebad953192433cd4c69cc2efc3201d1822be565	9525e5997d8024ae612a3ca194a7dcb1025eae2aabac890cb93d3cc6d718d296	e89843473f478f3664a4302ed6ef198de3590526b479dd0ab530d53119616744	9712ff161952148aae6ff2dfa51ee524d64c950b6a5fcecdf32d226e288b4c99
1992	42576566b4ca63a98d5266b3c729353765b2e02310d1cba941b084c8565ed2b1	5883e5ac664d7afc383dbb0349e1939590a3cd561bc8fc83c89058f99d9085a1	1fef9be795016200595b74fea7d47419bd8c3ed33ce2c4ef9f5620d550ad25f2	4d805ba54c203ccdc9befe56b63db751b1032c163491c2bc18ecaf5538588b91	52946cb805690f49af51ba52bd4dedd0d345ed6310af3778b2728be47c8e62bd	01b992a973d01fbd12a9974cb2baf29c3bb3603bfff996c64b9eaf7eb585de73
1993	22ca3d19fe9826034f16cd5201478508e110819d19daf11b05f32f99a6d527f0	90b3547dd24943dbc18f4139be972d2e2c38954d4e0ad5470009ed525f7924b8	020e2f77830fcbc391a19b4610bcb8d883c9d1549f22db8d63c0fdc8fa529c5b	63a6edad4f37bba1fc8f9984f75337b6d3706b7c6e2b1e875d794bdbabd96d2e	791543182207bbaebbf2e5279e3937867554a4f116fee1378d43f4236d6af0a4	fc2b5032ab521648f89df8c2fb0c4f78bfa40e44789ef0a0439da7b61c7555b5
1994	bdb3ee39aea7ae90d76a786d58b8f8e70bb689fd9970e495e40439476c74c5db	8d76a483ea78537df2c4f6a6847514a64d8177c17495f2e2e03ed096e128cf34	81afc92e8a393501beee8f219c322be0fc7d8e1ee1891b9374f54b6f37e9aadf	6508764497dbb4ee91d1c636c663ffb921720ba4adf09f99d6cb00a4188458ca	6fbd37474ad331053cebdc1105169a4cb286982d1ee550dcdbe4a5572cb940b1	1bb5b00cb74d48b5a0d9a6e63cd7984b73316b40b070f994346e5f3fb1a2bf84
1995	abe2d59add25c87a3c7e6ba0acaf3d32188b1dd4bbcd99492b0224a7eb4aaa50	7be659c71063dfb8837344f79338efad074f0e8373dd7cfbc8cbedee7cc6c063	8d3cc2faec57b3c1f8beeb01e8df1e877f2e254207680478cb6d3237d0103bcf	68ac57a03bf318488f432df34439cc79fef57b4c7c93e7d2b67fe67476c5493e	0e50a8c18a68dd2b33d5b90b95d5bc78f782d6396950a902871b13238c116103	351185029ccd3624d6becd50f592dec6301cf55317ee4c3a8366dfb04fca0a43
1996	f3bb0803a11150afbcfabd9ce23c462725ac51bf7d470e252cea36d2196c68a7	6a796e8cc412cd1bad36dd400d9a2e3361dc7b4315ee2106ab5612825bc6fedb	d074cec3fe4e812645e1c8352e461736a3b509c9cd6398d358621f5f97b821ce	f148a2970318925e2c83fd51031a14ec1ed1847b155e25679551e80086fd798a	5a42aef7d96e496a9777c43c5f88a10a28752d774dc5302d9a78621140182338	eaaa8b734886984a113f7418adb34a66431198c4d0b7b593ced7eb76788c5c36
1997	461ca008117616f2eed8c1a44d1a223ce77cd2b829d507b1e245ae986893d707	b6f9b95f2fb996e2be125b4ddab900ea4857508904e7373d744590d5a6e840c1	43fddbd74311234d66a82746c6ecaf88e7ec8a0553b63324ebc7210a063ee545	a4325dd2a03791f1e7570b8759333108c06f0482f1b39a393626b6780800c1ee	04734719af60151696ed04be2c3ca6361fbd3bdbe2bec203c278c5954d89f2cb	fc38d06afff4451510b326de99b08642fa93f4bbf1f373b689c570f8df759669
1998	8d011893a19ec804f3735ab88dcbb4fd46a5e6047be4539e13c14e75baccda25	092957432d82c0418db740303209f5726cb032d26259e969e9e4dd8361701eaa	8db5be25a8c370061d75026914e12ea549804dfb33bae1902026974fcfc14121	e65a45254ebb0da23643d491983a61637d27c4bb15d74a6b91defb53c542c931	65b4409e1a7ee7bb12d1fd2545665c2d3dbd467df4fe581014f34af424219578	678df4ab180f002754b78c7cbdd963320cac0c2f6ebb00209785435b4a69014e
1999	53bd82a7272e50e397728b8a31e33854945a21e72e76de06e1c49c059cdcbcbc	9426faec442e551cb716765e1de9c8620a95de5e5af1e1a775a92b6629c5c69c	87d59ef3af43d8615370d3582188d2f845b65380259d1235f3a84ac6b9d6e17f	9cf29275e6b38f8f85e927e5c1e55632bcd4452faca0bd39c2f10546cf9cc8a0	e74168695019f7888be5fb8d232e558c4d9125fb7014afb94c03ecf819307225	1800888bd9341fc817a31d861814e531befce07b3bbfbbe889d9d0bb39dacab3
2000	4928db66f2f34296fbf2d1241bb45c33d32836462ed43dbc204d432fc34afdba	df738d38216d43a50acba31d371df61d0d80a499ec80069cfa593db4066532f8	ab221bf9e95ca206159cad96294473d1f39dab7a20791e3d56c0619def2ad7ba	0b5bad8fefbf1d81eb0668f244a8a1508ef69f6f5204a07003dd7212cb4b68e5	1a888063cfb96e049b7e75c24358e4203cb69210e883d357c2326c06fc73f635	88098405062042b007929b7b64131fb7a195427a19ec9dbc072cadda5f759475
2001	c891a6b7679a1583e4c3010b12bd7ed4ff6d54eff00a59267af11dd5216bf834	5219d6b95439d12cf89837a0272dc0fda56b172b4e601ac3e6b4183745c5a9fb	fa59a606e095d48f11c322e5f49f7d4cf80a57be5aa0f37f1b5ae398d5330b10	fc8cea807571e77be156e8aabab25a3b48e54a18a658d9fa374f20f5e5f3ff02	57be4c94ac357f305563ebf9810dd2d3dc611b24edc7b0070577b2f92f8b522c	dfdac3ed3c3b482bd7f539120cde2ec6b6f10345b4eb9348ec09b85aef9481f4
2002	cf8edb5f3621e674b19f9f551b66411d430538fbdd53b5f375bb554a29446ac1	04d787bc0d2d9fa30d479b47a615b3bae0e9bfe5b15047130630b62e3a0b854a	09e02d06b8a7e56ae116f9babd17d438bb20bff0ef8b9ee7054581308674d264	d11e5d60daedaee1563bb0a2bc6eed17e5ba974749933b498b1c65cd37046e8f	19a155bb0c8c89ea4bccb406929c5d176a13305658f591534a2c2aa0cfcda1bf	c26d349e07a171ec6582369b6c219bc91deb2affa127fa7b3a5e0532e560e486
2003	b026e6d4b68e9872ae8011cdefbe910fba04b0d5d75234e7c1cd9cc8cddfd89d	7b14de399e7ca58517f66fe20576e5fbbbf244f40bbe539b19741ac770cb9837	c0b15fa79287410a261937fbfb03d3a83de2fa7ca05fcaf95928451026ac69b1	252fbeeb39ae309251fa61bf88ea4fea62568cc2e4c65fc6d7b75a1113d95318	adb8c5dc7193111fec3434df04a49e6f1e9d8d9bbd6e669318cfaad484355a5c	4a1a25b8397a433a57c64b4100fda3a91d05b55908d1d2354b8248f2e9d27de4
2004	80c66cb9842ba802c7962fd9f85514dd0408366ab3311ed14b5420e39eb32511	0dc5ab58f873d31f3f92a8f848cef3967abf1906d6f765cc748245a21ce5b3f5	42f8dfffaf7157c473d23811cbbb27ca07ad71ac34c18b17b46c17fa50fc4dfa	221081bafc2b2969ba44d854d342c53ed761bd77c98d04bd9bbfac321652a626	30b779e0f02c79b50b28c30b814006c4105d59834fb13151b3acee404b788166	f14d16a736ef3b19444b011d09aedc18875b5c991204ec2bd307ce14618febc4
2005	90e082668c04077bcf4bffff32d3c59d9c551cd9ef9b1831374589a2e8ad5918	6daa4a89517f9ae3d4ef6366006d37d502ee5b6b37680bf9ba559f34ebc74ab2	cd4a2830795051f65027ca29896bc22b09868140da3fef4c09beac7ff7c99fb5	ffc9c26988501782f37d14257346706db0c03f19244f493bb6705ae9d245a2a5	120418b87250f431e8ddbc26009d786e52f3da5d1c4a280d1948db594c11902b	7c1efc78c28d5d3d119c7af316fae3a2677327a4ce27ea01681b8a4c82a5fe0d
2006	6dff1812ee9f715787352a6782c5388d962f0be5174311e35741ff30d6b5c6c1	3eac14e28cbd85b7229c77ecbe037d0675605897c9c4933fe9d5290e3f517816	216be98e430a1bfebf9258ce5b8b98fdb39b1150044407e9c353460f6dde5bf6	6ef4e0a6f435bc3dea3bf10e799ad1744a7c1ef779b5efa914541e8716e65856	b6af9654c6e2db8029b8f824517a8bb7863cc0d32f8a592d430ddd33b7ead1c3	cfda5c9e0cbd344894e82d44d076bb71b0bfb0b841ae4cc5a161026d5f2615d4
2007	a0afac494da3aa3eed9431ff2d69e27e9a279949720c5337bf7a06c2b0058bb5	0c6b2ba8fd032a77b869f2a23e56da467f65dd18578afb327125ca3065ad8601	81d5af9303a3f48be74f88abc38ad074051f19003a97071b6299fa6eb85b20aa	fc52c8d46115d4e3203cf4ec3000699f35327d297ca0471e1c609a472cf37214	01f9fa1fdf0a36c677c09f92d1f8f098afcd6bbd1cc95777334f35a1b71cf1df	dde2258e1017b761028afde6915fd975b8a64ad686eb1760bf14e02edfa9b3e6
2008	c673e3a5f85b6758fe21b7a60a8ed9ef1fefd467e712300452a81b8adc0aeed2	f61b3185e08339e52421e5fdfcef3288e3cf06b435db67730529197b13d4a3a3	1c13ca00e6106156a5f00516a9da26b7df3e8cf98226e7a3c309fde66b46335b	ef319108abfa97c0f3eaf40a47f759c4c4de726dcfc1bd08482601738ba80372	5b17dd7b4d20d1f63956b5f9b05eb26dbd2c6b9465bead4da7556842e6dd7d75	fd202265e5643240abbe9fc3a28ed46c09e817a2b3de5d412e8e398e3d56f439
2009	8d36ee54006ed53ddebb28da31d8d5ddfaca336cd794939f273412b1bae80c4d	a3ebcacf8c69d59effb69c0c321960fed79366fa0413a6b196f6538e477c86e6	6cd5e1146822e876a163c12c03919b4dfe3b392e5b350eeddbbd8b706b973f80	4b2000e2810988f0478753d0f16c18feb62f89824bedf8db87e7bac6786dadd6	36c0d7ed1647cd1cf9bb980cc82c6cb672413b9a39fe1eb89e438d185e55a28c	54b62bdcd36c43c3bf0973f7d3b091c62726da1fc5f187d4c574687128065d23
2010	61f8ec889ba1ea43cce712582cd6d0fc8d35c27afa0e2d2c5b2704f163cd2fbb	6d79e9b4a97e2c7d097def9f68c08e1c0918d2a4710ff2e711db5143e6f51411	dc5d8c51ab8d7ad09592260d27a2e216bb3625ae42f52c946f885eddff4084e5	231ec95b65911b335e40c1280d92a5d94e42da2870c0d3247fbfc5e3543b61cb	bc91c70ec46a01f0a0c4a769e9c84bb9bc6489a52f83cbaed5720dbf5afe5fbd	418dcf20a56e096604663cdf0c734f6eefcaee343f10009b99e1b3b63f790cad
2011	7f48c2845b00b0e7b4a2b76e275c24b860058a89e0c92b85af586bd200e46eca	236886760fba05e314426656a8d108faffa5e985c00fe4cf450c4345599241ee	eef38e4016c7d0ff1d1578117eac0d008d26814042481c2f87d40caf06e46bac	339c62279d1ba4b62dfda72f7635b6bdb829fe6ce0324c305576b1fe57c68ea2	b1da98f2a6b03751e007df980185d04d6f178cea3446e0645e6610bbdf5b017f	f15a5bd5d1b3d59ce521b3642c160b81f51726714d4af82bc8a80bc4015d4238
2012	19eb93b45a233dd3cbeb3dba40823c66b9b8826c0b7c5fcb60ea0af533c371e0	c090e6ab25a7619f87c0f9314d2faee29c7fbbe225736a559e17bb6a829f39e2	a7e8a3bd14555a8520cdc576402d06c43bf8789364541340fd252872679fa71e	3ffc69e4eea1c2e81d1fac3403e947dbb071c1e5bc8e2f875b2a0c7887177c18	4eb845fd054453b19e8fde12f84644e15a5c6f6d5dcb94478a7d27cbbe5a1f62	30dc9395b8e200b06a98841577da1b56b11e6e53fab6afe5c2a4586312230b8a
2013	e4b504fde1c8bf0ed34ec601898a09099591869247f692bb7a78837761add125	a8f942177ca7fc51d1ac9946a9a7e4da9c69e95d60ff46c6c5c63892a1742a9a	0c36c10ad13a867c1ee08473b74d700d0795b6ef1a6e91856a86f659d0cd5910	d32f930ad43fae176c1973d685686e8640adb67f14c9e1586a5f287707ced374	dd38fda62216bae2559b6f862252b726d142ed70938cac78e4c116dfef04a7dd	f0ab31ec9c81684c1add487efdf149a333aebdebae2a08e628fd8a4f205bae35
2014	7ddac729c29abcbe9bce09640b378a8832a5ebdbd76ba750c695d9edc33594a6	dc5d15f37384be49c8ab0b46d94710bef7191cceef73d7fb5ed6f1c7db2557ea	c2b76c9248946e08aac344eb944e8d6948b4fb2bf32c669637d13690925e7d85	2fb7cad2af2886f8b02f365af0e499f8dfc488ff616a2d009549f00957614821	301cff7b84459b178289465730351a9fdd7d2c85a0a3bf27bc215ed80d1f222e	5e53f2f6e123d8b0b77fa3b8ab3fb4b70b0f70160e3ee0018f36e79683a8c4cb
2015	f7945e8d77c9f707cac85884dd8a445d2aa2cc930164df4cd5100405f355bfe0	cf012adaa661d58d160352f931599b5f935e61e0984189c309c01b664c888ed2	c1bdf45b355861bf13f5236faa4bbec8b71cf69d7f2077406c1ace156e8975b4	48864e2114ea0ca106a6672612805ea5e55df3a6d9ff7f37ed0007fe0216c247	d09f5afba0d838b48d5e2372e148700d9d23c837f545be6e024f722c99871f74	ab53f64fb5cc6697c3266000c991eb9868578ae54159debfb14e9fb50200ec5b
2016	23178c5abf5ad642ef44576e01388e2fe0ee176a179928712f672d3c8886d646	81b4d66bb67c9e9889d13f37765184e78a87a41639ecee3213fff73d02d96825	e00c5732d0a52b8efd4b67e61796efa91b5e13c4dd01f5906ae9057b9f07c785	742991ed4fc914b263368d3323c35e5aa3eff1559942d6f57c9f4070d21885a3	365588eaf27014e34a4335c8eb4aed687507c4ab60dad9ca28fd06d3dea68ef2	19412e4e35409907ff02ccccf680240fb80902c7f5aad22a980f7e03cf9fb664
2017	30558f2f86b72f7f3082dd99d21f25ebddeff999b06114144a973b88e9c6d1b0	d382c634ee0ff66d464e6c808229fb944912cbccb9830221c7747d01f2c6c447	67f3397d41fc43a164e75d6236561f196233a74094cc74328e6c8c333d2a9d84	e4be2c6c395830ef69f283ca936964b02a1f4c6aca8299bd4e86fd4d72533660	b040bd7fd207d9a0a2a203c7711343c26c34785f79bbad0dff83c22b9acbf823	428325d6a917b1b5d0126f28aa77d783697bdaa88aa44bd41eaf71494b7e0c0e
2018	96b50804c5badb8997d96e5b2fd9ddc66fca6bbc0e9193f7fd3bc727b2d40f42	4986df3d2ed078c3b70b47e0326dd9df8ed73c659b6adba06c0ef614cb96d334	bc7378e148310a78679d081988edb0fb83a9d7148f13725f7d422964462a435e	eb1bad2663ff6bebf46badf832b0177d4c1c7965bd30c999c3b0fe552b96cdac	f3eeb402b6e885534b605ec4f1db1a42dce08a0d8eb72286d44a7da4a7acaece	2ca4ce4878e8d45899ebf4a16168731f9773ebe6485cb0b1e527ab0afbaff28b
2019	cec1d4973812b09f1626ed9e121b9f809756b03f366a57b1614ad58bfded50f1	d8a90486b412636f6522344521adc4c5725b179e4c8fa797d8bf1764ac562b34	eed04169e1873968160574634d2d5829f3750d5b80c93f3748d7d11c5e914f8b	25b63c0e56b2b6ca056bce26503d0af0ceb05a2e62fee8fb62171632fba29f75	b88f686f762e57e67ce2b7c92b8882fab820158066b5cb8652690770e1b07c40	066e90083cc997e5703819f3fd9edb8cc30b655591ba73fd71d07341bc6248d0
2020	db8242f3d727328091abfc973a620876a84ea1d14425b567ca0fd97bc166cad0	77bb56c39762fbdc62074ea25bc5ddcbd57c9b28157108ff328e675e32c7611a	2c7ef1264344f5b569eea0811e6211dcae543aaf4c6c506920eddf38998dec2a	e7b5734f9b2b0f3746a69f15b9b766d309a162122374f517c4eab8da91737619	d25677fa13f57c268598363425c367fe718b0de523444334422cf9ddeab1743f	c085d37c70a2b057ae0b256ddb1403802a70158d93f16977eaf5165a298ccf25
2021	2fc19e88f6aebd9dc681426d9ab47977eea1bea5ba3af9f40cd0424bbf293786	92631cac550837bdecf8f673a333cf957845dfac8890764b15550b4061ccc952	1be63b5f01fa9239ab942925549ae63bbf6c84101adfda224207b0bd74504860	125790f1163752c0aafed95d68043d8c52ba44128c89cd3b2a1cdfbc0f6996fa	60077d1203bd8706968c60822dbf05bf4ca60778a2d0c880a284e888a82915bb	0df40b4d46283ac3d1f971cb98fdbb3c350f9f16c1a674a724dce5505a91a381
2022	32fb0ac1151003774b2e46a84d06120c9603689e22750cafa425e12f107e9c2e	4194478dd4dbe5ee3fcebd760cf7e7c180a6b5b634b08140d142e1f3c67037de	f8988a886ded3a88ea11b97c4d2c25f1c585c72196094cf4974275e93cdecb93	dd9471d51da80454b459cdb1128f02b51b83f9788019f667db32c60fd3fd7db6	5ac61b0faed76dc0415a4a93306f9104df4ec9f2625c0c52e44eb27b86918a9a	14b6202e0fa297f6d521a22b56621dc3f955223be8d1b2c856fb90373a9ff43e
2023	44f21372c446441069f301b266463b754a8144850884c3122724001608a6debc	2b56742f900730990563b14b82ac2c7add016752aead2c0b04488f9e17864e88	6114a56a7459effe4ec7a3c8b7c1bde5f6f6cf1e13d5fca29f876dee80967bec	eabe18e1e0c44ef4c56dcae53830f1e91067bfb822dfb485b6e78384af5900ae	861018ea9834a0e795881651df4a8e1b65aa81c625b73a5e1767e9ffbbd99e09	595b884e9e23395398a954b93de7fc16dca3c792632dbd12b9c5e4f481e03cfb
2024	702d17a68dfe1829e9983d01a1c2cb60e560cccaaf8d1b485eed2ec7ec29ee6a	7374e975719ae944081c178743234a70536f40912b8926bc7887bbb3c434d398	54fa7ad03d2e65b3b85369e890becfa2786283dbe0b97ad6e6601878ff941f91	0ee941ddf58810521e4285b7ab13e841c06d27e8aaf8c125fa0fc90cbbfd2893	64163d71be87835a8ca508aa56eda18310323711c5773292469f61478948e0ff	1f3a0971860e41ff4265b13d3ca041b889359de18bbb76099026208a5cd5da3e
2025	6154b779e663bc09f5146393c0b8c946b53072decdddc435650b32d58320d604	2bbd1a2a07e73b5e17be216d7e04ce85dd1c4a92fde2b3035d1e80858be4054b	21ec090fd75aa02b13f1f52987defd62ddd5d4b2b2eddb61b57806ce42ddcb12	cf7ff716b768942ae7a087ce6081e96262f08990baff2b07cbd172c9b138dde9	215c29db5cf9da4c0238b5e370c64d86120ea19b424aea40ab6537fdeccade2f	f3e3c0468c615b733767ec55bddd6fa14cbc9bc723bea2a676b95aa5e688c520
2026	13fe0e7475321f2c67129743b6a8a7036d8a0c95f9d47b5ab544c95c836e2825	df16810bbd43b7b8cdae7ad296a6886cb47baa17a98189596b01e85f83459d2e	66aeb6289556f8319df1caa6da20bbbc00b1c6c8dc139799a070d122703406b2	af8215443de8b71f23afb9ab0b88341c3020a689c9c21e0dbabdca9d291adc05	85a807b940b10f1e9ae919e0a73bdf1e256371d4575ccda1dae252a3789a96c5	ad3118532f655cec4fca466d84c5bf9cd05a6bc6677350f50118dcd56df28c77
2027	51aa70f94a2da9cfef708c896e2127aeb25e62e3bff583775e317f84caa26da2	08ccd7d966aa4563fa209d24eea56d45ded5ee99fd6049bf11d25204e14e1fd4	41201e1aad8dd790ad87f6e75f1e3cc6507f111b06962d1a41cee9cabd3cf9ae	c9ee1a5c947ede5c178ed432cbe57156d2152385701ec75bab1979506a57aa99	2f438b2ab067d9b44676faa2b1805302b81c6aca1ba4e3a381ca08152f16fc8d	377c95400ff4af2cdd7aa34a4ce653db97a8024552dd55b98f15208139614b8d
2028	789cccaf41a89c36d32abf272e69250a2f36e06f8807be53adb413f3801b2005	67ee9d28384809885d764273e58f803ce4b95c4eb8c93387fd72e7a422e352e6	67d5cf9b341dfcaac70960d4db2ac72fc3026e66dade213c5354d336eea77d61	ea5c9bc07e66d85a55e27e2bc0192f878a728d54155c3faa03024bba447e88d5	4f9fbae8761ba84ac7d45fd9a014d4e7e87ea5488e03ea4429d94cefd31fdd05	c1040caf9961fa2c316e858b3d6411406954724860d879436fe3f64f69566593
2029	5c5244192abca01bc37c9d4f35eb6aeaad8808124222597590ac5ec5997f26b4	c09c342592acc65c0c5bceb80c372a5ef4cb407af42e0a45dcb69eecae7d8858	c74a2fadd53ec79692badf2f914b3e9bbde1e672289c473cb429fdf576de21f5	fff8d455b267fccf88c97b6a47d81bcbad23d42faa6a9b74db1014bc9f1245ed	0e0e0cab095b670e1e422cdd76eaef6adac740a1d7db5ba77e51a9915ab666fe	068cfb985e786dfac8b29aef0a59241b1818345664460545285052452e95db24
2030	ecab5e07f0e88befd7c6b2f29753e2625d23f82652978aa841f2adb531104368	c99291fc8876d68a0c88417d7367373c076e82d1a2265d81cf1f89a434946c70	91496514bd9a685d336612b3663acdf4c80e207473f37a16764e2bd52d266c3f	51555fcf873de74c8e144936563f60c4ac2f70aa15b22f4c56b1cddb1dc635df	08135ebdd30f22507d29c7077de8794004366b2a541ca70ee14094646dd2be72	07d736c5dbd337db66af440a548ae2836f55291d4156d8d4c53953c825cec1e8
2031	6e163e3b1f92486fb789f2f45bf728c3f512b180c6f3f27207601faf1291471f	0d80d81380f5c0b378375a982d519b50606e89a916bb2bc34a414c73621e0410	529a879a5869b21f343821a20abbbd218b59c90d0742313e56972157f0a146f0	22e8b8c9d479b21cee8741dc2a325475b745744bf9fc8ce985d803a4f3e78f38	c613f74035c9de88bbd9dcf94c64217722c7172878e9ccb9eb7ed75d9bd31a23	a49968067d2e744ecb2fcdac12b5f6ece113a91d965060671be0caa0fe60b425
2032	b22585e0bc09c77dd77aaaad6def5fa5ddc098e7c05196d4b767a5d83e52c34c	4286398797d1fc4efcd757fcc6aa51f3bb60eac7fc011114d0585e96399761e3	504a34001b8d0b905dc4c078612f40d26360c4405830042ff08aba2e01f57373	f9931bab4d6d8db9180957b83a91802a3bcfff7a9d37194d08a9d061678dcd7c	6925fb06f26e854fcff5e4173a755abba1e637c7bd2d382ea8f377c0103008ae	316d61407282d8b284c4c31a20f32bb4bebddc31a68629e389d037052e424bd0
2033	69f89d8b32345e9b95f2ad71562fefe5ef2e734501802970a8b303d69e1958f6	f57a995cc00073a6dcd14ae9ab7a6d601d7abe37bc55e3e54e44187fd13a2a70	2ff43191e463fb33be9331498036a1cd3d7ca7c32a114386f7d62038cbf3501a	14a6b5820784b293af2314f1cde0a6845b04f29249b3b18e06f5cfee42a02853	9e98f58b298ca60a06abb71fb2a45b7107da3488dd93ac62fab4bc8b35554895	3366a73d30dafc5e9062082a3a9cf6232f3949463d40d6c8e62518a580657021
2034	1cf4c9f342e77831e9991efe8ab3322e8dc5fac4ad1ff2b06f04066088b993fe	5647b3303f8d56e9ebfb6161bdf299669c39b23295dc3df166fd466e10ca7675	74b6a3c57353e8ac72c4ae6cc14eebec40b6d240acd188ef2ac297b488bbbcdc	e62576cefc90c15f10eac5cabb6d705aff07d51d3c952d2a890242efcbc393d1	3603bb6bcbbd19571ff2b5026bdf846a147b7b27db58d0210db627b39bf7c093	d5202e2926c276e367a641f81d2b59a763edd6ff9f8a1c3c8e3b9945342d0078
2035	ad895db1d8a04ded75170b8427b8e3a9d6ccefca069a58848324a3652435f300	281cbda61b48f03efeb30c124b0982d2684ad2abcf93642edb79bc974897a2b4	04fe708e27c872e26c57f8ccbe31952f89cb189f8615f2cc81222c49a5f5d55e	4d20d185659ae43bc7a9ad1ed13e01e777227ca3c37ce9597fd584830664cd88	5939a43772d7af9bcf2946e06f2ee38e210fd9a1d2b94214b2e733d7a113f19c	f51c232a2925c3ebf07180bf03d1f630c22930238991a9ab0782417a069c0850
2036	8d0966d46fb6f4d56d2957156a744dc914c1603696981070c5a7b62eac74b2af	2be11fa75dcda1bbedfb8f6309ae22467a2d7226459665c5d2063c442af51119	fad960969f7bdfd7b99acfa548b535dadeeb7006a1bb122340c7f31aad2690d2	f985f2d494f37b6cff58d5caa7ef81a1bf5d2c76ed34138c7b8233715f6974c6	369e87ff0c85cc5ac3b58a8239a3e72eb79239a122853502becd8b887e379ccb	00864aaa8492a48352d9f1eace287780fb95eb862eaec683ca012d03e2fb6a43
2037	036dbcfa9008cd4438795afe93aa39f2ae1b9ab216fb1163dcbc780983862320	922a428775d50c8bc31aaa4fcbd714c2d48c630d837e7010df40da8de93b97f4	b8968adeaf3809de1a8a550bc0e20819c2a786bf2601247c49f49057591ef15d	e2132298a0669441b4ae1c8bbd5278a53d5af896bee28d08beb435569709c51c	c9a737de917128ea9d77b1486901e29fe12e6b973d550941c3fdcc2ccf102823	861098d3254e70e3f65e14256662d51b946fcdabd72da3db59d823b2b85c2f71
2038	6f4e02525c88fd617ae982dd2f0dce3831f082aeeab41e05c684709bf6fd0820	0db927b09d17107cc562eb1c2ffe83d93e84dfe3f42e417217bbd6ba05e4f014	9129827fb9232f465f7df721df9175d28575ae02de691b4b3682fe422e5597e2	1e02051871e65b17ae715b6439e6be43e7b8738b5f4b49f3335eaa0bc83ecd95	ee59382f397df6f0478042b4371917ea64b569e03686b1b9d9ffa2556098e981	a404229c6646287825ec9bf45c9b8d9fad4491e4b08e4b83f7ae414b13fca0af
2039	24dd00ee7074592a843110a073018b88f7621ee6a78350bb651fe01bea4fa029	05e9747fdd415014308870cca26821b62aea1e569aff65c1046816666836a8e9	f6d6d9ca18799b58ab413854812f34a8981c54308621506715dd242177df27f0	18e87ee6b1ca0e0467689cf0907464bd867c414926093fe03af71b1584c2754a	3ad80b51eb20654c56daf9c5880230cb2ba27d3179ad70081337784f5f1ca7b4	7837db30af6e23ec5353d0d915c8edeadcb8914f279d4e34bac3bb01f3ccca49
2040	8361c5b4efffaba5d4ac55281608471e42bbed310971afe258bec50bba63ebbf	5adad85913f6a0c4656439d61135b942772c8ae12623e0e7f565bcfe574b1ddb	c5e2e3b7af4361b50a24a308830080480f17623b46c482b80c6bf37e53328905	3c64f81183cfbaed798dfd63b432fe210db96b1e20f079008f5269639dedcf8f	9ea2a56c3aa846fa95b5db4696db5fd41777908708c96ec8c83fc802919ece04	5b2aeb392f0148a7f00e4ad39a6186cb8fc90e216900fcb3dee92c1254d2b554
2041	671e9bc54623574253827093b00a257e474e5e699ab30efc4eaedb284e3ced91	c14188026292282f2ddc8803564efaaafb3d2cab3222dc39c88904fee2db3cc2	f5926ebf0d201744048f56f4356a9a6686342772df8b2f8380acc590664a804d	81b709a89cc3d96c716c5a103a4d6327c7af3c50c5a251674b5554d1b904bf40	f077a55a333166ca08fc6598a26d8f327aa75ca651e98028b22cb29277f3dcb4	05f9f03672dd3d0ed9f05f03e9e33b06151f675248dcb653c7d831759cb24665
2042	570f0f95e66e3cdccfb17a9f02ab5601688887d1dba959c1ac1b45f53e6274a7	1fd2f6bff267dfcc803faa50ad2223d4ec2b454edfc8e4446192c501bd91601d	a6afa1f5f99f180ed088dadf73a314c52820e128ff772d30292bd04c39c2ce90	1205591050476ed58f1ad44a9c5ce6ded5bc3c6c1caef02e2e41d55607c5e600	1e4e7791f5d7c4a5336ce71db8f9d8143210604d4d08b32ae2e6cd1229d6b05d	10dcce7ce23628f398909a43ab6265051b7de31ce2ca6b42373083b3c6c01aad
2043	09844779ed57b8eae8981966396f997cd335457b75bd0b1863b5c8cb1b63237f	23c650fd944bd21848ff4f0af284f3ba8700fb3a5df63646d5891d0c173b0f1f	c1ae31d62d04f6fb77103f87c3632f154b78e011421fc05bb41031b72f2f3acd	f62327037285490c524a653520ccf63fd7657b0e21561f5795f69cc831217a1e	0471f1f885436d34b3fecba83f0f314ea14b9633b52df2c823b79d9df86a24d0	c5e0a23cc649af2ca30dd30717a97b9536ba8f1e7204c818e278d6422bdd3e54
2044	99e102e816056f544fd54f3e5aa7ceb6136712a2def1fa49817affd3cd816d14	167af08a4f7ceb18aa24a26cc345f8dff71f3686056572098e6d908a1f9e3c80	efe8c87be701e3c58b8f8c4e799c26e3fcb39738bbfbe171517385646b5cbe20	d7d2e1ed18082023df0b92c3ef7ec3e91f1216bf5f853e9d1fc6950d692bce68	78b201920172f43c2d7e0523cb5b58956da641ca35a645cb8e62672275cb8f74	7cbee21f8b4473664e266949998785b534572fe24defe3da839ff6cc3f4e25ce
2045	a2564c3e4ff64d9f57eb0bf5c3a288d3ed4922926b6c65976528087ed3750cde	62da565e257c2f904bed26c706bb34badda5abf759833d6334a984c32f3303af	7cdf3b1bfce27e5539912a9cc1873bffd57ef9583b92796ce92454f6b9a1d010	3ddf381db91349019ac1461a5d1ab6677d8ee90c08428a727c7b3ecdf9859ec6	a52e58f2357b3b32c455644d060dcf2fc2f76de67d248b0f323c5c88deea9d28	c5613c54f3cd8f24bb3d2fe5ce965ed8607ce9dfe80a7c11430f7f5d5012b5f4
2046	22cbe0ab93a223cfeec897aa728582474390658e61a29ffe9bf935cda7fb30cb	57b1a39b380d0eae15bf96e4ec1e0c06a5998e9cb62539e496771056d16714ee	5ac62536ded66d15df7ee8531b0fde4a7088d313f8cdbaa5ee30d883c97b6a42	f52d79f0112689bae0b73f8cf0a570ead4a93ce7b1f6cb3488aace6417405948	fda02a3bbf0d441b01c3fc89e115c151eaf8fbda29a6a7a1756bfdc68e1589bd	437d76c576e217c7f939406a363fd73bf7148599c127cd6325f8a6304c35b7e3
2047	17e8291d293b73e2160323a417e0492211d8eaec267b5d64a7ddb7f3a0998346	9af3b7ecd3c7df43b6378f845fa5e342ecc5dc72b7fb7430570e3bb29356e954	7c720efb5559a08f7f3c7c4cd88786c8441e7adc182a75e3158865791e19c0c8	427632ca8f6449cd1f4fc035ec53abd6c319fecf7a0939289096fe93b2c85a96	ac91a4691bc657d6dd37ec2a3337ed8086bde3c51c25f89158bdf50046ba77f0	ae3387f0209fbc70cb669ef6de3b0b28d5767ce0c08979183a621fe2a29a04da
2048	6ddf499e70a68fd92ff0bd1fc25d34fce15049a04a8c836b8e1c3509773e884f	9a9ec46de4c55467ce739a22c69dcf81b82d78641a28998f5e7f3691168bae57	012573a9a4444b767777a1faf97ac2e7465fc9eaef34c8b8065c6daca573dd9c	6b5bcf8dc014a9931570bc3faa622f5935ffc9d455f0adbee60a2e33ec8f7224	8ddf545ca307805d4f66d3b2b3daa63b25eb5e03717b8c09cc76c8f2dc587572	7d70f94be5629a1a7546a3f742f640f2f960b76acbc2efafdde24ed5cd011bfd
2049	c25dee8939725e63096ab578834a1d05fa3ed0114b102c90fd1a23fca4506103	ab2274b53b88947261d66c1f644f12ac8e94b5f0750f83252a354c103b253975	88b419c99fd01dbf79a95b1d956177acc298315f20e8e1fb12c10a45b5fbe217	3b894da1d6fd9fd8da339f6ec043767f8c1fdeff9e9e0bd8088f6b1810e70826	ac79269e4a726fdc5efd80f924f0d4ee9003be7a5b9ebe7478f50e76cde29345	2b2c49214799918a9666a34c24e4579e8ffe1be17dcdfafd5c2948f510938f5b
2050	49e4f2fb0d46e4158168d9011a10a95c28d6bb391c09a88ca1b00720720748ec	d8b89fdcd0f186d878d183e3f48096dcecbbcaeee1273de5c00363706cc6838f	873c2a8ebe4920a15e99a347c783a233dee39f351e16231f0afe61fea42da3fb	b8f608df3a338305c868827da387139b958d17eb7a0f3c1eb427de9597300563	97b127406cef0ecf867c4a04ee2038c3502bdb800d0836735f85e3985d917d16	5ada0201e908cdb74da7e5d6ea655303a08b1001f33f38dd51c677a9cd2be3be
2051	d5a5c6fcba50f6b38b9b4e1b278229421c0b58616a6be469682343e485ee32af	44e811a35f1abc35ee5a4c509e18a099bdc9f09d6fdb6b3047b4844d1117592d	5ecd380d50724d597c2e110540c94d98978a9d0eabed8c52eb9309fe376c3e1f	8317c06acf3437e616280ed241245715f1e8fee71b737a6de5d70762d383160f	1dcc1e211da707349d4e3a3d46b02e708047062b4cd1c7936024217d43ff7cbd	2dec65bd3f403b96b3caebd2088ff1f59157a38c7e80846f9e1fd8c15b6cf999
2052	aeb2109409bde2fcf70401439342fec7ed8033028672e2b41b69a2d146b08909	f90b7cab263f18bc1a353ef60b2119410262a77f59ccc0a1b51f52388b686693	aa93c82db1f2fa0588dfab9f5c8d333dd8a468bcc78e1908efec58b623dc95f7	0b6eede348bb7993492bf20b5ade9033e47e97a6f2e44bb471cdd6f1827484ce	226ed97eec05f9e51fdc597478377326149e07a749f6111a9802ac84053b3d12	6d1d7206f432f329cf8cf4b73921bf3b1d969d8fcb4b3151c176547398d6df59
2053	93f615224b5de992eb1845e2916aca71326d499620a61fe9c43118673fc3b4a6	7e4869ea97a90100e3ffc2299d4b602d21339bbdf7c5501cbb94cd46fbef9d50	81e94c47e68cc173813f3be7d9181c57db3128befb94862960aed29f4ef4b937	d3752fbb7c9961c5a410a69449e26acf904fd776cdee4b0d1736438ad727bed4	36eb63a1330409a456fd842b73adb5942745c640ce62fbf48c47903f7a099667	92e0b3b5b4c319576f5b73c52acfe1f949c3b44e55f3ea55a0205f4b78a7e5b0
2054	2b33e62d2167138c41970bdcfe1496ece8a5c80c319ebfc9418eebc53f3d006f	ec10518044b6d17dcf90c5916eb7ad7350c8ff06a41dce8a596d40a9d8bbe746	5fd3f512d3ea3f60f0b686dc8d4353a384addc0c379e81002e9ebdac1c0b7e9b	487b3c6299755cbc512dfcbfe88ff06dca70a02e8ab1407309b5f5219ad6267f	323a1136bd494e0a6dc2792e06b96be76bb6535274f5d9eb3e049dfcb73988f8	f8e4071e78b826ed29838d2c562c63ac459504259acd86c1621543a797973f57
2055	263d311f43ce3f2eae7d23914d3f98e9e0c2edd3f07a41787560e4b82ce40b6c	853ed9a2b0e12eef4e37653f045caa6e9a0f33defc82d1baf390de9e19f7216f	0c1d8c2ebb5902e72de186f177afc38eb6360ff2c204676524e0d2b7d1b6d9ae	f487752408a7af56e1b7cafdb1bcf9c4bebf39e8f8c5fed07ac799df3bc2676e	b7f51a29c1593670d4ff04ab1d593e4e8e0010570e166da96e8fbd134d98abe6	e156128ad125dc7cc5c737bed84b7a7b232ae95c1b2cbe3ab17ae719d94d7daf
2056	e6c6e9c14dd5ac1959b4c81d8264808b4fa13fd5cc6e5698f32939883588ee88	ce8393a1c44f5ff2734835233e054b6911b1221a589ebc22f18490f374eceb00	b3f86f78da6e792959297ec38e98b18937e4c6ffbd01b2550a4d371848f84407	13a32d06c7d46baf183a70c2380c557d32ec69eac8df7b46dd186cfabe6c2fc7	0da54191cb3f0a332f96ff79527d9a6c1bdcad238b6adb0ee9f3c565b8ebe0a4	fea2dcee05494db3a620e801a0a3426e9b8d6db0ae74b7247ab703e90f71e6a0
2057	9ea73184df5a547e5911a2deb564ef91ce08025002352820b26c01b94a59f4f0	86f65f49cbea7ccdab576a4d05ab6f579cfc4fb0b76c87ac15347219406ca90b	9ebac75374b52c1aea25da96198d1f96fd53bcf100aa0d3dc9e5628180f4a252	a244462a566ba53c9b12904a81308f391c89f59d9ebfc091ffb84a2812cc1e26	62409636f373bd582e9ed06c1bbd84c6ccbb47baa2fda36d5df6178fb6ef3828	64376291cbd897be664dc80634397373134390ed808d20c4f2a0179b12af49da
2058	eff67ff8c2ee3b5aa13f60b5ffc90fedaeac9fd96b31563e94a105b7e7c007d5	fb2fa6dee613ccaeafc8fa9ff5e22028e730bbd4aeb5c61fe4209d387889e4ef	8068db0e6cfc9ee9e4dbe8f0256c2dd0fb51f86e58defb00b09a4d6f4ee32191	5533c6a3ac1d0d562b8ac711ff2c502a6701adaa99a0a8ee1b253f233c3eab25	da0fdc5fa2e1868ec30c21dfdf6d4103a7470d271047409334b3521833476632	8886460050a7fd4774d8eea7efb33b3717e110f07014457cf15b760514f482e5
2059	2662ba8a6dc65c1b6ef709fbac5c7e9bebb5df5d4198f29a1db9c4696f13f020	5714753c8be5322e227e93fa679567a16a192e41c259e379164032ffc1b3027c	68eb4622c1ff5dc97066edc04448749d37e1f6908a3ebfc9ef652cd44ffac339	b4d4c93c53b44ed00d1879159da32c5b5cdab62139b6ba30ebfb9dc450e29441	24d6d2eb73e8301be2e5e126529f822654fd4cfa21f99a9d770de97b210019bd	d4a31141b182423efceb6b2501ac626710ffa9b0afbdea80ed4c0e955490360f
2060	b4b6ab6c6697ced19fac43081b6f89cd8337f2ab2f20336a14dab4b2e668645d	541b9c9c528928d4b55c8fee1f6cc9dcc2ff4d95ee4197ee0ef1d402fea3c32d	a9e80a2c7887f2fae05548d32a9809dec24c0a5518c0bb15a95b4eb2739981da	c567c1d1078ed88271bf3c394ec527706471796e98a7ceecce0218d86cf5c023	253da5e26e6029d028ce3dfc767b8aca98580fa017a86d56bb8a15a66f4a16e9	66e595f4fc1e7413a289d5f531fbe210f9b7084c54165717a6cdcb280c422245
2061	869bc7de0f4dcc6ee5138335c477c1c6361b745d39446ddadc4d0351d222771d	8c6e501234273f9896e37cfaf4a0c3364037f1cb5ad1a736a18641d574b6bba3	c15aeb0eb76948f9606bb8c5c089b9c8953c6006b00a58fbdb90eda6ad2447d8	1baeda7de91071f79991fe1bffb3c1c4fdc718380e3d2ea0890949cd6f6bc305	6538c2200f0019eff61a4e2c6efb4e946566d3ef9808c47e20bd025eca55ffb2	ec82cf504445c580fba7daf5060e617bfc996801a802b3070ad747b3e159b726
2062	2cf236940474f43dba809c1c46fd606fcecb3627a8ef63a599a0c0c3786feebf	843ae07d8927fb918c052033582c0d69c04b8beeb38211cc535b7aebec169f2b	05496b214b3d9c8df581393badb5f8745f50524037cac6e521a757865ae90fc3	d2e8e5bdf3635038ee1f1e54eba2eb8300b01eaa31f953a7060d1be75033b958	f8d4a4dc74e570ae450901c4c88c02967ccf38cb63affd3bf5eeae1663468781	1a7d3f0d732173e2055217671e130be4a0dd7e7b76bcc5047e7fbbd24401713d
2063	acfbf287f0c7593cbe9973d9229158b5812251d8e5fe4b3bc6600c97c254512d	6d1a690d629f2cacf17824d5f0485fbfc702d5a7afb586228d5b4cb00bec75be	ccc1335f5f01e033a4eb4aea23b5d9258a9d2ff30e47169650d3e1fc63286b14	3ebe5ded2a4f3f5f501b8898c572bcc61cb5404bb64e63ed3e3768641e1f46f1	2c3367d668a7bec4ccf8b83a8306420ac246bcf15538c7633c2e107cbaeefd5d	316465e8dccaf532726124abe34a5bc387c4c47d1e90e8614d78cd59fc4c7ac8
2064	d2e6ce0f7b0391ada0d8a83c181cf198e7ba6ff773b62a44d3f652efbca3c439	84f6700accd31316cbdf70acdc1a188dab2e6902d17fb28ef923cfcc45b51a03	2ee477716d31f2038e2db7693ca88396aeb625478396f56ed0970c17fc214de9	4ff96dc6ca9c9fd3a664dac253acb06dcd725ea689d015ea9647705a6dd1c98f	2842bb5aed86a7f65ef1160a7cfcc02990d6b1380c500e07efffdd0d6eafa3b7	be95626c39d132eb4df0346e1c51f9f9fc6d2f944cce71cea32a3d0f1fcda83d
2065	2ac908c91c007a0083aeffa03a7b34c438527a7f1f03f75bdace44549c83e9b8	ab9dd26fdee81cb0c4725f4bef0eaa2c8577347e4516aa19c76e9f7564effa89	806318e6ff58c1e3f1af9eca9d2e52a66889d48afcb9ff185fa48f3e361e5ae2	f550d73f8b2acea4db76e9db12634b3454ca289f0dc9494784d722f096ca6ad7	2946482219e4cb6da9ac63d0ea4edc969df81681cbe70ad3b2969a81fa3707e5	92f50d515e9c1830e7777c9f1090f78ddb1b54eea021f425e103547ac75d64fc
2066	b2e4788853b60deaedcabf7ca143a25f1ca832805966e868ed91b6f6947d82d1	34843e8b7d74f1409cdc58f564ba8ea610f6f87112d4cea9beef9379f8e8f369	6d5dbb879f0b3227e931f70a00e830d408061efa38c02a88575fe5ee17bc4a65	6ca6e3776c671cce7cd7ccf863a40863f65c35c4abdc146e929ea16111741d57	bef9e1688785321c9ab3ad58a8d28d9886146161c84f7d9791be931f55836432	785adf81fccf9e6d45f00b33b84071645325d5ddecf2ee9da1f191677557672c
2067	8c94cc87788534b9e04993966606669493e75c0e38fd250d644d8ded29952801	0a43c40794fff26a09b4f4d8ded10fbe9f0b460a935aa8a6ea18573845042e3f	8e27030dcbe8c010782066fb5cfe61248459338d78f9088f9258941e21acce18	5ec980096a78cad0d87d42bf6eea21516e230878efb7799be2dec86d81946dc4	8475e03d6996a15c991c972bea887675fbbbd3bffeb6cfb3cae23e662e1de602	b4df1b6ce42d97814fd6658e3839c3f49e40b22855d657347b7ad8bcab04e9f0
2068	b53ed3ccb8b58914604ea3134ec4f5604a884922aa4c557245efe624c47bc010	94bf4dd3c7c3aa5ffeeb5464dbc9a9c1c3c7d28ca370834edda8808ff70cc049	5bccb05546dd75b71cefa1160d9ebba6e7450735ce9c5dde9d175e9ecda0b125	e2fdc05f27682c49bffd6b03d311c45a3db607cc71bdab1ed2a82e4a302aabb2	c9f44553f14fd2be07a3b31edf7bb952d48fb4fea1b22b07fa7f317c6c355262	3136f1291340881c1e6ebe69fafc1c39827d5b865fbd3c6953b4bfd51fc87908
2069	b117ede0950b49d3272cb3913846913cf3ddb8580fc8327ae7c6532327f3abdd	a8b9ab0f31a9b8518af7dcb8cc0b0ab9413607debd2fc5322f76488ba037338b	0e69800f23a037988db04986904786ec66ab1ae71099b754cbe1df21a887cd9f	efb16e109971c7f5a3f18ac8ca330a8890f7e887257c77d222c80c0c9ae6788e	1cba781800ca6dcedd0516f8ad18cc0d435e483fbf9580201818fbca687e2978	a9bdf71599791b0505bcb4e58eedb1aa17271e03171142ff5dcd226e03bd7e95
2070	2cf2c20f41bec56057860a05b9a91b517277950222cfa27bc40f047d58665195	f2b012f71fbdf837d93d9d44f09421994c7f2d24e67cbdd3c2c72b7f3bf68b35	04ffad61c88c3e8faf12da03fc02db175bd29c61cb4fb1b21ca7808a923601ee	484057bc6f598e59af1f51265abb3fb402a5a02385b59f4921d0af978b6e513a	e27ab3ae82cde5e2814ee9a0f28102b496a100c97dd8dcaf6072e93cc0978a0c	0d36faa291bb2fdbaa6662ffd75878ee1c3601572c93bfa1f9f1de6afaea7421
2071	0c4a925a82d63e540e4304e2ea3b567eea36636d700c928ef3807f8adf178046	c00e10ea05fbf7b90e5c22bfb3b67fd98f3eb08bc6a6f5438309cd17ad93e33f	12cd1f367bc12150db9c866c72748ed053b85d2031d38d24732feac7acc8baf8	d5b7f0014a953f5ba207bba94fd3e82ddd7c3dfc70cf7c2dd0a502ce63bbbd49	2e558f7b6651c2d364b646f615fc2b0a1f11ecf83b1640b43e58a6ec1fe88985	21333aadb262b61492a19eefcd86e17013ebf549a9b47985fee3a2fe0e935fc6
2072	1fb4a310b7114c88be1e2172f806f6446b2c5dbe0f0108f822485f380a8f8010	31a9a94f89c50c424790ef0aa0134578a49f5d8c29c0ecda8a8ea1ad2be345f7	6b90b29e3cc3ff6f22f11bef20a93ad99c3c0bf26d918107cfa86187ab7d3938	69e4d46d0f29bf24c9c2d45c6771e81bad162cf3f5cab3533143458235734597	e31476d7220d048f35f2a2a82303b90e238f7c97a9390b790d17c0327c87063d	b651b5d1ee91bcc2636643f39c94ff3b775e3ff49ae246bd50220dda23996fbd
2073	286744e2b91f7f4bb9653092d334196f919893ade2aa4897c9ec0cbc848d1fb0	a3bbb47669c77f8f67b1c470c8c96126320fedcf555e03a80d9b461be9356abc	3fdc7fdd0b9d227510462919112d2b336a4b8a9c50581b065838ba71f142793e	3a87e521131969766e6e3dc2baa3ff10d5b44b69c877f8954bc75941ae5cc1e6	6ae1e2bf8851689046f3779bbe687f9f6ea6066993ebc7814de00c49e25d37b7	cc062c0dc45c9f720d181365a8ed6d57a59076e9760f621eece8e5372fe27ad0
2074	4e271528e0f5e83ba335ab4530dd05587da6a39b7d6c5678c2abad2c98a3ea13	191087ad7a730f232e2f81b17e559c9dee5cbb71b246f125bf5b3354c812cf7c	b37c7d4e7078505a78a7df9e11e3d4100601c552c5488ee93c2c9afb3c3d9cba	fd62e8e2b86d01426034f7d00bed6a9fc1917ba42dc2fc2c4d60d8fb55473c33	3032edbeb5282f561131d715be241f73768925284376974774656d4505ae1de7	23022a91a7a61c6c3b8e1bdabd777afd35697285da6b829fb4fea2d9377fb315
2075	b9387f95b398a8dd9b2d4c9ef0c1bb5f43833b710db06f85e77d6d7c876869c6	a7353d55f4c3d653b82b064a0a1e432cab118fa0458da842493459032e95cb8d	3c6ef871b15ddcbb325b71581da5f94c17e7c0fd93743abb7b1960370221d7d4	f75b7355a1db9ec8b50705711ed14856df4ef72f9d725f94add8e94604ee7025	84265e6cf233841cecf584b61aeef0ac9fcc708f8c7f5e650be09337e7b67d5f	2ba016f178c671166c8b528b439948eb9be31192dca8f95c95059424069fac4a
2076	ecee261dc3be88be0b8ef40b013ee4f03d3002e38044fd9cfd5a31acac323d5e	e211a7776663b021a255abf3ea5d5cd4bee12b4980de457ebfe2ba546835c378	c4b894aa5e166a66c6d2b65878dd018d68224ab5890f1e11b2f990465ee38e16	57ca3cfba09d695c46c2ad71b9f9e623af197e5b6e7ed999543e758fd8e0d561	20121185bffd44f8910ca0434f2e6ee79640676b8c46371d6449519ac7510b97	df64d5cc5608c995fee1aacde0e233d622e18acd10935cfc235874b896773d0e
2077	c730a70ad9dcb6c0fb2c59a3ffaf1e2f7f9e4c9dd85d4e5ab8af04b2e1a6db79	6c5df15a99438879b22c2b343b756ed3ecba3e6327d367587f065869fb5a31ce	d04543f32c58b907b2c5980d820931732f7c5eb83a83d4e407d63973b25b51d2	62feb915745bcb3e181dfa2c79eba039f8cea9e98b8c4b60f8dc387476db4ddb	15e552a21fda4e91578b69548c286b41769fcb1a3092f4cdcb26da6ffccb1a7c	6f82ec5cb4e23461a1f6b36fe5c0811106b33d33ec60a2dfba4189b32b122d87
2078	19f4aa7b529fbf21d3cc1c69d8a27ca0e9dd3ac0fec0629077f39f9ea39de965	8d12f57e7f7d634d92fe21d49b4226052221a78176fff3c37fb4dbe5cf69e5e3	f397a156bd483df395bf1d69f454dafd8e61e2f7288ac699fac8619da9ac3de3	1b0f4318cf2f991b6d00fc9b70207800d91d81aae8710d255cf021e5f5844c4e	b43dfaa4c20828261a766809a46448100fe9744ba680ded088b215adf8c3100c	73d104fc37792a18790522271ad3fb7de92ea2c845d373335c8a88006c391c71
2079	245be4fd413a95d8decc24e2884d0fc13d19c342b1d0e8935f8064ef16eeb957	849bbd49df6af10ebbffb7de1073b5c59f96b11c7ca7aba744ff0e7141671dfb	f3b8a4f35e6cd96e123e1ba1258f65278c9ea1e5ed0729dadc5524017a5ca1d1	dc003dfb537777308d7975826fdee886da4fdbfa5de6fbbd565ae0912820ae2a	cd06e38b0e591e2b41383304cfb789425038249c42db6eaaa33445b2a5046d19	1a4d4662b19ccbf0b0ef6af3bff8118956d6d045daa9a36e2d09f7c37fc0cf9a
2080	0de95e8d809c0969c4198b39b0373ba349d334ffcc9e4f33d1be6f6d6311b6eb	8c380be617dce124cb62ddd0d38261a9efb67307e25fa99f0217f65f1f70ce01	d469873ed6d329074ae7b49e71ec61a8eeb5588ff4b1ab432890b6907e215511	345ad4468c0a1ddc81cd3cdc3740da92a050d899e27ea111d3a7d2c24e1acc94	355deced52947fa1873e028a0a39d83ce3de208e546ce172795d0309df451e3a	d64af10a9d51f169502a6c6842ea10abf27dc0cfe8ccb9ef7e7635e611a83abd
2081	04d6a6c29290fc1ad33b1bcf9b1b2a22750bc06da4892bcb754a3b30cd5a0abc	4749a3f853d05ca4996e459dab219cfe25c876d50db46ef62f3738e73b8d4db8	74194f9dc8e20866d20b0e163ef41633c8b65794dea4784e1b93d71dab1c514b	a565f2e4f8e020fcb4a361d8ee477ebcbe01b4db76bf409a3b2edb229340477a	548884db69876de58495e242f56c5f134db982428370834080e0b72667ce4568	5fde09c44dc8c884f2738c503008d83b50a1e04e3e1636feab930d92027a6cd8
2082	d51ab0fb1f987cfa8cd6f2b3e419dfabe320cbe5d4e6c0c67ccdff55c452c67a	85c20de9dff069712dbc94e13206de7d0f641ee0a05d03ecd821845c40b4e586	b5920f17103725a6e53dacbee301cd0c95b29c6ecb37ce66aaf0724f3705359a	f622991b240a2bbbd70aec573eac4df7df4bc760d73b613b3d299d1224e40872	f1e228b3858b17bcbeaee95341881428331c6df3e88c8470a4b1f505228b3cc2	a8398c57f22cc6246cbcbc769fac721e5981e8e932d5bce2032d17f07e42269d
2083	895ce5cef00f40dbae20c7958fbf56bf705671e80d9e9e4045c72a1c4905bb10	154d41f35a309980200c91daefd16614d82691a36a78d900c0351a6ed7524435	c8c3d6e3beba250b6c63eb4075aafc18a2135b53cc4fc01d9c0b59c01274f782	91d169ce4bcf5afd342675ca662bb930c29b2d36b8148abda7c48463387de70a	11313c187600a9dd68e3a1325df662d87b55c34b6cca325511c3f5c60733904c	61def459becddd402e5759d0d87ac5f7e0141da051b42bab9fe7e1ce14dc657f
2084	54aa2600d21a58cc24f5494826539333978253754c1ce19369a00d4aebf5a47b	29806211c92feec0ec58a6acb33c406a7ee332f547afa364cf3614156a53dbcc	1032ce82d670ff75fea65c589b47f54826f32d7a1ae711c115ba2beb35cc3741	4af539c6ed4ae697743fc581daf877a8765c57fe1898ca5f67e409b7d07771cf	2ce134e5b9c0023cd721ee083b196192ff5446a6537532126043b4867625f148	9a9cba4a0a653383ce4bf4505b119ae2b2d33314bf7de25fec00e09802db68d2
2085	b8583722841e2cf3c72df6dca5753a4493ae3cd5ce6676481ab774124e6adbd1	d8df8d194c14c902626cd63bec98a4ef5c04e549957a3ebeda7442dce3c5b8fc	2d1fac9d45529e69bd015719fc68dd7dd7babfced20e2a08bbb42837a413c7ef	76a5c9edbeb4370964461f85912c8ae3ec40aefb5c9afc61a2efa0e1d4e6da9a	8879ed0fb08db2444e1612d9b86be69ed31e4bcb2085829fa95c6d8aef839aaf	4816cea1fce75a6f26127c8fbbd4e144e0d9677f88e7e72b4a07e00159d5a97a
2086	139071ff2a5e91d0576291093cb345a7b0736c0b8a1a1f4b80fe811e70b1fa0c	a3d6e1de28923027e6d4530a9f894450eeab92bc517c6801f557314ca6ba323e	6d8a2bb15655359836404efcd8f758558725ab3b73239adf4e09d8d1889d2478	d15a32476c83b5d3a1268e66e4a1f2fc3f596365f1a176b2d1cbb42ed23fedd9	cbaa32f7ab12ff5f118cc5802977113d786a6a042c3fa2bdffb177fa85209a5b	90abd78fa41223bb3b93de20b6723610bc0ca75bcd7c6f86a7ec4115a2fb43f1
2087	fd549412654a4786b9d1e75221a812ab69b6f0ee5628974a30e2632ffb8980ca	770404222db248f3a528326be3d7d20c73d183e0350efa069ecc47f9abac32df	9f7a25d0841c91e60a7b926f2199fb8d23976111d9e437dc62c9a0c66c6b045f	55583605df2d8f612f5d2c0f68c236762c45b950f760856c521e7b4d5017c247	ac22849f691c23e42c0dca7e999e1d261e9785af4ef4cdb9ec6d0a098e29df2f	4ac51d999218de44acb8bd5ef62efd3c93be673f675fd4a7241a0d847ee790e6
2088	b7c279b5e496fa73082839e62bc77848c4e795c9b5998538cb30bfd8c98581f2	62f1a39567c8aa4cee85aa6b8840f2a60b00d81469256cf1f91fc5793d546837	1421cada7cfa0b9324f1ea5d644a2eec4a545103ffecd93030a5d8defd625882	37025bcfdbd65873573388f20264409996aabada0b45989bc5f06498fcdc1f2d	e8e0a5713746e1e9f2a80b456b149578d5c7a009aaf41d5026eb9da0a13db485	927f6ffce261c26a3431a93c2d05ee8589e89cc3862db24e839f6f77b95b39b3
2089	281933cc83776bdd9f5c27914317f25e7a3a0aa88038ee61070ded5935d3dbc8	b365609e977d12277129e4edc6d50df24a3f93963f806e97e86e3ba492222981	7ad78c4b8885d886ecb23de661d00a2fb30d22a6b81ee127d042ef95df0cb118	4c47f46c21b6dd32753b8ffabd4cad292d1bda94add01c2f406fc90616432d2f	337d2041eb19b344c660f6522a81939b28e2939623e7804fe5e76123a8d8d049	511eabb1364b5eb75e7600d370dec90401e8585313602349e48f71dc4b78fed7
2090	cec96ee376ef5ff10c6403346ce9adbac8940cae10b635d7be3a00a230a5bf40	5067da8269feff5dc216f0060264b4bc1e53ea0d4146e177596ea0f552c5d1a3	fa6d40b7d04d8ae0e538ed9b157f41039d84609f48c960e3ed3205fbbbdfdb5f	af89abcb9755f87b9069ff912aaf851cf15ae4b1292546b5198fac78261e1974	7266bab15f9b49828c2a3460a31bb13f5bce8a22ed6f8df2411d14f2d0ac1fd5	30a16dd39d535566fba18a5611619c7c30ad323d33f226215ce46db6728d0800
2091	4bff1965e7082cbf563bce5014efed32c4b8aafb5aeafc9bdb4c941f333f0347	087778d1adf0e4be9f09081ebcad3a2fc017d4cee497b7cf822b627a289bc414	34a3a9f19e2907a44ca35b2c52254adad0e81498fac0c892d601d63c99d80fda	c1b29604337a55cfc061553e345c801cb35c66a9a500d03d10a2e6f8fa61e847	aeed6f9a3880174aef9d479f4ff8415007fbd136671e8a4cce0c0c78f04eb9a8	0026d807aecbecc41dd504d5284664374be1392b4887b96ced6a44c71c8e8e34
2092	e7d68f3129ce8140b9a4355172eb8416b14a4b43993223872649bdcd8436ee24	2badc1a0c42c86466804daf1b82be498c6cc323f3ddd9fe2c79209106bb30585	1da4d8fd6094d226d3e71ceeaa1d23579edbe93855e7d2c16dc07d7c6a7ed192	8aeb68617c48cac3576ec2ae2b9f6c5822b0ea117251a6cca1e6cdcc73c3d868	30c2637b9d1f6a4382b700d16951cc4cc46dff9405d22e2f604722ac0a8b4b74	8a4f8da84d7e5893940b2a6c59a3c06d496de9aedf24f88231686e6ff50f9772
2093	36e690fe749923febb521db85378c624cafdebb43b46fd49e8c6969acb5c98a7	1583ac4da28f19a5fa897172168495af716290714a332824327d013c20c8bc1f	0225e6db4700a9796da0a39f496a63665c73ccac3fb35994e39b2fb6075edcf3	b5052f9bf64885208d89de67c98ec9d641b81772d8d3f89cd2336c5b4f7b90b4	8c37a71bf1bf43406b727859c3f8ee92156d87f4e5b00f8190de747a80c14a9c	8dec866591a1734e0707291ba5805a6ac5f56b703d3280aa298ad8bc7a0d7992
2094	1fe5ad81ab427315b212972e25b566c950efe824fc334350556fc5571db9961c	33bfab8da5799390b7cadc50f4fdbd8bd50e5c63ad0e9ccc5ed5b0c032aa2690	6520f71e9112e277f241d3fdeba7948958e15d9ee79c18a141b0e61f408903f7	ee33ebe882da543d15afc8c1cdb24d1209932c84fd41a852f6d3342fdbfd0dbe	7fb5b9e38593eccebf78ce252cebab006ea134505ba65283c5adf3f01dfccb59	b9174416117966e30ce8ad873885b4f2291aff7d0f8cb2b60e8a11a0f3d34eb1
2095	16e38e514be7ba4583c04885006175c09dfe1ce904cf9babc34496b7f72d2600	b0dde90de0c6fdaa741e7d6b15848465aed699284497073578281b477d0098f4	3d5e68e4ebf9d827b47e0abd1410e026e2752eb3ea5511dc2500a165a9fec6aa	f36c9219ace4509a1ed4ee90176fb20c19f62a326b49b87d2764e023cc33dd8b	4e984c920d69b50044f799c253abe0f63e9042d813767762a4d8657a6ea55871	116a5b9a6cb46dff3d459ec875a2829095aa439cd92bbe5f65a7926622ea8b4d
2096	acdaa659f9f499d4b52cb5f893b81b8051e216e86fe0f83663d0837f2d0eca0a	87335e96fd91b544b91536b463a57af9d1e645d00bb627b24bee7340bd80e86c	5774fe40d5a0988988d090838c78534563c168f22a984fdcec9b86042f387545	aef13774ab049f9ea862b2aa2a3ce68cd343f99055d4b05075a676de9dd2eb6d	7ef3bb8588ae9e483e8500b28fc6bc01f0cbbaea5bba75d80fc2a235f988def0	caaff36334e32cf5200313a922f59bd5e0148ef65627ea8898a0d2ac6c1cdb4e
2097	e81fef5b7373ca1a39d1c4362bc601f91c4ca1fd1d0c36149d7fd2395e7e5d72	7400c2646f2d24d678ad12f7ae999a845a93d1d26e78564eeb2ed7e15764278e	8af0bea0c620801219b2c27b0cb2bc9664efd4ae077862ad0cc8d6dbd3e81872	2c91febcd36145cfcf72639c58ed7197f501157b5aa8dba32729cee0ff08fe8a	c92b192a2e6a604773288ab211f36d42b0e978f923d12215d8ca37d4b1632b34	b8b289f87b409c1e4a3fa4c4967c81c0625b5205bbcaf5f68aa533c24c293158
2098	f52abcf160167db0c1401082e9b2fd185d6e0302a32065b9695faae92b0c47b7	dac0ede0456242aefa4ada1913beed859b8bb76b2d15f9a5eeb4bc77fcc4f448	a7d58e14cca4a5ab75627e04f75d04b99dbd34afe0df389592bbdf45f613fa50	bcb5591de68ff486b5670861c6f9c57326b2a142910e5d6192551714be86df0f	c3a94acbb91ad8c85686c72cf839615a3db1daece36d4fed8f73d9de88d6cae3	cedb4c1dc9fca298830a4d56f23315fdb29c1c388330ecdb10b2fb0d9354d6bb
2099	66f36bfd1ae95e3b40bb9f008dda003aa0cab440e446c1b3e6a4660bb4c06ecb	4399e181f32c29194bb0cbb6304c4a8427cf6d53d3164cfd62791bf4a9821354	c6d14b93cc5c6e3e3603073d30c50938930a95c62530bac4c92aa47fb7ff1d74	08ecfea9c3c6dc172c144c50ffc36dbe329a345a7cf3ceb35c4b8df52b2120f6	c6793dd26dd8254e818858a68c512bb0c5f5239f295b63eebce669bc34ecae0d	9df6eaa440881baaa4d21bb7de8e27dee4395ee560ed3bb60273e6b564c0d1e6
2100	7f0ea086ba93577e66e800a0077d56891a13ceeae2f85e80a553f26f3e8923d5	4576e1571776ef9c452ce3eba1845aa14a2d34e38b4c175c60316189fa874b61	15f7e110acc3b223a199448f5f873cb94225d737d936d3709cfa9f5bf22f6ffb	255bc52d33b8022c8875c1d95b9bf0665d1df6f14eabf06e064b0d5a6a13b1c9	b37b3e9170bf218b70eae362e09c1e99006952024c138071da9a891d19fef4ad	46547608a1e4776bd89985cc4cf36935a7c9fab391f6d8b66eaf7fd47642cf15
2101	4c5583e4913a2ed8145a1bebb1a13e2346be9bcbb4d45c52d5dd827b9071aac5	3f13f219cb12c25c43a75fa3aa99a1e4638259378d5b0195e532a3adb8a1e959	87f99bd09c3698d2eef4a10d5b6060f63e2a32e0afd1397d6f89e414da3493b1	65fe7210af22c64969ae7a44a156442835a8b1ed069d9f286be7145479f7225b	f0a356e9b05da191562ff5d1010077a871e6558994508b58d32b8bc912af826d	ba877fa79313dd440f8986037a4d0d6c81b4749ae14c8aee1a53c6859d62802e
2102	e6945ea911a436f93fab8eaae5e3ca17256f88b2ef1b2e96383504cc463e15ca	8a86bb27dded1184eb8ee8c2696162f9cb83b3ca0075395257e65418cbf4ad8a	34b2a458bf7fbb3f0dc14eca70344ca613c2e58485a8b815e576a98366d89442	fb4bfae80570e1a6ba8518267b2f7a7ccba7e0ac2235cd76eba7969d8a027d1f	fbd1f7d79ae4574d65f3b0dafafad2897fe24e9c8298e1446114e2e7fa04107c	44b3b38f921585f43bad4ca0603c5d23bdd2bae411cc13a9aa00fc4a0318ae09
2103	2c2141f1b081499e47ed6d0f4232ef1d4cb666865c2241c1a5ad9b76a13756ee	721bd37de3b308e5f3bf5b0981243843d7183cce7d71ec78a33747fea24177ba	0bcbeea3e1016e1c384e441bb88b4f0c4c3037723143ae1c6cb55be87eba85f6	5e7030848d6900be35965474f2e0756732bad6e42beca3e379aba1a3048360c3	7891918e99a918dd101d64070c0a319e9bf6ee948bcd3ff78abe232c25a5e86b	96c9c1caab6ca36b09867971bdff12a37588eeb896c6ffb3aea90265c9beb571
2104	4f76e0874de8df3811ab3a0ee848f0efce22fe2295c7516ce827398c89bdaa34	58be9ca3629e4c6312bf918603a58f4b20a2b2e449e945a31b7567e99b5346c1	b6d0de56a130d0b3c5846bd520479cea277352b4a20e90b7b587d0517c5c276b	d7a0ecff5f2e325d9b836629b446226f02ca078049002627a41c697a9e5ded81	91d74eadfbd1478bfe3f760fc3800526ede82da9752fe78e6c49392ec21dadad	29bbad4d03b832446f58001d186fc158d1505d9c1bb360ffdec7e403226cc55f
2105	9efc15b675f956dc20da8281a669ab4e181241879c8e7b138f59b0b314513987	787c1a1fe69af4e5311e66109ad07b6e2ffaafb22038d8988f5f408322b15fc8	762fd0024b2786f2c05da42a06ada317c1a0f37e610053249b49e6f570c13fe4	637731b7513011e83cecb9cfc69252265073f7e7d178323b03cef8a80a0de908	a36fae0ad452727d4b71b0cebcf57a4451d9bdd55919006bdd30a064548b9bdf	75542a619ff1473dff094d1f4bd69719957fbaddbc3cf1991641242bc2126374
2106	61a293c216e5aeeba24a09e54b191393071c12e754c1958ad274fafc2fc78c05	a09d4d5483c1d4667983b165c7e1c8a09c9a1a3c4c8b24349e1af96403164fb8	32b5c828f21fab22a1dbb0e023a990e79a82d6281d59c081a7923afa181b259c	1ca74155cca766dd6881a02e7e4bbdc6ab097f0d7413cc63fd3e5e14e3a5f98b	949a3a26488aefef1ea2d0200ddd4c6a85d214010288c8c24c295ef4b75f48b7	fd6f02bdbd5d1b5774dab86e777f0c6f44469f5dd4dd5fcd340876d47e4e2ea5
2107	ff99607c41df2cb3606a09fba3765cd75b48259a27e73e170d1d6f99f7bebf5b	9045a1ca20e2c7b7b75d51d64b09bfa81e907de3c2fa7a705da6e3397851a53c	beb15d29281edebed836d6cd4df38a36e5fece257ab7daa7d8023d27bdd5cb17	0898298a47ba1c8d017d1e3ea66231bff980a30a431d79cfa74d81bb69bffbd0	83dd4de834e1426079f0539c8e4b5295751147547cbf297b6d6eb6534d41ade6	a1e39fefc587bf6801ae50a32e6773064c1df88882118fbaa27b8e13c02ae3d0
2108	85ffd505b3e4278574845247d64455338e421ef4199d201a24328e52330c1bf7	9cdb132ac8065c2afad0b8b90169fd6debf2e760c79041e84ab9b09ab9a2a5be	099ece163fd268d1da578896d239c8aebd5785cc3078620d3bf0465de5a7f64f	3b2c6172fe7da33622b831b2e38e561052d4445fc6269bb0e11fedac4a2b983c	b584f1fe35942c0b17f99d59ba7cbd0e10db0725ec61532d553e6be37bdca4f7	63942c351832dec42e14247d66077f017a353bb34ed87ae69569f8a35c9a0327
2109	9d55867ed71340bfc4d3204102846a753c42cddc54afa5c82682183be53ee3fa	cbe3854c17bb44d55bcb136e5c0a96d462f886d44ce01827dd2580df3c41e130	2184ae1111f26f08ffa23a3d3640ac0f4502aed85da929e9dc45d0d56074ced6	7f3ee84f394b58e6fc8b0dac27f0bea09a492d995868208676fc69977e9cbdfb	200e64505211b729bf636005863d3b9d8bb0e3c18ccbc8dae7aa9f3443fc193e	17aeae5ed40af7727cf3c2bb66dd99b6a1ff0bdeba7905d8632d0ac178fac2aa
2110	7331242dd2c2de86c271f2613ac601de0b08a82c50e00b18120d7cfbaba981c0	e42d040f13ed1003979f99583a3599146fee12a91b7d303ab7a3a1226c5a0415	316cf960cc0fa13bf7733d94c83c01a698699f79feeecd1f8657bca604bff11d	19298eaa6accccf6546690605376d8122a08749a8d15bf20723b99e088434fe6	786d59ac7ac40d6fbabb5752873248e4cb5502bb9a97ddeb84b3f3f72ab0d73c	d98aaa6f34d89e125b9dd510236f500f6d16f759033df2fce37b0d973c5a9c6b
2111	994237a20a60e79d34b290bc8f5be37ccec1b8d016f4ef6bf8379d7f970332be	15e1e3012390989e9cd3ad6125cfd5eaab892bbc4ed46f9d28397de440d86b98	13ff45c83deb6022416ec77d714954277e7e22b01fc90da69ee3b60386750b72	afa188a2f3949b405768302a43d34b8298bdea4e89b487a7c872b7c4b3e1a2b1	bb4c29cdf375effa54138bb597fd1c0f61062a6d4047a3222d655f10df97f130	43b2215bb7baeaf408d40fea0aec67326e9037fe5f629eacc98e6b2413a77c02
2112	e54b7815418314c556a9bfc42183fa827039720832ec0afbef7fa44a91eae528	a7a770f1e3ed1608ef04e4e905ab8791c11524e9185823cceb4769c0c8fae24b	1f4366714863dd19e835fc3efd7df8abf3343357df910678a113bc9fb28d79eb	83e7f87c56f8bdb0a7f712ae6a77f6d7ff83f5ce46619ec70ba62420af314af1	b52787da320f35effd256600d0a5321a4a9771ac45478c03ff3075e4558a6de3	994f50ca0da0e546e80f973c4403ee3418cb8797e14693d6856d972756b89638
2113	0408a61d0e9172068f136d5231fddab9ccc81e33dc657c7a8e07d70caf591312	74c89812b921d9f6bb78ac3fce111a14ee5965d8f0a65f190c65e36e13f635bd	9f1c997eb43f30ea9d4235a9f971de3465c6035ef78c0dc07e61fa68e86ffe80	d27dbc6bbca05e51469b9db13b46e6da561a447830d5ae9024b0a396a054f1fc	e9e08da2747b1ec21452129ad2003d96f430edf9cd298eb8366d157b46e30f57	c9d7938ec82b2c9ae57d5096040f40c2f16ef09dbdcf732fcbec2d9d749fc391
2114	4f9728c946c21d386dfe5b1b44db37c21f48dfabf633f58fad56cd88c611fdf2	9e4f8984acdaf27f53b6432c386b5d1e008db2d506f35d066bea860114180c58	fd686d2894d780e5f3313d12d77a645c31012606a80ce7d4101ee2808447e24b	486615d12659f2581fc1062483d38650a9fd71c595229d265de273e4b0a4c828	3f4b785ceb130ab1a32fa19862c19326ed4a87fdfd58fd3049a0f6ac736dc700	87bc3ef0f13bfe172f1d83d4333bbfe9a251750d7611ae1f3de395af7b963df3
2115	8f128a827e52dd64c494e7934c33cae730e5f52fc8675d0f3ea92b5144a43c1e	b9a66c4010a10b1605d42611d2c27c745ff6ff976891f51c79ed4753dd3d2b1c	9ecca511e2b52cccec12177b7caa8738d18ae2c1f01acd6cba24ac33e36d5a13	341116fad8fcd4260116f33f047864889b489d93b9915926db108747e000409e	ac01c6cd4592af57e23d7607c126aa11bb7fcbfb3aa3b98a00eb06d9356dd932	cc095a45872114180bbe2f102b8f702c8b8f2721a007d40f154a30c23c8c9df8
2116	4b0ce4fb35513e545bc919e83a80fce9ede7d993b915de08a948aa7218a63db6	529fb534d42f6e0099fe066beeeea9182f385a4d140ceccb5be8cefb77b61301	b719d4be00f61f6bc00b1c5e293a44015de62e13394e2f3afd2969cd087cdcc9	b37f89df1f13ee75d7ffaa6d00be9fec027ee5c440f7dfc5e9096603fe126a3d	cfd7875586af05a925e66696ed5b70f0853be6286001e55c618b6e7d3c5b6821	168616399f86376a0977db6238bb4cb7eb9e1bb48434b21a71ae9f99a905a386
2117	30c57aa04c8c6e25de6a7cdc5c61e2410a9c81616d707248a36090e9f0a415d9	71974612666809aa83b97253d08ad1e024a0e8232622cefe0dfa89c9d189bc1d	b822ec60d1eb1e812e1f3d9f4157877708c2b56843d2bd63a8bc4285bb2c96a0	36f3dba3df71758940d0718192fac0d02c7a0936b5879a81d0fba6d726535d05	7530533464404ad7643eb18ff938d5242a1e0977a9e874a54feb455b1945f80c	97d0ce711de63b9016e660749aa38906b2fe297fc69fda1f3998e82616bc4da7
2118	c7d39a91e38e6944455e691c6e51b14b77adcd0822f168742b45c8bc1365521d	ebb85f86bed0f6da704757f796f345f260f3f718043f3f8dcf1e9697ee570b7c	a5c99f7360afa18297b087c86edfe31bc43ee2629cdecd6d032c93b17904ac68	d0f93e105f8bf8b02be6ec145058362dedba6a278516df6dd12a6d86c9411185	c4f1ea1e8a8399a483cddf2b8e5485c1265ac1b1980c5bec3a8f92f4c8d31bfd	2162b9a6336d4b94849cc5004ea133ad0eeadd2cb7660bbd2cf55d5e9bb14cf8
2119	41fbe1cb81216204369a25ba869cfb6ac9847ded63471648feff1e79a3645088	ee8f0d1bfbbcd0dfda110caddd946eae5fcbbb29c6b66e477ff9b301ddcf40da	6f99c39685ed79d4790933eba1ee030c3fc82194f0b3b3fa5a795d72fc78e6f6	8ef29a5b984d032ae315a24b3cb9e8065e6da3ff007d3178f8fb412657121355	54a6a5cec5fd554b10f01ed81315e9373ab1c4838e0f06c96136d14892d2f3b2	7dcc83c3e1e3169d7cd1362d5a9a8c01c1cd036356bb276a7531c48ef82b8655
2120	b9ffe5a326899b16dde95c62cc860acbf761bea3cb17196f4dc500260a100802	9dc14e55d812b71022501f8b7204dc9a8894d2256a3c0ea26fe213deab168203	cc8efd64a7db869f78d2dbb510091685bfda4ffb2d20a5bc0c23c02ad834055f	b535a3616741a17e0f47ae3afc491990ff78527ea06b89baa55dc5832a886759	2ef40a522832feced04db56893cb70be4a9d3fa2804805733158dda22f88129b	888ed7d94a738f07f8a71704310c986de7170a8a9d9a65c0b2b4926af47c15d0
2121	a51c074dd0497bc788f19c3d113fdf781ff1ca3994189c5f8fad0ebbf86ccbc5	23e455703c4b39456a6c3a2fa6ae8a3bd501a63912c6499634e7e4115ff6bc22	d83f279a86368f996b0617b439adf50e4ea3eeb75fdea8866c509b51be5cf457	bbb2bf9b914790b01ba70420f4dd4a217aa44218d9222ef2838971ad2c894323	6091106ee1d00daf46fdf848440601ff61c3db24b595bd99d5d5aa995742c565	94c88e2623fceef9c6f4e1e9aabc29defba530fd780ce26b526879b4805c304e
2122	0fac10acbd7fb6719450169d8020f00ba97e43a46f07b4cd2862e16972e3895d	b62d50feae142418a137bd38a31373c0b4ed202c368b722df6b920916097bbed	d1bd505cb5839483af2a07262f2340e803488df0b3c408aa62fd9de0f28d7e18	41effcc8b1b2c16ee4828eba2ce28fc7a89d1472042dae12fe07c28d6fe56c4e	81b0c845f517fe7472540ece6a53a45756d07fb0231aa5036aa0814c1016b020	3242e86fd26228d53522e593f8099406a78755a73b6716598f6a50056afa9058
2123	25b23f5827129ce5fab796f8da14efabdc7efe0fec6a75265798f62006404596	7c0cbb2408b6862bae971e80431420decbabad0db06556e15c4767fd95969564	b675690f4713407df946cc39c0e897aa05648c32c43412acac8ae2f0769c0f9e	4f4a511144853cca50f5c5c55e683164d443d7a494ce3d14273003348840daf0	6596b2838c167f7314a2a556b64283b07d24f6a40b5c422658cdd22de55b8c9a	f8e940109b676bbb40512f09d6fb0539c338112b850bf4325aac29b8bd242cba
2124	3b3379d72b4fbf4d952dc7d8c1199f30732c81e90ff95e8675331be31f74bcdd	e0409dcfb5d261a74467236a6d660bb59fecc0c7a1ebd0855bb357ab039d26e9	39edcd51c74a11e3447a11a69511bd93b3f7d96683fcb5d57ec1b7f144c0b8f5	d09ffe6da10e79d99949d9d2b4cdff2e8f202911cfd38207633c58709a0640e7	51ff4d913683543e910eacfd4e6e3510644a05fead5387efef98f7ceb6733662	f1b1313a3c7167ccae18184b765c1a725fcedaebc5f08c14b58b85ed5bb3fe7e
2125	8becc1d6fd9de8a0795972a9b12f8ece65fca5ccb72ef3d4239bbedc8313c508	182ee2cc462f898c0abc3841c37f0a46e718b6fbadf1a2971f5869e055081b1f	fca665081125b48d7c6353f84336b200bca4064a46fb3ec3da409d6337b5c934	9ab5c4079e79e96457b2f580a1b74875007f111aea30d288583532ade260b437	873bfa9d4dfed65b02014765be58fe7eb7f05845749254d5202dc0e065774a24	db606219ec9149be2931ad3d1507719e198bab17a52244aa6edb9aeb48b153b8
2126	f545099f3fc9c1e143f1850a62560801b937c9c5f66deabcba9142df7a84c37b	8f31208a77301fce3b9cd7b7901743e3792ae3936d3522d207cc74cce298d37c	0ebb9fbd74086913747113359a6ba5d296f47a3eaf2a5d1124920b0970240ff8	8429788d2a79faebc761fe59a261b13cfadb6e43564648f054c0200b4d5085e8	551e9338c64b067a603c9c78b446b70b8267062e822f2e8768d5d23dea5f2682	b047efd69f9b36752450594f97a670b71fe760f5e974f26ebdd6095b4bd1e489
2127	6b02c00268b743e8a9bce8d5149264ade9cd17abc6dd25ed441ad767d763430b	82e767f6b9c2f61f6836e77ee245fda537c0d0dea032517cff39f23225e56361	66e3afc39e6248ab9b5e2f1b3cabfec070be5f85ffa9b37bfa5ecd6fc2ce10c6	17fdd72e7ccddb0f8334e55880ef785b632aec56c21c80e28d86a9f668d9894c	48e37e93a5cf855fda2cdcb04b30377715bfafbcb553cf66ba2226cd92695984	999422a2c5e064b6f5193721ae5fc8aecd6eaecbacd8ce1205d56985a4026623
2128	2b2caf90bae6dc0b0d21fcd388a4ab907b711f349ace1d0ce6778b27edbee220	d29239ce421c533cf0f3b4786f7c7700c20029b2cbecaeaad57054700de242d2	708bc56fe113a7055b89ba7da91dd8a16271f75ed8c0736e0b0c0d5dcf00d51a	b4552cf1e402d31a24abdabb3135c56bdb58f7b88aa503323e3acf15a133b270	6a00751e99b0cd313c0bf637c90d47a2921080300a1918935f9afd62616c6e53	2c360031c104c049dced697b9c674339d8b87f7b4ab9003d8c7fa7869c647721
2129	c3bafa25f2ef108fb5880f0d49b8d89ffc6029fd2aa8e13b92f9cbe9b01ddf55	f946643329060551c6c824b2d4e0faf62ae04859403e121c2a1e7a108931c74e	04d6481a7853680a77c18be8b64cae1ea80d43f65105deb4b2f481fdbb64914a	2c6e4a7ba88d1f6dedbba3ce42d182ef49729750fa4c5ca19b3cacbd2283cedb	d80d971e88c064adf542c4affc2ba92158b1bf5fd267577149a16a1bc63ede07	b8a822b69ba8f2ddae04a964bb9ebda0c912c884a90b46b1aaa0a6bdfd17d193
2130	517ed9546b36866bb1cebe3bc001bc853bc3f1f2e43376b34db324620736138c	03a2066d81c6ce95da531529e8a17017aeebaab02f9f2627c0d6262b1da48a93	7e8996d1e04f1803db3f4c1038fb361b8065c3aada2c330850304773b3f9c7ac	46c16ce5adbeb1beb3245f580779912a4a96c46b0a0d896252eae0eea0514d4d	5f882f9abb2af08663a28d020160fcd0e480ef24f228a12a79d485603043bb77	4492eea11154cbe3bcd4d8325983202d8f7998f3381c1a2232ac10ac5f98331f
2131	5cd0559862d92ab31a1b886bb75d14a341ebb7029109c3130406fe5ad7833409	aa92b1fff26ed2f313bcd6a032bbd70bf460fcee313d87c673bf499520c24000	9829088edbdae11d0b95333abd17d52f488edeae15eb6cd0c657f9bb8ac32741	99ae0e1be9a54f981be3585cf893e35aee09bda3e40ac1ff71fcf4d15fa3435b	3504c2eb916aa7f5533a0a11eafaf8b9f40e1ab94eb70d37c4a59abd91b0c51f	48504bc3c6b14caaac8d727a774eba690606fa8b14d25748d483ba2a95a4378e
2132	e2843b72fefcd2cea21ee9248f4dc6adbb8dbf4dee4b3ca6a7c588d337946f54	8bce0d77deca443870bcec20cf0c8d8d760850634dbc8ea3c042869baadc6206	d5d6c49295d84b1d93143cd618582e46c856962730b34b4ee82a1f17490d7f6e	d1770ee7809678d7cb8d41f221f6f3b3c833c0c1bf67b337846c2af3dbe5dbad	fa2c9c2fb4ddb77b4723d95614f01bcf75279f7d076b43079881f58ad1e598b0	729156269f3fb9abf75433b0aefeb56bba06428f52981077d764343b0edb516e
2133	19f0fb2fcdb532f778f36b704a3ff35072dd41333f25b037d51f597c716b8758	55b820c3712405154f2d89d39be0ede580a1e06fb896a62a41eec53ae8e25615	4e314ee05e9eae66eb6b20b7866c105a919701442dbc881376335ed382d81e65	1adf7c3b2bfebf24a59114bd97a7c6d090eb8aec7b56b8191c39c8f6934ec377	f0141340326562e0f83cbcffa022575ff799e8cf9bea5a83ba9b2dfbf8fd8ea3	c2ab4e05db2076d6cc8ad8ecb082247857866b6044e0d4ffceffa35563473dbd
2134	77b04900010000f203eeda9b0488d22e29639b50dd338566145a6aef9adebdde	bfb05565f0f6afacff7dbd299b971d0da4052c095c1a8785be0ef96b9e7cf32e	5d6e92c38e1b773503340c4ac0f1b1fb0b5580371f1a18aa188cccacc057e6b5	fc4f301f7245f644a22c042a4ef89ff4a4d617b7f83550b02441d7737211b316	0d4db18790b48ec0807f4ff78ec8a8fbf521f45213c6f389b610c72623c60b6c	7811f79b616201c30c0fcc43d16cc63bbbe7cdb09cc316c85cd015a6fe959ec9
2135	e315bfe2a4488191bb464009e8fda6e341b5b9cf8375a3f9b42dca9da45f8944	a87b12a9494640fc31f60328913520f1b0fc524746a1b503f895013c00bd660e	23f64798ab63181f2c164d2af87d55b385cc955ed38a36cec60c70b677564969	7ebdd2248e717cf6b228e5801cc94b705e9b10d7c7030701dc9ade27bb7c2d66	da0704f817b367dd9abaeaf24a958a9231aa071e0e438347ec147237ba3d4d0f	36d4de2a7e58f938a8b411c1bd497c5dd6881effb895194a1b2c49e497cc6e12
2136	819d0a99d9a1c6927e995d803ae2066059c4dd73347b9bf140c906193edcc746	d0e9e80ebef2ad8ae26d3d6e660a744ba4269c7e79b8851df1b8bc6b5e4b2a0b	84893da6dd55c0db43257c8d29e02bb9b72ccb31e3ccc8d9aaecfd29ad00fa1d	296cbc675b49fed450d4ced6d54be5ee099f600607ea9c93f2faae8bb7723352	60fdfe7adbffa673b40a44fe2860381966f897a98667f1a9d15cc334307e57f1	16766c4cf5bcb8ead145ab44fa0cd00fcddefe221fe7876b94097e5e39cf881b
2137	b4c2496c7c26ea1ff517a91c9c93ced57a54b68b3845bde4ea8edd027dcf2304	e57bf89b3bf3dbcc09c580adccefd6f4c49aaa506a51328ded89a807f69478c8	014833a3e151af13539a34187b77f4506202a2c8c82420c6b944d60545313897	3a7c6d3bc04c8d23df2edb650501e99d8d5bd800421d5b24a4ee5d2c222a0f26	a5ff141929a0f0da5eda860f2d64ee609bbe8897b9a756cdf6bff7423f9c1ca1	7d80d89e3ea3155d30d7a0e91a5010b709b9ee83cc3fd7a7748ef1e4b3ff8bfb
2138	727943a72bd7aa9f402df34ff6bb33feceb14b911a292bb253e6cb02b8120ab7	bf9f9b69dff33fa17afceb9558c4c91d8927150f4ec2c205b2c0f02b376c0d47	7d88fc4cbfdc30f5b42afa28998e1008a2cae817900b3d4f076b04e97a7d7424	e9e4481fd76b2acf8ab10c691ea841fc30588ca2a9d6f581eb464ab498ad7f27	c6ed74844c90fdaa3488aa7a468a47fd18589709014b6328935bd95365515627	c3180c5ae8684fbc91ce3d5aa5a2b7a236b4040e4ed45bf4d35f3469cf2b1ae7
2139	dbf7b5b1b24a64c87828b675f592ed38e459fad0e0aea88f3b37026b1655367e	de39ef3941c4abcf4a4c3310352772effe7d88b1e93cb15059fe311016d70ec5	81368212b74df1bcfc1bd093e1214d394e8940e7ae875c320f7f99d48487b56f	27fce8679cde871d839098b9e77423ed9ad832499920a4a5db3a97b582505bb3	a854a759fab49508f5811e2dd643f80a0878684ebae8af16fe5e74f583c40548	4a824f3484e2e7be483d8043c5f2a7df8d9aef15755dffa1f30909390dae2f47
2140	ed94eaaa079e8d2e5f8103dd75fdb5e3acbbc77053937d2122aecb815af86213	b3309c534b4415fa32fcbdd3531c5f2d688eb5846b8854d11d89366a6113931b	bf4e48deb7a1325753f56b2f1eb70f01c0203bbba62062b5881e358006a0842d	14a6851b4a7ac7197f1a828360153fdd68f48940a61b1638a4e38c6cf9c11aac	d235e92ca2c2657b5f81212527694695652566cd403ac02e4603c60f9defda94	30256044aeaf728534e6829532f3ba10c7b2cdaa6a3efc6d98e60cebbb1c098d
2141	1622049fdebfc76b424baf1d2e1b59ad2a5d003a730a8d52d54dfeebd3180ac4	48bc96761abc0216c64e3ab7fa27a89e56cb7e64866ab6282f8865e631e30beb	204d33185f24649dd0a4c226a08d9de7793945a4e357d72729eaabefa83c3172	dc001ce4d7ab3146ecc186f8fdbdff58b2ffb447bba6e2df8b6c20b9ee43fbfd	95c6409c62106dd42cb0c66d1b2d6fddd96a169a68faa9dc3e928acd430ffefb	45871d273c76c716b2df276949ae4a1a6aab44b5ddfdc06ba1b215937531237d
2142	fd1a133a4ec4a2330d0d00274f3aad2e1fc2f5eb1d6a9759a376a81f85a67425	925ee4d564c287d4f78daa29d8b111f4330429ce2e8d942df18472214323b0fc	333c27121465068c976e34b7b0b31fbdec59101e6e39984c1c8bb04b452f8fc9	e73d72fe79236700066695a90c589062ff9a4e66244e52872b6ffbfd1b19cb0b	25fbc21b57f312591d02e7796189df5328a78c93ffdc4c5386a7a49489917b08	af97eb93fc4b3ddd57fdb1b07f8b64848d0c4ae98d0487d1c9a33a4c56005180
2143	6efb5bc818248e0ff256c49bd937626ed5337c6cf06a123f58ff21a0f99f35c5	55e4f9e3e7b530610c5e24191d31c8718dfd8ac9289dd2b2e2f21c53b87b9cd6	46e3c31ecef133eeec04e429efb9cd16a6efbdf9828c2a86e18c9049d8104b7d	2a1ab6f6d5dfbd30387ae8c3e069485db2d35dc224607c56d0d0f5e6ba7d87e8	24c63161501441f8fc4cc92ab92800f7b2989889d7ad57443854a88d18e7415d	11cfc019970d40301b4bcdc88a7df53f80990a1d070c21c66c49b408b0273e85
2144	f100c9a5e97e4c0e277835d401427017f45fddf92aa3ad1ae3f50cd91015d317	a7c36934896c2c39d2f855b96fc2800e27e15fa1d174562ff62246c28ec3cdfd	b741b817aac5af8fe6519a60760d8f2df7acbb725567a6c8a564ff1f4494d69b	62255bc53e03be500c6392561957bc9c9df9d9be4b80e53ec4fea5e58ee243ea	3e38ae175ba623257fa9d70e5ff105726922f4c3b07d61f9708dd58f2f2ee9f2	19aeea2b832d416ba4254fcc6b44d614c5e2037c7248297d7dc4e50cb6b6b3c0
2145	4a2ec8c8fb282fb00ecffcaec20759cf6453ab6b30ca0e6c8c07f5cb8f01a8eb	5a0264befa9d1d99aa879a49d49c5812c8f2e094fbb2a6e445b47fb343692c50	4e556b349050a651bee9e6984e7fa1cb571dda8e7b5373c0daffc47930d6dea1	5662ddac62923c5b0cbf22ec3f7c970dd09f9c46e8903c54746d1972e1cd446f	e1a79447118cc665bad9ecd53c5304ff51721093f400dce92d240f1f1c19e4a4	a532a2b11d04dbf2607a50411b6ea079686306044bc87b693943fa2dc2ff0faf
2146	2b4e11518cf32d0aad3cc561ac23fdb311dfa202db00932406deabf2bcce0b09	ac0c3f669b74fdee4e60449721982adfd984b5bfaa2598d9ab544a10676b3f60	ed2174d7f32215c1f286f1145a46e220d402b4a7fbe5fed5c8f518d8372f1a92	2e5d14d315f4310a7a5794d7c303dbba8cab989844bc43861dd3e4054d5d77b2	6a931d317343228f7f8e8a5b1ad03ad64924dab6b18a32952658d7d9b12c1ef1	6ae5cea4e31f0f879114f5e5740478a0914f484c734c7fd18a51257d132c8d3e
2147	bbfe383790b6c5f93229554af6cbbb1b72cfc5b7aa7311db0807fc86937e885e	31bd1cda8a4d4d576399f59a962eec0dd845064e880dbeb5d97768bdab62bec8	00f8b035f36a9b06f7a197753215c49cdcef248eebffeb39dd36d989b292e05f	7a3721481c2afd6dbfcc0dc20dabef913b5326c87ac5bb579854dbdb5d4c2ba0	e54f220e2b410eff2d7a41624bff73691603fd97ea249281a30466dda0cb7d44	ed2883fdd8bece22ff4db61c1f30e239f5d4825e013104b1e024cbda79c1629d
2148	36c6bfee3236ff8ae5947548e244ba23addf27bfbe08f2fb3eaa66e6d893f530	b8e027cb809a2225dfc06055f49fb613bb00c9e257437849c9e3c3541e2a86b6	80da6a58c60c87948ecd99d17c2a315f661b7e211d3ee44b3df7274129c53658	f56175c18811b47b2564c198699f62e01348fff856870a995edbf1d6b30783b2	d653c4e509694d8acad87c2f4b9b6bc4b4bae484f105ab0d2b48afdef708fda4	99d8b688723ccf956ab84372c32d90598ebd8082deaea9345c64cf57359d5537
2149	c8a8cade7a8c1ad855ec0e3c9da26f9aab1937ea8f487823a41ff57f443f372b	eeaaf9b5e684cb42247915f6c111827b3083300c0eeb884cb4d0a873c4ad9fd9	d369b3e5c66cc7ae2a9aa1bad8fc664ebc590d4f107635279e05a9da13097622	fb2e7ce37dc18d4a9d452d7e2978b6b1ae0d1f2f985351860196d2b6b8df938c	00c7201607584ef59445c39f4c07295c760662883ee56e8c3ebb29498bc6f0ef	7504c8f12d7381b7fe91547791aa46213d490a3c159d87ef9abb2404cf005ac1
2150	5e64af6210ccfbe95e63e8270e7d897462b05460cb60cc8544e90d62fda1d74a	57f4e5e6b51e036ac52606e1bebd37b3cdd30939dca50d26cabd636a70bd859e	8d6a30109bc94a76715856fe073d31746bdcbb4ec2677ef7ee743da06ef5b32e	562b14f0a74f94fb5a361aeb1d5b020c3c84ce626ac31ddc7da919785132a4ac	d31b1485991854023dbfbb521a9ef3310f473230fa9036c77376e667a5e8467e	7528c6dc180fe9cf6f1e5c8cee48fc373c427f95344db17acd36d0dfbfb84b85
2151	31fb8db1b00da032714897a47b4f52d734c11f4cc737bc86ce181fcdcea7129e	7d91bba8f4a5ac21500f593204ee75da773bf9a5da30a5da6f390c22a3423411	3a7e25bbc3704600b1d998b780095b53a9f56b3d23b153d612cd5cbd7e0278c9	663b837e952b87e5c42d4efdbd3d22e91eb8dbece257fd4399d9c9b3bcb94cae	a3ed3a15ea64c388cdcb27da0bfcbe8a9c9dec39922e5922fec42e24f02a02ba	3d6d9c681b98b2ada700b1de940774443cbcb0413ec58fb120b91ca60cf64a58
2152	ad43f0f2ffd58e80fde735612efef7eb532a51c14462b6f3b8e1df886ce19150	7138cbb90621fd91efcf3eb7ef022db83ccf2354553baa6c5e16a91838b829c5	0f50c191839008dbd97e558cb5ecbc8e61a6d2fa3ba4972fe543456d62429be4	9f6457b83e87847b9d754b44940ddb298586240a434ede4a650b87d7fca3cea3	bc0c58ae8e65a1ae24ae0d0a51ebb6435b4435a05074639cf5cd077a4e2648ce	0e66bb6ab4d2825a4161c623d2f42e1bfdebefedb6ec5a5d980a6e5467ad63a8
2153	ea72d3ef0b1f563082e7c912a73e6219da59a1e107ac9ad58dfe5aaad9770cd4	553e4de600756ea23a20de5d15ddc10aa7919c3369d21a31960466610bf61659	d15adb7036a23d775d6388327e6f0140d4e99137f47ab8b3fb290f2428934536	7b268221cefd51fb27c5cd766d0b1764e54a999629f803faefd1af4d3cbef28a	a9834d7f066660393a773f4bdc080d64685e456fbf54e9686a872708914d0d83	8b57f7785ca0168b8077fc47220161c7ad9abc169d61c2f6f6358d5c29546f44
2154	b9b04d56ea8ecdd69afcc7e3a34650b696360512f96dad637e8a7ac33be3a05e	5fcb59a00f97176bc580bbc3f04da6ad71cf9f759e9a460357929c51a6afc0b9	5748b6e7a65c4b0c15be7433b5ab75dcbe15a3599d3c5ecdd284d7abfcddea2a	16b0d815ab556e995faeede2dd507dbd1ce2785f495aa750b808fb233a716999	24bfecbde548d15505072f29ddaeff6f1561f24e47d3e8bf914b79db2e56ec14	d59b209e107deaacc1ac50613b9bd56fa304949f15e4dafc91bc4fe58c754e02
2155	c959090cb82d8b5783dec06ea175fb70edf48b48ad805ca3059e1c6d41519fdd	2436faeb7c619c2913d5b53647a6cf12cee52319d88a512e5ac4b1da21e84ec5	a7a8d20129d3516c4c32deb81f61dc24ec7ea5832355f767c5d0f51403294974	29f1b2027464f1acab8c6cc35574bb7e5376d138b163dea22e9e07bf79954408	5710df3f23076ba2b2d85c0a4fa71e1e482a618ad48f00e9ea7963713c212928	678de0893b6c3abf77f9bba16bbc40bc84ad5b75183c81a9067cc5b6ff6e92e7
2156	3b04c681d76719d940c82a3b0fcdbbd2e988f95b3837c37bfd9d4d139ee5beeb	90cbbd42af89903e7f2a5c59da7bef41d36f404907e1a9b252cdb6bf66da3ca0	136b80a4df55c44edcadbdf52090f71a459c058da70e9a72a5d6ec74e9c3ae04	772a3f5ecca24fc5b847fcb66e20da47ac5e425f2c0290d2a49d13809e8cacfb	a2c35f282f2b71d2f9c16cba9dcd63be9863ba7eb658a7e62e263b6c4fe980c8	40c0e6c0b8a4b95636822039dcbfd2958f117576fbf01ca48f2be45994504363
2157	ab2dd038ad2d8125b01d6088861c765b439432e2cd312326223e660e43f1e84f	ebf1693ce4d2325ceacb442e609eb1afa0bbd168b5e728349424d3ad23f75440	c8ae0c31ff8ee6e3e023428073763109a2abafb487360a2e992cbc00b0ac47e3	a2a78f191b09aab41d09a34add8a3251a81e1cc53e9b5a3267a80033044e6c5f	8110bda21e48e16b665f4d31a6148fbf25cc48756f2578f82903d62f49f1403e	7dccc9a4b4f5c682fc9374cbdebd61a1045db0187a2ffd6cf73aa4b0fc1403db
2158	6fab0224942155be899c15427f0e023488c63d9a6d4f1a76e72c9efbe5681426	ad56f82b79a17bcf77c8f40321ac5317fb863ec782c0e0f0a69d362b015803df	5c7ae49d9dc525101915538ac4c56e06a045e2e93ef9c4cf80fb42fd14eee9b7	bac979095a917952c4a290476f87fee80706ee87360c7e199d848b73f1ec2531	71e7361ebd839bd82ac945816ad1580f7ab962fecc2f6999eb8c110b8d45e4e6	765d7e3f8c776965d5d0479dd130c32743f798d8ec12617005c76acb50d10e79
2159	56d333e657007c31f86fdbdef9e09c60b3d95370a69d4a484a0a3f61142038fb	3c95d0dfd3981db2cf30d881926e0cadea91ecca0b5d41dacd85e53625e2a8ec	d138869d4646b322d41dada86a670d95191dd8f44a4c74042b778f1560c4abdb	3d92f40b457dee815907525c7c543562e3404918afbde887bc52f86d7899e90e	5cc77c5b964db60fe9958a1472fe01fb9ff0b565238fa7385a794c29cc0ccb62	bf8b010a2b533aa49ad39f7d413d019f22972efb88378fa8f6552d60d70dd487
2160	e2586fa4fc7dcae2a0463753c6d66f41582e67d131beb9ea77b3fcb78ee143e3	2ba96de5d89588c4f00fe3c7453de3f692093fe8ec9442de93b9e434c80ea84f	09ca3e06c3ebf133eb5f8e54b0a54576692a11bf9da8fcbb1abe518b831f9316	cc5fd3bd6a38c6601ae5763eb1c09476570e96e3bb55ffef5caccc02ab21758f	5aa51eb8af8008a43fb6338c89be2f254f9076bad6f87f2bf757b96d7847dacc	f8decfbe836dfa82d111c1c83430aeb16e8cf0bf74385bd66af06eae1b68f4e0
2161	585cab1db8b943a991ddd76f4d1fa8ad57e1e0456f6d270f99b5234726c8bbe6	871a406c59926cbee71f0fe41dbd6ddd3a4cc24d91dcbd82477c84a122054cc0	0bb6c15bdc51cb14eea2799cff8b6b69bed9465b0725853edc95b8050e34b591	a1d3ba2039572a8e1d2677f7c0bcda71dd492bf6dd32300335ae825a172899ff	e0ecbdaeb43a90b3dc65836501ef88d4fbd13d3f71e7976be798f88ce52fa148	5d3a2cc6c9d54b0ce9398acf7dcf19c7bae4b545e5e338892024afd2ed246303
2162	14cec6f90ddf374708559f01a3f4adafc79268a812a076fbd56acef3bf304a4d	880b192fb2de2af9539d212fd6749570f5ccf60752f7c61547455ec7bc158695	2d2ce17fdba034d1487e65aebf25125bdb95ffd5c5e9138e7c1cf5dcc1afea6f	aa780877a11864e2a8995851fcdee6af396419a8ba3792a59306db4b20798b27	e67dece4a1807dc927f197619b51a0d5dc78ad87a5272f1e34a8e05e7009fbb9	245ae7cf381caf839c0a286b5d852811dbcd8d333369e70bd89b960a5e694e6a
2163	2a1f0bec13919e5333ac562d7925269b839f21c89ba4ed8ac6f85b3f033bcb38	fc4f6c023020deb90a9675b4c9c2c3784d814e96a34a49b7135189b1ad3ddd06	012af8d38b35829a1a3ee7667ce24212352fbfedc6d045c1589bc218d2ea5aa7	0e62505433e2359d0ebd9d4abac1c11d26ab3b1f554dcab8ee98652d820c37f2	35420b8236e8da48222b250ae48938b9c14565698c76833d7bc55d85a16ff307	727851dc25745401eb451d8cf17e5dade5ca88e494f6c0d8ef8625c49bacb85e
2164	09a27689ddf6034607d31a1817b524f00588f27ec339a45f99435a0a12b5594c	ecf27b5be400b493113e48a883c9763eccc45051b22768bf4b68bfbb001a921b	3494097d9aa62af71f100d1d67eb8a395071838256613969a1dec454ca7e23d8	cc373b0d948f7208fa14d77afcd97eb2574193031d6f14e5fe60962f5c891767	210dd58566c611fb879f9ae1250558d2c29360da15701a7bcc504066948bb6b5	991ecdbc7ffd0fe3f1ffbe5638b5f9061b0ff30cd2dc7c46e685957229d9d969
2165	e1ffaeb2134ae7bf4e96bd20dffcdf2d68b7a1b033b5886f325b8bf77af306cf	691a33effe8bb75712ab41f4593c9fa8bd671acb840a56a8cc18f16a6f4c4479	64e2b480339db20e21b971b7680d373678c59481b6b532ab686274824e920cf0	086cfd1d043e8eda1aa1f0131761e71ea776d3140c1ea0ae3c5159e1a265a112	c2cf74138d9ee845137c9c4a6214b4a8684198c1b36993d1ea5245bd629fb776	fb2481fc97252f14eb9820a16ac84f7cae33529d5e6f31e1255a35e5405bbd51
2166	76f3a00d9f8f90e971152a1f106ad757385f57d4b9415280eebea6b35f41f478	56082a5edd7759fb7d3614ba20f036e1425fcfcfb81a5e4db6f43739c03dd19e	3475c707f7b0e46e1d2a43baa8e7cfa21ff4ee8c679eb31506122fe72b42af58	febdf5e752265c076d4630a8324457a86e6345da003b8b132207d985e448159e	e195b445ec58786cc0d4f497366ad049686a81447f3341986849773e60e2cabd	26b225f2d98ecbf14ecc1412bd9f5e4e6005847eac6cc05ddaacd4d3e5a0e70a
2167	c1ff35eca452a3359b2e3a28f9cc84077214b8b90af09788df542281a467c1a1	62f3d4324127d0ecbf3ac3ca3c8aa1df4305581511974ed01be9c96f779c2891	52e03fa8c994892748c7852771aeead125c5a11d96d52a99369e44b3b0d30dc2	c4d63a1b5ebf9927dd5972355069bf37a5682074b5efb93859b89fef29eebfc2	9d16be89a6a552cb3695b3ba5b7738be07f8af160fc87094c77e73e88dc04749	ac6c4d8a2363934453a1fc91bf953aebbfac305fded5c6afb77bbba699bb90ef
2168	d41be610bf9f1d83459c7fc4400d903ea822ba88d9d4597072b3a977290ea53e	d5c68b1ee4c3af09f4d31d9a1752f6eebdce90c235aa4119e947b6ee1e990d36	0b1762a52b19c931a1bd1d8c4f06c501ffcf784562815a432221a5a1ff0e47f2	21a3d68294c8f43430e8ed7b07bf51a36e46bb6db2d75484e4320b81fdffa9e1	669ebba4c3b215f3648c7b1ccbb9721fec06befe4b9855ef1718e5a425a0b002	1862c5ba0f123894be5d3367e8ca0127e94ea019255bb0844dea08c00695a031
2169	37af7837371b13c442e09f244f75f33f703d58b1a851210fc2e348ef9d3c17b4	dc05ff186315b2083aa69e1f73b649bfae7d181aecc7978cff462eff27102230	3dc898e1818f57ca844de2ad69a15ed8f18bb88ac599fc3be54f2a07b975c77a	9b62c07f506b21bc3390c6d8aa871eb42efcfc6bc4a6c9b43f2e60243f7a5066	cb3b7b0c320d6586dbaacf71acaf7775620b19bcb11a2054ffda22b0839d6638	f5baa6a9e3ba94243187750c3ee86260fed05f8fc4f3228f2438fca63bbf6765
2170	63099503b3764f8c87cfac522211b3c95bf8d45b6884858224ceca3885a18d43	8297a206f447bcc9dfe6d076d2a84735d4aa941160d4aea72b850ea3f6ea7f17	d9831dd0b702108b48af0520d2c8d22f8e809690c07f13739f545ab71d5e19e2	fe6eb14ad5df4e2ac766d51d3309d23c2455db3cadfa297e396889b6cf0e9d95	8575e5b2856bf11d06f8fd7a2905752bfed91d89d09c04f4687a2d100b0b220b	a58eaa36553d62c8a883025f81a97ddd3f5cc6fab6042c6b22eb9dd49072d160
2171	94593f034ab0ab3a629898298b2909818d68c4f4672180c09239d9f4fbbe3055	510df52ed5c3ff2fa3f37068c484d7fd67b19ef9f8e6f1e648da9af483dde932	0787780aca77d3fb9d849fbbf9183552842a1b37f52a396068331254c0c8c666	dad33688e627d99b6cf2c48372201407b98d727b24433c3efc3d3b6e3b7aefe9	4c7b50142b3de08d85e8447232fcd2dc430189ecdfed60045a2c34ef3c588a49	92c260b85afe7aa85f0d1e521da4e0e30d4b71555349691172c910b0b5957536
2172	f42e3a9a77e3e25b14a52717f4c26204b8ff3d1c148be43f819ec4e8a231692f	ea1410e7b08af03e7200c7fbfcd0a9359787543ed3a0f8ed9107b9838c3d738d	c50d7a7148d4fafb80a9bd0affd39a4002625f2e44f67d5882a8310dbe52c3fd	6c131ae318201a9d68ca3fac8723b96f3793c0597de7b13af5bad3c869a3c9d3	78091bc69bad8cd044f89f469715dda65f810bee772ebb55e7b92eec7450f280	7520a8167721ea75083cb44daf8cea293d3ee254267fee7e6f441890c60dc3c2
2173	fee4f7b687cf6cfe9b1a9122ecb996118ea72184d23c29d6ebee4bef61671b3f	87e208c0f300bca29afb8d8ff89762043275c76c02ed6adf1bc481400ed8b9f6	5c50d495abee9d6b279608037aabdfe82f79c477778af161c5157ceb5ce806da	b7d28ac62c0afe15764ae757866fa3d92c1de3446bad96da2e27c83d6f70d4ca	b1ead6a867f1e734184ead7edc7b79e7884bb3bd244fb271e385ffcedd21cad8	ee9ee4744b706f810f66957eb8f1bb9ced39dd468aab2c7ab51aebfb11f9083b
2174	12d62e1534145fbf6bd149db830eaee93bb94b8d37338ec457e1049728d0c270	b527dc54f7998fd1b88b1dada204fbf5a7d65d550e548069187a9b8358edccf6	85f589ee1345c49c23722c335891a93dfa88696c6be1a224dec313c7d8e6dcc4	f21ca4db4dc8cfabb48cee237ffdc3defce09cac9c4447e617cdef4a62efe8e0	2ee95b820046039ea899abf126c0f0ada51d547611b32610f4952e30b388d194	addcac6818c4f6ae7eabfa23ba358b6b973704bc4db2c1a20b8b6766cb3191a1
2175	cc32d58eff6c22ecefdfa8517be866b3dc19a2b61ea882b51e3a256e891203d5	de90072412138b9380564b2b75589b504db51089510c67b65574c39c52de621c	259e94d9e16871589163d13f2a8517d1456808b76a8c34d93ca68a377951e50d	e876edf8e6b324f3cd4c498ee8371aecb5cb95c94343963b6efa8d232911e987	9c6734aba245056b8b38405a80b9c2a8f7ee289e366a37cf58660be7a33bd00a	6665bf0078ddb3f7799b23ee5ae550982988ef82b0a4e1345d885ef2b94a5c1d
2176	b17e64a98b0057442535582fb1ad59c1f5d319143a520b844c53f8257d621906	a281c38dea1a88ef85d4382e7bd13eaff6361dec2ddbd9df83ce109fe94d800c	3370828182c4ffac9a11402d3181c05d344a7049c5a7e24e93364a5d1e3c107d	5ec39aa7aaf0ced3c5f0a081b9cf80c5b478e7143bbe405487aa69ca1aaafa30	b3d7a601c564c311bfa95561399f87f8e6d8b79e77f72b269b37747171b010d6	041fa0766e81ce280b4362037a916510ac6ce67becbb80b2babf64bc1b8cf37e
2177	1a65e8caf9ee2659c808db6cb384ca9dfa1c9fde47eba8904c2bad73062c4303	4fe8bd7a82fabd9b4cacd99d62e23eb5fab6f5fd593bbece90c48aeaef68223d	bafa4d14525a6a60e8fbacb6b13b382008a2e4eee1b25a3fbcca8d1368a229ab	7f0824898228b5cf83a631f874e33027e9a1e573aa5676f613a73089b3366571	b1cedb0381ae9eb13f9752b01bd08ac776e77456720157a3da70905a084b66e7	e32bb6d6ba2752fc2e1fb2d8890fe8e937b5dda343c9058087014239c52832da
2178	b6b77afc4c0385764492ca26e01cf26f4378bbf751f96580ac4fab738272cd56	52922e4e40fc8c6a6f76b8041b74766b80826e03e4d7f0f4243e50d09a921916	201cd861da18a8e97641f167d49f479604de4eb2b368eddcc8086d5c3d2d26cd	aaefacd68e376536c28f22e9e7a66b593e4f2cfc58fab613eef67b3d02723a3b	1a8a37a5d7815b8005b42889df0a6016615d4f7143566222aae2a1d18ac084f2	2e5c05d00847161d8450c1c36bf60109e0cb540cb70fbd0901f9c05c49fcc41b
2179	268cba05b19b99f99efd05d8e947e155144da276c258b811efab902b53a2964c	aee0301b5782bcf3eba28da1a2d3470109f2db5d0297e8d512dfbb581da00d99	6f494ce9b22511fc4459e61fe15f73ce00c6ea9d788c2dd7a085899420f1d03c	470a556065ef8874a191e80440b16fc6fe0aa9d4a08eff0b26b90bd992e2153c	f6423d2c4b7f77069bfcdd9b560604dd4a36fb771440522d612d82971bb835e7	1709431a3d362996d26a99b4cca49bfce506ed2ecbbb595df696b1a870d5448b
2180	d8ee0e8c18e34c7de345208c09bf63bd586327b6a4c030963a0af9281d972cd9	d592e94ec7f5eda1af2f67991512ffbebf56d07ad5cdca4cc142eb24900593db	3bbc70d9b0c69a4489da7c66ba3e58b33042541c107f4715033f18e5bb29781c	f63183784219642332d277dab64e0c31f5df195547c0552b4480554f216bc902	744ba1a78f88c164368a846ce7034996fa7818b6759a89766854bb72fdf99a46	71cc73d30fbc946289daf3bd84e0211de66e98a3d41ca570f87c62b3795809f5
2181	c605428bc4632eefbcb528a831ecbfa7916b3ea74d838aca2c7d434dd54c2a48	1246644061f080dbfe0d6172ad629939c56b63220a38f34136cb9dfc88c9b4e0	6e4542e645845f5845d83c89c587134203aa3a6ffb24472944874afb8a9c412a	16a5df65d3b7e398b7956096cc9371d2752628b3da7ecfd737f738c86f494003	38f75c18e180b3c2d437f1d59b2000badacd06a2ef2e0d94010fea5a78293389	68168f797c939520fef03b8d3dc51ae9a61baa212e0081a311d4dadb93fe47ab
2182	c2314056793a0f1db6a5b1b583955bee30d9ba1e6b3cc0948a6d41c86b492acb	04ab52a76efe96d3086ded652a716840b7cb4a152c54f70a7fd333794602a36d	5aafc5d8557887df1b34c03b519f57755f13abf597ce1259f8f0deb2591d94f3	ea2f03b54f071427dd8b92d3185d085274fdde9bd823250a898610913b3e75ce	a3091e2e2e764fd4e568cb4feba4443bf020bdd3b8d189b22e1a9993b78cedc8	e25967e73dd30699b53f8c5e98af3b597b04b9269c09157994afd18213b26b34
2183	974d99efd26cca900213c69aa750db757d66fa17c4952e0503cf548b1a68b45e	e711ad48ac182cbe7aba3c74b40989b61eb2496977ba3e4a9b9dbf8ec9de78e3	38c27d47f488444118dbc91e21fb6c384d2e791209ed8b5dd27a4b5c76af9943	40bfb0bf18ce60dbde5c0baa4659d12525d29afc179c471d0c472648b12a7591	8dc6deea1fa94a3dd61ab61ead274816e25b7c8bae2874e991f31bb068574c95	12b6e4746dcffb7718c28485571c03abe1f8b9f55bfef6b2cbb4c7bd25fcc49d
2184	80647155c680d8c24a1eee99661d8fb217b0fcd117ea6ed00f936d7f10c044c2	b6f72739cd5f239b13753ccdcc5961923e07508da206af9bdc2f3722220c1e66	82d81ab858736cba4314832949e4d5ce55324d4fc25ef04a255723ee735aec17	dc59784e0852d2a3a71bda95e2aa6e44e65616d556328444ed5352ad3280f9b8	e658426a6eaca3e70cfb5838942b8b2974314515cee943d88a3fac06ed13be3d	59093e3f1a672f53d0ecd4ce1850cef37367ab45ee052fe0475de1ec53998940
2185	9d4af20ac8dae829ed26a8eb42ba22db5e6caba6913254caae6828916db9f41d	6ebe5643cbf18aeb608325a101c23004bf209c608d3a37d60729a119295c1e95	5e37f3de2d14923021fae622dac5f6632c6add12aa811a8fbd65c371056b9ea6	b29e7374ef32567b31d7d60aeb822d42c5cf5c9d11c4c507c12fe2bd59a1695d	ed7c0abcd0e49984d63cd33be47a8cf6ad3f16371458d4bd1db3ee55a916e5be	40a4058cf88649cd25319757f0ef60f93313317fe5a4de20cf926da07adbec1b
2186	1248416c67df0b8159053e276e45bb2ebe32afeed493b041c3cfafa64f087f79	ead33538dcd3f49beddef704b26ba27c2101fbc7ed9749ec6942ba57f399a889	02aae6a83a6e53ab48f294ffaa88de9baec257a9248e66c6be7bafcd6bf39c4e	38d76bb663e3878466ecf262bd35925fb1446e8209195164708cc867077c8c9c	71559a975985ecb152a2c8b2314fa7af95c28d7ec9aaab0133f59cb9c308a586	e9596471e097cacda62cff504dbea583c7c461b6d0758e968b7bc21fa989f48e
2187	31eb18ca8b587ce23f86e34194c9ab0276a8711800b8031cd7341b68e8da6cce	bf1e1bb90652676e486823902d852b396857f33951b75436555c1a4dbbd019c1	38ff94f5c9f2929fe00b3347466e454df044b2a0a576feb021589a4181e99c98	bbcc999407f060af58bc0b86b8def83d567544b4e0f8daabb66624290558cab7	b6507aea47c2a971b2eca04a16d30dfca859183efca43bdbe72b08f284d207b1	178c5d3d3fcb52aff0907e0d75942e5a1e86f956317e2ab3cc44a2bdb280a8fc
2188	5204a690e06071ae2d695a9b145d6c2319974510975d1c9005aeb1f75e75c942	7f463fc8d6fe7a1e44565699c32e2bbf977c561e2d2311eb0bf096f5bff33f73	afdfdf6487aa29dcdc6eb9f571547fc1883de21f1ec580f7ec4e7e6f58508f9f	a25241a003817502f7d87ff249db4e4b60074c246b08fbc685fa34137d6eef2e	2c217e7553c1adc4ae686303a93479943b14a4d56f0ff7ed6178dbc3982e351b	2f0a4e67535d94958df7d6108b34d35ae8bf93548cc72cfa360c026c564b64ab
2189	15e0ef2c55c586adec0c090da89689090642726333ae0df00ff1b348962b1d84	792f5961fcb95fc279164d8244452b80ba0c6167702b0dd4fc879f7784a0a633	786ec2e770404226bd799ecc87adff36343f86c5d4454d6a543db2c4bfddb952	6e27add8bd3b3331fdcfcccda3f0adfe2232593512fe41e3a72b14b4eb0f72ee	ccf189c58a71b26446a43477d45bc0754c4d1fd29f15b407faeef32883415897	ecbdb1903ac324d53d90bced16ecca2d6bc2d34e3d50e49f6997794388817ec4
2190	788335477f5d56c68ffd4cb2e47f467de552786fbf172fafee331445ffccb7ed	e7054d460e94a9fdf468017b3aa570233639217c70a8fd8f40543d9550716018	c6a1d1895b80aa444673ee11d466da36aed051780d5a2a2b501dd6c8323be860	6f2b1de226c25775cf8fd2c698396f9f5c6dd7a43943c6622ec55e758eb5dc30	a7a27810ba4ca810a819f87e47993ddf796acc70b6e1a9bac27d6e215a030c1b	b36369107c56abcc4d533c2e485639a71bc18b2117bb9bbda55ec13b1b1ccc07
2191	3a4624eae15a269eea0b7e27321bc2ba4677a6ee503d3374b1ad7985176a28f5	c938c2cc354372d7175a086e28000c3267b5d51ef93b374d83e3f7d256b8e54b	268c8055dd12ad7301dcd1754b945f6fc7c9769ddd9513015767ef6bcfdb2cfa	271a96aa6da92531a10b40d948aeae3a9d68c8033b84754c898f55e8c16170ed	3984be1c420058e5cba1f8730bf1b23d0d145210a5f8a13c22725be158ac1db5	d47026a7231fdf75da16811c3915b38adbd4bdfb4eb212fe5b883c346f93c49e
2192	05a5bcc7ab9833674c02063bc09a2d42bac8b81b5f811241aa80feb6e30e28aa	52e29b941ae53c73869a1e78af936cc66cf5d502acc8ec6562aff236a3e66d51	aee757f52105f2f7dc52535c541cd4b8ae0238ce91d87a1ee137faaeced37229	777831e2c058743e96621e3907e8e547b4b44c61f4fe47ef6a895acc255bffff	22d14a439906abd5046f68f02e0da53c0b6e585a2821f003b3d43e21351e724c	c39229d4f1cd017dcfe2621e11fc653410b9c34bc14369751f0e3c8445193751
2193	c5d2dffbcf437ef2758fff4a8ea7c81428e291fa19c1a423c1045a469f90c2f2	03fa43a74b1acc667089a2213bce89baadd3aa6af4f25338588be6c4bebf78c8	f056fc17ba3c94b4f6f3bdef2626bf9d95554716047009b32d4e94a143546afc	96facfab00a29b038067ff13cf7e780346aa2a90054c691c5bde6a2ef758c5ad	3bfbff0400ef7a17575f7c2d52a3ef11182def82cec762d49a60c809c184fe4d	b9b905cd07ad6544d74066567edd540703fc5605372b145f3c2147f68561ce84
2194	b18e47dfdfb91e0958d0f94357b097969085e22835981b00be077732e5e1037e	b27e1294b352cc298e3d3d115ba78fd34ea2d1a9ac630a8fb21d343582ec953e	0ce339aa41f4b8c9fca09f513d3d481f15b9dd25c6ca8cf7552197a4bbe2b340	b2fa192e33b41716d995af7129ffb2007121b2d0284b8c1d50a0b3c7fd305775	9d611a1b724b06950920ffcf283430582e3de61d3eef06f972a90e018e5ff26d	9895826f5379a2ef995a088635b58dca7f8ebc309f99d85b69e61e4947fca3f3
2195	12563e2938af92cfbfd7b25b95df6918075c0c942ff4caee53281274e9e82b38	bdb0de15da11376afc5fdd107d486b24503497e5a66b8e1c9453cf829ebcebca	a43fe5be2dba2435f0ae1e0cdf45179a80fa7ab1229944d4568b057169695605	c5ce4ca911143adb4501a8d279296552e9130e6dfa6347f9f8558682b76e351b	bd8db5600a82bfbc7ef93098e27f9da6320dc57cc7b4085e4d1e14d914e17590	168329ef1761bf690a6e3b725433b8caefcaffb8ffab1ef3727786c19251812d
2196	c66fb5a68717c23ba39885c0b6a3503f62fe6e5e813996e829419f5782e8d747	3efa0f552a04e75be3eb5a5fbf0a08139c4b43c7080a9ef07fbc1ab9cdb28418	e70ecdbb94d4e5f7ed7136ddb1dc25bbd63909df20cc672aab7179f4eb6e1cf0	0217bcc765a63a31b32343a9a4f507df71a77b4d2f38ab2670357563f689ed52	f8a36500ffd94e14c17b2c41ec6bff9bc56c07226ddaa7e390784d0cc8a6e4d5	846e20da97fb558bfd44fc86057b8a3f05be3c7d97dca484a24bb80f7711dcfd
2197	bc4f7eb7024eb84fdd5c3218f93638dcc09595b7f61c2dbab09565ef1079aa7f	fb48efc84e366aa56185b49420d094d032e6e7fdef8dcb84d7fb5186ea322f38	a4e505d27518377d81d999a1947131206d49d29f9cdf95eb96775df8e92a66f1	467090ae2d365ff58af50c6d5d1416a70b0b56a60b483d70b2a729684b5b5756	8fbd651e9f3ea065ac8bee573eb36ed8102727dfc2f47b4137807e514ea5ee84	24d763a7e8205d45b1bc74a2e9d36a3f13232881c6be85cdb6bf9048d1f6ca9d
2198	3fce9c42ed12999ac3ec6d350e9497e0e95107e167dea9f8be52bb61c64e0435	4da3bd97afcbe34844b3ca0a3e67a0b902915e9c20b52beb475b80bdfb513313	844416753fcf5aa46c6eeabb85d084b5be3e362ac781e86686e26e92a35f27ee	045184694069b9af76be32bea9adc89bbd5d2e0ad1966107d706a6a65f92dc32	e66c6a4f1fb20faacd81537f634590875cbd4d85b2529a9064c948ab669584bf	57d0d5789d8236e213dd054b0698a99d8b528560c9d515addc6318422c57bba7
2199	21f7d8605ae721a63e061fd53029239eaf946a4edc959668fb0fcc72a0733e17	4a27d5d96bbd45d6b3fb922e0855cb5a176eaed0475b223d133772bd238cc585	61cd98b6da270f591f9f7839a1cb5e9d734e299f0689f1b17a697da45f7f1eaa	3d3bf9f30bd79a95ef76053da96cb16940e93f80c760d11db52da14c3f1ff7d0	a2dcbb17cbc06638269c45feb99e1b1e1544c2b02dba4d64402678097f7a5bd1	54a24ba43b733dfeccdb40f358f8d322de41829b3895232180bbd8cf8ffb09ad
2200	5f94996aaffb8ce06474938f4f8011f8f025d83075cef0ebbb8936946cf316a1	40521a222c4ca202bfaea93a18c61e940de742e6d458ae2dbfdc6f56515b3b1b	9185c7371ddd979b2a3699e9c08fdf81872c1bb9160a3e616b4231e2152b988b	b372f1a88cb43ba4682c2a2919ae888e75b051badf3f7ac55b32abb1d5c0b0d2	71d4c9f15c556cb7373c453707f021b7ad3d72c246a2f46fba0889cc59e165b0	bc6ee76bef31e48d52c407d84cc4f01b8e1a515d08aa923c6b16e857359a8bf6
2201	b913f8afb24abeb579c03c477d4d8da64f53abf3407c925a1dd879fbd0e50436	91eb01a2525d1e62854c064f1353863a0c115b0afd2f280f5d601aebc4df1463	da4f9609066e3407f46350f21deccbed4cdae3d922e3d0ee5c385945b569e016	77412e29f8263a595f3354e6e6241c694842d5e97737a7f5fdc2f401e9233e25	29981398d04892a42c0c9c763f0d7743f169824ebd6ac3acb9f68f3116363b26	f14bbeee7634e6fd5be49096158379c572252193d375638c3dd01f5c39fce747
2202	0b3883b7dc7fc3a97b3ecb703c768c1e71bd3c73ac813b73ca99fb10788da4d4	6091ae5d9264c24c5ef17c106e9eb98b7680bda716aceffdbf24f57330b9e864	75005425b69893388cfba96cde3720e7b1011c93606f8fb46959e5fc4bf1cefc	0e4ca9f2865982758e61549d045ec94f21ec663494a1acda6c53639c8f8b6555	e2e293a5f64ca0d6ce507ae8b7a37d00eed781b44c618295bd8fc81266089470	0fd28ab3e748bc4506c5e5797d84df4b1544fbb89ab5414f803422ec3e463821
2203	bb919e32ef4910b6cafd12d55c70d619e2e6bfff6748b2eef870b7375a58a921	0585f724b48e7bbf31fbbb5b413f26520625b3452675d03393cd81b21dffc7a9	25647ac32fea56910c267dfa6c3b256f0fb65e143d7d6cf2cf7217fd29c70edf	b276ccac927d2bf00a3ab38237d7a7d8920e59c6007a32baf4f68f114907e607	3d91eb969cbe5c80a69d4bf623159cf10586a6f6fd877b64a4654b6eb0cddaea	496b5e9702159aee8da7fe03f316530b3193b30d99f6bcd0a3eb809a78c514b7
2204	78a5db732a51ec2c4ad90b482d73be353ec3fc6afcd95eaee187bda4442a5d6e	599cdc3a8d72c9fda73da915ec36fa2501a6b719f5181c1c0ca0bf08945abac3	ca9a3f7521e7fb8b0929563e22238c07d053af7c88848c94eb13974aafa729be	b417b9f5bf323506e6ec196a6dd80e09bb8bb97663f5bda472a28df4e9e53da5	1bcdcaaa2ce5d81a77ba464631302079e349cd0c914f7f6c4e2b7a21e479e969	88761b1136732d032e4c4c9054ff5db234e29c76bd4f702b8399e5f08330bc1a
2205	25ee5853939dffc5a1177e85750f8c7e85b25f961bed9cccdfd63d32d9bc4ad4	82bd7dbdc0fcafae8724c83c4e1db8199f34e0fd6fd42f2534a36a390273ac5f	d4779a811ab18f9d3ccc889232a550819d7138bc9d313273d5740cb87b41e1b9	e373e53ac778989d589bb1fe6542bdf0ca47ad1cde14440c3ae4308feae59a60	ea1868fae7e12c637357170098cd789e72c3166760adb3abe02b1122316204a1	9bf99fa3aebd5191ed0660ae4c831677b26a50dbbeb141227ecfcfe159a88044
2206	d8d4113b807a1e2c5eb2a12d37d5775c010280c27382796ef51a01a7efc33369	d8ed9e7799ced7a0ec623ca71829a5b4bed56e2143a35b3642436609c3d1811e	a924d9dc26ece607261474e87f1c40318f4e4e6d43999d73bdc31532415238cb	c4b390efb45e4d9c60935a6b1960ede6832bacd93e024dd9f3afc800a951f470	88622dcb9bb6e25606f01b49900da661354a1c0d9a29fbcdf6e033a6d2283240	d573673c5a8aef585e23493e4743b6a6a541bf4ac775de1a368c9ecf39035ebd
2207	47610b4d28fb1c96c2100bdc8ec7f64e48d1e41ff92d5a1506559cabbaf60a6f	89ede600cccb7e5aa8e15c24b68a71689add745aaccb0f1cc52c2d13c592c91f	b30ef6a27f9306b6480f53a73361a8cee037d2897bb5ed7c01bef04b61574a6a	3330a821de36058a8a6d02178149eba58830fef974b13dbce6000e1da31a2357	7310e153c78945ec5815422f57bf194388dadc4c4ea8d983402fcbdbd84aa52c	45844b6265b4e876ab2662fe5d3aac8eb1eac5eeb29962a0ca37a70b1a7bc6f5
2208	34594fa7ee31a5a90c9552eb7fff803d7144a8650fa31a8977f28a6897c183d6	eeb6f92e38e40c3913f2f485733887783df84135587f2094db9e04f2b0fe50a0	d33d732e6dae495617abbf146136c2300116f1906be3703db5aba1fe7aef8076	fd4632c0c22faa1a66c272a47b6be13aa506646eb1565463bee00432682d40f5	0aa53607daf7eb9458374d860a9145b567e67d3d2cf250b0c797eb7d835ae05f	2a0ab13f1ae9706d697f6058c42dffe9066ab28605c47c2b7995c5e4e166295f
2209	77727d30f25de346212e184aeb1259aac2c87ddd1566d119a31371f0fdbdf472	1f4a12e61547c403ede71e89300f0c78fd61437b0a16765952d835ed82feeff4	65c5f765f4fdb901a122c65b700b2241577dd9ce574454944d2c0a766f155178	0b50b2e2e4292073f42b2e9dc2476a9ff8cb5ccca9b009e31c19c51fe6e2b88d	c4e91b13be97c980ced2bb19cef72c33a61a0ccc0581cac82ad239cdbdfcecf7	640d82b9ed7f4b909ddb58d2d5752f5c66fd64799558c63a2dfc6fc937e2321c
2210	d82eca66f104eb1ea60c50ccaf5c3845834b78962318a4a25a67e1dccee2a4e2	914a9e9eaa7593e643b045bcd50416a45636ae0c9098c21757593f52b66ad391	ecc4be735b3a1c5951de1453b6794b3f210d91b802f897e223f8ebec7072945a	c704a4e16025b94df4696f8f0f3d4c2769bb36da00487759db79996835c5886b	e5205a6559f5cdf3e05b5d7ea27f76a89ff2f16ee0165b55dc4aaef3995a4bdc	52046a1ee309f0c7833222532b858503c41289818f13ce5b95a3445c6e76981f
2211	2c0de8a919082ccb9dc32c42c6ff75e8cc7ed44e75e1d71b2059805205683bb6	5fbf1b463fda69148e1a4b4ab2062a63db92e4fde51e00429282414578e56e62	256eff5a919a75755e9054c2fcdcff959deaa83e36423ce8b41954f34d17bfbf	a0a5b1e1bad67f0227f96e91e6107ed8bea13567db5aaa85ce5ead6e6d5ae714	a279b2ba437e3619c0b0ddbd8bc47e6cff72ebe2e8c5259565a5b78eef44e0c2	f85219e4cd94190111ef929b0e072f92ac14456950370ca911bbdb062dc8427b
2212	57288ed234a671b6bba10ab68a9e0685e0de209fa21a2720e5e3784f5fa987a9	c917bfeca6299774d9c016b42ac7cb9dc5b1aa235f138ca789b8a4248617b20f	1ea3b854d4d737f468be7cf0e26d5fdb15316f611c590602d3cd8728fb10ab23	30839e39c84551992718bf47f31177e9da85cf361913ccc00f60934302e1d71c	1b9bb99610c416bc59ab2c9336c41b86eb4f5a735694410a371072d41584509a	19d81593f76b4bac23ddf5ec417074f6e7fa58a54384224c20862dce8977bcab
2213	1091ba0eaf7c53a8da6ed08343a4ea3640a16d285b20da77904a4d5c3415cb25	d73986c7718358ade703f3074ab417b26c4c88fd9376d439c3295409e0eb138e	6ae70ee3c951a6b936e241cd80a3bbf8f84c5d124b9ab7b163fb675aeceb7ed9	b0bf62fc5d038313897dcc6bf0b360a7171a701affe54d840a6d41d4753e099a	ba6345bbce600c41ca435cb9762f4b03d99e323ec492738cb237262716fdb8af	137de800030298da432f81efbcb63127dcccb6b457158c820d041063c4ff9055
2214	896f3da69ff45645384190dd274ced25237066df36a8b63241a38112ad9fed49	5695cf1cc2bea257222c50b626432d98622bf65e73ab9b5ca597defddf9c572f	949b0b44750a75f56d25181f1ca7419a627d0c91eead5ede40366c42302f4663	548ca042daba477550bf17c432c9bc2d3b6a85977116a5bda8f1df5190b686d5	0f5b89006c163731593b6216d1fa8381bb596c96627f175854e4a3f77f0ea8c7	ce49d291816f07d9a22d9ad9c2b84716cfd6360df996f60ae2a82784f88c378d
2215	784623aad8994db4b76db48d7fc9c994468adaad0fe3f6eec78baba70d93389e	9ad9ed8498d06a57da72920dc991290130e1131ef1097c96d7d4ec07881039c7	669fd472a4c1ad47c779a4ffed455cce869b222d8dcd545cfc0bd0b005738962	08f4e5128adcceba961d5cfffaef7614e7a8192c2ba2295856053e1336fc4e08	8e8bca2a5d1c1a2996b4db4e6230c661bb91b05eb9877b0d4732566c2fc33140	e522929c4a32881f12b8ce1432b70b452064c344a0f1dd2d6a0946b0519d4b28
2216	96d22a3dd5c9cf60f4c1d05eb13bfb34669665e551558026d939572bc850454a	60894ce506974f7b6a59880c7c06583fac074155df3169ec33ad53615a5e552e	7296c711b20917821cfc2aeebb786ef0ed6a21e290686005727aa6e969dbac42	96d349e22e7c8852805fd71be868eac589fa08f77244096f9b682bdf7f241b9a	eb1aac2c2e4f4157fbcaa3a0c84d89cb22d3b1ea150ad62c14c16ffbee2fbba4	476eb1b0e2aafb5ab56a69a90b55e46a3a4ca563bb1d0e6edd7c4f3cedeb6e8e
2217	37c88b5752568c6a1241fb83055e272b2bf1bd55c5f181b70f33362dd6f03fd7	fd9f83e813aafde23cb73796576d18f72ba757944b3b8f4f8b424c7b68a0a1e7	a29c9009ee019f1a4904e71a81a5e974bf4a9182854c454a7438350ed547ada6	627ff1e85133ab3d66266db4b4118e89d0936ed07bd4468f7dda852e9783738a	f720e7cb0eecb0a38a825cfb9b60e83526e8b912207b87b6ae3234e8de4f2d16	71eaa9b368cab44959ce65454482cf949f75033f64e43a81ade1a15f320e2997
2218	e3aff9bcbb5e8efcabca4b355333b96f97f63c4eb0499abc15405907cc9a36d2	4c92aaeebd6974077e6044357c0b735f93c3f9f2bdf6abaa838a8752cdc6bf9d	32d8ff6644bfcce82f06c3e3f054cea0003fc4caf3546df91567b56613f93af5	c8bc9c1eb6d2defbc3051c2d73e45b38d99c8e827d40a2e0ebf7c55a52de2a7d	8f1ea3341d5831c623903fb78cacadc743ff61d134852b3550a47f254a10e80f	385ed3f7b20cc31b8fa80970d8e984c215e15b016a7ad61491e78c4e29f3a49c
2219	d84e498a7df6069e548968699ba34b7dd3366bc248519e047f8436dc4f9d15bd	0725e6abd78dc3e02cd1fa703a5a5fcf511b8a9991d06e13993a2704ef8eecda	181dc212232d6689396d204d5631b14678b7305a9473d780e00c22fe7a04d43f	dc91740941c79742352f53b10667352b12d8a9906a28ce6c2243f8cbca384bd3	928904aa9a56a575b6d9ad3c3226b23971bea47dc2f3109ff09230782f23a5bd	9f17e950059da64155eef7743342e06e5cc34f81d59c4b51334ada87e346321b
2220	0fc13624ba6c501b669315f2676366c2f5ec49c96a9ae42167dd129d96ad65b5	0bd91929752a6da06863bceba839bcf3861ee7e77db9c82984433da86a3f494b	9792c383ebe486ff9bdcb813a682b9ef7e66531487a1b3183608d4b87c1a1256	0c06c0d41efd49a58dcf3f64065b34cee99d9d3a9036b0e031e8ec1ba3109a10	9c9f9097d9961d6fff6b90ed61b3eafd300e8b74afe675023eb0617d53a285ea	d42918f2cc03836cf105bfb5e9cc9c3f86a5dc260edfab725ab3a81b6bb3515b
2221	54ee5d6d4bdd71077b4f908230766cb92bf9e34b739ecb3e86300a0c6cc916b4	649f6dc72fdc9e0f77ce5eda6c028656a17b10909a9d80129beca96f0772fbfa	f25655ad7de0c6eb07ceaa3d31bf2392592f64ae91eec22c272fe8c293bc75d8	842a662c4d18d7388f398c2f3b97eca589d243f1bacaf7b55c7b2805681b90c5	978eb237c468e690ef61bfc8a261ba90c668dff03f62715e2cf7eeeee7eae029	458b5b5b9f2178d36fc6a5c1ce6de3df03b892ec97614920f7f7f74ba53799e3
2222	c0a8c07b96c4459e198c90d827d418476347cb6d338926b8ddd35f1dd37774fc	66ed205c5c3b8f8932e60237c5130be363a443446a1c1e41aea4103f5e3a050a	59529cdcf6e309c218220902a23374848377fd1a1097fb743e03766a66bf1b3e	7006d05be04344d3ce1966e36b74ea96599e816c3fc797c8f9e1159fe2dd8818	b8a0975de505948389c6b170d7b262482e1dc8ca6d07e5c2a6008b75b5fe21b7	d48bd47d50728e4aa1fe190141447ed267a950664582033f910a05ab478c91cf
2223	2fc69bd6ee4ee02e0ca5ad62ebbffc9b02e6638b373e0064cdbf9944c37c8a05	fc16366554de18e09a0e48d5b6ce241714a7f14eeb4ec87943ee335393009707	62965cb3902c61d4be4b3b5c4efb109307815832f6e1a56d7c6f8cea7e5832dd	736ae191e4dfb42333711eb36c409decf00ee4af2920a0cdb796b696127c5d70	c4e4c4834393ceb1046333eb299d84f0d91478698e92d4a889face52fdc477c1	43d5229417eb6054fa9d15185a0970a36f6a97af852290f4b7f968a77208533e
2224	9c1e032e0e04fb1f117ac316f020fc91ff53e6afc723cda779ea96f3ade4fb62	0858534c6b37c493152ab3ddc4c7a1b7afab94927ba5fda518ad83336e98b30a	6d485f0b51ceed8c5821833a4c7ca8254bff7b632c6a25c559b500a9f8acdac9	8854b291d48d28e6cc2ce61a9d6a5f0ba03f7b9d823f59462afca627186e81d2	3103d4c6d5890929e221c3ea3921940d1e522943b97b4ccac66f358f730f5aa3	0a277a98f74ea37ac7cd4b07480133050d48c0c50112100d8455e629215fe831
2225	21cfb3a1502800d44ff11fa27ef1ce8800a957a97778df949c99e2b5e6e76c16	fad0f65ea24f0e54c7110539f3058eb05fb6dcdc367f4d9b55962e2a3c1bc8b8	0e65f234d019c26479b379240b5fb61452541c4a6c9517e168b6e30b71ed2a23	492393b8bd89bd78a85097adfa80dbf7fb9fce1e36ee87fdd7903765e3ef9267	d3ec223223d35f8caf85d2a6cb2585d9a3b45d89e6b4130c18de27c8cd5773c1	608f78f2367892f09b4feb695683b2f405dd24d7aa5ae48d655e16344396aa99
2226	987022d728c9758018de953b9ea52ac9a8f41f021f5899dd14f030c869863b33	6d4df8c5226eeb735c71a7329b9edcc2d3c39a5696c8c48c53394a94c6d55841	d2be09d9dcebd92f75991fdcf6e65019330c28fe36f9020855e4a6ee18a0ab25	00e8efa7576d89abdc0114008bcad5e0dadd2078509ec3afed8f54ced5f04aa6	b9a315ccf4786b9795d111efb84fc97b96d4e51cbc04b4b9e3acf51a3a8f96ab	bf47c08d76348f337d604a4fcb2cd74b24814c191ff2563557b473b158e152b1
2227	b89e30bbc5280a8bef4b9b40c5d6b174895023633bb696e2a57ff5736be1055c	6fe3070615175df2fb00dccd270b104c163c99d353b7973f12f15c1c68e90bcd	4eb265e06a9f0b15c3c754b4573f751e01d8c4e08ea3b0a89b7243bc687c4442	d91c81e8a01bccae2d19c579c50efe62c7d6742df572d35daa8a52c79b445a7f	365a82e66c8618b8516be8a0cc2c835606e5ffbcedd145f10b948d09d4865767	5caeebdc8cfa6257f541b4a4d111f3fa49b2705395fa12e0c46e3325951f83c8
2228	30d7f9cf469f487992ecc03723e6e60e7700542c4bcd94cb2151918b8fb2952e	c788aeeb5b7cb5a0e2a77774f6eedb83054e483c3218ada684191482a8528a15	38c9a573e31a81c3834f139217121158cc88cd6b5a5e7f03b79c9bf2f7290b7d	f27c5f7f0ab273181ef95978872077647aff8b8196722b1fb02c1ee883c30918	8b0c8e43bfc83f96cd8ff694bafcd0982e52c12aae406dbac564e9f042b7f35c	1fc0643ca6fad53814dfacceab967630729fa0c6cfce34d83b1893690a1e79fd
2229	834f925b409c6707776052ec4618d6ace3b5eab8adef5ff0550c90260541d3d3	b0cba9abb49d54ff0aa5407eee73c7bbd47eab23a8db2616b300627c0203d5fe	4460412e83eab67760e96b7e9933432988246355e0d89a86dd14c153a12c184e	d25e270179b9249159899afa264877872cd6cc6fd908faa237b2ce5fdc9ce547	217f2d3c950e1180eb9c515d351b91466b48740a0a916ab65628e02c727ee806	d2744d4938ee24c0e1400d6196486fd94dc760a3721aa8bee59c3101e48686ab
2230	f1642cd0340f56c1008bc12023b8b149ee8f88b226213aab720e41830142999a	9cc7790066ab83cdd93af7e08250cac7f15617a03e844a8658ec83e87c4f16bc	73f75f7e73722fffc68b2da05c76450fea3597b2e839ac41f6cee787288a5195	fa9264a2680ee077b9beff6637c61d80bc626d81e581f462604c4d77f964461a	287b79850b15fe76b7622852523ba1741303d0b9a0d006b64e1889d5ed1d1854	6b94c52c5974f6fd43d48f265d178824875cdc79ee194b85d7df1df0fe88f1d6
2231	4314f2ca102db294886ca6a58870e29412483243c5ebd131d4ceccb90263ae8c	4934f930d738adc46187e05fed89fcc04deea35a8f4fdb119aa202a16e6ff43c	8ed702633fcc311b4208819ba14f131c57d1fa9165473df8ec03776beb8215fa	8659a229041ceb5a3b28b496fd0e8fc72db88c89581bab1c7b7cbc372c8103f3	d701a55ec03719e5055ce4bcf8c377350c4739d9a3dda65277b5696a76365495	a3b09b308f370aa335cb85252666a13e8c22c11dee492ad3af533cd6b14d016e
2232	2e1304331a4f77da89551bc13ad2a995b2825de376db8644c72058bf2747ff27	0fb9d1781d41bdcaf115a890178be939e5adfee7655e327cd1c1ef895a252b37	17b0761f87b081d5cf10757ccc89f12be355c70e2e29df288b65b30710dcbcd1	632f8172c63b4e627426489d67c16a29121797995544f497179a0963faf4da0e	a511abc1b73fd2b2b151e45028e577626f558b9fd2f5c01164227b5cb1127f58	e2240b3b41c32e4e440d1419c683bda20a60b810b78eb143fd65199b78b0139b
